o data/uid/01015014/s/000010.obj
//1
usemtl mat0
v 27.581 0.085876 1.25822
v 27.5816 0.085876 1.60822
v 27.5844 0.091622 1.60822
vn -0.896473 0.443096 0.00156332
vn -0.896473 0.443096 0.00156332
vn -0.896473 0.443096 0.00156332
vt -16.2197 12.2487
vt -16.2185 11.5272
vt -16.2126 11.5272
f 1/1/1 2/2/2 3/3/3
v 27.5838 0.091622 1.25822
v 27.581 0.085876 1.25822
v 27.5844 0.091622 1.60822
vn -0.896473 0.443096 0.00156332
vn -0.896473 0.443096 0.00156332
vn -0.896473 0.443096 0.00156332
vt -16.2139 12.2487
vt -16.2197 12.2487
vt -16.2126 11.5272
f 4/4/4 5/5/5 6/6/6
v 27.5801 0.08 1.25822
v 27.5807 0.08 1.60822
v 27.5816 0.085876 1.60822
vn -0.988893 0.148621 0.0017245
vn -0.988893 0.148621 0.0017245
vn -0.988893 0.148621 0.0017245
vt -16.2216 12.2487
vt -16.2203 11.5272
vt -16.2185 11.5272
f 7/7/7 8/8/8 9/9/9
v 27.581 0.085876 1.25822
v 27.5801 0.08 1.25822
v 27.5816 0.085876 1.60822
vn -0.988893 0.148621 0.00172449
vn -0.988893 0.148621 0.00172449
vn -0.988893 0.148621 0.00172449
vt -16.2197 12.2487
vt -16.2216 12.2487
vt -16.2185 11.5272
f 10/10/10 11/11/11 12/12/12
v 27.677 0.091622 1.60805
v 27.6776 0.091622 1.95806
v 27.6804 0.085876 1.95805
vn 0.896473 0.443096 -0.00156332
vn 0.896473 0.443096 -0.00156332
vn 0.896473 0.443096 -0.00156332
vt -16.0218 11.5275
vt -16.0206 10.806
vt -16.0147 10.806
f 13/13/13 14/14/14 15/15/15
v 27.6798 0.085876 1.60805
v 27.677 0.091622 1.60805
v 27.6804 0.085876 1.95805
vn 0.896473 0.443096 -0.00156332
vn 0.896473 0.443096 -0.00156332
vn 0.896473 0.443096 -0.00156332
vt -16.016 11.5276
vt -16.0218 11.5275
vt -16.0147 10.806
f 16/16/16 17/17/17 18/18/18
v 27.6723 0.096277 1.60806
v 27.6729 0.096277 1.95806
v 27.6776 0.091622 1.95806
vn 0.707186 0.707026 -0.00123709
vn 0.707186 0.707026 -0.00123709
vn 0.707186 0.707026 -0.00123709
vt -16.0314 11.5275
vt -16.0302 10.806
vt -16.0206 10.806
f 19/19/19 20/20/20 21/21/21
v 27.677 0.091622 1.60805
v 27.6723 0.096277 1.60806
v 27.6776 0.091622 1.95806
vn 0.707041 0.707171 -0.00123298
vn 0.707041 0.707171 -0.00123298
vn 0.707041 0.707171 -0.00123298
vt -16.0218 11.5275
vt -16.0314 11.5275
vt -16.0206 10.806
f 22/22/22 23/23/23 24/24/24
v 27.5822 0.085876 1.95822
v 27.5828 0.085876 2.30822
v 27.5857 0.091622 2.30822
vn -0.896355 0.443335 0.00156312
vn -0.896355 0.443335 0.00156312
vn -0.896355 0.443335 0.00156312
vt -16.2172 10.8057
vt -16.216 10.0842
vt -16.2101 10.0842
f 25/25/25 26/26/26 27/27/27
v 27.585 0.091622 1.95822
v 27.5822 0.085876 1.95822
v 27.5857 0.091622 2.30822
vn -0.896473 0.443096 0.00156821
vn -0.896473 0.443096 0.00156821
vn -0.896473 0.443096 0.00156821
vt -16.2114 10.8057
vt -16.2172 10.8057
vt -16.2101 10.0842
f 28/28/28 29/29/29 30/30/30
v 27.5813 0.08 1.95822
v 27.5819 0.08 2.30822
v 27.5828 0.085876 2.30822
vn -0.98894 0.148307 0.00172997
vn -0.98894 0.148307 0.00172997
vn -0.98894 0.148307 0.00172997
vt -16.219 10.8057
vt -16.2178 10.0842
vt -16.216 10.0842
f 31/31/31 32/32/32 33/33/33
v 27.5822 0.085876 1.95822
v 27.5813 0.08 1.95822
v 27.5828 0.085876 2.30822
vn -0.988893 0.148621 0.00172449
vn -0.988893 0.148621 0.00172449
vn -0.988893 0.148621 0.00172449
vt -16.2172 10.8057
vt -16.219 10.8057
vt -16.216 10.0842
f 34/34/34 35/35/35 36/36/36
v 27.6782 0.091622 2.30805
v 27.6788 0.091622 2.65805
v 27.6817 0.085876 2.65805
vn 0.896355 0.443335 -0.00156312
vn 0.896355 0.443335 -0.00156312
vn 0.896355 0.443335 -0.00156312
vt -16.0193 10.0845
vt -16.0181 9.36301
vt -16.0122 9.36302
f 37/37/37 38/38/38 39/39/39
v 27.681 0.085876 2.30805
v 27.6782 0.091622 2.30805
v 27.6817 0.085876 2.65805
vn 0.896473 0.443096 -0.00156821
vn 0.896473 0.443096 -0.00156821
vn 0.896473 0.443096 -0.00156821
vt -16.0135 10.0845
vt -16.0193 10.0845
vt -16.0122 9.36302
f 40/40/40 41/41/41 42/42/42
v 27.6736 0.096277 2.30806
v 27.6742 0.096277 2.65806
v 27.6788 0.091622 2.65805
vn 0.707186 0.707026 -0.00123324
vn 0.707186 0.707026 -0.00123324
vn 0.707186 0.707026 -0.00123324
vt -16.0289 10.0845
vt -16.0277 9.36299
vt -16.0181 9.36301
f 43/43/43 44/44/44 45/45/45
v 27.6782 0.091622 2.30805
v 27.6736 0.096277 2.30806
v 27.6788 0.091622 2.65805
vn 0.707186 0.707026 -0.00123323
vn 0.707186 0.707026 -0.00123323
vn 0.707186 0.707026 -0.00123323
vt -16.0193 10.0845
vt -16.0289 10.0845
vt -16.0181 9.36301
f 46/46/46 47/47/47 48/48/48
v 27.6666 0.099117 1.60807
v 27.6672 0.099117 1.95807
v 27.6729 0.096277 1.95806
vn 0.443037 0.896503 -0.000772596
vn 0.443037 0.896503 -0.000772596
vn 0.443037 0.896503 -0.000772596
vt -16.0433 11.5275
vt -16.042 10.806
vt -16.0302 10.806
f 49/49/49 50/50/50 51/51/51
v 27.6723 0.096277 1.60806
v 27.6666 0.099117 1.60807
v 27.6729 0.096277 1.95806
vn 0.443155 0.896444 -0.000775217
vn 0.443155 0.896444 -0.000775217
vn 0.443155 0.896444 -0.000775217
vt -16.0314 11.5275
vt -16.0433 11.5275
vt -16.0302 10.806
f 52/52/52 53/53/53 54/54/54
v 27.6678 0.099117 2.30807
v 27.6684 0.099117 2.65807
v 27.6742 0.096277 2.65806
vn 0.443155 0.896444 -0.000775217
vn 0.443155 0.896444 -0.000775217
vn 0.443155 0.896444 -0.000775217
vt -16.0408 10.0845
vt -16.0395 9.36297
vt -16.0277 9.36299
f 55/55/55 56/56/56 57/57/57
v 27.6736 0.096277 2.30806
v 27.6678 0.099117 2.30807
v 27.6742 0.096277 2.65806
vn 0.443037 0.896503 -0.000772596
vn 0.443037 0.896503 -0.000772596
vn 0.443037 0.896503 -0.000772596
vt -16.0289 10.0845
vt -16.0408 10.0845
vt -16.0277 9.36299
f 58/58/58 59/59/59 60/60/60
v 27.6619 0.1 2.30808
v 27.6625 0.1 2.65808
v 27.6684 0.099117 2.65807
vn 0.14859 0.988899 -0.000259121
vn 0.14859 0.988899 -0.000259121
vn 0.14859 0.988899 -0.000259121
vt -16.0529 10.0845
vt -16.0516 9.36295
vt -16.0395 9.36297
f 61/61/61 62/62/62 63/63/63
v 27.6678 0.099117 2.30807
v 27.6619 0.1 2.30808
v 27.6684 0.099117 2.65807
vn 0.148637 0.988892 -0.000260012
vn 0.148637 0.988892 -0.000260012
vn 0.148637 0.988892 -0.000260012
vt -16.0408 10.0845
vt -16.0529 10.0845
vt -16.0395 9.36297
f 64/64/64 65/65/65 66/66/66
v 27.5903 0.096277 2.30821
v 27.5909 0.096277 2.65821
v 27.5967 0.099117 2.6582
vn -0.443037 0.896503 0.000772598
vn -0.443037 0.896503 0.000772598
vn -0.443037 0.896503 0.000772598
vt -16.2005 10.0842
vt -16.1993 9.36269
vt -16.1874 9.36271
f 67/67/67 68/68/68 69/69/69
v 27.5961 0.099117 2.3082
v 27.5903 0.096277 2.30821
v 27.5967 0.099117 2.6582
vn -0.443155 0.896444 0.000775219
vn -0.443155 0.896444 0.000775219
vn -0.443155 0.896444 0.000775219
vt -16.1887 10.0842
vt -16.2005 10.0842
vt -16.1874 9.36271
f 70/70/70 71/71/71 72/72/72
v 27.5857 0.091622 2.30822
v 27.5863 0.091622 2.65822
v 27.5909 0.096277 2.65821
vn -0.707186 0.707026 0.00123324
vn -0.707186 0.707026 0.00123324
vn -0.707186 0.707026 0.00123324
vt -16.2101 10.0842
vt -16.2089 9.36268
vt -16.1993 9.36269
f 73/73/73 74/74/74 75/75/75
v 27.5903 0.096277 2.30821
v 27.5857 0.091622 2.30822
v 27.5909 0.096277 2.65821
vn -0.707186 0.707026 0.00123324
vn -0.707186 0.707026 0.00123324
vn -0.707186 0.707026 0.00123324
vt -16.2005 10.0842
vt -16.2101 10.0842
vt -16.1993 9.36269
f 76/76/76 77/77/77 78/78/78
v 27.5828 0.085876 2.30822
v 27.5834 0.085876 2.65822
v 27.5863 0.091622 2.65822
vn -0.896473 0.443096 0.00156821
vn -0.896473 0.443096 0.00156821
vn -0.896473 0.443096 0.00156821
vt -16.216 10.0842
vt -16.2147 9.36267
vt -16.2089 9.36268
f 79/79/79 80/80/80 81/81/81
v 27.5857 0.091622 2.30822
v 27.5828 0.085876 2.30822
v 27.5863 0.091622 2.65822
vn -0.896355 0.443335 0.00156312
vn -0.896355 0.443335 0.00156312
vn -0.896355 0.443335 0.00156312
vt -16.2101 10.0842
vt -16.216 10.0842
vt -16.2089 9.36268
f 82/82/82 83/83/83 84/84/84
v 27.5819 0.08 2.30822
v 27.5825 0.08 2.65822
v 27.5834 0.085876 2.65822
vn -0.988893 0.148621 0.00172449
vn -0.988893 0.148621 0.00172449
vn -0.988893 0.148621 0.00172449
vt -16.2178 10.0842
vt -16.2165 9.36267
vt -16.2147 9.36267
f 85/85/85 86/86/86 87/87/87
v 27.5828 0.085876 2.30822
v 27.5819 0.08 2.30822
v 27.5834 0.085876 2.65822
vn -0.98894 0.148307 0.00172997
vn -0.98894 0.148307 0.00172997
vn -0.98894 0.148307 0.00172997
vt -16.216 10.0842
vt -16.2178 10.0842
vt -16.2147 9.36267
f 88/88/88 89/89/89 90/90/90
v 27.6788 0.091622 2.65805
v 27.6794 0.091622 3.00805
v 27.6823 0.085876 3.00805
vn 0.896473 0.443096 -0.00156821
vn 0.896473 0.443096 -0.00156821
vn 0.896473 0.443096 -0.00156821
vt -16.0181 9.36301
vt -16.0168 8.6415
vt -16.0109 8.64151
f 91/91/91 92/92/92 93/93/93
v 27.6817 0.085876 2.65805
v 27.6788 0.091622 2.65805
v 27.6823 0.085876 3.00805
vn 0.896355 0.443335 -0.00156312
vn 0.896355 0.443335 -0.00156312
vn 0.896355 0.443335 -0.00156312
vt -16.0122 9.36302
vt -16.0181 9.36301
vt -16.0109 8.64151
f 94/94/94 95/95/95 96/96/96
v 27.6742 0.096277 2.65806
v 27.6748 0.096277 3.00806
v 27.6794 0.091622 3.00805
vn 0.707041 0.707171 -0.00123299
vn 0.707041 0.707171 -0.00123299
vn 0.707041 0.707171 -0.00123299
vt -16.0277 9.36299
vt -16.0264 8.64148
vt -16.0168 8.6415
f 97/97/97 98/98/98 99/99/99
v 27.6788 0.091622 2.65805
v 27.6742 0.096277 2.65806
v 27.6794 0.091622 3.00805
vn 0.707186 0.707026 -0.00123709
vn 0.707186 0.707026 -0.00123709
vn 0.707186 0.707026 -0.00123709
vt -16.0181 9.36301
vt -16.0277 9.36299
vt -16.0168 8.6415
f 100/100/100 101/101/101 102/102/102
v 27.6684 0.099117 2.65807
v 27.669 0.099117 3.00807
v 27.6748 0.096277 3.00806
vn 0.443155 0.896444 -0.000772804
vn 0.443155 0.896444 -0.000772804
vn 0.443155 0.896444 -0.000772804
vt -16.0395 9.36297
vt -16.0382 8.64146
vt -16.0264 8.64148
f 103/103/103 104/104/104 105/105/105
v 27.6742 0.096277 2.65806
v 27.6684 0.099117 2.65807
v 27.6748 0.096277 3.00806
vn 0.443155 0.896444 -0.000772804
vn 0.443155 0.896444 -0.000772804
vn 0.443155 0.896444 -0.000772804
vt -16.0277 9.36299
vt -16.0395 9.36297
vt -16.0264 8.64148
f 106/106/106 107/107/107 108/108/108
v 27.6625 0.1 2.65808
v 27.6632 0.1 3.00808
v 27.669 0.099117 3.00807
vn 0.14859 0.988899 -0.000259121
vn 0.14859 0.988899 -0.000259121
vn 0.14859 0.988899 -0.000259121
vt -16.0516 9.36295
vt -16.0504 8.64144
vt -16.0382 8.64146
f 109/109/109 110/110/110 111/111/111
v 27.6684 0.099117 2.65807
v 27.6625 0.1 2.65808
v 27.669 0.099117 3.00807
vn 0.14859 0.988899 -0.000259121
vn 0.14859 0.988899 -0.000259121
vn 0.14859 0.988899 -0.000259121
vt -16.0395 9.36297
vt -16.0516 9.36295
vt -16.0382 8.64146
f 112/112/112 113/113/113 114/114/114
v 27.6607 0.1 1.60808
v 27.6613 0.1 1.95808
v 27.6672 0.099117 1.95807
vn 0.14859 0.988899 -0.000259121
vn 0.14859 0.988899 -0.000259121
vn 0.14859 0.988899 -0.000259121
vt -16.0554 11.5275
vt -16.0541 10.806
vt -16.042 10.806
f 115/115/115 116/116/116 117/117/117
v 27.6666 0.099117 1.60807
v 27.6607 0.1 1.60808
v 27.6672 0.099117 1.95807
vn 0.14859 0.988899 -0.00025912
vn 0.14859 0.988899 -0.00025912
vn 0.14859 0.988899 -0.00025912
vt -16.0433 11.5275
vt -16.0554 11.5275
vt -16.042 10.806
f 118/118/118 119/119/119 120/120/120
v 27.5891 0.096277 1.60821
v 27.5897 0.096277 1.95821
v 27.5954 0.099117 1.9582
vn -0.443155 0.896444 0.000775219
vn -0.443155 0.896444 0.000775219
vn -0.443155 0.896444 0.000775219
vt -16.203 11.5272
vt -16.2018 10.8057
vt -16.1899 10.8057
f 121/121/121 122/122/122 123/123/123
v 27.5948 0.099117 1.6082
v 27.5891 0.096277 1.60821
v 27.5954 0.099117 1.9582
vn -0.443037 0.896503 0.000772598
vn -0.443037 0.896503 0.000772598
vn -0.443037 0.896503 0.000772598
vt -16.1912 11.5272
vt -16.203 11.5272
vt -16.1899 10.8057
f 124/124/124 125/125/125 126/126/126
v 27.5844 0.091622 1.60822
v 27.585 0.091622 1.95822
v 27.5897 0.096277 1.95821
vn -0.707041 0.707171 0.00123299
vn -0.707041 0.707171 0.00123299
vn -0.707041 0.707171 0.00123299
vt -16.2126 11.5272
vt -16.2114 10.8057
vt -16.2018 10.8057
f 127/127/127 128/128/128 129/129/129
v 27.5891 0.096277 1.60821
v 27.5844 0.091622 1.60822
v 27.5897 0.096277 1.95821
vn -0.707186 0.707026 0.00123709
vn -0.707186 0.707026 0.00123709
vn -0.707186 0.707026 0.00123709
vt -16.203 11.5272
vt -16.2126 11.5272
vt -16.2018 10.8057
f 130/130/130 131/131/131 132/132/132
v 27.5816 0.085876 1.60822
v 27.5822 0.085876 1.95822
v 27.585 0.091622 1.95822
vn -0.896473 0.443096 0.00156333
vn -0.896473 0.443096 0.00156333
vn -0.896473 0.443096 0.00156333
vt -16.2185 11.5272
vt -16.2172 10.8057
vt -16.2114 10.8057
f 133/133/133 134/134/134 135/135/135
v 27.5844 0.091622 1.60822
v 27.5816 0.085876 1.60822
v 27.585 0.091622 1.95822
vn -0.896473 0.443096 0.00156333
vn -0.896473 0.443096 0.00156333
vn -0.896473 0.443096 0.00156333
vt -16.2126 11.5272
vt -16.2185 11.5272
vt -16.2114 10.8057
f 136/136/136 137/137/137 138/138/138
v 27.5807 0.08 1.60822
v 27.5813 0.08 1.95822
v 27.5822 0.085876 1.95822
vn -0.988893 0.148621 0.00172449
vn -0.988893 0.148621 0.00172449
vn -0.988893 0.148621 0.00172449
vt -16.2203 11.5272
vt -16.219 10.8057
vt -16.2172 10.8057
f 139/139/139 140/140/140 141/141/141
v 27.5816 0.085876 1.60822
v 27.5807 0.08 1.60822
v 27.5822 0.085876 1.95822
vn -0.988893 0.148621 0.0017245
vn -0.988893 0.148621 0.0017245
vn -0.988893 0.148621 0.0017245
vt -16.2185 11.5272
vt -16.2203 11.5272
vt -16.2172 10.8057
f 142/142/142 143/143/143 144/144/144
v 27.6776 0.091622 1.95806
v 27.6782 0.091622 2.30805
v 27.681 0.085876 2.30805
vn 0.896473 0.443096 -0.00156333
vn 0.896473 0.443096 -0.00156333
vn 0.896473 0.443096 -0.00156333
vt -16.0206 10.806
vt -16.0193 10.0845
vt -16.0135 10.0845
f 145/145/145 146/146/146 147/147/147
v 27.6804 0.085876 1.95805
v 27.6776 0.091622 1.95806
v 27.681 0.085876 2.30805
vn 0.896473 0.443096 -0.00156333
vn 0.896473 0.443096 -0.00156333
vn 0.896473 0.443096 -0.00156333
vt -16.0147 10.806
vt -16.0206 10.806
vt -16.0135 10.0845
f 148/148/148 149/149/149 150/150/150
v 27.6729 0.096277 1.95806
v 27.6736 0.096277 2.30806
v 27.6782 0.091622 2.30805
vn 0.707186 0.707026 -0.00123324
vn 0.707186 0.707026 -0.00123324
vn 0.707186 0.707026 -0.00123324
vt -16.0302 10.806
vt -16.0289 10.0845
vt -16.0193 10.0845
f 151/151/151 152/152/152 153/153/153
v 27.6776 0.091622 1.95806
v 27.6729 0.096277 1.95806
v 27.6782 0.091622 2.30805
vn 0.707186 0.707026 -0.00123324
vn 0.707186 0.707026 -0.00123324
vn 0.707186 0.707026 -0.00123324
vt -16.0206 10.806
vt -16.0302 10.806
vt -16.0193 10.0845
f 154/154/154 155/155/155 156/156/156
v 27.6672 0.099117 1.95807
v 27.6678 0.099117 2.30807
v 27.6736 0.096277 2.30806
vn 0.443037 0.896503 -0.000772598
vn 0.443037 0.896503 -0.000772598
vn 0.443037 0.896503 -0.000772598
vt -16.042 10.806
vt -16.0408 10.0845
vt -16.0289 10.0845
f 157/157/157 158/158/158 159/159/159
v 27.6729 0.096277 1.95806
v 27.6672 0.099117 1.95807
v 27.6736 0.096277 2.30806
vn 0.443037 0.896503 -0.000772598
vn 0.443037 0.896503 -0.000772598
vn 0.443037 0.896503 -0.000772598
vt -16.0302 10.806
vt -16.042 10.806
vt -16.0289 10.0845
f 160/160/160 161/161/161 162/162/162
v 27.6613 0.1 1.95808
v 27.6619 0.1 2.30808
v 27.6678 0.099117 2.30807
vn 0.148637 0.988892 -0.000260012
vn 0.148637 0.988892 -0.000260012
vn 0.148637 0.988892 -0.000260012
vt -16.0541 10.806
vt -16.0529 10.0845
vt -16.0408 10.0845
f 163/163/163 164/164/164 165/165/165
v 27.6672 0.099117 1.95807
v 27.6613 0.1 1.95808
v 27.6678 0.099117 2.30807
vn 0.14859 0.988899 -0.000259121
vn 0.14859 0.988899 -0.000259121
vn 0.14859 0.988899 -0.000259121
vt -16.042 10.806
vt -16.0541 10.806
vt -16.0408 10.0845
f 166/166/166 167/167/167 168/168/168
v 27.5897 0.096277 1.95821
v 27.5903 0.096277 2.30821
v 27.5961 0.099117 2.3082
vn -0.443155 0.896444 0.000772802
vn -0.443155 0.896444 0.000772802
vn -0.443155 0.896444 0.000772802
vt -16.2018 10.8057
vt -16.2005 10.0842
vt -16.1887 10.0842
f 169/169/169 170/170/170 171/171/171
v 27.5954 0.099117 1.9582
v 27.5897 0.096277 1.95821
v 27.5961 0.099117 2.3082
vn -0.443155 0.896444 0.000772802
vn -0.443155 0.896444 0.000772802
vn -0.443155 0.896444 0.000772802
vt -16.1899 10.8057
vt -16.2018 10.8057
vt -16.1887 10.0842
f 172/172/172 173/173/173 174/174/174
v 27.585 0.091622 1.95822
v 27.5857 0.091622 2.30822
v 27.5903 0.096277 2.30821
vn -0.707186 0.707026 0.00123709
vn -0.707186 0.707026 0.00123709
vn -0.707186 0.707026 0.00123709
vt -16.2114 10.8057
vt -16.2101 10.0842
vt -16.2005 10.0842
f 175/175/175 176/176/176 177/177/177
v 27.5897 0.096277 1.95821
v 27.585 0.091622 1.95822
v 27.5903 0.096277 2.30821
vn -0.707041 0.707171 0.00123298
vn -0.707041 0.707171 0.00123298
vn -0.707041 0.707171 0.00123298
vt -16.2018 10.8057
vt -16.2114 10.8057
vt -16.2005 10.0842
f 178/178/178 179/179/179 180/180/180
v 27.5832 0.08 3.00822
v 27.5825 0.08 2.65822
v 27.5825 0 2.65822
vn -0.999998 0 0.00174386
vn -0.999998 0 0.00174386
vn -0.999998 0 0.00174386
vt -24.162 0.66412
vt -24.8836 0.66412
vt -24.8836 0.499207
f 181/181/181 182/182/182 183/183/183
v 27.5832 0 3.00822
v 27.5832 0.08 3.00822
v 27.5825 0 2.65822
vn -0.999998 0 0.00174386
vn -0.999998 0 0.00174386
vn -0.999998 0 0.00174386
vt -24.162 0.499207
vt -24.162 0.66412
vt -24.8836 0.499207
f 184/184/184 185/185/185 186/186/186
v 27.6638 0.1 3.3555
v 27.6632 0.1 3.00808
v 27.6032 0.1 3.00819
vn -0 1 0
vn -0 1 0
vn -0 1 0
vt -16.0491 7.92524
vt -16.0504 8.64144
vt -16.174 8.64122
f 187/187/187 188/188/188 189/189/189
v 27.6038 0.1 3.35754
v 27.6638 0.1 3.3555
v 27.6032 0.1 3.00819
vn 0 1 -0
vn 0 1 -0
vn 0 1 -0
vt -16.1728 7.92104
vt -16.0491 7.92524
vt -16.174 8.64122
f 190/190/190 191/191/191 192/192/192
v 27.6632 0.1 3.00808
v 27.6625 0.1 2.65808
v 27.6025 0.1 2.65819
vn -0 1 0
vn -0 1 0
vn -0 1 0
vt -16.0504 8.64144
vt -16.0516 9.36295
vt -16.1753 9.36274
f 193/193/193 194/194/194 195/195/195
v 27.6032 0.1 3.00819
v 27.6632 0.1 3.00808
v 27.6025 0.1 2.65819
vn 0 1 -0
vn 0 1 -0
vn 0 1 -0
vt -16.174 8.64122
vt -16.0504 8.64144
vt -16.1753 9.36274
f 196/196/196 197/197/197 198/198/198
v 33.5091 0.1 3.26788
v 33.2652 0.1 6.76831
v 33.3212 0.1 6.82821
vn 0 1 0
vn 0 1 0
vn 0 1 0
vt -3.9991 8.10588
vt -4.50195 0.889872
vt -4.38657 0.766388
f 199/199/199 200/200/200 201/201/201
v 33.5651 0.1 3.32778
v 33.5091 0.1 3.26788
v 33.3212 0.1 6.82821
vn -0 1 0
vn -0 1 0
vn -0 1 0
vt -3.88372 7.9824
vt -3.9991 8.10588
vt -4.38657 0.766388
f 202/202/202 203/203/203 204/204/204
v 47.2591 0.08 1.54149
v 47.1878 0.08 1.88415
v 47.1878 0 1.88415
vn 0.979016 -0 0.203781
vn 0.979016 -0 0.203781
vn 0.979016 -0 0.203781
vt 36.0231 0.66412
vt 35.3167 0.66412
vt 35.3167 0.499207
f 205/205/205 206/206/206 207/207/207
v 47.2591 0 1.54149
v 47.2591 0.08 1.54149
v 47.1878 0 1.88415
vn 0.979016 0 0.203781
vn 0.979016 0 0.203781
vn 0.979016 0 0.203781
vt 36.0231 0.499207
vt 36.0231 0.66412
vt 35.3167 0.499207
f 208/208/208 209/209/209 210/210/210
v 47.5444 0.032039 0.170868
v 47.4731 0.08 0.513524
v 47.4731 0 0.513524
vn 0.979016 -0 0.203781
vn 0.979016 -0 0.203781
vn 0.979016 -0 0.203781
vt 38.8486 0.565255
vt 38.1422 0.66412
vt 38.1422 0.499207
f 211/211/211 212/212/212 213/213/213
v 47.5444 0 0.170868
v 47.5444 0.032039 0.170868
v 47.4731 0 0.513524
vn 0.979016 0 0.203781
vn 0.979016 0 0.203781
vn 0.979016 0 0.203781
vt 38.8486 0.499207
vt 38.8486 0.565255
vt 38.1422 0.499207
f 214/214/214 215/215/215 216/216/216
v 47.529 0.012947 -0.147351
v 47.4661 0.052039 0.154566
v 47.5249 0.052039 0.166793
vn 0.0256263 0.992061 -0.123117
vn 0.0256263 0.992061 -0.123117
vn 0.0256263 0.992061 -0.123117
vt 24.9022 15.1462
vt 24.7727 14.5239
vt 24.8938 14.4986
f 217/217/217 218/218/218 219/219/219
v 47.5877 0.012947 -0.135064
v 47.529 0.012947 -0.147351
v 47.5249 0.052039 0.166793
vn 0.0257583 0.992058 -0.123115
vn 0.0257583 0.992058 -0.123115
vn 0.0257583 0.992058 -0.123115
vt 25.0233 15.1209
vt 24.9022 15.1462
vt 24.8938 14.4986
f 220/220/220 221/221/221 222/222/222
v 47.1095 0.1 1.86784
v 47.0382 0.1 2.2105
v 47.0969 0.1 2.22273
vn 0 1 0
vn 0 1 0
vn 0 1 0
vt 24.0375 10.992
vt 23.8905 10.2856
vt 24.0116 10.2604
f 223/223/223 224/224/224 225/225/225
v 47.1682 0.1 1.88007
v 47.1095 0.1 1.86784
v 47.0969 0.1 2.22273
vn -0 1 0
vn -0 1 0
vn -0 1 0
vt 24.1586 10.9668
vt 24.0375 10.992
vt 24.0116 10.2604
f 226/226/226 227/227/227 228/228/228
v 45.5836 0.08 3.2268
v 46.825 0.08 3.13649
v 46.825 0 3.13649
vn -0.0725597 0 -0.997364
vn -0.0725597 0 -0.997364
vn -0.0725597 0 -0.997364
vt 43.6848 0.66412
vt 41.1256 0.66412
vt 41.1256 0.499207
f 229/229/229 230/230/230 231/231/231
v 45.5836 0 3.2268
v 45.5836 0.08 3.2268
v 46.825 0 3.13649
vn -0.0725597 -0 -0.997364
vn -0.0725597 -0 -0.997364
vn -0.0725597 -0 -0.997364
vt 43.6848 0.499207
vt 43.6848 0.66412
vt 41.1256 0.499207
f 232/232/232 233/233/233 234/234/234
v 27.5807 0.08 1.60822
v 27.5801 0.08 1.25822
v 27.5801 0 1.25822
vn -0.999998 0 0.00174386
vn -0.999998 0 0.00174386
vn -0.999998 0 0.00174386
vt -27.0481 0.66412
vt -27.7696 0.66412
vt -27.7696 0.499207
f 235/235/235 236/236/236 237/237/237
v 27.5807 0 1.60822
v 27.5807 0.08 1.60822
v 27.5801 0 1.25822
vn -0.999998 0 0.00174386
vn -0.999998 0 0.00174386
vn -0.999998 0 0.00174386
vt -27.0481 0.499207
vt -27.0481 0.66412
vt -27.7696 0.499207
f 238/238/238 239/239/239 240/240/240
v 27.6613 0.1 1.95808
v 27.6607 0.1 1.60808
v 27.6007 0.1 1.60819
vn -0 1 0
vn -0 1 0
vn -0 1 0
vt -16.0541 10.806
vt -16.0554 11.5275
vt -16.1791 11.5273
f 241/241/241 242/242/242 243/243/243
v 27.6013 0.1 1.95819
v 27.6613 0.1 1.95808
v 27.6007 0.1 1.60819
vn 0 1 -0
vn 0 1 -0
vn 0 1 -0
vt -16.1778 10.8058
vt -16.0541 10.806
vt -16.1791 11.5273
f 244/244/244 245/245/245 246/246/246
v 27.6607 0.1 1.60808
v 27.6601 0.1 1.25808
v 27.6001 0.1 1.25819
vn -0 1 0
vn -0 1 0
vn -0 1 0
vt -16.0554 11.5275
vt -16.0566 12.249
vt -16.1803 12.2488
f 247/247/247 248/248/248 249/249/249
v 27.6007 0.1 1.60819
v 27.6607 0.1 1.60808
v 27.6001 0.1 1.25819
vn 0 1 -0
vn 0 1 -0
vn 0 1 -0
vt -16.1791 11.5273
vt -16.0554 11.5275
vt -16.1803 12.2488
f 250/250/250 251/251/251 252/252/252
v 33.4905 0.08 3.24791
v 35.5836 0.08 3.24426
v 35.5836 0 3.24426
vn -0.00174527 0 -0.999998
vn -0.00174527 0 -0.999998
vn -0.00174527 0 -0.999998
vt 68.6142 0.66412
vt 64.2994 0.66412
vt 64.2994 0.499207
f 253/253/253 254/254/254 255/255/255
v 33.4905 0 3.24791
v 33.4905 0.08 3.24791
v 35.5836 0 3.24426
vn -0.00174527 -0 -0.999998
vn -0.00174527 -0 -0.999998
vn -0.00174527 -0 -0.999998
vt 68.6142 0.499207
vt 68.6142 0.66412
vt 64.2994 0.499207
f 256/256/256 257/257/257 258/258/258
v 33.2465 0.08 6.74834
v 33.4905 0.08 3.24791
v 33.4905 0 3.24791
vn -0.997581 0 -0.0695173
vn -0.997581 0 -0.0695173
vn -0.997581 0 -0.0695173
vt -16.4519 0.66412
vt -23.6679 0.66412
vt -23.6679 0.499207
f 259/259/259 260/260/260 261/261/261
v 33.2465 0 6.74834
v 33.2465 0.08 6.74834
v 33.4905 0 3.24791
vn -0.997581 -0 -0.0695173
vn -0.997581 -0 -0.0695173
vn -0.997581 -0 -0.0695173
vt -16.4519 0.499207
vt -16.4519 0.66412
vt -23.6679 0.499207
f 262/262/262 263/263/263 264/264/264
v 31.5897 0.1 6.77123
v 29.5897 0.1 6.77472
v 29.5898 0.1 6.83472
vn 0 1 0
vn 0 1 0
vn 0 1 0
vt -7.95587 0.883845
vt -12.0788 0.876649
vt -12.0786 0.752966
f 265/265/265 266/266/266 267/267/267
v 31.5898 0.1 6.83123
v 31.5897 0.1 6.77123
v 29.5898 0.1 6.83472
vn -0 1 0
vn -0 1 0
vn -0 1 0
vt -7.95565 0.760162
vt -7.95587 0.883845
vt -12.0786 0.752966
f 268/268/268 269/269/269 270/270/270
v 35.5836 0.1 3.26426
v 33.5091 0.1 3.26788
v 33.5651 0.1 3.32778
vn 0 1 0
vn 0 1 0
vn 0 1 0
vt 0.277372 8.11334
vt -3.9991 8.10588
vt -3.88372 7.9824
f 271/271/271 272/272/272 273/273/273
v 35.5837 0.1 3.32426
v 35.5836 0.1 3.26426
v 33.5651 0.1 3.32778
vn -0 1 0
vn -0 1 0
vn -0 1 0
vt 0.277588 7.98966
vt 0.277372 8.11334
vt -3.88372 7.9824
f 274/274/274 275/275/275 276/276/276
v 35.5836 0.08 3.24426
v 37.5836 0.08 3.24077
v 37.5836 0 3.24077
vn -0.00174499 0 -0.999998
vn -0.00174499 0 -0.999998
vn -0.00174499 0 -0.999998
vt 64.2994 0.66412
vt 60.1765 0.66412
vt 60.1765 0.499207
f 277/277/277 278/278/278 279/279/279
v 35.5836 0 3.24426
v 35.5836 0.08 3.24426
v 37.5836 0 3.24077
vn -0.00174499 -0 -0.999998
vn -0.00174499 -0 -0.999998
vn -0.00174499 -0 -0.999998
vt 64.2994 0.499207
vt 64.2994 0.66412
vt 60.1765 0.499207
f 280/280/280 281/281/281 282/282/282
v 39.5836 0.1 3.25728
v 37.5836 0.1 3.26077
v 37.5837 0.1 3.32077
vn 0 1 0
vn 0 1 0
vn 0 1 0
vt 8.52321 8.12773
vt 4.40029 8.12054
vt 4.40051 7.99685
f 283/283/283 284/284/284 285/285/285
v 39.5837 0.1 3.31728
v 39.5836 0.1 3.25728
v 37.5837 0.1 3.32077
vn -0 1 0
vn -0 1 0
vn -0 1 0
vt 8.52342 8.00404
vt 8.52321 8.12773
vt 4.40051 7.99685
f 286/286/286 287/287/287 288/288/288
v 37.5836 0.08 3.24077
v 39.5836 0.08 3.23728
v 39.5836 0 3.23728
vn -0.00174546 0 -0.999998
vn -0.00174546 0 -0.999998
vn -0.00174546 0 -0.999998
vt 60.1765 0.66412
vt 56.0535 0.66412
vt 56.0535 0.499207
f 289/289/289 290/290/290 291/291/291
v 37.5836 0 3.24077
v 37.5836 0.08 3.24077
v 39.5836 0 3.23728
vn -0.00174546 -0 -0.999998
vn -0.00174546 -0 -0.999998
vn -0.00174546 -0 -0.999998
vt 60.1765 0.499207
vt 60.1765 0.66412
vt 56.0535 0.499207
f 292/292/292 293/293/293 294/294/294
v 46.8955 0.1 2.89581
v 46.8405 0.1 3.16015
v 46.887 0.1 3.23111
vn 0 1 0
vn 0 1 0
vn 0 1 0
vt 23.5964 8.87288
vt 23.483 8.32797
vt 23.5789 8.18167
f 295/295/295 296/296/296 297/297/297
v 46.9543 0.1 2.90804
v 46.8955 0.1 2.89581
v 46.887 0.1 3.23111
vn -0 1 0
vn -0 1 0
vn -0 1 0
vt 23.7175 8.84768
vt 23.5964 8.87288
vt 23.5789 8.18167
f 298/298/298 299/299/299 300/300/300
v 39.5836 0.08 3.23728
v 41.5836 0.08 3.23379
v 41.5836 0 3.23379
vn -0.00174546 0 -0.999998
vn -0.00174546 0 -0.999998
vn -0.00174546 0 -0.999998
vt 56.0535 0.66412
vt 51.9306 0.66412
vt 51.9306 0.499207
f 301/301/301 302/302/302 303/303/303
v 39.5836 0 3.23728
v 39.5836 0.08 3.23728
v 41.5836 0 3.23379
vn -0.00174546 -0 -0.999998
vn -0.00174546 -0 -0.999998
vn -0.00174546 -0 -0.999998
vt 56.0535 0.499207
vt 56.0535 0.66412
vt 51.9306 0.499207
f 304/304/304 305/305/305 306/306/306
v 43.5836 0.1 3.25029
v 41.5836 0.1 3.25379
v 41.5837 0.1 3.31379
vn 0 1 0
vn 0 1 0
vn 0 1 0
vt 16.769 8.14213
vt 12.6461 8.13493
vt 12.6463 8.01124
f 307/307/307 308/308/308 309/309/309
v 43.5837 0.1 3.3103
v 43.5836 0.1 3.25029
v 41.5837 0.1 3.31379
vn -0 1 0
vn -0 1 0
vn -0 1 0
vt 16.7693 8.01844
vt 16.769 8.14213
vt 12.6463 8.01124
f 310/310/310 311/311/311 312/312/312
v 43.5836 0.08 3.23029
v 45.5836 0.08 3.2268
v 45.5836 0 3.2268
vn -0.00174499 0 -0.999998
vn -0.00174499 0 -0.999998
vn -0.00174499 0 -0.999998
vt 47.8077 0.66412
vt 43.6848 0.66412
vt 43.6848 0.499207
f 313/313/313 314/314/314 315/315/315
v 43.5836 0 3.23029
v 43.5836 0.08 3.23029
v 45.5836 0 3.2268
vn -0.00174499 -0 -0.999998
vn -0.00174499 -0 -0.999998
vn -0.00174499 -0 -0.999998
vt 47.8077 0.499207
vt 47.8077 0.66412
vt 43.6848 0.499207
f 316/316/316 317/317/317 318/318/318
v 37.5836 0.1 3.26077
v 35.5836 0.1 3.26426
v 35.5837 0.1 3.32426
vn 0 1 0
vn 0 1 0
vn 0 1 0
vt 4.40029 8.12054
vt 0.277372 8.11334
vt 0.277588 7.98966
f 319/319/319 320/320/320 321/321/321
v 37.5837 0.1 3.32077
v 37.5836 0.1 3.26077
v 35.5837 0.1 3.32426
vn -0 1 0
vn -0 1 0
vn -0 1 0
vt 4.40051 7.99685
vt 4.40029 8.12054
vt 0.277588 7.98966
f 322/322/322 323/323/323 324/324/324
v 47.0186 0.08 2.20642
v 47.0899 0.08 1.86377
v 47.0899 0 1.86377
vn -0.979016 0 -0.203781
vn -0.979016 0 -0.203781
vn -0.979016 0 -0.203781
vt -25.8149 0.66412
vt -26.5213 0.66412
vt -26.5213 0.499207
f 325/325/325 326/326/326 327/327/327
v 47.0186 0 2.20642
v 47.0186 0.08 2.20642
v 47.0899 0 1.86377
vn -0.979016 -0 -0.203781
vn -0.979016 -0 -0.203781
vn -0.979016 -0 -0.203781
vt -25.8149 0.499207
vt -25.8149 0.66412
vt -26.5213 0.499207
f 328/328/328 329/329/329 330/330/330
v 46.8405 0.1 3.16015
v 45.5836 0.1 3.2468
v 45.5837 0.1 3.3068
vn 0 1 0
vn 0 1 0
vn 0 1 0
vt 23.483 8.32797
vt 20.892 8.14932
vt 20.8922 8.02563
f 331/331/331 332/332/332 333/333/333
v 46.887 0.1 3.23111
v 46.8405 0.1 3.16015
v 45.5837 0.1 3.3068
vn -0 1 0
vn -0 1 0
vn -0 1 0
vt 23.5789 8.18167
vt 23.483 8.32797
vt 20.8922 8.02563
f 334/334/334 335/335/335 336/336/336
v 46.9738 0.08 2.91211
v 46.9025 0.08 3.25477
v 46.9025 0 3.25477
vn 0.979016 -0 0.203781
vn 0.979016 -0 0.203781
vn 0.979016 -0 0.203781
vt 33.1976 0.66412
vt 32.4912 0.66412
vt 32.4912 0.499207
f 337/337/337 338/338/338 339/339/339
v 46.9738 0 2.91211
v 46.9738 0.08 2.91211
v 46.9025 0 3.25477
vn 0.979016 0 0.203781
vn 0.979016 0 0.203781
vn 0.979016 0 0.203781
vt 33.1976 0.499207
vt 33.1976 0.66412
vt 32.4912 0.499207
f 340/340/340 341/341/341 342/342/342
v 47.1808 0.1 1.52519
v 47.1095 0.1 1.86784
v 47.1682 0.1 1.88007
vn 0 1 0
vn 0 1 0
vn 0 1 0
vt 24.1846 11.6984
vt 24.0375 10.992
vt 24.1586 10.9668
f 343/343/343 344/344/344 345/345/345
v 47.2396 0.1 1.53742
v 47.1808 0.1 1.52519
v 47.1682 0.1 1.88007
vn -0 1 0
vn -0 1 0
vn -0 1 0
vt 24.3057 11.6732
vt 24.1846 11.6984
vt 24.1586 10.9668
f 346/346/346 347/347/347 348/348/348
v 41.5836 0.08 3.23379
v 43.5836 0.08 3.23029
v 43.5836 0 3.23029
vn -0.00174558 0 -0.999999
vn -0.00174558 0 -0.999999
vn -0.00174558 0 -0.999999
vt 51.9306 0.66412
vt 47.8077 0.66412
vt 47.8077 0.499207
f 349/349/349 350/350/350 351/351/351
v 41.5836 0 3.23379
v 41.5836 0.08 3.23379
v 43.5836 0 3.23029
vn -0.00174558 -0 -0.999999
vn -0.00174558 -0 -0.999999
vn -0.00174558 -0 -0.999999
vt 51.9306 0.499207
vt 51.9306 0.66412
vt 47.8077 0.499207
f 352/352/352 353/353/353 354/354/354
v 46.9668 0.1 2.55315
v 46.8955 0.1 2.89581
v 46.9543 0.1 2.90804
vn 0 1 0
vn 0 1 0
vn 0 1 0
vt 23.7435 9.57925
vt 23.5964 8.87288
vt 23.7175 8.84768
f 355/355/355 356/356/356 357/357/357
v 47.0256 0.1 2.56538
v 46.9668 0.1 2.55315
v 46.9543 0.1 2.90804
vn -0 1 0
vn -0 1 0
vn -0 1 0
vt 23.8646 9.55405
vt 23.7435 9.57925
vt 23.7175 8.84768
f 358/358/358 359/359/359 360/360/360
v 27.6819 0.08 2.30805
v 27.6825 0.08 2.65805
v 27.6825 0 2.65805
vn 0.999998 0 -0.00174931
vn 0.999998 0 -0.00174931
vn 0.999998 0 -0.00174931
vt 34.4428 0.66412
vt 33.7213 0.66412
vt 33.7213 0.499207
f 361/361/361 362/362/362 363/363/363
v 27.6819 0 2.30805
v 27.6819 0.08 2.30805
v 27.6825 0 2.65805
vn 0.999998 0 -0.00174931
vn 0.999998 0 -0.00174931
vn 0.999998 0 -0.00174931
vt 34.4428 0.499207
vt 34.4428 0.66412
vt 33.7213 0.499207
f 364/364/364 365/365/365 366/366/366
v 33.3398 0.08 6.84818
v 31.5899 0.08 6.85123
v 31.5899 0 6.85123
vn 0.00174526 -0 0.999998
vn 0.00174526 -0 0.999998
vn 0.00174526 -0 0.999998
vt -4.34811 0.66412
vt -7.95558 0.66412
vt -7.95558 0.499207
f 367/367/367 368/368/368 369/369/369
v 33.3398 0 6.84818
v 33.3398 0.08 6.84818
v 31.5899 0 6.85123
vn 0.00174526 0 0.999998
vn 0.00174526 0 0.999998
vn 0.00174526 0 0.999998
vt -4.34811 0.499207
vt -4.34811 0.66412
vt -7.95558 0.499207
f 370/370/370 371/371/371 372/372/372
v 47.0452 0.08 2.56946
v 46.9738 0.08 2.91211
v 46.9738 0 2.91211
vn 0.979016 -0 0.203781
vn 0.979016 -0 0.203781
vn 0.979016 -0 0.203781
vt 33.904 0.66412
vt 33.1976 0.66412
vt 33.1976 0.499207
f 373/373/373 374/374/374 375/375/375
v 47.0452 0 2.56946
v 47.0452 0.08 2.56946
v 46.9738 0 2.91211
vn 0.979016 0 0.203781
vn 0.979016 0 0.203781
vn 0.979016 0 0.203781
vt 33.904 0.499207
vt 33.904 0.66412
vt 33.1976 0.499207
f 376/376/376 377/377/377 378/378/378
v 47.2521 0.1 1.18253
v 47.1808 0.1 1.52519
v 47.2396 0.1 1.53742
vn 0 1 0
vn 0 1 0
vn 0 1 0
vt 24.3316 12.4047
vt 24.1846 11.6984
vt 24.3057 11.6732
f 379/379/379 380/380/380 381/381/381
v 47.3109 0.1 1.19476
v 47.2521 0.1 1.18253
v 47.2396 0.1 1.53742
vn -0 1 0
vn -0 1 0
vn -0 1 0
vt 24.4527 12.3795
vt 24.3316 12.4047
vt 24.3057 11.6732
f 382/382/382 383/383/383 384/384/384
v 27.5801 0.08 1.25822
v 27.5795 0.062097 0.908224
v 27.5795 0 0.908224
vn -0.999999 0 0.00174386
vn -0.999999 0 0.00174386
vn -0.999999 0 0.00174386
vt -27.7696 0.66412
vt -28.4911 0.627216
vt -28.4911 0.499207
f 385/385/385 386/386/386 387/387/387
v 27.5801 0 1.25822
v 27.5801 0.08 1.25822
v 27.5795 0 0.908224
vn -0.999999 0 0.00174386
vn -0.999999 0 0.00174386
vn -0.999999 0 0.00174386
vt -27.7696 0.499207
vt -27.7696 0.66412
vt -28.4911 0.499207
f 388/388/388 389/389/389 390/390/390
v 27.6838 0.08 3.35482
v 27.9093 0.08 6.75766
v 27.9093 0 6.75766
vn 0.99781 0 -0.0661505
vn 0.99781 0 -0.0661505
vn 0.99781 0 -0.0661505
vt 32.285 0.66412
vt 25.2701 0.66412
vt 25.2701 0.499207
f 391/391/391 392/392/392 393/393/393
v 27.6838 0 3.35482
v 27.6838 0.08 3.35482
v 27.9093 0 6.75766
vn 0.99781 0 -0.0661505
vn 0.99781 0 -0.0661505
vn 0.99781 0 -0.0661505
vt 32.285 0.499207
vt 32.285 0.66412
vt 25.2701 0.499207
f 394/394/394 395/395/395 396/396/396
v 27.5789 0.040676 0.558225
v 27.5783 0.018184 0.208225
v 27.5783 0 0.208225
vn -0.999999 0 0.00174386
vn -0.999999 0 0.00174386
vn -0.999999 0 0.00174386
vt -29.2126 0.583062
vt -29.9341 0.536696
vt -29.9341 0.499207
f 397/397/397 398/398/398 399/399/399
v 27.5789 0 0.558225
v 27.5789 0.040676 0.558225
v 27.5783 0 0.208225
vn -0.999998 0 0.00174386
vn -0.999998 0 0.00174386
vn -0.999998 0 0.00174386
vt -29.2126 0.499207
vt -29.2126 0.583062
vt -29.9341 0.499207
f 400/400/400 401/401/401 402/402/402
v 47.0382 0.1 2.2105
v 46.9668 0.1 2.55315
v 47.0256 0.1 2.56538
vn 0 1 0
vn 0 1 0
vn 0 1 0
vt 23.8905 10.2856
vt 23.7435 9.57925
vt 23.8646 9.55405
f 403/403/403 404/404/404 405/405/405
v 47.0969 0.1 2.22273
v 47.0382 0.1 2.2105
v 47.0256 0.1 2.56538
vn -0 1 0
vn -0 1 0
vn -0 1 0
vt 24.0116 10.2604
vt 23.8905 10.2856
vt 23.8646 9.55405
f 406/406/406 407/407/407 408/408/408
v 27.5795 0.062097 0.908224
v 27.5789 0.040676 0.558225
v 27.5789 0 0.558225
vn -0.999998 0 0.00174931
vn -0.999998 0 0.00174931
vn -0.999998 0 0.00174931
vt -28.4911 0.627216
vt -29.2126 0.583062
vt -29.2126 0.499207
f 409/409/409 410/410/410 411/411/411
v 27.5795 0 0.908224
v 27.5795 0.062097 0.908224
v 27.5789 0 0.558225
vn -0.999998 0 0.00174931
vn -0.999998 0 0.00174931
vn -0.999998 0 0.00174931
vt -28.4911 0.499207
vt -28.4911 0.627216
vt -29.2126 0.499207
f 412/412/412 413/413/413 414/414/414
v 27.6595 0.082097 0.908085
v 27.6589 0.060676 0.558085
v 27.5989 0.060676 0.55819
vn -0.000106869 0.998132 -0.0610884
vn -0.000106869 0.998132 -0.0610884
vn -0.000106869 0.998132 -0.0610884
vt -16.0579 12.9705
vt -16.0592 13.692
vt -16.1829 13.6918
f 415/415/415 416/416/416 417/417/417
v 27.5995 0.082097 0.908189
v 27.6595 0.082097 0.908085
v 27.5989 0.060676 0.55819
vn -0.000105898 0.998132 -0.0610885
vn -0.000105898 0.998132 -0.0610885
vn -0.000105898 0.998132 -0.0610885
vt -16.1816 12.9703
vt -16.0579 12.9705
vt -16.1829 13.6918
f 418/418/418 419/419/419 420/420/420
v 47.3305 0.08 1.19884
v 47.2591 0.08 1.54149
v 47.2591 0 1.54149
vn 0.979016 -0 0.203781
vn 0.979016 -0 0.203781
vn 0.979016 -0 0.203781
vt 36.7295 0.66412
vt 36.0231 0.66412
vt 36.0231 0.499207
f 421/421/421 422/422/422 423/423/423
v 47.3305 0 1.19884
v 47.3305 0.08 1.19884
v 47.2591 0 1.54149
vn 0.979016 0 0.203781
vn 0.979016 0 0.203781
vn 0.979016 0 0.203781
vt 36.7295 0.499207
vt 36.7295 0.66412
vt 36.0231 0.499207
f 424/424/424 425/425/425 426/426/426
v 27.6601 0.1 1.25808
v 27.6595 0.082097 0.908085
v 27.5995 0.082097 0.908189
vn -8.85561e-005 0.998694 -0.0510846
vn -8.85561e-005 0.998694 -0.0510846
vn -8.85561e-005 0.998694 -0.0510846
vt -16.0566 12.249
vt -16.0579 12.9705
vt -16.1816 12.9703
f 427/427/427 428/428/428 429/429/429
v 27.6001 0.1 1.25819
v 27.6601 0.1 1.25808
v 27.5995 0.082097 0.908189
vn -8.93171e-005 0.998694 -0.0510845
vn -8.93171e-005 0.998694 -0.0510845
vn -8.93171e-005 0.998694 -0.0510845
vt -16.1803 12.2488
vt -16.0566 12.249
vt -16.1816 12.9703
f 430/430/430 431/431/431 432/432/432
v 27.6832 0.08 3.00805
v 27.6838 0.08 3.35482
v 27.6838 0 3.35482
vn 0.999999 0 -0.00174358
vn 0.999999 0 -0.00174358
vn 0.999999 0 -0.00174358
vt 32.9998 0.66412
vt 32.285 0.66412
vt 32.285 0.499207
f 433/433/433 434/434/434 435/435/435
v 27.6832 0 3.00805
v 27.6832 0.08 3.00805
v 27.6838 0 3.35482
vn 0.999999 0 -0.00174358
vn 0.999999 0 -0.00174358
vn 0.999999 0 -0.00174358
vt 32.9998 0.499207
vt 32.9998 0.66412
vt 32.285 0.499207
f 436/436/436 437/437/437 438/438/438
v 27.6589 0.060676 0.558085
v 27.6583 0.038184 0.208086
v 27.5983 0.038184 0.20819
vn -0.000111156 0.997942 -0.0641306
vn -0.000111156 0.997942 -0.0641306
vn -0.000111156 0.997942 -0.0641306
vt -16.0592 13.692
vt -16.0604 14.4135
vt -16.1841 14.4133
f 439/439/439 440/440/440 441/441/441
v 27.5989 0.060676 0.55819
v 27.6589 0.060676 0.558085
v 27.5983 0.038184 0.20819
vn -0.00011219 0.997941 -0.0641304
vn -0.00011219 0.997941 -0.0641304
vn -0.00011219 0.997941 -0.0641304
vt -16.1829 13.6918
vt -16.0592 13.692
vt -16.1841 14.4133
f 442/442/442 443/443/443 444/444/444
v 47.4018 0.08 0.85618
v 47.3305 0.08 1.19884
v 47.3305 0 1.19884
vn 0.979014 -0 0.203792
vn 0.979014 -0 0.203792
vn 0.979014 -0 0.203792
vt 37.4358 0.66412
vt 36.7295 0.66412
vt 36.7295 0.499207
f 445/445/445 446/446/446 447/447/447
v 47.4018 0 0.85618
v 47.4018 0.08 0.85618
v 47.3305 0 1.19884
vn 0.979014 0 0.203792
vn 0.979014 0 0.203792
vn 0.979014 0 0.203792
vt 37.4358 0.499207
vt 37.4358 0.66412
vt 36.7295 0.499207
f 448/448/448 449/449/449 450/450/450
v 47.3235 0.1 0.839877
v 47.2521 0.1 1.18253
v 47.3109 0.1 1.19476
vn 0 1 0
vn 0 1 0
vn 0 1 0
vt 24.4786 13.1111
vt 24.3316 12.4047
vt 24.4527 12.3795
f 451/451/451 452/452/452 453/453/453
v 47.3822 0.1 0.852104
v 47.3235 0.1 0.839877
v 47.3109 0.1 1.19476
vn -0 1 0
vn -0 1 0
vn -0 1 0
vt 24.5997 13.0859
vt 24.4786 13.1111
vt 24.4527 12.3795
f 454/454/454 455/455/455 456/456/456
v 27.5909 0.096277 2.65821
v 27.5915 0.096277 3.00821
v 27.5973 0.099117 3.0082
vn -0.443155 0.896444 0.000775216
vn -0.443155 0.896444 0.000775216
vn -0.443155 0.896444 0.000775216
vt -16.1993 9.36269
vt -16.198 8.64118
vt -16.1862 8.6412
f 457/457/457 458/458/458 459/459/459
v 27.5967 0.099117 2.6582
v 27.5909 0.096277 2.65821
v 27.5973 0.099117 3.0082
vn -0.443037 0.896503 0.000772595
vn -0.443037 0.896503 0.000772595
vn -0.443037 0.896503 0.000772595
vt -16.1874 9.36271
vt -16.1993 9.36269
vt -16.1862 8.6412
f 460/460/460 461/461/461 462/462/462
v 27.5863 0.091622 2.65822
v 27.5869 0.091622 3.00821
v 27.5915 0.096277 3.00821
vn -0.707041 0.707171 0.00123298
vn -0.707041 0.707171 0.00123298
vn -0.707041 0.707171 0.00123298
vt -16.2089 9.36268
vt -16.2076 8.64116
vt -16.198 8.64118
f 463/463/463 464/464/464 465/465/465
v 27.5909 0.096277 2.65821
v 27.5863 0.091622 2.65822
v 27.5915 0.096277 3.00821
vn -0.707186 0.707026 0.00123709
vn -0.707186 0.707026 0.00123709
vn -0.707186 0.707026 0.00123709
vt -16.1993 9.36269
vt -16.2089 9.36268
vt -16.198 8.64118
f 466/466/466 467/467/467 468/468/468
v 27.5834 0.085876 2.65822
v 27.584 0.085876 3.00822
v 27.5869 0.091622 3.00821
vn -0.896473 0.443096 0.00156333
vn -0.896473 0.443096 0.00156333
vn -0.896473 0.443096 0.00156333
vt -16.2147 9.36267
vt -16.2134 8.64116
vt -16.2076 8.64116
f 469/469/469 470/470/470 471/471/471
v 27.5863 0.091622 2.65822
v 27.5834 0.085876 2.65822
v 27.5869 0.091622 3.00821
vn -0.896473 0.443096 0.00156333
vn -0.896473 0.443096 0.00156333
vn -0.896473 0.443096 0.00156333
vt -16.2089 9.36268
vt -16.2147 9.36267
vt -16.2076 8.64116
f 472/472/472 473/473/473 474/474/474
v 27.5825 0.08 2.65822
v 27.5832 0.08 3.00822
v 27.584 0.085876 3.00822
vn -0.988893 0.148621 0.0017245
vn -0.988893 0.148621 0.0017245
vn -0.988893 0.148621 0.0017245
vt -16.2165 9.36267
vt -16.2153 8.64115
vt -16.2134 8.64116
f 475/475/475 476/476/476 477/477/477
v 27.5834 0.085876 2.65822
v 27.5825 0.08 2.65822
v 27.584 0.085876 3.00822
vn -0.988893 0.148621 0.00172449
vn -0.988893 0.148621 0.00172449
vn -0.988893 0.148621 0.00172449
vt -16.2147 9.36267
vt -16.2165 9.36267
vt -16.2134 8.64116
f 478/478/478 479/479/479 480/480/480
v 27.6794 0.091622 3.00805
v 27.68 0.091622 3.35495
v 27.6829 0.085876 3.35485
vn 0.896463 0.443116 -0.00156251
vn 0.896463 0.443116 -0.00156251
vn 0.896463 0.443116 -0.00156251
vt -16.0168 8.6415
vt -16.0155 7.92639
vt -16.0097 7.92659
f 481/481/481 482/482/482 483/483/483
v 27.6823 0.085876 3.00805
v 27.6794 0.091622 3.00805
v 27.6829 0.085876 3.35485
vn 0.896473 0.443096 -0.00156294
vn 0.896473 0.443096 -0.00156294
vn 0.896473 0.443096 -0.00156294
vt -16.0109 8.64151
vt -16.0168 8.6415
vt -16.0097 7.92659
f 484/484/484 485/485/485 486/486/486
v 27.6748 0.096277 3.00806
v 27.6754 0.096277 3.35511
v 27.68 0.091622 3.35495
vn 0.707166 0.707046 -0.00123592
vn 0.707166 0.707046 -0.00123592
vn 0.707166 0.707046 -0.00123592
vt -16.0264 8.64148
vt -16.0251 7.92606
vt -16.0155 7.92639
f 487/487/487 488/488/488 489/489/489
v 27.6794 0.091622 3.00805
v 27.6748 0.096277 3.00806
v 27.68 0.091622 3.35495
vn 0.707041 0.707171 -0.00123235
vn 0.707041 0.707171 -0.00123235
vn 0.707041 0.707171 -0.00123235
vt -16.0168 8.6415
vt -16.0264 8.64148
vt -16.0155 7.92639
f 490/490/490 491/491/491 492/492/492
v 27.6583 0.038184 0.208086
v 27.6578 0.011149 -0.041894
v 27.5978 0.011149 -0.041728
vn -0.000297476 0.994203 -0.107521
vn -0.000297476 0.994203 -0.107521
vn -0.000297476 0.994203 -0.107521
vt -16.0604 14.4135
vt -16.0613 14.9289
vt -16.185 14.9285
f 493/493/493 494/494/494 495/495/495
v 27.5983 0.038184 0.20819
v 27.6583 0.038184 0.208086
v 27.5978 0.011149 -0.041728
vn -0.000186409 0.9942 -0.107548
vn -0.000186409 0.9942 -0.107548
vn -0.000186409 0.9942 -0.107548
vt -16.1841 14.4133
vt -16.0604 14.4135
vt -16.185 14.9285
f 496/496/496 497/497/497 498/498/498
v 47.4731 0.08 0.513524
v 47.4018 0.08 0.85618
v 47.4018 0 0.85618
vn 0.979016 -0 0.203781
vn 0.979016 -0 0.203781
vn 0.979016 -0 0.203781
vt 38.1422 0.66412
vt 37.4358 0.66412
vt 37.4358 0.499207
f 499/499/499 500/500/500 501/501/501
v 47.4731 0 0.513524
v 47.4731 0.08 0.513524
v 47.4018 0 0.85618
vn 0.979016 0 0.203781
vn 0.979016 0 0.203781
vn 0.979016 0 0.203781
vt 38.1422 0.499207
vt 38.1422 0.66412
vt 37.4358 0.499207
f 502/502/502 503/503/503 504/504/504
v 47.3948 0.1 0.497221
v 47.3235 0.1 0.839877
v 47.3822 0.1 0.852104
vn 0 1 0
vn 0 1 0
vn 0 1 0
vt 24.6257 13.8175
vt 24.4786 13.1111
vt 24.5997 13.0859
f 505/505/505 506/506/506 507/507/507
v 47.4535 0.1 0.509448
v 47.3948 0.1 0.497221
v 47.3822 0.1 0.852104
vn -0 1 0
vn -0 1 0
vn -0 1 0
vt 24.7468 13.7923
vt 24.6257 13.8175
vt 24.5997 13.0859
f 508/508/508 509/509/509 510/510/510
v 46.9473 0.08 2.54908
v 47.0186 0.08 2.20642
v 47.0186 0 2.20642
vn -0.979016 0 -0.203781
vn -0.979016 0 -0.203781
vn -0.979016 0 -0.203781
vt -25.1085 0.66412
vt -25.8149 0.66412
vt -25.8149 0.499207
f 511/511/511 512/512/512 513/513/513
v 46.9473 0 2.54908
v 46.9473 0.08 2.54908
v 47.0186 0 2.20642
vn -0.979016 -0 -0.203781
vn -0.979016 -0 -0.203781
vn -0.979016 -0 -0.203781
vt -25.1085 0.499207
vt -25.1085 0.66412
vt -25.8149 0.499207
f 514/514/514 515/515/515 516/516/516
v 45.5836 0.1 3.2468
v 43.5836 0.1 3.25029
v 43.5837 0.1 3.3103
vn 0 1 0
vn 0 1 0
vn 0 1 0
vt 20.892 8.14932
vt 16.769 8.14213
vt 16.7693 8.01844
f 517/517/517 518/518/518 519/519/519
v 45.5837 0.1 3.3068
v 45.5836 0.1 3.2468
v 43.5837 0.1 3.3103
vn -0 1 0
vn -0 1 0
vn -0 1 0
vt 20.8922 8.02563
vt 20.892 8.14932
vt 16.7693 8.01844
f 520/520/520 521/521/521 522/522/522
v 27.6813 0.08 1.95805
v 27.6819 0.08 2.30805
v 27.6819 0 2.30805
vn 0.999999 0 -0.00174386
vn 0.999999 0 -0.00174386
vn 0.999999 0 -0.00174386
vt 35.1644 0.66412
vt 34.4428 0.66412
vt 34.4428 0.499207
f 523/523/523 524/524/524 525/525/525
v 27.6813 0 1.95805
v 27.6813 0.08 1.95805
v 27.6819 0 2.30805
vn 0.999999 0 -0.00174386
vn 0.999999 0 -0.00174386
vn 0.999999 0 -0.00174386
vt 35.1644 0.499207
vt 35.1644 0.66412
vt 34.4428 0.499207
f 526/526/526 527/527/527 528/528/528
v 27.6619 0.1 2.30808
v 27.6613 0.1 1.95808
v 27.6013 0.1 1.95819
vn -0 1 0
vn -0 1 0
vn -0 1 0
vt -16.0529 10.0845
vt -16.0541 10.806
vt -16.1778 10.8058
f 529/529/529 530/530/530 531/531/531
v 27.6019 0.1 2.30819
v 27.6619 0.1 2.30808
v 27.6013 0.1 1.95819
vn 0 1 -0
vn 0 1 -0
vn 0 1 -0
vt -16.1766 10.0842
vt -16.0529 10.0845
vt -16.1778 10.8058
f 532/532/532 533/533/533 534/534/534
v 47.6073 -0.007053 -0.130969
v 47.5444 0.032039 0.170868
v 47.5444 0 0.170868
vn 0.979016 -0 0.203784
vn 0.979016 -0 0.203784
vn 0.979016 -0 0.203784
vt 39.4708 0.484669
vt 38.8486 0.565255
vt 38.8486 0.499207
f 535/535/535 536/536/536 537/537/537
v 47.5954 -0.014231 -0.073786
v 47.6073 -0.007053 -0.130969
v 47.5444 0 0.170868
vn 0.979016 0.000105591 0.203782
vn 0.979016 0.000105591 0.203782
vn 0.979016 0.000105591 0.203782
vt 39.3529 0.469864
vt 39.4708 0.484669
vt 38.8486 0.499207
f 538/538/538 539/539/539 540/540/540
v 27.6625 0.1 2.65808
v 27.6619 0.1 2.30808
v 27.6019 0.1 2.30819
vn -0 1 0
vn -0 1 0
vn -0 1 0
vt -16.0516 9.36295
vt -16.0529 10.0845
vt -16.1766 10.0842
f 541/541/541 542/542/542 543/543/543
v 27.6025 0.1 2.65819
v 27.6625 0.1 2.65808
v 27.6019 0.1 2.30819
vn 0 1 -0
vn 0 1 -0
vn 0 1 -0
vt -16.1753 9.36274
vt -16.0516 9.36295
vt -16.1766 10.0842
f 544/544/544 545/545/545 546/546/546
v 27.669 0.099117 3.00807
v 27.6696 0.099117 3.3553
v 27.6754 0.096277 3.35511
vn 0.443135 0.896454 -0.000774061
vn 0.443135 0.896454 -0.000774061
vn 0.443135 0.896454 -0.000774061
vt -16.0382 8.64146
vt -16.037 7.92566
vt -16.0251 7.92606
f 547/547/547 548/548/548 549/549/549
v 27.6748 0.096277 3.00806
v 27.669 0.099117 3.00807
v 27.6754 0.096277 3.35511
vn 0.443155 0.896444 -0.000774508
vn 0.443155 0.896444 -0.000774508
vn 0.443155 0.896444 -0.000774508
vt -16.0264 8.64148
vt -16.0382 8.64146
vt -16.0251 7.92606
f 550/550/550 551/551/551 552/552/552
v 27.6632 0.1 3.00808
v 27.6638 0.1 3.3555
v 27.6696 0.099117 3.3553
vn 0.148581 0.9889 -0.000259398
vn 0.148581 0.9889 -0.000259398
vn 0.148581 0.9889 -0.000259398
vt -16.0504 8.64144
vt -16.0491 7.92524
vt -16.037 7.92566
f 553/553/553 554/554/554 555/555/555
v 27.669 0.099117 3.00807
v 27.6632 0.1 3.00808
v 27.6696 0.099117 3.3553
vn 0.14859 0.988899 -0.000259554
vn 0.14859 0.988899 -0.000259554
vn 0.14859 0.988899 -0.000259554
vt -16.0382 8.64146
vt -16.0504 8.64144
vt -16.037 7.92566
f 556/556/556 557/557/557 558/558/558
v 27.5915 0.096277 3.00821
v 27.5921 0.096277 3.35794
v 27.5979 0.099117 3.35774
vn -0.443135 0.896454 0.000773366
vn -0.443135 0.896454 0.000773366
vn -0.443135 0.896454 0.000773366
vt -16.198 8.64118
vt -16.1967 7.92023
vt -16.1849 7.92063
f 559/559/559 560/560/560 561/561/561
v 27.5973 0.099117 3.0082
v 27.5915 0.096277 3.00821
v 27.5979 0.099117 3.35774
vn -0.443155 0.896444 0.00077381
vn -0.443155 0.896444 0.00077381
vn -0.443155 0.896444 0.00077381
vt -16.1862 8.6412
vt -16.198 8.64118
vt -16.1849 7.92063
f 562/562/562 563/563/563 564/564/564
v 27.5869 0.091622 3.00821
v 27.5875 0.091622 3.35809
v 27.5921 0.096277 3.35794
vn -0.707021 0.707191 0.00123337
vn -0.707021 0.707191 0.00123337
vn -0.707021 0.707191 0.00123337
vt -16.2076 8.64116
vt -16.2063 7.9199
vt -16.1967 7.92023
f 565/565/565 566/566/566 567/567/567
v 27.5915 0.096277 3.00821
v 27.5869 0.091622 3.00821
v 27.5921 0.096277 3.35794
vn -0.707041 0.707171 0.00123394
vn -0.707041 0.707171 0.00123394
vn -0.707041 0.707171 0.00123394
vt -16.198 8.64118
vt -16.2076 8.64116
vt -16.1967 7.92023
f 568/568/568 569/569/569 570/570/570
v 27.584 0.085876 3.00822
v 27.5846 0.085876 3.35819
v 27.5875 0.091622 3.35809
vn -0.896463 0.443116 0.00156344
vn -0.896463 0.443116 0.00156344
vn -0.896463 0.443116 0.00156344
vt -16.2134 8.64116
vt -16.2122 7.9197
vt -16.2063 7.9199
f 571/571/571 572/572/572 573/573/573
v 27.5869 0.091622 3.00821
v 27.584 0.085876 3.00822
v 27.5875 0.091622 3.35809
vn -0.896473 0.443096 0.00156387
vn -0.896473 0.443096 0.00156387
vn -0.896473 0.443096 0.00156387
vt -16.2076 8.64116
vt -16.2134 8.64116
vt -16.2063 7.9199
f 574/574/574 575/575/575 576/576/576
v 27.5832 0.08 3.00822
v 27.5838 0.08 3.35822
v 27.5846 0.085876 3.35819
vn -0.988892 0.148629 0.00172449
vn -0.988892 0.148629 0.00172449
vn -0.988892 0.148629 0.00172449
vt -16.2153 8.64115
vt -16.214 7.91964
vt -16.2122 7.9197
f 577/577/577 578/578/578 579/579/579
v 27.584 0.085876 3.00822
v 27.5832 0.08 3.00822
v 27.5846 0.085876 3.35819
vn -0.988893 0.148621 0.00172463
vn -0.988893 0.148621 0.00172463
vn -0.988893 0.148621 0.00172463
vt -16.2134 8.64116
vt -16.2153 8.64115
vt -16.2122 7.9197
f 580/580/580 581/581/581 582/582/582
v 47.4661 0.052039 0.154566
v 47.3948 0.1 0.497221
v 47.4535 0.1 0.509448
vn 0.0276655 0.990741 -0.132914
vn 0.0276655 0.990741 -0.132914
vn 0.0276655 0.990741 -0.132914
vt 24.7727 14.5239
vt 24.6257 13.8175
vt 24.7468 13.7923
f 583/583/583 584/584/584 585/585/585
v 47.5249 0.052039 0.166793
v 47.4661 0.052039 0.154566
v 47.4535 0.1 0.509448
vn 0.0276655 0.990741 -0.132914
vn 0.0276655 0.990741 -0.132914
vn 0.0276655 0.990741 -0.132914
vt 24.8938 14.4986
vt 24.7727 14.5239
vt 24.7468 13.7923
f 586/586/586 587/587/587 588/588/588
v 47.4465 0.032039 0.15049
v 47.5094 -0.006842 -0.151446
v 47.4975 0 -0.094264
vn -0.979037 -0.00078546 -0.203683
vn -0.979037 -0.00078546 -0.203683
vn -0.979037 -0.00078546 -0.203683
vt -30.0531 0.565255
vt -30.6756 0.485107
vt -30.5577 0.499207
f 589/589/589 590/590/590 591/591/591
v 47.4465 0 0.15049
v 47.4465 0.032039 0.15049
v 47.4975 0 -0.094264
vn -0.979016 -0 -0.203781
vn -0.979016 -0 -0.203781
vn -0.979016 -0 -0.203781
vt -30.0531 0.499207
vt -30.0531 0.565255
vt -30.5577 0.499207
f 592/592/592 593/593/593 594/594/594
v 27.5825 0.08 2.65822
v 27.5819 0.08 2.30822
v 27.5819 0 2.30822
vn -0.999998 0 0.00174386
vn -0.999998 0 0.00174386
vn -0.999998 0 0.00174386
vt -24.8836 0.66412
vt -25.6051 0.66412
vt -25.6051 0.499207
f 595/595/595 596/596/596 597/597/597
v 27.5825 0 2.65822
v 27.5825 0.08 2.65822
v 27.5819 0 2.30822
vn -0.999998 0 0.00174386
vn -0.999998 0 0.00174386
vn -0.999998 0 0.00174386
vt -24.8836 0.499207
vt -24.8836 0.66412
vt -25.6051 0.499207
f 598/598/598 599/599/599 600/600/600
v 27.5819 0.08 2.30822
v 27.5813 0.08 1.95822
v 27.5813 0 1.95822
vn -0.999999 0 0.00174931
vn -0.999999 0 0.00174931
vn -0.999999 0 0.00174931
vt -25.6051 0.66412
vt -26.3266 0.66412
vt -26.3266 0.499207
f 601/601/601 602/602/602 603/603/603
v 27.5819 0 2.30822
v 27.5819 0.08 2.30822
v 27.5813 0 1.95822
vn -0.999999 0 0.00174931
vn -0.999999 0 0.00174931
vn -0.999999 0 0.00174931
vt -25.6051 0.499207
vt -25.6051 0.66412
vt -26.3266 0.499207
f 604/604/604 605/605/605 606/606/606
v 27.5783 0.018184 0.208225
v 27.5778 0.002657 -0.041673
v 27.5778 0 -0.041673
vn -0.999999 0 0.00174784
vn -0.999999 0 0.00174784
vn -0.999999 0 0.00174784
vt -29.9341 0.536696
vt -30.4493 0.504682
vt -30.4493 0.499207
f 607/607/607 608/608/608 609/609/609
v 27.5783 0 0.208225
v 27.5783 0.018184 0.208225
v 27.5778 0 -0.041673
vn -0.999998 0 0.00174784
vn -0.999998 0 0.00174784
vn -0.999998 0 0.00174784
vt -29.9341 0.499207
vt -29.9341 0.536696
vt -30.4493 0.499207
f 610/610/610 611/611/611 612/612/612
v 27.6807 0.08 1.60805
v 27.6813 0.08 1.95805
v 27.6813 0 1.95805
vn 0.999998 0 -0.00174386
vn 0.999998 0 -0.00174386
vn 0.999998 0 -0.00174386
vt 35.8859 0.66412
vt 35.1644 0.66412
vt 35.1644 0.499207
f 613/613/613 614/614/614 615/615/615
v 27.6807 0 1.60805
v 27.6807 0.08 1.60805
v 27.6813 0 1.95805
vn 0.999998 0 -0.00174386
vn 0.999998 0 -0.00174386
vn 0.999998 0 -0.00174386
vt 35.8859 0.499207
vt 35.8859 0.66412
vt 35.1644 0.499207
f 616/616/616 617/617/617 618/618/618
v 39.5837 0.08 3.33728
v 37.5837 0.08 3.34077
v 37.5837 0 3.34077
vn 0.00174499 -0 0.999998
vn 0.00174499 -0 0.999998
vn 0.00174499 -0 0.999998
vt 8.52349 0.66412
vt 4.40058 0.66412
vt 4.40058 0.499207
f 619/619/619 620/620/620 621/621/621
v 39.5837 0 3.33728
v 39.5837 0.08 3.33728
v 37.5837 0 3.34077
vn 0.00174499 0 0.999998
vn 0.00174499 0 0.999998
vn 0.00174499 0 0.999998
vt 8.52349 0.499207
vt 8.52349 0.66412
vt 4.40058 0.499207
f 622/622/622 623/623/623 624/624/624
v 31.5899 0.08 6.85123
v 29.5899 0.08 6.85472
v 29.5899 0 6.85472
vn 0.00174546 -0 0.999999
vn 0.00174546 -0 0.999999
vn 0.00174546 -0 0.999999
vt -7.95558 0.66412
vt -12.0785 0.66412
vt -12.0785 0.499207
f 625/625/625 626/626/626 627/627/627
v 31.5899 0 6.85123
v 31.5899 0.08 6.85123
v 29.5899 0 6.85472
vn 0.00174546 0 0.999999
vn 0.00174546 0 0.999999
vn 0.00174546 0 0.999999
vt -7.95558 0.499207
vt -7.95558 0.66412
vt -12.0785 0.499207
f 628/628/628 629/629/629 630/630/630
v 33.2652 0.1 6.76831
v 31.5897 0.1 6.77123
v 31.5898 0.1 6.83123
vn 0 1 0
vn 0 1 0
vn 0 1 0
vt -4.50195 0.889872
vt -7.95587 0.883845
vt -7.95565 0.760162
f 631/631/631 632/632/632 633/633/633
v 33.3212 0.1 6.82821
v 33.2652 0.1 6.76831
v 31.5898 0.1 6.83123
vn -0 1 0
vn -0 1 0
vn -0 1 0
vt -4.38657 0.766388
vt -4.50195 0.889872
vt -7.95565 0.760162
f 634/634/634 635/635/635 636/636/636
v 27.8906 0.1 6.77769
v 27.6638 0.1 3.3555
v 27.6038 0.1 3.35754
vn -0 1 0
vn -0 1 0
vn -0 1 0
vt -15.5814 0.870536
vt -16.0491 7.92524
vt -16.1728 7.92104
f 637/637/637 638/638/638 639/639/639
v 27.8345 0.1 6.83779
v 27.8906 0.1 6.77769
v 27.6038 0.1 3.35754
vn 0 1 -0
vn 0 1 -0
vn 0 1 -0
vt -15.6971 0.746647
vt -15.5814 0.870536
vt -16.1728 7.92104
f 640/640/640 641/641/641 642/642/642
v 27.8158 0.08 6.85782
v 27.5838 0.08 3.35822
v 27.5838 0 3.35822
vn -0.99781 0 0.0661509
vn -0.99781 0 0.0661509
vn -0.99781 0 0.0661509
vt -16.2262 0.66412
vt -23.4405 0.66412
vt -23.4405 0.499207
f 643/643/643 644/644/644 645/645/645
v 27.8158 0 6.85782
v 27.8158 0.08 6.85782
v 27.5838 0 3.35822
vn -0.99781 0 0.0661509
vn -0.99781 0 0.0661509
vn -0.99781 0 0.0661509
vt -16.2262 0.499207
vt -16.2262 0.66412
vt -23.4405 0.499207
f 646/646/646 647/647/647 648/648/648
v 33.5838 0.08 3.34775
v 33.3398 0.08 6.84818
v 33.3398 0 6.84818
vn 0.997581 -0 0.0695163
vn 0.997581 -0 0.0695163
vn 0.997581 -0 0.0695163
vt 32.2995 0.66412
vt 25.0835 0.66412
vt 25.0835 0.499207
f 649/649/649 650/650/650 651/651/651
v 33.5838 0 3.34775
v 33.5838 0.08 3.34775
v 33.3398 0 6.84818
vn 0.997581 0 0.0695163
vn 0.997581 0 0.0695163
vn 0.997581 0 0.0695163
vt 32.2995 0.499207
vt 32.2995 0.66412
vt 25.0835 0.499207
f 652/652/652 653/653/653 654/654/654
v 41.5836 0.1 3.25379
v 39.5836 0.1 3.25728
v 39.5837 0.1 3.31728
vn 0 1 0
vn 0 1 0
vn 0 1 0
vt 12.6461 8.13493
vt 8.52321 8.12773
vt 8.52342 8.00404
f 655/655/655 656/656/656 657/657/657
v 41.5837 0.1 3.31379
v 41.5836 0.1 3.25379
v 39.5837 0.1 3.31728
vn -0 1 0
vn -0 1 0
vn -0 1 0
vt 12.6463 8.01124
vt 12.6461 8.13493
vt 8.52342 8.00404
f 658/658/658 659/659/659 660/660/660
v 29.5899 0.08 6.85472
v 27.8158 0.08 6.85782
v 27.8158 0 6.85782
vn 0.00174517 -0 0.999999
vn 0.00174517 -0 0.999999
vn 0.00174517 -0 0.999999
vt -12.0785 0.66412
vt -15.7357 0.66412
vt -15.7357 0.499207
f 661/661/661 662/662/662 663/663/663
v 29.5899 0 6.85472
v 29.5899 0.08 6.85472
v 27.8158 0 6.85782
vn 0.00174517 0 0.999999
vn 0.00174517 0 0.999999
vn 0.00174517 0 0.999999
vt -12.0785 0.499207
vt -12.0785 0.66412
vt -15.7357 0.499207
f 664/664/664 665/665/665 666/666/666
v 29.5897 0.08 6.75472
v 31.5897 0.08 6.75123
v 31.5897 0 6.75123
vn -0.00174546 0 -0.999998
vn -0.00174546 0 -0.999998
vn -0.00174546 0 -0.999998
vt 76.6555 0.66412
vt 72.5326 0.66412
vt 72.5326 0.499207
f 667/667/667 668/668/668 669/669/669
v 29.5897 0 6.75472
v 29.5897 0.08 6.75472
v 31.5897 0 6.75123
vn -0.00174546 -0 -0.999998
vn -0.00174546 -0 -0.999998
vn -0.00174546 -0 -0.999998
vt 76.6555 0.499207
vt 76.6555 0.66412
vt 72.5326 0.499207
f 670/670/670 671/671/671 672/672/672
v 27.9093 0.08 6.75766
v 29.5897 0.08 6.75472
v 29.5897 0 6.75472
vn -0.00174549 0 -0.999998
vn -0.00174549 0 -0.999998
vn -0.00174549 0 -0.999998
vt 80.1195 0.66412
vt 76.6555 0.66412
vt 76.6555 0.499207
f 673/673/673 674/674/674 675/675/675
v 27.9093 0 6.75766
v 27.9093 0.08 6.75766
v 29.5897 0 6.75472
vn -0.00174549 -0 -0.999998
vn -0.00174549 -0 -0.999998
vn -0.00174549 -0 -0.999998
vt 80.1195 0.499207
vt 80.1195 0.66412
vt 76.6555 0.499207
f 676/676/676 677/677/677 678/678/678
v 31.5897 0.08 6.75123
v 33.2465 0.08 6.74834
v 33.2465 0 6.74834
vn -0.00174492 0 -0.999998
vn -0.00174492 0 -0.999998
vn -0.00174492 0 -0.999998
vt 72.5326 0.66412
vt 69.1171 0.66412
vt 69.1171 0.499207
f 679/679/679 680/680/680 681/681/681
v 31.5897 0 6.75123
v 31.5897 0.08 6.75123
v 33.2465 0 6.74834
vn -0.00174492 -0 -0.999998
vn -0.00174492 -0 -0.999998
vn -0.00174492 -0 -0.999998
vt 72.5326 0.499207
vt 72.5326 0.66412
vt 69.1171 0.499207
f 682/682/682 683/683/683 684/684/684
v 27.5838 0.08 3.35822
v 27.5832 0.08 3.00822
v 27.5832 0 3.00822
vn -0.999999 0 0.00174386
vn -0.999999 0 0.00174386
vn -0.999999 0 0.00174386
vt -23.4405 0.66412
vt -24.162 0.66412
vt -24.162 0.499207
f 685/685/685 686/686/686 687/687/687
v 27.5838 0 3.35822
v 27.5838 0.08 3.35822
v 27.5832 0 3.00822
vn -0.999999 0 0.00174386
vn -0.999999 0 0.00174386
vn -0.999999 0 0.00174386
vt -23.4405 0.499207
vt -23.4405 0.66412
vt -24.162 0.499207
f 688/688/688 689/689/689 690/690/690
v 47.1878 0.08 1.88415
v 47.1165 0.08 2.2268
v 47.1165 0 2.2268
vn 0.979016 -0 0.203782
vn 0.979016 -0 0.203782
vn 0.979016 -0 0.203782
vt 35.3167 0.66412
vt 34.6103 0.66412
vt 34.6103 0.499207
f 691/691/691 692/692/692 693/693/693
v 47.1878 0 1.88415
v 47.1878 0.08 1.88415
v 47.1165 0 2.2268
vn 0.979016 0 0.203782
vn 0.979016 0 0.203782
vn 0.979016 0 0.203782
vt 35.3167 0.499207
vt 35.3167 0.66412
vt 34.6103 0.499207
f 694/694/694 695/695/695 696/696/696
v 47.1165 0.08 2.2268
v 47.0452 0.08 2.56946
v 47.0452 0 2.56946
vn 0.979016 -0 0.203781
vn 0.979016 -0 0.203781
vn 0.979016 -0 0.203781
vt 34.6103 0.66412
vt 33.904 0.66412
vt 33.904 0.499207
f 697/697/697 698/698/698 699/699/699
v 47.1165 0 2.2268
v 47.1165 0.08 2.2268
v 47.0452 0 2.56946
vn 0.979016 0 0.203781
vn 0.979016 0 0.203781
vn 0.979016 0 0.203781
vt 34.6103 0.499207
vt 34.6103 0.66412
vt 33.904 0.499207
f 700/700/700 701/701/701 702/702/702
v 27.5813 0.08 1.95822
v 27.5807 0.08 1.60822
v 27.5807 0 1.60822
vn -0.999999 0 0.00174386
vn -0.999999 0 0.00174386
vn -0.999999 0 0.00174386
vt -26.3266 0.66412
vt -27.0481 0.66412
vt -27.0481 0.499207
f 703/703/703 704/704/704 705/705/705
v 27.5813 0 1.95822
v 27.5813 0.08 1.95822
v 27.5807 0 1.60822
vn -0.999999 0 0.00174386
vn -0.999999 0 0.00174386
vn -0.999999 0 0.00174386
vt -26.3266 0.499207
vt -26.3266 0.66412
vt -27.0481 0.499207
f 706/706/706 707/707/707 708/708/708
v 37.5837 0.08 3.34077
v 35.5838 0.08 3.34426
v 35.5838 0 3.34426
vn 0.00174558 -0 0.999998
vn 0.00174558 -0 0.999998
vn 0.00174558 -0 0.999998
vt 4.40058 0.66412
vt 0.277661 0.66412
vt 0.277661 0.499207
f 709/709/709 710/710/710 711/711/711
v 37.5837 0 3.34077
v 37.5837 0.08 3.34077
v 35.5838 0 3.34426
vn 0.00174558 0 0.999998
vn 0.00174558 0 0.999998
vn 0.00174558 0 0.999998
vt 4.40058 0.499207
vt 4.40058 0.66412
vt 0.277661 0.499207
f 712/712/712 713/713/713 714/714/714
v 46.9025 0.08 3.25477
v 45.5837 0.08 3.32681
v 45.5837 0 3.32681
vn 0.0545418 -0 0.998511
vn 0.0545418 -0 0.998511
vn 0.0545418 -0 0.998511
vt 23.6109 0.66412
vt 20.8922 0.66412
vt 20.8922 0.499207
f 715/715/715 716/716/716 717/717/717
v 46.9025 0 3.25477
v 46.9025 0.08 3.25477
v 45.5837 0 3.32681
vn 0.0545418 0 0.998511
vn 0.0545418 0 0.998511
vn 0.0545418 0 0.998511
vt 23.6109 0.499207
vt 23.6109 0.66412
vt 20.8922 0.499207
f 718/718/718 719/719/719 720/720/720
v 41.5837 0.08 3.33379
v 39.5837 0.08 3.33728
v 39.5837 0 3.33728
vn 0.00174546 -0 0.999998
vn 0.00174546 -0 0.999998
vn 0.00174546 -0 0.999998
vt 12.6464 0.66412
vt 8.52349 0.66412
vt 8.52349 0.499207
f 721/721/721 722/722/722 723/723/723
v 41.5837 0 3.33379
v 41.5837 0.08 3.33379
v 39.5837 0 3.33728
vn 0.00174546 0 0.999998
vn 0.00174546 0 0.999998
vn 0.00174546 0 0.999998
vt 12.6464 0.499207
vt 12.6464 0.66412
vt 8.52349 0.499207
f 724/724/724 725/725/725 726/726/726
v 35.5838 0.08 3.34426
v 33.5838 0.08 3.34775
v 33.5838 0 3.34775
vn 0.00174546 -0 0.999999
vn 0.00174546 -0 0.999999
vn 0.00174546 -0 0.999999
vt 0.277661 0.66412
vt -3.84526 0.66412
vt -3.84526 0.499207
f 727/727/727 728/728/728 729/729/729
v 35.5838 0 3.34426
v 35.5838 0.08 3.34426
v 33.5838 0 3.34775
vn 0.00174546 0 0.999999
vn 0.00174546 0 0.999999
vn 0.00174546 0 0.999999
vt 0.277661 0.499207
vt 0.277661 0.66412
vt -3.84526 0.499207
f 730/730/730 731/731/731 732/732/732
v 43.5837 0.08 3.3303
v 41.5837 0.08 3.33379
v 41.5837 0 3.33379
vn 0.00174546 -0 0.999998
vn 0.00174546 -0 0.999998
vn 0.00174546 -0 0.999998
vt 16.7693 0.66412
vt 12.6464 0.66412
vt 12.6464 0.499207
f 733/733/733 734/734/734 735/735/735
v 43.5837 0 3.3303
v 43.5837 0.08 3.3303
v 41.5837 0 3.33379
vn 0.00174546 0 0.999998
vn 0.00174546 0 0.999998
vn 0.00174546 0 0.999998
vt 16.7693 0.499207
vt 16.7693 0.66412
vt 12.6464 0.499207
f 736/736/736 737/737/737 738/738/738
v 45.5837 0.08 3.32681
v 43.5837 0.08 3.3303
v 43.5837 0 3.3303
vn 0.00174498 -0 0.999999
vn 0.00174498 -0 0.999999
vn 0.00174498 -0 0.999999
vt 20.8922 0.66412
vt 16.7693 0.66412
vt 16.7693 0.499207
f 739/739/739 740/740/740 741/741/741
v 45.5837 0 3.32681
v 45.5837 0.08 3.32681
v 43.5837 0 3.3303
vn 0.00174498 0 0.999999
vn 0.00174498 0 0.999999
vn 0.00174498 0 0.999999
vt 20.8922 0.499207
vt 20.8922 0.66412
vt 16.7693 0.499207
f 742/742/742 743/743/743 744/744/744
v 46.825 0.08 3.13649
v 46.8759 0.08 2.89174
v 46.8759 0 2.89174
vn -0.979013 0 -0.203796
vn -0.979013 0 -0.203796
vn -0.979013 0 -0.203796
vt -23.8976 0.66412
vt -24.4022 0.66412
vt -24.4022 0.499207
f 745/745/745 746/746/746 747/747/747
v 46.825 0 3.13649
v 46.825 0.08 3.13649
v 46.8759 0 2.89174
vn -0.979013 -0 -0.203796
vn -0.979013 -0 -0.203796
vn -0.979013 -0 -0.203796
vt -23.8976 0.499207
vt -23.8976 0.66412
vt -24.4022 0.499207
f 748/748/748 749/749/749 750/750/750
v 27.6825 0.08 2.65805
v 27.6832 0.08 3.00805
v 27.6832 0 3.00805
vn 0.999999 0 -0.00174386
vn 0.999999 0 -0.00174386
vn 0.999999 0 -0.00174386
vt 33.7213 0.66412
vt 32.9998 0.66412
vt 32.9998 0.499207
f 751/751/751 752/752/752 753/753/753
v 27.6825 0 2.65805
v 27.6825 0.08 2.65805
v 27.6832 0 3.00805
vn 0.999999 0 -0.00174386
vn 0.999999 0 -0.00174386
vn 0.999999 0 -0.00174386
vt 33.7213 0.499207
vt 33.7213 0.66412
vt 32.9998 0.499207
f 754/754/754 755/755/755 756/756/756
v 47.0899 0.08 1.86377
v 47.1612 0.08 1.52111
v 47.1612 0 1.52111
vn -0.979016 0 -0.203782
vn -0.979016 0 -0.203782
vn -0.979016 0 -0.203782
vt -26.5213 0.66412
vt -27.2277 0.66412
vt -27.2277 0.499207
f 757/757/757 758/758/758 759/759/759
v 47.0899 0 1.86377
v 47.0899 0.08 1.86377
v 47.1612 0 1.52111
vn -0.979016 -0 -0.203782
vn -0.979016 -0 -0.203782
vn -0.979016 -0 -0.203782
vt -26.5213 0.499207
vt -26.5213 0.66412
vt -27.2277 0.499207
f 760/760/760 761/761/761 762/762/762
v 27.6801 0.08 1.25805
v 27.6807 0.08 1.60805
v 27.6807 0 1.60805
vn 0.999999 0 -0.00174931
vn 0.999999 0 -0.00174931
vn 0.999999 0 -0.00174931
vt 36.6074 0.66412
vt 35.8859 0.66412
vt 35.8859 0.499207
f 763/763/763 764/764/764 765/765/765
v 27.6801 0 1.25805
v 27.6801 0.08 1.25805
v 27.6807 0 1.60805
vn 0.999999 0 -0.00174931
vn 0.999999 0 -0.00174931
vn 0.999999 0 -0.00174931
vt 36.6074 0.499207
vt 36.6074 0.66412
vt 35.8859 0.499207
f 766/766/766 767/767/767 768/768/768
v 47.1612 0.08 1.52111
v 47.2326 0.08 1.17846
v 47.2326 0 1.17846
vn -0.979016 0 -0.203781
vn -0.979016 0 -0.203781
vn -0.979016 0 -0.203781
vt -27.2277 0.66412
vt -27.934 0.66412
vt -27.934 0.499207
f 769/769/769 770/770/770 771/771/771
v 47.1612 0 1.52111
v 47.1612 0.08 1.52111
v 47.2326 0 1.17846
vn -0.979016 -0 -0.203781
vn -0.979016 -0 -0.203781
vn -0.979016 -0 -0.203781
vt -27.2277 0.499207
vt -27.2277 0.66412
vt -27.934 0.499207
f 772/772/772 773/773/773 774/774/774
v 27.6795 0.062097 0.90805
v 27.6801 0.08 1.25805
v 27.6801 0 1.25805
vn 0.999998 0 -0.00174386
vn 0.999998 0 -0.00174386
vn 0.999998 0 -0.00174386
vt 37.3289 0.627216
vt 36.6074 0.66412
vt 36.6074 0.499207
f 775/775/775 776/776/776 777/777/777
v 27.6795 0 0.90805
v 27.6795 0.062097 0.90805
v 27.6801 0 1.25805
vn 0.999998 0 -0.00174386
vn 0.999998 0 -0.00174386
vn 0.999998 0 -0.00174386
vt 37.3289 0.499207
vt 37.3289 0.627216
vt 36.6074 0.499207
f 778/778/778 779/779/779 780/780/780
v 47.2326 0.08 1.17846
v 47.3039 0.08 0.835801
v 47.3039 0 0.835801
vn -0.979016 0 -0.203781
vn -0.979016 0 -0.203781
vn -0.979016 0 -0.203781
vt -27.934 0.66412
vt -28.6404 0.66412
vt -28.6404 0.499207
f 781/781/781 782/782/782 783/783/783
v 47.2326 0 1.17846
v 47.2326 0.08 1.17846
v 47.3039 0 0.835801
vn -0.979016 -0 -0.203781
vn -0.979016 -0 -0.203781
vn -0.979016 -0 -0.203781
vt -27.934 0.499207
vt -27.934 0.66412
vt -28.6404 0.499207
f 784/784/784 785/785/785 786/786/786
v 27.6789 0.040676 0.55805
v 27.6795 0.062097 0.90805
v 27.6795 0 0.90805
vn 0.999999 0 -0.00174386
vn 0.999999 0 -0.00174386
vn 0.999999 0 -0.00174386
vt 38.0504 0.583062
vt 37.3289 0.627216
vt 37.3289 0.499207
f 787/787/787 788/788/788 789/789/789
v 27.6789 0 0.55805
v 27.6789 0.040676 0.55805
v 27.6795 0 0.90805
vn 0.999998 0 -0.00174386
vn 0.999998 0 -0.00174386
vn 0.999998 0 -0.00174386
vt 38.0504 0.499207
vt 38.0504 0.583062
vt 37.3289 0.499207
f 790/790/790 791/791/791 792/792/792
v 47.3039 0.08 0.835801
v 47.3752 0.08 0.493146
v 47.3752 0 0.493146
vn -0.979016 0 -0.203782
vn -0.979016 0 -0.203782
vn -0.979016 0 -0.203782
vt -28.6404 0.66412
vt -29.3468 0.66412
vt -29.3468 0.499207
f 793/793/793 794/794/794 795/795/795
v 47.3039 0 0.835801
v 47.3039 0.08 0.835801
v 47.3752 0 0.493146
vn -0.979016 -0 -0.203782
vn -0.979016 -0 -0.203782
vn -0.979016 -0 -0.203782
vt -28.6404 0.499207
vt -28.6404 0.66412
vt -29.3468 0.499207
f 796/796/796 797/797/797 798/798/798
v 27.6783 0.018184 0.208051
v 27.6789 0.040676 0.55805
v 27.6789 0 0.55805
vn 0.999999 0 -0.00174386
vn 0.999999 0 -0.00174386
vn 0.999999 0 -0.00174386
vt 38.7719 0.536696
vt 38.0504 0.583062
vt 38.0504 0.499207
f 799/799/799 800/800/800 801/801/801
v 27.6783 0 0.208051
v 27.6783 0.018184 0.208051
v 27.6789 0 0.55805
vn 0.999999 0 -0.00174386
vn 0.999999 0 -0.00174386
vn 0.999999 0 -0.00174386
vt 38.7719 0.499207
vt 38.7719 0.536696
vt 38.0504 0.499207
f 802/802/802 803/803/803 804/804/804
v 47.3752 0.08 0.493146
v 47.4465 0.032039 0.15049
v 47.4465 0 0.15049
vn -0.979014 0 -0.203791
vn -0.979014 0 -0.203791
vn -0.979014 0 -0.203791
vt -29.3468 0.66412
vt -30.0531 0.565255
vt -30.0531 0.499207
f 805/805/805 806/806/806 807/807/807
v 47.3752 0 0.493146
v 47.3752 0.08 0.493146
v 47.4465 0 0.15049
vn -0.979014 -0 -0.203791
vn -0.979014 -0 -0.203791
vn -0.979014 -0 -0.203791
vt -29.3468 0.499207
vt -29.3468 0.66412
vt -30.0531 0.499207
f 808/808/808 809/809/809 810/810/810
v 46.8759 0.08 2.89174
v 46.9473 0.08 2.54908
v 46.9473 0 2.54908
vn -0.979016 0 -0.203781
vn -0.979016 0 -0.203781
vn -0.979016 0 -0.203781
vt -24.4022 0.66412
vt -25.1085 0.66412
vt -25.1085 0.499207
f 811/811/811 812/812/812 813/813/813
v 46.8759 0 2.89174
v 46.8759 0.08 2.89174
v 46.9473 0 2.54908
vn -0.979016 -0 -0.203781
vn -0.979016 -0 -0.203781
vn -0.979016 -0 -0.203781
vt -24.4022 0.499207
vt -24.4022 0.66412
vt -25.1085 0.499207
f 814/814/814 815/815/815 816/816/816
v 27.6778 0.002657 -0.041949
v 27.6783 0.018184 0.208051
v 27.6783 0 0.208051
vn 0.999998 0 -0.00174713
vn 0.999998 0 -0.00174713
vn 0.999998 0 -0.00174713
vt 39.2873 0.504682
vt 38.7719 0.536696
vt 38.7719 0.499207
f 817/817/817 818/818/818 819/819/819
v 27.6778 0 -0.041949
v 27.6778 0.002657 -0.041949
v 27.6783 0 0.208051
vn 0.999999 0 -0.00174713
vn 0.999999 0 -0.00174713
vn 0.999999 0 -0.00174713
vt 39.2873 0.499207
vt 39.2873 0.504682
vt 38.7719 0.499207
f 820/820/820 821/821/821 822/822/822
v 27.6829 0.085876 3.35485
v 27.9085 0.085876 6.75854
v 27.9093 0.08 6.75766
vn 0.986742 0.14853 -0.065417
vn 0.986742 0.14853 -0.065417
vn 0.986742 0.14853 -0.065417
vt -16.0097 7.92659
vt -15.5445 0.910012
vt -15.5428 0.911832
f 823/823/823 824/824/824 825/825/825
v 27.6838 0.08 3.35482
v 27.6829 0.085876 3.35485
v 27.9093 0.08 6.75766
vn 0.986727 0.148629 -0.0654158
vn 0.986727 0.148629 -0.0654158
vn 0.986727 0.148629 -0.0654158
vt -16.0079 7.92665
vt -16.0097 7.92659
vt -15.5428 0.911832
f 826/826/826 827/827/827 828/828/828
v 29.5897 0.1 6.77472
v 27.8906 0.1 6.77769
v 27.8345 0.1 6.83779
vn 0 1 0
vn 0 1 0
vn 0 1 0
vt -12.0788 0.876649
vt -15.5814 0.870536
vt -15.6971 0.746647
f 829/829/829 830/830/830 831/831/831
v 29.5898 0.1 6.83472
v 29.5897 0.1 6.77472
v 27.8345 0.1 6.83779
vn -0 1 0
vn -0 1 0
vn -0 1 0
vt -12.0786 0.752966
vt -12.0788 0.876649
vt -15.6971 0.746647
f 832/832/832 833/833/833 834/834/834
v 27.5979 0.099117 3.35774
v 27.829 0.099117 6.84367
v 27.8345 0.1 6.83779
vn -0.148273 0.988898 0.00982984
vn -0.148273 0.988898 0.00982984
vn -0.148273 0.988898 0.00982984
vt -16.1849 7.92063
vt -15.7085 0.734514
vt -15.6971 0.746647
f 835/835/835 836/836/836 837/837/837
v 27.6038 0.1 3.35754
v 27.5979 0.099117 3.35774
v 27.8345 0.1 6.83779
vn -0.148256 0.9889 0.00982867
vn -0.148256 0.9889 0.00982867
vn -0.148256 0.9889 0.00982867
vt -16.1728 7.92104
vt -16.1849 7.92063
vt -15.6971 0.746647
f 838/838/838 839/839/839 840/840/840
v 27.9085 0.085876 6.75854
v 29.5897 0.085876 6.75561
v 29.5897 0.08 6.75472
vn -0.00172581 0.148621 -0.988893
vn -0.00172581 0.148621 -0.988893
vn -0.00172581 0.148621 -0.988893
vt -15.5445 0.910012
vt -12.0789 0.916058
vt -12.0789 0.917879
f 841/841/841 842/842/842 843/843/843
v 27.9093 0.08 6.75766
v 27.9085 0.085876 6.75854
v 29.5897 0.08 6.75472
vn -0.00172613 0.14854 -0.988905
vn -0.00172613 0.14854 -0.988905
vn -0.00172613 0.14854 -0.988905
vt -15.5428 0.911832
vt -15.5445 0.910012
vt -12.0789 0.917879
f 844/844/844 845/845/845 846/846/846
v 27.829 0.099117 6.84367
v 29.5898 0.099117 6.8406
v 29.5898 0.1 6.83472
vn 0.000259353 0.988897 0.148601
vn 0.000259353 0.988897 0.148601
vn 0.000259353 0.988897 0.148601
vt -15.7085 0.734514
vt -12.0785 0.740852
vt -12.0786 0.752966
f 847/847/847 848/848/848 849/849/849
v 27.8345 0.1 6.83779
v 27.829 0.099117 6.84367
v 29.5898 0.1 6.83472
vn 0.000259303 0.988899 0.148592
vn 0.000259303 0.988899 0.148592
vn 0.000259303 0.988899 0.148592
vt -15.6971 0.746647
vt -15.7085 0.734514
vt -12.0786 0.752966
f 850/850/850 851/851/851 852/852/852
v 29.5897 0.085876 6.75561
v 31.5897 0.085876 6.75212
v 31.5897 0.08 6.75123
vn -0.00172608 0.148621 -0.988893
vn -0.00172608 0.148621 -0.988893
vn -0.00172608 0.148621 -0.988893
vt -12.0789 0.916058
vt -7.95594 0.923254
vt -7.95594 0.925075
f 853/853/853 854/854/854 855/855/855
v 29.5897 0.08 6.75472
v 29.5897 0.085876 6.75561
v 31.5897 0.08 6.75123
vn -0.00172608 0.148621 -0.988893
vn -0.00172608 0.148621 -0.988893
vn -0.00172608 0.148621 -0.988893
vt -12.0789 0.917879
vt -12.0789 0.916058
vt -7.95594 0.925075
f 856/856/856 857/857/857 858/858/858
v 29.5898 0.099117 6.8406
v 31.5898 0.099117 6.83711
v 31.5898 0.1 6.83123
vn 0.000259379 0.988897 0.148601
vn 0.000259379 0.988897 0.148601
vn 0.000259379 0.988897 0.148601
vt -12.0785 0.740852
vt -7.95563 0.748042
vt -7.95565 0.760162
f 859/859/859 860/860/860 861/861/861
v 29.5898 0.1 6.83472
v 29.5898 0.099117 6.8406
v 31.5898 0.1 6.83123
vn 0.000259378 0.988897 0.148601
vn 0.000259378 0.988897 0.148601
vn 0.000259378 0.988897 0.148601
vt -12.0786 0.752966
vt -12.0785 0.740852
vt -7.95565 0.760162
f 862/862/862 863/863/863 864/864/864
v 31.5897 0.085876 6.75212
v 33.2474 0.085876 6.74922
v 33.2465 0.08 6.74834
vn -0.00172584 0.148543 -0.988904
vn -0.00172584 0.148543 -0.988904
vn -0.00172584 0.148543 -0.988904
vt -7.95594 0.923254
vt -4.53871 0.929221
vt -4.54041 0.931035
f 865/865/865 866/866/866 867/867/867
v 31.5897 0.08 6.75123
v 31.5897 0.085876 6.75212
v 33.2465 0.08 6.74834
vn -0.00172554 0.148621 -0.988893
vn -0.00172554 0.148621 -0.988893
vn -0.00172554 0.148621 -0.988893
vt -7.95594 0.925075
vt -7.95594 0.923254
vt -4.54041 0.931035
f 868/868/868 869/869/869 870/870/870
v 31.5898 0.099117 6.83711
v 33.3266 0.099117 6.83408
v 33.3212 0.1 6.82821
vn 0.000259333 0.988899 0.148589
vn 0.000259333 0.988899 0.148589
vn 0.000259333 0.988899 0.148589
vt -7.95563 0.748042
vt -4.37527 0.754295
vt -4.38657 0.766388
f 871/871/871 872/872/872 873/873/873
v 31.5898 0.1 6.83123
v 31.5898 0.099117 6.83711
v 33.3212 0.1 6.82821
vn 0.000259396 0.988897 0.148601
vn 0.000259396 0.988897 0.148601
vn 0.000259396 0.988897 0.148601
vt -7.95565 0.760162
vt -7.95563 0.748042
vt -4.38657 0.766388
f 874/874/874 875/875/875 876/876/876
v 33.2474 0.085876 6.74922
v 33.4913 0.085876 3.24879
v 33.4905 0.08 3.24791
vn -0.986497 0.148651 -0.068745
vn -0.986497 0.148651 -0.068745
vn -0.986497 0.148651 -0.068745
vt -4.53871 0.929221
vt -4.03586 8.14522
vt -4.03756 8.14704
f 877/877/877 878/878/878 879/879/879
v 33.2465 0.08 6.74834
v 33.2474 0.085876 6.74922
v 33.4905 0.08 3.24791
vn -0.986498 0.148643 -0.0687451
vn -0.986498 0.148643 -0.0687451
vn -0.986498 0.148643 -0.0687451
vt -4.54041 0.931035
vt -4.53871 0.929221
vt -4.03756 8.14704
f 880/880/880 881/881/881 882/882/882
v 33.3266 0.099117 6.83408
v 33.5706 0.099117 3.33365
v 33.5651 0.1 3.32778
vn 0.148236 0.988898 0.0103298
vn 0.148236 0.988898 0.0103298
vn 0.148236 0.988898 0.0103298
vt -4.37527 0.754295
vt -3.87242 7.9703
vt -3.88372 7.9824
f 883/883/883 884/884/884 885/885/885
v 33.3212 0.1 6.82821
v 33.3266 0.099117 6.83408
v 33.5651 0.1 3.32778
vn 0.148236 0.988898 0.0103298
vn 0.148236 0.988898 0.0103298
vn 0.148236 0.988898 0.0103298
vt -4.38657 0.766388
vt -4.37527 0.754295
vt -3.88372 7.9824
f 886/886/886 887/887/887 888/888/888
v 33.4913 0.085876 3.24879
v 35.5836 0.085876 3.24514
v 35.5836 0.08 3.24426
vn -0.00172601 0.14862 -0.988893
vn -0.00172601 0.14862 -0.988893
vn -0.00172601 0.14862 -0.988893
vt -4.03586 8.14522
vt 0.277302 8.15275
vt 0.277299 8.15457
f 889/889/889 890/890/890 891/891/891
v 33.4905 0.08 3.24791
v 33.4913 0.085876 3.24879
v 35.5836 0.08 3.24426
vn -0.00172588 0.148661 -0.988887
vn -0.00172588 0.148661 -0.988887
vn -0.00172588 0.148661 -0.988887
vt -4.03756 8.14704
vt -4.03586 8.14522
vt 0.277299 8.15457
f 892/892/892 893/893/893 894/894/894
v 33.5706 0.099117 3.33365
v 35.5837 0.099117 3.33013
v 35.5837 0.1 3.32426
vn 0.000259401 0.988896 0.148607
vn 0.000259401 0.988896 0.148607
vn 0.000259401 0.988896 0.148607
vt -3.87242 7.9703
vt 0.277608 7.97754
vt 0.277588 7.98966
f 895/895/895 896/896/896 897/897/897
v 33.5651 0.1 3.32778
v 33.5706 0.099117 3.33365
v 35.5837 0.1 3.32426
vn 0.000259317 0.988899 0.148589
vn 0.000259317 0.988899 0.148589
vn 0.000259317 0.988899 0.148589
vt -3.88372 7.9824
vt -3.87242 7.9703
vt 0.277588 7.98966
f 898/898/898 899/899/899 900/900/900
v 35.5836 0.085876 3.24514
v 37.5836 0.085876 3.24165
v 37.5836 0.08 3.24077
vn -0.00172612 0.148463 -0.988916
vn -0.00172612 0.148463 -0.988916
vn -0.00172612 0.148463 -0.988916
vt 0.277302 8.15275
vt 4.40022 8.15995
vt 4.40022 8.16177
f 901/901/901 902/902/902 903/903/903
v 35.5836 0.08 3.24426
v 35.5836 0.085876 3.24514
v 37.5836 0.08 3.24077
vn -0.00172561 0.14862 -0.988893
vn -0.00172561 0.14862 -0.988893
vn -0.00172561 0.14862 -0.988893
vt 0.277299 8.15457
vt 0.277302 8.15275
vt 4.40022 8.16177
f 904/904/904 905/905/905 906/906/906
v 35.5837 0.099117 3.33013
v 37.5837 0.099117 3.32664
v 37.5837 0.1 3.32077
vn 0.000259267 0.988901 0.148578
vn 0.000259267 0.988901 0.148578
vn 0.000259267 0.988901 0.148578
vt 0.277608 7.97754
vt 4.40053 7.98474
vt 4.40051 7.99685
f 907/907/907 908/908/908 909/909/909
v 35.5837 0.1 3.32426
v 35.5837 0.099117 3.33013
v 37.5837 0.1 3.32077
vn 0.000259406 0.988896 0.148607
vn 0.000259406 0.988896 0.148607
vn 0.000259406 0.988896 0.148607
vt 0.277588 7.98966
vt 0.277608 7.97754
vt 4.40051 7.99685
f 910/910/910 911/911/911 912/912/912
v 37.5836 0.085876 3.24165
v 39.5836 0.085876 3.23816
v 39.5836 0.08 3.23728
vn -0.00172573 0.148582 -0.988899
vn -0.00172573 0.148582 -0.988899
vn -0.00172573 0.148582 -0.988899
vt 4.40022 8.15995
vt 8.52314 8.16714
vt 8.52314 8.16896
f 913/913/913 914/914/914 915/915/915
v 37.5836 0.08 3.24077
v 37.5836 0.085876 3.24165
v 39.5836 0.08 3.23728
vn -0.00172612 0.148463 -0.988916
vn -0.00172612 0.148463 -0.988916
vn -0.00172612 0.148463 -0.988916
vt 4.40022 8.16177
vt 4.40022 8.15995
vt 8.52314 8.16896
f 916/916/916 917/917/917 918/918/918
v 37.5837 0.099117 3.32664
v 39.5837 0.099117 3.32315
v 39.5837 0.1 3.31728
vn 0.000259379 0.988897 0.148602
vn 0.000259379 0.988897 0.148602
vn 0.000259379 0.988897 0.148602
vt 4.40053 7.98474
vt 8.52345 7.99193
vt 8.52342 8.00404
f 919/919/919 920/920/920 921/921/921
v 37.5837 0.1 3.32077
v 37.5837 0.099117 3.32664
v 39.5837 0.1 3.31728
vn 0.000259267 0.988901 0.148578
vn 0.000259267 0.988901 0.148578
vn 0.000259267 0.988901 0.148578
vt 4.40051 7.99685
vt 4.40053 7.98474
vt 8.52342 8.00404
f 922/922/922 923/923/923 924/924/924
v 39.5836 0.085876 3.23816
v 41.5836 0.085876 3.23467
v 41.5836 0.08 3.23379
vn -0.00172609 0.148582 -0.988899
vn -0.00172609 0.148582 -0.988899
vn -0.00172609 0.148582 -0.988899
vt 8.52314 8.16714
vt 12.6461 8.17434
vt 12.6461 8.17616
f 925/925/925 926/926/926 927/927/927
v 39.5836 0.08 3.23728
v 39.5836 0.085876 3.23816
v 41.5836 0.08 3.23379
vn -0.00172609 0.148582 -0.988899
vn -0.00172609 0.148582 -0.988899
vn -0.00172609 0.148582 -0.988899
vt 8.52314 8.16896
vt 8.52314 8.16714
vt 12.6461 8.17616
f 928/928/928 929/929/929 930/930/930
v 39.5837 0.099117 3.32315
v 41.5837 0.099117 3.31966
v 41.5837 0.1 3.31379
vn 0.000259378 0.988897 0.148601
vn 0.000259378 0.988897 0.148601
vn 0.000259378 0.988897 0.148601
vt 8.52345 7.99193
vt 12.6464 7.99913
vt 12.6463 8.01124
f 931/931/931 932/932/932 933/933/933
v 39.5837 0.1 3.31728
v 39.5837 0.099117 3.32315
v 41.5837 0.1 3.31379
vn 0.000259379 0.988897 0.148602
vn 0.000259379 0.988897 0.148602
vn 0.000259379 0.988897 0.148602
vt 8.52342 8.00404
vt 8.52345 7.99193
vt 12.6463 8.01124
f 934/934/934 935/935/935 936/936/936
v 41.5836 0.085876 3.23467
v 43.5836 0.085876 3.23118
v 43.5836 0.08 3.23029
vn -0.00172608 0.14862 -0.988893
vn -0.00172608 0.14862 -0.988893
vn -0.00172608 0.14862 -0.988893
vt 12.6461 8.17434
vt 16.769 8.18154
vt 16.769 8.18336
f 937/937/937 938/938/938 939/939/939
v 41.5836 0.08 3.23379
v 41.5836 0.085876 3.23467
v 43.5836 0.08 3.23029
vn -0.0017262 0.148582 -0.988899
vn -0.0017262 0.148582 -0.988899
vn -0.0017262 0.148582 -0.988899
vt 12.6461 8.17616
vt 12.6461 8.17434
vt 16.769 8.18336
f 940/940/940 941/941/941 942/942/942
v 41.5837 0.099117 3.31966
v 43.5837 0.099117 3.31617
v 43.5837 0.1 3.3103
vn 0.000259295 0.9889 0.148584
vn 0.000259295 0.9889 0.148584
vn 0.000259295 0.9889 0.148584
vt 12.6464 7.99913
vt 16.7693 8.00632
vt 16.7693 8.01844
f 943/943/943 944/944/944 945/945/945
v 41.5837 0.1 3.31379
v 41.5837 0.099117 3.31966
v 43.5837 0.1 3.3103
vn 0.000259379 0.988897 0.148601
vn 0.000259379 0.988897 0.148601
vn 0.000259379 0.988897 0.148601
vt 12.6463 8.01124
vt 12.6464 7.99913
vt 16.7693 8.01844
f 946/946/946 947/947/947 948/948/948
v 43.5836 0.085876 3.23118
v 45.5836 0.085876 3.22769
v 45.5836 0.08 3.2268
vn -0.00172561 0.14862 -0.988893
vn -0.00172561 0.14862 -0.988893
vn -0.00172561 0.14862 -0.988893
vt 16.769 8.18154
vt 20.8919 8.18873
vt 20.8919 8.19055
f 949/949/949 950/950/950 951/951/951
v 43.5836 0.08 3.23029
v 43.5836 0.085876 3.23118
v 45.5836 0.08 3.2268
vn -0.00172561 0.14862 -0.988893
vn -0.00172561 0.14862 -0.988893
vn -0.00172561 0.14862 -0.988893
vt 16.769 8.18336
vt 16.769 8.18154
vt 20.8919 8.19055
f 952/952/952 953/953/953 954/954/954
v 43.5837 0.099117 3.31617
v 45.5837 0.099117 3.31268
v 45.5837 0.1 3.3068
vn 0.000259379 0.988897 0.148601
vn 0.000259379 0.988897 0.148601
vn 0.000259379 0.988897 0.148601
vt 16.7693 8.00632
vt 20.8922 8.01352
vt 20.8922 8.02563
f 955/955/955 956/956/956 957/957/957
v 43.5837 0.1 3.3103
v 43.5837 0.099117 3.31617
v 45.5837 0.1 3.3068
vn 0.000259295 0.9889 0.148584
vn 0.000259295 0.9889 0.148584
vn 0.000259295 0.9889 0.148584
vt 16.7693 8.01844
vt 16.7693 8.00632
vt 20.8922 8.02563
f 958/958/958 959/959/959 960/960/960
v 45.5836 0.085876 3.22769
v 46.8257 0.085876 3.13753
v 46.825 0.08 3.13649
vn -0.071172 0.182705 -0.980588
vn -0.071172 0.182705 -0.980588
vn -0.071172 0.182705 -0.980588
vt 20.8919 8.18873
vt 23.4525 8.37458
vt 23.4511 8.37673
f 961/961/961 962/962/962 963/963/963
v 45.5836 0.08 3.2268
v 45.5836 0.085876 3.22769
v 46.825 0.08 3.13649
vn -0.0717581 0.148237 -0.986345
vn -0.0717581 0.148237 -0.986345
vn -0.0717581 0.148237 -0.986345
vt 20.8919 8.19055
vt 20.8919 8.18873
vt 23.4511 8.37673
f 964/964/964 965/965/965 966/966/966
v 45.5837 0.099117 3.31268
v 46.8916 0.099117 3.23806
v 46.887 0.1 3.23111
vn 0.00693406 0.992563 0.121538
vn 0.00693406 0.992563 0.121538
vn 0.00693406 0.992563 0.121538
vt 20.8922 8.01352
vt 23.5883 8.16734
vt 23.5789 8.18167
f 967/967/967 968/968/968 969/969/969
v 45.5837 0.1 3.3068
v 45.5837 0.099117 3.31268
v 46.887 0.1 3.23111
vn 0.008629 0.988863 0.14858
vn 0.008629 0.988863 0.14858
vn 0.008629 0.988863 0.14858
vt 20.8922 8.02563
vt 20.8922 8.01352
vt 23.5789 8.18167
f 970/970/970 971/971/971 972/972/972
v 46.8257 0.085876 3.13753
v 46.8768 0.085876 2.89192
v 46.8759 0.08 2.89174
vn -0.968202 0.148227 -0.201527
vn -0.968202 0.148227 -0.201527
vn -0.968202 0.148227 -0.201527
vt 23.4525 8.37458
vt 23.5579 8.88092
vt 23.5561 8.88128
f 973/973/973 974/974/974 975/975/975
v 46.825 0.08 3.13649
v 46.8257 0.085876 3.13753
v 46.8759 0.08 2.89174
vn -0.96809 0.148966 -0.201522
vn -0.96809 0.148966 -0.201522
vn -0.96809 0.148966 -0.201522
vt 23.4511 8.37673
vt 23.4525 8.37458
vt 23.5561 8.88128
f 976/976/976 977/977/977 978/978/978
v 46.8916 0.099117 3.23806
v 46.96 0.099117 2.90924
v 46.9543 0.1 2.90804
vn 0.145486 0.988897 0.0302818
vn 0.145486 0.988897 0.0302818
vn 0.145486 0.988897 0.0302818
vt 23.5883 8.16734
vt 23.7294 8.84521
vt 23.7175 8.84768
f 979/979/979 980/980/980 981/981/981
v 46.887 0.1 3.23111
v 46.8916 0.099117 3.23806
v 46.9543 0.1 2.90804
vn 0.145402 0.98891 0.030266
vn 0.145402 0.98891 0.030266
vn 0.145402 0.98891 0.030266
vt 23.5789 8.18167
vt 23.5883 8.16734
vt 23.7175 8.84768
f 982/982/982 983/983/983 984/984/984
v 46.8768 0.085876 2.89192
v 46.9481 0.085876 2.54926
v 46.9473 0.08 2.54908
vn -0.968202 0.148227 -0.20153
vn -0.968202 0.148227 -0.20153
vn -0.968202 0.148227 -0.20153
vt 23.5579 8.88092
vt 23.7049 9.58729
vt 23.7031 9.58765
f 985/985/985 986/986/986 987/987/987
v 46.8759 0.08 2.89174
v 46.8768 0.085876 2.89192
v 46.9473 0.08 2.54908
vn -0.968202 0.148227 -0.20153
vn -0.968202 0.148227 -0.20153
vn -0.968202 0.148227 -0.20153
vt 23.5561 8.88128
vt 23.5579 8.88092
vt 23.7031 9.58765
f 988/988/988 989/989/989 990/990/990
v 46.96 0.099117 2.90924
v 47.0313 0.099117 2.56658
v 47.0256 0.1 2.56538
vn 0.145485 0.988897 0.0302826
vn 0.145485 0.988897 0.0302826
vn 0.145485 0.988897 0.0302826
vt 23.7294 8.84521
vt 23.8764 9.55158
vt 23.8646 9.55405
f 991/991/991 992/992/992 993/993/993
v 46.9543 0.1 2.90804
v 46.96 0.099117 2.90924
v 47.0256 0.1 2.56538
vn 0.145485 0.988897 0.0302826
vn 0.145485 0.988897 0.0302826
vn 0.145485 0.988897 0.0302826
vt 23.7175 8.84768
vt 23.7294 8.84521
vt 23.8646 9.55405
f 994/994/994 995/995/995 996/996/996
v 46.9481 0.085876 2.54926
v 47.0195 0.085876 2.2066
v 47.0186 0.08 2.20642
vn -0.968202 0.148227 -0.20153
vn -0.968202 0.148227 -0.20153
vn -0.968202 0.148227 -0.20153
vt 23.7049 9.58729
vt 23.8519 10.2937
vt 23.8501 10.294
f 997/997/997 998/998/998 999/999/999
v 46.9473 0.08 2.54908
v 46.9481 0.085876 2.54926
v 47.0186 0.08 2.20642
vn -0.968202 0.148227 -0.20153
vn -0.968202 0.148227 -0.20153
vn -0.968202 0.148227 -0.20153
vt 23.7031 9.58765
vt 23.7049 9.58729
vt 23.8501 10.294
f 1000/1000/1000 1001/1001/1001 1002/1002/1002
v 47.0313 0.099117 2.56658
v 47.1027 0.099117 2.22392
v 47.0969 0.1 2.22273
vn 0.145491 0.988896 0.0302838
vn 0.145491 0.988896 0.0302838
vn 0.145491 0.988896 0.0302838
vt 23.8764 9.55158
vt 24.0235 10.2579
vt 24.0116 10.2604
f 1003/1003/1003 1004/1004/1004 1005/1005/1005
v 47.0256 0.1 2.56538
v 47.0313 0.099117 2.56658
v 47.0969 0.1 2.22273
vn 0.145485 0.988897 0.0302827
vn 0.145485 0.988897 0.0302827
vn 0.145485 0.988897 0.0302827
vt 23.8646 9.55405
vt 23.8764 9.55158
vt 24.0116 10.2604
f 1006/1006/1006 1007/1007/1007 1008/1008/1008
v 47.0195 0.085876 2.2066
v 47.0908 0.085876 1.86395
v 47.0899 0.08 1.86377
vn -0.968202 0.148227 -0.20153
vn -0.968202 0.148227 -0.20153
vn -0.968202 0.148227 -0.20153
vt 23.8519 10.2937
vt 23.999 11
vt 23.9972 11.0004
f 1009/1009/1009 1010/1010/1010 1011/1011/1011
v 47.0186 0.08 2.20642
v 47.0195 0.085876 2.2066
v 47.0899 0.08 1.86377
vn -0.968202 0.148227 -0.20153
vn -0.968202 0.148227 -0.20153
vn -0.968202 0.148227 -0.20153
vt 23.8501 10.294
vt 23.8519 10.2937
vt 23.9972 11.0004
f 1012/1012/1012 1013/1013/1013 1014/1014/1014
v 47.1027 0.099117 2.22392
v 47.174 0.099117 1.88127
v 47.1682 0.1 1.88007
vn 0.145486 0.988897 0.0302828
vn 0.145486 0.988897 0.0302828
vn 0.145486 0.988897 0.0302828
vt 24.0235 10.2579
vt 24.1705 10.9643
vt 24.1586 10.9668
f 1015/1015/1015 1016/1016/1016 1017/1017/1017
v 47.0969 0.1 2.22273
v 47.1027 0.099117 2.22392
v 47.1682 0.1 1.88007
vn 0.145491 0.988896 0.0302838
vn 0.145491 0.988896 0.0302838
vn 0.145491 0.988896 0.0302838
vt 24.0116 10.2604
vt 24.0235 10.2579
vt 24.1586 10.9668
f 1018/1018/1018 1019/1019/1019 1020/1020/1020
v 47.0908 0.085876 1.86395
v 47.1621 0.085876 1.52129
v 47.1612 0.08 1.52111
vn -0.968109 0.148842 -0.201522
vn -0.968109 0.148842 -0.201522
vn -0.968109 0.148842 -0.201522
vt 23.999 11
vt 24.146 11.7064
vt 24.1442 11.7068
f 1021/1021/1021 1022/1022/1022 1023/1023/1023
v 47.0899 0.08 1.86377
v 47.0908 0.085876 1.86395
v 47.1612 0.08 1.52111
vn -0.968201 0.148227 -0.20153
vn -0.968201 0.148227 -0.20153
vn -0.968201 0.148227 -0.20153
vt 23.9972 11.0004
vt 23.999 11
vt 24.1442 11.7068
f 1024/1024/1024 1025/1025/1025 1026/1026/1026
v 47.174 0.099117 1.88127
v 47.2453 0.099117 1.53861
v 47.2396 0.1 1.53742
vn 0.145486 0.988897 0.0302843
vn 0.145486 0.988897 0.0302843
vn 0.145486 0.988897 0.0302843
vt 24.1705 10.9643
vt 24.3175 11.6707
vt 24.3057 11.6732
f 1027/1027/1027 1028/1028/1028 1029/1029/1029
v 47.1682 0.1 1.88007
v 47.174 0.099117 1.88127
v 47.2396 0.1 1.53742
vn 0.145486 0.988897 0.0302843
vn 0.145486 0.988897 0.0302843
vn 0.145486 0.988897 0.0302843
vt 24.1586 10.9668
vt 24.1705 10.9643
vt 24.3057 11.6732
f 1030/1030/1030 1031/1031/1031 1032/1032/1032
v 47.1621 0.085876 1.52129
v 47.2334 0.085876 1.17864
v 47.2326 0.08 1.17846
vn -0.968111 0.148842 -0.201511
vn -0.968111 0.148842 -0.201511
vn -0.968111 0.148842 -0.201511
vt 24.146 11.7064
vt 24.293 12.4128
vt 24.2912 12.4131
f 1033/1033/1033 1034/1034/1034 1035/1035/1035
v 47.1612 0.08 1.52111
v 47.1621 0.085876 1.52129
v 47.2326 0.08 1.17846
vn -0.968111 0.148842 -0.201511
vn -0.968111 0.148842 -0.201511
vn -0.968111 0.148842 -0.201511
vt 24.1442 11.7068
vt 24.146 11.7064
vt 24.2912 12.4131
f 1036/1036/1036 1037/1037/1037 1038/1038/1038
v 47.2453 0.099117 1.53861
v 47.3166 0.099117 1.19596
v 47.3109 0.1 1.19476
vn 0.145491 0.988896 0.0302837
vn 0.145491 0.988896 0.0302837
vn 0.145491 0.988896 0.0302837
vt 24.3175 11.6707
vt 24.4646 12.3771
vt 24.4527 12.3795
f 1039/1039/1039 1040/1040/1040 1041/1041/1041
v 47.2396 0.1 1.53742
v 47.2453 0.099117 1.53861
v 47.3109 0.1 1.19476
vn 0.145486 0.988897 0.0302828
vn 0.145486 0.988897 0.0302828
vn 0.145486 0.988897 0.0302828
vt 24.3057 11.6732
vt 24.3175 11.6707
vt 24.4527 12.3795
f 1042/1042/1042 1043/1043/1043 1044/1044/1044
v 47.2334 0.085876 1.17864
v 47.3047 0.085876 0.835981
v 47.3039 0.08 0.835801
vn -0.968111 0.148842 -0.201511
vn -0.968111 0.148842 -0.201511
vn -0.968111 0.148842 -0.201511
vt 24.293 12.4128
vt 24.44 13.1191
vt 24.4383 13.1195
f 1045/1045/1045 1046/1046/1046 1047/1047/1047
v 47.2326 0.08 1.17846
v 47.2334 0.085876 1.17864
v 47.3039 0.08 0.835801
vn -0.968111 0.148842 -0.201511
vn -0.968111 0.148842 -0.201511
vn -0.968111 0.148842 -0.201511
vt 24.2912 12.4131
vt 24.293 12.4128
vt 24.4383 13.1195
f 1048/1048/1048 1049/1049/1049 1050/1050/1050
v 47.3166 0.099117 1.19596
v 47.388 0.099117 0.853301
v 47.3822 0.1 0.852104
vn 0.145491 0.988896 0.0302837
vn 0.145491 0.988896 0.0302837
vn 0.145491 0.988896 0.0302837
vt 24.4646 12.3771
vt 24.6116 13.0834
vt 24.5997 13.0859
f 1051/1051/1051 1052/1052/1052 1053/1053/1053
v 47.3109 0.1 1.19476
v 47.3166 0.099117 1.19596
v 47.3822 0.1 0.852104
vn 0.145491 0.988896 0.0302837
vn 0.145491 0.988896 0.0302837
vn 0.145491 0.988896 0.0302837
vt 24.4527 12.3795
vt 24.4646 12.3771
vt 24.5997 13.0859
f 1054/1054/1054 1055/1055/1055 1056/1056/1056
v 47.3047 0.085876 0.835981
v 47.3761 0.085876 0.493326
v 47.3752 0.08 0.493146
vn -0.968111 0.148842 -0.201512
vn -0.968111 0.148842 -0.201512
vn -0.968111 0.148842 -0.201512
vt 24.44 13.1191
vt 24.5871 13.8255
vt 24.5853 13.8259
f 1057/1057/1057 1058/1058/1058 1059/1059/1059
v 47.3039 0.08 0.835801
v 47.3047 0.085876 0.835981
v 47.3752 0.08 0.493146
vn -0.968111 0.148842 -0.201512
vn -0.968111 0.148842 -0.201512
vn -0.968111 0.148842 -0.201512
vt 24.4383 13.1195
vt 24.44 13.1191
vt 24.5853 13.8259
f 1060/1060/1060 1061/1061/1061 1062/1062/1062
v 47.388 0.099117 0.853301
v 47.4593 0.099117 0.510646
v 47.4535 0.1 0.509448
vn 0.145486 0.988897 0.0302827
vn 0.145486 0.988897 0.0302827
vn 0.145486 0.988897 0.0302827
vt 24.6116 13.0834
vt 24.7586 13.7898
vt 24.7468 13.7923
f 1063/1063/1063 1064/1064/1064 1065/1065/1065
v 47.3822 0.1 0.852104
v 47.388 0.099117 0.853301
v 47.4535 0.1 0.509448
vn 0.145491 0.988896 0.0302837
vn 0.145491 0.988896 0.0302837
vn 0.145491 0.988896 0.0302837
vt 24.5997 13.0859
vt 24.6116 13.0834
vt 24.7468 13.7923
f 1066/1066/1066 1067/1067/1067 1068/1068/1068
v 47.3761 0.085876 0.493326
v 47.4474 0.037915 0.15067
v 47.4465 0.032039 0.15049
vn -0.963863 0.148199 -0.22137
vn -0.963863 0.148199 -0.22137
vn -0.963863 0.148199 -0.22137
vt 24.5871 13.8255
vt 24.7341 14.5319
vt 24.7323 14.5323
f 1069/1069/1069 1070/1070/1070 1071/1071/1071
v 47.3752 0.08 0.493146
v 47.3761 0.085876 0.493326
v 47.4465 0.032039 0.15049
vn -0.963752 0.14881 -0.221443
vn -0.963752 0.14881 -0.221443
vn -0.963752 0.14881 -0.221443
vt 24.5853 13.8259
vt 24.5871 13.8255
vt 24.7323 14.5323
f 1072/1072/1072 1073/1073/1073 1074/1074/1074
v 47.4593 0.099117 0.510646
v 47.5306 0.051156 0.16799
v 47.5249 0.052039 0.166793
vn 0.171529 0.979941 -0.101457
vn 0.171529 0.979941 -0.101457
vn 0.171529 0.979941 -0.101457
vt 24.7586 13.7898
vt 24.9056 14.4962
vt 24.8938 14.4986
f 1075/1075/1075 1076/1076/1076 1077/1077/1077
v 47.4535 0.1 0.509448
v 47.4593 0.099117 0.510646
v 47.5249 0.052039 0.166793
vn 0.171545 0.979938 -0.101454
vn 0.171545 0.979938 -0.101454
vn 0.171545 0.979938 -0.101454
vt 24.7468 13.7923
vt 24.7586 13.7898
vt 24.8938 14.4986
f 1078/1078/1078 1079/1079/1079 1080/1080/1080
v 47.4474 0.037915 0.15067
v 47.5102 -0.001176 -0.151266
v 47.5094 -0.006842 -0.151446
vn -0.96325 0.153567 -0.22038
vn -0.96325 0.153567 -0.22038
vn -0.96325 0.153567 -0.22038
vt 24.7341 14.5319
vt 24.8637 15.1543
vt 24.8619 15.1547
f 1081/1081/1081 1082/1082/1082 1083/1083/1083
v 47.4465 0.032039 0.15049
v 47.4474 0.037915 0.15067
v 47.5094 -0.006842 -0.151446
vn -0.964225 0.148203 -0.219785
vn -0.964225 0.148203 -0.219785
vn -0.964225 0.148203 -0.219785
vt 24.7323 14.5323
vt 24.7341 14.5319
vt 24.8619 15.1547
f 1084/1084/1084 1085/1085/1085 1086/1086/1086
v 47.5306 0.051156 0.16799
v 47.5934 0.012065 -0.133861
v 47.5877 0.012947 -0.135064
vn 0.169634 0.981226 -0.0917627
vn 0.169634 0.981226 -0.0917627
vn 0.169634 0.981226 -0.0917627
vt 24.9056 14.4962
vt 25.0352 15.1184
vt 25.0233 15.1209
f 1087/1087/1087 1088/1088/1088 1089/1089/1089
v 47.5249 0.052039 0.166793
v 47.5306 0.051156 0.16799
v 47.5877 0.012947 -0.135064
vn 0.169705 0.981215 -0.0917481
vn 0.169705 0.981215 -0.0917481
vn 0.169705 0.981215 -0.0917481
vt 24.8938 14.4986
vt 24.9056 14.4962
vt 25.0233 15.1209
f 1090/1090/1090 1091/1091/1091 1092/1092/1092
v 27.6769 0.006305 -0.041946
v 27.6774 0.02406 0.208052
v 27.6783 0.018184 0.208051
vn 0.988819 0.148612 -0.0122821
vn 0.988819 0.148612 -0.0122821
vn 0.988819 0.148612 -0.0122821
vt -16.0219 14.929
vt -16.021 14.4136
vt -16.0192 14.4136
f 1093/1093/1093 1094/1094/1094 1095/1095/1095
v 27.6778 0.002657 -0.041949
v 27.6769 0.006305 -0.041946
v 27.6783 0.018184 0.208051
vn 0.971795 0.235264 -0.0163096
vn 0.971795 0.235264 -0.0163096
vn 0.971795 0.235264 -0.0163096
vt -16.0201 14.929
vt -16.0219 14.929
vt -16.0192 14.4136
f 1096/1096/1096 1097/1097/1097 1098/1098/1098
v 27.592 0.011005 -0.041712
v 27.5924 0.037301 0.208201
v 27.5983 0.038184 0.20819
vn -0.147985 0.983587 -0.103235
vn -0.147985 0.983587 -0.103235
vn -0.147985 0.983587 -0.103235
vt -16.1971 14.9285
vt -16.1962 14.4133
vt -16.1841 14.4133
f 1099/1099/1099 1100/1100/1100 1101/1101/1101
v 27.5978 0.011149 -0.041728
v 27.592 0.011005 -0.041712
v 27.5983 0.038184 0.20819
vn -0.0246474 0.993902 -0.107473
vn -0.0246474 0.993902 -0.107473
vn -0.0246474 0.993902 -0.107473
vt -16.185 14.9285
vt -16.1971 14.9285
vt -16.1841 14.4133
f 1102/1102/1102 1103/1103/1103 1104/1104/1104
v 27.6774 0.02406 0.208052
v 27.678 0.046553 0.558052
v 27.6789 0.040676 0.55805
vn 0.988835 0.14859 -0.0112737
vn 0.988835 0.14859 -0.0112737
vn 0.988835 0.14859 -0.0112737
vt -16.021 14.4136
vt -16.0198 13.6921
vt -16.0179 13.6921
f 1105/1105/1105 1106/1106/1106 1107/1107/1107
v 27.6783 0.018184 0.208051
v 27.6774 0.02406 0.208052
v 27.6789 0.040676 0.55805
vn 0.988831 0.148613 -0.0112747
vn 0.988831 0.148613 -0.0112747
vn 0.988831 0.148613 -0.0112747
vt -16.0192 14.4136
vt -16.021 14.4136
vt -16.0179 13.6921
f 1108/1108/1108 1109/1109/1109 1110/1110/1110
v 27.5924 0.037301 0.208201
v 27.593 0.059794 0.5582
v 27.5989 0.060676 0.55819
vn -0.148235 0.986933 -0.0631676
vn -0.148235 0.986933 -0.0631676
vn -0.148235 0.986933 -0.0631676
vt -16.1962 14.4133
vt -16.195 13.6918
vt -16.1829 13.6918
f 1111/1111/1111 1112/1112/1112 1113/1113/1113
v 27.5983 0.038184 0.20819
v 27.5924 0.037301 0.208201
v 27.5989 0.060676 0.55819
vn -0.148409 0.986907 -0.0631627
vn -0.148409 0.986907 -0.0631627
vn -0.148409 0.986907 -0.0631627
vt -16.1841 14.4133
vt -16.1962 14.4133
vt -16.1829 13.6918
f 1114/1114/1114 1115/1115/1115 1116/1116/1116
v 27.678 0.046553 0.558052
v 27.6786 0.067973 0.908051
v 27.6795 0.062097 0.90805
vn 0.988836 0.148614 -0.0108196
vn 0.988836 0.148614 -0.0108196
vn 0.988836 0.148614 -0.0108196
vt -16.0198 13.6921
vt -16.0185 12.9706
vt -16.0167 12.9706
f 1117/1117/1117 1118/1118/1118 1119/1119/1119
v 27.6789 0.040676 0.55805
v 27.678 0.046553 0.558052
v 27.6795 0.062097 0.90805
vn 0.98884 0.148591 -0.0108186
vn 0.98884 0.148591 -0.0108186
vn 0.98884 0.148591 -0.0108186
vt -16.0179 13.6921
vt -16.0198 13.6921
vt -16.0167 12.9706
f 1120/1120/1120 1121/1121/1121 1122/1122/1122
v 27.593 0.059794 0.5582
v 27.5936 0.081214 0.9082
v 27.5995 0.082097 0.908189
vn -0.148431 0.987092 -0.0601512
vn -0.148431 0.987092 -0.0601512
vn -0.148431 0.987092 -0.0601512
vt -16.195 13.6918
vt -16.1937 12.9703
vt -16.1816 12.9703
f 1123/1123/1123 1124/1124/1124 1125/1125/1125
v 27.5989 0.060676 0.55819
v 27.593 0.059794 0.5582
v 27.5995 0.082097 0.908189
vn -0.148257 0.987118 -0.060156
vn -0.148257 0.987118 -0.060156
vn -0.148257 0.987118 -0.060156
vt -16.1829 13.6918
vt -16.195 13.6918
vt -16.1816 12.9703
f 1126/1126/1126 1127/1127/1127 1128/1128/1128
v 27.6786 0.067973 0.908051
v 27.6792 0.085876 1.25805
v 27.6801 0.08 1.25805
vn 0.988898 0.148303 -0.00931582
vn 0.988898 0.148303 -0.00931582
vn 0.988898 0.148303 -0.00931582
vt -16.0185 12.9706
vt -16.0172 12.2491
vt -16.0154 12.2491
f 1129/1129/1129 1130/1130/1130 1131/1131/1131
v 27.6795 0.062097 0.90805
v 27.6786 0.067973 0.908051
v 27.6801 0.08 1.25805
vn 0.988851 0.148616 -0.00932635
vn 0.988851 0.148616 -0.00932635
vn 0.988851 0.148616 -0.00932635
vt -16.0167 12.9706
vt -16.0185 12.9706
vt -16.0154 12.2491
f 1132/1132/1132 1133/1133/1133 1134/1134/1134
v 27.5936 0.081214 0.9082
v 27.5942 0.099117 1.2582
v 27.6001 0.1 1.25819
vn -0.148486 0.987637 -0.0502594
vn -0.148486 0.987637 -0.0502594
vn -0.148486 0.987637 -0.0502594
vt -16.1937 12.9703
vt -16.1924 12.2488
vt -16.1803 12.2488
f 1135/1135/1135 1136/1136/1136 1137/1137/1137
v 27.5995 0.082097 0.908189
v 27.5936 0.081214 0.9082
v 27.6001 0.1 1.25819
vn -0.148495 0.987635 -0.0502592
vn -0.148495 0.987635 -0.0502592
vn -0.148495 0.987635 -0.0502592
vt -16.1816 12.9703
vt -16.1937 12.9703
vt -16.1803 12.2488
f 1138/1138/1138 1139/1139/1139 1140/1140/1140
v 27.6792 0.085876 1.25805
v 27.6798 0.085876 1.60805
v 27.6807 0.08 1.60805
vn 0.988893 0.148621 -0.0017245
vn 0.988893 0.148621 -0.0017245
vn 0.988893 0.148621 -0.0017245
vt -16.0172 12.2491
vt -16.016 11.5276
vt -16.0142 11.5276
f 1141/1141/1141 1142/1142/1142 1143/1143/1143
v 27.6801 0.08 1.25805
v 27.6792 0.085876 1.25805
v 27.6807 0.08 1.60805
vn 0.98894 0.148307 -0.00172996
vn 0.98894 0.148307 -0.00172996
vn 0.98894 0.148307 -0.00172996
vt -16.0154 12.2491
vt -16.0172 12.2491
vt -16.0142 11.5276
f 1144/1144/1144 1145/1145/1145 1146/1146/1146
v 27.5942 0.099117 1.2582
v 27.5948 0.099117 1.6082
v 27.6007 0.1 1.60819
vn -0.14859 0.988899 0.00025912
vn -0.14859 0.988899 0.00025912
vn -0.14859 0.988899 0.00025912
vt -16.1924 12.2488
vt -16.1912 11.5272
vt -16.1791 11.5273
f 1147/1147/1147 1148/1148/1148 1149/1149/1149
v 27.6001 0.1 1.25819
v 27.5942 0.099117 1.2582
v 27.6007 0.1 1.60819
vn -0.14859 0.988899 0.000259121
vn -0.14859 0.988899 0.000259121
vn -0.14859 0.988899 0.000259121
vt -16.1803 12.2488
vt -16.1924 12.2488
vt -16.1791 11.5273
f 1150/1150/1150 1151/1151/1151 1152/1152/1152
v 27.6798 0.085876 1.60805
v 27.6804 0.085876 1.95805
v 27.6813 0.08 1.95805
vn 0.988893 0.148621 -0.00172449
vn 0.988893 0.148621 -0.00172449
vn 0.988893 0.148621 -0.00172449
vt -16.016 11.5276
vt -16.0147 10.806
vt -16.0129 10.806
f 1153/1153/1153 1154/1154/1154 1155/1155/1155
v 27.6807 0.08 1.60805
v 27.6798 0.085876 1.60805
v 27.6813 0.08 1.95805
vn 0.988893 0.148621 -0.0017245
vn 0.988893 0.148621 -0.0017245
vn 0.988893 0.148621 -0.0017245
vt -16.0142 11.5276
vt -16.016 11.5276
vt -16.0129 10.806
f 1156/1156/1156 1157/1157/1157 1158/1158/1158
v 27.5948 0.099117 1.6082
v 27.5954 0.099117 1.9582
v 27.6013 0.1 1.95819
vn -0.14859 0.988899 0.000259121
vn -0.14859 0.988899 0.000259121
vn -0.14859 0.988899 0.000259121
vt -16.1912 11.5272
vt -16.1899 10.8057
vt -16.1778 10.8058
f 1159/1159/1159 1160/1160/1160 1161/1161/1161
v 27.6007 0.1 1.60819
v 27.5948 0.099117 1.6082
v 27.6013 0.1 1.95819
vn -0.14859 0.988899 0.00025912
vn -0.14859 0.988899 0.00025912
vn -0.14859 0.988899 0.00025912
vt -16.1791 11.5273
vt -16.1912 11.5272
vt -16.1778 10.8058
f 1162/1162/1162 1163/1163/1163 1164/1164/1164
v 27.6804 0.085876 1.95805
v 27.681 0.085876 2.30805
v 27.6819 0.08 2.30805
vn 0.988893 0.148621 -0.0017245
vn 0.988893 0.148621 -0.0017245
vn 0.988893 0.148621 -0.0017245
vt -16.0147 10.806
vt -16.0135 10.0845
vt -16.0116 10.0845
f 1165/1165/1165 1166/1166/1166 1167/1167/1167
v 27.6813 0.08 1.95805
v 27.6804 0.085876 1.95805
v 27.6819 0.08 2.30805
vn 0.988893 0.148621 -0.00172449
vn 0.988893 0.148621 -0.00172449
vn 0.988893 0.148621 -0.00172449
vt -16.0129 10.806
vt -16.0147 10.806
vt -16.0116 10.0845
f 1168/1168/1168 1169/1169/1169 1170/1170/1170
v 27.5954 0.099117 1.9582
v 27.5961 0.099117 2.3082
v 27.6019 0.1 2.30819
vn -0.14859 0.988899 0.00025912
vn -0.14859 0.988899 0.00025912
vn -0.14859 0.988899 0.00025912
vt -16.1899 10.8057
vt -16.1887 10.0842
vt -16.1766 10.0842
f 1171/1171/1171 1172/1172/1172 1173/1173/1173
v 27.6013 0.1 1.95819
v 27.5954 0.099117 1.9582
v 27.6019 0.1 2.30819
vn -0.14859 0.988899 0.000259121
vn -0.14859 0.988899 0.000259121
vn -0.14859 0.988899 0.000259121
vt -16.1778 10.8058
vt -16.1899 10.8057
vt -16.1766 10.0842
f 1174/1174/1174 1175/1175/1175 1176/1176/1176
v 27.681 0.085876 2.30805
v 27.6817 0.085876 2.65805
v 27.6825 0.08 2.65805
vn 0.988893 0.148621 -0.00172988
vn 0.988893 0.148621 -0.00172988
vn 0.988893 0.148621 -0.00172988
vt -16.0135 10.0845
vt -16.0122 9.36302
vt -16.0104 9.36302
f 1177/1177/1177 1178/1178/1178 1179/1179/1179
v 27.6819 0.08 2.30805
v 27.681 0.085876 2.30805
v 27.6825 0.08 2.65805
vn 0.988893 0.148621 -0.00172989
vn 0.988893 0.148621 -0.00172989
vn 0.988893 0.148621 -0.00172989
vt -16.0116 10.0845
vt -16.0135 10.0845
vt -16.0104 9.36302
f 1180/1180/1180 1181/1181/1181 1182/1182/1182
v 27.5961 0.099117 2.3082
v 27.5967 0.099117 2.6582
v 27.6025 0.1 2.65819
vn -0.14859 0.988899 0.00025993
vn -0.14859 0.988899 0.00025993
vn -0.14859 0.988899 0.00025993
vt -16.1887 10.0842
vt -16.1874 9.36271
vt -16.1753 9.36274
f 1183/1183/1183 1184/1184/1184 1185/1185/1185
v 27.6019 0.1 2.30819
v 27.5961 0.099117 2.3082
v 27.6025 0.1 2.65819
vn -0.14859 0.988899 0.00025993
vn -0.14859 0.988899 0.00025993
vn -0.14859 0.988899 0.00025993
vt -16.1766 10.0842
vt -16.1887 10.0842
vt -16.1753 9.36274
f 1186/1186/1186 1187/1187/1187 1188/1188/1188
v 27.6817 0.085876 2.65805
v 27.6823 0.085876 3.00805
v 27.6832 0.08 3.00805
vn 0.988893 0.148621 -0.0017245
vn 0.988893 0.148621 -0.0017245
vn 0.988893 0.148621 -0.0017245
vt -16.0122 9.36302
vt -16.0109 8.64151
vt -16.0091 8.64151
f 1189/1189/1189 1190/1190/1190 1191/1191/1191
v 27.6825 0.08 2.65805
v 27.6817 0.085876 2.65805
v 27.6832 0.08 3.00805
vn 0.988893 0.148621 -0.00172449
vn 0.988893 0.148621 -0.00172449
vn 0.988893 0.148621 -0.00172449
vt -16.0104 9.36302
vt -16.0122 9.36302
vt -16.0091 8.64151
f 1192/1192/1192 1193/1193/1193 1194/1194/1194
v 27.5967 0.099117 2.6582
v 27.5973 0.099117 3.0082
v 27.6032 0.1 3.00819
vn -0.14859 0.988899 0.00025912
vn -0.14859 0.988899 0.00025912
vn -0.14859 0.988899 0.00025912
vt -16.1874 9.36271
vt -16.1862 8.6412
vt -16.174 8.64122
f 1195/1195/1195 1196/1196/1196 1197/1197/1197
v 27.6025 0.1 2.65819
v 27.5967 0.099117 2.6582
v 27.6032 0.1 3.00819
vn -0.14859 0.988899 0.00025912
vn -0.14859 0.988899 0.00025912
vn -0.14859 0.988899 0.00025912
vt -16.1753 9.36274
vt -16.1874 9.36271
vt -16.174 8.64122
f 1198/1198/1198 1199/1199/1199 1200/1200/1200
v 27.6823 0.085876 3.00805
v 27.6829 0.085876 3.35485
v 27.6838 0.08 3.35482
vn 0.988891 0.148629 -0.00172407
vn 0.988891 0.148629 -0.00172407
vn 0.988891 0.148629 -0.00172407
vt -16.0109 8.64151
vt -16.0097 7.92659
vt -16.0079 7.92665
f 1201/1201/1201 1202/1202/1202 1203/1203/1203
v 27.6832 0.08 3.00805
v 27.6823 0.085876 3.00805
v 27.6838 0.08 3.35482
vn 0.988893 0.148621 -0.00172421
vn 0.988893 0.148621 -0.00172421
vn 0.988893 0.148621 -0.00172421
vt -16.0091 8.64151
vt -16.0109 8.64151
vt -16.0079 7.92665
f 1204/1204/1204 1205/1205/1205 1206/1206/1206
v 27.5973 0.099117 3.0082
v 27.5979 0.099117 3.35774
v 27.6038 0.1 3.35754
vn -0.148581 0.9889 0.000259444
vn -0.148581 0.9889 0.000259444
vn -0.148581 0.9889 0.000259444
vt -16.1862 8.6412
vt -16.1849 7.92063
vt -16.1728 7.92104
f 1207/1207/1207 1208/1208/1208 1209/1209/1209
v 27.6032 0.1 3.00819
v 27.5973 0.099117 3.0082
v 27.6038 0.1 3.35754
vn -0.14859 0.988899 0.000259598
vn -0.14859 0.988899 0.000259598
vn -0.14859 0.988899 0.000259598
vt -16.174 8.64122
vt -16.1862 8.6412
vt -16.1728 7.92104
f 1210/1210/1210 1211/1211/1211 1212/1212/1212
v 27.68 0.091622 3.35495
v 27.9059 0.091622 6.76139
v 27.9085 0.085876 6.75854
vn 0.894439 0.443241 -0.0592974
vn 0.894439 0.443241 -0.0592974
vn 0.894439 0.443241 -0.0592974
vt -16.0155 7.92639
vt -15.55 0.904144
vt -15.5445 0.910012
f 1213/1213/1213 1214/1214/1214 1215/1215/1215
v 27.6829 0.085876 3.35485
v 27.68 0.091622 3.35495
v 27.9085 0.085876 6.75854
vn 0.894499 0.44312 -0.0593016
vn 0.894499 0.44312 -0.0593016
vn 0.894499 0.44312 -0.0593016
vt -16.0097 7.92659
vt -16.0155 7.92639
vt -15.5445 0.910012
f 1216/1216/1216 1217/1217/1217 1218/1218/1218
v 27.6754 0.096277 3.35511
v 27.9015 0.096277 6.76605
v 27.9059 0.091622 6.76139
vn 0.705684 0.706981 -0.0467839
vn 0.705684 0.706981 -0.0467839
vn 0.705684 0.706981 -0.0467839
vt -16.0251 7.92606
vt -15.559 0.894536
vt -15.55 0.904144
f 1219/1219/1219 1220/1220/1220 1221/1221/1221
v 27.68 0.091622 3.35495
v 27.6754 0.096277 3.35511
v 27.9059 0.091622 6.76139
vn 0.705619 0.707046 -0.0467795
vn 0.705619 0.707046 -0.0467795
vn 0.705619 0.707046 -0.0467795
vt -16.0155 7.92639
vt -16.0251 7.92606
vt -15.55 0.904144
f 1222/1222/1222 1223/1223/1223 1224/1224/1224
v 27.6696 0.099117 3.3553
v 27.8961 0.099117 6.7718
v 27.9015 0.096277 6.76605
vn 0.442137 0.896469 -0.0293118
vn 0.442137 0.896469 -0.0293118
vn 0.442137 0.896469 -0.0293118
vt -16.037 7.92566
vt -15.5701 0.882669
vt -15.559 0.894536
f 1225/1225/1225 1226/1226/1226 1227/1227/1227
v 27.6754 0.096277 3.35511
v 27.6696 0.099117 3.3553
v 27.9015 0.096277 6.76605
vn 0.442166 0.896454 -0.0293138
vn 0.442166 0.896454 -0.0293138
vn 0.442166 0.896454 -0.0293138
vt -16.0251 7.92606
vt -16.037 7.92566
vt -15.559 0.894536
f 1228/1228/1228 1229/1229/1229 1230/1230/1230
v 27.6638 0.1 3.3555
v 27.8906 0.1 6.77769
v 27.8961 0.099117 6.7718
vn 0.148271 0.988898 -0.00982978
vn 0.148271 0.988898 -0.00982978
vn 0.148271 0.988898 -0.00982978
vt -16.0491 7.92524
vt -15.5814 0.870536
vt -15.5701 0.882669
f 1231/1231/1231 1232/1232/1232 1233/1233/1233
v 27.6696 0.099117 3.3553
v 27.6638 0.1 3.3555
v 27.8961 0.099117 6.7718
vn 0.148256 0.9889 -0.00982875
vn 0.148256 0.9889 -0.00982875
vn 0.148256 0.9889 -0.00982875
vt -16.037 7.92566
vt -16.0491 7.92524
vt -15.5701 0.882669
f 1234/1234/1234 1235/1235/1235 1236/1236/1236
v 27.5921 0.096277 3.35794
v 27.8236 0.096277 6.84943
v 27.829 0.099117 6.84367
vn -0.442133 0.896471 0.0293114
vn -0.442133 0.896471 0.0293114
vn -0.442133 0.896471 0.0293114
vt -16.1967 7.92023
vt -15.7196 0.722646
vt -15.7085 0.734514
f 1237/1237/1237 1238/1238/1238 1239/1239/1239
v 27.5979 0.099117 3.35774
v 27.5921 0.096277 3.35794
v 27.829 0.099117 6.84367
vn -0.442167 0.896453 0.0293137
vn -0.442167 0.896453 0.0293137
vn -0.442167 0.896453 0.0293137
vt -16.1849 7.92063
vt -16.1967 7.92023
vt -15.7085 0.734514
f 1240/1240/1240 1241/1241/1241 1242/1242/1242
v 27.5875 0.091622 3.35809
v 27.8193 0.091622 6.85409
v 27.8236 0.096277 6.84943
vn -0.705684 0.706981 0.0467842
vn -0.705684 0.706981 0.0467842
vn -0.705684 0.706981 0.0467842
vt -16.2063 7.9199
vt -15.7285 0.713038
vt -15.7196 0.722646
f 1243/1243/1243 1244/1244/1244 1245/1245/1245
v 27.5921 0.096277 3.35794
v 27.5875 0.091622 3.35809
v 27.8236 0.096277 6.84943
vn -0.705475 0.70719 0.0467697
vn -0.705475 0.70719 0.0467697
vn -0.705475 0.70719 0.0467697
vt -16.1967 7.92023
vt -16.2063 7.9199
vt -15.7196 0.722646
f 1246/1246/1246 1247/1247/1247 1248/1248/1248
v 27.5846 0.085876 3.35819
v 27.8166 0.085876 6.85694
v 27.8193 0.091622 6.85409
vn -0.894439 0.443241 0.0592977
vn -0.894439 0.443241 0.0592977
vn -0.894439 0.443241 0.0592977
vt -16.2122 7.9197
vt -15.734 0.707171
vt -15.7285 0.713038
f 1249/1249/1249 1250/1250/1250 1251/1251/1251
v 27.5875 0.091622 3.35809
v 27.5846 0.085876 3.35819
v 27.8193 0.091622 6.85409
vn -0.894499 0.44312 0.0593019
vn -0.894499 0.44312 0.0593019
vn -0.894499 0.44312 0.0593019
vt -16.2063 7.9199
vt -16.2122 7.9197
vt -15.7285 0.713038
f 1252/1252/1252 1253/1253/1253 1254/1254/1254
v 27.5838 0.08 3.35822
v 27.8158 0.08 6.85782
v 27.8166 0.085876 6.85694
vn -0.986742 0.14853 0.0654171
vn -0.986742 0.14853 0.0654171
vn -0.986742 0.14853 0.0654171
vt -16.214 7.91964
vt -15.7357 0.70535
vt -15.734 0.707171
f 1255/1255/1255 1256/1256/1256 1257/1257/1257
v 27.5846 0.085876 3.35819
v 27.5838 0.08 3.35822
v 27.8166 0.085876 6.85694
vn -0.986727 0.148629 0.065416
vn -0.986727 0.148629 0.065416
vn -0.986727 0.148629 0.065416
vt -16.2122 7.9197
vt -16.214 7.91964
vt -15.734 0.707171
f 1258/1258/1258 1259/1259/1259 1260/1260/1260
v 27.9059 0.091622 6.76139
v 29.5897 0.091622 6.75845
v 29.5897 0.085876 6.75561
vn -0.00156459 0.443096 -0.896473
vn -0.00156459 0.443096 -0.896473
vn -0.00156459 0.443096 -0.896473
vt -15.55 0.904144
vt -12.0788 0.910204
vt -12.0789 0.916058
f 1261/1261/1261 1262/1262/1262 1263/1263/1263
v 27.9085 0.085876 6.75854
v 27.9059 0.091622 6.76139
v 29.5897 0.085876 6.75561
vn -0.00156451 0.443111 -0.896465
vn -0.00156451 0.443111 -0.896465
vn -0.00156451 0.443111 -0.896465
vt -15.5445 0.910012
vt -15.55 0.904144
vt -12.0789 0.916058
f 1264/1264/1264 1265/1265/1265 1266/1266/1266
v 27.9015 0.096277 6.76605
v 29.5897 0.096277 6.7631
v 29.5897 0.091622 6.75845
vn -0.00123391 0.707099 -0.707113
vn -0.00123391 0.707099 -0.707113
vn -0.00123391 0.707099 -0.707113
vt -15.559 0.894536
vt -12.0788 0.900609
vt -12.0788 0.910204
f 1267/1267/1267 1268/1268/1268 1269/1269/1269
v 27.9059 0.091622 6.76139
v 27.9015 0.096277 6.76605
v 29.5897 0.091622 6.75845
vn -0.00123417 0.707064 -0.707149
vn -0.00123417 0.707064 -0.707149
vn -0.00123417 0.707064 -0.707149
vt -15.55 0.904144
vt -15.559 0.894536
vt -12.0788 0.910204
f 1270/1270/1270 1271/1271/1271 1272/1272/1272
v 27.8961 0.099117 6.7718
v 29.5897 0.099117 6.76885
v 29.5897 0.096277 6.7631
vn -0.000773113 0.896474 -0.443096
vn -0.000773113 0.896474 -0.443096
vn -0.000773113 0.896474 -0.443096
vt -15.5701 0.882669
vt -12.0788 0.888762
vt -12.0788 0.900609
f 1273/1273/1273 1274/1274/1274 1275/1275/1275
v 27.9015 0.096277 6.76605
v 27.8961 0.099117 6.7718
v 29.5897 0.096277 6.7631
vn -0.000773238 0.896463 -0.443117
vn -0.000773238 0.896463 -0.443117
vn -0.000773238 0.896463 -0.443117
vt -15.559 0.894536
vt -15.5701 0.882669
vt -12.0788 0.900609
f 1276/1276/1276 1277/1277/1277 1278/1278/1278
v 27.8906 0.1 6.77769
v 29.5897 0.1 6.77472
v 29.5897 0.099117 6.76885
vn -0.000259398 0.988897 -0.148601
vn -0.000259398 0.988897 -0.148601
vn -0.000259398 0.988897 -0.148601
vt -15.5814 0.870536
vt -12.0788 0.876649
vt -12.0788 0.888762
f 1279/1279/1279 1280/1280/1280 1281/1281/1281
v 27.8961 0.099117 6.7718
v 27.8906 0.1 6.77769
v 29.5897 0.099117 6.76885
vn -0.000259221 0.988902 -0.148568
vn -0.000259221 0.988902 -0.148568
vn -0.000259221 0.988902 -0.148568
vt -15.5701 0.882669
vt -15.5814 0.870536
vt -12.0788 0.888762
f 1282/1282/1282 1283/1283/1283 1284/1284/1284
v 27.8236 0.096277 6.84943
v 29.5899 0.096277 6.84635
v 29.5898 0.099117 6.8406
vn 0.000773488 0.896474 0.443096
vn 0.000773488 0.896474 0.443096
vn 0.000773488 0.896474 0.443096
vt -15.7196 0.722646
vt -12.0785 0.729005
vt -12.0785 0.740852
f 1285/1285/1285 1286/1286/1286 1287/1287/1287
v 27.829 0.099117 6.84367
v 27.8236 0.096277 6.84943
v 29.5898 0.099117 6.8406
vn 0.000773268 0.896492 0.443058
vn 0.000773268 0.896492 0.443058
vn 0.000773268 0.896492 0.443058
vt -15.7085 0.734514
vt -15.7196 0.722646
vt -12.0785 0.740852
f 1288/1288/1288 1289/1289/1289 1290/1290/1290
v 27.8193 0.091622 6.85409
v 29.5899 0.091622 6.851
v 29.5899 0.096277 6.84635
vn 0.00123469 0.707026 0.707186
vn 0.00123469 0.707026 0.707186
vn 0.00123469 0.707026 0.707186
vt -15.7285 0.713038
vt -12.0785 0.71941
vt -12.0785 0.729005
f 1291/1291/1291 1292/1292/1292 1293/1293/1293
v 27.8236 0.096277 6.84943
v 27.8193 0.091622 6.85409
v 29.5899 0.096277 6.84635
vn 0.00123443 0.707064 0.707149
vn 0.00123443 0.707064 0.707149
vn 0.00123443 0.707064 0.707149
vt -15.7196 0.722646
vt -15.7285 0.713038
vt -12.0785 0.729005
f 1294/1294/1294 1295/1295/1295 1296/1296/1296
v 27.8166 0.085876 6.85694
v 29.5899 0.085876 6.85384
v 29.5899 0.091622 6.851
vn 0.00156464 0.443216 0.896414
vn 0.00156464 0.443216 0.896414
vn 0.00156464 0.443216 0.896414
vt -15.734 0.707171
vt -12.0785 0.713556
vt -12.0785 0.71941
f 1297/1297/1297 1298/1298/1298 1299/1299/1299
v 27.8193 0.091622 6.85409
v 27.8166 0.085876 6.85694
v 29.5899 0.091622 6.851
vn 0.00156516 0.443111 0.896466
vn 0.00156516 0.443111 0.896466
vn 0.00156516 0.443111 0.896466
vt -15.7285 0.713038
vt -15.734 0.707171
vt -12.0785 0.71941
f 1300/1300/1300 1301/1301/1301 1302/1302/1302
v 27.8158 0.08 6.85782
v 29.5899 0.08 6.85472
v 29.5899 0.085876 6.85384
vn 0.00172579 0.14862 0.988893
vn 0.00172579 0.14862 0.988893
vn 0.00172579 0.14862 0.988893
vt -15.7357 0.70535
vt -12.0785 0.711736
vt -12.0785 0.713556
f 1303/1303/1303 1304/1304/1304 1305/1305/1305
v 27.8166 0.085876 6.85694
v 27.8158 0.08 6.85782
v 29.5899 0.085876 6.85384
vn 0.00172608 0.14854 0.988905
vn 0.00172608 0.14854 0.988905
vn 0.00172608 0.14854 0.988905
vt -15.734 0.707171
vt -15.7357 0.70535
vt -12.0785 0.713556
f 1306/1306/1306 1307/1307/1307 1308/1308/1308
v 29.5897 0.091622 6.75845
v 31.5897 0.091622 6.75496
v 31.5897 0.085876 6.75212
vn -0.00156423 0.443216 -0.896414
vn -0.00156423 0.443216 -0.896414
vn -0.00156423 0.443216 -0.896414
vt -12.0788 0.910204
vt -7.95593 0.9174
vt -7.95594 0.923254
f 1309/1309/1309 1310/1310/1310 1311/1311/1311
v 29.5897 0.085876 6.75561
v 29.5897 0.091622 6.75845
v 31.5897 0.085876 6.75212
vn -0.00156476 0.443096 -0.896473
vn -0.00156476 0.443096 -0.896473
vn -0.00156476 0.443096 -0.896473
vt -12.0789 0.916058
vt -12.0788 0.910204
vt -7.95594 0.923254
f 1312/1312/1312 1313/1313/1313 1314/1314/1314
v 29.5897 0.096277 6.7631
v 31.5897 0.096277 6.75961
v 31.5897 0.091622 6.75496
vn -0.00123437 0.707026 -0.707186
vn -0.00123437 0.707026 -0.707186
vn -0.00123437 0.707026 -0.707186
vt -12.0788 0.900609
vt -7.95591 0.907806
vt -7.95593 0.9174
f 1315/1315/1315 1316/1316/1316 1317/1317/1317
v 29.5897 0.091622 6.75845
v 29.5897 0.096277 6.7631
v 31.5897 0.091622 6.75496
vn -0.0012339 0.707099 -0.707114
vn -0.0012339 0.707099 -0.707114
vn -0.0012339 0.707099 -0.707114
vt -12.0788 0.910204
vt -12.0788 0.900609
vt -7.95593 0.9174
f 1318/1318/1318 1319/1319/1319 1320/1320/1320
v 29.5897 0.099117 6.76885
v 31.5897 0.099117 6.76536
v 31.5897 0.096277 6.75961
vn -0.00077341 0.896474 -0.443096
vn -0.00077341 0.896474 -0.443096
vn -0.00077341 0.896474 -0.443096
vt -12.0788 0.888762
vt -7.95589 0.895958
vt -7.95591 0.907806
f 1321/1321/1321 1322/1322/1322 1323/1323/1323
v 29.5897 0.096277 6.7631
v 29.5897 0.099117 6.76885
v 31.5897 0.096277 6.75961
vn -0.00077341 0.896474 -0.443096
vn -0.00077341 0.896474 -0.443096
vn -0.00077341 0.896474 -0.443096
vt -12.0788 0.900609
vt -12.0788 0.888762
vt -7.95591 0.907806
f 1324/1324/1324 1325/1325/1325 1326/1326/1326
v 29.5897 0.1 6.77472
v 31.5897 0.1 6.77123
v 31.5897 0.099117 6.76536
vn -0.000259378 0.988897 -0.148601
vn -0.000259378 0.988897 -0.148601
vn -0.000259378 0.988897 -0.148601
vt -12.0788 0.876649
vt -7.95587 0.883845
vt -7.95589 0.895958
f 1327/1327/1327 1328/1328/1328 1329/1329/1329
v 29.5897 0.099117 6.76885
v 29.5897 0.1 6.77472
v 31.5897 0.099117 6.76536
vn -0.000259379 0.988897 -0.148601
vn -0.000259379 0.988897 -0.148601
vn -0.000259379 0.988897 -0.148601
vt -12.0788 0.888762
vt -12.0788 0.876649
vt -7.95589 0.895958
f 1330/1330/1330 1331/1331/1331 1332/1332/1332
v 29.5899 0.096277 6.84635
v 31.5898 0.096277 6.84286
v 31.5898 0.099117 6.83711
vn 0.00077341 0.896474 0.443096
vn 0.00077341 0.896474 0.443096
vn 0.00077341 0.896474 0.443096
vt -12.0785 0.729005
vt -7.95561 0.736201
vt -7.95563 0.748042
f 1333/1333/1333 1334/1334/1334 1335/1335/1335
v 29.5898 0.099117 6.8406
v 29.5899 0.096277 6.84635
v 31.5898 0.099117 6.83711
vn 0.00077341 0.896474 0.443096
vn 0.00077341 0.896474 0.443096
vn 0.00077341 0.896474 0.443096
vt -12.0785 0.740852
vt -12.0785 0.729005
vt -7.95563 0.748042
f 1336/1336/1336 1337/1337/1337 1338/1338/1338
v 29.5899 0.091622 6.851
v 31.5899 0.091622 6.84751
v 31.5898 0.096277 6.84286
vn 0.00123437 0.707026 0.707186
vn 0.00123437 0.707026 0.707186
vn 0.00123437 0.707026 0.707186
vt -12.0785 0.71941
vt -7.95559 0.726606
vt -7.95561 0.736201
f 1339/1339/1339 1340/1340/1340 1341/1341/1341
v 29.5899 0.096277 6.84635
v 29.5899 0.091622 6.851
v 31.5898 0.096277 6.84286
vn 0.00123437 0.707026 0.707186
vn 0.00123437 0.707026 0.707186
vn 0.00123437 0.707026 0.707186
vt -12.0785 0.729005
vt -12.0785 0.71941
vt -7.95561 0.736201
f 1342/1342/1342 1343/1343/1343 1344/1344/1344
v 29.5899 0.085876 6.85384
v 31.5899 0.085876 6.85035
v 31.5899 0.091622 6.84751
vn 0.00156466 0.443216 0.896414
vn 0.00156466 0.443216 0.896414
vn 0.00156466 0.443216 0.896414
vt -12.0785 0.713556
vt -7.95558 0.720752
vt -7.95559 0.726606
f 1345/1345/1345 1346/1346/1346 1347/1347/1347
v 29.5899 0.091622 6.851
v 29.5899 0.085876 6.85384
v 31.5899 0.091622 6.84751
vn 0.00156466 0.443216 0.896414
vn 0.00156466 0.443216 0.896414
vn 0.00156466 0.443216 0.896414
vt -12.0785 0.71941
vt -12.0785 0.713556
vt -7.95559 0.726606
f 1348/1348/1348 1349/1349/1349 1350/1350/1350
v 29.5899 0.08 6.85472
v 31.5899 0.08 6.85123
v 31.5899 0.085876 6.85035
vn 0.00172608 0.148621 0.988893
vn 0.00172608 0.148621 0.988893
vn 0.00172608 0.148621 0.988893
vt -12.0785 0.711736
vt -7.95558 0.718932
vt -7.95558 0.720752
f 1351/1351/1351 1352/1352/1352 1353/1353/1353
v 29.5899 0.085876 6.85384
v 29.5899 0.08 6.85472
v 31.5899 0.085876 6.85035
vn 0.00172608 0.14862 0.988893
vn 0.00172608 0.14862 0.988893
vn 0.00172608 0.14862 0.988893
vt -12.0785 0.713556
vt -12.0785 0.711736
vt -7.95558 0.720752
f 1354/1354/1354 1355/1355/1355 1356/1356/1356
v 31.5897 0.091622 6.75496
v 33.25 0.091622 6.75206
v 33.2474 0.085876 6.74922
vn -0.00156483 0.443137 -0.896453
vn -0.00156483 0.443137 -0.896453
vn -0.00156483 0.443137 -0.896453
vt -7.95593 0.9174
vt -4.53325 0.923374
vt -4.53871 0.929221
f 1357/1357/1357 1358/1358/1358 1359/1359/1359
v 31.5897 0.085876 6.75212
v 31.5897 0.091622 6.75496
v 33.2474 0.085876 6.74922
vn -0.00156442 0.443216 -0.896414
vn -0.00156442 0.443216 -0.896414
vn -0.00156442 0.443216 -0.896414
vt -7.95594 0.923254
vt -7.95593 0.9174
vt -4.53871 0.929221
f 1360/1360/1360 1361/1361/1361 1362/1362/1362
v 31.5897 0.096277 6.75961
v 33.2544 0.096277 6.75671
v 33.25 0.091622 6.75206
vn -0.00123396 0.707094 -0.707119
vn -0.00123396 0.707094 -0.707119
vn -0.00123396 0.707094 -0.707119
vt -7.95591 0.907806
vt -4.5243 0.913792
vt -4.53325 0.923374
f 1363/1363/1363 1364/1364/1364 1365/1365/1365
v 31.5897 0.091622 6.75496
v 31.5897 0.096277 6.75961
v 33.25 0.091622 6.75206
vn -0.00123445 0.707026 -0.707186
vn -0.00123445 0.707026 -0.707186
vn -0.00123445 0.707026 -0.707186
vt -7.95593 0.9174
vt -7.95591 0.907806
vt -4.53325 0.923374
f 1366/1366/1366 1367/1367/1367 1368/1368/1368
v 31.5897 0.099117 6.76536
v 33.2597 0.099117 6.76244
v 33.2544 0.096277 6.75671
vn -0.000773478 0.896453 -0.443138
vn -0.000773478 0.896453 -0.443138
vn -0.000773478 0.896453 -0.443138
vt -7.95589 0.895958
vt -4.51325 0.901972
vt -4.5243 0.913792
f 1369/1369/1369 1370/1370/1370 1371/1371/1371
v 31.5897 0.096277 6.75961
v 31.5897 0.099117 6.76536
v 33.2544 0.096277 6.75671
vn -0.000773225 0.896474 -0.443096
vn -0.000773225 0.896474 -0.443096
vn -0.000773225 0.896474 -0.443096
vt -7.95591 0.907806
vt -7.95589 0.895958
vt -4.5243 0.913792
f 1372/1372/1372 1373/1373/1373 1374/1374/1374
v 31.5897 0.1 6.77123
v 33.2652 0.1 6.76831
v 33.2597 0.099117 6.76244
vn -0.000259313 0.988899 -0.148589
vn -0.000259313 0.988899 -0.148589
vn -0.000259313 0.988899 -0.148589
vt -7.95587 0.883845
vt -4.50195 0.889872
vt -4.51325 0.901972
f 1375/1375/1375 1376/1376/1376 1377/1377/1377
v 31.5897 0.099117 6.76536
v 31.5897 0.1 6.77123
v 33.2597 0.099117 6.76244
vn -0.000259377 0.988897 -0.148601
vn -0.000259377 0.988897 -0.148601
vn -0.000259377 0.988897 -0.148601
vt -7.95589 0.895958
vt -7.95587 0.883845
vt -4.51325 0.901972
f 1378/1378/1378 1379/1379/1379 1380/1380/1380
v 31.5898 0.096277 6.84286
v 33.332 0.096277 6.83982
v 33.3266 0.099117 6.83408
vn 0.000773063 0.896497 0.44305
vn 0.000773063 0.896497 0.44305
vn 0.000773063 0.896497 0.44305
vt -7.95561 0.736201
vt -4.36422 0.742467
vt -4.37527 0.754295
f 1381/1381/1381 1382/1382/1382 1383/1383/1383
v 31.5898 0.099117 6.83711
v 31.5898 0.096277 6.84286
v 33.3266 0.099117 6.83408
vn 0.000773337 0.896474 0.443096
vn 0.000773337 0.896474 0.443096
vn 0.000773337 0.896474 0.443096
vt -7.95563 0.748042
vt -7.95561 0.736201
vt -4.37527 0.754295
f 1384/1384/1384 1385/1385/1385 1386/1386/1386
v 31.5899 0.091622 6.84751
v 33.3363 0.091622 6.84446
v 33.332 0.096277 6.83982
vn 0.00123373 0.707057 0.707155
vn 0.00123373 0.707057 0.707155
vn 0.00123373 0.707057 0.707155
vt -7.95559 0.726606
vt -4.35527 0.732892
vt -4.36422 0.742467
f 1387/1387/1387 1388/1388/1388 1389/1389/1389
v 31.5898 0.096277 6.84286
v 31.5899 0.091622 6.84751
v 33.332 0.096277 6.83982
vn 0.00123395 0.707026 0.707186
vn 0.00123395 0.707026 0.707186
vn 0.00123395 0.707026 0.707186
vt -7.95561 0.736201
vt -7.95559 0.726606
vt -4.36422 0.742467
f 1390/1390/1390 1391/1391/1391 1392/1392/1392
v 31.5899 0.085876 6.85035
v 33.339 0.085876 6.8473
v 33.3363 0.091622 6.84446
vn 0.00156401 0.443196 0.896423
vn 0.00156401 0.443196 0.896423
vn 0.00156401 0.443196 0.896423
vt -7.95558 0.720752
vt -4.34981 0.727045
vt -4.35527 0.732892
f 1393/1393/1393 1394/1394/1394 1395/1395/1395
v 31.5899 0.091622 6.84751
v 31.5899 0.085876 6.85035
v 33.3363 0.091622 6.84446
vn 0.00156391 0.443216 0.896414
vn 0.00156391 0.443216 0.896414
vn 0.00156391 0.443216 0.896414
vt -7.95559 0.726606
vt -7.95558 0.720752
vt -4.35527 0.732892
f 1396/1396/1396 1397/1397/1397 1398/1398/1398
v 31.5899 0.08 6.85123
v 33.3398 0.08 6.84818
v 33.339 0.085876 6.8473
vn 0.00172592 0.148465 0.988916
vn 0.00172592 0.148465 0.988916
vn 0.00172592 0.148465 0.988916
vt -7.95558 0.718932
vt -4.34811 0.725224
vt -4.34981 0.727045
f 1399/1399/1399 1400/1400/1400 1401/1401/1401
v 31.5899 0.085876 6.85035
v 31.5899 0.08 6.85123
v 33.339 0.085876 6.8473
vn 0.00172534 0.148621 0.988893
vn 0.00172534 0.148621 0.988893
vn 0.00172534 0.148621 0.988893
vt -7.95558 0.720752
vt -7.95558 0.718932
vt -4.34981 0.727045
f 1402/1402/1402 1403/1403/1403 1404/1404/1404
v 33.25 0.091622 6.75206
v 33.4939 0.091622 3.25163
v 33.4913 0.085876 3.24879
vn -0.894187 0.443337 -0.0623122
vn -0.894187 0.443337 -0.0623122
vn -0.894187 0.443337 -0.0623122
vt -4.53325 0.923374
vt -4.0304 8.13937
vt -4.03586 8.14522
f 1405/1405/1405 1406/1406/1406 1407/1407/1407
v 33.2474 0.085876 6.74922
v 33.25 0.091622 6.75206
v 33.4913 0.085876 3.24879
vn -0.894189 0.443333 -0.0623124
vn -0.894189 0.443333 -0.0623124
vn -0.894189 0.443333 -0.0623124
vt -4.53871 0.929221
vt -4.53325 0.923374
vt -4.03586 8.14522
f 1408/1408/1408 1409/1409/1409 1410/1410/1410
v 33.2544 0.096277 6.75671
v 33.4983 0.096277 3.25627
v 33.4939 0.091622 3.25163
vn -0.705503 0.707 -0.0491636
vn -0.705503 0.707 -0.0491636
vn -0.705503 0.707 -0.0491636
vt -4.5243 0.913792
vt -4.02145 8.1298
vt -4.0304 8.13937
f 1411/1411/1411 1412/1412/1412 1413/1413/1413
v 33.25 0.091622 6.75206
v 33.2544 0.096277 6.75671
v 33.4939 0.091622 3.25163
vn -0.705495 0.707007 -0.0491631
vn -0.705495 0.707007 -0.0491631
vn -0.705495 0.707007 -0.0491631
vt -4.53325 0.923374
vt -4.5243 0.913792
vt -4.0304 8.13937
f 1414/1414/1414 1415/1415/1415 1416/1416/1416
v 33.2597 0.099117 6.76244
v 33.5036 0.099117 3.26201
v 33.4983 0.096277 3.25627
vn -0.442049 0.896462 -0.0308046
vn -0.442049 0.896462 -0.0308046
vn -0.442049 0.896462 -0.0308046
vt -4.51325 0.901972
vt -4.0104 8.11797
vt -4.02145 8.1298
f 1417/1417/1417 1418/1418/1418 1419/1419/1419
v 33.2544 0.096277 6.75671
v 33.2597 0.099117 6.76244
v 33.4983 0.096277 3.25627
vn -0.442054 0.896459 -0.0308049
vn -0.442054 0.896459 -0.0308049
vn -0.442054 0.896459 -0.0308049
vt -4.5243 0.913792
vt -4.51325 0.901972
vt -4.02145 8.1298
f 1420/1420/1420 1421/1421/1421 1422/1422/1422
v 33.2652 0.1 6.76831
v 33.5091 0.1 3.26788
v 33.5036 0.099117 3.26201
vn -0.148236 0.988898 -0.01033
vn -0.148236 0.988898 -0.01033
vn -0.148236 0.988898 -0.01033
vt -4.50195 0.889872
vt -3.9991 8.10588
vt -4.0104 8.11797
f 1423/1423/1423 1424/1424/1424 1425/1425/1425
v 33.2597 0.099117 6.76244
v 33.2652 0.1 6.76831
v 33.5036 0.099117 3.26201
vn -0.148236 0.988898 -0.01033
vn -0.148236 0.988898 -0.01033
vn -0.148236 0.988898 -0.01033
vt -4.51325 0.901972
vt -4.50195 0.889872
vt -4.0104 8.11797
f 1426/1426/1426 1427/1427/1427 1428/1428/1428
v 33.332 0.096277 6.83982
v 33.5759 0.096277 3.33939
v 33.5706 0.099117 3.33365
vn 0.441814 0.896578 0.0307882
vn 0.441814 0.896578 0.0307882
vn 0.441814 0.896578 0.0307882
vt -4.36422 0.742467
vt -3.86137 7.95848
vt -3.87242 7.9703
f 1429/1429/1429 1430/1430/1430 1431/1431/1431
v 33.3266 0.099117 6.83408
v 33.332 0.096277 6.83982
v 33.5706 0.099117 3.33365
vn 0.442048 0.896462 0.0308041
vn 0.442048 0.896462 0.0308041
vn 0.442048 0.896462 0.0308041
vt -4.37527 0.754295
vt -4.36422 0.742467
vt -3.87242 7.9703
f 1432/1432/1432 1433/1433/1433 1434/1434/1434
v 33.3363 0.091622 6.84446
v 33.5803 0.091622 3.34403
v 33.5759 0.096277 3.33939
vn 0.705501 0.707001 0.0491635
vn 0.705501 0.707001 0.0491635
vn 0.705501 0.707001 0.0491635
vt -4.35527 0.732892
vt -3.85242 7.94889
vt -3.86137 7.95848
f 1435/1435/1435 1436/1436/1436 1437/1437/1437
v 33.332 0.096277 6.83982
v 33.3363 0.091622 6.84446
v 33.5759 0.096277 3.33939
vn 0.705498 0.707005 0.0491633
vn 0.705498 0.707005 0.0491633
vn 0.705498 0.707005 0.0491633
vt -4.36422 0.742467
vt -4.35527 0.732892
vt -3.86137 7.95848
f 1438/1438/1438 1439/1439/1439 1440/1440/1440
v 33.339 0.085876 6.8473
v 33.5829 0.085876 3.34687
v 33.5803 0.091622 3.34403
vn 0.894423 0.442857 0.0623277
vn 0.894423 0.442857 0.0623277
vn 0.894423 0.442857 0.0623277
vt -4.34981 0.727045
vt -3.84696 7.94305
vt -3.85242 7.94889
f 1441/1441/1441 1442/1442/1442 1443/1443/1443
v 33.3363 0.091622 6.84446
v 33.339 0.085876 6.8473
v 33.5803 0.091622 3.34403
vn 0.894187 0.443337 0.0623122
vn 0.894187 0.443337 0.0623122
vn 0.894187 0.443337 0.0623122
vt -4.35527 0.732892
vt -4.34981 0.727045
vt -3.85242 7.94889
f 1444/1444/1444 1445/1445/1445 1446/1446/1446
v 33.3398 0.08 6.84818
v 33.5838 0.08 3.34775
v 33.5829 0.085876 3.34687
vn 0.986497 0.148651 0.0687439
vn 0.986497 0.148651 0.0687439
vn 0.986497 0.148651 0.0687439
vt -4.34811 0.725224
vt -3.84526 7.94123
vt -3.84696 7.94305
f 1447/1447/1447 1448/1448/1448 1449/1449/1449
v 33.339 0.085876 6.8473
v 33.3398 0.08 6.84818
v 33.5829 0.085876 3.34687
vn 0.986499 0.148638 0.068744
vn 0.986499 0.148638 0.068744
vn 0.986499 0.148638 0.068744
vt -4.34981 0.727045
vt -4.34811 0.725224
vt -3.84696 7.94305
f 1450/1450/1450 1451/1451/1451 1452/1452/1452
v 33.4939 0.091622 3.25163
v 35.5836 0.091622 3.24798
v 35.5836 0.085876 3.24514
vn -0.00156453 0.443215 -0.896414
vn -0.00156453 0.443215 -0.896414
vn -0.00156453 0.443215 -0.896414
vt -4.0304 8.13937
vt 0.277316 8.1469
vt 0.277302 8.15275
f 1453/1453/1453 1454/1454/1454 1455/1455/1455
v 33.4913 0.085876 3.24879
v 33.4939 0.091622 3.25163
v 35.5836 0.085876 3.24514
vn -0.00156461 0.443197 -0.896423
vn -0.00156461 0.443197 -0.896423
vn -0.00156461 0.443197 -0.896423
vt -4.03586 8.14522
vt -4.0304 8.13937
vt 0.277302 8.15275
f 1456/1456/1456 1457/1457/1457 1458/1458/1458
v 33.4983 0.096277 3.25627
v 35.5836 0.096277 3.25264
v 35.5836 0.091622 3.24798
vn -0.00123408 0.707027 -0.707186
vn -0.00123408 0.707027 -0.707186
vn -0.00123408 0.707027 -0.707186
vt -4.02145 8.1298
vt 0.277332 8.1373
vt 0.277316 8.1469
f 1459/1459/1459 1460/1460/1460 1461/1461/1461
v 33.4939 0.091622 3.25163
v 33.4983 0.096277 3.25627
v 35.5836 0.091622 3.24798
vn -0.00123434 0.706985 -0.707227
vn -0.00123434 0.706985 -0.707227
vn -0.00123434 0.706985 -0.707227
vt -4.0304 8.13937
vt -4.02145 8.1298
vt 0.277316 8.1469
f 1462/1462/1462 1463/1463/1463 1464/1464/1464
v 33.5036 0.099117 3.26201
v 35.5836 0.099117 3.25838
v 35.5836 0.096277 3.25264
vn -0.000773263 0.896481 -0.443082
vn -0.000773263 0.896481 -0.443082
vn -0.000773263 0.896481 -0.443082
vt -4.0104 8.11797
vt 0.277352 8.12545
vt 0.277332 8.1373
f 1465/1465/1465 1466/1466/1466 1467/1467/1467
v 33.4983 0.096277 3.25627
v 33.5036 0.099117 3.26201
v 35.5836 0.096277 3.25264
vn -0.000773173 0.896489 -0.443064
vn -0.000773173 0.896489 -0.443064
vn -0.000773173 0.896489 -0.443064
vt -4.02145 8.1298
vt -4.0104 8.11797
vt 0.277332 8.1373
f 1468/1468/1468 1469/1469/1469 1470/1470/1470
v 33.5091 0.1 3.26788
v 35.5836 0.1 3.26426
v 35.5836 0.099117 3.25838
vn -0.0002594 0.988896 -0.148607
vn -0.0002594 0.988896 -0.148607
vn -0.0002594 0.988896 -0.148607
vt -3.9991 8.10588
vt 0.277372 8.11334
vt 0.277352 8.12545
f 1471/1471/1471 1472/1472/1472 1473/1473/1473
v 33.5036 0.099117 3.26201
v 33.5091 0.1 3.26788
v 35.5836 0.099117 3.25838
vn -0.000259317 0.988899 -0.148589
vn -0.000259317 0.988899 -0.148589
vn -0.000259317 0.988899 -0.148589
vt -4.0104 8.11797
vt -3.9991 8.10588
vt 0.277352 8.12545
f 1474/1474/1474 1475/1475/1475 1476/1476/1476
v 33.5759 0.096277 3.33939
v 35.5837 0.096277 3.33588
v 35.5837 0.099117 3.33013
vn 0.000773483 0.896481 0.443081
vn 0.000773483 0.896481 0.443081
vn 0.000773483 0.896481 0.443081
vt -3.86137 7.95848
vt 0.277631 7.9657
vt 0.277608 7.97754
f 1477/1477/1477 1478/1478/1478 1479/1479/1479
v 33.5706 0.099117 3.33365
v 33.5759 0.096277 3.33939
v 35.5837 0.099117 3.33013
vn 0.00077339 0.89649 0.443064
vn 0.00077339 0.89649 0.443064
vn 0.00077339 0.89649 0.443064
vt -3.87242 7.9703
vt -3.86137 7.95848
vt 0.277608 7.97754
f 1480/1480/1480 1481/1481/1481 1482/1482/1482
v 33.5803 0.091622 3.34403
v 35.5837 0.091622 3.34053
v 35.5837 0.096277 3.33588
vn 0.00123442 0.707026 0.707186
vn 0.00123442 0.707026 0.707186
vn 0.00123442 0.707026 0.707186
vt -3.85242 7.94889
vt 0.277648 7.9561
vt 0.277631 7.9657
f 1483/1483/1483 1484/1484/1484 1485/1485/1485
v 33.5759 0.096277 3.33939
v 33.5803 0.091622 3.34403
v 35.5837 0.096277 3.33588
vn 0.00123457 0.707003 0.707209
vn 0.00123457 0.707003 0.707209
vn 0.00123457 0.707003 0.707209
vt -3.86137 7.95848
vt -3.85242 7.94889
vt 0.277631 7.9657
f 1486/1486/1486 1487/1487/1487 1488/1488/1488
v 33.5829 0.085876 3.34687
v 35.5837 0.085876 3.34337
v 35.5837 0.091622 3.34053
vn 0.00156455 0.443215 0.896414
vn 0.00156455 0.443215 0.896414
vn 0.00156455 0.443215 0.896414
vt -3.84696 7.94305
vt 0.277658 7.95025
vt 0.277648 7.9561
f 1489/1489/1489 1490/1490/1490 1491/1491/1491
v 33.5803 0.091622 3.34403
v 33.5829 0.085876 3.34687
v 35.5837 0.091622 3.34053
vn 0.00156477 0.443166 0.896438
vn 0.00156477 0.443166 0.896438
vn 0.00156477 0.443166 0.896438
vt -3.85242 7.94889
vt -3.84696 7.94305
vt 0.277648 7.9561
f 1492/1492/1492 1493/1493/1493 1494/1494/1494
v 33.5838 0.08 3.34775
v 35.5838 0.08 3.34426
v 35.5837 0.085876 3.34337
vn 0.00172607 0.148621 0.988893
vn 0.00172607 0.148621 0.988893
vn 0.00172607 0.148621 0.988893
vt -3.84526 7.94123
vt 0.277661 7.94843
vt 0.277658 7.95025
f 1495/1495/1495 1496/1496/1496 1497/1497/1497
v 33.5829 0.085876 3.34687
v 33.5838 0.08 3.34775
v 35.5837 0.085876 3.34337
vn 0.00172595 0.148661 0.988887
vn 0.00172595 0.148661 0.988887
vn 0.00172595 0.148661 0.988887
vt -3.84696 7.94305
vt -3.84526 7.94123
vt 0.277658 7.95025
f 1498/1498/1498 1499/1499/1499 1500/1500/1500
v 35.5836 0.091622 3.24798
v 37.5836 0.091622 3.24449
v 37.5836 0.085876 3.24165
vn -0.00156466 0.443216 -0.896414
vn -0.00156466 0.443216 -0.896414
vn -0.00156466 0.443216 -0.896414
vt 0.277316 8.1469
vt 4.40023 8.15409
vt 4.40022 8.15995
f 1501/1501/1501 1502/1502/1502 1503/1503/1503
v 35.5836 0.085876 3.24514
v 35.5836 0.091622 3.24798
v 37.5836 0.085876 3.24165
vn -0.00156466 0.443215 -0.896414
vn -0.00156466 0.443215 -0.896414
vn -0.00156466 0.443215 -0.896414
vt 0.277302 8.15275
vt 0.277316 8.1469
vt 4.40022 8.15995
f 1504/1504/1504 1505/1505/1505 1506/1506/1506
v 35.5836 0.096277 3.25264
v 37.5836 0.096277 3.24915
v 37.5836 0.091622 3.24449
vn -0.00123437 0.707026 -0.707186
vn -0.00123437 0.707026 -0.707186
vn -0.00123437 0.707026 -0.707186
vt 0.277332 8.1373
vt 4.40025 8.1445
vt 4.40023 8.15409
f 1507/1507/1507 1508/1508/1508 1509/1509/1509
v 35.5836 0.091622 3.24798
v 35.5836 0.096277 3.25264
v 37.5836 0.091622 3.24449
vn -0.00123437 0.707027 -0.707186
vn -0.00123437 0.707027 -0.707186
vn -0.00123437 0.707027 -0.707186
vt 0.277316 8.1469
vt 0.277332 8.1373
vt 4.40023 8.15409
f 1510/1510/1510 1511/1511/1511 1512/1512/1512
v 35.5836 0.099117 3.25838
v 37.5836 0.099117 3.25489
v 37.5836 0.096277 3.24915
vn -0.000773463 0.896474 -0.443097
vn -0.000773463 0.896474 -0.443097
vn -0.000773463 0.896474 -0.443097
vt 0.277352 8.12545
vt 4.40027 8.13265
vt 4.40025 8.1445
f 1513/1513/1513 1514/1514/1514 1515/1515/1515
v 35.5836 0.096277 3.25264
v 35.5836 0.099117 3.25838
v 37.5836 0.096277 3.24915
vn -0.000773384 0.896481 -0.443082
vn -0.000773384 0.896481 -0.443082
vn -0.000773384 0.896481 -0.443082
vt 0.277332 8.1373
vt 0.277352 8.12545
vt 4.40025 8.1445
f 1516/1516/1516 1517/1517/1517 1518/1518/1518
v 35.5836 0.1 3.26426
v 37.5836 0.1 3.26077
v 37.5836 0.099117 3.25489
vn -0.000259267 0.988901 -0.148578
vn -0.000259267 0.988901 -0.148578
vn -0.000259267 0.988901 -0.148578
vt 0.277372 8.11334
vt 4.40029 8.12054
vt 4.40027 8.13265
f 1519/1519/1519 1520/1520/1520 1521/1521/1521
v 35.5836 0.099117 3.25838
v 35.5836 0.1 3.26426
v 37.5836 0.099117 3.25489
vn -0.000259407 0.988896 -0.148607
vn -0.000259407 0.988896 -0.148607
vn -0.000259407 0.988896 -0.148607
vt 0.277352 8.12545
vt 0.277372 8.11334
vt 4.40027 8.13265
f 1522/1522/1522 1523/1523/1523 1524/1524/1524
v 35.5837 0.096277 3.33588
v 37.5837 0.096277 3.33239
v 37.5837 0.099117 3.32664
vn 0.000773172 0.896481 0.443081
vn 0.000773172 0.896481 0.443081
vn 0.000773172 0.896481 0.443081
vt 0.277631 7.9657
vt 4.40055 7.97289
vt 4.40053 7.98474
f 1525/1525/1525 1526/1526/1526 1527/1527/1527
v 35.5837 0.099117 3.33013
v 35.5837 0.096277 3.33588
v 37.5837 0.099117 3.32664
vn 0.000773172 0.896481 0.443081
vn 0.000773172 0.896481 0.443081
vn 0.000773172 0.896481 0.443081
vt 0.277608 7.97754
vt 0.277631 7.9657
vt 4.40053 7.98474
f 1528/1528/1528 1529/1529/1529 1530/1530/1530
v 35.5837 0.091622 3.34053
v 37.5837 0.091622 3.33704
v 37.5837 0.096277 3.33239
vn 0.00123403 0.707026 0.707186
vn 0.00123403 0.707026 0.707186
vn 0.00123403 0.707026 0.707186
vt 0.277648 7.9561
vt 4.40057 7.9633
vt 4.40055 7.97289
f 1531/1531/1531 1532/1532/1532 1533/1533/1533
v 35.5837 0.096277 3.33588
v 35.5837 0.091622 3.34053
v 37.5837 0.096277 3.33239
vn 0.00123403 0.707026 0.707186
vn 0.00123403 0.707026 0.707186
vn 0.00123403 0.707026 0.707186
vt 0.277631 7.9657
vt 0.277648 7.9561
vt 4.40055 7.97289
f 1534/1534/1534 1535/1535/1535 1536/1536/1536
v 35.5837 0.085876 3.34337
v 37.5837 0.085876 3.33988
v 37.5837 0.091622 3.33704
vn 0.00156423 0.443215 0.896414
vn 0.00156423 0.443215 0.896414
vn 0.00156423 0.443215 0.896414
vt 0.277658 7.95025
vt 4.40058 7.95745
vt 4.40057 7.9633
f 1537/1537/1537 1538/1538/1538 1539/1539/1539
v 35.5837 0.091622 3.34053
v 35.5837 0.085876 3.34337
v 37.5837 0.091622 3.33704
vn 0.00156423 0.443215 0.896414
vn 0.00156423 0.443215 0.896414
vn 0.00156423 0.443215 0.896414
vt 0.277648 7.9561
vt 0.277658 7.95025
vt 4.40057 7.9633
f 1540/1540/1540 1541/1541/1541 1542/1542/1542
v 35.5838 0.08 3.34426
v 37.5837 0.08 3.34077
v 37.5837 0.085876 3.33988
vn 0.00172625 0.148425 0.988922
vn 0.00172625 0.148425 0.988922
vn 0.00172625 0.148425 0.988922
vt 0.277661 7.94843
vt 4.40058 7.95563
vt 4.40058 7.95745
f 1543/1543/1543 1544/1544/1544 1545/1545/1545
v 35.5837 0.085876 3.34337
v 35.5838 0.08 3.34426
v 37.5837 0.085876 3.33988
vn 0.00172561 0.148621 0.988893
vn 0.00172561 0.148621 0.988893
vn 0.00172561 0.148621 0.988893
vt 0.277658 7.95025
vt 0.277661 7.94843
vt 4.40058 7.95745
f 1546/1546/1546 1547/1547/1547 1548/1548/1548
v 37.5836 0.091622 3.24449
v 39.5836 0.091622 3.241
v 39.5836 0.085876 3.23816
vn -0.00156487 0.443096 -0.896473
vn -0.00156487 0.443096 -0.896473
vn -0.00156487 0.443096 -0.896473
vt 4.40023 8.15409
vt 8.52315 8.16129
vt 8.52314 8.16714
f 1549/1549/1549 1550/1550/1550 1551/1551/1551
v 37.5836 0.085876 3.24165
v 37.5836 0.091622 3.24449
v 39.5836 0.085876 3.23816
vn -0.00156434 0.443216 -0.896414
vn -0.00156434 0.443216 -0.896414
vn -0.00156434 0.443216 -0.896414
vt 4.40022 8.15995
vt 4.40023 8.15409
vt 8.52314 8.16714
f 1552/1552/1552 1553/1553/1553 1554/1554/1554
v 37.5836 0.096277 3.24915
v 39.5836 0.096277 3.24566
v 39.5836 0.091622 3.241
vn -0.00123387 0.707117 -0.707096
vn -0.00123387 0.707117 -0.707096
vn -0.00123387 0.707117 -0.707096
vt 4.40025 8.1445
vt 8.52317 8.15169
vt 8.52315 8.16129
f 1555/1555/1555 1556/1556/1556 1557/1557/1557
v 37.5836 0.091622 3.24449
v 37.5836 0.096277 3.24915
v 39.5836 0.091622 3.241
vn -0.00123445 0.707026 -0.707186
vn -0.00123445 0.707026 -0.707186
vn -0.00123445 0.707026 -0.707186
vt 4.40023 8.15409
vt 4.40025 8.1445
vt 8.52315 8.16129
f 1558/1558/1558 1559/1559/1559 1560/1560/1560
v 37.5836 0.099117 3.25489
v 39.5836 0.099117 3.2514
v 39.5836 0.096277 3.24566
vn -0.000773196 0.896474 -0.443096
vn -0.000773196 0.896474 -0.443096
vn -0.000773196 0.896474 -0.443096
vt 4.40027 8.13265
vt 8.52319 8.13985
vt 8.52317 8.15169
f 1561/1561/1561 1562/1562/1562 1563/1563/1563
v 37.5836 0.096277 3.24915
v 37.5836 0.099117 3.25489
v 39.5836 0.096277 3.24566
vn -0.000773199 0.896474 -0.443097
vn -0.000773199 0.896474 -0.443097
vn -0.000773199 0.896474 -0.443097
vt 4.40025 8.1445
vt 4.40027 8.13265
vt 8.52317 8.15169
f 1564/1564/1564 1565/1565/1565 1566/1566/1566
v 37.5836 0.1 3.26077
v 39.5836 0.1 3.25728
v 39.5836 0.099117 3.2514
vn -0.000259379 0.988897 -0.148602
vn -0.000259379 0.988897 -0.148602
vn -0.000259379 0.988897 -0.148602
vt 4.40029 8.12054
vt 8.52321 8.12773
vt 8.52319 8.13985
f 1567/1567/1567 1568/1568/1568 1569/1569/1569
v 37.5836 0.099117 3.25489
v 37.5836 0.1 3.26077
v 39.5836 0.099117 3.2514
vn -0.000259266 0.988901 -0.148578
vn -0.000259266 0.988901 -0.148578
vn -0.000259266 0.988901 -0.148578
vt 4.40027 8.13265
vt 4.40029 8.12054
vt 8.52319 8.13985
f 1570/1570/1570 1571/1571/1571 1572/1572/1572
v 37.5837 0.096277 3.33239
v 39.5837 0.096277 3.3289
v 39.5837 0.099117 3.32315
vn 0.000773462 0.896474 0.443096
vn 0.000773462 0.896474 0.443096
vn 0.000773462 0.896474 0.443096
vt 4.40055 7.97289
vt 8.52347 7.98009
vt 8.52345 7.99193
f 1573/1573/1573 1574/1574/1574 1575/1575/1575
v 37.5837 0.099117 3.32664
v 37.5837 0.096277 3.33239
v 39.5837 0.099117 3.32315
vn 0.000773383 0.896481 0.443081
vn 0.000773383 0.896481 0.443081
vn 0.000773383 0.896481 0.443081
vt 4.40053 7.98474
vt 4.40055 7.97289
vt 8.52345 7.99193
f 1576/1576/1576 1577/1577/1577 1578/1578/1578
v 37.5837 0.091622 3.33704
v 39.5837 0.091622 3.33355
v 39.5837 0.096277 3.3289
vn 0.00123434 0.707044 0.707168
vn 0.00123434 0.707044 0.707168
vn 0.00123434 0.707044 0.707168
vt 4.40057 7.9633
vt 8.52348 7.9705
vt 8.52347 7.98009
f 1579/1579/1579 1580/1580/1580 1581/1581/1581
v 37.5837 0.096277 3.33239
v 37.5837 0.091622 3.33704
v 39.5837 0.096277 3.3289
vn 0.00123445 0.707026 0.707186
vn 0.00123445 0.707026 0.707186
vn 0.00123445 0.707026 0.707186
vt 4.40055 7.97289
vt 4.40057 7.9633
vt 8.52347 7.98009
f 1582/1582/1582 1583/1583/1583 1584/1584/1584
v 37.5837 0.085876 3.33988
v 39.5837 0.085876 3.33639
v 39.5837 0.091622 3.33355
vn 0.00156466 0.443216 0.896414
vn 0.00156466 0.443216 0.896414
vn 0.00156466 0.443216 0.896414
vt 4.40058 7.95745
vt 8.52349 7.96463
vt 8.52348 7.9705
f 1585/1585/1585 1586/1586/1586 1587/1587/1587
v 37.5837 0.091622 3.33704
v 37.5837 0.085876 3.33988
v 39.5837 0.091622 3.33355
vn 0.00156466 0.443215 0.896414
vn 0.00156466 0.443215 0.896414
vn 0.00156466 0.443215 0.896414
vt 4.40057 7.9633
vt 4.40058 7.95745
vt 8.52348 7.9705
f 1588/1588/1588 1589/1589/1589 1590/1590/1590
v 37.5837 0.08 3.34077
v 39.5837 0.08 3.33728
v 39.5837 0.085876 3.33639
vn 0.00172562 0.148581 0.988899
vn 0.00172562 0.148581 0.988899
vn 0.00172562 0.148581 0.988899
vt 4.40058 7.95563
vt 8.52349 7.96282
vt 8.52349 7.96463
f 1591/1591/1591 1592/1592/1592 1593/1593/1593
v 37.5837 0.085876 3.33988
v 37.5837 0.08 3.34077
v 39.5837 0.085876 3.33639
vn 0.00172613 0.148425 0.988922
vn 0.00172613 0.148425 0.988922
vn 0.00172613 0.148425 0.988922
vt 4.40058 7.95745
vt 4.40058 7.95563
vt 8.52349 7.96463
f 1594/1594/1594 1595/1595/1595 1596/1596/1596
v 39.5836 0.091622 3.241
v 41.5836 0.091622 3.23751
v 41.5836 0.085876 3.23467
vn -0.00156423 0.443215 -0.896414
vn -0.00156423 0.443215 -0.896414
vn -0.00156423 0.443215 -0.896414
vt 8.52315 8.16129
vt 12.6461 8.16849
vt 12.6461 8.17434
f 1597/1597/1597 1598/1598/1598 1599/1599/1599
v 39.5836 0.085876 3.23816
v 39.5836 0.091622 3.241
v 41.5836 0.085876 3.23467
vn -0.00156476 0.443096 -0.896473
vn -0.00156476 0.443096 -0.896473
vn -0.00156476 0.443096 -0.896473
vt 8.52314 8.16714
vt 8.52315 8.16129
vt 12.6461 8.17434
f 1600/1600/1600 1601/1601/1601 1602/1602/1602
v 39.5836 0.096277 3.24566
v 41.5836 0.096277 3.24216
v 41.5836 0.091622 3.23751
vn -0.00123445 0.707026 -0.707186
vn -0.00123445 0.707026 -0.707186
vn -0.00123445 0.707026 -0.707186
vt 8.52317 8.15169
vt 12.6461 8.15889
vt 12.6461 8.16849
f 1603/1603/1603 1604/1604/1604 1605/1605/1605
v 39.5836 0.091622 3.241
v 39.5836 0.096277 3.24566
v 41.5836 0.091622 3.23751
vn -0.00123387 0.707117 -0.707096
vn -0.00123387 0.707117 -0.707096
vn -0.00123387 0.707117 -0.707096
vt 8.52315 8.16129
vt 8.52317 8.15169
vt 12.6461 8.16849
f 1606/1606/1606 1607/1607/1607 1608/1608/1608
v 39.5836 0.099117 3.2514
v 41.5836 0.099117 3.24791
v 41.5836 0.096277 3.24216
vn -0.000773383 0.896481 -0.443081
vn -0.000773383 0.896481 -0.443081
vn -0.000773383 0.896481 -0.443081
vt 8.52319 8.13985
vt 12.6461 8.14704
vt 12.6461 8.15889
f 1609/1609/1609 1610/1610/1610 1611/1611/1611
v 39.5836 0.096277 3.24566
v 39.5836 0.099117 3.2514
v 41.5836 0.096277 3.24216
vn -0.000773462 0.896474 -0.443096
vn -0.000773462 0.896474 -0.443096
vn -0.000773462 0.896474 -0.443096
vt 8.52317 8.15169
vt 8.52319 8.13985
vt 12.6461 8.15889
f 1612/1612/1612 1613/1613/1613 1614/1614/1614
v 39.5836 0.1 3.25728
v 41.5836 0.1 3.25379
v 41.5836 0.099117 3.24791
vn -0.000259378 0.988897 -0.148601
vn -0.000259378 0.988897 -0.148601
vn -0.000259378 0.988897 -0.148601
vt 8.52321 8.12773
vt 12.6461 8.13493
vt 12.6461 8.14704
f 1615/1615/1615 1616/1616/1616 1617/1617/1617
v 39.5836 0.099117 3.2514
v 39.5836 0.1 3.25728
v 41.5836 0.099117 3.24791
vn -0.000259379 0.988897 -0.148602
vn -0.000259379 0.988897 -0.148602
vn -0.000259379 0.988897 -0.148602
vt 8.52319 8.13985
vt 8.52321 8.12773
vt 12.6461 8.14704
f 1618/1618/1618 1619/1619/1619 1620/1620/1620
v 39.5837 0.096277 3.3289
v 41.5837 0.096277 3.32541
v 41.5837 0.099117 3.31966
vn 0.00077341 0.896474 0.443097
vn 0.00077341 0.896474 0.443097
vn 0.00077341 0.896474 0.443097
vt 8.52347 7.98009
vt 12.6464 7.98729
vt 12.6464 7.99913
f 1621/1621/1621 1622/1622/1622 1623/1623/1623
v 39.5837 0.099117 3.32315
v 39.5837 0.096277 3.3289
v 41.5837 0.099117 3.31966
vn 0.000773408 0.896474 0.443096
vn 0.000773408 0.896474 0.443096
vn 0.000773408 0.896474 0.443096
vt 8.52345 7.99193
vt 8.52347 7.98009
vt 12.6464 7.99913
f 1624/1624/1624 1625/1625/1625 1626/1626/1626
v 39.5837 0.091622 3.33355
v 41.5837 0.091622 3.33006
v 41.5837 0.096277 3.32541
vn 0.00123387 0.707117 0.707096
vn 0.00123387 0.707117 0.707096
vn 0.00123387 0.707117 0.707096
vt 8.52348 7.9705
vt 12.6464 7.97769
vt 12.6464 7.98729
f 1627/1627/1627 1628/1628/1628 1629/1629/1629
v 39.5837 0.096277 3.3289
v 39.5837 0.091622 3.33355
v 41.5837 0.096277 3.32541
vn 0.00123434 0.707044 0.707168
vn 0.00123434 0.707044 0.707168
vn 0.00123434 0.707044 0.707168
vt 8.52347 7.98009
vt 8.52348 7.9705
vt 12.6464 7.98729
f 1630/1630/1630 1631/1631/1631 1632/1632/1632
v 39.5837 0.085876 3.33639
v 41.5837 0.085876 3.3329
v 41.5837 0.091622 3.33006
vn 0.00156489 0.443067 0.896487
vn 0.00156489 0.443067 0.896487
vn 0.00156489 0.443067 0.896487
vt 8.52349 7.96463
vt 12.6464 7.97183
vt 12.6464 7.97769
f 1633/1633/1633 1634/1634/1634 1635/1635/1635
v 39.5837 0.091622 3.33355
v 39.5837 0.085876 3.33639
v 41.5837 0.091622 3.33006
vn 0.00156423 0.443216 0.896413
vn 0.00156423 0.443216 0.896413
vn 0.00156423 0.443216 0.896413
vt 8.52348 7.9705
vt 8.52349 7.96463
vt 12.6464 7.97769
f 1636/1636/1636 1637/1637/1637 1638/1638/1638
v 39.5837 0.08 3.33728
v 41.5837 0.08 3.33379
v 41.5837 0.085876 3.3329
vn 0.00172608 0.14862 0.988893
vn 0.00172608 0.14862 0.988893
vn 0.00172608 0.14862 0.988893
vt 8.52349 7.96282
vt 12.6464 7.97002
vt 12.6464 7.97183
f 1639/1639/1639 1640/1640/1640 1641/1641/1641
v 39.5837 0.085876 3.33639
v 39.5837 0.08 3.33728
v 41.5837 0.085876 3.3329
vn 0.00172621 0.148581 0.988899
vn 0.00172621 0.148581 0.988899
vn 0.00172621 0.148581 0.988899
vt 8.52349 7.96463
vt 8.52349 7.96282
vt 12.6464 7.97183
f 1642/1642/1642 1643/1643/1643 1644/1644/1644
v 41.5836 0.091622 3.23751
v 43.5836 0.091622 3.23402
v 43.5836 0.085876 3.23118
vn -0.00156466 0.443215 -0.896414
vn -0.00156466 0.443215 -0.896414
vn -0.00156466 0.443215 -0.896414
vt 12.6461 8.16849
vt 16.769 8.17568
vt 16.769 8.18154
f 1645/1645/1645 1646/1646/1646 1647/1647/1647
v 41.5836 0.085876 3.23467
v 41.5836 0.091622 3.23751
v 43.5836 0.085876 3.23118
vn -0.00156466 0.443215 -0.896414
vn -0.00156466 0.443215 -0.896414
vn -0.00156466 0.443215 -0.896414
vt 12.6461 8.17434
vt 12.6461 8.16849
vt 16.769 8.18154
f 1648/1648/1648 1649/1649/1649 1650/1650/1650
v 41.5836 0.096277 3.24216
v 43.5836 0.096277 3.23867
v 43.5836 0.091622 3.23402
vn -0.00123437 0.707026 -0.707186
vn -0.00123437 0.707026 -0.707186
vn -0.00123437 0.707026 -0.707186
vt 12.6461 8.15889
vt 16.769 8.16609
vt 16.769 8.17568
f 1651/1651/1651 1652/1652/1652 1653/1653/1653
v 41.5836 0.091622 3.23751
v 41.5836 0.096277 3.24216
v 43.5836 0.091622 3.23402
vn -0.00123437 0.707026 -0.707186
vn -0.00123437 0.707026 -0.707186
vn -0.00123437 0.707026 -0.707186
vt 12.6461 8.16849
vt 12.6461 8.15889
vt 16.769 8.17568
f 1654/1654/1654 1655/1655/1655 1656/1656/1656
v 41.5836 0.099117 3.24791
v 43.5836 0.099117 3.24442
v 43.5836 0.096277 3.23867
vn -0.000773383 0.896481 -0.443081
vn -0.000773383 0.896481 -0.443081
vn -0.000773383 0.896481 -0.443081
vt 12.6461 8.14704
vt 16.769 8.15424
vt 16.769 8.16609
f 1657/1657/1657 1658/1658/1658 1659/1659/1659
v 41.5836 0.096277 3.24216
v 41.5836 0.099117 3.24791
v 43.5836 0.096277 3.23867
vn -0.000773383 0.896481 -0.443081
vn -0.000773383 0.896481 -0.443081
vn -0.000773383 0.896481 -0.443081
vt 12.6461 8.15889
vt 12.6461 8.14704
vt 16.769 8.16609
f 1660/1660/1660 1661/1661/1661 1662/1662/1662
v 41.5836 0.1 3.25379
v 43.5836 0.1 3.25029
v 43.5836 0.099117 3.24442
vn -0.000259407 0.988896 -0.148607
vn -0.000259407 0.988896 -0.148607
vn -0.000259407 0.988896 -0.148607
vt 12.6461 8.13493
vt 16.769 8.14213
vt 16.769 8.15424
f 1663/1663/1663 1664/1664/1664 1665/1665/1665
v 41.5836 0.099117 3.24791
v 41.5836 0.1 3.25379
v 43.5836 0.099117 3.24442
vn -0.000259379 0.988897 -0.148601
vn -0.000259379 0.988897 -0.148601
vn -0.000259379 0.988897 -0.148601
vt 12.6461 8.14704
vt 12.6461 8.13493
vt 16.769 8.15424
f 1666/1666/1666 1667/1667/1667 1668/1668/1668
v 41.5837 0.096277 3.32541
v 43.5837 0.096277 3.32192
v 43.5837 0.099117 3.31617
vn 0.000773173 0.896481 0.443082
vn 0.000773173 0.896481 0.443082
vn 0.000773173 0.896481 0.443082
vt 12.6464 7.98729
vt 16.7693 7.99448
vt 16.7693 8.00632
f 1669/1669/1669 1670/1670/1670 1671/1671/1671
v 41.5837 0.099117 3.31966
v 41.5837 0.096277 3.32541
v 43.5837 0.099117 3.31617
vn 0.000773251 0.896474 0.443097
vn 0.000773251 0.896474 0.443097
vn 0.000773251 0.896474 0.443097
vt 12.6464 7.99913
vt 12.6464 7.98729
vt 16.7693 8.00632
f 1672/1672/1672 1673/1673/1673 1674/1674/1674
v 41.5837 0.091622 3.33006
v 43.5837 0.091622 3.32657
v 43.5837 0.096277 3.32192
vn 0.00123445 0.707027 0.707186
vn 0.00123445 0.707027 0.707186
vn 0.00123445 0.707027 0.707186
vt 12.6464 7.97769
vt 16.7693 7.98489
vt 16.7693 7.99448
f 1675/1675/1675 1676/1676/1676 1677/1677/1677
v 41.5837 0.096277 3.32541
v 41.5837 0.091622 3.33006
v 43.5837 0.096277 3.32192
vn 0.00123387 0.707117 0.707096
vn 0.00123387 0.707117 0.707096
vn 0.00123387 0.707117 0.707096
vt 12.6464 7.98729
vt 12.6464 7.97769
vt 16.7693 7.99448
f 1678/1678/1678 1679/1679/1679 1680/1680/1680
v 41.5837 0.085876 3.3329
v 43.5837 0.085876 3.32941
v 43.5837 0.091622 3.32657
vn 0.00156423 0.443215 0.896414
vn 0.00156423 0.443215 0.896414
vn 0.00156423 0.443215 0.896414
vt 12.6464 7.97183
vt 16.7693 7.97903
vt 16.7693 7.98489
f 1681/1681/1681 1682/1682/1682 1683/1683/1683
v 41.5837 0.091622 3.33006
v 41.5837 0.085876 3.3329
v 43.5837 0.091622 3.32657
vn 0.00156489 0.443067 0.896487
vn 0.00156489 0.443067 0.896487
vn 0.00156489 0.443067 0.896487
vt 12.6464 7.97769
vt 12.6464 7.97183
vt 16.7693 7.98489
f 1684/1684/1684 1685/1685/1685 1686/1686/1686
v 41.5837 0.08 3.33379
v 43.5837 0.08 3.3303
v 43.5837 0.085876 3.32941
vn 0.00172612 0.148463 0.988916
vn 0.00172612 0.148463 0.988916
vn 0.00172612 0.148463 0.988916
vt 12.6464 7.97002
vt 16.7693 7.97721
vt 16.7693 7.97903
f 1687/1687/1687 1688/1688/1688 1689/1689/1689
v 41.5837 0.085876 3.3329
v 41.5837 0.08 3.33379
v 43.5837 0.085876 3.32941
vn 0.00172561 0.14862 0.988893
vn 0.00172561 0.14862 0.988893
vn 0.00172561 0.14862 0.988893
vt 12.6464 7.97183
vt 12.6464 7.97002
vt 16.7693 7.97903
f 1690/1690/1690 1691/1691/1691 1692/1692/1692
v 43.5836 0.091622 3.23402
v 45.5836 0.091622 3.23053
v 45.5836 0.085876 3.22769
vn -0.00156476 0.443096 -0.896473
vn -0.00156476 0.443096 -0.896473
vn -0.00156476 0.443096 -0.896473
vt 16.769 8.17568
vt 20.8919 8.18288
vt 20.8919 8.18873
f 1693/1693/1693 1694/1694/1694 1695/1695/1695
v 43.5836 0.085876 3.23118
v 43.5836 0.091622 3.23402
v 45.5836 0.085876 3.22769
vn -0.00156423 0.443215 -0.896414
vn -0.00156423 0.443215 -0.896414
vn -0.00156423 0.443215 -0.896414
vt 16.769 8.18154
vt 16.769 8.17568
vt 20.8919 8.18873
f 1696/1696/1696 1697/1697/1697 1698/1698/1698
v 43.5836 0.096277 3.23867
v 45.5836 0.096277 3.23518
v 45.5836 0.091622 3.23053
vn -0.0012339 0.707099 -0.707113
vn -0.0012339 0.707099 -0.707113
vn -0.0012339 0.707099 -0.707113
vt 16.769 8.16609
vt 20.8919 8.17328
vt 20.8919 8.18288
f 1699/1699/1699 1700/1700/1700 1701/1701/1701
v 43.5836 0.091622 3.23402
v 43.5836 0.096277 3.23867
v 45.5836 0.091622 3.23053
vn -0.00123437 0.707026 -0.707186
vn -0.00123437 0.707026 -0.707186
vn -0.00123437 0.707026 -0.707186
vt 16.769 8.17568
vt 16.769 8.16609
vt 20.8919 8.18288
f 1702/1702/1702 1703/1703/1703 1704/1704/1704
v 43.5836 0.099117 3.24442
v 45.5836 0.099117 3.24093
v 45.5836 0.096277 3.23518
vn -0.000773251 0.896474 -0.443097
vn -0.000773251 0.896474 -0.443097
vn -0.000773251 0.896474 -0.443097
vt 16.769 8.15424
vt 20.8919 8.16144
vt 20.8919 8.17328
f 1705/1705/1705 1706/1706/1706 1707/1707/1707
v 43.5836 0.096277 3.23867
v 43.5836 0.099117 3.24442
v 45.5836 0.096277 3.23518
vn -0.000773171 0.896481 -0.443081
vn -0.000773171 0.896481 -0.443081
vn -0.000773171 0.896481 -0.443081
vt 16.769 8.16609
vt 16.769 8.15424
vt 20.8919 8.17328
f 1708/1708/1708 1709/1709/1709 1710/1710/1710
v 43.5836 0.1 3.25029
v 45.5836 0.1 3.2468
v 45.5836 0.099117 3.24093
vn -0.000259308 0.988897 -0.148601
vn -0.000259308 0.988897 -0.148601
vn -0.000259308 0.988897 -0.148601
vt 16.769 8.14213
vt 20.892 8.14932
vt 20.8919 8.16144
f 1711/1711/1711 1712/1712/1712 1713/1713/1713
v 43.5836 0.099117 3.24442
v 43.5836 0.1 3.25029
v 45.5836 0.099117 3.24093
vn -0.000259336 0.988896 -0.148607
vn -0.000259336 0.988896 -0.148607
vn -0.000259336 0.988896 -0.148607
vt 16.769 8.15424
vt 16.769 8.14213
vt 20.8919 8.16144
f 1714/1714/1714 1715/1715/1715 1716/1716/1716
v 43.5837 0.096277 3.32192
v 45.5837 0.096277 3.31843
v 45.5837 0.099117 3.31268
vn 0.000773382 0.896481 0.443081
vn 0.000773382 0.896481 0.443081
vn 0.000773382 0.896481 0.443081
vt 16.7693 7.99448
vt 20.8922 8.00168
vt 20.8922 8.01352
f 1717/1717/1717 1718/1718/1718 1719/1719/1719
v 43.5837 0.099117 3.31617
v 43.5837 0.096277 3.32192
v 45.5837 0.099117 3.31268
vn 0.000773384 0.896481 0.443082
vn 0.000773384 0.896481 0.443082
vn 0.000773384 0.896481 0.443082
vt 16.7693 8.00632
vt 16.7693 7.99448
vt 20.8922 8.01352
f 1720/1720/1720 1721/1721/1721 1722/1722/1722
v 43.5837 0.091622 3.32657
v 45.5837 0.091622 3.32308
v 45.5837 0.096277 3.31843
vn 0.00123437 0.707026 0.707186
vn 0.00123437 0.707026 0.707186
vn 0.00123437 0.707026 0.707186
vt 16.7693 7.98489
vt 20.8922 7.99208
vt 20.8922 8.00168
f 1723/1723/1723 1724/1724/1724 1725/1725/1725
v 43.5837 0.096277 3.32192
v 43.5837 0.091622 3.32657
v 45.5837 0.096277 3.31843
vn 0.00123437 0.707027 0.707186
vn 0.00123437 0.707027 0.707186
vn 0.00123437 0.707027 0.707186
vt 16.7693 7.99448
vt 16.7693 7.98489
vt 20.8922 8.00168
f 1726/1726/1726 1727/1727/1727 1728/1728/1728
v 43.5837 0.085876 3.32941
v 45.5837 0.085876 3.32592
v 45.5837 0.091622 3.32308
vn 0.00156466 0.443215 0.896414
vn 0.00156466 0.443215 0.896414
vn 0.00156466 0.443215 0.896414
vt 16.7693 7.97903
vt 20.8922 7.98622
vt 20.8922 7.99208
f 1729/1729/1729 1730/1730/1730 1731/1731/1731
v 43.5837 0.091622 3.32657
v 43.5837 0.085876 3.32941
v 45.5837 0.091622 3.32308
vn 0.00156466 0.443215 0.896414
vn 0.00156466 0.443215 0.896414
vn 0.00156466 0.443215 0.896414
vt 16.7693 7.98489
vt 16.7693 7.97903
vt 20.8922 7.99208
f 1732/1732/1732 1733/1733/1733 1734/1734/1734
v 43.5837 0.08 3.3303
v 45.5837 0.08 3.32681
v 45.5837 0.085876 3.32592
vn 0.0017256 0.148621 0.988893
vn 0.0017256 0.148621 0.988893
vn 0.0017256 0.148621 0.988893
vt 16.7693 7.97721
vt 20.8922 7.9844
vt 20.8922 7.98622
f 1735/1735/1735 1736/1736/1736 1737/1737/1737
v 43.5837 0.085876 3.32941
v 43.5837 0.08 3.3303
v 45.5837 0.085876 3.32592
vn 0.00172612 0.148463 0.988916
vn 0.00172612 0.148463 0.988916
vn 0.00172612 0.148463 0.988916
vt 16.7693 7.97903
vt 16.7693 7.97721
vt 20.8922 7.98622
f 1738/1738/1738 1739/1739/1739 1740/1740/1740
v 45.5836 0.091622 3.23053
v 46.8279 0.091622 3.14089
v 46.8257 0.085876 3.13753
vn -0.0613165 0.521239 -0.851205
vn -0.0613165 0.521239 -0.851205
vn -0.0613165 0.521239 -0.851205
vt 20.8919 8.18288
vt 23.457 8.36765
vt 23.4525 8.37458
f 1741/1741/1741 1742/1742/1742 1743/1743/1743
v 45.5836 0.085876 3.22769
v 45.5836 0.091622 3.23053
v 46.8257 0.085876 3.13753
vn -0.0649284 0.442195 -0.894566
vn -0.0649284 0.442195 -0.894566
vn -0.0649284 0.442195 -0.894566
vt 20.8919 8.18873
vt 20.8919 8.18288
vt 23.4525 8.37458
f 1744/1744/1744 1745/1745/1745 1746/1746/1746
v 45.5836 0.096277 3.23518
v 46.8315 0.096277 3.1464
v 46.8279 0.091622 3.14089
vn -0.0446661 0.777085 -0.627809
vn -0.0446661 0.777085 -0.627809
vn -0.0446661 0.777085 -0.627809
vt 20.8919 8.17328
vt 23.4644 8.3563
vt 23.457 8.36765
f 1747/1747/1747 1748/1748/1748 1749/1749/1749
v 45.5836 0.091622 3.23053
v 45.5836 0.096277 3.23518
v 46.8279 0.091622 3.14089
vn -0.0508665 0.706245 -0.706137
vn -0.0508665 0.706245 -0.706137
vn -0.0508665 0.706245 -0.706137
vt 20.8919 8.18288
vt 20.8919 8.17328
vt 23.457 8.36765
f 1750/1750/1750 1751/1751/1751 1752/1752/1752
v 45.5836 0.099117 3.24093
v 46.8359 0.099117 3.15319
v 46.8315 0.096277 3.1464
vn -0.0259837 0.928307 -0.370905
vn -0.0259837 0.928307 -0.370905
vn -0.0259837 0.928307 -0.370905
vt 20.8919 8.16144
vt 23.4736 8.3423
vt 23.4644 8.3563
f 1753/1753/1753 1754/1754/1754 1755/1755/1755
v 45.5836 0.096277 3.23518
v 45.5836 0.099117 3.24093
v 46.8315 0.096277 3.1464
vn -0.0315066 0.896045 -0.442844
vn -0.0315066 0.896045 -0.442844
vn -0.0315066 0.896045 -0.442844
vt 20.8919 8.17328
vt 20.8919 8.16144
vt 23.4644 8.3563
f 1756/1756/1756 1757/1757/1757 1758/1758/1758
v 45.5836 0.1 3.2468
v 46.8405 0.1 3.16015
v 46.8359 0.099117 3.15319
vn -0.00831818 0.992661 -0.120647
vn -0.00831818 0.992661 -0.120647
vn -0.00831818 0.992661 -0.120647
vt 20.892 8.14932
vt 23.483 8.32797
vt 23.4736 8.3423
f 1759/1759/1759 1760/1760/1760 1761/1761/1761
v 45.5836 0.099117 3.24093
v 45.5836 0.1 3.2468
v 46.8359 0.099117 3.15319
vn -0.0104083 0.988847 -0.148574
vn -0.0104083 0.988847 -0.148574
vn -0.0104083 0.988847 -0.148574
vt 20.8919 8.16144
vt 20.892 8.14932
vt 23.4736 8.3423
f 1762/1762/1762 1763/1763/1763 1764/1764/1764
v 45.5837 0.096277 3.31843
v 46.896 0.096277 3.24486
v 46.8916 0.099117 3.23806
vn 0.0209542 0.927279 0.373784
vn 0.0209542 0.927279 0.373784
vn 0.0209542 0.927279 0.373784
vt 20.8922 8.00168
vt 23.5975 8.15333
vt 23.5883 8.16734
f 1765/1765/1765 1766/1766/1766 1767/1767/1767
v 45.5837 0.099117 3.31268
v 45.5837 0.096277 3.31843
v 46.8916 0.099117 3.23806
vn 0.0252687 0.896214 0.442901
vn 0.0252687 0.896214 0.442901
vn 0.0252687 0.896214 0.442901
vt 20.8922 8.01352
vt 20.8922 8.00168
vt 23.5883 8.16734
f 1768/1768/1768 1769/1769/1769 1770/1770/1770
v 45.5837 0.091622 3.32308
v 46.8996 0.091622 3.25037
v 46.896 0.096277 3.24486
vn 0.0349156 0.774304 0.631849
vn 0.0349156 0.774304 0.631849
vn 0.0349156 0.774304 0.631849
vt 20.8922 7.99208
vt 23.6049 8.14198
vt 23.5975 8.15333
f 1771/1771/1771 1772/1772/1772 1773/1773/1773
v 45.5837 0.096277 3.31843
v 45.5837 0.091622 3.32308
v 46.896 0.096277 3.24486
vn 0.0396118 0.706503 0.7066
vn 0.0396118 0.706503 0.7066
vn 0.0396118 0.706503 0.7066
vt 20.8922 8.00168
vt 20.8922 7.99208
vt 23.5975 8.15333
f 1774/1774/1774 1775/1775/1775 1776/1776/1776
v 45.5837 0.085876 3.32592
v 46.9018 0.085876 3.25373
v 46.8996 0.091622 3.25037
vn 0.0467975 0.517535 0.854381
vn 0.0467975 0.517535 0.854381
vn 0.0467975 0.517535 0.854381
vt 20.8922 7.98622
vt 23.6095 8.13506
vt 23.6049 8.14198
f 1777/1777/1777 1778/1778/1778 1779/1779/1779
v 45.5837 0.091622 3.32308
v 45.5837 0.085876 3.32592
v 46.8996 0.091622 3.25037
vn 0.049474 0.442699 0.895305
vn 0.049474 0.442699 0.895305
vn 0.049474 0.442699 0.895305
vt 20.8922 7.99208
vt 20.8922 7.98622
vt 23.6049 8.14198
f 1780/1780/1780 1781/1781/1781 1782/1782/1782
v 45.5837 0.08 3.32681
v 46.9025 0.08 3.25477
v 46.9018 0.085876 3.25373
vn 0.0536434 0.180759 0.982063
vn 0.0536434 0.180759 0.982063
vn 0.0536434 0.180759 0.982063
vt 20.8922 7.9844
vt 23.6109 8.1329
vt 23.6095 8.13506
f 1783/1783/1783 1784/1784/1784 1785/1785/1785
v 45.5837 0.085876 3.32592
v 45.5837 0.08 3.32681
v 46.9018 0.085876 3.25373
vn 0.0540856 0.148437 0.987442
vn 0.0540856 0.148437 0.987442
vn 0.0540856 0.148437 0.987442
vt 20.8922 7.98622
vt 20.8922 7.9844
vt 23.6095 8.13506
f 1786/1786/1786 1787/1787/1787 1788/1788/1788
v 46.8279 0.091622 3.14089
v 46.8796 0.091622 2.89249
v 46.8768 0.085876 2.89192
vn -0.877634 0.443156 -0.182679
vn -0.877634 0.443156 -0.182679
vn -0.877634 0.443156 -0.182679
vt 23.457 8.36765
vt 23.5636 8.87972
vt 23.5579 8.88092
f 1789/1789/1789 1790/1790/1790 1791/1791/1791
v 46.8257 0.085876 3.13753
v 46.8279 0.091622 3.14089
v 46.8768 0.085876 2.89192
vn -0.877691 0.44304 -0.182688
vn -0.877691 0.44304 -0.182688
vn -0.877691 0.44304 -0.182688
vt 23.4525 8.37458
vt 23.457 8.36765
vt 23.5579 8.88092
f 1792/1792/1792 1793/1793/1793 1794/1794/1794
v 46.8315 0.096277 3.1464
v 46.8841 0.096277 2.89344
v 46.8796 0.091622 2.89249
vn -0.692169 0.707208 -0.144079
vn -0.692169 0.707208 -0.144079
vn -0.692169 0.707208 -0.144079
vt 23.4644 8.3563
vt 23.573 8.87777
vt 23.5636 8.87972
f 1795/1795/1795 1796/1796/1796 1797/1797/1797
v 46.8279 0.091622 3.14089
v 46.8315 0.096277 3.1464
v 46.8796 0.091622 2.89249
vn -0.692282 0.707093 -0.144098
vn -0.692282 0.707093 -0.144098
vn -0.692282 0.707093 -0.144098
vt 23.457 8.36765
vt 23.4644 8.3563
vt 23.5636 8.87972
f 1798/1798/1798 1799/1799/1799 1800/1800/1800
v 46.8359 0.099117 3.15319
v 46.8898 0.099117 2.89461
v 46.8841 0.096277 2.89344
vn -0.433947 0.8964 -0.0903225
vn -0.433947 0.8964 -0.0903225
vn -0.433947 0.8964 -0.0903225
vt 23.4736 8.3423
vt 23.5846 8.87535
vt 23.573 8.87777
f 1801/1801/1801 1802/1802/1802 1803/1803/1803
v 46.8315 0.096277 3.1464
v 46.8359 0.099117 3.15319
v 46.8841 0.096277 2.89344
vn -0.433733 0.896507 -0.090284
vn -0.433733 0.896507 -0.090284
vn -0.433733 0.896507 -0.090284
vt 23.4644 8.3563
vt 23.4736 8.3423
vt 23.573 8.87777
f 1804/1804/1804 1805/1805/1805 1806/1806/1806
v 46.8405 0.1 3.16015
v 46.8955 0.1 2.89581
v 46.8898 0.099117 2.89461
vn -0.14549 0.988896 -0.0302827
vn -0.14549 0.988896 -0.0302827
vn -0.14549 0.988896 -0.0302827
vt 23.483 8.32797
vt 23.5964 8.87288
vt 23.5846 8.87535
f 1807/1807/1807 1808/1808/1808 1809/1809/1809
v 46.8359 0.099117 3.15319
v 46.8405 0.1 3.16015
v 46.8898 0.099117 2.89461
vn -0.145494 0.988896 -0.0302835
vn -0.145494 0.988896 -0.0302835
vn -0.145494 0.988896 -0.0302835
vt 23.4736 8.3423
vt 23.483 8.32797
vt 23.5846 8.87535
f 1810/1810/1810 1811/1811/1811 1812/1812/1812
v 46.896 0.096277 3.24486
v 46.9656 0.096277 2.91041
v 46.96 0.099117 2.90924
vn 0.433728 0.89651 0.0902826
vn 0.433728 0.89651 0.0902826
vn 0.433728 0.89651 0.0902826
vt 23.5975 8.15333
vt 23.741 8.8428
vt 23.7294 8.84521
f 1813/1813/1813 1814/1814/1814 1815/1815/1815
v 46.8916 0.099117 3.23806
v 46.896 0.096277 3.24486
v 46.96 0.099117 2.90924
vn 0.433965 0.89639 0.0903267
vn 0.433965 0.89639 0.0903267
vn 0.433965 0.89639 0.0903267
vt 23.5883 8.16734
vt 23.5975 8.15333
vt 23.7294 8.84521
f 1816/1816/1816 1817/1817/1817 1818/1818/1818
v 46.8996 0.091622 3.25037
v 46.9702 0.091622 2.91136
v 46.9656 0.096277 2.91041
vn 0.692452 0.70692 0.144132
vn 0.692452 0.70692 0.144132
vn 0.692452 0.70692 0.144132
vt 23.6049 8.14198
vt 23.7504 8.84084
vt 23.741 8.8428
f 1819/1819/1819 1820/1820/1820 1821/1821/1821
v 46.896 0.096277 3.24486
v 46.8996 0.091622 3.25037
v 46.9656 0.096277 2.91041
vn 0.69228 0.707095 0.144102
vn 0.69228 0.707095 0.144102
vn 0.69228 0.707095 0.144102
vt 23.5975 8.15333
vt 23.6049 8.14198
vt 23.741 8.8428
f 1822/1822/1822 1823/1823/1823 1824/1824/1824
v 46.9018 0.085876 3.25373
v 46.973 0.085876 2.91193
v 46.9702 0.091622 2.91136
vn 0.877634 0.443156 0.18268
vn 0.877634 0.443156 0.18268
vn 0.877634 0.443156 0.18268
vt 23.6095 8.13506
vt 23.7561 8.83965
vt 23.7504 8.84084
f 1825/1825/1825 1826/1826/1826 1827/1827/1827
v 46.8996 0.091622 3.25037
v 46.9018 0.085876 3.25373
v 46.9702 0.091622 2.91136
vn 0.87769 0.44304 0.182689
vn 0.87769 0.44304 0.182689
vn 0.87769 0.44304 0.182689
vt 23.6049 8.14198
vt 23.6095 8.13506
vt 23.7504 8.84084
f 1828/1828/1828 1829/1829/1829 1830/1830/1830
v 46.9025 0.08 3.25477
v 46.9738 0.08 2.91211
v 46.973 0.085876 2.91193
vn 0.968111 0.148842 0.201512
vn 0.968111 0.148842 0.201512
vn 0.968111 0.148842 0.201512
vt 23.6109 8.1329
vt 23.7579 8.83927
vt 23.7561 8.83965
f 1831/1831/1831 1832/1832/1832 1833/1833/1833
v 46.9018 0.085876 3.25373
v 46.9025 0.08 3.25477
v 46.973 0.085876 2.91193
vn 0.968098 0.148932 0.20151
vn 0.968098 0.148932 0.20151
vn 0.968098 0.148932 0.20151
vt 23.6095 8.13506
vt 23.6109 8.1329
vt 23.7561 8.83965
f 1834/1834/1834 1835/1835/1835 1836/1836/1836
v 46.8796 0.091622 2.89249
v 46.9509 0.091622 2.54984
v 46.9481 0.085876 2.54926
vn -0.877631 0.443162 -0.182678
vn -0.877631 0.443162 -0.182678
vn -0.877631 0.443162 -0.182678
vt 23.5636 8.87972
vt 23.7106 9.58609
vt 23.7049 9.58729
f 1837/1837/1837 1838/1838/1838 1839/1839/1839
v 46.8768 0.085876 2.89192
v 46.8796 0.091622 2.89249
v 46.9481 0.085876 2.54926
vn -0.877634 0.443156 -0.182679
vn -0.877634 0.443156 -0.182679
vn -0.877634 0.443156 -0.182679
vt 23.5579 8.88092
vt 23.5636 8.87972
vt 23.7049 9.58729
f 1840/1840/1840 1841/1841/1841 1842/1842/1842
v 46.8841 0.096277 2.89344
v 46.9555 0.096277 2.55079
v 46.9509 0.091622 2.54984
vn -0.692188 0.707189 -0.144078
vn -0.692188 0.707189 -0.144078
vn -0.692188 0.707189 -0.144078
vt 23.573 8.87777
vt 23.72 9.58414
vt 23.7106 9.58609
f 1843/1843/1843 1844/1844/1844 1845/1845/1845
v 46.8796 0.091622 2.89249
v 46.8841 0.096277 2.89344
v 46.9509 0.091622 2.54984
vn -0.69217 0.707208 -0.144075
vn -0.69217 0.707208 -0.144075
vn -0.69217 0.707208 -0.144075
vt 23.5636 8.87972
vt 23.573 8.87777
vt 23.7106 9.58609
f 1846/1846/1846 1847/1847/1847 1848/1848/1848
v 46.8898 0.099117 2.89461
v 46.9611 0.099117 2.55196
v 46.9555 0.096277 2.55079
vn -0.433943 0.896401 -0.0903247
vn -0.433943 0.896401 -0.0903247
vn -0.433943 0.896401 -0.0903247
vt 23.5846 8.87535
vt 23.7316 9.58172
vt 23.72 9.58414
f 1849/1849/1849 1850/1850/1850 1851/1851/1851
v 46.8841 0.096277 2.89344
v 46.8898 0.099117 2.89461
v 46.9555 0.096277 2.55079
vn -0.433946 0.8964 -0.0903253
vn -0.433946 0.8964 -0.0903253
vn -0.433946 0.8964 -0.0903253
vt 23.573 8.87777
vt 23.5846 8.87535
vt 23.72 9.58414
f 1852/1852/1852 1853/1853/1853 1854/1854/1854
v 46.8955 0.1 2.89581
v 46.9668 0.1 2.55315
v 46.9611 0.099117 2.55196
vn -0.145401 0.98891 -0.0302665
vn -0.145401 0.98891 -0.0302665
vn -0.145401 0.98891 -0.0302665
vt 23.5964 8.87288
vt 23.7435 9.57925
vt 23.7316 9.58172
f 1855/1855/1855 1856/1856/1856 1857/1857/1857
v 46.8898 0.099117 2.89461
v 46.8955 0.1 2.89581
v 46.9611 0.099117 2.55196
vn -0.14549 0.988896 -0.0302836
vn -0.14549 0.988896 -0.0302836
vn -0.14549 0.988896 -0.0302836
vt 23.5846 8.87535
vt 23.5964 8.87288
vt 23.7316 9.58172
f 1858/1858/1858 1859/1859/1859 1860/1860/1860
v 46.9656 0.096277 2.91041
v 47.037 0.096277 2.56775
v 47.0313 0.099117 2.56658
vn 0.433719 0.896514 0.0902783
vn 0.433719 0.896514 0.0902783
vn 0.433719 0.896514 0.0902783
vt 23.741 8.8428
vt 23.888 9.54917
vt 23.8764 9.55158
f 1861/1861/1861 1862/1862/1862 1863/1863/1863
v 46.96 0.099117 2.90924
v 46.9656 0.096277 2.91041
v 47.0313 0.099117 2.56658
vn 0.433728 0.89651 0.09028
vn 0.433728 0.89651 0.09028
vn 0.433728 0.89651 0.09028
vt 23.7294 8.84521
vt 23.741 8.8428
vt 23.8764 9.55158
f 1864/1864/1864 1865/1865/1865 1866/1866/1866
v 46.9702 0.091622 2.91136
v 47.0415 0.091622 2.5687
v 47.037 0.096277 2.56775
vn 0.692466 0.706906 0.144136
vn 0.692466 0.706906 0.144136
vn 0.692466 0.706906 0.144136
vt 23.7504 8.84084
vt 23.8974 9.54722
vt 23.888 9.54917
f 1867/1867/1867 1868/1868/1868 1869/1869/1869
v 46.9656 0.096277 2.91041
v 46.9702 0.091622 2.91136
v 47.037 0.096277 2.56775
vn 0.692452 0.70692 0.144133
vn 0.692452 0.70692 0.144133
vn 0.692452 0.70692 0.144133
vt 23.741 8.8428
vt 23.7504 8.84084
vt 23.888 9.54917
f 1870/1870/1870 1871/1871/1871 1872/1872/1872
v 46.973 0.085876 2.91193
v 47.0443 0.085876 2.56928
v 47.0415 0.091622 2.5687
vn 0.877631 0.443162 0.182678
vn 0.877631 0.443162 0.182678
vn 0.877631 0.443162 0.182678
vt 23.7561 8.83965
vt 23.9031 9.54602
vt 23.8974 9.54722
f 1873/1873/1873 1874/1874/1874 1875/1875/1875
v 46.9702 0.091622 2.91136
v 46.973 0.085876 2.91193
v 47.0415 0.091622 2.5687
vn 0.877634 0.443156 0.182678
vn 0.877634 0.443156 0.182678
vn 0.877634 0.443156 0.182678
vt 23.7504 8.84084
vt 23.7561 8.83965
vt 23.8974 9.54722
f 1876/1876/1876 1877/1877/1877 1878/1878/1878
v 46.9738 0.08 2.91211
v 47.0452 0.08 2.56946
v 47.0443 0.085876 2.56928
vn 0.968111 0.148842 0.201511
vn 0.968111 0.148842 0.201511
vn 0.968111 0.148842 0.201511
vt 23.7579 8.83927
vt 23.9049 9.54564
vt 23.9031 9.54602
f 1879/1879/1879 1880/1880/1880 1881/1881/1881
v 46.973 0.085876 2.91193
v 46.9738 0.08 2.91211
v 47.0443 0.085876 2.56928
vn 0.968111 0.148842 0.201511
vn 0.968111 0.148842 0.201511
vn 0.968111 0.148842 0.201511
vt 23.7561 8.83965
vt 23.7579 8.83927
vt 23.9031 9.54602
f 1882/1882/1882 1883/1883/1883 1884/1884/1884
v 46.9509 0.091622 2.54984
v 47.0222 0.091622 2.20718
v 47.0195 0.085876 2.2066
vn -0.877634 0.443156 -0.182678
vn -0.877634 0.443156 -0.182678
vn -0.877634 0.443156 -0.182678
vt 23.7106 9.58609
vt 23.8577 10.2925
vt 23.8519 10.2937
f 1885/1885/1885 1886/1886/1886 1887/1887/1887
v 46.9481 0.085876 2.54926
v 46.9509 0.091622 2.54984
v 47.0195 0.085876 2.2066
vn -0.877631 0.443162 -0.182678
vn -0.877631 0.443162 -0.182678
vn -0.877631 0.443162 -0.182678
vt 23.7049 9.58729
vt 23.7106 9.58609
vt 23.8519 10.2937
f 1888/1888/1888 1889/1889/1889 1890/1890/1890
v 46.9555 0.096277 2.55079
v 47.0268 0.096277 2.20813
v 47.0222 0.091622 2.20718
vn -0.692185 0.707193 -0.144077
vn -0.692185 0.707193 -0.144077
vn -0.692185 0.707193 -0.144077
vt 23.72 9.58414
vt 23.8671 10.2905
vt 23.8577 10.2925
f 1891/1891/1891 1892/1892/1892 1893/1893/1893
v 46.9509 0.091622 2.54984
v 46.9555 0.096277 2.55079
v 47.0222 0.091622 2.20718
vn -0.692188 0.707189 -0.144078
vn -0.692188 0.707189 -0.144078
vn -0.692188 0.707189 -0.144078
vt 23.7106 9.58609
vt 23.72 9.58414
vt 23.8577 10.2925
f 1894/1894/1894 1895/1895/1895 1896/1896/1896
v 46.9611 0.099117 2.55196
v 47.0324 0.099117 2.2093
v 47.0268 0.096277 2.20813
vn -0.433718 0.896514 -0.0902827
vn -0.433718 0.896514 -0.0902827
vn -0.433718 0.896514 -0.0902827
vt 23.7316 9.58172
vt 23.8786 10.2881
vt 23.8671 10.2905
f 1897/1897/1897 1898/1898/1898 1899/1899/1899
v 46.9555 0.096277 2.55079
v 46.9611 0.099117 2.55196
v 47.0268 0.096277 2.20813
vn -0.433943 0.896401 -0.0903247
vn -0.433943 0.896401 -0.0903247
vn -0.433943 0.896401 -0.0903247
vt 23.72 9.58414
vt 23.7316 9.58172
vt 23.8671 10.2905
f 1900/1900/1900 1901/1901/1901 1902/1902/1902
v 46.9668 0.1 2.55315
v 47.0382 0.1 2.2105
v 47.0324 0.099117 2.2093
vn -0.145485 0.988897 -0.0302827
vn -0.145485 0.988897 -0.0302827
vn -0.145485 0.988897 -0.0302827
vt 23.7435 9.57925
vt 23.8905 10.2856
vt 23.8786 10.2881
f 1903/1903/1903 1904/1904/1904 1905/1905/1905
v 46.9611 0.099117 2.55196
v 46.9668 0.1 2.55315
v 47.0324 0.099117 2.2093
vn -0.145401 0.98891 -0.0302665
vn -0.145401 0.98891 -0.0302665
vn -0.145401 0.98891 -0.0302665
vt 23.7316 9.58172
vt 23.7435 9.57925
vt 23.8786 10.2881
f 1906/1906/1906 1907/1907/1907 1908/1908/1908
v 47.037 0.096277 2.56775
v 47.1083 0.096277 2.2251
v 47.1027 0.099117 2.22392
vn 0.433716 0.896515 0.0902775
vn 0.433716 0.896515 0.0902775
vn 0.433716 0.896515 0.0902775
vt 23.888 9.54917
vt 24.0351 10.2555
vt 24.0235 10.2579
f 1909/1909/1909 1910/1910/1910 1911/1911/1911
v 47.0313 0.099117 2.56658
v 47.037 0.096277 2.56775
v 47.1027 0.099117 2.22392
vn 0.433719 0.896514 0.0902781
vn 0.433719 0.896514 0.0902781
vn 0.433719 0.896514 0.0902781
vt 23.8764 9.55158
vt 23.888 9.54917
vt 24.0235 10.2579
f 1912/1912/1912 1913/1913/1913 1914/1914/1914
v 47.0415 0.091622 2.5687
v 47.1128 0.091622 2.22604
v 47.1083 0.096277 2.2251
vn 0.692187 0.707189 0.144086
vn 0.692187 0.707189 0.144086
vn 0.692187 0.707189 0.144086
vt 23.8974 9.54722
vt 24.0444 10.2536
vt 24.0351 10.2555
f 1915/1915/1915 1916/1916/1916 1917/1917/1917
v 47.037 0.096277 2.56775
v 47.0415 0.091622 2.5687
v 47.1083 0.096277 2.2251
vn 0.692466 0.706906 0.144136
vn 0.692466 0.706906 0.144136
vn 0.692466 0.706906 0.144136
vt 23.888 9.54917
vt 23.8974 9.54722
vt 24.0351 10.2555
f 1918/1918/1918 1919/1919/1919 1920/1920/1920
v 47.0443 0.085876 2.56928
v 47.1156 0.085876 2.22662
v 47.1128 0.091622 2.22604
vn 0.877629 0.443162 0.182687
vn 0.877629 0.443162 0.182687
vn 0.877629 0.443162 0.182687
vt 23.9031 9.54602
vt 24.0502 10.2524
vt 24.0444 10.2536
f 1921/1921/1921 1922/1922/1922 1923/1923/1923
v 47.0415 0.091622 2.5687
v 47.0443 0.085876 2.56928
v 47.1128 0.091622 2.22604
vn 0.877629 0.443162 0.182687
vn 0.877629 0.443162 0.182687
vn 0.877629 0.443162 0.182687
vt 23.8974 9.54722
vt 23.9031 9.54602
vt 24.0444 10.2536
f 1924/1924/1924 1925/1925/1925 1926/1926/1926
v 47.0452 0.08 2.56946
v 47.1165 0.08 2.2268
v 47.1156 0.085876 2.22662
vn 0.968202 0.148227 0.20153
vn 0.968202 0.148227 0.20153
vn 0.968202 0.148227 0.20153
vt 23.9049 9.54564
vt 24.052 10.252
vt 24.0502 10.2524
f 1927/1927/1927 1928/1928/1928 1929/1929/1929
v 47.0443 0.085876 2.56928
v 47.0452 0.08 2.56946
v 47.1156 0.085876 2.22662
vn 0.968109 0.148842 0.201521
vn 0.968109 0.148842 0.201521
vn 0.968109 0.148842 0.201521
vt 23.9031 9.54602
vt 23.9049 9.54564
vt 24.0502 10.2524
f 1930/1930/1930 1931/1931/1931 1932/1932/1932
v 47.0222 0.091622 2.20718
v 47.0936 0.091622 1.86453
v 47.0908 0.085876 1.86395
vn -0.877404 0.443627 -0.18264
vn -0.877404 0.443627 -0.18264
vn -0.877404 0.443627 -0.18264
vt 23.8577 10.2925
vt 24.0047 10.9988
vt 23.999 11
f 1933/1933/1933 1934/1934/1934 1935/1935/1935
v 47.0195 0.085876 2.2066
v 47.0222 0.091622 2.20718
v 47.0908 0.085876 1.86395
vn -0.877634 0.443156 -0.182678
vn -0.877634 0.443156 -0.182678
vn -0.877634 0.443156 -0.182678
vt 23.8519 10.2937
vt 23.8577 10.2925
vt 23.999 11
f 1936/1936/1936 1937/1937/1937 1938/1938/1938
v 47.0268 0.096277 2.20813
v 47.0981 0.096277 1.86548
v 47.0936 0.091622 1.86453
vn -0.69245 0.706922 -0.144133
vn -0.69245 0.706922 -0.144133
vn -0.69245 0.706922 -0.144133
vt 23.8671 10.2905
vt 24.0141 10.9969
vt 24.0047 10.9988
f 1939/1939/1939 1940/1940/1940 1941/1941/1941
v 47.0222 0.091622 2.20718
v 47.0268 0.096277 2.20813
v 47.0936 0.091622 1.86453
vn -0.692183 0.707193 -0.144085
vn -0.692183 0.707193 -0.144085
vn -0.692183 0.707193 -0.144085
vt 23.8577 10.2925
vt 23.8671 10.2905
vt 24.0047 10.9988
f 1942/1942/1942 1943/1943/1943 1944/1944/1944
v 47.0324 0.099117 2.2093
v 47.1037 0.099117 1.86665
v 47.0981 0.096277 1.86548
vn -0.433718 0.896515 -0.0902781
vn -0.433718 0.896515 -0.0902781
vn -0.433718 0.896515 -0.0902781
vt 23.8786 10.2881
vt 24.0257 10.9945
vt 24.0141 10.9969
f 1945/1945/1945 1946/1946/1946 1947/1947/1947
v 47.0268 0.096277 2.20813
v 47.0324 0.099117 2.2093
v 47.0981 0.096277 1.86548
vn -0.433719 0.896514 -0.0902784
vn -0.433719 0.896514 -0.0902784
vn -0.433719 0.896514 -0.0902784
vt 23.8671 10.2905
vt 23.8786 10.2881
vt 24.0141 10.9969
f 1948/1948/1948 1949/1949/1949 1950/1950/1950
v 47.0382 0.1 2.2105
v 47.1095 0.1 1.86784
v 47.1037 0.099117 1.86665
vn -0.145491 0.988896 -0.0302837
vn -0.145491 0.988896 -0.0302837
vn -0.145491 0.988896 -0.0302837
vt 23.8905 10.2856
vt 24.0375 10.992
vt 24.0257 10.9945
f 1951/1951/1951 1952/1952/1952 1953/1953/1953
v 47.0324 0.099117 2.2093
v 47.0382 0.1 2.2105
v 47.1037 0.099117 1.86665
vn -0.145485 0.988897 -0.0302827
vn -0.145485 0.988897 -0.0302827
vn -0.145485 0.988897 -0.0302827
vt 23.8786 10.2881
vt 23.8905 10.2856
vt 24.0257 10.9945
f 1954/1954/1954 1955/1955/1955 1956/1956/1956
v 47.1083 0.096277 2.2251
v 47.1796 0.096277 1.88244
v 47.174 0.099117 1.88127
vn 0.43373 0.896509 0.0902803
vn 0.43373 0.896509 0.0902803
vn 0.43373 0.896509 0.0902803
vt 24.0351 10.2555
vt 24.1821 10.9619
vt 24.1705 10.9643
f 1957/1957/1957 1958/1958/1958 1959/1959/1959
v 47.1027 0.099117 2.22392
v 47.1083 0.096277 2.2251
v 47.174 0.099117 1.88127
vn 0.433716 0.896515 0.0902778
vn 0.433716 0.896515 0.0902778
vn 0.433716 0.896515 0.0902778
vt 24.0235 10.2579
vt 24.0351 10.2555
vt 24.1705 10.9643
f 1960/1960/1960 1961/1961/1961 1962/1962/1962
v 47.1128 0.091622 2.22604
v 47.1842 0.091622 1.88339
v 47.1796 0.096277 1.88244
vn 0.692172 0.707206 0.144075
vn 0.692172 0.707206 0.144075
vn 0.692172 0.707206 0.144075
vt 24.0444 10.2536
vt 24.1915 10.96
vt 24.1821 10.9619
f 1963/1963/1963 1964/1964/1964 1965/1965/1965
v 47.1083 0.096277 2.2251
v 47.1128 0.091622 2.22604
v 47.1796 0.096277 1.88244
vn 0.692188 0.707189 0.144078
vn 0.692188 0.707189 0.144078
vn 0.692188 0.707189 0.144078
vt 24.0351 10.2555
vt 24.0444 10.2536
vt 24.1821 10.9619
f 1966/1966/1966 1967/1967/1967 1968/1968/1968
v 47.1156 0.085876 2.22662
v 47.187 0.085876 1.88397
v 47.1842 0.091622 1.88339
vn 0.877632 0.443159 0.182679
vn 0.877632 0.443159 0.182679
vn 0.877632 0.443159 0.182679
vt 24.0502 10.2524
vt 24.1972 10.9588
vt 24.1915 10.96
f 1969/1969/1969 1970/1970/1970 1971/1971/1971
v 47.1128 0.091622 2.22604
v 47.1156 0.085876 2.22662
v 47.1842 0.091622 1.88339
vn 0.877631 0.443162 0.182678
vn 0.877631 0.443162 0.182678
vn 0.877631 0.443162 0.182678
vt 24.0444 10.2536
vt 24.0502 10.2524
vt 24.1915 10.96
f 1972/1972/1972 1973/1973/1973 1974/1974/1974
v 47.1165 0.08 2.2268
v 47.1878 0.08 1.88415
v 47.187 0.085876 1.88397
vn 0.968202 0.148227 0.20153
vn 0.968202 0.148227 0.20153
vn 0.968202 0.148227 0.20153
vt 24.052 10.252
vt 24.199 10.9584
vt 24.1972 10.9588
f 1975/1975/1975 1976/1976/1976 1977/1977/1977
v 47.1156 0.085876 2.22662
v 47.1165 0.08 2.2268
v 47.187 0.085876 1.88397
vn 0.968202 0.148227 0.20153
vn 0.968202 0.148227 0.20153
vn 0.968202 0.148227 0.20153
vt 24.0502 10.2524
vt 24.052 10.252
vt 24.1972 10.9588
f 1978/1978/1978 1979/1979/1979 1980/1980/1980
v 47.0936 0.091622 1.86453
v 47.1649 0.091622 1.52187
v 47.1621 0.085876 1.52129
vn -0.877632 0.443159 -0.182679
vn -0.877632 0.443159 -0.182679
vn -0.877632 0.443159 -0.182679
vt 24.0047 10.9988
vt 24.1517 11.7052
vt 24.146 11.7064
f 1981/1981/1981 1982/1982/1982 1983/1983/1983
v 47.0908 0.085876 1.86395
v 47.0936 0.091622 1.86453
v 47.1621 0.085876 1.52129
vn -0.877404 0.443627 -0.182641
vn -0.877404 0.443627 -0.182641
vn -0.877404 0.443627 -0.182641
vt 23.999 11
vt 24.0047 10.9988
vt 24.146 11.7064
f 1984/1984/1984 1985/1985/1985 1986/1986/1986
v 47.0981 0.096277 1.86548
v 47.1694 0.096277 1.52282
v 47.1649 0.091622 1.52187
vn -0.692466 0.706906 -0.144136
vn -0.692466 0.706906 -0.144136
vn -0.692466 0.706906 -0.144136
vt 24.0141 10.9969
vt 24.1611 11.7033
vt 24.1517 11.7052
f 1987/1987/1987 1988/1988/1988 1989/1989/1989
v 47.0936 0.091622 1.86453
v 47.0981 0.096277 1.86548
v 47.1649 0.091622 1.52187
vn -0.69245 0.706922 -0.144133
vn -0.69245 0.706922 -0.144133
vn -0.69245 0.706922 -0.144133
vt 24.0047 10.9988
vt 24.0141 10.9969
vt 24.1517 11.7052
f 1990/1990/1990 1991/1991/1991 1992/1992/1992
v 47.1037 0.099117 1.86665
v 47.1751 0.099117 1.52399
v 47.1694 0.096277 1.52282
vn -0.433718 0.896515 -0.0902778
vn -0.433718 0.896515 -0.0902778
vn -0.433718 0.896515 -0.0902778
vt 24.0257 10.9945
vt 24.1727 11.7008
vt 24.1611 11.7033
f 1993/1993/1993 1994/1994/1994 1995/1995/1995
v 47.0981 0.096277 1.86548
v 47.1037 0.099117 1.86665
v 47.1694 0.096277 1.52282
vn -0.433718 0.896515 -0.0902778
vn -0.433718 0.896515 -0.0902778
vn -0.433718 0.896515 -0.0902778
vt 24.0141 10.9969
vt 24.0257 10.9945
vt 24.1611 11.7033
f 1996/1996/1996 1997/1997/1997 1998/1998/1998
v 47.1095 0.1 1.86784
v 47.1808 0.1 1.52519
v 47.1751 0.099117 1.52399
vn -0.145491 0.988896 -0.0302837
vn -0.145491 0.988896 -0.0302837
vn -0.145491 0.988896 -0.0302837
vt 24.0375 10.992
vt 24.1846 11.6984
vt 24.1727 11.7008
f 1999/1999/1999 2000/2000/2000 2001/2001/2001
v 47.1037 0.099117 1.86665
v 47.1095 0.1 1.86784
v 47.1751 0.099117 1.52399
vn -0.145491 0.988896 -0.0302837
vn -0.145491 0.988896 -0.0302837
vn -0.145491 0.988896 -0.0302837
vt 24.0257 10.9945
vt 24.0375 10.992
vt 24.1727 11.7008
f 2002/2002/2002 2003/2003/2003 2004/2004/2004
v 47.1796 0.096277 1.88244
v 47.2509 0.096277 1.53978
v 47.2453 0.099117 1.53861
vn 0.433945 0.8964 0.0903252
vn 0.433945 0.8964 0.0903252
vn 0.433945 0.8964 0.0903252
vt 24.1821 10.9619
vt 24.3291 11.6683
vt 24.3175 11.6707
f 2005/2005/2005 2006/2006/2006 2007/2007/2007
v 47.174 0.099117 1.88127
v 47.1796 0.096277 1.88244
v 47.2453 0.099117 1.53861
vn 0.433729 0.896509 0.0902849
vn 0.433729 0.896509 0.0902849
vn 0.433729 0.896509 0.0902849
vt 24.1705 10.9643
vt 24.1821 10.9619
vt 24.3175 11.6707
f 2008/2008/2008 2009/2009/2009 2010/2010/2010
v 47.1842 0.091622 1.88339
v 47.2555 0.091622 1.54073
v 47.2509 0.096277 1.53978
vn 0.692187 0.707191 0.144078
vn 0.692187 0.707191 0.144078
vn 0.692187 0.707191 0.144078
vt 24.1915 10.96
vt 24.3385 11.6663
vt 24.3291 11.6683
f 2011/2011/2011 2012/2012/2012 2013/2013/2013
v 47.1796 0.096277 1.88244
v 47.1842 0.091622 1.88339
v 47.2509 0.096277 1.53978
vn 0.692172 0.707206 0.144075
vn 0.692172 0.707206 0.144075
vn 0.692172 0.707206 0.144075
vt 24.1821 10.9619
vt 24.1915 10.96
vt 24.3291 11.6683
f 2014/2014/2014 2015/2015/2015 2016/2016/2016
v 47.187 0.085876 1.88397
v 47.2583 0.085876 1.54131
v 47.2555 0.091622 1.54073
vn 0.877632 0.443159 0.182678
vn 0.877632 0.443159 0.182678
vn 0.877632 0.443159 0.182678
vt 24.1972 10.9588
vt 24.3442 11.6651
vt 24.3385 11.6663
f 2017/2017/2017 2018/2018/2018 2019/2019/2019
v 47.1842 0.091622 1.88339
v 47.187 0.085876 1.88397
v 47.2555 0.091622 1.54073
vn 0.877632 0.443159 0.182678
vn 0.877632 0.443159 0.182678
vn 0.877632 0.443159 0.182678
vt 24.1915 10.96
vt 24.1972 10.9588
vt 24.3385 11.6663
f 2020/2020/2020 2021/2021/2021 2022/2022/2022
v 47.1878 0.08 1.88415
v 47.2591 0.08 1.54149
v 47.2583 0.085876 1.54131
vn 0.968202 0.148227 0.20153
vn 0.968202 0.148227 0.20153
vn 0.968202 0.148227 0.20153
vt 24.199 10.9584
vt 24.346 11.6648
vt 24.3442 11.6651
f 2023/2023/2023 2024/2024/2024 2025/2025/2025
v 47.187 0.085876 1.88397
v 47.1878 0.08 1.88415
v 47.2583 0.085876 1.54131
vn 0.968202 0.148227 0.20153
vn 0.968202 0.148227 0.20153
vn 0.968202 0.148227 0.20153
vt 24.1972 10.9588
vt 24.199 10.9584
vt 24.3442 11.6651
f 2026/2026/2026 2027/2027/2027 2028/2028/2028
v 47.1649 0.091622 1.52187
v 47.2362 0.091622 1.17922
v 47.2334 0.085876 1.17864
vn -0.877632 0.443159 -0.182678
vn -0.877632 0.443159 -0.182678
vn -0.877632 0.443159 -0.182678
vt 24.1517 11.7052
vt 24.2987 12.4116
vt 24.293 12.4128
f 2029/2029/2029 2030/2030/2030 2031/2031/2031
v 47.1621 0.085876 1.52129
v 47.1649 0.091622 1.52187
v 47.2334 0.085876 1.17864
vn -0.877632 0.443159 -0.182678
vn -0.877632 0.443159 -0.182678
vn -0.877632 0.443159 -0.182678
vt 24.146 11.7064
vt 24.1517 11.7052
vt 24.293 12.4128
f 2032/2032/2032 2033/2033/2033 2034/2034/2034
v 47.1694 0.096277 1.52282
v 47.2408 0.096277 1.18016
v 47.2362 0.091622 1.17922
vn -0.692466 0.706906 -0.144136
vn -0.692466 0.706906 -0.144136
vn -0.692466 0.706906 -0.144136
vt 24.1611 11.7033
vt 24.3081 12.4096
vt 24.2987 12.4116
f 2035/2035/2035 2036/2036/2036 2037/2037/2037
v 47.1649 0.091622 1.52187
v 47.1694 0.096277 1.52282
v 47.2362 0.091622 1.17922
vn -0.692466 0.706906 -0.144136
vn -0.692466 0.706906 -0.144136
vn -0.692466 0.706906 -0.144136
vt 24.1517 11.7052
vt 24.1611 11.7033
vt 24.2987 12.4116
f 2038/2038/2038 2039/2039/2039 2040/2040/2040
v 47.1751 0.099117 1.52399
v 47.2464 0.099117 1.18133
v 47.2408 0.096277 1.18016
vn -0.433718 0.896515 -0.0902778
vn -0.433718 0.896515 -0.0902778
vn -0.433718 0.896515 -0.0902778
vt 24.1727 11.7008
vt 24.3197 12.4072
vt 24.3081 12.4096
f 2041/2041/2041 2042/2042/2042 2043/2043/2043
v 47.1694 0.096277 1.52282
v 47.1751 0.099117 1.52399
v 47.2408 0.096277 1.18016
vn -0.433718 0.896515 -0.0902778
vn -0.433718 0.896515 -0.0902778
vn -0.433718 0.896515 -0.0902778
vt 24.1611 11.7033
vt 24.1727 11.7008
vt 24.3081 12.4096
f 2044/2044/2044 2045/2045/2045 2046/2046/2046
v 47.1808 0.1 1.52519
v 47.2521 0.1 1.18253
v 47.2464 0.099117 1.18133
vn -0.145485 0.988897 -0.0302827
vn -0.145485 0.988897 -0.0302827
vn -0.145485 0.988897 -0.0302827
vt 24.1846 11.6984
vt 24.3316 12.4047
vt 24.3197 12.4072
f 2047/2047/2047 2048/2048/2048 2049/2049/2049
v 47.1751 0.099117 1.52399
v 47.1808 0.1 1.52519
v 47.2464 0.099117 1.18133
vn -0.145491 0.988896 -0.0302837
vn -0.145491 0.988896 -0.0302837
vn -0.145491 0.988896 -0.0302837
vt 24.1727 11.7008
vt 24.1846 11.6984
vt 24.3197 12.4072
f 2050/2050/2050 2051/2051/2051 2052/2052/2052
v 47.2509 0.096277 1.53978
v 47.3223 0.096277 1.19713
v 47.3166 0.099117 1.19596
vn 0.433943 0.896401 0.0903247
vn 0.433943 0.896401 0.0903247
vn 0.433943 0.896401 0.0903247
vt 24.3291 11.6683
vt 24.4761 12.3747
vt 24.4646 12.3771
f 2053/2053/2053 2054/2054/2054 2055/2055/2055
v 47.2453 0.099117 1.53861
v 47.2509 0.096277 1.53978
v 47.3166 0.099117 1.19596
vn 0.433945 0.8964 0.090325
vn 0.433945 0.8964 0.090325
vn 0.433945 0.8964 0.090325
vt 24.3175 11.6707
vt 24.3291 11.6683
vt 24.4646 12.3771
f 2056/2056/2056 2057/2057/2057 2058/2058/2058
v 47.2555 0.091622 1.54073
v 47.3268 0.091622 1.19808
v 47.3223 0.096277 1.19713
vn 0.692188 0.707189 0.144078
vn 0.692188 0.707189 0.144078
vn 0.692188 0.707189 0.144078
vt 24.3385 11.6663
vt 24.4855 12.3727
vt 24.4761 12.3747
f 2059/2059/2059 2060/2060/2060 2061/2061/2061
v 47.2509 0.096277 1.53978
v 47.2555 0.091622 1.54073
v 47.3223 0.096277 1.19713
vn 0.692187 0.707191 0.144078
vn 0.692187 0.707191 0.144078
vn 0.692187 0.707191 0.144078
vt 24.3291 11.6683
vt 24.3385 11.6663
vt 24.4761 12.3747
f 2062/2062/2062 2063/2063/2063 2064/2064/2064
v 47.2583 0.085876 1.54131
v 47.3296 0.085876 1.19866
v 47.3268 0.091622 1.19808
vn 0.877632 0.443159 0.182678
vn 0.877632 0.443159 0.182678
vn 0.877632 0.443159 0.182678
vt 24.3442 11.6651
vt 24.4913 12.3715
vt 24.4855 12.3727
f 2065/2065/2065 2066/2066/2066 2067/2067/2067
v 47.2555 0.091622 1.54073
v 47.2583 0.085876 1.54131
v 47.3268 0.091622 1.19808
vn 0.877632 0.443159 0.182678
vn 0.877632 0.443159 0.182678
vn 0.877632 0.443159 0.182678
vt 24.3385 11.6663
vt 24.3442 11.6651
vt 24.4855 12.3727
f 2068/2068/2068 2069/2069/2069 2070/2070/2070
v 47.2591 0.08 1.54149
v 47.3305 0.08 1.19884
v 47.3296 0.085876 1.19866
vn 0.968202 0.148227 0.20153
vn 0.968202 0.148227 0.20153
vn 0.968202 0.148227 0.20153
vt 24.346 11.6648
vt 24.4931 12.3711
vt 24.4913 12.3715
f 2071/2071/2071 2072/2072/2072 2073/2073/2073
v 47.2583 0.085876 1.54131
v 47.2591 0.08 1.54149
v 47.3296 0.085876 1.19866
vn 0.968202 0.148227 0.20153
vn 0.968202 0.148227 0.20153
vn 0.968202 0.148227 0.20153
vt 24.3442 11.6651
vt 24.346 11.6648
vt 24.4913 12.3715
f 2074/2074/2074 2075/2075/2075 2076/2076/2076
v 47.2362 0.091622 1.17922
v 47.3075 0.091622 0.83656
v 47.3047 0.085876 0.835981
vn -0.877632 0.443159 -0.182678
vn -0.877632 0.443159 -0.182678
vn -0.877632 0.443159 -0.182678
vt 24.2987 12.4116
vt 24.4458 13.1179
vt 24.44 13.1191
f 2077/2077/2077 2078/2078/2078 2079/2079/2079
v 47.2334 0.085876 1.17864
v 47.2362 0.091622 1.17922
v 47.3047 0.085876 0.835981
vn -0.877632 0.443159 -0.182678
vn -0.877632 0.443159 -0.182678
vn -0.877632 0.443159 -0.182678
vt 24.293 12.4128
vt 24.2987 12.4116
vt 24.44 13.1191
f 2080/2080/2080 2081/2081/2081 2082/2082/2082
v 47.2408 0.096277 1.18016
v 47.3121 0.096277 0.837509
v 47.3075 0.091622 0.83656
vn -0.692451 0.706921 -0.144133
vn -0.692451 0.706921 -0.144133
vn -0.692451 0.706921 -0.144133
vt 24.3081 12.4096
vt 24.4552 13.116
vt 24.4458 13.1179
f 2083/2083/2083 2084/2084/2084 2085/2085/2085
v 47.2362 0.091622 1.17922
v 47.2408 0.096277 1.18016
v 47.3075 0.091622 0.83656
vn -0.692466 0.706906 -0.144136
vn -0.692466 0.706906 -0.144136
vn -0.692466 0.706906 -0.144136
vt 24.2987 12.4116
vt 24.3081 12.4096
vt 24.4458 13.1179
f 2086/2086/2086 2087/2087/2087 2088/2088/2088
v 47.2464 0.099117 1.18133
v 47.3177 0.099117 0.83868
v 47.3121 0.096277 0.837509
vn -0.433717 0.896515 -0.0902779
vn -0.433717 0.896515 -0.0902779
vn -0.433717 0.896515 -0.0902779
vt 24.3197 12.4072
vt 24.4668 13.1136
vt 24.4552 13.116
f 2089/2089/2089 2090/2090/2090 2091/2091/2091
v 47.2408 0.096277 1.18016
v 47.2464 0.099117 1.18133
v 47.3121 0.096277 0.837509
vn -0.433718 0.896515 -0.0902781
vn -0.433718 0.896515 -0.0902781
vn -0.433718 0.896515 -0.0902781
vt 24.3081 12.4096
vt 24.3197 12.4072
vt 24.4552 13.116
f 2092/2092/2092 2093/2093/2093 2094/2094/2094
v 47.2521 0.1 1.18253
v 47.3235 0.1 0.839877
v 47.3177 0.099117 0.83868
vn -0.145491 0.988896 -0.0302837
vn -0.145491 0.988896 -0.0302837
vn -0.145491 0.988896 -0.0302837
vt 24.3316 12.4047
vt 24.4786 13.1111
vt 24.4668 13.1136
f 2095/2095/2095 2096/2096/2096 2097/2097/2097
v 47.2464 0.099117 1.18133
v 47.2521 0.1 1.18253
v 47.3177 0.099117 0.83868
vn -0.145485 0.988897 -0.0302827
vn -0.145485 0.988897 -0.0302827
vn -0.145485 0.988897 -0.0302827
vt 24.3197 12.4072
vt 24.3316 12.4047
vt 24.4668 13.1136
f 2098/2098/2098 2099/2099/2099 2100/2100/2100
v 47.3223 0.096277 1.19713
v 47.3936 0.096277 0.854472
v 47.388 0.099117 0.853301
vn 0.433717 0.896515 0.0902824
vn 0.433717 0.896515 0.0902824
vn 0.433717 0.896515 0.0902824
vt 24.4761 12.3747
vt 24.6232 13.081
vt 24.6116 13.0834
f 2101/2101/2101 2102/2102/2102 2103/2103/2103
v 47.3166 0.099117 1.19596
v 47.3223 0.096277 1.19713
v 47.388 0.099117 0.853301
vn 0.433943 0.896401 0.0903247
vn 0.433943 0.896401 0.0903247
vn 0.433943 0.896401 0.0903247
vt 24.4646 12.3771
vt 24.4761 12.3747
vt 24.6116 13.0834
f 2104/2104/2104 2105/2105/2105 2106/2106/2106
v 47.3268 0.091622 1.19808
v 47.3981 0.091622 0.855421
v 47.3936 0.096277 0.854472
vn 0.69245 0.706922 0.144133
vn 0.69245 0.706922 0.144133
vn 0.69245 0.706922 0.144133
vt 24.4855 12.3727
vt 24.6326 13.0791
vt 24.6232 13.081
f 2107/2107/2107 2108/2108/2108 2109/2109/2109
v 47.3223 0.096277 1.19713
v 47.3268 0.091622 1.19808
v 47.3936 0.096277 0.854472
vn 0.692187 0.707189 0.144085
vn 0.692187 0.707189 0.144085
vn 0.692187 0.707189 0.144085
vt 24.4761 12.3747
vt 24.4855 12.3727
vt 24.6232 13.081
f 2110/2110/2110 2111/2111/2111 2112/2112/2112
v 47.3296 0.085876 1.19866
v 47.4009 0.085876 0.856
v 47.3981 0.091622 0.855421
vn 0.877632 0.443159 0.182679
vn 0.877632 0.443159 0.182679
vn 0.877632 0.443159 0.182679
vt 24.4913 12.3715
vt 24.6383 13.0779
vt 24.6326 13.0791
f 2113/2113/2113 2114/2114/2114 2115/2115/2115
v 47.3268 0.091622 1.19808
v 47.3296 0.085876 1.19866
v 47.3981 0.091622 0.855421
vn 0.877632 0.443159 0.182679
vn 0.877632 0.443159 0.182679
vn 0.877632 0.443159 0.182679
vt 24.4855 12.3727
vt 24.4913 12.3715
vt 24.6326 13.0791
f 2116/2116/2116 2117/2117/2117 2118/2118/2118
v 47.3305 0.08 1.19884
v 47.4018 0.08 0.85618
v 47.4009 0.085876 0.856
vn 0.968109 0.148842 0.201522
vn 0.968109 0.148842 0.201522
vn 0.968109 0.148842 0.201522
vt 24.4931 12.3711
vt 24.6401 13.0775
vt 24.6383 13.0779
f 2119/2119/2119 2120/2120/2120 2121/2121/2121
v 47.3296 0.085876 1.19866
v 47.3305 0.08 1.19884
v 47.4009 0.085876 0.856
vn 0.968202 0.148227 0.20153
vn 0.968202 0.148227 0.20153
vn 0.968202 0.148227 0.20153
vt 24.4913 12.3715
vt 24.4931 12.3711
vt 24.6383 13.0779
f 2122/2122/2122 2123/2123/2123 2124/2124/2124
v 47.3075 0.091622 0.83656
v 47.3789 0.091622 0.493904
v 47.3761 0.085876 0.493326
vn -0.877645 0.443133 -0.182681
vn -0.877645 0.443133 -0.182681
vn -0.877645 0.443133 -0.182681
vt 24.4458 13.1179
vt 24.5928 13.8243
vt 24.5871 13.8255
f 2125/2125/2125 2126/2126/2126 2127/2127/2127
v 47.3047 0.085876 0.835981
v 47.3075 0.091622 0.83656
v 47.3761 0.085876 0.493326
vn -0.877632 0.443159 -0.182679
vn -0.877632 0.443159 -0.182679
vn -0.877632 0.443159 -0.182679
vt 24.44 13.1191
vt 24.4458 13.1179
vt 24.5871 13.8255
f 2128/2128/2128 2129/2129/2129 2130/2130/2130
v 47.3121 0.096277 0.837509
v 47.3834 0.096277 0.494853
v 47.3789 0.091622 0.493904
vn -0.692171 0.707205 -0.144082
vn -0.692171 0.707205 -0.144082
vn -0.692171 0.707205 -0.144082
vt 24.4552 13.116
vt 24.6022 13.8224
vt 24.5928 13.8243
f 2131/2131/2131 2132/2132/2132 2133/2133/2133
v 47.3075 0.091622 0.83656
v 47.3121 0.096277 0.837509
v 47.3789 0.091622 0.493904
vn -0.692451 0.706921 -0.144133
vn -0.692451 0.706921 -0.144133
vn -0.692451 0.706921 -0.144133
vt 24.4458 13.1179
vt 24.4552 13.116
vt 24.5928 13.8243
f 2134/2134/2134 2135/2135/2135 2136/2136/2136
v 47.3177 0.099117 0.83868
v 47.389 0.099117 0.496024
v 47.3834 0.096277 0.494853
vn -0.433944 0.896401 -0.0903249
vn -0.433944 0.896401 -0.0903249
vn -0.433944 0.896401 -0.0903249
vt 24.4668 13.1136
vt 24.6138 13.82
vt 24.6022 13.8224
f 2137/2137/2137 2138/2138/2138 2139/2139/2139
v 47.3121 0.096277 0.837509
v 47.3177 0.099117 0.83868
v 47.3834 0.096277 0.494853
vn -0.433716 0.896515 -0.0902823
vn -0.433716 0.896515 -0.0902823
vn -0.433716 0.896515 -0.0902823
vt 24.4552 13.116
vt 24.4668 13.1136
vt 24.6022 13.8224
f 2140/2140/2140 2141/2141/2141 2142/2142/2142
v 47.3235 0.1 0.839877
v 47.3948 0.1 0.497221
v 47.389 0.099117 0.496024
vn -0.145491 0.988896 -0.0302837
vn -0.145491 0.988896 -0.0302837
vn -0.145491 0.988896 -0.0302837
vt 24.4786 13.1111
vt 24.6257 13.8175
vt 24.6138 13.82
f 2143/2143/2143 2144/2144/2144 2145/2145/2145
v 47.3177 0.099117 0.83868
v 47.3235 0.1 0.839877
v 47.389 0.099117 0.496024
vn -0.145491 0.988896 -0.0302837
vn -0.145491 0.988896 -0.0302837
vn -0.145491 0.988896 -0.0302837
vt 24.4668 13.1136
vt 24.4786 13.1111
vt 24.6138 13.82
f 2146/2146/2146 2147/2147/2147 2148/2148/2148
v 47.3936 0.096277 0.854472
v 47.4649 0.096277 0.511817
v 47.4593 0.099117 0.510646
vn 0.433718 0.896515 0.0902781
vn 0.433718 0.896515 0.0902781
vn 0.433718 0.896515 0.0902781
vt 24.6232 13.081
vt 24.7702 13.7874
vt 24.7586 13.7898
f 2149/2149/2149 2150/2150/2150 2151/2151/2151
v 47.388 0.099117 0.853301
v 47.3936 0.096277 0.854472
v 47.4593 0.099117 0.510646
vn 0.433718 0.896515 0.0902781
vn 0.433718 0.896515 0.0902781
vn 0.433718 0.896515 0.0902781
vt 24.6116 13.0834
vt 24.6232 13.081
vt 24.7586 13.7898
f 2152/2152/2152 2153/2153/2153 2154/2154/2154
v 47.3981 0.091622 0.855421
v 47.4695 0.091622 0.512765
v 47.4649 0.096277 0.511817
vn 0.692465 0.706907 0.144136
vn 0.692465 0.706907 0.144136
vn 0.692465 0.706907 0.144136
vt 24.6326 13.0791
vt 24.7796 13.7854
vt 24.7702 13.7874
f 2155/2155/2155 2156/2156/2156 2157/2157/2157
v 47.3936 0.096277 0.854472
v 47.3981 0.091622 0.855421
v 47.4649 0.096277 0.511817
vn 0.69245 0.706922 0.144133
vn 0.69245 0.706922 0.144133
vn 0.69245 0.706922 0.144133
vt 24.6232 13.081
vt 24.6326 13.0791
vt 24.7702 13.7874
f 2158/2158/2158 2159/2159/2159 2160/2160/2160
v 47.4009 0.085876 0.856
v 47.4722 0.085876 0.513344
v 47.4695 0.091622 0.512765
vn 0.877632 0.443159 0.182678
vn 0.877632 0.443159 0.182678
vn 0.877632 0.443159 0.182678
vt 24.6383 13.0779
vt 24.7853 13.7842
vt 24.7796 13.7854
f 2161/2161/2161 2162/2162/2162 2163/2163/2163
v 47.3981 0.091622 0.855421
v 47.4009 0.085876 0.856
v 47.4695 0.091622 0.512765
vn 0.877632 0.443159 0.182678
vn 0.877632 0.443159 0.182678
vn 0.877632 0.443159 0.182678
vt 24.6326 13.0791
vt 24.6383 13.0779
vt 24.7796 13.7854
f 2164/2164/2164 2165/2165/2165 2166/2166/2166
v 47.4018 0.08 0.85618
v 47.4731 0.08 0.513524
v 47.4722 0.085876 0.513344
vn 0.968111 0.148842 0.201511
vn 0.968111 0.148842 0.201511
vn 0.968111 0.148842 0.201511
vt 24.6401 13.0775
vt 24.7871 13.7839
vt 24.7853 13.7842
f 2167/2167/2167 2168/2168/2168 2169/2169/2169
v 47.4009 0.085876 0.856
v 47.4018 0.08 0.85618
v 47.4722 0.085876 0.513344
vn 0.968111 0.148842 0.201511
vn 0.968111 0.148842 0.201511
vn 0.968111 0.148842 0.201511
vt 24.6383 13.0779
vt 24.6401 13.0775
vt 24.7853 13.7842
f 2170/2170/2170 2171/2171/2171 2172/2172/2172
v 47.3789 0.091622 0.493904
v 47.4502 0.043661 0.151249
v 47.4474 0.037915 0.15067
vn -0.863666 0.442345 -0.241686
vn -0.863666 0.442345 -0.241686
vn -0.863666 0.442345 -0.241686
vt 24.5928 13.8243
vt 24.7398 14.5307
vt 24.7341 14.5319
f 2173/2173/2173 2174/2174/2174 2175/2175/2175
v 47.3761 0.085876 0.493326
v 47.3789 0.091622 0.493904
v 47.4474 0.037915 0.15067
vn -0.863684 0.442311 -0.241684
vn -0.863684 0.442311 -0.241684
vn -0.863684 0.442311 -0.241684
vt 24.5871 13.8255
vt 24.5928 13.8243
vt 24.7341 14.5319
f 2176/2176/2176 2177/2177/2177 2178/2178/2178
v 47.3834 0.096277 0.494853
v 47.4547 0.048315 0.152197
v 47.4502 0.043661 0.151249
vn -0.669236 0.703958 -0.237835
vn -0.669236 0.703958 -0.237835
vn -0.669236 0.703958 -0.237835
vt 24.6022 13.8224
vt 24.7492 14.5287
vt 24.7398 14.5307
f 2179/2179/2179 2180/2180/2180 2181/2181/2181
v 47.3789 0.091622 0.493904
v 47.3834 0.096277 0.494853
v 47.4502 0.043661 0.151249
vn -0.669287 0.703909 -0.237837
vn -0.669287 0.703909 -0.237837
vn -0.669287 0.703909 -0.237837
vt 24.5928 13.8243
vt 24.6022 13.8224
vt 24.7398 14.5307
f 2182/2182/2182 2183/2183/2183 2184/2184/2184
v 47.389 0.099117 0.496024
v 47.4604 0.051156 0.153368
v 47.4547 0.048315 0.152197
vn -0.405976 0.889658 -0.209027
vn -0.405976 0.889658 -0.209027
vn -0.405976 0.889658 -0.209027
vt 24.6138 13.82
vt 24.7608 14.5263
vt 24.7492 14.5287
f 2185/2185/2185 2186/2186/2186 2187/2187/2187
v 47.3834 0.096277 0.494853
v 47.389 0.099117 0.496024
v 47.4547 0.048315 0.152197
vn -0.405851 0.889718 -0.209012
vn -0.405851 0.889718 -0.209012
vn -0.405851 0.889718 -0.209012
vt 24.6022 13.8224
vt 24.6138 13.82
vt 24.7492 14.5287
f 2188/2188/2188 2189/2189/2189 2190/2190/2190
v 47.3948 0.1 0.497221
v 47.4661 0.052039 0.154566
v 47.4604 0.051156 0.153368
vn -0.116791 0.979942 -0.161471
vn -0.116791 0.979942 -0.161471
vn -0.116791 0.979942 -0.161471
vt 24.6257 13.8175
vt 24.7727 14.5239
vt 24.7608 14.5263
f 2191/2191/2191 2192/2192/2192 2193/2193/2193
v 47.389 0.099117 0.496024
v 47.3948 0.1 0.497221
v 47.4604 0.051156 0.153368
vn -0.116818 0.979938 -0.161476
vn -0.116818 0.979938 -0.161476
vn -0.116818 0.979938 -0.161476
vt 24.6138 13.82
vt 24.6257 13.8175
vt 24.7608 14.5263
f 2194/2194/2194 2195/2195/2195 2196/2196/2196
v 47.4649 0.096277 0.511817
v 47.5362 0.048315 0.169161
v 47.5306 0.051156 0.16799
vn 0.455447 0.889766 -0.0297411
vn 0.455447 0.889766 -0.0297411
vn 0.455447 0.889766 -0.0297411
vt 24.7702 13.7874
vt 24.9172 14.4938
vt 24.9056 14.4962
f 2197/2197/2197 2198/2198/2198 2199/2199/2199
v 47.4593 0.099117 0.510646
v 47.4649 0.096277 0.511817
v 47.5306 0.051156 0.16799
vn 0.455326 0.889827 -0.029772
vn 0.455326 0.889827 -0.029772
vn 0.455326 0.889827 -0.029772
vt 24.7586 13.7898
vt 24.7702 13.7874
vt 24.9056 14.4962
f 2200/2200/2200 2201/2201/2201 2202/2202/2202
v 47.4695 0.091622 0.512765
v 47.5408 0.043661 0.170109
v 47.5362 0.048315 0.169161
vn 0.708814 0.703688 0.0490447
vn 0.708814 0.703688 0.0490447
vn 0.708814 0.703688 0.0490447
vt 24.7796 13.7854
vt 24.9266 14.4918
vt 24.9172 14.4938
f 2203/2203/2203 2204/2204/2204 2205/2205/2205
v 47.4649 0.096277 0.511817
v 47.4695 0.091622 0.512765
v 47.5362 0.048315 0.169161
vn 0.708887 0.703614 0.0490682
vn 0.708887 0.703614 0.0490682
vn 0.708887 0.703614 0.0490682
vt 24.7702 13.7874
vt 24.7796 13.7854
vt 24.9172 14.4938
f 2206/2206/2206 2207/2207/2207 2208/2208/2208
v 47.4722 0.085876 0.513344
v 47.5436 0.037915 0.170688
v 47.5408 0.043661 0.170109
vn 0.888372 0.442343 0.122999
vn 0.888372 0.442343 0.122999
vn 0.888372 0.442343 0.122999
vt 24.7853 13.7842
vt 24.9324 14.4906
vt 24.9266 14.4918
f 2209/2209/2209 2210/2210/2210 2211/2211/2211
v 47.4695 0.091622 0.512765
v 47.4722 0.085876 0.513344
v 47.5408 0.043661 0.170109
vn 0.888372 0.442343 0.122999
vn 0.888372 0.442343 0.122999
vn 0.888372 0.442343 0.122999
vt 24.7796 13.7854
vt 24.7853 13.7842
vt 24.9266 14.4918
f 2212/2212/2212 2213/2213/2213 2214/2214/2214
v 47.4731 0.08 0.513524
v 47.5444 0.032039 0.170868
v 47.5436 0.037915 0.170688
vn 0.972065 0.148812 0.181505
vn 0.972065 0.148812 0.181505
vn 0.972065 0.148812 0.181505
vt 24.7871 13.7839
vt 24.9342 14.4902
vt 24.9324 14.4906
f 2215/2215/2215 2216/2216/2216 2217/2217/2217
v 47.4722 0.085876 0.513344
v 47.4731 0.08 0.513524
v 47.5436 0.037915 0.170688
vn 0.972065 0.148812 0.181505
vn 0.972065 0.148812 0.181505
vn 0.972065 0.148812 0.181505
vt 24.7853 13.7842
vt 24.7871 13.7839
vt 24.9324 14.4906
f 2218/2218/2218 2219/2219/2219 2220/2220/2220
v 47.4502 0.043661 0.151249
v 47.513 0.00457 -0.150684
v 47.5102 -0.001176 -0.151266
vn -0.864771 0.442562 -0.237299
vn -0.864771 0.442562 -0.237299
vn -0.864771 0.442562 -0.237299
vt 24.7398 14.5307
vt 24.8694 15.1531
vt 24.8637 15.1543
f 2221/2221/2221 2222/2222/2222 2223/2223/2223
v 47.4474 0.037915 0.15067
v 47.4502 0.043661 0.151249
v 47.5102 -0.001176 -0.151266
vn -0.864822 0.442463 -0.237295
vn -0.864822 0.442463 -0.237295
vn -0.864822 0.442463 -0.237295
vt 24.7341 14.5319
vt 24.7398 14.5307
vt 24.8637 15.1543
f 2224/2224/2224 2225/2225/2225 2226/2226/2226
v 47.4547 0.048315 0.152197
v 47.5176 0.009224 -0.149731
v 47.513 0.00457 -0.150684
vn -0.671316 0.704283 -0.230912
vn -0.671316 0.704283 -0.230912
vn -0.671316 0.704283 -0.230912
vt 24.7492 14.5287
vt 24.8788 15.1511
vt 24.8694 15.1531
f 2227/2227/2227 2228/2228/2228 2229/2229/2229
v 47.4502 0.043661 0.151249
v 47.4547 0.048315 0.152197
v 47.513 0.00457 -0.150684
vn -0.671162 0.704432 -0.230904
vn -0.671162 0.704432 -0.230904
vn -0.671162 0.704432 -0.230904
vt 24.7398 14.5307
vt 24.7492 14.5287
vt 24.8694 15.1531
f 2230/2230/2230 2231/2231/2231 2232/2232/2232
v 47.4604 0.051156 0.153368
v 47.5232 0.012065 -0.148554
v 47.5176 0.009224 -0.149731
vn -0.407893 0.890801 -0.200241
vn -0.407893 0.890801 -0.200241
vn -0.407893 0.890801 -0.200241
vt 24.7608 14.5263
vt 24.8904 15.1487
vt 24.8788 15.1511
f 2233/2233/2233 2234/2234/2234 2235/2235/2235
v 47.4547 0.048315 0.152197
v 47.4604 0.051156 0.153368
v 47.5176 0.009224 -0.149731
vn -0.408279 0.890614 -0.200288
vn -0.408279 0.890614 -0.200288
vn -0.408279 0.890614 -0.200288
vt 24.7492 14.5287
vt 24.7608 14.5263
vt 24.8788 15.1511
f 2236/2236/2236 2237/2237/2237 2238/2238/2238
v 47.4661 0.052039 0.154566
v 47.529 0.012947 -0.147351
v 47.5232 0.012065 -0.148554
vn -0.118712 0.981262 -0.151764
vn -0.118712 0.981262 -0.151764
vn -0.118712 0.981262 -0.151764
vt 24.7727 14.5239
vt 24.9022 15.1462
vt 24.8904 15.1487
f 2239/2239/2239 2240/2240/2240 2241/2241/2241
v 47.4604 0.051156 0.153368
v 47.4661 0.052039 0.154566
v 47.5232 0.012065 -0.148554
vn -0.118998 0.98122 -0.151813
vn -0.118998 0.98122 -0.151813
vn -0.118998 0.98122 -0.151813
vt 24.7608 14.5263
vt 24.7727 14.5239
vt 24.8904 15.1487
f 2242/2242/2242 2243/2243/2243 2244/2244/2244
v 47.5362 0.048315 0.169161
v 47.5991 0.009224 -0.132684
v 47.5934 0.012065 -0.133861
vn 0.454327 0.890593 -0.0207711
vn 0.454327 0.890593 -0.0207711
vn 0.454327 0.890593 -0.0207711
vt 24.9172 14.4938
vt 25.0468 15.116
vt 25.0352 15.1184
f 2245/2245/2245 2246/2246/2246 2247/2247/2247
v 47.5306 0.051156 0.16799
v 47.5362 0.048315 0.169161
v 47.5934 0.012065 -0.133861
vn 0.454075 0.89072 -0.020834
vn 0.454075 0.89072 -0.020834
vn 0.454075 0.89072 -0.020834
vt 24.9056 14.4962
vt 24.9172 14.4938
vt 25.0352 15.1184
f 2248/2248/2248 2249/2249/2249 2250/2250/2250
v 47.5408 0.043661 0.170109
v 47.6036 0.00457 -0.131731
v 47.5991 0.009224 -0.132684
vn 0.70779 0.704189 0.0561279
vn 0.70779 0.704189 0.0561279
vn 0.70779 0.704189 0.0561279
vt 24.9266 14.4918
vt 25.0562 15.114
vt 25.0468 15.116
f 2251/2251/2251 2252/2252/2252 2253/2253/2253
v 47.5362 0.048315 0.169161
v 47.5408 0.043661 0.170109
v 47.5991 0.009224 -0.132684
vn 0.70782 0.704159 0.0561369
vn 0.70782 0.704159 0.0561369
vn 0.70782 0.704159 0.0561369
vt 24.9172 14.4938
vt 24.9266 14.4918
vt 25.0468 15.116
f 2254/2254/2254 2255/2255/2255 2256/2256/2256
v 47.5436 0.037915 0.170688
v 47.6064 -0.001176 -0.131149
v 47.6036 0.00457 -0.131731
vn 0.887658 0.442513 0.127458
vn 0.887658 0.442513 0.127458
vn 0.887658 0.442513 0.127458
vt 24.9324 14.4906
vt 25.0619 15.1128
vt 25.0562 15.114
f 2257/2257/2257 2258/2258/2258 2259/2259/2259
v 47.5408 0.043661 0.170109
v 47.5436 0.037915 0.170688
v 47.6036 0.00457 -0.131731
vn 0.887683 0.44246 0.127469
vn 0.887683 0.44246 0.127469
vn 0.887683 0.44246 0.127469
vt 24.9266 14.4918
vt 24.9324 14.4906
vt 25.0562 15.114
f 2260/2260/2260 2261/2261/2261 2262/2262/2262
v 47.5444 0.032039 0.170868
v 47.6073 -0.007053 -0.130969
v 47.6064 -0.001176 -0.131149
vn 0.971786 0.148791 0.183009
vn 0.971786 0.148791 0.183009
vn 0.971786 0.148791 0.183009
vt 24.9342 14.4902
vt 25.0637 15.1125
vt 25.0619 15.1128
f 2263/2263/2263 2264/2264/2264 2265/2265/2265
v 47.5436 0.037915 0.170688
v 47.5444 0.032039 0.170868
v 47.6064 -0.001176 -0.131149
vn 0.971783 0.148816 0.183006
vn 0.971783 0.148816 0.183006
vn 0.971783 0.148816 0.183006
vt 24.9324 14.4906
vt 24.9342 14.4902
vt 25.0619 15.1128
f 2266/2266/2266 2267/2267/2267 2268/2268/2268
v 27.6741 0.00936 -0.041938
v 27.6745 0.029806 0.208057
v 27.6774 0.02406 0.208052
vn 0.895821 0.442805 -0.0377803
vn 0.895821 0.442805 -0.0377803
vn 0.895821 0.442805 -0.0377803
vt -16.0278 14.9289
vt -16.0269 14.4136
vt -16.021 14.4136
f 2269/2269/2269 2270/2270/2270 2271/2271/2271
v 27.6769 0.006305 -0.041946
v 27.6741 0.00936 -0.041938
v 27.6774 0.02406 0.208052
vn 0.731439 0.680103 -0.0495792
vn 0.731439 0.680103 -0.0495792
vn 0.731439 0.680103 -0.0495792
vt -16.0219 14.929
vt -16.0278 14.9289
vt -16.021 14.4136
f 2272/2272/2272 2273/2273/2273 2274/2274/2274
v 27.6695 0.010874 -0.041926
v 27.6699 0.03446 0.208065
v 27.6745 0.029806 0.208057
vn 0.705282 0.705677 -0.0678057
vn 0.705282 0.705677 -0.0678057
vn 0.705282 0.705677 -0.0678057
vt -16.0374 14.9289
vt -16.0365 14.4136
vt -16.0269 14.4136
f 2275/2275/2275 2276/2276/2276 2277/2277/2277
v 27.6741 0.00936 -0.041938
v 27.6695 0.010874 -0.041926
v 27.6745 0.029806 0.208057
vn 0.308232 0.948102 -0.0780796
vn 0.308232 0.948102 -0.0780796
vn 0.308232 0.948102 -0.0780796
vt -16.0278 14.9289
vt -16.0374 14.9289
vt -16.0269 14.4136
f 2278/2278/2278 2279/2279/2279 2280/2280/2280
v 27.6637 0.011005 -0.04191
v 27.6641 0.037301 0.208076
v 27.6699 0.03446 0.208065
vn 0.441146 0.892431 -0.0946455
vn 0.441146 0.892431 -0.0946455
vn 0.441146 0.892431 -0.0946455
vt -16.0492 14.9289
vt -16.0483 14.4135
vt -16.0365 14.4136
f 2281/2281/2281 2282/2282/2282 2283/2283/2283
v 27.6695 0.010874 -0.041926
v 27.6637 0.011005 -0.04191
v 27.6699 0.03446 0.208065
vn 0.022427 0.995325 -0.0939453
vn 0.022427 0.995325 -0.0939453
vn 0.022427 0.995325 -0.0939453
vt -16.0374 14.9289
vt -16.0492 14.9289
vt -16.0365 14.4136
f 2284/2284/2284 2285/2285/2285 2286/2286/2286
v 27.6578 0.011149 -0.041894
v 27.6583 0.038184 0.208086
v 27.6641 0.037301 0.208076
vn 0.147566 0.983291 -0.106599
vn 0.147566 0.983291 -0.106599
vn 0.147566 0.983291 -0.106599
vt -16.0613 14.9289
vt -16.0604 14.4135
vt -16.0483 14.4135
f 2287/2287/2287 2288/2288/2288 2289/2289/2289
v 27.6637 0.011005 -0.04191
v 27.6578 0.011149 -0.041894
v 27.6641 0.037301 0.208076
vn 0.0240778 0.99422 -0.104624
vn 0.0240778 0.99422 -0.104624
vn 0.0240778 0.99422 -0.104624
vt -16.0492 14.9289
vt -16.0613 14.9289
vt -16.0483 14.4135
f 2290/2290/2290 2291/2291/2291 2292/2292/2292
v 27.5862 0.010874 -0.041696
v 27.5866 0.03446 0.208211
v 27.5924 0.037301 0.208201
vn -0.441731 0.89325 -0.0835355
vn -0.441731 0.89325 -0.0835355
vn -0.441731 0.89325 -0.0835355
vt -16.209 14.9284
vt -16.2081 14.4133
vt -16.1962 14.4133
f 2293/2293/2293 2294/2294/2294 2295/2295/2295
v 27.592 0.011005 -0.041712
v 27.5862 0.010874 -0.041696
v 27.5924 0.037301 0.208201
vn -0.0229628 0.994252 -0.104576
vn -0.0229628 0.994252 -0.104576
vn -0.0229628 0.994252 -0.104576
vt -16.1971 14.9285
vt -16.209 14.9284
vt -16.1962 14.4133
f 2296/2296/2296 2297/2297/2297 2298/2298/2298
v 27.5816 0.00936 -0.041683
v 27.582 0.029806 0.208219
v 27.5866 0.03446 0.208211
vn -0.70603 0.705922 -0.0565218
vn -0.70603 0.705922 -0.0565218
vn -0.70603 0.705922 -0.0565218
vt -16.2186 14.9284
vt -16.2177 14.4133
vt -16.2081 14.4133
f 2299/2299/2299 2300/2300/2300 2301/2301/2301
v 27.5862 0.010874 -0.041696
v 27.5816 0.00936 -0.041683
v 27.5866 0.03446 0.208211
vn -0.308245 0.947148 -0.0888546
vn -0.308245 0.947148 -0.0888546
vn -0.308245 0.947148 -0.0888546
vt -16.209 14.9284
vt -16.2186 14.9284
vt -16.2081 14.4133
f 2302/2302/2302 2303/2303/2303 2304/2304/2304
v 27.5787 0.006305 -0.041675
v 27.5791 0.02406 0.208224
v 27.582 0.029806 0.208219
vn -0.896084 0.442876 -0.0298996
vn -0.896084 0.442876 -0.0298996
vn -0.896084 0.442876 -0.0298996
vt -16.2244 14.9284
vt -16.2235 14.4132
vt -16.2177 14.4133
f 2305/2305/2305 2306/2306/2306 2307/2307/2307
v 27.5816 0.00936 -0.041683
v 27.5787 0.006305 -0.041675
v 27.582 0.029806 0.208219
vn -0.731393 0.679788 -0.0543392
vn -0.731393 0.679788 -0.0543392
vn -0.731393 0.679788 -0.0543392
vt -16.2186 14.9284
vt -16.2244 14.9284
vt -16.2177 14.4133
f 2308/2308/2308 2309/2309/2309 2310/2310/2310
v 27.5778 0.002657 -0.041673
v 27.5783 0.018184 0.208225
v 27.5791 0.02406 0.208224
vn -0.988867 0.148615 -0.00750558
vn -0.988867 0.148615 -0.00750558
vn -0.988867 0.148615 -0.00750558
vt -16.2262 14.9284
vt -16.2253 14.4132
vt -16.2235 14.4132
f 2311/2311/2311 2312/2312/2312 2313/2313/2313
v 27.5787 0.006305 -0.041675
v 27.5778 0.002657 -0.041673
v 27.5791 0.02406 0.208224
vn -0.971819 0.235248 -0.0150155
vn -0.971819 0.235248 -0.0150155
vn -0.971819 0.235248 -0.0150155
vt -16.2244 14.9284
vt -16.2262 14.9284
vt -16.2235 14.4132
f 2314/2314/2314 2315/2315/2315 2316/2316/2316
v 27.6745 0.029806 0.208057
v 27.6752 0.052298 0.558057
v 27.678 0.046553 0.558052
vn 0.896029 0.442979 -0.0300296
vn 0.896029 0.442979 -0.0300296
vn 0.896029 0.442979 -0.0300296
vt -16.0269 14.4136
vt -16.0256 13.6921
vt -16.0198 13.6921
f 2317/2317/2317 2318/2318/2318 2319/2319/2319
v 27.6774 0.02406 0.208052
v 27.6745 0.029806 0.208057
v 27.678 0.046553 0.558052
vn 0.89606 0.442917 -0.030027
vn 0.89606 0.442917 -0.030027
vn 0.89606 0.442917 -0.030027
vt -16.021 14.4136
vt -16.0269 14.4136
vt -16.0198 13.6921
f 2320/2320/2320 2321/2321/2321 2322/2322/2322
v 27.6699 0.03446 0.208065
v 27.6705 0.056953 0.558065
v 27.6752 0.052298 0.558057
vn 0.706379 0.706296 -0.0466263
vn 0.706379 0.706296 -0.0466263
vn 0.706379 0.706296 -0.0466263
vt -16.0365 14.4136
vt -16.0352 13.6921
vt -16.0256 13.6921
f 2323/2323/2323 2324/2324/2324 2325/2325/2325
v 27.6745 0.029806 0.208057
v 27.6699 0.03446 0.208065
v 27.6752 0.052298 0.558057
vn 0.706158 0.706517 -0.0466342
vn 0.706158 0.706517 -0.0466342
vn 0.706158 0.706517 -0.0466342
vt -16.0269 14.4136
vt -16.0365 14.4136
vt -16.0256 13.6921
f 2326/2326/2326 2327/2327/2327 2328/2328/2328
v 27.6641 0.037301 0.208076
v 27.6648 0.059794 0.558075
v 27.6705 0.056953 0.558065
vn 0.442328 0.894957 -0.0582866
vn 0.442328 0.894957 -0.0582866
vn 0.442328 0.894957 -0.0582866
vt -16.0483 14.4135
vt -16.0471 13.692
vt -16.0352 13.6921
f 2329/2329/2329 2330/2330/2330 2331/2331/2331
v 27.6699 0.03446 0.208065
v 27.6641 0.037301 0.208076
v 27.6705 0.056953 0.558065
vn 0.442438 0.894903 -0.0582855
vn 0.442438 0.894903 -0.0582855
vn 0.442438 0.894903 -0.0582855
vt -16.0365 14.4136
vt -16.0483 14.4135
vt -16.0352 13.6921
f 2332/2332/2332 2333/2333/2333 2334/2334/2334
v 27.6583 0.038184 0.208086
v 27.6589 0.060676 0.558085
v 27.6648 0.059794 0.558075
vn 0.148018 0.986932 -0.0636814
vn 0.148018 0.986932 -0.0636814
vn 0.148018 0.986932 -0.0636814
vt -16.0604 14.4135
vt -16.0592 13.692
vt -16.0471 13.692
f 2335/2335/2335 2336/2336/2336 2337/2337/2337
v 27.6641 0.037301 0.208076
v 27.6583 0.038184 0.208086
v 27.6648 0.059794 0.558075
vn 0.148183 0.986907 -0.0636829
vn 0.148183 0.986907 -0.0636829
vn 0.148183 0.986907 -0.0636829
vt -16.0483 14.4135
vt -16.0604 14.4135
vt -16.0471 13.692
f 2338/2338/2338 2339/2339/2339 2340/2340/2340
v 27.5866 0.03446 0.208211
v 27.5873 0.056953 0.55821
v 27.593 0.059794 0.5582
vn -0.442647 0.894899 -0.0567372
vn -0.442647 0.894899 -0.0567372
vn -0.442647 0.894899 -0.0567372
vt -16.2081 14.4133
vt -16.2068 13.6918
vt -16.195 13.6918
f 2341/2341/2341 2342/2342/2342 2343/2343/2343
v 27.5924 0.037301 0.208201
v 27.5866 0.03446 0.208211
v 27.593 0.059794 0.5582
vn -0.442528 0.894957 -0.0567435
vn -0.442528 0.894957 -0.0567435
vn -0.442528 0.894957 -0.0567435
vt -16.1962 14.4133
vt -16.2081 14.4133
vt -16.195 13.6918
f 2344/2344/2344 2345/2345/2345 2346/2346/2346
v 27.582 0.029806 0.208219
v 27.5826 0.052298 0.558218
v 27.5873 0.056953 0.55821
vn -0.706391 0.706442 -0.0441663
vn -0.706391 0.706442 -0.0441663
vn -0.706391 0.706442 -0.0441663
vt -16.2177 14.4133
vt -16.2164 13.6917
vt -16.2068 13.6918
f 2347/2347/2347 2348/2348/2348 2349/2349/2349
v 27.5866 0.03446 0.208211
v 27.582 0.029806 0.208219
v 27.5873 0.056953 0.55821
vn -0.70646 0.706374 -0.0441599
vn -0.70646 0.706374 -0.0441599
vn -0.70646 0.706374 -0.0441599
vt -16.2081 14.4133
vt -16.2177 14.4133
vt -16.2068 13.6918
f 2350/2350/2350 2351/2351/2351 2352/2352/2352
v 27.5791 0.02406 0.208224
v 27.5798 0.046553 0.558223
v 27.5826 0.052298 0.558218
vn -0.896129 0.442978 -0.0269057
vn -0.896129 0.442978 -0.0269057
vn -0.896129 0.442978 -0.0269057
vt -16.2235 14.4132
vt -16.2223 13.6917
vt -16.2164 13.6917
f 2353/2353/2353 2354/2354/2354 2355/2355/2355
v 27.582 0.029806 0.208219
v 27.5791 0.02406 0.208224
v 27.5826 0.052298 0.558218
vn -0.896159 0.442916 -0.0269004
vn -0.896159 0.442916 -0.0269004
vn -0.896159 0.442916 -0.0269004
vt -16.2177 14.4133
vt -16.2235 14.4132
vt -16.2164 13.6917
f 2356/2356/2356 2357/2357/2357 2358/2358/2358
v 27.5783 0.018184 0.208225
v 27.5789 0.040676 0.558225
v 27.5798 0.046553 0.558223
vn -0.988868 0.148589 -0.00782429
vn -0.988868 0.148589 -0.00782429
vn -0.988868 0.148589 -0.00782429
vt -16.2253 14.4132
vt -16.2241 13.6917
vt -16.2223 13.6917
f 2359/2359/2359 2360/2360/2360 2361/2361/2361
v 27.5791 0.02406 0.208224
v 27.5783 0.018184 0.208225
v 27.5798 0.046553 0.558223
vn -0.988864 0.148615 -0.00782642
vn -0.988864 0.148615 -0.00782642
vn -0.988864 0.148615 -0.00782642
vt -16.2235 14.4132
vt -16.2253 14.4132
vt -16.2223 13.6917
f 2362/2362/2362 2363/2363/2363 2364/2364/2364
v 27.6752 0.052298 0.558057
v 27.6758 0.073719 0.908056
v 27.6786 0.067973 0.908051
vn 0.896096 0.442933 -0.0286715
vn 0.896096 0.442933 -0.0286715
vn 0.896096 0.442933 -0.0286715
vt -16.0256 13.6921
vt -16.0244 12.9706
vt -16.0185 12.9706
f 2365/2365/2365 2366/2366/2366 2367/2367/2367
v 27.678 0.046553 0.558052
v 27.6752 0.052298 0.558057
v 27.6786 0.067973 0.908051
vn 0.896065 0.442995 -0.028674
vn 0.896065 0.442995 -0.028674
vn 0.896065 0.442995 -0.028674
vt -16.0198 13.6921
vt -16.0256 13.6921
vt -16.0185 12.9706
f 2368/2368/2368 2369/2369/2369 2370/2370/2370
v 27.6705 0.056953 0.558065
v 27.6711 0.078373 0.908064
v 27.6758 0.073719 0.908056
vn 0.706374 0.70644 -0.0444661
vn 0.706374 0.70644 -0.0444661
vn 0.706374 0.70644 -0.0444661
vt -16.0352 13.6921
vt -16.0339 12.9705
vt -16.0244 12.9706
f 2371/2371/2371 2372/2372/2372 2373/2373/2373
v 27.6752 0.052298 0.558057
v 27.6705 0.056953 0.558065
v 27.6758 0.073719 0.908056
vn 0.706451 0.706364 -0.0444636
vn 0.706451 0.706364 -0.0444636
vn 0.706451 0.706364 -0.0444636
vt -16.0256 13.6921
vt -16.0352 13.6921
vt -16.0244 12.9706
f 2374/2374/2374 2375/2375/2375 2376/2376/2376
v 27.6648 0.059794 0.558075
v 27.6654 0.081214 0.908074
v 27.6711 0.078373 0.908064
vn 0.442402 0.895095 -0.0555515
vn 0.442402 0.895095 -0.0555515
vn 0.442402 0.895095 -0.0555515
vt -16.0471 13.692
vt -16.0458 12.9705
vt -16.0339 12.9705
f 2377/2377/2377 2378/2378/2378 2379/2379/2379
v 27.6705 0.056953 0.558065
v 27.6648 0.059794 0.558075
v 27.6711 0.078373 0.908064
vn 0.442401 0.895095 -0.0555515
vn 0.442401 0.895095 -0.0555515
vn 0.442401 0.895095 -0.0555515
vt -16.0352 13.6921
vt -16.0471 13.692
vt -16.0339 12.9705
f 2380/2380/2380 2381/2381/2381 2382/2382/2382
v 27.6589 0.060676 0.558085
v 27.6595 0.082097 0.908085
v 27.6654 0.081214 0.908074
vn 0.148206 0.987094 -0.0606714
vn 0.148206 0.987094 -0.0606714
vn 0.148206 0.987094 -0.0606714
vt -16.0592 13.692
vt -16.0579 12.9705
vt -16.0458 12.9705
f 2383/2383/2383 2384/2384/2384 2385/2385/2385
v 27.6648 0.059794 0.558075
v 27.6589 0.060676 0.558085
v 27.6654 0.081214 0.908074
vn 0.148051 0.987117 -0.0606699
vn 0.148051 0.987117 -0.0606699
vn 0.148051 0.987117 -0.0606699
vt -16.0471 13.692
vt -16.0592 13.692
vt -16.0458 12.9705
f 2386/2386/2386 2387/2387/2387 2388/2388/2388
v 27.5873 0.056953 0.55821
v 27.5879 0.078373 0.90821
v 27.5936 0.081214 0.9082
vn -0.44271 0.895037 -0.0540042
vn -0.44271 0.895037 -0.0540042
vn -0.44271 0.895037 -0.0540042
vt -16.2068 13.6918
vt -16.2056 12.9702
vt -16.1937 12.9703
f 2389/2389/2389 2390/2390/2390 2391/2391/2391
v 27.593 0.059794 0.5582
v 27.5873 0.056953 0.55821
v 27.5936 0.081214 0.9082
vn -0.44271 0.895037 -0.0540042
vn -0.44271 0.895037 -0.0540042
vn -0.44271 0.895037 -0.0540042
vt -16.195 13.6918
vt -16.2068 13.6918
vt -16.1937 12.9703
f 2392/2392/2392 2393/2393/2393 2394/2394/2394
v 27.5826 0.052298 0.558218
v 27.5832 0.073719 0.908218
v 27.5879 0.078373 0.90821
vn -0.706524 0.706441 -0.0420003
vn -0.706524 0.706441 -0.0420003
vn -0.706524 0.706441 -0.0420003
vt -16.2164 13.6917
vt -16.2151 12.9702
vt -16.2056 12.9702
f 2395/2395/2395 2396/2396/2396 2397/2397/2397
v 27.5873 0.056953 0.55821
v 27.5826 0.052298 0.558218
v 27.5879 0.078373 0.90821
vn -0.706455 0.70651 -0.0420064
vn -0.706455 0.70651 -0.0420064
vn -0.706455 0.70651 -0.0420064
vt -16.2068 13.6918
vt -16.2164 13.6917
vt -16.2056 12.9702
f 2398/2398/2398 2399/2399/2399 2400/2400/2400
v 27.5798 0.046553 0.558223
v 27.5804 0.067973 0.908223
v 27.5832 0.073719 0.908218
vn -0.896072 0.443172 -0.0255595
vn -0.896072 0.443172 -0.0255595
vn -0.896072 0.443172 -0.0255595
vt -16.2223 13.6917
vt -16.221 12.9702
vt -16.2151 12.9702
f 2401/2401/2401 2402/2402/2402 2403/2403/2403
v 27.5826 0.052298 0.558218
v 27.5798 0.046553 0.558223
v 27.5832 0.073719 0.908218
vn -0.89616 0.442995 -0.0255449
vn -0.89616 0.442995 -0.0255449
vn -0.89616 0.442995 -0.0255449
vt -16.2164 13.6917
vt -16.2223 13.6917
vt -16.2151 12.9702
f 2404/2404/2404 2405/2405/2405 2406/2406/2406
v 27.5789 0.040676 0.558225
v 27.5795 0.062097 0.908224
v 27.5804 0.067973 0.908223
vn -0.988915 0.148301 -0.00734657
vn -0.988915 0.148301 -0.00734657
vn -0.988915 0.148301 -0.00734657
vt -16.2241 13.6917
vt -16.2228 12.9702
vt -16.221 12.9702
f 2407/2407/2407 2408/2408/2408 2409/2409/2409
v 27.5798 0.046553 0.558223
v 27.5789 0.040676 0.558225
v 27.5804 0.067973 0.908223
vn -0.988871 0.148589 -0.00736922
vn -0.988871 0.148589 -0.00736922
vn -0.988871 0.148589 -0.00736922
vt -16.2223 13.6917
vt -16.2241 13.6917
vt -16.221 12.9702
f 2410/2410/2410 2411/2411/2411 2412/2412/2412
v 27.6758 0.073719 0.908056
v 27.6764 0.091622 1.25806
v 27.6792 0.085876 1.25805
vn 0.896085 0.443221 -0.024234
vn 0.896085 0.443221 -0.024234
vn 0.896085 0.443221 -0.024234
vt -16.0244 12.9706
vt -16.0231 12.249
vt -16.0172 12.2491
f 2413/2413/2413 2414/2414/2414 2415/2415/2415
v 27.6786 0.067973 0.908051
v 27.6758 0.073719 0.908056
v 27.6792 0.085876 1.25805
vn 0.896203 0.442982 -0.0242269
vn 0.896203 0.442982 -0.0242269
vn 0.896203 0.442982 -0.0242269
vt -16.0185 12.9706
vt -16.0244 12.9706
vt -16.0172 12.2491
f 2416/2416/2416 2417/2417/2417 2418/2418/2418
v 27.6711 0.078373 0.908064
v 27.6717 0.096277 1.25806
v 27.6764 0.091622 1.25806
vn 0.706662 0.706564 -0.0373761
vn 0.706662 0.706564 -0.0373761
vn 0.706662 0.706564 -0.0373761
vt -16.0339 12.9705
vt -16.0327 12.249
vt -16.0231 12.249
f 2419/2419/2419 2420/2420/2420 2421/2421/2421
v 27.6758 0.073719 0.908056
v 27.6711 0.078373 0.908064
v 27.6764 0.091622 1.25806
vn 0.706586 0.70664 -0.0373778
vn 0.706586 0.70664 -0.0373778
vn 0.706586 0.70664 -0.0373778
vt -16.0244 12.9706
vt -16.0339 12.9705
vt -16.0231 12.249
f 2422/2422/2422 2423/2423/2423 2424/2424/2424
v 27.6654 0.081214 0.908074
v 27.666 0.099117 1.25807
v 27.6717 0.096277 1.25806
vn 0.44261 0.895503 -0.0465805
vn 0.44261 0.895503 -0.0465805
vn 0.44261 0.895503 -0.0465805
vt -16.0458 12.9705
vt -16.0445 12.249
vt -16.0327 12.249
f 2425/2425/2425 2426/2426/2426 2427/2427/2427
v 27.6711 0.078373 0.908064
v 27.6654 0.081214 0.908074
v 27.6717 0.096277 1.25806
vn 0.442617 0.8955 -0.0465805
vn 0.442617 0.8955 -0.0465805
vn 0.442617 0.8955 -0.0465805
vt -16.0339 12.9705
vt -16.0458 12.9705
vt -16.0327 12.249
f 2428/2428/2428 2429/2429/2429 2430/2430/2430
v 27.6595 0.082097 0.908085
v 27.6601 0.1 1.25808
v 27.666 0.099117 1.25807
vn 0.148314 0.987636 -0.0507786
vn 0.148314 0.987636 -0.0507786
vn 0.148314 0.987636 -0.0507786
vt -16.0579 12.9705
vt -16.0566 12.249
vt -16.0445 12.249
f 2431/2431/2431 2432/2432/2432 2433/2433/2433
v 27.6654 0.081214 0.908074
v 27.6595 0.082097 0.908085
v 27.666 0.099117 1.25807
vn 0.148306 0.987637 -0.0507785
vn 0.148306 0.987637 -0.0507785
vn 0.148306 0.987637 -0.0507785
vt -16.0458 12.9705
vt -16.0579 12.9705
vt -16.0445 12.249
f 2434/2434/2434 2435/2435/2435 2436/2436/2436
v 27.5879 0.078373 0.90821
v 27.5885 0.096277 1.25821
v 27.5942 0.099117 1.2582
vn -0.442652 0.895562 -0.04504
vn -0.442652 0.895562 -0.04504
vn -0.442652 0.895562 -0.04504
vt -16.2056 12.9702
vt -16.2043 12.2487
vt -16.1924 12.2488
f 2437/2437/2437 2438/2438/2438 2439/2439/2439
v 27.5936 0.081214 0.9082
v 27.5879 0.078373 0.90821
v 27.5942 0.099117 1.2582
vn -0.442895 0.895442 -0.0450285
vn -0.442895 0.895442 -0.0450285
vn -0.442895 0.895442 -0.0450285
vt -16.1937 12.9703
vt -16.2056 12.9702
vt -16.1924 12.2488
f 2440/2440/2440 2441/2441/2441 2442/2442/2442
v 27.5832 0.073719 0.908218
v 27.5838 0.091622 1.25822
v 27.5885 0.096277 1.25821
vn -0.706787 0.706565 -0.0349094
vn -0.706787 0.706565 -0.0349094
vn -0.706787 0.706565 -0.0349094
vt -16.2151 12.9702
vt -16.2139 12.2487
vt -16.2043 12.2487
f 2443/2443/2443 2444/2444/2444 2445/2445/2445
v 27.5879 0.078373 0.90821
v 27.5832 0.073719 0.908218
v 27.5885 0.096277 1.25821
vn -0.706711 0.70664 -0.0349154
vn -0.706711 0.70664 -0.0349154
vn -0.706711 0.70664 -0.0349154
vt -16.2056 12.9702
vt -16.2151 12.9702
vt -16.2043 12.2487
f 2446/2446/2446 2447/2447/2447 2448/2448/2448
v 27.5804 0.067973 0.908223
v 27.581 0.085876 1.25822
v 27.5838 0.091622 1.25822
vn -0.896282 0.442982 -0.0210913
vn -0.896282 0.442982 -0.0210913
vn -0.896282 0.442982 -0.0210913
vt -16.221 12.9702
vt -16.2197 12.2487
vt -16.2139 12.2487
f 2449/2449/2449 2450/2450/2450 2451/2451/2451
v 27.5832 0.073719 0.908218
v 27.5804 0.067973 0.908223
v 27.5838 0.091622 1.25822
vn -0.896164 0.443221 -0.0211087
vn -0.896164 0.443221 -0.0211087
vn -0.896164 0.443221 -0.0211087
vt -16.2151 12.9702
vt -16.221 12.9702
vt -16.2139 12.2487
f 2452/2452/2452 2453/2453/2453 2454/2454/2454
v 27.5795 0.062097 0.908224
v 27.5801 0.08 1.25822
v 27.581 0.085876 1.25822
vn -0.988878 0.148616 -0.00587745
vn -0.988878 0.148616 -0.00587745
vn -0.988878 0.148616 -0.00587745
vt -16.2228 12.9702
vt -16.2216 12.2487
vt -16.2197 12.2487
f 2455/2455/2455 2456/2456/2456 2457/2457/2457
v 27.5804 0.067973 0.908223
v 27.5795 0.062097 0.908224
v 27.581 0.085876 1.25822
vn -0.988925 0.148303 -0.005856
vn -0.988925 0.148303 -0.005856
vn -0.988925 0.148303 -0.005856
vt -16.221 12.9702
vt -16.2228 12.9702
vt -16.2197 12.2487
f 2458/2458/2458 2459/2459/2459 2460/2460/2460
v 27.6764 0.091622 1.25806
v 27.677 0.091622 1.60805
v 27.6798 0.085876 1.60805
vn 0.896473 0.443096 -0.00156821
vn 0.896473 0.443096 -0.00156821
vn 0.896473 0.443096 -0.00156821
vt -16.0231 12.249
vt -16.0218 11.5275
vt -16.016 11.5276
f 2461/2461/2461 2462/2462/2462 2463/2463/2463
v 27.6792 0.085876 1.25805
v 27.6764 0.091622 1.25806
v 27.6798 0.085876 1.60805
vn 0.896355 0.443335 -0.00156312
vn 0.896355 0.443335 -0.00156312
vn 0.896355 0.443335 -0.00156312
vt -16.0172 12.2491
vt -16.0231 12.249
vt -16.016 11.5276
f 2464/2464/2464 2465/2465/2465 2466/2466/2466
v 27.6717 0.096277 1.25806
v 27.6723 0.096277 1.60806
v 27.677 0.091622 1.60805
vn 0.707041 0.707171 -0.00123299
vn 0.707041 0.707171 -0.00123299
vn 0.707041 0.707171 -0.00123299
vt -16.0327 12.249
vt -16.0314 11.5275
vt -16.0218 11.5275
f 2467/2467/2467 2468/2468/2468 2469/2469/2469
v 27.6764 0.091622 1.25806
v 27.6717 0.096277 1.25806
v 27.677 0.091622 1.60805
vn 0.707186 0.707026 -0.00123709
vn 0.707186 0.707026 -0.00123709
vn 0.707186 0.707026 -0.00123709
vt -16.0231 12.249
vt -16.0327 12.249
vt -16.0218 11.5275
f 2470/2470/2470 2471/2471/2471 2472/2472/2472
v 27.666 0.099117 1.25807
v 27.6666 0.099117 1.60807
v 27.6723 0.096277 1.60806
vn 0.443155 0.896444 -0.000772804
vn 0.443155 0.896444 -0.000772804
vn 0.443155 0.896444 -0.000772804
vt -16.0445 12.249
vt -16.0433 11.5275
vt -16.0314 11.5275
f 2473/2473/2473 2474/2474/2474 2475/2475/2475
v 27.6717 0.096277 1.25806
v 27.666 0.099117 1.25807
v 27.6723 0.096277 1.60806
vn 0.443155 0.896444 -0.000772804
vn 0.443155 0.896444 -0.000772804
vn 0.443155 0.896444 -0.000772804
vt -16.0327 12.249
vt -16.0445 12.249
vt -16.0314 11.5275
f 2476/2476/2476 2477/2477/2477 2478/2478/2478
v 27.6601 0.1 1.25808
v 27.6607 0.1 1.60808
v 27.6666 0.099117 1.60807
vn 0.14859 0.988899 -0.00025912
vn 0.14859 0.988899 -0.00025912
vn 0.14859 0.988899 -0.00025912
vt -16.0566 12.249
vt -16.0554 11.5275
vt -16.0433 11.5275
f 2479/2479/2479 2480/2480/2480 2481/2481/2481
v 27.666 0.099117 1.25807
v 27.6601 0.1 1.25808
v 27.6666 0.099117 1.60807
vn 0.14859 0.988899 -0.000259121
vn 0.14859 0.988899 -0.000259121
vn 0.14859 0.988899 -0.000259121
vt -16.0445 12.249
vt -16.0566 12.249
vt -16.0433 11.5275
f 2482/2482/2482 2483/2483/2483 2484/2484/2484
v 27.5885 0.096277 1.25821
v 27.5891 0.096277 1.60821
v 27.5948 0.099117 1.6082
vn -0.443037 0.896503 0.000772596
vn -0.443037 0.896503 0.000772596
vn -0.443037 0.896503 0.000772596
vt -16.2043 12.2487
vt -16.203 11.5272
vt -16.1912 11.5272
f 2485/2485/2485 2486/2486/2486 2487/2487/2487
v 27.5942 0.099117 1.2582
v 27.5885 0.096277 1.25821
v 27.5948 0.099117 1.6082
vn -0.443037 0.896503 0.000772596
vn -0.443037 0.896503 0.000772596
vn -0.443037 0.896503 0.000772596
vt -16.1924 12.2488
vt -16.2043 12.2487
vt -16.1912 11.5272
f 2488/2488/2488 2489/2489/2489 2490/2490/2490
v 27.5838 0.091622 1.25822
v 27.5844 0.091622 1.60822
v 27.5891 0.096277 1.60821
vn -0.707186 0.707026 0.00123323
vn -0.707186 0.707026 0.00123323
vn -0.707186 0.707026 0.00123323
vt -16.2139 12.2487
vt -16.2126 11.5272
vt -16.203 11.5272
f 2491/2491/2491 2492/2492/2492 2493/2493/2493
v 27.5885 0.096277 1.25821
v 27.5838 0.091622 1.25822
v 27.5891 0.096277 1.60821
vn -0.707186 0.707026 0.00123323
vn -0.707186 0.707026 0.00123323
vn -0.707186 0.707026 0.00123323
vt -16.2043 12.2487
vt -16.2139 12.2487
vt -16.203 11.5272
f 2494/2494/2494 2495/2495/2495 2496/2496/2496
