o data/uid/01015014/s/000009.obj
//2
usemtl mat0
v 127.471 -0.000262 2.67106
v 127.458 -0.000262 3.07083
v 127.464 -0.003102 3.07102
vn 0.443169 0.896312 0.0150292
vn 0.443169 0.896312 0.0150292
vn 0.443169 0.896312 0.0150292
vt 6.81822 3.29342
vt 6.78185 2.22155
vt 6.79725 2.22102
f 1/1/1 2/2/2 3/3/3
v 127.477 -0.003102 2.67125
v 127.471 -0.000262 2.67106
v 127.464 -0.003102 3.07102
vn 0.442696 0.896546 0.0150216
vn 0.442696 0.896546 0.0150216
vn 0.442696 0.896546 0.0150216
vt 6.83361 3.2929
vt 6.81822 3.29342
vt 6.79725 2.22102
f 4/4/4 5/5/5 6/6/6
v 127.465 0.000621 2.67086
v 127.452 0.000621 3.07063
v 127.458 -0.000262 3.07083
vn 0.148469 0.988904 0.00503504
vn 0.148469 0.988904 0.00503504
vn 0.148469 0.988904 0.00503504
vt 6.80247 3.29396
vt 6.76611 2.22208
vt 6.78185 2.22155
f 7/7/7 8/8/8 9/9/9
v 127.471 -0.000262 2.67106
v 127.465 0.000621 2.67086
v 127.458 -0.000262 3.07083
vn 0.148469 0.988904 0.00503504
vn 0.148469 0.988904 0.00503504
vn 0.148469 0.988904 0.00503504
vt 6.81822 3.29342
vt 6.80247 3.29396
vt 6.78185 2.22155
f 10/10/10 11/11/11 12/12/12
v 123.579 -0.003102 2.53902
v 123.593 -0.003102 2.13838
v 123.587 -0.000262 2.13824
vn 0.442812 0.896489 0.0150266
vn 0.442812 0.896489 0.0150266
vn 0.442812 0.896489 0.0150266
vt -3.61718 3.64744
vt -3.58074 4.72166
vt -3.59614 4.72203
f 13/13/13 14/14/14 15/15/15
v 123.574 -0.000262 2.53883
v 123.579 -0.003102 2.53902
v 123.587 -0.000262 2.13824
vn 0.442699 0.896545 0.0150248
vn 0.442699 0.896545 0.0150248
vn 0.442699 0.896545 0.0150248
vt -3.63258 3.64796
vt -3.61718 3.64744
vt -3.59614 4.72203
f 16/16/16 17/17/17 18/18/18
v 123.584 -0.007757 2.53918
v 123.598 -0.007757 2.13849
v 123.593 -0.003102 2.13838
vn 0.707273 0.706534 0.0239848
vn 0.707273 0.706534 0.0239848
vn 0.707273 0.706534 0.0239848
vt -3.60471 3.64702
vt -3.56827 4.72135
vt -3.58074 4.72166
f 19/19/19 20/20/20 21/21/21
v 123.579 -0.003102 2.53902
v 123.584 -0.007757 2.53918
v 123.593 -0.003102 2.13838
vn 0.706577 0.707229 0.0239774
vn 0.706577 0.707229 0.0239774
vn 0.706577 0.707229 0.0239774
vt -3.61718 3.64744
vt -3.60471 3.64702
vt -3.58074 4.72166
f 22/22/22 23/23/23 24/24/24
v 123.587 -0.013503 2.53928
v 123.6 -0.013503 2.13857
v 123.598 -0.007757 2.13849
vn 0.895559 0.443905 0.0303849
vn 0.895559 0.443905 0.0303849
vn 0.895559 0.443905 0.0303849
vt -3.5971 3.64676
vt -3.56065 4.72116
vt -3.56827 4.72135
f 25/25/25 26/26/26 27/27/27
v 123.584 -0.007757 2.53918
v 123.587 -0.013503 2.53928
v 123.598 -0.007757 2.13849
vn 0.895975 0.443064 0.0303841
vn 0.895975 0.443064 0.0303841
vn 0.895975 0.443064 0.0303841
vt -3.60471 3.64702
vt -3.5971 3.64676
vt -3.56827 4.72135
f 28/28/28 29/29/29 30/30/30
v 123.588 -0.019379 2.53931
v 123.601 -0.019379 2.13859
v 123.6 -0.013503 2.13857
vn 0.988462 0.147713 0.0335175
vn 0.988462 0.147713 0.0335175
vn 0.988462 0.147713 0.0335175
vt -3.59473 3.64668
vt -3.55828 4.72111
vt -3.56065 4.72116
f 31/31/31 32/32/32 33/33/33
v 123.587 -0.013503 2.53928
v 123.588 -0.019379 2.53931
v 123.6 -0.013503 2.13857
vn 0.988267 0.149013 0.0335304
vn 0.988267 0.149013 0.0335304
vn 0.988267 0.149013 0.0335304
vt -3.5971 3.64676
vt -3.59473 3.64668
vt -3.56065 4.72116
f 34/34/34 35/35/35 36/36/36
v 123.492 -0.007757 2.53604
v 123.505 -0.007757 2.13624
v 123.502 -0.013503 2.13617
vn -0.896031 0.44295 -0.0303845
vn -0.896031 0.44295 -0.0303845
vn -0.896031 0.44295 -0.0303845
vt -3.85273 3.65543
vt -3.81636 4.7274
vt -3.82397 4.72759
f 37/37/37 38/38/38 39/39/39
v 123.489 -0.013503 2.53595
v 123.492 -0.007757 2.53604
v 123.502 -0.013503 2.13617
vn -0.895504 0.444014 -0.0303857
vn -0.895504 0.444014 -0.0303857
vn -0.895504 0.444014 -0.0303857
vt -3.86034 3.65569
vt -3.85273 3.65543
vt -3.82397 4.72759
f 40/40/40 41/41/41 42/42/42
v 123.496 -0.003102 2.5362
v 123.51 -0.003102 2.13635
v 123.505 -0.007757 2.13624
vn -0.706694 0.707113 -0.0239749
vn -0.706694 0.707113 -0.0239749
vn -0.706694 0.707113 -0.0239749
vt -3.84025 3.65501
vt -3.80388 4.7271
vt -3.81636 4.7274
f 43/43/43 44/44/44 45/45/45
v 123.492 -0.007757 2.53604
v 123.496 -0.003102 2.5362
v 123.505 -0.007757 2.13624
vn -0.707157 0.70665 -0.0239798
vn -0.707157 0.70665 -0.0239798
vn -0.707157 0.70665 -0.0239798
vt -3.85273 3.65543
vt -3.84025 3.65501
vt -3.81636 4.7274
f 46/46/46 47/47/47 48/48/48
v 123.502 -0.000262 2.5364
v 123.515 -0.000262 2.13649
v 123.51 -0.003102 2.13635
vn -0.44281 0.89649 -0.0150205
vn -0.44281 0.89649 -0.0150205
vn -0.44281 0.89649 -0.0150205
vt -3.82486 3.65448
vt -3.78848 4.72672
vt -3.80388 4.7271
f 49/49/49 50/50/50 51/51/51
v 123.496 -0.003102 2.5362
v 123.502 -0.000262 2.5364
v 123.51 -0.003102 2.13635
vn -0.442696 0.896546 -0.0150186
vn -0.442696 0.896546 -0.0150186
vn -0.442696 0.896546 -0.0150186
vt -3.84025 3.65501
vt -3.82486 3.65448
vt -3.80388 4.7271
f 52/52/52 53/53/53 54/54/54
v 123.508 0.000621 2.5366
v 123.521 0.000621 2.13664
v 123.515 -0.000262 2.13649
vn -0.148516 0.988897 -0.00503707
vn -0.148516 0.988897 -0.00503707
vn -0.148516 0.988897 -0.00503707
vt -3.80911 3.65395
vt -3.77273 4.72634
vt -3.78848 4.72672
f 55/55/55 56/56/56 57/57/57
v 123.502 -0.000262 2.5364
v 123.508 0.000621 2.5366
v 123.515 -0.000262 2.13649
vn -0.148469 0.988904 -0.00503618
vn -0.148469 0.988904 -0.00503618
vn -0.148469 0.988904 -0.00503618
vt -3.82486 3.65448
vt -3.80911 3.65395
vt -3.78848 4.72672
f 58/58/58 59/59/59 60/60/60
v 127.408 -0.003102 2.26779
v 127.394 -0.003102 2.66843
v 127.4 -0.000262 2.66863
vn -0.442696 0.896546 -0.0150227
vn -0.442696 0.896546 -0.0150227
vn -0.442696 0.896546 -0.0150227
vt 6.64699 4.37468
vt 6.61055 3.30047
vt 6.62594 3.29995
f 61/61/61 62/62/62 63/63/63
v 127.413 -0.000262 2.26804
v 127.408 -0.003102 2.26779
v 127.4 -0.000262 2.66863
vn -0.443053 0.896369 -0.0150284
vn -0.443053 0.896369 -0.0150284
vn -0.443053 0.896369 -0.0150284
vt 6.66238 4.37401
vt 6.64699 4.37468
vt 6.62594 3.29995
f 64/64/64 65/65/65 66/66/66
v 127.403 -0.007757 2.26759
v 127.389 -0.007757 2.66827
v 127.394 -0.003102 2.66843
vn -0.707157 0.70665 -0.0239809
vn -0.707157 0.70665 -0.0239809
vn -0.707157 0.70665 -0.0239809
vt 6.63452 4.37522
vt 6.59807 3.30089
vt 6.61055 3.30047
f 67/67/67 68/68/68 69/69/69
v 127.408 -0.003102 2.26779
v 127.403 -0.007757 2.26759
v 127.394 -0.003102 2.66843
vn -0.706465 0.707342 -0.0239735
vn -0.706465 0.707342 -0.0239735
vn -0.706465 0.707342 -0.0239735
vt 6.64699 4.37468
vt 6.63452 4.37522
vt 6.61055 3.30047
f 70/70/70 71/71/71 72/72/72
v 127.4 -0.013503 2.26746
v 127.386 -0.013503 2.66818
v 127.389 -0.007757 2.66827
vn -0.895504 0.444015 -0.0303831
vn -0.895504 0.444015 -0.0303831
vn -0.895504 0.444015 -0.0303831
vt 6.62691 4.37556
vt 6.59046 3.30115
vt 6.59807 3.30089
f 73/73/73 74/74/74 75/75/75
v 127.403 -0.007757 2.26759
v 127.4 -0.013503 2.26746
v 127.389 -0.007757 2.66827
vn -0.89592 0.443174 -0.0303822
vn -0.89592 0.443174 -0.0303822
vn -0.89592 0.443174 -0.0303822
vt 6.63452 4.37522
vt 6.62691 4.37556
vt 6.59807 3.30089
f 76/76/76 77/77/77 78/78/78
v 127.399 -0.019379 2.26743
v 127.386 -0.019379 2.66815
v 127.386 -0.013503 2.66818
vn -0.988454 0.147762 -0.033536
vn -0.988454 0.147762 -0.033536
vn -0.988454 0.147762 -0.033536
vt 6.62454 4.37566
vt 6.58809 3.30123
vt 6.59046 3.30115
f 79/79/79 80/80/80 81/81/81
v 127.4 -0.013503 2.26746
v 127.399 -0.019379 2.26743
v 127.386 -0.013503 2.66818
vn -0.988447 0.147813 -0.0335365
vn -0.988447 0.147813 -0.0335365
vn -0.988447 0.147813 -0.0335365
vt 6.62691 4.37556
vt 6.62454 4.37566
vt 6.59046 3.30115
f 82/82/82 83/83/83 84/84/84
v 127.495 -0.007757 2.27161
v 127.482 -0.007757 2.67141
v 127.485 -0.013503 2.67151
vn 0.895977 0.443059 0.0303826
vn 0.895977 0.443059 0.0303826
vn 0.895977 0.443059 0.0303826
vt 6.88245 4.36445
vt 6.84609 3.29248
vt 6.8537 3.29222
f 85/85/85 86/86/86 87/87/87
v 127.498 -0.013503 2.27173
v 127.495 -0.007757 2.27161
v 127.485 -0.013503 2.67151
vn 0.895918 0.443179 0.0303828
vn 0.895918 0.443179 0.0303828
vn 0.895918 0.443179 0.0303828
vt 6.89006 4.36412
vt 6.88245 4.36445
vt 6.8537 3.29222
f 88/88/88 89/89/89 90/90/90
v 127.491 -0.003102 2.2714
v 127.477 -0.003102 2.67125
v 127.482 -0.007757 2.67141
vn 0.706578 0.707229 0.023971
vn 0.706578 0.707229 0.023971
vn 0.706578 0.707229 0.023971
vt 6.86998 4.36499
vt 6.83361 3.2929
vt 6.84609 3.29248
f 91/91/91 92/92/92 93/93/93
v 127.495 -0.007757 2.27161
v 127.491 -0.003102 2.2714
v 127.482 -0.007757 2.67141
vn 0.707047 0.70676 0.023976
vn 0.707047 0.70676 0.023976
vn 0.707047 0.70676 0.023976
vt 6.88245 4.36445
vt 6.86998 4.36499
vt 6.84609 3.29248
f 94/94/94 95/95/95 96/96/96
v 127.485 -0.000262 2.27115
v 127.471 -0.000262 2.67106
v 127.477 -0.003102 2.67125
vn 0.442696 0.896546 0.0150166
vn 0.442696 0.896546 0.0150166
vn 0.442696 0.896546 0.0150166
vt 6.85459 4.36566
vt 6.81822 3.29342
vt 6.83361 3.2929
f 97/97/97 98/98/98 99/99/99
v 127.491 -0.003102 2.2714
v 127.485 -0.000262 2.27115
v 127.477 -0.003102 2.67125
vn 0.442581 0.896603 0.0150148
vn 0.442581 0.896603 0.0150148
vn 0.442581 0.896603 0.0150148
vt 6.86998 4.36499
vt 6.85459 4.36566
vt 6.83361 3.2929
f 100/100/100 101/101/101 102/102/102
v 127.479 0.000621 2.2709
v 127.465 0.000621 2.67086
v 127.471 -0.000262 2.67106
vn 0.148469 0.988904 0.00503831
vn 0.148469 0.988904 0.00503831
vn 0.148469 0.988904 0.00503831
vt 6.83885 4.36634
vt 6.80247 3.29396
vt 6.81822 3.29342
f 103/103/103 104/104/104 105/105/105
v 127.485 -0.000262 2.27115
v 127.479 0.000621 2.2709
v 127.471 -0.000262 2.67106
vn 0.148611 0.988883 0.00504099
vn 0.148611 0.988883 0.00504099
vn 0.148611 0.988883 0.00504099
vt 6.85459 4.36566
vt 6.83885 4.36634
vt 6.81822 3.29342
f 106/106/106 107/107/107 108/108/108
v 123.593 -0.003102 2.13838
v 123.599 -0.003102 1.7311
v 123.593 -0.000262 1.73141
vn 0.442964 0.896515 0.00658841
vn 0.442964 0.896515 0.00658841
vn 0.442964 0.896515 0.00658841
vt -3.58074 4.72166
vt -3.5645 5.81368
vt -3.57992 5.81284
f 109/109/109 110/110/110 111/111/111
v 123.587 -0.000262 2.13824
v 123.593 -0.003102 2.13838
v 123.593 -0.000262 1.73141
vn 0.443017 0.896489 0.00658827
vn 0.443017 0.896489 0.00658827
vn 0.443017 0.896489 0.00658827
vt -3.59614 4.72203
vt -3.58074 4.72166
vt -3.57992 5.81284
f 112/112/112 113/113/113 114/114/114
v 123.598 -0.007757 2.13849
v 123.604 -0.007757 1.73084
v 123.599 -0.003102 1.7311
vn 0.707437 0.706698 0.0105258
vn 0.707437 0.706698 0.0105258
vn 0.707437 0.706698 0.0105258
vt -3.56827 4.72135
vt -3.55201 5.81436
vt -3.5645 5.81368
f 115/115/115 116/116/116 117/117/117
v 123.593 -0.003102 2.13838
v 123.598 -0.007757 2.13849
v 123.599 -0.003102 1.7311
vn 0.707601 0.706534 0.0105245
vn 0.707601 0.706534 0.0105245
vn 0.707601 0.706534 0.0105245
vt -3.58074 4.72166
vt -3.56827 4.72135
vt -3.5645 5.81368
f 118/118/118 119/119/119 120/120/120
v 123.6 -0.013503 2.13857
v 123.607 -0.013503 1.73069
v 123.604 -0.007757 1.73084
vn 0.896184 0.443482 0.0133267
vn 0.896184 0.443482 0.0133267
vn 0.896184 0.443482 0.0133267
vt -3.56065 4.72116
vt -3.54438 5.81478
vt -3.55201 5.81436
f 121/121/121 122/122/122 123/123/123
v 123.598 -0.007757 2.13849
v 123.6 -0.013503 2.13857
v 123.604 -0.007757 1.73084
vn 0.895975 0.443903 0.013331
vn 0.895975 0.443903 0.013331
vn 0.895975 0.443903 0.013331
vt -3.56827 4.72135
vt -3.56065 4.72116
vt -3.55201 5.81436
f 124/124/124 125/125/125 126/126/126
v 123.601 -0.019379 2.13859
v 123.607 -0.019379 1.73064
v 123.607 -0.013503 1.73069
vn 0.988758 0.148801 0.0147193
vn 0.988758 0.148801 0.0147193
vn 0.988758 0.148801 0.0147193
vt -3.55828 4.72111
vt -3.54202 5.81491
vt -3.54438 5.81478
f 127/127/127 128/128/128 129/129/129
v 123.6 -0.013503 2.13857
v 123.601 -0.019379 2.13859
v 123.607 -0.013503 1.73069
vn 0.988921 0.147714 0.0147058
vn 0.988921 0.147714 0.0147058
vn 0.988921 0.147714 0.0147058
vt -3.56065 4.72116
vt -3.55828 4.72111
vt -3.54438 5.81478
f 130/130/130 131/131/131 132/132/132
v 123.505 -0.007757 2.13624
v 123.511 -0.007757 1.73591
v 123.508 -0.013503 1.73607
vn -0.896183 0.443484 -0.0133391
vn -0.896183 0.443484 -0.0133391
vn -0.896183 0.443484 -0.0133391
vt -3.81636 4.7274
vt -3.80039 5.80076
vt -3.80802 5.80034
f 133/133/133 134/134/134 135/135/135
v 123.502 -0.013503 2.13617
v 123.505 -0.007757 2.13624
v 123.508 -0.013503 1.73607
vn -0.896448 0.442947 -0.0133335
vn -0.896448 0.442947 -0.0133335
vn -0.896448 0.442947 -0.0133335
vt -3.82397 4.72759
vt -3.81636 4.7274
vt -3.80802 5.80034
f 136/136/136 137/137/137 138/138/138
v 123.607 -0.019379 1.73064
v 123.556 -0.019379 1.31531
v 123.555 -0.013503 1.31548
vn 0.98125 0.148727 -0.122589
vn 0.98125 0.148727 -0.122589
vn 0.98125 0.148727 -0.122589
vt -3.54202 5.81491
vt -3.68113 6.9285
vt -3.68345 6.92805
f 139/139/139 140/140/140 141/141/141
v 123.607 -0.013503 1.73069
v 123.607 -0.019379 1.73064
v 123.555 -0.013503 1.31548
vn 0.981241 0.148789 -0.122587
vn 0.981241 0.148789 -0.122587
vn 0.981241 0.148789 -0.122587
vt -3.54438 5.81478
vt -3.54202 5.81491
vt -3.68345 6.92805
f 142/142/142 143/143/143 144/144/144
v 123.511 -0.007757 1.73591
v 123.461 -0.007757 1.33348
v 123.458 -0.013503 1.33402
vn -0.889259 0.44371 0.111082
vn -0.889259 0.44371 0.111082
vn -0.889259 0.44371 0.111082
vt -3.80039 5.80076
vt -3.93519 6.87978
vt -3.94268 6.87834
f 145/145/145 146/146/146 147/147/147
v 123.508 -0.013503 1.73607
v 123.511 -0.007757 1.73591
v 123.458 -0.013503 1.33402
vn -0.889376 0.443471 0.111101
vn -0.889376 0.443471 0.111101
vn -0.889376 0.443471 0.111101
vt -3.80802 5.80034
vt -3.80039 5.80076
vt -3.94268 6.87834
f 148/148/148 149/149/149 150/150/150
v 123.516 -0.003102 1.73566
v 123.465 -0.003102 1.3326
v 123.461 -0.007757 1.33348
vn -0.701941 0.706815 0.0876941
vn -0.701941 0.706815 0.0876941
vn -0.701941 0.706815 0.0876941
vt -3.7879 5.80145
vt -3.9229 6.88213
vt -3.93519 6.87978
f 151/151/151 152/152/152 153/153/153
v 123.511 -0.007757 1.73591
v 123.516 -0.003102 1.73566
v 123.461 -0.007757 1.33348
vn -0.701478 0.707284 0.0876254
vn -0.701478 0.707284 0.0876254
vn -0.701478 0.707284 0.0876254
vt -3.80039 5.80076
vt -3.7879 5.80145
vt -3.93519 6.87978
f 154/154/154 155/155/155 156/156/156
v 123.521 -0.000262 1.73535
v 123.471 -0.000262 1.33152
v 123.465 -0.003102 1.3326
vn -0.439779 0.896424 0.0549367
vn -0.439779 0.896424 0.0549367
vn -0.439779 0.896424 0.0549367
vt -3.77248 5.80229
vt -3.90774 6.88504
vt -3.9229 6.88213
f 157/157/157 158/158/158 159/159/159
v 123.516 -0.003102 1.73566
v 123.521 -0.000262 1.73535
v 123.465 -0.003102 1.3326
vn -0.440069 0.896279 0.0549783
vn -0.440069 0.896279 0.0549783
vn -0.440069 0.896279 0.0549783
vt -3.7879 5.80145
vt -3.77248 5.80229
vt -3.9229 6.88213
f 160/160/160 161/161/161 162/162/162
v 123.527 0.000621 1.73502
v 123.477 0.000621 1.33041
v 123.471 -0.000262 1.33152
vn -0.147459 0.988897 0.0184207
vn -0.147459 0.988897 0.0184207
vn -0.147459 0.988897 0.0184207
vt -3.75671 5.80315
vt -3.89223 6.88801
vt -3.90774 6.88504
f 163/163/163 164/164/164 165/165/165
v 123.521 -0.000262 1.73535
v 123.527 0.000621 1.73502
v 123.471 -0.000262 1.33152
vn -0.147438 0.9889 0.0184178
vn -0.147438 0.9889 0.0184178
vn -0.147438 0.9889 0.0184178
vt -3.77248 5.80229
vt -3.75671 5.80315
vt -3.90774 6.88504
f 166/166/166 167/167/167 168/168/168
v 127.509 -0.003102 1.45128
v 127.429 -0.003102 1.86103
v 127.435 -0.000262 1.86173
vn -0.434623 0.896636 -0.0845352
vn -0.434623 0.896636 -0.0845352
vn -0.434623 0.896636 -0.0845352
vt 6.91847 6.56392
vt 6.70479 5.4653
vt 6.72012 5.46341
f 169/169/169 170/170/170 171/171/171
v 127.514 -0.000262 1.45275
v 127.509 -0.003102 1.45128
v 127.435 -0.000262 1.86173
vn -0.434886 0.896504 -0.0845819
vn -0.434886 0.896504 -0.0845819
vn -0.434886 0.896504 -0.0845819
vt 6.9334 6.55999
vt 6.91847 6.56392
vt 6.72012 5.46341
f 172/172/172 173/173/173 174/174/174
v 127.504 -0.007757 1.4501
v 127.424 -0.007757 1.86046
v 127.429 -0.003102 1.86103
vn -0.694123 0.707081 -0.135013
vn -0.694123 0.707081 -0.135013
vn -0.694123 0.707081 -0.135013
vt 6.90637 6.5671
vt 6.69237 5.46683
vt 6.70479 5.4653
f 175/175/175 176/176/176 177/177/177
v 127.509 -0.003102 1.45128
v 127.504 -0.007757 1.4501
v 127.429 -0.003102 1.86103
vn -0.694288 0.706914 -0.135041
vn -0.694288 0.706914 -0.135041
vn -0.694288 0.706914 -0.135041
vt 6.91847 6.56392
vt 6.90637 6.5671
vt 6.70479 5.4653
f 178/178/178 179/179/179 180/180/180
v 127.501 -0.013503 1.44937
v 127.422 -0.013503 1.86011
v 127.424 -0.007757 1.86046
vn -0.880145 0.442765 -0.171185
vn -0.880145 0.442765 -0.171185
vn -0.880145 0.442765 -0.171185
vt 6.89899 6.56905
vt 6.68479 5.46776
vt 6.69237 5.46683
f 181/181/181 182/182/182 183/183/183
v 127.504 -0.007757 1.4501
v 127.501 -0.013503 1.44937
v 127.424 -0.007757 1.86046
vn -0.879865 0.443337 -0.171141
vn -0.879865 0.443337 -0.171141
vn -0.879865 0.443337 -0.171141
vt 6.90637 6.5671
vt 6.89899 6.56905
vt 6.69237 5.46683
f 184/184/184 185/185/185 186/186/186
v 127.501 -0.019379 1.44915
v 127.421 -0.019379 1.86
v 127.422 -0.013503 1.86011
vn -0.970734 0.148416 -0.188805
vn -0.970734 0.148416 -0.188805
vn -0.970734 0.148416 -0.188805
vt 6.8967 6.56965
vt 6.68244 5.46805
vt 6.68479 5.46776
f 187/187/187 188/188/188 189/189/189
v 127.501 -0.013503 1.44937
v 127.501 -0.019379 1.44915
v 127.422 -0.013503 1.86011
vn -0.970738 0.148393 -0.188805
vn -0.970738 0.148393 -0.188805
vn -0.970738 0.148393 -0.188805
vt 6.89899 6.56905
vt 6.8967 6.56965
vt 6.68479 5.46776
f 190/190/190 191/191/191 192/192/192
v 127.594 -0.007757 1.4737
v 127.517 -0.007757 1.8718
v 127.519 -0.013503 1.87215
vn 0.880146 0.442762 0.171189
vn 0.880146 0.442762 0.171189
vn 0.880146 0.442762 0.171189
vt 7.14687 6.50382
vt 6.93927 5.43642
vt 6.94684 5.43549
f 193/193/193 194/194/194 195/195/195
v 127.597 -0.013503 1.47442
v 127.594 -0.007757 1.4737
v 127.519 -0.013503 1.87215
vn 0.879864 0.443338 0.171145
vn 0.879864 0.443338 0.171145
vn 0.879864 0.443338 0.171145
vt 7.15425 6.50188
vt 7.14687 6.50382
vt 6.94684 5.43549
f 196/196/196 197/197/197 198/198/198
v 127.589 -0.003102 1.47251
v 127.512 -0.003102 1.87123
v 127.517 -0.007757 1.8718
vn 0.694126 0.707082 0.134998
vn 0.694126 0.707082 0.134998
vn 0.694126 0.707082 0.134998
vt 7.13478 6.50701
vt 6.92685 5.43795
vt 6.93927 5.43642
f 199/199/199 200/200/200 201/201/201
v 127.594 -0.007757 1.4737
v 127.589 -0.003102 1.47251
v 127.517 -0.007757 1.8718
vn 0.693717 0.707497 0.134928
vn 0.693717 0.707497 0.134928
vn 0.693717 0.707497 0.134928
vt 7.14687 6.50382
vt 7.13478 6.50701
vt 6.93927 5.43642
f 202/202/202 203/203/203 204/204/204
v 127.584 -0.000262 1.47105
v 127.506 -0.000262 1.87053
v 127.512 -0.003102 1.87123
vn 0.434622 0.896636 0.0845415
vn 0.434622 0.896636 0.0845415
vn 0.434622 0.896636 0.0845415
vt 7.11985 6.51093
vt 6.91152 5.43984
vt 6.92685 5.43795
f 205/205/205 206/206/206 207/207/207
v 127.589 -0.003102 1.47251
v 127.584 -0.000262 1.47105
v 127.512 -0.003102 1.87123
vn 0.435354 0.896269 0.0846706
vn 0.435354 0.896269 0.0846706
vn 0.435354 0.896269 0.0846706
vt 7.13478 6.50701
vt 7.11985 6.51093
vt 6.92685 5.43795
f 208/208/208 209/209/209 210/210/210
v 127.578 0.000621 1.46955
v 127.5 0.000621 1.8698
v 127.506 -0.000262 1.87053
vn 0.145917 0.98889 0.028381
vn 0.145917 0.98889 0.028381
vn 0.145917 0.98889 0.028381
vt 7.10458 6.51495
vt 6.89584 5.44177
vt 6.91152 5.43984
f 211/211/211 212/212/212 213/213/213
v 127.584 -0.000262 1.47105
v 127.578 0.000621 1.46955
v 127.506 -0.000262 1.87053
vn 0.145764 0.988913 0.0283537
vn 0.145764 0.988913 0.0283537
vn 0.145764 0.988913 0.0283537
vt 7.11985 6.51093
vt 7.10458 6.51495
vt 6.91152 5.43984
f 214/214/214 215/215/215 216/216/216
v 123.547 -0.003102 1.31689
v 123.438 -0.003102 0.898288
v 123.433 -0.000262 0.900301
vn 0.429043 0.896351 -0.111696
vn 0.429043 0.896351 -0.111696
vn 0.429043 0.896351 -0.111696
vt -3.70323 6.92426
vt -3.99541 8.04663
vt -4.00992 8.04124
f 217/217/217 218/218/218 219/219/219
v 123.542 -0.000262 1.31798
v 123.547 -0.003102 1.31689
v 123.433 -0.000262 0.900301
vn 0.428455 0.896653 -0.111533
vn 0.428455 0.896653 -0.111533
vn 0.428455 0.896653 -0.111533
vt -3.7184 6.92135
vt -3.70323 6.92426
vt -4.00992 8.04124
f 220/220/220 221/221/221 222/222/222
v 123.552 -0.007757 1.31601
v 123.443 -0.007757 0.896657
v 123.438 -0.003102 0.898288
vn 0.684204 0.707206 -0.178115
vn 0.684204 0.707206 -0.178115
vn 0.684204 0.707206 -0.178115
vt -3.69095 6.92662
vt -3.98365 8.05101
vt -3.99541 8.04663
f 223/223/223 224/224/224 225/225/225
v 123.547 -0.003102 1.31689
v 123.552 -0.007757 1.31601
v 123.438 -0.003102 0.898288
vn 0.684579 0.706816 -0.178221
vn 0.684579 0.706816 -0.178221
vn 0.684579 0.706816 -0.178221
vt -3.70323 6.92426
vt -3.69095 6.92662
vt -3.99541 8.04663
f 226/226/226 227/227/227 228/228/228
v 123.555 -0.013503 1.31548
v 123.445 -0.013503 0.895662
v 123.443 -0.007757 0.896657
vn 0.867432 0.443366 -0.225804
vn 0.867432 0.443366 -0.225804
vn 0.867432 0.443366 -0.225804
vt -3.68345 6.92805
vt -3.97648 8.05367
vt -3.98365 8.05101
f 229/229/229 230/230/230 231/231/231
v 123.552 -0.007757 1.31601
v 123.555 -0.013503 1.31548
v 123.443 -0.007757 0.896657
vn 0.867721 0.442757 -0.225889
vn 0.867721 0.442757 -0.225889
vn 0.867721 0.442757 -0.225889
vt -3.69095 6.92662
vt -3.68345 6.92805
vt -3.98365 8.05101
f 232/232/232 233/233/233 234/234/234
v 123.556 -0.019379 1.31531
v 123.446 -0.019379 0.895353
v 123.445 -0.013503 0.895662
vn 0.957012 0.148542 -0.249125
vn 0.957012 0.148542 -0.249125
vn 0.957012 0.148542 -0.249125
vt -3.68113 6.9285
vt -3.97425 8.05451
vt -3.97648 8.05367
f 235/235/235 236/236/236 237/237/237
v 123.555 -0.013503 1.31548
v 123.556 -0.019379 1.31531
v 123.445 -0.013503 0.895662
vn 0.956985 0.148731 -0.249115
vn 0.956985 0.148731 -0.249115
vn 0.956985 0.148731 -0.249115
vt -3.68345 6.92805
vt -3.68113 6.9285
vt -3.97648 8.05367
f 238/238/238 239/239/239 240/240/240
v 123.461 -0.007757 1.33348
v 123.355 -0.007757 0.929085
v 123.353 -0.013503 0.93008
vn -0.867428 0.443367 0.22582
vn -0.867428 0.443367 0.22582
vn -0.867428 0.443367 0.22582
vt -3.93519 6.87978
vt -4.21745 7.96406
vt -4.22462 7.96139
f 241/241/241 242/242/242 243/243/243
v 123.458 -0.013503 1.33402
v 123.461 -0.007757 1.33348
v 123.353 -0.013503 0.93008
vn -0.867265 0.443709 0.225772
vn -0.867265 0.443709 0.225772
vn -0.867265 0.443709 0.225772
vt -3.94268 6.87834
vt -3.93519 6.87978
vt -4.22462 7.96139
f 244/244/244 245/245/245 246/246/246
v 123.465 -0.003102 1.3326
v 123.36 -0.003102 0.927454
v 123.355 -0.007757 0.929085
vn -0.684205 0.707206 0.178112
vn -0.684205 0.707206 0.178112
vn -0.684205 0.707206 0.178112
vt -3.9229 6.88213
vt -4.20569 7.96844
vt -4.21745 7.96406
f 247/247/247 248/248/248 249/249/249
v 123.461 -0.007757 1.33348
v 123.465 -0.003102 1.3326
v 123.355 -0.007757 0.929085
vn -0.68458 0.706816 0.178219
vn -0.68458 0.706816 0.178219
vn -0.68458 0.706816 0.178219
vt -3.93519 6.87978
vt -3.9229 6.88213
vt -4.21745 7.96406
f 250/250/250 251/251/251 252/252/252
v 123.471 -0.000262 1.33152
v 123.365 -0.000262 0.925441
v 123.36 -0.003102 0.927454
vn -0.428604 0.896577 0.111569
vn -0.428604 0.896577 0.111569
vn -0.428604 0.896577 0.111569
vt -3.90774 6.88504
vt -4.19117 7.97383
vt -4.20569 7.96844
f 253/253/253 254/254/254 255/255/255
v 123.465 -0.003102 1.3326
v 123.471 -0.000262 1.33152
v 123.36 -0.003102 0.927454
vn -0.428896 0.896428 0.11165
vn -0.428896 0.896428 0.11165
vn -0.428896 0.896428 0.11165
vt -3.9229 6.88213
vt -3.90774 6.88504
vt -4.20569 7.96844
f 256/256/256 257/257/257 258/258/258
v 123.477 0.000621 1.33041
v 123.371 0.000621 0.923382
v 123.365 -0.000262 0.925441
vn -0.143916 0.988881 0.0374639
vn -0.143916 0.988881 0.0374639
vn -0.143916 0.988881 0.0374639
vt -3.89223 6.88801
vt -4.17633 7.97935
vt -4.19117 7.97383
f 259/259/259 260/260/260 261/261/261
v 123.471 -0.000262 1.33152
v 123.477 0.000621 1.33041
v 123.365 -0.000262 0.925441
vn -0.143813 0.988897 0.0374355
vn -0.143813 0.988897 0.0374355
vn -0.143813 0.988897 0.0374355
vt -3.90774 6.88504
vt -3.89223 6.88801
vt -4.19117 7.97383
f 262/262/262 263/263/263 264/264/264
v 127.646 -0.003102 1.04103
v 127.509 -0.003102 1.45128
v 127.514 -0.000262 1.45275
vn -0.420192 0.896506 -0.140413
vn -0.420192 0.896506 -0.140413
vn -0.420192 0.896506 -0.140413
vt 7.28604 7.66392
vt 6.91847 6.56392
vt 6.9334 6.55999
f 265/265/265 266/266/266 267/267/267
v 127.651 -0.000262 1.0434
v 127.646 -0.003102 1.04103
v 127.514 -0.000262 1.45275
vn -0.42027 0.896465 -0.140438
vn -0.42027 0.896465 -0.140438
vn -0.42027 0.896465 -0.140438
vt 7.30016 7.65755
vt 7.28604 7.66392
vt 6.9334 6.55999
f 268/268/268 269/269/269 270/270/270
v 127.642 -0.007757 1.0391
v 127.504 -0.007757 1.4501
v 127.509 -0.003102 1.45128
vn -0.670841 0.70691 -0.224166
vn -0.670841 0.70691 -0.224166
vn -0.670841 0.70691 -0.224166
vt 7.27461 7.66908
vt 6.90637 6.5671
vt 6.91847 6.56392
f 271/271/271 272/272/272 273/273/273
v 127.646 -0.003102 1.04103
v 127.642 -0.007757 1.0391
v 127.509 -0.003102 1.45128
vn -0.670648 0.707112 -0.224106
vn -0.670648 0.707112 -0.224106
vn -0.670648 0.707112 -0.224106
vt 7.28604 7.66392
vt 7.27461 7.66908
vt 6.91847 6.56392
f 274/274/274 275/275/275 276/276/276
v 127.639 -0.013503 1.03793
v 127.501 -0.013503 1.44937
v 127.504 -0.007757 1.4501
vn -0.850143 0.443342 -0.284086
vn -0.850143 0.443342 -0.284086
vn -0.850143 0.443342 -0.284086
vt 7.26763 7.67222
vt 6.89899 6.56905
vt 6.90637 6.5671
f 277/277/277 278/278/278 279/279/279
v 127.642 -0.007757 1.0391
v 127.639 -0.013503 1.03793
v 127.504 -0.007757 1.4501
vn -0.850288 0.443037 -0.284129
vn -0.850288 0.443037 -0.284129
vn -0.850288 0.443037 -0.284129
vt 7.27461 7.66908
vt 7.26763 7.67222
vt 6.90637 6.5671
f 280/280/280 281/281/281 282/282/282
v 127.638 -0.019379 1.03756
v 127.501 -0.019379 1.44915
v 127.501 -0.013503 1.44937
vn -0.937946 0.148396 -0.313425
vn -0.937946 0.148396 -0.313425
vn -0.937946 0.148396 -0.313425
vt 7.26546 7.6732
vt 6.8967 6.56965
vt 6.89899 6.56905
f 283/283/283 284/284/284 285/285/285
v 127.639 -0.013503 1.03793
v 127.638 -0.019379 1.03756
v 127.501 -0.013503 1.44937
vn -0.937923 0.148556 -0.313419
vn -0.937923 0.148556 -0.313419
vn -0.937923 0.148556 -0.313419
vt 7.26763 7.67222
vt 7.26546 7.6732
vt 6.89899 6.56905
f 286/286/286 287/287/287 288/288/288
v 127.726 -0.007757 1.07737
v 127.594 -0.007757 1.4737
v 127.597 -0.013503 1.47442
vn 0.850148 0.443343 0.284069
vn 0.850148 0.443343 0.284069
vn 0.850148 0.443343 0.284069
vt 7.50197 7.56648
vt 7.14687 6.50382
vt 7.15425 6.50188
f 289/289/289 290/290/290 291/291/291
v 127.729 -0.013503 1.07854
v 127.726 -0.007757 1.07737
v 127.597 -0.013503 1.47442
vn 0.849863 0.443943 0.283985
vn 0.849863 0.443943 0.283985
vn 0.849863 0.443943 0.283985
vt 7.50895 7.56334
vt 7.50197 7.56648
vt 7.15425 6.50188
f 292/292/292 293/293/293 294/294/294
v 127.722 -0.003102 1.07544
v 127.589 -0.003102 1.47251
v 127.594 -0.007757 1.4737
vn 0.670295 0.707482 0.223995
vn 0.670295 0.707482 0.223995
vn 0.670295 0.707482 0.223995
vt 7.49053 7.57164
vt 7.13478 6.50701
vt 7.14687 6.50382
f 295/295/295 296/296/296 297/297/297
v 127.726 -0.007757 1.07737
v 127.722 -0.003102 1.07544
v 127.594 -0.007757 1.4737
vn 0.671175 0.706561 0.224267
vn 0.671175 0.706561 0.224267
vn 0.671175 0.706561 0.224267
vt 7.50197 7.56648
vt 7.49053 7.57164
vt 7.14687 6.50382
f 298/298/298 299/299/299 300/300/300
v 127.717 -0.000262 1.07307
v 127.584 -0.000262 1.47105
v 127.589 -0.003102 1.47251
vn 0.420636 0.896275 0.140558
vn 0.420636 0.896275 0.140558
vn 0.420636 0.896275 0.140558
vt 7.47642 7.57801
vt 7.11985 6.51093
vt 7.13478 6.50701
f 301/301/301 302/302/302 303/303/303
v 127.722 -0.003102 1.07544
v 127.717 -0.000262 1.07307
v 127.589 -0.003102 1.47251
vn 0.420268 0.896466 0.140442
vn 0.420268 0.896466 0.140442
vn 0.420268 0.896466 0.140442
vt 7.49053 7.57164
vt 7.47642 7.57801
vt 7.13478 6.50701
f 304/304/304 305/305/305 306/306/306
v 127.711 0.000621 1.07064
v 127.578 0.000621 1.46955
v 127.584 -0.000262 1.47105
vn 0.140846 0.988912 0.0470651
vn 0.140846 0.988912 0.0470651
vn 0.140846 0.988912 0.0470651
vt 7.46199 7.58453
vt 7.10458 6.51495
vt 7.11985 6.51093
f 307/307/307 308/308/308 309/309/309
v 127.717 -0.000262 1.07307
v 127.711 0.000621 1.07064
v 127.584 -0.000262 1.47105
vn 0.140884 0.988906 0.0470774
vn 0.140884 0.988906 0.0470774
vn 0.140884 0.988906 0.0470774
vt 7.47642 7.57801
vt 7.46199 7.58453
vt 7.11985 6.51093
f 310/310/310 311/311/311 312/312/312
v 123.438 -0.003102 0.898288
v 123.23 -0.003102 0.475645
v 123.225 -0.000262 0.478638
vn 0.397667 0.896407 -0.195744
vn 0.397667 0.896407 -0.195744
vn 0.397667 0.896407 -0.195744
vt -3.99541 8.04663
vt -4.55321 9.17984
vt -4.56643 9.17181
f 313/313/313 314/314/314 315/315/315
v 123.433 -0.000262 0.900301
v 123.438 -0.003102 0.898288
v 123.225 -0.000262 0.478638
vn 0.397753 0.896359 -0.195788
vn 0.397753 0.896359 -0.195788
vn 0.397753 0.896359 -0.195788
vt -4.00992 8.04124
vt -3.99541 8.04663
vt -4.56643 9.17181
f 316/316/316 317/317/317 318/318/318
v 123.443 -0.007757 0.896657
v 123.234 -0.007757 0.473221
v 123.23 -0.003102 0.475645
vn 0.634257 0.707283 -0.312199
vn 0.634257 0.707283 -0.312199
vn 0.634257 0.707283 -0.312199
vt -3.98365 8.05101
vt -4.5425 9.18634
vt -4.55321 9.17984
f 319/319/319 320/320/320 321/321/321
v 123.438 -0.003102 0.898288
v 123.443 -0.007757 0.896657
v 123.23 -0.003102 0.475645
vn 0.634331 0.7072 -0.312238
vn 0.634331 0.7072 -0.312238
vn 0.634331 0.7072 -0.312238
vt -3.99541 8.04663
vt -3.98365 8.05101
vt -4.55321 9.17984
f 322/322/322 323/323/323 324/324/324
v 123.445 -0.013503 0.895662
v 123.237 -0.013503 0.471742
v 123.234 -0.007757 0.473221
vn 0.80412 0.44354 -0.395808
vn 0.80412 0.44354 -0.395808
vn 0.80412 0.44354 -0.395808
vt -3.97648 8.05367
vt -4.53596 9.19031
vt -4.5425 9.18634
f 325/325/325 326/326/326 327/327/327
v 123.443 -0.007757 0.896657
v 123.445 -0.013503 0.895662
v 123.234 -0.007757 0.473221
vn 0.804205 0.443345 -0.395853
vn 0.804205 0.443345 -0.395853
vn 0.804205 0.443345 -0.395853
vt -3.98365 8.05101
vt -3.97648 8.05367
vt -4.5425 9.18634
f 328/328/328 329/329/329 330/330/330
v 123.446 -0.019379 0.895353
v 123.237 -0.019379 0.471282
v 123.237 -0.013503 0.471742
vn 0.887285 0.148244 -0.436748
vn 0.887285 0.148244 -0.436748
vn 0.887285 0.148244 -0.436748
vt -3.97425 8.05451
vt -4.53393 9.19154
vt -4.53596 9.19031
f 331/331/331 332/332/332 333/333/333
v 123.445 -0.013503 0.895662
v 123.446 -0.019379 0.895353
v 123.237 -0.013503 0.471742
vn 0.887248 0.148534 -0.436725
vn 0.887248 0.148534 -0.436725
vn 0.887248 0.148534 -0.436725
vt -3.97648 8.05367
vt -3.97425 8.05451
vt -4.53596 9.19031
f 334/334/334 335/335/335 336/336/336
v 123.355 -0.007757 0.929085
v 123.155 -0.007757 0.521423
v 123.152 -0.013503 0.522902
vn -0.804119 0.443542 0.395806
vn -0.804119 0.443542 0.395806
vn -0.804119 0.443542 0.395806
vt -4.21745 7.96406
vt -4.75547 9.0571
vt -4.76201 9.05313
f 337/337/337 338/338/338 339/339/339
v 123.353 -0.013503 0.93008
v 123.355 -0.007757 0.929085
v 123.152 -0.013503 0.522902
vn -0.804205 0.443345 0.395852
vn -0.804205 0.443345 0.395852
vn -0.804205 0.443345 0.395852
vt -4.22462 7.96139
vt -4.21745 7.96406
vt -4.76201 9.05313
f 340/340/340 341/341/341 342/342/342
v 123.36 -0.003102 0.927454
v 123.159 -0.003102 0.518999
v 123.155 -0.007757 0.521423
vn -0.63472 0.706764 0.312434
vn -0.63472 0.706764 0.312434
vn -0.63472 0.706764 0.312434
vt -4.20569 7.96844
vt -4.74476 9.0636
vt -4.75547 9.0571
f 343/343/343 344/344/344 345/345/345
v 123.355 -0.007757 0.929085
v 123.36 -0.003102 0.927454
v 123.155 -0.007757 0.521423
vn -0.634333 0.7072 0.312233
vn -0.634333 0.7072 0.312233
vn -0.634333 0.7072 0.312233
vt -4.21745 7.96406
vt -4.20569 7.96844
vt -4.75547 9.0571
f 346/346/346 347/347/347 348/348/348
v 123.365 -0.000262 0.925441
v 123.164 -0.000262 0.516006
v 123.159 -0.003102 0.518999
vn -0.397286 0.896617 0.195558
vn -0.397286 0.896617 0.195558
vn -0.397286 0.896617 0.195558
vt -4.19117 7.97383
vt -4.73154 9.07162
vt -4.74476 9.0636
f 349/349/349 350/350/350 351/351/351
v 123.36 -0.003102 0.927454
v 123.365 -0.000262 0.925441
v 123.159 -0.003102 0.518999
vn -0.397372 0.896568 0.195602
vn -0.397372 0.896568 0.195602
vn -0.397372 0.896568 0.195602
vt -4.20569 7.96844
vt -4.19117 7.97383
vt -4.74476 9.0636
f 352/352/352 353/353/353 354/354/354
v 123.371 0.000621 0.923382
v 123.169 0.000621 0.512946
v 123.164 -0.000262 0.516006
vn -0.133328 0.988897 0.0656273
vn -0.133328 0.988897 0.0656273
vn -0.133328 0.988897 0.0656273
vt -4.17633 7.97935
vt -4.71802 9.07983
vt -4.73154 9.07162
f 355/355/355 356/356/356 357/357/357
v 123.365 -0.000262 0.925441
v 123.371 0.000621 0.923382
v 123.164 -0.000262 0.516006
vn -0.133415 0.988882 0.0656717
vn -0.133415 0.988882 0.0656717
vn -0.133415 0.988882 0.0656717
vt -4.19117 7.97383
vt -4.17633 7.97935
vt -4.73154 9.07162
f 358/358/358 359/359/359 360/360/360
v 127.882 -0.003102 0.633456
v 127.646 -0.003102 1.04103
v 127.651 -0.000262 1.0434
vn -0.383389 0.896464 -0.222184
vn -0.383389 0.896464 -0.222184
vn -0.383389 0.896464 -0.222184
vt 7.91935 8.75671
vt 7.28604 7.66392
vt 7.30016 7.65755
f 361/361/361 362/362/362 363/363/363
v 127.887 -0.000262 0.636775
v 127.882 -0.003102 0.633456
v 127.651 -0.000262 1.0434
vn -0.383137 0.896607 -0.222043
vn -0.383137 0.896607 -0.222043
vn -0.383137 0.896607 -0.222043
vt 7.932 8.74781
vt 7.91935 8.75671
vt 7.30016 7.65755
f 364/364/364 365/365/365 366/366/366
v 127.878 -0.007757 0.630767
v 127.642 -0.007757 1.0391
v 127.646 -0.003102 1.04103
vn -0.611779 0.70712 -0.354553
vn -0.611779 0.70712 -0.354553
vn -0.611779 0.70712 -0.354553
vt 7.90911 8.76392
vt 7.27461 7.66908
vt 7.28604 7.66392
f 367/367/367 368/368/368 369/369/369
v 127.882 -0.003102 0.633456
v 127.878 -0.007757 0.630767
v 127.646 -0.003102 1.04103
vn -0.612202 0.706636 -0.354787
vn -0.612202 0.706636 -0.354787
vn -0.612202 0.706636 -0.354787
vt 7.91935 8.75671
vt 7.90911 8.76392
vt 7.28604 7.66392
f 370/370/370 371/371/371 372/372/372
v 127.876 -0.013503 0.629125
v 127.639 -0.013503 1.03793
v 127.642 -0.007757 1.0391
vn -0.77566 0.443039 -0.449521
vn -0.77566 0.443039 -0.449521
vn -0.77566 0.443039 -0.449521
vt 7.90286 8.76832
vt 7.26763 7.67222
vt 7.27461 7.66908
f 373/373/373 374/374/374 375/375/375
v 127.878 -0.007757 0.630767
v 127.876 -0.013503 0.629125
v 127.642 -0.007757 1.0391
vn -0.775461 0.443495 -0.449414
vn -0.775461 0.443495 -0.449414
vn -0.775461 0.443495 -0.449414
vt 7.90911 8.76392
vt 7.90286 8.76832
vt 7.27461 7.66908
f 376/376/376 377/377/377 378/378/378
v 127.875 -0.019379 0.628615
v 127.638 -0.019379 1.03756
v 127.639 -0.013503 1.03793
vn -0.855606 0.14856 -0.495852
vn -0.855606 0.14856 -0.495852
vn -0.855606 0.14856 -0.495852
vt 7.90091 8.76969
vt 7.26546 7.6732
vt 7.26763 7.67222
f 379/379/379 380/380/380 381/381/381
v 127.876 -0.013503 0.629125
v 127.875 -0.019379 0.628615
v 127.639 -0.013503 1.03793
vn -0.855604 0.148572 -0.495851
vn -0.855604 0.148572 -0.495851
vn -0.855604 0.148572 -0.495851
vt 7.90286 8.76832
vt 7.90091 8.76969
vt 7.26763 7.67222
f 382/382/382 383/383/383 384/384/384
v 127.954 -0.007757 0.684241
v 127.726 -0.007757 1.07737
v 127.729 -0.013503 1.07854
vn 0.775299 0.443865 0.449327
vn 0.775299 0.443865 0.449327
vn 0.775299 0.443865 0.449327
vt 8.11284 8.62055
vt 7.50197 7.56648
vt 7.50895 7.56334
f 385/385/385 386/386/386 387/387/387
v 127.957 -0.013503 0.685882
v 127.954 -0.007757 0.684241
v 127.729 -0.013503 1.07854
vn 0.77585 0.442603 0.449623
vn 0.77585 0.442603 0.449623
vn 0.77585 0.442603 0.449623
vt 8.11909 8.61615
vt 8.11284 8.62055
vt 7.50895 7.56334
f 388/388/388 389/389/389 390/390/390
v 127.95 -0.003102 0.681551
v 127.722 -0.003102 1.07544
v 127.726 -0.007757 1.07737
vn 0.612216 0.706619 0.354798
vn 0.612216 0.706619 0.354798
vn 0.612216 0.706619 0.354798
vt 8.10259 8.62776
vt 7.49053 7.57164
vt 7.50197 7.56648
f 391/391/391 392/392/392 393/393/393
v 127.954 -0.007757 0.684241
v 127.95 -0.003102 0.681551
v 127.726 -0.007757 1.07737
vn 0.611727 0.707177 0.354528
vn 0.611727 0.707177 0.354528
vn 0.611727 0.707177 0.354528
vt 8.11284 8.62055
vt 8.10259 8.62776
vt 7.50197 7.56648
f 394/394/394 395/395/395 396/396/396
v 127.946 -0.000262 0.678232
v 127.717 -0.000262 1.07307
v 127.722 -0.003102 1.07544
vn 0.383388 0.896464 0.222187
vn 0.383388 0.896464 0.222187
vn 0.383388 0.896464 0.222187
vt 8.08994 8.63666
vt 7.47642 7.57801
vt 7.49053 7.57164
f 397/397/397 398/398/398 399/399/399
v 127.95 -0.003102 0.681551
v 127.946 -0.000262 0.678232
v 127.722 -0.003102 1.07544
vn 0.383493 0.896404 0.222246
vn 0.383493 0.896404 0.222246
vn 0.383493 0.896404 0.222246
vt 8.10259 8.62776
vt 8.08994 8.63666
vt 7.49053 7.57164
f 400/400/400 401/401/401 402/402/402
v 127.941 0.000621 0.674837
v 127.711 0.000621 1.07064
v 127.717 -0.000262 1.07307
vn 0.128525 0.988905 0.074484
vn 0.128525 0.988905 0.074484
vn 0.128525 0.988905 0.074484
vt 8.07701 8.64576
vt 7.46199 7.58453
vt 7.47642 7.57801
f 403/403/403 404/404/404 405/405/405
v 127.946 -0.000262 0.678232
v 127.941 0.000621 0.674837
v 127.717 -0.000262 1.07307
vn 0.128471 0.988914 0.0744537
vn 0.128471 0.988914 0.0744537
vn 0.128471 0.988914 0.0744537
vt 8.08994 8.63666
vt 8.07701 8.64576
vt 7.47642 7.57801
f 406/406/406 407/407/407 408/408/408
v 123.23 -0.003102 0.475645
v 122.92 -0.003102 0.053439
v 122.916 -0.000262 0.057169
vn 0.357244 0.896406 -0.262359
vn 0.357244 0.896406 -0.262359
vn 0.357244 0.896406 -0.262359
vt -4.55321 9.17984
vt -5.38457 10.3119
vt -5.39634 10.3019
f 409/409/409 410/410/410 411/411/411
v 123.225 -0.000262 0.478638
v 123.23 -0.003102 0.475645
v 122.916 -0.000262 0.057169
vn 0.357227 0.896417 -0.262346
vn 0.357227 0.896417 -0.262346
vn 0.357227 0.896417 -0.262346
vt -4.56643 9.17181
vt -4.55321 9.17984
vt -5.39634 10.3019
f 412/412/412 413/413/413 414/414/414
v 123.234 -0.007757 0.473221
v 122.924 -0.007757 0.050419
v 122.92 -0.003102 0.053439
vn 0.570035 0.706967 -0.418638
vn 0.570035 0.706967 -0.418638
vn 0.570035 0.706967 -0.418638
vt -4.5425 9.18634
vt -5.37504 10.32
vt -5.38457 10.3119
f 415/415/415 416/416/416 417/417/417
v 123.23 -0.003102 0.475645
v 123.234 -0.007757 0.473221
v 122.92 -0.003102 0.053439
vn 0.569801 0.707261 -0.41846
vn 0.569801 0.707261 -0.41846
vn 0.569801 0.707261 -0.41846
vt -4.55321 9.17984
vt -4.5425 9.18634
vt -5.38457 10.3119
f 418/418/418 419/419/419 420/420/420
v 123.237 -0.013503 0.471742
v 122.926 -0.013503 0.048575
v 122.924 -0.007757 0.050419
vn 0.722352 0.443597 -0.530499
vn 0.722352 0.443597 -0.530499
vn 0.722352 0.443597 -0.530499
vt -4.53596 9.19031
vt -5.36922 10.3249
vt -5.37504 10.32
f 421/421/421 422/422/422 423/423/423
v 123.234 -0.007757 0.473221
v 123.237 -0.013503 0.471742
v 122.924 -0.007757 0.050419
vn 0.722393 0.443493 -0.53053
vn 0.722393 0.443493 -0.53053
vn 0.722393 0.443493 -0.53053
vt -4.5425 9.18634
vt -4.53596 9.19031
vt -5.37504 10.32
f 424/424/424 425/425/425 426/426/426
v 123.237 -0.019379 0.471282
v 122.927 -0.019379 0.048002
v 122.926 -0.013503 0.048575
vn 0.797097 0.14816 -0.585393
vn 0.797097 0.14816 -0.585393
vn 0.797097 0.14816 -0.585393
vt -4.53393 9.19154
vt -5.36741 10.3264
vt -5.36922 10.3249
f 427/427/427 428/428/428 429/429/429
v 123.237 -0.013503 0.471742
v 123.237 -0.019379 0.471282
v 122.926 -0.013503 0.048575
vn 0.797083 0.148284 -0.585381
vn 0.797083 0.148284 -0.585381
vn 0.797083 0.148284 -0.585381
vt -4.53596 9.19031
vt -4.53393 9.19154
vt -5.36922 10.3249
f 430/430/430 431/431/431 432/432/432
v 123.155 -0.007757 0.521423
v 122.853 -0.007757 0.110448
v 122.851 -0.013503 0.112323
vn -0.720267 0.44895 0.528828
vn -0.720267 0.44895 0.528828
vn -0.720267 0.44895 0.528828
vt -4.75547 9.0571
vt -5.56451 10.159
vt -5.57043 10.154
f 433/433/433 434/434/434 435/435/435
v 123.152 -0.013503 0.522902
v 123.155 -0.007757 0.521423
v 122.851 -0.013503 0.112323
vn -0.722413 0.443496 0.5305
vn -0.722413 0.443496 0.5305
vn -0.722413 0.443496 0.5305
vt -4.76201 9.05313
vt -4.75547 9.0571
vt -5.57043 10.154
f 436/436/436 437/437/437 438/438/438
v 123.159 -0.003102 0.518999
v 122.857 -0.003102 0.107376
v 122.853 -0.007757 0.110448
vn -0.565285 0.71296 0.414899
vn -0.565285 0.71296 0.414899
vn -0.565285 0.71296 0.414899
vt -4.74476 9.0636
vt -5.55482 10.1673
vt -5.56451 10.159
f 439/439/439 440/440/440 441/441/441
v 123.155 -0.007757 0.521423
v 123.159 -0.003102 0.518999
v 122.853 -0.007757 0.110448
vn -0.570225 0.706797 0.418666
vn -0.570225 0.706797 0.418666
vn -0.570225 0.706797 0.418666
vt -4.75547 9.0571
vt -4.74476 9.0636
vt -5.56451 10.159
f 442/442/442 443/443/443 444/444/444
v 123.164 -0.000262 0.516006
v 122.861 -0.000262 0.103584
v 122.857 -0.003102 0.107376
vn -0.352524 0.89935 0.258643
vn -0.352524 0.89935 0.258643
vn -0.352524 0.89935 0.258643
vt -4.73154 9.07162
vt -5.54284 10.1774
vt -5.55482 10.1673
f 445/445/445 446/446/446 447/447/447
v 123.159 -0.003102 0.518999
v 123.164 -0.000262 0.516006
v 122.857 -0.003102 0.107376
vn -0.356986 0.89661 0.262015
vn -0.356986 0.89661 0.262015
vn -0.356986 0.89661 0.262015
vt -4.74476 9.0636
vt -4.73154 9.07162
vt -5.55482 10.1673
f 448/448/448 449/449/449 450/450/450
v 123.169 0.000621 0.512946
v 122.866 0.000621 0.099705
v 122.861 -0.000262 0.103584
vn -0.117809 0.989271 0.0863985
vn -0.117809 0.989271 0.0863985
vn -0.117809 0.989271 0.0863985
vt -4.71802 9.07983
vt -5.5306 10.1878
vt -5.54284 10.1774
f 451/451/451 452/452/452 453/453/453
v 123.164 -0.000262 0.516006
v 123.169 0.000621 0.512946
v 122.861 -0.000262 0.103584
vn -0.119811 0.988897 0.0879041
vn -0.119811 0.988897 0.0879041
vn -0.119811 0.988897 0.0879041
vt -4.73154 9.07162
vt -4.71802 9.07983
vt -5.54284 10.1774
f 454/454/454 455/455/455 456/456/456
v 128.22 -0.003102 0.233234
v 127.882 -0.003102 0.633456
v 127.887 -0.000262 0.636775
vn -0.338364 0.896587 -0.285731
vn -0.338364 0.896587 -0.285731
vn -0.338364 0.896587 -0.285731
vt 8.82553 9.8298
vt 7.91935 8.75671
vt 7.932 8.74781
f 457/457/457 458/458/458 459/459/459
v 128.224 -0.000262 0.237252
v 128.22 -0.003102 0.233234
v 127.887 -0.000262 0.636775
vn -0.338262 0.896652 -0.285648
vn -0.338262 0.896652 -0.285648
vn -0.338262 0.896652 -0.285648
vt 8.83659 9.81902
vt 8.82553 9.8298
vt 7.932 8.74781
f 460/460/460 461/461/461 462/462/462
v 128.217 -0.007757 0.229979
v 127.878 -0.007757 0.630767
v 127.882 -0.003102 0.633456
vn -0.540576 0.706684 -0.456482
vn -0.540576 0.706684 -0.456482
vn -0.540576 0.706684 -0.456482
vt 8.81656 9.83853
vt 7.90911 8.76392
vt 7.91935 8.75671
f 463/463/463 464/464/464 465/465/465
v 128.22 -0.003102 0.233234
v 128.217 -0.007757 0.229979
v 127.882 -0.003102 0.633456
vn -0.540353 0.706971 -0.456301
vn -0.540353 0.706971 -0.456301
vn -0.540353 0.706971 -0.456301
vt 8.82553 9.8298
vt 8.81656 9.83853
vt 7.91935 8.75671
f 466/466/466 467/467/467 468/468/468
v 128.215 -0.013503 0.227993
v 127.876 -0.013503 0.629125
v 127.878 -0.007757 0.630767
vn -0.684793 0.443476 -0.578263
vn -0.684793 0.443476 -0.578263
vn -0.684793 0.443476 -0.578263
vt 8.81109 9.84385
vt 7.90286 8.76832
vt 7.90911 8.76392
f 469/469/469 470/470/470 471/471/471
v 128.217 -0.007757 0.229979
v 128.215 -0.013503 0.227993
v 127.878 -0.007757 0.630767
vn -0.684771 0.443531 -0.578246
vn -0.684771 0.443531 -0.578246
vn -0.684771 0.443531 -0.578246
vt 8.81656 9.83853
vt 8.81109 9.84385
vt 7.90911 8.76392
f 472/472/472 473/473/473 474/474/474
v 128.214 -0.019379 0.227375
v 127.875 -0.019379 0.628615
v 127.876 -0.013503 0.629125
vn -0.755547 0.148569 -0.638025
vn -0.755547 0.148569 -0.638025
vn -0.755547 0.148569 -0.638025
vt 8.80939 9.84551
vt 7.90091 8.76969
vt 7.90286 8.76832
f 475/475/475 476/476/476 477/477/477
v 128.215 -0.013503 0.227993
v 128.214 -0.019379 0.227375
v 127.876 -0.013503 0.629125
vn -0.755669 0.147567 -0.638113
vn -0.755669 0.147567 -0.638113
vn -0.755669 0.147567 -0.638113
vt 8.81109 9.84385
vt 8.80939 9.84551
vt 7.90286 8.76832
f 478/478/478 479/479/479 480/480/480
v 128.283 -0.007757 0.294704
v 127.954 -0.007757 0.684241
v 127.957 -0.013503 0.685882
vn 0.685097 0.442663 0.578525
vn 0.685097 0.442663 0.578525
vn 0.685097 0.442663 0.578525
vt 8.99481 9.66498
vt 8.11284 8.62055
vt 8.11909 8.61615
f 481/481/481 482/482/482 483/483/483
v 128.285 -0.013503 0.296691
v 128.283 -0.007757 0.294704
v 127.957 -0.013503 0.685882
vn 0.68473 0.443614 0.578232
vn 0.68473 0.443614 0.578232
vn 0.68473 0.443614 0.578232
vt 9.00029 9.65966
vt 8.99481 9.66498
vt 8.11909 8.61615
f 484/484/484 485/485/485 486/486/486
v 128.28 -0.003102 0.291449
v 127.95 -0.003102 0.681551
v 127.954 -0.007757 0.684241
vn 0.540196 0.707176 0.456169
vn 0.540196 0.707176 0.456169
vn 0.540196 0.707176 0.456169
vt 8.98585 9.67371
vt 8.10259 8.62776
vt 8.11284 8.62055
f 487/487/487 488/488/488 489/489/489
v 128.283 -0.007757 0.294704
v 128.28 -0.003102 0.291449
v 127.954 -0.007757 0.684241
vn 0.540356 0.706969 0.4563
vn 0.540356 0.706969 0.4563
vn 0.540356 0.706969 0.4563
vt 8.99481 9.66498
vt 8.98585 9.67371
vt 8.11284 8.62055
f 490/490/490 491/491/491 492/492/492
v 128.276 -0.000262 0.287431
v 127.946 -0.000262 0.678232
v 127.95 -0.003102 0.681551
vn 0.338646 0.896407 0.285961
vn 0.338646 0.896407 0.285961
vn 0.338646 0.896407 0.285961
vt 8.97478 9.68448
vt 8.08994 8.63666
vt 8.10259 8.62776
f 493/493/493 494/494/494 495/495/495
v 128.28 -0.003102 0.291449
v 128.276 -0.000262 0.287431
v 127.95 -0.003102 0.681551
vn 0.338263 0.896652 0.285646
vn 0.338263 0.896652 0.285646
vn 0.338263 0.896652 0.285646
vt 8.98585 9.67371
vt 8.97478 9.68448
vt 8.10259 8.62776
f 496/496/496 497/497/497 498/498/498
v 128.271 0.000621 0.283321
v 127.941 0.000621 0.674837
v 127.946 -0.000262 0.678232
vn 0.113457 0.988912 0.0958103
vn 0.113457 0.988912 0.0958103
vn 0.113457 0.988912 0.0958103
vt 8.96347 9.6955
vt 8.07701 8.64576
vt 8.08994 8.63666
f 499/499/499 500/500/500 501/501/501
v 128.276 -0.000262 0.287431
v 128.271 0.000621 0.283321
v 127.946 -0.000262 0.678232
vn 0.113665 0.988872 0.0959812
vn 0.113665 0.988872 0.0959812
vn 0.113665 0.988872 0.0959812
vt 8.97478 9.68448
vt 8.96347 9.6955
vt 8.08994 8.63666
f 502/502/502 503/503/503 504/504/504
v 128.478 -0.003102 0.003669
v 128.22 -0.003102 0.233234
v 128.224 -0.000262 0.237252
vn -0.294632 0.896627 -0.330533
vn -0.294632 0.896627 -0.330533
vn -0.294632 0.896627 -0.330533
vt 9.51604 10.4453
vt 8.82553 9.8298
vt 8.83659 9.81902
f 505/505/505 506/506/506 507/507/507
v 128.486 -0.000262 0.00397
v 128.478 -0.003102 0.003669
v 128.224 -0.000262 0.237252
vn -0.294749 0.896542 -0.33066
vn -0.294749 0.896542 -0.33066
vn -0.294749 0.896542 -0.33066
vt 9.53829 10.4445
vt 9.51604 10.4453
vt 8.83659 9.81902
f 508/508/508 509/509/509 510/510/510
v 128.471 -0.007757 0.003425
v 128.217 -0.007757 0.229979
v 128.22 -0.003102 0.233234
vn -0.470588 0.706983 -0.527941
vn -0.470588 0.706983 -0.527941
vn -0.470588 0.706983 -0.527941
vt 9.49802 10.446
vt 8.81656 9.83853
vt 8.82553 9.8298
f 511/511/511 512/512/512 513/513/513
v 128.478 -0.003102 0.003669
v 128.471 -0.007757 0.003425
v 128.22 -0.003102 0.233234
vn -0.470786 0.706694 -0.528152
vn -0.470786 0.706694 -0.528152
vn -0.470786 0.706694 -0.528152
vt 9.51604 10.4453
vt 9.49802 10.446
vt 8.82553 9.8298
f 514/514/514 515/515/515 516/516/516
v 128.467 -0.013503 0.003276
v 128.215 -0.013503 0.227993
v 128.217 -0.007757 0.229979
vn -0.596385 0.443472 -0.669073
vn -0.596385 0.443472 -0.669073
vn -0.596385 0.443472 -0.669073
vt 9.48702 10.4464
vt 8.81109 9.84385
vt 8.81656 9.83853
f 517/517/517 518/518/518 519/519/519
v 128.471 -0.007757 0.003425
v 128.467 -0.013503 0.003276
v 128.217 -0.007757 0.229979
vn -0.596412 0.443393 -0.669101
vn -0.596412 0.443393 -0.669101
vn -0.596412 0.443393 -0.669101
vt 9.49802 10.446
vt 9.48702 10.4464
vt 8.81656 9.83853
f 520/520/520 521/521/521 522/522/522
v 128.465 -0.019379 0.003229
v 128.214 -0.019379 0.227375
v 128.215 -0.013503 0.227993
vn -0.658117 0.147716 -0.738283
vn -0.658117 0.147716 -0.738283
vn -0.658117 0.147716 -0.738283
vt 9.48361 10.4465
vt 8.80939 9.84551
vt 8.81109 9.84385
f 523/523/523 524/524/524 525/525/525
v 128.467 -0.013503 0.003276
v 128.465 -0.019379 0.003229
v 128.215 -0.013503 0.227993
vn -0.657924 0.149418 -0.738113
vn -0.657924 0.149418 -0.738113
vn -0.657924 0.149418 -0.738113
vt 9.48702 10.4464
vt 9.48361 10.4465
vt 8.81109 9.84385
f 526/526/526 527/527/527 528/528/528
v 128.709 -0.007757 0.012063
v 128.283 -0.007757 0.294704
v 128.285 -0.013503 0.296691
vn 0.497925 0.436348 0.749448
vn 0.497925 0.436348 0.749448
vn 0.497925 0.436348 0.749448
vt 10.1355 10.4228
vt 8.99481 9.66498
vt 9.00029 9.65966
f 529/529/529 530/530/530 531/531/531
v 128.713 -0.013503 0.01224
v 128.709 -0.007757 0.012063
v 128.285 -0.013503 0.296691
vn 0.495997 0.443171 0.746718
vn 0.495997 0.443171 0.746718
vn 0.495997 0.443171 0.746718
vt 10.1485 10.4223
vt 10.1355 10.4228
vt 9.00029 9.65966
f 532/532/532 533/533/533 534/534/534
v 128.701 -0.003102 0.011774
v 128.28 -0.003102 0.291449
v 128.283 -0.007757 0.294704
vn 0.395396 0.699824 0.594902
vn 0.395396 0.699824 0.594902
vn 0.395396 0.699824 0.594902
vt 10.1141 10.4236
vt 8.98585 9.67371
vt 8.99481 9.66498
f 535/535/535 536/536/536 537/537/537
v 128.709 -0.007757 0.012063
v 128.701 -0.003102 0.011774
v 128.283 -0.007757 0.294704
vn 0.391577 0.706611 0.589379
vn 0.391577 0.706611 0.589379
vn 0.391577 0.706611 0.589379
vt 10.1355 10.4228
vt 10.1141 10.4236
vt 8.99481 9.66498
f 538/538/538 539/539/539 540/540/540
v 128.691 -0.000262 0.011416
v 128.276 -0.000262 0.287431
v 128.28 -0.003102 0.291449
vn 0.249195 0.893013 0.374738
vn 0.249195 0.893013 0.374738
vn 0.249195 0.893013 0.374738
vt 10.0877 10.4245
vt 8.97478 9.68448
vt 8.98585 9.67371
f 541/541/541 542/542/542 543/543/543
v 128.701 -0.003102 0.011774
v 128.691 -0.000262 0.011416
v 128.28 -0.003102 0.291449
vn 0.244976 0.896734 0.368584
vn 0.244976 0.896734 0.368584
vn 0.244976 0.896734 0.368584
vt 10.1141 10.4236
vt 10.0877 10.4245
vt 8.98585 9.67371
f 544/544/544 545/545/545 546/546/546
v 128.681 0.000621 0.01105
v 128.271 0.000621 0.283321
v 128.276 -0.000262 0.287431
vn 0.084014 0.988432 0.126269
vn 0.084014 0.988432 0.126269
vn 0.084014 0.988432 0.126269
vt 10.0607 10.4255
vt 8.96347 9.6955
vt 8.97478 9.68448
f 547/547/547 548/548/548 549/549/549
v 128.691 -0.000262 0.011416
v 128.681 0.000621 0.01105
v 128.276 -0.000262 0.287431
vn 0.0822143 0.988916 0.123633
vn 0.0822143 0.988916 0.123633
vn 0.0822143 0.988916 0.123633
vt 10.0877 10.4245
vt 10.0607 10.4255
vt 8.97478 9.68448
f 550/550/550 551/551/551 552/552/552
v 122.92 -0.003102 0.053439
v 122.685 -0.015843 -0.186919
v 122.676 -0.013003 -0.18781
vn 0.315888 0.879489 -0.355969
vn 0.315888 0.879489 -0.355969
vn 0.315888 0.879489 -0.355969
vt -5.38457 10.3119
vt -6.01569 10.9563
vt -6.03959 10.9587
f 553/553/553 554/554/554 555/555/555
v 122.916 -0.000262 0.057169
v 122.92 -0.003102 0.053439
v 122.676 -0.013003 -0.18781
vn 0.294558 0.89499 -0.335006
vn 0.294558 0.89499 -0.335006
vn 0.294558 0.89499 -0.335006
vt -5.39634 10.3019
vt -5.38457 10.3119
vt -6.03959 10.9587
f 556/556/556 557/557/557 558/558/558
v 122.924 -0.007757 0.050419
v 122.692 -0.020498 -0.186197
v 122.685 -0.015843 -0.186919
vn 0.497563 0.690924 -0.524456
vn 0.497563 0.690924 -0.524456
vn 0.497563 0.690924 -0.524456
vt -5.37504 10.32
vt -5.99632 10.9544
vt -6.01569 10.9563
f 559/559/559 560/560/560 561/561/561
v 122.92 -0.003102 0.053439
v 122.924 -0.007757 0.050419
v 122.685 -0.015843 -0.186919
vn 0.487097 0.705765 -0.514424
vn 0.487097 0.705765 -0.514424
vn 0.487097 0.705765 -0.514424
vt -5.38457 10.3119
vt -5.37504 10.32
vt -6.01569 10.9563
f 562/562/562 563/563/563 564/564/564
v 122.926 -0.013503 0.048575
v 122.696 -0.026244 -0.185756
v 122.692 -0.020498 -0.186197
vn 0.631305 0.435233 -0.641892
vn 0.631305 0.435233 -0.641892
vn 0.631305 0.435233 -0.641892
vt -5.36922 10.3249
vt -5.9845 10.9532
vt -5.99632 10.9544
f 565/565/565 566/566/566 567/567/567
v 122.924 -0.007757 0.050419
v 122.926 -0.013503 0.048575
v 122.692 -0.020498 -0.186197
vn 0.628497 0.443005 -0.639326
vn 0.628497 0.443005 -0.639326
vn 0.628497 0.443005 -0.639326
vt -5.37504 10.32
vt -5.36922 10.3249
vt -5.99632 10.9544
f 568/568/568 569/569/569 570/570/570
v 122.927 -0.019379 0.048002
v 122.698 -0.03212 -0.185619
v 122.696 -0.026244 -0.185756
vn 0.702675 0.14708 -0.696144
vn 0.702675 0.14708 -0.696144
vn 0.702675 0.14708 -0.696144
vt -5.36741 10.3264
vt -5.98083 10.9528
vt -5.9845 10.9532
f 571/571/571 572/572/572 573/573/573
v 122.926 -0.013503 0.048575
v 122.927 -0.019379 0.048002
v 122.696 -0.026244 -0.185756
vn 0.702545 0.148147 -0.696048
vn 0.702545 0.148147 -0.696048
vn 0.702545 0.148147 -0.696048
vt -5.36922 10.3249
vt -5.36741 10.3264
vt -5.9845 10.9532
f 574/574/574 575/575/575 576/576/576
v 122.853 -0.007757 0.110448
v 122.449 -0.020498 -0.21054
v 122.443 -0.026244 -0.211063
vn -0.563657 0.450385 0.692419
vn -0.563657 0.450385 0.692419
vn -0.563657 0.450385 0.692419
vt -5.56451 10.159
vt -6.64907 11.0197
vt -6.66309 11.0211
f 577/577/577 578/578/578 579/579/579
v 122.851 -0.013503 0.112323
v 122.853 -0.007757 0.110448
v 122.443 -0.026244 -0.211063
vn -0.565499 0.443832 0.695143
vn -0.565499 0.443832 0.695143
vn -0.565499 0.443832 0.695143
vt -5.57043 10.154
vt -5.56451 10.159
vt -6.66309 11.0211
f 580/580/580 581/581/581 582/582/582
v 122.857 -0.003102 0.107376
v 122.457 -0.015843 -0.209684
v 122.449 -0.020498 -0.21054
vn -0.444996 0.720518 0.53182
vn -0.444996 0.720518 0.53182
vn -0.444996 0.720518 0.53182
vt -5.55482 10.1673
vt -6.6261 11.0174
vt -6.64907 11.0197
f 583/583/583 584/584/584 585/585/585
v 122.853 -0.007757 0.110448
v 122.857 -0.003102 0.107376
v 122.449 -0.020498 -0.21054
vn -0.452127 0.70868 0.541622
vn -0.452127 0.70868 0.541622
vn -0.452127 0.70868 0.541622
vt -5.56451 10.159
vt -5.55482 10.1673
vt -6.64907 11.0197
f 586/586/586 587/587/587 588/588/588
v 122.861 -0.000262 0.103584
v 122.468 -0.013003 -0.208626
v 122.457 -0.015843 -0.209684
vn -0.275226 0.910135 0.309685
vn -0.275226 0.910135 0.309685
vn -0.275226 0.910135 0.309685
vt -5.54284 10.1774
vt -6.59774 11.0145
vt -6.6261 11.0174
f 589/589/589 590/590/590 591/591/591
v 122.857 -0.003102 0.107376
v 122.861 -0.000262 0.103584
v 122.457 -0.015843 -0.209684
vn -0.290753 0.897973 0.330315
vn -0.290753 0.897973 0.330315
vn -0.290753 0.897973 0.330315
vt -5.55482 10.1673
vt -5.54284 10.1774
vt -6.6261 11.0174
f 592/592/592 593/593/593 594/594/594
v 122.866 0.000621 0.099705
v 122.479 -0.01212 -0.207545
v 122.468 -0.013003 -0.208626
vn -0.0881459 0.993654 0.0698754
vn -0.0881459 0.993654 0.0698754
vn -0.0881459 0.993654 0.0698754
vt -5.5306 10.1878
vt -6.56874 11.0116
vt -6.59774 11.0145
f 595/595/595 596/596/596 597/597/597
v 122.861 -0.000262 0.103584
v 122.866 0.000621 0.099705
v 122.468 -0.013003 -0.208626
vn -0.108919 0.989318 0.0968821
vn -0.108919 0.989318 0.0968821
vn -0.108919 0.989318 0.0968821
vt -5.54284 10.1774
vt -5.5306 10.1878
vt -6.59774 11.0145
f 598/598/598 599/599/599 600/600/600
v 123.55 -0.013503 3.63953
v 123.56 -0.013503 3.33882
v 123.557 -0.007757 3.33872
vn 0.895975 0.443064 0.0303928
vn 0.895975 0.443064 0.0303928
vn 0.895975 0.443064 0.0303928
vt -3.69718 0.696734
vt -3.66983 1.50301
vt -3.67744 1.50326
f 601/601/601 602/602/602 603/603/603
v 123.547 -0.007757 3.64227
v 123.55 -0.013503 3.63953
v 123.557 -0.007757 3.33872
vn 0.8958 0.443417 0.0303953
vn 0.8958 0.443417 0.0303953
vn 0.8958 0.443417 0.0303953
vt -3.70505 0.68938
vt -3.69718 0.696734
vt -3.67744 1.50326
f 604/604/604 605/605/605 606/606/606
v 123.561 -0.019379 3.33885
v 123.55 -0.019379 3.63867
v 123.55 -0.039379 3.63867
vn 0.999425 -0 0.0338999
vn 0.999425 -0 0.0338999
vn 0.999425 -0 0.0338999
vt 11.579 0.022886
vt 10.7751 0.022886
vt 10.7751 -0.030737
f 607/607/607 608/608/608 609/609/609
v 123.561 -0.039379 3.33885
v 123.561 -0.019379 3.33885
v 123.55 -0.039379 3.63867
vn 0.999425 0 0.0338999
vn 0.999425 0 0.0338999
vn 0.999425 0 0.0338999
vt 11.579 -0.030737
vt 11.579 0.022886
vt 10.7751 -0.030737
f 610/610/610 611/611/611 612/612/612
v 123.51 -0.003102 2.13635
v 123.516 -0.003102 1.73566
v 123.511 -0.007757 1.73591
vn -0.706859 0.707276 -0.0105249
vn -0.706859 0.707276 -0.0105249
vn -0.706859 0.707276 -0.0105249
vt -3.80388 4.7271
vt -3.7879 5.80145
vt -3.80039 5.80076
f 613/613/613 614/614/614 615/615/615
v 123.505 -0.007757 2.13624
v 123.51 -0.003102 2.13635
v 123.511 -0.007757 1.73591
vn -0.707021 0.707114 -0.0105236
vn -0.707021 0.707114 -0.0105236
vn -0.707021 0.707114 -0.0105236
vt -3.81636 4.7274
vt -3.80388 4.7271
vt -3.80039 5.80076
f 616/616/616 617/617/617 618/618/618
v 123.53 0.000621 3.65798
v 123.541 0.000621 3.33817
v 123.481 0.000621 3.33613
vn 0 1 -0
vn 0 1 -0
vn 0 1 -0
vt -3.75014 0.647242
vt -3.72106 1.50474
vt -3.88183 1.5102
f 619/619/619 620/620/620 621/621/621
v 123.468 0.000621 3.71592
v 123.53 0.000621 3.65798
v 123.481 0.000621 3.33613
vn 0 1 -0
vn 0 1 -0
vn 0 1 -0
vt -3.91638 0.491915
vt -3.75014 0.647242
vt -3.88183 1.5102
f 622/622/622 623/623/623 624/624/624
v 127.458 -0.019379 3.47108
v 127.445 -0.019379 3.87085
v 127.445 -0.039379 3.87085
vn 0.999425 -0 0.0338936
vn 0.999425 -0 0.0338936
vn 0.999425 -0 0.0338936
vt 11.2244 0.022886
vt 10.1526 0.022886
vt 10.1526 -0.030737
f 625/625/625 626/626/626 627/627/627
v 127.458 -0.039379 3.47108
v 127.458 -0.019379 3.47108
v 127.445 -0.039379 3.87085
vn 0.999425 0 0.0338936
vn 0.999425 0 0.0338936
vn 0.999425 0 0.0338936
vt 11.2244 -0.030737
vt 11.2244 0.022886
vt 10.1526 -0.030737
f 628/628/628 629/629/629 630/630/630
v 123.55 -0.019379 3.63867
v 123.561 -0.019379 3.33885
v 123.56 -0.013503 3.33882
vn 0.988455 0.147757 0.0335278
vn 0.988455 0.147757 0.0335278
vn 0.988455 0.147757 0.0335278
vt -3.69473 0.699018
vt -3.66746 1.50293
vt -3.66983 1.50301
f 631/631/631 632/632/632 633/633/633
v 123.55 -0.013503 3.63953
v 123.55 -0.019379 3.63867
v 123.56 -0.013503 3.33882
vn 0.98844 0.147861 0.0335294
vn 0.98844 0.147861 0.0335294
vn 0.98844 0.147861 0.0335294
vt -3.69718 0.696734
vt -3.69473 0.699018
vt -3.66983 1.50301
f 634/634/634 635/635/635 636/636/636
v 123.451 -0.007757 3.73163
v 123.464 -0.007757 3.33558
v 123.462 -0.013503 3.33549
vn -0.895977 0.44306 -0.0303946
vn -0.895977 0.44306 -0.0303946
vn -0.895977 0.44306 -0.0303946
vt -3.96148 0.44978
vt -3.92545 1.51168
vt -3.93306 1.51194
f 637/637/637 638/638/638 639/639/639
v 123.448 -0.013503 3.73438
v 123.451 -0.007757 3.73163
v 123.462 -0.013503 3.33549
vn -0.896269 0.442468 -0.0303939
vn -0.896269 0.442468 -0.0303939
vn -0.896269 0.442468 -0.0303939
vt -3.96935 0.442426
vt -3.96148 0.44978
vt -3.93306 1.51194
f 640/640/640 641/641/641 642/642/642
v 127.394 -0.003102 2.66843
v 127.38 -0.003102 3.0682
v 127.386 -0.000262 3.0684
vn -0.443169 0.896312 -0.0150292
vn -0.443169 0.896312 -0.0150292
vn -0.443169 0.896312 -0.0150292
vt 6.61055 3.30047
vt 6.57418 2.22859
vt 6.58958 2.22807
f 643/643/643 644/644/644 645/645/645
v 127.4 -0.000262 2.66863
v 127.394 -0.003102 2.66843
v 127.386 -0.000262 3.0684
vn -0.442696 0.896546 -0.0150216
vn -0.442696 0.896546 -0.0150216
vn -0.442696 0.896546 -0.0150216
vt 6.62594 3.29995
vt 6.61055 3.30047
vt 6.58958 2.22807
f 646/646/646 647/647/647 648/648/648
v 123.456 -0.003102 3.72714
v 123.469 -0.003102 3.33574
v 123.464 -0.007757 3.33558
vn -0.706578 0.707229 -0.0239652
vn -0.706578 0.707229 -0.0239652
vn -0.706578 0.707229 -0.0239652
vt -3.94858 0.461828
vt -3.91298 1.51125
vt -3.92545 1.51168
f 649/649/649 650/650/650 651/651/651
v 123.451 -0.007757 3.73163
v 123.456 -0.003102 3.72714
v 123.464 -0.007757 3.33558
vn -0.706395 0.707412 -0.0239634
vn -0.706395 0.707412 -0.0239634
vn -0.706395 0.707412 -0.0239634
vt -3.96148 0.44978
vt -3.94858 0.461828
vt -3.92545 1.51168
f 652/652/652 653/653/653 654/654/654
v 123.573 -0.013503 2.93905
v 123.587 -0.013503 2.53928
v 123.584 -0.007757 2.53918
vn 0.895974 0.443064 0.0304024
vn 0.895974 0.443064 0.0304024
vn 0.895974 0.443064 0.0304024
vt -3.63346 2.57488
vt -3.5971 3.64676
vt -3.60471 3.64702
f 655/655/655 656/656/656 657/657/657
v 123.57 -0.007757 2.93895
v 123.573 -0.013503 2.93905
v 123.584 -0.007757 2.53918
vn 0.895974 0.443064 0.0304024
vn 0.895974 0.443064 0.0304024
vn 0.895974 0.443064 0.0304024
vt -3.64108 2.57514
vt -3.63346 2.57488
vt -3.60471 3.64702
f 658/658/658 659/659/659 660/660/660
v 123.462 -0.000262 3.72159
v 123.475 -0.000262 3.33594
v 123.469 -0.003102 3.33574
vn -0.442696 0.896546 -0.0150197
vn -0.442696 0.896546 -0.0150197
vn -0.442696 0.896546 -0.0150197
vt -3.93266 0.476702
vt -3.89758 1.51073
vt -3.91298 1.51125
f 661/661/661 662/662/662 663/663/663
v 123.456 -0.003102 3.72714
v 123.462 -0.000262 3.72159
v 123.469 -0.003102 3.33574
vn -0.442947 0.896422 -0.0150236
vn -0.442947 0.896422 -0.0150236
vn -0.442947 0.896422 -0.0150236
vt -3.94858 0.461828
vt -3.93266 0.476702
vt -3.91298 1.51125
f 664/664/664 665/665/665 666/666/666
v 127.441 0.000621 1.86245
v 127.419 0.000621 2.26829
v 127.479 0.000621 2.2709
vn 0 1 0
vn 0 1 0
vn 0 1 0
vt 6.73579 5.46148
vt 6.67812 4.37333
vt 6.83885 4.36634
f 667/667/667 668/668/668 669/669/669
v 127.5 0.000621 1.8698
v 127.441 0.000621 1.86245
v 127.479 0.000621 2.2709
vn -0 1 0
vn -0 1 0
vn -0 1 0
vt 6.89584 5.44177
vt 6.73579 5.46148
vt 6.83885 4.36634
f 670/670/670 671/671/671 672/672/672
v 122.911 0.000621 0.060983
v 122.667 -0.01212 -0.188722
v 122.479 -0.01212 -0.207545
vn 0.00564688 0.998388 -0.0564718
vn 0.00564688 0.998388 -0.0564718
vn 0.00564688 0.998388 -0.0564718
vt -5.40838 10.2916
vt -6.06403 10.9612
vt -6.56874 11.0116
f 673/673/673 674/674/674 675/675/675
v 122.866 0.000621 0.099705
v 122.911 0.000621 0.060983
v 122.479 -0.01212 -0.207545
vn -0.0170084 0.999655 -0.0200198
vn -0.0170084 0.999655 -0.0200198
vn -0.0170084 0.999655 -0.0200198
vt -5.5306 10.1878
vt -5.40838 10.2916
vt -6.56874 11.0116
f 676/676/676 677/677/677 678/678/678
v 127.389 -0.007757 2.66827
v 127.376 -0.007757 3.06804
v 127.38 -0.003102 3.0682
vn -0.706578 0.707229 -0.0239757
vn -0.706578 0.707229 -0.0239757
vn -0.706578 0.707229 -0.0239757
vt 6.59807 3.30089
vt 6.56171 2.22901
vt 6.57418 2.22859
f 679/679/679 680/680/680 681/681/681
v 127.394 -0.003102 2.66843
v 127.389 -0.007757 2.66827
v 127.38 -0.003102 3.0682
vn -0.707157 0.70665 -0.0239819
vn -0.707157 0.70665 -0.0239819
vn -0.707157 0.70665 -0.0239819
vt 6.61055 3.30047
vt 6.59807 3.30089
vt 6.57418 2.22859
f 682/682/682 683/683/683 684/684/684
v 123.468 0.000621 3.71592
v 123.481 0.000621 3.33613
v 123.475 -0.000262 3.33594
vn -0.148469 0.988904 -0.00503757
vn -0.148469 0.988904 -0.00503757
vn -0.148469 0.988904 -0.00503757
vt -3.91638 0.491915
vt -3.88183 1.5102
vt -3.89758 1.51073
f 685/685/685 686/686/686 687/687/687
v 123.462 -0.000262 3.72159
v 123.468 0.000621 3.71592
v 123.475 -0.000262 3.33594
vn -0.14849 0.988901 -0.00503795
vn -0.14849 0.988901 -0.00503795
vn -0.14849 0.988901 -0.00503795
vt -3.93266 0.476702
vt -3.91638 0.491915
vt -3.89758 1.51073
f 688/688/688 689/689/689 690/690/690
v 127.386 -0.013503 2.66818
v 127.373 -0.013503 3.06795
v 127.376 -0.007757 3.06804
vn -0.895977 0.44306 -0.0303853
vn -0.895977 0.44306 -0.0303853
vn -0.895977 0.44306 -0.0303853
vt 6.59046 3.30115
vt 6.5541 2.22927
vt 6.56171 2.22901
f 691/691/691 692/692/692 693/693/693
v 127.389 -0.007757 2.66827
v 127.386 -0.013503 2.66818
v 127.376 -0.007757 3.06804
vn -0.895504 0.444015 -0.0303864
vn -0.895504 0.444015 -0.0303864
vn -0.895504 0.444015 -0.0303864
vt 6.59807 3.30089
vt 6.59046 3.30115
vt 6.56171 2.22901
f 694/694/694 695/695/695 696/696/696
v 127.421 -0.019379 1.86
v 127.399 -0.019379 2.26743
v 127.4 -0.013503 2.26746
vn -0.987629 0.147815 -0.0523392
vn -0.987629 0.147815 -0.0523392
vn -0.987629 0.147815 -0.0523392
vt 6.68244 5.46805
vt 6.62454 4.37566
vt 6.62691 4.37556
f 697/697/697 698/698/698 699/699/699
v 127.422 -0.013503 1.86011
v 127.421 -0.019379 1.86
v 127.4 -0.013503 2.26746
vn -0.987539 0.148417 -0.0523433
vn -0.987539 0.148417 -0.0523433
vn -0.987539 0.148417 -0.0523433
vt 6.68479 5.46776
vt 6.68244 5.46805
vt 6.62691 4.37556
f 700/700/700 701/701/701 702/702/702
v 123.515 -0.000262 2.13649
v 123.521 -0.000262 1.73535
v 123.516 -0.003102 1.73566
vn -0.443436 0.896282 -0.00659514
vn -0.443436 0.896282 -0.00659514
vn -0.443436 0.896282 -0.00659514
vt -3.78848 4.72672
vt -3.77248 5.80229
vt -3.7879 5.80145
f 703/703/703 704/704/704 705/705/705
v 123.51 -0.003102 2.13635
v 123.515 -0.000262 2.13649
v 123.516 -0.003102 1.73566
vn -0.443016 0.896489 -0.00659638
vn -0.443016 0.896489 -0.00659638
vn -0.443016 0.896489 -0.00659638
vt -3.80388 4.7271
vt -3.78848 4.72672
vt -3.7879 5.80145
f 706/706/706 707/707/707 708/708/708
v 123.478 -0.007757 2.93581
v 123.492 -0.007757 2.53604
v 123.489 -0.013503 2.53595
vn -0.895504 0.444014 -0.0303864
vn -0.895504 0.444014 -0.0303864
vn -0.895504 0.444014 -0.0303864
vt -3.88909 2.58355
vt -3.85273 3.65543
vt -3.86034 3.65569
f 709/709/709 710/710/710 711/711/711
v 123.475 -0.013503 2.93572
v 123.478 -0.007757 2.93581
v 123.489 -0.013503 2.53595
vn -0.895977 0.443059 -0.0303854
vn -0.895977 0.443059 -0.0303854
vn -0.895977 0.443059 -0.0303854
vt -3.8967 2.58381
vt -3.88909 2.58355
vt -3.86034 3.65569
f 712/712/712 713/713/713 714/714/714
v 127.517 -0.007757 1.8718
v 127.495 -0.007757 2.27161
v 127.498 -0.013503 2.27173
vn 0.895176 0.44318 0.0474549
vn 0.895176 0.44318 0.0474549
vn 0.895176 0.44318 0.0474549
vt 6.93927 5.43642
vt 6.88245 4.36445
vt 6.89006 4.36412
f 715/715/715 716/716/716 717/717/717
v 127.519 -0.013503 1.87215
v 127.517 -0.007757 1.8718
v 127.498 -0.013503 2.27173
vn 0.895385 0.442756 0.0474585
vn 0.895385 0.442756 0.0474585
vn 0.895385 0.442756 0.0474585
vt 6.94684 5.43549
vt 6.93927 5.43642
vt 6.89006 4.36412
f 718/718/718 719/719/719 720/720/720
v 123.483 -0.003102 2.93597
v 123.496 -0.003102 2.5362
v 123.492 -0.007757 2.53604
vn -0.707157 0.70665 -0.0239819
vn -0.707157 0.70665 -0.0239819
vn -0.707157 0.70665 -0.0239819
vt -3.87662 2.58313
vt -3.84025 3.65501
vt -3.85273 3.65543
f 721/721/721 722/722/722 723/723/723
v 123.478 -0.007757 2.93581
v 123.483 -0.003102 2.93597
v 123.492 -0.007757 2.53604
vn -0.706578 0.707229 -0.0239757
vn -0.706578 0.707229 -0.0239757
vn -0.706578 0.707229 -0.0239757
vt -3.88909 2.58355
vt -3.87662 2.58313
vt -3.85273 3.65543
f 724/724/724 725/725/725 726/726/726
v 127.378 0.000621 3.46836
v 127.368 0.000621 3.78818
v 127.425 0.000621 3.85018
vn 0 1 0
vn 0 1 0
vn 0 1 0
vt 6.56896 1.15566
vt 6.53987 0.298159
vt 6.6952 0.131922
f 727/727/727 728/728/728 729/729/729
v 127.438 0.000621 3.4704
v 127.378 0.000621 3.46836
v 127.425 0.000621 3.85018
vn -0 1 0
vn -0 1 0
vn -0 1 0
vt 6.72974 1.15021
vt 6.56896 1.15566
vt 6.6952 0.131922
f 730/730/730 731/731/731 732/732/732
v 127.348 -0.019379 3.76751
v 127.358 -0.019379 3.46769
v 127.358 -0.039379 3.46769
vn -0.999424 0 -0.0339254
vn -0.999424 0 -0.0339254
vn -0.999424 0 -0.0339254
vt -6.9445 0.022886
vt -7.74841 0.022886
vt -7.74841 -0.030737
f 733/733/733 734/734/734 735/735/735
v 127.348 -0.039379 3.76751
v 127.348 -0.019379 3.76751
v 127.358 -0.039379 3.46769
vn -0.999424 -0 -0.0339254
vn -0.999424 -0 -0.0339254
vn -0.999424 -0 -0.0339254
vt -6.9445 -0.030737
vt -6.9445 0.022886
vt -7.74841 -0.030737
f 736/736/736 737/737/737 738/738/738
v 127.512 -0.003102 1.87123
v 127.491 -0.003102 2.2714
v 127.495 -0.007757 2.27161
vn 0.706463 0.706759 0.0374433
vn 0.706463 0.706759 0.0374433
vn 0.706463 0.706759 0.0374433
vt 6.92685 5.43795
vt 6.86998 4.36499
vt 6.88245 4.36445
f 739/739/739 740/740/740 741/741/741
v 127.517 -0.007757 1.8718
v 127.512 -0.003102 1.87123
v 127.495 -0.007757 2.27161
vn 0.706137 0.707085 0.0374336
vn 0.706137 0.707085 0.0374336
vn 0.706137 0.707085 0.0374336
vt 6.93927 5.43642
vt 6.92685 5.43795
vt 6.88245 4.36445
f 742/742/742 743/743/743 744/744/744
v 123.574 -0.019379 2.93908
v 123.561 -0.019379 3.33885
v 123.561 -0.039379 3.33885
vn 0.999425 -0 0.0339127
vn 0.999425 -0 0.0339127
vn 0.999425 -0 0.0339127
vt 12.6509 0.022886
vt 11.579 0.022886
vt 11.579 -0.030737
f 745/745/745 746/746/746 747/747/747
v 123.574 -0.039379 2.93908
v 123.574 -0.019379 2.93908
v 123.561 -0.039379 3.33885
vn 0.999425 0 0.0339127
vn 0.999425 0 0.0339127
vn 0.999425 0 0.0339127
vt 12.6509 -0.030737
vt 12.6509 0.022886
vt 11.579 -0.030737
f 748/748/748 749/749/749 750/750/750
v 128.228 0.000621 0.241362
v 127.892 0.000621 0.640171
v 127.941 0.000621 0.674837
vn 0 1 0
vn 0 1 0
vn 0 1 0
vt 8.84791 9.80801
vt 7.94494 8.73871
vt 8.07701 8.64576
f 751/751/751 752/752/752 753/753/753
v 128.271 0.000621 0.283321
v 128.228 0.000621 0.241362
v 127.941 0.000621 0.674837
vn -0 1 0
vn -0 1 0
vn -0 1 0
vt 8.96347 9.6955
vt 8.84791 9.80801
vt 8.07701 8.64576
f 754/754/754 755/755/755 756/756/756
v 127.358 -0.019379 3.46769
v 127.372 -0.019379 3.06792
v 127.372 -0.039379 3.06792
vn -0.999425 0 -0.0338936
vn -0.999425 0 -0.0338936
vn -0.999425 0 -0.0338936
vt -7.74841 0.022886
vt -8.82029 0.022886
vt -8.82029 -0.030737
f 757/757/757 758/758/758 759/759/759
v 127.358 -0.039379 3.46769
v 127.358 -0.019379 3.46769
v 127.372 -0.039379 3.06792
vn -0.999425 -0 -0.0338936
vn -0.999425 -0 -0.0338936
vn -0.999425 -0 -0.0338936
vt -7.74841 -0.030737
vt -7.74841 0.022886
vt -8.82029 -0.030737
f 760/760/760 761/761/761 762/762/762
v 123.541 0.000621 3.33817
v 123.554 0.000621 2.9384
v 123.494 0.000621 2.93636
vn 0 1 -0
vn 0 1 -0
vn 0 1 -0
vt -3.72106 1.50474
vt -3.68469 2.57662
vt -3.84547 2.58208
f 763/763/763 764/764/764 765/765/765
v 123.481 0.000621 3.33613
v 123.541 0.000621 3.33817
v 123.494 0.000621 2.93636
vn 0 1 -0
vn 0 1 -0
vn 0 1 -0
vt -3.88183 1.5102
vt -3.72106 1.50474
vt -3.84547 2.58208
f 766/766/766 767/767/767 768/768/768
v 123.588 -0.019379 2.53931
v 123.574 -0.019379 2.93908
v 123.574 -0.039379 2.93908
vn 0.999425 -0 0.0339127
vn 0.999425 -0 0.0339127
vn 0.999425 -0 0.0339127
vt 13.7227 0.022886
vt 12.6509 0.022886
vt 12.6509 -0.030737
f 769/769/769 770/770/770 771/771/771
v 123.588 -0.039379 2.53931
v 123.588 -0.019379 2.53931
v 123.574 -0.039379 2.93908
vn 0.999425 0 0.0339127
vn 0.999425 0 0.0339127
vn 0.999425 0 0.0339127
vt 13.7227 -0.030737
vt 13.7227 0.022886
vt 12.6509 -0.030737
f 772/772/772 773/773/773 774/774/774
v 127.392 0.000621 3.06859
v 127.378 0.000621 3.46836
v 127.438 0.000621 3.4704
vn 0 1 0
vn 0 1 0
vn 0 1 0
vt 6.60533 2.22754
vt 6.56896 1.15566
vt 6.72974 1.15021
f 775/775/775 776/776/776 777/777/777
v 127.452 0.000621 3.07063
v 127.392 0.000621 3.06859
v 127.438 0.000621 3.4704
vn -0 1 0
vn -0 1 0
vn -0 1 0
vt 6.76611 2.22208
vt 6.60533 2.22754
vt 6.72974 1.15021
f 778/778/778 779/779/779 780/780/780
v 123.607 -0.019379 1.73064
v 123.601 -0.019379 2.13859
v 123.601 -0.039379 2.13859
vn 0.999889 -0 0.014885
vn 0.999889 -0 0.014885
vn 0.999889 -0 0.014885
vt 15.891 0.022886
vt 14.7972 0.022886
vt 14.7972 -0.030737
f 781/781/781 782/782/782 783/783/783
v 123.607 -0.039379 1.73064
v 123.607 -0.019379 1.73064
v 123.601 -0.039379 2.13859
vn 0.999889 0 0.014885
vn 0.999889 0 0.014885
vn 0.999889 0 0.014885
vt 15.891 -0.030737
vt 15.891 0.022886
vt 14.7972 -0.030737
f 784/784/784 785/785/785 786/786/786
v 123.554 0.000621 2.9384
v 123.568 0.000621 2.53863
v 123.508 0.000621 2.5366
vn 0 1 -0
vn 0 1 -0
vn 0 1 -0
vt -3.68469 2.57662
vt -3.64833 3.6485
vt -3.80911 3.65395
f 787/787/787 788/788/788 789/789/789
v 123.494 0.000621 2.93636
v 123.554 0.000621 2.9384
v 123.508 0.000621 2.5366
vn 0 1 -0
vn 0 1 -0
vn 0 1 -0
vt -3.84547 2.58208
vt -3.68469 2.57662
vt -3.80911 3.65395
f 790/790/790 791/791/791 792/792/792
v 127.372 -0.019379 3.06792
v 127.386 -0.019379 2.66815
v 127.386 -0.039379 2.66815
vn -0.999425 0 -0.0339127
vn -0.999425 0 -0.0339127
vn -0.999425 0 -0.0339127
vt -8.82029 0.022886
vt -9.89217 0.022886
vt -9.89217 -0.030737
f 793/793/793 794/794/794 795/795/795
v 127.372 -0.039379 3.06792
v 127.372 -0.019379 3.06792
v 127.386 -0.039379 2.66815
vn -0.999425 -0 -0.0339127
vn -0.999425 -0 -0.0339127
vn -0.999425 -0 -0.0339127
vt -8.82029 -0.030737
vt -8.82029 0.022886
vt -9.89217 -0.030737
f 796/796/796 797/797/797 798/798/798
v 127.406 0.000621 2.66882
v 127.392 0.000621 3.06859
v 127.452 0.000621 3.07063
vn 0 1 0
vn 0 1 0
vn 0 1 0
vt 6.64169 3.29941
vt 6.60533 2.22754
vt 6.76611 2.22208
f 799/799/799 800/800/800 801/801/801
v 127.465 0.000621 2.67086
v 127.406 0.000621 2.66882
v 127.452 0.000621 3.07063
vn -0 1 0
vn -0 1 0
vn -0 1 0
vt 6.80247 3.29396
vt 6.64169 3.29941
vt 6.76611 2.22208
f 802/802/802 803/803/803 804/804/804
v 128.715 -0.019379 0.012295
v 128.286 -0.019379 0.297308
v 128.286 -0.039379 0.297308
vn 0.553263 -0 0.833007
vn 0.553263 -0 0.833007
vn 0.553263 -0 0.833007
vt 10.1526 0.022886
vt 9.00198 0.022886
vt 9.00198 -0.030737
f 805/805/805 806/806/806 807/807/807
v 128.715 -0.039379 0.012295
v 128.715 -0.019379 0.012295
v 128.286 -0.039379 0.297308
vn 0.553263 0 0.833007
vn 0.553263 0 0.833007
vn 0.553263 0 0.833007
vt 10.1526 -0.030737
vt 10.1526 0.022886
vt 9.00198 -0.030737
f 808/808/808 809/809/809 810/810/810
v 123.568 0.000621 2.53863
v 123.581 0.000621 2.1381
v 123.521 0.000621 2.13664
vn 0 1 -0
vn 0 1 -0
vn 0 1 -0
vt -3.64833 3.6485
vt -3.6119 4.72241
vt -3.77273 4.72634
f 811/811/811 812/812/812 813/813/813
v 123.508 0.000621 2.5366
v 123.568 0.000621 2.53863
v 123.521 0.000621 2.13664
vn 0 1 -0
vn 0 1 -0
vn 0 1 -0
vt -3.80911 3.65395
vt -3.64833 3.6485
vt -3.77273 4.72634
f 814/814/814 815/815/815 816/816/816
v 127.386 -0.019379 2.66815
v 127.399 -0.019379 2.26743
v 127.399 -0.039379 2.26743
vn -0.999425 0 -0.0339082
vn -0.999425 0 -0.0339082
vn -0.999425 0 -0.0339082
vt -9.89217 0.022886
vt -10.9666 0.022886
vt -10.9666 -0.030737
f 817/817/817 818/818/818 819/819/819
v 127.386 -0.039379 2.66815
v 127.386 -0.019379 2.66815
v 127.399 -0.039379 2.26743
vn -0.999425 -0 -0.0339082
vn -0.999425 -0 -0.0339082
vn -0.999425 -0 -0.0339082
vt -9.89217 -0.030737
vt -9.89217 0.022886
vt -10.9666 -0.030737
f 820/820/820 821/821/821 822/822/822
v 127.419 0.000621 2.26829
v 127.406 0.000621 2.66882
v 127.465 0.000621 2.67086
vn 0 1 0
vn 0 1 0
vn 0 1 0
vt 6.67812 4.37333
vt 6.64169 3.29941
vt 6.80247 3.29396
f 823/823/823 824/824/824 825/825/825
v 127.479 0.000621 2.2709
v 127.419 0.000621 2.26829
v 127.465 0.000621 2.67086
vn -0 1 0
vn -0 1 0
vn -0 1 0
vt 6.83885 4.36634
vt 6.67812 4.37333
vt 6.80247 3.29396
f 826/826/826 827/827/827 828/828/828
v 123.457 -0.019379 1.33419
v 123.352 -0.019379 0.930389
v 123.352 -0.039379 0.930389
vn -0.967746 0 0.251928
vn -0.967746 0 0.251928
vn -0.967746 0 0.251928
vt -13.4688 0.022886
vt -14.5515 0.022886
vt -14.5515 -0.030737
f 829/829/829 830/830/830 831/831/831
v 123.457 -0.039379 1.33419
v 123.457 -0.019379 1.33419
v 123.352 -0.039379 0.930389
vn -0.967746 0 0.251928
vn -0.967746 0 0.251928
vn -0.967746 0 0.251928
vt -13.4688 -0.030737
vt -13.4688 0.022886
vt -14.5515 -0.030737
f 832/832/832 833/833/833 834/834/834
v 123.581 0.000621 2.1381
v 123.587 0.000621 1.73173
v 123.527 0.000621 1.73502
vn -0 1 -0
vn -0 1 -0
vn -0 1 -0
vt -3.6119 4.72241
vt -3.59569 5.81197
vt -3.75671 5.80315
f 835/835/835 836/836/836 837/837/837
v 123.521 0.000621 2.13664
v 123.581 0.000621 2.1381
v 123.527 0.000621 1.73502
vn 0 1 -0
vn 0 1 -0
vn 0 1 -0
vt -3.77273 4.72634
vt -3.6119 4.72241
vt -3.75671 5.80315
f 838/838/838 839/839/839 840/840/840
v 127.399 -0.019379 2.26743
v 127.421 -0.019379 1.86
v 127.421 -0.039379 1.86
vn -0.998599 0 -0.0529205
vn -0.998599 0 -0.0529205
vn -0.998599 0 -0.0529205
vt -10.9666 0.022886
vt -12.059 0.022886
vt -12.059 -0.030737
f 841/841/841 842/842/842 843/843/843
v 127.399 -0.039379 2.26743
v 127.399 -0.019379 2.26743
v 127.421 -0.039379 1.86
vn -0.998599 -0 -0.0529205
vn -0.998599 -0 -0.0529205
vn -0.998599 -0 -0.0529205
vt -10.9666 -0.030737
vt -10.9666 0.022886
vt -12.059 -0.030737
f 844/844/844 845/845/845 846/846/846
v 127.421 -0.019379 1.86
v 127.501 -0.019379 1.44915
v 127.501 -0.039379 1.44915
vn -0.981606 0 -0.190919
vn -0.981606 0 -0.190919
vn -0.981606 0 -0.190919
vt -12.059 0.022886
vt -13.1606 0.022886
vt -13.1606 -0.030737
f 847/847/847 848/848/848 849/849/849
v 127.421 -0.039379 1.86
v 127.421 -0.019379 1.86
v 127.501 -0.039379 1.44915
vn -0.981606 -0 -0.190919
vn -0.981606 -0 -0.190919
vn -0.981606 -0 -0.190919
vt -12.059 -0.030737
vt -12.059 0.022886
vt -13.1606 -0.030737
f 850/850/850 851/851/851 852/852/852
v 123.601 -0.019379 2.13859
v 123.588 -0.019379 2.53931
v 123.588 -0.039379 2.53931
vn 0.999426 -0 0.0338893
vn 0.999426 -0 0.0338893
vn 0.999426 -0 0.0338893
vt 14.7972 0.022886
vt 13.7227 0.022886
vt 13.7227 -0.030737
f 853/853/853 854/854/854 855/855/855
v 123.601 -0.039379 2.13859
v 123.601 -0.019379 2.13859
v 123.588 -0.039379 2.53931
vn 0.999426 0 0.0338893
vn 0.999426 0 0.0338893
vn 0.999426 0 0.0338893
vt 14.7972 -0.030737
vt 14.7972 0.022886
vt 13.7227 -0.030737
f 856/856/856 857/857/857 858/858/858
v 123.587 0.000621 1.73173
v 123.536 0.000621 1.31909
v 123.477 0.000621 1.33041
vn -0 1 0
vn -0 1 0
vn -0 1 0
vt -3.59569 5.81197
vt -3.7339 6.91838
vt -3.89223 6.88801
f 859/859/859 860/860/860 861/861/861
v 123.527 0.000621 1.73502
v 123.587 0.000621 1.73173
v 123.477 0.000621 1.33041
vn 0 1 -0
vn 0 1 -0
vn 0 1 -0
vt -3.75671 5.80315
vt -3.59569 5.81197
vt -3.89223 6.88801
f 862/862/862 863/863/863 864/864/864
v 127.598 -0.019379 1.47465
v 127.52 -0.019379 1.87225
v 127.52 -0.039379 1.87225
vn 0.981603 -0 0.190934
vn 0.981603 -0 0.190934
vn 0.981603 -0 0.190934
vt 16.5773 0.022886
vt 15.5113 0.022886
vt 15.5113 -0.030737
f 865/865/865 866/866/866 867/867/867
v 127.598 -0.039379 1.47465
v 127.598 -0.019379 1.47465
v 127.52 -0.039379 1.87225
vn 0.981603 0 0.190934
vn 0.981603 0 0.190934
vn 0.981603 0 0.190934
vt 16.5773 -0.030737
vt 16.5773 0.022886
vt 15.5113 -0.030737
f 868/868/868 869/869/869 870/870/870
v 127.52 0.000621 1.45425
v 127.441 0.000621 1.86245
v 127.5 0.000621 1.8698
vn 0 1 0
vn 0 1 0
vn 0 1 0
vt 6.94867 6.55598
vt 6.73579 5.46148
vt 6.89584 5.44177
f 871/871/871 872/872/872 873/873/873
v 127.578 0.000621 1.46955
v 127.52 0.000621 1.45425
v 127.5 0.000621 1.8698
vn -0 1 0
vn -0 1 0
vn -0 1 0
vt 7.10458 6.51495
vt 6.94867 6.55598
vt 6.89584 5.44177
f 874/874/874 875/875/875 876/876/876
v 123.152 -0.019379 0.523362
v 122.85 -0.019379 0.112906
v 122.85 -0.039379 0.112906
vn -0.805996 0 0.591921
vn -0.805996 0 0.591921
vn -0.805996 0 0.591921
vt -4.76404 0.022886
vt -5.57227 0.022886
vt -5.57227 -0.030737
f 877/877/877 878/878/878 879/879/879
v 123.152 -0.039379 0.523362
v 123.152 -0.019379 0.523362
v 122.85 -0.039379 0.112906
vn -0.805996 0 0.591921
vn -0.805996 0 0.591921
vn -0.805996 0 0.591921
vt -4.76404 -0.030737
vt -4.76404 0.022886
vt -5.57227 -0.030737
f 880/880/880 881/881/881 882/882/882
v 123.536 0.000621 1.31909
v 123.427 0.000621 0.90236
v 123.371 0.000621 0.923382
vn -0 1 0
vn -0 1 0
vn -0 1 0
vt -3.7339 6.91838
vt -4.02477 8.03572
vt -4.17633 7.97935
f 883/883/883 884/884/884 885/885/885
v 123.477 0.000621 1.33041
v 123.536 0.000621 1.31909
v 123.371 0.000621 0.923382
vn 0 1 -0
vn 0 1 -0
vn 0 1 -0
vt -3.89223 6.88801
vt -3.7339 6.91838
vt -4.17633 7.97935
f 886/886/886 887/887/887 888/888/888
v 127.73 -0.019379 1.0789
v 127.598 -0.019379 1.47465
v 127.598 -0.039379 1.47465
vn 0.948449 -0 0.31693
vn 0.948449 -0 0.31693
vn 0.948449 -0 0.31693
vt 17.6384 0.022886
vt 16.5773 0.022886
vt 16.5773 -0.030737
f 889/889/889 890/890/890 891/891/891
v 127.73 -0.039379 1.0789
v 127.73 -0.019379 1.0789
v 127.598 -0.039379 1.47465
vn 0.948449 0 0.31693
vn 0.948449 0 0.31693
vn 0.948449 0 0.31693
vt 17.6384 -0.030737
vt 17.6384 0.022886
vt 16.5773 -0.030737
f 892/892/892 893/893/893 894/894/894
v 127.656 0.000621 1.04583
v 127.52 0.000621 1.45425
v 127.578 0.000621 1.46955
vn 0 1 0
vn 0 1 0
vn 0 1 0
vt 7.31459 7.65103
vt 6.94867 6.55598
vt 7.10458 6.51495
f 895/895/895 896/896/896 897/897/897
v 127.711 0.000621 1.07064
v 127.656 0.000621 1.04583
v 127.578 0.000621 1.46955
vn -0 1 0
vn -0 1 0
vn -0 1 0
vt 7.46199 7.58453
vt 7.31459 7.65103
vt 7.10458 6.51495
f 898/898/898 899/899/899 900/900/900
v 127.506 -0.000262 1.87053
v 127.485 -0.000262 2.27115
v 127.491 -0.003102 2.2714
vn 0.442214 0.896603 0.0234366
vn 0.442214 0.896603 0.0234366
vn 0.442214 0.896603 0.0234366
vt 6.91152 5.43984
vt 6.85459 4.36566
vt 6.86998 4.36499
f 901/901/901 902/902/902 903/903/903
v 127.512 -0.003102 1.87123
v 127.506 -0.000262 1.87053
v 127.491 -0.003102 2.2714
vn 0.442142 0.896639 0.023434
vn 0.442142 0.896639 0.023434
vn 0.442142 0.896639 0.023434
vt 6.92685 5.43795
vt 6.91152 5.43984
vt 6.86998 4.36499
f 904/904/904 905/905/905 906/906/906
v 123.427 0.000621 0.90236
v 123.22 0.000621 0.481698
v 123.169 0.000621 0.512946
vn -0 1 0
vn -0 1 0
vn -0 1 0
vt -4.02477 8.03572
vt -4.57995 9.16361
vt -4.71802 9.07983
f 907/907/907 908/908/908 909/909/909
v 123.371 0.000621 0.923382
v 123.427 0.000621 0.90236
v 123.169 0.000621 0.512946
vn 0 1 -0
vn 0 1 -0
vn 0 1 -0
vt -4.17633 7.97935
vt -4.02477 8.03572
vt -4.71802 9.07983
f 910/910/910 911/911/911 912/912/912
v 127.957 -0.019379 0.686392
v 127.73 -0.019379 1.0789
v 127.73 -0.039379 1.0789
vn 0.86521 -0 0.501409
vn 0.86521 -0 0.501409
vn 0.86521 -0 0.501409
vt 18.6908 0.022886
vt 17.6384 0.022886
vt 17.6384 -0.030737
f 913/913/913 914/914/914 915/915/915
v 127.957 -0.039379 0.686392
v 127.957 -0.019379 0.686392
v 127.73 -0.039379 1.0789
vn 0.86521 0 0.501409
vn 0.86521 0 0.501409
vn 0.86521 0 0.501409
vt 18.6908 -0.030737
vt 18.6908 0.022886
vt 17.6384 -0.030737
f 916/916/916 917/917/917 918/918/918
v 127.892 0.000621 0.640171
v 127.656 0.000621 1.04583
v 127.711 0.000621 1.07064
vn 0 1 0
vn 0 1 0
vn 0 1 0
vt 7.94494 8.73871
vt 7.31459 7.65103
vt 7.46199 7.58453
f 919/919/919 920/920/920 921/921/921
v 127.941 0.000621 0.674837
v 127.892 0.000621 0.640171
v 127.711 0.000621 1.07064
vn -0 1 0
vn -0 1 0
vn -0 1 0
vt 8.07701 8.64576
vt 7.94494 8.73871
vt 7.46199 7.58453
f 922/922/922 923/923/923 924/924/924
v 122.442 -0.03212 -0.211226
v 122.443 -0.026244 -0.211063
v 122.449 -0.020498 -0.21054
vn 0.0992706 0.000149383 -0.99506
vn 0.0992706 0.000149383 -0.99506
vn 0.0992706 0.000149383 -0.99506
vt 37.9176 -0.011275
vt 37.9132 0.00448
vt 37.8992 0.019887
f 925/925/925 926/926/926 927/927/927
v 122.468 -0.013003 -0.208626
v 122.479 -0.01212 -0.207545
v 122.442 -0.05212 -0.211226
vn 0.0994962 2.56014e-006 -0.995038
vn 0.0994962 2.56014e-006 -0.995038
vn 0.0994962 2.56014e-006 -0.995038
vt 37.8479 0.039982
vt 37.8189 0.042348
vt 37.9176 -0.064901
f 928/928/928 929/929/929 930/930/930
v 122.457 -0.015843 -0.209684
v 122.468 -0.013003 -0.208626
v 122.442 -0.05212 -0.211226
vn 0.0994819 1.21451e-005 -0.995039
vn 0.0994819 1.21451e-005 -0.995039
vn 0.0994819 1.21451e-005 -0.995039
vt 37.8762 0.032366
vt 37.8479 0.039982
vt 37.9176 -0.064901
f 931/931/931 932/932/932 933/933/933
v 122.442 -0.03212 -0.211226
v 122.449 -0.020498 -0.21054
v 122.457 -0.015843 -0.209684
vn 0.0994919 1.7513e-005 -0.995038
vn 0.0994919 1.7513e-005 -0.995038
vn 0.0994919 1.7513e-005 -0.995038
vt 37.9176 -0.011275
vt 37.8992 0.019887
vt 37.8762 0.032366
f 934/934/934 935/935/935 936/936/936
v 122.442 -0.05212 -0.211226
v 122.442 -0.03212 -0.211226
v 122.457 -0.015843 -0.209684
vn 0.0995102 0 -0.995037
vn 0.0995102 0 -0.995037
vn 0.0995102 0 -0.995037
vt 37.9176 -0.064901
vt 37.9176 -0.011275
vt 37.8762 0.032366
f 937/937/937 938/938/938 939/939/939
v 122.698 -0.03212 -0.185619
v 122.698 -0.039379 -0.185619
v 122.685 -0.015843 -0.186919
vn 0.0995006 0 -0.995037
vn 0.0995006 0 -0.995037
vn 0.0995006 0 -0.995037
vt 37.231 -0.011275
vt 37.231 -0.030737
vt 37.2658 0.032366
f 940/940/940 941/941/941 942/942/942
v 122.692 -0.020498 -0.186197
v 122.698 -0.03212 -0.185619
v 122.685 -0.015843 -0.186919
vn 0.0993673 -0.000107531 -0.995051
vn 0.0993673 -0.000107531 -0.995051
vn 0.0993673 -0.000107531 -0.995051
vt 37.2464 0.019887
vt 37.231 -0.011275
vt 37.2658 0.032366
f 943/943/943 944/944/944 945/945/945
v 122.676 -0.013003 -0.18781
v 122.685 -0.015843 -0.186919
v 122.698 -0.039379 -0.185619
vn 0.0994892 -6.33657e-006 -0.995039
vn 0.0994892 -6.33657e-006 -0.995039
vn 0.0994892 -6.33657e-006 -0.995039
vt 37.2897 0.039982
vt 37.2658 0.032366
vt 37.231 -0.030737
f 946/946/946 947/947/947 948/948/948
v 122.667 -0.01212 -0.188722
v 122.676 -0.013003 -0.18781
v 122.698 -0.039379 -0.185619
vn 0.0995376 3.42735e-005 -0.995034
vn 0.0995376 3.42735e-005 -0.995034
vn 0.0995376 3.42735e-005 -0.995034
vt 37.3142 0.042348
vt 37.2897 0.039982
vt 37.231 -0.030737
f 949/949/949 950/950/950 951/951/951
v 122.692 -0.020498 -0.186197
v 122.696 -0.026244 -0.185756
v 122.698 -0.03212 -0.185619
vn 0.0993741 -0.00010412 -0.99505
vn 0.0993741 -0.00010412 -0.99505
vn 0.0993741 -0.00010412 -0.99505
vt 37.2464 0.019887
vt 37.2346 0.00448
vt 37.231 -0.011275
f 952/952/952 953/953/953 954/954/954
v 122.667 -0.01212 -0.188722
v 122.698 -0.039379 -0.185619
v 122.442 -0.05212 -0.211226
vn 0.0995001 -8.85578e-006 -0.995038
vn 0.0995001 -8.85578e-006 -0.995038
vn 0.0995001 -8.85578e-006 -0.995038
vt 37.3142 0.042348
vt 37.231 -0.030737
vt 37.9176 -0.064901
f 955/955/955 956/956/956 957/957/957
v 122.479 -0.01212 -0.207545
v 122.667 -0.01212 -0.188722
v 122.442 -0.05212 -0.211226
vn 0.0994985 4.52124e-007 -0.995038
vn 0.0994985 4.52124e-007 -0.995038
vn 0.0994985 4.52124e-007 -0.995038
vt 37.8189 0.042348
vt 37.3142 0.042348
vt 37.9176 -0.064901
f 958/958/958 959/959/959 960/960/960
v 123.22 0.000621 0.481698
v 122.911 0.000621 0.060983
v 122.866 0.000621 0.099705
vn -0 1 0
vn -0 1 0
vn -0 1 0
vt -4.57995 9.16361
vt -5.40838 10.2916
vt -5.5306 10.1878
f 961/961/961 962/962/962 963/963/963
v 123.169 0.000621 0.512946
v 123.22 0.000621 0.481698
v 122.866 0.000621 0.099705
vn 0 1 -0
vn 0 1 -0
vn 0 1 -0
vt -4.71802 9.07983
vt -4.57995 9.16361
vt -5.5306 10.1878
f 964/964/964 965/965/965 966/966/966
v 123.352 -0.019379 0.930389
v 123.152 -0.019379 0.523362
v 123.152 -0.039379 0.523362
vn -0.897201 0 0.441623
vn -0.897201 0 0.441623
vn -0.897201 0 0.441623
vt -14.5515 0.022886
vt -15.6428 0.022886
vt -15.6428 -0.030737
f 967/967/967 968/968/968 969/969/969
v 123.352 -0.039379 0.930389
v 123.352 -0.019379 0.930389
v 123.152 -0.039379 0.523362
vn -0.897201 0 0.441623
vn -0.897201 0 0.441623
vn -0.897201 0 0.441623
vt -14.5515 -0.030737
vt -14.5515 0.022886
vt -15.6428 -0.030737
f 970/970/970 971/971/971 972/972/972
v 128.494 0.000621 0.004279
v 128.228 0.000621 0.241362
v 128.271 0.000621 0.283321
vn 0 1 0
vn 0 1 0
vn 0 1 0
vt 9.56104 10.4437
vt 8.84791 9.80801
vt 8.96347 9.6955
f 973/973/973 974/974/974 975/975/975
v 128.681 0.000621 0.01105
v 128.494 0.000621 0.004279
v 128.271 0.000621 0.283321
vn -0 1 0
vn -0 1 0
vn -0 1 0
vt 10.0607 10.4255
vt 9.56104 10.4437
vt 8.96347 9.6955
f 976/976/976 977/977/977 978/978/978
v 128.691 -0.000262 0.011416
v 128.715 -0.019379 0.012295
v 128.715 -0.039379 0.012295
vn 0.0362977 0 -0.999341
vn 0.0362977 0 -0.999341
vn 0.0362977 0 -0.999341
vt 21.1625 0.074142
vt 21.0976 0.022886
vt 21.0976 -0.030737
f 979/979/979 980/980/980 981/981/981
v 128.681 0.000621 0.01105
v 128.691 -0.000262 0.011416
v 128.715 -0.039379 0.012295
vn 0.03632 1.37833e-005 -0.99934
vn 0.03632 1.37833e-005 -0.99934
vn 0.03632 1.37833e-005 -0.99934
vt 21.1895 0.076509
vt 21.1625 0.074142
vt 21.0976 -0.030737
f 982/982/982 983/983/983 984/984/984
v 128.681 0.000621 0.01105
v 128.715 -0.039379 0.012295
v 128.465 -0.039379 0.003229
vn 0.0363132 7.9992e-006 -0.99934
vn 0.0363132 7.9992e-006 -0.99934
vn 0.0363132 7.9992e-006 -0.99934
vt 21.1895 0.076509
vt 21.0976 -0.030737
vt 21.7665 -0.030737
f 985/985/985 986/986/986 987/987/987
v 128.494 0.000621 0.004279
v 128.681 0.000621 0.01105
v 128.465 -0.039379 0.003229
vn 0.0363128 1.04367e-005 -0.99934
vn 0.0363128 1.04367e-005 -0.99934
vn 0.0363128 1.04367e-005 -0.99934
vt 21.6891 0.076509
vt 21.1895 0.076509
vt 21.7665 -0.030737
f 988/988/988 989/989/989 990/990/990
v 128.709 -0.007757 0.012063
v 128.713 -0.013503 0.01224
v 128.715 -0.019379 0.012295
vn 0.0363192 -1.69063e-005 -0.99934
vn 0.0363192 -1.69063e-005 -0.99934
vn 0.0363192 -1.69063e-005 -0.99934
vt 21.1147 0.054048
vt 21.1016 0.038641
vt 21.0976 0.022886
f 991/991/991 992/992/992 993/993/993
v 128.465 -0.019379 0.003229
v 128.467 -0.013503 0.003276
v 128.471 -0.007757 0.003425
vn 0.0361151 0.000115624 -0.999348
vn 0.0361151 0.000115624 -0.999348
vn 0.0361151 0.000115624 -0.999348
vt 21.7665 0.022886
vt 21.7631 0.038641
vt 21.7521 0.054048
f 994/994/994 995/995/995 996/996/996
v 128.465 -0.019379 0.003229
v 128.486 -0.000262 0.00397
v 128.494 0.000621 0.004279
vn 0.0364104 -0.00012029 -0.999337
vn 0.0364104 -0.00012029 -0.999337
vn 0.0364104 -0.00012029 -0.999337
vt 21.7665 0.022886
vt 21.7118 0.074142
vt 21.6891 0.076509
f 997/997/997 998/998/998 999/999/999
v 128.465 -0.039379 0.003229
v 128.465 -0.019379 0.003229
v 128.494 0.000621 0.004279
vn 0.0363272 0 -0.99934
vn 0.0363272 0 -0.99934
vn 0.0363272 0 -0.99934
vt 21.7665 -0.030737
vt 21.7665 0.022886
vt 21.6891 0.076509
f 1000/1000/1000 1001/1001/1001 1002/1002/1002
v 128.478 -0.003102 0.003669
v 128.486 -0.000262 0.00397
v 128.465 -0.019379 0.003229
vn 0.0362033 0.000100967 -0.999344
vn 0.0362033 0.000100967 -0.999344
vn 0.0362033 0.000100967 -0.999344
vt 21.7341 0.066527
vt 21.7118 0.074142
vt 21.7665 0.022886
f 1003/1003/1003 1004/1004/1004 1005/1005/1005
v 128.471 -0.007757 0.003425
v 128.478 -0.003102 0.003669
v 128.465 -0.019379 0.003229
vn 0.0362972 3.11118e-005 -0.999341
vn 0.0362972 3.11118e-005 -0.999341
vn 0.0362972 3.11118e-005 -0.999341
vt 21.7521 0.054048
vt 21.7341 0.066527
vt 21.7665 0.022886
f 1006/1006/1006 1007/1007/1007 1008/1008/1008
v 128.701 -0.003102 0.011774
v 128.709 -0.007757 0.012063
v 128.715 -0.019379 0.012295
vn 0.0362169 -7.3167e-005 -0.999344
vn 0.0362169 -7.3167e-005 -0.999344
vn 0.0362169 -7.3167e-005 -0.999344
vt 21.1361 0.066527
vt 21.1147 0.054048
vt 21.0976 0.022886
f 1009/1009/1009 1010/1010/1010 1011/1011/1011
v 128.691 -0.000262 0.011416
v 128.701 -0.003102 0.011774
v 128.715 -0.019379 0.012295
vn 0.036293 -5.96245e-006 -0.999341
vn 0.036293 -5.96245e-006 -0.999341
vn 0.036293 -5.96245e-006 -0.999341
vt 21.1625 0.074142
vt 21.1361 0.066527
vt 21.0976 0.022886
f 1012/1012/1012 1013/1013/1013 1014/1014/1014
v 127.452 0.000621 3.07063
v 127.438 0.000621 3.4704
v 127.444 -0.000262 3.4706
vn 0.148469 0.988904 0.00503787
vn 0.148469 0.988904 0.00503787
vn 0.148469 0.988904 0.00503787
vt 6.76611 2.22208
vt 6.72974 1.15021
vt 6.74549 1.14967
f 1015/1015/1015 1016/1016/1016 1017/1017/1017
v 127.458 -0.000262 3.07083
v 127.452 0.000621 3.07063
v 127.444 -0.000262 3.4706
vn 0.148469 0.988904 0.00503787
vn 0.148469 0.988904 0.00503787
vn 0.148469 0.988904 0.00503787
vt 6.78185 2.22155
vt 6.76611 2.22208
vt 6.74549 1.14967
f 1018/1018/1018 1019/1019/1019 1020/1020/1020
v 128.214 -0.019379 0.227375
v 128.465 -0.019379 0.003229
v 128.465 -0.039379 0.003229
vn -0.665417 0 -0.746472
vn -0.665417 0 -0.746472
vn -0.665417 0 -0.746472
vt 22.4407 0.022886
vt 21.7665 0.022886
vt 21.7665 -0.030737
f 1021/1021/1021 1022/1022/1022 1023/1023/1023
v 128.214 -0.039379 0.227375
v 128.214 -0.019379 0.227375
v 128.465 -0.039379 0.003229
vn -0.665417 -0 -0.746472
vn -0.665417 -0 -0.746472
vn -0.665417 -0 -0.746472
vt 22.4407 -0.030737
vt 22.4407 0.022886
vt 21.7665 -0.030737
f 1024/1024/1024 1025/1025/1025 1026/1026/1026
v 122.85 -0.019379 0.112906
v 122.442 -0.03212 -0.211226
v 122.442 -0.05212 -0.211226
vn -0.621605 0 0.783331
vn -0.621605 0 0.783331
vn -0.621605 0 0.783331
vt -5.57227 0.022886
vt -6.66744 -0.011275
vt -6.66744 -0.064901
f 1027/1027/1027 1028/1028/1028 1029/1029/1029
v 122.85 -0.039379 0.112906
v 122.85 -0.019379 0.112906
v 122.442 -0.05212 -0.211226
vn -0.621605 0 0.783331
vn -0.621605 0 0.783331
vn -0.621605 0 0.783331
vt -5.57227 -0.030737
vt -5.57227 0.022886
vt -6.66744 -0.064901
f 1030/1030/1030 1031/1031/1031 1032/1032/1032
v 128.286 -0.019379 0.297308
v 127.957 -0.019379 0.686392
v 127.957 -0.039379 0.686392
vn 0.76403 -0 0.645181
vn 0.76403 -0 0.645181
vn 0.76403 -0 0.645181
vt 9.00198 0.022886
vt 8.12103 0.022886
vt 8.12103 -0.030737
f 1033/1033/1033 1034/1034/1034 1035/1035/1035
v 128.286 -0.039379 0.297308
v 128.286 -0.019379 0.297308
v 127.957 -0.039379 0.686392
vn 0.76403 0 0.645181
vn 0.76403 0 0.645181
vn 0.76403 0 0.645181
vt 9.00198 -0.030737
vt 9.00198 0.022886
vt 8.12103 -0.030737
f 1036/1036/1036 1037/1037/1037 1038/1038/1038
v 123.447 -0.019379 3.73523
v 123.461 -0.019379 3.33546
v 123.461 -0.039379 3.33546
vn -0.999425 0 -0.0339127
vn -0.999425 0 -0.0339127
vn -0.999425 0 -0.0339127
vt -7.03107 0.022886
vt -8.10295 0.022886
vt -8.10295 -0.030737
f 1039/1039/1039 1040/1040/1040 1041/1041/1041
v 123.447 -0.039379 3.73523
v 123.447 -0.019379 3.73523
v 123.461 -0.039379 3.33546
vn -0.999425 -0 -0.0339127
vn -0.999425 -0 -0.0339127
vn -0.999425 -0 -0.0339127
vt -7.03107 -0.030737
vt -7.03107 0.022886
vt -8.10295 -0.030737
f 1042/1042/1042 1043/1043/1043 1044/1044/1044
v 127.386 -0.019379 2.66815
v 127.372 -0.019379 3.06792
v 127.373 -0.013503 3.06795
vn -0.988266 0.149017 -0.033534
vn -0.988266 0.149017 -0.033534
vn -0.988266 0.149017 -0.033534
vt 6.58809 3.30123
vt 6.55173 2.22936
vt 6.5541 2.22927
f 1045/1045/1045 1046/1046/1046 1047/1047/1047
v 127.386 -0.013503 2.66818
v 127.386 -0.019379 2.66815
v 127.373 -0.013503 3.06795
vn -0.988455 0.147762 -0.0335215
vn -0.988455 0.147762 -0.0335215
vn -0.988455 0.147762 -0.0335215
vt 6.59046 3.30115
vt 6.58809 3.30123
vt 6.5541 2.22927
f 1048/1048/1048 1049/1049/1049 1050/1050/1050
v 123.574 -0.019379 2.93908
v 123.588 -0.019379 2.53931
v 123.587 -0.013503 2.53928
vn 0.988266 0.149013 0.033534
vn 0.988266 0.149013 0.033534
vn 0.988266 0.149013 0.033534
vt -3.6311 2.5748
vt -3.59473 3.64668
vt -3.5971 3.64676
f 1051/1051/1051 1052/1052/1052 1053/1053/1053
v 123.573 -0.013503 2.93905
v 123.574 -0.019379 2.93908
v 123.587 -0.013503 2.53928
vn 0.988267 0.149012 0.033534
vn 0.988267 0.149012 0.033534
vn 0.988267 0.149012 0.033534
vt -3.63346 2.57488
vt -3.6311 2.5748
vt -3.5971 3.64676
f 1054/1054/1054 1055/1055/1055 1056/1056/1056
v 127.482 -0.007757 2.67141
v 127.468 -0.007757 3.07118
v 127.471 -0.013503 3.07128
vn 0.895977 0.443059 0.0304024
vn 0.895977 0.443059 0.0304024
vn 0.895977 0.443059 0.0304024
vt 6.84609 3.29248
vt 6.80972 2.2206
vt 6.81733 2.22034
f 1057/1057/1057 1058/1058/1058 1059/1059/1059
v 127.485 -0.013503 2.67151
v 127.482 -0.007757 2.67141
v 127.471 -0.013503 3.07128
vn 0.895977 0.443059 0.0304024
vn 0.895977 0.443059 0.0304024
vn 0.895977 0.443059 0.0304024
vt 6.8537 3.29222
vt 6.84609 3.29248
vt 6.81733 2.22034
f 1060/1060/1060 1061/1061/1061 1062/1062/1062
v 127.477 -0.003102 2.67125
v 127.464 -0.003102 3.07102
v 127.468 -0.007757 3.07118
vn 0.706578 0.707229 0.0239757
vn 0.706578 0.707229 0.0239757
vn 0.706578 0.707229 0.0239757
vt 6.83361 3.2929
vt 6.79725 2.22102
vt 6.80972 2.2206
f 1063/1063/1063 1064/1064/1064 1065/1065/1065
v 127.482 -0.007757 2.67141
v 127.477 -0.003102 2.67125
v 127.468 -0.007757 3.07118
vn 0.706578 0.707229 0.0239757
vn 0.706578 0.707229 0.0239757
vn 0.706578 0.707229 0.0239757
vt 6.84609 3.29248
vt 6.83361 3.2929
vt 6.80972 2.2206
f 1066/1066/1066 1067/1067/1067 1068/1068/1068
v 127.5 0.000621 1.8698
v 127.479 0.000621 2.2709
v 127.485 -0.000262 2.27115
vn 0.148488 0.988883 0.00786893
vn 0.148488 0.988883 0.00786893
vn 0.148488 0.988883 0.00786893
vt 6.89584 5.44177
vt 6.83885 4.36634
vt 6.85459 4.36566
f 1069/1069/1069 1070/1070/1070 1071/1071/1071
v 127.506 -0.000262 1.87053
v 127.5 0.000621 1.8698
v 127.485 -0.000262 2.27115
vn 0.148444 0.98889 0.00786727
vn 0.148444 0.98889 0.00786727
vn 0.148444 0.98889 0.00786727
vt 6.91152 5.43984
vt 6.89584 5.44177
vt 6.85459 4.36566
f 1072/1072/1072 1073/1073/1073 1074/1074/1074
v 123.599 -0.003102 1.7311
v 123.547 -0.003102 1.31689
v 123.542 -0.000262 1.31798
vn 0.439314 0.896656 -0.0548792
vn 0.439314 0.896656 -0.0548792
vn 0.439314 0.896656 -0.0548792
vt -3.5645 5.81368
vt -3.70323 6.92426
vt -3.7184 6.92135
f 1075/1075/1075 1076/1076/1076 1077/1077/1077
v 123.593 -0.000262 1.73141
v 123.599 -0.003102 1.7311
v 123.542 -0.000262 1.31798
vn 0.439595 0.896515 -0.0549192
vn 0.439595 0.896515 -0.0549192
vn 0.439595 0.896515 -0.0549192
vt -3.57992 5.81284
vt -3.5645 5.81368
vt -3.7184 6.92135
f 1078/1078/1078 1079/1079/1079 1080/1080/1080
v 123.604 -0.007757 1.73084
v 123.552 -0.007757 1.31601
v 123.547 -0.003102 1.31689
vn 0.701943 0.706815 -0.0876842
vn 0.701943 0.706815 -0.0876842
vn 0.701943 0.706815 -0.0876842
vt -3.55201 5.81436
vt -3.69095 6.92662
vt -3.70323 6.92426
f 1081/1081/1081 1082/1082/1082 1083/1083/1083
v 123.599 -0.003102 1.7311
v 123.604 -0.007757 1.73084
v 123.547 -0.003102 1.31689
vn 0.702057 0.7067 -0.0877011
vn 0.702057 0.7067 -0.0877011
vn 0.702057 0.7067 -0.0877011
vt -3.5645 5.81368
vt -3.55201 5.81436
vt -3.70323 6.92426
f 1084/1084/1084 1085/1085/1085 1086/1086/1086
v 123.521 0.000621 2.13664
v 123.527 0.000621 1.73502
v 123.521 -0.000262 1.73535
vn -0.148567 0.9889 -0.00220987
vn -0.148567 0.9889 -0.00220987
vn -0.148567 0.9889 -0.00220987
vt -3.77273 4.72634
vt -3.75671 5.80315
vt -3.77248 5.80229
f 1087/1087/1087 1088/1088/1088 1089/1089/1089
v 123.515 -0.000262 2.13649
v 123.521 0.000621 2.13664
v 123.521 -0.000262 1.73535
vn -0.148585 0.988897 -0.00220987
vn -0.148585 0.988897 -0.00220987
vn -0.148585 0.988897 -0.00220987
vt -3.78848 4.72672
vt -3.77273 4.72634
vt -3.77248 5.80229
f 1090/1090/1090 1091/1091/1091 1092/1092/1092
v 127.429 -0.003102 1.86103
v 127.408 -0.003102 2.26779
v 127.413 -0.000262 2.26804
vn -0.442686 0.89637 -0.0234567
vn -0.442686 0.89637 -0.0234567
vn -0.442686 0.89637 -0.0234567
vt 6.70479 5.4653
vt 6.64699 4.37468
vt 6.66238 4.37401
f 1093/1093/1093 1094/1094/1094 1095/1095/1095
v 127.435 -0.000262 1.86173
v 127.429 -0.003102 1.86103
v 127.413 -0.000262 2.26804
vn -0.442141 0.896639 -0.0234374
vn -0.442141 0.896639 -0.0234374
vn -0.442141 0.896639 -0.0234374
vt 6.72012 5.46341
vt 6.70479 5.4653
vt 6.66238 4.37401
f 1096/1096/1096 1097/1097/1097 1098/1098/1098
v 123.556 -0.019379 1.31531
v 123.607 -0.019379 1.73064
v 123.607 -0.039379 1.73064
vn 0.992286 0 -0.123968
vn 0.992286 0 -0.123968
vn 0.992286 0 -0.123968
vt 17.0046 0.022886
vt 15.891 0.022886
vt 15.891 -0.030737
f 1099/1099/1099 1100/1100/1100 1101/1101/1101
v 123.556 -0.039379 1.31531
v 123.556 -0.019379 1.31531
v 123.607 -0.039379 1.73064
vn 0.992286 0 -0.123968
vn 0.992286 0 -0.123968
vn 0.992286 0 -0.123968
vt 17.0046 -0.030737
vt 17.0046 0.022886
vt 15.891 -0.030737
f 1102/1102/1102 1103/1103/1103 1104/1104/1104
v 123.461 -0.019379 3.33546
v 123.474 -0.019379 2.93569
v 123.474 -0.039379 2.93569
vn -0.999425 0 -0.0338936
vn -0.999425 0 -0.0338936
vn -0.999425 0 -0.0338936
vt -8.10295 0.022886
vt -9.17483 0.022886
vt -9.17483 -0.030737
f 1105/1105/1105 1106/1106/1106 1107/1107/1107
v 123.461 -0.039379 3.33546
v 123.461 -0.019379 3.33546
v 123.474 -0.039379 2.93569
vn -0.999425 -0 -0.0338936
vn -0.999425 -0 -0.0338936
vn -0.999425 -0 -0.0338936
vt -8.10295 -0.030737
vt -8.10295 0.022886
vt -9.17483 -0.030737
f 1108/1108/1108 1109/1109/1109 1110/1110/1110
v 127.472 -0.019379 3.07131
v 127.458 -0.019379 3.47108
v 127.458 -0.039379 3.47108
vn 0.999425 -0 0.0339127
vn 0.999425 -0 0.0339127
vn 0.999425 -0 0.0339127
vt 12.2963 0.022886
vt 11.2244 0.022886
vt 11.2244 -0.030737
f 1111/1111/1111 1112/1112/1112 1113/1113/1113
v 127.472 -0.039379 3.07131
v 127.472 -0.019379 3.07131
v 127.458 -0.039379 3.47108
vn 0.999425 0 0.0339127
vn 0.999425 0 0.0339127
vn 0.999425 0 0.0339127
vt 12.2963 -0.030737
vt 12.2963 0.022886
vt 11.2244 -0.030737
f 1114/1114/1114 1115/1115/1115 1116/1116/1116
v 123.474 -0.019379 2.93569
v 123.488 -0.019379 2.53592
v 123.488 -0.039379 2.53592
vn -0.999425 0 -0.0339127
vn -0.999425 0 -0.0339127
vn -0.999425 0 -0.0339127
vt -9.17483 0.022886
vt -10.2467 0.022886
vt -10.2467 -0.030737
f 1117/1117/1117 1118/1118/1118 1119/1119/1119
v 123.474 -0.039379 2.93569
v 123.474 -0.019379 2.93569
v 123.488 -0.039379 2.53592
vn -0.999425 -0 -0.0339127
vn -0.999425 -0 -0.0339127
vn -0.999425 -0 -0.0339127
vt -9.17483 -0.030737
vt -9.17483 0.022886
vt -10.2467 -0.030737
f 1120/1120/1120 1121/1121/1121 1122/1122/1122
v 123.607 -0.013503 1.73069
v 123.555 -0.013503 1.31548
v 123.552 -0.007757 1.31601
vn 0.889729 0.442748 -0.111155
vn 0.889729 0.442748 -0.111155
vn 0.889729 0.442748 -0.111155
vt -3.54438 5.81478
vt -3.68345 6.92805
vt -3.69095 6.92662
f 1123/1123/1123 1124/1124/1124 1125/1125/1125
v 123.604 -0.007757 1.73084
v 123.607 -0.013503 1.73069
v 123.552 -0.007757 1.31601
vn 0.889369 0.443486 -0.111097
vn 0.889369 0.443486 -0.111097
vn 0.889369 0.443486 -0.111097
vt -3.55201 5.81436
vt -3.54438 5.81478
vt -3.69095 6.92662
f 1126/1126/1126 1127/1127/1127 1128/1128/1128
v 127.485 -0.019379 2.67154
v 127.472 -0.019379 3.07131
v 127.472 -0.039379 3.07131
vn 0.999425 -0 0.0338936
vn 0.999425 -0 0.0338936
vn 0.999425 -0 0.0338936
vt 13.3682 0.022886
vt 12.2963 0.022886
vt 12.2963 -0.030737
f 1129/1129/1129 1130/1130/1130 1131/1131/1131
v 127.485 -0.039379 2.67154
v 127.485 -0.019379 2.67154
v 127.472 -0.039379 3.07131
vn 0.999425 0 0.0338936
vn 0.999425 0 0.0338936
vn 0.999425 0 0.0338936
vt 13.3682 -0.030737
vt 13.3682 0.022886
vt 12.2963 -0.030737
f 1132/1132/1132 1133/1133/1133 1134/1134/1134
v 123.488 -0.019379 2.53592
v 123.501 -0.019379 2.13615
v 123.501 -0.039379 2.13615
vn -0.999425 0 -0.0338936
vn -0.999425 0 -0.0338936
vn -0.999425 0 -0.0338936
vt -10.2467 0.022886
vt -11.3186 0.022886
vt -11.3186 -0.030737
f 1135/1135/1135 1136/1136/1136 1137/1137/1137
v 123.488 -0.039379 2.53592
v 123.488 -0.019379 2.53592
v 123.501 -0.039379 2.13615
vn -0.999425 -0 -0.0338936
vn -0.999425 -0 -0.0338936
vn -0.999425 -0 -0.0338936
vt -10.2467 -0.030737
vt -10.2467 0.022886
vt -11.3186 -0.030737
f 1138/1138/1138 1139/1139/1139 1140/1140/1140
v 127.499 -0.019379 2.27177
v 127.485 -0.019379 2.67154
v 127.485 -0.039379 2.67154
vn 0.999425 -0 0.0339127
vn 0.999425 -0 0.0339127
vn 0.999425 -0 0.0339127
vt 14.4401 0.022886
vt 13.3682 0.022886
vt 13.3682 -0.030737
f 1141/1141/1141 1142/1142/1142 1143/1143/1143
v 127.499 -0.039379 2.27177
v 127.499 -0.019379 2.27177
v 127.485 -0.039379 2.67154
vn 0.999425 0 0.0339127
vn 0.999425 0 0.0339127
vn 0.999425 0 0.0339127
vt 14.4401 -0.030737
vt 14.4401 0.022886
vt 13.3682 -0.030737
f 1144/1144/1144 1145/1145/1145 1146/1146/1146
v 123.501 -0.019379 2.13615
v 123.507 -0.019379 1.73612
v 123.507 -0.039379 1.73612
vn -0.999889 0 -0.0148746
vn -0.999889 0 -0.0148746
vn -0.999889 0 -0.0148746
vt -11.3186 0.022886
vt -12.3911 0.022886
vt -12.3911 -0.030737
f 1147/1147/1147 1148/1148/1148 1149/1149/1149
v 123.501 -0.039379 2.13615
v 123.501 -0.019379 2.13615
v 123.507 -0.039379 1.73612
vn -0.999889 -0 -0.0148746
vn -0.999889 -0 -0.0148746
vn -0.999889 -0 -0.0148746
vt -11.3186 -0.030737
vt -11.3186 0.022886
vt -12.3911 -0.030737
f 1150/1150/1150 1151/1151/1151 1152/1152/1152
v 127.52 -0.019379 1.87225
v 127.499 -0.019379 2.27177
v 127.499 -0.039379 2.27177
vn 0.998599 -0 0.0529193
vn 0.998599 -0 0.0529193
vn 0.998599 -0 0.0529193
vt 15.5113 0.022886
vt 14.4401 0.022886
vt 14.4401 -0.030737
f 1153/1153/1153 1154/1154/1154 1155/1155/1155
v 127.52 -0.039379 1.87225
v 127.52 -0.019379 1.87225
v 127.499 -0.039379 2.27177
vn 0.998599 0 0.0529193
vn 0.998599 0 0.0529193
vn 0.998599 0 0.0529193
vt 15.5113 -0.030737
vt 15.5113 0.022886
vt 14.4401 -0.030737
f 1156/1156/1156 1157/1157/1157 1158/1158/1158
v 123.507 -0.019379 1.73612
v 123.457 -0.019379 1.33419
v 123.457 -0.039379 1.33419
vn -0.992288 0 0.123955
vn -0.992288 0 0.123955
vn -0.992288 0 0.123955
vt -12.3911 0.022886
vt -13.4688 0.022886
vt -13.4688 -0.030737
f 1159/1159/1159 1160/1160/1160 1161/1161/1161
v 123.507 -0.039379 1.73612
v 123.507 -0.019379 1.73612
v 123.457 -0.039379 1.33419
vn -0.992288 0 0.123955
vn -0.992288 0 0.123955
vn -0.992288 0 0.123955
vt -12.3911 -0.030737
vt -12.3911 0.022886
vt -13.4688 -0.030737
f 1162/1162/1162 1163/1163/1163 1164/1164/1164
v 123.446 -0.019379 0.895353
v 123.556 -0.019379 1.31531
v 123.556 -0.039379 1.31531
vn 0.967748 0 -0.25192
vn 0.967748 0 -0.25192
vn 0.967748 0 -0.25192
vt 18.1306 0.022886
vt 17.0046 0.022886
vt 17.0046 -0.030737
f 1165/1165/1165 1166/1166/1166 1167/1167/1167
v 123.446 -0.039379 0.895353
v 123.446 -0.019379 0.895353
v 123.556 -0.039379 1.31531
vn 0.967748 0 -0.25192
vn 0.967748 0 -0.25192
vn 0.967748 0 -0.25192
vt 18.1306 -0.030737
vt 18.1306 0.022886
vt 17.0046 -0.030737
f 1168/1168/1168 1169/1169/1169 1170/1170/1170
v 127.501 -0.019379 1.44915
v 127.638 -0.019379 1.03756
v 127.638 -0.039379 1.03756
vn -0.948448 0 -0.316934
vn -0.948448 0 -0.316934
vn -0.948448 0 -0.316934
vt -13.1606 0.022886
vt -14.2641 0.022886
vt -14.2641 -0.030737
f 1171/1171/1171 1172/1172/1172 1173/1173/1173
v 127.501 -0.039379 1.44915
v 127.501 -0.019379 1.44915
v 127.638 -0.039379 1.03756
vn -0.948448 -0 -0.316934
vn -0.948448 -0 -0.316934
vn -0.948448 -0 -0.316934
vt -13.1606 -0.030737
vt -13.1606 0.022886
vt -14.2641 -0.030737
f 1174/1174/1174 1175/1175/1175 1176/1176/1176
v 123.237 -0.019379 0.471282
v 123.446 -0.019379 0.895353
v 123.446 -0.039379 0.895353
vn 0.897198 0 -0.441628
vn 0.897198 0 -0.441628
vn 0.897198 0 -0.441628
vt 19.2676 0.022886
vt 18.1306 0.022886
vt 18.1306 -0.030737
f 1177/1177/1177 1178/1178/1178 1179/1179/1179
v 123.237 -0.039379 0.471282
v 123.237 -0.019379 0.471282
v 123.446 -0.039379 0.895353
vn 0.897198 0 -0.441628
vn 0.897198 0 -0.441628
vn 0.897198 0 -0.441628
vt 19.2676 -0.030737
vt 19.2676 0.022886
vt 18.1306 -0.030737
f 1180/1180/1180 1181/1181/1181 1182/1182/1182
v 127.638 -0.019379 1.03756
v 127.875 -0.019379 0.628615
v 127.875 -0.039379 0.628615
vn -0.865206 0 -0.501416
vn -0.865206 0 -0.501416
vn -0.865206 0 -0.501416
vt -14.2641 0.022886
vt -15.3606 0.022886
vt -15.3606 -0.030737
f 1183/1183/1183 1184/1184/1184 1185/1185/1185
v 127.638 -0.039379 1.03756
v 127.638 -0.019379 1.03756
v 127.875 -0.039379 0.628615
vn -0.865206 -0 -0.501416
vn -0.865206 -0 -0.501416
vn -0.865206 -0 -0.501416
vt -14.2641 -0.030737
vt -14.2641 0.022886
vt -15.3606 -0.030737
f 1186/1186/1186 1187/1187/1187 1188/1188/1188
v 122.927 -0.019379 0.048002
v 123.237 -0.019379 0.471282
v 123.237 -0.039379 0.471282
vn 0.805992 0 -0.591926
vn 0.805992 0 -0.591926
vn 0.805992 0 -0.591926
vt 36.6175 0.022886
vt 35.7841 0.022886
vt 35.7841 -0.030737
f 1189/1189/1189 1190/1190/1190 1191/1191/1191
v 122.927 -0.039379 0.048002
v 122.927 -0.019379 0.048002
v 123.237 -0.039379 0.471282
vn 0.805992 0 -0.591926
vn 0.805992 0 -0.591926
vn 0.805992 0 -0.591926
vt 36.6175 -0.030737
vt 36.6175 0.022886
vt 35.7841 -0.030737
f 1192/1192/1192 1193/1193/1193 1194/1194/1194
v 127.875 -0.019379 0.628615
v 128.214 -0.019379 0.227375
v 128.214 -0.039379 0.227375
vn -0.764026 0 -0.645185
vn -0.764026 0 -0.645185
vn -0.764026 0 -0.645185
vt 23.3492 0.022886
vt 22.4407 0.022886
vt 22.4407 -0.030737
f 1195/1195/1195 1196/1196/1196 1197/1197/1197
v 127.875 -0.039379 0.628615
v 127.875 -0.019379 0.628615
v 128.214 -0.039379 0.227375
vn -0.764026 -0 -0.645185
vn -0.764026 -0 -0.645185
vn -0.764026 -0 -0.645185
vt 23.3492 -0.030737
vt 23.3492 0.022886
vt 22.4407 -0.030737
f 1198/1198/1198 1199/1199/1199 1200/1200/1200
v 122.698 -0.03212 -0.185619
v 122.927 -0.019379 0.048002
v 122.927 -0.039379 0.048002
vn 0.714466 0 -0.69967
vn 0.714466 0 -0.69967
vn 0.714466 0 -0.69967
vt 37.231 -0.011275
vt 36.6175 0.022886
vt 36.6175 -0.030737
f 1201/1201/1201 1202/1202/1202 1203/1203/1203
v 122.698 -0.039379 -0.185619
v 122.698 -0.03212 -0.185619
v 122.927 -0.039379 0.048002
vn 0.714466 0 -0.69967
vn 0.714466 0 -0.69967
vn 0.714466 0 -0.69967
vt 37.231 -0.030737
vt 37.231 -0.011275
vt 36.6175 -0.030737
f 1204/1204/1204 1205/1205/1205 1206/1206/1206
v 127.367 -0.003102 3.46797
v 127.356 -0.003102 3.77617
v 127.362 -0.000262 3.78211
vn -0.442919 0.896436 -0.0150211
vn -0.442919 0.896436 -0.0150211
vn -0.442919 0.896436 -0.0150211
vt 6.53782 1.15672
vt 6.50979 0.330358
vt 6.52466 0.314437
f 1207/1207/1207 1208/1208/1208 1209/1209/1209
v 127.373 -0.000262 3.46817
v 127.367 -0.003102 3.46797
v 127.362 -0.000262 3.78211
vn -0.442696 0.896546 -0.0150186
vn -0.442696 0.896546 -0.0150186
vn -0.442696 0.896546 -0.0150186
vt 6.55322 1.15619
vt 6.53782 1.15672
vt 6.52466 0.314437
f 1210/1210/1210 1211/1211/1211 1212/1212/1212
v 123.566 -0.003102 2.93879
v 123.579 -0.003102 2.53902
v 123.574 -0.000262 2.53883
vn 0.442699 0.896545 0.0150217
vn 0.442699 0.896545 0.0150217
vn 0.442699 0.896545 0.0150217
vt -3.65355 2.57557
vt -3.61718 3.64744
vt -3.63258 3.64796
f 1213/1213/1213 1214/1214/1214 1215/1215/1215
v 123.56 -0.000262 2.9386
v 123.566 -0.003102 2.93879
v 123.574 -0.000262 2.53883
vn 0.443171 0.896311 0.0150293
vn 0.443171 0.896311 0.0150293
vn 0.443171 0.896311 0.0150293
vt -3.66895 2.57609
vt -3.65355 2.57557
vt -3.63258 3.64796
f 1216/1216/1216 1217/1217/1217 1218/1218/1218
v 127.362 -0.007757 3.46781
v 127.352 -0.007757 3.77136
v 127.356 -0.003102 3.77617
vn -0.70677 0.707038 -0.0239636
vn -0.70677 0.707038 -0.0239636
vn -0.70677 0.707038 -0.0239636
vt 6.52535 1.15714
vt 6.49774 0.343253
vt 6.50979 0.330358
f 1219/1219/1219 1220/1220/1220 1221/1221/1221
v 127.367 -0.003102 3.46797
v 127.362 -0.007757 3.46781
v 127.356 -0.003102 3.77617
vn -0.706578 0.707229 -0.0239628
vn -0.706578 0.707229 -0.0239628
vn -0.706578 0.707229 -0.0239628
vt 6.53782 1.15672
vt 6.52535 1.15714
vt 6.50979 0.330358
f 1222/1222/1222 1223/1223/1223 1224/1224/1224
v 123.536 -0.000262 3.65231
v 123.546 -0.000262 3.33837
v 123.541 0.000621 3.33817
vn 0.148468 0.988904 0.00503684
vn 0.148468 0.988904 0.00503684
vn 0.148468 0.988904 0.00503684
vt -3.73386 0.662454
vt -3.70531 1.50421
vt -3.72106 1.50474
f 1225/1225/1225 1226/1226/1226 1227/1227/1227
v 123.53 0.000621 3.65798
v 123.536 -0.000262 3.65231
v 123.541 0.000621 3.33817
vn 0.148489 0.988901 0.00503715
vn 0.148489 0.988901 0.00503715
vn 0.148489 0.988901 0.00503715
vt -3.75014 0.647242
vt -3.73386 0.662454
vt -3.72106 1.50474
f 1228/1228/1228 1229/1229/1229 1230/1230/1230
v 123.448 -0.013503 3.73438
v 123.462 -0.013503 3.33549
v 123.461 -0.019379 3.33546
vn -0.988455 0.147762 -0.03352
vn -0.988455 0.147762 -0.03352
vn -0.988455 0.147762 -0.03352
vt -3.96935 0.442426
vt -3.93306 1.51194
vt -3.93543 1.51202
f 1231/1231/1231 1232/1232/1232 1233/1233/1233
v 123.447 -0.019379 3.73523
v 123.448 -0.013503 3.73438
v 123.461 -0.019379 3.33546
vn -0.988251 0.149115 -0.0335335
vn -0.988251 0.149115 -0.0335335
vn -0.988251 0.149115 -0.0335335
vt -3.97179 0.440139
vt -3.96935 0.442426
vt -3.93543 1.51202
f 1234/1234/1234 1235/1235/1235 1236/1236/1236
v 127.359 -0.013503 3.46772
v 127.349 -0.013503 3.76843
v 127.352 -0.007757 3.77136
vn -0.89568 0.443659 -0.0303828
vn -0.89568 0.443659 -0.0303828
vn -0.89568 0.443659 -0.0303828
vt 6.51773 1.1574
vt 6.49038 0.351124
vt 6.49774 0.343253
f 1237/1237/1237 1238/1238/1238 1239/1239/1239
v 127.362 -0.007757 3.46781
v 127.359 -0.013503 3.46772
v 127.352 -0.007757 3.77136
vn -0.895977 0.44306 -0.0303788
vn -0.895977 0.44306 -0.0303788
vn -0.895977 0.44306 -0.0303788
vt 6.52535 1.15714
vt 6.51773 1.1574
vt 6.49774 0.343253
f 1240/1240/1240 1241/1241/1241 1242/1242/1242
v 127.358 -0.019379 3.46769
v 127.348 -0.019379 3.76751
v 127.349 -0.013503 3.76843
vn -0.98828 0.148923 -0.0335471
vn -0.98828 0.148923 -0.0335471
vn -0.98828 0.148923 -0.0335471
vt 6.51537 1.15748
vt 6.48809 0.35357
vt 6.49038 0.351124
f 1243/1243/1243 1244/1244/1244 1245/1245/1245
v 127.359 -0.013503 3.46772
v 127.358 -0.019379 3.46769
v 127.349 -0.013503 3.76843
vn -0.988454 0.147763 -0.0335298
vn -0.988454 0.147763 -0.0335298
vn -0.988454 0.147763 -0.0335298
vt 6.51773 1.1574
vt 6.51537 1.15748
vt 6.49038 0.351124
f 1246/1246/1246 1247/1247/1247 1248/1248/1248
v 127.455 -0.007757 3.47095
v 127.441 -0.007757 3.867
v 127.444 -0.013503 3.86994
vn 0.895682 0.443655 0.0303847
vn 0.895682 0.443655 0.0303847
vn 0.895682 0.443655 0.0303847
vt 6.77336 1.14873
vt 6.73734 0.086826
vt 6.74469 0.078955
f 1249/1249/1249 1250/1250/1250 1251/1251/1251
v 127.457 -0.013503 3.47105
v 127.455 -0.007757 3.47095
v 127.444 -0.013503 3.86994
vn 0.895504 0.444014 0.0303851
vn 0.895504 0.444014 0.0303851
vn 0.895504 0.444014 0.0303851
vt 6.78097 1.14847
vt 6.77336 1.14873
vt 6.74469 0.078955
f 1252/1252/1252 1253/1253/1253 1254/1254/1254
v 127.45 -0.003102 3.47079
v 127.437 -0.003102 3.86219
v 127.441 -0.007757 3.867
vn 0.706755 0.707052 0.023985
vn 0.706755 0.707052 0.023985
vn 0.706755 0.707052 0.023985
vt 6.76089 1.14915
vt 6.72529 0.099721
vt 6.73734 0.086826
f 1255/1255/1255 1256/1256/1256 1257/1257/1257
v 127.455 -0.007757 3.47095
v 127.45 -0.003102 3.47079
v 127.441 -0.007757 3.867
vn 0.707157 0.70665 0.0239892
vn 0.707157 0.70665 0.0239892
vn 0.707157 0.70665 0.0239892
vt 6.77336 1.14873
vt 6.76089 1.14915
vt 6.73734 0.086826
f 1258/1258/1258 1259/1259/1259 1260/1260/1260
v 127.444 -0.000262 3.4706
v 127.431 -0.000262 3.85625
v 127.437 -0.003102 3.86219
vn 0.442916 0.896437 0.0150271
vn 0.442916 0.896437 0.0150271
vn 0.442916 0.896437 0.0150271
vt 6.74549 1.14967
vt 6.71041 0.115641
vt 6.72529 0.099721
f 1261/1261/1261 1262/1262/1262 1263/1263/1263
v 127.45 -0.003102 3.47079
v 127.444 -0.000262 3.4706
v 127.437 -0.003102 3.86219
vn 0.442696 0.896546 0.0150237
vn 0.442696 0.896546 0.0150237
vn 0.442696 0.896546 0.0150237
vt 6.76089 1.14915
vt 6.74549 1.14967
vt 6.72529 0.099721
f 1264/1264/1264 1265/1265/1265 1266/1266/1266
v 127.438 0.000621 3.4704
v 127.425 0.000621 3.85018
v 127.431 -0.000262 3.85625
vn 0.148638 0.988879 0.00504032
vn 0.148638 0.988879 0.00504032
vn 0.148638 0.988879 0.00504032
vt 6.72974 1.15021
vt 6.6952 0.131922
vt 6.71041 0.115641
f 1267/1267/1267 1268/1268/1268 1269/1269/1269
v 127.444 -0.000262 3.4706
v 127.438 0.000621 3.4704
v 127.431 -0.000262 3.85625
vn 0.148469 0.988904 0.00503721
vn 0.148469 0.988904 0.00503721
vn 0.148469 0.988904 0.00503721
vt 6.74549 1.14967
vt 6.72974 1.15021
vt 6.71041 0.115641
f 1270/1270/1270 1271/1271/1271 1272/1272/1272
v 123.552 -0.003102 3.33856
v 123.566 -0.003102 2.93879
v 123.56 -0.000262 2.9386
vn 0.443171 0.896311 0.0150293
vn 0.443171 0.896311 0.0150293
vn 0.443171 0.896311 0.0150293
vt -3.68991 1.50369
vt -3.65355 2.57557
vt -3.66895 2.57609
f 1273/1273/1273 1274/1274/1274 1275/1275/1275
v 123.546 -0.000262 3.33837
v 123.552 -0.003102 3.33856
v 123.56 -0.000262 2.9386
vn 0.442698 0.896545 0.0150217
vn 0.442698 0.896545 0.0150217
vn 0.442698 0.896545 0.0150217
vt -3.70531 1.50421
vt -3.68991 1.50369
vt -3.66895 2.57609
f 1276/1276/1276 1277/1277/1277 1278/1278/1278
v 123.557 -0.007757 3.33872
v 123.57 -0.007757 2.93895
v 123.566 -0.003102 2.93879
vn 0.706578 0.707229 0.0239622
vn 0.706578 0.707229 0.0239622
vn 0.706578 0.707229 0.0239622
vt -3.67744 1.50326
vt -3.64108 2.57514
vt -3.65355 2.57557
f 1279/1279/1279 1280/1280/1280 1281/1281/1281
v 123.552 -0.003102 3.33856
v 123.557 -0.007757 3.33872
v 123.566 -0.003102 2.93879
vn 0.706578 0.707229 0.0239622
vn 0.706578 0.707229 0.0239622
vn 0.706578 0.707229 0.0239622
vt -3.68991 1.50369
vt -3.67744 1.50326
vt -3.65355 2.57557
f 1282/1282/1282 1283/1283/1283 1284/1284/1284
v 123.56 -0.013503 3.33882
v 123.573 -0.013503 2.93905
v 123.57 -0.007757 2.93895
vn 0.895975 0.443064 0.0303853
vn 0.895975 0.443064 0.0303853
vn 0.895975 0.443064 0.0303853
vt -3.66983 1.50301
vt -3.63346 2.57488
vt -3.64108 2.57514
f 1285/1285/1285 1286/1286/1286 1287/1287/1287
v 123.557 -0.007757 3.33872
v 123.56 -0.013503 3.33882
v 123.57 -0.007757 2.93895
vn 0.895975 0.443064 0.0303853
vn 0.895975 0.443064 0.0303853
vn 0.895975 0.443064 0.0303853
vt -3.67744 1.50326
vt -3.66983 1.50301
vt -3.64108 2.57514
f 1288/1288/1288 1289/1289/1289 1290/1290/1290
v 123.561 -0.019379 3.33885
v 123.574 -0.019379 2.93908
v 123.573 -0.013503 2.93905
vn 0.988267 0.149012 0.033534
vn 0.988267 0.149012 0.033534
vn 0.988267 0.149012 0.033534
vt -3.66746 1.50293
vt -3.6311 2.5748
vt -3.63346 2.57488
f 1291/1291/1291 1292/1292/1292 1293/1293/1293
v 123.56 -0.013503 3.33882
v 123.561 -0.019379 3.33885
v 123.573 -0.013503 2.93905
vn 0.988456 0.147757 0.0335216
vn 0.988456 0.147757 0.0335216
vn 0.988456 0.147757 0.0335216
vt -3.66983 1.50301
vt -3.66746 1.50293
vt -3.63346 2.57488
f 1294/1294/1294 1295/1295/1295 1296/1296/1296
v 123.464 -0.007757 3.33558
v 123.478 -0.007757 2.93581
v 123.475 -0.013503 2.93572
vn -0.895977 0.443059 -0.0304024
vn -0.895977 0.443059 -0.0304024
vn -0.895977 0.443059 -0.0304024
vt -3.92545 1.51168
vt -3.88909 2.58355
vt -3.8967 2.58381
f 1297/1297/1297 1298/1298/1298 1299/1299/1299
v 123.462 -0.013503 3.33549
v 123.464 -0.007757 3.33558
v 123.475 -0.013503 2.93572
vn -0.895976 0.44306 -0.0304024
vn -0.895976 0.44306 -0.0304024
vn -0.895976 0.44306 -0.0304024
vt -3.93306 1.51194
vt -3.92545 1.51168
vt -3.8967 2.58381
f 1300/1300/1300 1301/1301/1301 1302/1302/1302
v 123.469 -0.003102 3.33574
v 123.483 -0.003102 2.93597
v 123.478 -0.007757 2.93581
vn -0.706578 0.707229 -0.0239757
vn -0.706578 0.707229 -0.0239757
vn -0.706578 0.707229 -0.0239757
vt -3.91298 1.51125
vt -3.87662 2.58313
vt -3.88909 2.58355
f 1303/1303/1303 1304/1304/1304 1305/1305/1305
v 123.464 -0.007757 3.33558
v 123.469 -0.003102 3.33574
v 123.478 -0.007757 2.93581
vn -0.706578 0.707229 -0.0239757
vn -0.706578 0.707229 -0.0239757
vn -0.706578 0.707229 -0.0239757
vt -3.92545 1.51168
vt -3.91298 1.51125
vt -3.88909 2.58355
f 1306/1306/1306 1307/1307/1307 1308/1308/1308
v 123.475 -0.000262 3.33594
v 123.488 -0.000262 2.93617
v 123.483 -0.003102 2.93597
vn -0.443169 0.896312 -0.0150292
vn -0.443169 0.896312 -0.0150292
vn -0.443169 0.896312 -0.0150292
vt -3.89758 1.51073
vt -3.86122 2.58261
vt -3.87662 2.58313
f 1309/1309/1309 1310/1310/1310 1311/1311/1311
v 123.469 -0.003102 3.33574
v 123.475 -0.000262 3.33594
v 123.483 -0.003102 2.93597
vn -0.442696 0.896546 -0.0150216
vn -0.442696 0.896546 -0.0150216
vn -0.442696 0.896546 -0.0150216
vt -3.91298 1.51125
vt -3.89758 1.51073
vt -3.87662 2.58313
f 1312/1312/1312 1313/1313/1313 1314/1314/1314
v 123.481 0.000621 3.33613
v 123.494 0.000621 2.93636
v 123.488 -0.000262 2.93617
vn -0.148469 0.988904 -0.00503504
vn -0.148469 0.988904 -0.00503504
vn -0.148469 0.988904 -0.00503504
vt -3.88183 1.5102
vt -3.84547 2.58208
vt -3.86122 2.58261
f 1315/1315/1315 1316/1316/1316 1317/1317/1317
v 123.475 -0.000262 3.33594
v 123.481 0.000621 3.33613
v 123.488 -0.000262 2.93617
vn -0.148469 0.988904 -0.00503504
vn -0.148469 0.988904 -0.00503504
vn -0.148469 0.988904 -0.00503504
vt -3.89758 1.51073
vt -3.88183 1.5102
vt -3.86122 2.58261
f 1318/1318/1318 1319/1319/1319 1320/1320/1320
v 123.488 -0.000262 2.93617
v 123.502 -0.000262 2.5364
v 123.496 -0.003102 2.5362
vn -0.442696 0.896546 -0.0150216
vn -0.442696 0.896546 -0.0150216
vn -0.442696 0.896546 -0.0150216
vt -3.86122 2.58261
vt -3.82486 3.65448
vt -3.84025 3.65501
f 1321/1321/1321 1322/1322/1322 1323/1323/1323
v 123.483 -0.003102 2.93597
v 123.488 -0.000262 2.93617
v 123.496 -0.003102 2.5362
vn -0.443169 0.896312 -0.0150292
vn -0.443169 0.896312 -0.0150292
vn -0.443169 0.896312 -0.0150292
vt -3.87662 2.58313
vt -3.86122 2.58261
vt -3.84025 3.65501
f 1324/1324/1324 1325/1325/1325 1326/1326/1326
v 127.424 -0.007757 1.86046
v 127.403 -0.007757 2.26759
v 127.408 -0.003102 2.26779
vn -0.705881 0.707342 -0.0374086
vn -0.705881 0.707342 -0.0374086
vn -0.705881 0.707342 -0.0374086
vt 6.69237 5.46683
vt 6.63452 4.37522
vt 6.64699 4.37468
f 1327/1327/1327 1328/1328/1328 1329/1329/1329
v 127.429 -0.003102 1.86103
v 127.424 -0.007757 1.86046
v 127.408 -0.003102 2.26779
vn -0.706138 0.707085 -0.0374163
vn -0.706138 0.707085 -0.0374163
vn -0.706138 0.707085 -0.0374163
vt 6.70479 5.4653
vt 6.69237 5.46683
vt 6.64699 4.37468
f 1330/1330/1330 1331/1331/1331 1332/1332/1332
v 123.494 0.000621 2.93636
v 123.508 0.000621 2.5366
v 123.502 -0.000262 2.5364
vn -0.148469 0.988904 -0.00503787
vn -0.148469 0.988904 -0.00503787
vn -0.148469 0.988904 -0.00503787
vt -3.84547 2.58208
vt -3.80911 3.65395
vt -3.82486 3.65448
f 1333/1333/1333 1334/1334/1334 1335/1335/1335
v 123.488 -0.000262 2.93617
v 123.494 0.000621 2.93636
v 123.502 -0.000262 2.5364
vn -0.148469 0.988904 -0.00503787
vn -0.148469 0.988904 -0.00503787
vn -0.148469 0.988904 -0.00503787
vt -3.86122 2.58261
vt -3.84547 2.58208
vt -3.82486 3.65448
f 1336/1336/1336 1337/1337/1337 1338/1338/1338
v 127.422 -0.013503 1.86011
v 127.4 -0.013503 2.26746
v 127.403 -0.007757 2.26759
vn -0.895179 0.443174 -0.0474479
vn -0.895179 0.443174 -0.0474479
vn -0.895179 0.443174 -0.0474479
vt 6.68479 5.46776
vt 6.62691 4.37556
vt 6.63452 4.37522
f 1339/1339/1339 1340/1340/1340 1341/1341/1341
v 127.424 -0.007757 1.86046
v 127.422 -0.013503 1.86011
v 127.403 -0.007757 2.26759
vn -0.895385 0.442757 -0.0474515
vn -0.895385 0.442757 -0.0474515
vn -0.895385 0.442757 -0.0474515
vt 6.69237 5.46683
vt 6.68479 5.46776
vt 6.63452 4.37522
f 1342/1342/1342 1343/1343/1343 1344/1344/1344
v 127.373 -0.000262 3.46817
v 127.362 -0.000262 3.78211
v 127.368 0.000621 3.78818
vn -0.148636 0.988879 -0.00504252
vn -0.148636 0.988879 -0.00504252
vn -0.148636 0.988879 -0.00504252
vt 6.55322 1.15619
vt 6.52466 0.314437
vt 6.53987 0.298159
f 1345/1345/1345 1346/1346/1346 1347/1347/1347
v 127.378 0.000621 3.46836
v 127.373 -0.000262 3.46817
v 127.368 0.000621 3.78818
vn -0.148658 0.988876 -0.00504285
vn -0.148658 0.988876 -0.00504285
vn -0.148658 0.988876 -0.00504285
vt 6.56896 1.15566
vt 6.55322 1.15619
vt 6.53987 0.298159
f 1348/1348/1348 1349/1349/1349 1350/1350/1350
v 127.457 -0.013503 3.47105
v 127.444 -0.013503 3.86994
v 127.445 -0.019379 3.87085
vn 0.98828 0.148921 0.033533
vn 0.98828 0.148921 0.033533
vn 0.98828 0.148921 0.033533
vt 6.78097 1.14847
vt 6.74469 0.078955
vt 6.74697 0.076509
f 1351/1351/1351 1352/1352/1352 1353/1353/1353
v 127.458 -0.019379 3.47108
v 127.457 -0.013503 3.47105
v 127.445 -0.019379 3.87085
vn 0.988454 0.147763 0.0335215
vn 0.988454 0.147763 0.0335215
vn 0.988454 0.147763 0.0335215
vt 6.78334 1.14839
vt 6.78097 1.14847
vt 6.74697 0.076509
f 1354/1354/1354 1355/1355/1355 1356/1356/1356
v 123.546 -0.000262 3.33837
v 123.56 -0.000262 2.9386
v 123.554 0.000621 2.9384
vn 0.148468 0.988904 0.00503784
vn 0.148468 0.988904 0.00503784
vn 0.148468 0.988904 0.00503784
vt -3.70531 1.50421
vt -3.66895 2.57609
vt -3.68469 2.57662
f 1357/1357/1357 1358/1358/1358 1359/1359/1359
v 123.541 0.000621 3.33817
v 123.546 -0.000262 3.33837
v 123.554 0.000621 2.9384
vn 0.148468 0.988904 0.00503785
vn 0.148468 0.988904 0.00503785
vn 0.148468 0.988904 0.00503785
vt -3.72106 1.50474
vt -3.70531 1.50421
vt -3.68469 2.57662
f 1360/1360/1360 1361/1361/1361 1362/1362/1362
v 123.462 -0.013503 3.33549
v 123.475 -0.013503 2.93572
v 123.474 -0.019379 2.93569
vn -0.988266 0.149018 -0.033534
vn -0.988266 0.149018 -0.033534
vn -0.988266 0.149018 -0.033534
vt -3.93306 1.51194
vt -3.8967 2.58381
vt -3.89907 2.58389
f 1363/1363/1363 1364/1364/1364 1365/1365/1365
v 123.461 -0.019379 3.33546
v 123.462 -0.013503 3.33549
v 123.474 -0.019379 2.93569
vn -0.988455 0.147762 -0.0335215
vn -0.988455 0.147762 -0.0335215
vn -0.988455 0.147762 -0.0335215
vt -3.93543 1.51202
vt -3.93306 1.51194
vt -3.89907 2.58389
f 1366/1366/1366 1367/1367/1367 1368/1368/1368
v 127.386 -0.000262 3.0684
v 127.373 -0.000262 3.46817
v 127.378 0.000621 3.46836
vn -0.148658 0.988876 -0.00504144
vn -0.148658 0.988876 -0.00504144
vn -0.148658 0.988876 -0.00504144
vt 6.58958 2.22807
vt 6.55322 1.15619
vt 6.56896 1.15566
f 1369/1369/1369 1370/1370/1370 1371/1371/1371
v 127.392 0.000621 3.06859
v 127.386 -0.000262 3.0684
v 127.378 0.000621 3.46836
vn -0.148469 0.988904 -0.00503787
vn -0.148469 0.988904 -0.00503787
vn -0.148469 0.988904 -0.00503787
vt 6.60533 2.22754
vt 6.58958 2.22807
vt 6.56896 1.15566
f 1372/1372/1372 1373/1373/1373 1374/1374/1374
v 127.471 -0.013503 3.07128
v 127.457 -0.013503 3.47105
v 127.458 -0.019379 3.47108
vn 0.988454 0.147763 0.0335215
vn 0.988454 0.147763 0.0335215
vn 0.988454 0.147763 0.0335215
vt 6.81733 2.22034
vt 6.78097 1.14847
vt 6.78334 1.14839
f 1375/1375/1375 1376/1376/1376 1377/1377/1377
v 127.472 -0.019379 3.07131
v 127.471 -0.013503 3.07128
v 127.458 -0.019379 3.47108
vn 0.988266 0.149018 0.033534
vn 0.988266 0.149018 0.033534
vn 0.988266 0.149018 0.033534
vt 6.8197 2.22026
vt 6.81733 2.22034
vt 6.78334 1.14839
f 1378/1378/1378 1379/1379/1379 1380/1380/1380
v 123.56 -0.000262 2.9386
v 123.574 -0.000262 2.53883
v 123.568 0.000621 2.53863
vn 0.148657 0.988876 0.0050414
vn 0.148657 0.988876 0.0050414
vn 0.148657 0.988876 0.0050414
vt -3.66895 2.57609
vt -3.63258 3.64796
vt -3.64833 3.6485
f 1381/1381/1381 1382/1382/1382 1383/1383/1383
v 123.554 0.000621 2.9384
v 123.56 -0.000262 2.9386
v 123.568 0.000621 2.53863
vn 0.148468 0.988904 0.00503784
vn 0.148468 0.988904 0.00503784
vn 0.148468 0.988904 0.00503784
vt -3.68469 2.57662
vt -3.66895 2.57609
vt -3.64833 3.6485
f 1384/1384/1384 1385/1385/1385 1386/1386/1386
v 123.475 -0.013503 2.93572
v 123.489 -0.013503 2.53595
v 123.488 -0.019379 2.53592
vn -0.988454 0.147763 -0.0335215
vn -0.988454 0.147763 -0.0335215
vn -0.988454 0.147763 -0.0335215
vt -3.8967 2.58381
vt -3.86034 3.65569
vt -3.8627 3.65577
f 1387/1387/1387 1388/1388/1388 1389/1389/1389
v 123.474 -0.019379 2.93569
v 123.475 -0.013503 2.93572
v 123.488 -0.019379 2.53592
vn -0.988266 0.149018 -0.033534
vn -0.988266 0.149018 -0.033534
vn -0.988266 0.149018 -0.033534
vt -3.89907 2.58389
vt -3.8967 2.58381
vt -3.8627 3.65577
f 1390/1390/1390 1391/1391/1391 1392/1392/1392
v 127.4 -0.000262 2.66863
v 127.386 -0.000262 3.0684
v 127.392 0.000621 3.06859
vn -0.148469 0.988904 -0.00503787
vn -0.148469 0.988904 -0.00503787
vn -0.148469 0.988904 -0.00503787
vt 6.62594 3.29995
vt 6.58958 2.22807
vt 6.60533 2.22754
f 1393/1393/1393 1394/1394/1394 1395/1395/1395
v 127.406 0.000621 2.66882
v 127.4 -0.000262 2.66863
v 127.392 0.000621 3.06859
vn -0.148469 0.988904 -0.00503787
vn -0.148469 0.988904 -0.00503787
vn -0.148469 0.988904 -0.00503787
vt 6.64169 3.29941
vt 6.62594 3.29995
vt 6.60533 2.22754
f 1396/1396/1396 1397/1397/1397 1398/1398/1398
v 127.485 -0.013503 2.67151
v 127.471 -0.013503 3.07128
v 127.472 -0.019379 3.07131
vn 0.988266 0.149018 0.033534
vn 0.988266 0.149018 0.033534
vn 0.988266 0.149018 0.033534
vt 6.8537 3.29222
vt 6.81733 2.22034
vt 6.8197 2.22026
f 1399/1399/1399 1400/1400/1400 1401/1401/1401
v 127.485 -0.019379 2.67154
v 127.485 -0.013503 2.67151
v 127.472 -0.019379 3.07131
vn 0.988454 0.147763 0.0335215
vn 0.988454 0.147763 0.0335215
vn 0.988454 0.147763 0.0335215
vt 6.85606 3.29214
vt 6.8537 3.29222
vt 6.8197 2.22026
f 1402/1402/1402 1403/1403/1403 1404/1404/1404
v 123.574 -0.000262 2.53883
v 123.587 -0.000262 2.13824
v 123.581 0.000621 2.1381
vn 0.148515 0.988897 0.00504047
vn 0.148515 0.988897 0.00504047
vn 0.148515 0.988897 0.00504047
vt -3.63258 3.64796
vt -3.59614 4.72203
vt -3.6119 4.72241
f 1405/1405/1405 1406/1406/1406 1407/1407/1407
v 123.568 0.000621 2.53863
v 123.574 -0.000262 2.53883
v 123.581 0.000621 2.1381
vn 0.148657 0.988876 0.00504315
vn 0.148657 0.988876 0.00504315
vn 0.148657 0.988876 0.00504315
vt -3.64833 3.6485
vt -3.63258 3.64796
vt -3.6119 4.72241
f 1408/1408/1408 1409/1409/1409 1410/1410/1410
v 123.489 -0.013503 2.53595
v 123.502 -0.013503 2.13617
v 123.501 -0.019379 2.13615
vn -0.988273 0.148968 -0.0335335
vn -0.988273 0.148968 -0.0335335
vn -0.988273 0.148968 -0.0335335
vt -3.86034 3.65569
vt -3.82397 4.72759
vt -3.82634 4.72765
f 1411/1411/1411 1412/1412/1412 1413/1413/1413
v 123.488 -0.019379 2.53592
v 123.489 -0.013503 2.53595
v 123.501 -0.019379 2.13615
vn -0.988454 0.147763 -0.0335215
vn -0.988454 0.147763 -0.0335215
vn -0.988454 0.147763 -0.0335215
vt -3.8627 3.65577
vt -3.86034 3.65569
vt -3.82634 4.72765
f 1414/1414/1414 1415/1415/1415 1416/1416/1416
v 127.413 -0.000262 2.26804
v 127.4 -0.000262 2.66863
v 127.406 0.000621 2.66882
vn -0.148469 0.988904 -0.00503608
vn -0.148469 0.988904 -0.00503608
vn -0.148469 0.988904 -0.00503608
vt 6.66238 4.37401
vt 6.62594 3.29995
vt 6.64169 3.29941
f 1417/1417/1417 1418/1418/1418 1419/1419/1419
v 127.419 0.000621 2.26829
v 127.413 -0.000262 2.26804
v 127.406 0.000621 2.66882
vn -0.148422 0.988911 -0.00503519
vn -0.148422 0.988911 -0.00503519
vn -0.148422 0.988911 -0.00503519
vt 6.67812 4.37333
vt 6.66238 4.37401
vt 6.64169 3.29941
f 1420/1420/1420 1421/1421/1421 1422/1422/1422
v 127.498 -0.013503 2.27173
v 127.485 -0.013503 2.67151
v 127.485 -0.019379 2.67154
vn 0.988455 0.147763 0.0335209
vn 0.988455 0.147763 0.0335209
vn 0.988455 0.147763 0.0335209
vt 6.89006 4.36412
vt 6.8537 3.29222
vt 6.85606 3.29214
f 1423/1423/1423 1424/1424/1424 1425/1425/1425
v 127.499 -0.019379 2.27177
v 127.498 -0.013503 2.27173
v 127.485 -0.019379 2.67154
vn 0.988259 0.149062 0.0335338
vn 0.988259 0.149062 0.0335338
vn 0.988259 0.149062 0.0335338
vt 6.89243 4.36402
vt 6.89006 4.36412
vt 6.85606 3.29214
f 1426/1426/1426 1427/1427/1427 1428/1428/1428
v 123.587 -0.000262 2.13824
v 123.593 -0.000262 1.73141
v 123.587 0.000621 1.73173
vn 0.148567 0.9889 0.00220939
vn 0.148567 0.9889 0.00220939
vn 0.148567 0.9889 0.00220939
vt -3.59614 4.72203
vt -3.57992 5.81284
vt -3.59569 5.81197
f 1429/1429/1429 1430/1430/1430 1431/1431/1431
v 123.581 0.000621 2.1381
v 123.587 -0.000262 2.13824
v 123.587 0.000621 1.73173
vn 0.148584 0.988897 0.00220939
vn 0.148584 0.988897 0.00220939
vn 0.148584 0.988897 0.00220939
vt -3.6119 4.72241
vt -3.59614 4.72203
vt -3.59569 5.81197
f 1432/1432/1432 1433/1433/1433 1434/1434/1434
v 123.502 -0.013503 2.13617
v 123.508 -0.013503 1.73607
v 123.507 -0.019379 1.73612
vn -0.988758 0.148799 -0.0147065
vn -0.988758 0.148799 -0.0147065
vn -0.988758 0.148799 -0.0147065
vt -3.82397 4.72759
vt -3.80802 5.80034
vt -3.81039 5.80022
f 1435/1435/1435 1436/1436/1436 1437/1437/1437
v 123.501 -0.019379 2.13615
v 123.502 -0.013503 2.13617
v 123.507 -0.019379 1.73612
vn -0.988732 0.14897 -0.0147087
vn -0.988732 0.14897 -0.0147087
vn -0.988732 0.14897 -0.0147087
vt -3.82634 4.72765
vt -3.82397 4.72759
vt -3.81039 5.80022
f 1438/1438/1438 1439/1439/1439 1440/1440/1440
v 127.435 -0.000262 1.86173
v 127.413 -0.000262 2.26804
v 127.419 0.000621 2.26829
vn -0.148299 0.988911 -0.00786118
vn -0.148299 0.988911 -0.00786118
vn -0.148299 0.988911 -0.00786118
vt 6.72012 5.46341
vt 6.66238 4.37401
vt 6.67812 4.37333
f 1441/1441/1441 1442/1442/1442 1443/1443/1443
v 127.441 0.000621 1.86245
v 127.435 -0.000262 1.86173
v 127.419 0.000621 2.26829
vn -0.148444 0.98889 -0.00786672
vn -0.148444 0.98889 -0.00786672
vn -0.148444 0.98889 -0.00786672
vt 6.73579 5.46148
vt 6.72012 5.46341
vt 6.67812 4.37333
f 1444/1444/1444 1445/1445/1445 1446/1446/1446
v 127.519 -0.013503 1.87215
v 127.498 -0.013503 2.27173
v 127.499 -0.019379 2.27177
vn 0.987442 0.149061 0.0523378
vn 0.987442 0.149061 0.0523378
vn 0.987442 0.149061 0.0523378
vt 6.94684 5.43549
vt 6.89006 4.36412
vt 6.89243 4.36402
f 1447/1447/1447 1448/1448/1448 1449/1449/1449
v 127.52 -0.019379 1.87225
v 127.519 -0.013503 1.87215
v 127.499 -0.019379 2.27177
vn 0.987539 0.148417 0.0523332
vn 0.987539 0.148417 0.0523332
vn 0.987539 0.148417 0.0523332
vt 6.9492 5.4352
vt 6.94684 5.43549
vt 6.89243 4.36402
f 1450/1450/1450 1451/1451/1451 1452/1452/1452
v 123.593 -0.000262 1.73141
v 123.542 -0.000262 1.31798
v 123.536 0.000621 1.31909
vn 0.147459 0.988897 -0.0184222
vn 0.147459 0.988897 -0.0184222
vn 0.147459 0.988897 -0.0184222
vt -3.57992 5.81284
vt -3.7184 6.92135
vt -3.7339 6.91838
f 1453/1453/1453 1454/1454/1454 1455/1455/1455
v 123.587 0.000621 1.73173
v 123.593 -0.000262 1.73141
v 123.536 0.000621 1.31909
vn 0.147438 0.9889 -0.0184193
vn 0.147438 0.9889 -0.0184193
vn 0.147438 0.9889 -0.0184193
vt -3.59569 5.81197
vt -3.57992 5.81284
vt -3.7339 6.91838
f 1456/1456/1456 1457/1457/1457 1458/1458/1458
v 123.508 -0.013503 1.73607
v 123.458 -0.013503 1.33402
v 123.457 -0.019379 1.33419
vn -0.981255 0.148707 0.122579
vn -0.981255 0.148707 0.122579
vn -0.981255 0.148707 0.122579
vt -3.80802 5.80034
vt -3.94268 6.87834
vt -3.94501 6.87789
f 1459/1459/1459 1460/1460/1460 1461/1461/1461
v 123.507 -0.019379 1.73612
v 123.508 -0.013503 1.73607
v 123.457 -0.019379 1.33419
vn -0.981239 0.148811 0.122575
vn -0.981239 0.148811 0.122575
vn -0.981239 0.148811 0.122575
vt -3.81039 5.80022
vt -3.80802 5.80034
vt -3.94501 6.87789
f 1462/1462/1462 1463/1463/1463 1464/1464/1464
v 127.514 -0.000262 1.45275
v 127.435 -0.000262 1.86173
v 127.441 0.000621 1.86245
vn -0.145917 0.98889 -0.0283797
vn -0.145917 0.98889 -0.0283797
vn -0.145917 0.98889 -0.0283797
vt 6.9334 6.55999
vt 6.72012 5.46341
vt 6.73579 5.46148
f 1465/1465/1465 1466/1466/1466 1467/1467/1467
v 127.52 0.000621 1.45425
v 127.514 -0.000262 1.45275
v 127.441 0.000621 1.86245
vn -0.145948 0.988885 -0.0283852
vn -0.145948 0.988885 -0.0283852
vn -0.145948 0.988885 -0.0283852
vt 6.94867 6.55598
vt 6.9334 6.55999
vt 6.73579 5.46148
f 1468/1468/1468 1469/1469/1469 1470/1470/1470
v 127.597 -0.013503 1.47442
v 127.519 -0.013503 1.87215
v 127.52 -0.019379 1.87225
vn 0.970732 0.148416 0.188819
vn 0.970732 0.148416 0.188819
vn 0.970732 0.148416 0.188819
vt 7.15425 6.50188
vt 6.94684 5.43549
vt 6.9492 5.4352
f 1471/1471/1471 1472/1472/1472 1473/1473/1473
v 127.598 -0.019379 1.47465
v 127.597 -0.013503 1.47442
v 127.52 -0.019379 1.87225
vn 0.970735 0.148393 0.18882
vn 0.970735 0.148393 0.18882
vn 0.970735 0.148393 0.18882
vt 7.15655 6.50128
vt 7.15425 6.50188
vt 6.9492 5.4352
f 1474/1474/1474 1475/1475/1475 1476/1476/1476
v 123.542 -0.000262 1.31798
v 123.433 -0.000262 0.900301
v 123.427 0.000621 0.90236
vn 0.143739 0.988908 -0.0374172
vn 0.143739 0.988908 -0.0374172
vn 0.143739 0.988908 -0.0374172
vt -3.7184 6.92135
vt -4.00992 8.04124
vt -4.02477 8.03572
f 1477/1477/1477 1478/1478/1478 1479/1479/1479
v 123.536 0.000621 1.31909
v 123.542 -0.000262 1.31798
v 123.427 0.000621 0.90236
vn 0.143812 0.988897 -0.0374373
vn 0.143812 0.988897 -0.0374373
vn 0.143812 0.988897 -0.0374373
vt -3.7339 6.91838
vt -3.7184 6.92135
vt -4.02477 8.03572
f 1480/1480/1480 1481/1481/1481 1482/1482/1482
v 123.458 -0.013503 1.33402
v 123.353 -0.013503 0.93008
v 123.352 -0.019379 0.930389
vn -0.957009 0.148542 0.249135
vn -0.957009 0.148542 0.249135
vn -0.957009 0.148542 0.249135
vt -3.94268 6.87834
vt -4.22462 7.96139
vt -4.22685 7.96057
f 1483/1483/1483 1484/1484/1484 1485/1485/1485
v 123.457 -0.019379 1.33419
v 123.458 -0.013503 1.33402
v 123.352 -0.019379 0.930389
vn -0.956988 0.148692 0.249127
vn -0.956988 0.148692 0.249127
vn -0.956988 0.148692 0.249127
vt -3.94501 6.87789
vt -3.94268 6.87834
vt -4.22685 7.96057
f 1486/1486/1486 1487/1487/1487 1488/1488/1488
v 127.651 -0.000262 1.0434
v 127.514 -0.000262 1.45275
v 127.52 0.000621 1.45425
vn -0.141016 0.988885 -0.047122
vn -0.141016 0.988885 -0.047122
vn -0.141016 0.988885 -0.047122
vt 7.30016 7.65755
vt 6.9334 6.55999
vt 6.94867 6.55598
f 1489/1489/1489 1490/1490/1490 1491/1491/1491
v 127.656 0.000621 1.04583
v 127.651 -0.000262 1.0434
v 127.52 0.000621 1.45425
vn -0.141054 0.988879 -0.0471341
vn -0.141054 0.988879 -0.0471341
vn -0.141054 0.988879 -0.0471341
vt 7.31459 7.65103
vt 7.30016 7.65755
vt 6.94867 6.55598
f 1492/1492/1492 1493/1493/1493 1494/1494/1494
v 127.729 -0.013503 1.07854
v 127.597 -0.013503 1.47442
v 127.598 -0.019379 1.47465
vn 0.937948 0.148396 0.313419
vn 0.937948 0.148396 0.313419
vn 0.937948 0.148396 0.313419
vt 7.50895 7.56334
vt 7.15425 6.50188
vt 7.15655 6.50128
f 1495/1495/1495 1496/1496/1496 1497/1497/1497
v 127.73 -0.019379 1.0789
v 127.729 -0.013503 1.07854
v 127.598 -0.019379 1.47465
vn 0.937925 0.148556 0.313413
vn 0.937925 0.148556 0.313413
vn 0.937925 0.148556 0.313413
vt 7.51112 7.56236
vt 7.50895 7.56334
vt 7.15655 6.50128
f 1498/1498/1498 1499/1499/1499 1500/1500/1500
v 123.433 -0.000262 0.900301
v 123.225 -0.000262 0.478638
v 123.22 0.000621 0.481698
vn 0.133327 0.988897 -0.0656284
vn 0.133327 0.988897 -0.0656284
vn 0.133327 0.988897 -0.0656284
vt -4.00992 8.04124
vt -4.56643 9.17181
vt -4.57995 9.16361
f 1501/1501/1501 1502/1502/1502 1503/1503/1503
v 123.427 0.000621 0.90236
v 123.433 -0.000262 0.900301
v 123.22 0.000621 0.481698
vn 0.133264 0.988907 -0.0655962
vn 0.133264 0.988907 -0.0655962
vn 0.133264 0.988907 -0.0655962
vt -4.02477 8.03572
vt -4.00992 8.04124
vt -4.57995 9.16361
f 1504/1504/1504 1505/1505/1505 1506/1506/1506
v 123.353 -0.013503 0.93008
v 123.152 -0.013503 0.522902
v 123.152 -0.019379 0.523362
vn -0.887286 0.148241 0.436747
vn -0.887286 0.148241 0.436747
vn -0.887286 0.148241 0.436747
vt -4.22462 7.96139
vt -4.76201 9.05313
vt -4.76404 9.0519
f 1507/1507/1507 1508/1508/1508 1509/1509/1509
v 123.352 -0.019379 0.930389
v 123.353 -0.013503 0.93008
v 123.152 -0.019379 0.523362
vn -0.887249 0.148534 0.436724
vn -0.887249 0.148534 0.436724
vn -0.887249 0.148534 0.436724
vt -4.22685 7.96057
vt -4.22462 7.96139
vt -4.76404 9.0519
f 1510/1510/1510 1511/1511/1511 1512/1512/1512
v 127.887 -0.000262 0.636775
v 127.651 -0.000262 1.0434
v 127.656 0.000621 1.04583
vn -0.128666 0.988881 -0.0745669
vn -0.128666 0.988881 -0.0745669
vn -0.128666 0.988881 -0.0745669
vt 7.932 8.74781
vt 7.30016 7.65755
vt 7.31459 7.65103
f 1513/1513/1513 1514/1514/1514 1515/1515/1515
v 127.892 0.000621 0.640171
v 127.887 -0.000262 0.636775
v 127.656 0.000621 1.04583
vn -0.128601 0.988892 -0.0745306
vn -0.128601 0.988892 -0.0745306
vn -0.128601 0.988892 -0.0745306
vt 7.94494 8.73871
vt 7.932 8.74781
vt 7.31459 7.65103
f 1516/1516/1516 1517/1517/1517 1518/1518/1518
v 127.957 -0.013503 0.685882
v 127.729 -0.013503 1.07854
v 127.73 -0.019379 1.0789
vn 0.855609 0.14856 0.495845
vn 0.855609 0.14856 0.495845
vn 0.855609 0.14856 0.495845
vt 8.11909 8.61615
vt 7.50895 7.56334
vt 7.51112 7.56236
f 1519/1519/1519 1520/1520/1520 1521/1521/1521
v 127.957 -0.019379 0.686392
v 127.957 -0.013503 0.685882
v 127.73 -0.019379 1.0789
vn 0.855607 0.148577 0.495844
vn 0.855607 0.148577 0.495844
vn 0.855607 0.148577 0.495844
vt 8.12103 8.61478
vt 8.11909 8.61615
vt 7.51112 7.56236
f 1522/1522/1522 1523/1523/1523 1524/1524/1524
v 123.225 -0.000262 0.478638
v 122.916 -0.000262 0.057169
v 122.911 0.000621 0.060983
vn 0.119704 0.98891 -0.0879103
vn 0.119704 0.98891 -0.0879103
vn 0.119704 0.98891 -0.0879103
vt -4.56643 9.17181
vt -5.39634 10.3019
vt -5.40838 10.2916
f 1525/1525/1525 1526/1526/1526 1527/1527/1527
v 123.22 0.000621 0.481698
v 123.225 -0.000262 0.478638
v 122.911 0.000621 0.060983
vn 0.119775 0.988897 -0.0879631
vn 0.119775 0.988897 -0.0879631
vn 0.119775 0.988897 -0.0879631
vt -4.57995 9.16361
vt -4.56643 9.17181
vt -5.40838 10.2916
f 1528/1528/1528 1529/1529/1529 1530/1530/1530
v 123.152 -0.013503 0.522902
v 122.851 -0.013503 0.112323
v 122.85 -0.019379 0.112906
vn -0.796755 0.151157 0.585092
vn -0.796755 0.151157 0.585092
vn -0.796755 0.151157 0.585092
vt -4.76201 9.05313
vt -5.57043 10.154
vt -5.57227 10.1524
f 1531/1531/1531 1532/1532/1532 1533/1533/1533
v 123.152 -0.019379 0.523362
v 123.152 -0.013503 0.522902
v 122.85 -0.019379 0.112906
vn -0.797086 0.148282 0.585377
vn -0.797086 0.148282 0.585377
vn -0.797086 0.148282 0.585377
vt -4.76404 9.0519
vt -4.76201 9.05313
vt -5.57227 10.1524
f 1534/1534/1534 1535/1535/1535 1536/1536/1536
v 128.224 -0.000262 0.237252
v 127.887 -0.000262 0.636775
v 127.892 0.000621 0.640171
vn -0.113556 0.988893 -0.0958931
vn -0.113556 0.988893 -0.0958931
vn -0.113556 0.988893 -0.0958931
vt 8.83659 9.81902
vt 7.932 8.74781
vt 7.94494 8.73871
f 1537/1537/1537 1538/1538/1538 1539/1539/1539
v 128.228 0.000621 0.241362
v 128.224 -0.000262 0.237252
v 127.892 0.000621 0.640171
vn -0.113664 0.988872 -0.095982
vn -0.113664 0.988872 -0.095982
vn -0.113664 0.988872 -0.095982
vt 8.84791 9.80801
vt 8.83659 9.81902
vt 7.94494 8.73871
f 1540/1540/1540 1541/1541/1541 1542/1542/1542
v 128.285 -0.013503 0.296691
v 127.957 -0.013503 0.685882
v 127.957 -0.019379 0.686392
vn 0.755542 0.148576 0.63803
vn 0.755542 0.148576 0.63803
vn 0.755542 0.148576 0.63803
vt 9.00029 9.65966
vt 8.11909 8.61615
vt 8.12103 8.61478
f 1543/1543/1543 1544/1544/1544 1545/1545/1545
v 128.286 -0.019379 0.297308
v 128.285 -0.013503 0.296691
v 127.957 -0.019379 0.686392
vn 0.755677 0.147461 0.638128
vn 0.755677 0.147461 0.638128
vn 0.755677 0.147461 0.638128
vt 9.00198 9.658
vt 9.00029 9.65966
vt 8.12103 8.61478
f 1546/1546/1546 1547/1547/1547 1548/1548/1548
v 128.486 -0.000262 0.00397
v 128.224 -0.000262 0.237252
v 128.228 0.000621 0.241362
vn -0.0989753 0.988876 -0.111034
vn -0.0989753 0.988876 -0.111034
vn -0.0989753 0.988876 -0.111034
vt 9.53829 10.4445
vt 8.83659 9.81902
vt 8.84791 9.80801
f 1549/1549/1549 1550/1550/1550 1551/1551/1551
v 128.494 0.000621 0.004279
v 128.486 -0.000262 0.00397
v 128.228 0.000621 0.241362
vn -0.0988835 0.988896 -0.110934
vn -0.0988835 0.988896 -0.110934
vn -0.0988835 0.988896 -0.110934
vt 9.56104 10.4437
vt 9.53829 10.4445
vt 8.84791 9.80801
f 1552/1552/1552 1553/1553/1553 1554/1554/1554
v 128.713 -0.013503 0.01224
v 128.285 -0.013503 0.296691
v 128.286 -0.019379 0.297308
vn 0.547464 0.144831 0.824201
vn 0.547464 0.144831 0.824201
vn 0.547464 0.144831 0.824201
vt 10.1485 10.4223
vt 9.00029 9.65966
vt 9.00198 9.658
f 1555/1555/1555 1556/1556/1556 1557/1557/1557
v 128.715 -0.019379 0.012295
v 128.713 -0.013503 0.01224
v 128.286 -0.019379 0.297308
vn 0.547139 0.148371 0.823787
vn 0.547139 0.148371 0.823787
vn 0.547139 0.148371 0.823787
vt 10.1526 10.4222
vt 10.1485 10.4223
vt 9.00198 9.658
f 1558/1558/1558 1559/1559/1559 1560/1560/1560
v 122.916 -0.000262 0.057169
v 122.676 -0.013003 -0.18781
v 122.667 -0.01212 -0.188722
vn 0.110976 0.980909 -0.159694
vn 0.110976 0.980909 -0.159694
vn 0.110976 0.980909 -0.159694
vt -5.39634 10.3019
vt -6.03959 10.9587
vt -6.06403 10.9612
f 1561/1561/1561 1562/1562/1562 1563/1563/1563
v 122.911 0.000621 0.060983
v 122.916 -0.000262 0.057169
v 122.667 -0.01212 -0.188722
vn 0.0826447 0.987887 -0.131338
vn 0.0826447 0.987887 -0.131338
vn 0.0826447 0.987887 -0.131338
vt -5.40838 10.2916
vt -5.39634 10.3019
vt -6.06403 10.9612
f 1564/1564/1564 1565/1565/1565 1566/1566/1566
v 122.851 -0.013503 0.112323
v 122.443 -0.026244 -0.211063
v 122.442 -0.03212 -0.211226
vn -0.617493 0.14935 0.772267
vn -0.617493 0.14935 0.772267
vn -0.617493 0.14935 0.772267
vt -5.57043 10.154
vt -6.66309 11.0211
vt -6.66744 11.0215
f 1567/1567/1567 1568/1568/1568 1569/1569/1569
v 122.85 -0.019379 0.112906
v 122.851 -0.013503 0.112323
v 122.442 -0.03212 -0.211226
vn -0.61753 0.148792 0.772346
vn -0.61753 0.148792 0.772346
vn -0.61753 0.148792 0.772346
vt -5.57227 10.1524
vt -5.57043 10.154
vt -6.66744 11.0215
f 1570/1570/1570 1571/1571/1571 1572/1572/1572
v 127.38 -0.003102 3.0682
v 127.367 -0.003102 3.46797
v 127.373 -0.000262 3.46817
vn -0.442696 0.896546 -0.0150216
vn -0.442696 0.896546 -0.0150216
vn -0.442696 0.896546 -0.0150216
vt 6.57418 2.22859
vt 6.53782 1.15672
vt 6.55322 1.15619
f 1573/1573/1573 1574/1574/1574 1575/1575/1575
v 127.386 -0.000262 3.0684
v 127.38 -0.003102 3.0682
v 127.373 -0.000262 3.46817
vn -0.443169 0.896312 -0.0150292
vn -0.443169 0.896312 -0.0150292
vn -0.443169 0.896312 -0.0150292
vt 6.58958 2.22807
vt 6.57418 2.22859
vt 6.55322 1.15619
f 1576/1576/1576 1577/1577/1577 1578/1578/1578
v 127.376 -0.007757 3.06804
v 127.362 -0.007757 3.46781
v 127.367 -0.003102 3.46797
vn -0.706578 0.707229 -0.0239757
vn -0.706578 0.707229 -0.0239757
vn -0.706578 0.707229 -0.0239757
vt 6.56171 2.22901
vt 6.52535 1.15714
vt 6.53782 1.15672
f 1579/1579/1579 1580/1580/1580 1581/1581/1581
v 127.38 -0.003102 3.0682
v 127.376 -0.007757 3.06804
v 127.367 -0.003102 3.46797
vn -0.706578 0.707229 -0.0239757
vn -0.706578 0.707229 -0.0239757
vn -0.706578 0.707229 -0.0239757
vt 6.57418 2.22859
vt 6.56171 2.22901
vt 6.53782 1.15672
f 1582/1582/1582 1583/1583/1583 1584/1584/1584
v 127.373 -0.013503 3.06795
v 127.359 -0.013503 3.46772
v 127.362 -0.007757 3.46781
vn -0.895976 0.44306 -0.0304024
vn -0.895976 0.44306 -0.0304024
vn -0.895976 0.44306 -0.0304024
vt 6.5541 2.22927
vt 6.51773 1.1574
vt 6.52535 1.15714
f 1585/1585/1585 1586/1586/1586 1587/1587/1587
v 127.376 -0.007757 3.06804
v 127.373 -0.013503 3.06795
v 127.362 -0.007757 3.46781
vn -0.895976 0.44306 -0.0304024
vn -0.895976 0.44306 -0.0304024
vn -0.895976 0.44306 -0.0304024
vt 6.56171 2.22901
vt 6.5541 2.22927
vt 6.52535 1.15714
f 1588/1588/1588 1589/1589/1589 1590/1590/1590
v 123.57 -0.007757 2.93895
v 123.584 -0.007757 2.53918
v 123.579 -0.003102 2.53902
vn 0.706578 0.707229 0.0239757
vn 0.706578 0.707229 0.0239757
vn 0.706578 0.707229 0.0239757
vt -3.64108 2.57514
vt -3.60471 3.64702
vt -3.61718 3.64744
f 1591/1591/1591 1592/1592/1592 1593/1593/1593
v 123.566 -0.003102 2.93879
v 123.57 -0.007757 2.93895
v 123.579 -0.003102 2.53902
vn 0.706578 0.707229 0.0239757
vn 0.706578 0.707229 0.0239757
vn 0.706578 0.707229 0.0239757
vt -3.65355 2.57557
vt -3.64108 2.57514
vt -3.61718 3.64744
f 1594/1594/1594 1595/1595/1595 1596/1596/1596
v 127.372 -0.019379 3.06792
v 127.358 -0.019379 3.46769
v 127.359 -0.013503 3.46772
vn -0.988454 0.147763 -0.0335216
vn -0.988454 0.147763 -0.0335216
vn -0.988454 0.147763 -0.0335216
vt 6.55173 2.22936
vt 6.51537 1.15748
vt 6.51773 1.1574
f 1597/1597/1597 1598/1598/1598 1599/1599/1599
v 127.373 -0.013503 3.06795
v 127.372 -0.019379 3.06792
v 127.359 -0.013503 3.46772
vn -0.988266 0.149017 -0.033534
vn -0.988266 0.149017 -0.033534
vn -0.988266 0.149017 -0.033534
vt 6.5541 2.22927
vt 6.55173 2.22936
vt 6.51773 1.1574
f 1600/1600/1600 1601/1601/1601 1602/1602/1602
v 127.468 -0.007757 3.07118
v 127.455 -0.007757 3.47095
v 127.457 -0.013503 3.47105
vn 0.895504 0.444014 0.0303864
vn 0.895504 0.444014 0.0303864
vn 0.895504 0.444014 0.0303864
vt 6.80972 2.2206
vt 6.77336 1.14873
vt 6.78097 1.14847
f 1603/1603/1603 1604/1604/1604 1605/1605/1605
v 127.471 -0.013503 3.07128
v 127.468 -0.007757 3.07118
v 127.457 -0.013503 3.47105
vn 0.895977 0.443059 0.0303854
vn 0.895977 0.443059 0.0303854
vn 0.895977 0.443059 0.0303854
vt 6.81733 2.22034
vt 6.80972 2.2206
vt 6.78097 1.14847
f 1606/1606/1606 1607/1607/1607 1608/1608/1608
v 127.464 -0.003102 3.07102
v 127.45 -0.003102 3.47079
v 127.455 -0.007757 3.47095
vn 0.707157 0.70665 0.0239819
vn 0.707157 0.70665 0.0239819
vn 0.707157 0.70665 0.0239819
vt 6.79725 2.22102
vt 6.76089 1.14915
vt 6.77336 1.14873
f 1609/1609/1609 1610/1610/1610 1611/1611/1611
v 127.468 -0.007757 3.07118
v 127.464 -0.003102 3.07102
v 127.455 -0.007757 3.47095
vn 0.706578 0.707229 0.0239757
vn 0.706578 0.707229 0.0239757
vn 0.706578 0.707229 0.0239757
vt 6.80972 2.2206
vt 6.79725 2.22102
vt 6.77336 1.14873
f 1612/1612/1612 1613/1613/1613 1614/1614/1614
v 127.458 -0.000262 3.07083
v 127.444 -0.000262 3.4706
v 127.45 -0.003102 3.47079
vn 0.442696 0.896546 0.0150216
vn 0.442696 0.896546 0.0150216
vn 0.442696 0.896546 0.0150216
vt 6.78185 2.22155
vt 6.74549 1.14967
vt 6.76089 1.14915
f 1615/1615/1615 1616/1616/1616 1617/1617/1617
v 127.464 -0.003102 3.07102
v 127.458 -0.000262 3.07083
v 127.45 -0.003102 3.47079
vn 0.443169 0.896312 0.0150292
vn 0.443169 0.896312 0.0150292
vn 0.443169 0.896312 0.0150292
vt 6.79725 2.22102
vt 6.78185 2.22155
vt 6.76089 1.14915
f 1618/1618/1618 1619/1619/1619 1620/1620/1620
v 123.542 -0.003102 3.64676
v 123.552 -0.003102 3.33856
v 123.546 -0.000262 3.33837
vn 0.442698 0.896545 0.0150245
vn 0.442698 0.896545 0.0150245
vn 0.442698 0.896545 0.0150245
vt -3.71794 0.677329
vt -3.68991 1.50369
vt -3.70531 1.50421
f 1621/1621/1621 1622/1622/1622 1623/1623/1623
v 123.536 -0.000262 3.65231
v 123.542 -0.003102 3.64676
v 123.546 -0.000262 3.33837
vn 0.44295 0.89642 0.0150272
vn 0.44295 0.89642 0.0150272
vn 0.44295 0.89642 0.0150272
vt -3.73386 0.662454
vt -3.71794 0.677329
vt -3.70531 1.50421
f 1624/1624/1624 1625/1625/1625 1626/1626/1626
v 123.547 -0.007757 3.64227
v 123.557 -0.007757 3.33872
v 123.552 -0.003102 3.33856
vn 0.706578 0.707229 0.0239748
vn 0.706578 0.707229 0.0239748
vn 0.706578 0.707229 0.0239748
vt -3.70505 0.68938
vt -3.67744 1.50326
vt -3.68991 1.50369
f 1627/1627/1627 1628/1628/1628 1629/1629/1629
v 123.542 -0.003102 3.64676
v 123.547 -0.007757 3.64227
v 123.552 -0.003102 3.33856
vn 0.7064 0.707406 0.0239742
vn 0.7064 0.707406 0.0239742
vn 0.7064 0.707406 0.0239742
vt -3.71794 0.677329
vt -3.70505 0.68938
vt -3.68991 1.50369
f 1630/1630/1630 1631/1631/1631 1632/1632/1632
v 127.445 -0.019379 3.87085
v 127.348 -0.019379 3.76751
v 127.348 -0.039379 3.76751
vn -0.730655 0 0.682747
vn -0.730655 0 0.682747
vn -0.730655 0 0.682747
vt 1 0
vt 1 1
vt 0 1
f 1633/1633/1633 1634/1634/1634 1635/1635/1635
v 127.445 -0.039379 3.87085
v 127.445 -0.019379 3.87085
v 127.348 -0.039379 3.76751
vn -0.730655 0 0.682747
vn -0.730655 0 0.682747
vn -0.730655 0 0.682747
vt 0 0
vt 1 0
vt 0 1
f 1636/1636/1636 1637/1637/1637 1638/1638/1638
v 127.444 -0.013503 3.86994
v 127.349 -0.013503 3.76843
v 127.348 -0.019379 3.76751
vn -0.730672 0.000295735 0.682729
vn -0.730672 0.000295735 0.682729
vn -0.730672 0.000295735 0.682729
vt 1 0
vt 1 1
vt 0 1
f 1639/1639/1639 1640/1640/1640 1641/1641/1641
v 127.445 -0.019379 3.87085
v 127.444 -0.013503 3.86994
v 127.348 -0.019379 3.76751
vn -0.730655 -0.000290508 0.682747
vn -0.730655 -0.000290508 0.682747
vn -0.730655 -0.000290508 0.682747
vt 0 0
vt 1 0
vt 0 1
f 1642/1642/1642 1643/1643/1643 1644/1644/1644
v 127.349 -0.013503 3.76843
v 127.444 -0.013503 3.86994
v 127.441 -0.007757 3.867
vn -0.730672 -0.000537037 0.682729
vn -0.730672 -0.000537037 0.682729
vn -0.730672 -0.000537037 0.682729
vt 1 0
vt 1 1
vt 0 1
f 1645/1645/1645 1646/1646/1646 1647/1647/1647
v 127.352 -0.007757 3.77136
v 127.349 -0.013503 3.76843
v 127.441 -0.007757 3.867
vn -0.7307 0.000424037 0.682699
vn -0.7307 0.000424037 0.682699
vn -0.7307 0.000424037 0.682699
vt 0 0
vt 1 0
vt 0 1
f 1648/1648/1648 1649/1649/1649 1650/1650/1650
v 127.437 -0.003102 3.86219
v 127.356 -0.003102 3.77617
v 127.352 -0.007757 3.77136
vn -0.730701 0.000114618 0.682698
vn -0.730701 0.000114618 0.682698
vn -0.730701 0.000114618 0.682698
vt 1 0
vt 1 1
vt 0 1
f 1651/1651/1651 1652/1652/1652 1653/1653/1653
v 127.441 -0.007757 3.867
v 127.437 -0.003102 3.86219
v 127.352 -0.007757 3.77136
vn -0.7307 6.29495e-005 0.682699
vn -0.7307 6.29495e-005 0.682699
vn -0.7307 6.29495e-005 0.682699
vt 0 0
vt 1 0
vt 0 1
f 1654/1654/1654 1655/1655/1655 1656/1656/1656
v 127.431 -0.000262 3.85625
v 127.362 -0.000262 3.78211
v 127.356 -0.003102 3.77617
vn -0.730692 -0.00039492 0.682708
vn -0.730692 -0.00039492 0.682708
vn -0.730692 -0.00039492 0.682708
vt 1 0
vt 1 1
vt 0 1
f 1657/1657/1657 1658/1658/1658 1659/1659/1659
v 127.437 -0.003102 3.86219
v 127.431 -0.000262 3.85625
v 127.356 -0.003102 3.77617
vn -0.730701 0.000126976 0.682698
vn -0.730701 0.000126976 0.682698
vn -0.730701 0.000126976 0.682698
vt 0 0
vt 1 0
vt 0 1
f 1660/1660/1660 1661/1661/1661 1662/1662/1662
v 127.362 -0.000262 3.78211
v 127.431 -0.000262 3.85625
v 127.425 0.000621 3.85018
vn -0.730687 0.00366915 0.682703
vn -0.730687 0.00366915 0.682703
vn -0.730687 0.00366915 0.682703
vt 1 0
vt 1 1
vt 0 1
f 1663/1663/1663 1664/1664/1664 1665/1665/1665
v 127.368 0.000621 3.78818
v 127.362 -0.000262 3.78211
v 127.425 0.000621 3.85018
vn -0.730631 -0.00458987 0.682758
vn -0.730631 -0.00458987 0.682758
vn -0.730631 -0.00458987 0.682758
vt 0 0
vt 1 0
vt 0 1
f 1666/1666/1666 1667/1667/1667 1668/1668/1668
v 123.55 -0.019379 3.63867
v 123.447 -0.019379 3.73523
v 123.447 -0.039379 3.73523
vn 0.682728 -0 0.730673
vn 0.682728 -0 0.730673
vn 0.682728 -0 0.730673
vt 1 0
vt 1 1
vt 0 1
f 1669/1669/1669 1670/1670/1670 1671/1671/1671
v 123.55 -0.039379 3.63867
v 123.55 -0.019379 3.63867
v 123.447 -0.039379 3.73523
vn 0.682728 0 0.730673
vn 0.682728 0 0.730673
vn 0.682728 0 0.730673
vt 0 0
vt 1 0
vt 0 1
f 1672/1672/1672 1673/1673/1673 1674/1674/1674
v 123.55 -0.013503 3.63953
v 123.448 -0.013503 3.73438
v 123.447 -0.019379 3.73523
vn 0.682726 -0.00041546 0.730674
vn 0.682726 -0.00041546 0.730674
vn 0.682726 -0.00041546 0.730674
vt 1 0
vt 1 1
vt 0 1
f 1675/1675/1675 1676/1676/1676 1677/1677/1677
v 123.55 -0.019379 3.63867
v 123.55 -0.013503 3.63953
v 123.447 -0.019379 3.73523
vn 0.682728 -0.000470502 0.730673
vn 0.682728 -0.000470502 0.730673
vn 0.682728 -0.000470502 0.730673
vt 0 0
vt 1 0
vt 0 1
f 1678/1678/1678 1679/1679/1679 1680/1680/1680
v 123.448 -0.013503 3.73438
v 123.55 -0.013503 3.63953
v 123.547 -0.007757 3.64227
vn 0.682726 0.000198382 0.730674
vn 0.682726 0.000198382 0.730674
vn 0.682726 0.000198382 0.730674
vt 1 0
vt 1 1
vt 0 1
f 1681/1681/1681 1682/1682/1682 1683/1683/1683
v 123.451 -0.007757 3.73163
v 123.448 -0.013503 3.73438
v 123.547 -0.007757 3.64227
vn 0.68271 0.000723754 0.730689
vn 0.68271 0.000723754 0.730689
vn 0.68271 0.000723754 0.730689
vt 0 0
vt 1 0
vt 0 1
f 1684/1684/1684 1685/1685/1685 1686/1686/1686
v 123.542 -0.003102 3.64676
v 123.456 -0.003102 3.72714
v 123.451 -0.007757 3.73163
vn 0.682747 -0.000712591 0.730655
vn 0.682747 -0.000712591 0.730655
vn 0.682747 -0.000712591 0.730655
vt 1 0
vt 1 1
vt 0 1
f 1687/1687/1687 1688/1688/1688 1689/1689/1689
v 123.547 -0.007757 3.64227
v 123.542 -0.003102 3.64676
v 123.451 -0.007757 3.73163
vn 0.68271 0.000640884 0.730689
vn 0.68271 0.000640884 0.730689
vn 0.68271 0.000640884 0.730689
vt 0 0
vt 1 0
vt 0 1
f 1690/1690/1690 1691/1691/1691 1692/1692/1692
v 123.456 -0.003102 3.72714
v 123.542 -0.003102 3.64676
v 123.536 -0.000262 3.65231
vn 0.682747 -0.000392091 0.730655
vn 0.682747 -0.000392091 0.730655
vn 0.682747 -0.000392091 0.730655
vt 1 0
vt 1 1
vt 0 1
f 1693/1693/1693 1694/1694/1694 1695/1695/1695
v 123.462 -0.000262 3.72159
v 123.456 -0.003102 3.72714
v 123.536 -0.000262 3.65231
vn 0.682731 0.00045488 0.73067
vn 0.682731 0.00045488 0.73067
vn 0.682731 0.00045488 0.73067
vt 0 0
vt 1 0
vt 0 1
f 1696/1696/1696 1697/1697/1697 1698/1698/1698
v 123.53 0.000621 3.65798
v 123.468 0.000621 3.71592
v 123.462 -0.000262 3.72159
vn 0.68275 -0.00160273 0.73065
vn 0.68275 -0.00160273 0.73065
vn 0.68275 -0.00160273 0.73065
vt 1 0
vt 1 1
vt 0 1
f 1699/1699/1699 1700/1700/1700 1701/1701/1701
v 123.536 -0.000262 3.65231
v 123.53 0.000621 3.65798
v 123.462 -0.000262 3.72159
vn 0.68273 0.00134021 0.730669
vn 0.68273 0.00134021 0.730669
vn 0.68273 0.00134021 0.730669
vt 0 0
vt 1 0
vt 0 1
f 1702/1702/1702 1703/1703/1703 1704/1704/1704
v 0.072835 0.1 3.43992
v -2.35234 0.047048 0.077631
v -2.36055 0.046166 0.077691
vn -0.106153 0.992481 0.0609364
vn -0.106153 0.992481 0.0609364
vn -0.106153 0.992481 0.0609364
vt -33.1837 -0.069586
vt -45.3858 20.5259
vt -45.4275 20.5258
f 1705/1705/1705 1706/1706/1706 1707/1707/1707
v 0.06881 0.099117 3.44578
v 0.072835 0.1 3.43992
v -2.36055 0.046166 0.077691
vn -0.117035 0.990739 0.0688402
vn -0.117035 0.990739 0.0688402
vn -0.117035 0.990739 0.0688402
vt -33.2042 -0.105243
vt -33.1837 -0.069586
vt -45.4275 20.5258
f 1708/1708/1708 1709/1709/1709 1710/1710/1710
v 13.2987 0.08 3.36177
v 0.059135 0.08 3.45988
v 0.059135 0 3.45988
vn 0.00741021 -0 0.999973
vn 0.00741021 -0 0.999973
vn 0.00741021 -0 0.999973
vt 33.8505 -0.313002
vt -33.2536 -0.313002
vt -33.2536 -0.801203
f 1711/1711/1711 1712/1712/1712 1713/1713/1713
v 13.2987 0 3.36177
v 13.2987 0.08 3.36177
v 0.059135 0 3.45988
vn 0.00741021 0 0.999973
vn 0.00741021 0 0.999973
vn 0.00741021 0 0.999973
vt 33.8505 -0.801203
vt 33.8505 -0.313002
vt -33.2536 -0.801203
f 1714/1714/1714 1715/1715/1715 1716/1716/1716
v 0.114328 0.1 3.37947
v -2.20044 0.047048 0.076523
v -2.35234 0.047048 0.077631
vn -0.000116328 0.999873 -0.0159482
vn -0.000116328 0.999873 -0.0159482
vn -0.000116328 0.999873 -0.0159482
vt -32.9718 0.297992
vt -44.6159 20.5278
vt -45.3858 20.5259
f 1717/1717/1717 1718/1718/1718 1719/1719/1719
v 0.072835 0.1 3.43992
v 0.114328 0.1 3.37947
v -2.35234 0.047048 0.077631
vn -0.0111868 0.999908 -0.00767842
vn -0.0111868 0.999908 -0.00767842
vn -0.0111868 0.999908 -0.00767842
vt -33.1837 -0.069586
vt -32.9718 0.297992
vt -45.3858 20.5259
f 1720/1720/1720 1721/1721/1721 1722/1722/1722
v 13.2422 0.1 3.28218
v 0.114328 0.1 3.37947
v 0.072835 0.1 3.43992
vn 0 1 0
vn 0 1 0
vn 0 1 0
vt 33.566 0.472186
vt -32.9718 0.297992
vt -33.1837 -0.069586
f 1723/1723/1723 1724/1724/1724 1725/1725/1725
v 13.2846 0.1 3.34187
v 13.2422 0.1 3.28218
v 0.072835 0.1 3.43992
vn -0 1 0
vn -0 1 0
vn -0 1 0
vt 33.7794 0.106593
vt 33.566 0.472186
vt -33.1837 -0.069586
f 1726/1726/1726 1727/1727/1727 1728/1728/1728
v 15.6799 0.018956 -0.054359
v 13.2987 0.08 3.36177
v 13.2987 0 3.36177
vn 0.820373 -0 0.571828
vn 0.820373 -0 0.571828
vn 0.820373 -0 0.571828
vt 46.0095 -0.685502
vt 33.8505 -0.313002
vt 33.8505 -0.801203
f 1729/1729/1729 1730/1730/1730 1731/1731/1731
v 15.6799 0 -0.054359
v 15.6799 0.018956 -0.054359
v 13.2987 0 3.36177
vn 0.820373 0 0.571828
vn 0.820373 0 0.571828
vn 0.820373 0 0.571828
vt 46.0095 -0.801203
vt 46.0095 -0.685502
vt 33.8505 -0.801203
f 1732/1732/1732 1733/1733/1733 1734/1734/1734
v 15.4999 0.038956 -0.054427
v 13.2422 0.1 3.28218
v 13.2846 0.1 3.34187
vn 0.0131866 0.999869 -0.00937
vn 0.0131866 0.999869 -0.00937
vn 0.0131866 0.999869 -0.00937
vt 45.0974 20.7614
vt 33.566 0.472186
vt 33.7794 0.106593
f 1735/1735/1735 1736/1736/1736 1737/1737/1737
v 15.6521 0.038956 -0.054369
v 15.4999 0.038956 -0.054427
v 13.2846 0.1 3.34187
vn 6.84823e-006 0.999839 -0.0179663
vn 6.84823e-006 0.999839 -0.0179663
vn 6.84823e-006 0.999839 -0.0179663
vt 45.8686 20.7562
vt 45.0974 20.7614
vt 33.7794 0.106593
f 1738/1738/1738 1739/1739/1739 1740/1740/1740
v -2.36858 0.043325 0.07775
v -2.36055 0.046166 0.077691
v -2.38029 0.027048 0.077835
vn -0.00737699 8.36497e-005 -0.999973
vn -0.00737699 8.36497e-005 -0.999973
vn -0.00737699 8.36497e-005 -0.999973
vt 158.44 -0.536813
vt 158.4 -0.519461
vt 158.5 -0.636127
f 1741/1741/1741 1742/1742/1742 1743/1743/1743
v -2.37509 0.038671 0.077797
v -2.36858 0.043325 0.07775
v -2.38029 0.027048 0.077835
vn -0.00719116 -5.00133e-005 -0.999974
vn -0.00719116 -5.00133e-005 -0.999974
vn -0.00719116 -5.00133e-005 -0.999974
vt 158.473 -0.565215
vt 158.44 -0.536813
vt 158.5 -0.636127
f 1744/1744/1744 1745/1745/1745 1746/1746/1746
v -2.17269 0.027048 0.07632
v -2.17269 0 0.07632
v -2.20044 0.047048 0.076523
vn -0.00731638 0 -0.999973
vn -0.00731638 0 -0.999973
vn -0.00731638 0 -0.999973
vt 157.448 -0.636127
vt 157.448 -0.801203
vt 157.588 -0.51407
f 1747/1747/1747 1748/1748/1748 1749/1749/1749
v -2.19229 0.046166 0.076463
v -2.17269 0.027048 0.07632
v -2.20044 0.047048 0.076523
vn -0.00736758 -7.10225e-005 -0.999973
vn -0.00736758 -7.10225e-005 -0.999973
vn -0.00736758 -7.10225e-005 -0.999973
vt 157.547 -0.519461
vt 157.448 -0.636127
vt 157.588 -0.51407
f 1750/1750/1750 1751/1751/1751 1752/1752/1752
v -2.35234 0.047048 0.077631
v -2.20044 0.047048 0.076523
v -2.17269 0 0.07632
vn -0.00729392 1.32498e-005 -0.999973
vn -0.00729392 1.32498e-005 -0.999973
vn -0.00729392 1.32498e-005 -0.999973
vt 158.358 -0.51407
vt 157.588 -0.51407
vt 157.448 -0.801203
f 1753/1753/1753 1754/1754/1754 1755/1755/1755
v -2.38029 0 0.077835
v -2.35234 0.047048 0.077631
v -2.17269 0 0.07632
vn -0.00729764 -9.62127e-007 -0.999973
vn -0.00729764 -9.62127e-007 -0.999973
vn -0.00729764 -9.62127e-007 -0.999973
vt 158.5 -0.801203
vt 158.358 -0.51407
vt 157.448 -0.801203
f 1756/1756/1756 1757/1757/1757 1758/1758/1758
v -2.38029 0.027048 0.077835
v -2.36055 0.046166 0.077691
v -2.35234 0.047048 0.077631
vn -0.00730857 1.3008e-005 -0.999973
vn -0.00730857 1.3008e-005 -0.999973
vn -0.00730857 1.3008e-005 -0.999973
vt 158.5 -0.636127
vt 158.4 -0.519461
vt 158.358 -0.51407
f 1759/1759/1759 1760/1760/1760 1761/1761/1761
v -2.38029 0 0.077835
v -2.38029 0.027048 0.077835
v -2.35234 0.047048 0.077631
vn -0.00729926 -0 -0.999973
vn -0.00729926 -0 -0.999973
vn -0.00729926 -0 -0.999973
vt 158.5 -0.801203
vt 158.5 -0.636127
vt 158.358 -0.51407
f 1762/1762/1762 1763/1763/1763 1764/1764/1764
v -2.38029 0.027048 0.077835
v -2.37906 0.032925 0.077826
v -2.37509 0.038671 0.077797
vn -0.00730655 1.64185e-006 -0.999973
vn -0.00730655 1.64185e-006 -0.999973
vn -0.00730655 1.64185e-006 -0.999973
vt 158.5 -0.636127
vt 158.493 -0.600269
vt 158.473 -0.565215
f 1765/1765/1765 1766/1766/1766 1767/1767/1767
v -2.17786 0.038671 0.076358
v -2.17392 0.032925 0.076329
v -2.17269 0.027048 0.07632
vn -0.00736227 -3.17918e-006 -0.999973
vn -0.00736227 -3.17918e-006 -0.999973
vn -0.00736227 -3.17918e-006 -0.999973
vt 157.474 -0.565215
vt 157.454 -0.600269
vt 157.448 -0.636127
f 1768/1768/1768 1769/1769/1769 1770/1770/1770
v -2.18432 0.043325 0.076405
v -2.17786 0.038671 0.076358
v -2.17269 0.027048 0.07632
vn -0.00724545 4.87466e-005 -0.999974
vn -0.00724545 4.87466e-005 -0.999974
vn -0.00724545 4.87466e-005 -0.999974
vt 157.506 -0.536813
vt 157.474 -0.565215
vt 157.448 -0.636127
f 1771/1771/1771 1772/1772/1772 1773/1773/1773
v -2.19229 0.046166 0.076463
v -2.18432 0.043325 0.076405
v -2.17269 0.027048 0.07632
vn -0.00726282 3.63452e-005 -0.999974
vn -0.00726282 3.63452e-005 -0.999974
vn -0.00726282 3.63452e-005 -0.999974
vt 157.547 -0.519461
vt 157.506 -0.536813
vt 157.448 -0.636127
f 1774/1774/1774 1775/1775/1775 1776/1776/1776
v 15.4839 0.035232 -0.054433
v 15.4918 0.038073 -0.05443
v 15.4723 0.018956 -0.054438
vn 0.000359804 5.16428e-005 -1
vn 0.000359804 5.16428e-005 -1
vn 0.000359804 5.16428e-005 -1
vt 67.9561 -0.586189
vt 67.9159 -0.568863
vt 68.0147 -0.685502
f 1777/1777/1777 1778/1778/1778 1779/1779/1779
v 15.4775 0.030578 -0.054436
v 15.4839 0.035232 -0.054433
v 15.4723 0.018956 -0.054438
vn 0.000503635 -5.05006e-005 -1
vn 0.000503635 -5.05006e-005 -1
vn 0.000503635 -5.05006e-005 -1
vt 67.9887 -0.614591
vt 67.9561 -0.586189
vt 68.0147 -0.685502
f 1780/1780/1780 1781/1781/1781 1782/1782/1782
v 15.4723 0.018956 -0.054438
v 15.4735 0.024832 -0.054437
v 15.4775 0.030578 -0.054436
vn 9.45978e-006 0.000167947 -1
vn 9.45978e-006 0.000167947 -1
vn 9.45978e-006 0.000167947 -1
vt 68.0147 -0.685502
vt 68.0085 -0.649644
vt 67.9887 -0.614591
f 1783/1783/1783 1784/1784/1784 1785/1785/1785
v 15.4723 0.018956 -0.054438
v 15.4918 0.038073 -0.05443
v 15.4999 0.038956 -0.054427
vn 0.000364835 4.65142e-005 -1
vn 0.000364835 4.65142e-005 -1
vn 0.000364835 4.65142e-005 -1
vt 68.0147 -0.685502
vt 67.9159 -0.568863
vt 67.8748 -0.563472
f 1786/1786/1786 1787/1787/1787 1788/1788/1788
v 15.4723 0 -0.054438
v 15.4723 0.018956 -0.054438
v 15.4999 0.038956 -0.054427
vn 0.00039855 0 -1
vn 0.00039855 0 -1
vn 0.00039855 0 -1
vt 68.0147 -0.801203
vt 68.0147 -0.685502
vt 67.8748 -0.563472
f 1789/1789/1789 1790/1790/1790 1791/1791/1791
v 15.6799 0.018956 -0.054359
v 15.6799 0 -0.054359
v 15.6521 0.038956 -0.054369
vn 0.000359744 0 -1
vn 0.000359744 0 -1
vn 0.000359744 0 -1
vt 66.9627 -0.685502
vt 66.9627 -0.801203
vt 67.1036 -0.563472
f 1792/1792/1792 1793/1793/1793 1794/1794/1794
v 15.6603 0.038073 -0.054366
v 15.6799 0.018956 -0.054359
v 15.6521 0.038956 -0.054369
vn 0.000368596 1.23022e-005 -1
vn 0.000368596 1.23022e-005 -1
vn 0.000368596 1.23022e-005 -1
vt 67.0622 -0.568863
vt 66.9627 -0.685502
vt 67.1036 -0.563472
f 1795/1795/1795 1796/1796/1796 1797/1797/1797
v 15.6521 0.038956 -0.054369
v 15.6799 0 -0.054359
v 15.4723 0 -0.054438
vn 0.000380612 1.48885e-005 -1
vn 0.000380612 1.48885e-005 -1
vn 0.000380612 1.48885e-005 -1
vt 67.1036 -0.563472
vt 66.9627 -0.801203
vt 68.0147 -0.801203
f 1798/1798/1798 1799/1799/1799 1800/1800/1800
v 15.4999 0.038956 -0.054427
v 15.6521 0.038956 -0.054369
v 15.4723 0 -0.054438
vn 0.00038117 1.23101e-005 -1
vn 0.00038117 1.23101e-005 -1
vn 0.00038117 1.23101e-005 -1
vt 67.8748 -0.563472
vt 67.1036 -0.563472
vt 68.0147 -0.801203
f 1801/1801/1801 1802/1802/1802 1803/1803/1803
v 15.6747 0.030578 -0.054361
v 15.6787 0.024832 -0.054359
v 15.6799 0.018956 -0.054359
vn 0.000728233 0.000152113 -1
vn 0.000728233 0.000152113 -1
vn 0.000728233 0.000152113 -1
vt 66.989 -0.614591
vt 66.969 -0.649644
vt 66.9627 -0.685502
f 1804/1804/1804 1805/1805/1805 1806/1806/1806
v 15.6682 0.035232 -0.054363
v 15.6747 0.030578 -0.054361
v 15.6799 0.018956 -0.054359
vn 0.0002728 -5.06659e-005 -1
vn 0.0002728 -5.06659e-005 -1
vn 0.0002728 -5.06659e-005 -1
vt 67.0218 -0.586189
vt 66.989 -0.614591
vt 66.9627 -0.685502
f 1807/1807/1807 1808/1808/1808 1809/1809/1809
v 15.6603 0.038073 -0.054366
v 15.6682 0.035232 -0.054363
v 15.6799 0.018956 -0.054359
vn 0.000386458 3.06419e-005 -1
vn 0.000386458 3.06419e-005 -1
vn 0.000386458 3.06419e-005 -1
vt 67.0622 -0.568863
vt 67.0218 -0.586189
vt 66.9627 -0.685502
f 1810/1810/1810 1811/1811/1811 1812/1812/1812
v -2.17269 0.027048 0.07632
v 0.128126 0.08 3.35936
v 0.128126 0 3.35936
vn 0.818917 0 -0.573913
vn 0.818917 0 -0.573913
vn 0.818917 0 -0.573913
vt 157.448 -0.636127
vt 145.874 -0.313002
vt 145.874 -0.801203
f 1813/1813/1813 1814/1814/1814 1815/1815/1815
v -2.17269 0 0.07632
v -2.17269 0.027048 0.07632
v 0.128126 0 3.35936
vn 0.818917 0 -0.573913
vn 0.818917 0 -0.573913
vn 0.818917 0 -0.573913
vt 157.448 -0.801203
vt 157.448 -0.636127
vt 145.874 -0.801203
f 1816/1816/1816 1817/1817/1817 1818/1818/1818
v 0.128126 0.08 3.35936
v 13.228 0.08 3.26229
v 13.228 0 3.26229
vn -0.00741022 0 -0.999973
vn -0.00741022 0 -0.999973
vn -0.00741022 0 -0.999973
vt 145.874 -0.313002
vt 79.4773 -0.313002
vt 79.4773 -0.801203
f 1819/1819/1819 1820/1820/1820 1821/1821/1821
v 0.128126 0 3.35936
v 0.128126 0.08 3.35936
v 13.228 0 3.26229
vn -0.00741022 -0 -0.999973
vn -0.00741022 -0 -0.999973
vn -0.00741022 -0 -0.999973
vt 145.874 -0.801203
vt 145.874 -0.313002
vt 79.4773 -0.801203
f 1822/1822/1822 1823/1823/1823 1824/1824/1824
v 13.228 0.08 3.26229
v 15.4723 0.018956 -0.054438
v 15.4723 0 -0.054438
vn -0.828212 0 -0.560416
vn -0.828212 0 -0.560416
vn -0.828212 0 -0.560416
vt 79.4773 -0.313002
vt 68.0147 -0.685502
vt 68.0147 -0.801203
f 1825/1825/1825 1826/1826/1826 1827/1827/1827
v 13.228 0 3.26229
v 13.228 0.08 3.26229
v 15.4723 0 -0.054438
vn -0.828212 -0 -0.560416
vn -0.828212 -0 -0.560416
vn -0.828212 -0 -0.560416
vt 79.4773 -0.801203
vt 79.4773 -0.313002
vt 68.0147 -0.801203
f 1828/1828/1828 1829/1829/1829 1830/1830/1830
v 13.238 0.099117 3.27634
v 0.118382 0.099117 3.37356
v 0.114328 0.1 3.37947
vn -0.00110102 0.9889 -0.148578
vn -0.00110102 0.9889 -0.148578
vn -0.00110102 0.9889 -0.148578
vt 33.5451 0.507991
vt -32.9511 0.333904
vt -32.9718 0.297992
f 1831/1831/1831 1832/1832/1832 1833/1833/1833
v 13.2422 0.1 3.28218
v 13.238 0.099117 3.27634
v 0.114328 0.1 3.37947
vn -0.00110111 0.988898 -0.148589
vn -0.00110111 0.988898 -0.148589
vn -0.00110111 0.988898 -0.148589
vt 33.566 0.472186
vt 33.5451 0.507991
vt -32.9718 0.297992
f 1834/1834/1834 1835/1835/1835 1836/1836/1836
v 0.059135 0.08 3.45988
v -2.38029 0.027048 0.077835
v -2.38029 0 0.077835
vn -0.811039 0 0.584992
vn -0.811039 0 0.584992
vn -0.811039 0 0.584992
vt -33.2536 -0.313002
vt -45.5275 -0.636127
vt -45.5275 -0.801203
f 1837/1837/1837 1838/1838/1838 1839/1839/1839
v 0.059135 0 3.45988
v 0.059135 0.08 3.45988
v -2.38029 0 0.077835
vn -0.811039 0 0.584992
vn -0.811039 0 0.584992
vn -0.811039 0 0.584992
vt -33.2536 -0.801203
vt -33.2536 -0.313002
vt -45.5275 -0.801203
f 1840/1840/1840 1841/1841/1841 1842/1842/1842
v 13.2981 0.085876 3.36089
v 0.05974 0.085876 3.459
v 0.059135 0.08 3.45988
vn 0.0073296 0.147525 0.989031
vn 0.0073296 0.147525 0.989031
vn 0.0073296 0.147525 0.989031
vt 33.8474 -0.009885
vt -33.2505 -0.185595
vt -33.2536 -0.190946
f 1843/1843/1843 1844/1844/1844 1845/1845/1845
v 13.2987 0.08 3.36177
v 13.2981 0.085876 3.36089
v 0.059135 0.08 3.45988
vn 0.00732799 0.148553 0.988877
vn 0.00732799 0.148553 0.988877
vn 0.00732799 0.148553 0.988877
vt 33.8505 -0.015263
vt 33.8474 -0.009885
vt -33.2536 -0.190946
f 1846/1846/1846 1847/1847/1847 1848/1848/1848
v 15.4918 0.038073 -0.05443
v 13.238 0.099117 3.27634
v 13.2422 0.1 3.28218
vn -0.0949108 0.992069 -0.082404
vn -0.0949108 0.992069 -0.082404
vn -0.0949108 0.992069 -0.082404
vt 45.0563 20.7617
vt 33.5451 0.507991
vt 33.566 0.472186
f 1849/1849/1849 1850/1850/1850 1851/1851/1851
v 15.4999 0.038956 -0.054427
v 15.4918 0.038073 -0.05443
v 13.2422 0.1 3.28218
vn -0.107793 0.989995 -0.0910508
vn -0.107793 0.989995 -0.0910508
vn -0.107793 0.989995 -0.0910508
vt 45.0974 20.7614
vt 45.0563 20.7617
vt 33.566 0.472186
f 1852/1852/1852 1853/1853/1853 1854/1854/1854
v 15.6787 0.024832 -0.054359
v 13.2981 0.085876 3.36089
v 13.2987 0.08 3.36177
vn 0.809871 0.169868 0.561474
vn 0.809871 0.169868 0.561474
vn 0.809871 0.169868 0.561474
vt 46.0033 20.7552
vt 33.8474 -0.009885
vt 33.8505 -0.015263
f 1855/1855/1855 1856/1856/1856 1857/1857/1857
v 15.6799 0.018956 -0.054359
v 15.6787 0.024832 -0.054359
v 13.2987 0.08 3.36177
vn 0.809963 0.169185 0.561549
vn 0.809963 0.169185 0.561549
vn 0.809963 0.169185 0.561549
vt 46.0095 20.7552
vt 46.0033 20.7552
vt 33.8505 -0.015263
f 1858/1858/1858 1859/1859/1859 1860/1860/1860
v 0.118382 0.099117 3.37356
v -2.19229 0.046166 0.076463
v -2.20044 0.047048 0.076523
vn 0.106466 0.990188 -0.090516
vn 0.106466 0.990188 -0.090516
vn 0.106466 0.990188 -0.090516
vt -32.9511 0.333904
vt -44.5746 20.5279
vt -44.6159 20.5278
f 1861/1861/1861 1862/1862/1862 1863/1863/1863
v 0.114328 0.1 3.37947
v 0.118382 0.099117 3.37356
v -2.20044 0.047048 0.076523
vn 0.0954359 0.991987 -0.0827866
vn 0.0954359 0.991987 -0.0827866
vn 0.0954359 0.991987 -0.0827866
vt -32.9718 0.297992
vt -32.9511 0.333904
vt -44.6159 20.5278
f 1864/1864/1864 1865/1865/1865 1866/1866/1866
v 0.05974 0.085876 3.459
v -2.37906 0.032925 0.077826
v -2.38029 0.027048 0.077835
vn -0.800644 0.16887 0.57485
vn -0.800644 0.16887 0.57485
vn -0.800644 0.16887 0.57485
vt -33.2505 -0.185595
vt -45.5212 20.5256
vt -45.5275 20.5256
f 1867/1867/1867 1868/1868/1868 1869/1869/1869
v 0.059135 0.08 3.45988
v 0.05974 0.085876 3.459
v -2.38029 0.027048 0.077835
vn -0.800676 0.168626 0.574877
vn -0.800676 0.168626 0.574877
vn -0.800676 0.168626 0.574877
vt -33.2536 -0.190946
vt -33.2505 -0.185595
vt -45.5275 20.5256
f 1870/1870/1870 1871/1871/1871 1872/1872/1872
v 13.234 0.096276 3.27062
v 0.122346 0.096277 3.36778
v 0.118382 0.099117 3.37356
vn -0.0032836 0.89646 -0.443113
vn -0.0032836 0.89646 -0.443113
vn -0.0032836 0.89646 -0.443113
vt 33.5247 0.543004
vt -32.9308 0.369024
vt -32.9511 0.333904
f 1873/1873/1873 1874/1874/1874 1875/1875/1875
v 13.238 0.099117 3.27634
v 13.234 0.096276 3.27062
v 0.118382 0.099117 3.37356
vn -0.00328431 0.896416 -0.443202
vn -0.00328431 0.896416 -0.443202
vn -0.00328431 0.896416 -0.443202
vt 33.5451 0.507991
vt 33.5247 0.543004
vt -32.9511 0.333904
f 1876/1876/1876 1877/1877/1877 1878/1878/1878
v 13.2307 0.091622 3.26599
v 0.125558 0.091622 3.36311
v 0.122346 0.096277 3.36778
vn -0.00524036 0.707037 -0.707157
vn -0.00524036 0.707037 -0.707157
vn -0.00524036 0.707037 -0.707157
vt 33.5082 0.571366
vt -32.9144 0.397467
vt -32.9308 0.369024
f 1879/1879/1879 1880/1880/1880 1881/1881/1881
v 13.234 0.096276 3.27062
v 13.2307 0.091622 3.26599
v 0.122346 0.096277 3.36778
vn -0.00523959 0.707133 -0.707061
vn -0.00523959 0.707133 -0.707061
vn -0.00523959 0.707133 -0.707061
vt 33.5247 0.543004
vt 33.5082 0.571366
vt -32.9308 0.369024
f 1882/1882/1882 1883/1883/1883 1884/1884/1884
v 13.2287 0.085876 3.26317
v 0.127517 0.085876 3.36025
v 0.125558 0.091622 3.36311
vn -0.00664244 0.443268 -0.896364
vn -0.00664244 0.443268 -0.896364
vn -0.00664244 0.443268 -0.896364
vt 33.498 0.588678
vt -32.9044 0.414832
vt -32.9144 0.397467
f 1885/1885/1885 1886/1886/1886 1887/1887/1887
v 13.2307 0.091622 3.26599
v 13.2287 0.085876 3.26317
v 0.125558 0.091622 3.36311
vn -0.00664278 0.443187 -0.896405
vn -0.00664278 0.443187 -0.896405
vn -0.00664278 0.443187 -0.896405
vt 33.5082 0.571366
vt 33.498 0.588678
vt -32.9144 0.397467
f 1888/1888/1888 1889/1889/1889 1890/1890/1890
v 13.228 0.08 3.26229
v 0.128126 0.08 3.35936
v 0.127517 0.085876 3.36025
vn -0.00732806 0.148502 -0.988885
vn -0.00732806 0.148502 -0.988885
vn -0.00732806 0.148502 -0.988885
vt 33.4949 0.594055
vt -32.9013 0.420223
vt -32.9044 0.414832
f 1891/1891/1891 1892/1892/1892 1893/1893/1893
v 13.2287 0.085876 3.26317
v 13.228 0.08 3.26229
v 0.127517 0.085876 3.36025
vn -0.00732804 0.148515 -0.988883
vn -0.00732804 0.148515 -0.988883
vn -0.00732804 0.148515 -0.988883
vt 33.498 0.588678
vt 33.4949 0.594055
vt -32.9044 0.414832
f 1894/1894/1894 1895/1895/1895 1896/1896/1896
v 13.2961 0.091622 3.35806
v 0.061686 0.091622 3.45616
v 0.05974 0.085876 3.459
vn 0.00665381 0.440644 0.897657
vn 0.00665381 0.440644 0.897657
vn 0.00665381 0.440644 0.897657
vt 33.8373 0.007413
vt -33.2406 -0.16835
vt -33.2505 -0.185595
f 1897/1897/1897 1898/1898/1898 1899/1899/1899
v 13.2981 0.085876 3.36089
v 13.2961 0.091622 3.35806
v 0.05974 0.085876 3.459
vn 0.00664315 0.443188 0.896404
vn 0.00664315 0.443188 0.896404
vn 0.00664315 0.443188 0.896404
vt 33.8474 -0.009885
vt 33.8373 0.007413
vt -33.2505 -0.185595
f 1900/1900/1900 1901/1901/1901 1902/1902/1902
v 13.2928 0.096276 3.35343
v 0.064874 0.096277 3.45152
v 0.061686 0.091622 3.45616
vn 0.00526277 0.704445 0.709739
vn 0.00526277 0.704445 0.709739
vn 0.00526277 0.704445 0.709739
vt 33.8207 0.035775
vt -33.2243 -0.140109
vt -33.2406 -0.16835
f 1903/1903/1903 1904/1904/1904 1905/1905/1905
v 13.2961 0.091622 3.35806
v 13.2928 0.096276 3.35343
v 0.061686 0.091622 3.45616
vn 0.00524103 0.707133 0.707061
vn 0.00524103 0.707133 0.707061
vn 0.00524103 0.707133 0.707061
vt 33.8373 0.007413
vt 33.8207 0.035775
vt -33.2406 -0.16835
f 1906/1906/1906 1907/1907/1907 1908/1908/1908
v 13.2887 0.099117 3.34772
v 0.06881 0.099117 3.44578
v 0.064874 0.096277 3.45152
vn 0.00330593 0.895198 0.445656
vn 0.00330593 0.895198 0.445656
vn 0.00330593 0.895198 0.445656
vt 33.8003 0.070788
vt -33.2042 -0.105243
vt -33.2243 -0.140109
f 1909/1909/1909 1910/1910/1910 1911/1911/1911
v 13.2928 0.096276 3.35343
v 13.2887 0.099117 3.34772
v 0.064874 0.096277 3.45152
vn 0.00328651 0.896409 0.443216
vn 0.00328651 0.896409 0.443216
vn 0.00328651 0.896409 0.443216
vt 33.8207 0.035775
vt 33.8003 0.070788
vt -33.2243 -0.140109
f 1912/1912/1912 1913/1913/1913 1914/1914/1914
v 13.2846 0.1 3.34187
v 0.072835 0.1 3.43992
v 0.06881 0.099117 3.44578
vn 0.00111036 0.988743 0.149619
vn 0.00111036 0.988743 0.149619
vn 0.00111036 0.988743 0.149619
vt 33.7794 0.106593
vt -33.1837 -0.069586
vt -33.2042 -0.105243
f 1915/1915/1915 1916/1916/1916 1917/1917/1917
v 13.2887 0.099117 3.34772
v 13.2846 0.1 3.34187
v 0.06881 0.099117 3.44578
vn 0.0011022 0.988899 0.148583
vn 0.0011022 0.988899 0.148583
vn 0.0011022 0.988899 0.148583
vt 33.8003 0.070788
vt 33.7794 0.106593
vt -33.2042 -0.105243
f 1918/1918/1918 1919/1919/1919 1920/1920/1920
v 15.4839 0.035232 -0.054433
v 13.234 0.096276 3.27062
v 13.238 0.099117 3.27634
vn -0.317308 0.919609 -0.231592
vn -0.317308 0.919609 -0.231592
vn -0.317308 0.919609 -0.231592
vt 45.0161 20.7619
vt 33.5247 0.543004
vt 33.5451 0.507991
f 1921/1921/1921 1922/1922/1922 1923/1923/1923
v 15.4918 0.038073 -0.05443
v 15.4839 0.035232 -0.054433
v 13.238 0.099117 3.27634
vn -0.327575 0.914251 -0.238412
vn -0.327575 0.914251 -0.238412
vn -0.327575 0.914251 -0.238412
vt 45.0563 20.7617
vt 45.0161 20.7619
vt 33.5451 0.507991
f 1924/1924/1924 1925/1925/1925 1926/1926/1926
v 15.4775 0.030578 -0.054436
v 13.2307 0.091622 3.26599
v 13.234 0.096276 3.27062
vn -0.536834 0.754708 -0.377127
vn -0.536834 0.754708 -0.377127
vn -0.536834 0.754708 -0.377127
vt 44.9836 20.7622
vt 33.5082 0.571366
vt 33.5247 0.543004
f 1927/1927/1927 1928/1928/1928 1929/1929/1929
v 15.4839 0.035232 -0.054433
v 15.4775 0.030578 -0.054436
v 13.234 0.096276 3.27062
vn -0.542518 0.748753 -0.380845
vn -0.542518 0.748753 -0.380845
vn -0.542518 0.748753 -0.380845
vt 45.0161 20.7619
vt 44.9836 20.7622
vt 33.5247 0.543004
f 1930/1930/1930 1931/1931/1931 1932/1932/1932
v 15.4735 0.024832 -0.054437
v 13.2287 0.085876 3.26317
v 13.2307 0.091622 3.26599
vn -0.716289 0.493087 -0.493755
vn -0.716289 0.493087 -0.493755
vn -0.716289 0.493087 -0.493755
vt 44.9637 20.7623
vt 33.498 0.588678
vt 33.5082 0.571366
f 1933/1933/1933 1934/1934/1934 1935/1935/1935
v 15.4775 0.030578 -0.054436
v 15.4735 0.024832 -0.054437
v 13.2307 0.091622 3.26599
vn -0.717869 0.489776 -0.494756
vn -0.717869 0.489776 -0.494756
vn -0.717869 0.489776 -0.494756
vt 44.9836 20.7622
vt 44.9637 20.7623
vt 33.5082 0.571366
f 1936/1936/1936 1937/1937/1937 1938/1938/1938
v 15.4723 0.018956 -0.054438
v 13.228 0.08 3.26229
v 13.2287 0.085876 3.26317
vn -0.814784 0.16945 -0.554449
vn -0.814784 0.16945 -0.554449
vn -0.814784 0.16945 -0.554449
vt 44.9575 20.7623
vt 33.4949 0.594055
vt 33.498 0.588678
f 1939/1939/1939 1940/1940/1940 1941/1941/1941
v 15.4735 0.024832 -0.054437
v 15.4723 0.018956 -0.054438
v 13.2287 0.085876 3.26317
vn -0.814856 0.168979 -0.554487
vn -0.814856 0.168979 -0.554487
vn -0.814856 0.168979 -0.554487
vt 44.9637 20.7623
vt 44.9575 20.7623
vt 33.498 0.588678
f 1942/1942/1942 1943/1943/1943 1944/1944/1944
v 15.6747 0.030578 -0.054361
v 13.2961 0.091622 3.35806
v 13.2981 0.085876 3.36089
vn 0.71797 0.492755 0.491643
vn 0.71797 0.492755 0.491643
vn 0.71797 0.492755 0.491643
vt 45.9832 20.7554
vt 33.8373 0.007413
vt 33.8474 -0.009885
f 1945/1945/1945 1946/1946/1946 1947/1947/1947
v 15.6787 0.024832 -0.054359
v 15.6747 0.030578 -0.054361
v 13.2981 0.085876 3.36089
vn 0.71775 0.493235 0.491482
vn 0.71775 0.493235 0.491482
vn 0.71775 0.493235 0.491482
vt 46.0033 20.7552
vt 45.9832 20.7554
vt 33.8474 -0.009885
f 1948/1948/1948 1949/1949/1949 1950/1950/1950
v 15.6682 0.035232 -0.054363
v 13.2928 0.096276 3.35343
v 13.2961 0.091622 3.35806
vn 0.546744 0.752273 0.367637
vn 0.546744 0.752273 0.367637
vn 0.546744 0.752273 0.367637
vt 45.9505 20.7556
vt 33.8207 0.035775
vt 33.8373 0.007413
f 1951/1951/1951 1952/1952/1952 1953/1953/1953
v 15.6747 0.030578 -0.054361
v 15.6682 0.035232 -0.054363
v 13.2961 0.091622 3.35806
vn 0.543562 0.755675 0.36537
vn 0.543562 0.755675 0.36537
vn 0.543562 0.755675 0.36537
vt 45.9832 20.7554
vt 45.9505 20.7556
vt 33.8373 0.007413
f 1954/1954/1954 1955/1955/1955 1956/1956/1956
v 15.6603 0.038073 -0.054366
v 13.2887 0.099117 3.34772
v 13.2928 0.096276 3.35343
vn 0.335357 0.916682 0.217322
vn 0.335357 0.916682 0.217322
vn 0.335357 0.916682 0.217322
vt 45.91 20.7559
vt 33.8003 0.070788
vt 33.8207 0.035775
f 1957/1957/1957 1958/1958/1958 1959/1959/1959
v 15.6682 0.035232 -0.054363
v 15.6603 0.038073 -0.054366
v 13.2928 0.096276 3.35343
vn 0.327527 0.920794 0.211812
vn 0.327527 0.920794 0.211812
vn 0.327527 0.920794 0.211812
vt 45.9505 20.7556
vt 45.91 20.7559
vt 33.8207 0.035775
f 1960/1960/1960 1961/1961/1961 1962/1962/1962
v 15.6521 0.038956 -0.054369
v 13.2846 0.1 3.34187
v 13.2887 0.099117 3.34772
vn 0.11897 0.99076 0.0651256
vn 0.11897 0.99076 0.0651256
vn 0.11897 0.99076 0.0651256
vt 45.8686 20.7562
vt 33.7794 0.106593
vt 33.8003 0.070788
f 1963/1963/1963 1964/1964/1964 1965/1965/1965
v 15.6603 0.038073 -0.054366
v 15.6521 0.038956 -0.054369
v 13.2887 0.099117 3.34772
vn 0.107318 0.99259 0.0569985
vn 0.107318 0.99259 0.0569985
vn 0.107318 0.99259 0.0569985
vt 45.91 20.7559
vt 45.8686 20.7562
vt 33.8003 0.070788
f 1966/1966/1966 1967/1967/1967 1968/1968/1968
v 0.122346 0.096277 3.36778
v -2.18432 0.043325 0.076405
v -2.19229 0.046166 0.076463
vn 0.324202 0.914531 -0.24192
vn 0.324202 0.914531 -0.24192
vn 0.324202 0.914531 -0.24192
vt -32.9308 0.369024
vt -44.5342 20.528
vt -44.5746 20.5279
f 1969/1969/1969 1970/1970/1970 1971/1971/1971
v 0.118382 0.099117 3.37356
v 0.122346 0.096277 3.36778
v -2.19229 0.046166 0.076463
vn 0.315245 0.919277 -0.235693
vn 0.315245 0.919277 -0.235693
vn 0.315245 0.919277 -0.235693
vt -32.9511 0.333904
vt -32.9308 0.369024
vt -44.5746 20.5279
f 1972/1972/1972 1973/1973/1973 1974/1974/1974
v 0.125558 0.091622 3.36311
v -2.17786 0.038671 0.076358
v -2.18432 0.043325 0.076405
vn 0.536994 0.748854 -0.388401
vn 0.536994 0.748854 -0.388401
vn 0.536994 0.748854 -0.388401
vt -32.9144 0.397467
vt -44.5015 20.5281
vt -44.5342 20.528
f 1975/1975/1975 1976/1976/1976 1977/1977/1977
v 0.122346 0.096277 3.36778
v 0.125558 0.091622 3.36311
v -2.18432 0.043325 0.076405
vn 0.532087 0.754079 -0.385029
vn 0.532087 0.754079 -0.385029
vn 0.532087 0.754079 -0.385029
vt -32.9308 0.369024
vt -32.9144 0.397467
vt -44.5342 20.528
f 1978/1978/1978 1979/1979/1979 1980/1980/1980
v 0.127517 0.085876 3.36025
v -2.17392 0.032925 0.076329
v -2.17786 0.038671 0.076358
vn 0.71027 0.489711 -0.505668
vn 0.71027 0.489711 -0.505668
vn 0.71027 0.489711 -0.505668
vt -32.9044 0.414832
vt -44.4815 20.5282
vt -44.5015 20.5281
f 1981/1981/1981 1982/1982/1982 1983/1983/1983
v 0.125558 0.091622 3.36311
v 0.127517 0.085876 3.36025
v -2.17786 0.038671 0.076358
vn 0.708924 0.492585 -0.504764
vn 0.708924 0.492585 -0.504764
vn 0.708924 0.492585 -0.504764
vt -32.9144 0.397467
vt -32.9044 0.414832
vt -44.5015 20.5281
f 1984/1984/1984 1985/1985/1985 1986/1986/1986
v 0.128126 0.08 3.35936
v -2.17269 0.027048 0.07632
v -2.17392 0.032925 0.076329
vn 0.805877 0.168845 -0.567498
vn 0.805877 0.168845 -0.567498
vn 0.805877 0.168845 -0.567498
vt -32.9013 0.420223
vt -44.4753 20.5282
vt -44.4815 20.5282
f 1987/1987/1987 1988/1988/1988 1989/1989/1989
v 0.127517 0.085876 3.36025
v 0.128126 0.08 3.35936
v -2.17392 0.032925 0.076329
vn 0.805829 0.16917 -0.567469
vn 0.805829 0.16917 -0.567469
vn 0.805829 0.16917 -0.567469
vt -32.9044 0.414832
vt -32.9013 0.420223
vt -44.4815 20.5282
f 1990/1990/1990 1991/1991/1991 1992/1992/1992
v 0.061686 0.091622 3.45616
v -2.37509 0.038671 0.077797
v -2.37906 0.032925 0.077826
vn -0.70942 0.492681 0.503974
vn -0.70942 0.492681 0.503974
vn -0.70942 0.492681 0.503974
vt -33.2406 -0.16835
vt -45.5011 20.5256
vt -45.5212 20.5256
f 1993/1993/1993 1994/1994/1994 1995/1995/1995
v 0.05974 0.085876 3.459
v 0.061686 0.091622 3.45616
v -2.37906 0.032925 0.077826
vn -0.710699 0.489831 0.504948
vn -0.710699 0.489831 0.504948
vn -0.710699 0.489831 0.504948
vt -33.2505 -0.185595
vt -33.2406 -0.16835
vt -45.5212 20.5256
f 1996/1996/1996 1997/1997/1997 1998/1998/1998
v 0.064874 0.096277 3.45152
v -2.36858 0.043325 0.07775
v -2.37509 0.038671 0.077797
vn -0.537464 0.754913 0.375818
vn -0.537464 0.754913 0.375818
vn -0.537464 0.754913 0.375818
vt -33.2243 -0.140109
vt -45.4682 20.5257
vt -45.5011 20.5256
f 1999/1999/1999 2000/2000/2000 2001/2001/2001
v 0.061686 0.091622 3.45616
v 0.064874 0.096277 3.45152
v -2.37509 0.038671 0.077797
vn -0.542198 0.749754 0.379329
vn -0.542198 0.749754 0.379329
vn -0.542198 0.749754 0.379329
vt -33.2406 -0.16835
vt -33.2243 -0.140109
vt -45.5011 20.5256
f 2002/2002/2002 2003/2003/2003 2004/2004/2004
v 0.06881 0.099117 3.44578
v -2.36055 0.046166 0.077691
v -2.36858 0.043325 0.07775
vn -0.324028 0.920291 0.219249
vn -0.324028 0.920291 0.219249
vn -0.324028 0.920291 0.219249
vt -33.2042 -0.105243
vt -45.4275 20.5258
vt -45.4682 20.5257
f 2005/2005/2005 2006/2006/2006 2007/2007/2007
v 0.064874 0.096277 3.45152
v 0.06881 0.099117 3.44578
v -2.36858 0.043325 0.07775
vn -0.332426 0.915799 0.225401
vn -0.332426 0.915799 0.225401
vn -0.332426 0.915799 0.225401
vt -33.2243 -0.140109
vt -33.2042 -0.105243
vt -45.4682 20.5257
f 2008/2008/2008 2009/2009/2009 2010/2010/2010
v -27.0775 0.066137 3.60769
v -29.4968 0.013186 0.241176
v -29.505 0.012303 0.241222
vn -0.106361 0.992465 0.060825
vn -0.106361 0.992465 0.060825
vn -0.106361 0.992465 0.060825
vt -33.1837 -0.069586
vt -45.3858 20.5259
vt -45.4275 20.5258
f 2011/2011/2011 2012/2012/2012 2013/2013/2013
v -27.0815 0.065255 3.61355
v -27.0775 0.066137 3.60769
v -29.505 0.012303 0.241222
vn -0.117036 0.990759 0.06855
vn -0.117036 0.990759 0.06855
vn -0.117036 0.990759 0.06855
vt -33.2042 -0.105243
vt -33.1837 -0.069586
vt -45.4275 20.5258
f 2014/2014/2014 2015/2015/2015 2016/2016/2016
v -13.8514 0.046137 3.55262
v -27.0912 0.046137 3.62763
v -27.0912 -0.033863 3.62763
vn 0.00566496 -0 0.999984
vn 0.00566496 -0 0.999984
vn 0.00566496 -0 0.999984
vt 33.8505 -0.313002
vt -33.2536 -0.313002
vt -33.2536 -0.801203
f 2017/2017/2017 2018/2018/2018 2019/2019/2019
v -13.8514 -0.033863 3.55262
v -13.8514 0.046137 3.55262
v -27.0912 -0.033863 3.62763
vn 0.00566496 0 0.999984
vn 0.00566496 0 0.999984
vn 0.00566496 0 0.999984
vt 33.8505 -0.801203
vt 33.8505 -0.313002
vt -33.2536 -0.801203
f 2020/2020/2020 2021/2021/2021 2022/2022/2022
v -27.0359 0.066137 3.54731
v -29.3449 0.013186 0.240333
v -29.4968 0.013186 0.241176
vn -8.85029e-005 0.999873 -0.0159481
vn -8.85029e-005 0.999873 -0.0159481
vn -8.85029e-005 0.999873 -0.0159481
vt -32.9718 0.297992
vt -44.6159 20.5278
vt -45.3858 20.5259
f 2023/2023/2023 2024/2024/2024 2025/2025/2025
v -27.0775 0.066137 3.60769
v -27.0359 0.066137 3.54731
v -29.4968 0.013186 0.241176
vn -0.0111734 0.999908 -0.00769765
vn -0.0111734 0.999908 -0.00769765
vn -0.0111734 0.999908 -0.00769765
vt -33.1837 -0.069586
vt -32.9718 0.297992
vt -45.3858 20.5259
f 2026/2026/2026 2027/2027/2027 2028/2028/2028
v -13.9079 0.066137 3.47294
v -27.0359 0.066137 3.54731
v -27.0775 0.066137 3.60769
vn 0 1 0
vn 0 1 0
vn 0 1 0
vt 33.566 0.472186
vt -32.9718 0.297992
vt -33.1837 -0.069586
f 2029/2029/2029 2030/2030/2030 2031/2031/2031
v -13.8656 0.066137 3.5327
v -13.9079 0.066137 3.47294
v -27.0775 0.066137 3.60769
vn -0 1 0
vn -0 1 0
vn -0 1 0
vt 33.7794 0.106593
vt 33.566 0.472186
vt -33.1837 -0.069586
f 2032/2032/2032 2033/2033/2033 2034/2034/2034
v -11.4643 -0.014907 0.140658
v -13.8514 0.046137 3.55262
v -13.8514 -0.033863 3.55262
vn 0.819374 -0 0.573259
vn 0.819374 -0 0.573259
vn 0.819374 -0 0.573259
vt 46.0095 -0.685502
vt 33.8505 -0.313002
vt 33.8505 -0.801203
f 2035/2035/2035 2036/2036/2036 2037/2037/2037
v -11.4643 -0.033863 0.140658
v -11.4643 -0.014907 0.140658
v -13.8514 -0.033863 3.55262
vn 0.819374 0 0.573259
vn 0.819374 0 0.573259
vn 0.819374 0 0.573259
vt 46.0095 -0.801203
vt 46.0095 -0.685502
vt 33.8505 -0.801203
f 2038/2038/2038 2039/2039/2039 2040/2040/2040
v -11.6443 0.005093 0.140276
v -13.9079 0.066137 3.47294
v -13.8656 0.066137 3.5327
vn 0.0132029 0.999869 -0.009347
vn 0.0132029 0.999869 -0.009347
vn 0.0132029 0.999869 -0.009347
vt 45.0974 20.7614
vt 33.566 0.472186
vt 33.7794 0.106593
f 2041/2041/2041 2042/2042/2042 2043/2043/2043
v -11.4921 0.005093 0.140599
v -11.6443 0.005093 0.140276
v -13.8656 0.066137 3.5327
vn 3.81359e-005 0.999839 -0.0179663
vn 3.81359e-005 0.999839 -0.0179663
vn 3.81359e-005 0.999839 -0.0179663
vt 45.8686 20.7562
vt 45.0974 20.7614
vt 33.7794 0.106593
f 2044/2044/2044 2045/2045/2045 2046/2046/2046
v -29.513 0.009462 0.241266
v -29.505 0.012303 0.241222
v -29.5247 -0.006814 0.241331
vn -0.00545693 -6.83205e-005 -0.999985
vn -0.00545693 -6.83205e-005 -0.999985
vn -0.00545693 -6.83205e-005 -0.999985
vt 158.44 -0.536813
vt 158.4 -0.519461
vt 158.5 -0.636127
f 2047/2047/2047 2048/2048/2048 2049/2049/2049
v -29.5195 0.004808 0.241302
v -29.513 0.009462 0.241266
v -29.5247 -0.006814 0.241331
vn -0.00551729 -2.49015e-005 -0.999985
vn -0.00551729 -2.49015e-005 -0.999985
vn -0.00551729 -2.49015e-005 -0.999985
vt 158.473 -0.565215
vt 158.44 -0.536813
vt 158.5 -0.636127
f 2050/2050/2050 2051/2051/2051 2052/2052/2052
v -29.3171 -0.006814 0.240179
v -29.3171 -0.033863 0.240179
v -29.3449 0.013186 0.240333
vn -0.00555073 0 -0.999985
vn -0.00555073 0 -0.999985
vn -0.00555073 0 -0.999985
vt 157.448 -0.636127
vt 157.448 -0.801203
vt 157.588 -0.51407
f 2053/2053/2053 2054/2054/2054 2055/2055/2055
v -29.3367 0.012303 0.240287
v -29.3171 -0.006814 0.240179
v -29.3449 0.013186 0.240333
vn -0.00566049 -0.000152269 -0.999984
vn -0.00566049 -0.000152269 -0.999984
vn -0.00566049 -0.000152269 -0.999984
vt 157.547 -0.519461
vt 157.448 -0.636127
vt 157.588 -0.51407
f 2056/2056/2056 2057/2057/2057 2058/2058/2058
v -29.4968 0.013186 0.241176
v -29.3449 0.013186 0.240333
v -29.3171 -0.033863 0.240179
vn -0.00554936 8.10281e-007 -0.999985
vn -0.00554936 8.10281e-007 -0.999985
vn -0.00554936 8.10281e-007 -0.999985
vt 158.358 -0.51407
vt 157.588 -0.51407
vt 157.448 -0.801203
f 2059/2059/2059 2060/2060/2060 2061/2061/2061
v -29.5247 -0.033863 0.241331
v -29.4968 0.013186 0.241176
v -29.3171 -0.033863 0.240179
vn -0.00554908 1.87597e-006 -0.999985
vn -0.00554908 1.87597e-006 -0.999985
vn -0.00554908 1.87597e-006 -0.999985
vt 158.5 -0.801203
vt 158.358 -0.51407
vt 157.448 -0.801203
f 2062/2062/2062 2063/2063/2063 2064/2064/2064
v -29.5247 -0.006814 0.241331
v -29.505 0.012303 0.241222
v -29.4968 0.013186 0.241176
vn -0.00561044 9.01611e-005 -0.999984
vn -0.00561044 9.01611e-005 -0.999984
vn -0.00561044 9.01611e-005 -0.999984
vt 158.5 -0.636127
vt 158.4 -0.519461
vt 158.358 -0.51407
f 2065/2065/2065 2066/2066/2066 2067/2067/2067
v -29.5247 -0.033863 0.241331
v -29.5247 -0.006814 0.241331
v -29.4968 0.013186 0.241176
vn -0.00554592 -0 -0.999985
vn -0.00554592 -0 -0.999985
vn -0.00554592 -0 -0.999985
vt 158.5 -0.801203
vt 158.5 -0.636127
vt 158.358 -0.51407
f 2068/2068/2068 2069/2069/2069 2070/2070/2070
v -29.5247 -0.006814 0.241331
v -29.5235 -0.000938 0.241324
v -29.5195 0.004808 0.241302
vn -0.0054751 -4.37905e-005 -0.999985
vn -0.0054751 -4.37905e-005 -0.999985
vn -0.0054751 -4.37905e-005 -0.999985
vt 158.5 -0.636127
vt 158.493 -0.600269
vt 158.473 -0.565215
f 2071/2071/2071 2072/2072/2072 2073/2073/2073
v -29.3223 0.004808 0.240207
v -29.3183 -0.000938 0.240185
v -29.3171 -0.006814 0.240179
vn -0.00588774 -0.000207536 -0.999983
vn -0.00588774 -0.000207536 -0.999983
vn -0.00588774 -0.000207536 -0.999983
vt 157.474 -0.565215
vt 157.454 -0.600269
vt 157.448 -0.636127
f 2074/2074/2074 2075/2075/2075 2076/2076/2076
v -29.3287 0.009462 0.240243
v -29.3223 0.004808 0.240207
v -29.3171 -0.006814 0.240179
vn -0.00564914 -0.000101493 -0.999984
vn -0.00564914 -0.000101493 -0.999984
vn -0.00564914 -0.000101493 -0.999984
vt 157.506 -0.536813
vt 157.474 -0.565215
vt 157.448 -0.636127
f 2077/2077/2077 2078/2078/2078 2079/2079/2079
v -29.3367 0.012303 0.240287
v -29.3287 0.009462 0.240243
v -29.3171 -0.006814 0.240179
vn -0.00552327 -1.16124e-005 -0.999985
vn -0.00552327 -1.16124e-005 -0.999985
vn -0.00552327 -1.16124e-005 -0.999985
vt 157.547 -0.519461
vt 157.506 -0.536813
vt 157.448 -0.636127
f 2080/2080/2080 2081/2081/2081 2082/2082/2082
v -11.6603 0.00137 0.140242
v -11.6524 0.004211 0.140259
v -11.6719 -0.014907 0.140217
vn 0.00213902 1.62961e-005 -0.999998
vn 0.00213902 1.62961e-005 -0.999998
vn 0.00213902 1.62961e-005 -0.999998
vt 67.9561 -0.586189
vt 67.9159 -0.568863
vt 68.0147 -0.685502
f 2083/2083/2083 2084/2084/2084 2085/2085/2085
v -11.6668 -0.003285 0.140228
v -11.6603 0.00137 0.140242
v -11.6719 -0.014907 0.140217
vn 0.00219726 -2.50636e-005 -0.999998
vn 0.00219726 -2.50636e-005 -0.999998
vn 0.00219726 -2.50636e-005 -0.999998
vt 67.9887 -0.614591
vt 67.9561 -0.586189
vt 68.0147 -0.685502
f 2086/2086/2086 2087/2087/2087 2088/2088/2088
v -11.6719 -0.014907 0.140217
v -11.6707 -0.00903 0.14022
v -11.6668 -0.003285 0.140228
vn 0.00185795 0.00012493 -0.999998
vn 0.00185795 0.00012493 -0.999998
vn 0.00185795 0.00012493 -0.999998
vt 68.0147 -0.685502
vt 68.0085 -0.649644
vt 67.9887 -0.614591
f 2089/2089/2089 2090/2090/2090 2091/2091/2091
v -11.6719 -0.014907 0.140217
v -11.6524 0.004211 0.140259
v -11.6443 0.005093 0.140276
vn 0.00208996 6.62972e-005 -0.999998
vn 0.00208996 6.62972e-005 -0.999998
vn 0.00208996 6.62972e-005 -0.999998
vt 68.0147 -0.685502
vt 67.9159 -0.568863
vt 67.8748 -0.563472
f 2092/2092/2092 2093/2093/2093 2094/2094/2094
v -11.6719 -0.033863 0.140217
v -11.6719 -0.014907 0.140217
v -11.6443 0.005093 0.140276
vn 0.00213802 0 -0.999998
vn 0.00213802 0 -0.999998
vn 0.00213802 0 -0.999998
vt 68.0147 -0.801203
vt 68.0147 -0.685502
vt 67.8748 -0.563472
f 2095/2095/2095 2096/2096/2096 2097/2097/2097
v -11.4643 -0.014907 0.140658
v -11.4643 -0.033863 0.140658
v -11.4921 0.005093 0.140599
vn 0.002123 0 -0.999998
vn 0.002123 0 -0.999998
vn 0.002123 0 -0.999998
vt 66.9627 -0.685502
vt 66.9627 -0.801203
vt 67.1036 -0.563472
f 2098/2098/2098 2099/2099/2099 2100/2100/2100
v -11.484 0.004211 0.140617
v -11.4643 -0.014907 0.140658
v -11.4921 0.005093 0.140599
vn 0.00221829 0.000132427 -0.999997
vn 0.00221829 0.000132427 -0.999997
vn 0.00221829 0.000132427 -0.999997
vt 67.0622 -0.568863
vt 66.9627 -0.685502
vt 67.1036 -0.563472
f 2101/2101/2101 2102/2102/2102 2103/2103/2103
v -11.4921 0.005093 0.140599
v -11.4643 -0.033863 0.140658
v -11.6719 -0.033863 0.140217
vn 0.00212472 1.22993e-006 -0.999998
vn 0.00212472 1.22993e-006 -0.999998
vn 0.00212472 1.22993e-006 -0.999998
vt 67.1036 -0.563472
vt 66.9627 -0.801203
vt 68.0147 -0.801203
f 2104/2104/2104 2105/2105/2105 2106/2106/2106
v -11.6443 0.005093 0.140276
v -11.4921 0.005093 0.140599
v -11.6719 -0.033863 0.140217
vn 0.00212263 1.08989e-005 -0.999998
vn 0.00212263 1.08989e-005 -0.999998
vn 0.00212263 1.08989e-005 -0.999998
vt 67.8748 -0.563472
vt 67.1036 -0.563472
vt 68.0147 -0.801203
f 2107/2107/2107 2108/2108/2108 2109/2109/2109
v -11.4695 -0.003285 0.140648
v -11.4656 -0.00903 0.140656
v -11.4643 -0.014907 0.140658
vn 0.00218982 0.000114683 -0.999998
vn 0.00218982 0.000114683 -0.999998
vn 0.00218982 0.000114683 -0.999998
vt 66.989 -0.614591
vt 66.969 -0.649644
vt 66.9627 -0.685502
f 2110/2110/2110 2111/2111/2111 2112/2112/2112
v -11.476 0.00137 0.140634
v -11.4695 -0.003285 0.140648
v -11.4643 -0.014907 0.140658
vn 0.00227572 0.000152932 -0.999997
vn 0.00227572 0.000152932 -0.999997
vn 0.00227572 0.000152932 -0.999997
vt 67.0218 -0.586189
vt 66.989 -0.614591
vt 66.9627 -0.685502
f 2113/2113/2113 2114/2114/2114 2115/2115/2115
v -11.484 0.004211 0.140617
v -11.476 0.00137 0.140634
v -11.4643 -0.014907 0.140658
vn 0.00215222 6.4592e-005 -0.999998
vn 0.00215222 6.4592e-005 -0.999998
vn 0.00215222 6.4592e-005 -0.999998
vt 67.0622 -0.568863
vt 67.0218 -0.586189
vt 66.9627 -0.685502
f 2116/2116/2116 2117/2117/2117 2118/2118/2118
v -29.3171 -0.006814 0.240179
v -27.022 0.046137 3.52723
v -27.022 -0.033863 3.52723
vn 0.819917 0 -0.572483
vn 0.819917 0 -0.572483
vn 0.819917 0 -0.572483
vt 157.448 -0.636127
vt 145.874 -0.313002
vt 145.874 -0.801203
f 2119/2119/2119 2120/2120/2120 2121/2121/2121
v -29.3171 -0.033863 0.240179
v -29.3171 -0.006814 0.240179
v -27.022 -0.033863 3.52723
vn 0.819917 0 -0.572483
vn 0.819917 0 -0.572483
vn 0.819917 0 -0.572483
vt 157.448 -0.801203
vt 157.448 -0.636127
vt 145.874 -0.801203
f 2122/2122/2122 2123/2123/2123 2124/2124/2124
v -27.022 0.046137 3.52723
v -13.922 0.046137 3.45302
v -13.922 -0.033863 3.45302
vn -0.00566491 0 -0.999984
vn -0.00566491 0 -0.999984
vn -0.00566491 0 -0.999984
vt 145.874 -0.313002
vt 79.4773 -0.313002
vt 79.4773 -0.801203
f 2125/2125/2125 2126/2126/2126 2127/2127/2127
v -27.022 -0.033863 3.52723
v -27.022 0.046137 3.52723
v -13.922 -0.033863 3.45302
vn -0.00566491 -0 -0.999984
vn -0.00566491 -0 -0.999984
vn -0.00566491 -0 -0.999984
vt 145.874 -0.801203
vt 145.874 -0.313002
vt 79.4773 -0.801203
f 2128/2128/2128 2129/2129/2129 2130/2130/2130
v -13.922 0.046137 3.45302
v -11.6719 -0.014907 0.140217
v -11.6719 -0.033863 0.140217
vn -0.827232 0 -0.56186
vn -0.827232 0 -0.56186
vn -0.827232 0 -0.56186
vt 79.4773 -0.313002
vt 68.0147 -0.685502
vt 68.0147 -0.801203
f 2131/2131/2131 2132/2132/2132 2133/2133/2133
v -13.922 -0.033863 3.45302
v -13.922 0.046137 3.45302
v -11.6719 -0.033863 0.140217
vn -0.827232 -0 -0.56186
vn -0.827232 -0 -0.56186
vn -0.827232 -0 -0.56186
vt 79.4773 -0.801203
vt 79.4773 -0.313002
vt 68.0147 -0.801203
f 2134/2134/2134 2135/2135/2135 2136/2136/2136
v -13.912 0.065255 3.46709
v -27.0318 0.065255 3.54141
v -27.0359 0.066137 3.54731
vn -0.000840934 0.988921 -0.148441
vn -0.000840934 0.988921 -0.148441
vn -0.000840934 0.988921 -0.148441
vt 33.5451 0.507991
vt -32.9511 0.333904
vt -32.9718 0.297992
f 2137/2137/2137 2138/2138/2138 2139/2139/2139
v -13.9079 0.066137 3.47294
v -13.912 0.065255 3.46709
v -27.0359 0.066137 3.54731
vn -0.000840861 0.988923 -0.148429
vn -0.000840861 0.988923 -0.148429
vn -0.000840861 0.988923 -0.148429
vt 33.566 0.472186
vt 33.5451 0.507991
vt -32.9718 0.297992
f 2140/2140/2140 2141/2141/2141 2142/2142/2142
v -27.0912 0.046137 3.62763
v -29.5247 -0.006814 0.241331
v -29.5247 -0.033863 0.241331
vn -0.812059 0 0.583576
vn -0.812059 0 0.583576
vn -0.812059 0 0.583576
vt -33.2536 -0.313002
vt -45.5275 -0.636127
vt -45.5275 -0.801203
f 2143/2143/2143 2144/2144/2144 2145/2145/2145
v -27.0912 -0.033863 3.62763
v -27.0912 0.046137 3.62763
v -29.5247 -0.033863 0.241331
vn -0.812059 0 0.583576
vn -0.812059 0 0.583576
vn -0.812059 0 0.583576
vt -33.2536 -0.801203
vt -33.2536 -0.313002
vt -45.5275 -0.801203
f 2146/2146/2146 2147/2147/2147 2148/2148/2148
v -13.8521 0.052014 3.55174
v -27.0906 0.052014 3.62675
v -27.0912 0.046137 3.62763
vn 0.00560343 0.147518 0.989043
vn 0.00560343 0.147518 0.989043
vn 0.00560343 0.147518 0.989043
vt 33.8474 -0.009885
vt -33.2505 -0.185595
vt -33.2536 -0.190946
f 2149/2149/2149 2150/2150/2150 2151/2151/2151
v -13.8514 0.046137 3.55262
v -13.8521 0.052014 3.55174
v -27.0912 0.046137 3.62763
vn 0.00560215 0.148506 0.988896
vn 0.00560215 0.148506 0.988896
vn 0.00560215 0.148506 0.988896
vt 33.8505 -0.015263
vt 33.8474 -0.009885
vt -33.2536 -0.190946
f 2152/2152/2152 2153/2153/2153 2154/2154/2154
v -11.6524 0.004211 0.140259
v -13.912 0.065255 3.46709
v -13.9079 0.066137 3.47294
vn -0.0946507 0.992087 -0.082491
vn -0.0946507 0.992087 -0.082491
vn -0.0946507 0.992087 -0.082491
vt 45.0563 20.7617
vt 33.5451 0.507991
vt 33.566 0.472186
f 2155/2155/2155 2156/2156/2156 2157/2157/2157
v -11.6443 0.005093 0.140276
v -11.6524 0.004211 0.140259
v -13.9079 0.066137 3.47294
vn -0.107515 0.990016 -0.0911587
vn -0.107515 0.990016 -0.0911587
vn -0.107515 0.990016 -0.0911587
vt 45.0974 20.7614
vt 45.0563 20.7617
vt 33.566 0.472186
f 2158/2158/2158 2159/2159/2159 2160/2160/2160
v -11.4656 -0.00903 0.140656
v -13.8521 0.052014 3.55174
v -13.8514 0.046137 3.55262
vn 0.808902 0.169778 0.562897
vn 0.808902 0.169778 0.562897
vn 0.808902 0.169778 0.562897
vt 46.0033 20.7552
vt 33.8474 -0.009885
vt 33.8505 -0.015263
f 2161/2161/2161 2162/2162/2162 2163/2163/2163
v -11.4643 -0.014907 0.140658
v -11.4656 -0.00903 0.140656
v -13.8514 0.046137 3.55262
vn 0.809004 0.169017 0.56298
vn 0.809004 0.169017 0.56298
vn 0.809004 0.169017 0.56298
vt 46.0095 20.7552
vt 46.0033 20.7552
vt 33.8505 -0.015263
f 2164/2164/2164 2165/2165/2165 2166/2166/2166
v -27.0318 0.065255 3.54141
v -29.3367 0.012303 0.240287
v -29.3449 0.013186 0.240333
vn 0.106766 0.990163 -0.090429
vn 0.106766 0.990163 -0.090429
vn 0.106766 0.990163 -0.090429
vt -32.9511 0.333904
vt -44.5746 20.5279
vt -44.6159 20.5278
f 2167/2167/2167 2168/2168/2168 2169/2169/2169
v -27.0359 0.066137 3.54731
v -27.0318 0.065255 3.54141
v -29.3449 0.013186 0.240333
vn 0.0954685 0.992004 -0.0825418
vn 0.0954685 0.992004 -0.0825418
vn 0.0954685 0.992004 -0.0825418
vt -32.9718 0.297992
vt -32.9511 0.333904
vt -44.6159 20.5278
f 2170/2170/2170 2171/2171/2171 2172/2172/2172
v -27.0906 0.052014 3.62675
v -29.5235 -0.000938 0.241324
v -29.5247 -0.006814 0.241331
vn -0.801657 0.168784 0.573461
vn -0.801657 0.168784 0.573461
vn -0.801657 0.168784 0.573461
vt -33.2505 -0.185595
vt -45.5212 20.5256
vt -45.5275 20.5256
f 2173/2173/2173 2174/2174/2174 2175/2175/2175
v -27.0912 0.046137 3.62763
v -27.0906 0.052014 3.62675
v -29.5247 -0.006814 0.241331
vn -0.80168 0.168609 0.573481
vn -0.80168 0.168609 0.573481
vn -0.80168 0.168609 0.573481
vt -33.2536 -0.190946
vt -33.2505 -0.185595
vt -45.5275 20.5256
f 2176/2176/2176 2177/2177/2177 2178/2178/2178
v -13.9161 0.062414 3.46136
v -27.0278 0.062414 3.53564
v -27.0318 0.065255 3.54141
vn -0.00251066 0.896428 -0.443183
vn -0.00251066 0.896428 -0.443183
vn -0.00251066 0.896428 -0.443183
vt 33.5247 0.543004
vt -32.9308 0.369024
vt -32.9511 0.333904
f 2179/2179/2179 2180/2180/2180 2181/2181/2181
v -13.912 0.065255 3.46709
v -13.9161 0.062414 3.46136
v -27.0318 0.065255 3.54141
vn -0.00251087 0.896411 -0.443217
vn -0.00251087 0.896411 -0.443217
vn -0.00251087 0.896411 -0.443217
vt 33.5451 0.507991
vt 33.5247 0.543004
vt -32.9511 0.333904
f 2182/2182/2182 2183/2183/2183 2184/2184/2184
v -13.9193 0.05776 3.45673
v -27.0246 0.05776 3.53097
v -27.0278 0.062414 3.53564
vn -0.00400544 0.707159 -0.707043
vn -0.00400544 0.707159 -0.707043
vn -0.00400544 0.707159 -0.707043
vt 33.5082 0.571366
vt -32.9144 0.397467
vt -32.9308 0.369024
f 2185/2185/2185 2186/2186/2186 2187/2187/2187
v -13.9161 0.062414 3.46136
v -13.9193 0.05776 3.45673
v -27.0278 0.062414 3.53564
vn -0.0040055 0.70715 -0.707052
vn -0.0040055 0.70715 -0.707052
vn -0.0040055 0.70715 -0.707052
vt 33.5247 0.543004
vt 33.5082 0.571366
vt -32.9308 0.369024
f 2188/2188/2188 2189/2189/2189 2190/2190/2190
v -13.9213 0.052014 3.4539
v -27.0226 0.052014 3.52812
v -27.0246 0.05776 3.53097
vn -0.00507859 0.443069 -0.896473
vn -0.00507859 0.443069 -0.896473
vn -0.00507859 0.443069 -0.896473
vt 33.498 0.588678
vt -32.9044 0.414832
vt -32.9144 0.397467
f 2191/2191/2191 2192/2192/2192 2193/2193/2193
v -13.9193 0.05776 3.45673
v -13.9213 0.052014 3.4539
v -27.0246 0.05776 3.53097
vn -0.00507847 0.443107 -0.896454
vn -0.00507847 0.443107 -0.896454
vn -0.00507847 0.443107 -0.896454
vt 33.5082 0.571366
vt 33.498 0.588678
vt -32.9144 0.397467
f 2194/2194/2194 2195/2195/2195 2196/2196/2196
v -13.922 0.046137 3.45302
v -27.022 0.046137 3.52723
v -27.0226 0.052014 3.52812
vn -0.00560193 0.148692 -0.988868
vn -0.00560193 0.148692 -0.988868
vn -0.00560193 0.148692 -0.988868
vt 33.4949 0.594055
vt -32.9013 0.420223
vt -32.9044 0.414832
f 2197/2197/2197 2198/2198/2198 2199/2199/2199
v -13.9213 0.052014 3.4539
v -13.922 0.046137 3.45302
v -27.0226 0.052014 3.52812
vn -0.00560217 0.148507 -0.988895
vn -0.00560217 0.148507 -0.988895
vn -0.00560217 0.148507 -0.988895
vt 33.498 0.588678
vt 33.4949 0.594055
vt -32.9044 0.414832
f 2200/2200/2200 2201/2201/2201 2202/2202/2202
v -13.8541 0.05776 3.54891
v -27.0886 0.05776 3.62391
v -27.0906 0.052014 3.62675
vn 0.00508703 0.440682 0.897649
vn 0.00508703 0.440682 0.897649
vn 0.00508703 0.440682 0.897649
vt 33.8373 0.007413
vt -33.2406 -0.16835
vt -33.2505 -0.185595
f 2203/2203/2203 2204/2204/2204 2205/2205/2205
v -13.8521 0.052014 3.55174
v -13.8541 0.05776 3.54891
v -27.0906 0.052014 3.62675
vn 0.00507845 0.443258 0.89638
vn 0.00507845 0.443258 0.89638
vn 0.00507845 0.443258 0.89638
vt 33.8474 -0.009885
vt 33.8373 0.007413
vt -33.2505 -0.185595
f 2206/2206/2206 2207/2207/2207 2208/2208/2208
v -13.8574 0.062414 3.54428
v -27.0854 0.062414 3.61928
v -27.0886 0.05776 3.62391
vn 0.00402332 0.704565 0.709628
vn 0.00402332 0.704565 0.709628
vn 0.00402332 0.704565 0.709628
vt 33.8207 0.035775
vt -33.2243 -0.140109
vt -33.2406 -0.16835
f 2209/2209/2209 2210/2210/2210 2211/2211/2211
v -13.8541 0.05776 3.54891
v -13.8574 0.062414 3.54428
v -27.0886 0.05776 3.62391
vn 0.00400691 0.70715 0.707053
vn 0.00400691 0.70715 0.707053
vn 0.00400691 0.70715 0.707053
vt 33.8373 0.007413
vt 33.8207 0.035775
vt -33.2406 -0.16835
f 2212/2212/2212 2213/2213/2213 2214/2214/2214
v -13.8614 0.065255 3.53855
v -27.0815 0.065255 3.61355
v -27.0854 0.062414 3.61928
vn 0.00252884 0.895135 0.445789
vn 0.00252884 0.895135 0.445789
vn 0.00252884 0.895135 0.445789
vt 33.8003 0.070788
vt -33.2042 -0.105243
vt -33.2243 -0.140109
f 2215/2215/2215 2216/2216/2216 2217/2217/2217
v -13.8574 0.062414 3.54428
v -13.8614 0.065255 3.53855
v -27.0854 0.062414 3.61928
vn 0.00251286 0.896412 0.443216
vn 0.00251286 0.896412 0.443216
vn 0.00251286 0.896412 0.443216
vt 33.8207 0.035775
vt 33.8003 0.070788
vt -33.2243 -0.140109
f 2218/2218/2218 2219/2219/2219 2220/2220/2220
v -13.8656 0.066137 3.5327
v -27.0775 0.066137 3.60769
v -27.0815 0.065255 3.61355
vn 0.000848451 0.988764 0.149482
vn 0.000848451 0.988764 0.149482
vn 0.000848451 0.988764 0.149482
vt 33.7794 0.106593
vt -33.1837 -0.069586
vt -33.2042 -0.105243
f 2221/2221/2221 2222/2222/2222 2223/2223/2223
v -13.8614 0.065255 3.53855
v -13.8656 0.066137 3.5327
v -27.0815 0.065255 3.61355
vn 0.000841995 0.988923 0.148428
vn 0.000841995 0.988923 0.148428
vn 0.000841995 0.988923 0.148428
vt 33.8003 0.070788
vt 33.7794 0.106593
vt -33.2042 -0.105243
f 2224/2224/2224 2225/2225/2225 2226/2226/2226
v -11.6603 0.00137 0.140242
v -13.9161 0.062414 3.46136
v -13.912 0.065255 3.46709
vn -0.316925 0.919598 -0.23216
vn -0.316925 0.919598 -0.23216
vn -0.316925 0.919598 -0.23216
vt 45.0161 20.7619
vt 33.5247 0.543004
vt 33.5451 0.507991
f 2227/2227/2227 2228/2228/2228 2229/2229/2229
v -11.6524 0.004211 0.140259
v -11.6603 0.00137 0.140242
v -13.912 0.065255 3.46709
vn -0.327154 0.914253 -0.23898
vn -0.327154 0.914253 -0.23898
vn -0.327154 0.914253 -0.23898
vt 45.0563 20.7617
vt 45.0161 20.7619
vt 33.5451 0.507991
f 2230/2230/2230 2231/2231/2231 2232/2232/2232
v -11.6668 -0.003285 0.140228
v -13.9193 0.05776 3.45673
v -13.9161 0.062414 3.46136
vn -0.536145 0.754739 -0.378045
vn -0.536145 0.754739 -0.378045
vn -0.536145 0.754739 -0.378045
vt 44.9836 20.7622
vt 33.5082 0.571366
vt 33.5247 0.543004
f 2233/2233/2233 2234/2234/2234 2235/2235/2235
v -11.6603 0.00137 0.140242
v -11.6668 -0.003285 0.140228
v -13.9161 0.062414 3.46136
vn -0.541925 0.748677 -0.381839
vn -0.541925 0.748677 -0.381839
vn -0.541925 0.748677 -0.381839
vt 45.0161 20.7619
vt 44.9836 20.7622
vt 33.5247 0.543004
f 2236/2236/2236 2237/2237/2237 2238/2238/2238
v -11.6707 -0.00903 0.14022
v -13.9213 0.052014 3.4539
v -13.9193 0.05776 3.45673
vn -0.715439 0.493061 -0.495013
vn -0.715439 0.493061 -0.495013
vn -0.715439 0.493061 -0.495013
vt 44.9637 20.7623
vt 33.498 0.588678
vt 33.5082 0.571366
f 2239/2239/2239 2240/2240/2240 2241/2241/2241
v -11.6668 -0.003285 0.140228
v -11.6707 -0.00903 0.14022
v -13.9193 0.05776 3.45673
vn -0.716926 0.489942 -0.495958
vn -0.716926 0.489942 -0.495958
vn -0.716926 0.489942 -0.495958
vt 44.9836 20.7622
vt 44.9637 20.7623
vt 33.5082 0.571366
f 2242/2242/2242 2243/2243/2243 2244/2244/2244
v -11.6719 -0.014907 0.140217
v -13.922 0.046137 3.45302
v -13.9213 0.052014 3.4539
vn -0.813826 0.169381 -0.555876
vn -0.813826 0.169381 -0.555876
vn -0.813826 0.169381 -0.555876
vt 44.9575 20.7623
vt 33.4949 0.594055
vt 33.498 0.588678
f 2245/2245/2245 2246/2246/2246 2247/2247/2247
v -11.6707 -0.00903 0.14022
v -11.6719 -0.014907 0.140217
v -13.9213 0.052014 3.4539
vn -0.813912 0.168812 -0.555923
vn -0.813912 0.168812 -0.555923
vn -0.813912 0.168812 -0.555923
vt 44.9637 20.7623
vt 44.9575 20.7623
vt 33.498 0.588678
f 2248/2248/2248 2249/2249/2249 2250/2250/2250
v -11.4695 -0.003285 0.140648
v -13.8541 0.05776 3.54891
v -13.8521 0.052014 3.55174
vn 0.717046 0.492896 0.492848
vn 0.717046 0.492896 0.492848
vn 0.717046 0.492896 0.492848
vt 45.9832 20.7554
vt 33.8373 0.007413
vt 33.8474 -0.009885
f 2251/2251/2251 2252/2252/2252 2253/2253/2253
v -11.4656 -0.00903 0.140656
v -11.4695 -0.003285 0.140648
v -13.8521 0.052014 3.55174
vn 0.716846 0.493333 0.492701
vn 0.716846 0.493333 0.492701
vn 0.716846 0.493333 0.492701
vt 46.0033 20.7552
vt 45.9832 20.7554
vt 33.8474 -0.009885
f 2254/2254/2254 2255/2255/2255 2256/2256/2256
v -11.476 0.00137 0.140634
v -13.8574 0.062414 3.54428
v -13.8541 0.05776 3.54891
vn 0.546162 0.752207 0.368635
vn 0.546162 0.752207 0.368635
vn 0.546162 0.752207 0.368635
vt 45.9505 20.7556
vt 33.8207 0.035775
vt 33.8373 0.007413
f 2257/2257/2257 2258/2258/2258 2259/2259/2259
v -11.4695 -0.003285 0.140648
v -11.476 0.00137 0.140634
v -13.8541 0.05776 3.54891
vn 0.543012 0.755582 0.366381
vn 0.543012 0.755582 0.366381
vn 0.543012 0.755582 0.366381
vt 45.9832 20.7554
vt 45.9505 20.7556
vt 33.8373 0.007413
f 2260/2260/2260 2261/2261/2261 2262/2262/2262
v -11.484 0.004211 0.140617
v -13.8614 0.065255 3.53855
v -13.8574 0.062414 3.54428
vn 0.33496 0.916692 0.217894
vn 0.33496 0.916692 0.217894
vn 0.33496 0.916692 0.217894
vt 45.91 20.7559
vt 33.8003 0.070788
vt 33.8207 0.035775
f 2263/2263/2263 2264/2264/2264 2265/2265/2265
v -11.476 0.00137 0.140634
v -11.484 0.004211 0.140617
v -13.8574 0.062414 3.54428
vn 0.327155 0.920795 0.212381
vn 0.327155 0.920795 0.212381
vn 0.327155 0.920795 0.212381
vt 45.9505 20.7556
vt 45.91 20.7559
vt 33.8207 0.035775
f 2266/2266/2266 2267/2267/2267 2268/2268/2268
v -11.4921 0.005093 0.140599
v -13.8656 0.066137 3.5327
v -13.8614 0.065255 3.53855
vn 0.118745 0.990778 0.0652549
vn 0.118745 0.990778 0.0652549
vn 0.118745 0.990778 0.0652549
vt 45.8686 20.7562
vt 33.7794 0.106593
vt 33.8003 0.070788
f 2269/2269/2269 2270/2270/2270 2271/2271/2271
v -11.484 0.004211 0.140617
v -11.4921 0.005093 0.140599
v -13.8614 0.065255 3.53855
vn 0.107068 0.992612 0.0570806
vn 0.107068 0.992612 0.0570806
vn 0.107068 0.992612 0.0570806
vt 45.91 20.7559
vt 45.8686 20.7562
vt 33.8003 0.070788
f 2272/2272/2272 2273/2273/2273 2274/2274/2274
v -27.0278 0.062414 3.53564
v -29.3287 0.009462 0.240243
v -29.3367 0.012303 0.240287
vn 0.324564 0.914564 -0.241313
vn 0.324564 0.914564 -0.241313
vn 0.324564 0.914564 -0.241313
vt -32.9308 0.369024
vt -44.5342 20.528
vt -44.5746 20.5279
f 2275/2275/2275 2276/2276/2276 2277/2277/2277
v -27.0318 0.065255 3.54141
v -27.0278 0.062414 3.53564
v -29.3367 0.012303 0.240287
vn 0.3157 0.919254 -0.235173
vn 0.3157 0.919254 -0.235173
vn 0.3157 0.919254 -0.235173
vt -32.9511 0.333904
vt -32.9308 0.369024
vt -44.5746 20.5279
f 2278/2278/2278 2279/2279/2279 2280/2280/2280
v -27.0246 0.05776 3.53097
v -29.3223 0.004808 0.240207
v -29.3287 0.009462 0.240243
vn 0.537655 0.748872 -0.387452
vn 0.537655 0.748872 -0.387452
vn 0.537655 0.748872 -0.387452
vt -32.9144 0.397467
vt -44.5015 20.5281
vt -44.5342 20.528
f 2281/2281/2281 2282/2282/2282 2283/2283/2283
v -27.0278 0.062414 3.53564
v -27.0246 0.05776 3.53097
v -29.3287 0.009462 0.240243
vn 0.532698 0.754143 -0.384058
vn 0.532698 0.754143 -0.384058
vn 0.532698 0.754143 -0.384058
vt -32.9308 0.369024
vt -32.9144 0.397467
vt -44.5342 20.528
f 2284/2284/2284 2285/2285/2285 2286/2286/2286
v -27.0226 0.052014 3.52812
v -29.3183 -0.000938 0.240185
v -29.3223 0.004808 0.240207
vn 0.711178 0.489655 -0.504444
vn 0.711178 0.489655 -0.504444
vn 0.711178 0.489655 -0.504444
vt -32.9044 0.414832
vt -44.4815 20.5282
vt -44.5015 20.5281
f 2287/2287/2287 2288/2288/2288 2289/2289/2289
v -27.0246 0.05776 3.53097
v -27.0226 0.052014 3.52812
v -29.3223 0.004808 0.240207
vn 0.709828 0.492535 -0.503541
vn 0.709828 0.492535 -0.503541
vn 0.709828 0.492535 -0.503541
vt -32.9144 0.397467
vt -32.9044 0.414832
vt -44.5015 20.5281
f 2290/2290/2290 2291/2291/2291 2292/2292/2292
v -27.022 0.046137 3.52723
v -29.3171 -0.006814 0.240179
v -29.3183 -0.000938 0.240185
vn 0.806884 0.168726 -0.566101
vn 0.806884 0.168726 -0.566101
vn 0.806884 0.168726 -0.566101
vt -32.9013 0.420223
vt -44.4753 20.5282
vt -44.4815 20.5282
f 2293/2293/2293 2294/2294/2294 2295/2295/2295
v -27.0226 0.052014 3.52812
v -27.022 0.046137 3.52723
v -29.3183 -0.000938 0.240185
vn 0.806808 0.169239 -0.566055
vn 0.806808 0.169239 -0.566055
vn 0.806808 0.169239 -0.566055
vt -32.9044 0.414832
vt -32.9013 0.420223
vt -44.4815 20.5282
f 2296/2296/2296 2297/2297/2297 2298/2298/2298
v -27.0886 0.05776 3.62391
v -29.5195 0.004808 0.241302
v -29.5235 -0.000938 0.241324
vn -0.710252 0.492784 0.5027
vn -0.710252 0.492784 0.5027
vn -0.710252 0.492784 0.5027
vt -33.2406 -0.16835
vt -45.5011 20.5256
vt -45.5212 20.5256
f 2299/2299/2299 2300/2300/2300 2301/2301/2301
v -27.0906 0.052014 3.62675
v -27.0886 0.05776 3.62391
v -29.5235 -0.000938 0.241324
vn -0.711559 0.489876 0.503691
vn -0.711559 0.489876 0.503691
vn -0.711559 0.489876 0.503691
vt -33.2505 -0.185595
vt -33.2406 -0.16835
vt -45.5212 20.5256
f 2302/2302/2302 2303/2303/2303 2304/2304/2304
v -27.0854 0.062414 3.61928
v -29.513 0.009462 0.241266
v -29.5195 0.004808 0.241302
vn -0.538111 0.754921 0.374873
vn -0.538111 0.754921 0.374873
vn -0.538111 0.754921 0.374873
vt -33.2243 -0.140109
vt -45.4682 20.5257
vt -45.5011 20.5256
f 2305/2305/2305 2306/2306/2306 2307/2307/2307
v -27.0886 0.05776 3.62391
v -27.0854 0.062414 3.61928
v -29.5195 0.004808 0.241302
vn -0.542837 0.749778 0.378366
vn -0.542837 0.749778 0.378366
vn -0.542837 0.749778 0.378366
vt -33.2406 -0.16835
vt -33.2243 -0.140109
vt -45.5011 20.5256
f 2308/2308/2308 2309/2309/2309 2310/2310/2310
v -27.0815 0.065255 3.61355
v -29.505 0.012303 0.241222
v -29.513 0.009462 0.241266
vn -0.324468 0.920261 0.218725
vn -0.324468 0.920261 0.218725
vn -0.324468 0.920261 0.218725
vt -33.2042 -0.105243
vt -45.4275 20.5258
vt -45.4682 20.5257
f 2311/2311/2311 2312/2312/2312 2313/2313/2313
v -27.0854 0.062414 3.61928
v -27.0815 0.065255 3.61355
v -29.513 0.009462 0.241266
vn -0.332904 0.915753 0.224882
vn -0.332904 0.915753 0.224882
vn -0.332904 0.915753 0.224882
vt -33.2243 -0.140109
vt -33.2042 -0.105243
vt -45.4682 20.5257
f 2314/2314/2314 2315/2315/2315 2316/2316/2316
v -51.2531 0.066137 3.67979
v -53.6607 0.013186 0.30485
v -53.6689 0.012303 0.304867
vn -0.106577 0.992465 0.0604561
vn -0.106577 0.992465 0.0604561
vn -0.106577 0.992465 0.0604561
vt -33.1837 -0.069586
vt -45.3858 20.5259
vt -45.4275 20.5258
f 2317/2317/2317 2318/2318/2318 2319/2319/2319
v -51.2572 0.065255 3.68563
v -51.2531 0.066137 3.67979
v -53.6689 0.012303 0.304867
vn -0.117293 0.990756 0.0681542
vn -0.117293 0.990756 0.0681542
vn -0.117293 0.990756 0.0681542
vt -33.2042 -0.105243
vt -33.1837 -0.069586
vt -45.4275 20.5258
f 2320/2320/2320 2321/2321/2321 2322/2322/2322
v -38.027 0.046137 3.67089
v -51.2669 0.046137 3.69968
v -51.2669 -0.033863 3.69968
vn 0.00217433 -0 0.999998
vn 0.00217433 -0 0.999998
vn 0.00217433 -0 0.999998
vt 33.8505 -0.313002
vt -33.2536 -0.313002
vt -33.2536 -0.801203
f 2323/2323/2323 2324/2324/2324 2325/2325/2325
v -38.027 -0.033863 3.67089
v -38.027 0.046137 3.67089
v -51.2669 -0.033863 3.69968
vn 0.00217433 0 0.999998
vn 0.00217433 0 0.999998
vn 0.00217433 0 0.999998
vt 33.8505 -0.801203
vt 33.8505 -0.313002
vt -33.2536 -0.801203
f 2326/2326/2326 2327/2327/2327 2328/2328/2328
v -51.2113 0.066137 3.61956
v -53.5088 0.013186 0.304537
v -53.6607 0.013186 0.30485
vn -3.28628e-005 0.999873 -0.0159483
vn -3.28628e-005 0.999873 -0.0159483
vn -3.28628e-005 0.999873 -0.0159483
vt -32.9718 0.297992
vt -44.6159 20.5278
vt -45.3858 20.5259
f 2329/2329/2329 2330/2330/2330 2331/2331/2331
v -51.2531 0.066137 3.67979
v -51.2113 0.066137 3.61956
v -53.6607 0.013186 0.30485
vn -0.0111463 0.999908 -0.00773674
vn -0.0111463 0.999908 -0.00773674
vn -0.0111463 0.999908 -0.00773674
vt -33.1837 -0.069586
vt -32.9718 0.297992
vt -45.3858 20.5259
f 2332/2332/2332 2333/2333/2333 2334/2334/2334
v -38.0831 0.066137 3.59101
v -51.2113 0.066137 3.61956
v -51.2531 0.066137 3.67979
vn 0 1 0
vn 0 1 0
vn 0 1 0
vt 33.566 0.472186
vt -32.9718 0.297992
vt -33.1837 -0.069586
f 2335/2335/2335 2336/2336/2336 2337/2337/2337
v -38.041 0.066137 3.65092
v -38.0831 0.066137 3.59101
v -51.2531 0.066137 3.67979
vn -0 1 0
vn -0 1 0
vn -0 1 0
vt 33.7794 0.106593
vt 33.566 0.472186
vt -33.1837 -0.069586
f 2338/2338/2338 2339/2339/2339 2340/2340/2340
v -35.628 -0.014907 0.267278
v -38.027 0.046137 3.67089
v -38.027 -0.033863 3.67089
vn 0.817368 -0 0.576116
vn 0.817368 -0 0.576116
vn 0.817368 -0 0.576116
vt 46.0095 -0.685502
vt 33.8505 -0.313002
vt 33.8505 -0.801203
f 2341/2341/2341 2342/2342/2342 2343/2343/2343
v -35.628 -0.033863 0.267278
v -35.628 -0.014907 0.267278
v -38.027 -0.033863 3.67089
vn 0.817368 0 0.576116
vn 0.817368 0 0.576116
vn 0.817368 0 0.576116
vt 46.0095 -0.801203
vt 46.0095 -0.685502
vt 33.8505 -0.801203
f 2344/2344/2344 2345/2345/2345 2346/2346/2346
v -35.808 0.005093 0.266267
v -38.0831 0.066137 3.59101
v -38.041 0.066137 3.65092
vn 0.0132355 0.999869 -0.00930082
vn 0.0132355 0.999869 -0.00930082
vn 0.0132355 0.999869 -0.00930082
vt 45.0974 20.7614
vt 33.566 0.472186
vt 33.7794 0.106593
f 2347/2347/2347 2348/2348/2348 2349/2349/2349
v -35.6558 0.005093 0.267122
v -35.808 0.005093 0.266267
v -38.041 0.066137 3.65092
vn 0.000100947 0.999839 -0.017966
vn 0.000100947 0.999839 -0.017966
vn 0.000100947 0.999839 -0.017966
vt 45.8686 20.7562
vt 45.0974 20.7614
vt 33.7794 0.106593
f 2350/2350/2350 2351/2351/2351 2352/2352/2352
v -53.6769 0.009462 0.304883
v -53.6689 0.012303 0.304867
v -53.6886 -0.006814 0.304908
vn -0.00194429 -0.000137731 -0.999998
vn -0.00194429 -0.000137731 -0.999998
vn -0.00194429 -0.000137731 -0.999998
vt 158.44 -0.536813
vt 158.4 -0.519461
vt 158.5 -0.636127
f 2353/2353/2353 2354/2354/2354 2355/2355/2355
v -53.6834 0.004808 0.304897
v -53.6769 0.009462 0.304883
v -53.6886 -0.006814 0.304908
vn -0.00217249 2.64111e-005 -0.999998
vn -0.00217249 2.64111e-005 -0.999998
vn -0.00217249 2.64111e-005 -0.999998
vt 158.473 -0.565215
vt 158.44 -0.536813
vt 158.5 -0.636127
f 2356/2356/2356 2357/2357/2357 2358/2358/2358
v -53.481 -0.006814 0.30448
v -53.481 -0.033863 0.30448
v -53.5088 0.013186 0.304537
vn -0.00205462 0 -0.999998
vn -0.00205462 0 -0.999998
vn -0.00205462 0 -0.999998
vt 157.448 -0.636127
vt 157.448 -0.801203
vt 157.588 -0.51407
f 2359/2359/2359 2360/2360/2360 2361/2361/2361
v -53.5006 0.012303 0.30452
v -53.481 -0.006814 0.30448
v -53.5088 0.013186 0.304537
vn -0.00208898 -4.76768e-005 -0.999998
vn -0.00208898 -4.76768e-005 -0.999998
vn -0.00208898 -4.76768e-005 -0.999998
vt 157.547 -0.519461
vt 157.448 -0.636127
vt 157.588 -0.51407
f 2362/2362/2362 2363/2363/2363 2364/2364/2364
v -53.6607 0.013186 0.30485
v -53.5088 0.013186 0.304537
v -53.481 -0.033863 0.30448
vn -0.00206058 -3.51939e-006 -0.999998
vn -0.00206058 -3.51939e-006 -0.999998
vn -0.00206058 -3.51939e-006 -0.999998
vt 158.358 -0.51407
vt 157.588 -0.51407
vt 157.448 -0.801203
f 2365/2365/2365 2366/2366/2366 2367/2367/2367
v -53.6886 -0.033863 0.304908
v -53.6607 0.013186 0.30485
v -53.481 -0.033863 0.30448
vn -0.00206172 -7.8546e-006 -0.999998
vn -0.00206172 -7.8546e-006 -0.999998
vn -0.00206172 -7.8546e-006 -0.999998
vt 158.5 -0.801203
vt 158.358 -0.51407
vt 157.448 -0.801203
f 2368/2368/2368 2369/2369/2369 2370/2370/2370
v -53.6886 -0.006814 0.304908
v -53.6689 0.012303 0.304867
v -53.6607 0.013186 0.30485
vn -0.00206716 -1.08718e-005 -0.999998
vn -0.00206716 -1.08718e-005 -0.999998
vn -0.00206716 -1.08718e-005 -0.999998
vt 158.5 -0.636127
vt 158.4 -0.519461
vt 158.358 -0.51407
f 2371/2371/2371 2372/2372/2372 2373/2373/2373
v -53.6886 -0.033863 0.304908
v -53.6886 -0.006814 0.304908
v -53.6607 0.013186 0.30485
vn -0.00207494 -0 -0.999998
vn -0.00207494 -0 -0.999998
vn -0.00207494 -0 -0.999998
vt 158.5 -0.801203
vt 158.5 -0.636127
vt 158.358 -0.51407
f 2374/2374/2374 2375/2375/2375 2376/2376/2376
v -53.6886 -0.006814 0.304908
v -53.6874 -0.000938 0.304905
v -53.6834 0.004808 0.304897
vn -0.00182328 -0.000129932 -0.999998
vn -0.00182328 -0.000129932 -0.999998
vn -0.00182328 -0.000129932 -0.999998
vt 158.5 -0.636127
vt 158.493 -0.600269
vt 158.473 -0.565215
f 2377/2377/2377 2378/2378/2378 2379/2379/2379
v -53.4862 0.004808 0.30449
v -53.4823 -0.000938 0.304482
v -53.481 -0.006814 0.30448
vn -0.00218615 -0.000110692 -0.999998
vn -0.00218615 -0.000110692 -0.999998
vn -0.00218615 -0.000110692 -0.999998
vt 157.474 -0.565215
vt 157.454 -0.600269
vt 157.448 -0.636127
f 2380/2380/2380 2381/2381/2381 2382/2382/2382
v -53.4926 0.009462 0.304504
v -53.4862 0.004808 0.30449
v -53.481 -0.006814 0.30448
vn -0.00228007 -0.000152462 -0.999997
vn -0.00228007 -0.000152462 -0.999997
vn -0.00228007 -0.000152462 -0.999997
vt 157.506 -0.536813
vt 157.474 -0.565215
vt 157.448 -0.636127
f 2383/2383/2383 2384/2384/2384 2385/2385/2385
v -53.5006 0.012303 0.30452
v -53.4926 0.009462 0.304504
v -53.481 -0.006814 0.30448
vn -0.0019871 5.67611e-005 -0.999998
vn -0.0019871 5.67611e-005 -0.999998
vn -0.0019871 5.67611e-005 -0.999998
vt 157.547 -0.519461
vt 157.506 -0.536813
vt 157.448 -0.636127
f 2386/2386/2386 2387/2387/2387 2388/2388/2388
v -35.824 0.00137 0.266177
v -35.8161 0.004211 0.266222
v -35.8356 -0.014907 0.266113
vn 0.00572516 -0.000134539 -0.999984
vn 0.00572516 -0.000134539 -0.999984
vn 0.00572516 -0.000134539 -0.999984
vt 67.9561 -0.586189
vt 67.9159 -0.568863
vt 68.0147 -0.685502
f 2389/2389/2389 2390/2390/2390 2391/2391/2391
v -35.8304 -0.003285 0.266141
v -35.824 0.00137 0.266177
v -35.8356 -0.014907 0.266113
vn 0.00568361 -0.000105037 -0.999984
vn 0.00568361 -0.000105037 -0.999984
vn 0.00568361 -0.000105037 -0.999984
vt 67.9887 -0.614591
vt 67.9561 -0.586189
vt 68.0147 -0.685502
f 2392/2392/2392 2393/2393/2393 2394/2394/2394
v -35.8356 -0.014907 0.266113
v -35.8343 -0.00903 0.266119
v -35.8304 -0.003285 0.266141
vn 0.00590717 -0.000203881 -0.999983
vn 0.00590717 -0.000203881 -0.999983
vn 0.00590717 -0.000203881 -0.999983
vt 68.0147 -0.685502
vt 68.0085 -0.649644
vt 67.9887 -0.614591
f 2395/2395/2395 2396/2396/2396 2397/2397/2397
v -35.8356 -0.014907 0.266113
v -35.8161 0.004211 0.266222
v -35.808 0.005093 0.266267
vn 0.00554617 4.78911e-005 -0.999985
vn 0.00554617 4.78911e-005 -0.999985
vn 0.00554617 4.78911e-005 -0.999985
vt 68.0147 -0.685502
vt 67.9159 -0.568863
vt 67.8748 -0.563472
f 2398/2398/2398 2399/2399/2399 2400/2400/2400
v -35.8356 -0.033863 0.266113
v -35.8356 -0.014907 0.266113
v -35.808 0.005093 0.266267
vn 0.00558089 0 -0.999984
vn 0.00558089 0 -0.999984
vn 0.00558089 0 -0.999984
vt 68.0147 -0.801203
vt 68.0147 -0.685502
vt 67.8748 -0.563472
f 2401/2401/2401 2402/2402/2402 2403/2403/2403
v -35.628 -0.014907 0.267278
v -35.628 -0.033863 0.267278
v -35.6558 0.005093 0.267122
vn 0.00561213 0 -0.999984
vn 0.00561213 0 -0.999984
vn 0.00561213 0 -0.999984
vt 66.9627 -0.685502
vt 66.9627 -0.801203
vt 67.1036 -0.563472
f 2404/2404/2404 2405/2405/2405 2406/2406/2406
v -35.6476 0.004211 0.267168
v -35.628 -0.014907 0.267278
v -35.6558 0.005093 0.267122
vn 0.00563352 2.97284e-005 -0.999984
vn 0.00563352 2.97284e-005 -0.999984
vn 0.00563352 2.97284e-005 -0.999984
vt 67.0622 -0.568863
vt 66.9627 -0.685502
vt 67.1036 -0.563472
f 2407/2407/2407 2408/2408/2408 2409/2409/2409
v -35.6558 0.005093 0.267122
v -35.628 -0.033863 0.267278
v -35.8356 -0.033863 0.266113
vn 0.00561278 4.64472e-007 -0.999984
vn 0.00561278 4.64472e-007 -0.999984
vn 0.00561278 4.64472e-007 -0.999984
vt 67.1036 -0.563472
vt 66.9627 -0.801203
vt 68.0147 -0.801203
f 2410/2410/2410 2411/2411/2411 2412/2412/2412
v -35.808 0.005093 0.266267
v -35.6558 0.005093 0.267122
v -35.8356 -0.033863 0.266113
vn 0.00561868 -2.67708e-005 -0.999984
vn 0.00561868 -2.67708e-005 -0.999984
vn 0.00561868 -2.67708e-005 -0.999984
vt 67.8748 -0.563472
vt 67.1036 -0.563472
vt 68.0147 -0.801203
f 2413/2413/2413 2414/2414/2414 2415/2415/2415
v -35.6332 -0.003285 0.267249
v -35.6292 -0.00903 0.267271
v -35.628 -0.014907 0.267278
vn 0.00553476 -2.97962e-005 -0.999985
vn 0.00553476 -2.97962e-005 -0.999985
vn 0.00553476 -2.97962e-005 -0.999985
vt 66.989 -0.614591
vt 66.969 -0.649644
vt 66.9627 -0.685502
f 2416/2416/2416 2417/2417/2417 2418/2418/2418
v -35.6396 0.00137 0.267213
v -35.6332 -0.003285 0.267249
v -35.628 -0.014907 0.267278
vn 0.00555176 -2.22226e-005 -0.999985
vn 0.00555176 -2.22226e-005 -0.999985
vn 0.00555176 -2.22226e-005 -0.999985
vt 67.0218 -0.586189
vt 66.989 -0.614591
vt 66.9627 -0.685502
f 2419/2419/2419 2420/2420/2420 2421/2421/2421
v -35.6476 0.004211 0.267168
v -35.6396 0.00137 0.267213
v -35.628 -0.014907 0.267278
vn 0.0056545 5.1264e-005 -0.999984
vn 0.0056545 5.1264e-005 -0.999984
vn 0.0056545 5.1264e-005 -0.999984
vt 67.0622 -0.568863
vt 67.0218 -0.586189
vt 66.9627 -0.685502
f 2422/2422/2422 2423/2423/2423 2424/2424/2424
v -53.481 -0.006814 0.30448
v -51.1974 0.046137 3.59953
v -51.1974 -0.033863 3.59953
vn 0.82191 0 -0.569617
vn 0.82191 0 -0.569617
vn 0.82191 0 -0.569617
vt 157.448 -0.636127
vt 145.874 -0.313002
vt 145.874 -0.801203
f 2425/2425/2425 2426/2426/2426 2427/2427/2427
v -53.481 -0.033863 0.30448
v -53.481 -0.006814 0.30448
v -51.1974 -0.033863 3.59953
vn 0.82191 0 -0.569617
vn 0.82191 0 -0.569617
vn 0.82191 0 -0.569617
vt 157.448 -0.801203
vt 157.448 -0.636127
vt 145.874 -0.801203
f 2428/2428/2428 2429/2429/2429 2430/2430/2430
v -51.1974 0.046137 3.59953
v -38.0972 0.046137 3.57104
v -38.0972 -0.033863 3.57104
vn -0.00217437 0 -0.999998
vn -0.00217437 0 -0.999998
vn -0.00217437 0 -0.999998
vt 145.874 -0.313002
vt 79.4773 -0.313002
vt 79.4773 -0.801203
f 2431/2431/2431 2432/2432/2432 2433/2433/2433
v -51.1974 -0.033863 3.59953
v -51.1974 0.046137 3.59953
v -38.0972 -0.033863 3.57104
vn -0.00217437 -0 -0.999998
vn -0.00217437 -0 -0.999998
vn -0.00217437 -0 -0.999998
vt 145.874 -0.801203
vt 145.874 -0.313002
vt 79.4773 -0.801203
f 2434/2434/2434 2435/2435/2435 2436/2436/2436
v -38.0972 0.046137 3.57104
v -35.8356 -0.014907 0.266113
v -35.8356 -0.033863 0.266113
vn -0.825266 0 -0.564745
vn -0.825266 0 -0.564745
vn -0.825266 0 -0.564745
vt 79.4773 -0.313002
vt 68.0147 -0.685502
vt 68.0147 -0.801203
f 2437/2437/2437 2438/2438/2438 2439/2439/2439
v -38.0972 -0.033863 3.57104
v -38.0972 0.046137 3.57104
v -35.8356 -0.033863 0.266113
vn -0.825266 -0 -0.564745
vn -0.825266 -0 -0.564745
vn -0.825266 -0 -0.564745
vt 79.4773 -0.801203
vt 79.4773 -0.313002
vt 68.0147 -0.801203
f 2440/2440/2440 2441/2441/2441 2442/2442/2442
v -38.0873 0.065255 3.58514
v -51.2072 0.065255 3.61367
v -51.2113 0.066137 3.61956
vn -0.000322754 0.988922 -0.148439
vn -0.000322754 0.988922 -0.148439
vn -0.000322754 0.988922 -0.148439
vt 33.5451 0.507991
vt -32.9511 0.333904
vt -32.9718 0.297992
f 2443/2443/2443 2444/2444/2444 2445/2445/2445
v -38.0831 0.066137 3.59101
v -38.0873 0.065255 3.58514
v -51.2113 0.066137 3.61956
vn -0.000322756 0.988921 -0.14844
vn -0.000322756 0.988921 -0.14844
vn -0.000322756 0.988921 -0.14844
vt 33.566 0.472186
vt 33.5451 0.507991
vt -32.9718 0.297992
f 2446/2446/2446 2447/2447/2447 2448/2448/2448
v -51.2669 0.046137 3.69968
v -53.6886 -0.006814 0.304908
v -53.6886 -0.033863 0.304908
vn -0.814091 0 0.580738
vn -0.814091 0 0.580738
vn -0.814091 0 0.580738
vt -33.2536 -0.313002
vt -45.5275 -0.636127
vt -45.5275 -0.801203
f 2449/2449/2449 2450/2450/2450 2451/2451/2451
v -51.2669 -0.033863 3.69968
v -51.2669 0.046137 3.69968
v -53.6886 -0.033863 0.304908
vn -0.814091 0 0.580738
vn -0.814091 0 0.580738
vn -0.814091 0 0.580738
vt -33.2536 -0.801203
vt -33.2536 -0.313002
vt -45.5275 -0.801203
f 2452/2452/2452 2453/2453/2453 2454/2454/2454
v -38.0276 0.052014 3.67001
v -51.2663 0.052014 3.6988
v -51.2669 0.046137 3.69968
vn 0.00215095 0.147553 0.989052
vn 0.00215095 0.147553 0.989052
vn 0.00215095 0.147553 0.989052
vt 33.8474 -0.009885
vt -33.2505 -0.185595
vt -33.2536 -0.190946
f 2455/2455/2455 2456/2456/2456 2457/2457/2457
v -38.027 0.046137 3.67089
v -38.0276 0.052014 3.67001
v -51.2669 0.046137 3.69968
vn 0.00215024 0.148465 0.988915
vn 0.00215024 0.148465 0.988915
vn 0.00215024 0.148465 0.988915
vt 33.8505 -0.015263
vt 33.8474 -0.009885
vt -33.2536 -0.190946
f 2458/2458/2458 2459/2459/2459 2460/2460/2460
v -35.8161 0.004211 0.266222
v -38.0873 0.065255 3.58514
v -38.0831 0.066137 3.59101
vn -0.0943609 0.992087 -0.0828201
vn -0.0943609 0.992087 -0.0828201
vn -0.0943609 0.992087 -0.0828201
vt 45.0563 20.7617
vt 33.5451 0.507991
vt 33.566 0.472186
f 2461/2461/2461 2462/2462/2462 2463/2463/2463
v -35.808 0.005093 0.266267
v -35.8161 0.004211 0.266222
v -38.0831 0.066137 3.59101
vn -0.10721 0.990013 -0.091543
vn -0.10721 0.990013 -0.091543
vn -0.10721 0.990013 -0.091543
vt 45.0974 20.7614
vt 45.0563 20.7617
vt 33.566 0.472186
f 2464/2464/2464 2465/2465/2465 2466/2466/2466
v -35.6292 -0.00903 0.267271
v -38.0276 0.052014 3.67001
v -38.027 0.046137 3.67089
vn 0.806881 0.170163 0.565674
vn 0.806881 0.170163 0.565674
vn 0.806881 0.170163 0.565674
vt 46.0033 20.7552
vt 33.8474 -0.009885
vt 33.8505 -0.015263
f 2467/2467/2467 2468/2468/2468 2469/2469/2469
v -35.628 -0.014907 0.267278
v -35.6292 -0.00903 0.267271
v -38.027 0.046137 3.67089
vn 0.806991 0.169338 0.565765
vn 0.806991 0.169338 0.565765
vn 0.806991 0.169338 0.565765
vt 46.0095 20.7552
vt 46.0033 20.7552
vt 33.8505 -0.015263
f 2470/2470/2470 2471/2471/2471 2472/2472/2472
v -51.2072 0.065255 3.61367
v -53.5006 0.012303 0.30452
v -53.5088 0.013186 0.304537
vn 0.107064 0.990166 -0.0900441
vn 0.107064 0.990166 -0.0900441
vn 0.107064 0.990166 -0.0900441
vt -32.9511 0.333904
vt -44.5746 20.5279
vt -44.6159 20.5278
f 2473/2473/2473 2474/2474/2474 2475/2475/2475
v -51.2113 0.066137 3.61956
v -51.2072 0.065255 3.61367
v -53.5088 0.013186 0.304537
vn 0.0957496 0.992005 -0.0822037
vn 0.0957496 0.992005 -0.0822037
vn 0.0957496 0.992005 -0.0822037
vt -32.9718 0.297992
vt -32.9511 0.333904
vt -44.6159 20.5278
f 2476/2476/2476 2477/2477/2477 2478/2478/2478
v -51.2663 0.052014 3.6988
v -53.6874 -0.000938 0.304905
v -53.6886 -0.006814 0.304908
vn -0.80365 0.168811 0.570657
vn -0.80365 0.168811 0.570657
vn -0.80365 0.168811 0.570657
vt -33.2505 -0.185595
vt -45.5212 20.5256
vt -45.5275 20.5256
f 2479/2479/2479 2480/2480/2480 2481/2481/2481
v -51.2669 0.046137 3.69968
v -51.2663 0.052014 3.6988
v -53.6886 -0.006814 0.304908
vn -0.803661 0.168728 0.570666
vn -0.803661 0.168728 0.570666
vn -0.803661 0.168728 0.570666
vt -33.2536 -0.190946
vt -33.2505 -0.185595
vt -45.5275 20.5256
f 2482/2482/2482 2483/2483/2483 2484/2484/2484
v -38.0913 0.062414 3.57941
v -51.2033 0.062414 3.60792
v -51.2072 0.065255 3.61367
vn -0.000963674 0.896423 -0.443199
vn -0.000963674 0.896423 -0.443199
vn -0.000963674 0.896423 -0.443199
vt 33.5247 0.543004
vt -32.9308 0.369024
vt -32.9511 0.333904
f 2485/2485/2485 2486/2486/2486 2487/2487/2487
v -38.0873 0.065255 3.58514
v -38.0913 0.062414 3.57941
v -51.2072 0.065255 3.61367
vn -0.000963586 0.896439 -0.443166
vn -0.000963586 0.896439 -0.443166
vn -0.000963586 0.896439 -0.443166
vt 33.5451 0.507991
vt 33.5247 0.543004
vt -32.9511 0.333904
f 2488/2488/2488 2489/2489/2489 2490/2490/2490
v -38.0946 0.05776 3.57476
v -51.2 0.05776 3.60326
v -51.2033 0.062414 3.60792
vn -0.0015375 0.70711 -0.707102
vn -0.0015375 0.70711 -0.707102
vn -0.0015375 0.70711 -0.707102
vt 33.5082 0.571366
vt -32.9144 0.397467
vt -32.9308 0.369024
f 2491/2491/2491 2492/2492/2492 2493/2493/2493
v -38.0913 0.062414 3.57941
v -38.0946 0.05776 3.57476
v -51.2033 0.062414 3.60792
vn -0.00153748 0.707115 -0.707097
vn -0.00153748 0.707115 -0.707097
vn -0.00153748 0.707115 -0.707097
vt 33.5247 0.543004
vt 33.5082 0.571366
vt -32.9308 0.369024
f 2494/2494/2494 2495/2495/2495 2496/2496/2496
v -38.0966 0.052014 3.57192
v -51.198 0.052014 3.60041
v -51.2 0.05776 3.60326
vn -0.00194913 0.443184 -0.896429
vn -0.00194913 0.443184 -0.896429
vn -0.00194913 0.443184 -0.896429
vt 33.498 0.588678
vt -32.9044 0.414832
vt -32.9144 0.397467
f 2497/2497/2497 2498/2498/2498 2499/2499/2499
v -38.0946 0.05776 3.57476
v -38.0966 0.052014 3.57192
v -51.2 0.05776 3.60326
vn -0.00194922 0.443129 -0.896456
vn -0.00194922 0.443129 -0.896456
vn -0.00194922 0.443129 -0.896456
vt 33.5082 0.571366
vt 33.498 0.588678
vt -32.9144 0.397467
f 2500/2500/2500 2501/2501/2501 2502/2502/2502
v -38.0972 0.046137 3.57104
v -51.1974 0.046137 3.59953
v -51.198 0.052014 3.60041
vn -0.00215025 0.148533 -0.988905
vn -0.00215025 0.148533 -0.988905
vn -0.00215025 0.148533 -0.988905
vt 33.4949 0.594055
vt -32.9013 0.420223
vt -32.9044 0.414832
f 2503/2503/2503 2504/2504/2504 2505/2505/2505
v -38.0966 0.052014 3.57192
v -38.0972 0.046137 3.57104
v -51.198 0.052014 3.60041
vn -0.00215018 0.148622 -0.988892
vn -0.00215018 0.148622 -0.988892
vn -0.00215018 0.148622 -0.988892
vt 33.498 0.588678
vt 33.4949 0.594055
vt -32.9044 0.414832
f 2506/2506/2506 2507/2507/2507 2508/2508/2508
v -38.0296 0.05776 3.66717
v -51.2644 0.05776 3.69598
v -51.2663 0.052014 3.6988
vn 0.00195384 0.440521 0.89774
vn 0.00195384 0.440521 0.89774
vn 0.00195384 0.440521 0.89774
vt 33.8373 0.007413
vt -33.2406 -0.16835
vt -33.2505 -0.185595
f 2509/2509/2509 2510/2510/2510 2511/2511/2511
v -38.0276 0.052014 3.67001
v -38.0296 0.05776 3.66717
v -51.2663 0.052014 3.6988
vn 0.00194944 0.443249 0.896397
vn 0.00194944 0.443249 0.896397
vn 0.00194944 0.443249 0.896397
vt 33.8474 -0.009885
vt 33.8373 0.007413
vt -33.2505 -0.185595
f 2512/2512/2512 2513/2513/2513 2514/2514/2514
v -38.0329 0.062414 3.66252
v -51.2612 0.062414 3.69135
v -51.2644 0.05776 3.69598
vn 0.00154615 0.7046 0.709603
vn 0.00154615 0.7046 0.709603
vn 0.00154615 0.7046 0.709603
vt 33.8207 0.035775
vt -33.2243 -0.140109
vt -33.2406 -0.16835
f 2515/2515/2515 2516/2516/2516 2517/2517/2517
v -38.0296 0.05776 3.66717
v -38.0329 0.062414 3.66252
v -51.2644 0.05776 3.69598
vn 0.00153892 0.707115 0.707097
vn 0.00153892 0.707115 0.707097
vn 0.00153892 0.707115 0.707097
vt 33.8373 0.007413
vt 33.8207 0.035775
vt -33.2406 -0.16835
f 2518/2518/2518 2519/2519/2519 2520/2520/2520
v -38.0369 0.065255 3.65679
v -51.2572 0.065255 3.68563
v -51.2612 0.062414 3.69135
vn 0.00097261 0.895156 0.445751
vn 0.00097261 0.895156 0.445751
vn 0.00097261 0.895156 0.445751
vt 33.8003 0.070788
vt -33.2042 -0.105243
vt -33.2243 -0.140109
f 2521/2521/2521 2522/2522/2522 2523/2523/2523
v -38.0329 0.062414 3.66252
v -38.0369 0.065255 3.65679
v -51.2612 0.062414 3.69135
vn 0.000965736 0.89641 0.443224
vn 0.000965736 0.89641 0.443224
vn 0.000965736 0.89641 0.443224
vt 33.8207 0.035775
vt 33.8003 0.070788
vt -33.2243 -0.140109
f 2524/2524/2524 2525/2525/2525 2526/2526/2526
v -38.041 0.066137 3.65092
v -51.2531 0.066137 3.67979
v -51.2572 0.065255 3.68563
vn 0.000326638 0.988764 0.149482
vn 0.000326638 0.988764 0.149482
vn 0.000326638 0.988764 0.149482
vt 33.7794 0.106593
vt -33.1837 -0.069586
vt -33.2042 -0.105243
f 2527/2527/2527 2528/2528/2528 2529/2529/2529
v -38.0369 0.065255 3.65679
v -38.041 0.066137 3.65092
v -51.2572 0.065255 3.68563
vn 0.000323887 0.988922 0.148439
vn 0.000323887 0.988922 0.148439
vn 0.000323887 0.988922 0.148439
vt 33.8003 0.070788
vt 33.7794 0.106593
vt -33.2042 -0.105243
f 2530/2530/2530 2531/2531/2531 2532/2532/2532
v -35.824 0.00137 0.266177
v -38.0913 0.062414 3.57941
v -38.0873 0.065255 3.58514
vn -0.316058 0.919626 -0.233228
vn -0.316058 0.919626 -0.233228
vn -0.316058 0.919626 -0.233228
vt 45.0161 20.7619
vt 33.5247 0.543004
vt 33.5451 0.507991
f 2533/2533/2533 2534/2534/2534 2535/2535/2535
v -35.8161 0.004211 0.266222
v -35.824 0.00137 0.266177
v -38.0873 0.065255 3.58514
vn -0.326306 0.91426 -0.240113
vn -0.326306 0.91426 -0.240113
vn -0.326306 0.91426 -0.240113
vt 45.0563 20.7617
vt 45.0161 20.7619
vt 33.5451 0.507991
f 2536/2536/2536 2537/2537/2537 2538/2538/2538
v -35.8304 -0.003285 0.266141
v -38.0946 0.05776 3.57476
v -38.0913 0.062414 3.57941
vn -0.534884 0.754674 -0.379955
vn -0.534884 0.754674 -0.379955
vn -0.534884 0.754674 -0.379955
vt 44.9836 20.7622
vt 33.5082 0.571366
vt 33.5247 0.543004
f 2539/2539/2539 2540/2540/2540 2541/2541/2541
v -35.824 0.00137 0.266177
v -35.8304 -0.003285 0.266141
v -38.0913 0.062414 3.57941
vn -0.540643 0.748618 -0.383765
vn -0.540643 0.748618 -0.383765
vn -0.540643 0.748618 -0.383765
vt 45.0161 20.7619
vt 44.9836 20.7622
vt 33.5247 0.543004
f 2542/2542/2542 2543/2543/2543 2544/2544/2544
v -35.8343 -0.00903 0.266119
v -38.0966 0.052014 3.57192
v -38.0946 0.05776 3.57476
vn -0.713771 0.492926 -0.497548
vn -0.713771 0.492926 -0.497548
vn -0.713771 0.492926 -0.497548
vt 44.9637 20.7623
vt 33.498 0.588678
vt 33.5082 0.571366
f 2545/2545/2545 2546/2546/2546 2547/2547/2547
v -35.8304 -0.003285 0.266141
v -35.8343 -0.00903 0.266119
v -38.0946 0.05776 3.57476
vn -0.715136 0.490056 -0.498423
vn -0.715136 0.490056 -0.498423
vn -0.715136 0.490056 -0.498423
vt 44.9836 20.7622
vt 44.9637 20.7623
vt 33.5082 0.571366
f 2548/2548/2548 2549/2549/2549 2550/2550/2550
v -35.8356 -0.014907 0.266113
v -38.0972 0.046137 3.57104
v -38.0966 0.052014 3.57192
vn -0.811828 0.169729 -0.558684
vn -0.811828 0.169729 -0.558684
vn -0.811828 0.169729 -0.558684
vt 44.9575 20.7623
vt 33.4949 0.594055
vt 33.498 0.588678
f 2551/2551/2551 2552/2552/2552 2553/2553/2553
v -35.8343 -0.00903 0.266119
v -35.8356 -0.014907 0.266113
v -38.0966 0.052014 3.57192
vn -0.811984 0.168698 -0.55877
vn -0.811984 0.168698 -0.55877
vn -0.811984 0.168698 -0.55877
vt 44.9637 20.7623
vt 44.9575 20.7623
vt 33.498 0.588678
f 2554/2554/2554 2555/2555/2555 2556/2556/2556
v -35.6332 -0.003285 0.267249
v -38.0296 0.05776 3.66717
v -38.0276 0.052014 3.67001
vn 0.715471 0.492566 0.495458
vn 0.715471 0.492566 0.495458
vn 0.715471 0.492566 0.495458
vt 45.9832 20.7554
vt 33.8373 0.007413
vt 33.8474 -0.009885
f 2557/2557/2557 2558/2558/2558 2559/2559/2559
v -35.6292 -0.00903 0.267271
v -35.6332 -0.003285 0.267249
v -38.0276 0.052014 3.67001
vn 0.715112 0.493354 0.495193
vn 0.715112 0.493354 0.495193
vn 0.715112 0.493354 0.495193
vt 46.0033 20.7552
vt 45.9832 20.7554
vt 33.8474 -0.009885
f 2560/2560/2560 2561/2561/2561 2562/2562/2562
v -35.6396 0.00137 0.267213
v -38.0329 0.062414 3.66252
v -38.0296 0.05776 3.66717
vn 0.544843 0.752239 0.370518
vn 0.544843 0.752239 0.370518
vn 0.544843 0.752239 0.370518
vt 45.9505 20.7556
vt 33.8207 0.035775
vt 33.8373 0.007413
f 2563/2563/2563 2564/2564/2564 2565/2565/2565
v -35.6332 -0.003285 0.267249
v -35.6396 0.00137 0.267213
v -38.0296 0.05776 3.66717
vn 0.541834 0.75547 0.368349
vn 0.541834 0.75547 0.368349
vn 0.541834 0.75547 0.368349
vt 45.9832 20.7554
vt 45.9505 20.7556
vt 33.8373 0.007413
f 2566/2566/2566 2567/2567/2567 2568/2568/2568
v -35.6476 0.004211 0.267168
v -38.0369 0.065255 3.65679
v -38.0329 0.062414 3.66252
vn 0.334199 0.916691 0.219063
vn 0.334199 0.916691 0.219063
vn 0.334199 0.916691 0.219063
vt 45.91 20.7559
vt 33.8003 0.070788
vt 33.8207 0.035775
f 2569/2569/2569 2570/2570/2570 2571/2571/2571
v -35.6396 0.00137 0.267213
v -35.6476 0.004211 0.267168
v -38.0329 0.062414 3.66252
vn 0.326438 0.920782 0.213541
vn 0.326438 0.920782 0.213541
vn 0.326438 0.920782 0.213541
vt 45.9505 20.7556
vt 45.91 20.7559
vt 33.8207 0.035775
f 2572/2572/2572 2573/2573/2573 2574/2574/2574
v -35.6558 0.005093 0.267122
v -38.041 0.066137 3.65092
v -38.0369 0.065255 3.65679
vn 0.1185 0.990781 0.0656573
vn 0.1185 0.990781 0.0656573
vn 0.1185 0.990781 0.0656573
vt 45.8686 20.7562
vt 33.7794 0.106593
vt 33.8003 0.070788
f 2575/2575/2575 2576/2576/2576 2577/2577/2577
v -35.6476 0.004211 0.267168
v -35.6558 0.005093 0.267122
v -38.0369 0.065255 3.65679
vn 0.106871 0.992612 0.0574555
vn 0.106871 0.992612 0.0574555
vn 0.106871 0.992612 0.0574555
vt 45.91 20.7559
vt 45.8686 20.7562
vt 33.8003 0.070788
f 2578/2578/2578 2579/2579/2579 2580/2580/2580
v -51.2033 0.062414 3.60792
v -53.4926 0.009462 0.304504
v -53.5006 0.012303 0.30452
vn 0.325412 0.914559 -0.240184
vn 0.325412 0.914559 -0.240184
vn 0.325412 0.914559 -0.240184
vt -32.9308 0.369024
vt -44.5342 20.528
vt -44.5746 20.5279
f 2581/2581/2581 2582/2582/2582 2583/2583/2583
v -51.2072 0.065255 3.61367
v -51.2033 0.062414 3.60792
v -53.5006 0.012303 0.30452
vn 0.316558 0.919233 -0.234097
vn 0.316558 0.919233 -0.234097
vn 0.316558 0.919233 -0.234097
vt -32.9511 0.333904
vt -32.9308 0.369024
vt -44.5746 20.5279
f 2584/2584/2584 2585/2585/2585 2586/2586/2586
v -51.2 0.05776 3.60326
v -53.4862 0.004808 0.30449
v -53.4926 0.009462 0.304504
vn 0.539079 0.748791 -0.385624
vn 0.539079 0.748791 -0.385624
vn 0.539079 0.748791 -0.385624
vt -32.9144 0.397467
vt -44.5015 20.5281
vt -44.5342 20.528
f 2587/2587/2587 2588/2588/2588 2589/2589/2589
v -51.2033 0.062414 3.60792
v -51.2 0.05776 3.60326
v -53.4926 0.009462 0.304504
vn 0.534106 0.754068 -0.382245
vn 0.534106 0.754068 -0.382245
vn 0.534106 0.754068 -0.382245
vt -32.9308 0.369024
vt -32.9144 0.397467
vt -44.5342 20.528
f 2590/2590/2590 2591/2591/2591 2592/2592/2592
v -51.198 0.052014 3.60041
v -53.4823 -0.000938 0.304482
v -53.4862 0.004808 0.30449
vn 0.712777 0.48999 -0.501855
vn 0.712777 0.48999 -0.501855
vn 0.712777 0.48999 -0.501855
vt -32.9044 0.414832
vt -44.4815 20.5282
vt -44.5015 20.5281
f 2593/2593/2593 2594/2594/2594 2595/2595/2595
v -51.2 0.05776 3.60326
v -51.198 0.052014 3.60041
v -53.4862 0.004808 0.30449
vn 0.711485 0.492737 -0.500998
vn 0.711485 0.492737 -0.500998
vn 0.711485 0.492737 -0.500998
vt -32.9144 0.397467
vt -32.9044 0.414832
vt -44.5015 20.5281
f 2596/2596/2596 2597/2597/2597 2598/2598/2598
v -51.1974 0.046137 3.59953
v -53.481 -0.006814 0.30448
v -53.4823 -0.000938 0.304482
vn 0.808851 0.168753 -0.563278
vn 0.808851 0.168753 -0.563278
vn 0.808851 0.168753 -0.563278
vt -32.9013 0.420223
vt -44.4753 20.5282
vt -44.4815 20.5282
f 2599/2599/2599 2600/2600/2600 2601/2601/2601
v -51.198 0.052014 3.60041
v -51.1974 0.046137 3.59953
v -53.4823 -0.000938 0.304482
vn 0.808778 0.169245 -0.563235
vn 0.808778 0.169245 -0.563235
vn 0.808778 0.169245 -0.563235
vt -32.9044 0.414832
vt -32.9013 0.420223
vt -44.4815 20.5282
f 2602/2602/2602 2603/2603/2603 2604/2604/2604
v -51.2644 0.05776 3.69598
v -53.6834 0.004808 0.304897
v -53.6874 -0.000938 0.304905
vn -0.712009 0.492769 0.500222
vn -0.712009 0.492769 0.500222
vn -0.712009 0.492769 0.500222
vt -33.2406 -0.16835
vt -45.5011 20.5256
vt -45.5212 20.5256
f 2605/2605/2605 2606/2606/2606 2607/2607/2607
v -51.2663 0.052014 3.6988
v -51.2644 0.05776 3.69598
v -53.6874 -0.000938 0.304905
vn -0.713365 0.48976 0.501244
vn -0.713365 0.48976 0.501244
vn -0.713365 0.48976 0.501244
vt -33.2505 -0.185595
vt -33.2406 -0.16835
vt -45.5212 20.5256
f 2608/2608/2608 2609/2609/2609 2610/2610/2610
v -51.2612 0.062414 3.69135
v -53.6769 0.009462 0.304883
v -53.6834 0.004808 0.304897
vn -0.539398 0.754942 0.372979
vn -0.539398 0.754942 0.372979
vn -0.539398 0.754942 0.372979
vt -33.2243 -0.140109
vt -45.4682 20.5257
vt -45.5011 20.5256
f 2611/2611/2611 2612/2612/2612 2613/2613/2613
v -51.2644 0.05776 3.69598
v -51.2612 0.062414 3.69135
v -53.6834 0.004808 0.304897
vn -0.544094 0.749844 0.376425
vn -0.544094 0.749844 0.376425
vn -0.544094 0.749844 0.376425
vt -33.2406 -0.16835
vt -33.2243 -0.140109
vt -45.5011 20.5256
f 2614/2614/2614 2615/2615/2615 2616/2616/2616
v -51.2572 0.065255 3.68563
v -53.6689 0.012303 0.304867
v -53.6769 0.009462 0.304883
vn -0.325167 0.920293 0.217546
vn -0.325167 0.920293 0.217546
vn -0.325167 0.920293 0.217546
vt -33.2042 -0.105243
vt -45.4275 20.5258
vt -45.4682 20.5257
f 2617/2617/2617 2618/2618/2618 2619/2619/2619
v -51.2612 0.062414 3.69135
v -51.2572 0.065255 3.68563
v -53.6769 0.009462 0.304883
vn -0.333635 0.91578 0.223682
vn -0.333635 0.91578 0.223682
vn -0.333635 0.91578 0.223682
vt -33.2243 -0.140109
vt -33.2042 -0.105243
vt -45.4682 20.5257
f 2620/2620/2620 2621/2621/2621 2622/2622/2622
usemtl mat1
v 27.581 0.085876 1.25822
v 27.5816 0.085876 1.60822
v 27.5844 0.091622 1.60822
vn -0.896473 0.443096 0.00156332
vn -0.896473 0.443096 0.00156332
vn -0.896473 0.443096 0.00156332
vt -16.2197 12.2487
vt -16.2185 11.5272
vt -16.2126 11.5272
f 2623/2623/2623 2624/2624/2624 2625/2625/2625
v 27.5838 0.091622 1.25822
v 27.581 0.085876 1.25822
v 27.5844 0.091622 1.60822
vn -0.896473 0.443096 0.00156332
vn -0.896473 0.443096 0.00156332
vn -0.896473 0.443096 0.00156332
vt -16.2139 12.2487
vt -16.2197 12.2487
vt -16.2126 11.5272
f 2626/2626/2626 2627/2627/2627 2628/2628/2628
v 27.5801 0.08 1.25822
v 27.5807 0.08 1.60822
v 27.5816 0.085876 1.60822
vn -0.988893 0.148621 0.0017245
vn -0.988893 0.148621 0.0017245
vn -0.988893 0.148621 0.0017245
vt -16.2216 12.2487
vt -16.2203 11.5272
vt -16.2185 11.5272
f 2629/2629/2629 2630/2630/2630 2631/2631/2631
v 27.581 0.085876 1.25822
v 27.5801 0.08 1.25822
v 27.5816 0.085876 1.60822
vn -0.988893 0.148621 0.00172449
vn -0.988893 0.148621 0.00172449
vn -0.988893 0.148621 0.00172449
vt -16.2197 12.2487
vt -16.2216 12.2487
vt -16.2185 11.5272
f 2632/2632/2632 2633/2633/2633 2634/2634/2634
v 27.677 0.091622 1.60805
v 27.6776 0.091622 1.95806
v 27.6804 0.085876 1.95805
vn 0.896473 0.443096 -0.00156332
vn 0.896473 0.443096 -0.00156332
vn 0.896473 0.443096 -0.00156332
vt -16.0218 11.5275
vt -16.0206 10.806
vt -16.0147 10.806
f 2635/2635/2635 2636/2636/2636 2637/2637/2637
v 27.6798 0.085876 1.60805
v 27.677 0.091622 1.60805
v 27.6804 0.085876 1.95805
vn 0.896473 0.443096 -0.00156332
vn 0.896473 0.443096 -0.00156332
vn 0.896473 0.443096 -0.00156332
vt -16.016 11.5276
vt -16.0218 11.5275
vt -16.0147 10.806
f 2638/2638/2638 2639/2639/2639 2640/2640/2640
v 27.6723 0.096277 1.60806
v 27.6729 0.096277 1.95806
v 27.6776 0.091622 1.95806
vn 0.707186 0.707026 -0.00123709
vn 0.707186 0.707026 -0.00123709
vn 0.707186 0.707026 -0.00123709
vt -16.0314 11.5275
vt -16.0302 10.806
vt -16.0206 10.806
f 2641/2641/2641 2642/2642/2642 2643/2643/2643
v 27.677 0.091622 1.60805
v 27.6723 0.096277 1.60806
v 27.6776 0.091622 1.95806
vn 0.707041 0.707171 -0.00123298
vn 0.707041 0.707171 -0.00123298
vn 0.707041 0.707171 -0.00123298
vt -16.0218 11.5275
vt -16.0314 11.5275
vt -16.0206 10.806
f 2644/2644/2644 2645/2645/2645 2646/2646/2646
v 27.6666 0.099117 1.60807
v 27.6672 0.099117 1.95807
v 27.6729 0.096277 1.95806
vn 0.443037 0.896503 -0.000772596
vn 0.443037 0.896503 -0.000772596
vn 0.443037 0.896503 -0.000772596
vt -16.0433 11.5275
vt -16.042 10.806
vt -16.0302 10.806
f 2647/2647/2647 2648/2648/2648 2649/2649/2649
v 27.6723 0.096277 1.60806
v 27.6666 0.099117 1.60807
v 27.6729 0.096277 1.95806
vn 0.443155 0.896444 -0.000775217
vn 0.443155 0.896444 -0.000775217
vn 0.443155 0.896444 -0.000775217
vt -16.0314 11.5275
vt -16.0433 11.5275
vt -16.0302 10.806
f 2650/2650/2650 2651/2651/2651 2652/2652/2652
v 27.6607 0.1 1.60808
v 27.6613 0.1 1.95808
v 27.6672 0.099117 1.95807
vn 0.14859 0.988899 -0.000259121
vn 0.14859 0.988899 -0.000259121
vn 0.14859 0.988899 -0.000259121
vt -16.0554 11.5275
vt -16.0541 10.806
vt -16.042 10.806
f 2653/2653/2653 2654/2654/2654 2655/2655/2655
v 27.6666 0.099117 1.60807
v 27.6607 0.1 1.60808
v 27.6672 0.099117 1.95807
vn 0.14859 0.988899 -0.00025912
vn 0.14859 0.988899 -0.00025912
vn 0.14859 0.988899 -0.00025912
vt -16.0433 11.5275
vt -16.0554 11.5275
vt -16.042 10.806
f 2656/2656/2656 2657/2657/2657 2658/2658/2658
v 27.5891 0.096277 1.60821
v 27.5897 0.096277 1.95821
v 27.5954 0.099117 1.9582
vn -0.443155 0.896444 0.000775219
vn -0.443155 0.896444 0.000775219
vn -0.443155 0.896444 0.000775219
vt -16.203 11.5272
vt -16.2018 10.8057
vt -16.1899 10.8057
f 2659/2659/2659 2660/2660/2660 2661/2661/2661
v 27.5948 0.099117 1.6082
v 27.5891 0.096277 1.60821
v 27.5954 0.099117 1.9582
vn -0.443037 0.896503 0.000772598
vn -0.443037 0.896503 0.000772598
vn -0.443037 0.896503 0.000772598
vt -16.1912 11.5272
vt -16.203 11.5272
vt -16.1899 10.8057
f 2662/2662/2662 2663/2663/2663 2664/2664/2664
v 27.5844 0.091622 1.60822
v 27.585 0.091622 1.95822
v 27.5897 0.096277 1.95821
vn -0.707041 0.707171 0.00123299
vn -0.707041 0.707171 0.00123299
vn -0.707041 0.707171 0.00123299
vt -16.2126 11.5272
vt -16.2114 10.8057
vt -16.2018 10.8057
f 2665/2665/2665 2666/2666/2666 2667/2667/2667
v 27.5891 0.096277 1.60821
v 27.5844 0.091622 1.60822
v 27.5897 0.096277 1.95821
vn -0.707186 0.707026 0.00123709
vn -0.707186 0.707026 0.00123709
vn -0.707186 0.707026 0.00123709
vt -16.203 11.5272
vt -16.2126 11.5272
vt -16.2018 10.8057
f 2668/2668/2668 2669/2669/2669 2670/2670/2670
v 27.5816 0.085876 1.60822
v 27.5822 0.085876 1.95822
v 27.585 0.091622 1.95822
vn -0.896473 0.443096 0.00156333
vn -0.896473 0.443096 0.00156333
vn -0.896473 0.443096 0.00156333
vt -16.2185 11.5272
vt -16.2172 10.8057
vt -16.2114 10.8057
f 2671/2671/2671 2672/2672/2672 2673/2673/2673
v 27.5844 0.091622 1.60822
v 27.5816 0.085876 1.60822
v 27.585 0.091622 1.95822
vn -0.896473 0.443096 0.00156333
vn -0.896473 0.443096 0.00156333
vn -0.896473 0.443096 0.00156333
vt -16.2126 11.5272
vt -16.2185 11.5272
vt -16.2114 10.8057
f 2674/2674/2674 2675/2675/2675 2676/2676/2676
v 27.5807 0.08 1.60822
v 27.5813 0.08 1.95822
v 27.5822 0.085876 1.95822
vn -0.988893 0.148621 0.00172449
vn -0.988893 0.148621 0.00172449
vn -0.988893 0.148621 0.00172449
vt -16.2203 11.5272
vt -16.219 10.8057
vt -16.2172 10.8057
f 2677/2677/2677 2678/2678/2678 2679/2679/2679
v 27.5816 0.085876 1.60822
v 27.5807 0.08 1.60822
v 27.5822 0.085876 1.95822
vn -0.988893 0.148621 0.0017245
vn -0.988893 0.148621 0.0017245
vn -0.988893 0.148621 0.0017245
vt -16.2185 11.5272
vt -16.2203 11.5272
vt -16.2172 10.8057
f 2680/2680/2680 2681/2681/2681 2682/2682/2682
v 27.6776 0.091622 1.95806
v 27.6782 0.091622 2.30805
v 27.681 0.085876 2.30805
vn 0.896473 0.443096 -0.00156333
vn 0.896473 0.443096 -0.00156333
vn 0.896473 0.443096 -0.00156333
vt -16.0206 10.806
vt -16.0193 10.0845
vt -16.0135 10.0845
f 2683/2683/2683 2684/2684/2684 2685/2685/2685
v 27.6804 0.085876 1.95805
v 27.6776 0.091622 1.95806
v 27.681 0.085876 2.30805
vn 0.896473 0.443096 -0.00156333
vn 0.896473 0.443096 -0.00156333
vn 0.896473 0.443096 -0.00156333
vt -16.0147 10.806
vt -16.0206 10.806
vt -16.0135 10.0845
f 2686/2686/2686 2687/2687/2687 2688/2688/2688
v 27.6729 0.096277 1.95806
v 27.6736 0.096277 2.30806
v 27.6782 0.091622 2.30805
vn 0.707186 0.707026 -0.00123324
vn 0.707186 0.707026 -0.00123324
vn 0.707186 0.707026 -0.00123324
vt -16.0302 10.806
vt -16.0289 10.0845
vt -16.0193 10.0845
f 2689/2689/2689 2690/2690/2690 2691/2691/2691
v 27.6776 0.091622 1.95806
v 27.6729 0.096277 1.95806
v 27.6782 0.091622 2.30805
vn 0.707186 0.707026 -0.00123324
vn 0.707186 0.707026 -0.00123324
vn 0.707186 0.707026 -0.00123324
vt -16.0206 10.806
vt -16.0302 10.806
vt -16.0193 10.0845
f 2692/2692/2692 2693/2693/2693 2694/2694/2694
v 27.6672 0.099117 1.95807
v 27.6678 0.099117 2.30807
v 27.6736 0.096277 2.30806
vn 0.443037 0.896503 -0.000772598
vn 0.443037 0.896503 -0.000772598
vn 0.443037 0.896503 -0.000772598
vt -16.042 10.806
vt -16.0408 10.0845
vt -16.0289 10.0845
f 2695/2695/2695 2696/2696/2696 2697/2697/2697
v 27.6729 0.096277 1.95806
v 27.6672 0.099117 1.95807
v 27.6736 0.096277 2.30806
vn 0.443037 0.896503 -0.000772598
vn 0.443037 0.896503 -0.000772598
vn 0.443037 0.896503 -0.000772598
vt -16.0302 10.806
vt -16.042 10.806
vt -16.0289 10.0845
f 2698/2698/2698 2699/2699/2699 2700/2700/2700
v 27.6613 0.1 1.95808
v 27.6619 0.1 2.30808
v 27.6678 0.099117 2.30807
vn 0.148637 0.988892 -0.000260012
vn 0.148637 0.988892 -0.000260012
vn 0.148637 0.988892 -0.000260012
vt -16.0541 10.806
vt -16.0529 10.0845
vt -16.0408 10.0845
f 2701/2701/2701 2702/2702/2702 2703/2703/2703
v 27.6672 0.099117 1.95807
v 27.6613 0.1 1.95808
v 27.6678 0.099117 2.30807
vn 0.14859 0.988899 -0.000259121
vn 0.14859 0.988899 -0.000259121
vn 0.14859 0.988899 -0.000259121
vt -16.042 10.806
vt -16.0541 10.806
vt -16.0408 10.0845
f 2704/2704/2704 2705/2705/2705 2706/2706/2706
v 27.5897 0.096277 1.95821
v 27.5903 0.096277 2.30821
v 27.5961 0.099117 2.3082
vn -0.443155 0.896444 0.000772802
vn -0.443155 0.896444 0.000772802
vn -0.443155 0.896444 0.000772802
vt -16.2018 10.8057
vt -16.2005 10.0842
vt -16.1887 10.0842
f 2707/2707/2707 2708/2708/2708 2709/2709/2709
v 27.5954 0.099117 1.9582
v 27.5897 0.096277 1.95821
v 27.5961 0.099117 2.3082
vn -0.443155 0.896444 0.000772802
vn -0.443155 0.896444 0.000772802
vn -0.443155 0.896444 0.000772802
vt -16.1899 10.8057
vt -16.2018 10.8057
vt -16.1887 10.0842
f 2710/2710/2710 2711/2711/2711 2712/2712/2712
v 27.585 0.091622 1.95822
v 27.5857 0.091622 2.30822
v 27.5903 0.096277 2.30821
vn -0.707186 0.707026 0.00123709
vn -0.707186 0.707026 0.00123709
vn -0.707186 0.707026 0.00123709
vt -16.2114 10.8057
vt -16.2101 10.0842
vt -16.2005 10.0842
f 2713/2713/2713 2714/2714/2714 2715/2715/2715
v 27.5897 0.096277 1.95821
v 27.585 0.091622 1.95822
v 27.5903 0.096277 2.30821
vn -0.707041 0.707171 0.00123298
vn -0.707041 0.707171 0.00123298
vn -0.707041 0.707171 0.00123298
vt -16.2018 10.8057
vt -16.2114 10.8057
vt -16.2005 10.0842
f 2716/2716/2716 2717/2717/2717 2718/2718/2718
v 27.5822 0.085876 1.95822
v 27.5828 0.085876 2.30822
v 27.5857 0.091622 2.30822
vn -0.896355 0.443335 0.00156312
vn -0.896355 0.443335 0.00156312
vn -0.896355 0.443335 0.00156312
vt -16.2172 10.8057
vt -16.216 10.0842
vt -16.2101 10.0842
f 2719/2719/2719 2720/2720/2720 2721/2721/2721
v 27.585 0.091622 1.95822
v 27.5822 0.085876 1.95822
v 27.5857 0.091622 2.30822
vn -0.896473 0.443096 0.00156821
vn -0.896473 0.443096 0.00156821
vn -0.896473 0.443096 0.00156821
vt -16.2114 10.8057
vt -16.2172 10.8057
vt -16.2101 10.0842
f 2722/2722/2722 2723/2723/2723 2724/2724/2724
v 27.5813 0.08 1.95822
v 27.5819 0.08 2.30822
v 27.5828 0.085876 2.30822
vn -0.98894 0.148307 0.00172997
vn -0.98894 0.148307 0.00172997
vn -0.98894 0.148307 0.00172997
vt -16.219 10.8057
vt -16.2178 10.0842
vt -16.216 10.0842
f 2725/2725/2725 2726/2726/2726 2727/2727/2727
v 27.5822 0.085876 1.95822
v 27.5813 0.08 1.95822
v 27.5828 0.085876 2.30822
vn -0.988893 0.148621 0.00172449
vn -0.988893 0.148621 0.00172449
vn -0.988893 0.148621 0.00172449
vt -16.2172 10.8057
vt -16.219 10.8057
vt -16.216 10.0842
f 2728/2728/2728 2729/2729/2729 2730/2730/2730
v 27.6782 0.091622 2.30805
v 27.6788 0.091622 2.65805
v 27.6817 0.085876 2.65805
vn 0.896355 0.443335 -0.00156312
vn 0.896355 0.443335 -0.00156312
vn 0.896355 0.443335 -0.00156312
vt -16.0193 10.0845
vt -16.0181 9.36301
vt -16.0122 9.36302
f 2731/2731/2731 2732/2732/2732 2733/2733/2733
v 27.681 0.085876 2.30805
v 27.6782 0.091622 2.30805
v 27.6817 0.085876 2.65805
vn 0.896473 0.443096 -0.00156821
vn 0.896473 0.443096 -0.00156821
vn 0.896473 0.443096 -0.00156821
vt -16.0135 10.0845
vt -16.0193 10.0845
vt -16.0122 9.36302
f 2734/2734/2734 2735/2735/2735 2736/2736/2736
v 27.6736 0.096277 2.30806
v 27.6742 0.096277 2.65806
v 27.6788 0.091622 2.65805
vn 0.707186 0.707026 -0.00123324
vn 0.707186 0.707026 -0.00123324
vn 0.707186 0.707026 -0.00123324
vt -16.0289 10.0845
vt -16.0277 9.36299
vt -16.0181 9.36301
f 2737/2737/2737 2738/2738/2738 2739/2739/2739
v 27.6782 0.091622 2.30805
v 27.6736 0.096277 2.30806
v 27.6788 0.091622 2.65805
vn 0.707186 0.707026 -0.00123323
vn 0.707186 0.707026 -0.00123323
vn 0.707186 0.707026 -0.00123323
vt -16.0193 10.0845
vt -16.0289 10.0845
vt -16.0181 9.36301
f 2740/2740/2740 2741/2741/2741 2742/2742/2742
v 27.6678 0.099117 2.30807
v 27.6684 0.099117 2.65807
v 27.6742 0.096277 2.65806
vn 0.443155 0.896444 -0.000775217
vn 0.443155 0.896444 -0.000775217
vn 0.443155 0.896444 -0.000775217
vt -16.0408 10.0845
vt -16.0395 9.36297
vt -16.0277 9.36299
f 2743/2743/2743 2744/2744/2744 2745/2745/2745
v 27.6736 0.096277 2.30806
v 27.6678 0.099117 2.30807
v 27.6742 0.096277 2.65806
vn 0.443037 0.896503 -0.000772596
vn 0.443037 0.896503 -0.000772596
vn 0.443037 0.896503 -0.000772596
vt -16.0289 10.0845
vt -16.0408 10.0845
vt -16.0277 9.36299
f 2746/2746/2746 2747/2747/2747 2748/2748/2748
v 27.6619 0.1 2.30808
v 27.6625 0.1 2.65808
v 27.6684 0.099117 2.65807
vn 0.14859 0.988899 -0.000259121
vn 0.14859 0.988899 -0.000259121
vn 0.14859 0.988899 -0.000259121
vt -16.0529 10.0845
vt -16.0516 9.36295
vt -16.0395 9.36297
f 2749/2749/2749 2750/2750/2750 2751/2751/2751
v 27.6678 0.099117 2.30807
v 27.6619 0.1 2.30808
v 27.6684 0.099117 2.65807
vn 0.148637 0.988892 -0.000260012
vn 0.148637 0.988892 -0.000260012
vn 0.148637 0.988892 -0.000260012
vt -16.0408 10.0845
vt -16.0529 10.0845
vt -16.0395 9.36297
f 2752/2752/2752 2753/2753/2753 2754/2754/2754
v 27.5903 0.096277 2.30821
v 27.5909 0.096277 2.65821
v 27.5967 0.099117 2.6582
vn -0.443037 0.896503 0.000772598
vn -0.443037 0.896503 0.000772598
vn -0.443037 0.896503 0.000772598
vt -16.2005 10.0842
vt -16.1993 9.36269
vt -16.1874 9.36271
f 2755/2755/2755 2756/2756/2756 2757/2757/2757
v 27.5961 0.099117 2.3082
v 27.5903 0.096277 2.30821
v 27.5967 0.099117 2.6582
vn -0.443155 0.896444 0.000775219
vn -0.443155 0.896444 0.000775219
vn -0.443155 0.896444 0.000775219
vt -16.1887 10.0842
vt -16.2005 10.0842
vt -16.1874 9.36271
f 2758/2758/2758 2759/2759/2759 2760/2760/2760
v 27.5857 0.091622 2.30822
v 27.5863 0.091622 2.65822
v 27.5909 0.096277 2.65821
vn -0.707186 0.707026 0.00123324
vn -0.707186 0.707026 0.00123324
vn -0.707186 0.707026 0.00123324
vt -16.2101 10.0842
vt -16.2089 9.36268
vt -16.1993 9.36269
f 2761/2761/2761 2762/2762/2762 2763/2763/2763
v 27.5903 0.096277 2.30821
v 27.5857 0.091622 2.30822
v 27.5909 0.096277 2.65821
vn -0.707186 0.707026 0.00123324
vn -0.707186 0.707026 0.00123324
vn -0.707186 0.707026 0.00123324
vt -16.2005 10.0842
vt -16.2101 10.0842
vt -16.1993 9.36269
f 2764/2764/2764 2765/2765/2765 2766/2766/2766
v 27.5828 0.085876 2.30822
v 27.5834 0.085876 2.65822
v 27.5863 0.091622 2.65822
vn -0.896473 0.443096 0.00156821
vn -0.896473 0.443096 0.00156821
vn -0.896473 0.443096 0.00156821
vt -16.216 10.0842
vt -16.2147 9.36267
vt -16.2089 9.36268
f 2767/2767/2767 2768/2768/2768 2769/2769/2769
v 27.5857 0.091622 2.30822
v 27.5828 0.085876 2.30822
v 27.5863 0.091622 2.65822
vn -0.896355 0.443335 0.00156312
vn -0.896355 0.443335 0.00156312
vn -0.896355 0.443335 0.00156312
vt -16.2101 10.0842
vt -16.216 10.0842
vt -16.2089 9.36268
f 2770/2770/2770 2771/2771/2771 2772/2772/2772
v 27.5819 0.08 2.30822
v 27.5825 0.08 2.65822
v 27.5834 0.085876 2.65822
vn -0.988893 0.148621 0.00172449
vn -0.988893 0.148621 0.00172449
vn -0.988893 0.148621 0.00172449
vt -16.2178 10.0842
vt -16.2165 9.36267
vt -16.2147 9.36267
f 2773/2773/2773 2774/2774/2774 2775/2775/2775
v 27.5828 0.085876 2.30822
v 27.5819 0.08 2.30822
v 27.5834 0.085876 2.65822
vn -0.98894 0.148307 0.00172997
vn -0.98894 0.148307 0.00172997
vn -0.98894 0.148307 0.00172997
vt -16.216 10.0842
vt -16.2178 10.0842
vt -16.2147 9.36267
f 2776/2776/2776 2777/2777/2777 2778/2778/2778
v 27.6788 0.091622 2.65805
v 27.6794 0.091622 3.00805
v 27.6823 0.085876 3.00805
vn 0.896473 0.443096 -0.00156821
vn 0.896473 0.443096 -0.00156821
vn 0.896473 0.443096 -0.00156821
vt -16.0181 9.36301
vt -16.0168 8.6415
vt -16.0109 8.64151
f 2779/2779/2779 2780/2780/2780 2781/2781/2781
v 27.6817 0.085876 2.65805
v 27.6788 0.091622 2.65805
v 27.6823 0.085876 3.00805
vn 0.896355 0.443335 -0.00156312
vn 0.896355 0.443335 -0.00156312
vn 0.896355 0.443335 -0.00156312
vt -16.0122 9.36302
vt -16.0181 9.36301
vt -16.0109 8.64151
f 2782/2782/2782 2783/2783/2783 2784/2784/2784
v 27.6742 0.096277 2.65806
v 27.6748 0.096277 3.00806
v 27.6794 0.091622 3.00805
vn 0.707041 0.707171 -0.00123299
vn 0.707041 0.707171 -0.00123299
vn 0.707041 0.707171 -0.00123299
vt -16.0277 9.36299
vt -16.0264 8.64148
vt -16.0168 8.6415
f 2785/2785/2785 2786/2786/2786 2787/2787/2787
v 27.6788 0.091622 2.65805
v 27.6742 0.096277 2.65806
v 27.6794 0.091622 3.00805
vn 0.707186 0.707026 -0.00123709
vn 0.707186 0.707026 -0.00123709
vn 0.707186 0.707026 -0.00123709
vt -16.0181 9.36301
vt -16.0277 9.36299
vt -16.0168 8.6415
f 2788/2788/2788 2789/2789/2789 2790/2790/2790
v 27.6684 0.099117 2.65807
v 27.669 0.099117 3.00807
v 27.6748 0.096277 3.00806
vn 0.443155 0.896444 -0.000772804
vn 0.443155 0.896444 -0.000772804
vn 0.443155 0.896444 -0.000772804
vt -16.0395 9.36297
vt -16.0382 8.64146
vt -16.0264 8.64148
f 2791/2791/2791 2792/2792/2792 2793/2793/2793
v 27.6742 0.096277 2.65806
v 27.6684 0.099117 2.65807
v 27.6748 0.096277 3.00806
vn 0.443155 0.896444 -0.000772804
vn 0.443155 0.896444 -0.000772804
vn 0.443155 0.896444 -0.000772804
vt -16.0277 9.36299
vt -16.0395 9.36297
vt -16.0264 8.64148
f 2794/2794/2794 2795/2795/2795 2796/2796/2796
v 27.6625 0.1 2.65808
v 27.6632 0.1 3.00808
v 27.669 0.099117 3.00807
vn 0.14859 0.988899 -0.000259121
vn 0.14859 0.988899 -0.000259121
vn 0.14859 0.988899 -0.000259121
vt -16.0516 9.36295
vt -16.0504 8.64144
vt -16.0382 8.64146
f 2797/2797/2797 2798/2798/2798 2799/2799/2799
v 27.6684 0.099117 2.65807
v 27.6625 0.1 2.65808
v 27.669 0.099117 3.00807
vn 0.14859 0.988899 -0.000259121
vn 0.14859 0.988899 -0.000259121
vn 0.14859 0.988899 -0.000259121
vt -16.0395 9.36297
vt -16.0516 9.36295
vt -16.0382 8.64146
f 2800/2800/2800 2801/2801/2801 2802/2802/2802
v 27.5832 0.08 3.00822
v 27.5825 0.08 2.65822
v 27.5825 0 2.65822
vn -0.999998 0 0.00174386
vn -0.999998 0 0.00174386
vn -0.999998 0 0.00174386
vt -24.162 0.66412
vt -24.8836 0.66412
vt -24.8836 0.499207
f 2803/2803/2803 2804/2804/2804 2805/2805/2805
v 27.5832 0 3.00822
v 27.5832 0.08 3.00822
v 27.5825 0 2.65822
vn -0.999998 0 0.00174386
vn -0.999998 0 0.00174386
vn -0.999998 0 0.00174386
vt -24.162 0.499207
vt -24.162 0.66412
vt -24.8836 0.499207
f 2806/2806/2806 2807/2807/2807 2808/2808/2808
v 27.6638 0.1 3.3555
v 27.6632 0.1 3.00808
v 27.6032 0.1 3.00819
vn -0 1 0
vn -0 1 0
vn -0 1 0
vt -16.0491 7.92524
vt -16.0504 8.64144
vt -16.174 8.64122
f 2809/2809/2809 2810/2810/2810 2811/2811/2811
v 27.6038 0.1 3.35754
v 27.6638 0.1 3.3555
v 27.6032 0.1 3.00819
vn 0 1 -0
vn 0 1 -0
vn 0 1 -0
vt -16.1728 7.92104
vt -16.0491 7.92524
vt -16.174 8.64122
f 2812/2812/2812 2813/2813/2813 2814/2814/2814
v 27.6632 0.1 3.00808
v 27.6625 0.1 2.65808
v 27.6025 0.1 2.65819
vn -0 1 0
vn -0 1 0
vn -0 1 0
vt -16.0504 8.64144
vt -16.0516 9.36295
vt -16.1753 9.36274
f 2815/2815/2815 2816/2816/2816 2817/2817/2817
v 27.6032 0.1 3.00819
v 27.6632 0.1 3.00808
v 27.6025 0.1 2.65819
vn 0 1 -0
vn 0 1 -0
vn 0 1 -0
vt -16.174 8.64122
vt -16.0504 8.64144
vt -16.1753 9.36274
f 2818/2818/2818 2819/2819/2819 2820/2820/2820
v 33.5091 0.1 3.26788
v 33.2652 0.1 6.76831
v 33.3212 0.1 6.82821
vn 0 1 0
vn 0 1 0
vn 0 1 0
vt -3.9991 8.10588
vt -4.50195 0.889872
vt -4.38657 0.766388
f 2821/2821/2821 2822/2822/2822 2823/2823/2823
v 33.5651 0.1 3.32778
v 33.5091 0.1 3.26788
v 33.3212 0.1 6.82821
vn -0 1 0
vn -0 1 0
vn -0 1 0
vt -3.88372 7.9824
vt -3.9991 8.10588
vt -4.38657 0.766388
f 2824/2824/2824 2825/2825/2825 2826/2826/2826
v 47.2591 0.08 1.54149
v 47.1878 0.08 1.88415
v 47.1878 0 1.88415
vn 0.979016 -0 0.203781
vn 0.979016 -0 0.203781
vn 0.979016 -0 0.203781
vt 36.0231 0.66412
vt 35.3167 0.66412
vt 35.3167 0.499207
f 2827/2827/2827 2828/2828/2828 2829/2829/2829
v 47.2591 0 1.54149
v 47.2591 0.08 1.54149
v 47.1878 0 1.88415
vn 0.979016 0 0.203781
vn 0.979016 0 0.203781
vn 0.979016 0 0.203781
vt 36.0231 0.499207
vt 36.0231 0.66412
vt 35.3167 0.499207
f 2830/2830/2830 2831/2831/2831 2832/2832/2832
v 47.5444 0.032039 0.170868
v 47.4731 0.08 0.513524
v 47.4731 0 0.513524
vn 0.979016 -0 0.203781
vn 0.979016 -0 0.203781
vn 0.979016 -0 0.203781
vt 38.8486 0.565255
vt 38.1422 0.66412
vt 38.1422 0.499207
f 2833/2833/2833 2834/2834/2834 2835/2835/2835
v 47.5444 0 0.170868
v 47.5444 0.032039 0.170868
v 47.4731 0 0.513524
vn 0.979016 0 0.203781
vn 0.979016 0 0.203781
vn 0.979016 0 0.203781
vt 38.8486 0.499207
vt 38.8486 0.565255
vt 38.1422 0.499207
f 2836/2836/2836 2837/2837/2837 2838/2838/2838
v 47.529 0.012947 -0.147351
v 47.4661 0.052039 0.154566
v 47.5249 0.052039 0.166793
vn 0.0256263 0.992061 -0.123117
vn 0.0256263 0.992061 -0.123117
vn 0.0256263 0.992061 -0.123117
vt 24.9022 15.1462
vt 24.7727 14.5239
vt 24.8938 14.4986
f 2839/2839/2839 2840/2840/2840 2841/2841/2841
v 47.5877 0.012947 -0.135064
v 47.529 0.012947 -0.147351
v 47.5249 0.052039 0.166793
vn 0.0257583 0.992058 -0.123115
vn 0.0257583 0.992058 -0.123115
vn 0.0257583 0.992058 -0.123115
vt 25.0233 15.1209
vt 24.9022 15.1462
vt 24.8938 14.4986
f 2842/2842/2842 2843/2843/2843 2844/2844/2844
v 47.1095 0.1 1.86784
v 47.0382 0.1 2.2105
v 47.0969 0.1 2.22273
vn 0 1 0
vn 0 1 0
vn 0 1 0
vt 24.0375 10.992
vt 23.8905 10.2856
vt 24.0116 10.2604
f 2845/2845/2845 2846/2846/2846 2847/2847/2847
v 47.1682 0.1 1.88007
v 47.1095 0.1 1.86784
v 47.0969 0.1 2.22273
vn -0 1 0
vn -0 1 0
vn -0 1 0
vt 24.1586 10.9668
vt 24.0375 10.992
vt 24.0116 10.2604
f 2848/2848/2848 2849/2849/2849 2850/2850/2850
v 45.5836 0.08 3.2268
v 46.825 0.08 3.13649
v 46.825 0 3.13649
vn -0.0725597 0 -0.997364
vn -0.0725597 0 -0.997364
vn -0.0725597 0 -0.997364
vt 43.6848 0.66412
vt 41.1256 0.66412
vt 41.1256 0.499207
f 2851/2851/2851 2852/2852/2852 2853/2853/2853
v 45.5836 0 3.2268
v 45.5836 0.08 3.2268
v 46.825 0 3.13649
vn -0.0725597 -0 -0.997364
vn -0.0725597 -0 -0.997364
vn -0.0725597 -0 -0.997364
vt 43.6848 0.499207
vt 43.6848 0.66412
vt 41.1256 0.499207
f 2854/2854/2854 2855/2855/2855 2856/2856/2856
v 27.5807 0.08 1.60822
v 27.5801 0.08 1.25822
v 27.5801 0 1.25822
vn -0.999998 0 0.00174386
vn -0.999998 0 0.00174386
vn -0.999998 0 0.00174386
vt -27.0481 0.66412
vt -27.7696 0.66412
vt -27.7696 0.499207
f 2857/2857/2857 2858/2858/2858 2859/2859/2859
v 27.5807 0 1.60822
v 27.5807 0.08 1.60822
v 27.5801 0 1.25822
vn -0.999998 0 0.00174386
vn -0.999998 0 0.00174386
vn -0.999998 0 0.00174386
vt -27.0481 0.499207
vt -27.0481 0.66412
vt -27.7696 0.499207
f 2860/2860/2860 2861/2861/2861 2862/2862/2862
v 27.6613 0.1 1.95808
v 27.6607 0.1 1.60808
v 27.6007 0.1 1.60819
vn -0 1 0
vn -0 1 0
vn -0 1 0
vt -16.0541 10.806
vt -16.0554 11.5275
vt -16.1791 11.5273
f 2863/2863/2863 2864/2864/2864 2865/2865/2865
v 27.6013 0.1 1.95819
v 27.6613 0.1 1.95808
v 27.6007 0.1 1.60819
vn 0 1 -0
vn 0 1 -0
vn 0 1 -0
vt -16.1778 10.8058
vt -16.0541 10.806
vt -16.1791 11.5273
f 2866/2866/2866 2867/2867/2867 2868/2868/2868
v 27.6607 0.1 1.60808
v 27.6601 0.1 1.25808
v 27.6001 0.1 1.25819
vn -0 1 0
vn -0 1 0
vn -0 1 0
vt -16.0554 11.5275
vt -16.0566 12.249
vt -16.1803 12.2488
f 2869/2869/2869 2870/2870/2870 2871/2871/2871
v 27.6007 0.1 1.60819
v 27.6607 0.1 1.60808
v 27.6001 0.1 1.25819
vn 0 1 -0
vn 0 1 -0
vn 0 1 -0
vt -16.1791 11.5273
vt -16.0554 11.5275
vt -16.1803 12.2488
f 2872/2872/2872 2873/2873/2873 2874/2874/2874
v 33.4905 0.08 3.24791
v 35.5836 0.08 3.24426
v 35.5836 0 3.24426
vn -0.00174527 0 -0.999998
vn -0.00174527 0 -0.999998
vn -0.00174527 0 -0.999998
vt 68.6142 0.66412
vt 64.2994 0.66412
vt 64.2994 0.499207
f 2875/2875/2875 2876/2876/2876 2877/2877/2877
v 33.4905 0 3.24791
v 33.4905 0.08 3.24791
v 35.5836 0 3.24426
vn -0.00174527 -0 -0.999998
vn -0.00174527 -0 -0.999998
vn -0.00174527 -0 -0.999998
vt 68.6142 0.499207
vt 68.6142 0.66412
vt 64.2994 0.499207
f 2878/2878/2878 2879/2879/2879 2880/2880/2880
v 33.2465 0.08 6.74834
v 33.4905 0.08 3.24791
v 33.4905 0 3.24791
vn -0.997581 0 -0.0695173
vn -0.997581 0 -0.0695173
vn -0.997581 0 -0.0695173
vt -16.4519 0.66412
vt -23.6679 0.66412
vt -23.6679 0.499207
f 2881/2881/2881 2882/2882/2882 2883/2883/2883
v 33.2465 0 6.74834
v 33.2465 0.08 6.74834
v 33.4905 0 3.24791
vn -0.997581 -0 -0.0695173
vn -0.997581 -0 -0.0695173
vn -0.997581 -0 -0.0695173
vt -16.4519 0.499207
vt -16.4519 0.66412
vt -23.6679 0.499207
f 2884/2884/2884 2885/2885/2885 2886/2886/2886
v 31.5897 0.1 6.77123
v 29.5897 0.1 6.77472
v 29.5898 0.1 6.83472
vn 0 1 0
vn 0 1 0
vn 0 1 0
vt -7.95587 0.883845
vt -12.0788 0.876649
vt -12.0786 0.752966
f 2887/2887/2887 2888/2888/2888 2889/2889/2889
v 31.5898 0.1 6.83123
v 31.5897 0.1 6.77123
v 29.5898 0.1 6.83472
vn -0 1 0
vn -0 1 0
vn -0 1 0
vt -7.95565 0.760162
vt -7.95587 0.883845
vt -12.0786 0.752966
f 2890/2890/2890 2891/2891/2891 2892/2892/2892
v 35.5836 0.1 3.26426
v 33.5091 0.1 3.26788
v 33.5651 0.1 3.32778
vn 0 1 0
vn 0 1 0
vn 0 1 0
vt 0.277372 8.11334
vt -3.9991 8.10588
vt -3.88372 7.9824
f 2893/2893/2893 2894/2894/2894 2895/2895/2895
v 35.5837 0.1 3.32426
v 35.5836 0.1 3.26426
v 33.5651 0.1 3.32778
vn -0 1 0
vn -0 1 0
vn -0 1 0
vt 0.277588 7.98966
vt 0.277372 8.11334
vt -3.88372 7.9824
f 2896/2896/2896 2897/2897/2897 2898/2898/2898
v 35.5836 0.08 3.24426
v 37.5836 0.08 3.24077
v 37.5836 0 3.24077
vn -0.00174499 0 -0.999998
vn -0.00174499 0 -0.999998
vn -0.00174499 0 -0.999998
vt 64.2994 0.66412
vt 60.1765 0.66412
vt 60.1765 0.499207
f 2899/2899/2899 2900/2900/2900 2901/2901/2901
v 35.5836 0 3.24426
v 35.5836 0.08 3.24426
v 37.5836 0 3.24077
vn -0.00174499 -0 -0.999998
vn -0.00174499 -0 -0.999998
vn -0.00174499 -0 -0.999998
vt 64.2994 0.499207
vt 64.2994 0.66412
vt 60.1765 0.499207
f 2902/2902/2902 2903/2903/2903 2904/2904/2904
v 39.5836 0.1 3.25728
v 37.5836 0.1 3.26077
v 37.5837 0.1 3.32077
vn 0 1 0
vn 0 1 0
vn 0 1 0
vt 8.52321 8.12773
vt 4.40029 8.12054
vt 4.40051 7.99685
f 2905/2905/2905 2906/2906/2906 2907/2907/2907
v 39.5837 0.1 3.31728
v 39.5836 0.1 3.25728
v 37.5837 0.1 3.32077
vn -0 1 0
vn -0 1 0
vn -0 1 0
vt 8.52342 8.00404
vt 8.52321 8.12773
vt 4.40051 7.99685
f 2908/2908/2908 2909/2909/2909 2910/2910/2910
v 37.5836 0.08 3.24077
v 39.5836 0.08 3.23728
v 39.5836 0 3.23728
vn -0.00174546 0 -0.999998
vn -0.00174546 0 -0.999998
vn -0.00174546 0 -0.999998
vt 60.1765 0.66412
vt 56.0535 0.66412
vt 56.0535 0.499207
f 2911/2911/2911 2912/2912/2912 2913/2913/2913
v 37.5836 0 3.24077
v 37.5836 0.08 3.24077
v 39.5836 0 3.23728
vn -0.00174546 -0 -0.999998
vn -0.00174546 -0 -0.999998
vn -0.00174546 -0 -0.999998
vt 60.1765 0.499207
vt 60.1765 0.66412
vt 56.0535 0.499207
f 2914/2914/2914 2915/2915/2915 2916/2916/2916
v 46.8955 0.1 2.89581
v 46.8405 0.1 3.16015
v 46.887 0.1 3.23111
vn 0 1 0
vn 0 1 0
vn 0 1 0
vt 23.5964 8.87288
vt 23.483 8.32797
vt 23.5789 8.18167
f 2917/2917/2917 2918/2918/2918 2919/2919/2919
v 46.9543 0.1 2.90804
v 46.8955 0.1 2.89581
v 46.887 0.1 3.23111
vn -0 1 0
vn -0 1 0
vn -0 1 0
vt 23.7175 8.84768
vt 23.5964 8.87288
vt 23.5789 8.18167
f 2920/2920/2920 2921/2921/2921 2922/2922/2922
v 39.5836 0.08 3.23728
v 41.5836 0.08 3.23379
v 41.5836 0 3.23379
vn -0.00174546 0 -0.999998
vn -0.00174546 0 -0.999998
vn -0.00174546 0 -0.999998
vt 56.0535 0.66412
vt 51.9306 0.66412
vt 51.9306 0.499207
f 2923/2923/2923 2924/2924/2924 2925/2925/2925
v 39.5836 0 3.23728
v 39.5836 0.08 3.23728
v 41.5836 0 3.23379
vn -0.00174546 -0 -0.999998
vn -0.00174546 -0 -0.999998
vn -0.00174546 -0 -0.999998
vt 56.0535 0.499207
vt 56.0535 0.66412
vt 51.9306 0.499207
f 2926/2926/2926 2927/2927/2927 2928/2928/2928
v 43.5836 0.1 3.25029
v 41.5836 0.1 3.25379
v 41.5837 0.1 3.31379
vn 0 1 0
vn 0 1 0
vn 0 1 0
vt 16.769 8.14213
vt 12.6461 8.13493
vt 12.6463 8.01124
f 2929/2929/2929 2930/2930/2930 2931/2931/2931
v 43.5837 0.1 3.3103
v 43.5836 0.1 3.25029
v 41.5837 0.1 3.31379
vn -0 1 0
vn -0 1 0
vn -0 1 0
vt 16.7693 8.01844
vt 16.769 8.14213
vt 12.6463 8.01124
f 2932/2932/2932 2933/2933/2933 2934/2934/2934
v 43.5836 0.08 3.23029
v 45.5836 0.08 3.2268
v 45.5836 0 3.2268
vn -0.00174499 0 -0.999998
vn -0.00174499 0 -0.999998
vn -0.00174499 0 -0.999998
vt 47.8077 0.66412
vt 43.6848 0.66412
vt 43.6848 0.499207
f 2935/2935/2935 2936/2936/2936 2937/2937/2937
v 43.5836 0 3.23029
v 43.5836 0.08 3.23029
v 45.5836 0 3.2268
vn -0.00174499 -0 -0.999998
vn -0.00174499 -0 -0.999998
vn -0.00174499 -0 -0.999998
vt 47.8077 0.499207
vt 47.8077 0.66412
vt 43.6848 0.499207
f 2938/2938/2938 2939/2939/2939 2940/2940/2940
v 37.5836 0.1 3.26077
v 35.5836 0.1 3.26426
v 35.5837 0.1 3.32426
vn 0 1 0
vn 0 1 0
vn 0 1 0
vt 4.40029 8.12054
vt 0.277372 8.11334
vt 0.277588 7.98966
f 2941/2941/2941 2942/2942/2942 2943/2943/2943
v 37.5837 0.1 3.32077
v 37.5836 0.1 3.26077
v 35.5837 0.1 3.32426
vn -0 1 0
vn -0 1 0
vn -0 1 0
vt 4.40051 7.99685
vt 4.40029 8.12054
vt 0.277588 7.98966
f 2944/2944/2944 2945/2945/2945 2946/2946/2946
v 47.0186 0.08 2.20642
v 47.0899 0.08 1.86377
v 47.0899 0 1.86377
vn -0.979016 0 -0.203781
vn -0.979016 0 -0.203781
vn -0.979016 0 -0.203781
vt -25.8149 0.66412
vt -26.5213 0.66412
vt -26.5213 0.499207
f 2947/2947/2947 2948/2948/2948 2949/2949/2949
v 47.0186 0 2.20642
v 47.0186 0.08 2.20642
v 47.0899 0 1.86377
vn -0.979016 -0 -0.203781
vn -0.979016 -0 -0.203781
vn -0.979016 -0 -0.203781
vt -25.8149 0.499207
vt -25.8149 0.66412
vt -26.5213 0.499207
f 2950/2950/2950 2951/2951/2951 2952/2952/2952
v 46.8405 0.1 3.16015
v 45.5836 0.1 3.2468
v 45.5837 0.1 3.3068
vn 0 1 0
vn 0 1 0
vn 0 1 0
vt 23.483 8.32797
vt 20.892 8.14932
vt 20.8922 8.02563
f 2953/2953/2953 2954/2954/2954 2955/2955/2955
v 46.887 0.1 3.23111
v 46.8405 0.1 3.16015
v 45.5837 0.1 3.3068
vn -0 1 0
vn -0 1 0
vn -0 1 0
vt 23.5789 8.18167
vt 23.483 8.32797
vt 20.8922 8.02563
f 2956/2956/2956 2957/2957/2957 2958/2958/2958
v 46.9738 0.08 2.91211
v 46.9025 0.08 3.25477
v 46.9025 0 3.25477
vn 0.979016 -0 0.203781
vn 0.979016 -0 0.203781
vn 0.979016 -0 0.203781
vt 33.1976 0.66412
vt 32.4912 0.66412
vt 32.4912 0.499207
f 2959/2959/2959 2960/2960/2960 2961/2961/2961
v 46.9738 0 2.91211
v 46.9738 0.08 2.91211
v 46.9025 0 3.25477
vn 0.979016 0 0.203781
vn 0.979016 0 0.203781
vn 0.979016 0 0.203781
vt 33.1976 0.499207
vt 33.1976 0.66412
vt 32.4912 0.499207
f 2962/2962/2962 2963/2963/2963 2964/2964/2964
v 47.1808 0.1 1.52519
v 47.1095 0.1 1.86784
v 47.1682 0.1 1.88007
vn 0 1 0
vn 0 1 0
vn 0 1 0
vt 24.1846 11.6984
vt 24.0375 10.992
vt 24.1586 10.9668
f 2965/2965/2965 2966/2966/2966 2967/2967/2967
v 47.2396 0.1 1.53742
v 47.1808 0.1 1.52519
v 47.1682 0.1 1.88007
vn -0 1 0
vn -0 1 0
vn -0 1 0
vt 24.3057 11.6732
vt 24.1846 11.6984
vt 24.1586 10.9668
f 2968/2968/2968 2969/2969/2969 2970/2970/2970
v 41.5836 0.08 3.23379
v 43.5836 0.08 3.23029
v 43.5836 0 3.23029
vn -0.00174558 0 -0.999999
vn -0.00174558 0 -0.999999
vn -0.00174558 0 -0.999999
vt 51.9306 0.66412
vt 47.8077 0.66412
vt 47.8077 0.499207
f 2971/2971/2971 2972/2972/2972 2973/2973/2973
v 41.5836 0 3.23379
v 41.5836 0.08 3.23379
v 43.5836 0 3.23029
vn -0.00174558 -0 -0.999999
vn -0.00174558 -0 -0.999999
vn -0.00174558 -0 -0.999999
vt 51.9306 0.499207
vt 51.9306 0.66412
vt 47.8077 0.499207
f 2974/2974/2974 2975/2975/2975 2976/2976/2976
v 46.9668 0.1 2.55315
v 46.8955 0.1 2.89581
v 46.9543 0.1 2.90804
vn 0 1 0
vn 0 1 0
vn 0 1 0
vt 23.7435 9.57925
vt 23.5964 8.87288
vt 23.7175 8.84768
f 2977/2977/2977 2978/2978/2978 2979/2979/2979
v 47.0256 0.1 2.56538
v 46.9668 0.1 2.55315
v 46.9543 0.1 2.90804
vn -0 1 0
vn -0 1 0
vn -0 1 0
vt 23.8646 9.55405
vt 23.7435 9.57925
vt 23.7175 8.84768
f 2980/2980/2980 2981/2981/2981 2982/2982/2982
v 27.6819 0.08 2.30805
v 27.6825 0.08 2.65805
v 27.6825 0 2.65805
vn 0.999998 0 -0.00174931
vn 0.999998 0 -0.00174931
vn 0.999998 0 -0.00174931
vt 34.4428 0.66412
vt 33.7213 0.66412
vt 33.7213 0.499207
f 2983/2983/2983 2984/2984/2984 2985/2985/2985
v 27.6819 0 2.30805
v 27.6819 0.08 2.30805
v 27.6825 0 2.65805
vn 0.999998 0 -0.00174931
vn 0.999998 0 -0.00174931
vn 0.999998 0 -0.00174931
vt 34.4428 0.499207
vt 34.4428 0.66412
vt 33.7213 0.499207
f 2986/2986/2986 2987/2987/2987 2988/2988/2988
v 33.3398 0.08 6.84818
v 31.5899 0.08 6.85123
v 31.5899 0 6.85123
vn 0.00174526 -0 0.999998
vn 0.00174526 -0 0.999998
vn 0.00174526 -0 0.999998
vt -4.34811 0.66412
vt -7.95558 0.66412
vt -7.95558 0.499207
f 2989/2989/2989 2990/2990/2990 2991/2991/2991
v 33.3398 0 6.84818
v 33.3398 0.08 6.84818
v 31.5899 0 6.85123
vn 0.00174526 0 0.999998
vn 0.00174526 0 0.999998
vn 0.00174526 0 0.999998
vt -4.34811 0.499207
vt -4.34811 0.66412
vt -7.95558 0.499207
f 2992/2992/2992 2993/2993/2993 2994/2994/2994
v 47.0452 0.08 2.56946
v 46.9738 0.08 2.91211
v 46.9738 0 2.91211
vn 0.979016 -0 0.203781
vn 0.979016 -0 0.203781
vn 0.979016 -0 0.203781
vt 33.904 0.66412
vt 33.1976 0.66412
vt 33.1976 0.499207
f 2995/2995/2995 2996/2996/2996 2997/2997/2997
v 47.0452 0 2.56946
v 47.0452 0.08 2.56946
v 46.9738 0 2.91211
vn 0.979016 0 0.203781
vn 0.979016 0 0.203781
vn 0.979016 0 0.203781
vt 33.904 0.499207
vt 33.904 0.66412
vt 33.1976 0.499207
f 2998/2998/2998 2999/2999/2999 3000/3000/3000
v 47.2521 0.1 1.18253
v 47.1808 0.1 1.52519
v 47.2396 0.1 1.53742
vn 0 1 0
vn 0 1 0
vn 0 1 0
vt 24.3316 12.4047
vt 24.1846 11.6984
vt 24.3057 11.6732
f 3001/3001/3001 3002/3002/3002 3003/3003/3003
v 47.3109 0.1 1.19476
v 47.2521 0.1 1.18253
v 47.2396 0.1 1.53742
vn -0 1 0
vn -0 1 0
vn -0 1 0
vt 24.4527 12.3795
vt 24.3316 12.4047
vt 24.3057 11.6732
f 3004/3004/3004 3005/3005/3005 3006/3006/3006
v 27.5801 0.08 1.25822
v 27.5795 0.062097 0.908224
v 27.5795 0 0.908224
vn -0.999999 0 0.00174386
vn -0.999999 0 0.00174386
vn -0.999999 0 0.00174386
vt -27.7696 0.66412
vt -28.4911 0.627216
vt -28.4911 0.499207
f 3007/3007/3007 3008/3008/3008 3009/3009/3009
v 27.5801 0 1.25822
v 27.5801 0.08 1.25822
v 27.5795 0 0.908224
vn -0.999999 0 0.00174386
vn -0.999999 0 0.00174386
vn -0.999999 0 0.00174386
vt -27.7696 0.499207
vt -27.7696 0.66412
vt -28.4911 0.499207
f 3010/3010/3010 3011/3011/3011 3012/3012/3012
v 27.6838 0.08 3.35482
v 27.9093 0.08 6.75766
v 27.9093 0 6.75766
vn 0.99781 0 -0.0661505
vn 0.99781 0 -0.0661505
vn 0.99781 0 -0.0661505
vt 32.285 0.66412
vt 25.2701 0.66412
vt 25.2701 0.499207
f 3013/3013/3013 3014/3014/3014 3015/3015/3015
v 27.6838 0 3.35482
v 27.6838 0.08 3.35482
v 27.9093 0 6.75766
vn 0.99781 0 -0.0661505
vn 0.99781 0 -0.0661505
vn 0.99781 0 -0.0661505
vt 32.285 0.499207
vt 32.285 0.66412
vt 25.2701 0.499207
f 3016/3016/3016 3017/3017/3017 3018/3018/3018
v 27.5789 0.040676 0.558225
v 27.5783 0.018184 0.208225
v 27.5783 0 0.208225
vn -0.999999 0 0.00174386
vn -0.999999 0 0.00174386
vn -0.999999 0 0.00174386
vt -29.2126 0.583062
vt -29.9341 0.536696
vt -29.9341 0.499207
f 3019/3019/3019 3020/3020/3020 3021/3021/3021
v 27.5789 0 0.558225
v 27.5789 0.040676 0.558225
v 27.5783 0 0.208225
vn -0.999998 0 0.00174386
vn -0.999998 0 0.00174386
vn -0.999998 0 0.00174386
vt -29.2126 0.499207
vt -29.2126 0.583062
vt -29.9341 0.499207
f 3022/3022/3022 3023/3023/3023 3024/3024/3024
v 47.0382 0.1 2.2105
v 46.9668 0.1 2.55315
v 47.0256 0.1 2.56538
vn 0 1 0
vn 0 1 0
vn 0 1 0
vt 23.8905 10.2856
vt 23.7435 9.57925
vt 23.8646 9.55405
f 3025/3025/3025 3026/3026/3026 3027/3027/3027
v 47.0969 0.1 2.22273
v 47.0382 0.1 2.2105
v 47.0256 0.1 2.56538
vn -0 1 0
vn -0 1 0
vn -0 1 0
vt 24.0116 10.2604
vt 23.8905 10.2856
vt 23.8646 9.55405
f 3028/3028/3028 3029/3029/3029 3030/3030/3030
v 27.5795 0.062097 0.908224
v 27.5789 0.040676 0.558225
v 27.5789 0 0.558225
vn -0.999998 0 0.00174931
vn -0.999998 0 0.00174931
vn -0.999998 0 0.00174931
vt -28.4911 0.627216
vt -29.2126 0.583062
vt -29.2126 0.499207
f 3031/3031/3031 3032/3032/3032 3033/3033/3033
v 27.5795 0 0.908224
v 27.5795 0.062097 0.908224
v 27.5789 0 0.558225
vn -0.999998 0 0.00174931
vn -0.999998 0 0.00174931
vn -0.999998 0 0.00174931
vt -28.4911 0.499207
vt -28.4911 0.627216
vt -29.2126 0.499207
f 3034/3034/3034 3035/3035/3035 3036/3036/3036
v 27.6595 0.082097 0.908085
v 27.6589 0.060676 0.558085
v 27.5989 0.060676 0.55819
vn -0.000106869 0.998132 -0.0610884
vn -0.000106869 0.998132 -0.0610884
vn -0.000106869 0.998132 -0.0610884
vt -16.0579 12.9705
vt -16.0592 13.692
vt -16.1829 13.6918
f 3037/3037/3037 3038/3038/3038 3039/3039/3039
v 27.5995 0.082097 0.908189
v 27.6595 0.082097 0.908085
v 27.5989 0.060676 0.55819
vn -0.000105898 0.998132 -0.0610885
vn -0.000105898 0.998132 -0.0610885
vn -0.000105898 0.998132 -0.0610885
vt -16.1816 12.9703
vt -16.0579 12.9705
vt -16.1829 13.6918
f 3040/3040/3040 3041/3041/3041 3042/3042/3042
v 47.3305 0.08 1.19884
v 47.2591 0.08 1.54149
v 47.2591 0 1.54149
vn 0.979016 -0 0.203781
vn 0.979016 -0 0.203781
vn 0.979016 -0 0.203781
vt 36.7295 0.66412
vt 36.0231 0.66412
vt 36.0231 0.499207
f 3043/3043/3043 3044/3044/3044 3045/3045/3045
v 47.3305 0 1.19884
v 47.3305 0.08 1.19884
v 47.2591 0 1.54149
vn 0.979016 0 0.203781
vn 0.979016 0 0.203781
vn 0.979016 0 0.203781
vt 36.7295 0.499207
vt 36.7295 0.66412
vt 36.0231 0.499207
f 3046/3046/3046 3047/3047/3047 3048/3048/3048
v 27.6601 0.1 1.25808
v 27.6595 0.082097 0.908085
v 27.5995 0.082097 0.908189
vn -8.85561e-005 0.998694 -0.0510846
vn -8.85561e-005 0.998694 -0.0510846
vn -8.85561e-005 0.998694 -0.0510846
vt -16.0566 12.249
vt -16.0579 12.9705
vt -16.1816 12.9703
f 3049/3049/3049 3050/3050/3050 3051/3051/3051
v 27.6001 0.1 1.25819
v 27.6601 0.1 1.25808
v 27.5995 0.082097 0.908189
vn -8.93171e-005 0.998694 -0.0510845
vn -8.93171e-005 0.998694 -0.0510845
vn -8.93171e-005 0.998694 -0.0510845
vt -16.1803 12.2488
vt -16.0566 12.249
vt -16.1816 12.9703
f 3052/3052/3052 3053/3053/3053 3054/3054/3054
v 27.6832 0.08 3.00805
v 27.6838 0.08 3.35482
v 27.6838 0 3.35482
vn 0.999999 0 -0.00174358
vn 0.999999 0 -0.00174358
vn 0.999999 0 -0.00174358
vt 32.9998 0.66412
vt 32.285 0.66412
vt 32.285 0.499207
f 3055/3055/3055 3056/3056/3056 3057/3057/3057
v 27.6832 0 3.00805
v 27.6832 0.08 3.00805
v 27.6838 0 3.35482
vn 0.999999 0 -0.00174358
vn 0.999999 0 -0.00174358
vn 0.999999 0 -0.00174358
vt 32.9998 0.499207
vt 32.9998 0.66412
vt 32.285 0.499207
f 3058/3058/3058 3059/3059/3059 3060/3060/3060
v 27.6589 0.060676 0.558085
v 27.6583 0.038184 0.208086
v 27.5983 0.038184 0.20819
vn -0.000111156 0.997942 -0.0641306
vn -0.000111156 0.997942 -0.0641306
vn -0.000111156 0.997942 -0.0641306
vt -16.0592 13.692
vt -16.0604 14.4135
vt -16.1841 14.4133
f 3061/3061/3061 3062/3062/3062 3063/3063/3063
v 27.5989 0.060676 0.55819
v 27.6589 0.060676 0.558085
v 27.5983 0.038184 0.20819
vn -0.00011219 0.997941 -0.0641304
vn -0.00011219 0.997941 -0.0641304
vn -0.00011219 0.997941 -0.0641304
vt -16.1829 13.6918
vt -16.0592 13.692
vt -16.1841 14.4133
f 3064/3064/3064 3065/3065/3065 3066/3066/3066
v 47.4018 0.08 0.85618
v 47.3305 0.08 1.19884
v 47.3305 0 1.19884
vn 0.979014 -0 0.203792
vn 0.979014 -0 0.203792
vn 0.979014 -0 0.203792
vt 37.4358 0.66412
vt 36.7295 0.66412
vt 36.7295 0.499207
f 3067/3067/3067 3068/3068/3068 3069/3069/3069
v 47.4018 0 0.85618
v 47.4018 0.08 0.85618
v 47.3305 0 1.19884
vn 0.979014 0 0.203792
vn 0.979014 0 0.203792
vn 0.979014 0 0.203792
vt 37.4358 0.499207
vt 37.4358 0.66412
vt 36.7295 0.499207
f 3070/3070/3070 3071/3071/3071 3072/3072/3072
v 47.3235 0.1 0.839877
v 47.2521 0.1 1.18253
v 47.3109 0.1 1.19476
vn 0 1 0
vn 0 1 0
vn 0 1 0
vt 24.4786 13.1111
vt 24.3316 12.4047
vt 24.4527 12.3795
f 3073/3073/3073 3074/3074/3074 3075/3075/3075
v 47.3822 0.1 0.852104
v 47.3235 0.1 0.839877
v 47.3109 0.1 1.19476
vn -0 1 0
vn -0 1 0
vn -0 1 0
vt 24.5997 13.0859
vt 24.4786 13.1111
vt 24.4527 12.3795
f 3076/3076/3076 3077/3077/3077 3078/3078/3078
v 27.5909 0.096277 2.65821
v 27.5915 0.096277 3.00821
v 27.5973 0.099117 3.0082
vn -0.443155 0.896444 0.000775216
vn -0.443155 0.896444 0.000775216
vn -0.443155 0.896444 0.000775216
vt -16.1993 9.36269
vt -16.198 8.64118
vt -16.1862 8.6412
f 3079/3079/3079 3080/3080/3080 3081/3081/3081
v 27.5967 0.099117 2.6582
v 27.5909 0.096277 2.65821
v 27.5973 0.099117 3.0082
vn -0.443037 0.896503 0.000772595
vn -0.443037 0.896503 0.000772595
vn -0.443037 0.896503 0.000772595
vt -16.1874 9.36271
vt -16.1993 9.36269
vt -16.1862 8.6412
f 3082/3082/3082 3083/3083/3083 3084/3084/3084
v 27.5863 0.091622 2.65822
v 27.5869 0.091622 3.00821
v 27.5915 0.096277 3.00821
vn -0.707041 0.707171 0.00123298
vn -0.707041 0.707171 0.00123298
vn -0.707041 0.707171 0.00123298
vt -16.2089 9.36268
vt -16.2076 8.64116
vt -16.198 8.64118
f 3085/3085/3085 3086/3086/3086 3087/3087/3087
v 27.5909 0.096277 2.65821
v 27.5863 0.091622 2.65822
v 27.5915 0.096277 3.00821
vn -0.707186 0.707026 0.00123709
vn -0.707186 0.707026 0.00123709
vn -0.707186 0.707026 0.00123709
vt -16.1993 9.36269
vt -16.2089 9.36268
vt -16.198 8.64118
f 3088/3088/3088 3089/3089/3089 3090/3090/3090
v 27.5834 0.085876 2.65822
v 27.584 0.085876 3.00822
v 27.5869 0.091622 3.00821
vn -0.896473 0.443096 0.00156333
vn -0.896473 0.443096 0.00156333
vn -0.896473 0.443096 0.00156333
vt -16.2147 9.36267
vt -16.2134 8.64116
vt -16.2076 8.64116
f 3091/3091/3091 3092/3092/3092 3093/3093/3093
v 27.5863 0.091622 2.65822
v 27.5834 0.085876 2.65822
v 27.5869 0.091622 3.00821
vn -0.896473 0.443096 0.00156333
vn -0.896473 0.443096 0.00156333
vn -0.896473 0.443096 0.00156333
vt -16.2089 9.36268
vt -16.2147 9.36267
vt -16.2076 8.64116
f 3094/3094/3094 3095/3095/3095 3096/3096/3096
v 27.5825 0.08 2.65822
v 27.5832 0.08 3.00822
v 27.584 0.085876 3.00822
vn -0.988893 0.148621 0.0017245
vn -0.988893 0.148621 0.0017245
vn -0.988893 0.148621 0.0017245
vt -16.2165 9.36267
vt -16.2153 8.64115
vt -16.2134 8.64116
f 3097/3097/3097 3098/3098/3098 3099/3099/3099
v 27.5834 0.085876 2.65822
v 27.5825 0.08 2.65822
v 27.584 0.085876 3.00822
vn -0.988893 0.148621 0.00172449
vn -0.988893 0.148621 0.00172449
vn -0.988893 0.148621 0.00172449
vt -16.2147 9.36267
vt -16.2165 9.36267
vt -16.2134 8.64116
f 3100/3100/3100 3101/3101/3101 3102/3102/3102
v 27.6794 0.091622 3.00805
v 27.68 0.091622 3.35495
v 27.6829 0.085876 3.35485
vn 0.896463 0.443116 -0.00156251
vn 0.896463 0.443116 -0.00156251
vn 0.896463 0.443116 -0.00156251
vt -16.0168 8.6415
vt -16.0155 7.92639
vt -16.0097 7.92659
f 3103/3103/3103 3104/3104/3104 3105/3105/3105
v 27.6823 0.085876 3.00805
v 27.6794 0.091622 3.00805
v 27.6829 0.085876 3.35485
vn 0.896473 0.443096 -0.00156294
vn 0.896473 0.443096 -0.00156294
vn 0.896473 0.443096 -0.00156294
vt -16.0109 8.64151
vt -16.0168 8.6415
vt -16.0097 7.92659
f 3106/3106/3106 3107/3107/3107 3108/3108/3108
v 27.6748 0.096277 3.00806
v 27.6754 0.096277 3.35511
v 27.68 0.091622 3.35495
vn 0.707166 0.707046 -0.00123592
vn 0.707166 0.707046 -0.00123592
vn 0.707166 0.707046 -0.00123592
vt -16.0264 8.64148
vt -16.0251 7.92606
vt -16.0155 7.92639
f 3109/3109/3109 3110/3110/3110 3111/3111/3111
v 27.6794 0.091622 3.00805
v 27.6748 0.096277 3.00806
v 27.68 0.091622 3.35495
vn 0.707041 0.707171 -0.00123235
vn 0.707041 0.707171 -0.00123235
vn 0.707041 0.707171 -0.00123235
vt -16.0168 8.6415
vt -16.0264 8.64148
vt -16.0155 7.92639
f 3112/3112/3112 3113/3113/3113 3114/3114/3114
v 27.6583 0.038184 0.208086
v 27.6578 0.011149 -0.041894
v 27.5978 0.011149 -0.041728
vn -0.000297476 0.994203 -0.107521
vn -0.000297476 0.994203 -0.107521
vn -0.000297476 0.994203 -0.107521
vt -16.0604 14.4135
vt -16.0613 14.9289
vt -16.185 14.9285
f 3115/3115/3115 3116/3116/3116 3117/3117/3117
v 27.5983 0.038184 0.20819
v 27.6583 0.038184 0.208086
v 27.5978 0.011149 -0.041728
vn -0.000186409 0.9942 -0.107548
vn -0.000186409 0.9942 -0.107548
vn -0.000186409 0.9942 -0.107548
vt -16.1841 14.4133
vt -16.0604 14.4135
vt -16.185 14.9285
f 3118/3118/3118 3119/3119/3119 3120/3120/3120
v 47.4731 0.08 0.513524
v 47.4018 0.08 0.85618
v 47.4018 0 0.85618
vn 0.979016 -0 0.203781
vn 0.979016 -0 0.203781
vn 0.979016 -0 0.203781
vt 38.1422 0.66412
vt 37.4358 0.66412
vt 37.4358 0.499207
f 3121/3121/3121 3122/3122/3122 3123/3123/3123
v 47.4731 0 0.513524
v 47.4731 0.08 0.513524
v 47.4018 0 0.85618
vn 0.979016 0 0.203781
vn 0.979016 0 0.203781
vn 0.979016 0 0.203781
vt 38.1422 0.499207
vt 38.1422 0.66412
vt 37.4358 0.499207
f 3124/3124/3124 3125/3125/3125 3126/3126/3126
v 47.3948 0.1 0.497221
v 47.3235 0.1 0.839877
v 47.3822 0.1 0.852104
vn 0 1 0
vn 0 1 0
vn 0 1 0
vt 24.6257 13.8175
vt 24.4786 13.1111
vt 24.5997 13.0859
f 3127/3127/3127 3128/3128/3128 3129/3129/3129
v 47.4535 0.1 0.509448
v 47.3948 0.1 0.497221
v 47.3822 0.1 0.852104
vn -0 1 0
vn -0 1 0
vn -0 1 0
vt 24.7468 13.7923
vt 24.6257 13.8175
vt 24.5997 13.0859
f 3130/3130/3130 3131/3131/3131 3132/3132/3132
v 46.9473 0.08 2.54908
v 47.0186 0.08 2.20642
v 47.0186 0 2.20642
vn -0.979016 0 -0.203781
vn -0.979016 0 -0.203781
vn -0.979016 0 -0.203781
vt -25.1085 0.66412
vt -25.8149 0.66412
vt -25.8149 0.499207
f 3133/3133/3133 3134/3134/3134 3135/3135/3135
v 46.9473 0 2.54908
v 46.9473 0.08 2.54908
v 47.0186 0 2.20642
vn -0.979016 -0 -0.203781
vn -0.979016 -0 -0.203781
vn -0.979016 -0 -0.203781
vt -25.1085 0.499207
vt -25.1085 0.66412
vt -25.8149 0.499207
f 3136/3136/3136 3137/3137/3137 3138/3138/3138
v 45.5836 0.1 3.2468
v 43.5836 0.1 3.25029
v 43.5837 0.1 3.3103
vn 0 1 0
vn 0 1 0
vn 0 1 0
vt 20.892 8.14932
vt 16.769 8.14213
vt 16.7693 8.01844
f 3139/3139/3139 3140/3140/3140 3141/3141/3141
v 45.5837 0.1 3.3068
v 45.5836 0.1 3.2468
v 43.5837 0.1 3.3103
vn -0 1 0
vn -0 1 0
vn -0 1 0
vt 20.8922 8.02563
vt 20.892 8.14932
vt 16.7693 8.01844
f 3142/3142/3142 3143/3143/3143 3144/3144/3144
v 27.6813 0.08 1.95805
v 27.6819 0.08 2.30805
v 27.6819 0 2.30805
vn 0.999999 0 -0.00174386
vn 0.999999 0 -0.00174386
vn 0.999999 0 -0.00174386
vt 35.1644 0.66412
vt 34.4428 0.66412
vt 34.4428 0.499207
f 3145/3145/3145 3146/3146/3146 3147/3147/3147
v 27.6813 0 1.95805
v 27.6813 0.08 1.95805
v 27.6819 0 2.30805
vn 0.999999 0 -0.00174386
vn 0.999999 0 -0.00174386
vn 0.999999 0 -0.00174386
vt 35.1644 0.499207
vt 35.1644 0.66412
vt 34.4428 0.499207
f 3148/3148/3148 3149/3149/3149 3150/3150/3150
v 27.6619 0.1 2.30808
v 27.6613 0.1 1.95808
v 27.6013 0.1 1.95819
vn -0 1 0
vn -0 1 0
vn -0 1 0
vt -16.0529 10.0845
vt -16.0541 10.806
vt -16.1778 10.8058
f 3151/3151/3151 3152/3152/3152 3153/3153/3153
v 27.6019 0.1 2.30819
v 27.6619 0.1 2.30808
v 27.6013 0.1 1.95819
vn 0 1 -0
vn 0 1 -0
vn 0 1 -0
vt -16.1766 10.0842
vt -16.0529 10.0845
vt -16.1778 10.8058
f 3154/3154/3154 3155/3155/3155 3156/3156/3156
v 47.6073 -0.007053 -0.130969
v 47.5444 0.032039 0.170868
v 47.5444 0 0.170868
vn 0.979016 -0 0.203784
vn 0.979016 -0 0.203784
vn 0.979016 -0 0.203784
vt 39.4708 0.484669
vt 38.8486 0.565255
vt 38.8486 0.499207
f 3157/3157/3157 3158/3158/3158 3159/3159/3159
v 47.5954 -0.014231 -0.073786
v 47.6073 -0.007053 -0.130969
v 47.5444 0 0.170868
vn 0.979016 0.000105591 0.203782
vn 0.979016 0.000105591 0.203782
vn 0.979016 0.000105591 0.203782
vt 39.3529 0.469864
vt 39.4708 0.484669
vt 38.8486 0.499207
f 3160/3160/3160 3161/3161/3161 3162/3162/3162
v 27.6625 0.1 2.65808
v 27.6619 0.1 2.30808
v 27.6019 0.1 2.30819
vn -0 1 0
vn -0 1 0
vn -0 1 0
vt -16.0516 9.36295
vt -16.0529 10.0845
vt -16.1766 10.0842
f 3163/3163/3163 3164/3164/3164 3165/3165/3165
v 27.6025 0.1 2.65819
v 27.6625 0.1 2.65808
v 27.6019 0.1 2.30819
vn 0 1 -0
vn 0 1 -0
vn 0 1 -0
vt -16.1753 9.36274
vt -16.0516 9.36295
vt -16.1766 10.0842
f 3166/3166/3166 3167/3167/3167 3168/3168/3168
v 27.669 0.099117 3.00807
v 27.6696 0.099117 3.3553
v 27.6754 0.096277 3.35511
vn 0.443135 0.896454 -0.000774061
vn 0.443135 0.896454 -0.000774061
vn 0.443135 0.896454 -0.000774061
vt -16.0382 8.64146
vt -16.037 7.92566
vt -16.0251 7.92606
f 3169/3169/3169 3170/3170/3170 3171/3171/3171
v 27.6748 0.096277 3.00806
v 27.669 0.099117 3.00807
v 27.6754 0.096277 3.35511
vn 0.443155 0.896444 -0.000774508
vn 0.443155 0.896444 -0.000774508
vn 0.443155 0.896444 -0.000774508
vt -16.0264 8.64148
vt -16.0382 8.64146
vt -16.0251 7.92606
f 3172/3172/3172 3173/3173/3173 3174/3174/3174
v 27.6632 0.1 3.00808
v 27.6638 0.1 3.3555
v 27.6696 0.099117 3.3553
vn 0.148581 0.9889 -0.000259398
vn 0.148581 0.9889 -0.000259398
vn 0.148581 0.9889 -0.000259398
vt -16.0504 8.64144
vt -16.0491 7.92524
vt -16.037 7.92566
f 3175/3175/3175 3176/3176/3176 3177/3177/3177
v 27.669 0.099117 3.00807
v 27.6632 0.1 3.00808
v 27.6696 0.099117 3.3553
vn 0.14859 0.988899 -0.000259554
vn 0.14859 0.988899 -0.000259554
vn 0.14859 0.988899 -0.000259554
vt -16.0382 8.64146
vt -16.0504 8.64144
vt -16.037 7.92566
f 3178/3178/3178 3179/3179/3179 3180/3180/3180
v 27.5915 0.096277 3.00821
v 27.5921 0.096277 3.35794
v 27.5979 0.099117 3.35774
vn -0.443135 0.896454 0.000773366
vn -0.443135 0.896454 0.000773366
vn -0.443135 0.896454 0.000773366
vt -16.198 8.64118
vt -16.1967 7.92023
vt -16.1849 7.92063
f 3181/3181/3181 3182/3182/3182 3183/3183/3183
v 27.5973 0.099117 3.0082
v 27.5915 0.096277 3.00821
v 27.5979 0.099117 3.35774
vn -0.443155 0.896444 0.00077381
vn -0.443155 0.896444 0.00077381
vn -0.443155 0.896444 0.00077381
vt -16.1862 8.6412
vt -16.198 8.64118
vt -16.1849 7.92063
f 3184/3184/3184 3185/3185/3185 3186/3186/3186
v 27.5869 0.091622 3.00821
v 27.5875 0.091622 3.35809
v 27.5921 0.096277 3.35794
vn -0.707021 0.707191 0.00123337
vn -0.707021 0.707191 0.00123337
vn -0.707021 0.707191 0.00123337
vt -16.2076 8.64116
vt -16.2063 7.9199
vt -16.1967 7.92023
f 3187/3187/3187 3188/3188/3188 3189/3189/3189
v 27.5915 0.096277 3.00821
v 27.5869 0.091622 3.00821
v 27.5921 0.096277 3.35794
vn -0.707041 0.707171 0.00123394
vn -0.707041 0.707171 0.00123394
vn -0.707041 0.707171 0.00123394
vt -16.198 8.64118
vt -16.2076 8.64116
vt -16.1967 7.92023
f 3190/3190/3190 3191/3191/3191 3192/3192/3192
v 27.584 0.085876 3.00822
v 27.5846 0.085876 3.35819
v 27.5875 0.091622 3.35809
vn -0.896463 0.443116 0.00156344
vn -0.896463 0.443116 0.00156344
vn -0.896463 0.443116 0.00156344
vt -16.2134 8.64116
vt -16.2122 7.9197
vt -16.2063 7.9199
f 3193/3193/3193 3194/3194/3194 3195/3195/3195
v 27.5869 0.091622 3.00821
v 27.584 0.085876 3.00822
v 27.5875 0.091622 3.35809
vn -0.896473 0.443096 0.00156387
vn -0.896473 0.443096 0.00156387
vn -0.896473 0.443096 0.00156387
vt -16.2076 8.64116
vt -16.2134 8.64116
vt -16.2063 7.9199
f 3196/3196/3196 3197/3197/3197 3198/3198/3198
v 27.5832 0.08 3.00822
v 27.5838 0.08 3.35822
v 27.5846 0.085876 3.35819
vn -0.988892 0.148629 0.00172449
vn -0.988892 0.148629 0.00172449
vn -0.988892 0.148629 0.00172449
vt -16.2153 8.64115
vt -16.214 7.91964
vt -16.2122 7.9197
f 3199/3199/3199 3200/3200/3200 3201/3201/3201
v 27.584 0.085876 3.00822
v 27.5832 0.08 3.00822
v 27.5846 0.085876 3.35819
vn -0.988893 0.148621 0.00172463
vn -0.988893 0.148621 0.00172463
vn -0.988893 0.148621 0.00172463
vt -16.2134 8.64116
vt -16.2153 8.64115
vt -16.2122 7.9197
f 3202/3202/3202 3203/3203/3203 3204/3204/3204
v 47.4661 0.052039 0.154566
v 47.3948 0.1 0.497221
v 47.4535 0.1 0.509448
vn 0.0276655 0.990741 -0.132914
vn 0.0276655 0.990741 -0.132914
vn 0.0276655 0.990741 -0.132914
vt 24.7727 14.5239
vt 24.6257 13.8175
vt 24.7468 13.7923
f 3205/3205/3205 3206/3206/3206 3207/3207/3207
v 47.5249 0.052039 0.166793
v 47.4661 0.052039 0.154566
v 47.4535 0.1 0.509448
vn 0.0276655 0.990741 -0.132914
vn 0.0276655 0.990741 -0.132914
vn 0.0276655 0.990741 -0.132914
vt 24.8938 14.4986
vt 24.7727 14.5239
vt 24.7468 13.7923
f 3208/3208/3208 3209/3209/3209 3210/3210/3210
v 47.4465 0.032039 0.15049
v 47.5094 -0.006842 -0.151446
v 47.4975 0 -0.094264
vn -0.979037 -0.00078546 -0.203683
vn -0.979037 -0.00078546 -0.203683
vn -0.979037 -0.00078546 -0.203683
vt -30.0531 0.565255
vt -30.6756 0.485107
vt -30.5577 0.499207
f 3211/3211/3211 3212/3212/3212 3213/3213/3213
v 47.4465 0 0.15049
v 47.4465 0.032039 0.15049
v 47.4975 0 -0.094264
vn -0.979016 -0 -0.203781
vn -0.979016 -0 -0.203781
vn -0.979016 -0 -0.203781
vt -30.0531 0.499207
vt -30.0531 0.565255
vt -30.5577 0.499207
f 3214/3214/3214 3215/3215/3215 3216/3216/3216
v 27.5825 0.08 2.65822
v 27.5819 0.08 2.30822
v 27.5819 0 2.30822
vn -0.999998 0 0.00174386
vn -0.999998 0 0.00174386
vn -0.999998 0 0.00174386
vt -24.8836 0.66412
vt -25.6051 0.66412
vt -25.6051 0.499207
f 3217/3217/3217 3218/3218/3218 3219/3219/3219
v 27.5825 0 2.65822
v 27.5825 0.08 2.65822
v 27.5819 0 2.30822
vn -0.999998 0 0.00174386
vn -0.999998 0 0.00174386
vn -0.999998 0 0.00174386
vt -24.8836 0.499207
vt -24.8836 0.66412
vt -25.6051 0.499207
f 3220/3220/3220 3221/3221/3221 3222/3222/3222
v 27.5819 0.08 2.30822
v 27.5813 0.08 1.95822
v 27.5813 0 1.95822
vn -0.999999 0 0.00174931
vn -0.999999 0 0.00174931
vn -0.999999 0 0.00174931
vt -25.6051 0.66412
vt -26.3266 0.66412
vt -26.3266 0.499207
f 3223/3223/3223 3224/3224/3224 3225/3225/3225
v 27.5819 0 2.30822
v 27.5819 0.08 2.30822
v 27.5813 0 1.95822
vn -0.999999 0 0.00174931
vn -0.999999 0 0.00174931
vn -0.999999 0 0.00174931
vt -25.6051 0.499207
vt -25.6051 0.66412
vt -26.3266 0.499207
f 3226/3226/3226 3227/3227/3227 3228/3228/3228
v 27.5783 0.018184 0.208225
v 27.5778 0.002657 -0.041673
v 27.5778 0 -0.041673
vn -0.999999 0 0.00174784
vn -0.999999 0 0.00174784
vn -0.999999 0 0.00174784
vt -29.9341 0.536696
vt -30.4493 0.504682
vt -30.4493 0.499207
f 3229/3229/3229 3230/3230/3230 3231/3231/3231
v 27.5783 0 0.208225
v 27.5783 0.018184 0.208225
v 27.5778 0 -0.041673
vn -0.999998 0 0.00174784
vn -0.999998 0 0.00174784
vn -0.999998 0 0.00174784
vt -29.9341 0.499207
vt -29.9341 0.536696
vt -30.4493 0.499207
f 3232/3232/3232 3233/3233/3233 3234/3234/3234
v 27.6807 0.08 1.60805
v 27.6813 0.08 1.95805
v 27.6813 0 1.95805
vn 0.999998 0 -0.00174386
vn 0.999998 0 -0.00174386
vn 0.999998 0 -0.00174386
vt 35.8859 0.66412
vt 35.1644 0.66412
vt 35.1644 0.499207
f 3235/3235/3235 3236/3236/3236 3237/3237/3237
v 27.6807 0 1.60805
v 27.6807 0.08 1.60805
v 27.6813 0 1.95805
vn 0.999998 0 -0.00174386
vn 0.999998 0 -0.00174386
vn 0.999998 0 -0.00174386
vt 35.8859 0.499207
vt 35.8859 0.66412
vt 35.1644 0.499207
f 3238/3238/3238 3239/3239/3239 3240/3240/3240
v 39.5837 0.08 3.33728
v 37.5837 0.08 3.34077
v 37.5837 0 3.34077
vn 0.00174499 -0 0.999998
vn 0.00174499 -0 0.999998
vn 0.00174499 -0 0.999998
vt 8.52349 0.66412
vt 4.40058 0.66412
vt 4.40058 0.499207
f 3241/3241/3241 3242/3242/3242 3243/3243/3243
v 39.5837 0 3.33728
v 39.5837 0.08 3.33728
v 37.5837 0 3.34077
vn 0.00174499 0 0.999998
vn 0.00174499 0 0.999998
vn 0.00174499 0 0.999998
vt 8.52349 0.499207
vt 8.52349 0.66412
vt 4.40058 0.499207
f 3244/3244/3244 3245/3245/3245 3246/3246/3246
v 31.5899 0.08 6.85123
v 29.5899 0.08 6.85472
v 29.5899 0 6.85472
vn 0.00174546 -0 0.999999
vn 0.00174546 -0 0.999999
vn 0.00174546 -0 0.999999
vt -7.95558 0.66412
vt -12.0785 0.66412
vt -12.0785 0.499207
f 3247/3247/3247 3248/3248/3248 3249/3249/3249
v 31.5899 0 6.85123
v 31.5899 0.08 6.85123
v 29.5899 0 6.85472
vn 0.00174546 0 0.999999
vn 0.00174546 0 0.999999
vn 0.00174546 0 0.999999
vt -7.95558 0.499207
vt -7.95558 0.66412
vt -12.0785 0.499207
f 3250/3250/3250 3251/3251/3251 3252/3252/3252
v 33.2652 0.1 6.76831
v 31.5897 0.1 6.77123
v 31.5898 0.1 6.83123
vn 0 1 0
vn 0 1 0
vn 0 1 0
vt -4.50195 0.889872
vt -7.95587 0.883845
vt -7.95565 0.760162
f 3253/3253/3253 3254/3254/3254 3255/3255/3255
v 33.3212 0.1 6.82821
v 33.2652 0.1 6.76831
v 31.5898 0.1 6.83123
vn -0 1 0
vn -0 1 0
vn -0 1 0
vt -4.38657 0.766388
vt -4.50195 0.889872
vt -7.95565 0.760162
f 3256/3256/3256 3257/3257/3257 3258/3258/3258
v 27.8906 0.1 6.77769
v 27.6638 0.1 3.3555
v 27.6038 0.1 3.35754
vn -0 1 0
vn -0 1 0
vn -0 1 0
vt -15.5814 0.870536
vt -16.0491 7.92524
vt -16.1728 7.92104
f 3259/3259/3259 3260/3260/3260 3261/3261/3261
v 27.8345 0.1 6.83779
v 27.8906 0.1 6.77769
v 27.6038 0.1 3.35754
vn 0 1 -0
vn 0 1 -0
vn 0 1 -0
vt -15.6971 0.746647
vt -15.5814 0.870536
vt -16.1728 7.92104
f 3262/3262/3262 3263/3263/3263 3264/3264/3264
v 27.8158 0.08 6.85782
v 27.5838 0.08 3.35822
v 27.5838 0 3.35822
vn -0.99781 0 0.0661509
vn -0.99781 0 0.0661509
vn -0.99781 0 0.0661509
vt -16.2262 0.66412
vt -23.4405 0.66412
vt -23.4405 0.499207
f 3265/3265/3265 3266/3266/3266 3267/3267/3267
v 27.8158 0 6.85782
v 27.8158 0.08 6.85782
v 27.5838 0 3.35822
vn -0.99781 0 0.0661509
vn -0.99781 0 0.0661509
vn -0.99781 0 0.0661509
vt -16.2262 0.499207
vt -16.2262 0.66412
vt -23.4405 0.499207
f 3268/3268/3268 3269/3269/3269 3270/3270/3270
v 33.5838 0.08 3.34775
v 33.3398 0.08 6.84818
v 33.3398 0 6.84818
vn 0.997581 -0 0.0695163
vn 0.997581 -0 0.0695163
vn 0.997581 -0 0.0695163
vt 32.2995 0.66412
vt 25.0835 0.66412
vt 25.0835 0.499207
f 3271/3271/3271 3272/3272/3272 3273/3273/3273
v 33.5838 0 3.34775
v 33.5838 0.08 3.34775
v 33.3398 0 6.84818
vn 0.997581 0 0.0695163
vn 0.997581 0 0.0695163
vn 0.997581 0 0.0695163
vt 32.2995 0.499207
vt 32.2995 0.66412
vt 25.0835 0.499207
f 3274/3274/3274 3275/3275/3275 3276/3276/3276
v 41.5836 0.1 3.25379
v 39.5836 0.1 3.25728
v 39.5837 0.1 3.31728
vn 0 1 0
vn 0 1 0
vn 0 1 0
vt 12.6461 8.13493
vt 8.52321 8.12773
vt 8.52342 8.00404
f 3277/3277/3277 3278/3278/3278 3279/3279/3279
v 41.5837 0.1 3.31379
v 41.5836 0.1 3.25379
v 39.5837 0.1 3.31728
vn -0 1 0
vn -0 1 0
vn -0 1 0
vt 12.6463 8.01124
vt 12.6461 8.13493
vt 8.52342 8.00404
f 3280/3280/3280 3281/3281/3281 3282/3282/3282
v 29.5899 0.08 6.85472
v 27.8158 0.08 6.85782
v 27.8158 0 6.85782
vn 0.00174517 -0 0.999999
vn 0.00174517 -0 0.999999
vn 0.00174517 -0 0.999999
vt -12.0785 0.66412
vt -15.7357 0.66412
vt -15.7357 0.499207
f 3283/3283/3283 3284/3284/3284 3285/3285/3285
v 29.5899 0 6.85472
v 29.5899 0.08 6.85472
v 27.8158 0 6.85782
vn 0.00174517 0 0.999999
vn 0.00174517 0 0.999999
vn 0.00174517 0 0.999999
vt -12.0785 0.499207
vt -12.0785 0.66412
vt -15.7357 0.499207
f 3286/3286/3286 3287/3287/3287 3288/3288/3288
v 29.5897 0.08 6.75472
v 31.5897 0.08 6.75123
v 31.5897 0 6.75123
vn -0.00174546 0 -0.999998
vn -0.00174546 0 -0.999998
vn -0.00174546 0 -0.999998
vt 76.6555 0.66412
vt 72.5326 0.66412
vt 72.5326 0.499207
f 3289/3289/3289 3290/3290/3290 3291/3291/3291
v 29.5897 0 6.75472
v 29.5897 0.08 6.75472
v 31.5897 0 6.75123
vn -0.00174546 -0 -0.999998
vn -0.00174546 -0 -0.999998
vn -0.00174546 -0 -0.999998
vt 76.6555 0.499207
vt 76.6555 0.66412
vt 72.5326 0.499207
f 3292/3292/3292 3293/3293/3293 3294/3294/3294
v 27.9093 0.08 6.75766
v 29.5897 0.08 6.75472
v 29.5897 0 6.75472
vn -0.00174549 0 -0.999998
vn -0.00174549 0 -0.999998
vn -0.00174549 0 -0.999998
vt 80.1195 0.66412
vt 76.6555 0.66412
vt 76.6555 0.499207
f 3295/3295/3295 3296/3296/3296 3297/3297/3297
v 27.9093 0 6.75766
v 27.9093 0.08 6.75766
v 29.5897 0 6.75472
vn -0.00174549 -0 -0.999998
vn -0.00174549 -0 -0.999998
vn -0.00174549 -0 -0.999998
vt 80.1195 0.499207
vt 80.1195 0.66412
vt 76.6555 0.499207
f 3298/3298/3298 3299/3299/3299 3300/3300/3300
v 31.5897 0.08 6.75123
v 33.2465 0.08 6.74834
v 33.2465 0 6.74834
vn -0.00174492 0 -0.999998
vn -0.00174492 0 -0.999998
vn -0.00174492 0 -0.999998
vt 72.5326 0.66412
vt 69.1171 0.66412
vt 69.1171 0.499207
f 3301/3301/3301 3302/3302/3302 3303/3303/3303
v 31.5897 0 6.75123
v 31.5897 0.08 6.75123
v 33.2465 0 6.74834
vn -0.00174492 -0 -0.999998
vn -0.00174492 -0 -0.999998
vn -0.00174492 -0 -0.999998
vt 72.5326 0.499207
vt 72.5326 0.66412
vt 69.1171 0.499207
f 3304/3304/3304 3305/3305/3305 3306/3306/3306
v 27.5838 0.08 3.35822
v 27.5832 0.08 3.00822
v 27.5832 0 3.00822
vn -0.999999 0 0.00174386
vn -0.999999 0 0.00174386
vn -0.999999 0 0.00174386
vt -23.4405 0.66412
vt -24.162 0.66412
vt -24.162 0.499207
f 3307/3307/3307 3308/3308/3308 3309/3309/3309
v 27.5838 0 3.35822
v 27.5838 0.08 3.35822
v 27.5832 0 3.00822
vn -0.999999 0 0.00174386
vn -0.999999 0 0.00174386
vn -0.999999 0 0.00174386
vt -23.4405 0.499207
vt -23.4405 0.66412
vt -24.162 0.499207
f 3310/3310/3310 3311/3311/3311 3312/3312/3312
v 47.1878 0.08 1.88415
v 47.1165 0.08 2.2268
v 47.1165 0 2.2268
vn 0.979016 -0 0.203782
vn 0.979016 -0 0.203782
vn 0.979016 -0 0.203782
vt 35.3167 0.66412
vt 34.6103 0.66412
vt 34.6103 0.499207
f 3313/3313/3313 3314/3314/3314 3315/3315/3315
v 47.1878 0 1.88415
v 47.1878 0.08 1.88415
v 47.1165 0 2.2268
vn 0.979016 0 0.203782
vn 0.979016 0 0.203782
vn 0.979016 0 0.203782
vt 35.3167 0.499207
vt 35.3167 0.66412
vt 34.6103 0.499207
f 3316/3316/3316 3317/3317/3317 3318/3318/3318
v 47.1165 0.08 2.2268
v 47.0452 0.08 2.56946
v 47.0452 0 2.56946
vn 0.979016 -0 0.203781
vn 0.979016 -0 0.203781
vn 0.979016 -0 0.203781
vt 34.6103 0.66412
vt 33.904 0.66412
vt 33.904 0.499207
f 3319/3319/3319 3320/3320/3320 3321/3321/3321
v 47.1165 0 2.2268
v 47.1165 0.08 2.2268
v 47.0452 0 2.56946
vn 0.979016 0 0.203781
vn 0.979016 0 0.203781
vn 0.979016 0 0.203781
vt 34.6103 0.499207
vt 34.6103 0.66412
vt 33.904 0.499207
f 3322/3322/3322 3323/3323/3323 3324/3324/3324
v 27.5813 0.08 1.95822
v 27.5807 0.08 1.60822
v 27.5807 0 1.60822
vn -0.999999 0 0.00174386
vn -0.999999 0 0.00174386
vn -0.999999 0 0.00174386
vt -26.3266 0.66412
vt -27.0481 0.66412
vt -27.0481 0.499207
f 3325/3325/3325 3326/3326/3326 3327/3327/3327
v 27.5813 0 1.95822
v 27.5813 0.08 1.95822
v 27.5807 0 1.60822
vn -0.999999 0 0.00174386
vn -0.999999 0 0.00174386
vn -0.999999 0 0.00174386
vt -26.3266 0.499207
vt -26.3266 0.66412
vt -27.0481 0.499207
f 3328/3328/3328 3329/3329/3329 3330/3330/3330
v 37.5837 0.08 3.34077
v 35.5838 0.08 3.34426
v 35.5838 0 3.34426
vn 0.00174558 -0 0.999998
vn 0.00174558 -0 0.999998
vn 0.00174558 -0 0.999998
vt 4.40058 0.66412
vt 0.277661 0.66412
vt 0.277661 0.499207
f 3331/3331/3331 3332/3332/3332 3333/3333/3333
v 37.5837 0 3.34077
v 37.5837 0.08 3.34077
v 35.5838 0 3.34426
vn 0.00174558 0 0.999998
vn 0.00174558 0 0.999998
vn 0.00174558 0 0.999998
vt 4.40058 0.499207
vt 4.40058 0.66412
vt 0.277661 0.499207
f 3334/3334/3334 3335/3335/3335 3336/3336/3336
v 46.9025 0.08 3.25477
v 45.5837 0.08 3.32681
v 45.5837 0 3.32681
vn 0.0545418 -0 0.998511
vn 0.0545418 -0 0.998511
vn 0.0545418 -0 0.998511
vt 23.6109 0.66412
vt 20.8922 0.66412
vt 20.8922 0.499207
f 3337/3337/3337 3338/3338/3338 3339/3339/3339
v 46.9025 0 3.25477
v 46.9025 0.08 3.25477
v 45.5837 0 3.32681
vn 0.0545418 0 0.998511
vn 0.0545418 0 0.998511
vn 0.0545418 0 0.998511
vt 23.6109 0.499207
vt 23.6109 0.66412
vt 20.8922 0.499207
f 3340/3340/3340 3341/3341/3341 3342/3342/3342
v 41.5837 0.08 3.33379
v 39.5837 0.08 3.33728
v 39.5837 0 3.33728
vn 0.00174546 -0 0.999998
vn 0.00174546 -0 0.999998
vn 0.00174546 -0 0.999998
vt 12.6464 0.66412
vt 8.52349 0.66412
vt 8.52349 0.499207
f 3343/3343/3343 3344/3344/3344 3345/3345/3345
v 41.5837 0 3.33379
v 41.5837 0.08 3.33379
v 39.5837 0 3.33728
vn 0.00174546 0 0.999998
vn 0.00174546 0 0.999998
vn 0.00174546 0 0.999998
vt 12.6464 0.499207
vt 12.6464 0.66412
vt 8.52349 0.499207
f 3346/3346/3346 3347/3347/3347 3348/3348/3348
v 35.5838 0.08 3.34426
v 33.5838 0.08 3.34775
v 33.5838 0 3.34775
vn 0.00174546 -0 0.999999
vn 0.00174546 -0 0.999999
vn 0.00174546 -0 0.999999
vt 0.277661 0.66412
vt -3.84526 0.66412
vt -3.84526 0.499207
f 3349/3349/3349 3350/3350/3350 3351/3351/3351
v 35.5838 0 3.34426
v 35.5838 0.08 3.34426
v 33.5838 0 3.34775
vn 0.00174546 0 0.999999
vn 0.00174546 0 0.999999
vn 0.00174546 0 0.999999
vt 0.277661 0.499207
vt 0.277661 0.66412
vt -3.84526 0.499207
f 3352/3352/3352 3353/3353/3353 3354/3354/3354
v 43.5837 0.08 3.3303
v 41.5837 0.08 3.33379
v 41.5837 0 3.33379
vn 0.00174546 -0 0.999998
vn 0.00174546 -0 0.999998
vn 0.00174546 -0 0.999998
vt 16.7693 0.66412
vt 12.6464 0.66412
vt 12.6464 0.499207
f 3355/3355/3355 3356/3356/3356 3357/3357/3357
v 43.5837 0 3.3303
v 43.5837 0.08 3.3303
v 41.5837 0 3.33379
vn 0.00174546 0 0.999998
vn 0.00174546 0 0.999998
vn 0.00174546 0 0.999998
vt 16.7693 0.499207
vt 16.7693 0.66412
vt 12.6464 0.499207
f 3358/3358/3358 3359/3359/3359 3360/3360/3360
v 45.5837 0.08 3.32681
v 43.5837 0.08 3.3303
v 43.5837 0 3.3303
vn 0.00174498 -0 0.999999
vn 0.00174498 -0 0.999999
vn 0.00174498 -0 0.999999
vt 20.8922 0.66412
vt 16.7693 0.66412
vt 16.7693 0.499207
f 3361/3361/3361 3362/3362/3362 3363/3363/3363
v 45.5837 0 3.32681
v 45.5837 0.08 3.32681
v 43.5837 0 3.3303
vn 0.00174498 0 0.999999
vn 0.00174498 0 0.999999
vn 0.00174498 0 0.999999
vt 20.8922 0.499207
vt 20.8922 0.66412
vt 16.7693 0.499207
f 3364/3364/3364 3365/3365/3365 3366/3366/3366
v 46.825 0.08 3.13649
v 46.8759 0.08 2.89174
v 46.8759 0 2.89174
vn -0.979013 0 -0.203796
vn -0.979013 0 -0.203796
vn -0.979013 0 -0.203796
vt -23.8976 0.66412
vt -24.4022 0.66412
vt -24.4022 0.499207
f 3367/3367/3367 3368/3368/3368 3369/3369/3369
v 46.825 0 3.13649
v 46.825 0.08 3.13649
v 46.8759 0 2.89174
vn -0.979013 -0 -0.203796
vn -0.979013 -0 -0.203796
vn -0.979013 -0 -0.203796
vt -23.8976 0.499207
vt -23.8976 0.66412
vt -24.4022 0.499207
f 3370/3370/3370 3371/3371/3371 3372/3372/3372
v 27.6825 0.08 2.65805
v 27.6832 0.08 3.00805
v 27.6832 0 3.00805
vn 0.999999 0 -0.00174386
vn 0.999999 0 -0.00174386
vn 0.999999 0 -0.00174386
vt 33.7213 0.66412
vt 32.9998 0.66412
vt 32.9998 0.499207
f 3373/3373/3373 3374/3374/3374 3375/3375/3375
v 27.6825 0 2.65805
v 27.6825 0.08 2.65805
v 27.6832 0 3.00805
vn 0.999999 0 -0.00174386
vn 0.999999 0 -0.00174386
vn 0.999999 0 -0.00174386
vt 33.7213 0.499207
vt 33.7213 0.66412
vt 32.9998 0.499207
f 3376/3376/3376 3377/3377/3377 3378/3378/3378
v 47.0899 0.08 1.86377
v 47.1612 0.08 1.52111
v 47.1612 0 1.52111
vn -0.979016 0 -0.203782
vn -0.979016 0 -0.203782
vn -0.979016 0 -0.203782
vt -26.5213 0.66412
vt -27.2277 0.66412
vt -27.2277 0.499207
f 3379/3379/3379 3380/3380/3380 3381/3381/3381
v 47.0899 0 1.86377
v 47.0899 0.08 1.86377
v 47.1612 0 1.52111
vn -0.979016 -0 -0.203782
vn -0.979016 -0 -0.203782
vn -0.979016 -0 -0.203782
vt -26.5213 0.499207
vt -26.5213 0.66412
vt -27.2277 0.499207
f 3382/3382/3382 3383/3383/3383 3384/3384/3384
v 27.6801 0.08 1.25805
v 27.6807 0.08 1.60805
v 27.6807 0 1.60805
vn 0.999999 0 -0.00174931
vn 0.999999 0 -0.00174931
vn 0.999999 0 -0.00174931
vt 36.6074 0.66412
vt 35.8859 0.66412
vt 35.8859 0.499207
f 3385/3385/3385 3386/3386/3386 3387/3387/3387
v 27.6801 0 1.25805
v 27.6801 0.08 1.25805
v 27.6807 0 1.60805
vn 0.999999 0 -0.00174931
vn 0.999999 0 -0.00174931
vn 0.999999 0 -0.00174931
vt 36.6074 0.499207
vt 36.6074 0.66412
vt 35.8859 0.499207
f 3388/3388/3388 3389/3389/3389 3390/3390/3390
v 47.1612 0.08 1.52111
v 47.2326 0.08 1.17846
v 47.2326 0 1.17846
vn -0.979016 0 -0.203781
vn -0.979016 0 -0.203781
vn -0.979016 0 -0.203781
vt -27.2277 0.66412
vt -27.934 0.66412
vt -27.934 0.499207
f 3391/3391/3391 3392/3392/3392 3393/3393/3393
v 47.1612 0 1.52111
v 47.1612 0.08 1.52111
v 47.2326 0 1.17846
vn -0.979016 -0 -0.203781
vn -0.979016 -0 -0.203781
vn -0.979016 -0 -0.203781
vt -27.2277 0.499207
vt -27.2277 0.66412
vt -27.934 0.499207
f 3394/3394/3394 3395/3395/3395 3396/3396/3396
v 27.6795 0.062097 0.90805
v 27.6801 0.08 1.25805
v 27.6801 0 1.25805
vn 0.999998 0 -0.00174386
vn 0.999998 0 -0.00174386
vn 0.999998 0 -0.00174386
vt 37.3289 0.627216
vt 36.6074 0.66412
vt 36.6074 0.499207
f 3397/3397/3397 3398/3398/3398 3399/3399/3399
v 27.6795 0 0.90805
v 27.6795 0.062097 0.90805
v 27.6801 0 1.25805
vn 0.999998 0 -0.00174386
vn 0.999998 0 -0.00174386
vn 0.999998 0 -0.00174386
vt 37.3289 0.499207
vt 37.3289 0.627216
vt 36.6074 0.499207
f 3400/3400/3400 3401/3401/3401 3402/3402/3402
v 47.2326 0.08 1.17846
v 47.3039 0.08 0.835801
v 47.3039 0 0.835801
vn -0.979016 0 -0.203781
vn -0.979016 0 -0.203781
vn -0.979016 0 -0.203781
vt -27.934 0.66412
vt -28.6404 0.66412
vt -28.6404 0.499207
f 3403/3403/3403 3404/3404/3404 3405/3405/3405
v 47.2326 0 1.17846
v 47.2326 0.08 1.17846
v 47.3039 0 0.835801
vn -0.979016 -0 -0.203781
vn -0.979016 -0 -0.203781
vn -0.979016 -0 -0.203781
vt -27.934 0.499207
vt -27.934 0.66412
vt -28.6404 0.499207
f 3406/3406/3406 3407/3407/3407 3408/3408/3408
v 27.6789 0.040676 0.55805
v 27.6795 0.062097 0.90805
v 27.6795 0 0.90805
vn 0.999999 0 -0.00174386
vn 0.999999 0 -0.00174386
vn 0.999999 0 -0.00174386
vt 38.0504 0.583062
vt 37.3289 0.627216
vt 37.3289 0.499207
f 3409/3409/3409 3410/3410/3410 3411/3411/3411
v 27.6789 0 0.55805
v 27.6789 0.040676 0.55805
v 27.6795 0 0.90805
vn 0.999998 0 -0.00174386
vn 0.999998 0 -0.00174386
vn 0.999998 0 -0.00174386
vt 38.0504 0.499207
vt 38.0504 0.583062
vt 37.3289 0.499207
f 3412/3412/3412 3413/3413/3413 3414/3414/3414
v 47.3039 0.08 0.835801
v 47.3752 0.08 0.493146
v 47.3752 0 0.493146
vn -0.979016 0 -0.203782
vn -0.979016 0 -0.203782
vn -0.979016 0 -0.203782
vt -28.6404 0.66412
vt -29.3468 0.66412
vt -29.3468 0.499207
f 3415/3415/3415 3416/3416/3416 3417/3417/3417
v 47.3039 0 0.835801
v 47.3039 0.08 0.835801
v 47.3752 0 0.493146
vn -0.979016 -0 -0.203782
vn -0.979016 -0 -0.203782
vn -0.979016 -0 -0.203782
vt -28.6404 0.499207
vt -28.6404 0.66412
vt -29.3468 0.499207
f 3418/3418/3418 3419/3419/3419 3420/3420/3420
v 27.6783 0.018184 0.208051
v 27.6789 0.040676 0.55805
v 27.6789 0 0.55805
vn 0.999999 0 -0.00174386
vn 0.999999 0 -0.00174386
vn 0.999999 0 -0.00174386
vt 38.7719 0.536696
vt 38.0504 0.583062
vt 38.0504 0.499207
f 3421/3421/3421 3422/3422/3422 3423/3423/3423
v 27.6783 0 0.208051
v 27.6783 0.018184 0.208051
v 27.6789 0 0.55805
vn 0.999999 0 -0.00174386
vn 0.999999 0 -0.00174386
vn 0.999999 0 -0.00174386
vt 38.7719 0.499207
vt 38.7719 0.536696
vt 38.0504 0.499207
f 3424/3424/3424 3425/3425/3425 3426/3426/3426
v 47.3752 0.08 0.493146
v 47.4465 0.032039 0.15049
v 47.4465 0 0.15049
vn -0.979014 0 -0.203791
vn -0.979014 0 -0.203791
vn -0.979014 0 -0.203791
vt -29.3468 0.66412
vt -30.0531 0.565255
vt -30.0531 0.499207
f 3427/3427/3427 3428/3428/3428 3429/3429/3429
v 47.3752 0 0.493146
v 47.3752 0.08 0.493146
v 47.4465 0 0.15049
vn -0.979014 -0 -0.203791
vn -0.979014 -0 -0.203791
vn -0.979014 -0 -0.203791
vt -29.3468 0.499207
vt -29.3468 0.66412
vt -30.0531 0.499207
f 3430/3430/3430 3431/3431/3431 3432/3432/3432
v 46.8759 0.08 2.89174
v 46.9473 0.08 2.54908
v 46.9473 0 2.54908
vn -0.979016 0 -0.203781
vn -0.979016 0 -0.203781
vn -0.979016 0 -0.203781
vt -24.4022 0.66412
vt -25.1085 0.66412
vt -25.1085 0.499207
f 3433/3433/3433 3434/3434/3434 3435/3435/3435
v 46.8759 0 2.89174
v 46.8759 0.08 2.89174
v 46.9473 0 2.54908
vn -0.979016 -0 -0.203781
vn -0.979016 -0 -0.203781
vn -0.979016 -0 -0.203781
vt -24.4022 0.499207
vt -24.4022 0.66412
vt -25.1085 0.499207
f 3436/3436/3436 3437/3437/3437 3438/3438/3438
v 27.6778 0.002657 -0.041949
v 27.6783 0.018184 0.208051
v 27.6783 0 0.208051
vn 0.999998 0 -0.00174713
vn 0.999998 0 -0.00174713
vn 0.999998 0 -0.00174713
vt 39.2873 0.504682
vt 38.7719 0.536696
vt 38.7719 0.499207
f 3439/3439/3439 3440/3440/3440 3441/3441/3441
v 27.6778 0 -0.041949
v 27.6778 0.002657 -0.041949
v 27.6783 0 0.208051
vn 0.999999 0 -0.00174713
vn 0.999999 0 -0.00174713
vn 0.999999 0 -0.00174713
vt 39.2873 0.499207
vt 39.2873 0.504682
vt 38.7719 0.499207
f 3442/3442/3442 3443/3443/3443 3444/3444/3444
v 27.6829 0.085876 3.35485
v 27.9085 0.085876 6.75854
v 27.9093 0.08 6.75766
vn 0.986742 0.14853 -0.065417
vn 0.986742 0.14853 -0.065417
vn 0.986742 0.14853 -0.065417
vt -16.0097 7.92659
vt -15.5445 0.910012
vt -15.5428 0.911832
f 3445/3445/3445 3446/3446/3446 3447/3447/3447
v 27.6838 0.08 3.35482
v 27.6829 0.085876 3.35485
v 27.9093 0.08 6.75766
vn 0.986727 0.148629 -0.0654158
vn 0.986727 0.148629 -0.0654158
vn 0.986727 0.148629 -0.0654158
vt -16.0079 7.92665
vt -16.0097 7.92659
vt -15.5428 0.911832
f 3448/3448/3448 3449/3449/3449 3450/3450/3450
v 29.5897 0.1 6.77472
v 27.8906 0.1 6.77769
v 27.8345 0.1 6.83779
vn 0 1 0
vn 0 1 0
vn 0 1 0
vt -12.0788 0.876649
vt -15.5814 0.870536
vt -15.6971 0.746647
f 3451/3451/3451 3452/3452/3452 3453/3453/3453
v 29.5898 0.1 6.83472
v 29.5897 0.1 6.77472
v 27.8345 0.1 6.83779
vn -0 1 0
vn -0 1 0
vn -0 1 0
vt -12.0786 0.752966
vt -12.0788 0.876649
vt -15.6971 0.746647
f 3454/3454/3454 3455/3455/3455 3456/3456/3456
v 27.5979 0.099117 3.35774
v 27.829 0.099117 6.84367
v 27.8345 0.1 6.83779
vn -0.148273 0.988898 0.00982984
vn -0.148273 0.988898 0.00982984
vn -0.148273 0.988898 0.00982984
vt -16.1849 7.92063
vt -15.7085 0.734514
vt -15.6971 0.746647
f 3457/3457/3457 3458/3458/3458 3459/3459/3459
v 27.6038 0.1 3.35754
v 27.5979 0.099117 3.35774
v 27.8345 0.1 6.83779
vn -0.148256 0.9889 0.00982867
vn -0.148256 0.9889 0.00982867
vn -0.148256 0.9889 0.00982867
vt -16.1728 7.92104
vt -16.1849 7.92063
vt -15.6971 0.746647
f 3460/3460/3460 3461/3461/3461 3462/3462/3462
v 27.9085 0.085876 6.75854
v 29.5897 0.085876 6.75561
v 29.5897 0.08 6.75472
vn -0.00172581 0.148621 -0.988893
vn -0.00172581 0.148621 -0.988893
vn -0.00172581 0.148621 -0.988893
vt -15.5445 0.910012
vt -12.0789 0.916058
vt -12.0789 0.917879
f 3463/3463/3463 3464/3464/3464 3465/3465/3465
v 27.9093 0.08 6.75766
v 27.9085 0.085876 6.75854
v 29.5897 0.08 6.75472
vn -0.00172613 0.14854 -0.988905
vn -0.00172613 0.14854 -0.988905
vn -0.00172613 0.14854 -0.988905
vt -15.5428 0.911832
vt -15.5445 0.910012
vt -12.0789 0.917879
f 3466/3466/3466 3467/3467/3467 3468/3468/3468
v 27.829 0.099117 6.84367
v 29.5898 0.099117 6.8406
v 29.5898 0.1 6.83472
vn 0.000259353 0.988897 0.148601
vn 0.000259353 0.988897 0.148601
vn 0.000259353 0.988897 0.148601
vt -15.7085 0.734514
vt -12.0785 0.740852
vt -12.0786 0.752966
f 3469/3469/3469 3470/3470/3470 3471/3471/3471
v 27.8345 0.1 6.83779
v 27.829 0.099117 6.84367
v 29.5898 0.1 6.83472
vn 0.000259303 0.988899 0.148592
vn 0.000259303 0.988899 0.148592
vn 0.000259303 0.988899 0.148592
vt -15.6971 0.746647
vt -15.7085 0.734514
vt -12.0786 0.752966
f 3472/3472/3472 3473/3473/3473 3474/3474/3474
v 29.5897 0.085876 6.75561
v 31.5897 0.085876 6.75212
v 31.5897 0.08 6.75123
vn -0.00172608 0.148621 -0.988893
vn -0.00172608 0.148621 -0.988893
vn -0.00172608 0.148621 -0.988893
vt -12.0789 0.916058
vt -7.95594 0.923254
vt -7.95594 0.925075
f 3475/3475/3475 3476/3476/3476 3477/3477/3477
v 29.5897 0.08 6.75472
v 29.5897 0.085876 6.75561
v 31.5897 0.08 6.75123
vn -0.00172608 0.148621 -0.988893
vn -0.00172608 0.148621 -0.988893
vn -0.00172608 0.148621 -0.988893
vt -12.0789 0.917879
vt -12.0789 0.916058
vt -7.95594 0.925075
f 3478/3478/3478 3479/3479/3479 3480/3480/3480
v 29.5898 0.099117 6.8406
v 31.5898 0.099117 6.83711
v 31.5898 0.1 6.83123
vn 0.000259379 0.988897 0.148601
vn 0.000259379 0.988897 0.148601
vn 0.000259379 0.988897 0.148601
vt -12.0785 0.740852
vt -7.95563 0.748042
vt -7.95565 0.760162
f 3481/3481/3481 3482/3482/3482 3483/3483/3483
v 29.5898 0.1 6.83472
v 29.5898 0.099117 6.8406
v 31.5898 0.1 6.83123
vn 0.000259378 0.988897 0.148601
vn 0.000259378 0.988897 0.148601
vn 0.000259378 0.988897 0.148601
vt -12.0786 0.752966
vt -12.0785 0.740852
vt -7.95565 0.760162
f 3484/3484/3484 3485/3485/3485 3486/3486/3486
v 31.5897 0.085876 6.75212
v 33.2474 0.085876 6.74922
v 33.2465 0.08 6.74834
vn -0.00172584 0.148543 -0.988904
vn -0.00172584 0.148543 -0.988904
vn -0.00172584 0.148543 -0.988904
vt -7.95594 0.923254
vt -4.53871 0.929221
vt -4.54041 0.931035
f 3487/3487/3487 3488/3488/3488 3489/3489/3489
v 31.5897 0.08 6.75123
v 31.5897 0.085876 6.75212
v 33.2465 0.08 6.74834
vn -0.00172554 0.148621 -0.988893
vn -0.00172554 0.148621 -0.988893
vn -0.00172554 0.148621 -0.988893
vt -7.95594 0.925075
vt -7.95594 0.923254
vt -4.54041 0.931035
f 3490/3490/3490 3491/3491/3491 3492/3492/3492
v 31.5898 0.099117 6.83711
v 33.3266 0.099117 6.83408
v 33.3212 0.1 6.82821
vn 0.000259333 0.988899 0.148589
vn 0.000259333 0.988899 0.148589
vn 0.000259333 0.988899 0.148589
vt -7.95563 0.748042
vt -4.37527 0.754295
vt -4.38657 0.766388
f 3493/3493/3493 3494/3494/3494 3495/3495/3495
v 31.5898 0.1 6.83123
v 31.5898 0.099117 6.83711
v 33.3212 0.1 6.82821
vn 0.000259396 0.988897 0.148601
vn 0.000259396 0.988897 0.148601
vn 0.000259396 0.988897 0.148601
vt -7.95565 0.760162
vt -7.95563 0.748042
vt -4.38657 0.766388
f 3496/3496/3496 3497/3497/3497 3498/3498/3498
v 33.2474 0.085876 6.74922
v 33.4913 0.085876 3.24879
v 33.4905 0.08 3.24791
vn -0.986497 0.148651 -0.068745
vn -0.986497 0.148651 -0.068745
vn -0.986497 0.148651 -0.068745
vt -4.53871 0.929221
vt -4.03586 8.14522
vt -4.03756 8.14704
f 3499/3499/3499 3500/3500/3500 3501/3501/3501
v 33.2465 0.08 6.74834
v 33.2474 0.085876 6.74922
v 33.4905 0.08 3.24791
vn -0.986498 0.148643 -0.0687451
vn -0.986498 0.148643 -0.0687451
vn -0.986498 0.148643 -0.0687451
vt -4.54041 0.931035
vt -4.53871 0.929221
vt -4.03756 8.14704
f 3502/3502/3502 3503/3503/3503 3504/3504/3504
v 33.3266 0.099117 6.83408
v 33.5706 0.099117 3.33365
v 33.5651 0.1 3.32778
vn 0.148236 0.988898 0.0103298
vn 0.148236 0.988898 0.0103298
vn 0.148236 0.988898 0.0103298
vt -4.37527 0.754295
vt -3.87242 7.9703
vt -3.88372 7.9824
f 3505/3505/3505 3506/3506/3506 3507/3507/3507
v 33.3212 0.1 6.82821
v 33.3266 0.099117 6.83408
v 33.5651 0.1 3.32778
vn 0.148236 0.988898 0.0103298
vn 0.148236 0.988898 0.0103298
vn 0.148236 0.988898 0.0103298
vt -4.38657 0.766388
vt -4.37527 0.754295
vt -3.88372 7.9824
f 3508/3508/3508 3509/3509/3509 3510/3510/3510
v 33.4913 0.085876 3.24879
v 35.5836 0.085876 3.24514
v 35.5836 0.08 3.24426
vn -0.00172601 0.14862 -0.988893
vn -0.00172601 0.14862 -0.988893
vn -0.00172601 0.14862 -0.988893
vt -4.03586 8.14522
vt 0.277302 8.15275
vt 0.277299 8.15457
f 3511/3511/3511 3512/3512/3512 3513/3513/3513
v 33.4905 0.08 3.24791
v 33.4913 0.085876 3.24879
v 35.5836 0.08 3.24426
vn -0.00172588 0.148661 -0.988887
vn -0.00172588 0.148661 -0.988887
vn -0.00172588 0.148661 -0.988887
vt -4.03756 8.14704
vt -4.03586 8.14522
vt 0.277299 8.15457
f 3514/3514/3514 3515/3515/3515 3516/3516/3516
v 33.5706 0.099117 3.33365
v 35.5837 0.099117 3.33013
v 35.5837 0.1 3.32426
vn 0.000259401 0.988896 0.148607
vn 0.000259401 0.988896 0.148607
vn 0.000259401 0.988896 0.148607
vt -3.87242 7.9703
vt 0.277608 7.97754
vt 0.277588 7.98966
f 3517/3517/3517 3518/3518/3518 3519/3519/3519
v 33.5651 0.1 3.32778
v 33.5706 0.099117 3.33365
v 35.5837 0.1 3.32426
vn 0.000259317 0.988899 0.148589
vn 0.000259317 0.988899 0.148589
vn 0.000259317 0.988899 0.148589
vt -3.88372 7.9824
vt -3.87242 7.9703
vt 0.277588 7.98966
f 3520/3520/3520 3521/3521/3521 3522/3522/3522
v 35.5836 0.085876 3.24514
v 37.5836 0.085876 3.24165
v 37.5836 0.08 3.24077
vn -0.00172612 0.148463 -0.988916
vn -0.00172612 0.148463 -0.988916
vn -0.00172612 0.148463 -0.988916
vt 0.277302 8.15275
vt 4.40022 8.15995
vt 4.40022 8.16177
f 3523/3523/3523 3524/3524/3524 3525/3525/3525
v 35.5836 0.08 3.24426
v 35.5836 0.085876 3.24514
v 37.5836 0.08 3.24077
vn -0.00172561 0.14862 -0.988893
vn -0.00172561 0.14862 -0.988893
vn -0.00172561 0.14862 -0.988893
vt 0.277299 8.15457
vt 0.277302 8.15275
vt 4.40022 8.16177
f 3526/3526/3526 3527/3527/3527 3528/3528/3528
v 35.5837 0.099117 3.33013
v 37.5837 0.099117 3.32664
v 37.5837 0.1 3.32077
vn 0.000259267 0.988901 0.148578
vn 0.000259267 0.988901 0.148578
vn 0.000259267 0.988901 0.148578
vt 0.277608 7.97754
vt 4.40053 7.98474
vt 4.40051 7.99685
f 3529/3529/3529 3530/3530/3530 3531/3531/3531
v 35.5837 0.1 3.32426
v 35.5837 0.099117 3.33013
v 37.5837 0.1 3.32077
vn 0.000259406 0.988896 0.148607
vn 0.000259406 0.988896 0.148607
vn 0.000259406 0.988896 0.148607
vt 0.277588 7.98966
vt 0.277608 7.97754
vt 4.40051 7.99685
f 3532/3532/3532 3533/3533/3533 3534/3534/3534
v 37.5836 0.085876 3.24165
v 39.5836 0.085876 3.23816
v 39.5836 0.08 3.23728
vn -0.00172573 0.148582 -0.988899
vn -0.00172573 0.148582 -0.988899
vn -0.00172573 0.148582 -0.988899
vt 4.40022 8.15995
vt 8.52314 8.16714
vt 8.52314 8.16896
f 3535/3535/3535 3536/3536/3536 3537/3537/3537
v 37.5836 0.08 3.24077
v 37.5836 0.085876 3.24165
v 39.5836 0.08 3.23728
vn -0.00172612 0.148463 -0.988916
vn -0.00172612 0.148463 -0.988916
vn -0.00172612 0.148463 -0.988916
vt 4.40022 8.16177
vt 4.40022 8.15995
vt 8.52314 8.16896
f 3538/3538/3538 3539/3539/3539 3540/3540/3540
v 37.5837 0.099117 3.32664
v 39.5837 0.099117 3.32315
v 39.5837 0.1 3.31728
vn 0.000259379 0.988897 0.148602
vn 0.000259379 0.988897 0.148602
vn 0.000259379 0.988897 0.148602
vt 4.40053 7.98474
vt 8.52345 7.99193
vt 8.52342 8.00404
f 3541/3541/3541 3542/3542/3542 3543/3543/3543
v 37.5837 0.1 3.32077
v 37.5837 0.099117 3.32664
v 39.5837 0.1 3.31728
vn 0.000259267 0.988901 0.148578
vn 0.000259267 0.988901 0.148578
vn 0.000259267 0.988901 0.148578
vt 4.40051 7.99685
vt 4.40053 7.98474
vt 8.52342 8.00404
f 3544/3544/3544 3545/3545/3545 3546/3546/3546
v 39.5836 0.085876 3.23816
v 41.5836 0.085876 3.23467
v 41.5836 0.08 3.23379
vn -0.00172609 0.148582 -0.988899
vn -0.00172609 0.148582 -0.988899
vn -0.00172609 0.148582 -0.988899
vt 8.52314 8.16714
vt 12.6461 8.17434
vt 12.6461 8.17616
f 3547/3547/3547 3548/3548/3548 3549/3549/3549
v 39.5836 0.08 3.23728
v 39.5836 0.085876 3.23816
v 41.5836 0.08 3.23379
vn -0.00172609 0.148582 -0.988899
vn -0.00172609 0.148582 -0.988899
vn -0.00172609 0.148582 -0.988899
vt 8.52314 8.16896
vt 8.52314 8.16714
vt 12.6461 8.17616
f 3550/3550/3550 3551/3551/3551 3552/3552/3552
v 39.5837 0.099117 3.32315
v 41.5837 0.099117 3.31966
v 41.5837 0.1 3.31379
vn 0.000259378 0.988897 0.148601
vn 0.000259378 0.988897 0.148601
vn 0.000259378 0.988897 0.148601
vt 8.52345 7.99193
vt 12.6464 7.99913
vt 12.6463 8.01124
f 3553/3553/3553 3554/3554/3554 3555/3555/3555
v 39.5837 0.1 3.31728
v 39.5837 0.099117 3.32315
v 41.5837 0.1 3.31379
vn 0.000259379 0.988897 0.148602
vn 0.000259379 0.988897 0.148602
vn 0.000259379 0.988897 0.148602
vt 8.52342 8.00404
vt 8.52345 7.99193
vt 12.6463 8.01124
f 3556/3556/3556 3557/3557/3557 3558/3558/3558
v 41.5836 0.085876 3.23467
v 43.5836 0.085876 3.23118
v 43.5836 0.08 3.23029
vn -0.00172608 0.14862 -0.988893
vn -0.00172608 0.14862 -0.988893
vn -0.00172608 0.14862 -0.988893
vt 12.6461 8.17434
vt 16.769 8.18154
vt 16.769 8.18336
f 3559/3559/3559 3560/3560/3560 3561/3561/3561
v 41.5836 0.08 3.23379
v 41.5836 0.085876 3.23467
v 43.5836 0.08 3.23029
vn -0.0017262 0.148582 -0.988899
vn -0.0017262 0.148582 -0.988899
vn -0.0017262 0.148582 -0.988899
vt 12.6461 8.17616
vt 12.6461 8.17434
vt 16.769 8.18336
f 3562/3562/3562 3563/3563/3563 3564/3564/3564
v 41.5837 0.099117 3.31966
v 43.5837 0.099117 3.31617
v 43.5837 0.1 3.3103
vn 0.000259295 0.9889 0.148584
vn 0.000259295 0.9889 0.148584
vn 0.000259295 0.9889 0.148584
vt 12.6464 7.99913
vt 16.7693 8.00632
vt 16.7693 8.01844
f 3565/3565/3565 3566/3566/3566 3567/3567/3567
v 41.5837 0.1 3.31379
v 41.5837 0.099117 3.31966
v 43.5837 0.1 3.3103
vn 0.000259379 0.988897 0.148601
vn 0.000259379 0.988897 0.148601
vn 0.000259379 0.988897 0.148601
vt 12.6463 8.01124
vt 12.6464 7.99913
vt 16.7693 8.01844
f 3568/3568/3568 3569/3569/3569 3570/3570/3570
v 43.5836 0.085876 3.23118
v 45.5836 0.085876 3.22769
v 45.5836 0.08 3.2268
vn -0.00172561 0.14862 -0.988893
vn -0.00172561 0.14862 -0.988893
vn -0.00172561 0.14862 -0.988893
vt 16.769 8.18154
vt 20.8919 8.18873
vt 20.8919 8.19055
f 3571/3571/3571 3572/3572/3572 3573/3573/3573
v 43.5836 0.08 3.23029
v 43.5836 0.085876 3.23118
v 45.5836 0.08 3.2268
vn -0.00172561 0.14862 -0.988893
vn -0.00172561 0.14862 -0.988893
vn -0.00172561 0.14862 -0.988893
vt 16.769 8.18336
vt 16.769 8.18154
vt 20.8919 8.19055
f 3574/3574/3574 3575/3575/3575 3576/3576/3576
v 43.5837 0.099117 3.31617
v 45.5837 0.099117 3.31268
v 45.5837 0.1 3.3068
vn 0.000259379 0.988897 0.148601
vn 0.000259379 0.988897 0.148601
vn 0.000259379 0.988897 0.148601
vt 16.7693 8.00632
vt 20.8922 8.01352
vt 20.8922 8.02563
f 3577/3577/3577 3578/3578/3578 3579/3579/3579
v 43.5837 0.1 3.3103
v 43.5837 0.099117 3.31617
v 45.5837 0.1 3.3068
vn 0.000259295 0.9889 0.148584
vn 0.000259295 0.9889 0.148584
vn 0.000259295 0.9889 0.148584
vt 16.7693 8.01844
vt 16.7693 8.00632
vt 20.8922 8.02563
f 3580/3580/3580 3581/3581/3581 3582/3582/3582
v 45.5836 0.085876 3.22769
v 46.8257 0.085876 3.13753
v 46.825 0.08 3.13649
vn -0.071172 0.182705 -0.980588
vn -0.071172 0.182705 -0.980588
vn -0.071172 0.182705 -0.980588
vt 20.8919 8.18873
vt 23.4525 8.37458
vt 23.4511 8.37673
f 3583/3583/3583 3584/3584/3584 3585/3585/3585
v 45.5836 0.08 3.2268
v 45.5836 0.085876 3.22769
v 46.825 0.08 3.13649
vn -0.0717581 0.148237 -0.986345
vn -0.0717581 0.148237 -0.986345
vn -0.0717581 0.148237 -0.986345
vt 20.8919 8.19055
vt 20.8919 8.18873
vt 23.4511 8.37673
f 3586/3586/3586 3587/3587/3587 3588/3588/3588
v 45.5837 0.099117 3.31268
v 46.8916 0.099117 3.23806
v 46.887 0.1 3.23111
vn 0.00693406 0.992563 0.121538
vn 0.00693406 0.992563 0.121538
vn 0.00693406 0.992563 0.121538
vt 20.8922 8.01352
vt 23.5883 8.16734
vt 23.5789 8.18167
f 3589/3589/3589 3590/3590/3590 3591/3591/3591
v 45.5837 0.1 3.3068
v 45.5837 0.099117 3.31268
v 46.887 0.1 3.23111
vn 0.008629 0.988863 0.14858
vn 0.008629 0.988863 0.14858
vn 0.008629 0.988863 0.14858
vt 20.8922 8.02563
vt 20.8922 8.01352
vt 23.5789 8.18167
f 3592/3592/3592 3593/3593/3593 3594/3594/3594
v 46.8257 0.085876 3.13753
v 46.8768 0.085876 2.89192
v 46.8759 0.08 2.89174
vn -0.968202 0.148227 -0.201527
vn -0.968202 0.148227 -0.201527
vn -0.968202 0.148227 -0.201527
vt 23.4525 8.37458
vt 23.5579 8.88092
vt 23.5561 8.88128
f 3595/3595/3595 3596/3596/3596 3597/3597/3597
v 46.825 0.08 3.13649
v 46.8257 0.085876 3.13753
v 46.8759 0.08 2.89174
vn -0.96809 0.148966 -0.201522
vn -0.96809 0.148966 -0.201522
vn -0.96809 0.148966 -0.201522
vt 23.4511 8.37673
vt 23.4525 8.37458
vt 23.5561 8.88128
f 3598/3598/3598 3599/3599/3599 3600/3600/3600
v 46.8916 0.099117 3.23806
v 46.96 0.099117 2.90924
v 46.9543 0.1 2.90804
vn 0.145486 0.988897 0.0302818
vn 0.145486 0.988897 0.0302818
vn 0.145486 0.988897 0.0302818
vt 23.5883 8.16734
vt 23.7294 8.84521
vt 23.7175 8.84768
f 3601/3601/3601 3602/3602/3602 3603/3603/3603
v 46.887 0.1 3.23111
v 46.8916 0.099117 3.23806
v 46.9543 0.1 2.90804
vn 0.145402 0.98891 0.030266
vn 0.145402 0.98891 0.030266
vn 0.145402 0.98891 0.030266
vt 23.5789 8.18167
vt 23.5883 8.16734
vt 23.7175 8.84768
f 3604/3604/3604 3605/3605/3605 3606/3606/3606
v 46.8768 0.085876 2.89192
v 46.9481 0.085876 2.54926
v 46.9473 0.08 2.54908
vn -0.968202 0.148227 -0.20153
vn -0.968202 0.148227 -0.20153
vn -0.968202 0.148227 -0.20153
vt 23.5579 8.88092
vt 23.7049 9.58729
vt 23.7031 9.58765
f 3607/3607/3607 3608/3608/3608 3609/3609/3609
v 46.8759 0.08 2.89174
v 46.8768 0.085876 2.89192
v 46.9473 0.08 2.54908
vn -0.968202 0.148227 -0.20153
vn -0.968202 0.148227 -0.20153
vn -0.968202 0.148227 -0.20153
vt 23.5561 8.88128
vt 23.5579 8.88092
vt 23.7031 9.58765
f 3610/3610/3610 3611/3611/3611 3612/3612/3612
v 46.96 0.099117 2.90924
v 47.0313 0.099117 2.56658
v 47.0256 0.1 2.56538
vn 0.145485 0.988897 0.0302826
vn 0.145485 0.988897 0.0302826
vn 0.145485 0.988897 0.0302826
vt 23.7294 8.84521
vt 23.8764 9.55158
vt 23.8646 9.55405
f 3613/3613/3613 3614/3614/3614 3615/3615/3615
v 46.9543 0.1 2.90804
v 46.96 0.099117 2.90924
v 47.0256 0.1 2.56538
vn 0.145485 0.988897 0.0302826
vn 0.145485 0.988897 0.0302826
vn 0.145485 0.988897 0.0302826
vt 23.7175 8.84768
vt 23.7294 8.84521
vt 23.8646 9.55405
f 3616/3616/3616 3617/3617/3617 3618/3618/3618
v 46.9481 0.085876 2.54926
v 47.0195 0.085876 2.2066
v 47.0186 0.08 2.20642
vn -0.968202 0.148227 -0.20153
vn -0.968202 0.148227 -0.20153
vn -0.968202 0.148227 -0.20153
vt 23.7049 9.58729
vt 23.8519 10.2937
vt 23.8501 10.294
f 3619/3619/3619 3620/3620/3620 3621/3621/3621
v 46.9473 0.08 2.54908
v 46.9481 0.085876 2.54926
v 47.0186 0.08 2.20642
vn -0.968202 0.148227 -0.20153
vn -0.968202 0.148227 -0.20153
vn -0.968202 0.148227 -0.20153
vt 23.7031 9.58765
vt 23.7049 9.58729
vt 23.8501 10.294
f 3622/3622/3622 3623/3623/3623 3624/3624/3624
v 47.0313 0.099117 2.56658
v 47.1027 0.099117 2.22392
v 47.0969 0.1 2.22273
vn 0.145491 0.988896 0.0302838
vn 0.145491 0.988896 0.0302838
vn 0.145491 0.988896 0.0302838
vt 23.8764 9.55158
vt 24.0235 10.2579
vt 24.0116 10.2604
f 3625/3625/3625 3626/3626/3626 3627/3627/3627
v 47.0256 0.1 2.56538
v 47.0313 0.099117 2.56658
v 47.0969 0.1 2.22273
vn 0.145485 0.988897 0.0302827
vn 0.145485 0.988897 0.0302827
vn 0.145485 0.988897 0.0302827
vt 23.8646 9.55405
vt 23.8764 9.55158
vt 24.0116 10.2604
f 3628/3628/3628 3629/3629/3629 3630/3630/3630
v 47.0195 0.085876 2.2066
v 47.0908 0.085876 1.86395
v 47.0899 0.08 1.86377
vn -0.968202 0.148227 -0.20153
vn -0.968202 0.148227 -0.20153
vn -0.968202 0.148227 -0.20153
vt 23.8519 10.2937
vt 23.999 11
vt 23.9972 11.0004
f 3631/3631/3631 3632/3632/3632 3633/3633/3633
v 47.0186 0.08 2.20642
v 47.0195 0.085876 2.2066
v 47.0899 0.08 1.86377
vn -0.968202 0.148227 -0.20153
vn -0.968202 0.148227 -0.20153
vn -0.968202 0.148227 -0.20153
vt 23.8501 10.294
vt 23.8519 10.2937
vt 23.9972 11.0004
f 3634/3634/3634 3635/3635/3635 3636/3636/3636
v 47.1027 0.099117 2.22392
v 47.174 0.099117 1.88127
v 47.1682 0.1 1.88007
vn 0.145486 0.988897 0.0302828
vn 0.145486 0.988897 0.0302828
vn 0.145486 0.988897 0.0302828
vt 24.0235 10.2579
vt 24.1705 10.9643
vt 24.1586 10.9668
f 3637/3637/3637 3638/3638/3638 3639/3639/3639
v 47.0969 0.1 2.22273
v 47.1027 0.099117 2.22392
v 47.1682 0.1 1.88007
vn 0.145491 0.988896 0.0302838
vn 0.145491 0.988896 0.0302838
vn 0.145491 0.988896 0.0302838
vt 24.0116 10.2604
vt 24.0235 10.2579
vt 24.1586 10.9668
f 3640/3640/3640 3641/3641/3641 3642/3642/3642
v 47.0908 0.085876 1.86395
v 47.1621 0.085876 1.52129
v 47.1612 0.08 1.52111
vn -0.968109 0.148842 -0.201522
vn -0.968109 0.148842 -0.201522
vn -0.968109 0.148842 -0.201522
vt 23.999 11
vt 24.146 11.7064
vt 24.1442 11.7068
f 3643/3643/3643 3644/3644/3644 3645/3645/3645
v 47.0899 0.08 1.86377
v 47.0908 0.085876 1.86395
v 47.1612 0.08 1.52111
vn -0.968201 0.148227 -0.20153
vn -0.968201 0.148227 -0.20153
vn -0.968201 0.148227 -0.20153
vt 23.9972 11.0004
vt 23.999 11
vt 24.1442 11.7068
f 3646/3646/3646 3647/3647/3647 3648/3648/3648
v 47.174 0.099117 1.88127
v 47.2453 0.099117 1.53861
v 47.2396 0.1 1.53742
vn 0.145486 0.988897 0.0302843
vn 0.145486 0.988897 0.0302843
vn 0.145486 0.988897 0.0302843
vt 24.1705 10.9643
vt 24.3175 11.6707
vt 24.3057 11.6732
f 3649/3649/3649 3650/3650/3650 3651/3651/3651
v 47.1682 0.1 1.88007
v 47.174 0.099117 1.88127
v 47.2396 0.1 1.53742
vn 0.145486 0.988897 0.0302843
vn 0.145486 0.988897 0.0302843
vn 0.145486 0.988897 0.0302843
vt 24.1586 10.9668
vt 24.1705 10.9643
vt 24.3057 11.6732
f 3652/3652/3652 3653/3653/3653 3654/3654/3654
v 47.1621 0.085876 1.52129
v 47.2334 0.085876 1.17864
v 47.2326 0.08 1.17846
vn -0.968111 0.148842 -0.201511
vn -0.968111 0.148842 -0.201511
vn -0.968111 0.148842 -0.201511
vt 24.146 11.7064
vt 24.293 12.4128
vt 24.2912 12.4131
f 3655/3655/3655 3656/3656/3656 3657/3657/3657
v 47.1612 0.08 1.52111
v 47.1621 0.085876 1.52129
v 47.2326 0.08 1.17846
vn -0.968111 0.148842 -0.201511
vn -0.968111 0.148842 -0.201511
vn -0.968111 0.148842 -0.201511
vt 24.1442 11.7068
vt 24.146 11.7064
vt 24.2912 12.4131
f 3658/3658/3658 3659/3659/3659 3660/3660/3660
v 47.2453 0.099117 1.53861
v 47.3166 0.099117 1.19596
v 47.3109 0.1 1.19476
vn 0.145491 0.988896 0.0302837
vn 0.145491 0.988896 0.0302837
vn 0.145491 0.988896 0.0302837
vt 24.3175 11.6707
vt 24.4646 12.3771
vt 24.4527 12.3795
f 3661/3661/3661 3662/3662/3662 3663/3663/3663
v 47.2396 0.1 1.53742
v 47.2453 0.099117 1.53861
v 47.3109 0.1 1.19476
vn 0.145486 0.988897 0.0302828
vn 0.145486 0.988897 0.0302828
vn 0.145486 0.988897 0.0302828
vt 24.3057 11.6732
vt 24.3175 11.6707
vt 24.4527 12.3795
f 3664/3664/3664 3665/3665/3665 3666/3666/3666
v 47.2334 0.085876 1.17864
v 47.3047 0.085876 0.835981
v 47.3039 0.08 0.835801
vn -0.968111 0.148842 -0.201511
vn -0.968111 0.148842 -0.201511
vn -0.968111 0.148842 -0.201511
vt 24.293 12.4128
vt 24.44 13.1191
vt 24.4383 13.1195
f 3667/3667/3667 3668/3668/3668 3669/3669/3669
v 47.2326 0.08 1.17846
v 47.2334 0.085876 1.17864
v 47.3039 0.08 0.835801
vn -0.968111 0.148842 -0.201511
vn -0.968111 0.148842 -0.201511
vn -0.968111 0.148842 -0.201511
vt 24.2912 12.4131
vt 24.293 12.4128
vt 24.4383 13.1195
f 3670/3670/3670 3671/3671/3671 3672/3672/3672
v 47.3166 0.099117 1.19596
v 47.388 0.099117 0.853301
v 47.3822 0.1 0.852104
vn 0.145491 0.988896 0.0302837
vn 0.145491 0.988896 0.0302837
vn 0.145491 0.988896 0.0302837
vt 24.4646 12.3771
vt 24.6116 13.0834
vt 24.5997 13.0859
f 3673/3673/3673 3674/3674/3674 3675/3675/3675
v 47.3109 0.1 1.19476
v 47.3166 0.099117 1.19596
v 47.3822 0.1 0.852104
vn 0.145491 0.988896 0.0302837
vn 0.145491 0.988896 0.0302837
vn 0.145491 0.988896 0.0302837
vt 24.4527 12.3795
vt 24.4646 12.3771
vt 24.5997 13.0859
f 3676/3676/3676 3677/3677/3677 3678/3678/3678
v 47.3047 0.085876 0.835981
v 47.3761 0.085876 0.493326
v 47.3752 0.08 0.493146
vn -0.968111 0.148842 -0.201512
vn -0.968111 0.148842 -0.201512
vn -0.968111 0.148842 -0.201512
vt 24.44 13.1191
vt 24.5871 13.8255
vt 24.5853 13.8259
f 3679/3679/3679 3680/3680/3680 3681/3681/3681
v 47.3039 0.08 0.835801
v 47.3047 0.085876 0.835981
v 47.3752 0.08 0.493146
vn -0.968111 0.148842 -0.201512
vn -0.968111 0.148842 -0.201512
vn -0.968111 0.148842 -0.201512
vt 24.4383 13.1195
vt 24.44 13.1191
vt 24.5853 13.8259
f 3682/3682/3682 3683/3683/3683 3684/3684/3684
v 47.388 0.099117 0.853301
v 47.4593 0.099117 0.510646
v 47.4535 0.1 0.509448
vn 0.145486 0.988897 0.0302827
vn 0.145486 0.988897 0.0302827
vn 0.145486 0.988897 0.0302827
vt 24.6116 13.0834
vt 24.7586 13.7898
vt 24.7468 13.7923
f 3685/3685/3685 3686/3686/3686 3687/3687/3687
v 47.3822 0.1 0.852104
v 47.388 0.099117 0.853301
v 47.4535 0.1 0.509448
vn 0.145491 0.988896 0.0302837
vn 0.145491 0.988896 0.0302837
vn 0.145491 0.988896 0.0302837
vt 24.5997 13.0859
vt 24.6116 13.0834
vt 24.7468 13.7923
f 3688/3688/3688 3689/3689/3689 3690/3690/3690
v 47.3761 0.085876 0.493326
v 47.4474 0.037915 0.15067
v 47.4465 0.032039 0.15049
vn -0.963863 0.148199 -0.22137
vn -0.963863 0.148199 -0.22137
vn -0.963863 0.148199 -0.22137
vt 24.5871 13.8255
vt 24.7341 14.5319
vt 24.7323 14.5323
f 3691/3691/3691 3692/3692/3692 3693/3693/3693
v 47.3752 0.08 0.493146
v 47.3761 0.085876 0.493326
v 47.4465 0.032039 0.15049
vn -0.963752 0.14881 -0.221443
vn -0.963752 0.14881 -0.221443
vn -0.963752 0.14881 -0.221443
vt 24.5853 13.8259
vt 24.5871 13.8255
vt 24.7323 14.5323
f 3694/3694/3694 3695/3695/3695 3696/3696/3696
v 47.4593 0.099117 0.510646
v 47.5306 0.051156 0.16799
v 47.5249 0.052039 0.166793
vn 0.171529 0.979941 -0.101457
vn 0.171529 0.979941 -0.101457
vn 0.171529 0.979941 -0.101457
vt 24.7586 13.7898
vt 24.9056 14.4962
vt 24.8938 14.4986
f 3697/3697/3697 3698/3698/3698 3699/3699/3699
v 47.4535 0.1 0.509448
v 47.4593 0.099117 0.510646
v 47.5249 0.052039 0.166793
vn 0.171545 0.979938 -0.101454
vn 0.171545 0.979938 -0.101454
vn 0.171545 0.979938 -0.101454
vt 24.7468 13.7923
vt 24.7586 13.7898
vt 24.8938 14.4986
f 3700/3700/3700 3701/3701/3701 3702/3702/3702
v 47.4474 0.037915 0.15067
v 47.5102 -0.001176 -0.151266
v 47.5094 -0.006842 -0.151446
vn -0.96325 0.153567 -0.22038
vn -0.96325 0.153567 -0.22038
vn -0.96325 0.153567 -0.22038
vt 24.7341 14.5319
vt 24.8637 15.1543
vt 24.8619 15.1547
f 3703/3703/3703 3704/3704/3704 3705/3705/3705
v 47.4465 0.032039 0.15049
v 47.4474 0.037915 0.15067
v 47.5094 -0.006842 -0.151446
vn -0.964225 0.148203 -0.219785
vn -0.964225 0.148203 -0.219785
vn -0.964225 0.148203 -0.219785
vt 24.7323 14.5323
vt 24.7341 14.5319
vt 24.8619 15.1547
f 3706/3706/3706 3707/3707/3707 3708/3708/3708
v 47.5306 0.051156 0.16799
v 47.5934 0.012065 -0.133861
v 47.5877 0.012947 -0.135064
vn 0.169634 0.981226 -0.0917627
vn 0.169634 0.981226 -0.0917627
vn 0.169634 0.981226 -0.0917627
vt 24.9056 14.4962
vt 25.0352 15.1184
vt 25.0233 15.1209
f 3709/3709/3709 3710/3710/3710 3711/3711/3711
v 47.5249 0.052039 0.166793
v 47.5306 0.051156 0.16799
v 47.5877 0.012947 -0.135064
vn 0.169705 0.981215 -0.0917481
vn 0.169705 0.981215 -0.0917481
vn 0.169705 0.981215 -0.0917481
vt 24.8938 14.4986
vt 24.9056 14.4962
vt 25.0233 15.1209
f 3712/3712/3712 3713/3713/3713 3714/3714/3714
v 27.6769 0.006305 -0.041946
v 27.6774 0.02406 0.208052
v 27.6783 0.018184 0.208051
vn 0.988819 0.148612 -0.0122821
vn 0.988819 0.148612 -0.0122821
vn 0.988819 0.148612 -0.0122821
vt -16.0219 14.929
vt -16.021 14.4136
vt -16.0192 14.4136
f 3715/3715/3715 3716/3716/3716 3717/3717/3717
v 27.6778 0.002657 -0.041949
v 27.6769 0.006305 -0.041946
v 27.6783 0.018184 0.208051
vn 0.971795 0.235264 -0.0163096
vn 0.971795 0.235264 -0.0163096
vn 0.971795 0.235264 -0.0163096
vt -16.0201 14.929
vt -16.0219 14.929
vt -16.0192 14.4136
f 3718/3718/3718 3719/3719/3719 3720/3720/3720
v 27.592 0.011005 -0.041712
v 27.5924 0.037301 0.208201
v 27.5983 0.038184 0.20819
vn -0.147985 0.983587 -0.103235
vn -0.147985 0.983587 -0.103235
vn -0.147985 0.983587 -0.103235
vt -16.1971 14.9285
vt -16.1962 14.4133
vt -16.1841 14.4133
f 3721/3721/3721 3722/3722/3722 3723/3723/3723
v 27.5978 0.011149 -0.041728
v 27.592 0.011005 -0.041712
v 27.5983 0.038184 0.20819
vn -0.0246474 0.993902 -0.107473
vn -0.0246474 0.993902 -0.107473
vn -0.0246474 0.993902 -0.107473
vt -16.185 14.9285
vt -16.1971 14.9285
vt -16.1841 14.4133
f 3724/3724/3724 3725/3725/3725 3726/3726/3726
v 27.6774 0.02406 0.208052
v 27.678 0.046553 0.558052
v 27.6789 0.040676 0.55805
vn 0.988835 0.14859 -0.0112737
vn 0.988835 0.14859 -0.0112737
vn 0.988835 0.14859 -0.0112737
vt -16.021 14.4136
vt -16.0198 13.6921
vt -16.0179 13.6921
f 3727/3727/3727 3728/3728/3728 3729/3729/3729
v 27.6783 0.018184 0.208051
v 27.6774 0.02406 0.208052
v 27.6789 0.040676 0.55805
vn 0.988831 0.148613 -0.0112747
vn 0.988831 0.148613 -0.0112747
vn 0.988831 0.148613 -0.0112747
vt -16.0192 14.4136
vt -16.021 14.4136
vt -16.0179 13.6921
f 3730/3730/3730 3731/3731/3731 3732/3732/3732
v 27.5924 0.037301 0.208201
v 27.593 0.059794 0.5582
v 27.5989 0.060676 0.55819
vn -0.148235 0.986933 -0.0631676
vn -0.148235 0.986933 -0.0631676
vn -0.148235 0.986933 -0.0631676
vt -16.1962 14.4133
vt -16.195 13.6918
vt -16.1829 13.6918
f 3733/3733/3733 3734/3734/3734 3735/3735/3735
v 27.5983 0.038184 0.20819
v 27.5924 0.037301 0.208201
v 27.5989 0.060676 0.55819
vn -0.148409 0.986907 -0.0631627
vn -0.148409 0.986907 -0.0631627
vn -0.148409 0.986907 -0.0631627
vt -16.1841 14.4133
vt -16.1962 14.4133
vt -16.1829 13.6918
f 3736/3736/3736 3737/3737/3737 3738/3738/3738
v 27.678 0.046553 0.558052
v 27.6786 0.067973 0.908051
v 27.6795 0.062097 0.90805
vn 0.988836 0.148614 -0.0108196
vn 0.988836 0.148614 -0.0108196
vn 0.988836 0.148614 -0.0108196
vt -16.0198 13.6921
vt -16.0185 12.9706
vt -16.0167 12.9706
f 3739/3739/3739 3740/3740/3740 3741/3741/3741
v 27.6789 0.040676 0.55805
v 27.678 0.046553 0.558052
v 27.6795 0.062097 0.90805
vn 0.98884 0.148591 -0.0108186
vn 0.98884 0.148591 -0.0108186
vn 0.98884 0.148591 -0.0108186
vt -16.0179 13.6921
vt -16.0198 13.6921
vt -16.0167 12.9706
f 3742/3742/3742 3743/3743/3743 3744/3744/3744
v 27.593 0.059794 0.5582
v 27.5936 0.081214 0.9082
v 27.5995 0.082097 0.908189
vn -0.148431 0.987092 -0.0601512
vn -0.148431 0.987092 -0.0601512
vn -0.148431 0.987092 -0.0601512
vt -16.195 13.6918
vt -16.1937 12.9703
vt -16.1816 12.9703
f 3745/3745/3745 3746/3746/3746 3747/3747/3747
v 27.5989 0.060676 0.55819
v 27.593 0.059794 0.5582
v 27.5995 0.082097 0.908189
vn -0.148257 0.987118 -0.060156
vn -0.148257 0.987118 -0.060156
vn -0.148257 0.987118 -0.060156
vt -16.1829 13.6918
vt -16.195 13.6918
vt -16.1816 12.9703
f 3748/3748/3748 3749/3749/3749 3750/3750/3750
v 27.6786 0.067973 0.908051
v 27.6792 0.085876 1.25805
v 27.6801 0.08 1.25805
vn 0.988898 0.148303 -0.00931582
vn 0.988898 0.148303 -0.00931582
vn 0.988898 0.148303 -0.00931582
vt -16.0185 12.9706
vt -16.0172 12.2491
vt -16.0154 12.2491
f 3751/3751/3751 3752/3752/3752 3753/3753/3753
v 27.6795 0.062097 0.90805
v 27.6786 0.067973 0.908051
v 27.6801 0.08 1.25805
vn 0.988851 0.148616 -0.00932635
vn 0.988851 0.148616 -0.00932635
vn 0.988851 0.148616 -0.00932635
vt -16.0167 12.9706
vt -16.0185 12.9706
vt -16.0154 12.2491
f 3754/3754/3754 3755/3755/3755 3756/3756/3756
v 27.5936 0.081214 0.9082
v 27.5942 0.099117 1.2582
v 27.6001 0.1 1.25819
vn -0.148486 0.987637 -0.0502594
vn -0.148486 0.987637 -0.0502594
vn -0.148486 0.987637 -0.0502594
vt -16.1937 12.9703
vt -16.1924 12.2488
vt -16.1803 12.2488
f 3757/3757/3757 3758/3758/3758 3759/3759/3759
v 27.5995 0.082097 0.908189
v 27.5936 0.081214 0.9082
v 27.6001 0.1 1.25819
vn -0.148495 0.987635 -0.0502592
vn -0.148495 0.987635 -0.0502592
vn -0.148495 0.987635 -0.0502592
vt -16.1816 12.9703
vt -16.1937 12.9703
vt -16.1803 12.2488
f 3760/3760/3760 3761/3761/3761 3762/3762/3762
v 27.6792 0.085876 1.25805
v 27.6798 0.085876 1.60805
v 27.6807 0.08 1.60805
vn 0.988893 0.148621 -0.0017245
vn 0.988893 0.148621 -0.0017245
vn 0.988893 0.148621 -0.0017245
vt -16.0172 12.2491
vt -16.016 11.5276
vt -16.0142 11.5276
f 3763/3763/3763 3764/3764/3764 3765/3765/3765
v 27.6801 0.08 1.25805
v 27.6792 0.085876 1.25805
v 27.6807 0.08 1.60805
vn 0.98894 0.148307 -0.00172996
vn 0.98894 0.148307 -0.00172996
vn 0.98894 0.148307 -0.00172996
vt -16.0154 12.2491
vt -16.0172 12.2491
vt -16.0142 11.5276
f 3766/3766/3766 3767/3767/3767 3768/3768/3768
v 27.5942 0.099117 1.2582
v 27.5948 0.099117 1.6082
v 27.6007 0.1 1.60819
vn -0.14859 0.988899 0.00025912
vn -0.14859 0.988899 0.00025912
vn -0.14859 0.988899 0.00025912
vt -16.1924 12.2488
vt -16.1912 11.5272
vt -16.1791 11.5273
f 3769/3769/3769 3770/3770/3770 3771/3771/3771
v 27.6001 0.1 1.25819
v 27.5942 0.099117 1.2582
v 27.6007 0.1 1.60819
vn -0.14859 0.988899 0.000259121
vn -0.14859 0.988899 0.000259121
vn -0.14859 0.988899 0.000259121
vt -16.1803 12.2488
vt -16.1924 12.2488
vt -16.1791 11.5273
f 3772/3772/3772 3773/3773/3773 3774/3774/3774
v 27.6798 0.085876 1.60805
v 27.6804 0.085876 1.95805
v 27.6813 0.08 1.95805
vn 0.988893 0.148621 -0.00172449
vn 0.988893 0.148621 -0.00172449
vn 0.988893 0.148621 -0.00172449
vt -16.016 11.5276
vt -16.0147 10.806
vt -16.0129 10.806
f 3775/3775/3775 3776/3776/3776 3777/3777/3777
v 27.6807 0.08 1.60805
v 27.6798 0.085876 1.60805
v 27.6813 0.08 1.95805
vn 0.988893 0.148621 -0.0017245
vn 0.988893 0.148621 -0.0017245
vn 0.988893 0.148621 -0.0017245
vt -16.0142 11.5276
vt -16.016 11.5276
vt -16.0129 10.806
f 3778/3778/3778 3779/3779/3779 3780/3780/3780
v 27.5948 0.099117 1.6082
v 27.5954 0.099117 1.9582
v 27.6013 0.1 1.95819
vn -0.14859 0.988899 0.000259121
vn -0.14859 0.988899 0.000259121
vn -0.14859 0.988899 0.000259121
vt -16.1912 11.5272
vt -16.1899 10.8057
vt -16.1778 10.8058
f 3781/3781/3781 3782/3782/3782 3783/3783/3783
v 27.6007 0.1 1.60819
v 27.5948 0.099117 1.6082
v 27.6013 0.1 1.95819
vn -0.14859 0.988899 0.00025912
vn -0.14859 0.988899 0.00025912
vn -0.14859 0.988899 0.00025912
vt -16.1791 11.5273
vt -16.1912 11.5272
vt -16.1778 10.8058
f 3784/3784/3784 3785/3785/3785 3786/3786/3786
v 27.6804 0.085876 1.95805
v 27.681 0.085876 2.30805
v 27.6819 0.08 2.30805
vn 0.988893 0.148621 -0.0017245
vn 0.988893 0.148621 -0.0017245
vn 0.988893 0.148621 -0.0017245
vt -16.0147 10.806
vt -16.0135 10.0845
vt -16.0116 10.0845
f 3787/3787/3787 3788/3788/3788 3789/3789/3789
v 27.6813 0.08 1.95805
v 27.6804 0.085876 1.95805
v 27.6819 0.08 2.30805
vn 0.988893 0.148621 -0.00172449
vn 0.988893 0.148621 -0.00172449
vn 0.988893 0.148621 -0.00172449
vt -16.0129 10.806
vt -16.0147 10.806
vt -16.0116 10.0845
f 3790/3790/3790 3791/3791/3791 3792/3792/3792
v 27.5954 0.099117 1.9582
v 27.5961 0.099117 2.3082
v 27.6019 0.1 2.30819
vn -0.14859 0.988899 0.00025912
vn -0.14859 0.988899 0.00025912
vn -0.14859 0.988899 0.00025912
vt -16.1899 10.8057
vt -16.1887 10.0842
vt -16.1766 10.0842
f 3793/3793/3793 3794/3794/3794 3795/3795/3795
v 27.6013 0.1 1.95819
v 27.5954 0.099117 1.9582
v 27.6019 0.1 2.30819
vn -0.14859 0.988899 0.000259121
vn -0.14859 0.988899 0.000259121
vn -0.14859 0.988899 0.000259121
vt -16.1778 10.8058
vt -16.1899 10.8057
vt -16.1766 10.0842
f 3796/3796/3796 3797/3797/3797 3798/3798/3798
v 27.681 0.085876 2.30805
v 27.6817 0.085876 2.65805
v 27.6825 0.08 2.65805
vn 0.988893 0.148621 -0.00172988
vn 0.988893 0.148621 -0.00172988
vn 0.988893 0.148621 -0.00172988
vt -16.0135 10.0845
vt -16.0122 9.36302
vt -16.0104 9.36302
f 3799/3799/3799 3800/3800/3800 3801/3801/3801
v 27.6819 0.08 2.30805
v 27.681 0.085876 2.30805
v 27.6825 0.08 2.65805
vn 0.988893 0.148621 -0.00172989
vn 0.988893 0.148621 -0.00172989
vn 0.988893 0.148621 -0.00172989
vt -16.0116 10.0845
vt -16.0135 10.0845
vt -16.0104 9.36302
f 3802/3802/3802 3803/3803/3803 3804/3804/3804
v 27.5961 0.099117 2.3082
v 27.5967 0.099117 2.6582
v 27.6025 0.1 2.65819
vn -0.14859 0.988899 0.00025993
vn -0.14859 0.988899 0.00025993
vn -0.14859 0.988899 0.00025993
vt -16.1887 10.0842
vt -16.1874 9.36271
vt -16.1753 9.36274
f 3805/3805/3805 3806/3806/3806 3807/3807/3807
v 27.6019 0.1 2.30819
v 27.5961 0.099117 2.3082
v 27.6025 0.1 2.65819
vn -0.14859 0.988899 0.00025993
vn -0.14859 0.988899 0.00025993
vn -0.14859 0.988899 0.00025993
vt -16.1766 10.0842
vt -16.1887 10.0842
vt -16.1753 9.36274
f 3808/3808/3808 3809/3809/3809 3810/3810/3810
v 27.6817 0.085876 2.65805
v 27.6823 0.085876 3.00805
v 27.6832 0.08 3.00805
vn 0.988893 0.148621 -0.0017245
vn 0.988893 0.148621 -0.0017245
vn 0.988893 0.148621 -0.0017245
vt -16.0122 9.36302
vt -16.0109 8.64151
vt -16.0091 8.64151
f 3811/3811/3811 3812/3812/3812 3813/3813/3813
v 27.6825 0.08 2.65805
v 27.6817 0.085876 2.65805
v 27.6832 0.08 3.00805
vn 0.988893 0.148621 -0.00172449
vn 0.988893 0.148621 -0.00172449
vn 0.988893 0.148621 -0.00172449
vt -16.0104 9.36302
vt -16.0122 9.36302
vt -16.0091 8.64151
f 3814/3814/3814 3815/3815/3815 3816/3816/3816
v 27.5967 0.099117 2.6582
v 27.5973 0.099117 3.0082
v 27.6032 0.1 3.00819
vn -0.14859 0.988899 0.00025912
vn -0.14859 0.988899 0.00025912
vn -0.14859 0.988899 0.00025912
vt -16.1874 9.36271
vt -16.1862 8.6412
vt -16.174 8.64122
f 3817/3817/3817 3818/3818/3818 3819/3819/3819
v 27.6025 0.1 2.65819
v 27.5967 0.099117 2.6582
v 27.6032 0.1 3.00819
vn -0.14859 0.988899 0.00025912
vn -0.14859 0.988899 0.00025912
vn -0.14859 0.988899 0.00025912
vt -16.1753 9.36274
vt -16.1874 9.36271
vt -16.174 8.64122
f 3820/3820/3820 3821/3821/3821 3822/3822/3822
v 27.6823 0.085876 3.00805
v 27.6829 0.085876 3.35485
v 27.6838 0.08 3.35482
vn 0.988891 0.148629 -0.00172407
vn 0.988891 0.148629 -0.00172407
vn 0.988891 0.148629 -0.00172407
vt -16.0109 8.64151
vt -16.0097 7.92659
vt -16.0079 7.92665
f 3823/3823/3823 3824/3824/3824 3825/3825/3825
v 27.6832 0.08 3.00805
v 27.6823 0.085876 3.00805
v 27.6838 0.08 3.35482
vn 0.988893 0.148621 -0.00172421
vn 0.988893 0.148621 -0.00172421
vn 0.988893 0.148621 -0.00172421
vt -16.0091 8.64151
vt -16.0109 8.64151
vt -16.0079 7.92665
f 3826/3826/3826 3827/3827/3827 3828/3828/3828
v 27.5973 0.099117 3.0082
v 27.5979 0.099117 3.35774
v 27.6038 0.1 3.35754
vn -0.148581 0.9889 0.000259444
vn -0.148581 0.9889 0.000259444
vn -0.148581 0.9889 0.000259444
vt -16.1862 8.6412
vt -16.1849 7.92063
vt -16.1728 7.92104
f 3829/3829/3829 3830/3830/3830 3831/3831/3831
v 27.6032 0.1 3.00819
v 27.5973 0.099117 3.0082
v 27.6038 0.1 3.35754
vn -0.14859 0.988899 0.000259598
vn -0.14859 0.988899 0.000259598
vn -0.14859 0.988899 0.000259598
vt -16.174 8.64122
vt -16.1862 8.6412
vt -16.1728 7.92104
f 3832/3832/3832 3833/3833/3833 3834/3834/3834
v 27.68 0.091622 3.35495
v 27.9059 0.091622 6.76139
v 27.9085 0.085876 6.75854
vn 0.894439 0.443241 -0.0592974
vn 0.894439 0.443241 -0.0592974
vn 0.894439 0.443241 -0.0592974
vt -16.0155 7.92639
vt -15.55 0.904144
vt -15.5445 0.910012
f 3835/3835/3835 3836/3836/3836 3837/3837/3837
v 27.6829 0.085876 3.35485
v 27.68 0.091622 3.35495
v 27.9085 0.085876 6.75854
vn 0.894499 0.44312 -0.0593016
vn 0.894499 0.44312 -0.0593016
vn 0.894499 0.44312 -0.0593016
vt -16.0097 7.92659
vt -16.0155 7.92639
vt -15.5445 0.910012
f 3838/3838/3838 3839/3839/3839 3840/3840/3840
v 27.6754 0.096277 3.35511
v 27.9015 0.096277 6.76605
v 27.9059 0.091622 6.76139
vn 0.705684 0.706981 -0.0467839
vn 0.705684 0.706981 -0.0467839
vn 0.705684 0.706981 -0.0467839
vt -16.0251 7.92606
vt -15.559 0.894536
vt -15.55 0.904144
f 3841/3841/3841 3842/3842/3842 3843/3843/3843
v 27.68 0.091622 3.35495
v 27.6754 0.096277 3.35511
v 27.9059 0.091622 6.76139
vn 0.705619 0.707046 -0.0467795
vn 0.705619 0.707046 -0.0467795
vn 0.705619 0.707046 -0.0467795
vt -16.0155 7.92639
vt -16.0251 7.92606
vt -15.55 0.904144
f 3844/3844/3844 3845/3845/3845 3846/3846/3846
v 27.6696 0.099117 3.3553
v 27.8961 0.099117 6.7718
v 27.9015 0.096277 6.76605
vn 0.442137 0.896469 -0.0293118
vn 0.442137 0.896469 -0.0293118
vn 0.442137 0.896469 -0.0293118
vt -16.037 7.92566
vt -15.5701 0.882669
vt -15.559 0.894536
f 3847/3847/3847 3848/3848/3848 3849/3849/3849
v 27.6754 0.096277 3.35511
v 27.6696 0.099117 3.3553
v 27.9015 0.096277 6.76605
vn 0.442166 0.896454 -0.0293138
vn 0.442166 0.896454 -0.0293138
vn 0.442166 0.896454 -0.0293138
vt -16.0251 7.92606
vt -16.037 7.92566
vt -15.559 0.894536
f 3850/3850/3850 3851/3851/3851 3852/3852/3852
v 27.6638 0.1 3.3555
v 27.8906 0.1 6.77769
v 27.8961 0.099117 6.7718
vn 0.148271 0.988898 -0.00982978
vn 0.148271 0.988898 -0.00982978
vn 0.148271 0.988898 -0.00982978
vt -16.0491 7.92524
vt -15.5814 0.870536
vt -15.5701 0.882669
f 3853/3853/3853 3854/3854/3854 3855/3855/3855
v 27.6696 0.099117 3.3553
v 27.6638 0.1 3.3555
v 27.8961 0.099117 6.7718
vn 0.148256 0.9889 -0.00982875
vn 0.148256 0.9889 -0.00982875
vn 0.148256 0.9889 -0.00982875
vt -16.037 7.92566
vt -16.0491 7.92524
vt -15.5701 0.882669
f 3856/3856/3856 3857/3857/3857 3858/3858/3858
v 27.5921 0.096277 3.35794
v 27.8236 0.096277 6.84943
v 27.829 0.099117 6.84367
vn -0.442133 0.896471 0.0293114
vn -0.442133 0.896471 0.0293114
vn -0.442133 0.896471 0.0293114
vt -16.1967 7.92023
vt -15.7196 0.722646
vt -15.7085 0.734514
f 3859/3859/3859 3860/3860/3860 3861/3861/3861
v 27.5979 0.099117 3.35774
v 27.5921 0.096277 3.35794
v 27.829 0.099117 6.84367
vn -0.442167 0.896453 0.0293137
vn -0.442167 0.896453 0.0293137
vn -0.442167 0.896453 0.0293137
vt -16.1849 7.92063
vt -16.1967 7.92023
vt -15.7085 0.734514
f 3862/3862/3862 3863/3863/3863 3864/3864/3864
v 27.5875 0.091622 3.35809
v 27.8193 0.091622 6.85409
v 27.8236 0.096277 6.84943
vn -0.705684 0.706981 0.0467842
vn -0.705684 0.706981 0.0467842
vn -0.705684 0.706981 0.0467842
vt -16.2063 7.9199
vt -15.7285 0.713038
vt -15.7196 0.722646
f 3865/3865/3865 3866/3866/3866 3867/3867/3867
v 27.5921 0.096277 3.35794
v 27.5875 0.091622 3.35809
v 27.8236 0.096277 6.84943
vn -0.705475 0.70719 0.0467697
vn -0.705475 0.70719 0.0467697
vn -0.705475 0.70719 0.0467697
vt -16.1967 7.92023
vt -16.2063 7.9199
vt -15.7196 0.722646
f 3868/3868/3868 3869/3869/3869 3870/3870/3870
v 27.5846 0.085876 3.35819
v 27.8166 0.085876 6.85694
v 27.8193 0.091622 6.85409
vn -0.894439 0.443241 0.0592977
vn -0.894439 0.443241 0.0592977
vn -0.894439 0.443241 0.0592977
vt -16.2122 7.9197
vt -15.734 0.707171
vt -15.7285 0.713038
f 3871/3871/3871 3872/3872/3872 3873/3873/3873
v 27.5875 0.091622 3.35809
v 27.5846 0.085876 3.35819
v 27.8193 0.091622 6.85409
vn -0.894499 0.44312 0.0593019
vn -0.894499 0.44312 0.0593019
vn -0.894499 0.44312 0.0593019
vt -16.2063 7.9199
vt -16.2122 7.9197
vt -15.7285 0.713038
f 3874/3874/3874 3875/3875/3875 3876/3876/3876
v 27.5838 0.08 3.35822
v 27.8158 0.08 6.85782
v 27.8166 0.085876 6.85694
vn -0.986742 0.14853 0.0654171
vn -0.986742 0.14853 0.0654171
vn -0.986742 0.14853 0.0654171
vt -16.214 7.91964
vt -15.7357 0.70535
vt -15.734 0.707171
f 3877/3877/3877 3878/3878/3878 3879/3879/3879
v 27.5846 0.085876 3.35819
v 27.5838 0.08 3.35822
v 27.8166 0.085876 6.85694
vn -0.986727 0.148629 0.065416
vn -0.986727 0.148629 0.065416
vn -0.986727 0.148629 0.065416
vt -16.2122 7.9197
vt -16.214 7.91964
vt -15.734 0.707171
f 3880/3880/3880 3881/3881/3881 3882/3882/3882
v 27.9059 0.091622 6.76139
v 29.5897 0.091622 6.75845
v 29.5897 0.085876 6.75561
vn -0.00156459 0.443096 -0.896473
vn -0.00156459 0.443096 -0.896473
vn -0.00156459 0.443096 -0.896473
vt -15.55 0.904144
vt -12.0788 0.910204
vt -12.0789 0.916058
f 3883/3883/3883 3884/3884/3884 3885/3885/3885
v 27.9085 0.085876 6.75854
v 27.9059 0.091622 6.76139
v 29.5897 0.085876 6.75561
vn -0.00156451 0.443111 -0.896465
vn -0.00156451 0.443111 -0.896465
vn -0.00156451 0.443111 -0.896465
vt -15.5445 0.910012
vt -15.55 0.904144
vt -12.0789 0.916058
f 3886/3886/3886 3887/3887/3887 3888/3888/3888
v 27.9015 0.096277 6.76605
v 29.5897 0.096277 6.7631
v 29.5897 0.091622 6.75845
vn -0.00123391 0.707099 -0.707113
vn -0.00123391 0.707099 -0.707113
vn -0.00123391 0.707099 -0.707113
vt -15.559 0.894536
vt -12.0788 0.900609
vt -12.0788 0.910204
f 3889/3889/3889 3890/3890/3890 3891/3891/3891
v 27.9059 0.091622 6.76139
v 27.9015 0.096277 6.76605
v 29.5897 0.091622 6.75845
vn -0.00123417 0.707064 -0.707149
vn -0.00123417 0.707064 -0.707149
vn -0.00123417 0.707064 -0.707149
vt -15.55 0.904144
vt -15.559 0.894536
vt -12.0788 0.910204
f 3892/3892/3892 3893/3893/3893 3894/3894/3894
v 27.8961 0.099117 6.7718
v 29.5897 0.099117 6.76885
v 29.5897 0.096277 6.7631
vn -0.000773113 0.896474 -0.443096
vn -0.000773113 0.896474 -0.443096
vn -0.000773113 0.896474 -0.443096
vt -15.5701 0.882669
vt -12.0788 0.888762
vt -12.0788 0.900609
f 3895/3895/3895 3896/3896/3896 3897/3897/3897
v 27.9015 0.096277 6.76605
v 27.8961 0.099117 6.7718
v 29.5897 0.096277 6.7631
vn -0.000773238 0.896463 -0.443117
vn -0.000773238 0.896463 -0.443117
vn -0.000773238 0.896463 -0.443117
vt -15.559 0.894536
vt -15.5701 0.882669
vt -12.0788 0.900609
f 3898/3898/3898 3899/3899/3899 3900/3900/3900
v 27.8906 0.1 6.77769
v 29.5897 0.1 6.77472
v 29.5897 0.099117 6.76885
vn -0.000259398 0.988897 -0.148601
vn -0.000259398 0.988897 -0.148601
vn -0.000259398 0.988897 -0.148601
vt -15.5814 0.870536
vt -12.0788 0.876649
vt -12.0788 0.888762
f 3901/3901/3901 3902/3902/3902 3903/3903/3903
v 27.8961 0.099117 6.7718
v 27.8906 0.1 6.77769
v 29.5897 0.099117 6.76885
vn -0.000259221 0.988902 -0.148568
vn -0.000259221 0.988902 -0.148568
vn -0.000259221 0.988902 -0.148568
vt -15.5701 0.882669
vt -15.5814 0.870536
vt -12.0788 0.888762
f 3904/3904/3904 3905/3905/3905 3906/3906/3906
v 27.8236 0.096277 6.84943
v 29.5899 0.096277 6.84635
v 29.5898 0.099117 6.8406
vn 0.000773488 0.896474 0.443096
vn 0.000773488 0.896474 0.443096
vn 0.000773488 0.896474 0.443096
vt -15.7196 0.722646
vt -12.0785 0.729005
vt -12.0785 0.740852
f 3907/3907/3907 3908/3908/3908 3909/3909/3909
v 27.829 0.099117 6.84367
v 27.8236 0.096277 6.84943
v 29.5898 0.099117 6.8406
vn 0.000773268 0.896492 0.443058
vn 0.000773268 0.896492 0.443058
vn 0.000773268 0.896492 0.443058
vt -15.7085 0.734514
vt -15.7196 0.722646
vt -12.0785 0.740852
f 3910/3910/3910 3911/3911/3911 3912/3912/3912
v 27.8193 0.091622 6.85409
v 29.5899 0.091622 6.851
v 29.5899 0.096277 6.84635
vn 0.00123469 0.707026 0.707186
vn 0.00123469 0.707026 0.707186
vn 0.00123469 0.707026 0.707186
vt -15.7285 0.713038
vt -12.0785 0.71941
vt -12.0785 0.729005
f 3913/3913/3913 3914/3914/3914 3915/3915/3915
v 27.8236 0.096277 6.84943
v 27.8193 0.091622 6.85409
v 29.5899 0.096277 6.84635
vn 0.00123443 0.707064 0.707149
vn 0.00123443 0.707064 0.707149
vn 0.00123443 0.707064 0.707149
vt -15.7196 0.722646
vt -15.7285 0.713038
vt -12.0785 0.729005
f 3916/3916/3916 3917/3917/3917 3918/3918/3918
v 27.8166 0.085876 6.85694
v 29.5899 0.085876 6.85384
v 29.5899 0.091622 6.851
vn 0.00156464 0.443216 0.896414
vn 0.00156464 0.443216 0.896414
vn 0.00156464 0.443216 0.896414
vt -15.734 0.707171
vt -12.0785 0.713556
vt -12.0785 0.71941
f 3919/3919/3919 3920/3920/3920 3921/3921/3921
v 27.8193 0.091622 6.85409
v 27.8166 0.085876 6.85694
v 29.5899 0.091622 6.851
vn 0.00156516 0.443111 0.896466
vn 0.00156516 0.443111 0.896466
vn 0.00156516 0.443111 0.896466
vt -15.7285 0.713038
vt -15.734 0.707171
vt -12.0785 0.71941
f 3922/3922/3922 3923/3923/3923 3924/3924/3924
v 27.8158 0.08 6.85782
v 29.5899 0.08 6.85472
v 29.5899 0.085876 6.85384
vn 0.00172579 0.14862 0.988893
vn 0.00172579 0.14862 0.988893
vn 0.00172579 0.14862 0.988893
vt -15.7357 0.70535
vt -12.0785 0.711736
vt -12.0785 0.713556
f 3925/3925/3925 3926/3926/3926 3927/3927/3927
v 27.8166 0.085876 6.85694
v 27.8158 0.08 6.85782
v 29.5899 0.085876 6.85384
vn 0.00172608 0.14854 0.988905
vn 0.00172608 0.14854 0.988905
vn 0.00172608 0.14854 0.988905
vt -15.734 0.707171
vt -15.7357 0.70535
vt -12.0785 0.713556
f 3928/3928/3928 3929/3929/3929 3930/3930/3930
v 29.5897 0.091622 6.75845
v 31.5897 0.091622 6.75496
v 31.5897 0.085876 6.75212
vn -0.00156423 0.443216 -0.896414
vn -0.00156423 0.443216 -0.896414
vn -0.00156423 0.443216 -0.896414
vt -12.0788 0.910204
vt -7.95593 0.9174
vt -7.95594 0.923254
f 3931/3931/3931 3932/3932/3932 3933/3933/3933
v 29.5897 0.085876 6.75561
v 29.5897 0.091622 6.75845
v 31.5897 0.085876 6.75212
vn -0.00156476 0.443096 -0.896473
vn -0.00156476 0.443096 -0.896473
vn -0.00156476 0.443096 -0.896473
vt -12.0789 0.916058
vt -12.0788 0.910204
vt -7.95594 0.923254
f 3934/3934/3934 3935/3935/3935 3936/3936/3936
v 29.5897 0.096277 6.7631
v 31.5897 0.096277 6.75961
v 31.5897 0.091622 6.75496
vn -0.00123437 0.707026 -0.707186
vn -0.00123437 0.707026 -0.707186
vn -0.00123437 0.707026 -0.707186
vt -12.0788 0.900609
vt -7.95591 0.907806
vt -7.95593 0.9174
f 3937/3937/3937 3938/3938/3938 3939/3939/3939
v 29.5897 0.091622 6.75845
v 29.5897 0.096277 6.7631
v 31.5897 0.091622 6.75496
vn -0.0012339 0.707099 -0.707114
vn -0.0012339 0.707099 -0.707114
vn -0.0012339 0.707099 -0.707114
vt -12.0788 0.910204
vt -12.0788 0.900609
vt -7.95593 0.9174
f 3940/3940/3940 3941/3941/3941 3942/3942/3942
v 29.5897 0.099117 6.76885
v 31.5897 0.099117 6.76536
v 31.5897 0.096277 6.75961
vn -0.00077341 0.896474 -0.443096
vn -0.00077341 0.896474 -0.443096
vn -0.00077341 0.896474 -0.443096
vt -12.0788 0.888762
vt -7.95589 0.895958
vt -7.95591 0.907806
f 3943/3943/3943 3944/3944/3944 3945/3945/3945
v 29.5897 0.096277 6.7631
v 29.5897 0.099117 6.76885
v 31.5897 0.096277 6.75961
vn -0.00077341 0.896474 -0.443096
vn -0.00077341 0.896474 -0.443096
vn -0.00077341 0.896474 -0.443096
vt -12.0788 0.900609
vt -12.0788 0.888762
vt -7.95591 0.907806
f 3946/3946/3946 3947/3947/3947 3948/3948/3948
v 29.5897 0.1 6.77472
v 31.5897 0.1 6.77123
v 31.5897 0.099117 6.76536
vn -0.000259378 0.988897 -0.148601
vn -0.000259378 0.988897 -0.148601
vn -0.000259378 0.988897 -0.148601
vt -12.0788 0.876649
vt -7.95587 0.883845
vt -7.95589 0.895958
f 3949/3949/3949 3950/3950/3950 3951/3951/3951
v 29.5897 0.099117 6.76885
v 29.5897 0.1 6.77472
v 31.5897 0.099117 6.76536
vn -0.000259379 0.988897 -0.148601
vn -0.000259379 0.988897 -0.148601
vn -0.000259379 0.988897 -0.148601
vt -12.0788 0.888762
vt -12.0788 0.876649
vt -7.95589 0.895958
f 3952/3952/3952 3953/3953/3953 3954/3954/3954
v 29.5899 0.096277 6.84635
v 31.5898 0.096277 6.84286
v 31.5898 0.099117 6.83711
vn 0.00077341 0.896474 0.443096
vn 0.00077341 0.896474 0.443096
vn 0.00077341 0.896474 0.443096
vt -12.0785 0.729005
vt -7.95561 0.736201
vt -7.95563 0.748042
f 3955/3955/3955 3956/3956/3956 3957/3957/3957
v 29.5898 0.099117 6.8406
v 29.5899 0.096277 6.84635
v 31.5898 0.099117 6.83711
vn 0.00077341 0.896474 0.443096
vn 0.00077341 0.896474 0.443096
vn 0.00077341 0.896474 0.443096
vt -12.0785 0.740852
vt -12.0785 0.729005
vt -7.95563 0.748042
f 3958/3958/3958 3959/3959/3959 3960/3960/3960
v 29.5899 0.091622 6.851
v 31.5899 0.091622 6.84751
v 31.5898 0.096277 6.84286
vn 0.00123437 0.707026 0.707186
vn 0.00123437 0.707026 0.707186
vn 0.00123437 0.707026 0.707186
vt -12.0785 0.71941
vt -7.95559 0.726606
vt -7.95561 0.736201
f 3961/3961/3961 3962/3962/3962 3963/3963/3963
v 29.5899 0.096277 6.84635
v 29.5899 0.091622 6.851
v 31.5898 0.096277 6.84286
vn 0.00123437 0.707026 0.707186
vn 0.00123437 0.707026 0.707186
vn 0.00123437 0.707026 0.707186
vt -12.0785 0.729005
vt -12.0785 0.71941
vt -7.95561 0.736201
f 3964/3964/3964 3965/3965/3965 3966/3966/3966
v 29.5899 0.085876 6.85384
v 31.5899 0.085876 6.85035
v 31.5899 0.091622 6.84751
vn 0.00156466 0.443216 0.896414
vn 0.00156466 0.443216 0.896414
vn 0.00156466 0.443216 0.896414
vt -12.0785 0.713556
vt -7.95558 0.720752
vt -7.95559 0.726606
f 3967/3967/3967 3968/3968/3968 3969/3969/3969
v 29.5899 0.091622 6.851
v 29.5899 0.085876 6.85384
v 31.5899 0.091622 6.84751
vn 0.00156466 0.443216 0.896414
vn 0.00156466 0.443216 0.896414
vn 0.00156466 0.443216 0.896414
vt -12.0785 0.71941
vt -12.0785 0.713556
vt -7.95559 0.726606
f 3970/3970/3970 3971/3971/3971 3972/3972/3972
v 29.5899 0.08 6.85472
v 31.5899 0.08 6.85123
v 31.5899 0.085876 6.85035
vn 0.00172608 0.148621 0.988893
vn 0.00172608 0.148621 0.988893
vn 0.00172608 0.148621 0.988893
vt -12.0785 0.711736
vt -7.95558 0.718932
vt -7.95558 0.720752
f 3973/3973/3973 3974/3974/3974 3975/3975/3975
v 29.5899 0.085876 6.85384
v 29.5899 0.08 6.85472
v 31.5899 0.085876 6.85035
vn 0.00172608 0.14862 0.988893
vn 0.00172608 0.14862 0.988893
vn 0.00172608 0.14862 0.988893
vt -12.0785 0.713556
vt -12.0785 0.711736
vt -7.95558 0.720752
f 3976/3976/3976 3977/3977/3977 3978/3978/3978
v 31.5897 0.091622 6.75496
v 33.25 0.091622 6.75206
v 33.2474 0.085876 6.74922
vn -0.00156483 0.443137 -0.896453
vn -0.00156483 0.443137 -0.896453
vn -0.00156483 0.443137 -0.896453
vt -7.95593 0.9174
vt -4.53325 0.923374
vt -4.53871 0.929221
f 3979/3979/3979 3980/3980/3980 3981/3981/3981
v 31.5897 0.085876 6.75212
v 31.5897 0.091622 6.75496
v 33.2474 0.085876 6.74922
vn -0.00156442 0.443216 -0.896414
vn -0.00156442 0.443216 -0.896414
vn -0.00156442 0.443216 -0.896414
vt -7.95594 0.923254
vt -7.95593 0.9174
vt -4.53871 0.929221
f 3982/3982/3982 3983/3983/3983 3984/3984/3984
v 31.5897 0.096277 6.75961
v 33.2544 0.096277 6.75671
v 33.25 0.091622 6.75206
vn -0.00123396 0.707094 -0.707119
vn -0.00123396 0.707094 -0.707119
vn -0.00123396 0.707094 -0.707119
vt -7.95591 0.907806
vt -4.5243 0.913792
vt -4.53325 0.923374
f 3985/3985/3985 3986/3986/3986 3987/3987/3987
v 31.5897 0.091622 6.75496
v 31.5897 0.096277 6.75961
v 33.25 0.091622 6.75206
vn -0.00123445 0.707026 -0.707186
vn -0.00123445 0.707026 -0.707186
vn -0.00123445 0.707026 -0.707186
vt -7.95593 0.9174
vt -7.95591 0.907806
vt -4.53325 0.923374
f 3988/3988/3988 3989/3989/3989 3990/3990/3990
v 31.5897 0.099117 6.76536
v 33.2597 0.099117 6.76244
v 33.2544 0.096277 6.75671
vn -0.000773478 0.896453 -0.443138
vn -0.000773478 0.896453 -0.443138
vn -0.000773478 0.896453 -0.443138
vt -7.95589 0.895958
vt -4.51325 0.901972
vt -4.5243 0.913792
f 3991/3991/3991 3992/3992/3992 3993/3993/3993
v 31.5897 0.096277 6.75961
v 31.5897 0.099117 6.76536
v 33.2544 0.096277 6.75671
vn -0.000773225 0.896474 -0.443096
vn -0.000773225 0.896474 -0.443096
vn -0.000773225 0.896474 -0.443096
vt -7.95591 0.907806
vt -7.95589 0.895958
vt -4.5243 0.913792
f 3994/3994/3994 3995/3995/3995 3996/3996/3996
v 31.5897 0.1 6.77123
v 33.2652 0.1 6.76831
v 33.2597 0.099117 6.76244
vn -0.000259313 0.988899 -0.148589
vn -0.000259313 0.988899 -0.148589
vn -0.000259313 0.988899 -0.148589
vt -7.95587 0.883845
vt -4.50195 0.889872
vt -4.51325 0.901972
f 3997/3997/3997 3998/3998/3998 3999/3999/3999
v 31.5897 0.099117 6.76536
v 31.5897 0.1 6.77123
v 33.2597 0.099117 6.76244
vn -0.000259377 0.988897 -0.148601
vn -0.000259377 0.988897 -0.148601
vn -0.000259377 0.988897 -0.148601
vt -7.95589 0.895958
vt -7.95587 0.883845
vt -4.51325 0.901972
f 4000/4000/4000 4001/4001/4001 4002/4002/4002
v 31.5898 0.096277 6.84286
v 33.332 0.096277 6.83982
v 33.3266 0.099117 6.83408
vn 0.000773063 0.896497 0.44305
vn 0.000773063 0.896497 0.44305
vn 0.000773063 0.896497 0.44305
vt -7.95561 0.736201
vt -4.36422 0.742467
vt -4.37527 0.754295
f 4003/4003/4003 4004/4004/4004 4005/4005/4005
v 31.5898 0.099117 6.83711
v 31.5898 0.096277 6.84286
v 33.3266 0.099117 6.83408
vn 0.000773337 0.896474 0.443096
vn 0.000773337 0.896474 0.443096
vn 0.000773337 0.896474 0.443096
vt -7.95563 0.748042
vt -7.95561 0.736201
vt -4.37527 0.754295
f 4006/4006/4006 4007/4007/4007 4008/4008/4008
v 31.5899 0.091622 6.84751
v 33.3363 0.091622 6.84446
v 33.332 0.096277 6.83982
vn 0.00123373 0.707057 0.707155
vn 0.00123373 0.707057 0.707155
vn 0.00123373 0.707057 0.707155
vt -7.95559 0.726606
vt -4.35527 0.732892
vt -4.36422 0.742467
f 4009/4009/4009 4010/4010/4010 4011/4011/4011
v 31.5898 0.096277 6.84286
v 31.5899 0.091622 6.84751
v 33.332 0.096277 6.83982
vn 0.00123395 0.707026 0.707186
vn 0.00123395 0.707026 0.707186
vn 0.00123395 0.707026 0.707186
vt -7.95561 0.736201
vt -7.95559 0.726606
vt -4.36422 0.742467
f 4012/4012/4012 4013/4013/4013 4014/4014/4014
v 31.5899 0.085876 6.85035
v 33.339 0.085876 6.8473
v 33.3363 0.091622 6.84446
vn 0.00156401 0.443196 0.896423
vn 0.00156401 0.443196 0.896423
vn 0.00156401 0.443196 0.896423
vt -7.95558 0.720752
vt -4.34981 0.727045
vt -4.35527 0.732892
f 4015/4015/4015 4016/4016/4016 4017/4017/4017
v 31.5899 0.091622 6.84751
v 31.5899 0.085876 6.85035
v 33.3363 0.091622 6.84446
vn 0.00156391 0.443216 0.896414
vn 0.00156391 0.443216 0.896414
vn 0.00156391 0.443216 0.896414
vt -7.95559 0.726606
vt -7.95558 0.720752
vt -4.35527 0.732892
f 4018/4018/4018 4019/4019/4019 4020/4020/4020
v 31.5899 0.08 6.85123
v 33.3398 0.08 6.84818
v 33.339 0.085876 6.8473
vn 0.00172592 0.148465 0.988916
vn 0.00172592 0.148465 0.988916
vn 0.00172592 0.148465 0.988916
vt -7.95558 0.718932
vt -4.34811 0.725224
vt -4.34981 0.727045
f 4021/4021/4021 4022/4022/4022 4023/4023/4023
v 31.5899 0.085876 6.85035
v 31.5899 0.08 6.85123
v 33.339 0.085876 6.8473
vn 0.00172534 0.148621 0.988893
vn 0.00172534 0.148621 0.988893
vn 0.00172534 0.148621 0.988893
vt -7.95558 0.720752
vt -7.95558 0.718932
vt -4.34981 0.727045
f 4024/4024/4024 4025/4025/4025 4026/4026/4026
v 33.25 0.091622 6.75206
v 33.4939 0.091622 3.25163
v 33.4913 0.085876 3.24879
vn -0.894187 0.443337 -0.0623122
vn -0.894187 0.443337 -0.0623122
vn -0.894187 0.443337 -0.0623122
vt -4.53325 0.923374
vt -4.0304 8.13937
vt -4.03586 8.14522
f 4027/4027/4027 4028/4028/4028 4029/4029/4029
v 33.2474 0.085876 6.74922
v 33.25 0.091622 6.75206
v 33.4913 0.085876 3.24879
vn -0.894189 0.443333 -0.0623124
vn -0.894189 0.443333 -0.0623124
vn -0.894189 0.443333 -0.0623124
vt -4.53871 0.929221
vt -4.53325 0.923374
vt -4.03586 8.14522
f 4030/4030/4030 4031/4031/4031 4032/4032/4032
v 33.2544 0.096277 6.75671
v 33.4983 0.096277 3.25627
v 33.4939 0.091622 3.25163
vn -0.705503 0.707 -0.0491636
vn -0.705503 0.707 -0.0491636
vn -0.705503 0.707 -0.0491636
vt -4.5243 0.913792
vt -4.02145 8.1298
vt -4.0304 8.13937
f 4033/4033/4033 4034/4034/4034 4035/4035/4035
v 33.25 0.091622 6.75206
v 33.2544 0.096277 6.75671
v 33.4939 0.091622 3.25163
vn -0.705495 0.707007 -0.0491631
vn -0.705495 0.707007 -0.0491631
vn -0.705495 0.707007 -0.0491631
vt -4.53325 0.923374
vt -4.5243 0.913792
vt -4.0304 8.13937
f 4036/4036/4036 4037/4037/4037 4038/4038/4038
v 33.2597 0.099117 6.76244
v 33.5036 0.099117 3.26201
v 33.4983 0.096277 3.25627
vn -0.442049 0.896462 -0.0308046
vn -0.442049 0.896462 -0.0308046
vn -0.442049 0.896462 -0.0308046
vt -4.51325 0.901972
vt -4.0104 8.11797
vt -4.02145 8.1298
f 4039/4039/4039 4040/4040/4040 4041/4041/4041
v 33.2544 0.096277 6.75671
v 33.2597 0.099117 6.76244
v 33.4983 0.096277 3.25627
vn -0.442054 0.896459 -0.0308049
vn -0.442054 0.896459 -0.0308049
vn -0.442054 0.896459 -0.0308049
vt -4.5243 0.913792
vt -4.51325 0.901972
vt -4.02145 8.1298
f 4042/4042/4042 4043/4043/4043 4044/4044/4044
v 33.2652 0.1 6.76831
v 33.5091 0.1 3.26788
v 33.5036 0.099117 3.26201
vn -0.148236 0.988898 -0.01033
vn -0.148236 0.988898 -0.01033
vn -0.148236 0.988898 -0.01033
vt -4.50195 0.889872
vt -3.9991 8.10588
vt -4.0104 8.11797
f 4045/4045/4045 4046/4046/4046 4047/4047/4047
v 33.2597 0.099117 6.76244
v 33.2652 0.1 6.76831
v 33.5036 0.099117 3.26201
vn -0.148236 0.988898 -0.01033
vn -0.148236 0.988898 -0.01033
vn -0.148236 0.988898 -0.01033
vt -4.51325 0.901972
vt -4.50195 0.889872
vt -4.0104 8.11797
f 4048/4048/4048 4049/4049/4049 4050/4050/4050
v 33.332 0.096277 6.83982
v 33.5759 0.096277 3.33939
v 33.5706 0.099117 3.33365
vn 0.441814 0.896578 0.0307882
vn 0.441814 0.896578 0.0307882
vn 0.441814 0.896578 0.0307882
vt -4.36422 0.742467
vt -3.86137 7.95848
vt -3.87242 7.9703
f 4051/4051/4051 4052/4052/4052 4053/4053/4053
v 33.3266 0.099117 6.83408
v 33.332 0.096277 6.83982
v 33.5706 0.099117 3.33365
vn 0.442048 0.896462 0.0308041
vn 0.442048 0.896462 0.0308041
vn 0.442048 0.896462 0.0308041
vt -4.37527 0.754295
vt -4.36422 0.742467
vt -3.87242 7.9703
f 4054/4054/4054 4055/4055/4055 4056/4056/4056
v 33.3363 0.091622 6.84446
v 33.5803 0.091622 3.34403
v 33.5759 0.096277 3.33939
vn 0.705501 0.707001 0.0491635
vn 0.705501 0.707001 0.0491635
vn 0.705501 0.707001 0.0491635
vt -4.35527 0.732892
vt -3.85242 7.94889
vt -3.86137 7.95848
f 4057/4057/4057 4058/4058/4058 4059/4059/4059
v 33.332 0.096277 6.83982
v 33.3363 0.091622 6.84446
v 33.5759 0.096277 3.33939
vn 0.705498 0.707005 0.0491633
vn 0.705498 0.707005 0.0491633
vn 0.705498 0.707005 0.0491633
vt -4.36422 0.742467
vt -4.35527 0.732892
vt -3.86137 7.95848
f 4060/4060/4060 4061/4061/4061 4062/4062/4062
v 33.339 0.085876 6.8473
v 33.5829 0.085876 3.34687
v 33.5803 0.091622 3.34403
vn 0.894423 0.442857 0.0623277
vn 0.894423 0.442857 0.0623277
vn 0.894423 0.442857 0.0623277
vt -4.34981 0.727045
vt -3.84696 7.94305
vt -3.85242 7.94889
f 4063/4063/4063 4064/4064/4064 4065/4065/4065
v 33.3363 0.091622 6.84446
v 33.339 0.085876 6.8473
v 33.5803 0.091622 3.34403
vn 0.894187 0.443337 0.0623122
vn 0.894187 0.443337 0.0623122
vn 0.894187 0.443337 0.0623122
vt -4.35527 0.732892
vt -4.34981 0.727045
vt -3.85242 7.94889
f 4066/4066/4066 4067/4067/4067 4068/4068/4068
v 33.3398 0.08 6.84818
v 33.5838 0.08 3.34775
v 33.5829 0.085876 3.34687
vn 0.986497 0.148651 0.0687439
vn 0.986497 0.148651 0.0687439
vn 0.986497 0.148651 0.0687439
vt -4.34811 0.725224
vt -3.84526 7.94123
vt -3.84696 7.94305
f 4069/4069/4069 4070/4070/4070 4071/4071/4071
v 33.339 0.085876 6.8473
v 33.3398 0.08 6.84818
v 33.5829 0.085876 3.34687
vn 0.986499 0.148638 0.068744
vn 0.986499 0.148638 0.068744
vn 0.986499 0.148638 0.068744
vt -4.34981 0.727045
vt -4.34811 0.725224
vt -3.84696 7.94305
f 4072/4072/4072 4073/4073/4073 4074/4074/4074
v 33.4939 0.091622 3.25163
v 35.5836 0.091622 3.24798
v 35.5836 0.085876 3.24514
vn -0.00156453 0.443215 -0.896414
vn -0.00156453 0.443215 -0.896414
vn -0.00156453 0.443215 -0.896414
vt -4.0304 8.13937
vt 0.277316 8.1469
vt 0.277302 8.15275
f 4075/4075/4075 4076/4076/4076 4077/4077/4077
v 33.4913 0.085876 3.24879
v 33.4939 0.091622 3.25163
v 35.5836 0.085876 3.24514
vn -0.00156461 0.443197 -0.896423
vn -0.00156461 0.443197 -0.896423
vn -0.00156461 0.443197 -0.896423
vt -4.03586 8.14522
vt -4.0304 8.13937
vt 0.277302 8.15275
f 4078/4078/4078 4079/4079/4079 4080/4080/4080
v 33.4983 0.096277 3.25627
v 35.5836 0.096277 3.25264
v 35.5836 0.091622 3.24798
vn -0.00123408 0.707027 -0.707186
vn -0.00123408 0.707027 -0.707186
vn -0.00123408 0.707027 -0.707186
vt -4.02145 8.1298
vt 0.277332 8.1373
vt 0.277316 8.1469
f 4081/4081/4081 4082/4082/4082 4083/4083/4083
v 33.4939 0.091622 3.25163
v 33.4983 0.096277 3.25627
v 35.5836 0.091622 3.24798
vn -0.00123434 0.706985 -0.707227
vn -0.00123434 0.706985 -0.707227
vn -0.00123434 0.706985 -0.707227
vt -4.0304 8.13937
vt -4.02145 8.1298
vt 0.277316 8.1469
f 4084/4084/4084 4085/4085/4085 4086/4086/4086
v 33.5036 0.099117 3.26201
v 35.5836 0.099117 3.25838
v 35.5836 0.096277 3.25264
vn -0.000773263 0.896481 -0.443082
vn -0.000773263 0.896481 -0.443082
vn -0.000773263 0.896481 -0.443082
vt -4.0104 8.11797
vt 0.277352 8.12545
vt 0.277332 8.1373
f 4087/4087/4087 4088/4088/4088 4089/4089/4089
v 33.4983 0.096277 3.25627
v 33.5036 0.099117 3.26201
v 35.5836 0.096277 3.25264
vn -0.000773173 0.896489 -0.443064
vn -0.000773173 0.896489 -0.443064
vn -0.000773173 0.896489 -0.443064
vt -4.02145 8.1298
vt -4.0104 8.11797
vt 0.277332 8.1373
f 4090/4090/4090 4091/4091/4091 4092/4092/4092
v 33.5091 0.1 3.26788
v 35.5836 0.1 3.26426
v 35.5836 0.099117 3.25838
vn -0.0002594 0.988896 -0.148607
vn -0.0002594 0.988896 -0.148607
vn -0.0002594 0.988896 -0.148607
vt -3.9991 8.10588
vt 0.277372 8.11334
vt 0.277352 8.12545
f 4093/4093/4093 4094/4094/4094 4095/4095/4095
v 33.5036 0.099117 3.26201
v 33.5091 0.1 3.26788
v 35.5836 0.099117 3.25838
vn -0.000259317 0.988899 -0.148589
vn -0.000259317 0.988899 -0.148589
vn -0.000259317 0.988899 -0.148589
vt -4.0104 8.11797
vt -3.9991 8.10588
vt 0.277352 8.12545
f 4096/4096/4096 4097/4097/4097 4098/4098/4098
v 33.5759 0.096277 3.33939
v 35.5837 0.096277 3.33588
v 35.5837 0.099117 3.33013
vn 0.000773483 0.896481 0.443081
vn 0.000773483 0.896481 0.443081
vn 0.000773483 0.896481 0.443081
vt -3.86137 7.95848
vt 0.277631 7.9657
vt 0.277608 7.97754
f 4099/4099/4099 4100/4100/4100 4101/4101/4101
v 33.5706 0.099117 3.33365
v 33.5759 0.096277 3.33939
v 35.5837 0.099117 3.33013
vn 0.00077339 0.89649 0.443064
vn 0.00077339 0.89649 0.443064
vn 0.00077339 0.89649 0.443064
vt -3.87242 7.9703
vt -3.86137 7.95848
vt 0.277608 7.97754
f 4102/4102/4102 4103/4103/4103 4104/4104/4104
v 33.5803 0.091622 3.34403
v 35.5837 0.091622 3.34053
v 35.5837 0.096277 3.33588
vn 0.00123442 0.707026 0.707186
vn 0.00123442 0.707026 0.707186
vn 0.00123442 0.707026 0.707186
vt -3.85242 7.94889
vt 0.277648 7.9561
vt 0.277631 7.9657
f 4105/4105/4105 4106/4106/4106 4107/4107/4107
v 33.5759 0.096277 3.33939
v 33.5803 0.091622 3.34403
v 35.5837 0.096277 3.33588
vn 0.00123457 0.707003 0.707209
vn 0.00123457 0.707003 0.707209
vn 0.00123457 0.707003 0.707209
vt -3.86137 7.95848
vt -3.85242 7.94889
vt 0.277631 7.9657
f 4108/4108/4108 4109/4109/4109 4110/4110/4110
v 33.5829 0.085876 3.34687
v 35.5837 0.085876 3.34337
v 35.5837 0.091622 3.34053
vn 0.00156455 0.443215 0.896414
vn 0.00156455 0.443215 0.896414
vn 0.00156455 0.443215 0.896414
vt -3.84696 7.94305
vt 0.277658 7.95025
vt 0.277648 7.9561
f 4111/4111/4111 4112/4112/4112 4113/4113/4113
v 33.5803 0.091622 3.34403
v 33.5829 0.085876 3.34687
v 35.5837 0.091622 3.34053
vn 0.00156477 0.443166 0.896438
vn 0.00156477 0.443166 0.896438
vn 0.00156477 0.443166 0.896438
vt -3.85242 7.94889
vt -3.84696 7.94305
vt 0.277648 7.9561
f 4114/4114/4114 4115/4115/4115 4116/4116/4116
v 33.5838 0.08 3.34775
v 35.5838 0.08 3.34426
v 35.5837 0.085876 3.34337
vn 0.00172607 0.148621 0.988893
vn 0.00172607 0.148621 0.988893
vn 0.00172607 0.148621 0.988893
vt -3.84526 7.94123
vt 0.277661 7.94843
vt 0.277658 7.95025
f 4117/4117/4117 4118/4118/4118 4119/4119/4119
v 33.5829 0.085876 3.34687
v 33.5838 0.08 3.34775
v 35.5837 0.085876 3.34337
vn 0.00172595 0.148661 0.988887
vn 0.00172595 0.148661 0.988887
vn 0.00172595 0.148661 0.988887
vt -3.84696 7.94305
vt -3.84526 7.94123
vt 0.277658 7.95025
f 4120/4120/4120 4121/4121/4121 4122/4122/4122
v 35.5836 0.091622 3.24798
v 37.5836 0.091622 3.24449
v 37.5836 0.085876 3.24165
vn -0.00156466 0.443216 -0.896414
vn -0.00156466 0.443216 -0.896414
vn -0.00156466 0.443216 -0.896414
vt 0.277316 8.1469
vt 4.40023 8.15409
vt 4.40022 8.15995
f 4123/4123/4123 4124/4124/4124 4125/4125/4125
v 35.5836 0.085876 3.24514
v 35.5836 0.091622 3.24798
v 37.5836 0.085876 3.24165
vn -0.00156466 0.443215 -0.896414
vn -0.00156466 0.443215 -0.896414
vn -0.00156466 0.443215 -0.896414
vt 0.277302 8.15275
vt 0.277316 8.1469
vt 4.40022 8.15995
f 4126/4126/4126 4127/4127/4127 4128/4128/4128
v 35.5836 0.096277 3.25264
v 37.5836 0.096277 3.24915
v 37.5836 0.091622 3.24449
vn -0.00123437 0.707026 -0.707186
vn -0.00123437 0.707026 -0.707186
vn -0.00123437 0.707026 -0.707186
vt 0.277332 8.1373
vt 4.40025 8.1445
vt 4.40023 8.15409
f 4129/4129/4129 4130/4130/4130 4131/4131/4131
v 35.5836 0.091622 3.24798
v 35.5836 0.096277 3.25264
v 37.5836 0.091622 3.24449
vn -0.00123437 0.707027 -0.707186
vn -0.00123437 0.707027 -0.707186
vn -0.00123437 0.707027 -0.707186
vt 0.277316 8.1469
vt 0.277332 8.1373
vt 4.40023 8.15409
f 4132/4132/4132 4133/4133/4133 4134/4134/4134
v 35.5836 0.099117 3.25838
v 37.5836 0.099117 3.25489
v 37.5836 0.096277 3.24915
vn -0.000773463 0.896474 -0.443097
vn -0.000773463 0.896474 -0.443097
vn -0.000773463 0.896474 -0.443097
vt 0.277352 8.12545
vt 4.40027 8.13265
vt 4.40025 8.1445
f 4135/4135/4135 4136/4136/4136 4137/4137/4137
v 35.5836 0.096277 3.25264
v 35.5836 0.099117 3.25838
v 37.5836 0.096277 3.24915
vn -0.000773384 0.896481 -0.443082
vn -0.000773384 0.896481 -0.443082
vn -0.000773384 0.896481 -0.443082
vt 0.277332 8.1373
vt 0.277352 8.12545
vt 4.40025 8.1445
f 4138/4138/4138 4139/4139/4139 4140/4140/4140
v 35.5836 0.1 3.26426
v 37.5836 0.1 3.26077
v 37.5836 0.099117 3.25489
vn -0.000259267 0.988901 -0.148578
vn -0.000259267 0.988901 -0.148578
vn -0.000259267 0.988901 -0.148578
vt 0.277372 8.11334
vt 4.40029 8.12054
vt 4.40027 8.13265
f 4141/4141/4141 4142/4142/4142 4143/4143/4143
v 35.5836 0.099117 3.25838
v 35.5836 0.1 3.26426
v 37.5836 0.099117 3.25489
vn -0.000259407 0.988896 -0.148607
vn -0.000259407 0.988896 -0.148607
vn -0.000259407 0.988896 -0.148607
vt 0.277352 8.12545
vt 0.277372 8.11334
vt 4.40027 8.13265
f 4144/4144/4144 4145/4145/4145 4146/4146/4146
v 35.5837 0.096277 3.33588
v 37.5837 0.096277 3.33239
v 37.5837 0.099117 3.32664
vn 0.000773172 0.896481 0.443081
vn 0.000773172 0.896481 0.443081
vn 0.000773172 0.896481 0.443081
vt 0.277631 7.9657
vt 4.40055 7.97289
vt 4.40053 7.98474
f 4147/4147/4147 4148/4148/4148 4149/4149/4149
v 35.5837 0.099117 3.33013
v 35.5837 0.096277 3.33588
v 37.5837 0.099117 3.32664
vn 0.000773172 0.896481 0.443081
vn 0.000773172 0.896481 0.443081
vn 0.000773172 0.896481 0.443081
vt 0.277608 7.97754
vt 0.277631 7.9657
vt 4.40053 7.98474
f 4150/4150/4150 4151/4151/4151 4152/4152/4152
v 35.5837 0.091622 3.34053
v 37.5837 0.091622 3.33704
v 37.5837 0.096277 3.33239
vn 0.00123403 0.707026 0.707186
vn 0.00123403 0.707026 0.707186
vn 0.00123403 0.707026 0.707186
vt 0.277648 7.9561
vt 4.40057 7.9633
vt 4.40055 7.97289
f 4153/4153/4153 4154/4154/4154 4155/4155/4155
v 35.5837 0.096277 3.33588
v 35.5837 0.091622 3.34053
v 37.5837 0.096277 3.33239
vn 0.00123403 0.707026 0.707186
vn 0.00123403 0.707026 0.707186
vn 0.00123403 0.707026 0.707186
vt 0.277631 7.9657
vt 0.277648 7.9561
vt 4.40055 7.97289
f 4156/4156/4156 4157/4157/4157 4158/4158/4158
v 35.5837 0.085876 3.34337
v 37.5837 0.085876 3.33988
v 37.5837 0.091622 3.33704
vn 0.00156423 0.443215 0.896414
vn 0.00156423 0.443215 0.896414
vn 0.00156423 0.443215 0.896414
vt 0.277658 7.95025
vt 4.40058 7.95745
vt 4.40057 7.9633
f 4159/4159/4159 4160/4160/4160 4161/4161/4161
v 35.5837 0.091622 3.34053
v 35.5837 0.085876 3.34337
v 37.5837 0.091622 3.33704
vn 0.00156423 0.443215 0.896414
vn 0.00156423 0.443215 0.896414
vn 0.00156423 0.443215 0.896414
vt 0.277648 7.9561
vt 0.277658 7.95025
vt 4.40057 7.9633
f 4162/4162/4162 4163/4163/4163 4164/4164/4164
v 35.5838 0.08 3.34426
v 37.5837 0.08 3.34077
v 37.5837 0.085876 3.33988
vn 0.00172625 0.148425 0.988922
vn 0.00172625 0.148425 0.988922
vn 0.00172625 0.148425 0.988922
vt 0.277661 7.94843
vt 4.40058 7.95563
vt 4.40058 7.95745
f 4165/4165/4165 4166/4166/4166 4167/4167/4167
v 35.5837 0.085876 3.34337
v 35.5838 0.08 3.34426
v 37.5837 0.085876 3.33988
vn 0.00172561 0.148621 0.988893
vn 0.00172561 0.148621 0.988893
vn 0.00172561 0.148621 0.988893
vt 0.277658 7.95025
vt 0.277661 7.94843
vt 4.40058 7.95745
f 4168/4168/4168 4169/4169/4169 4170/4170/4170
v 37.5836 0.091622 3.24449
v 39.5836 0.091622 3.241
v 39.5836 0.085876 3.23816
vn -0.00156487 0.443096 -0.896473
vn -0.00156487 0.443096 -0.896473
vn -0.00156487 0.443096 -0.896473
vt 4.40023 8.15409
vt 8.52315 8.16129
vt 8.52314 8.16714
f 4171/4171/4171 4172/4172/4172 4173/4173/4173
v 37.5836 0.085876 3.24165
v 37.5836 0.091622 3.24449
v 39.5836 0.085876 3.23816
vn -0.00156434 0.443216 -0.896414
vn -0.00156434 0.443216 -0.896414
vn -0.00156434 0.443216 -0.896414
vt 4.40022 8.15995
vt 4.40023 8.15409
vt 8.52314 8.16714
f 4174/4174/4174 4175/4175/4175 4176/4176/4176
v 37.5836 0.096277 3.24915
v 39.5836 0.096277 3.24566
v 39.5836 0.091622 3.241
vn -0.00123387 0.707117 -0.707096
vn -0.00123387 0.707117 -0.707096
vn -0.00123387 0.707117 -0.707096
vt 4.40025 8.1445
vt 8.52317 8.15169
vt 8.52315 8.16129
f 4177/4177/4177 4178/4178/4178 4179/4179/4179
v 37.5836 0.091622 3.24449
v 37.5836 0.096277 3.24915
v 39.5836 0.091622 3.241
vn -0.00123445 0.707026 -0.707186
vn -0.00123445 0.707026 -0.707186
vn -0.00123445 0.707026 -0.707186
vt 4.40023 8.15409
vt 4.40025 8.1445
vt 8.52315 8.16129
f 4180/4180/4180 4181/4181/4181 4182/4182/4182
v 37.5836 0.099117 3.25489
v 39.5836 0.099117 3.2514
v 39.5836 0.096277 3.24566
vn -0.000773196 0.896474 -0.443096
vn -0.000773196 0.896474 -0.443096
vn -0.000773196 0.896474 -0.443096
vt 4.40027 8.13265
vt 8.52319 8.13985
vt 8.52317 8.15169
f 4183/4183/4183 4184/4184/4184 4185/4185/4185
v 37.5836 0.096277 3.24915
v 37.5836 0.099117 3.25489
v 39.5836 0.096277 3.24566
vn -0.000773199 0.896474 -0.443097
vn -0.000773199 0.896474 -0.443097
vn -0.000773199 0.896474 -0.443097
vt 4.40025 8.1445
vt 4.40027 8.13265
vt 8.52317 8.15169
f 4186/4186/4186 4187/4187/4187 4188/4188/4188
v 37.5836 0.1 3.26077
v 39.5836 0.1 3.25728
v 39.5836 0.099117 3.2514
vn -0.000259379 0.988897 -0.148602
vn -0.000259379 0.988897 -0.148602
vn -0.000259379 0.988897 -0.148602
vt 4.40029 8.12054
vt 8.52321 8.12773
vt 8.52319 8.13985
f 4189/4189/4189 4190/4190/4190 4191/4191/4191
v 37.5836 0.099117 3.25489
v 37.5836 0.1 3.26077
v 39.5836 0.099117 3.2514
vn -0.000259266 0.988901 -0.148578
vn -0.000259266 0.988901 -0.148578
vn -0.000259266 0.988901 -0.148578
vt 4.40027 8.13265
vt 4.40029 8.12054
vt 8.52319 8.13985
f 4192/4192/4192 4193/4193/4193 4194/4194/4194
v 37.5837 0.096277 3.33239
v 39.5837 0.096277 3.3289
v 39.5837 0.099117 3.32315
vn 0.000773462 0.896474 0.443096
vn 0.000773462 0.896474 0.443096
vn 0.000773462 0.896474 0.443096
vt 4.40055 7.97289
vt 8.52347 7.98009
vt 8.52345 7.99193
f 4195/4195/4195 4196/4196/4196 4197/4197/4197
v 37.5837 0.099117 3.32664
v 37.5837 0.096277 3.33239
v 39.5837 0.099117 3.32315
vn 0.000773383 0.896481 0.443081
vn 0.000773383 0.896481 0.443081
vn 0.000773383 0.896481 0.443081
vt 4.40053 7.98474
vt 4.40055 7.97289
vt 8.52345 7.99193
f 4198/4198/4198 4199/4199/4199 4200/4200/4200
v 37.5837 0.091622 3.33704
v 39.5837 0.091622 3.33355
v 39.5837 0.096277 3.3289
vn 0.00123434 0.707044 0.707168
vn 0.00123434 0.707044 0.707168
vn 0.00123434 0.707044 0.707168
vt 4.40057 7.9633
vt 8.52348 7.9705
vt 8.52347 7.98009
f 4201/4201/4201 4202/4202/4202 4203/4203/4203
v 37.5837 0.096277 3.33239
v 37.5837 0.091622 3.33704
v 39.5837 0.096277 3.3289
vn 0.00123445 0.707026 0.707186
vn 0.00123445 0.707026 0.707186
vn 0.00123445 0.707026 0.707186
vt 4.40055 7.97289
vt 4.40057 7.9633
vt 8.52347 7.98009
f 4204/4204/4204 4205/4205/4205 4206/4206/4206
v 37.5837 0.085876 3.33988
v 39.5837 0.085876 3.33639
v 39.5837 0.091622 3.33355
vn 0.00156466 0.443216 0.896414
vn 0.00156466 0.443216 0.896414
vn 0.00156466 0.443216 0.896414
vt 4.40058 7.95745
vt 8.52349 7.96463
vt 8.52348 7.9705
f 4207/4207/4207 4208/4208/4208 4209/4209/4209
v 37.5837 0.091622 3.33704
v 37.5837 0.085876 3.33988
v 39.5837 0.091622 3.33355
vn 0.00156466 0.443215 0.896414
vn 0.00156466 0.443215 0.896414
vn 0.00156466 0.443215 0.896414
vt 4.40057 7.9633
vt 4.40058 7.95745
vt 8.52348 7.9705
f 4210/4210/4210 4211/4211/4211 4212/4212/4212
v 37.5837 0.08 3.34077
v 39.5837 0.08 3.33728
v 39.5837 0.085876 3.33639
vn 0.00172562 0.148581 0.988899
vn 0.00172562 0.148581 0.988899
vn 0.00172562 0.148581 0.988899
vt 4.40058 7.95563
vt 8.52349 7.96282
vt 8.52349 7.96463
f 4213/4213/4213 4214/4214/4214 4215/4215/4215
v 37.5837 0.085876 3.33988
v 37.5837 0.08 3.34077
v 39.5837 0.085876 3.33639
vn 0.00172613 0.148425 0.988922
vn 0.00172613 0.148425 0.988922
vn 0.00172613 0.148425 0.988922
vt 4.40058 7.95745
vt 4.40058 7.95563
vt 8.52349 7.96463
f 4216/4216/4216 4217/4217/4217 4218/4218/4218
v 39.5836 0.091622 3.241
v 41.5836 0.091622 3.23751
v 41.5836 0.085876 3.23467
vn -0.00156423 0.443215 -0.896414
vn -0.00156423 0.443215 -0.896414
vn -0.00156423 0.443215 -0.896414
vt 8.52315 8.16129
vt 12.6461 8.16849
vt 12.6461 8.17434
f 4219/4219/4219 4220/4220/4220 4221/4221/4221
v 39.5836 0.085876 3.23816
v 39.5836 0.091622 3.241
v 41.5836 0.085876 3.23467
vn -0.00156476 0.443096 -0.896473
vn -0.00156476 0.443096 -0.896473
vn -0.00156476 0.443096 -0.896473
vt 8.52314 8.16714
vt 8.52315 8.16129
vt 12.6461 8.17434
f 4222/4222/4222 4223/4223/4223 4224/4224/4224
v 39.5836 0.096277 3.24566
v 41.5836 0.096277 3.24216
v 41.5836 0.091622 3.23751
vn -0.00123445 0.707026 -0.707186
vn -0.00123445 0.707026 -0.707186
vn -0.00123445 0.707026 -0.707186
vt 8.52317 8.15169
vt 12.6461 8.15889
vt 12.6461 8.16849
f 4225/4225/4225 4226/4226/4226 4227/4227/4227
v 39.5836 0.091622 3.241
v 39.5836 0.096277 3.24566
v 41.5836 0.091622 3.23751
vn -0.00123387 0.707117 -0.707096
vn -0.00123387 0.707117 -0.707096
vn -0.00123387 0.707117 -0.707096
vt 8.52315 8.16129
vt 8.52317 8.15169
vt 12.6461 8.16849
f 4228/4228/4228 4229/4229/4229 4230/4230/4230
v 39.5836 0.099117 3.2514
v 41.5836 0.099117 3.24791
v 41.5836 0.096277 3.24216
vn -0.000773383 0.896481 -0.443081
vn -0.000773383 0.896481 -0.443081
vn -0.000773383 0.896481 -0.443081
vt 8.52319 8.13985
vt 12.6461 8.14704
vt 12.6461 8.15889
f 4231/4231/4231 4232/4232/4232 4233/4233/4233
v 39.5836 0.096277 3.24566
v 39.5836 0.099117 3.2514
v 41.5836 0.096277 3.24216
vn -0.000773462 0.896474 -0.443096
vn -0.000773462 0.896474 -0.443096
vn -0.000773462 0.896474 -0.443096
vt 8.52317 8.15169
vt 8.52319 8.13985
vt 12.6461 8.15889
f 4234/4234/4234 4235/4235/4235 4236/4236/4236
v 39.5836 0.1 3.25728
v 41.5836 0.1 3.25379
v 41.5836 0.099117 3.24791
vn -0.000259378 0.988897 -0.148601
vn -0.000259378 0.988897 -0.148601
vn -0.000259378 0.988897 -0.148601
vt 8.52321 8.12773
vt 12.6461 8.13493
vt 12.6461 8.14704
f 4237/4237/4237 4238/4238/4238 4239/4239/4239
v 39.5836 0.099117 3.2514
v 39.5836 0.1 3.25728
v 41.5836 0.099117 3.24791
vn -0.000259379 0.988897 -0.148602
vn -0.000259379 0.988897 -0.148602
vn -0.000259379 0.988897 -0.148602
vt 8.52319 8.13985
vt 8.52321 8.12773
vt 12.6461 8.14704
f 4240/4240/4240 4241/4241/4241 4242/4242/4242
v 39.5837 0.096277 3.3289
v 41.5837 0.096277 3.32541
v 41.5837 0.099117 3.31966
vn 0.00077341 0.896474 0.443097
vn 0.00077341 0.896474 0.443097
vn 0.00077341 0.896474 0.443097
vt 8.52347 7.98009
vt 12.6464 7.98729
vt 12.6464 7.99913
f 4243/4243/4243 4244/4244/4244 4245/4245/4245
v 39.5837 0.099117 3.32315
v 39.5837 0.096277 3.3289
v 41.5837 0.099117 3.31966
vn 0.000773408 0.896474 0.443096
vn 0.000773408 0.896474 0.443096
vn 0.000773408 0.896474 0.443096
vt 8.52345 7.99193
vt 8.52347 7.98009
vt 12.6464 7.99913
f 4246/4246/4246 4247/4247/4247 4248/4248/4248
v 39.5837 0.091622 3.33355
v 41.5837 0.091622 3.33006
v 41.5837 0.096277 3.32541
vn 0.00123387 0.707117 0.707096
vn 0.00123387 0.707117 0.707096
vn 0.00123387 0.707117 0.707096
vt 8.52348 7.9705
vt 12.6464 7.97769
vt 12.6464 7.98729
f 4249/4249/4249 4250/4250/4250 4251/4251/4251
v 39.5837 0.096277 3.3289
v 39.5837 0.091622 3.33355
v 41.5837 0.096277 3.32541
vn 0.00123434 0.707044 0.707168
vn 0.00123434 0.707044 0.707168
vn 0.00123434 0.707044 0.707168
vt 8.52347 7.98009
vt 8.52348 7.9705
vt 12.6464 7.98729
f 4252/4252/4252 4253/4253/4253 4254/4254/4254
v 39.5837 0.085876 3.33639
v 41.5837 0.085876 3.3329
v 41.5837 0.091622 3.33006
vn 0.00156489 0.443067 0.896487
vn 0.00156489 0.443067 0.896487
vn 0.00156489 0.443067 0.896487
vt 8.52349 7.96463
vt 12.6464 7.97183
vt 12.6464 7.97769
f 4255/4255/4255 4256/4256/4256 4257/4257/4257
v 39.5837 0.091622 3.33355
v 39.5837 0.085876 3.33639
v 41.5837 0.091622 3.33006
vn 0.00156423 0.443216 0.896413
vn 0.00156423 0.443216 0.896413
vn 0.00156423 0.443216 0.896413
vt 8.52348 7.9705
vt 8.52349 7.96463
vt 12.6464 7.97769
f 4258/4258/4258 4259/4259/4259 4260/4260/4260
v 39.5837 0.08 3.33728
v 41.5837 0.08 3.33379
v 41.5837 0.085876 3.3329
vn 0.00172608 0.14862 0.988893
vn 0.00172608 0.14862 0.988893
vn 0.00172608 0.14862 0.988893
vt 8.52349 7.96282
vt 12.6464 7.97002
vt 12.6464 7.97183
f 4261/4261/4261 4262/4262/4262 4263/4263/4263
v 39.5837 0.085876 3.33639
v 39.5837 0.08 3.33728
v 41.5837 0.085876 3.3329
vn 0.00172621 0.148581 0.988899
vn 0.00172621 0.148581 0.988899
vn 0.00172621 0.148581 0.988899
vt 8.52349 7.96463
vt 8.52349 7.96282
vt 12.6464 7.97183
f 4264/4264/4264 4265/4265/4265 4266/4266/4266
v 41.5836 0.091622 3.23751
v 43.5836 0.091622 3.23402
v 43.5836 0.085876 3.23118
vn -0.00156466 0.443215 -0.896414
vn -0.00156466 0.443215 -0.896414
vn -0.00156466 0.443215 -0.896414
vt 12.6461 8.16849
vt 16.769 8.17568
vt 16.769 8.18154
f 4267/4267/4267 4268/4268/4268 4269/4269/4269
v 41.5836 0.085876 3.23467
v 41.5836 0.091622 3.23751
v 43.5836 0.085876 3.23118
vn -0.00156466 0.443215 -0.896414
vn -0.00156466 0.443215 -0.896414
vn -0.00156466 0.443215 -0.896414
vt 12.6461 8.17434
vt 12.6461 8.16849
vt 16.769 8.18154
f 4270/4270/4270 4271/4271/4271 4272/4272/4272
v 41.5836 0.096277 3.24216
v 43.5836 0.096277 3.23867
v 43.5836 0.091622 3.23402
vn -0.00123437 0.707026 -0.707186
vn -0.00123437 0.707026 -0.707186
vn -0.00123437 0.707026 -0.707186
vt 12.6461 8.15889
vt 16.769 8.16609
vt 16.769 8.17568
f 4273/4273/4273 4274/4274/4274 4275/4275/4275
v 41.5836 0.091622 3.23751
v 41.5836 0.096277 3.24216
v 43.5836 0.091622 3.23402
vn -0.00123437 0.707026 -0.707186
vn -0.00123437 0.707026 -0.707186
vn -0.00123437 0.707026 -0.707186
vt 12.6461 8.16849
vt 12.6461 8.15889
vt 16.769 8.17568
f 4276/4276/4276 4277/4277/4277 4278/4278/4278
v 41.5836 0.099117 3.24791
v 43.5836 0.099117 3.24442
v 43.5836 0.096277 3.23867
vn -0.000773383 0.896481 -0.443081
vn -0.000773383 0.896481 -0.443081
vn -0.000773383 0.896481 -0.443081
vt 12.6461 8.14704
vt 16.769 8.15424
vt 16.769 8.16609
f 4279/4279/4279 4280/4280/4280 4281/4281/4281
v 41.5836 0.096277 3.24216
v 41.5836 0.099117 3.24791
v 43.5836 0.096277 3.23867
vn -0.000773383 0.896481 -0.443081
vn -0.000773383 0.896481 -0.443081
vn -0.000773383 0.896481 -0.443081
vt 12.6461 8.15889
vt 12.6461 8.14704
vt 16.769 8.16609
f 4282/4282/4282 4283/4283/4283 4284/4284/4284
v 41.5836 0.1 3.25379
v 43.5836 0.1 3.25029
v 43.5836 0.099117 3.24442
vn -0.000259407 0.988896 -0.148607
vn -0.000259407 0.988896 -0.148607
vn -0.000259407 0.988896 -0.148607
vt 12.6461 8.13493
vt 16.769 8.14213
vt 16.769 8.15424
f 4285/4285/4285 4286/4286/4286 4287/4287/4287
v 41.5836 0.099117 3.24791
v 41.5836 0.1 3.25379
v 43.5836 0.099117 3.24442
vn -0.000259379 0.988897 -0.148601
vn -0.000259379 0.988897 -0.148601
vn -0.000259379 0.988897 -0.148601
vt 12.6461 8.14704
vt 12.6461 8.13493
vt 16.769 8.15424
f 4288/4288/4288 4289/4289/4289 4290/4290/4290
v 41.5837 0.096277 3.32541
v 43.5837 0.096277 3.32192
v 43.5837 0.099117 3.31617
vn 0.000773173 0.896481 0.443082
vn 0.000773173 0.896481 0.443082
vn 0.000773173 0.896481 0.443082
vt 12.6464 7.98729
vt 16.7693 7.99448
vt 16.7693 8.00632
f 4291/4291/4291 4292/4292/4292 4293/4293/4293
v 41.5837 0.099117 3.31966
v 41.5837 0.096277 3.32541
v 43.5837 0.099117 3.31617
vn 0.000773251 0.896474 0.443097
vn 0.000773251 0.896474 0.443097
vn 0.000773251 0.896474 0.443097
vt 12.6464 7.99913
vt 12.6464 7.98729
vt 16.7693 8.00632
f 4294/4294/4294 4295/4295/4295 4296/4296/4296
v 41.5837 0.091622 3.33006
v 43.5837 0.091622 3.32657
v 43.5837 0.096277 3.32192
vn 0.00123445 0.707027 0.707186
vn 0.00123445 0.707027 0.707186
vn 0.00123445 0.707027 0.707186
vt 12.6464 7.97769
vt 16.7693 7.98489
vt 16.7693 7.99448
f 4297/4297/4297 4298/4298/4298 4299/4299/4299
v 41.5837 0.096277 3.32541
v 41.5837 0.091622 3.33006
v 43.5837 0.096277 3.32192
vn 0.00123387 0.707117 0.707096
vn 0.00123387 0.707117 0.707096
vn 0.00123387 0.707117 0.707096
vt 12.6464 7.98729
vt 12.6464 7.97769
vt 16.7693 7.99448
f 4300/4300/4300 4301/4301/4301 4302/4302/4302
v 41.5837 0.085876 3.3329
v 43.5837 0.085876 3.32941
v 43.5837 0.091622 3.32657
vn 0.00156423 0.443215 0.896414
vn 0.00156423 0.443215 0.896414
vn 0.00156423 0.443215 0.896414
vt 12.6464 7.97183
vt 16.7693 7.97903
vt 16.7693 7.98489
f 4303/4303/4303 4304/4304/4304 4305/4305/4305
v 41.5837 0.091622 3.33006
v 41.5837 0.085876 3.3329
v 43.5837 0.091622 3.32657
vn 0.00156489 0.443067 0.896487
vn 0.00156489 0.443067 0.896487
vn 0.00156489 0.443067 0.896487
vt 12.6464 7.97769
vt 12.6464 7.97183
vt 16.7693 7.98489
f 4306/4306/4306 4307/4307/4307 4308/4308/4308
v 41.5837 0.08 3.33379
v 43.5837 0.08 3.3303
v 43.5837 0.085876 3.32941
vn 0.00172612 0.148463 0.988916
vn 0.00172612 0.148463 0.988916
vn 0.00172612 0.148463 0.988916
vt 12.6464 7.97002
vt 16.7693 7.97721
vt 16.7693 7.97903
f 4309/4309/4309 4310/4310/4310 4311/4311/4311
v 41.5837 0.085876 3.3329
v 41.5837 0.08 3.33379
v 43.5837 0.085876 3.32941
vn 0.00172561 0.14862 0.988893
vn 0.00172561 0.14862 0.988893
vn 0.00172561 0.14862 0.988893
vt 12.6464 7.97183
vt 12.6464 7.97002
vt 16.7693 7.97903
f 4312/4312/4312 4313/4313/4313 4314/4314/4314
v 43.5836 0.091622 3.23402
v 45.5836 0.091622 3.23053
v 45.5836 0.085876 3.22769
vn -0.00156476 0.443096 -0.896473
vn -0.00156476 0.443096 -0.896473
vn -0.00156476 0.443096 -0.896473
vt 16.769 8.17568
vt 20.8919 8.18288
vt 20.8919 8.18873
f 4315/4315/4315 4316/4316/4316 4317/4317/4317
v 43.5836 0.085876 3.23118
v 43.5836 0.091622 3.23402
v 45.5836 0.085876 3.22769
vn -0.00156423 0.443215 -0.896414
vn -0.00156423 0.443215 -0.896414
vn -0.00156423 0.443215 -0.896414
vt 16.769 8.18154
vt 16.769 8.17568
vt 20.8919 8.18873
f 4318/4318/4318 4319/4319/4319 4320/4320/4320
v 43.5836 0.096277 3.23867
v 45.5836 0.096277 3.23518
v 45.5836 0.091622 3.23053
vn -0.0012339 0.707099 -0.707113
vn -0.0012339 0.707099 -0.707113
vn -0.0012339 0.707099 -0.707113
vt 16.769 8.16609
vt 20.8919 8.17328
vt 20.8919 8.18288
f 4321/4321/4321 4322/4322/4322 4323/4323/4323
v 43.5836 0.091622 3.23402
v 43.5836 0.096277 3.23867
v 45.5836 0.091622 3.23053
vn -0.00123437 0.707026 -0.707186
vn -0.00123437 0.707026 -0.707186
vn -0.00123437 0.707026 -0.707186
vt 16.769 8.17568
vt 16.769 8.16609
vt 20.8919 8.18288
f 4324/4324/4324 4325/4325/4325 4326/4326/4326
v 43.5836 0.099117 3.24442
v 45.5836 0.099117 3.24093
v 45.5836 0.096277 3.23518
vn -0.000773251 0.896474 -0.443097
vn -0.000773251 0.896474 -0.443097
vn -0.000773251 0.896474 -0.443097
vt 16.769 8.15424
vt 20.8919 8.16144
vt 20.8919 8.17328
f 4327/4327/4327 4328/4328/4328 4329/4329/4329
v 43.5836 0.096277 3.23867
v 43.5836 0.099117 3.24442
v 45.5836 0.096277 3.23518
vn -0.000773171 0.896481 -0.443081
vn -0.000773171 0.896481 -0.443081
vn -0.000773171 0.896481 -0.443081
vt 16.769 8.16609
vt 16.769 8.15424
vt 20.8919 8.17328
f 4330/4330/4330 4331/4331/4331 4332/4332/4332
v 43.5836 0.1 3.25029
v 45.5836 0.1 3.2468
v 45.5836 0.099117 3.24093
vn -0.000259308 0.988897 -0.148601
vn -0.000259308 0.988897 -0.148601
vn -0.000259308 0.988897 -0.148601
vt 16.769 8.14213
vt 20.892 8.14932
vt 20.8919 8.16144
f 4333/4333/4333 4334/4334/4334 4335/4335/4335
v 43.5836 0.099117 3.24442
v 43.5836 0.1 3.25029
v 45.5836 0.099117 3.24093
vn -0.000259336 0.988896 -0.148607
vn -0.000259336 0.988896 -0.148607
vn -0.000259336 0.988896 -0.148607
vt 16.769 8.15424
vt 16.769 8.14213
vt 20.8919 8.16144
f 4336/4336/4336 4337/4337/4337 4338/4338/4338
v 43.5837 0.096277 3.32192
v 45.5837 0.096277 3.31843
v 45.5837 0.099117 3.31268
vn 0.000773382 0.896481 0.443081
vn 0.000773382 0.896481 0.443081
vn 0.000773382 0.896481 0.443081
vt 16.7693 7.99448
vt 20.8922 8.00168
vt 20.8922 8.01352
f 4339/4339/4339 4340/4340/4340 4341/4341/4341
v 43.5837 0.099117 3.31617
v 43.5837 0.096277 3.32192
v 45.5837 0.099117 3.31268
vn 0.000773384 0.896481 0.443082
vn 0.000773384 0.896481 0.443082
vn 0.000773384 0.896481 0.443082
vt 16.7693 8.00632
vt 16.7693 7.99448
vt 20.8922 8.01352
f 4342/4342/4342 4343/4343/4343 4344/4344/4344
v 43.5837 0.091622 3.32657
v 45.5837 0.091622 3.32308
v 45.5837 0.096277 3.31843
vn 0.00123437 0.707026 0.707186
vn 0.00123437 0.707026 0.707186
vn 0.00123437 0.707026 0.707186
vt 16.7693 7.98489
vt 20.8922 7.99208
vt 20.8922 8.00168
f 4345/4345/4345 4346/4346/4346 4347/4347/4347
v 43.5837 0.096277 3.32192
v 43.5837 0.091622 3.32657
v 45.5837 0.096277 3.31843
vn 0.00123437 0.707027 0.707186
vn 0.00123437 0.707027 0.707186
vn 0.00123437 0.707027 0.707186
vt 16.7693 7.99448
vt 16.7693 7.98489
vt 20.8922 8.00168
f 4348/4348/4348 4349/4349/4349 4350/4350/4350
v 43.5837 0.085876 3.32941
v 45.5837 0.085876 3.32592
v 45.5837 0.091622 3.32308
vn 0.00156466 0.443215 0.896414
vn 0.00156466 0.443215 0.896414
vn 0.00156466 0.443215 0.896414
vt 16.7693 7.97903
vt 20.8922 7.98622
vt 20.8922 7.99208
f 4351/4351/4351 4352/4352/4352 4353/4353/4353
v 43.5837 0.091622 3.32657
v 43.5837 0.085876 3.32941
v 45.5837 0.091622 3.32308
vn 0.00156466 0.443215 0.896414
vn 0.00156466 0.443215 0.896414
vn 0.00156466 0.443215 0.896414
vt 16.7693 7.98489
vt 16.7693 7.97903
vt 20.8922 7.99208
f 4354/4354/4354 4355/4355/4355 4356/4356/4356
v 43.5837 0.08 3.3303
v 45.5837 0.08 3.32681
v 45.5837 0.085876 3.32592
vn 0.0017256 0.148621 0.988893
vn 0.0017256 0.148621 0.988893
vn 0.0017256 0.148621 0.988893
vt 16.7693 7.97721
vt 20.8922 7.9844
vt 20.8922 7.98622
f 4357/4357/4357 4358/4358/4358 4359/4359/4359
v 43.5837 0.085876 3.32941
v 43.5837 0.08 3.3303
v 45.5837 0.085876 3.32592
vn 0.00172612 0.148463 0.988916
vn 0.00172612 0.148463 0.988916
vn 0.00172612 0.148463 0.988916
vt 16.7693 7.97903
vt 16.7693 7.97721
vt 20.8922 7.98622
f 4360/4360/4360 4361/4361/4361 4362/4362/4362
v 45.5836 0.091622 3.23053
v 46.8279 0.091622 3.14089
v 46.8257 0.085876 3.13753
vn -0.0613165 0.521239 -0.851205
vn -0.0613165 0.521239 -0.851205
vn -0.0613165 0.521239 -0.851205
vt 20.8919 8.18288
vt 23.457 8.36765
vt 23.4525 8.37458
f 4363/4363/4363 4364/4364/4364 4365/4365/4365
v 45.5836 0.085876 3.22769
v 45.5836 0.091622 3.23053
v 46.8257 0.085876 3.13753
vn -0.0649284 0.442195 -0.894566
vn -0.0649284 0.442195 -0.894566
vn -0.0649284 0.442195 -0.894566
vt 20.8919 8.18873
vt 20.8919 8.18288
vt 23.4525 8.37458
f 4366/4366/4366 4367/4367/4367 4368/4368/4368
v 45.5836 0.096277 3.23518
v 46.8315 0.096277 3.1464
v 46.8279 0.091622 3.14089
vn -0.0446661 0.777085 -0.627809
vn -0.0446661 0.777085 -0.627809
vn -0.0446661 0.777085 -0.627809
vt 20.8919 8.17328
vt 23.4644 8.3563
vt 23.457 8.36765
f 4369/4369/4369 4370/4370/4370 4371/4371/4371
v 45.5836 0.091622 3.23053
v 45.5836 0.096277 3.23518
v 46.8279 0.091622 3.14089
vn -0.0508665 0.706245 -0.706137
vn -0.0508665 0.706245 -0.706137
vn -0.0508665 0.706245 -0.706137
vt 20.8919 8.18288
vt 20.8919 8.17328
vt 23.457 8.36765
f 4372/4372/4372 4373/4373/4373 4374/4374/4374
v 45.5836 0.099117 3.24093
v 46.8359 0.099117 3.15319
v 46.8315 0.096277 3.1464
vn -0.0259837 0.928307 -0.370905
vn -0.0259837 0.928307 -0.370905
vn -0.0259837 0.928307 -0.370905
vt 20.8919 8.16144
vt 23.4736 8.3423
vt 23.4644 8.3563
f 4375/4375/4375 4376/4376/4376 4377/4377/4377
v 45.5836 0.096277 3.23518
v 45.5836 0.099117 3.24093
v 46.8315 0.096277 3.1464
vn -0.0315066 0.896045 -0.442844
vn -0.0315066 0.896045 -0.442844
vn -0.0315066 0.896045 -0.442844
vt 20.8919 8.17328
vt 20.8919 8.16144
vt 23.4644 8.3563
f 4378/4378/4378 4379/4379/4379 4380/4380/4380
v 45.5836 0.1 3.2468
v 46.8405 0.1 3.16015
v 46.8359 0.099117 3.15319
vn -0.00831818 0.992661 -0.120647
vn -0.00831818 0.992661 -0.120647
vn -0.00831818 0.992661 -0.120647
vt 20.892 8.14932
vt 23.483 8.32797
vt 23.4736 8.3423
f 4381/4381/4381 4382/4382/4382 4383/4383/4383
v 45.5836 0.099117 3.24093
v 45.5836 0.1 3.2468
v 46.8359 0.099117 3.15319
vn -0.0104083 0.988847 -0.148574
vn -0.0104083 0.988847 -0.148574
vn -0.0104083 0.988847 -0.148574
vt 20.8919 8.16144
vt 20.892 8.14932
vt 23.4736 8.3423
f 4384/4384/4384 4385/4385/4385 4386/4386/4386
v 45.5837 0.096277 3.31843
v 46.896 0.096277 3.24486
v 46.8916 0.099117 3.23806
vn 0.0209542 0.927279 0.373784
vn 0.0209542 0.927279 0.373784
vn 0.0209542 0.927279 0.373784
vt 20.8922 8.00168
vt 23.5975 8.15333
vt 23.5883 8.16734
f 4387/4387/4387 4388/4388/4388 4389/4389/4389
v 45.5837 0.099117 3.31268
v 45.5837 0.096277 3.31843
v 46.8916 0.099117 3.23806
vn 0.0252687 0.896214 0.442901
vn 0.0252687 0.896214 0.442901
vn 0.0252687 0.896214 0.442901
vt 20.8922 8.01352
vt 20.8922 8.00168
vt 23.5883 8.16734
f 4390/4390/4390 4391/4391/4391 4392/4392/4392
v 45.5837 0.091622 3.32308
v 46.8996 0.091622 3.25037
v 46.896 0.096277 3.24486
vn 0.0349156 0.774304 0.631849
vn 0.0349156 0.774304 0.631849
vn 0.0349156 0.774304 0.631849
vt 20.8922 7.99208
vt 23.6049 8.14198
vt 23.5975 8.15333
f 4393/4393/4393 4394/4394/4394 4395/4395/4395
v 45.5837 0.096277 3.31843
v 45.5837 0.091622 3.32308
v 46.896 0.096277 3.24486
vn 0.0396118 0.706503 0.7066
vn 0.0396118 0.706503 0.7066
vn 0.0396118 0.706503 0.7066
vt 20.8922 8.00168
vt 20.8922 7.99208
vt 23.5975 8.15333
f 4396/4396/4396 4397/4397/4397 4398/4398/4398
v 45.5837 0.085876 3.32592
v 46.9018 0.085876 3.25373
v 46.8996 0.091622 3.25037
vn 0.0467975 0.517535 0.854381
vn 0.0467975 0.517535 0.854381
vn 0.0467975 0.517535 0.854381
vt 20.8922 7.98622
vt 23.6095 8.13506
vt 23.6049 8.14198
f 4399/4399/4399 4400/4400/4400 4401/4401/4401
v 45.5837 0.091622 3.32308
v 45.5837 0.085876 3.32592
v 46.8996 0.091622 3.25037
vn 0.049474 0.442699 0.895305
vn 0.049474 0.442699 0.895305
vn 0.049474 0.442699 0.895305
vt 20.8922 7.99208
vt 20.8922 7.98622
vt 23.6049 8.14198
f 4402/4402/4402 4403/4403/4403 4404/4404/4404
v 45.5837 0.08 3.32681
v 46.9025 0.08 3.25477
v 46.9018 0.085876 3.25373
vn 0.0536434 0.180759 0.982063
vn 0.0536434 0.180759 0.982063
vn 0.0536434 0.180759 0.982063
vt 20.8922 7.9844
vt 23.6109 8.1329
vt 23.6095 8.13506
f 4405/4405/4405 4406/4406/4406 4407/4407/4407
v 45.5837 0.085876 3.32592
v 45.5837 0.08 3.32681
v 46.9018 0.085876 3.25373
vn 0.0540856 0.148437 0.987442
vn 0.0540856 0.148437 0.987442
vn 0.0540856 0.148437 0.987442
vt 20.8922 7.98622
vt 20.8922 7.9844
vt 23.6095 8.13506
f 4408/4408/4408 4409/4409/4409 4410/4410/4410
v 46.8279 0.091622 3.14089
v 46.8796 0.091622 2.89249
v 46.8768 0.085876 2.89192
vn -0.877634 0.443156 -0.182679
vn -0.877634 0.443156 -0.182679
vn -0.877634 0.443156 -0.182679
vt 23.457 8.36765
vt 23.5636 8.87972
vt 23.5579 8.88092
f 4411/4411/4411 4412/4412/4412 4413/4413/4413
v 46.8257 0.085876 3.13753
v 46.8279 0.091622 3.14089
v 46.8768 0.085876 2.89192
vn -0.877691 0.44304 -0.182688
vn -0.877691 0.44304 -0.182688
vn -0.877691 0.44304 -0.182688
vt 23.4525 8.37458
vt 23.457 8.36765
vt 23.5579 8.88092
f 4414/4414/4414 4415/4415/4415 4416/4416/4416
v 46.8315 0.096277 3.1464
v 46.8841 0.096277 2.89344
v 46.8796 0.091622 2.89249
vn -0.692169 0.707208 -0.144079
vn -0.692169 0.707208 -0.144079
vn -0.692169 0.707208 -0.144079
vt 23.4644 8.3563
vt 23.573 8.87777
vt 23.5636 8.87972
f 4417/4417/4417 4418/4418/4418 4419/4419/4419
v 46.8279 0.091622 3.14089
v 46.8315 0.096277 3.1464
v 46.8796 0.091622 2.89249
vn -0.692282 0.707093 -0.144098
vn -0.692282 0.707093 -0.144098
vn -0.692282 0.707093 -0.144098
vt 23.457 8.36765
vt 23.4644 8.3563
vt 23.5636 8.87972
f 4420/4420/4420 4421/4421/4421 4422/4422/4422
v 46.8359 0.099117 3.15319
v 46.8898 0.099117 2.89461
v 46.8841 0.096277 2.89344
vn -0.433947 0.8964 -0.0903225
vn -0.433947 0.8964 -0.0903225
vn -0.433947 0.8964 -0.0903225
vt 23.4736 8.3423
vt 23.5846 8.87535
vt 23.573 8.87777
f 4423/4423/4423 4424/4424/4424 4425/4425/4425
v 46.8315 0.096277 3.1464
v 46.8359 0.099117 3.15319
v 46.8841 0.096277 2.89344
vn -0.433733 0.896507 -0.090284
vn -0.433733 0.896507 -0.090284
vn -0.433733 0.896507 -0.090284
vt 23.4644 8.3563
vt 23.4736 8.3423
vt 23.573 8.87777
f 4426/4426/4426 4427/4427/4427 4428/4428/4428
v 46.8405 0.1 3.16015
v 46.8955 0.1 2.89581
v 46.8898 0.099117 2.89461
vn -0.14549 0.988896 -0.0302827
vn -0.14549 0.988896 -0.0302827
vn -0.14549 0.988896 -0.0302827
vt 23.483 8.32797
vt 23.5964 8.87288
vt 23.5846 8.87535
f 4429/4429/4429 4430/4430/4430 4431/4431/4431
v 46.8359 0.099117 3.15319
v 46.8405 0.1 3.16015
v 46.8898 0.099117 2.89461
vn -0.145494 0.988896 -0.0302835
vn -0.145494 0.988896 -0.0302835
vn -0.145494 0.988896 -0.0302835
vt 23.4736 8.3423
vt 23.483 8.32797
vt 23.5846 8.87535
f 4432/4432/4432 4433/4433/4433 4434/4434/4434
v 46.896 0.096277 3.24486
v 46.9656 0.096277 2.91041
v 46.96 0.099117 2.90924
vn 0.433728 0.89651 0.0902826
vn 0.433728 0.89651 0.0902826
vn 0.433728 0.89651 0.0902826
vt 23.5975 8.15333
vt 23.741 8.8428
vt 23.7294 8.84521
f 4435/4435/4435 4436/4436/4436 4437/4437/4437
v 46.8916 0.099117 3.23806
v 46.896 0.096277 3.24486
v 46.96 0.099117 2.90924
vn 0.433965 0.89639 0.0903267
vn 0.433965 0.89639 0.0903267
vn 0.433965 0.89639 0.0903267
vt 23.5883 8.16734
vt 23.5975 8.15333
vt 23.7294 8.84521
f 4438/4438/4438 4439/4439/4439 4440/4440/4440
v 46.8996 0.091622 3.25037
v 46.9702 0.091622 2.91136
v 46.9656 0.096277 2.91041
vn 0.692452 0.70692 0.144132
vn 0.692452 0.70692 0.144132
vn 0.692452 0.70692 0.144132
vt 23.6049 8.14198
vt 23.7504 8.84084
vt 23.741 8.8428
f 4441/4441/4441 4442/4442/4442 4443/4443/4443
v 46.896 0.096277 3.24486
v 46.8996 0.091622 3.25037
v 46.9656 0.096277 2.91041
vn 0.69228 0.707095 0.144102
vn 0.69228 0.707095 0.144102
vn 0.69228 0.707095 0.144102
vt 23.5975 8.15333
vt 23.6049 8.14198
vt 23.741 8.8428
f 4444/4444/4444 4445/4445/4445 4446/4446/4446
v 46.9018 0.085876 3.25373
v 46.973 0.085876 2.91193
v 46.9702 0.091622 2.91136
vn 0.877634 0.443156 0.18268
vn 0.877634 0.443156 0.18268
vn 0.877634 0.443156 0.18268
vt 23.6095 8.13506
vt 23.7561 8.83965
vt 23.7504 8.84084
f 4447/4447/4447 4448/4448/4448 4449/4449/4449
v 46.8996 0.091622 3.25037
v 46.9018 0.085876 3.25373
v 46.9702 0.091622 2.91136
vn 0.87769 0.44304 0.182689
vn 0.87769 0.44304 0.182689
vn 0.87769 0.44304 0.182689
vt 23.6049 8.14198
vt 23.6095 8.13506
vt 23.7504 8.84084
f 4450/4450/4450 4451/4451/4451 4452/4452/4452
v 46.9025 0.08 3.25477
v 46.9738 0.08 2.91211
v 46.973 0.085876 2.91193
vn 0.968111 0.148842 0.201512
vn 0.968111 0.148842 0.201512
vn 0.968111 0.148842 0.201512
vt 23.6109 8.1329
vt 23.7579 8.83927
vt 23.7561 8.83965
f 4453/4453/4453 4454/4454/4454 4455/4455/4455
v 46.9018 0.085876 3.25373
v 46.9025 0.08 3.25477
v 46.973 0.085876 2.91193
vn 0.968098 0.148932 0.20151
vn 0.968098 0.148932 0.20151
vn 0.968098 0.148932 0.20151
vt 23.6095 8.13506
vt 23.6109 8.1329
vt 23.7561 8.83965
f 4456/4456/4456 4457/4457/4457 4458/4458/4458
v 46.8796 0.091622 2.89249
v 46.9509 0.091622 2.54984
v 46.9481 0.085876 2.54926
vn -0.877631 0.443162 -0.182678
vn -0.877631 0.443162 -0.182678
vn -0.877631 0.443162 -0.182678
vt 23.5636 8.87972
vt 23.7106 9.58609
vt 23.7049 9.58729
f 4459/4459/4459 4460/4460/4460 4461/4461/4461
v 46.8768 0.085876 2.89192
v 46.8796 0.091622 2.89249
v 46.9481 0.085876 2.54926
vn -0.877634 0.443156 -0.182679
vn -0.877634 0.443156 -0.182679
vn -0.877634 0.443156 -0.182679
vt 23.5579 8.88092
vt 23.5636 8.87972
vt 23.7049 9.58729
f 4462/4462/4462 4463/4463/4463 4464/4464/4464
v 46.8841 0.096277 2.89344
v 46.9555 0.096277 2.55079
v 46.9509 0.091622 2.54984
vn -0.692188 0.707189 -0.144078
vn -0.692188 0.707189 -0.144078
vn -0.692188 0.707189 -0.144078
vt 23.573 8.87777
vt 23.72 9.58414
vt 23.7106 9.58609
f 4465/4465/4465 4466/4466/4466 4467/4467/4467
v 46.8796 0.091622 2.89249
v 46.8841 0.096277 2.89344
v 46.9509 0.091622 2.54984
vn -0.69217 0.707208 -0.144075
vn -0.69217 0.707208 -0.144075
vn -0.69217 0.707208 -0.144075
vt 23.5636 8.87972
vt 23.573 8.87777
vt 23.7106 9.58609
f 4468/4468/4468 4469/4469/4469 4470/4470/4470
v 46.8898 0.099117 2.89461
v 46.9611 0.099117 2.55196
v 46.9555 0.096277 2.55079
vn -0.433943 0.896401 -0.0903247
vn -0.433943 0.896401 -0.0903247
vn -0.433943 0.896401 -0.0903247
vt 23.5846 8.87535
vt 23.7316 9.58172
vt 23.72 9.58414
f 4471/4471/4471 4472/4472/4472 4473/4473/4473
v 46.8841 0.096277 2.89344
v 46.8898 0.099117 2.89461
v 46.9555 0.096277 2.55079
vn -0.433946 0.8964 -0.0903253
vn -0.433946 0.8964 -0.0903253
vn -0.433946 0.8964 -0.0903253
vt 23.573 8.87777
vt 23.5846 8.87535
vt 23.72 9.58414
f 4474/4474/4474 4475/4475/4475 4476/4476/4476
v 46.8955 0.1 2.89581
v 46.9668 0.1 2.55315
v 46.9611 0.099117 2.55196
vn -0.145401 0.98891 -0.0302665
vn -0.145401 0.98891 -0.0302665
vn -0.145401 0.98891 -0.0302665
vt 23.5964 8.87288
vt 23.7435 9.57925
vt 23.7316 9.58172
f 4477/4477/4477 4478/4478/4478 4479/4479/4479
v 46.8898 0.099117 2.89461
v 46.8955 0.1 2.89581
v 46.9611 0.099117 2.55196
vn -0.14549 0.988896 -0.0302836
vn -0.14549 0.988896 -0.0302836
vn -0.14549 0.988896 -0.0302836
vt 23.5846 8.87535
vt 23.5964 8.87288
vt 23.7316 9.58172
f 4480/4480/4480 4481/4481/4481 4482/4482/4482
v 46.9656 0.096277 2.91041
v 47.037 0.096277 2.56775
v 47.0313 0.099117 2.56658
vn 0.433719 0.896514 0.0902783
vn 0.433719 0.896514 0.0902783
vn 0.433719 0.896514 0.0902783
vt 23.741 8.8428
vt 23.888 9.54917
vt 23.8764 9.55158
f 4483/4483/4483 4484/4484/4484 4485/4485/4485
v 46.96 0.099117 2.90924
v 46.9656 0.096277 2.91041
v 47.0313 0.099117 2.56658
vn 0.433728 0.89651 0.09028
vn 0.433728 0.89651 0.09028
vn 0.433728 0.89651 0.09028
vt 23.7294 8.84521
vt 23.741 8.8428
vt 23.8764 9.55158
f 4486/4486/4486 4487/4487/4487 4488/4488/4488
v 46.9702 0.091622 2.91136
v 47.0415 0.091622 2.5687
v 47.037 0.096277 2.56775
vn 0.692466 0.706906 0.144136
vn 0.692466 0.706906 0.144136
vn 0.692466 0.706906 0.144136
vt 23.7504 8.84084
vt 23.8974 9.54722
vt 23.888 9.54917
f 4489/4489/4489 4490/4490/4490 4491/4491/4491
v 46.9656 0.096277 2.91041
v 46.9702 0.091622 2.91136
v 47.037 0.096277 2.56775
vn 0.692452 0.70692 0.144133
vn 0.692452 0.70692 0.144133
vn 0.692452 0.70692 0.144133
vt 23.741 8.8428
vt 23.7504 8.84084
vt 23.888 9.54917
f 4492/4492/4492 4493/4493/4493 4494/4494/4494
v 46.973 0.085876 2.91193
v 47.0443 0.085876 2.56928
v 47.0415 0.091622 2.5687
vn 0.877631 0.443162 0.182678
vn 0.877631 0.443162 0.182678
vn 0.877631 0.443162 0.182678
vt 23.7561 8.83965
vt 23.9031 9.54602
vt 23.8974 9.54722
f 4495/4495/4495 4496/4496/4496 4497/4497/4497
v 46.9702 0.091622 2.91136
v 46.973 0.085876 2.91193
v 47.0415 0.091622 2.5687
vn 0.877634 0.443156 0.182678
vn 0.877634 0.443156 0.182678
vn 0.877634 0.443156 0.182678
vt 23.7504 8.84084
vt 23.7561 8.83965
vt 23.8974 9.54722
f 4498/4498/4498 4499/4499/4499 4500/4500/4500
v 46.9738 0.08 2.91211
v 47.0452 0.08 2.56946
v 47.0443 0.085876 2.56928
vn 0.968111 0.148842 0.201511
vn 0.968111 0.148842 0.201511
vn 0.968111 0.148842 0.201511
vt 23.7579 8.83927
vt 23.9049 9.54564
vt 23.9031 9.54602
f 4501/4501/4501 4502/4502/4502 4503/4503/4503
v 46.973 0.085876 2.91193
v 46.9738 0.08 2.91211
v 47.0443 0.085876 2.56928
vn 0.968111 0.148842 0.201511
vn 0.968111 0.148842 0.201511
vn 0.968111 0.148842 0.201511
vt 23.7561 8.83965
vt 23.7579 8.83927
vt 23.9031 9.54602
f 4504/4504/4504 4505/4505/4505 4506/4506/4506
v 46.9509 0.091622 2.54984
v 47.0222 0.091622 2.20718
v 47.0195 0.085876 2.2066
vn -0.877634 0.443156 -0.182678
vn -0.877634 0.443156 -0.182678
vn -0.877634 0.443156 -0.182678
vt 23.7106 9.58609
vt 23.8577 10.2925
vt 23.8519 10.2937
f 4507/4507/4507 4508/4508/4508 4509/4509/4509
v 46.9481 0.085876 2.54926
v 46.9509 0.091622 2.54984
v 47.0195 0.085876 2.2066
vn -0.877631 0.443162 -0.182678
vn -0.877631 0.443162 -0.182678
vn -0.877631 0.443162 -0.182678
vt 23.7049 9.58729
vt 23.7106 9.58609
vt 23.8519 10.2937
f 4510/4510/4510 4511/4511/4511 4512/4512/4512
v 46.9555 0.096277 2.55079
v 47.0268 0.096277 2.20813
v 47.0222 0.091622 2.20718
vn -0.692185 0.707193 -0.144077
vn -0.692185 0.707193 -0.144077
vn -0.692185 0.707193 -0.144077
vt 23.72 9.58414
vt 23.8671 10.2905
vt 23.8577 10.2925
f 4513/4513/4513 4514/4514/4514 4515/4515/4515
v 46.9509 0.091622 2.54984
v 46.9555 0.096277 2.55079
v 47.0222 0.091622 2.20718
vn -0.692188 0.707189 -0.144078
vn -0.692188 0.707189 -0.144078
vn -0.692188 0.707189 -0.144078
vt 23.7106 9.58609
vt 23.72 9.58414
vt 23.8577 10.2925
f 4516/4516/4516 4517/4517/4517 4518/4518/4518
v 46.9611 0.099117 2.55196
v 47.0324 0.099117 2.2093
v 47.0268 0.096277 2.20813
vn -0.433718 0.896514 -0.0902827
vn -0.433718 0.896514 -0.0902827
vn -0.433718 0.896514 -0.0902827
vt 23.7316 9.58172
vt 23.8786 10.2881
vt 23.8671 10.2905
f 4519/4519/4519 4520/4520/4520 4521/4521/4521
v 46.9555 0.096277 2.55079
v 46.9611 0.099117 2.55196
v 47.0268 0.096277 2.20813
vn -0.433943 0.896401 -0.0903247
vn -0.433943 0.896401 -0.0903247
vn -0.433943 0.896401 -0.0903247
vt 23.72 9.58414
vt 23.7316 9.58172
vt 23.8671 10.2905
f 4522/4522/4522 4523/4523/4523 4524/4524/4524
v 46.9668 0.1 2.55315
v 47.0382 0.1 2.2105
v 47.0324 0.099117 2.2093
vn -0.145485 0.988897 -0.0302827
vn -0.145485 0.988897 -0.0302827
vn -0.145485 0.988897 -0.0302827
vt 23.7435 9.57925
vt 23.8905 10.2856
vt 23.8786 10.2881
f 4525/4525/4525 4526/4526/4526 4527/4527/4527
v 46.9611 0.099117 2.55196
v 46.9668 0.1 2.55315
v 47.0324 0.099117 2.2093
vn -0.145401 0.98891 -0.0302665
vn -0.145401 0.98891 -0.0302665
vn -0.145401 0.98891 -0.0302665
vt 23.7316 9.58172
vt 23.7435 9.57925
vt 23.8786 10.2881
f 4528/4528/4528 4529/4529/4529 4530/4530/4530
v 47.037 0.096277 2.56775
v 47.1083 0.096277 2.2251
v 47.1027 0.099117 2.22392
vn 0.433716 0.896515 0.0902775
vn 0.433716 0.896515 0.0902775
vn 0.433716 0.896515 0.0902775
vt 23.888 9.54917
vt 24.0351 10.2555
vt 24.0235 10.2579
f 4531/4531/4531 4532/4532/4532 4533/4533/4533
v 47.0313 0.099117 2.56658
v 47.037 0.096277 2.56775
v 47.1027 0.099117 2.22392
vn 0.433719 0.896514 0.0902781
vn 0.433719 0.896514 0.0902781
vn 0.433719 0.896514 0.0902781
vt 23.8764 9.55158
vt 23.888 9.54917
vt 24.0235 10.2579
f 4534/4534/4534 4535/4535/4535 4536/4536/4536
v 47.0415 0.091622 2.5687
v 47.1128 0.091622 2.22604
v 47.1083 0.096277 2.2251
vn 0.692187 0.707189 0.144086
vn 0.692187 0.707189 0.144086
vn 0.692187 0.707189 0.144086
vt 23.8974 9.54722
vt 24.0444 10.2536
vt 24.0351 10.2555
f 4537/4537/4537 4538/4538/4538 4539/4539/4539
v 47.037 0.096277 2.56775
v 47.0415 0.091622 2.5687
v 47.1083 0.096277 2.2251
vn 0.692466 0.706906 0.144136
vn 0.692466 0.706906 0.144136
vn 0.692466 0.706906 0.144136
vt 23.888 9.54917
vt 23.8974 9.54722
vt 24.0351 10.2555
f 4540/4540/4540 4541/4541/4541 4542/4542/4542
v 47.0443 0.085876 2.56928
v 47.1156 0.085876 2.22662
v 47.1128 0.091622 2.22604
vn 0.877629 0.443162 0.182687
vn 0.877629 0.443162 0.182687
vn 0.877629 0.443162 0.182687
vt 23.9031 9.54602
vt 24.0502 10.2524
vt 24.0444 10.2536
f 4543/4543/4543 4544/4544/4544 4545/4545/4545
v 47.0415 0.091622 2.5687
v 47.0443 0.085876 2.56928
v 47.1128 0.091622 2.22604
vn 0.877629 0.443162 0.182687
vn 0.877629 0.443162 0.182687
vn 0.877629 0.443162 0.182687
vt 23.8974 9.54722
vt 23.9031 9.54602
vt 24.0444 10.2536
f 4546/4546/4546 4547/4547/4547 4548/4548/4548
v 47.0452 0.08 2.56946
v 47.1165 0.08 2.2268
v 47.1156 0.085876 2.22662
vn 0.968202 0.148227 0.20153
vn 0.968202 0.148227 0.20153
vn 0.968202 0.148227 0.20153
vt 23.9049 9.54564
vt 24.052 10.252
vt 24.0502 10.2524
f 4549/4549/4549 4550/4550/4550 4551/4551/4551
v 47.0443 0.085876 2.56928
v 47.0452 0.08 2.56946
v 47.1156 0.085876 2.22662
vn 0.968109 0.148842 0.201521
vn 0.968109 0.148842 0.201521
vn 0.968109 0.148842 0.201521
vt 23.9031 9.54602
vt 23.9049 9.54564
vt 24.0502 10.2524
f 4552/4552/4552 4553/4553/4553 4554/4554/4554
v 47.0222 0.091622 2.20718
v 47.0936 0.091622 1.86453
v 47.0908 0.085876 1.86395
vn -0.877404 0.443627 -0.18264
vn -0.877404 0.443627 -0.18264
vn -0.877404 0.443627 -0.18264
vt 23.8577 10.2925
vt 24.0047 10.9988
vt 23.999 11
f 4555/4555/4555 4556/4556/4556 4557/4557/4557
v 47.0195 0.085876 2.2066
v 47.0222 0.091622 2.20718
v 47.0908 0.085876 1.86395
vn -0.877634 0.443156 -0.182678
vn -0.877634 0.443156 -0.182678
vn -0.877634 0.443156 -0.182678
vt 23.8519 10.2937
vt 23.8577 10.2925
vt 23.999 11
f 4558/4558/4558 4559/4559/4559 4560/4560/4560
v 47.0268 0.096277 2.20813
v 47.0981 0.096277 1.86548
v 47.0936 0.091622 1.86453
vn -0.69245 0.706922 -0.144133
vn -0.69245 0.706922 -0.144133
vn -0.69245 0.706922 -0.144133
vt 23.8671 10.2905
vt 24.0141 10.9969
vt 24.0047 10.9988
f 4561/4561/4561 4562/4562/4562 4563/4563/4563
v 47.0222 0.091622 2.20718
v 47.0268 0.096277 2.20813
v 47.0936 0.091622 1.86453
vn -0.692183 0.707193 -0.144085
vn -0.692183 0.707193 -0.144085
vn -0.692183 0.707193 -0.144085
vt 23.8577 10.2925
vt 23.8671 10.2905
vt 24.0047 10.9988
f 4564/4564/4564 4565/4565/4565 4566/4566/4566
v 47.0324 0.099117 2.2093
v 47.1037 0.099117 1.86665
v 47.0981 0.096277 1.86548
vn -0.433718 0.896515 -0.0902781
vn -0.433718 0.896515 -0.0902781
vn -0.433718 0.896515 -0.0902781
vt 23.8786 10.2881
vt 24.0257 10.9945
vt 24.0141 10.9969
f 4567/4567/4567 4568/4568/4568 4569/4569/4569
v 47.0268 0.096277 2.20813
v 47.0324 0.099117 2.2093
v 47.0981 0.096277 1.86548
vn -0.433719 0.896514 -0.0902784
vn -0.433719 0.896514 -0.0902784
vn -0.433719 0.896514 -0.0902784
vt 23.8671 10.2905
vt 23.8786 10.2881
vt 24.0141 10.9969
f 4570/4570/4570 4571/4571/4571 4572/4572/4572
v 47.0382 0.1 2.2105
v 47.1095 0.1 1.86784
v 47.1037 0.099117 1.86665
vn -0.145491 0.988896 -0.0302837
vn -0.145491 0.988896 -0.0302837
vn -0.145491 0.988896 -0.0302837
vt 23.8905 10.2856
vt 24.0375 10.992
vt 24.0257 10.9945
f 4573/4573/4573 4574/4574/4574 4575/4575/4575
v 47.0324 0.099117 2.2093
v 47.0382 0.1 2.2105
v 47.1037 0.099117 1.86665
vn -0.145485 0.988897 -0.0302827
vn -0.145485 0.988897 -0.0302827
vn -0.145485 0.988897 -0.0302827
vt 23.8786 10.2881
vt 23.8905 10.2856
vt 24.0257 10.9945
f 4576/4576/4576 4577/4577/4577 4578/4578/4578
v 47.1083 0.096277 2.2251
v 47.1796 0.096277 1.88244
v 47.174 0.099117 1.88127
vn 0.43373 0.896509 0.0902803
vn 0.43373 0.896509 0.0902803
vn 0.43373 0.896509 0.0902803
vt 24.0351 10.2555
vt 24.1821 10.9619
vt 24.1705 10.9643
f 4579/4579/4579 4580/4580/4580 4581/4581/4581
v 47.1027 0.099117 2.22392
v 47.1083 0.096277 2.2251
v 47.174 0.099117 1.88127
vn 0.433716 0.896515 0.0902778
vn 0.433716 0.896515 0.0902778
vn 0.433716 0.896515 0.0902778
vt 24.0235 10.2579
vt 24.0351 10.2555
vt 24.1705 10.9643
f 4582/4582/4582 4583/4583/4583 4584/4584/4584
v 47.1128 0.091622 2.22604
v 47.1842 0.091622 1.88339
v 47.1796 0.096277 1.88244
vn 0.692172 0.707206 0.144075
vn 0.692172 0.707206 0.144075
vn 0.692172 0.707206 0.144075
vt 24.0444 10.2536
vt 24.1915 10.96
vt 24.1821 10.9619
f 4585/4585/4585 4586/4586/4586 4587/4587/4587
v 47.1083 0.096277 2.2251
v 47.1128 0.091622 2.22604
v 47.1796 0.096277 1.88244
vn 0.692188 0.707189 0.144078
vn 0.692188 0.707189 0.144078
vn 0.692188 0.707189 0.144078
vt 24.0351 10.2555
vt 24.0444 10.2536
vt 24.1821 10.9619
f 4588/4588/4588 4589/4589/4589 4590/4590/4590
v 47.1156 0.085876 2.22662
v 47.187 0.085876 1.88397
v 47.1842 0.091622 1.88339
vn 0.877632 0.443159 0.182679
vn 0.877632 0.443159 0.182679
vn 0.877632 0.443159 0.182679
vt 24.0502 10.2524
vt 24.1972 10.9588
vt 24.1915 10.96
f 4591/4591/4591 4592/4592/4592 4593/4593/4593
v 47.1128 0.091622 2.22604
v 47.1156 0.085876 2.22662
v 47.1842 0.091622 1.88339
vn 0.877631 0.443162 0.182678
vn 0.877631 0.443162 0.182678
vn 0.877631 0.443162 0.182678
vt 24.0444 10.2536
vt 24.0502 10.2524
vt 24.1915 10.96
f 4594/4594/4594 4595/4595/4595 4596/4596/4596
v 47.1165 0.08 2.2268
v 47.1878 0.08 1.88415
v 47.187 0.085876 1.88397
vn 0.968202 0.148227 0.20153
vn 0.968202 0.148227 0.20153
vn 0.968202 0.148227 0.20153
vt 24.052 10.252
vt 24.199 10.9584
vt 24.1972 10.9588
f 4597/4597/4597 4598/4598/4598 4599/4599/4599
v 47.1156 0.085876 2.22662
v 47.1165 0.08 2.2268
v 47.187 0.085876 1.88397
vn 0.968202 0.148227 0.20153
vn 0.968202 0.148227 0.20153
vn 0.968202 0.148227 0.20153
vt 24.0502 10.2524
vt 24.052 10.252
vt 24.1972 10.9588
f 4600/4600/4600 4601/4601/4601 4602/4602/4602
v 47.0936 0.091622 1.86453
v 47.1649 0.091622 1.52187
v 47.1621 0.085876 1.52129
vn -0.877632 0.443159 -0.182679
vn -0.877632 0.443159 -0.182679
vn -0.877632 0.443159 -0.182679
vt 24.0047 10.9988
vt 24.1517 11.7052
vt 24.146 11.7064
f 4603/4603/4603 4604/4604/4604 4605/4605/4605
v 47.0908 0.085876 1.86395
v 47.0936 0.091622 1.86453
v 47.1621 0.085876 1.52129
vn -0.877404 0.443627 -0.182641
vn -0.877404 0.443627 -0.182641
vn -0.877404 0.443627 -0.182641
vt 23.999 11
vt 24.0047 10.9988
vt 24.146 11.7064
f 4606/4606/4606 4607/4607/4607 4608/4608/4608
v 47.0981 0.096277 1.86548
v 47.1694 0.096277 1.52282
v 47.1649 0.091622 1.52187
vn -0.692466 0.706906 -0.144136
vn -0.692466 0.706906 -0.144136
vn -0.692466 0.706906 -0.144136
vt 24.0141 10.9969
vt 24.1611 11.7033
vt 24.1517 11.7052
f 4609/4609/4609 4610/4610/4610 4611/4611/4611
v 47.0936 0.091622 1.86453
v 47.0981 0.096277 1.86548
v 47.1649 0.091622 1.52187
vn -0.69245 0.706922 -0.144133
vn -0.69245 0.706922 -0.144133
vn -0.69245 0.706922 -0.144133
vt 24.0047 10.9988
vt 24.0141 10.9969
vt 24.1517 11.7052
f 4612/4612/4612 4613/4613/4613 4614/4614/4614
v 47.1037 0.099117 1.86665
v 47.1751 0.099117 1.52399
v 47.1694 0.096277 1.52282
vn -0.433718 0.896515 -0.0902778
vn -0.433718 0.896515 -0.0902778
vn -0.433718 0.896515 -0.0902778
vt 24.0257 10.9945
vt 24.1727 11.7008
vt 24.1611 11.7033
f 4615/4615/4615 4616/4616/4616 4617/4617/4617
v 47.0981 0.096277 1.86548
v 47.1037 0.099117 1.86665
v 47.1694 0.096277 1.52282
vn -0.433718 0.896515 -0.0902778
vn -0.433718 0.896515 -0.0902778
vn -0.433718 0.896515 -0.0902778
vt 24.0141 10.9969
vt 24.0257 10.9945
vt 24.1611 11.7033
f 4618/4618/4618 4619/4619/4619 4620/4620/4620
v 47.1095 0.1 1.86784
v 47.1808 0.1 1.52519
v 47.1751 0.099117 1.52399
vn -0.145491 0.988896 -0.0302837
vn -0.145491 0.988896 -0.0302837
vn -0.145491 0.988896 -0.0302837
vt 24.0375 10.992
vt 24.1846 11.6984
vt 24.1727 11.7008
f 4621/4621/4621 4622/4622/4622 4623/4623/4623
v 47.1037 0.099117 1.86665
v 47.1095 0.1 1.86784
v 47.1751 0.099117 1.52399
vn -0.145491 0.988896 -0.0302837
vn -0.145491 0.988896 -0.0302837
vn -0.145491 0.988896 -0.0302837
vt 24.0257 10.9945
vt 24.0375 10.992
vt 24.1727 11.7008
f 4624/4624/4624 4625/4625/4625 4626/4626/4626
v 47.1796 0.096277 1.88244
v 47.2509 0.096277 1.53978
v 47.2453 0.099117 1.53861
vn 0.433945 0.8964 0.0903252
vn 0.433945 0.8964 0.0903252
vn 0.433945 0.8964 0.0903252
vt 24.1821 10.9619
vt 24.3291 11.6683
vt 24.3175 11.6707
f 4627/4627/4627 4628/4628/4628 4629/4629/4629
v 47.174 0.099117 1.88127
v 47.1796 0.096277 1.88244
v 47.2453 0.099117 1.53861
vn 0.433729 0.896509 0.0902849
vn 0.433729 0.896509 0.0902849
vn 0.433729 0.896509 0.0902849
vt 24.1705 10.9643
vt 24.1821 10.9619
vt 24.3175 11.6707
f 4630/4630/4630 4631/4631/4631 4632/4632/4632
v 47.1842 0.091622 1.88339
v 47.2555 0.091622 1.54073
v 47.2509 0.096277 1.53978
vn 0.692187 0.707191 0.144078
vn 0.692187 0.707191 0.144078
vn 0.692187 0.707191 0.144078
vt 24.1915 10.96
vt 24.3385 11.6663
vt 24.3291 11.6683
f 4633/4633/4633 4634/4634/4634 4635/4635/4635
v 47.1796 0.096277 1.88244
v 47.1842 0.091622 1.88339
v 47.2509 0.096277 1.53978
vn 0.692172 0.707206 0.144075
vn 0.692172 0.707206 0.144075
vn 0.692172 0.707206 0.144075
vt 24.1821 10.9619
vt 24.1915 10.96
vt 24.3291 11.6683
f 4636/4636/4636 4637/4637/4637 4638/4638/4638
v 47.187 0.085876 1.88397
v 47.2583 0.085876 1.54131
v 47.2555 0.091622 1.54073
vn 0.877632 0.443159 0.182678
vn 0.877632 0.443159 0.182678
vn 0.877632 0.443159 0.182678
vt 24.1972 10.9588
vt 24.3442 11.6651
vt 24.3385 11.6663
f 4639/4639/4639 4640/4640/4640 4641/4641/4641
v 47.1842 0.091622 1.88339
v 47.187 0.085876 1.88397
v 47.2555 0.091622 1.54073
vn 0.877632 0.443159 0.182678
vn 0.877632 0.443159 0.182678
vn 0.877632 0.443159 0.182678
vt 24.1915 10.96
vt 24.1972 10.9588
vt 24.3385 11.6663
f 4642/4642/4642 4643/4643/4643 4644/4644/4644
v 47.1878 0.08 1.88415
v 47.2591 0.08 1.54149
v 47.2583 0.085876 1.54131
vn 0.968202 0.148227 0.20153
vn 0.968202 0.148227 0.20153
vn 0.968202 0.148227 0.20153
vt 24.199 10.9584
vt 24.346 11.6648
vt 24.3442 11.6651
f 4645/4645/4645 4646/4646/4646 4647/4647/4647
v 47.187 0.085876 1.88397
v 47.1878 0.08 1.88415
v 47.2583 0.085876 1.54131
vn 0.968202 0.148227 0.20153
vn 0.968202 0.148227 0.20153
vn 0.968202 0.148227 0.20153
vt 24.1972 10.9588
vt 24.199 10.9584
vt 24.3442 11.6651
f 4648/4648/4648 4649/4649/4649 4650/4650/4650
v 47.1649 0.091622 1.52187
v 47.2362 0.091622 1.17922
v 47.2334 0.085876 1.17864
vn -0.877632 0.443159 -0.182678
vn -0.877632 0.443159 -0.182678
vn -0.877632 0.443159 -0.182678
vt 24.1517 11.7052
vt 24.2987 12.4116
vt 24.293 12.4128
f 4651/4651/4651 4652/4652/4652 4653/4653/4653
v 47.1621 0.085876 1.52129
v 47.1649 0.091622 1.52187
v 47.2334 0.085876 1.17864
vn -0.877632 0.443159 -0.182678
vn -0.877632 0.443159 -0.182678
vn -0.877632 0.443159 -0.182678
vt 24.146 11.7064
vt 24.1517 11.7052
vt 24.293 12.4128
f 4654/4654/4654 4655/4655/4655 4656/4656/4656
v 47.1694 0.096277 1.52282
v 47.2408 0.096277 1.18016
v 47.2362 0.091622 1.17922
vn -0.692466 0.706906 -0.144136
vn -0.692466 0.706906 -0.144136
vn -0.692466 0.706906 -0.144136
vt 24.1611 11.7033
vt 24.3081 12.4096
vt 24.2987 12.4116
f 4657/4657/4657 4658/4658/4658 4659/4659/4659
v 47.1649 0.091622 1.52187
v 47.1694 0.096277 1.52282
v 47.2362 0.091622 1.17922
vn -0.692466 0.706906 -0.144136
vn -0.692466 0.706906 -0.144136
vn -0.692466 0.706906 -0.144136
vt 24.1517 11.7052
vt 24.1611 11.7033
vt 24.2987 12.4116
f 4660/4660/4660 4661/4661/4661 4662/4662/4662
v 47.1751 0.099117 1.52399
v 47.2464 0.099117 1.18133
v 47.2408 0.096277 1.18016
vn -0.433718 0.896515 -0.0902778
vn -0.433718 0.896515 -0.0902778
vn -0.433718 0.896515 -0.0902778
vt 24.1727 11.7008
vt 24.3197 12.4072
vt 24.3081 12.4096
f 4663/4663/4663 4664/4664/4664 4665/4665/4665
v 47.1694 0.096277 1.52282
v 47.1751 0.099117 1.52399
v 47.2408 0.096277 1.18016
vn -0.433718 0.896515 -0.0902778
vn -0.433718 0.896515 -0.0902778
vn -0.433718 0.896515 -0.0902778
vt 24.1611 11.7033
vt 24.1727 11.7008
vt 24.3081 12.4096
f 4666/4666/4666 4667/4667/4667 4668/4668/4668
v 47.1808 0.1 1.52519
v 47.2521 0.1 1.18253
v 47.2464 0.099117 1.18133
vn -0.145485 0.988897 -0.0302827
vn -0.145485 0.988897 -0.0302827
vn -0.145485 0.988897 -0.0302827
vt 24.1846 11.6984
vt 24.3316 12.4047
vt 24.3197 12.4072
f 4669/4669/4669 4670/4670/4670 4671/4671/4671
v 47.1751 0.099117 1.52399
v 47.1808 0.1 1.52519
v 47.2464 0.099117 1.18133
vn -0.145491 0.988896 -0.0302837
vn -0.145491 0.988896 -0.0302837
vn -0.145491 0.988896 -0.0302837
vt 24.1727 11.7008
vt 24.1846 11.6984
vt 24.3197 12.4072
f 4672/4672/4672 4673/4673/4673 4674/4674/4674
v 47.2509 0.096277 1.53978
v 47.3223 0.096277 1.19713
v 47.3166 0.099117 1.19596
vn 0.433943 0.896401 0.0903247
vn 0.433943 0.896401 0.0903247
vn 0.433943 0.896401 0.0903247
vt 24.3291 11.6683
vt 24.4761 12.3747
vt 24.4646 12.3771
f 4675/4675/4675 4676/4676/4676 4677/4677/4677
v 47.2453 0.099117 1.53861
v 47.2509 0.096277 1.53978
v 47.3166 0.099117 1.19596
vn 0.433945 0.8964 0.090325
vn 0.433945 0.8964 0.090325
vn 0.433945 0.8964 0.090325
vt 24.3175 11.6707
vt 24.3291 11.6683
vt 24.4646 12.3771
f 4678/4678/4678 4679/4679/4679 4680/4680/4680
v 47.2555 0.091622 1.54073
v 47.3268 0.091622 1.19808
v 47.3223 0.096277 1.19713
vn 0.692188 0.707189 0.144078
vn 0.692188 0.707189 0.144078
vn 0.692188 0.707189 0.144078
vt 24.3385 11.6663
vt 24.4855 12.3727
vt 24.4761 12.3747
f 4681/4681/4681 4682/4682/4682 4683/4683/4683
v 47.2509 0.096277 1.53978
v 47.2555 0.091622 1.54073
v 47.3223 0.096277 1.19713
vn 0.692187 0.707191 0.144078
vn 0.692187 0.707191 0.144078
vn 0.692187 0.707191 0.144078
vt 24.3291 11.6683
vt 24.3385 11.6663
vt 24.4761 12.3747
f 4684/4684/4684 4685/4685/4685 4686/4686/4686
v 47.2583 0.085876 1.54131
v 47.3296 0.085876 1.19866
v 47.3268 0.091622 1.19808
vn 0.877632 0.443159 0.182678
vn 0.877632 0.443159 0.182678
vn 0.877632 0.443159 0.182678
vt 24.3442 11.6651
vt 24.4913 12.3715
vt 24.4855 12.3727
f 4687/4687/4687 4688/4688/4688 4689/4689/4689
v 47.2555 0.091622 1.54073
v 47.2583 0.085876 1.54131
v 47.3268 0.091622 1.19808
vn 0.877632 0.443159 0.182678
vn 0.877632 0.443159 0.182678
vn 0.877632 0.443159 0.182678
vt 24.3385 11.6663
vt 24.3442 11.6651
vt 24.4855 12.3727
f 4690/4690/4690 4691/4691/4691 4692/4692/4692
v 47.2591 0.08 1.54149
v 47.3305 0.08 1.19884
v 47.3296 0.085876 1.19866
vn 0.968202 0.148227 0.20153
vn 0.968202 0.148227 0.20153
vn 0.968202 0.148227 0.20153
vt 24.346 11.6648
vt 24.4931 12.3711
vt 24.4913 12.3715
f 4693/4693/4693 4694/4694/4694 4695/4695/4695
v 47.2583 0.085876 1.54131
v 47.2591 0.08 1.54149
v 47.3296 0.085876 1.19866
vn 0.968202 0.148227 0.20153
vn 0.968202 0.148227 0.20153
vn 0.968202 0.148227 0.20153
vt 24.3442 11.6651
vt 24.346 11.6648
vt 24.4913 12.3715
f 4696/4696/4696 4697/4697/4697 4698/4698/4698
v 47.2362 0.091622 1.17922
v 47.3075 0.091622 0.83656
v 47.3047 0.085876 0.835981
vn -0.877632 0.443159 -0.182678
vn -0.877632 0.443159 -0.182678
vn -0.877632 0.443159 -0.182678
vt 24.2987 12.4116
vt 24.4458 13.1179
vt 24.44 13.1191
f 4699/4699/4699 4700/4700/4700 4701/4701/4701
v 47.2334 0.085876 1.17864
v 47.2362 0.091622 1.17922
v 47.3047 0.085876 0.835981
vn -0.877632 0.443159 -0.182678
vn -0.877632 0.443159 -0.182678
vn -0.877632 0.443159 -0.182678
vt 24.293 12.4128
vt 24.2987 12.4116
vt 24.44 13.1191
f 4702/4702/4702 4703/4703/4703 4704/4704/4704
v 47.2408 0.096277 1.18016
v 47.3121 0.096277 0.837509
v 47.3075 0.091622 0.83656
vn -0.692451 0.706921 -0.144133
vn -0.692451 0.706921 -0.144133
vn -0.692451 0.706921 -0.144133
vt 24.3081 12.4096
vt 24.4552 13.116
vt 24.4458 13.1179
f 4705/4705/4705 4706/4706/4706 4707/4707/4707
v 47.2362 0.091622 1.17922
v 47.2408 0.096277 1.18016
v 47.3075 0.091622 0.83656
vn -0.692466 0.706906 -0.144136
vn -0.692466 0.706906 -0.144136
vn -0.692466 0.706906 -0.144136
vt 24.2987 12.4116
vt 24.3081 12.4096
vt 24.4458 13.1179
f 4708/4708/4708 4709/4709/4709 4710/4710/4710
v 47.2464 0.099117 1.18133
v 47.3177 0.099117 0.83868
v 47.3121 0.096277 0.837509
vn -0.433717 0.896515 -0.0902779
vn -0.433717 0.896515 -0.0902779
vn -0.433717 0.896515 -0.0902779
vt 24.3197 12.4072
vt 24.4668 13.1136
vt 24.4552 13.116
f 4711/4711/4711 4712/4712/4712 4713/4713/4713
v 47.2408 0.096277 1.18016
v 47.2464 0.099117 1.18133
v 47.3121 0.096277 0.837509
vn -0.433718 0.896515 -0.0902781
vn -0.433718 0.896515 -0.0902781
vn -0.433718 0.896515 -0.0902781
vt 24.3081 12.4096
vt 24.3197 12.4072
vt 24.4552 13.116
f 4714/4714/4714 4715/4715/4715 4716/4716/4716
v 47.2521 0.1 1.18253
v 47.3235 0.1 0.839877
v 47.3177 0.099117 0.83868
vn -0.145491 0.988896 -0.0302837
vn -0.145491 0.988896 -0.0302837
vn -0.145491 0.988896 -0.0302837
vt 24.3316 12.4047
vt 24.4786 13.1111
vt 24.4668 13.1136
f 4717/4717/4717 4718/4718/4718 4719/4719/4719
v 47.2464 0.099117 1.18133
v 47.2521 0.1 1.18253
v 47.3177 0.099117 0.83868
vn -0.145485 0.988897 -0.0302827
vn -0.145485 0.988897 -0.0302827
vn -0.145485 0.988897 -0.0302827
vt 24.3197 12.4072
vt 24.3316 12.4047
vt 24.4668 13.1136
f 4720/4720/4720 4721/4721/4721 4722/4722/4722
v 47.3223 0.096277 1.19713
v 47.3936 0.096277 0.854472
v 47.388 0.099117 0.853301
vn 0.433717 0.896515 0.0902824
vn 0.433717 0.896515 0.0902824
vn 0.433717 0.896515 0.0902824
vt 24.4761 12.3747
vt 24.6232 13.081
vt 24.6116 13.0834
f 4723/4723/4723 4724/4724/4724 4725/4725/4725
v 47.3166 0.099117 1.19596
v 47.3223 0.096277 1.19713
v 47.388 0.099117 0.853301
vn 0.433943 0.896401 0.0903247
vn 0.433943 0.896401 0.0903247
vn 0.433943 0.896401 0.0903247
vt 24.4646 12.3771
vt 24.4761 12.3747
vt 24.6116 13.0834
f 4726/4726/4726 4727/4727/4727 4728/4728/4728
v 47.3268 0.091622 1.19808
v 47.3981 0.091622 0.855421
v 47.3936 0.096277 0.854472
vn 0.69245 0.706922 0.144133
vn 0.69245 0.706922 0.144133
vn 0.69245 0.706922 0.144133
vt 24.4855 12.3727
vt 24.6326 13.0791
vt 24.6232 13.081
f 4729/4729/4729 4730/4730/4730 4731/4731/4731
v 47.3223 0.096277 1.19713
v 47.3268 0.091622 1.19808
v 47.3936 0.096277 0.854472
vn 0.692187 0.707189 0.144085
vn 0.692187 0.707189 0.144085
vn 0.692187 0.707189 0.144085
vt 24.4761 12.3747
vt 24.4855 12.3727
vt 24.6232 13.081
f 4732/4732/4732 4733/4733/4733 4734/4734/4734
v 47.3296 0.085876 1.19866
v 47.4009 0.085876 0.856
v 47.3981 0.091622 0.855421
vn 0.877632 0.443159 0.182679
vn 0.877632 0.443159 0.182679
vn 0.877632 0.443159 0.182679
vt 24.4913 12.3715
vt 24.6383 13.0779
vt 24.6326 13.0791
f 4735/4735/4735 4736/4736/4736 4737/4737/4737
v 47.3268 0.091622 1.19808
v 47.3296 0.085876 1.19866
v 47.3981 0.091622 0.855421
vn 0.877632 0.443159 0.182679
vn 0.877632 0.443159 0.182679
vn 0.877632 0.443159 0.182679
vt 24.4855 12.3727
vt 24.4913 12.3715
vt 24.6326 13.0791
f 4738/4738/4738 4739/4739/4739 4740/4740/4740
v 47.3305 0.08 1.19884
v 47.4018 0.08 0.85618
v 47.4009 0.085876 0.856
vn 0.968109 0.148842 0.201522
vn 0.968109 0.148842 0.201522
vn 0.968109 0.148842 0.201522
vt 24.4931 12.3711
vt 24.6401 13.0775
vt 24.6383 13.0779
f 4741/4741/4741 4742/4742/4742 4743/4743/4743
v 47.3296 0.085876 1.19866
v 47.3305 0.08 1.19884
v 47.4009 0.085876 0.856
vn 0.968202 0.148227 0.20153
vn 0.968202 0.148227 0.20153
vn 0.968202 0.148227 0.20153
vt 24.4913 12.3715
vt 24.4931 12.3711
vt 24.6383 13.0779
f 4744/4744/4744 4745/4745/4745 4746/4746/4746
v 47.3075 0.091622 0.83656
v 47.3789 0.091622 0.493904
v 47.3761 0.085876 0.493326
vn -0.877645 0.443133 -0.182681
vn -0.877645 0.443133 -0.182681
vn -0.877645 0.443133 -0.182681
vt 24.4458 13.1179
vt 24.5928 13.8243
vt 24.5871 13.8255
f 4747/4747/4747 4748/4748/4748 4749/4749/4749
v 47.3047 0.085876 0.835981
v 47.3075 0.091622 0.83656
v 47.3761 0.085876 0.493326
vn -0.877632 0.443159 -0.182679
vn -0.877632 0.443159 -0.182679
vn -0.877632 0.443159 -0.182679
vt 24.44 13.1191
vt 24.4458 13.1179
vt 24.5871 13.8255
f 4750/4750/4750 4751/4751/4751 4752/4752/4752
v 47.3121 0.096277 0.837509
v 47.3834 0.096277 0.494853
v 47.3789 0.091622 0.493904
vn -0.692171 0.707205 -0.144082
vn -0.692171 0.707205 -0.144082
vn -0.692171 0.707205 -0.144082
vt 24.4552 13.116
vt 24.6022 13.8224
vt 24.5928 13.8243
f 4753/4753/4753 4754/4754/4754 4755/4755/4755
v 47.3075 0.091622 0.83656
v 47.3121 0.096277 0.837509
v 47.3789 0.091622 0.493904
vn -0.692451 0.706921 -0.144133
vn -0.692451 0.706921 -0.144133
vn -0.692451 0.706921 -0.144133
vt 24.4458 13.1179
vt 24.4552 13.116
vt 24.5928 13.8243
f 4756/4756/4756 4757/4757/4757 4758/4758/4758
v 47.3177 0.099117 0.83868
v 47.389 0.099117 0.496024
v 47.3834 0.096277 0.494853
vn -0.433944 0.896401 -0.0903249
vn -0.433944 0.896401 -0.0903249
vn -0.433944 0.896401 -0.0903249
vt 24.4668 13.1136
vt 24.6138 13.82
vt 24.6022 13.8224
f 4759/4759/4759 4760/4760/4760 4761/4761/4761
v 47.3121 0.096277 0.837509
v 47.3177 0.099117 0.83868
v 47.3834 0.096277 0.494853
vn -0.433716 0.896515 -0.0902823
vn -0.433716 0.896515 -0.0902823
vn -0.433716 0.896515 -0.0902823
vt 24.4552 13.116
vt 24.4668 13.1136
vt 24.6022 13.8224
f 4762/4762/4762 4763/4763/4763 4764/4764/4764
v 47.3235 0.1 0.839877
v 47.3948 0.1 0.497221
v 47.389 0.099117 0.496024
vn -0.145491 0.988896 -0.0302837
vn -0.145491 0.988896 -0.0302837
vn -0.145491 0.988896 -0.0302837
vt 24.4786 13.1111
vt 24.6257 13.8175
vt 24.6138 13.82
f 4765/4765/4765 4766/4766/4766 4767/4767/4767
v 47.3177 0.099117 0.83868
v 47.3235 0.1 0.839877
v 47.389 0.099117 0.496024
vn -0.145491 0.988896 -0.0302837
vn -0.145491 0.988896 -0.0302837
vn -0.145491 0.988896 -0.0302837
vt 24.4668 13.1136
vt 24.4786 13.1111
vt 24.6138 13.82
f 4768/4768/4768 4769/4769/4769 4770/4770/4770
v 47.3936 0.096277 0.854472
v 47.4649 0.096277 0.511817
v 47.4593 0.099117 0.510646
vn 0.433718 0.896515 0.0902781
vn 0.433718 0.896515 0.0902781
vn 0.433718 0.896515 0.0902781
vt 24.6232 13.081
vt 24.7702 13.7874
vt 24.7586 13.7898
f 4771/4771/4771 4772/4772/4772 4773/4773/4773
v 47.388 0.099117 0.853301
v 47.3936 0.096277 0.854472
v 47.4593 0.099117 0.510646
vn 0.433718 0.896515 0.0902781
vn 0.433718 0.896515 0.0902781
vn 0.433718 0.896515 0.0902781
vt 24.6116 13.0834
vt 24.6232 13.081
vt 24.7586 13.7898
f 4774/4774/4774 4775/4775/4775 4776/4776/4776
v 47.3981 0.091622 0.855421
v 47.4695 0.091622 0.512765
v 47.4649 0.096277 0.511817
vn 0.692465 0.706907 0.144136
vn 0.692465 0.706907 0.144136
vn 0.692465 0.706907 0.144136
vt 24.6326 13.0791
vt 24.7796 13.7854
vt 24.7702 13.7874
f 4777/4777/4777 4778/4778/4778 4779/4779/4779
v 47.3936 0.096277 0.854472
v 47.3981 0.091622 0.855421
v 47.4649 0.096277 0.511817
vn 0.69245 0.706922 0.144133
vn 0.69245 0.706922 0.144133
vn 0.69245 0.706922 0.144133
vt 24.6232 13.081
vt 24.6326 13.0791
vt 24.7702 13.7874
f 4780/4780/4780 4781/4781/4781 4782/4782/4782
v 47.4009 0.085876 0.856
v 47.4722 0.085876 0.513344
v 47.4695 0.091622 0.512765
vn 0.877632 0.443159 0.182678
vn 0.877632 0.443159 0.182678
vn 0.877632 0.443159 0.182678
vt 24.6383 13.0779
vt 24.7853 13.7842
vt 24.7796 13.7854
f 4783/4783/4783 4784/4784/4784 4785/4785/4785
v 47.3981 0.091622 0.855421
v 47.4009 0.085876 0.856
v 47.4695 0.091622 0.512765
vn 0.877632 0.443159 0.182678
vn 0.877632 0.443159 0.182678
vn 0.877632 0.443159 0.182678
vt 24.6326 13.0791
vt 24.6383 13.0779
vt 24.7796 13.7854
f 4786/4786/4786 4787/4787/4787 4788/4788/4788
v 47.4018 0.08 0.85618
v 47.4731 0.08 0.513524
v 47.4722 0.085876 0.513344
vn 0.968111 0.148842 0.201511
vn 0.968111 0.148842 0.201511
vn 0.968111 0.148842 0.201511
vt 24.6401 13.0775
vt 24.7871 13.7839
vt 24.7853 13.7842
f 4789/4789/4789 4790/4790/4790 4791/4791/4791
v 47.4009 0.085876 0.856
v 47.4018 0.08 0.85618
v 47.4722 0.085876 0.513344
vn 0.968111 0.148842 0.201511
vn 0.968111 0.148842 0.201511
vn 0.968111 0.148842 0.201511
vt 24.6383 13.0779
vt 24.6401 13.0775
vt 24.7853 13.7842
f 4792/4792/4792 4793/4793/4793 4794/4794/4794
v 47.3789 0.091622 0.493904
v 47.4502 0.043661 0.151249
v 47.4474 0.037915 0.15067
vn -0.863666 0.442345 -0.241686
vn -0.863666 0.442345 -0.241686
vn -0.863666 0.442345 -0.241686
vt 24.5928 13.8243
vt 24.7398 14.5307
vt 24.7341 14.5319
f 4795/4795/4795 4796/4796/4796 4797/4797/4797
v 47.3761 0.085876 0.493326
v 47.3789 0.091622 0.493904
v 47.4474 0.037915 0.15067
vn -0.863684 0.442311 -0.241684
vn -0.863684 0.442311 -0.241684
vn -0.863684 0.442311 -0.241684
vt 24.5871 13.8255
vt 24.5928 13.8243
vt 24.7341 14.5319
f 4798/4798/4798 4799/4799/4799 4800/4800/4800
v 47.3834 0.096277 0.494853
v 47.4547 0.048315 0.152197
v 47.4502 0.043661 0.151249
vn -0.669236 0.703958 -0.237835
vn -0.669236 0.703958 -0.237835
vn -0.669236 0.703958 -0.237835
vt 24.6022 13.8224
vt 24.7492 14.5287
vt 24.7398 14.5307
f 4801/4801/4801 4802/4802/4802 4803/4803/4803
v 47.3789 0.091622 0.493904
v 47.3834 0.096277 0.494853
v 47.4502 0.043661 0.151249
vn -0.669287 0.703909 -0.237837
vn -0.669287 0.703909 -0.237837
vn -0.669287 0.703909 -0.237837
vt 24.5928 13.8243
vt 24.6022 13.8224
vt 24.7398 14.5307
f 4804/4804/4804 4805/4805/4805 4806/4806/4806
v 47.389 0.099117 0.496024
v 47.4604 0.051156 0.153368
v 47.4547 0.048315 0.152197
vn -0.405976 0.889658 -0.209027
vn -0.405976 0.889658 -0.209027
vn -0.405976 0.889658 -0.209027
vt 24.6138 13.82
vt 24.7608 14.5263
vt 24.7492 14.5287
f 4807/4807/4807 4808/4808/4808 4809/4809/4809
v 47.3834 0.096277 0.494853
v 47.389 0.099117 0.496024
v 47.4547 0.048315 0.152197
vn -0.405851 0.889718 -0.209012
vn -0.405851 0.889718 -0.209012
vn -0.405851 0.889718 -0.209012
vt 24.6022 13.8224
vt 24.6138 13.82
vt 24.7492 14.5287
f 4810/4810/4810 4811/4811/4811 4812/4812/4812
v 47.3948 0.1 0.497221
v 47.4661 0.052039 0.154566
v 47.4604 0.051156 0.153368
vn -0.116791 0.979942 -0.161471
vn -0.116791 0.979942 -0.161471
vn -0.116791 0.979942 -0.161471
vt 24.6257 13.8175
vt 24.7727 14.5239
vt 24.7608 14.5263
f 4813/4813/4813 4814/4814/4814 4815/4815/4815
v 47.389 0.099117 0.496024
v 47.3948 0.1 0.497221
v 47.4604 0.051156 0.153368
vn -0.116818 0.979938 -0.161476
vn -0.116818 0.979938 -0.161476
vn -0.116818 0.979938 -0.161476
vt 24.6138 13.82
vt 24.6257 13.8175
vt 24.7608 14.5263
f 4816/4816/4816 4817/4817/4817 4818/4818/4818
v 47.4649 0.096277 0.511817
v 47.5362 0.048315 0.169161
v 47.5306 0.051156 0.16799
vn 0.455447 0.889766 -0.0297411
vn 0.455447 0.889766 -0.0297411
vn 0.455447 0.889766 -0.0297411
vt 24.7702 13.7874
vt 24.9172 14.4938
vt 24.9056 14.4962
f 4819/4819/4819 4820/4820/4820 4821/4821/4821
v 47.4593 0.099117 0.510646
v 47.4649 0.096277 0.511817
v 47.5306 0.051156 0.16799
vn 0.455326 0.889827 -0.029772
vn 0.455326 0.889827 -0.029772
vn 0.455326 0.889827 -0.029772
vt 24.7586 13.7898
vt 24.7702 13.7874
vt 24.9056 14.4962
f 4822/4822/4822 4823/4823/4823 4824/4824/4824
v 47.4695 0.091622 0.512765
v 47.5408 0.043661 0.170109
v 47.5362 0.048315 0.169161
vn 0.708814 0.703688 0.0490447
vn 0.708814 0.703688 0.0490447
vn 0.708814 0.703688 0.0490447
vt 24.7796 13.7854
vt 24.9266 14.4918
vt 24.9172 14.4938
f 4825/4825/4825 4826/4826/4826 4827/4827/4827
v 47.4649 0.096277 0.511817
v 47.4695 0.091622 0.512765
v 47.5362 0.048315 0.169161
vn 0.708887 0.703614 0.0490682
vn 0.708887 0.703614 0.0490682
vn 0.708887 0.703614 0.0490682
vt 24.7702 13.7874
vt 24.7796 13.7854
vt 24.9172 14.4938
f 4828/4828/4828 4829/4829/4829 4830/4830/4830
v 47.4722 0.085876 0.513344
v 47.5436 0.037915 0.170688
v 47.5408 0.043661 0.170109
vn 0.888372 0.442343 0.122999
vn 0.888372 0.442343 0.122999
vn 0.888372 0.442343 0.122999
vt 24.7853 13.7842
vt 24.9324 14.4906
vt 24.9266 14.4918
f 4831/4831/4831 4832/4832/4832 4833/4833/4833
v 47.4695 0.091622 0.512765
v 47.4722 0.085876 0.513344
v 47.5408 0.043661 0.170109
vn 0.888372 0.442343 0.122999
vn 0.888372 0.442343 0.122999
vn 0.888372 0.442343 0.122999
vt 24.7796 13.7854
vt 24.7853 13.7842
vt 24.9266 14.4918
f 4834/4834/4834 4835/4835/4835 4836/4836/4836
v 47.4731 0.08 0.513524
v 47.5444 0.032039 0.170868
v 47.5436 0.037915 0.170688
vn 0.972065 0.148812 0.181505
vn 0.972065 0.148812 0.181505
vn 0.972065 0.148812 0.181505
vt 24.7871 13.7839
vt 24.9342 14.4902
vt 24.9324 14.4906
f 4837/4837/4837 4838/4838/4838 4839/4839/4839
v 47.4722 0.085876 0.513344
v 47.4731 0.08 0.513524
v 47.5436 0.037915 0.170688
vn 0.972065 0.148812 0.181505
vn 0.972065 0.148812 0.181505
vn 0.972065 0.148812 0.181505
vt 24.7853 13.7842
vt 24.7871 13.7839
vt 24.9324 14.4906
f 4840/4840/4840 4841/4841/4841 4842/4842/4842
v 47.4502 0.043661 0.151249
v 47.513 0.00457 -0.150684
v 47.5102 -0.001176 -0.151266
vn -0.864771 0.442562 -0.237299
vn -0.864771 0.442562 -0.237299
vn -0.864771 0.442562 -0.237299
vt 24.7398 14.5307
vt 24.8694 15.1531
vt 24.8637 15.1543
f 4843/4843/4843 4844/4844/4844 4845/4845/4845
v 47.4474 0.037915 0.15067
v 47.4502 0.043661 0.151249
v 47.5102 -0.001176 -0.151266
vn -0.864822 0.442463 -0.237295
vn -0.864822 0.442463 -0.237295
vn -0.864822 0.442463 -0.237295
vt 24.7341 14.5319
vt 24.7398 14.5307
vt 24.8637 15.1543
f 4846/4846/4846 4847/4847/4847 4848/4848/4848
v 47.4547 0.048315 0.152197
v 47.5176 0.009224 -0.149731
v 47.513 0.00457 -0.150684
vn -0.671316 0.704283 -0.230912
vn -0.671316 0.704283 -0.230912
vn -0.671316 0.704283 -0.230912
vt 24.7492 14.5287
vt 24.8788 15.1511
vt 24.8694 15.1531
f 4849/4849/4849 4850/4850/4850 4851/4851/4851
v 47.4502 0.043661 0.151249
v 47.4547 0.048315 0.152197
v 47.513 0.00457 -0.150684
vn -0.671162 0.704432 -0.230904
vn -0.671162 0.704432 -0.230904
vn -0.671162 0.704432 -0.230904
vt 24.7398 14.5307
vt 24.7492 14.5287
vt 24.8694 15.1531
f 4852/4852/4852 4853/4853/4853 4854/4854/4854
v 47.4604 0.051156 0.153368
v 47.5232 0.012065 -0.148554
v 47.5176 0.009224 -0.149731
vn -0.407893 0.890801 -0.200241
vn -0.407893 0.890801 -0.200241
vn -0.407893 0.890801 -0.200241
vt 24.7608 14.5263
vt 24.8904 15.1487
vt 24.8788 15.1511
f 4855/4855/4855 4856/4856/4856 4857/4857/4857
v 47.4547 0.048315 0.152197
v 47.4604 0.051156 0.153368
v 47.5176 0.009224 -0.149731
vn -0.408279 0.890614 -0.200288
vn -0.408279 0.890614 -0.200288
vn -0.408279 0.890614 -0.200288
vt 24.7492 14.5287
vt 24.7608 14.5263
vt 24.8788 15.1511
f 4858/4858/4858 4859/4859/4859 4860/4860/4860
v 47.4661 0.052039 0.154566
v 47.529 0.012947 -0.147351
v 47.5232 0.012065 -0.148554
vn -0.118712 0.981262 -0.151764
vn -0.118712 0.981262 -0.151764
vn -0.118712 0.981262 -0.151764
vt 24.7727 14.5239
vt 24.9022 15.1462
vt 24.8904 15.1487
f 4861/4861/4861 4862/4862/4862 4863/4863/4863
v 47.4604 0.051156 0.153368
v 47.4661 0.052039 0.154566
v 47.5232 0.012065 -0.148554
vn -0.118998 0.98122 -0.151813
vn -0.118998 0.98122 -0.151813
vn -0.118998 0.98122 -0.151813
vt 24.7608 14.5263
vt 24.7727 14.5239
vt 24.8904 15.1487
f 4864/4864/4864 4865/4865/4865 4866/4866/4866
v 47.5362 0.048315 0.169161
v 47.5991 0.009224 -0.132684
v 47.5934 0.012065 -0.133861
vn 0.454327 0.890593 -0.0207711
vn 0.454327 0.890593 -0.0207711
vn 0.454327 0.890593 -0.0207711
vt 24.9172 14.4938
vt 25.0468 15.116
vt 25.0352 15.1184
f 4867/4867/4867 4868/4868/4868 4869/4869/4869
v 47.5306 0.051156 0.16799
v 47.5362 0.048315 0.169161
v 47.5934 0.012065 -0.133861
vn 0.454075 0.89072 -0.020834
vn 0.454075 0.89072 -0.020834
vn 0.454075 0.89072 -0.020834
vt 24.9056 14.4962
vt 24.9172 14.4938
vt 25.0352 15.1184
f 4870/4870/4870 4871/4871/4871 4872/4872/4872
v 47.5408 0.043661 0.170109
v 47.6036 0.00457 -0.131731
v 47.5991 0.009224 -0.132684
vn 0.70779 0.704189 0.0561279
vn 0.70779 0.704189 0.0561279
vn 0.70779 0.704189 0.0561279
vt 24.9266 14.4918
vt 25.0562 15.114
vt 25.0468 15.116
f 4873/4873/4873 4874/4874/4874 4875/4875/4875
v 47.5362 0.048315 0.169161
v 47.5408 0.043661 0.170109
v 47.5991 0.009224 -0.132684
vn 0.70782 0.704159 0.0561369
vn 0.70782 0.704159 0.0561369
vn 0.70782 0.704159 0.0561369
vt 24.9172 14.4938
vt 24.9266 14.4918
vt 25.0468 15.116
f 4876/4876/4876 4877/4877/4877 4878/4878/4878
v 47.5436 0.037915 0.170688
v 47.6064 -0.001176 -0.131149
v 47.6036 0.00457 -0.131731
vn 0.887658 0.442513 0.127458
vn 0.887658 0.442513 0.127458
vn 0.887658 0.442513 0.127458
vt 24.9324 14.4906
vt 25.0619 15.1128
vt 25.0562 15.114
f 4879/4879/4879 4880/4880/4880 4881/4881/4881
v 47.5408 0.043661 0.170109
v 47.5436 0.037915 0.170688
v 47.6036 0.00457 -0.131731
vn 0.887683 0.44246 0.127469
vn 0.887683 0.44246 0.127469
vn 0.887683 0.44246 0.127469
vt 24.9266 14.4918
vt 24.9324 14.4906
vt 25.0562 15.114
f 4882/4882/4882 4883/4883/4883 4884/4884/4884
v 47.5444 0.032039 0.170868
v 47.6073 -0.007053 -0.130969
v 47.6064 -0.001176 -0.131149
vn 0.971786 0.148791 0.183009
vn 0.971786 0.148791 0.183009
vn 0.971786 0.148791 0.183009
vt 24.9342 14.4902
vt 25.0637 15.1125
vt 25.0619 15.1128
f 4885/4885/4885 4886/4886/4886 4887/4887/4887
v 47.5436 0.037915 0.170688
v 47.5444 0.032039 0.170868
v 47.6064 -0.001176 -0.131149
vn 0.971783 0.148816 0.183006
vn 0.971783 0.148816 0.183006
vn 0.971783 0.148816 0.183006
vt 24.9324 14.4906
vt 24.9342 14.4902
vt 25.0619 15.1128
f 4888/4888/4888 4889/4889/4889 4890/4890/4890
v 27.6741 0.00936 -0.041938
v 27.6745 0.029806 0.208057
v 27.6774 0.02406 0.208052
vn 0.895821 0.442805 -0.0377803
vn 0.895821 0.442805 -0.0377803
vn 0.895821 0.442805 -0.0377803
vt -16.0278 14.9289
vt -16.0269 14.4136
vt -16.021 14.4136
f 4891/4891/4891 4892/4892/4892 4893/4893/4893
v 27.6769 0.006305 -0.041946
v 27.6741 0.00936 -0.041938
v 27.6774 0.02406 0.208052
vn 0.731439 0.680103 -0.0495792
vn 0.731439 0.680103 -0.0495792
vn 0.731439 0.680103 -0.0495792
vt -16.0219 14.929
vt -16.0278 14.9289
vt -16.021 14.4136
f 4894/4894/4894 4895/4895/4895 4896/4896/4896
v 27.6695 0.010874 -0.041926
v 27.6699 0.03446 0.208065
v 27.6745 0.029806 0.208057
vn 0.705282 0.705677 -0.0678057
vn 0.705282 0.705677 -0.0678057
vn 0.705282 0.705677 -0.0678057
vt -16.0374 14.9289
vt -16.0365 14.4136
vt -16.0269 14.4136
f 4897/4897/4897 4898/4898/4898 4899/4899/4899
v 27.6741 0.00936 -0.041938
v 27.6695 0.010874 -0.041926
v 27.6745 0.029806 0.208057
vn 0.308232 0.948102 -0.0780796
vn 0.308232 0.948102 -0.0780796
vn 0.308232 0.948102 -0.0780796
vt -16.0278 14.9289
vt -16.0374 14.9289
vt -16.0269 14.4136
f 4900/4900/4900 4901/4901/4901 4902/4902/4902
v 27.6637 0.011005 -0.04191
v 27.6641 0.037301 0.208076
v 27.6699 0.03446 0.208065
vn 0.441146 0.892431 -0.0946455
vn 0.441146 0.892431 -0.0946455
vn 0.441146 0.892431 -0.0946455
vt -16.0492 14.9289
vt -16.0483 14.4135
vt -16.0365 14.4136
f 4903/4903/4903 4904/4904/4904 4905/4905/4905
v 27.6695 0.010874 -0.041926
v 27.6637 0.011005 -0.04191
v 27.6699 0.03446 0.208065
vn 0.022427 0.995325 -0.0939453
vn 0.022427 0.995325 -0.0939453
vn 0.022427 0.995325 -0.0939453
vt -16.0374 14.9289
vt -16.0492 14.9289
vt -16.0365 14.4136
f 4906/4906/4906 4907/4907/4907 4908/4908/4908
v 27.6578 0.011149 -0.041894
v 27.6583 0.038184 0.208086
v 27.6641 0.037301 0.208076
vn 0.147566 0.983291 -0.106599
vn 0.147566 0.983291 -0.106599
vn 0.147566 0.983291 -0.106599
vt -16.0613 14.9289
vt -16.0604 14.4135
vt -16.0483 14.4135
f 4909/4909/4909 4910/4910/4910 4911/4911/4911
v 27.6637 0.011005 -0.04191
v 27.6578 0.011149 -0.041894
v 27.6641 0.037301 0.208076
vn 0.0240778 0.99422 -0.104624
vn 0.0240778 0.99422 -0.104624
vn 0.0240778 0.99422 -0.104624
vt -16.0492 14.9289
vt -16.0613 14.9289
vt -16.0483 14.4135
f 4912/4912/4912 4913/4913/4913 4914/4914/4914
v 27.5862 0.010874 -0.041696
v 27.5866 0.03446 0.208211
v 27.5924 0.037301 0.208201
vn -0.441731 0.89325 -0.0835355
vn -0.441731 0.89325 -0.0835355
vn -0.441731 0.89325 -0.0835355
vt -16.209 14.9284
vt -16.2081 14.4133
vt -16.1962 14.4133
f 4915/4915/4915 4916/4916/4916 4917/4917/4917
v 27.592 0.011005 -0.041712
v 27.5862 0.010874 -0.041696
v 27.5924 0.037301 0.208201
vn -0.0229628 0.994252 -0.104576
vn -0.0229628 0.994252 -0.104576
vn -0.0229628 0.994252 -0.104576
vt -16.1971 14.9285
vt -16.209 14.9284
vt -16.1962 14.4133
f 4918/4918/4918 4919/4919/4919 4920/4920/4920
v 27.5816 0.00936 -0.041683
v 27.582 0.029806 0.208219
v 27.5866 0.03446 0.208211
vn -0.70603 0.705922 -0.0565218
vn -0.70603 0.705922 -0.0565218
vn -0.70603 0.705922 -0.0565218
vt -16.2186 14.9284
vt -16.2177 14.4133
vt -16.2081 14.4133
f 4921/4921/4921 4922/4922/4922 4923/4923/4923
v 27.5862 0.010874 -0.041696
v 27.5816 0.00936 -0.041683
v 27.5866 0.03446 0.208211
vn -0.308245 0.947148 -0.0888546
vn -0.308245 0.947148 -0.0888546
vn -0.308245 0.947148 -0.0888546
vt -16.209 14.9284
vt -16.2186 14.9284
vt -16.2081 14.4133
f 4924/4924/4924 4925/4925/4925 4926/4926/4926
v 27.5787 0.006305 -0.041675
v 27.5791 0.02406 0.208224
v 27.582 0.029806 0.208219
vn -0.896084 0.442876 -0.0298996
vn -0.896084 0.442876 -0.0298996
vn -0.896084 0.442876 -0.0298996
vt -16.2244 14.9284
vt -16.2235 14.4132
vt -16.2177 14.4133
f 4927/4927/4927 4928/4928/4928 4929/4929/4929
v 27.5816 0.00936 -0.041683
v 27.5787 0.006305 -0.041675
v 27.582 0.029806 0.208219
vn -0.731393 0.679788 -0.0543392
vn -0.731393 0.679788 -0.0543392
vn -0.731393 0.679788 -0.0543392
vt -16.2186 14.9284
vt -16.2244 14.9284
vt -16.2177 14.4133
f 4930/4930/4930 4931/4931/4931 4932/4932/4932
v 27.5778 0.002657 -0.041673
v 27.5783 0.018184 0.208225
v 27.5791 0.02406 0.208224
vn -0.988867 0.148615 -0.00750558
vn -0.988867 0.148615 -0.00750558
vn -0.988867 0.148615 -0.00750558
vt -16.2262 14.9284
vt -16.2253 14.4132
vt -16.2235 14.4132
f 4933/4933/4933 4934/4934/4934 4935/4935/4935
v 27.5787 0.006305 -0.041675
v 27.5778 0.002657 -0.041673
v 27.5791 0.02406 0.208224
vn -0.971819 0.235248 -0.0150155
vn -0.971819 0.235248 -0.0150155
vn -0.971819 0.235248 -0.0150155
vt -16.2244 14.9284
vt -16.2262 14.9284
vt -16.2235 14.4132
f 4936/4936/4936 4937/4937/4937 4938/4938/4938
v 27.6745 0.029806 0.208057
v 27.6752 0.052298 0.558057
v 27.678 0.046553 0.558052
vn 0.896029 0.442979 -0.0300296
vn 0.896029 0.442979 -0.0300296
vn 0.896029 0.442979 -0.0300296
vt -16.0269 14.4136
vt -16.0256 13.6921
vt -16.0198 13.6921
f 4939/4939/4939 4940/4940/4940 4941/4941/4941
v 27.6774 0.02406 0.208052
v 27.6745 0.029806 0.208057
v 27.678 0.046553 0.558052
vn 0.89606 0.442917 -0.030027
vn 0.89606 0.442917 -0.030027
vn 0.89606 0.442917 -0.030027
vt -16.021 14.4136
vt -16.0269 14.4136
vt -16.0198 13.6921
f 4942/4942/4942 4943/4943/4943 4944/4944/4944
v 27.6699 0.03446 0.208065
v 27.6705 0.056953 0.558065
v 27.6752 0.052298 0.558057
vn 0.706379 0.706296 -0.0466263
vn 0.706379 0.706296 -0.0466263
vn 0.706379 0.706296 -0.0466263
vt -16.0365 14.4136
vt -16.0352 13.6921
vt -16.0256 13.6921
f 4945/4945/4945 4946/4946/4946 4947/4947/4947
v 27.6745 0.029806 0.208057
v 27.6699 0.03446 0.208065
v 27.6752 0.052298 0.558057
vn 0.706158 0.706517 -0.0466342
vn 0.706158 0.706517 -0.0466342
vn 0.706158 0.706517 -0.0466342
vt -16.0269 14.4136
vt -16.0365 14.4136
vt -16.0256 13.6921
f 4948/4948/4948 4949/4949/4949 4950/4950/4950
v 27.6641 0.037301 0.208076
v 27.6648 0.059794 0.558075
v 27.6705 0.056953 0.558065
vn 0.442328 0.894957 -0.0582866
vn 0.442328 0.894957 -0.0582866
vn 0.442328 0.894957 -0.0582866
vt -16.0483 14.4135
vt -16.0471 13.692
vt -16.0352 13.6921
f 4951/4951/4951 4952/4952/4952 4953/4953/4953
v 27.6699 0.03446 0.208065
v 27.6641 0.037301 0.208076
v 27.6705 0.056953 0.558065
vn 0.442438 0.894903 -0.0582855
vn 0.442438 0.894903 -0.0582855
vn 0.442438 0.894903 -0.0582855
vt -16.0365 14.4136
vt -16.0483 14.4135
vt -16.0352 13.6921
f 4954/4954/4954 4955/4955/4955 4956/4956/4956
v 27.6583 0.038184 0.208086
v 27.6589 0.060676 0.558085
v 27.6648 0.059794 0.558075
vn 0.148018 0.986932 -0.0636814
vn 0.148018 0.986932 -0.0636814
vn 0.148018 0.986932 -0.0636814
vt -16.0604 14.4135
vt -16.0592 13.692
vt -16.0471 13.692
f 4957/4957/4957 4958/4958/4958 4959/4959/4959
v 27.6641 0.037301 0.208076
v 27.6583 0.038184 0.208086
v 27.6648 0.059794 0.558075
vn 0.148183 0.986907 -0.0636829
vn 0.148183 0.986907 -0.0636829
vn 0.148183 0.986907 -0.0636829
vt -16.0483 14.4135
vt -16.0604 14.4135
vt -16.0471 13.692
f 4960/4960/4960 4961/4961/4961 4962/4962/4962
v 27.5866 0.03446 0.208211
v 27.5873 0.056953 0.55821
v 27.593 0.059794 0.5582
vn -0.442647 0.894899 -0.0567372
vn -0.442647 0.894899 -0.0567372
vn -0.442647 0.894899 -0.0567372
vt -16.2081 14.4133
vt -16.2068 13.6918
vt -16.195 13.6918
f 4963/4963/4963 4964/4964/4964 4965/4965/4965
v 27.5924 0.037301 0.208201
v 27.5866 0.03446 0.208211
v 27.593 0.059794 0.5582
vn -0.442528 0.894957 -0.0567435
vn -0.442528 0.894957 -0.0567435
vn -0.442528 0.894957 -0.0567435
vt -16.1962 14.4133
vt -16.2081 14.4133
vt -16.195 13.6918
f 4966/4966/4966 4967/4967/4967 4968/4968/4968
v 27.582 0.029806 0.208219
v 27.5826 0.052298 0.558218
v 27.5873 0.056953 0.55821
vn -0.706391 0.706442 -0.0441663
vn -0.706391 0.706442 -0.0441663
vn -0.706391 0.706442 -0.0441663
vt -16.2177 14.4133
vt -16.2164 13.6917
vt -16.2068 13.6918
f 4969/4969/4969 4970/4970/4970 4971/4971/4971
v 27.5866 0.03446 0.208211
v 27.582 0.029806 0.208219
v 27.5873 0.056953 0.55821
vn -0.70646 0.706374 -0.0441599
vn -0.70646 0.706374 -0.0441599
vn -0.70646 0.706374 -0.0441599
vt -16.2081 14.4133
vt -16.2177 14.4133
vt -16.2068 13.6918
f 4972/4972/4972 4973/4973/4973 4974/4974/4974
v 27.5791 0.02406 0.208224
v 27.5798 0.046553 0.558223
v 27.5826 0.052298 0.558218
vn -0.896129 0.442978 -0.0269057
vn -0.896129 0.442978 -0.0269057
vn -0.896129 0.442978 -0.0269057
vt -16.2235 14.4132
vt -16.2223 13.6917
vt -16.2164 13.6917
f 4975/4975/4975 4976/4976/4976 4977/4977/4977
v 27.582 0.029806 0.208219
v 27.5791 0.02406 0.208224
v 27.5826 0.052298 0.558218
vn -0.896159 0.442916 -0.0269004
vn -0.896159 0.442916 -0.0269004
vn -0.896159 0.442916 -0.0269004
vt -16.2177 14.4133
vt -16.2235 14.4132
vt -16.2164 13.6917
f 4978/4978/4978 4979/4979/4979 4980/4980/4980
v 27.5783 0.018184 0.208225
v 27.5789 0.040676 0.558225
v 27.5798 0.046553 0.558223
vn -0.988868 0.148589 -0.00782429
vn -0.988868 0.148589 -0.00782429
vn -0.988868 0.148589 -0.00782429
vt -16.2253 14.4132
vt -16.2241 13.6917
vt -16.2223 13.6917
f 4981/4981/4981 4982/4982/4982 4983/4983/4983
v 27.5791 0.02406 0.208224
v 27.5783 0.018184 0.208225
v 27.5798 0.046553 0.558223
vn -0.988864 0.148615 -0.00782642
vn -0.988864 0.148615 -0.00782642
vn -0.988864 0.148615 -0.00782642
vt -16.2235 14.4132
vt -16.2253 14.4132
vt -16.2223 13.6917
f 4984/4984/4984 4985/4985/4985 4986/4986/4986
v 27.6752 0.052298 0.558057
v 27.6758 0.073719 0.908056
v 27.6786 0.067973 0.908051
vn 0.896096 0.442933 -0.0286715
vn 0.896096 0.442933 -0.0286715
vn 0.896096 0.442933 -0.0286715
vt -16.0256 13.6921
vt -16.0244 12.9706
vt -16.0185 12.9706
f 4987/4987/4987 4988/4988/4988 4989/4989/4989
v 27.678 0.046553 0.558052
v 27.6752 0.052298 0.558057
v 27.6786 0.067973 0.908051
vn 0.896065 0.442995 -0.028674
vn 0.896065 0.442995 -0.028674
vn 0.896065 0.442995 -0.028674
vt -16.0198 13.6921
vt -16.0256 13.6921
vt -16.0185 12.9706
f 4990/4990/4990 4991/4991/4991 4992/4992/4992
v 27.6705 0.056953 0.558065
v 27.6711 0.078373 0.908064
v 27.6758 0.073719 0.908056
vn 0.706374 0.70644 -0.0444661
vn 0.706374 0.70644 -0.0444661
vn 0.706374 0.70644 -0.0444661
vt -16.0352 13.6921
vt -16.0339 12.9705
vt -16.0244 12.9706
f 4993/4993/4993 4994/4994/4994 4995/4995/4995
v 27.6752 0.052298 0.558057
v 27.6705 0.056953 0.558065
v 27.6758 0.073719 0.908056
vn 0.706451 0.706364 -0.0444636
vn 0.706451 0.706364 -0.0444636
vn 0.706451 0.706364 -0.0444636
vt -16.0256 13.6921
vt -16.0352 13.6921
vt -16.0244 12.9706
f 4996/4996/4996 4997/4997/4997 4998/4998/4998
v 27.6648 0.059794 0.558075
v 27.6654 0.081214 0.908074
v 27.6711 0.078373 0.908064
vn 0.442402 0.895095 -0.0555515
vn 0.442402 0.895095 -0.0555515
vn 0.442402 0.895095 -0.0555515
vt -16.0471 13.692
vt -16.0458 12.9705
vt -16.0339 12.9705
f 4999/4999/4999 5000/5000/5000 5001/5001/5001
v 27.6705 0.056953 0.558065
v 27.6648 0.059794 0.558075
v 27.6711 0.078373 0.908064
vn 0.442401 0.895095 -0.0555515
vn 0.442401 0.895095 -0.0555515
vn 0.442401 0.895095 -0.0555515
vt -16.0352 13.6921
vt -16.0471 13.692
vt -16.0339 12.9705
f 5002/5002/5002 5003/5003/5003 5004/5004/5004
v 27.6589 0.060676 0.558085
v 27.6595 0.082097 0.908085
v 27.6654 0.081214 0.908074
vn 0.148206 0.987094 -0.0606714
vn 0.148206 0.987094 -0.0606714
vn 0.148206 0.987094 -0.0606714
vt -16.0592 13.692
vt -16.0579 12.9705
vt -16.0458 12.9705
f 5005/5005/5005 5006/5006/5006 5007/5007/5007
v 27.6648 0.059794 0.558075
v 27.6589 0.060676 0.558085
v 27.6654 0.081214 0.908074
vn 0.148051 0.987117 -0.0606699
vn 0.148051 0.987117 -0.0606699
vn 0.148051 0.987117 -0.0606699
vt -16.0471 13.692
vt -16.0592 13.692
vt -16.0458 12.9705
f 5008/5008/5008 5009/5009/5009 5010/5010/5010
v 27.5873 0.056953 0.55821
v 27.5879 0.078373 0.90821
v 27.5936 0.081214 0.9082
vn -0.44271 0.895037 -0.0540042
vn -0.44271 0.895037 -0.0540042
vn -0.44271 0.895037 -0.0540042
vt -16.2068 13.6918
vt -16.2056 12.9702
vt -16.1937 12.9703
f 5011/5011/5011 5012/5012/5012 5013/5013/5013
v 27.593 0.059794 0.5582
v 27.5873 0.056953 0.55821
v 27.5936 0.081214 0.9082
vn -0.44271 0.895037 -0.0540042
vn -0.44271 0.895037 -0.0540042
vn -0.44271 0.895037 -0.0540042
vt -16.195 13.6918
vt -16.2068 13.6918
vt -16.1937 12.9703
f 5014/5014/5014 5015/5015/5015 5016/5016/5016
v 27.5826 0.052298 0.558218
v 27.5832 0.073719 0.908218
v 27.5879 0.078373 0.90821
vn -0.706524 0.706441 -0.0420003
vn -0.706524 0.706441 -0.0420003
vn -0.706524 0.706441 -0.0420003
vt -16.2164 13.6917
vt -16.2151 12.9702
vt -16.2056 12.9702
f 5017/5017/5017 5018/5018/5018 5019/5019/5019
v 27.5873 0.056953 0.55821
v 27.5826 0.052298 0.558218
v 27.5879 0.078373 0.90821
vn -0.706455 0.70651 -0.0420064
vn -0.706455 0.70651 -0.0420064
vn -0.706455 0.70651 -0.0420064
vt -16.2068 13.6918
vt -16.2164 13.6917
vt -16.2056 12.9702
f 5020/5020/5020 5021/5021/5021 5022/5022/5022
v 27.5798 0.046553 0.558223
v 27.5804 0.067973 0.908223
v 27.5832 0.073719 0.908218
vn -0.896072 0.443172 -0.0255595
vn -0.896072 0.443172 -0.0255595
vn -0.896072 0.443172 -0.0255595
vt -16.2223 13.6917
vt -16.221 12.9702
vt -16.2151 12.9702
f 5023/5023/5023 5024/5024/5024 5025/5025/5025
v 27.5826 0.052298 0.558218
v 27.5798 0.046553 0.558223
v 27.5832 0.073719 0.908218
vn -0.89616 0.442995 -0.0255449
vn -0.89616 0.442995 -0.0255449
vn -0.89616 0.442995 -0.0255449
vt -16.2164 13.6917
vt -16.2223 13.6917
vt -16.2151 12.9702
f 5026/5026/5026 5027/5027/5027 5028/5028/5028
v 27.5789 0.040676 0.558225
v 27.5795 0.062097 0.908224
v 27.5804 0.067973 0.908223
vn -0.988915 0.148301 -0.00734657
vn -0.988915 0.148301 -0.00734657
vn -0.988915 0.148301 -0.00734657
vt -16.2241 13.6917
vt -16.2228 12.9702
vt -16.221 12.9702
f 5029/5029/5029 5030/5030/5030 5031/5031/5031
v 27.5798 0.046553 0.558223
v 27.5789 0.040676 0.558225
v 27.5804 0.067973 0.908223
vn -0.988871 0.148589 -0.00736922
vn -0.988871 0.148589 -0.00736922
vn -0.988871 0.148589 -0.00736922
vt -16.2223 13.6917
vt -16.2241 13.6917
vt -16.221 12.9702
f 5032/5032/5032 5033/5033/5033 5034/5034/5034
v 27.6758 0.073719 0.908056
v 27.6764 0.091622 1.25806
v 27.6792 0.085876 1.25805
vn 0.896085 0.443221 -0.024234
vn 0.896085 0.443221 -0.024234
vn 0.896085 0.443221 -0.024234
vt -16.0244 12.9706
vt -16.0231 12.249
vt -16.0172 12.2491
f 5035/5035/5035 5036/5036/5036 5037/5037/5037
v 27.6786 0.067973 0.908051
v 27.6758 0.073719 0.908056
v 27.6792 0.085876 1.25805
vn 0.896203 0.442982 -0.0242269
vn 0.896203 0.442982 -0.0242269
vn 0.896203 0.442982 -0.0242269
vt -16.0185 12.9706
vt -16.0244 12.9706
vt -16.0172 12.2491
f 5038/5038/5038 5039/5039/5039 5040/5040/5040
v 27.6711 0.078373 0.908064
v 27.6717 0.096277 1.25806
v 27.6764 0.091622 1.25806
vn 0.706662 0.706564 -0.0373761
vn 0.706662 0.706564 -0.0373761
vn 0.706662 0.706564 -0.0373761
vt -16.0339 12.9705
vt -16.0327 12.249
vt -16.0231 12.249
f 5041/5041/5041 5042/5042/5042 5043/5043/5043
v 27.6758 0.073719 0.908056
v 27.6711 0.078373 0.908064
v 27.6764 0.091622 1.25806
vn 0.706586 0.70664 -0.0373778
vn 0.706586 0.70664 -0.0373778
vn 0.706586 0.70664 -0.0373778
vt -16.0244 12.9706
vt -16.0339 12.9705
vt -16.0231 12.249
f 5044/5044/5044 5045/5045/5045 5046/5046/5046
v 27.6654 0.081214 0.908074
v 27.666 0.099117 1.25807
v 27.6717 0.096277 1.25806
vn 0.44261 0.895503 -0.0465805
vn 0.44261 0.895503 -0.0465805
vn 0.44261 0.895503 -0.0465805
vt -16.0458 12.9705
vt -16.0445 12.249
vt -16.0327 12.249
f 5047/5047/5047 5048/5048/5048 5049/5049/5049
v 27.6711 0.078373 0.908064
v 27.6654 0.081214 0.908074
v 27.6717 0.096277 1.25806
vn 0.442617 0.8955 -0.0465805
vn 0.442617 0.8955 -0.0465805
vn 0.442617 0.8955 -0.0465805
vt -16.0339 12.9705
vt -16.0458 12.9705
vt -16.0327 12.249
f 5050/5050/5050 5051/5051/5051 5052/5052/5052
v 27.6595 0.082097 0.908085
v 27.6601 0.1 1.25808
v 27.666 0.099117 1.25807
vn 0.148314 0.987636 -0.0507786
vn 0.148314 0.987636 -0.0507786
vn 0.148314 0.987636 -0.0507786
vt -16.0579 12.9705
vt -16.0566 12.249
vt -16.0445 12.249
f 5053/5053/5053 5054/5054/5054 5055/5055/5055
v 27.6654 0.081214 0.908074
v 27.6595 0.082097 0.908085
v 27.666 0.099117 1.25807
vn 0.148306 0.987637 -0.0507785
vn 0.148306 0.987637 -0.0507785
vn 0.148306 0.987637 -0.0507785
vt -16.0458 12.9705
vt -16.0579 12.9705
vt -16.0445 12.249
f 5056/5056/5056 5057/5057/5057 5058/5058/5058
v 27.5879 0.078373 0.90821
v 27.5885 0.096277 1.25821
v 27.5942 0.099117 1.2582
vn -0.442652 0.895562 -0.04504
vn -0.442652 0.895562 -0.04504
vn -0.442652 0.895562 -0.04504
vt -16.2056 12.9702
vt -16.2043 12.2487
vt -16.1924 12.2488
f 5059/5059/5059 5060/5060/5060 5061/5061/5061
v 27.5936 0.081214 0.9082
v 27.5879 0.078373 0.90821
v 27.5942 0.099117 1.2582
vn -0.442895 0.895442 -0.0450285
vn -0.442895 0.895442 -0.0450285
vn -0.442895 0.895442 -0.0450285
vt -16.1937 12.9703
vt -16.2056 12.9702
vt -16.1924 12.2488
f 5062/5062/5062 5063/5063/5063 5064/5064/5064
v 27.5832 0.073719 0.908218
v 27.5838 0.091622 1.25822
v 27.5885 0.096277 1.25821
vn -0.706787 0.706565 -0.0349094
vn -0.706787 0.706565 -0.0349094
vn -0.706787 0.706565 -0.0349094
vt -16.2151 12.9702
vt -16.2139 12.2487
vt -16.2043 12.2487
f 5065/5065/5065 5066/5066/5066 5067/5067/5067
v 27.5879 0.078373 0.90821
v 27.5832 0.073719 0.908218
v 27.5885 0.096277 1.25821
vn -0.706711 0.70664 -0.0349154
vn -0.706711 0.70664 -0.0349154
vn -0.706711 0.70664 -0.0349154
vt -16.2056 12.9702
vt -16.2151 12.9702
vt -16.2043 12.2487
f 5068/5068/5068 5069/5069/5069 5070/5070/5070
v 27.5804 0.067973 0.908223
v 27.581 0.085876 1.25822
v 27.5838 0.091622 1.25822
vn -0.896282 0.442982 -0.0210913
vn -0.896282 0.442982 -0.0210913
vn -0.896282 0.442982 -0.0210913
vt -16.221 12.9702
vt -16.2197 12.2487
vt -16.2139 12.2487
f 5071/5071/5071 5072/5072/5072 5073/5073/5073
v 27.5832 0.073719 0.908218
v 27.5804 0.067973 0.908223
v 27.5838 0.091622 1.25822
vn -0.896164 0.443221 -0.0211087
vn -0.896164 0.443221 -0.0211087
vn -0.896164 0.443221 -0.0211087
vt -16.2151 12.9702
vt -16.221 12.9702
vt -16.2139 12.2487
f 5074/5074/5074 5075/5075/5075 5076/5076/5076
v 27.5795 0.062097 0.908224
v 27.5801 0.08 1.25822
v 27.581 0.085876 1.25822
vn -0.988878 0.148616 -0.00587745
vn -0.988878 0.148616 -0.00587745
vn -0.988878 0.148616 -0.00587745
vt -16.2228 12.9702
vt -16.2216 12.2487
vt -16.2197 12.2487
f 5077/5077/5077 5078/5078/5078 5079/5079/5079
v 27.5804 0.067973 0.908223
v 27.5795 0.062097 0.908224
v 27.581 0.085876 1.25822
vn -0.988925 0.148303 -0.005856
vn -0.988925 0.148303 -0.005856
vn -0.988925 0.148303 -0.005856
vt -16.221 12.9702
vt -16.2228 12.9702
vt -16.2197 12.2487
f 5080/5080/5080 5081/5081/5081 5082/5082/5082
v 27.6764 0.091622 1.25806
v 27.677 0.091622 1.60805
v 27.6798 0.085876 1.60805
vn 0.896473 0.443096 -0.00156821
vn 0.896473 0.443096 -0.00156821
vn 0.896473 0.443096 -0.00156821
vt -16.0231 12.249
vt -16.0218 11.5275
vt -16.016 11.5276
f 5083/5083/5083 5084/5084/5084 5085/5085/5085
v 27.6792 0.085876 1.25805
v 27.6764 0.091622 1.25806
v 27.6798 0.085876 1.60805
vn 0.896355 0.443335 -0.00156312
vn 0.896355 0.443335 -0.00156312
vn 0.896355 0.443335 -0.00156312
vt -16.0172 12.2491
vt -16.0231 12.249
vt -16.016 11.5276
f 5086/5086/5086 5087/5087/5087 5088/5088/5088
v 27.6717 0.096277 1.25806
v 27.6723 0.096277 1.60806
v 27.677 0.091622 1.60805
vn 0.707041 0.707171 -0.00123299
vn 0.707041 0.707171 -0.00123299
vn 0.707041 0.707171 -0.00123299
vt -16.0327 12.249
vt -16.0314 11.5275
vt -16.0218 11.5275
f 5089/5089/5089 5090/5090/5090 5091/5091/5091
v 27.6764 0.091622 1.25806
v 27.6717 0.096277 1.25806
v 27.677 0.091622 1.60805
vn 0.707186 0.707026 -0.00123709
vn 0.707186 0.707026 -0.00123709
vn 0.707186 0.707026 -0.00123709
vt -16.0231 12.249
vt -16.0327 12.249
vt -16.0218 11.5275
f 5092/5092/5092 5093/5093/5093 5094/5094/5094
v 27.666 0.099117 1.25807
v 27.6666 0.099117 1.60807
v 27.6723 0.096277 1.60806
vn 0.443155 0.896444 -0.000772804
vn 0.443155 0.896444 -0.000772804
vn 0.443155 0.896444 -0.000772804
vt -16.0445 12.249
vt -16.0433 11.5275
vt -16.0314 11.5275
f 5095/5095/5095 5096/5096/5096 5097/5097/5097
v 27.6717 0.096277 1.25806
v 27.666 0.099117 1.25807
v 27.6723 0.096277 1.60806
vn 0.443155 0.896444 -0.000772804
vn 0.443155 0.896444 -0.000772804
vn 0.443155 0.896444 -0.000772804
vt -16.0327 12.249
vt -16.0445 12.249
vt -16.0314 11.5275
f 5098/5098/5098 5099/5099/5099 5100/5100/5100
v 27.6601 0.1 1.25808
v 27.6607 0.1 1.60808
v 27.6666 0.099117 1.60807
vn 0.14859 0.988899 -0.00025912
vn 0.14859 0.988899 -0.00025912
vn 0.14859 0.988899 -0.00025912
vt -16.0566 12.249
vt -16.0554 11.5275
vt -16.0433 11.5275
f 5101/5101/5101 5102/5102/5102 5103/5103/5103
v 27.666 0.099117 1.25807
v 27.6601 0.1 1.25808
v 27.6666 0.099117 1.60807
vn 0.14859 0.988899 -0.000259121
vn 0.14859 0.988899 -0.000259121
vn 0.14859 0.988899 -0.000259121
vt -16.0445 12.249
vt -16.0566 12.249
vt -16.0433 11.5275
f 5104/5104/5104 5105/5105/5105 5106/5106/5106
v 27.5885 0.096277 1.25821
v 27.5891 0.096277 1.60821
v 27.5948 0.099117 1.6082
vn -0.443037 0.896503 0.000772596
vn -0.443037 0.896503 0.000772596
vn -0.443037 0.896503 0.000772596
vt -16.2043 12.2487
vt -16.203 11.5272
vt -16.1912 11.5272
f 5107/5107/5107 5108/5108/5108 5109/5109/5109
v 27.5942 0.099117 1.2582
v 27.5885 0.096277 1.25821
v 27.5948 0.099117 1.6082
vn -0.443037 0.896503 0.000772596
vn -0.443037 0.896503 0.000772596
vn -0.443037 0.896503 0.000772596
vt -16.1924 12.2488
vt -16.2043 12.2487
vt -16.1912 11.5272
f 5110/5110/5110 5111/5111/5111 5112/5112/5112
v 27.5838 0.091622 1.25822
v 27.5844 0.091622 1.60822
v 27.5891 0.096277 1.60821
vn -0.707186 0.707026 0.00123323
vn -0.707186 0.707026 0.00123323
vn -0.707186 0.707026 0.00123323
vt -16.2139 12.2487
vt -16.2126 11.5272
vt -16.203 11.5272
f 5113/5113/5113 5114/5114/5114 5115/5115/5115
v 27.5885 0.096277 1.25821
v 27.5838 0.091622 1.25822
v 27.5891 0.096277 1.60821
vn -0.707186 0.707026 0.00123323
vn -0.707186 0.707026 0.00123323
vn -0.707186 0.707026 0.00123323
vt -16.2043 12.2487
vt -16.2139 12.2487
vt -16.203 11.5272
f 5116/5116/5116 5117/5117/5117 5118/5118/5118
