o data/uid/01014176/s/200001.obj
//1
usemtl mat0
v -1.31843 0.851229 0.001654
v -1.31843 0.851229 -0.001654
v 1.31843 0.851229 -0.001654
vn 0 -1 -0
vn 0 -1 -0
vn 0 -1 -0
vt 0.643952 0.540263
vt 0.643327 0.540263
vt 0.643327 0.042263
f 1/1/1 2/2/2 3/3/3
v 1.31843 0.851229 -0.001654
v 1.31843 0.851229 0.001654
v -1.31843 0.851229 0.001654
vn 0 -1 -0
vn 0 -1 -0
vn 0 -1 -0
vt 0.643327 0.042263
vt 0.643952 0.042263
vt 0.643952 0.540263
f 4/4/4 5/5/5 6/6/6
v -1.31843 3.35359 0.001654
v 1.31843 3.35359 0.001654
v 1.31843 3.35359 -0.001654
vn 0 1 -0
vn 0 1 -0
vn 0 1 -0
vt 0.643952 0.540263
vt 0.643952 0.042263
vt 0.644577 0.042263
f 7/7/7 8/8/8 9/9/9
v 1.31843 3.35359 -0.001654
v -1.31843 3.35359 -0.001654
v -1.31843 3.35359 0.001654
vn 0 1 -0
vn 0 1 -0
vn 0 1 -0
vt 0.644577 0.042263
vt 0.644577 0.540263
vt 0.643952 0.540263
f 10/10/10 11/11/11 12/12/12
v -1.31843 0.851229 0.001654
v 1.31843 0.851229 0.001654
v -1.31843 3.35359 0.001654
vn 0 0 1
vn 0 0 1
vn 0 0 1
vt 0.002 0.5
vt 0.002 0.002
vt 0.4746 0.5
f 13/13/13 14/14/14 15/15/15
v 1.31843 0.851229 0.001654
v 1.31843 0.851229 -0.001654
v 1.31843 3.35359 0.001654
vn 1 0 -0
vn 1 0 -0
vn 1 0 -0
vt 0.00311 0.525266
vt 0.003734 0.525266
vt 0.00311 0.997881
f 16/16/16 17/17/17 18/18/18
v 1.31843 0.851229 -0.001654
v -1.31843 0.851229 -0.001654
v 1.31843 3.35359 -0.001654
vn 0 0 -1
vn 0 0 -1
vn 0 0 -1
vt 0.002 0.998
vt 0.002 0.5
vt 0.4746 0.998
f 19/19/19 20/20/20 21/21/21
v -1.31843 0.851229 -0.001654
v -1.31843 0.851229 0.001654
v -1.31843 3.35359 0.001654
vn -1 0 -0
vn -1 0 -0
vn -1 0 -0
vt 0.003728 0.525266
vt 0.004353 0.525266
vt 0.004353 0.997881
f 22/22/22 23/23/23 24/24/24
v -1.31843 3.35359 0.001654
v -1.31843 3.35359 -0.001654
v -1.31843 0.851229 -0.001654
vn -1 0 -0
vn -1 0 -0
vn -1 0 -0
vt 0.004353 0.997881
vt 0.003728 0.997881
vt 0.003728 0.525266
f 25/25/25 26/26/26 27/27/27
v 1.31843 0.851229 0.001654
v 1.31843 3.35359 0.001654
v -1.31843 3.35359 0.001654
vn 0 0 1
vn 0 0 1
vn 0 0 1
vt 0.002 0.002
vt 0.4746 0.002
vt 0.4746 0.5
f 28/28/28 29/29/29 30/30/30
v 1.31843 0.851229 -0.001654
v 1.31843 3.35359 -0.001654
v 1.31843 3.35359 0.001654
vn 1 0 -0
vn 1 0 -0
vn 1 0 -0
vt 0.003734 0.525266
vt 0.003734 0.997881
vt 0.00311 0.997881
f 31/31/31 32/32/32 33/33/33
v -1.31843 0.851229 -0.001654
v -1.31843 3.35359 -0.001654
v 1.31843 3.35359 -0.001654
vn 0 0 -1
vn 0 0 -1
vn 0 0 -1
vt 0.002 0.5
vt 0.4746 0.5
vt 0.4746 0.998
f 34/34/34 35/35/35 36/36/36
v -1.34538 0.818159 0.002349
v -1.34538 0.818159 -0.000266
v -1.32395 0.818159 -0.000266
vn 0 -1 -0
vn 0 -1 -0
vn 0 -1 -0
vt 0.655334 0.015069
vt 0.654829 0.015069
vt 0.654829 0.010929
f 37/37/37 38/38/38 39/39/39
v -1.32395 0.818159 -0.000266
v -1.32395 0.818159 0.002349
v -1.34538 0.818159 0.002349
vn 0 -1 -0
vn 0 -1 -0
vn 0 -1 -0
vt 0.654829 0.010929
vt 0.655334 0.010929
vt 0.655334 0.015069
f 40/40/40 41/41/41 42/42/42
v -1.34538 0.818159 -0.000266
v -1.34538 0.818159 -0.002881
v -1.32395 0.818159 -0.002881
vn 0 -1 -0
vn 0 -1 -0
vn 0 -1 -0
vt 0.654829 0.015069
vt 0.654324 0.015069
vt 0.654324 0.010929
f 43/43/43 44/44/44 45/45/45
v -1.32395 0.818159 -0.002881
v -1.32395 0.818159 -0.000266
v -1.34538 0.818159 -0.000266
vn 0 -1 -0
vn 0 -1 -0
vn 0 -1 -0
vt 0.654324 0.010929
vt 0.654829 0.010929
vt 0.654829 0.015069
f 46/46/46 47/47/47 48/48/48
v -1.34538 0.856349 0.003517
v -1.32395 0.856349 0.003517
v -1.32395 0.856349 0.002285
vn 0 1 -0
vn 0 1 -0
vn 0 1 -0
vt 0.646282 0.018565
vt 0.646282 0.014432
vt 0.646519 0.014432
f 49/49/49 50/50/50 51/51/51
v -1.32395 0.856349 0.002285
v -1.34538 0.856349 0.002285
v -1.34538 0.856349 0.003517
vn 0 1 -0
vn 0 1 -0
vn 0 1 -0
vt 0.646519 0.014432
vt 0.646519 0.018565
vt 0.646282 0.018565
f 52/52/52 53/53/53 54/54/54
v -1.34538 0.856349 -0.002817
v -1.32395 0.856349 -0.002817
v -1.32395 0.856349 -0.004048
vn 0 1 -0
vn 0 1 -0
vn 0 1 -0
vt 0.647503 0.018565
vt 0.647503 0.014432
vt 0.647741 0.014432
f 55/55/55 56/56/56 57/57/57
v -1.32395 0.856349 -0.004048
v -1.34538 0.856349 -0.004048
v -1.34538 0.856349 -0.002817
vn 0 1 -0
vn 0 1 -0
vn 0 1 -0
vt 0.647741 0.014432
vt 0.647741 0.018565
vt 0.647503 0.018565
f 58/58/58 59/59/59 60/60/60
v -1.34538 0.827156 0.011935
v -1.32395 0.827156 0.011935
v -1.32395 0.827156 0.011935
vn 1 0 -0
vn 1 0 -0
vn 0 0.170962 0.985278
vt 0.652126 0.016666
vt 0.652126 0.016666
vt 0.652126 0.016666
f 61/61/61 62/62/62 63/63/63
v -1.32395 0.827156 0.011935
v -1.34538 0.827156 0.011935
v -1.34538 0.827156 0.011935
vn 0 0.170962 0.985278
vn 0 0.170962 0.985278
vn 1 0 -0
vt 0.652126 0.016666
vt 0.652126 0.016666
vt 0.652126 0.016666
f 64/64/64 65/65/65 66/66/66
v -1.34538 0.846961 0.008498
v -1.32395 0.846961 0.008498
v -1.32395 0.854206 0.006377
vn 0 0.226362 0.974043
vn 0 0.226362 0.974043
vn 0 0.281038 0.959696
vt 0.648095 0.01695
vt 0.652196 0.01695
vt 0.652196 0.018336
f 67/67/67 68/68/68 69/69/69
v -1.32395 0.854206 0.006377
v -1.34538 0.854206 0.006377
v -1.34538 0.846961 0.008498
vn 0 0.281038 0.959696
vn 0 0.281038 0.959696
vn 0 0.226362 0.974043
vt 0.652196 0.018336
vt 0.648095 0.018336
vt 0.648095 0.01695
f 70/70/70 71/71/71 72/72/72
v -1.32395 0.818159 0.002349
v -1.32395 0.818159 -0.000266
v -1.32395 0.837254 -0.000266
vn 1 0 -0
vn 1 0 -0
vn 1 0 -0
vt 0.653937 0.014967
vt 0.65443 0.014967
vt 0.65443 0.018573
f 73/73/73 74/74/74 75/75/75
v -1.32395 0.837254 -0.000266
v -1.32395 0.837254 0.001226
v -1.32395 0.834729 0.003903
vn 1 0 -0
vn 1 0 -0
vn 1 0 -0
vt 0.65443 0.018573
vt 0.654149 0.018573
vt 0.653643 0.018096
f 76/76/76 77/77/77 78/78/78
v -1.32395 0.837254 -0.000266
v -1.32395 0.834729 0.003903
v -1.32395 0.832205 0.006581
vn 1 0 -0
vn 1 0 -0
vn 1 0 -0
vt 0.65443 0.018573
vt 0.653643 0.018096
vt 0.653137 0.017619
f 79/79/79 80/80/80 81/81/81
v -1.32395 0.837254 -0.000266
v -1.32395 0.832205 0.006581
v -1.32395 0.82968 0.009258
vn 1 0 -0
vn 1 0 -0
vn 1 0 -0
vt 0.65443 0.018573
vt 0.653137 0.017619
vt 0.652632 0.017143
f 82/82/82 83/83/83 84/84/84
v -1.32395 0.837254 -0.000266
v -1.32395 0.82968 0.009258
v -1.32395 0.827156 0.011935
vn 1 0 -0
vn 1 0 -0
vn 1 0 -0
vt 0.65443 0.018573
vt 0.652632 0.017143
vt 0.652126 0.016666
f 85/85/85 86/86/86 87/87/87
v -1.32395 0.818159 0.002349
v -1.32395 0.837254 -0.000266
v -1.32395 0.827156 0.011935
vn 1 0 -0
vn 1 0 -0
vn 1 0 -0
vt 0.653937 0.014967
vt 0.65443 0.018573
vt 0.652126 0.016666
f 88/88/88 89/89/89 90/90/90
v -1.32395 0.818721 0.006741
v -1.32395 0.818159 0.002349
v -1.32395 0.827156 0.011935
vn 1 0 -0
vn 1 0 -0
vn 1 0 -0
vt 0.653107 0.015073
vt 0.653937 0.014967
vt 0.652126 0.016666
f 91/91/91 92/92/92 93/93/93
v -1.32395 0.820408 0.009803
v -1.32395 0.818721 0.006741
v -1.32395 0.827156 0.011935
vn 1 0 -0
vn 1 0 -0
vn 1 0 -0
vt 0.652529 0.015391
vt 0.653107 0.015073
vt 0.652126 0.016666
f 94/94/94 95/95/95 96/96/96
v -1.32395 0.82322 0.011534
v -1.32395 0.820408 0.009803
v -1.32395 0.827156 0.011935
vn 1 0 -0
vn 1 0 -0
vn 1 0 -0
vt 0.652202 0.015922
vt 0.652529 0.015391
vt 0.652126 0.016666
f 97/97/97 98/98/98 99/99/99
v -1.32395 0.827156 0.011935
v -1.32395 0.82322 0.011534
v -1.32395 0.827156 0.011935
vn 1 0 -0
vn 1 0 -0
vn 1 0 -0
vt 0.652126 0.016666
vt 0.652202 0.015922
vt 0.652126 0.016666
f 100/100/100 101/101/101 102/102/102
v -1.32395 0.818159 -0.000266
v -1.32395 0.818159 -0.002881
v -1.32395 0.818721 -0.007273
vn 1 0 -0
vn 1 0 -0
vn 1 0 -0
vt 0.65443 0.014967
vt 0.654924 0.014967
vt 0.655754 0.015073
f 103/103/103 104/104/104 105/105/105
v -1.32395 0.818159 -0.000266
v -1.32395 0.818721 -0.007273
v -1.32395 0.820408 -0.010335
vn 1 0 -0
vn 1 0 -0
vn 1 0 -0
vt 0.65443 0.014967
vt 0.655754 0.015073
vt 0.656332 0.015391
f 106/106/106 107/107/107 108/108/108
v -1.32395 0.818159 -0.000266
v -1.32395 0.820408 -0.010335
v -1.32395 0.82322 -0.012066
vn 1 0 -0
vn 1 0 -0
vn 1 0 -0
vt 0.65443 0.014967
vt 0.656332 0.015391
vt 0.656659 0.015922
f 109/109/109 110/110/110 111/111/111
v -1.32395 0.818159 -0.000266
v -1.32395 0.82322 -0.012066
v -1.32395 0.827156 -0.012467
vn 1 0 -0
vn 1 0 -0
vn 1 0 -0
vt 0.65443 0.014967
vt 0.656659 0.015922
vt 0.656735 0.016666
f 112/112/112 113/113/113 114/114/114
v -1.32395 0.827156 -0.012467
v -1.32395 0.827156 -0.012467
v -1.32395 0.82968 -0.00979
vn 1 0 -0
vn 1 0 -0
vn -1 0 -0
vt 0.656735 0.016666
vt 0.656735 0.016666
vt 0.656229 0.017143
f 115/115/115 116/116/116 117/117/117
v -1.32395 0.827156 -0.012467
v -1.32395 0.82968 -0.00979
v -1.32395 0.832205 -0.007112
vn 1 0 -0
vn -1 0 -0
vn -1 0 -0
vt 0.643981 0.013554
vt 0.644051 0.020731
vt 0.644121 0.027908
f 118/118/118 119/119/119 120/120/120
v -1.32395 0.827156 -0.012467
v -1.32395 0.832205 -0.007112
v -1.32395 0.834729 -0.004435
vn 1 0 -0
vn -1 0 -0
vn -1 0 -0
vt 0.643981 0.013554
vt 0.644121 0.027908
vt 0.644192 0.035086
f 121/121/121 122/122/122 123/123/123
v -1.32395 0.827156 -0.012467
v -1.32395 0.834729 -0.004435
v -1.32395 0.837254 -0.001758
vn 1 0 -0
vn -1 0 -0
vn 1 0 -0
vt 0.643981 0.013554
vt 0.644192 0.035086
vt 0.644262 0.042263
f 124/124/124 125/125/125 126/126/126
v -1.32395 0.818159 -0.000266
v -1.32395 0.827156 -0.012467
v -1.32395 0.837254 -0.001758
vn 1 0 -0
vn 1 0 -0
vn 1 0 -0
vt 0.65443 0.014967
vt 0.656735 0.016666
vt 0.654712 0.018573
f 127/127/127 128/128/128 129/129/129
v -1.32395 0.818159 -0.000266
v -1.32395 0.837254 -0.001758
v -1.32395 0.837254 -0.000266
vn 1 0 -0
vn 1 0 -0
vn 1 0 -0
vt 0.65443 0.014967
vt 0.654712 0.018573
vt 0.65443 0.018573
f 130/130/130 131/131/131 132/132/132
v -1.32395 0.837254 -0.000266
v -1.32395 0.853798 -0.000266
v -1.32395 0.854648 0.000584
vn 1 0 -0
vn 1 0 -0
vn 1 0 -0
vt 0.65443 0.018573
vt 0.65443 0.021697
vt 0.65427 0.021858
f 133/133/133 134/134/134 135/135/135
v -1.32395 0.837254 -0.000266
v -1.32395 0.854648 0.000584
v -1.32395 0.855498 0.001435
vn 1 0 -0
vn 1 0 -0
vn 1 0 -0
vt 0.65443 0.018573
vt 0.65427 0.021858
vt 0.654109 0.022019
f 136/136/136 137/137/137 138/138/138
v -1.32395 0.837254 -0.000266
v -1.32395 0.855498 0.001435
v -1.32395 0.856349 0.002285
vn 1 0 -0
vn 1 0 -0
vn 1 0 -0
vt 0.65443 0.018573
vt 0.654109 0.022019
vt 0.653949 0.022179
f 139/139/139 140/140/140 141/141/141
v -1.32395 0.837254 0.001226
v -1.32395 0.837254 -0.000266
v -1.32395 0.856349 0.002285
vn 1 0 -0
vn 1 0 -0
vn 1 0 -0
vt 0.654149 0.018573
vt 0.65443 0.018573
vt 0.653949 0.022179
f 142/142/142 143/143/143 144/144/144
v -1.32395 0.856349 0.002285
v -1.32395 0.856349 0.003517
v -1.32395 0.856111 0.004827
vn 1 0 -0
vn 1 0 -0
vn 1 0 -0
vt 0.653949 0.022179
vt 0.653716 0.022179
vt 0.653469 0.022134
f 145/145/145 146/146/146 147/147/147
v -1.32395 0.856349 0.002285
v -1.32395 0.856111 0.004827
v -1.32395 0.855396 0.00578
vn 1 0 -0
vn 1 0 -0
vn 1 0 -0
vt 0.653949 0.022179
vt 0.653469 0.022134
vt 0.653289 0.021999
f 148/148/148 149/149/149 150/150/150
v -1.32395 0.856349 0.002285
v -1.32395 0.855396 0.00578
v -1.32395 0.854206 0.006377
vn 1 0 -0
vn 1 0 -0
vn 1 0 -0
vt 0.653949 0.022179
vt 0.653289 0.021999
vt 0.653176 0.021775
f 151/151/151 152/152/152 153/153/153
v -1.32395 0.837254 0.001226
v -1.32395 0.856349 0.002285
v -1.32395 0.854206 0.006377
vn 1 0 -0
vn 1 0 -0
vn 1 0 -0
vt 0.654149 0.018573
vt 0.653949 0.022179
vt 0.653176 0.021775
f 154/154/154 155/155/155 156/156/156
v -1.32395 0.839681 0.003044
v -1.32395 0.837254 0.001226
v -1.32395 0.854206 0.006377
vn 1 0 -0
vn 1 0 -0
vn 1 0 -0
vt 0.653805 0.019031
vt 0.654149 0.018573
vt 0.653176 0.021775
f 157/157/157 158/158/158 159/159/159
v -1.32395 0.842107 0.004862
v -1.32395 0.839681 0.003044
v -1.32395 0.854206 0.006377
vn 1 0 -0
vn 1 0 -0
vn 1 0 -0
vt 0.653462 0.01949
vt 0.653805 0.019031
vt 0.653176 0.021775
f 160/160/160 161/161/161 162/162/162
v -1.32395 0.844534 0.00668
v -1.32395 0.842107 0.004862
v -1.32395 0.854206 0.006377
vn 1 0 -0
vn 1 0 -0
vn 1 0 -0
vt 0.653119 0.019948
vt 0.653462 0.01949
vt 0.653176 0.021775
f 163/163/163 164/164/164 165/165/165
v -1.32395 0.846961 0.008498
v -1.32395 0.844534 0.00668
v -1.32395 0.854206 0.006377
vn 1 0 -0
vn 1 0 -0
vn 1 0 -0
vt 0.652775 0.020406
vt 0.653119 0.019948
vt 0.653176 0.021775
f 166/166/166 167/167/167 168/168/168
v -1.32395 0.837254 -0.000266
v -1.32395 0.837254 -0.001758
v -1.32395 0.839681 -0.003576
vn 1 0 -0
vn 1 0 -0
vn 1 0 -0
vt 0.65443 0.018573
vt 0.654712 0.018573
vt 0.655056 0.019031
f 169/169/169 170/170/170 171/171/171
v -1.32395 0.837254 -0.000266
v -1.32395 0.839681 -0.003576
v -1.32395 0.842107 -0.005394
vn 1 0 -0
vn 1 0 -0
vn 1 0 -0
vt 0.65443 0.018573
vt 0.655056 0.019031
vt 0.655399 0.01949
f 172/172/172 173/173/173 174/174/174
v -1.32395 0.837254 -0.000266
v -1.32395 0.842107 -0.005394
v -1.32395 0.844534 -0.007212
vn 1 0 -0
vn 1 0 -0
vn 1 0 -0
vt 0.65443 0.018573
vt 0.655399 0.01949
vt 0.655742 0.019948
f 175/175/175 176/176/176 177/177/177
v -1.32395 0.837254 -0.000266
v -1.32395 0.844534 -0.007212
v -1.32395 0.846961 -0.00903
vn 1 0 -0
vn 1 0 -0
vn 1 0 -0
vt 0.65443 0.018573
vt 0.655742 0.019948
vt 0.656086 0.020406
f 178/178/178 179/179/179 180/180/180
v -1.32395 0.846961 -0.00903
v -1.32395 0.854206 -0.006909
v -1.32395 0.855396 -0.006312
vn 1 0 -0
vn 1 0 -0
vn 1 0 -0
vt 0.656086 0.020406
vt 0.655685 0.021775
vt 0.655572 0.021999
f 181/181/181 182/182/182 183/183/183
v -1.32395 0.846961 -0.00903
v -1.32395 0.855396 -0.006312
v -1.32395 0.856111 -0.005359
vn 1 0 -0
vn 1 0 -0
vn 1 0 -0
vt 0.656086 0.020406
vt 0.655572 0.021999
vt 0.655392 0.022134
f 184/184/184 185/185/185 186/186/186
v -1.32395 0.846961 -0.00903
v -1.32395 0.856111 -0.005359
v -1.32395 0.856349 -0.004048
vn 1 0 -0
vn 1 0 -0
vn 1 0 -0
vt 0.656086 0.020406
vt 0.655392 0.022134
vt 0.655145 0.022179
f 187/187/187 188/188/188 189/189/189
v -1.32395 0.837254 -0.000266
v -1.32395 0.846961 -0.00903
v -1.32395 0.856349 -0.004048
vn 1 0 -0
vn 1 0 -0
vn 1 0 -0
vt 0.65443 0.018573
vt 0.656086 0.020406
vt 0.655145 0.022179
f 190/190/190 191/191/191 192/192/192
v -1.32395 0.856349 -0.004048
v -1.32395 0.856349 -0.002817
v -1.32395 0.855498 -0.001967
vn 1 0 -0
vn 1 0 -0
vn 1 0 -0
vt 0.655145 0.022179
vt 0.654912 0.022179
vt 0.654752 0.022019
f 193/193/193 194/194/194 195/195/195
v -1.32395 0.856349 -0.004048
v -1.32395 0.855498 -0.001967
v -1.32395 0.854648 -0.001116
vn 1 0 -0
vn 1 0 -0
vn 1 0 -0
vt 0.655145 0.022179
vt 0.654752 0.022019
vt 0.654591 0.021858
f 196/196/196 197/197/197 198/198/198
v -1.32395 0.856349 -0.004048
v -1.32395 0.854648 -0.001116
v -1.32395 0.853798 -0.000266
vn 1 0 -0
vn 1 0 -0
vn 1 0 -0
vt 0.655145 0.022179
vt 0.654591 0.021858
vt 0.65443 0.021697
f 199/199/199 200/200/200 201/201/201
v -1.32395 0.837254 -0.000266
v -1.32395 0.856349 -0.004048
v -1.32395 0.853798 -0.000266
vn 1 0 -0
vn 1 0 -0
vn 1 0 -0
vt 0.65443 0.018573
vt 0.655145 0.022179
vt 0.65443 0.021697
f 202/202/202 203/203/203 204/204/204
v -1.32395 0.827156 -0.012467
v -1.34538 0.827156 -0.012467
v -1.34538 0.827156 -0.012467
vn 1 0 -0
vn 1 0 -0
vn 0 0.170962 -0.985278
vt 0.656735 0.016666
vt 0.656735 0.016666
vt 0.656735 0.016666
f 205/205/205 206/206/206 207/207/207
v -1.34538 0.827156 -0.012467
v -1.32395 0.827156 -0.012467
v -1.32395 0.827156 -0.012467
vn 0 0.170962 -0.985278
vn 0 0.170962 -0.985278
vn 1 0 -0
vt 0.656735 0.016666
vt 0.656735 0.016666
vt 0.656735 0.016666
f 208/208/208 209/209/209 210/210/210
v -1.32395 0.846961 -0.00903
v -1.34538 0.846961 -0.00903
v -1.34538 0.854206 -0.006909
vn 0 0.226362 -0.974043
vn 0 0.226362 -0.974043
vn 0 0.281038 -0.959696
vt 0.648117 0.02225
vt 0.652174 0.02225
vt 0.652174 0.023679
f 211/211/211 212/212/212 213/213/213
v -1.34538 0.854206 -0.006909
v -1.32395 0.854206 -0.006909
v -1.32395 0.846961 -0.00903
vn 0 0.281038 -0.959696
vn 0 0.281038 -0.959696
vn 0 0.226362 -0.974043
vt 0.652174 0.023679
vt 0.648117 0.023679
vt 0.648117 0.02225
f 214/214/214 215/215/215 216/216/216
v -1.34538 0.818159 -0.002881
v -1.34538 0.818159 -0.000266
v -1.34538 0.837254 -0.000266
vn -1 0 -0
vn -1 0 -0
vn -1 0 -0
vt 0.653937 0.022108
vt 0.65443 0.022108
vt 0.65443 0.025714
f 217/217/217 218/218/218 219/219/219
v -1.34538 0.837254 -0.000266
v -1.34538 0.837254 -0.001758
v -1.34538 0.834729 -0.004435
vn -1 0 -0
vn -1 0 -0
vn -1 0 -0
vt 0.65443 0.025714
vt 0.654149 0.025714
vt 0.653643 0.025237
f 220/220/220 221/221/221 222/222/222
v -1.34538 0.837254 -0.000266
v -1.34538 0.834729 -0.004435
v -1.34538 0.832205 -0.007112
vn -1 0 -0
vn -1 0 -0
vn -1 0 -0
vt 0.65443 0.025714
vt 0.653643 0.025237
vt 0.653137 0.02476
f 223/223/223 224/224/224 225/225/225
v -1.34538 0.837254 -0.000266
v -1.34538 0.832205 -0.007112
v -1.34538 0.82968 -0.00979
vn -1 0 -0
vn -1 0 -0
vn -1 0 -0
vt 0.65443 0.025714
vt 0.653137 0.02476
vt 0.652632 0.024284
f 226/226/226 227/227/227 228/228/228
v -1.34538 0.837254 -0.000266
v -1.34538 0.82968 -0.00979
v -1.34538 0.827156 -0.012467
vn -1 0 -0
vn -1 0 -0
vn -1 0 -0
vt 0.65443 0.025714
vt 0.652632 0.024284
vt 0.652126 0.023807
f 229/229/229 230/230/230 231/231/231
v -1.34538 0.818159 -0.002881
v -1.34538 0.837254 -0.000266
v -1.34538 0.827156 -0.012467
vn -1 0 -0
vn -1 0 -0
vn -1 0 -0
vt 0.653937 0.022108
vt 0.65443 0.025714
vt 0.652126 0.023807
f 232/232/232 233/233/233 234/234/234
v -1.34538 0.818721 -0.007273
v -1.34538 0.818159 -0.002881
v -1.34538 0.827156 -0.012467
vn -1 0 -0
vn -1 0 -0
vn -1 0 -0
vt 0.653107 0.022214
vt 0.653937 0.022108
vt 0.652126 0.023807
f 235/235/235 236/236/236 237/237/237
v -1.34538 0.820408 -0.010335
v -1.34538 0.818721 -0.007273
v -1.34538 0.827156 -0.012467
vn -1 0 -0
vn -1 0 -0
vn -1 0 -0
vt 0.652529 0.022532
vt 0.653107 0.022214
vt 0.652126 0.023807
f 238/238/238 239/239/239 240/240/240
v -1.34538 0.82322 -0.012066
v -1.34538 0.820408 -0.010335
v -1.34538 0.827156 -0.012467
vn -1 0 -0
vn -1 0 -0
vn -1 0 -0
vt 0.652202 0.023063
vt 0.652529 0.022532
vt 0.652126 0.023807
f 241/241/241 242/242/242 243/243/243
v -1.34538 0.827156 -0.012467
v -1.34538 0.82322 -0.012066
v -1.34538 0.827156 -0.012467
vn 1 0 -0
vn -1 0 -0
vn -1 0 -0
vt 0.656735 0.016666
vt 0.656659 0.015922
vt 0.656735 0.016666
f 244/244/244 245/245/245 246/246/246
v -1.34538 0.818159 -0.000266
v -1.34538 0.818159 0.002349
v -1.34538 0.818721 0.006741
vn -1 0 -0
vn -1 0 -0
vn -1 0 -0
vt 0.65443 0.022108
vt 0.654924 0.022108
vt 0.655754 0.022214
f 247/247/247 248/248/248 249/249/249
v -1.34538 0.818159 -0.000266
v -1.34538 0.818721 0.006741
v -1.34538 0.820408 0.009803
vn -1 0 -0
vn -1 0 -0
vn -1 0 -0
vt 0.65443 0.022108
vt 0.655754 0.022214
vt 0.656332 0.022532
f 250/250/250 251/251/251 252/252/252
v -1.34538 0.818159 -0.000266
v -1.34538 0.820408 0.009803
v -1.34538 0.82322 0.011534
vn -1 0 -0
vn -1 0 -0
vn -1 0 -0
vt 0.65443 0.022108
vt 0.656332 0.022532
vt 0.656659 0.023063
f 253/253/253 254/254/254 255/255/255
v -1.34538 0.818159 -0.000266
v -1.34538 0.82322 0.011534
v -1.34538 0.827156 0.011935
vn -1 0 -0
vn -1 0 -0
vn -1 0 -0
vt 0.65443 0.022108
vt 0.656659 0.023063
vt 0.656735 0.023807
f 256/256/256 257/257/257 258/258/258
v -1.34538 0.827156 0.011935
v -1.34538 0.827156 0.011935
v -1.34538 0.82968 0.009258
vn -1 0 -0
vn 1 0 -0
vn 1 0 -0
vt 0.652126 0.016666
vt 0.652126 0.016666
vt 0.652632 0.017143
f 259/259/259 260/260/260 261/261/261
v -1.34538 0.827156 0.011935
v -1.34538 0.82968 0.009258
v -1.34538 0.832205 0.006581
vn -1 0 -0
vn 1 0 -0
vn -1 0 -0
vt 0.652126 0.016666
vt 0.652632 0.017143
vt 0.653137 0.017619
f 262/262/262 263/263/263 264/264/264
v -1.34538 0.827156 0.011935
v -1.34538 0.832205 0.006581
v -1.34538 0.834729 0.003903
vn -1 0 -0
vn -1 0 -0
vn 1 0 -0
vt 0.656735 0.023807
vt 0.655724 0.02476
vt 0.655218 0.025237
f 265/265/265 266/266/266 267/267/267
v -1.34538 0.827156 0.011935
v -1.34538 0.834729 0.003903
v -1.34538 0.837254 0.001226
vn -1 0 -0
vn 1 0 -0
vn -1 0 -0
vt 0.657486 0.012651
vt 0.6575 0.014114
vt 0.657505 0.014602
f 268/268/268 269/269/269 270/270/270
v -1.34538 0.818159 -0.000266
v -1.34538 0.827156 0.011935
v -1.34538 0.837254 0.001226
vn -1 0 -0
vn -1 0 -0
vn -1 0 -0
vt 0.65443 0.022108
vt 0.656735 0.023807
vt 0.654712 0.025714
f 271/271/271 272/272/272 273/273/273
v -1.34538 0.818159 -0.000266
v -1.34538 0.837254 0.001226
v -1.34538 0.837254 -0.000266
vn -1 0 -0
vn -1 0 -0
vn -1 0 -0
vt 0.65443 0.022108
vt 0.654712 0.025714
vt 0.65443 0.025714
f 274/274/274 275/275/275 276/276/276
v -1.34538 0.837254 -0.000266
v -1.34538 0.853798 -0.000266
v -1.34538 0.854648 -0.001116
vn -1 0 -0
vn -1 0 -0
vn -1 0 -0
vt 0.65443 0.025714
vt 0.65443 0.028838
vt 0.65427 0.028999
f 277/277/277 278/278/278 279/279/279
v -1.34538 0.837254 -0.000266
v -1.34538 0.854648 -0.001116
v -1.34538 0.855498 -0.001967
vn -1 0 -0
vn -1 0 -0
vn -1 0 -0
vt 0.65443 0.025714
vt 0.65427 0.028999
vt 0.654109 0.02916
f 280/280/280 281/281/281 282/282/282
v -1.34538 0.837254 -0.000266
v -1.34538 0.855498 -0.001967
v -1.34538 0.856349 -0.002817
vn -1 0 -0
vn -1 0 -0
vn -1 0 -0
vt 0.65443 0.025714
vt 0.654109 0.02916
vt 0.653949 0.02932
f 283/283/283 284/284/284 285/285/285
v -1.34538 0.837254 -0.001758
v -1.34538 0.837254 -0.000266
v -1.34538 0.856349 -0.002817
vn -1 0 -0
vn -1 0 -0
vn -1 0 -0
vt 0.654149 0.025714
vt 0.65443 0.025714
vt 0.653949 0.02932
f 286/286/286 287/287/287 288/288/288
v -1.34538 0.856349 -0.002817
v -1.34538 0.856349 -0.004048
v -1.34538 0.856111 -0.005359
vn -1 0 -0
vn -1 0 -0
vn -1 0 -0
vt 0.653949 0.02932
vt 0.653716 0.02932
vt 0.653469 0.029275
f 289/289/289 290/290/290 291/291/291
v -1.34538 0.856349 -0.002817
v -1.34538 0.856111 -0.005359
v -1.34538 0.855396 -0.006312
vn -1 0 -0
vn -1 0 -0
vn -1 0 -0
vt 0.653949 0.02932
vt 0.653469 0.029275
vt 0.653289 0.02914
f 292/292/292 293/293/293 294/294/294
v -1.34538 0.856349 -0.002817
v -1.34538 0.855396 -0.006312
v -1.34538 0.854206 -0.006909
vn -1 0 -0
vn -1 0 -0
vn -1 0 -0
vt 0.653949 0.02932
vt 0.653289 0.02914
vt 0.653176 0.028916
f 295/295/295 296/296/296 297/297/297
v -1.34538 0.837254 -0.001758
v -1.34538 0.856349 -0.002817
v -1.34538 0.854206 -0.006909
vn -1 0 -0
vn -1 0 -0
vn -1 0 -0
vt 0.654149 0.025714
vt 0.653949 0.02932
vt 0.653176 0.028916
f 298/298/298 299/299/299 300/300/300
v -1.34538 0.839681 -0.003576
v -1.34538 0.837254 -0.001758
v -1.34538 0.854206 -0.006909
vn -1 0 -0
vn -1 0 -0
vn -1 0 -0
vt 0.653805 0.026172
vt 0.654149 0.025714
vt 0.653176 0.028916
f 301/301/301 302/302/302 303/303/303
v -1.34538 0.842107 -0.005394
v -1.34538 0.839681 -0.003576
v -1.34538 0.854206 -0.006909
vn -1 0 -0
vn -1 0 -0
vn -1 0 -0
vt 0.653462 0.026631
vt 0.653805 0.026172
vt 0.653176 0.028916
f 304/304/304 305/305/305 306/306/306
v -1.34538 0.844534 -0.007212
v -1.34538 0.842107 -0.005394
v -1.34538 0.854206 -0.006909
vn -1 0 -0
vn -1 0 -0
vn -1 0 -0
vt 0.653119 0.027089
vt 0.653462 0.026631
vt 0.653176 0.028916
f 307/307/307 308/308/308 309/309/309
v -1.34538 0.846961 -0.00903
v -1.34538 0.844534 -0.007212
v -1.34538 0.854206 -0.006909
vn -1 0 -0
vn -1 0 -0
vn -1 0 -0
vt 0.652775 0.027547
vt 0.653119 0.027089
vt 0.653176 0.028916
f 310/310/310 311/311/311 312/312/312
v -1.34538 0.837254 -0.000266
v -1.34538 0.837254 0.001226
v -1.34538 0.839681 0.003044
vn -1 0 -0
vn -1 0 -0
vn -1 0 -0
vt 0.65443 0.025714
vt 0.654712 0.025714
vt 0.655056 0.026172
f 313/313/313 314/314/314 315/315/315
v -1.34538 0.837254 -0.000266
v -1.34538 0.839681 0.003044
v -1.34538 0.842107 0.004862
vn -1 0 -0
vn -1 0 -0
vn -1 0 -0
vt 0.65443 0.025714
vt 0.655056 0.026172
vt 0.655399 0.026631
f 316/316/316 317/317/317 318/318/318
v -1.34538 0.837254 -0.000266
v -1.34538 0.842107 0.004862
v -1.34538 0.844534 0.00668
vn -1 0 -0
vn -1 0 -0
vn -1 0 -0
vt 0.65443 0.025714
vt 0.655399 0.026631
vt 0.655742 0.027089
f 319/319/319 320/320/320 321/321/321
v -1.34538 0.837254 -0.000266
v -1.34538 0.844534 0.00668
v -1.34538 0.846961 0.008498
vn -1 0 -0
vn -1 0 -0
vn -1 0 -0
vt 0.65443 0.025714
vt 0.655742 0.027089
vt 0.656086 0.027547
f 322/322/322 323/323/323 324/324/324
v -1.34538 0.846961 0.008498
v -1.34538 0.854206 0.006377
v -1.34538 0.855396 0.00578
vn -1 0 -0
vn -1 0 -0
vn -1 0 -0
vt 0.656086 0.027547
vt 0.655685 0.028916
vt 0.655572 0.02914
f 325/325/325 326/326/326 327/327/327
v -1.34538 0.846961 0.008498
v -1.34538 0.855396 0.00578
v -1.34538 0.856111 0.004827
vn -1 0 -0
vn -1 0 -0
vn -1 0 -0
vt 0.656086 0.027547
vt 0.655572 0.02914
vt 0.655392 0.029275
f 328/328/328 329/329/329 330/330/330
v -1.34538 0.846961 0.008498
v -1.34538 0.856111 0.004827
v -1.34538 0.856349 0.003517
vn -1 0 -0
vn -1 0 -0
vn -1 0 -0
vt 0.656086 0.027547
vt 0.655392 0.029275
vt 0.655145 0.02932
f 331/331/331 332/332/332 333/333/333
v -1.34538 0.837254 -0.000266
v -1.34538 0.846961 0.008498
v -1.34538 0.856349 0.003517
vn -1 0 -0
vn -1 0 -0
vn -1 0 -0
vt 0.65443 0.025714
vt 0.656086 0.027547
vt 0.655145 0.02932
f 334/334/334 335/335/335 336/336/336
v -1.34538 0.856349 0.003517
v -1.34538 0.856349 0.002285
v -1.34538 0.855498 0.001435
vn -1 0 -0
vn -1 0 -0
vn -1 0 -0
vt 0.655145 0.02932
vt 0.654912 0.02932
vt 0.654752 0.02916
f 337/337/337 338/338/338 339/339/339
v -1.34538 0.856349 0.003517
v -1.34538 0.855498 0.001435
v -1.34538 0.854648 0.000584
vn -1 0 -0
vn -1 0 -0
vn -1 0 -0
vt 0.655145 0.02932
vt 0.654752 0.02916
vt 0.654591 0.028999
f 340/340/340 341/341/341 342/342/342
v -1.34538 0.856349 0.003517
v -1.34538 0.854648 0.000584
v -1.34538 0.853798 -0.000266
vn -1 0 -0
vn -1 0 -0
vn -1 0 -0
vt 0.655145 0.02932
vt 0.654591 0.028999
vt 0.65443 0.028838
f 343/343/343 344/344/344 345/345/345
v -1.34538 0.837254 -0.000266
v -1.34538 0.856349 0.003517
v -1.34538 0.853798 -0.000266
vn -1 0 -0
vn -1 0 -0
vn -1 0 -0
vt 0.65443 0.025714
vt 0.655145 0.02932
vt 0.65443 0.028838
f 346/346/346 347/347/347 348/348/348
v -1.32395 0.856111 0.004827
v -1.32395 0.856349 0.003517
v -1.34538 0.856349 0.003517
vn 0 0.983886 0.178797
vn 0 0.983886 0.178797
vn 0 0.983886 0.178797
vt 0.646029 0.014432
vt 0.646282 0.014432
vt 0.646282 0.018565
f 349/349/349 350/350/350 351/351/351
v -1.34538 0.856349 0.003517
v -1.34538 0.856111 0.004827
v -1.32395 0.856111 0.004827
vn 0 0.983886 0.178797
vn 0 0.983886 0.178797
vn 0 0.983886 0.178797
vt 0.646282 0.018565
vt 0.646029 0.018565
vt 0.646029 0.014432
f 352/352/352 353/353/353 354/354/354
v -1.34538 0.856111 -0.005359
v -1.34538 0.856349 -0.004048
v -1.32395 0.856349 -0.004048
vn 0 0.983886 -0.178797
vn 0 0.983886 -0.178797
vn 0 0.983886 -0.178797
vt 0.647994 0.018565
vt 0.647741 0.018565
vt 0.647741 0.014432
f 355/355/355 356/356/356 357/357/357
v -1.32395 0.856349 -0.004048
v -1.32395 0.856111 -0.005359
v -1.34538 0.856111 -0.005359
vn 0 0.983886 -0.178797
vn 0 0.983886 -0.178797
vn 0 0.983886 -0.178797
vt 0.647741 0.014432
vt 0.647994 0.014432
vt 0.647994 0.018565
f 358/358/358 359/359/359 360/360/360
v -1.32395 0.855396 0.00578
v -1.32395 0.856111 0.004827
v -1.34538 0.856111 0.004827
vn 0 0.800324 0.599568
vn 0 0.800324 0.599568
vn 0 0.800324 0.599568
vt 0.645845 0.014432
vt 0.646029 0.014432
vt 0.646029 0.018565
f 361/361/361 362/362/362 363/363/363
v -1.34538 0.856111 0.004827
v -1.34538 0.855396 0.00578
v -1.32395 0.855396 0.00578
vn 0 0.800324 0.599568
vn 0 0.800324 0.599568
vn 0 0.800324 0.599568
vt 0.646029 0.018565
vt 0.645845 0.018565
vt 0.645845 0.014432
f 364/364/364 365/365/365 366/366/366
v -1.32395 0.854206 0.006377
v -1.32395 0.855396 0.00578
v -1.34538 0.855396 0.00578
vn 0 0.448101 0.893983
vn 0 0.448101 0.893983
vn 0 0.448101 0.893983
vt 0.652196 0.018336
vt 0.652196 0.018563
vt 0.648095 0.018563
f 367/367/367 368/368/368 369/369/369
v -1.34538 0.855396 0.00578
v -1.34538 0.854206 0.006377
v -1.32395 0.854206 0.006377
vn 0 0.448101 0.893983
vn 0 0.448101 0.893983
vn 0 0.448101 0.893983
vt 0.648095 0.018563
vt 0.648095 0.018336
vt 0.652196 0.018336
f 370/370/370 371/371/371 372/372/372
v -1.34538 0.855396 -0.006312
v -1.34538 0.856111 -0.005359
v -1.32395 0.856111 -0.005359
vn 0 0.800324 -0.599568
vn 0 0.800324 -0.599568
vn 0 0.800324 -0.599568
vt 0.648178 0.018565
vt 0.647994 0.018565
vt 0.647994 0.014432
f 373/373/373 374/374/374 375/375/375
v -1.32395 0.856111 -0.005359
v -1.32395 0.855396 -0.006312
v -1.34538 0.855396 -0.006312
vn 0 0.800324 -0.599568
vn 0 0.800324 -0.599568
vn 0 0.800324 -0.599568
vt 0.647994 0.014432
vt 0.648178 0.014432
vt 0.648178 0.018565
f 376/376/376 377/377/377 378/378/378
v -1.34538 0.854206 -0.006909
v -1.34538 0.855396 -0.006312
v -1.32395 0.855396 -0.006312
vn 0 0.448101 -0.893983
vn 0 0.448101 -0.893983
vn 0 0.448101 -0.893983
vt 0.652174 0.023679
vt 0.652174 0.023927
vt 0.648117 0.023927
f 379/379/379 380/380/380 381/381/381
v -1.32395 0.855396 -0.006312
v -1.32395 0.854206 -0.006909
v -1.34538 0.854206 -0.006909
vn 0 0.448101 -0.893983
vn 0 0.448101 -0.893983
vn 0 0.448101 -0.893983
vt 0.648117 0.023927
vt 0.648117 0.023679
vt 0.652174 0.023679
f 382/382/382 383/383/383 384/384/384
v -1.34538 0.854648 -0.001116
v -1.34538 0.853798 -0.000266
v -1.34538 0.854648 -0.000549
vn -1 0 -0
vn -1 0 -0
vn -1 0 -0
vt 0.65427 0.028999
vt 0.65443 0.028838
vt 0.654377 0.028999
f 385/385/385 386/386/386 387/387/387
v -1.32395 0.854648 0.000584
v -1.32395 0.853798 -0.000266
v -1.32395 0.854648 1.8e-005
vn 1 0 -0
vn 1 0 -0
vn 1 0 -0
vt 0.65427 0.021858
vt 0.65443 0.021697
vt 0.654377 0.021858
f 388/388/388 389/389/389 390/390/390
v -1.34538 0.856349 0.000584
v -1.34538 0.856349 0.002285
v -1.32395 0.856349 0.002285
vn 0 1 -0
vn 0 1 -0
vn 0 1 -0
vt 0.646847 0.018565
vt 0.646519 0.018565
vt 0.646519 0.014432
f 391/391/391 392/392/392 393/393/393
v -1.32395 0.856349 0.002285
v -1.32395 0.856349 0.000584
v -1.34538 0.856349 0.000584
vn 0 1 -0
vn 0 1 -0
vn 0 1 -0
vt 0.646519 0.014432
vt 0.646847 0.014432
vt 0.646847 0.018565
f 394/394/394 395/395/395 396/396/396
v -1.34538 0.853798 -0.000266
v -1.34538 0.854648 0.000584
v -1.34538 0.854648 1.8e-005
vn -1 0 -0
vn -1 0 -0
vn -1 0 -0
vt 0.65443 0.028838
vt 0.654591 0.028999
vt 0.654484 0.028999
f 397/397/397 398/398/398 399/399/399
v -1.34538 0.855498 0.000301
v -1.34538 0.854648 1.8e-005
v -1.34538 0.854648 0.000584
vn -1 0 -0
vn -1 0 -0
vn -1 0 -0
vt 0.654537 0.02916
vt 0.654484 0.028999
vt 0.654591 0.028999
f 400/400/400 401/401/401 402/402/402
v -1.34538 0.854648 0.000584
v -1.34538 0.855498 0.001435
v -1.34538 0.855498 0.000301
vn -1 0 -0
vn -1 0 -0
vn -1 0 -0
vt 0.654591 0.028999
vt 0.654752 0.02916
vt 0.654537 0.02916
f 403/403/403 404/404/404 405/405/405
v -1.34538 0.856349 0.000584
v -1.34538 0.855498 0.000301
v -1.34538 0.855498 0.001435
vn -1 0 -0
vn -1 0 -0
vn -1 0 -0
vt 0.654591 0.02932
vt 0.654537 0.02916
vt 0.654752 0.02916
f 406/406/406 407/407/407 408/408/408
v -1.34538 0.855498 0.001435
v -1.34538 0.856349 0.002285
v -1.34538 0.856349 0.000584
vn -1 0 -0
vn -1 0 -0
vn -1 0 -0
vt 0.654752 0.02916
vt 0.654912 0.02932
vt 0.654591 0.02932
f 409/409/409 410/410/410 411/411/411
v -1.34538 0.853798 -0.000266
v -1.34538 0.854648 1.8e-005
v -1.34538 0.854648 -0.000549
vn -1 0 -0
vn -1 0 -0
vn -1 0 -0
vt 0.65443 0.028838
vt 0.654484 0.028999
vt 0.654377 0.028999
f 412/412/412 413/413/413 414/414/414
v -1.34538 0.855498 -0.000833
v -1.34538 0.854648 -0.000549
v -1.34538 0.854648 1.8e-005
vn -1 0 -0
vn -1 0 -0
vn -1 0 -0
vt 0.654323 0.02916
vt 0.654377 0.028999
vt 0.654484 0.028999
f 415/415/415 416/416/416 417/417/417
v -1.34538 0.854648 1.8e-005
v -1.34538 0.855498 0.000301
v -1.34538 0.855498 -0.000833
vn -1 0 -0
vn -1 0 -0
vn -1 0 -0
vt 0.654484 0.028999
vt 0.654537 0.02916
vt 0.654323 0.02916
f 418/418/418 419/419/419 420/420/420
v -1.34538 0.856349 -0.001116
v -1.34538 0.855498 -0.000833
v -1.34538 0.855498 0.000301
vn -1 0 -0
vn -1 0 -0
vn -1 0 -0
vt 0.65427 0.02932
vt 0.654323 0.02916
vt 0.654537 0.02916
f 421/421/421 422/422/422 423/423/423
v -1.34538 0.855498 0.000301
v -1.34538 0.856349 0.000584
v -1.34538 0.856349 -0.001116
vn -1 0 -0
vn -1 0 -0
vn -1 0 -0
vt 0.654537 0.02916
vt 0.654591 0.02932
vt 0.65427 0.02932
f 424/424/424 425/425/425 426/426/426
v -1.34538 0.855498 -0.001967
v -1.34538 0.854648 -0.001116
v -1.34538 0.854648 -0.000549
vn -1 0 -0
vn -1 0 -0
vn -1 0 -0
vt 0.654109 0.02916
vt 0.65427 0.028999
vt 0.654377 0.028999
f 427/427/427 428/428/428 429/429/429
v -1.34538 0.854648 -0.000549
v -1.34538 0.855498 -0.000833
v -1.34538 0.855498 -0.001967
vn -1 0 -0
vn -1 0 -0
vn -1 0 -0
vt 0.654377 0.028999
vt 0.654323 0.02916
vt 0.654109 0.02916
f 430/430/430 431/431/431 432/432/432
v -1.34538 0.856349 -0.002817
v -1.34538 0.855498 -0.001967
v -1.34538 0.855498 -0.000833
vn -1 0 -0
vn -1 0 -0
vn -1 0 -0
vt 0.653949 0.02932
vt 0.654109 0.02916
vt 0.654323 0.02916
f 433/433/433 434/434/434 435/435/435
v -1.34538 0.855498 -0.000833
v -1.34538 0.856349 -0.001116
v -1.34538 0.856349 -0.002817
vn -1 0 -0
vn -1 0 -0
vn -1 0 -0
vt 0.654323 0.02916
vt 0.65427 0.02932
vt 0.653949 0.02932
f 436/436/436 437/437/437 438/438/438
v -1.32395 0.853798 -0.000266
v -1.32395 0.854648 -0.001116
v -1.32395 0.854648 -0.000549
vn 1 0 -0
vn 1 0 -0
vn 1 0 -0
vt 0.65443 0.021697
vt 0.654591 0.021858
vt 0.654484 0.021858
f 439/439/439 440/440/440 441/441/441
v -1.32395 0.855498 -0.000833
v -1.32395 0.854648 -0.000549
v -1.32395 0.854648 -0.001116
vn 1 0 -0
vn 1 0 -0
vn 1 0 -0
vt 0.654537 0.022019
vt 0.654484 0.021858
vt 0.654591 0.021858
f 442/442/442 443/443/443 444/444/444
v -1.32395 0.854648 -0.001116
v -1.32395 0.855498 -0.001967
v -1.32395 0.855498 -0.000833
vn 1 0 -0
vn 1 0 -0
vn 1 0 -0
vt 0.654591 0.021858
vt 0.654752 0.022019
vt 0.654537 0.022019
f 445/445/445 446/446/446 447/447/447
v -1.32395 0.856349 -0.001116
v -1.32395 0.855498 -0.000833
v -1.32395 0.855498 -0.001967
vn 1 0 -0
vn 1 0 -0
vn 1 0 -0
vt 0.654591 0.022179
vt 0.654537 0.022019
vt 0.654752 0.022019
f 448/448/448 449/449/449 450/450/450
v -1.32395 0.855498 -0.001967
v -1.32395 0.856349 -0.002817
v -1.32395 0.856349 -0.001116
vn 1 0 -0
vn 1 0 -0
vn 1 0 -0
vt 0.654752 0.022019
vt 0.654912 0.022179
vt 0.654591 0.022179
f 451/451/451 452/452/452 453/453/453
v -1.32395 0.853798 -0.000266
v -1.32395 0.854648 -0.000549
v -1.32395 0.854648 1.8e-005
vn 1 0 -0
vn 1 0 -0
vn 1 0 -0
vt 0.65443 0.021697
vt 0.654484 0.021858
vt 0.654377 0.021858
f 454/454/454 455/455/455 456/456/456
v -1.32395 0.855498 0.000301
v -1.32395 0.854648 1.8e-005
v -1.32395 0.854648 -0.000549
vn 1 0 -0
vn 1 0 -0
vn 1 0 -0
vt 0.654323 0.022019
vt 0.654377 0.021858
vt 0.654484 0.021858
f 457/457/457 458/458/458 459/459/459
v -1.32395 0.854648 -0.000549
v -1.32395 0.855498 -0.000833
v -1.32395 0.855498 0.000301
vn 1 0 -0
vn 1 0 -0
vn 1 0 -0
vt 0.654484 0.021858
vt 0.654537 0.022019
vt 0.654323 0.022019
f 460/460/460 461/461/461 462/462/462
v -1.32395 0.856349 0.000584
v -1.32395 0.855498 0.000301
v -1.32395 0.855498 -0.000833
vn 1 0 -0
vn 1 0 -0
vn 1 0 -0
vt 0.65427 0.022179
vt 0.654323 0.022019
vt 0.654537 0.022019
f 463/463/463 464/464/464 465/465/465
v -1.32395 0.855498 -0.000833
v -1.32395 0.856349 -0.001116
v -1.32395 0.856349 0.000584
vn 1 0 -0
vn 1 0 -0
vn 1 0 -0
vt 0.654537 0.022019
vt 0.654591 0.022179
vt 0.65427 0.022179
f 466/466/466 467/467/467 468/468/468
v -1.32395 0.855498 0.001435
v -1.32395 0.854648 0.000584
v -1.32395 0.854648 1.8e-005
vn 1 0 -0
vn 1 0 -0
vn 1 0 -0
vt 0.654109 0.022019
vt 0.65427 0.021858
vt 0.654377 0.021858
f 469/469/469 470/470/470 471/471/471
v -1.32395 0.854648 1.8e-005
v -1.32395 0.855498 0.000301
v -1.32395 0.855498 0.001435
vn 1 0 -0
vn 1 0 -0
vn 1 0 -0
vt 0.654377 0.021858
vt 0.654323 0.022019
vt 0.654109 0.022019
f 472/472/472 473/473/473 474/474/474
v -1.32395 0.856349 0.002285
v -1.32395 0.855498 0.001435
v -1.32395 0.855498 0.000301
vn 1 0 -0
vn 1 0 -0
vn 1 0 -0
vt 0.653949 0.022179
vt 0.654109 0.022019
vt 0.654323 0.022019
f 475/475/475 476/476/476 477/477/477
v -1.32395 0.855498 0.000301
v -1.32395 0.856349 0.000584
v -1.32395 0.856349 0.002285
vn 1 0 -0
vn 1 0 -0
vn 1 0 -0
vt 0.654323 0.022019
vt 0.65427 0.022179
vt 0.653949 0.022179
f 478/478/478 479/479/479 480/480/480
v -1.34538 0.856349 -0.001116
v -1.34538 0.856349 0.000584
v -1.32395 0.856349 0.000584
vn 0 1 -0
vn 0 1 -0
vn 0 1 -0
vt 0.647175 0.018565
vt 0.646847 0.018565
vt 0.646847 0.014432
f 481/481/481 482/482/482 483/483/483
v -1.32395 0.856349 0.000584
v -1.32395 0.856349 -0.001116
v -1.34538 0.856349 -0.001116
vn 0 1 -0
vn 0 1 -0
vn 0 1 -0
vt 0.646847 0.014432
vt 0.647175 0.014432
vt 0.647175 0.018565
f 484/484/484 485/485/485 486/486/486
v -1.34538 0.856349 -0.002817
v -1.34538 0.856349 -0.001116
v -1.32395 0.856349 -0.001116
vn 0 1 -0
vn 0 1 -0
vn 0 1 -0
vt 0.647503 0.018565
vt 0.647175 0.018565
vt 0.647175 0.014432
f 487/487/487 488/488/488 489/489/489
v -1.32395 0.856349 -0.001116
v -1.32395 0.856349 -0.002817
v -1.34538 0.856349 -0.002817
vn 0 1 -0
vn 0 1 -0
vn 0 1 -0
vt 0.647175 0.014432
vt 0.647503 0.014432
vt 0.647503 0.018565
f 490/490/490 491/491/491 492/492/492
v -1.34538 0.839681 0.003044
v -1.34538 0.837254 0.001226
v -1.34538 0.838443 0.003259
vn -1 0 -0
vn -1 0 -0
vn -1 0 -0
vt 0.655056 0.026172
vt 0.654712 0.025714
vt 0.655096 0.025938
f 493/493/493 494/494/494 495/495/495
v -1.32395 0.834729 0.003903
v -1.32395 0.837254 0.001226
v -1.32395 0.835967 0.003688
vn 1 0 -0
vn 1 0 -0
vn 1 0 -0
vt 0.653643 0.018096
vt 0.654149 0.018573
vt 0.653684 0.01833
f 496/496/496 497/497/497 498/498/498
v -1.32395 0.839681 -0.003576
v -1.32395 0.837254 -0.001758
v -1.32395 0.838443 -0.003791
vn 1 0 -0
vn 1 0 -0
vn 1 0 -0
vt 0.655056 0.019031
vt 0.654712 0.018573
vt 0.655096 0.018798
f 499/499/499 500/500/500 501/501/501
v -1.34538 0.834729 -0.004435
v -1.34538 0.837254 -0.001758
v -1.34538 0.835967 -0.00422
vn -1 0 -0
vn -1 0 -0
vn -1 0 -0
vt 0.653643 0.025237
vt 0.654149 0.025714
vt 0.653684 0.025471
f 502/502/502 503/503/503 504/504/504
v -1.34538 0.832107 0.011076
v -1.34538 0.827156 0.011935
v -1.32395 0.827156 0.011935
vn 0 0.170962 0.985278
vn 0 0.170962 0.985278
vn 0 0.170962 0.985278
vt 0.648095 0.014108
vt 0.648095 0.01316
vt 0.652196 0.01316
f 505/505/505 506/506/506 507/507/507
v -1.32395 0.827156 0.011935
v -1.32395 0.832107 0.011076
v -1.34538 0.832107 0.011076
vn 0 0.170962 0.985278
vn 0 0.170962 0.985278
vn 0 0.170962 0.985278
vt 0.652196 0.01316
vt 0.652196 0.014108
vt 0.648095 0.014108
f 508/508/508 509/509/509 510/510/510
v -1.32395 0.832107 -0.011608
v -1.32395 0.827156 -0.012467
v -1.34538 0.827156 -0.012467
vn 0 0.170962 -0.985278
vn 0 0.170962 -0.985278
vn 0 0.170962 -0.985278
vt 0.648117 0.019413
vt 0.648117 0.018468
vt 0.652174 0.018468
f 511/511/511 512/512/512 513/513/513
v -1.34538 0.827156 -0.012467
v -1.34538 0.832107 -0.011608
v -1.32395 0.832107 -0.011608
vn 0 0.170962 -0.985278
vn 0 0.170962 -0.985278
vn 0 0.170962 -0.985278
vt 0.652174 0.018468
vt 0.652174 0.019413
vt 0.648117 0.019413
f 514/514/514 515/515/515 516/516/516
v -1.34538 0.837254 0.001226
v -1.34538 0.834729 0.003903
v -1.34538 0.835967 0.003688
vn -1 0 -0
vn -1 0 -0
vn -1 0 -0
vt 0.654712 0.025714
vt 0.655218 0.025237
vt 0.655177 0.025471
f 517/517/517 518/518/518 519/519/519
v -1.34538 0.83468 0.006151
v -1.34538 0.835967 0.003688
v -1.34538 0.834729 0.003903
vn -1 0 -0
vn -1 0 -0
vn -1 0 -0
vt 0.655642 0.025228
vt 0.655177 0.025471
vt 0.655218 0.025237
f 520/520/520 521/521/521 522/522/522
v -1.34538 0.834729 0.003903
v -1.34538 0.832205 0.006581
v -1.34538 0.83468 0.006151
vn -1 0 -0
vn -1 0 -0
vn -1 0 -0
vt 0.655218 0.025237
vt 0.655724 0.02476
vt 0.655642 0.025228
f 523/523/523 524/524/524 525/525/525
v -1.34538 0.833394 0.008613
v -1.34538 0.83468 0.006151
v -1.34538 0.832205 0.006581
vn -1 0 -0
vn -1 0 -0
vn -1 0 -0
vt 0.656107 0.024985
vt 0.655642 0.025228
vt 0.655724 0.02476
f 526/526/526 527/527/527 528/528/528
v -1.34538 0.832205 0.006581
v -1.34538 0.82968 0.009258
v -1.34538 0.833394 0.008613
vn -1 0 -0
vn -1 0 -0
vn -1 0 -0
vt 0.655724 0.02476
vt 0.656229 0.024284
vt 0.656107 0.024985
f 529/529/529 530/530/530 531/531/531
v -1.34538 0.832107 0.011076
v -1.34538 0.833394 0.008613
v -1.34538 0.82968 0.009258
vn -1 0 -0
vn -1 0 -0
vn -1 0 -0
vt 0.656573 0.024742
vt 0.656107 0.024985
vt 0.656229 0.024284
f 532/532/532 533/533/533 534/534/534
v -1.34538 0.82968 0.009258
v -1.34538 0.827156 0.011935
v -1.34538 0.832107 0.011076
vn -1 0 -0
vn -1 0 -0
vn -1 0 -0
vt 0.656229 0.024284
vt 0.656735 0.023807
vt 0.656573 0.024742
f 535/535/535 536/536/536 537/537/537
v -1.34538 0.837254 0.001226
v -1.34538 0.835967 0.003688
v -1.34538 0.837205 0.003474
vn -1 0 -0
vn -1 0 -0
vn -1 0 -0
vt 0.654712 0.025714
vt 0.655177 0.025471
vt 0.655137 0.025705
f 538/538/538 539/539/539 540/540/540
v -1.34538 0.837156 0.005721
v -1.34538 0.837205 0.003474
v -1.34538 0.835967 0.003688
vn -1 0 -0
vn -1 0 -0
vn -1 0 -0
vt 0.655561 0.025695
vt 0.655137 0.025705
vt 0.655177 0.025471
f 541/541/541 542/542/542 543/543/543
v -1.34538 0.835967 0.003688
v -1.34538 0.83468 0.006151
v -1.34538 0.837156 0.005721
vn -1 0 -0
vn -1 0 -0
vn -1 0 -0
vt 0.655177 0.025471
vt 0.655642 0.025228
vt 0.655561 0.025695
f 544/544/544 545/545/545 546/546/546
v -1.34538 0.837107 0.007969
v -1.34538 0.837156 0.005721
v -1.34538 0.83468 0.006151
vn -1 0 -0
vn -1 0 -0
vn -1 0 -0
vt 0.655986 0.025686
vt 0.655561 0.025695
vt 0.655642 0.025228
f 547/547/547 548/548/548 549/549/549
v -1.34538 0.83468 0.006151
v -1.34538 0.833394 0.008613
v -1.34538 0.837107 0.007969
vn -1 0 -0
vn -1 0 -0
vn -1 0 -0
vt 0.655642 0.025228
vt 0.656107 0.024985
vt 0.655986 0.025686
f 550/550/550 551/551/551 552/552/552
v -1.34538 0.837059 0.010217
v -1.34538 0.837107 0.007969
v -1.34538 0.833394 0.008613
vn -1 0 -0
vn -1 0 -0
vn -1 0 -0
vt 0.65641 0.025677
vt 0.655986 0.025686
vt 0.656107 0.024985
f 553/553/553 554/554/554 555/555/555
v -1.34538 0.833394 0.008613
v -1.34538 0.832107 0.011076
v -1.34538 0.837059 0.010217
vn -1 0 -0
vn -1 0 -0
vn -1 0 -0
vt 0.656107 0.024985
vt 0.656573 0.024742
vt 0.65641 0.025677
f 556/556/556 557/557/557 558/558/558
v -1.34538 0.837254 0.001226
v -1.34538 0.837205 0.003474
v -1.34538 0.838443 0.003259
vn -1 0 -0
vn -1 0 -0
vn -1 0 -0
vt 0.654712 0.025714
vt 0.655137 0.025705
vt 0.655096 0.025938
f 559/559/559 560/560/560 561/561/561
v -1.34538 0.839632 0.005292
v -1.34538 0.838443 0.003259
v -1.34538 0.837205 0.003474
vn -1 0 -0
vn -1 0 -0
vn -1 0 -0
vt 0.65548 0.026163
vt 0.655096 0.025938
vt 0.655137 0.025705
f 562/562/562 563/563/563 564/564/564
v -1.34538 0.837205 0.003474
v -1.34538 0.837156 0.005721
v -1.34538 0.839632 0.005292
vn -1 0 -0
vn -1 0 -0
vn -1 0 -0
vt 0.655137 0.025705
vt 0.655561 0.025695
vt 0.65548 0.026163
f 565/565/565 566/566/566 567/567/567
v -1.34538 0.840821 0.007325
v -1.34538 0.839632 0.005292
v -1.34538 0.837156 0.005721
vn -1 0 -0
vn -1 0 -0
vn -1 0 -0
vt 0.655864 0.026388
vt 0.65548 0.026163
vt 0.655561 0.025695
f 568/568/568 569/569/569 570/570/570
v -1.34538 0.837156 0.005721
v -1.34538 0.837107 0.007969
v -1.34538 0.840821 0.007325
vn -1 0 -0
vn -1 0 -0
vn -1 0 -0
vt 0.655561 0.025695
vt 0.655986 0.025686
vt 0.655864 0.026388
f 571/571/571 572/572/572 573/573/573
v -1.34538 0.84201 0.009358
v -1.34538 0.840821 0.007325
v -1.34538 0.837107 0.007969
vn -1 0 -0
vn -1 0 -0
vn -1 0 -0
vt 0.656248 0.026612
vt 0.655864 0.026388
vt 0.655986 0.025686
f 574/574/574 575/575/575 576/576/576
v -1.34538 0.837107 0.007969
v -1.34538 0.837059 0.010217
v -1.34538 0.84201 0.009358
vn -1 0 -0
vn -1 0 -0
vn -1 0 -0
vt 0.655986 0.025686
vt 0.65641 0.025677
vt 0.656248 0.026612
f 577/577/577 578/578/578 579/579/579
v -1.34538 0.842107 0.004862
v -1.34538 0.839681 0.003044
v -1.34538 0.838443 0.003259
vn -1 0 -0
vn -1 0 -0
vn -1 0 -0
vt 0.655399 0.026631
vt 0.655056 0.026172
vt 0.655096 0.025938
f 580/580/580 581/581/581 582/582/582
v -1.34538 0.838443 0.003259
v -1.34538 0.839632 0.005292
v -1.34538 0.842107 0.004862
vn -1 0 -0
vn -1 0 -0
vn -1 0 -0
vt 0.655096 0.025938
vt 0.65548 0.026163
vt 0.655399 0.026631
f 583/583/583 584/584/584 585/585/585
v -1.34538 0.844534 0.00668
v -1.34538 0.842107 0.004862
v -1.34538 0.839632 0.005292
vn -1 0 -0
vn -1 0 -0
vn -1 0 -0
vt 0.655742 0.027089
vt 0.655399 0.026631
vt 0.65548 0.026163
f 586/586/586 587/587/587 588/588/588
v -1.34538 0.839632 0.005292
v -1.34538 0.840821 0.007325
v -1.34538 0.844534 0.00668
vn -1 0 -0
vn -1 0 -0
vn -1 0 -0
vt 0.65548 0.026163
vt 0.655864 0.026388
vt 0.655742 0.027089
f 589/589/589 590/590/590 591/591/591
v -1.34538 0.846961 0.008498
v -1.34538 0.844534 0.00668
v -1.34538 0.840821 0.007325
vn -1 0 -0
vn -1 0 -0
vn -1 0 -0
vt 0.656086 0.027547
vt 0.655742 0.027089
vt 0.655864 0.026388
f 592/592/592 593/593/593 594/594/594
v -1.34538 0.840821 0.007325
v -1.34538 0.84201 0.009358
v -1.34538 0.846961 0.008498
vn -1 0 -0
vn -1 0 -0
vn -1 0 -0
vt 0.655864 0.026388
vt 0.656248 0.026612
vt 0.656086 0.027547
f 595/595/595 596/596/596 597/597/597
v -1.32395 0.837254 0.001226
v -1.32395 0.839681 0.003044
v -1.32395 0.838443 0.003259
vn 1 0 -0
vn 1 0 -0
vn 1 0 -0
vt 0.654149 0.018573
vt 0.653805 0.019031
vt 0.653765 0.018798
f 598/598/598 599/599/599 600/600/600
v -1.32395 0.839632 0.005292
v -1.32395 0.838443 0.003259
v -1.32395 0.839681 0.003044
vn 1 0 -0
vn 1 0 -0
vn 1 0 -0
vt 0.653381 0.019022
vt 0.653765 0.018798
vt 0.653805 0.019031
f 601/601/601 602/602/602 603/603/603
v -1.32395 0.839681 0.003044
v -1.32395 0.842107 0.004862
v -1.32395 0.839632 0.005292
vn 1 0 -0
vn 1 0 -0
vn 1 0 -0
vt 0.653805 0.019031
vt 0.653462 0.01949
vt 0.653381 0.019022
f 604/604/604 605/605/605 606/606/606
v -1.32395 0.840821 0.007325
v -1.32395 0.839632 0.005292
v -1.32395 0.842107 0.004862
vn 1 0 -0
vn 1 0 -0
vn 1 0 -0
vt 0.652997 0.019247
vt 0.653381 0.019022
vt 0.653462 0.01949
f 607/607/607 608/608/608 609/609/609
v -1.32395 0.842107 0.004862
v -1.32395 0.844534 0.00668
v -1.32395 0.840821 0.007325
vn 1 0 -0
vn 1 0 -0
vn 1 0 -0
vt 0.653462 0.01949
vt 0.653119 0.019948
vt 0.652997 0.019247
f 610/610/610 611/611/611 612/612/612
v -1.32395 0.84201 0.009358
v -1.32395 0.840821 0.007325
v -1.32395 0.844534 0.00668
vn 1 0 -0
vn 1 0 -0
vn 1 0 -0
vt 0.652613 0.019471
vt 0.652997 0.019247
vt 0.653119 0.019948
f 613/613/613 614/614/614 615/615/615
v -1.32395 0.844534 0.00668
v -1.32395 0.846961 0.008498
v -1.32395 0.84201 0.009358
vn 1 0 -0
vn 1 0 -0
vn 1 0 -0
vt 0.653119 0.019948
vt 0.652775 0.020406
vt 0.652613 0.019471
f 616/616/616 617/617/617 618/618/618
v -1.32395 0.837254 0.001226
v -1.32395 0.838443 0.003259
v -1.32395 0.837205 0.003474
vn 1 0 -0
vn 1 0 -0
vn 1 0 -0
vt 0.654149 0.018573
vt 0.653765 0.018798
vt 0.653724 0.018564
f 619/619/619 620/620/620 621/621/621
v -1.32395 0.837156 0.005721
v -1.32395 0.837205 0.003474
v -1.32395 0.838443 0.003259
vn 1 0 -0
vn 1 0 -0
vn 1 0 -0
vt 0.6533 0.018555
vt 0.653724 0.018564
vt 0.653765 0.018798
f 622/622/622 623/623/623 624/624/624
v -1.32395 0.838443 0.003259
v -1.32395 0.839632 0.005292
v -1.32395 0.837156 0.005721
vn 1 0 -0
vn 1 0 -0
vn 1 0 -0
vt 0.653765 0.018798
vt 0.653381 0.019022
vt 0.6533 0.018555
f 625/625/625 626/626/626 627/627/627
v -1.32395 0.837107 0.007969
v -1.32395 0.837156 0.005721
v -1.32395 0.839632 0.005292
vn 1 0 -0
vn 1 0 -0
vn 1 0 -0
vt 0.652875 0.018545
vt 0.6533 0.018555
vt 0.653381 0.019022
f 628/628/628 629/629/629 630/630/630
v -1.32395 0.839632 0.005292
v -1.32395 0.840821 0.007325
v -1.32395 0.837107 0.007969
vn 1 0 -0
vn 1 0 -0
vn 1 0 -0
vt 0.653381 0.019022
vt 0.652997 0.019247
vt 0.652875 0.018545
f 631/631/631 632/632/632 633/633/633
v -1.32395 0.837059 0.010217
v -1.32395 0.837107 0.007969
v -1.32395 0.840821 0.007325
vn 1 0 -0
vn 1 0 -0
vn 1 0 -0
vt 0.652451 0.018536
vt 0.652875 0.018545
vt 0.652997 0.019247
f 634/634/634 635/635/635 636/636/636
v -1.32395 0.840821 0.007325
v -1.32395 0.84201 0.009358
v -1.32395 0.837059 0.010217
vn 1 0 -0
vn 1 0 -0
vn 1 0 -0
vt 0.652997 0.019247
vt 0.652613 0.019471
vt 0.652451 0.018536
f 637/637/637 638/638/638 639/639/639
v -1.32395 0.837254 0.001226
v -1.32395 0.837205 0.003474
v -1.32395 0.835967 0.003688
vn 1 0 -0
vn 1 0 -0
vn 1 0 -0
vt 0.654149 0.018573
vt 0.653724 0.018564
vt 0.653684 0.01833
f 640/640/640 641/641/641 642/642/642
v -1.32395 0.83468 0.006151
v -1.32395 0.835967 0.003688
v -1.32395 0.837205 0.003474
vn 1 0 -0
vn 1 0 -0
vn 1 0 -0
vt 0.653219 0.018087
vt 0.653684 0.01833
vt 0.653724 0.018564
f 643/643/643 644/644/644 645/645/645
v -1.32395 0.837205 0.003474
v -1.32395 0.837156 0.005721
v -1.32395 0.83468 0.006151
vn 1 0 -0
vn 1 0 -0
vn 1 0 -0
vt 0.653724 0.018564
vt 0.6533 0.018555
vt 0.653219 0.018087
f 646/646/646 647/647/647 648/648/648
v -1.32395 0.833394 0.008613
v -1.32395 0.83468 0.006151
v -1.32395 0.837156 0.005721
vn 1 0 -0
vn 1 0 -0
vn 1 0 -0
vt 0.652753 0.017844
vt 0.653219 0.018087
vt 0.6533 0.018555
f 649/649/649 650/650/650 651/651/651
v -1.32395 0.837156 0.005721
v -1.32395 0.837107 0.007969
v -1.32395 0.833394 0.008613
vn 1 0 -0
vn 1 0 -0
vn 1 0 -0
vt 0.6533 0.018555
vt 0.652875 0.018545
vt 0.652753 0.017844
f 652/652/652 653/653/653 654/654/654
v -1.32395 0.832107 0.011076
v -1.32395 0.833394 0.008613
v -1.32395 0.837107 0.007969
vn 1 0 -0
vn 1 0 -0
vn 1 0 -0
vt 0.652288 0.017601
vt 0.652753 0.017844
vt 0.652875 0.018545
f 655/655/655 656/656/656 657/657/657
v -1.32395 0.837107 0.007969
v -1.32395 0.837059 0.010217
v -1.32395 0.832107 0.011076
vn 1 0 -0
vn 1 0 -0
vn 1 0 -0
vt 0.652875 0.018545
vt 0.652451 0.018536
vt 0.652288 0.017601
f 658/658/658 659/659/659 660/660/660
v -1.32395 0.832205 0.006581
v -1.32395 0.834729 0.003903
v -1.32395 0.835967 0.003688
vn 1 0 -0
vn 1 0 -0
vn 1 0 -0
vt 0.653137 0.017619
vt 0.653643 0.018096
vt 0.653684 0.01833
f 661/661/661 662/662/662 663/663/663
v -1.32395 0.835967 0.003688
v -1.32395 0.83468 0.006151
v -1.32395 0.832205 0.006581
vn 1 0 -0
vn 1 0 -0
vn 1 0 -0
vt 0.653684 0.01833
vt 0.653219 0.018087
vt 0.653137 0.017619
f 664/664/664 665/665/665 666/666/666
v -1.32395 0.82968 0.009258
v -1.32395 0.832205 0.006581
v -1.32395 0.83468 0.006151
vn 1 0 -0
vn 1 0 -0
vn 1 0 -0
vt 0.652632 0.017143
vt 0.653137 0.017619
vt 0.653219 0.018087
f 667/667/667 668/668/668 669/669/669
v -1.32395 0.83468 0.006151
v -1.32395 0.833394 0.008613
v -1.32395 0.82968 0.009258
vn 1 0 -0
vn 1 0 -0
vn 1 0 -0
vt 0.653219 0.018087
vt 0.652753 0.017844
vt 0.652632 0.017143
f 670/670/670 671/671/671 672/672/672
v -1.32395 0.827156 0.011935
v -1.32395 0.82968 0.009258
v -1.32395 0.833394 0.008613
vn 1 0 -0
vn 1 0 -0
vn 1 0 -0
vt 0.652126 0.016666
vt 0.652632 0.017143
vt 0.652753 0.017844
f 673/673/673 674/674/674 675/675/675
v -1.32395 0.833394 0.008613
v -1.32395 0.832107 0.011076
v -1.32395 0.827156 0.011935
vn 1 0 -0
vn 1 0 -0
vn 1 0 -0
vt 0.652753 0.017844
vt 0.652288 0.017601
vt 0.652126 0.016666
f 676/676/676 677/677/677 678/678/678
v -1.32395 0.837254 -0.001758
v -1.32395 0.834729 -0.004435
v -1.32395 0.835967 -0.00422
vn 1 0 -0
vn 1 0 -0
vn 1 0 -0
vt 0.654712 0.018573
vt 0.655218 0.018096
vt 0.655177 0.01833
f 679/679/679 680/680/680 681/681/681
v -1.32395 0.83468 -0.006683
v -1.32395 0.835967 -0.00422
v -1.32395 0.834729 -0.004435
vn 1 0 -0
vn 1 0 -0
vn 1 0 -0
vt 0.655642 0.018087
vt 0.655177 0.01833
vt 0.655218 0.018096
f 682/682/682 683/683/683 684/684/684
v -1.32395 0.834729 -0.004435
v -1.32395 0.832205 -0.007112
v -1.32395 0.83468 -0.006683
vn 1 0 -0
vn 1 0 -0
vn 1 0 -0
vt 0.655218 0.018096
vt 0.655724 0.017619
vt 0.655642 0.018087
f 685/685/685 686/686/686 687/687/687
v -1.32395 0.833394 -0.009145
v -1.32395 0.83468 -0.006683
v -1.32395 0.832205 -0.007112
vn 1 0 -0
vn 1 0 -0
vn 1 0 -0
vt 0.656107 0.017844
vt 0.655642 0.018087
vt 0.655724 0.017619
f 688/688/688 689/689/689 690/690/690
v -1.32395 0.832205 -0.007112
v -1.32395 0.82968 -0.00979
v -1.32395 0.833394 -0.009145
vn 1 0 -0
vn 1 0 -0
vn 1 0 -0
vt 0.655724 0.017619
vt 0.656229 0.017143
vt 0.656107 0.017844
f 691/691/691 692/692/692 693/693/693
v -1.32395 0.832107 -0.011608
v -1.32395 0.833394 -0.009145
v -1.32395 0.82968 -0.00979
vn 1 0 -0
vn 1 0 -0
vn 1 0 -0
vt 0.656573 0.017601
vt 0.656107 0.017844
vt 0.656229 0.017143
f 694/694/694 695/695/695 696/696/696
v -1.32395 0.82968 -0.00979
v -1.32395 0.827156 -0.012467
v -1.32395 0.832107 -0.011608
vn 1 0 -0
vn 1 0 -0
vn 1 0 -0
vt 0.656229 0.017143
vt 0.656735 0.016666
vt 0.656573 0.017601
f 697/697/697 698/698/698 699/699/699
v -1.32395 0.837254 -0.001758
v -1.32395 0.835967 -0.00422
v -1.32395 0.837205 -0.004006
vn 1 0 -0
vn 1 0 -0
vn 1 0 -0
vt 0.654712 0.018573
vt 0.655177 0.01833
vt 0.655137 0.018564
f 700/700/700 701/701/701 702/702/702
v -1.32395 0.837156 -0.006253
v -1.32395 0.837205 -0.004006
v -1.32395 0.835967 -0.00422
vn 1 0 -0
vn 1 0 -0
vn 1 0 -0
vt 0.655561 0.018555
vt 0.655137 0.018564
vt 0.655177 0.01833
f 703/703/703 704/704/704 705/705/705
v -1.32395 0.835967 -0.00422
v -1.32395 0.83468 -0.006683
v -1.32395 0.837156 -0.006253
vn 1 0 -0
vn 1 0 -0
vn 1 0 -0
vt 0.655177 0.01833
vt 0.655642 0.018087
vt 0.655561 0.018555
f 706/706/706 707/707/707 708/708/708
v -1.32395 0.837107 -0.008501
v -1.32395 0.837156 -0.006253
v -1.32395 0.83468 -0.006683
vn 1 0 -0
vn 1 0 -0
vn 1 0 -0
vt 0.655986 0.018545
vt 0.655561 0.018555
vt 0.655642 0.018087
f 709/709/709 710/710/710 711/711/711
v -1.32395 0.83468 -0.006683
v -1.32395 0.833394 -0.009145
v -1.32395 0.837107 -0.008501
vn 1 0 -0
vn 1 0 -0
vn 1 0 -0
vt 0.655642 0.018087
vt 0.656107 0.017844
vt 0.655986 0.018545
f 712/712/712 713/713/713 714/714/714
v -1.32395 0.837059 -0.010749
v -1.32395 0.837107 -0.008501
v -1.32395 0.833394 -0.009145
vn 1 0 -0
vn 1 0 -0
vn 1 0 -0
vt 0.65641 0.018536
vt 0.655986 0.018545
vt 0.656107 0.017844
f 715/715/715 716/716/716 717/717/717
v -1.32395 0.833394 -0.009145
v -1.32395 0.832107 -0.011608
v -1.32395 0.837059 -0.010749
vn 1 0 -0
vn 1 0 -0
vn 1 0 -0
vt 0.656107 0.017844
vt 0.656573 0.017601
vt 0.65641 0.018536
f 718/718/718 719/719/719 720/720/720
v -1.32395 0.837254 -0.001758
v -1.32395 0.837205 -0.004006
v -1.32395 0.838443 -0.003791
vn 1 0 -0
vn 1 0 -0
vn 1 0 -0
vt 0.654712 0.018573
vt 0.655137 0.018564
vt 0.655096 0.018798
f 721/721/721 722/722/722 723/723/723
v -1.32395 0.839632 -0.005824
v -1.32395 0.838443 -0.003791
v -1.32395 0.837205 -0.004006
vn 1 0 -0
vn 1 0 -0
vn 1 0 -0
vt 0.65548 0.019022
vt 0.655096 0.018798
vt 0.655137 0.018564
f 724/724/724 725/725/725 726/726/726
v -1.32395 0.837205 -0.004006
v -1.32395 0.837156 -0.006253
v -1.32395 0.839632 -0.005824
vn 1 0 -0
vn 1 0 -0
vn 1 0 -0
vt 0.655137 0.018564
vt 0.655561 0.018555
vt 0.65548 0.019022
f 727/727/727 728/728/728 729/729/729
v -1.32395 0.840821 -0.007857
v -1.32395 0.839632 -0.005824
v -1.32395 0.837156 -0.006253
vn 1 0 -0
vn 1 0 -0
vn 1 0 -0
vt 0.655864 0.019247
vt 0.65548 0.019022
vt 0.655561 0.018555
f 730/730/730 731/731/731 732/732/732
v -1.32395 0.837156 -0.006253
v -1.32395 0.837107 -0.008501
v -1.32395 0.840821 -0.007857
vn 1 0 -0
vn 1 0 -0
vn 1 0 -0
vt 0.655561 0.018555
vt 0.655986 0.018545
vt 0.655864 0.019247
f 733/733/733 734/734/734 735/735/735
v -1.32395 0.84201 -0.00989
v -1.32395 0.840821 -0.007857
v -1.32395 0.837107 -0.008501
vn 1 0 -0
vn 1 0 -0
vn 1 0 -0
vt 0.656248 0.019471
vt 0.655864 0.019247
vt 0.655986 0.018545
f 736/736/736 737/737/737 738/738/738
v -1.32395 0.837107 -0.008501
v -1.32395 0.837059 -0.010749
v -1.32395 0.84201 -0.00989
vn 1 0 -0
vn 1 0 -0
vn 1 0 -0
vt 0.655986 0.018545
vt 0.65641 0.018536
vt 0.656248 0.019471
f 739/739/739 740/740/740 741/741/741
v -1.32395 0.842107 -0.005394
v -1.32395 0.839681 -0.003576
v -1.32395 0.838443 -0.003791
vn 1 0 -0
vn 1 0 -0
vn 1 0 -0
vt 0.655399 0.01949
vt 0.655056 0.019031
vt 0.655096 0.018798
f 742/742/742 743/743/743 744/744/744
v -1.32395 0.838443 -0.003791
v -1.32395 0.839632 -0.005824
v -1.32395 0.842107 -0.005394
vn 1 0 -0
vn 1 0 -0
vn 1 0 -0
vt 0.655096 0.018798
vt 0.65548 0.019022
vt 0.655399 0.01949
f 745/745/745 746/746/746 747/747/747
v -1.32395 0.844534 -0.007212
v -1.32395 0.842107 -0.005394
v -1.32395 0.839632 -0.005824
vn 1 0 -0
vn 1 0 -0
vn 1 0 -0
vt 0.655742 0.019948
vt 0.655399 0.01949
vt 0.65548 0.019022
f 748/748/748 749/749/749 750/750/750
v -1.32395 0.839632 -0.005824
v -1.32395 0.840821 -0.007857
v -1.32395 0.844534 -0.007212
vn 1 0 -0
vn 1 0 -0
vn 1 0 -0
vt 0.65548 0.019022
vt 0.655864 0.019247
vt 0.655742 0.019948
f 751/751/751 752/752/752 753/753/753
v -1.32395 0.846961 -0.00903
v -1.32395 0.844534 -0.007212
v -1.32395 0.840821 -0.007857
vn 1 0 -0
vn 1 0 -0
vn 1 0 -0
vt 0.656086 0.020406
vt 0.655742 0.019948
vt 0.655864 0.019247
f 754/754/754 755/755/755 756/756/756
v -1.32395 0.840821 -0.007857
v -1.32395 0.84201 -0.00989
v -1.32395 0.846961 -0.00903
vn 1 0 -0
vn 1 0 -0
vn 1 0 -0
vt 0.655864 0.019247
vt 0.656248 0.019471
vt 0.656086 0.020406
f 757/757/757 758/758/758 759/759/759
v -1.34538 0.837254 -0.001758
v -1.34538 0.839681 -0.003576
v -1.34538 0.838443 -0.003791
vn -1 0 -0
vn -1 0 -0
vn -1 0 -0
vt 0.654149 0.025714
vt 0.653805 0.026172
vt 0.653765 0.025938
f 760/760/760 761/761/761 762/762/762
v -1.34538 0.839632 -0.005824
v -1.34538 0.838443 -0.003791
v -1.34538 0.839681 -0.003576
vn -1 0 -0
vn -1 0 -0
vn -1 0 -0
vt 0.653381 0.026163
vt 0.653765 0.025938
vt 0.653805 0.026172
f 763/763/763 764/764/764 765/765/765
v -1.34538 0.839681 -0.003576
v -1.34538 0.842107 -0.005394
v -1.34538 0.839632 -0.005824
vn -1 0 -0
vn -1 0 -0
vn -1 0 -0
vt 0.653805 0.026172
vt 0.653462 0.026631
vt 0.653381 0.026163
f 766/766/766 767/767/767 768/768/768
v -1.34538 0.840821 -0.007857
v -1.34538 0.839632 -0.005824
v -1.34538 0.842107 -0.005394
vn -1 0 -0
vn -1 0 -0
vn -1 0 -0
vt 0.652997 0.026388
vt 0.653381 0.026163
vt 0.653462 0.026631
f 769/769/769 770/770/770 771/771/771
v -1.34538 0.842107 -0.005394
v -1.34538 0.844534 -0.007212
v -1.34538 0.840821 -0.007857
vn -1 0 -0
vn -1 0 -0
vn -1 0 -0
vt 0.653462 0.026631
vt 0.653119 0.027089
vt 0.652997 0.026388
f 772/772/772 773/773/773 774/774/774
v -1.34538 0.84201 -0.00989
v -1.34538 0.840821 -0.007857
v -1.34538 0.844534 -0.007212
vn -1 0 -0
vn -1 0 -0
vn -1 0 -0
vt 0.652613 0.026612
vt 0.652997 0.026388
vt 0.653119 0.027089
f 775/775/775 776/776/776 777/777/777
v -1.34538 0.844534 -0.007212
v -1.34538 0.846961 -0.00903
v -1.34538 0.84201 -0.00989
vn -1 0 -0
vn -1 0 -0
vn -1 0 -0
vt 0.653119 0.027089
vt 0.652775 0.027547
vt 0.652613 0.026612
f 778/778/778 779/779/779 780/780/780
v -1.34538 0.837254 -0.001758
v -1.34538 0.838443 -0.003791
v -1.34538 0.837205 -0.004006
vn -1 0 -0
vn -1 0 -0
vn -1 0 -0
vt 0.654149 0.025714
vt 0.653765 0.025938
vt 0.653724 0.025705
f 781/781/781 782/782/782 783/783/783
v -1.34538 0.837156 -0.006253
v -1.34538 0.837205 -0.004006
v -1.34538 0.838443 -0.003791
vn -1 0 -0
vn -1 0 -0
vn -1 0 -0
vt 0.6533 0.025695
vt 0.653724 0.025705
vt 0.653765 0.025938
f 784/784/784 785/785/785 786/786/786
v -1.34538 0.838443 -0.003791
v -1.34538 0.839632 -0.005824
v -1.34538 0.837156 -0.006253
vn -1 0 -0
vn -1 0 -0
vn -1 0 -0
vt 0.653765 0.025938
vt 0.653381 0.026163
vt 0.6533 0.025695
f 787/787/787 788/788/788 789/789/789
v -1.34538 0.837107 -0.008501
v -1.34538 0.837156 -0.006253
v -1.34538 0.839632 -0.005824
vn -1 0 -0
vn -1 0 -0
vn -1 0 -0
vt 0.652875 0.025686
vt 0.6533 0.025695
vt 0.653381 0.026163
f 790/790/790 791/791/791 792/792/792
v -1.34538 0.839632 -0.005824
v -1.34538 0.840821 -0.007857
v -1.34538 0.837107 -0.008501
vn -1 0 -0
vn -1 0 -0
vn -1 0 -0
vt 0.653381 0.026163
vt 0.652997 0.026388
vt 0.652875 0.025686
f 793/793/793 794/794/794 795/795/795
v -1.34538 0.837059 -0.010749
v -1.34538 0.837107 -0.008501
v -1.34538 0.840821 -0.007857
vn -1 0 -0
vn -1 0 -0
vn -1 0 -0
vt 0.652451 0.025677
vt 0.652875 0.025686
vt 0.652997 0.026388
f 796/796/796 797/797/797 798/798/798
v -1.34538 0.840821 -0.007857
v -1.34538 0.84201 -0.00989
v -1.34538 0.837059 -0.010749
vn -1 0 -0
vn -1 0 -0
vn -1 0 -0
vt 0.652997 0.026388
vt 0.652613 0.026612
vt 0.652451 0.025677
f 799/799/799 800/800/800 801/801/801
v -1.34538 0.837254 -0.001758
v -1.34538 0.837205 -0.004006
v -1.34538 0.835967 -0.00422
vn -1 0 -0
vn -1 0 -0
vn -1 0 -0
vt 0.654149 0.025714
vt 0.653724 0.025705
vt 0.653684 0.025471
f 802/802/802 803/803/803 804/804/804
v -1.34538 0.83468 -0.006683
v -1.34538 0.835967 -0.00422
v -1.34538 0.837205 -0.004006
vn -1 0 -0
vn -1 0 -0
vn -1 0 -0
vt 0.653219 0.025228
vt 0.653684 0.025471
vt 0.653724 0.025705
f 805/805/805 806/806/806 807/807/807
v -1.34538 0.837205 -0.004006
v -1.34538 0.837156 -0.006253
v -1.34538 0.83468 -0.006683
vn -1 0 -0
vn -1 0 -0
vn -1 0 -0
vt 0.653724 0.025705
vt 0.6533 0.025695
vt 0.653219 0.025228
f 808/808/808 809/809/809 810/810/810
v -1.34538 0.833394 -0.009145
v -1.34538 0.83468 -0.006683
v -1.34538 0.837156 -0.006253
vn -1 0 -0
vn -1 0 -0
vn -1 0 -0
vt 0.652753 0.024985
vt 0.653219 0.025228
vt 0.6533 0.025695
f 811/811/811 812/812/812 813/813/813
v -1.34538 0.837156 -0.006253
v -1.34538 0.837107 -0.008501
v -1.34538 0.833394 -0.009145
vn -1 0 -0
vn -1 0 -0
vn -1 0 -0
vt 0.6533 0.025695
vt 0.652875 0.025686
vt 0.652753 0.024985
f 814/814/814 815/815/815 816/816/816
v -1.34538 0.832107 -0.011608
v -1.34538 0.833394 -0.009145
v -1.34538 0.837107 -0.008501
vn -1 0 -0
vn -1 0 -0
vn -1 0 -0
vt 0.652288 0.024742
vt 0.652753 0.024985
vt 0.652875 0.025686
f 817/817/817 818/818/818 819/819/819
v -1.34538 0.837107 -0.008501
v -1.34538 0.837059 -0.010749
v -1.34538 0.832107 -0.011608
vn -1 0 -0
vn -1 0 -0
vn -1 0 -0
vt 0.652875 0.025686
vt 0.652451 0.025677
vt 0.652288 0.024742
f 820/820/820 821/821/821 822/822/822
v -1.34538 0.832205 -0.007112
v -1.34538 0.834729 -0.004435
v -1.34538 0.835967 -0.00422
vn -1 0 -0
vn -1 0 -0
vn -1 0 -0
vt 0.653137 0.02476
vt 0.653643 0.025237
vt 0.653684 0.025471
f 823/823/823 824/824/824 825/825/825
v -1.34538 0.835967 -0.00422
v -1.34538 0.83468 -0.006683
v -1.34538 0.832205 -0.007112
vn -1 0 -0
vn -1 0 -0
vn -1 0 -0
vt 0.653684 0.025471
vt 0.653219 0.025228
vt 0.653137 0.02476
f 826/826/826 827/827/827 828/828/828
v -1.34538 0.82968 -0.00979
v -1.34538 0.832205 -0.007112
v -1.34538 0.83468 -0.006683
vn -1 0 -0
vn -1 0 -0
vn -1 0 -0
vt 0.652632 0.024284
vt 0.653137 0.02476
vt 0.653219 0.025228
f 829/829/829 830/830/830 831/831/831
v -1.34538 0.83468 -0.006683
v -1.34538 0.833394 -0.009145
v -1.34538 0.82968 -0.00979
vn -1 0 -0
vn -1 0 -0
vn -1 0 -0
vt 0.653219 0.025228
vt 0.652753 0.024985
vt 0.652632 0.024284
f 832/832/832 833/833/833 834/834/834
v -1.34538 0.827156 -0.012467
v -1.34538 0.82968 -0.00979
v -1.34538 0.833394 -0.009145
vn -1 0 -0
vn -1 0 -0
vn -1 0 -0
vt 0.652126 0.023807
vt 0.652632 0.024284
vt 0.652753 0.024985
f 835/835/835 836/836/836 837/837/837
v -1.34538 0.833394 -0.009145
v -1.34538 0.832107 -0.011608
v -1.34538 0.827156 -0.012467
vn -1 0 -0
vn -1 0 -0
vn -1 0 -0
vt 0.652753 0.024985
vt 0.652288 0.024742
vt 0.652126 0.023807
f 838/838/838 839/839/839 840/840/840
v -1.34538 0.837059 0.010217
v -1.34538 0.832107 0.011076
v -1.32395 0.832107 0.011076
vn 0 0.170962 0.985278
vn 0 0.170962 0.985278
vn 0 0.170962 0.985278
vt 0.648095 0.015055
vt 0.648095 0.014108
vt 0.652196 0.014108
f 841/841/841 842/842/842 843/843/843
v -1.32395 0.832107 0.011076
v -1.32395 0.837059 0.010217
v -1.34538 0.837059 0.010217
vn 0 0.170962 0.985278
vn 0 0.170962 0.985278
vn 0 0.170962 0.985278
vt 0.652196 0.014108
vt 0.652196 0.015055
vt 0.648095 0.015055
f 844/844/844 845/845/845 846/846/846
v -1.34538 0.84201 0.009358
v -1.34538 0.837059 0.010217
v -1.32395 0.837059 0.010217
vn 0 0.170962 0.985278
vn 0 0.170962 0.985278
vn 0 0.170962 0.985278
vt 0.648095 0.016002
vt 0.648095 0.015055
vt 0.652196 0.015055
f 847/847/847 848/848/848 849/849/849
v -1.32395 0.837059 0.010217
v -1.32395 0.84201 0.009358
v -1.34538 0.84201 0.009358
vn 0 0.170962 0.985278
vn 0 0.170962 0.985278
vn 0 0.170962 0.985278
vt 0.652196 0.015055
vt 0.652196 0.016002
vt 0.648095 0.016002
f 850/850/850 851/851/851 852/852/852
v -1.34538 0.846961 0.008498
v -1.34538 0.84201 0.009358
v -1.32395 0.84201 0.009358
vn 0 0.226362 0.974043
vn 0 0.170962 0.985278
vn 0 0.170962 0.985278
vt 0.648095 0.01695
vt 0.648095 0.016002
vt 0.652196 0.016002
f 853/853/853 854/854/854 855/855/855
v -1.32395 0.84201 0.009358
v -1.32395 0.846961 0.008498
v -1.34538 0.846961 0.008498
vn 0 0.170962 0.985278
vn 0 0.226362 0.974043
vn 0 0.226362 0.974043
vt 0.652196 0.016002
vt 0.652196 0.01695
vt 0.648095 0.01695
f 856/856/856 857/857/857 858/858/858
v -1.32395 0.837059 -0.010749
v -1.32395 0.832107 -0.011608
v -1.34538 0.832107 -0.011608
vn 0 0.170962 -0.985278
vn 0 0.170962 -0.985278
vn 0 0.170962 -0.985278
vt 0.648117 0.020359
vt 0.648117 0.019413
vt 0.652174 0.019413
f 859/859/859 860/860/860 861/861/861
v -1.34538 0.832107 -0.011608
v -1.34538 0.837059 -0.010749
v -1.32395 0.837059 -0.010749
vn 0 0.170962 -0.985278
vn 0 0.170962 -0.985278
vn 0 0.170962 -0.985278
vt 0.652174 0.019413
vt 0.652174 0.020359
vt 0.648117 0.020359
f 862/862/862 863/863/863 864/864/864
v -1.32395 0.84201 -0.00989
v -1.32395 0.837059 -0.010749
v -1.34538 0.837059 -0.010749
vn 0 0.170962 -0.985278
vn 0 0.170962 -0.985278
vn 0 0.170962 -0.985278
vt 0.648117 0.021304
vt 0.648117 0.020359
vt 0.652174 0.020359
f 865/865/865 866/866/866 867/867/867
v -1.34538 0.837059 -0.010749
v -1.34538 0.84201 -0.00989
v -1.32395 0.84201 -0.00989
vn 0 0.170962 -0.985278
vn 0 0.170962 -0.985278
vn 0 0.170962 -0.985278
vt 0.652174 0.020359
vt 0.652174 0.021304
vt 0.648117 0.021304
f 868/868/868 869/869/869 870/870/870
v -1.32395 0.846961 -0.00903
v -1.32395 0.84201 -0.00989
v -1.34538 0.84201 -0.00989
vn 0 0.226362 -0.974043
vn 0 0.170962 -0.985278
vn 0 0.170962 -0.985278
vt 0.648117 0.02225
vt 0.648117 0.021304
vt 0.652174 0.021304
f 871/871/871 872/872/872 873/873/873
v -1.34538 0.84201 -0.00989
v -1.34538 0.846961 -0.00903
v -1.32395 0.846961 -0.00903
vn 0 0.170962 -0.985278
vn 0 0.226362 -0.974043
vn 0 0.226362 -0.974043
vt 0.652174 0.021304
vt 0.652174 0.02225
vt 0.648117 0.02225
f 874/874/874 875/875/875 876/876/876
v -1.34538 0.818721 0.006741
v -1.34538 0.818159 0.002349
v -1.32395 0.818159 0.002349
vn 0 -0.991904 0.126986
vn 0 -0.991904 0.126986
vn 0 -0.991904 0.126986
vt 0.656183 0.015069
vt 0.655334 0.015069
vt 0.655334 0.010929
f 877/877/877 878/878/878 879/879/879
v -1.32395 0.818159 0.002349
v -1.32395 0.818721 0.006741
v -1.34538 0.818721 0.006741
vn 0 -0.991904 0.126986
vn 0 -0.991904 0.126986
vn 0 -0.991904 0.126986
vt 0.655334 0.010929
vt 0.656183 0.010929
vt 0.656183 0.015069
f 880/880/880 881/881/881 882/882/882
v -1.32395 0.818721 -0.007273
v -1.32395 0.818159 -0.002881
v -1.34538 0.818159 -0.002881
vn 0 -0.991904 -0.126987
vn 0 -0.991904 -0.126987
vn 0 -0.991904 -0.126987
vt 0.653475 0.010929
vt 0.654324 0.010929
vt 0.654324 0.015069
f 883/883/883 884/884/884 885/885/885
v -1.34538 0.818159 -0.002881
v -1.34538 0.818721 -0.007273
v -1.32395 0.818721 -0.007273
vn 0 -0.991904 -0.126987
vn 0 -0.991904 -0.126987
vn 0 -0.991904 -0.126987
vt 0.654324 0.015069
vt 0.653475 0.015069
vt 0.653475 0.010929
f 886/886/886 887/887/887 888/888/888
v -1.34538 0.820408 0.009803
v -1.34538 0.818721 0.006741
v -1.32395 0.818721 0.006741
vn 0 -0.875857 0.482572
vn 0 -0.875857 0.482572
vn 0 -0.875857 0.482572
vt 0.656775 0.015069
vt 0.656183 0.015069
vt 0.656183 0.010929
f 889/889/889 890/890/890 891/891/891
v -1.32395 0.818721 0.006741
v -1.32395 0.820408 0.009803
v -1.34538 0.820408 0.009803
vn 0 -0.875857 0.482572
vn 0 -0.875857 0.482572
vn 0 -0.875857 0.482572
vt 0.656183 0.010929
vt 0.656775 0.010929
vt 0.656775 0.015069
f 892/892/892 893/893/893 894/894/894
v -1.34538 0.82322 0.011534
v -1.34538 0.820408 0.009803
v -1.32395 0.820408 0.009803
vn 0 -0.524329 0.851516
vn 0 -0.524329 0.851516
vn 0 -0.524329 0.851516
vt 0.643878 0.023989
vt 0.643327 0.023989
vt 0.643327 0.019791
f 895/895/895 896/896/896 897/897/897
v -1.32395 0.820408 0.009803
v -1.32395 0.82322 0.011534
v -1.34538 0.82322 0.011534
vn 0 -0.524329 0.851516
vn 0 -0.524329 0.851516
vn 0 -0.524329 0.851516
vt 0.643327 0.019791
vt 0.643878 0.019791
vt 0.643878 0.023989
f 898/898/898 899/899/899 900/900/900
v -1.34538 0.827156 0.011935
v -1.34538 0.82322 0.011534
v -1.32395 0.82322 0.011534
vn 0 -0.101284 0.994858
vn 0 -0.101284 0.994858
vn 0 -0.101284 0.994858
vt 0.644649 0.023989
vt 0.643878 0.023989
vt 0.643878 0.019791
f 901/901/901 902/902/902 903/903/903
v -1.32395 0.82322 0.011534
v -1.32395 0.827156 0.011935
v -1.34538 0.827156 0.011935
vn 0 -0.101284 0.994858
vn 0 -0.101284 0.994858
vn 0 -0.101284 0.994858
vt 0.643878 0.019791
vt 0.644649 0.019791
vt 0.644649 0.023989
f 904/904/904 905/905/905 906/906/906
v -1.32395 0.820408 -0.010335
v -1.32395 0.818721 -0.007273
v -1.34538 0.818721 -0.007273
vn 0 -0.875857 -0.482572
vn 0 -0.875857 -0.482572
vn 0 -0.875857 -0.482572
vt 0.652884 0.010929
vt 0.653475 0.010929
vt 0.653475 0.015069
f 907/907/907 908/908/908 909/909/909
v -1.34538 0.818721 -0.007273
v -1.34538 0.820408 -0.010335
v -1.32395 0.820408 -0.010335
vn 0 -0.875857 -0.482572
vn 0 -0.875857 -0.482572
vn 0 -0.875857 -0.482572
vt 0.653475 0.015069
vt 0.652884 0.015069
vt 0.652884 0.010929
f 910/910/910 911/911/911 912/912/912
v -1.32395 0.82322 -0.012066
v -1.32395 0.820408 -0.010335
v -1.34538 0.820408 -0.010335
vn 0 -0.524329 -0.851516
vn 0 -0.524329 -0.851516
vn 0 -0.524329 -0.851516
vt 0.643878 0.018597
vt 0.643327 0.018597
vt 0.643327 0.0144
f 913/913/913 914/914/914 915/915/915
v -1.34538 0.820408 -0.010335
v -1.34538 0.82322 -0.012066
v -1.32395 0.82322 -0.012066
vn 0 -0.524329 -0.851516
vn 0 -0.524329 -0.851516
vn 0 -0.524329 -0.851516
vt 0.643327 0.0144
vt 0.643878 0.0144
vt 0.643878 0.018597
f 916/916/916 917/917/917 918/918/918
v -1.32395 0.827156 -0.012467
v -1.32395 0.82322 -0.012066
v -1.34538 0.82322 -0.012066
vn 0 -0.101283 -0.994858
vn 0 -0.101283 -0.994858
vn 0 -0.101283 -0.994858
vt 0.644649 0.018597
vt 0.643878 0.018597
vt 0.643878 0.0144
f 919/919/919 920/920/920 921/921/921
v -1.34538 0.82322 -0.012066
v -1.34538 0.827156 -0.012467
v -1.32395 0.827156 -0.012467
vn 0 -0.101283 -0.994858
vn 0 -0.101283 -0.994858
vn 0 -0.101283 -0.994858
vt 0.643878 0.0144
vt 0.644649 0.0144
vt 0.644649 0.018597
f 922/922/922 923/923/923 924/924/924
v -1.34047 0.820635 0.002084
v -1.34047 0.820635 -0.00018
v 1.34047 0.820635 -0.00018
vn 0 -1 -0
vn 0 -1 -0
vn 0 -1 -0
vt 0.492111 0.528035
vt 0.491673 0.528035
vt 0.491673 0.010029
f 925/925/925 926/926/926 927/927/927
v 1.34047 0.820635 -0.00018
v 1.34047 0.820635 0.002084
v -1.34047 0.820635 0.002084
vn 0 -1 -0
vn 0 -1 -0
vn 0 -1 -0
vt 0.491673 0.010029
vt 0.492111 0.010029
vt 0.492111 0.528035
f 928/928/928 929/929/929 930/930/930
v -1.34047 0.820635 -0.00018
v -1.34047 0.820635 -0.002444
v 1.34047 0.820635 -0.002444
vn 0 -1 -0
vn 0 -1 -0
vn 0 -1 -0
vt 0.491673 0.528035
vt 0.491236 0.528035
vt 0.491236 0.010029
f 931/931/931 932/932/932 933/933/933
v 1.34047 0.820635 -0.002444
v 1.34047 0.820635 -0.00018
v -1.34047 0.820635 -0.00018
vn 0 -1 -0
vn 0 -1 -0
vn 0 -1 -0
vt 0.491236 0.010029
vt 0.491673 0.010029
vt 0.491673 0.528035
f 934/934/934 935/935/935 936/936/936
v -1.34047 0.853705 0.003095
v 1.34047 0.853705 0.003095
v 1.34047 0.853705 0.002029
vn 0 1 -0
vn 0 1 -0
vn 0 1 -0
vt 0.488432 0.527569
vt 0.488432 0.010495
vt 0.488638 0.010495
f 937/937/937 938/938/938 939/939/939
v 1.34047 0.853705 0.002029
v -1.34047 0.853705 0.002029
v -1.34047 0.853705 0.003095
vn 0 1 -0
vn 0 1 -0
vn 0 1 -0
vt 0.488638 0.010495
vt 0.488638 0.527569
vt 0.488432 0.527569
f 940/940/940 941/941/941 942/942/942
v -1.34047 0.853705 -0.002389
v 1.34047 0.853705 -0.002389
v 1.34047 0.853705 -0.003456
vn 0 1 -0
vn 0 1 -0
vn 0 1 -0
vt 0.48949 0.527569
vt 0.48949 0.010495
vt 0.489696 0.010495
f 943/943/943 944/944/944 945/945/945
v 1.34047 0.853705 -0.003456
v -1.34047 0.853705 -0.003456
v -1.34047 0.853705 -0.002389
vn 0 1 -0
vn 0 1 -0
vn 0 1 -0
vt 0.489696 0.010495
vt 0.489696 0.527569
vt 0.48949 0.527569
f 946/946/946 947/947/947 948/948/948
v -1.34047 0.828426 0.010385
v 1.34047 0.828426 0.010385
v 1.34047 0.828426 0.010385
vn 1 0 -0
vn 1 0 -0
vn 0 0.170962 0.985278
vt 0.474604 0.514935
vt 0.474604 0.514935
vt 0.474604 0.514935
f 949/949/949 950/950/950 951/951/951
v 1.34047 0.828426 0.010385
v -1.34047 0.828426 0.010385
v -1.34047 0.828426 0.010385
vn 0 0.170962 0.985278
vn 0 0.170962 0.985278
vn 1 0 -0
vt 0.474604 0.514935
vt 0.474604 0.514935
vt 0.474604 0.514935
f 952/952/952 953/953/953 954/954/954
v -1.34047 0.845576 0.007409
v 1.34047 0.845576 0.007409
v 1.34047 0.85185 0.005572
vn 0 0.226362 0.974043
vn 0 0.226362 0.974043
vn 0 0.281038 0.959696
vt 0.501122 0.522853
vt 0.501122 0.015211
vt 0.50236 0.015211
f 955/955/955 956/956/956 957/957/957
v 1.34047 0.85185 0.005572
v -1.34047 0.85185 0.005572
v -1.34047 0.845576 0.007409
vn 0 0.281038 0.959696
vn 0 0.281038 0.959696
vn 0 0.226362 0.974043
vt 0.50236 0.015211
vt 0.50236 0.522853
vt 0.501122 0.522853
f 958/958/958 959/959/959 960/960/960
v 1.34047 0.820635 0.002084
v 1.34047 0.820635 -0.00018
v 1.34047 0.83717 -0.00018
vn 1 0 -0
vn 1 0 -0
vn 1 0 -0
vt 0.476171 0.513464
vt 0.476599 0.513464
vt 0.476599 0.516587
f 961/961/961 962/962/962 963/963/963
v 1.34047 0.83717 -0.00018
v 1.34047 0.83717 0.001112
v 1.34047 0.834984 0.00343
vn 1 0 -0
vn 1 0 -0
vn 1 0 -0
vt 0.476599 0.516587
vt 0.476355 0.516587
vt 0.475917 0.516174
f 964/964/964 965/965/965 966/966/966
v 1.34047 0.83717 -0.00018
v 1.34047 0.834984 0.00343
v 1.34047 0.832798 0.005749
vn 1 0 -0
vn 1 0 -0
vn 1 0 -0
vt 0.476599 0.516587
vt 0.475917 0.516174
vt 0.475479 0.515761
f 967/967/967 968/968/968 969/969/969
v 1.34047 0.83717 -0.00018
v 1.34047 0.832798 0.005749
v 1.34047 0.830612 0.008067
vn 1 0 -0
vn 1 0 -0
vn 1 0 -0
vt 0.476599 0.516587
vt 0.475479 0.515761
vt 0.475042 0.515348
f 970/970/970 971/971/971 972/972/972
v 1.34047 0.83717 -0.00018
v 1.34047 0.830612 0.008067
v 1.34047 0.828426 0.010385
vn 1 0 -0
vn 1 0 -0
vn 1 0 -0
vt 0.476599 0.516587
vt 0.475042 0.515348
vt 0.474604 0.514935
f 973/973/973 974/974/974 975/975/975
v 1.34047 0.820635 0.002084
v 1.34047 0.83717 -0.00018
v 1.34047 0.828426 0.010385
vn 1 0 -0
vn 1 0 -0
vn 1 0 -0
vt 0.476171 0.513464
vt 0.476599 0.516587
vt 0.474604 0.514935
f 976/976/976 977/977/977 978/978/978
v 1.34047 0.821122 0.005888
v 1.34047 0.820635 0.002084
v 1.34047 0.828426 0.010385
vn 1 0 -0
vn 1 0 -0
vn 1 0 -0
vt 0.475453 0.513556
vt 0.476171 0.513464
vt 0.474604 0.514935
f 979/979/979 980/980/980 981/981/981
v 1.34047 0.822582 0.008539
v 1.34047 0.821122 0.005888
v 1.34047 0.828426 0.010385
vn 1 0 -0
vn 1 0 -0
vn 1 0 -0
vt 0.474952 0.513832
vt 0.475453 0.513556
vt 0.474604 0.514935
f 982/982/982 983/983/983 984/984/984
v 1.34047 0.825017 0.010038
v 1.34047 0.822582 0.008539
v 1.34047 0.828426 0.010385
vn 1 0 -0
vn 1 0 -0
vn 1 0 -0
vt 0.474669 0.514291
vt 0.474952 0.513832
vt 0.474604 0.514935
f 985/985/985 986/986/986 987/987/987
v 1.34047 0.828426 0.010385
v 1.34047 0.825017 0.010038
v 1.34047 0.828426 0.010385
vn 1 0 -0
vn 1 0 -0
vn 1 0 -0
vt 0.474604 0.514935
vt 0.474669 0.514291
vt 0.474604 0.514935
f 988/988/988 989/989/989 990/990/990
v 1.34047 0.820635 -0.00018
v 1.34047 0.820635 -0.002444
v 1.34047 0.821122 -0.006248
vn 1 0 -0
vn 1 0 -0
vn 1 0 -0
vt 0.476599 0.513464
vt 0.477027 0.513464
vt 0.477745 0.513556
f 991/991/991 992/992/992 993/993/993
v 1.34047 0.820635 -0.00018
v 1.34047 0.821122 -0.006248
v 1.34047 0.822582 -0.008899
vn 1 0 -0
vn 1 0 -0
vn 1 0 -0
vt 0.476599 0.513464
vt 0.477745 0.513556
vt 0.478246 0.513832
f 994/994/994 995/995/995 996/996/996
v 1.34047 0.820635 -0.00018
v 1.34047 0.822582 -0.008899
v 1.34047 0.825017 -0.010399
vn 1 0 -0
vn 1 0 -0
vn 1 0 -0
vt 0.476599 0.513464
vt 0.478246 0.513832
vt 0.478529 0.514291
f 997/997/997 998/998/998 999/999/999
v 1.34047 0.820635 -0.00018
v 1.34047 0.825017 -0.010399
v 1.34047 0.828426 -0.010746
vn 1 0 -0
vn 1 0 -0
vn 1 0 -0
vt 0.476599 0.513464
vt 0.478529 0.514291
vt 0.478595 0.514935
f 1000/1000/1000 1001/1001/1001 1002/1002/1002
v 1.34047 0.828426 -0.010746
v 1.34047 0.828426 -0.010746
v 1.34047 0.830612 -0.008427
vn 1 0 -0
vn 1 0 -0
vn -1 0 -0
vt 0.478595 0.514935
vt 0.478595 0.514935
vt 0.478157 0.515348
f 1003/1003/1003 1004/1004/1004 1005/1005/1005
v 1.34047 0.828426 -0.010746
v 1.34047 0.830612 -0.008427
v 1.34047 0.832798 -0.006109
vn 1 0 -0
vn -1 0 -0
vn -1 0 -0
vt 0.478048 0.514759
vt 0.478027 0.512607
vt 0.478006 0.510454
f 1006/1006/1006 1007/1007/1007 1008/1008/1008
v 1.34047 0.828426 -0.010746
v 1.34047 0.832798 -0.006109
v 1.34047 0.834984 -0.00379
vn 1 0 -0
vn -1 0 -0
vn -1 0 -0
vt 0.478595 0.514935
vt 0.477719 0.515761
vt 0.477281 0.516174
f 1009/1009/1009 1010/1010/1010 1011/1011/1011
v 1.34047 0.828426 -0.010746
v 1.34047 0.834984 -0.00379
v 1.34047 0.83717 -0.001472
vn 1 0 -0
vn -1 0 -0
vn 1 0 -0
vt 0.478562 0.505962
vt 0.478564 0.506198
vt 0.478565 0.506277
f 1012/1012/1012 1013/1013/1013 1014/1014/1014
v 1.34047 0.820635 -0.00018
v 1.34047 0.828426 -0.010746
v 1.34047 0.83717 -0.001472
vn 1 0 -0
vn 1 0 -0
vn 1 0 -0
vt 0.476599 0.513464
vt 0.478595 0.514935
vt 0.476843 0.516587
f 1015/1015/1015 1016/1016/1016 1017/1017/1017
v 1.34047 0.820635 -0.00018
v 1.34047 0.83717 -0.001472
v 1.34047 0.83717 -0.00018
vn 1 0 -0
vn 1 0 -0
vn 1 0 -0
vt 0.476599 0.513464
vt 0.476843 0.516587
vt 0.476599 0.516587
f 1018/1018/1018 1019/1019/1019 1020/1020/1020
v 1.34047 0.83717 -0.00018
v 1.34047 0.851496 -0.00018
v 1.34047 0.852233 0.000556
vn 1 0 -0
vn 1 0 -0
vn 1 0 -0
vt 0.476599 0.516587
vt 0.476599 0.519292
vt 0.47646 0.519431
f 1021/1021/1021 1022/1022/1022 1023/1023/1023
v 1.34047 0.83717 -0.00018
v 1.34047 0.852233 0.000556
v 1.34047 0.852969 0.001293
vn 1 0 -0
vn 1 0 -0
vn 1 0 -0
vt 0.476599 0.516587
vt 0.47646 0.519431
vt 0.476321 0.519571
f 1024/1024/1024 1025/1025/1025 1026/1026/1026
v 1.34047 0.83717 -0.00018
v 1.34047 0.852969 0.001293
v 1.34047 0.853705 0.002029
vn 1 0 -0
vn 1 0 -0
vn 1 0 -0
vt 0.476599 0.516587
vt 0.476321 0.519571
vt 0.476182 0.51971
f 1027/1027/1027 1028/1028/1028 1029/1029/1029
v 1.34047 0.83717 0.001112
v 1.34047 0.83717 -0.00018
v 1.34047 0.853705 0.002029
vn 1 0 -0
vn 1 0 -0
vn 1 0 -0
vt 0.476355 0.516587
vt 0.476599 0.516587
vt 0.476182 0.51971
f 1030/1030/1030 1031/1031/1031 1032/1032/1032
v 1.34047 0.853705 0.002029
v 1.34047 0.853705 0.003095
v 1.34047 0.853499 0.00423
vn 1 0 -0
vn 1 0 -0
vn 1 0 -0
vt 0.476182 0.51971
vt 0.475981 0.51971
vt 0.475766 0.519671
f 1033/1033/1033 1034/1034/1034 1035/1035/1035
v 1.34047 0.853705 0.002029
v 1.34047 0.853499 0.00423
v 1.34047 0.852881 0.005056
vn 1 0 -0
vn 1 0 -0
vn 1 0 -0
vt 0.476182 0.51971
vt 0.475766 0.519671
vt 0.47561 0.519554
f 1036/1036/1036 1037/1037/1037 1038/1038/1038
v 1.34047 0.853705 0.002029
v 1.34047 0.852881 0.005056
v 1.34047 0.85185 0.005572
vn 1 0 -0
vn 1 0 -0
vn 1 0 -0
vt 0.476182 0.51971
vt 0.47561 0.519554
vt 0.475513 0.519359
f 1039/1039/1039 1040/1040/1040 1041/1041/1041
v 1.34047 0.83717 0.001112
v 1.34047 0.853705 0.002029
v 1.34047 0.85185 0.005572
vn 1 0 -0
vn 1 0 -0
vn 1 0 -0
vt 0.476355 0.516587
vt 0.476182 0.51971
vt 0.475513 0.519359
f 1042/1042/1042 1043/1043/1043 1044/1044/1044
v 1.34047 0.839272 0.002686
v 1.34047 0.83717 0.001112
v 1.34047 0.85185 0.005572
vn 1 0 -0
vn 1 0 -0
vn 1 0 -0
vt 0.476058 0.516984
vt 0.476355 0.516587
vt 0.475513 0.519359
f 1045/1045/1045 1046/1046/1046 1047/1047/1047
v 1.34047 0.841373 0.004261
v 1.34047 0.839272 0.002686
v 1.34047 0.85185 0.005572
vn 1 0 -0
vn 1 0 -0
vn 1 0 -0
vt 0.47576 0.51738
vt 0.476058 0.516984
vt 0.475513 0.519359
f 1048/1048/1048 1049/1049/1049 1050/1050/1050
v 1.34047 0.843475 0.005835
v 1.34047 0.841373 0.004261
v 1.34047 0.85185 0.005572
vn 1 0 -0
vn 1 0 -0
vn 1 0 -0
vt 0.475463 0.517777
vt 0.47576 0.51738
vt 0.475513 0.519359
f 1051/1051/1051 1052/1052/1052 1053/1053/1053
v 1.34047 0.845576 0.007409
v 1.34047 0.843475 0.005835
v 1.34047 0.85185 0.005572
vn 1 0 -0
vn 1 0 -0
vn 1 0 -0
vt 0.475166 0.518174
vt 0.475463 0.517777
vt 0.475513 0.519359
f 1054/1054/1054 1055/1055/1055 1056/1056/1056
v 1.34047 0.83717 -0.00018
v 1.34047 0.83717 -0.001472
v 1.34047 0.839272 -0.003046
vn 1 0 -0
vn 1 0 -0
vn 1 0 -0
vt 0.476599 0.516587
vt 0.476843 0.516587
vt 0.47714 0.516984
f 1057/1057/1057 1058/1058/1058 1059/1059/1059
v 1.34047 0.83717 -0.00018
v 1.34047 0.839272 -0.003046
v 1.34047 0.841373 -0.004621
vn 1 0 -0
vn 1 0 -0
vn 1 0 -0
vt 0.476599 0.516587
vt 0.47714 0.516984
vt 0.477438 0.51738
f 1060/1060/1060 1061/1061/1061 1062/1062/1062
v 1.34047 0.83717 -0.00018
v 1.34047 0.841373 -0.004621
v 1.34047 0.843475 -0.006195
vn 1 0 -0
vn 1 0 -0
vn 1 0 -0
vt 0.476599 0.516587
vt 0.477438 0.51738
vt 0.477735 0.517777
f 1063/1063/1063 1064/1064/1064 1065/1065/1065
v 1.34047 0.83717 -0.00018
v 1.34047 0.843475 -0.006195
v 1.34047 0.845576 -0.00777
vn 1 0 -0
vn 1 0 -0
vn 1 0 -0
vt 0.476599 0.516587
vt 0.477735 0.517777
vt 0.478032 0.518174
f 1066/1066/1066 1067/1067/1067 1068/1068/1068
v 1.34047 0.845576 -0.00777
v 1.34047 0.85185 -0.005933
v 1.34047 0.852881 -0.005416
vn 1 0 -0
vn 1 0 -0
vn 1 0 -0
vt 0.478032 0.518174
vt 0.477686 0.519359
vt 0.477588 0.519554
f 1069/1069/1069 1070/1070/1070 1071/1071/1071
v 1.34047 0.845576 -0.00777
v 1.34047 0.852881 -0.005416
v 1.34047 0.853499 -0.00459
vn 1 0 -0
vn 1 0 -0
vn 1 0 -0
vt 0.478032 0.518174
vt 0.477588 0.519554
vt 0.477432 0.519671
f 1072/1072/1072 1073/1073/1073 1074/1074/1074
v 1.34047 0.845576 -0.00777
v 1.34047 0.853499 -0.00459
v 1.34047 0.853705 -0.003456
vn 1 0 -0
vn 1 0 -0
vn 1 0 -0
vt 0.478032 0.518174
vt 0.477432 0.519671
vt 0.477218 0.51971
f 1075/1075/1075 1076/1076/1076 1077/1077/1077
v 1.34047 0.83717 -0.00018
v 1.34047 0.845576 -0.00777
v 1.34047 0.853705 -0.003456
vn 1 0 -0
vn 1 0 -0
vn 1 0 -0
vt 0.476599 0.516587
vt 0.478032 0.518174
vt 0.477218 0.51971
f 1078/1078/1078 1079/1079/1079 1080/1080/1080
v 1.34047 0.853705 -0.003456
v 1.34047 0.853705 -0.002389
v 1.34047 0.852969 -0.001653
vn 1 0 -0
vn 1 0 -0
vn 1 0 -0
vt 0.477218 0.51971
vt 0.477016 0.51971
vt 0.476877 0.519571
f 1081/1081/1081 1082/1082/1082 1083/1083/1083
v 1.34047 0.853705 -0.003456
v 1.34047 0.852969 -0.001653
v 1.34047 0.852233 -0.000916
vn 1 0 -0
vn 1 0 -0
vn 1 0 -0
vt 0.477218 0.51971
vt 0.476877 0.519571
vt 0.476738 0.519431
f 1084/1084/1084 1085/1085/1085 1086/1086/1086
v 1.34047 0.853705 -0.003456
v 1.34047 0.852233 -0.000916
v 1.34047 0.851496 -0.00018
vn 1 0 -0
vn 1 0 -0
vn 1 0 -0
vt 0.477218 0.51971
vt 0.476738 0.519431
vt 0.476599 0.519292
f 1087/1087/1087 1088/1088/1088 1089/1089/1089
v 1.34047 0.83717 -0.00018
v 1.34047 0.853705 -0.003456
v 1.34047 0.851496 -0.00018
vn 1 0 -0
vn 1 0 -0
vn 1 0 -0
vt 0.476599 0.516587
vt 0.477218 0.51971
vt 0.476599 0.519292
f 1090/1090/1090 1091/1091/1091 1092/1092/1092
v 1.34047 0.828426 -0.010746
v -1.34047 0.828426 -0.010746
v -1.34047 0.828426 -0.010746
vn 1 0 -0
vn 1 0 -0
vn 0 0.170962 -0.985278
vt 0.478595 0.514935
vt 0.478595 0.514935
vt 0.478595 0.514935
f 1093/1093/1093 1094/1094/1094 1095/1095/1095
v -1.34047 0.828426 -0.010746
v 1.34047 0.828426 -0.010746
v 1.34047 0.828426 -0.010746
vn 0 0.170962 -0.985278
vn 0 0.170962 -0.985278
vn 1 0 -0
vt 0.478595 0.514935
vt 0.478595 0.514935
vt 0.478595 0.514935
f 1096/1096/1096 1097/1097/1097 1098/1098/1098
v 1.34047 0.845576 -0.00777
v -1.34047 0.845576 -0.00777
v -1.34047 0.85185 -0.005933
vn 0 0.226362 -0.974043
vn 0 0.226362 -0.974043
vn 0 0.281039 -0.959696
vt 0.496532 0.525497
vt 0.496532 0.012567
vt 0.497732 0.012567
f 1099/1099/1099 1100/1100/1100 1101/1101/1101
v -1.34047 0.85185 -0.005933
v 1.34047 0.85185 -0.005933
v 1.34047 0.845576 -0.00777
vn 0 0.281039 -0.959696
vn 0 0.281039 -0.959696
vn 0 0.226362 -0.974043
vt 0.497732 0.012567
vt 0.497732 0.525497
vt 0.496532 0.525497
f 1102/1102/1102 1103/1103/1103 1104/1104/1104
v -1.34047 0.820635 -0.002444
v -1.34047 0.820635 -0.00018
v -1.34047 0.83717 -0.00018
vn -1 0 -0
vn -1 0 -0
vn -1 0 -0
vt 0.476171 0.50728
vt 0.476599 0.50728
vt 0.476599 0.510403
f 1105/1105/1105 1106/1106/1106 1107/1107/1107
v -1.34047 0.83717 -0.00018
v -1.34047 0.83717 -0.001472
v -1.34047 0.834984 -0.00379
vn -1 0 -0
vn -1 0 -0
vn -1 0 -0
vt 0.476599 0.510403
vt 0.476355 0.510403
vt 0.475917 0.50999
f 1108/1108/1108 1109/1109/1109 1110/1110/1110
v -1.34047 0.83717 -0.00018
v -1.34047 0.834984 -0.00379
v -1.34047 0.832798 -0.006109
vn -1 0 -0
vn -1 0 -0
vn -1 0 -0
vt 0.476599 0.510403
vt 0.475917 0.50999
vt 0.475479 0.509577
f 1111/1111/1111 1112/1112/1112 1113/1113/1113
v -1.34047 0.83717 -0.00018
v -1.34047 0.832798 -0.006109
v -1.34047 0.830612 -0.008427
vn -1 0 -0
vn -1 0 -0
vn -1 0 -0
vt 0.476599 0.510403
vt 0.475479 0.509577
vt 0.475042 0.509164
f 1114/1114/1114 1115/1115/1115 1116/1116/1116
v -1.34047 0.83717 -0.00018
v -1.34047 0.830612 -0.008427
v -1.34047 0.828426 -0.010746
vn -1 0 -0
vn -1 0 -0
vn -1 0 -0
vt 0.476599 0.510403
vt 0.475042 0.509164
vt 0.474604 0.508752
f 1117/1117/1117 1118/1118/1118 1119/1119/1119
v -1.34047 0.820635 -0.002444
v -1.34047 0.83717 -0.00018
v -1.34047 0.828426 -0.010746
vn -1 0 -0
vn -1 0 -0
vn -1 0 -0
vt 0.476171 0.50728
vt 0.476599 0.510403
vt 0.474604 0.508752
f 1120/1120/1120 1121/1121/1121 1122/1122/1122
v -1.34047 0.821122 -0.006248
v -1.34047 0.820635 -0.002444
v -1.34047 0.828426 -0.010746
vn -1 0 -0
vn -1 0 -0
vn -1 0 -0
vt 0.475453 0.507372
vt 0.476171 0.50728
vt 0.474604 0.508752
f 1123/1123/1123 1124/1124/1124 1125/1125/1125
v -1.34047 0.822582 -0.008899
v -1.34047 0.821122 -0.006248
v -1.34047 0.828426 -0.010746
vn -1 0 -0
vn -1 0 -0
vn -1 0 -0
vt 0.474952 0.507648
vt 0.475453 0.507372
vt 0.474604 0.508752
f 1126/1126/1126 1127/1127/1127 1128/1128/1128
v -1.34047 0.825017 -0.010399
v -1.34047 0.822582 -0.008899
v -1.34047 0.828426 -0.010746
vn -1 0 -0
vn -1 0 -0
vn -1 0 -0
vt 0.474669 0.508108
vt 0.474952 0.507648
vt 0.474604 0.508752
f 1129/1129/1129 1130/1130/1130 1131/1131/1131
v -1.34047 0.828426 -0.010746
v -1.34047 0.825017 -0.010399
v -1.34047 0.828426 -0.010746
vn 1 0 -0
vn -1 0 -0
vn -1 0 -0
vt 0.478595 0.514935
vt 0.478529 0.514291
vt 0.478595 0.514935
f 1132/1132/1132 1133/1133/1133 1134/1134/1134
v -1.34047 0.820635 -0.00018
v -1.34047 0.820635 0.002084
v -1.34047 0.821122 0.005888
vn -1 0 -0
vn -1 0 -0
vn -1 0 -0
vt 0.476599 0.50728
vt 0.477027 0.50728
vt 0.477745 0.507372
f 1135/1135/1135 1136/1136/1136 1137/1137/1137
v -1.34047 0.820635 -0.00018
v -1.34047 0.821122 0.005888
v -1.34047 0.822582 0.008539
vn -1 0 -0
vn -1 0 -0
vn -1 0 -0
vt 0.476599 0.50728
vt 0.477745 0.507372
vt 0.478246 0.507648
f 1138/1138/1138 1139/1139/1139 1140/1140/1140
v -1.34047 0.820635 -0.00018
v -1.34047 0.822582 0.008539
v -1.34047 0.825017 0.010038
vn -1 0 -0
vn -1 0 -0
vn -1 0 -0
vt 0.476599 0.50728
vt 0.478246 0.507648
vt 0.478529 0.508108
f 1141/1141/1141 1142/1142/1142 1143/1143/1143
v -1.34047 0.820635 -0.00018
v -1.34047 0.825017 0.010038
v -1.34047 0.828426 0.010385
vn -1 0 -0
vn -1 0 -0
vn -1 0 -0
vt 0.476599 0.50728
vt 0.478529 0.508108
vt 0.478595 0.508752
f 1144/1144/1144 1145/1145/1145 1146/1146/1146
v -1.34047 0.828426 0.010385
v -1.34047 0.828426 0.010385
v -1.34047 0.830612 0.008067
vn -1 0 -0
vn 1 0 -0
vn 1 0 -0
vt 0.474604 0.514935
vt 0.474604 0.514935
vt 0.475042 0.515348
f 1147/1147/1147 1148/1148/1148 1149/1149/1149
v -1.34047 0.828426 0.010385
v -1.34047 0.830612 0.008067
v -1.34047 0.832798 0.005749
vn -1 0 -0
vn 1 0 -0
vn -1 0 -0
vt 0.474604 0.514935
vt 0.475042 0.515348
vt 0.475479 0.515761
f 1150/1150/1150 1151/1151/1151 1152/1152/1152
v -1.34047 0.828426 0.010385
v -1.34047 0.832798 0.005749
v -1.34047 0.834984 0.00343
vn -1 0 -0
vn -1 0 -0
vn 1 0 -0
vt 0.478595 0.508752
vt 0.477719 0.509577
vt 0.477281 0.50999
f 1153/1153/1153 1154/1154/1154 1155/1155/1155
v -1.34047 0.828426 0.010385
v -1.34047 0.834984 0.00343
v -1.34047 0.83717 0.001112
vn -1 0 -0
vn 1 0 -0
vn -1 0 -0
vt 0.4746 0.517295
vt 0.474618 0.519083
vt 0.474624 0.519679
f 1156/1156/1156 1157/1157/1157 1158/1158/1158
v -1.34047 0.820635 -0.00018
v -1.34047 0.828426 0.010385
v -1.34047 0.83717 0.001112
vn -1 0 -0
vn -1 0 -0
vn -1 0 -0
vt 0.476599 0.50728
vt 0.478595 0.508752
vt 0.476843 0.510403
f 1159/1159/1159 1160/1160/1160 1161/1161/1161
v -1.34047 0.820635 -0.00018
v -1.34047 0.83717 0.001112
v -1.34047 0.83717 -0.00018
vn -1 0 -0
vn -1 0 -0
vn -1 0 -0
vt 0.476599 0.50728
vt 0.476843 0.510403
vt 0.476599 0.510403
f 1162/1162/1162 1163/1163/1163 1164/1164/1164
v -1.34047 0.83717 -0.00018
v -1.34047 0.851496 -0.00018
v -1.34047 0.852233 -0.000916
vn -1 0 -0
vn -1 0 -0
vn -1 0 -0
vt 0.476599 0.510403
vt 0.476599 0.513109
vt 0.47646 0.513248
f 1165/1165/1165 1166/1166/1166 1167/1167/1167
v -1.34047 0.83717 -0.00018
v -1.34047 0.852233 -0.000916
v -1.34047 0.852969 -0.001653
vn -1 0 -0
vn -1 0 -0
vn -1 0 -0
vt 0.476599 0.510403
vt 0.47646 0.513248
vt 0.476321 0.513387
f 1168/1168/1168 1169/1169/1169 1170/1170/1170
v -1.34047 0.83717 -0.00018
v -1.34047 0.852969 -0.001653
v -1.34047 0.853705 -0.002389
vn -1 0 -0
vn -1 0 -0
vn -1 0 -0
vt 0.476599 0.510403
vt 0.476321 0.513387
vt 0.476182 0.513526
f 1171/1171/1171 1172/1172/1172 1173/1173/1173
v -1.34047 0.83717 -0.001472
v -1.34047 0.83717 -0.00018
v -1.34047 0.853705 -0.002389
vn -1 0 -0
vn -1 0 -0
vn -1 0 -0
vt 0.476355 0.510403
vt 0.476599 0.510403
vt 0.476182 0.513526
f 1174/1174/1174 1175/1175/1175 1176/1176/1176
v -1.34047 0.853705 -0.002389
v -1.34047 0.853705 -0.003456
v -1.34047 0.853499 -0.00459
vn -1 0 -0
vn -1 0 -0
vn -1 0 -0
vt 0.476182 0.513526
vt 0.475981 0.513526
vt 0.475766 0.513487
f 1177/1177/1177 1178/1178/1178 1179/1179/1179
v -1.34047 0.853705 -0.002389
v -1.34047 0.853499 -0.00459
v -1.34047 0.852881 -0.005416
vn -1 0 -0
vn -1 0 -0
vn -1 0 -0
vt 0.476182 0.513526
vt 0.475766 0.513487
vt 0.47561 0.51337
f 1180/1180/1180 1181/1181/1181 1182/1182/1182
v -1.34047 0.853705 -0.002389
v -1.34047 0.852881 -0.005416
v -1.34047 0.85185 -0.005933
vn -1 0 -0
vn -1 0 -0
vn -1 0 -0
vt 0.476182 0.513526
vt 0.47561 0.51337
vt 0.475513 0.513175
f 1183/1183/1183 1184/1184/1184 1185/1185/1185
v -1.34047 0.83717 -0.001472
v -1.34047 0.853705 -0.002389
v -1.34047 0.85185 -0.005933
vn -1 0 -0
vn -1 0 -0
vn -1 0 -0
vt 0.476355 0.510403
vt 0.476182 0.513526
vt 0.475513 0.513175
f 1186/1186/1186 1187/1187/1187 1188/1188/1188
v -1.34047 0.839272 -0.003046
v -1.34047 0.83717 -0.001472
v -1.34047 0.85185 -0.005933
vn -1 0 -0
vn -1 0 -0
vn -1 0 -0
vt 0.476058 0.5108
vt 0.476355 0.510403
vt 0.475513 0.513175
f 1189/1189/1189 1190/1190/1190 1191/1191/1191
v -1.34047 0.841373 -0.004621
v -1.34047 0.839272 -0.003046
v -1.34047 0.85185 -0.005933
vn -1 0 -0
vn -1 0 -0
vn -1 0 -0
vt 0.47576 0.511197
vt 0.476058 0.5108
vt 0.475513 0.513175
f 1192/1192/1192 1193/1193/1193 1194/1194/1194
v -1.34047 0.843475 -0.006195
v -1.34047 0.841373 -0.004621
v -1.34047 0.85185 -0.005933
vn -1 0 -0
vn -1 0 -0
vn -1 0 -0
vt 0.475463 0.511594
vt 0.47576 0.511197
vt 0.475513 0.513175
f 1195/1195/1195 1196/1196/1196 1197/1197/1197
v -1.34047 0.845576 -0.00777
v -1.34047 0.843475 -0.006195
v -1.34047 0.85185 -0.005933
vn -1 0 -0
vn -1 0 -0
vn -1 0 -0
vt 0.475166 0.511991
vt 0.475463 0.511594
vt 0.475513 0.513175
f 1198/1198/1198 1199/1199/1199 1200/1200/1200
v -1.34047 0.83717 -0.00018
v -1.34047 0.83717 0.001112
v -1.34047 0.839272 0.002686
vn -1 0 -0
vn -1 0 -0
vn -1 0 -0
vt 0.476599 0.510403
vt 0.476843 0.510403
vt 0.47714 0.5108
f 1201/1201/1201 1202/1202/1202 1203/1203/1203
v -1.34047 0.83717 -0.00018
v -1.34047 0.839272 0.002686
v -1.34047 0.841373 0.004261
vn -1 0 -0
vn -1 0 -0
vn -1 0 -0
vt 0.476599 0.510403
vt 0.47714 0.5108
vt 0.477438 0.511197
f 1204/1204/1204 1205/1205/1205 1206/1206/1206
v -1.34047 0.83717 -0.00018
v -1.34047 0.841373 0.004261
v -1.34047 0.843475 0.005835
vn -1 0 -0
vn -1 0 -0
vn -1 0 -0
vt 0.476599 0.510403
vt 0.477438 0.511197
vt 0.477735 0.511594
f 1207/1207/1207 1208/1208/1208 1209/1209/1209
v -1.34047 0.83717 -0.00018
v -1.34047 0.843475 0.005835
v -1.34047 0.845576 0.007409
vn -1 0 -0
vn -1 0 -0
vn -1 0 -0
vt 0.476599 0.510403
vt 0.477735 0.511594
vt 0.478032 0.511991
f 1210/1210/1210 1211/1211/1211 1212/1212/1212
v -1.34047 0.845576 0.007409
v -1.34047 0.85185 0.005572
v -1.34047 0.852881 0.005056
vn -1 0 -0
vn -1 0 -0
vn -1 0 -0
vt 0.478032 0.511991
vt 0.477686 0.513175
vt 0.477588 0.51337
f 1213/1213/1213 1214/1214/1214 1215/1215/1215
v -1.34047 0.845576 0.007409
v -1.34047 0.852881 0.005056
v -1.34047 0.853499 0.00423
vn -1 0 -0
vn -1 0 -0
vn -1 0 -0
vt 0.478032 0.511991
vt 0.477588 0.51337
vt 0.477432 0.513487
f 1216/1216/1216 1217/1217/1217 1218/1218/1218
v -1.34047 0.845576 0.007409
v -1.34047 0.853499 0.00423
v -1.34047 0.853705 0.003095
vn -1 0 -0
vn -1 0 -0
vn -1 0 -0
vt 0.478032 0.511991
vt 0.477432 0.513487
vt 0.477218 0.513526
f 1219/1219/1219 1220/1220/1220 1221/1221/1221
v -1.34047 0.83717 -0.00018
v -1.34047 0.845576 0.007409
v -1.34047 0.853705 0.003095
vn -1 0 -0
vn -1 0 -0
vn -1 0 -0
vt 0.476599 0.510403
vt 0.478032 0.511991
vt 0.477218 0.513526
f 1222/1222/1222 1223/1223/1223 1224/1224/1224
v -1.34047 0.853705 0.003095
v -1.34047 0.853705 0.002029
v -1.34047 0.852969 0.001293
vn -1 0 -0
vn -1 0 -0
vn -1 0 -0
vt 0.477218 0.513526
vt 0.477016 0.513526
vt 0.476877 0.513387
f 1225/1225/1225 1226/1226/1226 1227/1227/1227
v -1.34047 0.853705 0.003095
v -1.34047 0.852969 0.001293
v -1.34047 0.852233 0.000556
vn -1 0 -0
vn -1 0 -0
vn -1 0 -0
vt 0.477218 0.513526
vt 0.476877 0.513387
vt 0.476738 0.513248
f 1228/1228/1228 1229/1229/1229 1230/1230/1230
v -1.34047 0.853705 0.003095
v -1.34047 0.852233 0.000556
v -1.34047 0.851496 -0.00018
vn -1 0 -0
vn -1 0 -0
vn -1 0 -0
vt 0.477218 0.513526
vt 0.476738 0.513248
vt 0.476599 0.513109
f 1231/1231/1231 1232/1232/1232 1233/1233/1233
v -1.34047 0.83717 -0.00018
v -1.34047 0.853705 0.003095
v -1.34047 0.851496 -0.00018
vn -1 0 -0
vn -1 0 -0
vn -1 0 -0
vt 0.476599 0.510403
vt 0.477218 0.513526
vt 0.476599 0.513109
f 1234/1234/1234 1235/1235/1235 1236/1236/1236
v 1.34047 0.853499 0.00423
v 1.34047 0.853705 0.003095
v -1.34047 0.853705 0.003095
vn 0 0.983886 0.178794
vn 0 0.983886 0.178794
vn 0 0.983886 0.178794
vt 0.488214 0.010495
vt 0.488432 0.010495
vt 0.488432 0.527569
f 1237/1237/1237 1238/1238/1238 1239/1239/1239
v -1.34047 0.853705 0.003095
v -1.34047 0.853499 0.00423
v 1.34047 0.853499 0.00423
vn 0 0.983886 0.178794
vn 0 0.983886 0.178794
vn 0 0.983886 0.178794
vt 0.488432 0.527569
vt 0.488214 0.527569
vt 0.488214 0.010495
f 1240/1240/1240 1241/1241/1241 1242/1242/1242
v -1.34047 0.853499 -0.00459
v -1.34047 0.853705 -0.003456
v 1.34047 0.853705 -0.003456
vn 0 0.983886 -0.178794
vn 0 0.983886 -0.178794
vn 0 0.983886 -0.178794
vt 0.489915 0.527569
vt 0.489696 0.527569
vt 0.489696 0.010495
f 1243/1243/1243 1244/1244/1244 1245/1245/1245
v 1.34047 0.853705 -0.003456
v 1.34047 0.853499 -0.00459
v -1.34047 0.853499 -0.00459
vn 0 0.983886 -0.178794
vn 0 0.983886 -0.178794
vn 0 0.983886 -0.178794
vt 0.489696 0.010495
vt 0.489915 0.010495
vt 0.489915 0.527569
f 1246/1246/1246 1247/1247/1247 1248/1248/1248
v 1.34047 0.852881 0.005056
v 1.34047 0.853499 0.00423
v -1.34047 0.853499 0.00423
vn 0 0.800323 0.59957
vn 0 0.800323 0.59957
vn 0 0.800323 0.59957
vt 0.488054 0.010495
vt 0.488214 0.010495
vt 0.488214 0.527569
f 1249/1249/1249 1250/1250/1250 1251/1251/1251
v -1.34047 0.853499 0.00423
v -1.34047 0.852881 0.005056
v 1.34047 0.852881 0.005056
vn 0 0.800323 0.59957
vn 0 0.800323 0.59957
vn 0 0.800323 0.59957
vt 0.488214 0.527569
vt 0.488054 0.527569
vt 0.488054 0.010495
f 1252/1252/1252 1253/1253/1253 1254/1254/1254
v 1.34047 0.85185 0.005572
v 1.34047 0.852881 0.005056
v -1.34047 0.852881 0.005056
vn 0 0.448101 0.893983
vn 0 0.448101 0.893983
vn 0 0.448101 0.893983
vt 0.50236 0.015211
vt 0.502574 0.015211
vt 0.502574 0.522853
f 1255/1255/1255 1256/1256/1256 1257/1257/1257
v -1.34047 0.852881 0.005056
v -1.34047 0.85185 0.005572
v 1.34047 0.85185 0.005572
vn 0 0.448101 0.893983
vn 0 0.448101 0.893983
vn 0 0.448101 0.893983
vt 0.502574 0.522853
vt 0.50236 0.522853
vt 0.50236 0.015211
f 1258/1258/1258 1259/1259/1259 1260/1260/1260
v -1.34047 0.852881 -0.005416
v -1.34047 0.853499 -0.00459
v 1.34047 0.853499 -0.00459
vn 0 0.800322 -0.59957
vn 0 0.800322 -0.59957
vn 0 0.800322 -0.59957
vt 0.490074 0.527569
vt 0.489915 0.527569
vt 0.489915 0.010495
f 1261/1261/1261 1262/1262/1262 1263/1263/1263
v 1.34047 0.853499 -0.00459
v 1.34047 0.852881 -0.005416
v -1.34047 0.852881 -0.005416
vn 0 0.800322 -0.59957
vn 0 0.800322 -0.59957
vn 0 0.800322 -0.59957
vt 0.489915 0.010495
vt 0.490074 0.010495
vt 0.490074 0.527569
f 1264/1264/1264 1265/1265/1265 1266/1266/1266
v -1.34047 0.85185 -0.005933
v -1.34047 0.852881 -0.005416
v 1.34047 0.852881 -0.005416
vn 0 0.448101 -0.893983
vn 0 0.448101 -0.893983
vn 0 0.448101 -0.893983
vt 0.497732 0.012567
vt 0.49793 0.012567
vt 0.49793 0.525497
f 1267/1267/1267 1268/1268/1268 1269/1269/1269
v 1.34047 0.852881 -0.005416
v 1.34047 0.85185 -0.005933
v -1.34047 0.85185 -0.005933
vn 0 0.448101 -0.893983
vn 0 0.448101 -0.893983
vn 0 0.448101 -0.893983
vt 0.49793 0.525497
vt 0.497732 0.525497
vt 0.497732 0.012567
f 1270/1270/1270 1271/1271/1271 1272/1272/1272
v -1.34047 0.852233 -0.000916
v -1.34047 0.851496 -0.00018
v -1.34047 0.852233 -0.000426
vn -1 0 -0
vn -1 0 -0
vn -1 0 -0
vt 0.47646 0.513248
vt 0.476599 0.513109
vt 0.476553 0.513248
f 1273/1273/1273 1274/1274/1274 1275/1275/1275
v 1.34047 0.852233 0.000556
v 1.34047 0.851496 -0.00018
v 1.34047 0.852233 6.5e-005
vn 1 0 -0
vn 1 0 -0
vn 1 0 -0
vt 0.47646 0.519431
vt 0.476599 0.519292
vt 0.476553 0.519431
f 1276/1276/1276 1277/1277/1277 1278/1278/1278
v -1.34047 0.853705 0.000556
v -1.34047 0.853705 0.002029
v 1.34047 0.853705 0.002029
vn 0 1 -0
vn 0 1 -0
vn 0 1 -0
vt 0.488922 0.527569
vt 0.488638 0.527569
vt 0.488638 0.010495
f 1279/1279/1279 1280/1280/1280 1281/1281/1281
v 1.34047 0.853705 0.002029
v 1.34047 0.853705 0.000556
v -1.34047 0.853705 0.000556
vn 0 1 -0
vn 0 1 -0
vn 0 1 -0
vt 0.488638 0.010495
vt 0.488922 0.010495
vt 0.488922 0.527569
f 1282/1282/1282 1283/1283/1283 1284/1284/1284
v -1.34047 0.851496 -0.00018
v -1.34047 0.852233 0.000556
v -1.34047 0.852233 6.5e-005
vn -1 0 -0
vn -1 0 -0
vn -1 0 -0
vt 0.476599 0.513109
vt 0.476738 0.513248
vt 0.476645 0.513248
f 1285/1285/1285 1286/1286/1286 1287/1287/1287
v -1.34047 0.852969 0.000311
v -1.34047 0.852233 6.5e-005
v -1.34047 0.852233 0.000556
vn -1 0 -0
vn -1 0 -0
vn -1 0 -0
vt 0.476692 0.513387
vt 0.476645 0.513248
vt 0.476738 0.513248
f 1288/1288/1288 1289/1289/1289 1290/1290/1290
v -1.34047 0.852233 0.000556
v -1.34047 0.852969 0.001293
v -1.34047 0.852969 0.000311
vn -1 0 -0
vn -1 0 -0
vn -1 0 -0
vt 0.476738 0.513248
vt 0.476877 0.513387
vt 0.476692 0.513387
f 1291/1291/1291 1292/1292/1292 1293/1293/1293
v -1.34047 0.853705 0.000556
v -1.34047 0.852969 0.000311
v -1.34047 0.852969 0.001293
vn -1 0 -0
vn -1 0 -0
vn -1 0 -0
vt 0.476738 0.513526
vt 0.476692 0.513387
vt 0.476877 0.513387
f 1294/1294/1294 1295/1295/1295 1296/1296/1296
v -1.34047 0.852969 0.001293
v -1.34047 0.853705 0.002029
v -1.34047 0.853705 0.000556
vn -1 0 -0
vn -1 0 -0
vn -1 0 -0
vt 0.476877 0.513387
vt 0.477016 0.513526
vt 0.476738 0.513526
f 1297/1297/1297 1298/1298/1298 1299/1299/1299
v -1.34047 0.851496 -0.00018
v -1.34047 0.852233 6.5e-005
v -1.34047 0.852233 -0.000426
vn -1 0 -0
vn -1 0 -0
vn -1 0 -0
vt 0.476599 0.513109
vt 0.476645 0.513248
vt 0.476553 0.513248
f 1300/1300/1300 1301/1301/1301 1302/1302/1302
v -1.34047 0.852969 -0.000671
v -1.34047 0.852233 -0.000426
v -1.34047 0.852233 6.5e-005
vn -1 0 -0
vn -1 0 -0
vn -1 0 -0
vt 0.476506 0.513387
vt 0.476553 0.513248
vt 0.476645 0.513248
f 1303/1303/1303 1304/1304/1304 1305/1305/1305
v -1.34047 0.852233 6.5e-005
v -1.34047 0.852969 0.000311
v -1.34047 0.852969 -0.000671
vn -1 0 -0
vn -1 0 -0
vn -1 0 -0
vt 0.476645 0.513248
vt 0.476692 0.513387
vt 0.476506 0.513387
f 1306/1306/1306 1307/1307/1307 1308/1308/1308
v -1.34047 0.853705 -0.000916
v -1.34047 0.852969 -0.000671
v -1.34047 0.852969 0.000311
vn -1 0 -0
vn -1 0 -0
vn -1 0 -0
vt 0.47646 0.513526
vt 0.476506 0.513387
vt 0.476692 0.513387
f 1309/1309/1309 1310/1310/1310 1311/1311/1311
v -1.34047 0.852969 0.000311
v -1.34047 0.853705 0.000556
v -1.34047 0.853705 -0.000916
vn -1 0 -0
vn -1 0 -0
vn -1 0 -0
vt 0.476692 0.513387
vt 0.476738 0.513526
vt 0.47646 0.513526
f 1312/1312/1312 1313/1313/1313 1314/1314/1314
v -1.34047 0.852969 -0.001653
v -1.34047 0.852233 -0.000916
v -1.34047 0.852233 -0.000426
vn -1 0 -0
vn -1 0 -0
vn -1 0 -0
vt 0.476321 0.513387
vt 0.47646 0.513248
vt 0.476553 0.513248
f 1315/1315/1315 1316/1316/1316 1317/1317/1317
v -1.34047 0.852233 -0.000426
v -1.34047 0.852969 -0.000671
v -1.34047 0.852969 -0.001653
vn -1 0 -0
vn -1 0 -0
vn -1 0 -0
vt 0.476553 0.513248
vt 0.476506 0.513387
vt 0.476321 0.513387
f 1318/1318/1318 1319/1319/1319 1320/1320/1320
v -1.34047 0.853705 -0.002389
v -1.34047 0.852969 -0.001653
v -1.34047 0.852969 -0.000671
vn -1 0 -0
vn -1 0 -0
vn -1 0 -0
vt 0.476182 0.513526
vt 0.476321 0.513387
vt 0.476506 0.513387
f 1321/1321/1321 1322/1322/1322 1323/1323/1323
v -1.34047 0.852969 -0.000671
v -1.34047 0.853705 -0.000916
v -1.34047 0.853705 -0.002389
vn -1 0 -0
vn -1 0 -0
vn -1 0 -0
vt 0.476506 0.513387
vt 0.47646 0.513526
vt 0.476182 0.513526
f 1324/1324/1324 1325/1325/1325 1326/1326/1326
v 1.34047 0.851496 -0.00018
v 1.34047 0.852233 -0.000916
v 1.34047 0.852233 -0.000426
vn 1 0 -0
vn 1 0 -0
vn 1 0 -0
vt 0.476599 0.519292
vt 0.476738 0.519431
vt 0.476645 0.519431
f 1327/1327/1327 1328/1328/1328 1329/1329/1329
v 1.34047 0.852969 -0.000671
v 1.34047 0.852233 -0.000426
v 1.34047 0.852233 -0.000916
vn 1 0 -0
vn 1 0 -0
vn 1 0 -0
vt 0.476692 0.519571
vt 0.476645 0.519431
vt 0.476738 0.519431
f 1330/1330/1330 1331/1331/1331 1332/1332/1332
v 1.34047 0.852233 -0.000916
v 1.34047 0.852969 -0.001653
v 1.34047 0.852969 -0.000671
vn 1 0 -0
vn 1 0 -0
vn 1 0 -0
vt 0.476738 0.519431
vt 0.476877 0.519571
vt 0.476692 0.519571
f 1333/1333/1333 1334/1334/1334 1335/1335/1335
v 1.34047 0.853705 -0.000916
v 1.34047 0.852969 -0.000671
v 1.34047 0.852969 -0.001653
vn 1 0 -0
vn 1 0 -0
vn 1 0 -0
vt 0.476738 0.51971
vt 0.476692 0.519571
vt 0.476877 0.519571
f 1336/1336/1336 1337/1337/1337 1338/1338/1338
v 1.34047 0.852969 -0.001653
v 1.34047 0.853705 -0.002389
v 1.34047 0.853705 -0.000916
vn 1 0 -0
vn 1 0 -0
vn 1 0 -0
vt 0.476877 0.519571
vt 0.477016 0.51971
vt 0.476738 0.51971
f 1339/1339/1339 1340/1340/1340 1341/1341/1341
v 1.34047 0.851496 -0.00018
v 1.34047 0.852233 -0.000426
v 1.34047 0.852233 6.5e-005
vn 1 0 -0
vn 1 0 -0
vn 1 0 -0
vt 0.476599 0.519292
vt 0.476645 0.519431
vt 0.476553 0.519431
f 1342/1342/1342 1343/1343/1343 1344/1344/1344
v 1.34047 0.852969 0.000311
v 1.34047 0.852233 6.5e-005
v 1.34047 0.852233 -0.000426
vn 1 0 -0
vn 1 0 -0
vn 1 0 -0
vt 0.476506 0.519571
vt 0.476553 0.519431
vt 0.476645 0.519431
f 1345/1345/1345 1346/1346/1346 1347/1347/1347
v 1.34047 0.852233 -0.000426
v 1.34047 0.852969 -0.000671
v 1.34047 0.852969 0.000311
vn 1 0 -0
vn 1 0 -0
vn 1 0 -0
vt 0.476645 0.519431
vt 0.476692 0.519571
vt 0.476506 0.519571
f 1348/1348/1348 1349/1349/1349 1350/1350/1350
v 1.34047 0.853705 0.000556
v 1.34047 0.852969 0.000311
v 1.34047 0.852969 -0.000671
vn 1 0 -0
vn 1 0 -0
vn 1 0 -0
vt 0.47646 0.51971
vt 0.476506 0.519571
vt 0.476692 0.519571
f 1351/1351/1351 1352/1352/1352 1353/1353/1353
v 1.34047 0.852969 -0.000671
v 1.34047 0.853705 -0.000916
v 1.34047 0.853705 0.000556
vn 1 0 -0
vn 1 0 -0
vn 1 0 -0
vt 0.476692 0.519571
vt 0.476738 0.51971
vt 0.47646 0.51971
f 1354/1354/1354 1355/1355/1355 1356/1356/1356
v 1.34047 0.852969 0.001293
v 1.34047 0.852233 0.000556
v 1.34047 0.852233 6.5e-005
vn 1 0 -0
vn 1 0 -0
vn 1 0 -0
vt 0.476321 0.519571
vt 0.47646 0.519431
vt 0.476553 0.519431
f 1357/1357/1357 1358/1358/1358 1359/1359/1359
v 1.34047 0.852233 6.5e-005
v 1.34047 0.852969 0.000311
v 1.34047 0.852969 0.001293
vn 1 0 -0
vn 1 0 -0
vn 1 0 -0
vt 0.476553 0.519431
vt 0.476506 0.519571
vt 0.476321 0.519571
f 1360/1360/1360 1361/1361/1361 1362/1362/1362
v 1.34047 0.853705 0.002029
v 1.34047 0.852969 0.001293
v 1.34047 0.852969 0.000311
vn 1 0 -0
vn 1 0 -0
vn 1 0 -0
vt 0.476182 0.51971
vt 0.476321 0.519571
vt 0.476506 0.519571
f 1363/1363/1363 1364/1364/1364 1365/1365/1365
v 1.34047 0.852969 0.000311
v 1.34047 0.853705 0.000556
v 1.34047 0.853705 0.002029
vn 1 0 -0
vn 1 0 -0
vn 1 0 -0
vt 0.476506 0.519571
vt 0.47646 0.51971
vt 0.476182 0.51971
f 1366/1366/1366 1367/1367/1367 1368/1368/1368
v -1.34047 0.853705 -0.000916
v -1.34047 0.853705 0.000556
v 1.34047 0.853705 0.000556
vn 0 1 -0
vn 0 1 -0
vn 0 1 -0
vt 0.489206 0.527569
vt 0.488922 0.527569
vt 0.488922 0.010495
f 1369/1369/1369 1370/1370/1370 1371/1371/1371
v 1.34047 0.853705 0.000556
v 1.34047 0.853705 -0.000916
v -1.34047 0.853705 -0.000916
vn 0 1 -0
vn 0 1 -0
vn 0 1 -0
vt 0.488922 0.010495
vt 0.489206 0.010495
vt 0.489206 0.527569
f 1372/1372/1372 1373/1373/1373 1374/1374/1374
v -1.34047 0.853705 -0.002389
v -1.34047 0.853705 -0.000916
v 1.34047 0.853705 -0.000916
vn 0 1 -0
vn 0 1 -0
vn 0 1 -0
vt 0.48949 0.527569
vt 0.489206 0.527569
vt 0.489206 0.010495
f 1375/1375/1375 1376/1376/1376 1377/1377/1377
v 1.34047 0.853705 -0.000916
v 1.34047 0.853705 -0.002389
v -1.34047 0.853705 -0.002389
vn 0 1 -0
vn 0 1 -0
vn 0 1 -0
vt 0.489206 0.010495
vt 0.48949 0.010495
vt 0.48949 0.527569
f 1378/1378/1378 1379/1379/1379 1380/1380/1380
v -1.34047 0.839272 0.002686
v -1.34047 0.83717 0.001112
v -1.34047 0.8382 0.002872
vn -1 0 -0
vn -1 0 -0
vn -1 0 -0
vt 0.47714 0.5108
vt 0.476843 0.510403
vt 0.477176 0.510597
f 1381/1381/1381 1382/1382/1382 1383/1383/1383
v 1.34047 0.834984 0.00343
v 1.34047 0.83717 0.001112
v 1.34047 0.836056 0.003244
vn 1 0 -0
vn 1 0 -0
vn 1 0 -0
vt 0.475917 0.516174
vt 0.476355 0.516587
vt 0.475952 0.516376
f 1384/1384/1384 1385/1385/1385 1386/1386/1386
v 1.34047 0.839272 -0.003046
v 1.34047 0.83717 -0.001472
v 1.34047 0.8382 -0.003232
vn 1 0 -0
vn 1 0 -0
vn 1 0 -0
vt 0.47714 0.516984
vt 0.476843 0.516587
vt 0.477176 0.516781
f 1387/1387/1387 1388/1388/1388 1389/1389/1389
v -1.34047 0.834984 -0.00379
v -1.34047 0.83717 -0.001472
v -1.34047 0.836056 -0.003604
vn -1 0 -0
vn -1 0 -0
vn -1 0 -0
vt 0.475917 0.50999
vt 0.476355 0.510403
vt 0.475952 0.510193
f 1390/1390/1390 1391/1391/1391 1392/1392/1392
v -1.34047 0.832713 0.009641
v -1.34047 0.828426 0.010385
v 1.34047 0.828426 0.010385
vn 0 0.170962 0.985278
vn 0 0.170962 0.985278
vn 0 0.170962 0.985278
vt 0.498666 0.522853
vt 0.497847 0.522853
vt 0.497847 0.015211
f 1393/1393/1393 1394/1394/1394 1395/1395/1395
v 1.34047 0.828426 0.010385
v 1.34047 0.832713 0.009641
v -1.34047 0.832713 0.009641
vn 0 0.170962 0.985278
vn 0 0.170962 0.985278
vn 0 0.170962 0.985278
vt 0.497847 0.015211
vt 0.498666 0.015211
vt 0.498666 0.522853
f 1396/1396/1396 1397/1397/1397 1398/1398/1398
v 1.34047 0.832713 -0.010002
v 1.34047 0.828426 -0.010746
v -1.34047 0.828426 -0.010746
vn 0 0.170962 -0.985278
vn 0 0.170962 -0.985278
vn 0 0.170962 -0.985278
vt 0.494071 0.525497
vt 0.493251 0.525497
vt 0.493251 0.012567
f 1399/1399/1399 1400/1400/1400 1401/1401/1401
v -1.34047 0.828426 -0.010746
v -1.34047 0.832713 -0.010002
v 1.34047 0.832713 -0.010002
vn 0 0.170962 -0.985278
vn 0 0.170962 -0.985278
vn 0 0.170962 -0.985278
vt 0.493251 0.012567
vt 0.494071 0.012567
vt 0.494071 0.525497
f 1402/1402/1402 1403/1403/1403 1404/1404/1404
v -1.34047 0.83717 0.001112
v -1.34047 0.834984 0.00343
v -1.34047 0.836056 0.003244
vn -1 0 -0
vn -1 0 -0
vn -1 0 -0
vt 0.476843 0.510403
vt 0.477281 0.50999
vt 0.477246 0.510193
f 1405/1405/1405 1406/1406/1406 1407/1407/1407
v -1.34047 0.834942 0.005377
v -1.34047 0.836056 0.003244
v -1.34047 0.834984 0.00343
vn -1 0 -0
vn -1 0 -0
vn -1 0 -0
vt 0.477649 0.509982
vt 0.477246 0.510193
vt 0.477281 0.50999
f 1408/1408/1408 1409/1409/1409 1410/1410/1410
v -1.34047 0.834984 0.00343
v -1.34047 0.832798 0.005749
v -1.34047 0.834942 0.005377
vn -1 0 -0
vn -1 0 -0
vn -1 0 -0
vt 0.477281 0.50999
vt 0.477719 0.509577
vt 0.477649 0.509982
f 1411/1411/1411 1412/1412/1412 1413/1413/1413
v -1.34047 0.833828 0.007509
v -1.34047 0.834942 0.005377
v -1.34047 0.832798 0.005749
vn -1 0 -0
vn -1 0 -0
vn -1 0 -0
vt 0.478051 0.509772
vt 0.477649 0.509982
vt 0.477719 0.509577
f 1414/1414/1414 1415/1415/1415 1416/1416/1416
v -1.34047 0.832798 0.005749
v -1.34047 0.830612 0.008067
v -1.34047 0.833828 0.007509
vn -1 0 -0
vn -1 0 -0
vn -1 0 -0
vt 0.477719 0.509577
vt 0.478157 0.509164
vt 0.478051 0.509772
f 1417/1417/1417 1418/1418/1418 1419/1419/1419
v -1.34047 0.832713 0.009641
v -1.34047 0.833828 0.007509
v -1.34047 0.830612 0.008067
vn -1 0 -0
vn -1 0 -0
vn -1 0 -0
vt 0.478454 0.509561
vt 0.478051 0.509772
vt 0.478157 0.509164
f 1420/1420/1420 1421/1421/1421 1422/1422/1422
v -1.34047 0.830612 0.008067
v -1.34047 0.828426 0.010385
v -1.34047 0.832713 0.009641
vn -1 0 -0
vn -1 0 -0
vn -1 0 -0
vt 0.478157 0.509164
vt 0.478595 0.508752
vt 0.478454 0.509561
f 1423/1423/1423 1424/1424/1424 1425/1425/1425
v -1.34047 0.83717 0.001112
v -1.34047 0.836056 0.003244
v -1.34047 0.837128 0.003058
vn -1 0 -0
vn -1 0 -0
vn -1 0 -0
vt 0.476843 0.510403
vt 0.477246 0.510193
vt 0.477211 0.510395
f 1426/1426/1426 1427/1427/1427 1428/1428/1428
v -1.34047 0.837086 0.005005
v -1.34047 0.837128 0.003058
v -1.34047 0.836056 0.003244
vn -1 0 -0
vn -1 0 -0
vn -1 0 -0
vt 0.477578 0.510387
vt 0.477211 0.510395
vt 0.477246 0.510193
f 1429/1429/1429 1430/1430/1430 1431/1431/1431
v -1.34047 0.836056 0.003244
v -1.34047 0.834942 0.005377
v -1.34047 0.837086 0.005005
vn -1 0 -0
vn -1 0 -0
vn -1 0 -0
vt 0.477246 0.510193
vt 0.477649 0.509982
vt 0.477578 0.510387
f 1432/1432/1432 1433/1433/1433 1434/1434/1434
v -1.34047 0.837043 0.006951
v -1.34047 0.837086 0.005005
v -1.34047 0.834942 0.005377
vn -1 0 -0
vn -1 0 -0
vn -1 0 -0
vt 0.477946 0.510379
vt 0.477578 0.510387
vt 0.477649 0.509982
f 1435/1435/1435 1436/1436/1436 1437/1437/1437
v -1.34047 0.834942 0.005377
v -1.34047 0.833828 0.007509
v -1.34047 0.837043 0.006951
vn -1 0 -0
vn -1 0 -0
vn -1 0 -0
vt 0.477649 0.509982
vt 0.478051 0.509772
vt 0.477946 0.510379
f 1438/1438/1438 1439/1439/1439 1440/1440/1440
v -1.34047 0.837001 0.008897
v -1.34047 0.837043 0.006951
v -1.34047 0.833828 0.007509
vn -1 0 -0
vn -1 0 -0
vn -1 0 -0
vt 0.478314 0.510371
vt 0.477946 0.510379
vt 0.478051 0.509772
f 1441/1441/1441 1442/1442/1442 1443/1443/1443
v -1.34047 0.833828 0.007509
v -1.34047 0.832713 0.009641
v -1.34047 0.837001 0.008897
vn -1 0 -0
vn -1 0 -0
vn -1 0 -0
vt 0.478051 0.509772
vt 0.478454 0.509561
vt 0.478314 0.510371
f 1444/1444/1444 1445/1445/1445 1446/1446/1446
v -1.34047 0.83717 0.001112
v -1.34047 0.837128 0.003058
v -1.34047 0.8382 0.002872
vn -1 0 -0
vn -1 0 -0
vn -1 0 -0
vt 0.476843 0.510403
vt 0.477211 0.510395
vt 0.477176 0.510597
f 1447/1447/1447 1448/1448/1448 1449/1449/1449
v -1.34047 0.839229 0.004633
v -1.34047 0.8382 0.002872
v -1.34047 0.837128 0.003058
vn -1 0 -0
vn -1 0 -0
vn -1 0 -0
vt 0.477508 0.510792
vt 0.477176 0.510597
vt 0.477211 0.510395
f 1450/1450/1450 1451/1451/1451 1452/1452/1452
v -1.34047 0.837128 0.003058
v -1.34047 0.837086 0.005005
v -1.34047 0.839229 0.004633
vn -1 0 -0
vn -1 0 -0
vn -1 0 -0
vt 0.477211 0.510395
vt 0.477578 0.510387
vt 0.477508 0.510792
f 1453/1453/1453 1454/1454/1454 1455/1455/1455
v -1.34047 0.840259 0.006393
v -1.34047 0.839229 0.004633
v -1.34047 0.837086 0.005005
vn -1 0 -0
vn -1 0 -0
vn -1 0 -0
vt 0.477841 0.510986
vt 0.477508 0.510792
vt 0.477578 0.510387
f 1456/1456/1456 1457/1457/1457 1458/1458/1458
v -1.34047 0.837086 0.005005
v -1.34047 0.837043 0.006951
v -1.34047 0.840259 0.006393
vn -1 0 -0
vn -1 0 -0
vn -1 0 -0
vt 0.477578 0.510387
vt 0.477946 0.510379
vt 0.477841 0.510986
f 1459/1459/1459 1460/1460/1460 1461/1461/1461
v -1.34047 0.841289 0.008153
v -1.34047 0.840259 0.006393
v -1.34047 0.837043 0.006951
vn -1 0 -0
vn -1 0 -0
vn -1 0 -0
vt 0.478173 0.511181
vt 0.477841 0.510986
vt 0.477946 0.510379
f 1462/1462/1462 1463/1463/1463 1464/1464/1464
v -1.34047 0.837043 0.006951
v -1.34047 0.837001 0.008897
v -1.34047 0.841289 0.008153
vn -1 0 -0
vn -1 0 -0
vn -1 0 -0
vt 0.477946 0.510379
vt 0.478314 0.510371
vt 0.478173 0.511181
f 1465/1465/1465 1466/1466/1466 1467/1467/1467
v -1.34047 0.841373 0.004261
v -1.34047 0.839272 0.002686
v -1.34047 0.8382 0.002872
vn -1 0 -0
vn -1 0 -0
vn -1 0 -0
vt 0.477438 0.511197
vt 0.47714 0.5108
vt 0.477176 0.510597
f 1468/1468/1468 1469/1469/1469 1470/1470/1470
v -1.34047 0.8382 0.002872
v -1.34047 0.839229 0.004633
v -1.34047 0.841373 0.004261
vn -1 0 -0
vn -1 0 -0
vn -1 0 -0
vt 0.477176 0.510597
vt 0.477508 0.510792
vt 0.477438 0.511197
f 1471/1471/1471 1472/1472/1472 1473/1473/1473
v -1.34047 0.843475 0.005835
v -1.34047 0.841373 0.004261
v -1.34047 0.839229 0.004633
vn -1 0 -0
vn -1 0 -0
vn -1 0 -0
vt 0.477735 0.511594
vt 0.477438 0.511197
vt 0.477508 0.510792
f 1474/1474/1474 1475/1475/1475 1476/1476/1476
v -1.34047 0.839229 0.004633
v -1.34047 0.840259 0.006393
v -1.34047 0.843475 0.005835
vn -1 0 -0
vn -1 0 -0
vn -1 0 -0
vt 0.477508 0.510792
vt 0.477841 0.510986
vt 0.477735 0.511594
f 1477/1477/1477 1478/1478/1478 1479/1479/1479
v -1.34047 0.845576 0.007409
v -1.34047 0.843475 0.005835
v -1.34047 0.840259 0.006393
vn -1 0 -0
vn -1 0 -0
vn -1 0 -0
vt 0.478032 0.511991
vt 0.477735 0.511594
vt 0.477841 0.510986
f 1480/1480/1480 1481/1481/1481 1482/1482/1482
v -1.34047 0.840259 0.006393
v -1.34047 0.841289 0.008153
v -1.34047 0.845576 0.007409
vn -1 0 -0
vn -1 0 -0
vn -1 0 -0
vt 0.477841 0.510986
vt 0.478173 0.511181
vt 0.478032 0.511991
f 1483/1483/1483 1484/1484/1484 1485/1485/1485
v 1.34047 0.83717 0.001112
v 1.34047 0.839272 0.002686
v 1.34047 0.8382 0.002872
vn 1 0 -0
vn 1 0 -0
vn 1 0 -0
vt 0.476355 0.516587
vt 0.476058 0.516984
vt 0.476023 0.516781
f 1486/1486/1486 1487/1487/1487 1488/1488/1488
v 1.34047 0.839229 0.004633
v 1.34047 0.8382 0.002872
v 1.34047 0.839272 0.002686
vn 1 0 -0
vn 1 0 -0
vn 1 0 -0
vt 0.47569 0.516976
vt 0.476023 0.516781
vt 0.476058 0.516984
f 1489/1489/1489 1490/1490/1490 1491/1491/1491
v 1.34047 0.839272 0.002686
v 1.34047 0.841373 0.004261
v 1.34047 0.839229 0.004633
vn 1 0 -0
vn 1 0 -0
vn 1 0 -0
vt 0.476058 0.516984
vt 0.47576 0.51738
vt 0.47569 0.516976
f 1492/1492/1492 1493/1493/1493 1494/1494/1494
v 1.34047 0.840259 0.006393
v 1.34047 0.839229 0.004633
v 1.34047 0.841373 0.004261
vn 1 0 -0
vn 1 0 -0
vn 1 0 -0
vt 0.475358 0.51717
vt 0.47569 0.516976
vt 0.47576 0.51738
f 1495/1495/1495 1496/1496/1496 1497/1497/1497
v 1.34047 0.841373 0.004261
v 1.34047 0.843475 0.005835
v 1.34047 0.840259 0.006393
vn 1 0 -0
vn 1 0 -0
vn 1 0 -0
vt 0.47576 0.51738
vt 0.475463 0.517777
vt 0.475358 0.51717
f 1498/1498/1498 1499/1499/1499 1500/1500/1500
v 1.34047 0.841289 0.008153
v 1.34047 0.840259 0.006393
v 1.34047 0.843475 0.005835
vn 1 0 -0
vn 1 0 -0
vn 1 0 -0
vt 0.475025 0.517365
vt 0.475358 0.51717
vt 0.475463 0.517777
f 1501/1501/1501 1502/1502/1502 1503/1503/1503
v 1.34047 0.843475 0.005835
v 1.34047 0.845576 0.007409
v 1.34047 0.841289 0.008153
vn 1 0 -0
vn 1 0 -0
vn 1 0 -0
vt 0.475463 0.517777
vt 0.475166 0.518174
vt 0.475025 0.517365
f 1504/1504/1504 1505/1505/1505 1506/1506/1506
v 1.34047 0.83717 0.001112
v 1.34047 0.8382 0.002872
v 1.34047 0.837128 0.003058
vn 1 0 -0
vn 1 0 -0
vn 1 0 -0
vt 0.476355 0.516587
vt 0.476023 0.516781
vt 0.475988 0.516579
f 1507/1507/1507 1508/1508/1508 1509/1509/1509
v 1.34047 0.837086 0.005005
v 1.34047 0.837128 0.003058
v 1.34047 0.8382 0.002872
vn 1 0 -0
vn 1 0 -0
vn 1 0 -0
vt 0.47562 0.516571
vt 0.475988 0.516579
vt 0.476023 0.516781
f 1510/1510/1510 1511/1511/1511 1512/1512/1512
v 1.34047 0.8382 0.002872
v 1.34047 0.839229 0.004633
v 1.34047 0.837086 0.005005
vn 1 0 -0
vn 1 0 -0
vn 1 0 -0
vt 0.476023 0.516781
vt 0.47569 0.516976
vt 0.47562 0.516571
f 1513/1513/1513 1514/1514/1514 1515/1515/1515
v 1.34047 0.837043 0.006951
v 1.34047 0.837086 0.005005
v 1.34047 0.839229 0.004633
vn 1 0 -0
vn 1 0 -0
vn 1 0 -0
vt 0.475252 0.516563
vt 0.47562 0.516571
vt 0.47569 0.516976
f 1516/1516/1516 1517/1517/1517 1518/1518/1518
v 1.34047 0.839229 0.004633
v 1.34047 0.840259 0.006393
v 1.34047 0.837043 0.006951
vn 1 0 -0
vn 1 0 -0
vn 1 0 -0
vt 0.47569 0.516976
vt 0.475358 0.51717
vt 0.475252 0.516563
f 1519/1519/1519 1520/1520/1520 1521/1521/1521
v 1.34047 0.837001 0.008897
v 1.34047 0.837043 0.006951
v 1.34047 0.840259 0.006393
vn 1 0 -0
vn 1 0 -0
vn 1 0 -0
vt 0.474885 0.516555
vt 0.475252 0.516563
vt 0.475358 0.51717
f 1522/1522/1522 1523/1523/1523 1524/1524/1524
v 1.34047 0.840259 0.006393
v 1.34047 0.841289 0.008153
v 1.34047 0.837001 0.008897
vn 1 0 -0
vn 1 0 -0
vn 1 0 -0
vt 0.475358 0.51717
vt 0.475025 0.517365
vt 0.474885 0.516555
f 1525/1525/1525 1526/1526/1526 1527/1527/1527
v 1.34047 0.83717 0.001112
v 1.34047 0.837128 0.003058
v 1.34047 0.836056 0.003244
vn 1 0 -0
vn 1 0 -0
vn 1 0 -0
vt 0.476355 0.516587
vt 0.475988 0.516579
vt 0.475952 0.516376
f 1528/1528/1528 1529/1529/1529 1530/1530/1530
v 1.34047 0.834942 0.005377
v 1.34047 0.836056 0.003244
v 1.34047 0.837128 0.003058
vn 1 0 -0
vn 1 0 -0
vn 1 0 -0
vt 0.47555 0.516166
vt 0.475952 0.516376
vt 0.475988 0.516579
f 1531/1531/1531 1532/1532/1532 1533/1533/1533
v 1.34047 0.837128 0.003058
v 1.34047 0.837086 0.005005
v 1.34047 0.834942 0.005377
vn 1 0 -0
vn 1 0 -0
vn 1 0 -0
vt 0.475988 0.516579
vt 0.47562 0.516571
vt 0.47555 0.516166
f 1534/1534/1534 1535/1535/1535 1536/1536/1536
v 1.34047 0.833828 0.007509
v 1.34047 0.834942 0.005377
v 1.34047 0.837086 0.005005
vn 1 0 -0
vn 1 0 -0
vn 1 0 -0
vt 0.475147 0.515955
vt 0.47555 0.516166
vt 0.47562 0.516571
f 1537/1537/1537 1538/1538/1538 1539/1539/1539
v 1.34047 0.837086 0.005005
v 1.34047 0.837043 0.006951
v 1.34047 0.833828 0.007509
vn 1 0 -0
vn 1 0 -0
vn 1 0 -0
vt 0.47562 0.516571
vt 0.475252 0.516563
vt 0.475147 0.515955
f 1540/1540/1540 1541/1541/1541 1542/1542/1542
v 1.34047 0.832713 0.009641
v 1.34047 0.833828 0.007509
v 1.34047 0.837043 0.006951
vn 1 0 -0
vn 1 0 -0
vn 1 0 -0
vt 0.474744 0.515745
vt 0.475147 0.515955
vt 0.475252 0.516563
f 1543/1543/1543 1544/1544/1544 1545/1545/1545
v 1.34047 0.837043 0.006951
v 1.34047 0.837001 0.008897
v 1.34047 0.832713 0.009641
vn 1 0 -0
vn 1 0 -0
vn 1 0 -0
vt 0.475252 0.516563
vt 0.474885 0.516555
vt 0.474744 0.515745
f 1546/1546/1546 1547/1547/1547 1548/1548/1548
v 1.34047 0.832798 0.005749
v 1.34047 0.834984 0.00343
v 1.34047 0.836056 0.003244
vn 1 0 -0
vn 1 0 -0
vn 1 0 -0
vt 0.475479 0.515761
vt 0.475917 0.516174
vt 0.475952 0.516376
f 1549/1549/1549 1550/1550/1550 1551/1551/1551
v 1.34047 0.836056 0.003244
v 1.34047 0.834942 0.005377
v 1.34047 0.832798 0.005749
vn 1 0 -0
vn 1 0 -0
vn 1 0 -0
vt 0.475952 0.516376
vt 0.47555 0.516166
vt 0.475479 0.515761
f 1552/1552/1552 1553/1553/1553 1554/1554/1554
v 1.34047 0.830612 0.008067
v 1.34047 0.832798 0.005749
v 1.34047 0.834942 0.005377
vn 1 0 -0
vn 1 0 -0
vn 1 0 -0
vt 0.475042 0.515348
vt 0.475479 0.515761
vt 0.47555 0.516166
f 1555/1555/1555 1556/1556/1556 1557/1557/1557
v 1.34047 0.834942 0.005377
v 1.34047 0.833828 0.007509
v 1.34047 0.830612 0.008067
vn 1 0 -0
vn 1 0 -0
vn 1 0 -0
vt 0.47555 0.516166
vt 0.475147 0.515955
vt 0.475042 0.515348
f 1558/1558/1558 1559/1559/1559 1560/1560/1560
v 1.34047 0.828426 0.010385
v 1.34047 0.830612 0.008067
v 1.34047 0.833828 0.007509
vn 1 0 -0
vn 1 0 -0
vn 1 0 -0
vt 0.474604 0.514935
vt 0.475042 0.515348
vt 0.475147 0.515955
f 1561/1561/1561 1562/1562/1562 1563/1563/1563
v 1.34047 0.833828 0.007509
v 1.34047 0.832713 0.009641
v 1.34047 0.828426 0.010385
vn 1 0 -0
vn 1 0 -0
vn 1 0 -0
vt 0.475147 0.515955
vt 0.474744 0.515745
vt 0.474604 0.514935
f 1564/1564/1564 1565/1565/1565 1566/1566/1566
v 1.34047 0.83717 -0.001472
v 1.34047 0.834984 -0.00379
v 1.34047 0.836056 -0.003604
vn 1 0 -0
vn 1 0 -0
vn 1 0 -0
vt 0.476843 0.516587
vt 0.477281 0.516174
vt 0.477246 0.516376
f 1567/1567/1567 1568/1568/1568 1569/1569/1569
v 1.34047 0.834942 -0.005737
v 1.34047 0.836056 -0.003604
v 1.34047 0.834984 -0.00379
vn 1 0 -0
vn 1 0 -0
vn 1 0 -0
vt 0.477649 0.516166
vt 0.477246 0.516376
vt 0.477281 0.516174
f 1570/1570/1570 1571/1571/1571 1572/1572/1572
v 1.34047 0.834984 -0.00379
v 1.34047 0.832798 -0.006109
v 1.34047 0.834942 -0.005737
vn 1 0 -0
vn 1 0 -0
vn 1 0 -0
vt 0.477281 0.516174
vt 0.477719 0.515761
vt 0.477649 0.516166
f 1573/1573/1573 1574/1574/1574 1575/1575/1575
v 1.34047 0.833828 -0.007869
v 1.34047 0.834942 -0.005737
v 1.34047 0.832798 -0.006109
vn 1 0 -0
vn 1 0 -0
vn 1 0 -0
vt 0.478051 0.515955
vt 0.477649 0.516166
vt 0.477719 0.515761
f 1576/1576/1576 1577/1577/1577 1578/1578/1578
v 1.34047 0.832798 -0.006109
v 1.34047 0.830612 -0.008427
v 1.34047 0.833828 -0.007869
vn 1 0 -0
vn 1 0 -0
vn 1 0 -0
vt 0.477719 0.515761
vt 0.478157 0.515348
vt 0.478051 0.515955
f 1579/1579/1579 1580/1580/1580 1581/1581/1581
v 1.34047 0.832713 -0.010002
v 1.34047 0.833828 -0.007869
v 1.34047 0.830612 -0.008427
vn 1 0 -0
vn 1 0 -0
vn 1 0 -0
vt 0.478454 0.515745
vt 0.478051 0.515955
vt 0.478157 0.515348
f 1582/1582/1582 1583/1583/1583 1584/1584/1584
v 1.34047 0.830612 -0.008427
v 1.34047 0.828426 -0.010746
v 1.34047 0.832713 -0.010002
vn 1 0 -0
vn 1 0 -0
vn 1 0 -0
vt 0.478157 0.515348
vt 0.478595 0.514935
vt 0.478454 0.515745
f 1585/1585/1585 1586/1586/1586 1587/1587/1587
v 1.34047 0.83717 -0.001472
v 1.34047 0.836056 -0.003604
v 1.34047 0.837128 -0.003418
vn 1 0 -0
vn 1 0 -0
vn 1 0 -0
vt 0.476843 0.516587
vt 0.477246 0.516376
vt 0.477211 0.516579
f 1588/1588/1588 1589/1589/1589 1590/1590/1590
v 1.34047 0.837086 -0.005365
v 1.34047 0.837128 -0.003418
v 1.34047 0.836056 -0.003604
vn 1 0 -0
vn 1 0 -0
vn 1 0 -0
vt 0.477578 0.516571
vt 0.477211 0.516579
vt 0.477246 0.516376
f 1591/1591/1591 1592/1592/1592 1593/1593/1593
v 1.34047 0.836056 -0.003604
v 1.34047 0.834942 -0.005737
v 1.34047 0.837086 -0.005365
vn 1 0 -0
vn 1 0 -0
vn 1 0 -0
vt 0.477246 0.516376
vt 0.477649 0.516166
vt 0.477578 0.516571
f 1594/1594/1594 1595/1595/1595 1596/1596/1596
v 1.34047 0.837043 -0.007311
v 1.34047 0.837086 -0.005365
v 1.34047 0.834942 -0.005737
vn 1 0 -0
vn 1 0 -0
vn 1 0 -0
vt 0.477946 0.516563
vt 0.477578 0.516571
vt 0.477649 0.516166
f 1597/1597/1597 1598/1598/1598 1599/1599/1599
v 1.34047 0.834942 -0.005737
v 1.34047 0.833828 -0.007869
v 1.34047 0.837043 -0.007311
vn 1 0 -0
vn 1 0 -0
vn 1 0 -0
vt 0.477649 0.516166
vt 0.478051 0.515955
vt 0.477946 0.516563
f 1600/1600/1600 1601/1601/1601 1602/1602/1602
v 1.34047 0.837001 -0.009258
v 1.34047 0.837043 -0.007311
v 1.34047 0.833828 -0.007869
vn 1 0 -0
vn 1 0 -0
vn 1 0 -0
vt 0.478314 0.516555
vt 0.477946 0.516563
vt 0.478051 0.515955
f 1603/1603/1603 1604/1604/1604 1605/1605/1605
v 1.34047 0.833828 -0.007869
v 1.34047 0.832713 -0.010002
v 1.34047 0.837001 -0.009258
vn 1 0 -0
vn 1 0 -0
vn 1 0 -0
vt 0.478051 0.515955
vt 0.478454 0.515745
vt 0.478314 0.516555
f 1606/1606/1606 1607/1607/1607 1608/1608/1608
v 1.34047 0.83717 -0.001472
v 1.34047 0.837128 -0.003418
v 1.34047 0.8382 -0.003232
vn 1 0 -0
vn 1 0 -0
vn 1 0 -0
vt 0.476843 0.516587
vt 0.477211 0.516579
vt 0.477176 0.516781
f 1609/1609/1609 1610/1610/1610 1611/1611/1611
v 1.34047 0.839229 -0.004993
v 1.34047 0.8382 -0.003232
v 1.34047 0.837128 -0.003418
vn 1 0 -0
vn 1 0 -0
vn 1 0 -0
vt 0.477508 0.516976
vt 0.477176 0.516781
vt 0.477211 0.516579
f 1612/1612/1612 1613/1613/1613 1614/1614/1614
v 1.34047 0.837128 -0.003418
v 1.34047 0.837086 -0.005365
v 1.34047 0.839229 -0.004993
vn 1 0 -0
vn 1 0 -0
vn 1 0 -0
vt 0.477211 0.516579
vt 0.477578 0.516571
vt 0.477508 0.516976
f 1615/1615/1615 1616/1616/1616 1617/1617/1617
v 1.34047 0.840259 -0.006753
v 1.34047 0.839229 -0.004993
v 1.34047 0.837086 -0.005365
vn 1 0 -0
vn 1 0 -0
vn 1 0 -0
vt 0.477841 0.51717
vt 0.477508 0.516976
vt 0.477578 0.516571
f 1618/1618/1618 1619/1619/1619 1620/1620/1620
v 1.34047 0.837086 -0.005365
v 1.34047 0.837043 -0.007311
v 1.34047 0.840259 -0.006753
vn 1 0 -0
vn 1 0 -0
vn 1 0 -0
vt 0.477578 0.516571
vt 0.477946 0.516563
vt 0.477841 0.51717
f 1621/1621/1621 1622/1622/1622 1623/1623/1623
v 1.34047 0.841289 -0.008514
v 1.34047 0.840259 -0.006753
v 1.34047 0.837043 -0.007311
vn 1 0 -0
vn 1 0 -0
vn 1 0 -0
vt 0.478173 0.517365
vt 0.477841 0.51717
vt 0.477946 0.516563
f 1624/1624/1624 1625/1625/1625 1626/1626/1626
v 1.34047 0.837043 -0.007311
v 1.34047 0.837001 -0.009258
v 1.34047 0.841289 -0.008514
vn 1 0 -0
vn 1 0 -0
vn 1 0 -0
vt 0.477946 0.516563
vt 0.478314 0.516555
vt 0.478173 0.517365
f 1627/1627/1627 1628/1628/1628 1629/1629/1629
v 1.34047 0.841373 -0.004621
v 1.34047 0.839272 -0.003046
v 1.34047 0.8382 -0.003232
vn 1 0 -0
vn 1 0 -0
vn 1 0 -0
vt 0.477438 0.51738
vt 0.47714 0.516984
vt 0.477176 0.516781
f 1630/1630/1630 1631/1631/1631 1632/1632/1632
v 1.34047 0.8382 -0.003232
v 1.34047 0.839229 -0.004993
v 1.34047 0.841373 -0.004621
vn 1 0 -0
vn 1 0 -0
vn 1 0 -0
vt 0.477176 0.516781
vt 0.477508 0.516976
vt 0.477438 0.51738
f 1633/1633/1633 1634/1634/1634 1635/1635/1635
v 1.34047 0.843475 -0.006195
v 1.34047 0.841373 -0.004621
v 1.34047 0.839229 -0.004993
vn 1 0 -0
vn 1 0 -0
vn 1 0 -0
vt 0.477735 0.517777
vt 0.477438 0.51738
vt 0.477508 0.516976
f 1636/1636/1636 1637/1637/1637 1638/1638/1638
v 1.34047 0.839229 -0.004993
v 1.34047 0.840259 -0.006753
v 1.34047 0.843475 -0.006195
vn 1 0 -0
vn 1 0 -0
vn 1 0 -0
vt 0.477508 0.516976
vt 0.477841 0.51717
vt 0.477735 0.517777
f 1639/1639/1639 1640/1640/1640 1641/1641/1641
v 1.34047 0.845576 -0.00777
v 1.34047 0.843475 -0.006195
v 1.34047 0.840259 -0.006753
vn 1 0 -0
vn 1 0 -0
vn 1 0 -0
vt 0.478032 0.518174
vt 0.477735 0.517777
vt 0.477841 0.51717
f 1642/1642/1642 1643/1643/1643 1644/1644/1644
v 1.34047 0.840259 -0.006753
v 1.34047 0.841289 -0.008514
v 1.34047 0.845576 -0.00777
vn 1 0 -0
vn 1 0 -0
vn 1 0 -0
vt 0.477841 0.51717
vt 0.478173 0.517365
vt 0.478032 0.518174
f 1645/1645/1645 1646/1646/1646 1647/1647/1647
v -1.34047 0.83717 -0.001472
v -1.34047 0.839272 -0.003046
v -1.34047 0.8382 -0.003232
vn -1 0 -0
vn -1 0 -0
vn -1 0 -0
vt 0.476355 0.510403
vt 0.476058 0.5108
vt 0.476023 0.510597
f 1648/1648/1648 1649/1649/1649 1650/1650/1650
v -1.34047 0.839229 -0.004993
v -1.34047 0.8382 -0.003232
v -1.34047 0.839272 -0.003046
vn -1 0 -0
vn -1 0 -0
vn -1 0 -0
vt 0.47569 0.510792
vt 0.476023 0.510597
vt 0.476058 0.5108
f 1651/1651/1651 1652/1652/1652 1653/1653/1653
v -1.34047 0.839272 -0.003046
v -1.34047 0.841373 -0.004621
v -1.34047 0.839229 -0.004993
vn -1 0 -0
vn -1 0 -0
vn -1 0 -0
vt 0.476058 0.5108
vt 0.47576 0.511197
vt 0.47569 0.510792
f 1654/1654/1654 1655/1655/1655 1656/1656/1656
v -1.34047 0.840259 -0.006753
v -1.34047 0.839229 -0.004993
v -1.34047 0.841373 -0.004621
vn -1 0 -0
vn -1 0 -0
vn -1 0 -0
vt 0.475358 0.510986
vt 0.47569 0.510792
vt 0.47576 0.511197
f 1657/1657/1657 1658/1658/1658 1659/1659/1659
v -1.34047 0.841373 -0.004621
v -1.34047 0.843475 -0.006195
v -1.34047 0.840259 -0.006753
vn -1 0 -0
vn -1 0 -0
vn -1 0 -0
vt 0.47576 0.511197
vt 0.475463 0.511594
vt 0.475358 0.510986
f 1660/1660/1660 1661/1661/1661 1662/1662/1662
v -1.34047 0.841289 -0.008514
v -1.34047 0.840259 -0.006753
v -1.34047 0.843475 -0.006195
vn -1 0 -0
vn -1 0 -0
vn -1 0 -0
vt 0.475025 0.511181
vt 0.475358 0.510986
vt 0.475463 0.511594
f 1663/1663/1663 1664/1664/1664 1665/1665/1665
v -1.34047 0.843475 -0.006195
v -1.34047 0.845576 -0.00777
v -1.34047 0.841289 -0.008514
vn -1 0 -0
vn -1 0 -0
vn -1 0 -0
vt 0.475463 0.511594
vt 0.475166 0.511991
vt 0.475025 0.511181
f 1666/1666/1666 1667/1667/1667 1668/1668/1668
v -1.34047 0.83717 -0.001472
v -1.34047 0.8382 -0.003232
v -1.34047 0.837128 -0.003418
vn -1 0 -0
vn -1 0 -0
vn -1 0 -0
vt 0.476355 0.510403
vt 0.476023 0.510597
vt 0.475988 0.510395
f 1669/1669/1669 1670/1670/1670 1671/1671/1671
v -1.34047 0.837086 -0.005365
v -1.34047 0.837128 -0.003418
v -1.34047 0.8382 -0.003232
vn -1 0 -0
vn -1 0 -0
vn -1 0 -0
vt 0.47562 0.510387
vt 0.475988 0.510395
vt 0.476023 0.510597
f 1672/1672/1672 1673/1673/1673 1674/1674/1674
v -1.34047 0.8382 -0.003232
v -1.34047 0.839229 -0.004993
v -1.34047 0.837086 -0.005365
vn -1 0 -0
vn -1 0 -0
vn -1 0 -0
vt 0.476023 0.510597
vt 0.47569 0.510792
vt 0.47562 0.510387
f 1675/1675/1675 1676/1676/1676 1677/1677/1677
v -1.34047 0.837043 -0.007311
v -1.34047 0.837086 -0.005365
v -1.34047 0.839229 -0.004993
vn -1 0 -0
vn -1 0 -0
vn -1 0 -0
vt 0.475252 0.510379
vt 0.47562 0.510387
vt 0.47569 0.510792
f 1678/1678/1678 1679/1679/1679 1680/1680/1680
v -1.34047 0.839229 -0.004993
v -1.34047 0.840259 -0.006753
v -1.34047 0.837043 -0.007311
vn -1 0 -0
vn -1 0 -0
vn -1 0 -0
vt 0.47569 0.510792
vt 0.475358 0.510986
vt 0.475252 0.510379
f 1681/1681/1681 1682/1682/1682 1683/1683/1683
v -1.34047 0.837001 -0.009258
v -1.34047 0.837043 -0.007311
v -1.34047 0.840259 -0.006753
vn -1 0 -0
vn -1 0 -0
vn -1 0 -0
vt 0.474885 0.510371
vt 0.475252 0.510379
vt 0.475358 0.510986
f 1684/1684/1684 1685/1685/1685 1686/1686/1686
v -1.34047 0.840259 -0.006753
v -1.34047 0.841289 -0.008514
v -1.34047 0.837001 -0.009258
vn -1 0 -0
vn -1 0 -0
vn -1 0 -0
vt 0.475358 0.510986
vt 0.475025 0.511181
vt 0.474885 0.510371
f 1687/1687/1687 1688/1688/1688 1689/1689/1689
v -1.34047 0.83717 -0.001472
v -1.34047 0.837128 -0.003418
v -1.34047 0.836056 -0.003604
vn -1 0 -0
vn -1 0 -0
vn -1 0 -0
vt 0.476355 0.510403
vt 0.475988 0.510395
vt 0.475952 0.510193
f 1690/1690/1690 1691/1691/1691 1692/1692/1692
v -1.34047 0.834942 -0.005737
v -1.34047 0.836056 -0.003604
v -1.34047 0.837128 -0.003418
vn -1 0 -0
vn -1 0 -0
vn -1 0 -0
vt 0.47555 0.509982
vt 0.475952 0.510193
vt 0.475988 0.510395
f 1693/1693/1693 1694/1694/1694 1695/1695/1695
v -1.34047 0.837128 -0.003418
v -1.34047 0.837086 -0.005365
v -1.34047 0.834942 -0.005737
vn -1 0 -0
vn -1 0 -0
vn -1 0 -0
vt 0.475988 0.510395
vt 0.47562 0.510387
vt 0.47555 0.509982
f 1696/1696/1696 1697/1697/1697 1698/1698/1698
v -1.34047 0.833828 -0.007869
v -1.34047 0.834942 -0.005737
v -1.34047 0.837086 -0.005365
vn -1 0 -0
vn -1 0 -0
vn -1 0 -0
vt 0.475147 0.509772
vt 0.47555 0.509982
vt 0.47562 0.510387
f 1699/1699/1699 1700/1700/1700 1701/1701/1701
v -1.34047 0.837086 -0.005365
v -1.34047 0.837043 -0.007311
v -1.34047 0.833828 -0.007869
vn -1 0 -0
vn -1 0 -0
vn -1 0 -0
vt 0.47562 0.510387
vt 0.475252 0.510379
vt 0.475147 0.509772
f 1702/1702/1702 1703/1703/1703 1704/1704/1704
v -1.34047 0.832713 -0.010002
v -1.34047 0.833828 -0.007869
v -1.34047 0.837043 -0.007311
vn -1 0 -0
vn -1 0 -0
vn -1 0 -0
vt 0.474744 0.509561
vt 0.475147 0.509772
vt 0.475252 0.510379
f 1705/1705/1705 1706/1706/1706 1707/1707/1707
v -1.34047 0.837043 -0.007311
v -1.34047 0.837001 -0.009258
v -1.34047 0.832713 -0.010002
vn -1 0 -0
vn -1 0 -0
vn -1 0 -0
vt 0.475252 0.510379
vt 0.474885 0.510371
vt 0.474744 0.509561
f 1708/1708/1708 1709/1709/1709 1710/1710/1710
v -1.34047 0.832798 -0.006109
v -1.34047 0.834984 -0.00379
v -1.34047 0.836056 -0.003604
vn -1 0 -0
vn -1 0 -0
vn -1 0 -0
vt 0.475479 0.509577
vt 0.475917 0.50999
vt 0.475952 0.510193
f 1711/1711/1711 1712/1712/1712 1713/1713/1713
v -1.34047 0.836056 -0.003604
v -1.34047 0.834942 -0.005737
v -1.34047 0.832798 -0.006109
vn -1 0 -0
vn -1 0 -0
vn -1 0 -0
vt 0.475952 0.510193
vt 0.47555 0.509982
vt 0.475479 0.509577
f 1714/1714/1714 1715/1715/1715 1716/1716/1716
v -1.34047 0.830612 -0.008427
v -1.34047 0.832798 -0.006109
v -1.34047 0.834942 -0.005737
vn -1 0 -0
vn -1 0 -0
vn -1 0 -0
vt 0.475042 0.509164
vt 0.475479 0.509577
vt 0.47555 0.509982
f 1717/1717/1717 1718/1718/1718 1719/1719/1719
v -1.34047 0.834942 -0.005737
v -1.34047 0.833828 -0.007869
v -1.34047 0.830612 -0.008427
vn -1 0 -0
vn -1 0 -0
vn -1 0 -0
vt 0.47555 0.509982
vt 0.475147 0.509772
vt 0.475042 0.509164
f 1720/1720/1720 1721/1721/1721 1722/1722/1722
v -1.34047 0.828426 -0.010746
v -1.34047 0.830612 -0.008427
v -1.34047 0.833828 -0.007869
vn -1 0 -0
vn -1 0 -0
vn -1 0 -0
vt 0.474604 0.508752
vt 0.475042 0.509164
vt 0.475147 0.509772
f 1723/1723/1723 1724/1724/1724 1725/1725/1725
v -1.34047 0.833828 -0.007869
v -1.34047 0.832713 -0.010002
v -1.34047 0.828426 -0.010746
vn -1 0 -0
vn -1 0 -0
vn -1 0 -0
vt 0.475147 0.509772
vt 0.474744 0.509561
vt 0.474604 0.508752
f 1726/1726/1726 1727/1727/1727 1728/1728/1728
v -1.34047 0.837001 0.008897
v -1.34047 0.832713 0.009641
v 1.34047 0.832713 0.009641
vn 0 0.170962 0.985278
vn 0 0.170962 0.985278
vn 0 0.170962 0.985278
vt 0.499484 0.522853
vt 0.498666 0.522853
vt 0.498666 0.015211
f 1729/1729/1729 1730/1730/1730 1731/1731/1731
v 1.34047 0.832713 0.009641
v 1.34047 0.837001 0.008897
v -1.34047 0.837001 0.008897
vn 0 0.170962 0.985278
vn 0 0.170962 0.985278
vn 0 0.170962 0.985278
vt 0.498666 0.015211
vt 0.499484 0.015211
vt 0.499484 0.522853
f 1732/1732/1732 1733/1733/1733 1734/1734/1734
v -1.34047 0.841289 0.008153
v -1.34047 0.837001 0.008897
v 1.34047 0.837001 0.008897
vn 0 0.170962 0.985278
vn 0 0.170962 0.985278
vn 0 0.170962 0.985278
vt 0.500303 0.522853
vt 0.499484 0.522853
vt 0.499484 0.015211
f 1735/1735/1735 1736/1736/1736 1737/1737/1737
v 1.34047 0.837001 0.008897
v 1.34047 0.841289 0.008153
v -1.34047 0.841289 0.008153
vn 0 0.170962 0.985278
vn 0 0.170962 0.985278
vn 0 0.170962 0.985278
vt 0.499484 0.015211
vt 0.500303 0.015211
vt 0.500303 0.522853
f 1738/1738/1738 1739/1739/1739 1740/1740/1740
v -1.34047 0.845576 0.007409
v -1.34047 0.841289 0.008153
v 1.34047 0.841289 0.008153
vn 0 0.226362 0.974043
vn 0 0.170962 0.985278
vn 0 0.170962 0.985278
vt 0.501122 0.522853
vt 0.500303 0.522853
vt 0.500303 0.015211
f 1741/1741/1741 1742/1742/1742 1743/1743/1743
v 1.34047 0.841289 0.008153
v 1.34047 0.845576 0.007409
v -1.34047 0.845576 0.007409
vn 0 0.170962 0.985278
vn 0 0.226362 0.974043
vn 0 0.226362 0.974043
vt 0.500303 0.015211
vt 0.501122 0.015211
vt 0.501122 0.522853
f 1744/1744/1744 1745/1745/1745 1746/1746/1746
v 1.34047 0.837001 -0.009258
v 1.34047 0.832713 -0.010002
v -1.34047 0.832713 -0.010002
vn 0 0.170962 -0.985278
vn 0 0.170962 -0.985278
vn 0 0.170962 -0.985278
vt 0.494891 0.525497
vt 0.494071 0.525497
vt 0.494071 0.012567
f 1747/1747/1747 1748/1748/1748 1749/1749/1749
v -1.34047 0.832713 -0.010002
v -1.34047 0.837001 -0.009258
v 1.34047 0.837001 -0.009258
vn 0 0.170962 -0.985278
vn 0 0.170962 -0.985278
vn 0 0.170962 -0.985278
vt 0.494071 0.012567
vt 0.494891 0.012567
vt 0.494891 0.525497
f 1750/1750/1750 1751/1751/1751 1752/1752/1752
v 1.34047 0.841289 -0.008514
v 1.34047 0.837001 -0.009258
v -1.34047 0.837001 -0.009258
vn 0 0.170962 -0.985278
vn 0 0.170962 -0.985278
vn 0 0.170962 -0.985278
vt 0.495712 0.525497
vt 0.494891 0.525497
vt 0.494891 0.012567
f 1753/1753/1753 1754/1754/1754 1755/1755/1755
v -1.34047 0.837001 -0.009258
v -1.34047 0.841289 -0.008514
v 1.34047 0.841289 -0.008514
vn 0 0.170962 -0.985278
vn 0 0.170962 -0.985278
vn 0 0.170962 -0.985278
vt 0.494891 0.012567
vt 0.495712 0.012567
vt 0.495712 0.525497
f 1756/1756/1756 1757/1757/1757 1758/1758/1758
v 1.34047 0.845576 -0.00777
v 1.34047 0.841289 -0.008514
v -1.34047 0.841289 -0.008514
vn 0 0.226362 -0.974043
vn 0 0.170962 -0.985278
vn 0 0.170962 -0.985278
vt 0.496532 0.525497
vt 0.495712 0.525497
vt 0.495712 0.012567
f 1759/1759/1759 1760/1760/1760 1761/1761/1761
v -1.34047 0.841289 -0.008514
v -1.34047 0.845576 -0.00777
v 1.34047 0.845576 -0.00777
vn 0 0.170962 -0.985278
vn 0 0.226362 -0.974043
vn 0 0.226362 -0.974043
vt 0.495712 0.012567
vt 0.496532 0.012567
vt 0.496532 0.525497
f 1762/1762/1762 1763/1763/1763 1764/1764/1764
v -1.34047 0.821122 0.005888
v -1.34047 0.820635 0.002084
v 1.34047 0.820635 0.002084
vn 0 -0.991904 0.126987
vn 0 -0.991904 0.126987
vn 0 -0.991904 0.126987
vt 0.492846 0.528035
vt 0.492111 0.528035
vt 0.492111 0.010029
f 1765/1765/1765 1766/1766/1766 1767/1767/1767
v 1.34047 0.820635 0.002084
v 1.34047 0.821122 0.005888
v -1.34047 0.821122 0.005888
vn 0 -0.991904 0.126987
vn 0 -0.991904 0.126987
vn 0 -0.991904 0.126987
vt 0.492111 0.010029
vt 0.492846 0.010029
vt 0.492846 0.528035
f 1768/1768/1768 1769/1769/1769 1770/1770/1770
v 1.34047 0.821122 -0.006248
v 1.34047 0.820635 -0.002444
v -1.34047 0.820635 -0.002444
vn 0 -0.991904 -0.126987
vn 0 -0.991904 -0.126987
vn 0 -0.991904 -0.126987
vt 0.490501 0.010029
vt 0.491236 0.010029
vt 0.491236 0.528035
f 1771/1771/1771 1772/1772/1772 1773/1773/1773
v -1.34047 0.820635 -0.002444
v -1.34047 0.821122 -0.006248
v 1.34047 0.821122 -0.006248
vn 0 -0.991904 -0.126987
vn 0 -0.991904 -0.126987
vn 0 -0.991904 -0.126987
vt 0.491236 0.528035
vt 0.490501 0.528035
vt 0.490501 0.010029
f 1774/1774/1774 1775/1775/1775 1776/1776/1776
v -1.34047 0.822582 0.008539
v -1.34047 0.821122 0.005888
v 1.34047 0.821122 0.005888
vn 0 -0.875857 0.482571
vn 0 -0.875857 0.482571
vn 0 -0.875857 0.482571
vt 0.493358 0.528035
vt 0.492846 0.528035
vt 0.492846 0.010029
f 1777/1777/1777 1778/1778/1778 1779/1779/1779
v 1.34047 0.821122 0.005888
v 1.34047 0.822582 0.008539
v -1.34047 0.822582 0.008539
vn 0 -0.875857 0.482571
vn 0 -0.875857 0.482571
vn 0 -0.875857 0.482571
vt 0.492846 0.010029
vt 0.493358 0.010029
vt 0.493358 0.528035
f 1780/1780/1780 1781/1781/1781 1782/1782/1782
v -1.34047 0.825017 0.010038
v -1.34047 0.822582 0.008539
v 1.34047 0.822582 0.008539
vn 0 -0.524328 0.851516
vn 0 -0.524328 0.851516
vn 0 -0.524328 0.851516
vt 0.484543 0.529374
vt 0.483988 0.529374
vt 0.483988 0.00869
f 1783/1783/1783 1784/1784/1784 1785/1785/1785
v 1.34047 0.822582 0.008539
v 1.34047 0.825017 0.010038
v -1.34047 0.825017 0.010038
vn 0 -0.524328 0.851516
vn 0 -0.524328 0.851516
vn 0 -0.524328 0.851516
vt 0.483988 0.00869
vt 0.484543 0.00869
vt 0.484543 0.529374
f 1786/1786/1786 1787/1787/1787 1788/1788/1788
v -1.34047 0.828426 0.010385
v -1.34047 0.825017 0.010038
v 1.34047 0.825017 0.010038
vn 0 -0.101283 0.994858
vn 0 -0.101283 0.994858
vn 0 -0.101283 0.994858
vt 0.485142 0.529374
vt 0.484543 0.529374
vt 0.484543 0.00869
f 1789/1789/1789 1790/1790/1790 1791/1791/1791
v 1.34047 0.825017 0.010038
v 1.34047 0.828426 0.010385
v -1.34047 0.828426 0.010385
vn 0 -0.101283 0.994858
vn 0 -0.101283 0.994858
vn 0 -0.101283 0.994858
vt 0.484543 0.00869
vt 0.485142 0.00869
vt 0.485142 0.529374
f 1792/1792/1792 1793/1793/1793 1794/1794/1794
v 1.34047 0.822582 -0.008899
v 1.34047 0.821122 -0.006248
v -1.34047 0.821122 -0.006248
vn 0 -0.875857 -0.482571
vn 0 -0.875857 -0.482571
vn 0 -0.875857 -0.482571
vt 0.489989 0.010029
vt 0.490501 0.010029
vt 0.490501 0.528035
f 1795/1795/1795 1796/1796/1796 1797/1797/1797
v -1.34047 0.821122 -0.006248
v -1.34047 0.822582 -0.008899
v 1.34047 0.822582 -0.008899
vn 0 -0.875857 -0.482571
vn 0 -0.875857 -0.482571
vn 0 -0.875857 -0.482571
vt 0.490501 0.528035
vt 0.489989 0.528035
vt 0.489989 0.010029
f 1798/1798/1798 1799/1799/1799 1800/1800/1800
v 1.34047 0.825017 -0.010399
v 1.34047 0.822582 -0.008899
v -1.34047 0.822582 -0.008899
vn 0 -0.524328 -0.851516
vn 0 -0.524328 -0.851516
vn 0 -0.524328 -0.851516
vt 0.483367 0.531601
vt 0.48289 0.531601
vt 0.48289 0.006463
f 1801/1801/1801 1802/1802/1802 1803/1803/1803
v -1.34047 0.822582 -0.008899
v -1.34047 0.825017 -0.010399
v 1.34047 0.825017 -0.010399
vn 0 -0.524328 -0.851516
vn 0 -0.524328 -0.851516
vn 0 -0.524328 -0.851516
vt 0.48289 0.006463
vt 0.483367 0.006463
vt 0.483367 0.531601
f 1804/1804/1804 1805/1805/1805 1806/1806/1806
v 1.34047 0.828426 -0.010746
v 1.34047 0.825017 -0.010399
v -1.34047 0.825017 -0.010399
vn 0 -0.101283 -0.994858
vn 0 -0.101283 -0.994858
vn 0 -0.101283 -0.994858
vt 0.484035 0.531601
vt 0.483367 0.531601
vt 0.483367 0.006463
f 1807/1807/1807 1808/1808/1808 1809/1809/1809
v -1.34047 0.825017 -0.010399
v -1.34047 0.828426 -0.010746
v 1.34047 0.828426 -0.010746
vn 0 -0.101283 -0.994858
vn 0 -0.101283 -0.994858
vn 0 -0.101283 -0.994858
vt 0.483367 0.006463
vt 0.484035 0.006463
vt 0.484035 0.531601
f 1810/1810/1810 1811/1811/1811 1812/1812/1812
v 1.32395 0.818159 0.002349
v 1.32395 0.818159 -0.000266
v 1.34538 0.818159 -0.000266
vn 0 -1 -0
vn 0 -1 -0
vn 0 -1 -0
vt 0.659897 0.015069
vt 0.659392 0.015069
vt 0.659392 0.010929
f 1813/1813/1813 1814/1814/1814 1815/1815/1815
v 1.34538 0.818159 -0.000266
v 1.34538 0.818159 0.002349
v 1.32395 0.818159 0.002349
vn 0 -1 -0
vn 0 -1 -0
vn 0 -1 -0
vt 0.659392 0.010929
vt 0.659897 0.010929
vt 0.659897 0.015069
f 1816/1816/1816 1817/1817/1817 1818/1818/1818
v 1.32395 0.818159 -0.000266
v 1.32395 0.818159 -0.002881
v 1.34538 0.818159 -0.002881
vn 0 -1 -0
vn 0 -1 -0
vn 0 -1 -0
vt 0.659392 0.015069
vt 0.658887 0.015069
vt 0.658887 0.010929
f 1819/1819/1819 1820/1820/1820 1821/1821/1821
v 1.34538 0.818159 -0.002881
v 1.34538 0.818159 -0.000266
v 1.32395 0.818159 -0.000266
vn 0 -1 -0
vn 0 -1 -0
vn 0 -1 -0
vt 0.658887 0.010929
vt 0.659392 0.010929
vt 0.659392 0.015069
f 1822/1822/1822 1823/1823/1823 1824/1824/1824
v 1.32395 0.856349 0.003517
v 1.34538 0.856349 0.003517
v 1.34538 0.856349 0.002285
vn 0 1 -0
vn 0 1 -0
vn 0 1 -0
vt 0.646282 0.023956
vt 0.646282 0.019823
vt 0.646519 0.019823
f 1825/1825/1825 1826/1826/1826 1827/1827/1827
v 1.34538 0.856349 0.002285
v 1.32395 0.856349 0.002285
v 1.32395 0.856349 0.003517
vn 0 1 -0
vn 0 1 -0
vn 0 1 -0
vt 0.646519 0.019823
vt 0.646519 0.023956
vt 0.646282 0.023956
f 1828/1828/1828 1829/1829/1829 1830/1830/1830
v 1.32395 0.856349 -0.002817
v 1.34538 0.856349 -0.002817
v 1.34538 0.856349 -0.004048
vn 0 1 -0
vn 0 1 -0
vn 0 1 -0
vt 0.647503 0.023956
vt 0.647503 0.019823
vt 0.647741 0.019823
f 1831/1831/1831 1832/1832/1832 1833/1833/1833
v 1.34538 0.856349 -0.004048
v 1.32395 0.856349 -0.004048
v 1.32395 0.856349 -0.002817
vn 0 1 -0
vn 0 1 -0
vn 0 1 -0
vt 0.647741 0.019823
vt 0.647741 0.023956
vt 0.647503 0.023956
f 1834/1834/1834 1835/1835/1835 1836/1836/1836
v 1.32395 0.827156 0.011935
v 1.34538 0.827156 0.011935
v 1.34538 0.827156 0.011935
vn 1 0 -0
vn 1 0 -0
vn 0 0.170962 0.985278
vt 0.656689 0.016666
vt 0.656689 0.016666
vt 0.656689 0.016666
f 1837/1837/1837 1838/1838/1838 1839/1839/1839
v 1.34538 0.827156 0.011935
v 1.32395 0.827156 0.011935
v 1.32395 0.827156 0.011935
vn 0 0.170962 0.985278
vn 0 0.170962 0.985278
vn 1 0 -0
vt 0.656689 0.016666
vt 0.656689 0.016666
vt 0.656689 0.016666
f 1840/1840/1840 1841/1841/1841 1842/1842/1842
v 1.32395 0.846961 0.008498
v 1.34538 0.846961 0.008498
v 1.34538 0.854206 0.006377
vn 0 0.226362 0.974043
vn 0 0.226362 0.974043
vn 0 0.281038 0.959697
vt 0.648117 0.027641
vt 0.652174 0.027641
vt 0.652174 0.02907
f 1843/1843/1843 1844/1844/1844 1845/1845/1845
v 1.34538 0.854206 0.006377
v 1.32395 0.854206 0.006377
v 1.32395 0.846961 0.008498
vn 0 0.281038 0.959697
vn 0 0.281038 0.959697
vn 0 0.226362 0.974043
vt 0.652174 0.02907
vt 0.648117 0.02907
vt 0.648117 0.027641
f 1846/1846/1846 1847/1847/1847 1848/1848/1848
v 1.34538 0.818159 0.002349
v 1.34538 0.818159 -0.000266
v 1.34538 0.837254 -0.000266
vn 1 0 -0
vn 1 0 -0
vn 1 0 -0
vt 0.658499 0.014967
vt 0.658993 0.014967
vt 0.658993 0.018573
f 1849/1849/1849 1850/1850/1850 1851/1851/1851
v 1.34538 0.837254 -0.000266
v 1.34538 0.837254 0.001226
v 1.34538 0.834729 0.003903
vn 1 0 -0
vn 1 0 -0
vn 1 0 -0
vt 0.658993 0.018573
vt 0.658711 0.018573
vt 0.658206 0.018096
f 1852/1852/1852 1853/1853/1853 1854/1854/1854
v 1.34538 0.837254 -0.000266
v 1.34538 0.834729 0.003903
v 1.34538 0.832205 0.006581
vn 1 0 -0
vn 1 0 -0
vn 1 0 -0
vt 0.658993 0.018573
vt 0.658206 0.018096
vt 0.6577 0.017619
f 1855/1855/1855 1856/1856/1856 1857/1857/1857
v 1.34538 0.837254 -0.000266
v 1.34538 0.832205 0.006581
v 1.34538 0.82968 0.009258
vn 1 0 -0
vn 1 0 -0
vn 1 0 -0
vt 0.658993 0.018573
vt 0.6577 0.017619
vt 0.657195 0.017143
f 1858/1858/1858 1859/1859/1859 1860/1860/1860
v 1.34538 0.837254 -0.000266
v 1.34538 0.82968 0.009258
v 1.34538 0.827156 0.011935
vn 1 0 -0
vn 1 0 -0
vn 1 0 -0
vt 0.658993 0.018573
vt 0.657195 0.017143
vt 0.656689 0.016666
f 1861/1861/1861 1862/1862/1862 1863/1863/1863
v 1.34538 0.818159 0.002349
v 1.34538 0.837254 -0.000266
v 1.34538 0.827156 0.011935
vn 1 0 -0
vn 1 0 -0
vn 1 0 -0
vt 0.658499 0.014967
vt 0.658993 0.018573
vt 0.656689 0.016666
f 1864/1864/1864 1865/1865/1865 1866/1866/1866
v 1.34538 0.818721 0.006741
v 1.34538 0.818159 0.002349
v 1.34538 0.827156 0.011935
vn 1 0 -0
vn 1 0 -0
vn 1 0 -0
vt 0.65767 0.015073
vt 0.658499 0.014967
vt 0.656689 0.016666
f 1867/1867/1867 1868/1868/1868 1869/1869/1869
v 1.34538 0.820408 0.009803
v 1.34538 0.818721 0.006741
v 1.34538 0.827156 0.011935
vn 1 0 -0
vn 1 0 -0
vn 1 0 -0
vt 0.657092 0.015391
vt 0.65767 0.015073
vt 0.656689 0.016666
f 1870/1870/1870 1871/1871/1871 1872/1872/1872
v 1.34538 0.82322 0.011534
v 1.34538 0.820408 0.009803
v 1.34538 0.827156 0.011935
vn 1 0 -0
vn 1 0 -0
vn 1 0 -0
vt 0.656765 0.015922
vt 0.657092 0.015391
vt 0.656689 0.016666
f 1873/1873/1873 1874/1874/1874 1875/1875/1875
v 1.34538 0.827156 0.011935
v 1.34538 0.82322 0.011534
v 1.34538 0.827156 0.011935
vn 1 0 -0
vn 1 0 -0
vn 1 0 -0
vt 0.656689 0.016666
vt 0.656765 0.015922
vt 0.656689 0.016666
f 1876/1876/1876 1877/1877/1877 1878/1878/1878
v 1.34538 0.818159 -0.000266
v 1.34538 0.818159 -0.002881
v 1.34538 0.818721 -0.007273
vn 1 0 -0
vn 1 0 -0
vn 1 0 -0
vt 0.658993 0.014967
vt 0.659487 0.014967
vt 0.660317 0.015073
f 1879/1879/1879 1880/1880/1880 1881/1881/1881
v 1.34538 0.818159 -0.000266
v 1.34538 0.818721 -0.007273
v 1.34538 0.820408 -0.010335
vn 1 0 -0
vn 1 0 -0
vn 1 0 -0
vt 0.658993 0.014967
vt 0.660317 0.015073
vt 0.660895 0.015391
f 1882/1882/1882 1883/1883/1883 1884/1884/1884
v 1.34538 0.818159 -0.000266
v 1.34538 0.820408 -0.010335
v 1.34538 0.82322 -0.012066
vn 1 0 -0
vn 1 0 -0
vn 1 0 -0
vt 0.658993 0.014967
vt 0.660895 0.015391
vt 0.661222 0.015922
f 1885/1885/1885 1886/1886/1886 1887/1887/1887
v 1.34538 0.818159 -0.000266
v 1.34538 0.82322 -0.012066
v 1.34538 0.827156 -0.012467
vn 1 0 -0
vn 1 0 -0
vn 1 0 -0
vt 0.658993 0.014967
vt 0.661222 0.015922
vt 0.661298 0.016666
f 1888/1888/1888 1889/1889/1889 1890/1890/1890
v 1.34538 0.827156 -0.012467
v 1.34538 0.827156 -0.012467
v 1.34538 0.82968 -0.00979
vn 1 0 -0
vn 1 0 -0
vn -1 0 -0
vt 0.661298 0.016666
vt 0.661298 0.016666
vt 0.660792 0.017143
f 1891/1891/1891 1892/1892/1892 1893/1893/1893
v 1.34538 0.827156 -0.012467
v 1.34538 0.82968 -0.00979
v 1.34538 0.832205 -0.007112
vn 1 0 -0
vn -1 0 -0
vn -1 0 -0
vt 0.652924 0.01274
vt 0.652929 0.013183
vt 0.652933 0.013626
f 1894/1894/1894 1895/1895/1895 1896/1896/1896
v 1.34538 0.827156 -0.012467
v 1.34538 0.832205 -0.007112
v 1.34538 0.834729 -0.004435
vn 1 0 -0
vn -1 0 -0
vn -1 0 -0
vt 0.652924 0.01274
vt 0.652933 0.013626
vt 0.652937 0.014069
f 1897/1897/1897 1898/1898/1898 1899/1899/1899
v 1.34538 0.827156 -0.012467
v 1.34538 0.834729 -0.004435
v 1.34538 0.837254 -0.001758
vn 1 0 -0
vn -1 0 -0
vn 1 0 -0
vt 0.652924 0.01274
vt 0.652937 0.014069
vt 0.652942 0.014512
f 1900/1900/1900 1901/1901/1901 1902/1902/1902
v 1.34538 0.818159 -0.000266
v 1.34538 0.827156 -0.012467
v 1.34538 0.837254 -0.001758
vn 1 0 -0
vn 1 0 -0
vn 1 0 -0
vt 0.658993 0.014967
vt 0.661298 0.016666
vt 0.659275 0.018573
f 1903/1903/1903 1904/1904/1904 1905/1905/1905
v 1.34538 0.818159 -0.000266
v 1.34538 0.837254 -0.001758
v 1.34538 0.837254 -0.000266
vn 1 0 -0
vn 1 0 -0
vn 1 0 -0
vt 0.658993 0.014967
vt 0.659275 0.018573
vt 0.658993 0.018573
f 1906/1906/1906 1907/1907/1907 1908/1908/1908
v 1.34538 0.837254 -0.000266
v 1.34538 0.853798 -0.000266
v 1.34538 0.854648 0.000584
vn 1 0 -0
vn 1 0 -0
vn 1 0 -0
vt 0.658993 0.018573
vt 0.658993 0.021697
vt 0.658833 0.021858
f 1909/1909/1909 1910/1910/1910 1911/1911/1911
v 1.34538 0.837254 -0.000266
v 1.34538 0.854648 0.000584
v 1.34538 0.855498 0.001435
vn 1 0 -0
vn 1 0 -0
vn 1 0 -0
vt 0.658993 0.018573
vt 0.658833 0.021858
vt 0.658672 0.022019
f 1912/1912/1912 1913/1913/1913 1914/1914/1914
v 1.34538 0.837254 -0.000266
v 1.34538 0.855498 0.001435
v 1.34538 0.856349 0.002285
vn 1 0 -0
vn 1 0 -0
vn 1 0 -0
vt 0.658993 0.018573
vt 0.658672 0.022019
vt 0.658511 0.022179
f 1915/1915/1915 1916/1916/1916 1917/1917/1917
v 1.34538 0.837254 0.001226
v 1.34538 0.837254 -0.000266
v 1.34538 0.856349 0.002285
vn 1 0 -0
vn 1 0 -0
vn 1 0 -0
vt 0.658711 0.018573
vt 0.658993 0.018573
vt 0.658511 0.022179
f 1918/1918/1918 1919/1919/1919 1920/1920/1920
v 1.34538 0.856349 0.002285
v 1.34538 0.856349 0.003517
v 1.34538 0.856111 0.004827
vn 1 0 -0
vn 1 0 -0
vn 1 0 -0
vt 0.658511 0.022179
vt 0.658279 0.022179
vt 0.658031 0.022134
f 1921/1921/1921 1922/1922/1922 1923/1923/1923
v 1.34538 0.856349 0.002285
v 1.34538 0.856111 0.004827
v 1.34538 0.855396 0.00578
vn 1 0 -0
vn 1 0 -0
vn 1 0 -0
vt 0.658511 0.022179
vt 0.658031 0.022134
vt 0.657851 0.021999
f 1924/1924/1924 1925/1925/1925 1926/1926/1926
v 1.34538 0.856349 0.002285
v 1.34538 0.855396 0.00578
v 1.34538 0.854206 0.006377
vn 1 0 -0
vn 1 0 -0
vn 1 0 -0
vt 0.658511 0.022179
vt 0.657851 0.021999
vt 0.657739 0.021775
f 1927/1927/1927 1928/1928/1928 1929/1929/1929
v 1.34538 0.837254 0.001226
v 1.34538 0.856349 0.002285
v 1.34538 0.854206 0.006377
vn 1 0 -0
vn 1 0 -0
vn 1 0 -0
vt 0.658711 0.018573
vt 0.658511 0.022179
vt 0.657739 0.021775
f 1930/1930/1930 1931/1931/1931 1932/1932/1932
v 1.34538 0.839681 0.003044
v 1.34538 0.837254 0.001226
v 1.34538 0.854206 0.006377
vn 1 0 -0
vn 1 0 -0
vn 1 0 -0
vt 0.658368 0.019031
vt 0.658711 0.018573
vt 0.657739 0.021775
f 1933/1933/1933 1934/1934/1934 1935/1935/1935
v 1.34538 0.842107 0.004862
v 1.34538 0.839681 0.003044
v 1.34538 0.854206 0.006377
vn 1 0 -0
vn 1 0 -0
vn 1 0 -0
vt 0.658025 0.01949
vt 0.658368 0.019031
vt 0.657739 0.021775
f 1936/1936/1936 1937/1937/1937 1938/1938/1938
v 1.34538 0.844534 0.00668
v 1.34538 0.842107 0.004862
v 1.34538 0.854206 0.006377
vn 1 0 -0
vn 1 0 -0
vn 1 0 -0
vt 0.657681 0.019948
vt 0.658025 0.01949
vt 0.657739 0.021775
f 1939/1939/1939 1940/1940/1940 1941/1941/1941
v 1.34538 0.846961 0.008498
v 1.34538 0.844534 0.00668
v 1.34538 0.854206 0.006377
vn 1 0 -0
vn 1 0 -0
vn 1 0 -0
vt 0.657338 0.020406
vt 0.657681 0.019948
vt 0.657739 0.021775
f 1942/1942/1942 1943/1943/1943 1944/1944/1944
v 1.34538 0.837254 -0.000266
v 1.34538 0.837254 -0.001758
v 1.34538 0.839681 -0.003576
vn 1 0 -0
vn 1 0 -0
vn 1 0 -0
vt 0.658993 0.018573
vt 0.659275 0.018573
vt 0.659618 0.019031
f 1945/1945/1945 1946/1946/1946 1947/1947/1947
v 1.34538 0.837254 -0.000266
v 1.34538 0.839681 -0.003576
v 1.34538 0.842107 -0.005394
vn 1 0 -0
vn 1 0 -0
vn 1 0 -0
vt 0.658993 0.018573
vt 0.659618 0.019031
vt 0.659962 0.01949
f 1948/1948/1948 1949/1949/1949 1950/1950/1950
v 1.34538 0.837254 -0.000266
v 1.34538 0.842107 -0.005394
v 1.34538 0.844534 -0.007212
vn 1 0 -0
vn 1 0 -0
vn 1 0 -0
vt 0.658993 0.018573
vt 0.659962 0.01949
vt 0.660305 0.019948
f 1951/1951/1951 1952/1952/1952 1953/1953/1953
v 1.34538 0.837254 -0.000266
v 1.34538 0.844534 -0.007212
v 1.34538 0.846961 -0.00903
vn 1 0 -0
vn 1 0 -0
vn 1 0 -0
vt 0.658993 0.018573
vt 0.660305 0.019948
vt 0.660649 0.020406
f 1954/1954/1954 1955/1955/1955 1956/1956/1956
v 1.34538 0.846961 -0.00903
v 1.34538 0.854206 -0.006909
v 1.34538 0.855396 -0.006312
vn 1 0 -0
vn 1 0 -0
vn 1 0 -0
vt 0.660649 0.020406
vt 0.660248 0.021775
vt 0.660135 0.021999
f 1957/1957/1957 1958/1958/1958 1959/1959/1959
v 1.34538 0.846961 -0.00903
v 1.34538 0.855396 -0.006312
v 1.34538 0.856111 -0.005359
vn 1 0 -0
vn 1 0 -0
vn 1 0 -0
vt 0.660649 0.020406
vt 0.660135 0.021999
vt 0.659955 0.022134
f 1960/1960/1960 1961/1961/1961 1962/1962/1962
v 1.34538 0.846961 -0.00903
v 1.34538 0.856111 -0.005359
v 1.34538 0.856349 -0.004048
vn 1 0 -0
vn 1 0 -0
vn 1 0 -0
vt 0.660649 0.020406
vt 0.659955 0.022134
vt 0.659708 0.022179
f 1963/1963/1963 1964/1964/1964 1965/1965/1965
v 1.34538 0.837254 -0.000266
v 1.34538 0.846961 -0.00903
v 1.34538 0.856349 -0.004048
vn 1 0 -0
vn 1 0 -0
vn 1 0 -0
vt 0.658993 0.018573
vt 0.660649 0.020406
vt 0.659708 0.022179
f 1966/1966/1966 1967/1967/1967 1968/1968/1968
v 1.34538 0.856349 -0.004048
v 1.34538 0.856349 -0.002817
v 1.34538 0.855498 -0.001967
vn 1 0 -0
vn 1 0 -0
vn 1 0 -0
vt 0.659708 0.022179
vt 0.659475 0.022179
vt 0.659314 0.022019
f 1969/1969/1969 1970/1970/1970 1971/1971/1971
v 1.34538 0.856349 -0.004048
v 1.34538 0.855498 -0.001967
v 1.34538 0.854648 -0.001116
vn 1 0 -0
vn 1 0 -0
vn 1 0 -0
vt 0.659708 0.022179
vt 0.659314 0.022019
vt 0.659154 0.021858
f 1972/1972/1972 1973/1973/1973 1974/1974/1974
v 1.34538 0.856349 -0.004048
v 1.34538 0.854648 -0.001116
v 1.34538 0.853798 -0.000266
vn 1 0 -0
vn 1 0 -0
vn 1 0 -0
vt 0.659708 0.022179
vt 0.659154 0.021858
vt 0.658993 0.021697
f 1975/1975/1975 1976/1976/1976 1977/1977/1977
v 1.34538 0.837254 -0.000266
v 1.34538 0.856349 -0.004048
v 1.34538 0.853798 -0.000266
vn 1 0 -0
vn 1 0 -0
vn 1 0 -0
vt 0.658993 0.018573
vt 0.659708 0.022179
vt 0.658993 0.021697
f 1978/1978/1978 1979/1979/1979 1980/1980/1980
v 1.34538 0.827156 -0.012467
v 1.32395 0.827156 -0.012467
v 1.32395 0.827156 -0.012467
vn 1 0 -0
vn 1 0 -0
vn 0 0.170962 -0.985278
vt 0.661298 0.016666
vt 0.661298 0.016666
vt 0.661298 0.016666
f 1981/1981/1981 1982/1982/1982 1983/1983/1983
v 1.32395 0.827156 -0.012467
v 1.34538 0.827156 -0.012467
v 1.34538 0.827156 -0.012467
vn 0 0.170962 -0.985278
vn 0 0.170962 -0.985278
vn 1 0 -0
vt 0.661298 0.016666
vt 0.661298 0.016666
vt 0.661298 0.016666
f 1984/1984/1984 1985/1985/1985 1986/1986/1986
v 1.34538 0.846961 -0.00903
v 1.32395 0.846961 -0.00903
v 1.32395 0.854206 -0.006909
vn 0 0.226362 -0.974043
vn 0 0.226362 -0.974043
vn 0 0.281038 -0.959697
vt 0.644088 0.027732
vt 0.648188 0.027732
vt 0.648188 0.029118
f 1987/1987/1987 1988/1988/1988 1989/1989/1989
v 1.32395 0.854206 -0.006909
v 1.34538 0.854206 -0.006909
v 1.34538 0.846961 -0.00903
vn 0 0.281038 -0.959697
vn 0 0.281038 -0.959697
vn 0 0.226362 -0.974043
vt 0.648188 0.029118
vt 0.644088 0.029118
vt 0.644088 0.027732
f 1990/1990/1990 1991/1991/1991 1992/1992/1992
v 1.32395 0.818159 -0.002881
v 1.32395 0.818159 -0.000266
v 1.32395 0.837254 -0.000266
vn -1 0 -0
vn -1 0 -0
vn -1 0 -0
vt 0.658499 0.022108
vt 0.658993 0.022108
vt 0.658993 0.025714
f 1993/1993/1993 1994/1994/1994 1995/1995/1995
v 1.32395 0.837254 -0.000266
v 1.32395 0.837254 -0.001758
v 1.32395 0.834729 -0.004435
vn -1 0 -0
vn -1 0 -0
vn -1 0 -0
vt 0.658993 0.025714
vt 0.658711 0.025714
vt 0.658206 0.025237
f 1996/1996/1996 1997/1997/1997 1998/1998/1998
v 1.32395 0.837254 -0.000266
v 1.32395 0.834729 -0.004435
v 1.32395 0.832205 -0.007112
vn -1 0 -0
vn -1 0 -0
vn -1 0 -0
vt 0.658993 0.025714
vt 0.658206 0.025237
vt 0.6577 0.02476
f 1999/1999/1999 2000/2000/2000 2001/2001/2001
v 1.32395 0.837254 -0.000266
v 1.32395 0.832205 -0.007112
v 1.32395 0.82968 -0.00979
vn -1 0 -0
vn -1 0 -0
vn -1 0 -0
vt 0.658993 0.025714
vt 0.6577 0.02476
vt 0.657195 0.024284
f 2002/2002/2002 2003/2003/2003 2004/2004/2004
v 1.32395 0.837254 -0.000266
v 1.32395 0.82968 -0.00979
v 1.32395 0.827156 -0.012467
vn -1 0 -0
vn -1 0 -0
vn -1 0 -0
vt 0.658993 0.025714
vt 0.657195 0.024284
vt 0.656689 0.023807
f 2005/2005/2005 2006/2006/2006 2007/2007/2007
v 1.32395 0.818159 -0.002881
v 1.32395 0.837254 -0.000266
v 1.32395 0.827156 -0.012467
vn -1 0 -0
vn -1 0 -0
vn -1 0 -0
vt 0.658499 0.022108
vt 0.658993 0.025714
vt 0.656689 0.023807
f 2008/2008/2008 2009/2009/2009 2010/2010/2010
v 1.32395 0.818721 -0.007273
v 1.32395 0.818159 -0.002881
v 1.32395 0.827156 -0.012467
vn -1 0 -0
vn -1 0 -0
vn -1 0 -0
vt 0.65767 0.022214
vt 0.658499 0.022108
vt 0.656689 0.023807
f 2011/2011/2011 2012/2012/2012 2013/2013/2013
v 1.32395 0.820408 -0.010335
v 1.32395 0.818721 -0.007273
v 1.32395 0.827156 -0.012467
vn -1 0 -0
vn -1 0 -0
vn -1 0 -0
vt 0.657092 0.022532
vt 0.65767 0.022214
vt 0.656689 0.023807
f 2014/2014/2014 2015/2015/2015 2016/2016/2016
v 1.32395 0.82322 -0.012066
v 1.32395 0.820408 -0.010335
v 1.32395 0.827156 -0.012467
vn -1 0 -0
vn -1 0 -0
vn -1 0 -0
vt 0.656765 0.023063
vt 0.657092 0.022532
vt 0.656689 0.023807
f 2017/2017/2017 2018/2018/2018 2019/2019/2019
v 1.32395 0.827156 -0.012467
v 1.32395 0.82322 -0.012066
v 1.32395 0.827156 -0.012467
vn 1 0 -0
vn -1 0 -0
vn -1 0 -0
vt 0.661298 0.016666
vt 0.661222 0.015922
vt 0.661298 0.016666
f 2020/2020/2020 2021/2021/2021 2022/2022/2022
v 1.32395 0.818159 -0.000266
v 1.32395 0.818159 0.002349
v 1.32395 0.818721 0.006741
vn -1 0 -0
vn -1 0 -0
vn -1 0 -0
vt 0.658993 0.022108
vt 0.659487 0.022108
vt 0.660317 0.022214
f 2023/2023/2023 2024/2024/2024 2025/2025/2025
v 1.32395 0.818159 -0.000266
v 1.32395 0.818721 0.006741
v 1.32395 0.820408 0.009803
vn -1 0 -0
vn -1 0 -0
vn -1 0 -0
vt 0.658993 0.022108
vt 0.660317 0.022214
vt 0.660895 0.022532
f 2026/2026/2026 2027/2027/2027 2028/2028/2028
v 1.32395 0.818159 -0.000266
v 1.32395 0.820408 0.009803
v 1.32395 0.82322 0.011534
vn -1 0 -0
vn -1 0 -0
vn -1 0 -0
vt 0.658993 0.022108
vt 0.660895 0.022532
vt 0.661222 0.023063
f 2029/2029/2029 2030/2030/2030 2031/2031/2031
v 1.32395 0.818159 -0.000266
v 1.32395 0.82322 0.011534
v 1.32395 0.827156 0.011935
vn -1 0 -0
vn -1 0 -0
vn -1 0 -0
vt 0.658993 0.022108
vt 0.661222 0.023063
vt 0.661298 0.023807
f 2032/2032/2032 2033/2033/2033 2034/2034/2034
v 1.32395 0.827156 0.011935
v 1.32395 0.827156 0.011935
v 1.32395 0.82968 0.009258
vn -1 0 -0
vn 1 0 -0
vn 1 0 -0
vt 0.656689 0.016666
vt 0.656689 0.016666
vt 0.657195 0.017143
f 2035/2035/2035 2036/2036/2036 2037/2037/2037
v 1.32395 0.827156 0.011935
v 1.32395 0.82968 0.009258
v 1.32395 0.832205 0.006581
vn -1 0 -0
vn 1 0 -0
vn -1 0 -0
vt 0.656689 0.016666
vt 0.657195 0.017143
vt 0.6577 0.017619
f 2038/2038/2038 2039/2039/2039 2040/2040/2040
v 1.32395 0.827156 0.011935
v 1.32395 0.832205 0.006581
v 1.32395 0.834729 0.003903
vn -1 0 -0
vn -1 0 -0
vn 1 0 -0
vt 0.661298 0.023807
vt 0.660286 0.02476
vt 0.659781 0.025237
f 2041/2041/2041 2042/2042/2042 2043/2043/2043
v 1.32395 0.827156 0.011935
v 1.32395 0.834729 0.003903
v 1.32395 0.837254 0.001226
vn -1 0 -0
vn 1 0 -0
vn -1 0 -0
vt 0.64802 0.002
vt 0.648183 0.018678
vt 0.648237 0.024238
f 2044/2044/2044 2045/2045/2045 2046/2046/2046
v 1.32395 0.818159 -0.000266
v 1.32395 0.827156 0.011935
v 1.32395 0.837254 0.001226
vn -1 0 -0
vn -1 0 -0
vn -1 0 -0
vt 0.658993 0.022108
vt 0.661298 0.023807
vt 0.659275 0.025714
f 2047/2047/2047 2048/2048/2048 2049/2049/2049
v 1.32395 0.818159 -0.000266
v 1.32395 0.837254 0.001226
v 1.32395 0.837254 -0.000266
vn -1 0 -0
vn -1 0 -0
vn -1 0 -0
vt 0.658993 0.022108
vt 0.659275 0.025714
vt 0.658993 0.025714
f 2050/2050/2050 2051/2051/2051 2052/2052/2052
v 1.32395 0.837254 -0.000266
v 1.32395 0.853798 -0.000266
v 1.32395 0.854648 -0.001116
vn -1 0 -0
vn -1 0 -0
vn -1 0 -0
vt 0.658993 0.025714
vt 0.658993 0.028838
vt 0.658833 0.028999
f 2053/2053/2053 2054/2054/2054 2055/2055/2055
v 1.32395 0.837254 -0.000266
v 1.32395 0.854648 -0.001116
v 1.32395 0.855498 -0.001967
vn -1 0 -0
vn -1 0 -0
vn -1 0 -0
vt 0.658993 0.025714
vt 0.658833 0.028999
vt 0.658672 0.02916
f 2056/2056/2056 2057/2057/2057 2058/2058/2058
v 1.32395 0.837254 -0.000266
v 1.32395 0.855498 -0.001967
v 1.32395 0.856349 -0.002817
vn -1 0 -0
vn -1 0 -0
vn -1 0 -0
vt 0.658993 0.025714
vt 0.658672 0.02916
vt 0.658511 0.02932
f 2059/2059/2059 2060/2060/2060 2061/2061/2061
v 1.32395 0.837254 -0.001758
v 1.32395 0.837254 -0.000266
v 1.32395 0.856349 -0.002817
vn -1 0 -0
vn -1 0 -0
vn -1 0 -0
vt 0.658711 0.025714
vt 0.658993 0.025714
vt 0.658511 0.02932
f 2062/2062/2062 2063/2063/2063 2064/2064/2064
v 1.32395 0.856349 -0.002817
v 1.32395 0.856349 -0.004048
v 1.32395 0.856111 -0.005359
vn -1 0 -0
vn -1 0 -0
vn -1 0 -0
vt 0.658511 0.02932
vt 0.658279 0.02932
vt 0.658031 0.029275
f 2065/2065/2065 2066/2066/2066 2067/2067/2067
v 1.32395 0.856349 -0.002817
v 1.32395 0.856111 -0.005359
v 1.32395 0.855396 -0.006312
vn -1 0 -0
vn -1 0 -0
vn -1 0 -0
vt 0.658511 0.02932
vt 0.658031 0.029275
vt 0.657851 0.02914
f 2068/2068/2068 2069/2069/2069 2070/2070/2070
v 1.32395 0.856349 -0.002817
v 1.32395 0.855396 -0.006312
v 1.32395 0.854206 -0.006909
vn -1 0 -0
vn -1 0 -0
vn -1 0 -0
vt 0.658511 0.02932
vt 0.657851 0.02914
vt 0.657739 0.028916
f 2071/2071/2071 2072/2072/2072 2073/2073/2073
v 1.32395 0.837254 -0.001758
v 1.32395 0.856349 -0.002817
v 1.32395 0.854206 -0.006909
vn -1 0 -0
vn -1 0 -0
vn -1 0 -0
vt 0.658711 0.025714
vt 0.658511 0.02932
vt 0.657739 0.028916
f 2074/2074/2074 2075/2075/2075 2076/2076/2076
v 1.32395 0.839681 -0.003576
v 1.32395 0.837254 -0.001758
v 1.32395 0.854206 -0.006909
vn -1 0 -0
vn -1 0 -0
vn -1 0 -0
vt 0.658368 0.026172
vt 0.658711 0.025714
vt 0.657739 0.028916
f 2077/2077/2077 2078/2078/2078 2079/2079/2079
v 1.32395 0.842107 -0.005394
v 1.32395 0.839681 -0.003576
v 1.32395 0.854206 -0.006909
vn -1 0 -0
vn -1 0 -0
vn -1 0 -0
vt 0.658025 0.026631
vt 0.658368 0.026172
vt 0.657739 0.028916
f 2080/2080/2080 2081/2081/2081 2082/2082/2082
v 1.32395 0.844534 -0.007212
v 1.32395 0.842107 -0.005394
v 1.32395 0.854206 -0.006909
vn -1 0 -0
vn -1 0 -0
vn -1 0 -0
vt 0.657681 0.027089
vt 0.658025 0.026631
vt 0.657739 0.028916
f 2083/2083/2083 2084/2084/2084 2085/2085/2085
v 1.32395 0.846961 -0.00903
v 1.32395 0.844534 -0.007212
v 1.32395 0.854206 -0.006909
vn -1 0 -0
vn -1 0 -0
vn -1 0 -0
vt 0.657338 0.027547
vt 0.657681 0.027089
vt 0.657739 0.028916
f 2086/2086/2086 2087/2087/2087 2088/2088/2088
v 1.32395 0.837254 -0.000266
v 1.32395 0.837254 0.001226
v 1.32395 0.839681 0.003044
vn -1 0 -0
vn -1 0 -0
vn -1 0 -0
vt 0.658993 0.025714
vt 0.659275 0.025714
vt 0.659618 0.026172
f 2089/2089/2089 2090/2090/2090 2091/2091/2091
v 1.32395 0.837254 -0.000266
v 1.32395 0.839681 0.003044
v 1.32395 0.842107 0.004862
vn -1 0 -0
vn -1 0 -0
vn -1 0 -0
vt 0.658993 0.025714
vt 0.659618 0.026172
vt 0.659962 0.026631
f 2092/2092/2092 2093/2093/2093 2094/2094/2094
v 1.32395 0.837254 -0.000266
v 1.32395 0.842107 0.004862
v 1.32395 0.844534 0.00668
vn -1 0 -0
vn -1 0 -0
vn -1 0 -0
vt 0.658993 0.025714
vt 0.659962 0.026631
vt 0.660305 0.027089
f 2095/2095/2095 2096/2096/2096 2097/2097/2097
v 1.32395 0.837254 -0.000266
v 1.32395 0.844534 0.00668
v 1.32395 0.846961 0.008498
vn -1 0 -0
vn -1 0 -0
vn -1 0 -0
vt 0.658993 0.025714
vt 0.660305 0.027089
vt 0.660649 0.027547
f 2098/2098/2098 2099/2099/2099 2100/2100/2100
v 1.32395 0.846961 0.008498
v 1.32395 0.854206 0.006377
v 1.32395 0.855396 0.00578
vn -1 0 -0
vn -1 0 -0
vn -1 0 -0
vt 0.660649 0.027547
vt 0.660248 0.028916
vt 0.660135 0.02914
f 2101/2101/2101 2102/2102/2102 2103/2103/2103
v 1.32395 0.846961 0.008498
v 1.32395 0.855396 0.00578
v 1.32395 0.856111 0.004827
vn -1 0 -0
vn -1 0 -0
vn -1 0 -0
vt 0.660649 0.027547
vt 0.660135 0.02914
vt 0.659955 0.029275
f 2104/2104/2104 2105/2105/2105 2106/2106/2106
v 1.32395 0.846961 0.008498
v 1.32395 0.856111 0.004827
v 1.32395 0.856349 0.003517
vn -1 0 -0
vn -1 0 -0
vn -1 0 -0
vt 0.660649 0.027547
vt 0.659955 0.029275
vt 0.659708 0.02932
f 2107/2107/2107 2108/2108/2108 2109/2109/2109
v 1.32395 0.837254 -0.000266
v 1.32395 0.846961 0.008498
v 1.32395 0.856349 0.003517
vn -1 0 -0
vn -1 0 -0
vn -1 0 -0
vt 0.658993 0.025714
vt 0.660649 0.027547
vt 0.659708 0.02932
f 2110/2110/2110 2111/2111/2111 2112/2112/2112
v 1.32395 0.856349 0.003517
v 1.32395 0.856349 0.002285
v 1.32395 0.855498 0.001435
vn -1 0 -0
vn -1 0 -0
vn -1 0 -0
vt 0.659708 0.02932
vt 0.659475 0.02932
vt 0.659314 0.02916
f 2113/2113/2113 2114/2114/2114 2115/2115/2115
v 1.32395 0.856349 0.003517
v 1.32395 0.855498 0.001435
v 1.32395 0.854648 0.000584
vn -1 0 -0
vn -1 0 -0
vn -1 0 -0
vt 0.659708 0.02932
vt 0.659314 0.02916
vt 0.659154 0.028999
f 2116/2116/2116 2117/2117/2117 2118/2118/2118
v 1.32395 0.856349 0.003517
v 1.32395 0.854648 0.000584
v 1.32395 0.853798 -0.000266
vn -1 0 -0
vn -1 0 -0
vn -1 0 -0
vt 0.659708 0.02932
vt 0.659154 0.028999
vt 0.658993 0.028838
f 2119/2119/2119 2120/2120/2120 2121/2121/2121
v 1.32395 0.837254 -0.000266
v 1.32395 0.856349 0.003517
v 1.32395 0.853798 -0.000266
vn -1 0 -0
vn -1 0 -0
vn -1 0 -0
vt 0.658993 0.025714
vt 0.659708 0.02932
vt 0.658993 0.028838
f 2122/2122/2122 2123/2123/2123 2124/2124/2124
v 1.34538 0.856111 0.004827
v 1.34538 0.856349 0.003517
v 1.32395 0.856349 0.003517
vn 0 0.983886 0.178797
vn 0 0.983886 0.178797
vn 0 0.983886 0.178797
vt 0.646029 0.019823
vt 0.646282 0.019823
vt 0.646282 0.023956
f 2125/2125/2125 2126/2126/2126 2127/2127/2127
v 1.32395 0.856349 0.003517
v 1.32395 0.856111 0.004827
v 1.34538 0.856111 0.004827
vn 0 0.983886 0.178797
vn 0 0.983886 0.178797
vn 0 0.983886 0.178797
vt 0.646282 0.023956
vt 0.646029 0.023956
vt 0.646029 0.019823
f 2128/2128/2128 2129/2129/2129 2130/2130/2130
v 1.32395 0.856111 -0.005359
v 1.32395 0.856349 -0.004048
v 1.34538 0.856349 -0.004048
vn 0 0.983886 -0.178797
vn 0 0.983886 -0.178797
vn 0 0.983886 -0.178797
vt 0.647994 0.023956
vt 0.647741 0.023956
vt 0.647741 0.019823
f 2131/2131/2131 2132/2132/2132 2133/2133/2133
v 1.34538 0.856349 -0.004048
v 1.34538 0.856111 -0.005359
v 1.32395 0.856111 -0.005359
vn 0 0.983886 -0.178797
vn 0 0.983886 -0.178797
vn 0 0.983886 -0.178797
vt 0.647741 0.019823
vt 0.647994 0.019823
vt 0.647994 0.023956
f 2134/2134/2134 2135/2135/2135 2136/2136/2136
v 1.34538 0.855396 0.00578
v 1.34538 0.856111 0.004827
v 1.32395 0.856111 0.004827
vn 0 0.800324 0.599568
vn 0 0.800324 0.599568
vn 0 0.800324 0.599568
vt 0.645845 0.019823
vt 0.646029 0.019823
vt 0.646029 0.023956
f 2137/2137/2137 2138/2138/2138 2139/2139/2139
v 1.32395 0.856111 0.004827
v 1.32395 0.855396 0.00578
v 1.34538 0.855396 0.00578
vn 0 0.800324 0.599568
vn 0 0.800324 0.599568
vn 0 0.800324 0.599568
vt 0.646029 0.023956
vt 0.645845 0.023956
vt 0.645845 0.019823
f 2140/2140/2140 2141/2141/2141 2142/2142/2142
v 1.34538 0.854206 0.006377
v 1.34538 0.855396 0.00578
v 1.32395 0.855396 0.00578
vn 0 0.448101 0.893983
vn 0 0.448101 0.893983
vn 0 0.448101 0.893983
vt 0.652174 0.02907
vt 0.652174 0.029319
vt 0.648117 0.029319
f 2143/2143/2143 2144/2144/2144 2145/2145/2145
v 1.32395 0.855396 0.00578
v 1.32395 0.854206 0.006377
v 1.34538 0.854206 0.006377
vn 0 0.448101 0.893983
vn 0 0.448101 0.893983
vn 0 0.448101 0.893983
vt 0.648117 0.029319
vt 0.648117 0.02907
vt 0.652174 0.02907
f 2146/2146/2146 2147/2147/2147 2148/2148/2148
v 1.32395 0.855396 -0.006312
v 1.32395 0.856111 -0.005359
v 1.34538 0.856111 -0.005359
vn 0 0.800324 -0.599568
vn 0 0.800324 -0.599568
vn 0 0.800324 -0.599568
vt 0.648178 0.023956
vt 0.647994 0.023956
vt 0.647994 0.019823
f 2149/2149/2149 2150/2150/2150 2151/2151/2151
v 1.34538 0.856111 -0.005359
v 1.34538 0.855396 -0.006312
v 1.32395 0.855396 -0.006312
vn 0 0.800324 -0.599568
vn 0 0.800324 -0.599568
vn 0 0.800324 -0.599568
vt 0.647994 0.019823
vt 0.648178 0.019823
vt 0.648178 0.023956
f 2152/2152/2152 2153/2153/2153 2154/2154/2154
v 1.32395 0.854206 -0.006909
v 1.32395 0.855396 -0.006312
v 1.34538 0.855396 -0.006312
vn 0 0.448101 -0.893983
vn 0 0.448101 -0.893983
vn 0 0.448101 -0.893983
vt 0.648188 0.029118
vt 0.648188 0.029346
vt 0.644088 0.029346
f 2155/2155/2155 2156/2156/2156 2157/2157/2157
v 1.34538 0.855396 -0.006312
v 1.34538 0.854206 -0.006909
v 1.32395 0.854206 -0.006909
vn 0 0.448101 -0.893983
vn 0 0.448101 -0.893983
vn 0 0.448101 -0.893983
vt 0.644088 0.029346
vt 0.644088 0.029118
vt 0.648188 0.029118
f 2158/2158/2158 2159/2159/2159 2160/2160/2160
v 1.32395 0.854648 -0.001116
v 1.32395 0.853798 -0.000266
v 1.32395 0.854648 -0.000549
vn -1 0 -0
vn -1 0 -0
vn -1 0 -0
vt 0.658833 0.028999
vt 0.658993 0.028838
vt 0.65894 0.028999
f 2161/2161/2161 2162/2162/2162 2163/2163/2163
v 1.34538 0.854648 0.000584
v 1.34538 0.853798 -0.000266
v 1.34538 0.854648 1.8e-005
vn 1 0 -0
vn 1 0 -0
vn 1 0 -0
vt 0.658833 0.021858
vt 0.658993 0.021697
vt 0.65894 0.021858
f 2164/2164/2164 2165/2165/2165 2166/2166/2166
v 1.32395 0.856349 0.000584
v 1.32395 0.856349 0.002285
v 1.34538 0.856349 0.002285
vn 0 1 -0
vn 0 1 -0
vn 0 1 -0
vt 0.646847 0.023956
vt 0.646519 0.023956
vt 0.646519 0.019823
f 2167/2167/2167 2168/2168/2168 2169/2169/2169
v 1.34538 0.856349 0.002285
v 1.34538 0.856349 0.000584
v 1.32395 0.856349 0.000584
vn 0 1 -0
vn 0 1 -0
vn 0 1 -0
vt 0.646519 0.019823
vt 0.646847 0.019823
vt 0.646847 0.023956
f 2170/2170/2170 2171/2171/2171 2172/2172/2172
v 1.32395 0.853798 -0.000266
v 1.32395 0.854648 0.000584
v 1.32395 0.854648 1.8e-005
vn -1 0 -0
vn -1 0 -0
vn -1 0 -0
vt 0.658993 0.028838
vt 0.659154 0.028999
vt 0.659047 0.028999
f 2173/2173/2173 2174/2174/2174 2175/2175/2175
v 1.32395 0.855498 0.000301
v 1.32395 0.854648 1.8e-005
v 1.32395 0.854648 0.000584
vn -1 0 -0
vn -1 0 -0
vn -1 0 -0
vt 0.6591 0.02916
vt 0.659047 0.028999
vt 0.659154 0.028999
f 2176/2176/2176 2177/2177/2177 2178/2178/2178
v 1.32395 0.854648 0.000584
v 1.32395 0.855498 0.001435
v 1.32395 0.855498 0.000301
vn -1 0 -0
vn -1 0 -0
vn -1 0 -0
vt 0.659154 0.028999
vt 0.659314 0.02916
vt 0.6591 0.02916
f 2179/2179/2179 2180/2180/2180 2181/2181/2181
v 1.32395 0.856349 0.000584
v 1.32395 0.855498 0.000301
v 1.32395 0.855498 0.001435
vn -1 0 -0
vn -1 0 -0
vn -1 0 -0
vt 0.659154 0.02932
vt 0.6591 0.02916
vt 0.659314 0.02916
f 2182/2182/2182 2183/2183/2183 2184/2184/2184
v 1.32395 0.855498 0.001435
v 1.32395 0.856349 0.002285
v 1.32395 0.856349 0.000584
vn -1 0 -0
vn -1 0 -0
vn -1 0 -0
vt 0.659314 0.02916
vt 0.659475 0.02932
vt 0.659154 0.02932
f 2185/2185/2185 2186/2186/2186 2187/2187/2187
v 1.32395 0.853798 -0.000266
v 1.32395 0.854648 1.8e-005
v 1.32395 0.854648 -0.000549
vn -1 0 -0
vn -1 0 -0
vn -1 0 -0
vt 0.658993 0.028838
vt 0.659047 0.028999
vt 0.65894 0.028999
f 2188/2188/2188 2189/2189/2189 2190/2190/2190
v 1.32395 0.855498 -0.000833
v 1.32395 0.854648 -0.000549
v 1.32395 0.854648 1.8e-005
vn -1 0 -0
vn -1 0 -0
vn -1 0 -0
vt 0.658886 0.02916
vt 0.65894 0.028999
vt 0.659047 0.028999
f 2191/2191/2191 2192/2192/2192 2193/2193/2193
v 1.32395 0.854648 1.8e-005
v 1.32395 0.855498 0.000301
v 1.32395 0.855498 -0.000833
vn -1 0 -0
vn -1 0 -0
vn -1 0 -0
vt 0.659047 0.028999
vt 0.6591 0.02916
vt 0.658886 0.02916
f 2194/2194/2194 2195/2195/2195 2196/2196/2196
v 1.32395 0.856349 -0.001116
v 1.32395 0.855498 -0.000833
v 1.32395 0.855498 0.000301
vn -1 0 -0
vn -1 0 -0
vn -1 0 -0
vt 0.658833 0.02932
vt 0.658886 0.02916
vt 0.6591 0.02916
f 2197/2197/2197 2198/2198/2198 2199/2199/2199
v 1.32395 0.855498 0.000301
v 1.32395 0.856349 0.000584
v 1.32395 0.856349 -0.001116
vn -1 0 -0
vn -1 0 -0
vn -1 0 -0
vt 0.6591 0.02916
vt 0.659154 0.02932
vt 0.658833 0.02932
f 2200/2200/2200 2201/2201/2201 2202/2202/2202
v 1.32395 0.855498 -0.001967
v 1.32395 0.854648 -0.001116
v 1.32395 0.854648 -0.000549
vn -1 0 -0
vn -1 0 -0
vn -1 0 -0
vt 0.658672 0.02916
vt 0.658833 0.028999
vt 0.65894 0.028999
f 2203/2203/2203 2204/2204/2204 2205/2205/2205
v 1.32395 0.854648 -0.000549
v 1.32395 0.855498 -0.000833
v 1.32395 0.855498 -0.001967
vn -1 0 -0
vn -1 0 -0
vn -1 0 -0
vt 0.65894 0.028999
vt 0.658886 0.02916
vt 0.658672 0.02916
f 2206/2206/2206 2207/2207/2207 2208/2208/2208
v 1.32395 0.856349 -0.002817
v 1.32395 0.855498 -0.001967
v 1.32395 0.855498 -0.000833
vn -1 0 -0
vn -1 0 -0
vn -1 0 -0
vt 0.658511 0.02932
vt 0.658672 0.02916
vt 0.658886 0.02916
f 2209/2209/2209 2210/2210/2210 2211/2211/2211
v 1.32395 0.855498 -0.000833
v 1.32395 0.856349 -0.001116
v 1.32395 0.856349 -0.002817
vn -1 0 -0
vn -1 0 -0
vn -1 0 -0
vt 0.658886 0.02916
vt 0.658833 0.02932
vt 0.658511 0.02932
f 2212/2212/2212 2213/2213/2213 2214/2214/2214
v 1.34538 0.853798 -0.000266
v 1.34538 0.854648 -0.001116
v 1.34538 0.854648 -0.000549
vn 1 0 -0
vn 1 0 -0
vn 1 0 -0
vt 0.658993 0.021697
vt 0.659154 0.021858
vt 0.659047 0.021858
f 2215/2215/2215 2216/2216/2216 2217/2217/2217
v 1.34538 0.855498 -0.000833
v 1.34538 0.854648 -0.000549
v 1.34538 0.854648 -0.001116
vn 1 0 -0
vn 1 0 -0
vn 1 0 -0
vt 0.6591 0.022019
vt 0.659047 0.021858
vt 0.659154 0.021858
f 2218/2218/2218 2219/2219/2219 2220/2220/2220
v 1.34538 0.854648 -0.001116
v 1.34538 0.855498 -0.001967
v 1.34538 0.855498 -0.000833
vn 1 0 -0
vn 1 0 -0
vn 1 0 -0
vt 0.659154 0.021858
vt 0.659314 0.022019
vt 0.6591 0.022019
f 2221/2221/2221 2222/2222/2222 2223/2223/2223
v 1.34538 0.856349 -0.001116
v 1.34538 0.855498 -0.000833
v 1.34538 0.855498 -0.001967
vn 1 0 -0
vn 1 0 -0
vn 1 0 -0
vt 0.659154 0.022179
vt 0.6591 0.022019
vt 0.659314 0.022019
f 2224/2224/2224 2225/2225/2225 2226/2226/2226
v 1.34538 0.855498 -0.001967
v 1.34538 0.856349 -0.002817
v 1.34538 0.856349 -0.001116
vn 1 0 -0
vn 1 0 -0
vn 1 0 -0
vt 0.659314 0.022019
vt 0.659475 0.022179
vt 0.659154 0.022179
f 2227/2227/2227 2228/2228/2228 2229/2229/2229
v 1.34538 0.853798 -0.000266
v 1.34538 0.854648 -0.000549
v 1.34538 0.854648 1.8e-005
vn 1 0 -0
vn 1 0 -0
vn 1 0 -0
vt 0.658993 0.021697
vt 0.659047 0.021858
vt 0.65894 0.021858
f 2230/2230/2230 2231/2231/2231 2232/2232/2232
v 1.34538 0.855498 0.000301
v 1.34538 0.854648 1.8e-005
v 1.34538 0.854648 -0.000549
vn 1 0 -0
vn 1 0 -0
vn 1 0 -0
vt 0.658886 0.022019
vt 0.65894 0.021858
vt 0.659047 0.021858
f 2233/2233/2233 2234/2234/2234 2235/2235/2235
v 1.34538 0.854648 -0.000549
v 1.34538 0.855498 -0.000833
v 1.34538 0.855498 0.000301
vn 1 0 -0
vn 1 0 -0
vn 1 0 -0
vt 0.659047 0.021858
vt 0.6591 0.022019
vt 0.658886 0.022019
f 2236/2236/2236 2237/2237/2237 2238/2238/2238
v 1.34538 0.856349 0.000584
v 1.34538 0.855498 0.000301
v 1.34538 0.855498 -0.000833
vn 1 0 -0
vn 1 0 -0
vn 1 0 -0
vt 0.658833 0.022179
vt 0.658886 0.022019
vt 0.6591 0.022019
f 2239/2239/2239 2240/2240/2240 2241/2241/2241
v 1.34538 0.855498 -0.000833
v 1.34538 0.856349 -0.001116
v 1.34538 0.856349 0.000584
vn 1 0 -0
vn 1 0 -0
vn 1 0 -0
vt 0.6591 0.022019
vt 0.659154 0.022179
vt 0.658833 0.022179
f 2242/2242/2242 2243/2243/2243 2244/2244/2244
v 1.34538 0.855498 0.001435
v 1.34538 0.854648 0.000584
v 1.34538 0.854648 1.8e-005
vn 1 0 -0
vn 1 0 -0
vn 1 0 -0
vt 0.658672 0.022019
vt 0.658833 0.021858
vt 0.65894 0.021858
f 2245/2245/2245 2246/2246/2246 2247/2247/2247
v 1.34538 0.854648 1.8e-005
v 1.34538 0.855498 0.000301
v 1.34538 0.855498 0.001435
vn 1 0 -0
vn 1 0 -0
vn 1 0 -0
vt 0.65894 0.021858
vt 0.658886 0.022019
vt 0.658672 0.022019
f 2248/2248/2248 2249/2249/2249 2250/2250/2250
v 1.34538 0.856349 0.002285
v 1.34538 0.855498 0.001435
v 1.34538 0.855498 0.000301
vn 1 0 -0
vn 1 0 -0
vn 1 0 -0
vt 0.658511 0.022179
vt 0.658672 0.022019
vt 0.658886 0.022019
f 2251/2251/2251 2252/2252/2252 2253/2253/2253
v 1.34538 0.855498 0.000301
v 1.34538 0.856349 0.000584
v 1.34538 0.856349 0.002285
vn 1 0 -0
vn 1 0 -0
vn 1 0 -0
vt 0.658886 0.022019
vt 0.658833 0.022179
vt 0.658511 0.022179
f 2254/2254/2254 2255/2255/2255 2256/2256/2256
v 1.32395 0.856349 -0.001116
v 1.32395 0.856349 0.000584
v 1.34538 0.856349 0.000584
vn 0 1 -0
vn 0 1 -0
vn 0 1 -0
vt 0.647175 0.023956
vt 0.646847 0.023956
vt 0.646847 0.019823
f 2257/2257/2257 2258/2258/2258 2259/2259/2259
v 1.34538 0.856349 0.000584
v 1.34538 0.856349 -0.001116
v 1.32395 0.856349 -0.001116
vn 0 1 -0
vn 0 1 -0
vn 0 1 -0
vt 0.646847 0.019823
vt 0.647175 0.019823
vt 0.647175 0.023956
f 2260/2260/2260 2261/2261/2261 2262/2262/2262
v 1.32395 0.856349 -0.002817
v 1.32395 0.856349 -0.001116
v 1.34538 0.856349 -0.001116
vn 0 1 -0
vn 0 1 -0
vn 0 1 -0
vt 0.647503 0.023956
vt 0.647175 0.023956
vt 0.647175 0.019823
f 2263/2263/2263 2264/2264/2264 2265/2265/2265
v 1.34538 0.856349 -0.001116
v 1.34538 0.856349 -0.002817
v 1.32395 0.856349 -0.002817
vn 0 1 -0
vn 0 1 -0
vn 0 1 -0
vt 0.647175 0.019823
vt 0.647503 0.019823
vt 0.647503 0.023956
f 2266/2266/2266 2267/2267/2267 2268/2268/2268
v 1.32395 0.839681 0.003044
v 1.32395 0.837254 0.001226
v 1.32395 0.838443 0.003259
vn -1 0 -0
vn -1 0 -0
vn -1 0 -0
vt 0.659618 0.026172
vt 0.659275 0.025714
vt 0.659659 0.025938
f 2269/2269/2269 2270/2270/2270 2271/2271/2271
v 1.34538 0.834729 0.003903
v 1.34538 0.837254 0.001226
v 1.34538 0.835967 0.003688
vn 1 0 -0
vn 1 0 -0
vn 1 0 -0
vt 0.658206 0.018096
vt 0.658711 0.018573
vt 0.658246 0.01833
f 2272/2272/2272 2273/2273/2273 2274/2274/2274
v 1.34538 0.839681 -0.003576
v 1.34538 0.837254 -0.001758
v 1.34538 0.838443 -0.003791
vn 1 0 -0
vn 1 0 -0
vn 1 0 -0
vt 0.659618 0.019031
vt 0.659275 0.018573
vt 0.659659 0.018798
f 2275/2275/2275 2276/2276/2276 2277/2277/2277
v 1.32395 0.834729 -0.004435
v 1.32395 0.837254 -0.001758
v 1.32395 0.835967 -0.00422
vn -1 0 -0
vn -1 0 -0
vn -1 0 -0
vt 0.658206 0.025237
vt 0.658711 0.025714
vt 0.658246 0.025471
f 2278/2278/2278 2279/2279/2279 2280/2280/2280
v 1.32395 0.832107 0.011076
v 1.32395 0.827156 0.011935
v 1.34538 0.827156 0.011935
vn 0 0.170962 0.985278
vn 0 0.170962 0.985278
vn 0 0.170962 0.985278
vt 0.648117 0.024805
vt 0.648117 0.023859
vt 0.652174 0.023859
f 2281/2281/2281 2282/2282/2282 2283/2283/2283
v 1.34538 0.827156 0.011935
v 1.34538 0.832107 0.011076
v 1.32395 0.832107 0.011076
vn 0 0.170962 0.985278
vn 0 0.170962 0.985278
vn 0 0.170962 0.985278
vt 0.652174 0.023859
vt 0.652174 0.024805
vt 0.648117 0.024805
f 2284/2284/2284 2285/2285/2285 2286/2286/2286
v 1.34538 0.832107 -0.011608
v 1.34538 0.827156 -0.012467
v 1.32395 0.827156 -0.012467
vn 0 0.170962 -0.985278
vn 0 0.170962 -0.985278
vn 0 0.170962 -0.985278
vt 0.644088 0.02489
vt 0.644088 0.023943
vt 0.648188 0.023943
f 2287/2287/2287 2288/2288/2288 2289/2289/2289
v 1.32395 0.827156 -0.012467
v 1.32395 0.832107 -0.011608
v 1.34538 0.832107 -0.011608
vn 0 0.170962 -0.985278
vn 0 0.170962 -0.985278
vn 0 0.170962 -0.985278
vt 0.648188 0.023943
vt 0.648188 0.02489
vt 0.644088 0.02489
f 2290/2290/2290 2291/2291/2291 2292/2292/2292
v 1.32395 0.837254 0.001226
v 1.32395 0.834729 0.003903
v 1.32395 0.835967 0.003688
vn -1 0 -0
vn -1 0 -0
vn -1 0 -0
vt 0.659275 0.025714
vt 0.659781 0.025237
vt 0.65974 0.025471
f 2293/2293/2293 2294/2294/2294 2295/2295/2295
v 1.32395 0.83468 0.006151
v 1.32395 0.835967 0.003688
v 1.32395 0.834729 0.003903
vn -1 0 -0
vn -1 0 -0
vn -1 0 -0
vt 0.660205 0.025228
vt 0.65974 0.025471
vt 0.659781 0.025237
f 2296/2296/2296 2297/2297/2297 2298/2298/2298
v 1.32395 0.834729 0.003903
v 1.32395 0.832205 0.006581
v 1.32395 0.83468 0.006151
vn -1 0 -0
vn -1 0 -0
vn -1 0 -0
vt 0.659781 0.025237
vt 0.660286 0.02476
vt 0.660205 0.025228
f 2299/2299/2299 2300/2300/2300 2301/2301/2301
v 1.32395 0.833394 0.008613
v 1.32395 0.83468 0.006151
v 1.32395 0.832205 0.006581
vn -1 0 -0
vn -1 0 -0
vn -1 0 -0
vt 0.66067 0.024985
vt 0.660205 0.025228
vt 0.660286 0.02476
f 2302/2302/2302 2303/2303/2303 2304/2304/2304
v 1.32395 0.832205 0.006581
v 1.32395 0.82968 0.009258
v 1.32395 0.833394 0.008613
vn -1 0 -0
vn -1 0 -0
vn -1 0 -0
vt 0.660286 0.02476
vt 0.660792 0.024284
vt 0.66067 0.024985
f 2305/2305/2305 2306/2306/2306 2307/2307/2307
v 1.32395 0.832107 0.011076
v 1.32395 0.833394 0.008613
v 1.32395 0.82968 0.009258
vn -1 0 -0
vn -1 0 -0
vn -1 0 -0
vt 0.661135 0.024742
vt 0.66067 0.024985
vt 0.660792 0.024284
f 2308/2308/2308 2309/2309/2309 2310/2310/2310
v 1.32395 0.82968 0.009258
v 1.32395 0.827156 0.011935
v 1.32395 0.832107 0.011076
vn -1 0 -0
vn -1 0 -0
vn -1 0 -0
vt 0.660792 0.024284
vt 0.661298 0.023807
vt 0.661135 0.024742
f 2311/2311/2311 2312/2312/2312 2313/2313/2313
v 1.32395 0.837254 0.001226
v 1.32395 0.835967 0.003688
v 1.32395 0.837205 0.003474
vn -1 0 -0
vn -1 0 -0
vn -1 0 -0
vt 0.659275 0.025714
vt 0.65974 0.025471
vt 0.659699 0.025705
f 2314/2314/2314 2315/2315/2315 2316/2316/2316
v 1.32395 0.837156 0.005721
v 1.32395 0.837205 0.003474
v 1.32395 0.835967 0.003688
vn -1 0 -0
vn -1 0 -0
vn -1 0 -0
vt 0.660124 0.025695
vt 0.659699 0.025705
vt 0.65974 0.025471
f 2317/2317/2317 2318/2318/2318 2319/2319/2319
v 1.32395 0.835967 0.003688
v 1.32395 0.83468 0.006151
v 1.32395 0.837156 0.005721
vn -1 0 -0
vn -1 0 -0
vn -1 0 -0
vt 0.65974 0.025471
vt 0.660205 0.025228
vt 0.660124 0.025695
f 2320/2320/2320 2321/2321/2321 2322/2322/2322
v 1.32395 0.837107 0.007969
v 1.32395 0.837156 0.005721
v 1.32395 0.83468 0.006151
vn -1 0 -0
vn -1 0 -0
vn -1 0 -0
vt 0.660549 0.025686
vt 0.660124 0.025695
vt 0.660205 0.025228
f 2323/2323/2323 2324/2324/2324 2325/2325/2325
v 1.32395 0.83468 0.006151
v 1.32395 0.833394 0.008613
v 1.32395 0.837107 0.007969
vn -1 0 -0
vn -1 0 -0
vn -1 0 -0
vt 0.660205 0.025228
vt 0.66067 0.024985
vt 0.660549 0.025686
f 2326/2326/2326 2327/2327/2327 2328/2328/2328
v 1.32395 0.837059 0.010217
v 1.32395 0.837107 0.007969
v 1.32395 0.833394 0.008613
vn -1 0 -0
vn -1 0 -0
vn -1 0 -0
vt 0.660973 0.025677
vt 0.660549 0.025686
vt 0.66067 0.024985
f 2329/2329/2329 2330/2330/2330 2331/2331/2331
v 1.32395 0.833394 0.008613
v 1.32395 0.832107 0.011076
v 1.32395 0.837059 0.010217
vn -1 0 -0
vn -1 0 -0
vn -1 0 -0
vt 0.66067 0.024985
vt 0.661135 0.024742
vt 0.660973 0.025677
f 2332/2332/2332 2333/2333/2333 2334/2334/2334
v 1.32395 0.837254 0.001226
v 1.32395 0.837205 0.003474
v 1.32395 0.838443 0.003259
vn -1 0 -0
vn -1 0 -0
vn -1 0 -0
vt 0.659275 0.025714
vt 0.659699 0.025705
vt 0.659659 0.025938
f 2335/2335/2335 2336/2336/2336 2337/2337/2337
v 1.32395 0.839632 0.005292
v 1.32395 0.838443 0.003259
v 1.32395 0.837205 0.003474
vn -1 0 -0
vn -1 0 -0
vn -1 0 -0
vt 0.660043 0.026163
vt 0.659659 0.025938
vt 0.659699 0.025705
f 2338/2338/2338 2339/2339/2339 2340/2340/2340
v 1.32395 0.837205 0.003474
v 1.32395 0.837156 0.005721
v 1.32395 0.839632 0.005292
vn -1 0 -0
vn -1 0 -0
vn -1 0 -0
vt 0.659699 0.025705
vt 0.660124 0.025695
vt 0.660043 0.026163
f 2341/2341/2341 2342/2342/2342 2343/2343/2343
v 1.32395 0.840821 0.007325
v 1.32395 0.839632 0.005292
v 1.32395 0.837156 0.005721
vn -1 0 -0
vn -1 0 -0
vn -1 0 -0
vt 0.660427 0.026388
vt 0.660043 0.026163
vt 0.660124 0.025695
f 2344/2344/2344 2345/2345/2345 2346/2346/2346
v 1.32395 0.837156 0.005721
v 1.32395 0.837107 0.007969
v 1.32395 0.840821 0.007325
vn -1 0 -0
vn -1 0 -0
vn -1 0 -0
vt 0.660124 0.025695
vt 0.660549 0.025686
vt 0.660427 0.026388
f 2347/2347/2347 2348/2348/2348 2349/2349/2349
v 1.32395 0.84201 0.009358
v 1.32395 0.840821 0.007325
v 1.32395 0.837107 0.007969
vn -1 0 -0
vn -1 0 -0
vn -1 0 -0
vt 0.660811 0.026612
vt 0.660427 0.026388
vt 0.660549 0.025686
f 2350/2350/2350 2351/2351/2351 2352/2352/2352
v 1.32395 0.837107 0.007969
v 1.32395 0.837059 0.010217
v 1.32395 0.84201 0.009358
vn -1 0 -0
vn -1 0 -0
vn -1 0 -0
vt 0.660549 0.025686
vt 0.660973 0.025677
vt 0.660811 0.026612
f 2353/2353/2353 2354/2354/2354 2355/2355/2355
v 1.32395 0.842107 0.004862
v 1.32395 0.839681 0.003044
v 1.32395 0.838443 0.003259
vn -1 0 -0
vn -1 0 -0
vn -1 0 -0
vt 0.659962 0.026631
vt 0.659618 0.026172
vt 0.659659 0.025938
f 2356/2356/2356 2357/2357/2357 2358/2358/2358
v 1.32395 0.838443 0.003259
v 1.32395 0.839632 0.005292
v 1.32395 0.842107 0.004862
vn -1 0 -0
vn -1 0 -0
vn -1 0 -0
vt 0.659659 0.025938
vt 0.660043 0.026163
vt 0.659962 0.026631
f 2359/2359/2359 2360/2360/2360 2361/2361/2361
v 1.32395 0.844534 0.00668
v 1.32395 0.842107 0.004862
v 1.32395 0.839632 0.005292
vn -1 0 -0
vn -1 0 -0
vn -1 0 -0
vt 0.660305 0.027089
vt 0.659962 0.026631
vt 0.660043 0.026163
f 2362/2362/2362 2363/2363/2363 2364/2364/2364
v 1.32395 0.839632 0.005292
v 1.32395 0.840821 0.007325
v 1.32395 0.844534 0.00668
vn -1 0 -0
vn -1 0 -0
vn -1 0 -0
vt 0.660043 0.026163
vt 0.660427 0.026388
vt 0.660305 0.027089
f 2365/2365/2365 2366/2366/2366 2367/2367/2367
v 1.32395 0.846961 0.008498
v 1.32395 0.844534 0.00668
v 1.32395 0.840821 0.007325
vn -1 0 -0
vn -1 0 -0
vn -1 0 -0
vt 0.660649 0.027547
vt 0.660305 0.027089
vt 0.660427 0.026388
f 2368/2368/2368 2369/2369/2369 2370/2370/2370
v 1.32395 0.840821 0.007325
v 1.32395 0.84201 0.009358
v 1.32395 0.846961 0.008498
vn -1 0 -0
vn -1 0 -0
vn -1 0 -0
vt 0.660427 0.026388
vt 0.660811 0.026612
vt 0.660649 0.027547
f 2371/2371/2371 2372/2372/2372 2373/2373/2373
v 1.34538 0.837254 0.001226
v 1.34538 0.839681 0.003044
v 1.34538 0.838443 0.003259
vn 1 0 -0
vn 1 0 -0
vn 1 0 -0
vt 0.658711 0.018573
vt 0.658368 0.019031
vt 0.658328 0.018798
f 2374/2374/2374 2375/2375/2375 2376/2376/2376
v 1.34538 0.839632 0.005292
v 1.34538 0.838443 0.003259
v 1.34538 0.839681 0.003044
vn 1 0 -0
vn 1 0 -0
vn 1 0 -0
vt 0.657944 0.019022
vt 0.658328 0.018798
vt 0.658368 0.019031
f 2377/2377/2377 2378/2378/2378 2379/2379/2379
v 1.34538 0.839681 0.003044
v 1.34538 0.842107 0.004862
v 1.34538 0.839632 0.005292
vn 1 0 -0
vn 1 0 -0
vn 1 0 -0
vt 0.658368 0.019031
vt 0.658025 0.01949
vt 0.657944 0.019022
f 2380/2380/2380 2381/2381/2381 2382/2382/2382
v 1.34538 0.840821 0.007325
v 1.34538 0.839632 0.005292
v 1.34538 0.842107 0.004862
vn 1 0 -0
vn 1 0 -0
vn 1 0 -0
vt 0.65756 0.019247
vt 0.657944 0.019022
vt 0.658025 0.01949
f 2383/2383/2383 2384/2384/2384 2385/2385/2385
v 1.34538 0.842107 0.004862
v 1.34538 0.844534 0.00668
v 1.34538 0.840821 0.007325
vn 1 0 -0
vn 1 0 -0
vn 1 0 -0
vt 0.658025 0.01949
vt 0.657681 0.019948
vt 0.65756 0.019247
f 2386/2386/2386 2387/2387/2387 2388/2388/2388
v 1.34538 0.84201 0.009358
v 1.34538 0.840821 0.007325
v 1.34538 0.844534 0.00668
vn 1 0 -0
vn 1 0 -0
vn 1 0 -0
vt 0.657176 0.019471
vt 0.65756 0.019247
vt 0.657681 0.019948
f 2389/2389/2389 2390/2390/2390 2391/2391/2391
v 1.34538 0.844534 0.00668
v 1.34538 0.846961 0.008498
v 1.34538 0.84201 0.009358
vn 1 0 -0
vn 1 0 -0
vn 1 0 -0
vt 0.657681 0.019948
vt 0.657338 0.020406
vt 0.657176 0.019471
f 2392/2392/2392 2393/2393/2393 2394/2394/2394
v 1.34538 0.837254 0.001226
v 1.34538 0.838443 0.003259
v 1.34538 0.837205 0.003474
vn 1 0 -0
vn 1 0 -0
vn 1 0 -0
vt 0.658711 0.018573
vt 0.658328 0.018798
vt 0.658287 0.018564
f 2395/2395/2395 2396/2396/2396 2397/2397/2397
v 1.34538 0.837156 0.005721
v 1.34538 0.837205 0.003474
v 1.34538 0.838443 0.003259
vn 1 0 -0
vn 1 0 -0
vn 1 0 -0
vt 0.657862 0.018555
vt 0.658287 0.018564
vt 0.658328 0.018798
f 2398/2398/2398 2399/2399/2399 2400/2400/2400
v 1.34538 0.838443 0.003259
v 1.34538 0.839632 0.005292
v 1.34538 0.837156 0.005721
vn 1 0 -0
vn 1 0 -0
vn 1 0 -0
vt 0.658328 0.018798
vt 0.657944 0.019022
vt 0.657862 0.018555
f 2401/2401/2401 2402/2402/2402 2403/2403/2403
v 1.34538 0.837107 0.007969
v 1.34538 0.837156 0.005721
v 1.34538 0.839632 0.005292
vn 1 0 -0
vn 1 0 -0
vn 1 0 -0
vt 0.657438 0.018545
vt 0.657862 0.018555
vt 0.657944 0.019022
f 2404/2404/2404 2405/2405/2405 2406/2406/2406
v 1.34538 0.839632 0.005292
v 1.34538 0.840821 0.007325
v 1.34538 0.837107 0.007969
vn 1 0 -0
vn 1 0 -0
vn 1 0 -0
vt 0.657944 0.019022
vt 0.65756 0.019247
vt 0.657438 0.018545
f 2407/2407/2407 2408/2408/2408 2409/2409/2409
v 1.34538 0.837059 0.010217
v 1.34538 0.837107 0.007969
v 1.34538 0.840821 0.007325
vn 1 0 -0
vn 1 0 -0
vn 1 0 -0
vt 0.657013 0.018536
vt 0.657438 0.018545
vt 0.65756 0.019247
f 2410/2410/2410 2411/2411/2411 2412/2412/2412
v 1.34538 0.840821 0.007325
v 1.34538 0.84201 0.009358
v 1.34538 0.837059 0.010217
vn 1 0 -0
vn 1 0 -0
vn 1 0 -0
vt 0.65756 0.019247
vt 0.657176 0.019471
vt 0.657013 0.018536
f 2413/2413/2413 2414/2414/2414 2415/2415/2415
v 1.34538 0.837254 0.001226
v 1.34538 0.837205 0.003474
v 1.34538 0.835967 0.003688
vn 1 0 -0
vn 1 0 -0
vn 1 0 -0
vt 0.658711 0.018573
vt 0.658287 0.018564
vt 0.658246 0.01833
f 2416/2416/2416 2417/2417/2417 2418/2418/2418
v 1.34538 0.83468 0.006151
v 1.34538 0.835967 0.003688
v 1.34538 0.837205 0.003474
vn 1 0 -0
vn 1 0 -0
vn 1 0 -0
vt 0.657781 0.018087
vt 0.658246 0.01833
vt 0.658287 0.018564
f 2419/2419/2419 2420/2420/2420 2421/2421/2421
v 1.34538 0.837205 0.003474
v 1.34538 0.837156 0.005721
v 1.34538 0.83468 0.006151
vn 1 0 -0
vn 1 0 -0
vn 1 0 -0
vt 0.658287 0.018564
vt 0.657862 0.018555
vt 0.657781 0.018087
f 2422/2422/2422 2423/2423/2423 2424/2424/2424
v 1.34538 0.833394 0.008613
v 1.34538 0.83468 0.006151
v 1.34538 0.837156 0.005721
vn 1 0 -0
vn 1 0 -0
vn 1 0 -0
vt 0.657316 0.017844
vt 0.657781 0.018087
vt 0.657862 0.018555
f 2425/2425/2425 2426/2426/2426 2427/2427/2427
v 1.34538 0.837156 0.005721
v 1.34538 0.837107 0.007969
v 1.34538 0.833394 0.008613
vn 1 0 -0
vn 1 0 -0
vn 1 0 -0
vt 0.657862 0.018555
vt 0.657438 0.018545
vt 0.657316 0.017844
f 2428/2428/2428 2429/2429/2429 2430/2430/2430
v 1.34538 0.832107 0.011076
v 1.34538 0.833394 0.008613
v 1.34538 0.837107 0.007969
vn 1 0 -0
vn 1 0 -0
vn 1 0 -0
vt 0.656851 0.017601
vt 0.657316 0.017844
vt 0.657438 0.018545
f 2431/2431/2431 2432/2432/2432 2433/2433/2433
v 1.34538 0.837107 0.007969
v 1.34538 0.837059 0.010217
v 1.34538 0.832107 0.011076
vn 1 0 -0
vn 1 0 -0
vn 1 0 -0
vt 0.657438 0.018545
vt 0.657013 0.018536
vt 0.656851 0.017601
f 2434/2434/2434 2435/2435/2435 2436/2436/2436
v 1.34538 0.832205 0.006581
v 1.34538 0.834729 0.003903
v 1.34538 0.835967 0.003688
vn 1 0 -0
vn 1 0 -0
vn 1 0 -0
vt 0.6577 0.017619
vt 0.658206 0.018096
vt 0.658246 0.01833
f 2437/2437/2437 2438/2438/2438 2439/2439/2439
v 1.34538 0.835967 0.003688
v 1.34538 0.83468 0.006151
v 1.34538 0.832205 0.006581
vn 1 0 -0
vn 1 0 -0
vn 1 0 -0
vt 0.658246 0.01833
vt 0.657781 0.018087
vt 0.6577 0.017619
f 2440/2440/2440 2441/2441/2441 2442/2442/2442
v 1.34538 0.82968 0.009258
v 1.34538 0.832205 0.006581
v 1.34538 0.83468 0.006151
vn 1 0 -0
vn 1 0 -0
vn 1 0 -0
vt 0.657195 0.017143
vt 0.6577 0.017619
vt 0.657781 0.018087
f 2443/2443/2443 2444/2444/2444 2445/2445/2445
v 1.34538 0.83468 0.006151
v 1.34538 0.833394 0.008613
v 1.34538 0.82968 0.009258
vn 1 0 -0
vn 1 0 -0
vn 1 0 -0
vt 0.657781 0.018087
vt 0.657316 0.017844
vt 0.657195 0.017143
f 2446/2446/2446 2447/2447/2447 2448/2448/2448
v 1.34538 0.827156 0.011935
v 1.34538 0.82968 0.009258
v 1.34538 0.833394 0.008613
vn 1 0 -0
vn 1 0 -0
vn 1 0 -0
vt 0.656689 0.016666
vt 0.657195 0.017143
vt 0.657316 0.017844
f 2449/2449/2449 2450/2450/2450 2451/2451/2451
v 1.34538 0.833394 0.008613
v 1.34538 0.832107 0.011076
v 1.34538 0.827156 0.011935
vn 1 0 -0
vn 1 0 -0
vn 1 0 -0
vt 0.657316 0.017844
vt 0.656851 0.017601
vt 0.656689 0.016666
f 2452/2452/2452 2453/2453/2453 2454/2454/2454
v 1.34538 0.837254 -0.001758
v 1.34538 0.834729 -0.004435
v 1.34538 0.835967 -0.00422
vn 1 0 -0
vn 1 0 -0
vn 1 0 -0
vt 0.659275 0.018573
vt 0.659781 0.018096
vt 0.65974 0.01833
f 2455/2455/2455 2456/2456/2456 2457/2457/2457
v 1.34538 0.83468 -0.006683
v 1.34538 0.835967 -0.00422
v 1.34538 0.834729 -0.004435
vn 1 0 -0
vn 1 0 -0
vn 1 0 -0
vt 0.660205 0.018087
vt 0.65974 0.01833
vt 0.659781 0.018096
f 2458/2458/2458 2459/2459/2459 2460/2460/2460
v 1.34538 0.834729 -0.004435
v 1.34538 0.832205 -0.007112
v 1.34538 0.83468 -0.006683
vn 1 0 -0
vn 1 0 -0
vn 1 0 -0
vt 0.659781 0.018096
vt 0.660286 0.017619
vt 0.660205 0.018087
f 2461/2461/2461 2462/2462/2462 2463/2463/2463
v 1.34538 0.833394 -0.009145
v 1.34538 0.83468 -0.006683
v 1.34538 0.832205 -0.007112
vn 1 0 -0
vn 1 0 -0
vn 1 0 -0
vt 0.66067 0.017844
vt 0.660205 0.018087
vt 0.660286 0.017619
f 2464/2464/2464 2465/2465/2465 2466/2466/2466
v 1.34538 0.832205 -0.007112
v 1.34538 0.82968 -0.00979
v 1.34538 0.833394 -0.009145
vn 1 0 -0
vn 1 0 -0
vn 1 0 -0
vt 0.660286 0.017619
vt 0.660792 0.017143
vt 0.66067 0.017844
f 2467/2467/2467 2468/2468/2468 2469/2469/2469
v 1.34538 0.832107 -0.011608
v 1.34538 0.833394 -0.009145
v 1.34538 0.82968 -0.00979
vn 1 0 -0
vn 1 0 -0
vn 1 0 -0
vt 0.661135 0.017601
vt 0.66067 0.017844
vt 0.660792 0.017143
f 2470/2470/2470 2471/2471/2471 2472/2472/2472
v 1.34538 0.82968 -0.00979
v 1.34538 0.827156 -0.012467
v 1.34538 0.832107 -0.011608
vn 1 0 -0
vn 1 0 -0
vn 1 0 -0
vt 0.660792 0.017143
vt 0.661298 0.016666
vt 0.661135 0.017601
f 2473/2473/2473 2474/2474/2474 2475/2475/2475
v 1.34538 0.837254 -0.001758
v 1.34538 0.835967 -0.00422
v 1.34538 0.837205 -0.004006
vn 1 0 -0
vn 1 0 -0
vn 1 0 -0
vt 0.659275 0.018573
vt 0.65974 0.01833
vt 0.659699 0.018564
f 2476/2476/2476 2477/2477/2477 2478/2478/2478
v 1.34538 0.837156 -0.006253
v 1.34538 0.837205 -0.004006
v 1.34538 0.835967 -0.00422
vn 1 0 -0
vn 1 0 -0
vn 1 0 -0
vt 0.660124 0.018555
vt 0.659699 0.018564
vt 0.65974 0.01833
f 2479/2479/2479 2480/2480/2480 2481/2481/2481
v 1.34538 0.835967 -0.00422
v 1.34538 0.83468 -0.006683
v 1.34538 0.837156 -0.006253
vn 1 0 -0
vn 1 0 -0
vn 1 0 -0
vt 0.65974 0.01833
vt 0.660205 0.018087
vt 0.660124 0.018555
f 2482/2482/2482 2483/2483/2483 2484/2484/2484
v 1.34538 0.837107 -0.008501
v 1.34538 0.837156 -0.006253
v 1.34538 0.83468 -0.006683
vn 1 0 -0
vn 1 0 -0
vn 1 0 -0
vt 0.660549 0.018545
vt 0.660124 0.018555
vt 0.660205 0.018087
f 2485/2485/2485 2486/2486/2486 2487/2487/2487
v 1.34538 0.83468 -0.006683
v 1.34538 0.833394 -0.009145
v 1.34538 0.837107 -0.008501
vn 1 0 -0
vn 1 0 -0
vn 1 0 -0
vt 0.660205 0.018087
vt 0.66067 0.017844
vt 0.660549 0.018545
f 2488/2488/2488 2489/2489/2489 2490/2490/2490
v 1.34538 0.837059 -0.010749
v 1.34538 0.837107 -0.008501
v 1.34538 0.833394 -0.009145
vn 1 0 -0
vn 1 0 -0
vn 1 0 -0
vt 0.660973 0.018536
vt 0.660549 0.018545
vt 0.66067 0.017844
f 2491/2491/2491 2492/2492/2492 2493/2493/2493
v 1.34538 0.833394 -0.009145
v 1.34538 0.832107 -0.011608
v 1.34538 0.837059 -0.010749
vn 1 0 -0
vn 1 0 -0
vn 1 0 -0
vt 0.66067 0.017844
vt 0.661135 0.017601
vt 0.660973 0.018536
f 2494/2494/2494 2495/2495/2495 2496/2496/2496
v 1.34538 0.837254 -0.001758
v 1.34538 0.837205 -0.004006
v 1.34538 0.838443 -0.003791
vn 1 0 -0
vn 1 0 -0
vn 1 0 -0
vt 0.659275 0.018573
vt 0.659699 0.018564
vt 0.659659 0.018798
f 2497/2497/2497 2498/2498/2498 2499/2499/2499
v 1.34538 0.839632 -0.005824
v 1.34538 0.838443 -0.003791
v 1.34538 0.837205 -0.004006
vn 1 0 -0
vn 1 0 -0
vn 1 0 -0
vt 0.660043 0.019022
vt 0.659659 0.018798
vt 0.659699 0.018564
f 2500/2500/2500 2501/2501/2501 2502/2502/2502
v 1.34538 0.837205 -0.004006
v 1.34538 0.837156 -0.006253
v 1.34538 0.839632 -0.005824
vn 1 0 -0
vn 1 0 -0
vn 1 0 -0
vt 0.659699 0.018564
vt 0.660124 0.018555
vt 0.660043 0.019022
f 2503/2503/2503 2504/2504/2504 2505/2505/2505
v 1.34538 0.840821 -0.007857
v 1.34538 0.839632 -0.005824
v 1.34538 0.837156 -0.006253
vn 1 0 -0
vn 1 0 -0
vn 1 0 -0
vt 0.660427 0.019247
vt 0.660043 0.019022
vt 0.660124 0.018555
f 2506/2506/2506 2507/2507/2507 2508/2508/2508
v 1.34538 0.837156 -0.006253
v 1.34538 0.837107 -0.008501
v 1.34538 0.840821 -0.007857
vn 1 0 -0
vn 1 0 -0
vn 1 0 -0
vt 0.660124 0.018555
vt 0.660549 0.018545
vt 0.660427 0.019247
f 2509/2509/2509 2510/2510/2510 2511/2511/2511
v 1.34538 0.84201 -0.00989
v 1.34538 0.840821 -0.007857
v 1.34538 0.837107 -0.008501
vn 1 0 -0
vn 1 0 -0
vn 1 0 -0
vt 0.660811 0.019471
vt 0.660427 0.019247
vt 0.660549 0.018545
f 2512/2512/2512 2513/2513/2513 2514/2514/2514
v 1.34538 0.837107 -0.008501
v 1.34538 0.837059 -0.010749
v 1.34538 0.84201 -0.00989
vn 1 0 -0
vn 1 0 -0
vn 1 0 -0
vt 0.660549 0.018545
vt 0.660973 0.018536
vt 0.660811 0.019471
f 2515/2515/2515 2516/2516/2516 2517/2517/2517
v 1.34538 0.842107 -0.005394
v 1.34538 0.839681 -0.003576
v 1.34538 0.838443 -0.003791
vn 1 0 -0
vn 1 0 -0
vn 1 0 -0
vt 0.659962 0.01949
vt 0.659618 0.019031
vt 0.659659 0.018798
f 2518/2518/2518 2519/2519/2519 2520/2520/2520
v 1.34538 0.838443 -0.003791
v 1.34538 0.839632 -0.005824
v 1.34538 0.842107 -0.005394
vn 1 0 -0
vn 1 0 -0
vn 1 0 -0
vt 0.659659 0.018798
vt 0.660043 0.019022
vt 0.659962 0.01949
f 2521/2521/2521 2522/2522/2522 2523/2523/2523
v 1.34538 0.844534 -0.007212
v 1.34538 0.842107 -0.005394
v 1.34538 0.839632 -0.005824
vn 1 0 -0
vn 1 0 -0
vn 1 0 -0
vt 0.660305 0.019948
vt 0.659962 0.01949
vt 0.660043 0.019022
f 2524/2524/2524 2525/2525/2525 2526/2526/2526
v 1.34538 0.839632 -0.005824
v 1.34538 0.840821 -0.007857
v 1.34538 0.844534 -0.007212
vn 1 0 -0
vn 1 0 -0
vn 1 0 -0
vt 0.660043 0.019022
vt 0.660427 0.019247
vt 0.660305 0.019948
f 2527/2527/2527 2528/2528/2528 2529/2529/2529
v 1.34538 0.846961 -0.00903
v 1.34538 0.844534 -0.007212
v 1.34538 0.840821 -0.007857
vn 1 0 -0
vn 1 0 -0
vn 1 0 -0
vt 0.660649 0.020406
vt 0.660305 0.019948
vt 0.660427 0.019247
f 2530/2530/2530 2531/2531/2531 2532/2532/2532
v 1.34538 0.840821 -0.007857
v 1.34538 0.84201 -0.00989
v 1.34538 0.846961 -0.00903
vn 1 0 -0
vn 1 0 -0
vn 1 0 -0
vt 0.660427 0.019247
vt 0.660811 0.019471
vt 0.660649 0.020406
f 2533/2533/2533 2534/2534/2534 2535/2535/2535
v 1.32395 0.837254 -0.001758
v 1.32395 0.839681 -0.003576
v 1.32395 0.838443 -0.003791
vn -1 0 -0
vn -1 0 -0
vn -1 0 -0
vt 0.658711 0.025714
vt 0.658368 0.026172
vt 0.658328 0.025938
f 2536/2536/2536 2537/2537/2537 2538/2538/2538
v 1.32395 0.839632 -0.005824
v 1.32395 0.838443 -0.003791
v 1.32395 0.839681 -0.003576
vn -1 0 -0
vn -1 0 -0
vn -1 0 -0
vt 0.657944 0.026163
vt 0.658328 0.025938
vt 0.658368 0.026172
f 2539/2539/2539 2540/2540/2540 2541/2541/2541
v 1.32395 0.839681 -0.003576
v 1.32395 0.842107 -0.005394
v 1.32395 0.839632 -0.005824
vn -1 0 -0
vn -1 0 -0
vn -1 0 -0
vt 0.658368 0.026172
vt 0.658025 0.026631
vt 0.657944 0.026163
f 2542/2542/2542 2543/2543/2543 2544/2544/2544
v 1.32395 0.840821 -0.007857
v 1.32395 0.839632 -0.005824
v 1.32395 0.842107 -0.005394
vn -1 0 -0
vn -1 0 -0
vn -1 0 -0
vt 0.65756 0.026388
vt 0.657944 0.026163
vt 0.658025 0.026631
f 2545/2545/2545 2546/2546/2546 2547/2547/2547
v 1.32395 0.842107 -0.005394
v 1.32395 0.844534 -0.007212
v 1.32395 0.840821 -0.007857
vn -1 0 -0
vn -1 0 -0
vn -1 0 -0
vt 0.658025 0.026631
vt 0.657681 0.027089
vt 0.65756 0.026388
f 2548/2548/2548 2549/2549/2549 2550/2550/2550
v 1.32395 0.84201 -0.00989
v 1.32395 0.840821 -0.007857
v 1.32395 0.844534 -0.007212
vn -1 0 -0
vn -1 0 -0
vn -1 0 -0
vt 0.657176 0.026612
vt 0.65756 0.026388
vt 0.657681 0.027089
f 2551/2551/2551 2552/2552/2552 2553/2553/2553
v 1.32395 0.844534 -0.007212
v 1.32395 0.846961 -0.00903
v 1.32395 0.84201 -0.00989
vn -1 0 -0
vn -1 0 -0
vn -1 0 -0
vt 0.657681 0.027089
vt 0.657338 0.027547
vt 0.657176 0.026612
f 2554/2554/2554 2555/2555/2555 2556/2556/2556
v 1.32395 0.837254 -0.001758
v 1.32395 0.838443 -0.003791
v 1.32395 0.837205 -0.004006
vn -1 0 -0
vn -1 0 -0
vn -1 0 -0
vt 0.658711 0.025714
vt 0.658328 0.025938
vt 0.658287 0.025705
f 2557/2557/2557 2558/2558/2558 2559/2559/2559
v 1.32395 0.837156 -0.006253
v 1.32395 0.837205 -0.004006
v 1.32395 0.838443 -0.003791
vn -1 0 -0
vn -1 0 -0
vn -1 0 -0
vt 0.657862 0.025695
vt 0.658287 0.025705
vt 0.658328 0.025938
f 2560/2560/2560 2561/2561/2561 2562/2562/2562
v 1.32395 0.838443 -0.003791
v 1.32395 0.839632 -0.005824
v 1.32395 0.837156 -0.006253
vn -1 0 -0
vn -1 0 -0
vn -1 0 -0
vt 0.658328 0.025938
vt 0.657944 0.026163
vt 0.657862 0.025695
f 2563/2563/2563 2564/2564/2564 2565/2565/2565
v 1.32395 0.837107 -0.008501
v 1.32395 0.837156 -0.006253
v 1.32395 0.839632 -0.005824
vn -1 0 -0
vn -1 0 -0
vn -1 0 -0
vt 0.657438 0.025686
vt 0.657862 0.025695
vt 0.657944 0.026163
f 2566/2566/2566 2567/2567/2567 2568/2568/2568
v 1.32395 0.839632 -0.005824
v 1.32395 0.840821 -0.007857
v 1.32395 0.837107 -0.008501
vn -1 0 -0
vn -1 0 -0
vn -1 0 -0
vt 0.657944 0.026163
vt 0.65756 0.026388
vt 0.657438 0.025686
f 2569/2569/2569 2570/2570/2570 2571/2571/2571
v 1.32395 0.837059 -0.010749
v 1.32395 0.837107 -0.008501
v 1.32395 0.840821 -0.007857
vn -1 0 -0
vn -1 0 -0
vn -1 0 -0
vt 0.657013 0.025677
vt 0.657438 0.025686
vt 0.65756 0.026388
f 2572/2572/2572 2573/2573/2573 2574/2574/2574
v 1.32395 0.840821 -0.007857
v 1.32395 0.84201 -0.00989
v 1.32395 0.837059 -0.010749
vn -1 0 -0
vn -1 0 -0
vn -1 0 -0
vt 0.65756 0.026388
vt 0.657176 0.026612
vt 0.657013 0.025677
f 2575/2575/2575 2576/2576/2576 2577/2577/2577
v 1.32395 0.837254 -0.001758
v 1.32395 0.837205 -0.004006
v 1.32395 0.835967 -0.00422
vn -1 0 -0
vn -1 0 -0
vn -1 0 -0
vt 0.658711 0.025714
vt 0.658287 0.025705
vt 0.658246 0.025471
f 2578/2578/2578 2579/2579/2579 2580/2580/2580
v 1.32395 0.83468 -0.006683
v 1.32395 0.835967 -0.00422
v 1.32395 0.837205 -0.004006
vn -1 0 -0
vn -1 0 -0
vn -1 0 -0
vt 0.657781 0.025228
vt 0.658246 0.025471
vt 0.658287 0.025705
f 2581/2581/2581 2582/2582/2582 2583/2583/2583
v 1.32395 0.837205 -0.004006
v 1.32395 0.837156 -0.006253
v 1.32395 0.83468 -0.006683
vn -1 0 -0
vn -1 0 -0
vn -1 0 -0
vt 0.658287 0.025705
vt 0.657862 0.025695
vt 0.657781 0.025228
f 2584/2584/2584 2585/2585/2585 2586/2586/2586
v 1.32395 0.833394 -0.009145
v 1.32395 0.83468 -0.006683
v 1.32395 0.837156 -0.006253
vn -1 0 -0
vn -1 0 -0
vn -1 0 -0
vt 0.657316 0.024985
vt 0.657781 0.025228
vt 0.657862 0.025695
f 2587/2587/2587 2588/2588/2588 2589/2589/2589
v 1.32395 0.837156 -0.006253
v 1.32395 0.837107 -0.008501
v 1.32395 0.833394 -0.009145
vn -1 0 -0
vn -1 0 -0
vn -1 0 -0
vt 0.657862 0.025695
vt 0.657438 0.025686
vt 0.657316 0.024985
f 2590/2590/2590 2591/2591/2591 2592/2592/2592
v 1.32395 0.832107 -0.011608
v 1.32395 0.833394 -0.009145
v 1.32395 0.837107 -0.008501
vn -1 0 -0
vn -1 0 -0
vn -1 0 -0
vt 0.656851 0.024742
vt 0.657316 0.024985
vt 0.657438 0.025686
f 2593/2593/2593 2594/2594/2594 2595/2595/2595
v 1.32395 0.837107 -0.008501
v 1.32395 0.837059 -0.010749
v 1.32395 0.832107 -0.011608
vn -1 0 -0
vn -1 0 -0
vn -1 0 -0
vt 0.657438 0.025686
vt 0.657013 0.025677
vt 0.656851 0.024742
f 2596/2596/2596 2597/2597/2597 2598/2598/2598
v 1.32395 0.832205 -0.007112
v 1.32395 0.834729 -0.004435
v 1.32395 0.835967 -0.00422
vn -1 0 -0
vn -1 0 -0
vn -1 0 -0
vt 0.6577 0.02476
vt 0.658206 0.025237
vt 0.658246 0.025471
f 2599/2599/2599 2600/2600/2600 2601/2601/2601
v 1.32395 0.835967 -0.00422
v 1.32395 0.83468 -0.006683
v 1.32395 0.832205 -0.007112
vn -1 0 -0
vn -1 0 -0
vn -1 0 -0
vt 0.658246 0.025471
vt 0.657781 0.025228
vt 0.6577 0.02476
f 2602/2602/2602 2603/2603/2603 2604/2604/2604
v 1.32395 0.82968 -0.00979
v 1.32395 0.832205 -0.007112
v 1.32395 0.83468 -0.006683
vn -1 0 -0
vn -1 0 -0
vn -1 0 -0
vt 0.657195 0.024284
vt 0.6577 0.02476
vt 0.657781 0.025228
f 2605/2605/2605 2606/2606/2606 2607/2607/2607
v 1.32395 0.83468 -0.006683
v 1.32395 0.833394 -0.009145
v 1.32395 0.82968 -0.00979
vn -1 0 -0
vn -1 0 -0
vn -1 0 -0
vt 0.657781 0.025228
vt 0.657316 0.024985
vt 0.657195 0.024284
f 2608/2608/2608 2609/2609/2609 2610/2610/2610
v 1.32395 0.827156 -0.012467
v 1.32395 0.82968 -0.00979
v 1.32395 0.833394 -0.009145
vn -1 0 -0
vn -1 0 -0
vn -1 0 -0
vt 0.656689 0.023807
vt 0.657195 0.024284
vt 0.657316 0.024985
f 2611/2611/2611 2612/2612/2612 2613/2613/2613
v 1.32395 0.833394 -0.009145
v 1.32395 0.832107 -0.011608
v 1.32395 0.827156 -0.012467
vn -1 0 -0
vn -1 0 -0
vn -1 0 -0
vt 0.657316 0.024985
vt 0.656851 0.024742
vt 0.656689 0.023807
f 2614/2614/2614 2615/2615/2615 2616/2616/2616
v 1.32395 0.837059 0.010217
v 1.32395 0.832107 0.011076
v 1.34538 0.832107 0.011076
vn 0 0.170962 0.985278
vn 0 0.170962 0.985278
vn 0 0.170962 0.985278
vt 0.648117 0.02575
vt 0.648117 0.024805
vt 0.652174 0.024805
f 2617/2617/2617 2618/2618/2618 2619/2619/2619
v 1.34538 0.832107 0.011076
v 1.34538 0.837059 0.010217
v 1.32395 0.837059 0.010217
vn 0 0.170962 0.985278
vn 0 0.170962 0.985278
vn 0 0.170962 0.985278
vt 0.652174 0.024805
vt 0.652174 0.02575
vt 0.648117 0.02575
f 2620/2620/2620 2621/2621/2621 2622/2622/2622
v 1.32395 0.84201 0.009358
v 1.32395 0.837059 0.010217
v 1.34538 0.837059 0.010217
vn 0 0.170962 0.985278
vn 0 0.170962 0.985278
vn 0 0.170962 0.985278
vt 0.648117 0.026696
vt 0.648117 0.02575
vt 0.652174 0.02575
f 2623/2623/2623 2624/2624/2624 2625/2625/2625
v 1.34538 0.837059 0.010217
v 1.34538 0.84201 0.009358
v 1.32395 0.84201 0.009358
vn 0 0.170962 0.985278
vn 0 0.170962 0.985278
vn 0 0.170962 0.985278
vt 0.652174 0.02575
vt 0.652174 0.026696
vt 0.648117 0.026696
f 2626/2626/2626 2627/2627/2627 2628/2628/2628
v 1.32395 0.846961 0.008498
v 1.32395 0.84201 0.009358
v 1.34538 0.84201 0.009358
vn 0 0.226362 0.974043
vn 0 0.170962 0.985278
vn 0 0.170962 0.985278
vt 0.648117 0.027641
vt 0.648117 0.026696
vt 0.652174 0.026696
f 2629/2629/2629 2630/2630/2630 2631/2631/2631
v 1.34538 0.84201 0.009358
v 1.34538 0.846961 0.008498
v 1.32395 0.846961 0.008498
vn 0 0.170962 0.985278
vn 0 0.226362 0.974043
vn 0 0.226362 0.974043
vt 0.652174 0.026696
vt 0.652174 0.027641
vt 0.648117 0.027641
f 2632/2632/2632 2633/2633/2633 2634/2634/2634
v 1.34538 0.837059 -0.010749
v 1.34538 0.832107 -0.011608
v 1.32395 0.832107 -0.011608
vn 0 0.170962 -0.985278
vn 0 0.170962 -0.985278
vn 0 0.170962 -0.985278
vt 0.644088 0.025837
vt 0.644088 0.02489
vt 0.648188 0.02489
f 2635/2635/2635 2636/2636/2636 2637/2637/2637
v 1.32395 0.832107 -0.011608
v 1.32395 0.837059 -0.010749
v 1.34538 0.837059 -0.010749
vn 0 0.170962 -0.985278
vn 0 0.170962 -0.985278
vn 0 0.170962 -0.985278
vt 0.648188 0.02489
vt 0.648188 0.025837
vt 0.644088 0.025837
f 2638/2638/2638 2639/2639/2639 2640/2640/2640
v 1.34538 0.84201 -0.00989
v 1.34538 0.837059 -0.010749
v 1.32395 0.837059 -0.010749
vn 0 0.170962 -0.985278
vn 0 0.170962 -0.985278
vn 0 0.170962 -0.985278
vt 0.644088 0.026785
vt 0.644088 0.025837
vt 0.648188 0.025837
f 2641/2641/2641 2642/2642/2642 2643/2643/2643
v 1.32395 0.837059 -0.010749
v 1.32395 0.84201 -0.00989
v 1.34538 0.84201 -0.00989
vn 0 0.170962 -0.985278
vn 0 0.170962 -0.985278
vn 0 0.170962 -0.985278
vt 0.648188 0.025837
vt 0.648188 0.026785
vt 0.644088 0.026785
f 2644/2644/2644 2645/2645/2645 2646/2646/2646
v 1.34538 0.846961 -0.00903
v 1.34538 0.84201 -0.00989
v 1.32395 0.84201 -0.00989
vn 0 0.226362 -0.974043
vn 0 0.170962 -0.985278
vn 0 0.170962 -0.985278
vt 0.644088 0.027732
vt 0.644088 0.026785
vt 0.648188 0.026785
f 2647/2647/2647 2648/2648/2648 2649/2649/2649
v 1.32395 0.84201 -0.00989
v 1.32395 0.846961 -0.00903
v 1.34538 0.846961 -0.00903
vn 0 0.170962 -0.985278
vn 0 0.226362 -0.974043
vn 0 0.226362 -0.974043
vt 0.648188 0.026785
vt 0.648188 0.027732
vt 0.644088 0.027732
f 2650/2650/2650 2651/2651/2651 2652/2652/2652
v 1.32395 0.818721 0.006741
v 1.32395 0.818159 0.002349
v 1.34538 0.818159 0.002349
vn 0 -0.991904 0.126986
vn 0 -0.991904 0.126986
vn 0 -0.991904 0.126986
vt 0.660746 0.015069
vt 0.659897 0.015069
vt 0.659897 0.010929
f 2653/2653/2653 2654/2654/2654 2655/2655/2655
v 1.34538 0.818159 0.002349
v 1.34538 0.818721 0.006741
v 1.32395 0.818721 0.006741
vn 0 -0.991904 0.126986
vn 0 -0.991904 0.126986
vn 0 -0.991904 0.126986
vt 0.659897 0.010929
vt 0.660746 0.010929
vt 0.660746 0.015069
f 2656/2656/2656 2657/2657/2657 2658/2658/2658
v 1.34538 0.818721 -0.007273
v 1.34538 0.818159 -0.002881
v 1.32395 0.818159 -0.002881
vn 0 -0.991904 -0.126986
vn 0 -0.991904 -0.126986
vn 0 -0.991904 -0.126986
vt 0.658038 0.010929
vt 0.658887 0.010929
vt 0.658887 0.015069
f 2659/2659/2659 2660/2660/2660 2661/2661/2661
v 1.32395 0.818159 -0.002881
v 1.32395 0.818721 -0.007273
v 1.34538 0.818721 -0.007273
vn 0 -0.991904 -0.126986
vn 0 -0.991904 -0.126986
vn 0 -0.991904 -0.126986
vt 0.658887 0.015069
vt 0.658038 0.015069
vt 0.658038 0.010929
f 2662/2662/2662 2663/2663/2663 2664/2664/2664
v 1.32395 0.820408 0.009803
v 1.32395 0.818721 0.006741
v 1.34538 0.818721 0.006741
vn 0 -0.875856 0.482572
vn 0 -0.875856 0.482572
vn 0 -0.875856 0.482572
vt 0.661337 0.015069
vt 0.660746 0.015069
vt 0.660746 0.010929
f 2665/2665/2665 2666/2666/2666 2667/2667/2667
v 1.34538 0.818721 0.006741
v 1.34538 0.820408 0.009803
v 1.32395 0.820408 0.009803
vn 0 -0.875856 0.482572
vn 0 -0.875856 0.482572
vn 0 -0.875856 0.482572
vt 0.660746 0.010929
vt 0.661337 0.010929
vt 0.661337 0.015069
f 2668/2668/2668 2669/2669/2669 2670/2670/2670
v 1.32395 0.82322 0.011534
v 1.32395 0.820408 0.009803
v 1.34538 0.820408 0.009803
vn 0 -0.524328 0.851516
vn 0 -0.524328 0.851516
vn 0 -0.524328 0.851516
vt 0.64514 0.018597
vt 0.644589 0.018597
vt 0.644589 0.0144
f 2671/2671/2671 2672/2672/2672 2673/2673/2673
v 1.34538 0.820408 0.009803
v 1.34538 0.82322 0.011534
v 1.32395 0.82322 0.011534
vn 0 -0.524328 0.851516
vn 0 -0.524328 0.851516
vn 0 -0.524328 0.851516
vt 0.644589 0.0144
vt 0.64514 0.0144
vt 0.64514 0.018597
f 2674/2674/2674 2675/2675/2675 2676/2676/2676
v 1.32395 0.827156 0.011935
v 1.32395 0.82322 0.011534
v 1.34538 0.82322 0.011534
vn 0 -0.101284 0.994858
vn 0 -0.101284 0.994858
vn 0 -0.101284 0.994858
vt 0.645911 0.018597
vt 0.64514 0.018597
vt 0.64514 0.0144
f 2677/2677/2677 2678/2678/2678 2679/2679/2679
v 1.34538 0.82322 0.011534
v 1.34538 0.827156 0.011935
v 1.32395 0.827156 0.011935
vn 0 -0.101284 0.994858
vn 0 -0.101284 0.994858
vn 0 -0.101284 0.994858
vt 0.64514 0.0144
vt 0.645911 0.0144
vt 0.645911 0.018597
f 2680/2680/2680 2681/2681/2681 2682/2682/2682
v 1.34538 0.820408 -0.010335
v 1.34538 0.818721 -0.007273
v 1.32395 0.818721 -0.007273
vn 0 -0.875857 -0.482571
vn 0 -0.875857 -0.482571
vn 0 -0.875857 -0.482571
vt 0.657446 0.010929
vt 0.658038 0.010929
vt 0.658038 0.015069
f 2683/2683/2683 2684/2684/2684 2685/2685/2685
v 1.32395 0.818721 -0.007273
v 1.32395 0.820408 -0.010335
v 1.34538 0.820408 -0.010335
vn 0 -0.875857 -0.482571
vn 0 -0.875857 -0.482571
vn 0 -0.875857 -0.482571
vt 0.658038 0.015069
vt 0.657446 0.015069
vt 0.657446 0.010929
f 2686/2686/2686 2687/2687/2687 2688/2688/2688
v 1.34538 0.82322 -0.012066
v 1.34538 0.820408 -0.010335
v 1.32395 0.820408 -0.010335
vn 0 -0.524329 -0.851516
vn 0 -0.524329 -0.851516
vn 0 -0.524329 -0.851516
vt 0.64514 0.023989
vt 0.644589 0.023989
vt 0.644589 0.019791
f 2689/2689/2689 2690/2690/2690 2691/2691/2691
v 1.32395 0.820408 -0.010335
v 1.32395 0.82322 -0.012066
v 1.34538 0.82322 -0.012066
vn 0 -0.524329 -0.851516
vn 0 -0.524329 -0.851516
vn 0 -0.524329 -0.851516
vt 0.644589 0.019791
vt 0.64514 0.019791
vt 0.64514 0.023989
f 2692/2692/2692 2693/2693/2693 2694/2694/2694
v 1.34538 0.827156 -0.012467
v 1.34538 0.82322 -0.012066
v 1.32395 0.82322 -0.012066
vn 0 -0.101283 -0.994858
vn 0 -0.101283 -0.994858
vn 0 -0.101283 -0.994858
vt 0.645911 0.023989
vt 0.64514 0.023989
vt 0.64514 0.019791
f 2695/2695/2695 2696/2696/2696 2697/2697/2697
v 1.32395 0.82322 -0.012066
v 1.32395 0.827156 -0.012467
v 1.34538 0.827156 -0.012467
vn 0 -0.101283 -0.994858
vn 0 -0.101283 -0.994858
vn 0 -0.101283 -0.994858
vt 0.64514 0.019791
vt 0.645911 0.019791
vt 0.645911 0.023989
f 2698/2698/2698 2699/2699/2699 2700/2700/2700
v -1.38457 3.25024 0.10174
v -1.38457 3.25024 0.071425
v -1.34488 3.25024 0.071425
vn 0 -1 -0
vn 0 -1 -0
vn 0 -1 -0
vt 0.500614 0.566186
vt 0.500614 0.56046
vt 0.508109 0.56046
f 2701/2701/2701 2702/2702/2702 2703/2703/2703
v -1.34488 3.25024 0.071425
v -1.34488 3.25024 0.10174
v -1.38457 3.25024 0.10174
vn 0 -1 -0
vn 0 -1 -0
vn 0 -1 -0
vt 0.508109 0.56046
vt 0.508109 0.566186
vt 0.500614 0.566186
f 2704/2704/2704 2705/2705/2705 2706/2706/2706
v -1.34488 3.25575 0.09276
v -1.34488 3.25575 0.071425
v 1.34488 3.25575 0.071425
vn 0 -1 -0
vn 0 -1 -0
vn 0 -1 -0
vt 0.522965 0.522978
vt 0.518923 0.522978
vt 0.518923 0.013437
f 2707/2707/2707 2708/2708/2708 2709/2709/2709
v 1.34488 3.25575 0.071425
v 1.34488 3.25575 0.09276
v -1.34488 3.25575 0.09276
vn 0 -1 -0
vn 0 -1 -0
vn 0 -1 -0
vt 0.518923 0.013437
vt 0.522965 0.013437
vt 0.522965 0.522978
f 2710/2710/2710 2711/2711/2711 2712/2712/2712
v 1.34488 3.25024 0.10174
v 1.34488 3.25024 0.071425
v 1.38457 3.25024 0.071425
vn 0 -1 -0
vn 0 -1 -0
vn 0 -1 -0
vt 0.481694 0.571854
vt 0.481694 0.566129
vt 0.489189 0.566129
f 2713/2713/2713 2714/2714/2714 2715/2715/2715
v 1.38457 3.25024 0.071425
v 1.38457 3.25024 0.10174
v 1.34488 3.25024 0.10174
vn 0 -1 -0
vn 0 -1 -0
vn 0 -1 -0
vt 0.489189 0.566129
vt 0.489189 0.571854
vt 0.481694 0.571854
f 2716/2716/2716 2717/2717/2717 2718/2718/2718
v -1.38457 3.25024 0.071425
v -1.38457 3.25024 0.04111
v -1.34488 3.25024 0.04111
vn 0 -1 -0
vn 0 -1 -0
vn 0 -1 -0
vt 0.512114 0.560517
vt 0.512114 0.554792
vt 0.519609 0.554792
f 2719/2719/2719 2720/2720/2720 2721/2721/2721
v -1.34488 3.25024 0.04111
v -1.34488 3.25024 0.071425
v -1.38457 3.25024 0.071425
vn 0 -1 -0
vn 0 -1 -0
vn 0 -1 -0
vt 0.519609 0.554792
vt 0.519609 0.560517
vt 0.512114 0.560517
f 2722/2722/2722 2723/2723/2723 2724/2724/2724
v -1.34488 3.25575 0.071425
v -1.34488 3.25575 0.04111
v 1.34488 3.25575 0.04111
vn 0 -1 -0
vn 0 -1 -0
vn 0 -1 -0
vt 0.518923 0.522978
vt 0.51318 0.522978
vt 0.51318 0.013437
f 2725/2725/2725 2726/2726/2726 2727/2727/2727
v 1.34488 3.25575 0.04111
v 1.34488 3.25575 0.071425
v -1.34488 3.25575 0.071425
vn 0 -1 -0
vn 0 -1 -0
vn 0 -1 -0
vt 0.51318 0.013437
vt 0.518923 0.013437
vt 0.518923 0.522978
f 2728/2728/2728 2729/2729/2729 2730/2730/2730
v 1.34488 3.25024 0.071425
v 1.34488 3.25024 0.04111
v 1.38457 3.25024 0.04111
vn 0 -1 -0
vn 0 -1 -0
vn 0 -1 -0
vt 0.512114 0.554849
vt 0.512114 0.549124
vt 0.519609 0.549124
f 2731/2731/2731 2732/2732/2732 2733/2733/2733
v 1.38457 3.25024 0.04111
v 1.38457 3.25024 0.071425
v 1.34488 3.25024 0.071425
vn 0 -1 -0
vn 0 -1 -0
vn 0 -1 -0
vt 0.519609 0.549124
vt 0.519609 0.554849
vt 0.512114 0.554849
f 2734/2734/2734 2735/2735/2735 2736/2736/2736
v -1.38457 3.25024 0.04111
v -1.38457 3.25024 0.010795
v -1.34488 3.25024 0.010795
vn 0 -1 -0
vn 0 -1 -0
vn 0 -1 -0
vt 0.489114 0.571854
vt 0.489114 0.566129
vt 0.496609 0.566129
f 2737/2737/2737 2738/2738/2738 2739/2739/2739
v -1.34488 3.25024 0.010795
v -1.34488 3.25024 0.04111
v -1.38457 3.25024 0.04111
vn 0 -1 -0
vn 0 -1 -0
vn 0 -1 -0
vt 0.496609 0.566129
vt 0.496609 0.571854
vt 0.489114 0.571854
f 2740/2740/2740 2741/2741/2741 2742/2742/2742
v -1.34488 3.25575 0.04111
v -1.34488 3.25575 0.010795
v 1.34488 3.25575 0.010795
vn 0 -1 -0
vn 0 -1 -0
vn 0 -1 -0
vt 0.51318 0.522978
vt 0.507438 0.522978
vt 0.507438 0.013437
f 2743/2743/2743 2744/2744/2744 2745/2745/2745
v 1.34488 3.25575 0.010795
v 1.34488 3.25575 0.04111
v -1.34488 3.25575 0.04111
vn 0 -1 -0
vn 0 -1 -0
vn 0 -1 -0
vt 0.507438 0.013437
vt 0.51318 0.013437
vt 0.51318 0.522978
f 2746/2746/2746 2747/2747/2747 2748/2748/2748
v 1.34488 3.25024 0.04111
v 1.34488 3.25024 0.010795
v 1.38457 3.25024 0.010795
vn 0 -1 -0
vn 0 -1 -0
vn 0 -1 -0
vt 0.504694 0.560517
vt 0.504694 0.554792
vt 0.512189 0.554792
f 2749/2749/2749 2750/2750/2750 2751/2751/2751
v 1.38457 3.25024 0.010795
v 1.38457 3.25024 0.04111
v 1.34488 3.25024 0.04111
vn 0 -1 -0
vn 0 -1 -0
vn 0 -1 -0
vt 0.512189 0.554792
vt 0.512189 0.560517
vt 0.504694 0.560517
f 2752/2752/2752 2753/2753/2753 2754/2754/2754
v -1.38457 3.25024 -0.015953
v -1.34488 3.25024 -0.015953
v -1.34488 3.25024 0.010795
vn 0 -1 -0
vn 0 -1 -0
vn 0 -1 -0
vt 0.477973 0.5718
vt 0.485468 0.5718
vt 0.485468 0.576852
f 2755/2755/2755 2756/2756/2756 2757/2757/2757
v -1.34488 3.25024 0.010795
v -1.38457 3.25024 0.010795
v -1.38457 3.25024 -0.015953
vn 0 -1 -0
vn 0 -1 -0
vn 0 -1 -0
vt 0.485468 0.576852
vt 0.477973 0.576852
vt 0.477973 0.5718
f 2758/2758/2758 2759/2759/2759 2760/2760/2760
v -1.34488 3.37133 -0.015953
v 1.34488 3.37133 -0.015953
v 1.34488 3.37133 0.010795
vn 0 -1 -0
vn 0 -1 -0
vn 0 -1 -0
vt 0.50252 0.522204
vt 0.50252 0.014211
vt 0.507571 0.014211
f 2761/2761/2761 2762/2762/2762 2763/2763/2763
v 1.34488 3.37133 0.010795
v -1.34488 3.37133 0.010795
v -1.34488 3.37133 -0.015953
vn 0 -1 -0
vn 0 -1 -0
vn 0 -1 -0
vt 0.507571 0.014211
vt 0.507571 0.522204
vt 0.50252 0.522204
f 2764/2764/2764 2765/2765/2765 2766/2766/2766
v 1.34488 3.25024 -0.015953
v 1.38457 3.25024 -0.015953
v 1.38457 3.25024 0.010795
vn 0 -1 -0
vn 0 -1 -0
vn 0 -1 -0
vt 0.493194 0.561131
vt 0.500689 0.561131
vt 0.500689 0.566182
f 2767/2767/2767 2768/2768/2768 2769/2769/2769
v 1.38457 3.25024 0.010795
v 1.34488 3.25024 0.010795
v 1.34488 3.25024 -0.015953
vn 0 -1 -0
vn 0 -1 -0
vn 0 -1 -0
vt 0.500689 0.566182
vt 0.493194 0.566182
vt 0.493194 0.561131
f 2770/2770/2770 2771/2771/2771 2772/2772/2772
v -1.38457 3.40567 0.10174
v -1.34488 3.40567 0.10174
v -1.34488 3.40567 0.071425
vn 0 1 -0
vn 0 1 -0
vn 0 1 -0
vt 0.48369 0.596586
vt 0.491185 0.596586
vt 0.491185 0.602312
f 2773/2773/2773 2774/2774/2774 2775/2775/2775
v -1.34488 3.40567 0.071425
v -1.38457 3.40567 0.071425
v -1.38457 3.40567 0.10174
vn 0 1 -0
vn 0 1 -0
vn 0 1 -0
vt 0.491185 0.602312
vt 0.48369 0.602312
vt 0.48369 0.596586
f 2776/2776/2776 2777/2777/2777 2778/2778/2778
v -1.34488 3.40016 0.09276
v 1.34488 3.40016 0.10174
v 1.34488 3.40016 0.10174
vn 5.8e-005 0.999445 0.033324
vn -0.003339 0 0.999994
vn 0 1 -0
vt 0.502545 0.016706
vt 0.502545 0.018385
vt 0.502545 0.018385
f 2779/2779/2779 2780/2780/2780 2781/2781/2781
v -1.34488 3.40016 0.09276
v 1.34488 3.40016 0.10174
v 1.34488 3.40016 0.071425
vn 5.8e-005 0.999445 0.033324
vn 0 1 -0
vn 0 1 -0
vt 0.568936 0.522204
vt 0.56724 0.014211
vt 0.572965 0.014211
f 2782/2782/2782 2783/2783/2783 2784/2784/2784
v -1.34488 3.40016 0.09276
v 1.34488 3.40016 0.071425
v -1.34488 3.40016 0.071425
vn 5.8e-005 0.999445 0.033324
vn 0 1 -0
vn 0 1 -0
vt 0.568936 0.522204
vt 0.572965 0.014211
vt 0.572965 0.522204
f 2785/2785/2785 2786/2786/2786 2787/2787/2787
v 1.34488 3.40567 0.10174
v 1.38457 3.40567 0.10174
v 1.38457 3.40567 0.071425
vn 0 1 -0
vn 0 1 -0
vn 0 1 -0
vt 0.508014 0.56046
vt 0.515509 0.56046
vt 0.515509 0.566186
f 2788/2788/2788 2789/2789/2789 2790/2790/2790
v 1.38457 3.40567 0.071425
v 1.34488 3.40567 0.071425
v 1.34488 3.40567 0.10174
vn 0 1 -0
vn 0 1 -0
vn 0 1 -0
vt 0.515509 0.566186
vt 0.508014 0.566186
vt 0.508014 0.56046
f 2791/2791/2791 2792/2792/2792 2793/2793/2793
v -1.38457 3.40567 0.071425
v -1.34488 3.40567 0.071425
v -1.34488 3.40567 0.04111
vn 0 1 -0
vn 0 1 -0
vn 0 1 -0
vt 0.483896 0.578551
vt 0.491391 0.578551
vt 0.491391 0.584276
f 2794/2794/2794 2795/2795/2795 2796/2796/2796
v -1.34488 3.40567 0.04111
v -1.38457 3.40567 0.04111
v -1.38457 3.40567 0.071425
vn 0 1 -0
vn 0 1 -0
vn 0 1 -0
vt 0.491391 0.584276
vt 0.483896 0.584276
vt 0.483896 0.578551
f 2797/2797/2797 2798/2798/2798 2799/2799/2799
v -1.34488 3.40016 0.071425
v 1.34488 3.40016 0.071425
v 1.34488 3.40016 0.04111
vn 0 1 -0
vn 0 1 -0
vn 0 1 -0
vt 0.572965 0.522204
vt 0.572965 0.014211
vt 0.57869 0.014211
f 2800/2800/2800 2801/2801/2801 2802/2802/2802
v 1.34488 3.40016 0.04111
v -1.34488 3.40016 0.04111
v -1.34488 3.40016 0.071425
vn 0 1 -0
vn 0 1 -0
vn 0 1 -0
vt 0.57869 0.014211
vt 0.57869 0.522204
vt 0.572965 0.522204
f 2803/2803/2803 2804/2804/2804 2805/2805/2805
v 1.34488 3.40567 0.071425
v 1.38457 3.40567 0.071425
v 1.38457 3.40567 0.04111
vn 0 1 -0
vn 0 1 -0
vn 0 1 -0
vt 0.479569 0.602255
vt 0.487064 0.602255
vt 0.487064 0.60798
f 2806/2806/2806 2807/2807/2807 2808/2808/2808
v 1.38457 3.40567 0.04111
v 1.34488 3.40567 0.04111
v 1.34488 3.40567 0.071425
vn 0 1 -0
vn 0 1 -0
vn 0 1 -0
vt 0.487064 0.60798
vt 0.479569 0.60798
vt 0.479569 0.602255
f 2809/2809/2809 2810/2810/2810 2811/2811/2811
v -1.38457 3.40567 0.04111
v -1.34488 3.40567 0.04111
v -1.34488 3.40567 0.010795
vn 0 1 -0
vn 0 1 -0
vn 0 1 -0
vt 0.483896 0.590755
vt 0.491391 0.590755
vt 0.491391 0.59648
f 2812/2812/2812 2813/2813/2813 2814/2814/2814
v -1.34488 3.40567 0.010795
v -1.38457 3.40567 0.010795
v -1.38457 3.40567 0.04111
vn 0 1 -0
vn 0 1 -0
vn 0 1 -0
vt 0.491391 0.59648
vt 0.483896 0.59648
vt 0.483896 0.590755
f 2815/2815/2815 2816/2816/2816 2817/2817/2817
v -1.34488 3.40016 0.04111
v 1.34488 3.40016 0.04111
v 1.34488 3.40016 0.010795
vn 0 1 -0
vn 0 1 -0
vn 0 1 -0
vt 0.57869 0.522204
vt 0.57869 0.014211
vt 0.584416 0.014211
f 2818/2818/2818 2819/2819/2819 2820/2820/2820
v 1.34488 3.40016 0.010795
v -1.34488 3.40016 0.010795
v -1.34488 3.40016 0.04111
vn 0 1 -0
vn 0 1 -0
vn 0 1 -0
vt 0.584416 0.014211
vt 0.584416 0.522204
vt 0.57869 0.522204
f 2821/2821/2821 2822/2822/2822 2823/2823/2823
v 1.34488 3.40567 0.04111
v 1.38457 3.40567 0.04111
v 1.38457 3.40567 0.010795
vn 0 1 -0
vn 0 1 -0
vn 0 1 -0
vt 0.508014 0.566129
vt 0.515509 0.566129
vt 0.515509 0.571854
f 2824/2824/2824 2825/2825/2825 2826/2826/2826
v 1.38457 3.40567 0.010795
v 1.34488 3.40567 0.010795
v 1.34488 3.40567 0.04111
vn 0 1 -0
vn 0 1 -0
vn 0 1 -0
vt 0.515509 0.571854
vt 0.508014 0.571854
vt 0.508014 0.566129
f 2827/2827/2827 2828/2828/2828 2829/2829/2829
v -1.34488 3.40567 0.010795
v -1.34488 3.40567 -0.015953
v -1.38457 3.40567 -0.015953
vn 0 1 -0
vn 0 1 -0
vn 0 1 -0
vt 0.50813 0.566799
vt 0.50813 0.571851
vt 0.500635 0.571851
f 2830/2830/2830 2831/2831/2831 2832/2832/2832
v -1.38457 3.40567 -0.015953
v -1.38457 3.40567 0.010795
v -1.34488 3.40567 0.010795
vn 0 1 -0
vn 0 1 -0
vn 0 1 -0
vt 0.500635 0.571851
vt 0.500635 0.566799
vt 0.50813 0.566799
f 2833/2833/2833 2834/2834/2834 2835/2835/2835
v 1.34488 3.40016 -0.01952
v -1.34488 3.40016 -0.01952
v -1.34488 3.40016 -0.015953
vn 0 1 -0
vn 0 1 -0
vn 0 1 -0
vt 0.590141 0.014211
vt 0.590141 0.522204
vt 0.589467 0.522204
f 2836/2836/2836 2837/2837/2837 2838/2838/2838
v 1.34488 3.40016 -0.015953
v 1.34488 3.40016 -0.01952
v -1.34488 3.40016 -0.015953
vn 0 1 -0
vn 0 1 -0
vn 0 1 -0
vt 0.589467 0.014211
vt 0.590141 0.014211
vt 0.589467 0.522204
f 2839/2839/2839 2840/2840/2840 2841/2841/2841
v 1.34488 3.40016 0.010795
v 1.34488 3.40016 -0.015953
v -1.34488 3.40016 -0.015953
vn 0 1 -0
vn 0 1 -0
vn 0 1 -0
vt 0.584416 0.014211
vt 0.589467 0.014211
vt 0.589467 0.522204
f 2842/2842/2842 2843/2843/2843 2844/2844/2844
v -1.34488 3.40016 0.010795
v 1.34488 3.40016 0.010795
v -1.34488 3.40016 -0.015953
vn 0 1 -0
vn 0 1 -0
vn 0 1 -0
vt 0.584416 0.522204
vt 0.584416 0.014211
vt 0.589467 0.522204
f 2845/2845/2845 2846/2846/2846 2847/2847/2847
v 1.38457 3.40567 0.010795
v 1.38457 3.40567 -0.015953
v 1.34488 3.40567 -0.015953
vn 0 1 -0
vn 0 1 -0
vn 0 1 -0
vt 0.492868 0.5718
vt 0.492868 0.576852
vt 0.485373 0.576852
f 2848/2848/2848 2849/2849/2849 2850/2850/2850
v 1.34488 3.40567 -0.015953
v 1.34488 3.40567 0.010795
v 1.38457 3.40567 0.010795
vn 0 1 -0
vn 0 1 -0
vn 0 1 -0
vt 0.485373 0.576852
vt 0.485373 0.5718
vt 0.492868 0.5718
f 2851/2851/2851 2852/2852/2852 2853/2853/2853
v -1.34488 3.25575 0.107251
v -1.34488 3.39686 0.107251
v -1.38457 3.39686 0.107251
vn 0 0 1
vn 0 0 1
vn 0 0 1
vt 0.518893 0.584288
vt 0.492221 0.584288
vt 0.492221 0.576787
f 2854/2854/2854 2855/2855/2855 2856/2856/2856
v -1.38457 3.39686 0.107251
v -1.38457 3.25575 0.107251
v -1.34488 3.25575 0.107251
vn 0 0 1
vn 0 0 1
vn 0 0 1
vt 0.492221 0.576787
vt 0.518893 0.576786
vt 0.518893 0.584288
f 2857/2857/2857 2858/2858/2858 2859/2859/2859
v 1.34488 3.3225 0.099602
v -1.34488 3.32293 0.099555
v -1.34488 3.31858 0.10174
vn 4.2e-005 0.392696 0.919669
vn 4.6e-005 0.384036 0.923318
vn 2.9e-005 0.230591 0.973051
vt 0.602069 0.012224
vt 0.602152 0.524191
vt 0.601323 0.524191
f 2860/2860/2860 2861/2861/2861 2862/2862/2862
v -1.34488 3.31858 0.10174
v 1.34488 3.31835 0.10174
v 1.34488 3.3225 0.099602
vn 2.9e-005 0.230591 0.973051
vn 2e-005 0.235766 0.97181
vn 4.2e-005 0.392696 0.919669
vt 0.601323 0.524191
vt 0.60128 0.012224
vt 0.602069 0.012224
f 2863/2863/2863 2864/2864/2864 2865/2865/2865
v 1.38457 3.25575 0.107251
v 1.38457 3.39686 0.107251
v 1.34488 3.39686 0.107251
vn 0 0 1
vn 0 0 1
vn 0 0 1
vt 0.518893 0.596492
vt 0.492221 0.596492
vt 0.492221 0.588991
f 2866/2866/2866 2867/2867/2867 2868/2868/2868
v 1.34488 3.39686 0.107251
v 1.34488 3.25575 0.107251
v 1.38457 3.25575 0.107251
vn 0 0 1
vn 0 0 1
vn 0 0 1
vt 0.492221 0.588991
vt 0.518893 0.588991
vt 0.518893 0.596492
f 2869/2869/2869 2870/2870/2870 2871/2871/2871
v 1.38457 3.25575 0.071425
v 1.38457 3.39686 0.071425
v 1.38457 3.39686 0.10174
vn 1 0 -0
vn 1 0 -0
vn 1 0 -0
vt 0.547119 0.56719
vt 0.52047 0.56719
vt 0.52047 0.561465
f 2872/2872/2872 2873/2873/2873 2874/2874/2874
v 1.38457 3.39686 0.10174
v 1.38457 3.25575 0.10174
v 1.38457 3.25575 0.071425
vn 1 0 -0
vn 1 0 -0
vn 1 0 -0
vt 0.52047 0.561465
vt 0.547119 0.561465
vt 0.547119 0.56719
f 2875/2875/2875 2876/2876/2876 2877/2877/2877
v 1.38457 3.25575 0.04111
v 1.38457 3.39686 0.04111
v 1.38457 3.39686 0.071425
vn 1 0 -0
vn 1 0 -0
vn 1 0 -0
vt 0.547119 0.572916
vt 0.52047 0.572916
vt 0.52047 0.56719
f 2878/2878/2878 2879/2879/2879 2880/2880/2880
v 1.38457 3.39686 0.071425
v 1.38457 3.25575 0.071425
v 1.38457 3.25575 0.04111
vn 1 0 -0
vn 1 0 -0
vn 1 0 -0
vt 0.52047 0.56719
vt 0.547119 0.56719
vt 0.547119 0.572916
f 2881/2881/2881 2882/2882/2882 2883/2883/2883
v 1.38457 3.25575 0.010795
v 1.38457 3.39686 0.010795
v 1.38457 3.39686 0.04111
vn 1 0 -0
vn 1 0 -0
vn 1 0 -0
vt 0.547119 0.578641
vt 0.52047 0.578641
vt 0.52047 0.572916
f 2884/2884/2884 2885/2885/2885 2886/2886/2886
v 1.38457 3.39686 0.04111
v 1.38457 3.25575 0.04111
v 1.38457 3.25575 0.010795
vn 1 0 -0
vn 1 0 -0
vn 1 0 -0
vt 0.52047 0.572916
vt 0.547119 0.572916
vt 0.547119 0.578641
f 2887/2887/2887 2888/2888/2888 2889/2889/2889
v 1.38457 3.25575 -0.015953
v 1.38457 3.39686 -0.015953
v 1.38457 3.39686 0.010795
vn 1 0 -0
vn 1 0 -0
vn 1 0 -0
vt 0.547119 0.583693
vt 0.52047 0.583693
vt 0.52047 0.578641
f 2890/2890/2890 2891/2891/2891 2892/2892/2892
v 1.38457 3.39686 0.010795
v 1.38457 3.25575 0.010795
v 1.38457 3.25575 -0.015953
vn 1 0 -0
vn 1 0 -0
vn 1 0 -0
vt 0.52047 0.578641
vt 0.547119 0.578641
vt 0.547119 0.583693
f 2893/2893/2893 2894/2894/2894 2895/2895/2895
v 1.34488 3.25575 -0.025032
v 1.34488 3.39686 -0.025032
v 1.38457 3.39686 -0.025032
vn 0 0 -1
vn 0 0 -1
vn 0 0 -1
vt 0.547119 0.560601
vt 0.52047 0.560601
vt 0.52047 0.553106
f 2896/2896/2896 2897/2897/2897 2898/2898/2898
v 1.38457 3.39686 -0.025032
v 1.38457 3.25575 -0.025032
v 1.34488 3.25575 -0.025032
vn 0 0 -1
vn 0 0 -1
vn 0 0 -1
vt 0.52047 0.553106
vt 0.547119 0.553106
vt 0.547119 0.560601
f 2899/2899/2899 2900/2900/2900 2901/2901/2901
v -1.34488 3.40016 -0.01952
v 1.34488 3.40016 -0.01952
v 1.34488 3.39686 -0.01952
vn 0 0 -1
vn 0 0 -1
vn 0 0 -1
vt 0.643327 0.014211
vt 0.643327 0.522204
vt 0.642703 0.522204
f 2902/2902/2902 2903/2903/2903 2904/2904/2904
v -1.34488 3.39686 -0.01952
v -1.34488 3.40016 -0.01952
v 1.34488 3.39686 -0.01952
vn 0 0 -1
vn 0 0 -1
vn 0 0 -1
vt 0.642703 0.014211
vt 0.643327 0.014211
vt 0.642703 0.522204
f 2905/2905/2905 2906/2906/2906 2907/2907/2907
v -1.34488 3.25575 -0.01952
v -1.34488 3.39686 -0.01952
v 1.34488 3.39686 -0.01952
vn 0 0 -1
vn 0 0 -1
vn 0 0 -1
vt 0.616054 0.014211
vt 0.642703 0.014211
vt 0.642703 0.522204
f 2908/2908/2908 2909/2909/2909 2910/2910/2910
v 1.34488 3.25575 -0.01952
v -1.34488 3.25575 -0.01952
v 1.34488 3.39686 -0.01952
vn 0 0 -1
vn 0 0 -1
vn 0 0 -1
vt 0.616054 0.522204
vt 0.616054 0.014211
vt 0.642703 0.522204
f 2911/2911/2911 2912/2912/2912 2913/2913/2913
v -1.38457 3.25575 -0.025032
v -1.38457 3.39686 -0.025032
v -1.34488 3.39686 -0.025032
vn 0 0 -1
vn 0 0 -1
vn 0 0 -1
vt 0.518674 0.603889
vt 0.492025 0.603889
vt 0.492025 0.596394
f 2914/2914/2914 2915/2915/2915 2916/2916/2916
v -1.34488 3.39686 -0.025032
v -1.34488 3.25575 -0.025032
v -1.38457 3.25575 -0.025032
vn 0 0 -1
vn 0 0 -1
vn 0 0 -1
vt 0.492025 0.596394
vt 0.518674 0.596394
vt 0.518674 0.603889
f 2917/2917/2917 2918/2918/2918 2919/2919/2919
v -1.38457 3.25575 -0.015953
v -1.38457 3.39686 -0.015953
v -1.38457 3.39686 -0.01952
vn -1 1e-006 2.5e-005
vn -1 -9e-006 6e-006
vn -1 -3.2e-005 0
vt 0.547119 0.584802
vt 0.52047 0.584802
vt 0.52047 0.584128
f 2920/2920/2920 2921/2921/2921 2922/2922/2922
v -1.38457 3.39686 -0.01952
v -1.38457 3.25575 -0.01952
v -1.38457 3.25575 -0.015953
vn -1 -3.2e-005 0
vn -1 2e-006 6e-005
vn -1 1e-006 2.5e-005
vt 0.52047 0.584128
vt 0.547119 0.584128
vt 0.547119 0.584802
f 2923/2923/2923 2924/2924/2924 2925/2925/2925
v -1.38457 3.25575 0.04111
v -1.38457 3.39686 0.04111
v -1.38457 3.39686 0.010795
vn -1 2e-006 -0
vn -1 -3.2e-005 -0
vn -1 -3.2e-005 -0
vt 0.547119 0.595579
vt 0.52047 0.595579
vt 0.52047 0.589854
f 2926/2926/2926 2927/2927/2927 2928/2928/2928
v -1.38457 3.39686 0.010795
v -1.38457 3.25575 0.010795
v -1.38457 3.25575 0.04111
vn -1 -3.2e-005 -0
vn -1 1e-006 -4e-006
vn -1 2e-006 -0
vt 0.52047 0.589854
vt 0.547119 0.589854
vt 0.547119 0.595579
f 2929/2929/2929 2930/2930/2930 2931/2931/2931
v -1.38457 3.25575 0.071425
v -1.38457 3.39686 0.071425
v -1.38457 3.39686 0.04111
vn -1 2e-006 -0
vn -1 -3.2e-005 -0
vn -1 -3.2e-005 -0
vt 0.547119 0.601304
vt 0.52047 0.601304
vt 0.52047 0.595579
f 2932/2932/2932 2933/2933/2933 2934/2934/2934
v -1.38457 3.39686 0.04111
v -1.38457 3.25575 0.04111
v -1.38457 3.25575 0.071425
vn -1 -3.2e-005 -0
vn -1 2e-006 -0
vn -1 2e-006 -0
vt 0.52047 0.595579
vt 0.547119 0.595579
vt 0.547119 0.601304
f 2935/2935/2935 2936/2936/2936 2937/2937/2937
v -1.38457 3.25575 0.10174
v -1.38457 3.39686 0.10174
v -1.38457 3.39686 0.071425
vn -1 2e-006 -0
vn -1 -3.2e-005 -0
vn -1 -3.2e-005 -0
vt 0.547119 0.60703
vt 0.52047 0.60703
vt 0.52047 0.601304
f 2938/2938/2938 2939/2939/2939 2940/2940/2940
v -1.38457 3.39686 0.071425
v -1.38457 3.25575 0.071425
v -1.38457 3.25575 0.10174
vn -1 -3.2e-005 -0
vn -1 2e-006 -0
vn -1 2e-006 -0
vt 0.52047 0.601304
vt 0.547119 0.601304
vt 0.547119 0.60703
f 2941/2941/2941 2942/2942/2942 2943/2943/2943
v -1.34488 3.40016 0.107251
v -1.38457 3.40016 0.107251
v -1.38457 3.39686 0.107251
vn 0 0 1
vn 0 0 1
vn 0 0 1
vt 0.493356 0.559583
vt 0.485764 0.559583
vt 0.485765 0.55895
f 2944/2944/2944 2945/2945/2945 2946/2946/2946
v -1.38457 3.39686 0.107251
v -1.34488 3.39686 0.107251
v -1.34488 3.40016 0.107251
vn 0 0 1
vn 0 0 1
vn 0 0 1
vt 0.485765 0.55895
vt 0.493356 0.55895
vt 0.493356 0.559583
f 2947/2947/2947 2948/2948/2948 2949/2949/2949
v 1.38457 3.40016 0.107251
v 1.34488 3.40016 0.107251
v 1.34488 3.39686 0.107251
vn 0 0 1
vn 0 0 1
vn 0 0 1
vt 0.500689 0.559465
vt 0.493101 0.559465
vt 0.493101 0.558833
f 2950/2950/2950 2951/2951/2951 2952/2952/2952
v 1.34488 3.39686 0.107251
v 1.38457 3.39686 0.107251
v 1.38457 3.40016 0.107251
vn 0 0 1
vn 0 0 1
vn 0 0 1
vt 0.493101 0.558833
vt 0.500689 0.558833
vt 0.500689 0.559465
f 2953/2953/2953 2954/2954/2954 2955/2955/2955
v 1.38457 3.40016 0.071425
v 1.38457 3.40016 0.10174
v 1.38457 3.39686 0.10174
vn 1 0 -0
vn 1 0 -0
vn 1 0 -0
vt 0.519846 0.56719
vt 0.519846 0.561465
vt 0.52047 0.561465
f 2956/2956/2956 2957/2957/2957 2958/2958/2958
v 1.38457 3.39686 0.10174
v 1.38457 3.39686 0.071425
v 1.38457 3.40016 0.071425
vn 1 0 -0
vn 1 0 -0
vn 1 0 -0
vt 0.52047 0.561465
vt 0.52047 0.56719
vt 0.519846 0.56719
f 2959/2959/2959 2960/2960/2960 2961/2961/2961
v 1.38457 3.40016 0.04111
v 1.38457 3.40016 0.071425
v 1.38457 3.39686 0.071425
vn 1 0 -0
vn 1 0 -0
vn 1 0 -0
vt 0.519846 0.572916
vt 0.519846 0.56719
vt 0.52047 0.56719
f 2962/2962/2962 2963/2963/2963 2964/2964/2964
v 1.38457 3.39686 0.071425
v 1.38457 3.39686 0.04111
v 1.38457 3.40016 0.04111
vn 1 0 -0
vn 1 0 -0
vn 1 0 -0
vt 0.52047 0.56719
vt 0.52047 0.572916
vt 0.519846 0.572916
f 2965/2965/2965 2966/2966/2966 2967/2967/2967
v 1.38457 3.40016 0.010795
v 1.38457 3.40016 0.04111
v 1.38457 3.39686 0.04111
vn 1 0 -0
vn 1 0 -0
vn 1 0 -0
vt 0.519846 0.578641
vt 0.519846 0.572916
vt 0.52047 0.572916
f 2968/2968/2968 2969/2969/2969 2970/2970/2970
v 1.38457 3.39686 0.04111
v 1.38457 3.39686 0.010795
v 1.38457 3.40016 0.010795
vn 1 0 -0
vn 1 0 -0
vn 1 0 -0
vt 0.52047 0.572916
vt 0.52047 0.578641
vt 0.519846 0.578641
f 2971/2971/2971 2972/2972/2972 2973/2973/2973
v 1.38457 3.40016 -0.01952
v 1.38457 3.40016 -0.015953
v 1.38457 3.39686 -0.015953
vn 1 0 -0
vn 1 0 -0
vn 1 0 -0
vt 0.519846 0.584367
vt 0.519846 0.583693
vt 0.52047 0.583693
f 2974/2974/2974 2975/2975/2975 2976/2976/2976
v 1.38457 3.39686 -0.015953
v 1.38457 3.39686 -0.01952
v 1.38457 3.40016 -0.01952
vn 1 0 -0
vn 1 0 -0
vn 1 0 -0
vt 0.52047 0.583693
vt 0.52047 0.584367
vt 0.519846 0.584367
f 2977/2977/2977 2978/2978/2978 2979/2979/2979
v 1.34488 3.40016 -0.025032
v 1.38457 3.40016 -0.025032
v 1.38457 3.39686 -0.025032
vn 0 0 -1
vn 0 0 -1
vn 0 0 -1
vt 0.493246 0.588004
vt 0.485751 0.588004
vt 0.485751 0.587379
f 2980/2980/2980 2981/2981/2981 2982/2982/2982
v 1.38457 3.39686 -0.025032
v 1.34488 3.39686 -0.025032
v 1.34488 3.40016 -0.025032
vn 0 0 -1
vn 0 0 -1
vn 0 0 -1
vt 0.485751 0.587379
vt 0.493246 0.587379
vt 0.493246 0.588004
f 2983/2983/2983 2984/2984/2984 2985/2985/2985
v -1.38457 3.40016 -0.025032
v -1.34488 3.40016 -0.025032
v -1.34488 3.39686 -0.025032
vn 0 0 -1
vn 0 0 -1
vn 0 0 -1
vt 0.489168 0.56513
vt 0.481673 0.56513
vt 0.481673 0.564505
f 2986/2986/2986 2987/2987/2987 2988/2988/2988
v -1.34488 3.39686 -0.025032
v -1.38457 3.39686 -0.025032
v -1.38457 3.40016 -0.025032
vn 0 0 -1
vn 0 0 -1
vn 0 0 -1
vt 0.481673 0.564505
vt 0.489168 0.564505
vt 0.489168 0.56513
f 2989/2989/2989 2990/2990/2990 2991/2991/2991
v -1.38457 3.40016 0.010795
v -1.38457 3.40016 -0.015953
v -1.38457 3.39686 -0.015953
vn -1 -6.2e-005 -0
vn -1 0 2.6e-005
vn -1 -9e-006 6e-006
vt 0.519846 0.589854
vt 0.519846 0.584802
vt 0.52047 0.584802
f 2992/2992/2992 2993/2993/2993 2994/2994/2994
v -1.38457 3.39686 -0.015953
v -1.38457 3.39686 0.010795
v -1.38457 3.40016 0.010795
vn -1 -9e-006 6e-006
vn -1 -3.2e-005 -0
vn -1 -6.2e-005 -0
vt 0.52047 0.584802
vt 0.52047 0.589854
vt 0.519846 0.589854
f 2995/2995/2995 2996/2996/2996 2997/2997/2997
v -1.38457 3.40016 0.04111
v -1.38457 3.40016 0.010795
v -1.38457 3.39686 0.010795
vn -1 -6.5e-005 -0
vn -1 -6.2e-005 -0
vn -1 -3.2e-005 -0
vt 0.519846 0.595579
vt 0.519846 0.589854
vt 0.52047 0.589854
f 2998/2998/2998 2999/2999/2999 3000/3000/3000
v -1.38457 3.39686 0.010795
v -1.38457 3.39686 0.04111
v -1.38457 3.40016 0.04111
vn -1 -3.2e-005 -0
vn -1 -3.2e-005 -0
vn -1 -6.5e-005 -0
vt 0.52047 0.589854
vt 0.52047 0.595579
vt 0.519846 0.595579
f 3001/3001/3001 3002/3002/3002 3003/3003/3003
v -1.38457 3.40016 0.071425
v -1.38457 3.40016 0.04111
v -1.38457 3.39686 0.04111
vn -1 -6.5e-005 -0
vn -1 -6.5e-005 -0
vn -1 -3.2e-005 -0
vt 0.519846 0.601304
vt 0.519846 0.595579
vt 0.52047 0.595579
f 3004/3004/3004 3005/3005/3005 3006/3006/3006
v -1.38457 3.39686 0.04111
v -1.38457 3.39686 0.071425
v -1.38457 3.40016 0.071425
vn -1 -3.2e-005 -0
vn -1 -3.2e-005 -0
vn -1 -6.5e-005 -0
vt 0.52047 0.595579
vt 0.52047 0.601304
vt 0.519846 0.601304
f 3007/3007/3007 3008/3008/3008 3009/3009/3009
v -1.38457 3.40016 0.10174
v -1.38457 3.40016 0.071425
v -1.38457 3.39686 0.071425
vn -1 -6.5e-005 -0
vn -1 -6.5e-005 -0
vn -1 -3.2e-005 -0
vt 0.519846 0.60703
vt 0.519846 0.601304
vt 0.52047 0.601304
f 3010/3010/3010 3011/3011/3011 3012/3012/3012
v -1.38457 3.39686 0.071425
v -1.38457 3.39686 0.10174
v -1.38457 3.40016 0.10174
vn -1 -3.2e-005 -0
vn -1 -3.2e-005 -0
vn -1 -6.5e-005 -0
vt 0.52047 0.601304
vt 0.52047 0.60703
vt 0.519846 0.60703
f 3013/3013/3013 3014/3014/3014 3015/3015/3015
v -1.38457 3.25024 -0.01952
v -1.34488 3.25024 -0.01952
v -1.34488 3.25024 -0.015953
vn 0 -1 -0
vn 0 -1 -0
vn 0 -1 -0
vt 0.483875 0.589082
vt 0.49137 0.589082
vt 0.49137 0.589756
f 3016/3016/3016 3017/3017/3017 3018/3018/3018
v -1.34488 3.25024 -0.015953
v -1.38457 3.25024 -0.015953
v -1.38457 3.25024 -0.01952
vn 0 -1 -0
vn 0 -1 -0
vn 0 -1 -0
vt 0.49137 0.589756
vt 0.483875 0.589756
vt 0.483875 0.589082
f 3019/3019/3019 3020/3020/3020 3021/3021/3021
v -1.34488 3.25575 -0.01952
v 1.34488 3.25575 -0.01952
v 1.34488 3.25575 -0.015953
vn 0 -1 -0
vn 0 -1 -0
vn 0 -1 -0
vt 0.480247 0.522204
vt 0.480247 0.014211
vt 0.480921 0.014211
f 3022/3022/3022 3023/3023/3023 3024/3024/3024
v 1.34488 3.25575 -0.015953
v -1.34488 3.25575 -0.015953
v -1.34488 3.25575 -0.01952
vn 0 -1 -0
vn 0 -1 -0
vn 0 -1 -0
vt 0.480921 0.014211
vt 0.480921 0.522204
vt 0.480247 0.522204
f 3025/3025/3025 3026/3026/3026 3027/3027/3027
v 1.34488 3.25024 -0.01952
v 1.38457 3.25024 -0.01952
v 1.38457 3.25024 -0.015953
vn 0 -1 -0
vn 0 -1 -0
vn 0 -1 -0
vt 0.500614 0.584281
vt 0.508109 0.584281
vt 0.508109 0.584955
f 3028/3028/3028 3029/3029/3029 3030/3030/3030
v 1.38457 3.25024 -0.015953
v 1.34488 3.25024 -0.015953
v 1.34488 3.25024 -0.01952
vn 0 -1 -0
vn 0 -1 -0
vn 0 -1 -0
vt 0.508109 0.584955
vt 0.500614 0.584955
vt 0.500614 0.584281
f 3031/3031/3031 3032/3032/3032 3033/3033/3033
v -1.34488 3.40567 -0.01952
v -1.38457 3.40567 -0.01952
v -1.38457 3.40567 -0.015953
vn 0 1 -0
vn 0 1 -0
vn 0 1 -0
vt 0.523537 0.54642
vt 0.531032 0.54642
vt 0.531032 0.547094
f 3034/3034/3034 3035/3035/3035 3036/3036/3036
v -1.38457 3.40567 -0.015953
v -1.34488 3.40567 -0.015953
v -1.34488 3.40567 -0.01952
vn 0 1 -0
vn 0 1 -0
vn 0 1 -0
vt 0.531032 0.547094
vt 0.523537 0.547094
vt 0.523537 0.54642
f 3037/3037/3037 3038/3038/3038 3039/3039/3039
v 1.38457 3.40567 -0.01952
v 1.34488 3.40567 -0.01952
v 1.34488 3.40567 -0.015953
vn 0 1 -0
vn 0 1 -0
vn 0 1 -0
vt 0.515509 0.584955
vt 0.508014 0.584955
vt 0.508014 0.584281
f 3040/3040/3040 3041/3041/3041 3042/3042/3042
v 1.34488 3.40567 -0.015953
v 1.38457 3.40567 -0.015953
v 1.38457 3.40567 -0.01952
vn 0 1 -0
vn 0 1 -0
vn 0 1 -0
vt 0.508014 0.584281
vt 0.515509 0.584281
vt 0.515509 0.584955
f 3043/3043/3043 3044/3044/3044 3045/3045/3045
v 1.38457 3.25575 -0.01952
v 1.38457 3.39686 -0.01952
v 1.38457 3.39686 -0.015953
vn 1 0 -0
vn 1 0 -0
vn 1 0 -0
vt 0.547119 0.584367
vt 0.52047 0.584367
vt 0.52047 0.583693
f 3046/3046/3046 3047/3047/3047 3048/3048/3048
v 1.38457 3.39686 -0.015953
v 1.38457 3.25575 -0.015953
v 1.38457 3.25575 -0.01952
vn 1 0 -0
vn 1 0 -0
vn 1 0 -0
vt 0.52047 0.583693
vt 0.547119 0.583693
vt 0.547119 0.584367
f 3049/3049/3049 3050/3050/3050 3051/3051/3051
v -1.38457 3.25575 0.010795
v -1.38457 3.39686 0.010795
v -1.38457 3.39686 -0.015953
vn -1 1e-006 -4e-006
vn -1 -3.2e-005 -0
vn -1 -9e-006 6e-006
vt 0.547119 0.589854
vt 0.52047 0.589854
vt 0.52047 0.584802
f 3052/3052/3052 3053/3053/3053 3054/3054/3054
v -1.38457 3.39686 -0.015953
v -1.38457 3.25575 -0.015953
v -1.38457 3.25575 0.010795
vn -1 -9e-006 6e-006
vn -1 1e-006 2.5e-005
vn -1 1e-006 -4e-006
vt 0.52047 0.584802
vt 0.547119 0.584802
vt 0.547119 0.589854
f 3055/3055/3055 3056/3056/3056 3057/3057/3057
v 1.38457 3.40016 0.010795
v 1.38457 3.39686 0.010795
v 1.38457 3.39686 -0.015953
vn 1 0 -0
vn 1 0 -0
vn 1 0 -0
vt 0.519846 0.578641
vt 0.52047 0.578641
vt 0.52047 0.583693
f 3058/3058/3058 3059/3059/3059 3060/3060/3060
v 1.38457 3.39686 -0.015953
v 1.38457 3.40016 -0.015953
v 1.38457 3.40016 0.010795
vn 1 0 -0
vn 1 0 -0
vn 1 0 -0
vt 0.52047 0.583693
vt 0.519846 0.583693
vt 0.519846 0.578641
f 3061/3061/3061 3062/3062/3062 3063/3063/3063
v -1.38457 3.40016 -0.01952
v -1.38457 3.39686 -0.01952
v -1.38457 3.39686 -0.015953
vn -1 -3.4e-005 2.9e-005
vn -1 -3.2e-005 0
vn -1 -9e-006 6e-006
vt 0.519846 0.584128
vt 0.52047 0.584128
vt 0.52047 0.584802
f 3064/3064/3064 3065/3065/3065 3066/3066/3066
v -1.38457 3.39686 -0.015953
v -1.38457 3.40016 -0.015953
v -1.38457 3.40016 -0.01952
vn -1 -9e-006 6e-006
vn -1 0 2.6e-005
vn -1 -3.4e-005 2.9e-005
vt 0.52047 0.584802
vt 0.519846 0.584802
vt 0.519846 0.584128
f 3067/3067/3067 3068/3068/3068 3069/3069/3069
v -1.38457 3.25575 0.10174
v -1.38457 3.25575 0.071425
v -1.38457 3.25024 0.071425
vn -1 0 -0
vn -1 0 -0
vn -1 0 -0
vt 0.547119 0.60703
vt 0.547119 0.601304
vt 0.54816 0.601304
f 3070/3070/3070 3071/3071/3071 3072/3072/3072
v -1.38457 3.25024 0.071425
v -1.38457 3.25024 0.10174
v -1.38457 3.25575 0.10174
vn -1 0 -0
vn -1 0 -0
vn -1 0 -0
vt 0.54816 0.601304
vt 0.54816 0.60703
vt 0.547119 0.60703
f 3073/3073/3073 3074/3074/3074 3075/3075/3075
v -1.38457 3.25575 0.071425
v -1.34488 3.25575 0.071425
v -1.34488 3.25024 0.071425
vn 0 0 -1
vn 0 0 -1
vn 0 0 -1
vt 0.49168 0.539409
vt 0.484185 0.539409
vt 0.484185 0.538368
f 3076/3076/3076 3077/3077/3077 3078/3078/3078
v -1.34488 3.25024 0.071425
v -1.38457 3.25024 0.071425
v -1.38457 3.25575 0.071425
vn 0 0 -1
vn 0 0 -1
vn 0 0 -1
vt 0.484185 0.538368
vt 0.49168 0.538368
vt 0.49168 0.539409
f 3079/3079/3079 3080/3080/3080 3081/3081/3081
v -1.34488 3.25575 0.071425
v -1.34488 3.25575 0.09276
v -1.34488 3.25567 0.094864
vn 1 0 -0
vn 1 0 -0
vn 1 0 -0
vt 0.481759 0.56574
vt 0.47773 0.56574
vt 0.477333 0.565724
f 3082/3082/3082 3083/3083/3083 3084/3084/3084
v -1.34488 3.25575 0.071425
v -1.34488 3.25567 0.094864
v -1.34488 3.25541 0.096688
vn 1 0 -0
vn 1 0 -0
vn 1 0 -0
vt 0.481759 0.56574
vt 0.477333 0.565724
vt 0.476988 0.565675
f 3085/3085/3085 3086/3086/3086 3087/3087/3087
v -1.34488 3.25575 0.071425
v -1.34488 3.25541 0.096688
v -1.34488 3.25498 0.098232
vn 1 0 -0
vn 1 0 -0
vn 1 0 -0
vt 0.481759 0.56574
vt 0.476988 0.565675
vt 0.476697 0.565594
f 3088/3088/3088 3089/3089/3089 3090/3090/3090
v -1.34488 3.25575 0.071425
v -1.34488 3.25498 0.098232
v -1.34488 3.25437 0.099495
vn 1 0 -0
vn 1 0 -0
vn 1 0 -0
vt 0.481759 0.56574
vt 0.476697 0.565594
vt 0.476458 0.56548
f 3091/3091/3091 3092/3092/3092 3093/3093/3093
v -1.34488 3.25575 0.071425
v -1.34488 3.25437 0.099495
v -1.34488 3.2536 0.100477
vn 1 0 -0
vn 1 0 -0
vn 1 0 -0
vt 0.481759 0.56574
vt 0.476458 0.56548
vt 0.476273 0.565334
f 3094/3094/3094 3095/3095/3095 3096/3096/3096
v -1.34488 3.25575 0.071425
v -1.34488 3.2536 0.100477
v -1.34488 3.25265 0.101178
vn 1 0 -0
vn 1 0 -0
vn 1 0 -0
vt 0.481759 0.56574
vt 0.476273 0.565334
vt 0.47614 0.565155
f 3097/3097/3097 3098/3098/3098 3099/3099/3099
v -1.34488 3.25575 0.071425
v -1.34488 3.25265 0.101178
v -1.34488 3.25153 0.101599
vn 1 0 -0
vn 1 0 -0
vn 1 0 -0
vt 0.481759 0.56574
vt 0.47614 0.565155
vt 0.476061 0.564944
f 3100/3100/3100 3101/3101/3101 3102/3102/3102
v -1.34488 3.25575 0.071425
v -1.34488 3.25153 0.101599
v -1.34488 3.25024 0.10174
vn 1 0 -0
vn 1 0 -0
vn 1 0 -0
vt 0.481759 0.56574
vt 0.476061 0.564944
vt 0.476034 0.564699
f 3103/3103/3103 3104/3104/3104 3105/3105/3105
v -1.34488 3.25575 0.071425
v -1.34488 3.25024 0.10174
v -1.34488 3.25024 0.10174
vn 0 0 -0
vn 0 0 -0
vn 0 0 -0
vt 0.481759 0.56574
vt 0.476034 0.564699
vt 0.476034 0.564699
f 3106/3106/3106 3107/3107/3107 3108/3108/3108
v -1.34488 3.25575 0.071425
v -1.34488 3.25024 0.10174
v -1.34488 3.25024 0.071425
vn 1 0 -0
vn 1 0 -0
vn 1 0 -0
vt 0.481759 0.56574
vt 0.476034 0.564699
vt 0.481759 0.564699
f 3109/3109/3109 3110/3110/3110 3111/3111/3111
v -1.35386 3.25575 0.10174
v -1.38457 3.25575 0.10174
v -1.38457 3.25024 0.10174
vn 0 0 1
vn 0 0 1
vn 0 0 1
vt 0.497404 0.539409
vt 0.491605 0.539409
vt 0.491605 0.538368
f 3112/3112/3112 3113/3113/3113 3114/3114/3114
v -1.35386 3.25575 0.10174
v -1.38457 3.25024 0.10174
v -1.34488 3.25024 0.10174
vn 0 0 1
vn 0 0 1
vn 0 0 1
vt 0.497404 0.539409
vt 0.491605 0.538368
vt 0.4991 0.538368
f 3115/3115/3115 3116/3116/3116 3117/3117/3117
v -1.35176 3.25567 0.10174
v -1.35386 3.25575 0.10174
v -1.34488 3.25024 0.10174
vn 0 0 1
vn 0 0 1
vn 0 0 1
vt 0.497802 0.539393
vt 0.497404 0.539409
vt 0.4991 0.538368
f 3118/3118/3118 3119/3119/3119 3120/3120/3120
v -1.34993 3.25541 0.10174
v -1.35176 3.25567 0.10174
v -1.34488 3.25024 0.10174
vn 0 0 1
vn 0 0 1
vn 0 0 1
vt 0.498146 0.539344
vt 0.497802 0.539393
vt 0.4991 0.538368
f 3121/3121/3121 3122/3122/3122 3123/3123/3123
v -1.34839 3.25498 0.10174
v -1.34993 3.25541 0.10174
v -1.34488 3.25024 0.10174
vn 0 0 1
vn 0 0 1
vn 0 0 1
vt 0.498438 0.539262
vt 0.498146 0.539344
vt 0.4991 0.538368
f 3124/3124/3124 3125/3125/3125 3126/3126/3126
v -1.34713 3.25437 0.10174
v -1.34839 3.25498 0.10174
v -1.34488 3.25024 0.10174
vn 0 0 1
vn 0 0 1
vn 0 0 1
vt 0.498676 0.539149
vt 0.498438 0.539262
vt 0.4991 0.538368
f 3127/3127/3127 3128/3128/3128 3129/3129/3129
v -1.34615 3.2536 0.10174
v -1.34713 3.25437 0.10174
v -1.34488 3.25024 0.10174
vn 0 0 1
vn 0 0 1
vn 0 0 1
vt 0.498861 0.539002
vt 0.498676 0.539149
vt 0.4991 0.538368
f 3130/3130/3130 3131/3131/3131 3132/3132/3132
v -1.34544 3.25265 0.10174
v -1.34615 3.2536 0.10174
v -1.34488 3.25024 0.10174
vn 0 0 1
vn 0 0 1
vn 0 0 1
vt 0.498994 0.538823
vt 0.498861 0.539002
vt 0.4991 0.538368
f 3133/3133/3133 3134/3134/3134 3135/3135/3135
v -1.34502 3.25153 0.10174
v -1.34544 3.25265 0.10174
v -1.34488 3.25024 0.10174
vn 0 0 1
vn 0 0 1
vn 0 0 1
vt 0.499074 0.538612
vt 0.498994 0.538823
vt 0.4991 0.538368
f 3136/3136/3136 3137/3137/3137 3138/3138/3138
v -1.34488 3.25024 0.10174
v -1.34502 3.25153 0.10174
v -1.34488 3.25024 0.10174
vn 0 0 -0
vn 0 0 -0
vn 0 0 -0
vt 0.476034 0.564699
vt 0.476034 0.564944
vt 0.476034 0.564699
f 3139/3139/3139 3140/3140/3140 3141/3141/3141
v 1.34488 3.25575 0.09276
v 1.34488 3.25575 0.071425
v 1.34488 3.25024 0.071425
vn -1 0 -0
vn -1 0 -0
vn -1 0 -0
vt 0.547119 0.54634
vt 0.547119 0.54231
vt 0.54816 0.54231
f 3142/3142/3142 3143/3143/3143 3144/3144/3144
v 1.34488 3.25575 0.09276
v 1.34488 3.25024 0.071425
v 1.34488 3.25024 0.10174
vn -1 0 -0
vn -1 0 -0
vn -1 0 -0
vt 0.547119 0.54634
vt 0.54816 0.54231
vt 0.54816 0.548036
f 3145/3145/3145 3146/3146/3146 3147/3147/3147
v 1.34488 3.25567 0.094864
v 1.34488 3.25575 0.09276
v 1.34488 3.25024 0.10174
vn -1 0 -0
vn -1 0 -0
vn -1 0 -0
vt 0.547135 0.546737
vt 0.547119 0.54634
vt 0.54816 0.548036
f 3148/3148/3148 3149/3149/3149 3150/3150/3150
v 1.34488 3.25541 0.096688
v 1.34488 3.25567 0.094864
v 1.34488 3.25024 0.10174
vn -1 0 -0
vn -1 0 -0
vn -1 0 -0
vt 0.547184 0.547082
vt 0.547135 0.546737
vt 0.54816 0.548036
f 3151/3151/3151 3152/3152/3152 3153/3153/3153
v 1.34488 3.25498 0.098232
v 1.34488 3.25541 0.096688
v 1.34488 3.25024 0.10174
vn -1 0 -0
vn -1 0 -0
vn -1 0 -0
vt 0.547265 0.547373
vt 0.547184 0.547082
vt 0.54816 0.548036
f 3154/3154/3154 3155/3155/3155 3156/3156/3156
v 1.34488 3.25437 0.099495
v 1.34488 3.25498 0.098232
v 1.34488 3.25024 0.10174
vn -1 0 -0
vn -1 0 -0
vn -1 0 -0
vt 0.547379 0.547612
vt 0.547265 0.547373
vt 0.54816 0.548036
f 3157/3157/3157 3158/3158/3158 3159/3159/3159
v 1.34488 3.2536 0.100477
v 1.34488 3.25437 0.099495
v 1.34488 3.25024 0.10174
vn -1 0 -0
vn -1 0 -0
vn -1 0 -0
vt 0.547526 0.547797
vt 0.547379 0.547612
vt 0.54816 0.548036
f 3160/3160/3160 3161/3161/3161 3162/3162/3162
v 1.34488 3.25265 0.101178
v 1.34488 3.2536 0.100477
v 1.34488 3.25024 0.10174
vn -1 0 -0
vn -1 0 -0
vn -1 0 -0
vt 0.547705 0.54793
vt 0.547526 0.547797
vt 0.54816 0.548036
f 3163/3163/3163 3164/3164/3164 3165/3165/3165
v 1.34488 3.25153 0.101599
v 1.34488 3.25265 0.101178
v 1.34488 3.25024 0.10174
vn -1 0 -0
vn -1 0 -0
vn -1 0 -0
vt 0.547916 0.548009
vt 0.547705 0.54793
vt 0.54816 0.548036
f 3166/3166/3166 3167/3167/3167 3168/3168/3168
v 1.34488 3.25024 0.10174
v 1.34488 3.25153 0.101599
v 1.34488 3.25024 0.10174
vn 0 0 -0
vn 0 0 -0
vn 0 0 -0
vt 0.479951 0.565751
vt 0.47971 0.565777
vt 0.479951 0.565751
f 3169/3169/3169 3170/3170/3170 3171/3171/3171
v 1.34488 3.25575 0.071425
v 1.38457 3.25575 0.071425
v 1.38457 3.25024 0.071425
vn 0 0 -1
vn 0 0 -1
vn 0 0 -1
vt 0.519609 0.536875
vt 0.512114 0.536875
vt 0.512114 0.535834
f 3172/3172/3172 3173/3173/3173 3174/3174/3174
v 1.38457 3.25024 0.071425
v 1.34488 3.25024 0.071425
v 1.34488 3.25575 0.071425
vn 0 0 -1
vn 0 0 -1
vn 0 0 -1
vt 0.512114 0.535834
vt 0.519609 0.535834
vt 0.519609 0.536875
f 3175/3175/3175 3176/3176/3176 3177/3177/3177
v 1.38457 3.25575 0.071425
v 1.38457 3.25575 0.10174
v 1.38457 3.25024 0.10174
vn 1 0 -0
vn 1 0 -0
vn 1 0 -0
vt 0.547119 0.56719
vt 0.547119 0.561465
vt 0.54816 0.561465
f 3178/3178/3178 3179/3179/3179 3180/3180/3180
v 1.38457 3.25024 0.10174
v 1.38457 3.25024 0.071425
v 1.38457 3.25575 0.071425
vn 1 0 -0
vn 1 0 -0
vn 1 0 -0
vt 0.54816 0.561465
vt 0.54816 0.56719
vt 0.547119 0.56719
f 3181/3181/3181 3182/3182/3182 3183/3183/3183
v 1.38457 3.25575 0.10174
v 1.35386 3.25575 0.10174
v 1.35176 3.25567 0.10174
vn 0 0 1
vn 0 0 1
vn 0 0 1
vt 0.476695 0.535103
vt 0.482456 0.534444
vt 0.482853 0.534415
f 3184/3184/3184 3185/3185/3185 3186/3186/3186
v 1.38457 3.25575 0.10174
v 1.35176 3.25567 0.10174
v 1.34993 3.25541 0.10174
vn 0 0 1
vn 0 0 1
vn 0 0 1
vt 0.476695 0.535103
vt 0.482853 0.534415
vt 0.483201 0.534424
f 3187/3187/3187 3188/3188/3188 3189/3189/3189
v 1.38457 3.25575 0.10174
v 1.34993 3.25541 0.10174
v 1.34839 3.25498 0.10174
vn 0 0 1
vn 0 0 1
vn 0 0 1
vt 0.476695 0.535103
vt 0.483201 0.534424
vt 0.4835 0.534472
f 3190/3190/3190 3191/3191/3191 3192/3192/3192
v 1.38457 3.25575 0.10174
v 1.34839 3.25498 0.10174
v 1.34713 3.25437 0.10174
vn 0 0 1
vn 0 0 1
vn 0 0 1
vt 0.476695 0.535103
vt 0.4835 0.534472
vt 0.483749 0.534558
f 3193/3193/3193 3194/3194/3194 3195/3195/3195
v 1.38457 3.25575 0.10174
v 1.34713 3.25437 0.10174
v 1.34614 3.2536 0.10174
vn 0 0 1
vn 0 0 1
vn 0 0 1
vt 0.476695 0.535103
vt 0.483749 0.534558
vt 0.48395 0.534682
f 3196/3196/3196 3197/3197/3197 3198/3198/3198
v 1.38457 3.25575 0.10174
v 1.34614 3.2536 0.10174
v 1.34544 3.25265 0.10174
vn 0 0 1
vn 0 0 1
vn 0 0 1
vt 0.476695 0.535103
vt 0.48395 0.534682
vt 0.484102 0.534845
f 3199/3199/3199 3200/3200/3200 3201/3201/3201
v 1.38457 3.25575 0.10174
v 1.34544 3.25265 0.10174
v 1.34502 3.25153 0.10174
vn 0 0 1
vn 0 0 1
vn 0 0 1
vt 0.476695 0.535103
vt 0.484102 0.534845
vt 0.484205 0.535046
f 3202/3202/3202 3203/3203/3203 3204/3204/3204
v 1.38457 3.25575 0.10174
v 1.34502 3.25153 0.10174
v 1.34488 3.25024 0.10174
vn 0 0 1
vn 0 0 1
vn 0 0 1
vt 0.476695 0.535103
vt 0.484205 0.535046
vt 0.484259 0.535285
f 3205/3205/3205 3206/3206/3206 3207/3207/3207
v 1.38457 3.25575 0.10174
v 1.34488 3.25024 0.10174
v 1.34488 3.25024 0.10174
vn 0 0 -0
vn 0 0 -0
vn 0 0 -0
vt 0.478921 0.565751
vt 0.479951 0.565751
vt 0.479951 0.565751
f 3208/3208/3208 3209/3209/3209 3210/3210/3210
v 1.38457 3.25575 0.10174
v 1.34488 3.25024 0.10174
v 1.38457 3.25024 0.10174
vn 0 0 1
vn 0 0 1
vn 0 0 1
vt 0.484259 0.538378
vt 0.476764 0.537337
vt 0.484259 0.537337
f 3211/3211/3211 3212/3212/3212 3213/3213/3213
v -1.38457 3.25575 0.071425
v -1.38457 3.25575 0.04111
v -1.38457 3.25024 0.04111
vn -1 0 -0
vn -1 0 -0
vn -1 0 -0
vt 0.547119 0.601304
vt 0.547119 0.595579
vt 0.54816 0.595579
f 3214/3214/3214 3215/3215/3215 3216/3216/3216
v -1.38457 3.25024 0.04111
v -1.38457 3.25024 0.071425
v -1.38457 3.25575 0.071425
vn -1 0 -0
vn -1 0 -0
vn -1 0 -0
vt 0.54816 0.595579
vt 0.54816 0.601304
vt 0.547119 0.601304
f 3217/3217/3217 3218/3218/3218 3219/3219/3219
v -1.38457 3.25575 0.04111
v -1.34488 3.25575 0.04111
v -1.34488 3.25024 0.04111
vn 0 0 -1
vn 0 0 -1
vn 0 0 -1
vt 0.485805 0.585326
vt 0.47831 0.585326
vt 0.47831 0.584285
f 3220/3220/3220 3221/3221/3221 3222/3222/3222
v -1.34488 3.25024 0.04111
v -1.38457 3.25024 0.04111
v -1.38457 3.25575 0.04111
vn 0 0 -1
vn 0 0 -1
vn 0 0 -1
vt 0.47831 0.584285
vt 0.485805 0.584285
vt 0.485805 0.585326
f 3223/3223/3223 3224/3224/3224 3225/3225/3225
v -1.34488 3.25575 0.04111
v -1.34488 3.25575 0.071425
v -1.34488 3.25024 0.071425
vn 1 0 -0
vn 1 0 -0
vn 1 0 -0
vt 0.51218 0.536928
vt 0.506455 0.536928
vt 0.506455 0.535887
f 3226/3226/3226 3227/3227/3227 3228/3228/3228
v -1.34488 3.25024 0.071425
v -1.34488 3.25024 0.04111
v -1.34488 3.25575 0.04111
vn 1 0 -0
vn 1 0 -0
vn 1 0 -0
vt 0.506455 0.535887
vt 0.51218 0.535887
vt 0.51218 0.536928
f 3229/3229/3229 3230/3230/3230 3231/3231/3231
v -1.34488 3.25575 0.071425
v -1.38457 3.25575 0.071425
v -1.38457 3.25024 0.071425
vn 0 0 1
vn 0 0 1
vn 0 0 1
vt 0.485848 0.562452
vt 0.478353 0.562452
vt 0.478353 0.561411
f 3232/3232/3232 3233/3233/3233 3234/3234/3234
v -1.38457 3.25024 0.071425
v -1.34488 3.25024 0.071425
v -1.34488 3.25575 0.071425
vn 0 0 1
vn 0 0 1
vn 0 0 1
vt 0.478353 0.561411
vt 0.485848 0.561411
vt 0.485848 0.562452
f 3235/3235/3235 3236/3236/3236 3237/3237/3237
v 1.34488 3.25575 0.071425
v 1.34488 3.25575 0.04111
v 1.34488 3.25024 0.04111
vn -1 0 -0
vn -1 0 -0
vn -1 0 -0
vt 0.481717 0.587586
vt 0.475991 0.587586
vt 0.475991 0.586545
f 3238/3238/3238 3239/3239/3239 3240/3240/3240
v 1.34488 3.25024 0.04111
v 1.34488 3.25024 0.071425
v 1.34488 3.25575 0.071425
vn -1 0 -0
vn -1 0 -0
vn -1 0 -0
vt 0.475991 0.586545
vt 0.481717 0.586545
vt 0.481717 0.587586
f 3241/3241/3241 3242/3242/3242 3243/3243/3243
v 1.34488 3.25575 0.04111
v 1.38457 3.25575 0.04111
v 1.38457 3.25024 0.04111
vn 0 0 -1
vn 0 0 -1
vn 0 0 -1
vt 0.484259 0.537347
vt 0.476764 0.537347
vt 0.476764 0.536307
f 3244/3244/3244 3245/3245/3245 3246/3246/3246
v 1.38457 3.25024 0.04111
v 1.34488 3.25024 0.04111
v 1.34488 3.25575 0.04111
vn 0 0 -1
vn 0 0 -1
vn 0 0 -1
vt 0.476764 0.536307
vt 0.484259 0.536307
vt 0.484259 0.537347
f 3247/3247/3247 3248/3248/3248 3249/3249/3249
v 1.38457 3.25575 0.04111
v 1.38457 3.25575 0.071425
v 1.38457 3.25024 0.071425
vn 1 0 -0
vn 1 0 -0
vn 1 0 -0
vt 0.547119 0.572916
vt 0.547119 0.56719
vt 0.54816 0.56719
f 3250/3250/3250 3251/3251/3251 3252/3252/3252
v 1.38457 3.25024 0.071425
v 1.38457 3.25024 0.04111
v 1.38457 3.25575 0.04111
vn 1 0 -0
vn 1 0 -0
vn 1 0 -0
vt 0.54816 0.56719
vt 0.54816 0.572916
vt 0.547119 0.572916
f 3253/3253/3253 3254/3254/3254 3255/3255/3255
v 1.38457 3.25575 0.071425
v 1.34488 3.25575 0.071425
v 1.34488 3.25024 0.071425
vn 0 0 1
vn 0 0 1
vn 0 0 1
vt 0.512189 0.547234
vt 0.504694 0.547234
vt 0.504694 0.546193
f 3256/3256/3256 3257/3257/3257 3258/3258/3258
v 1.34488 3.25024 0.071425
v 1.38457 3.25024 0.071425
v 1.38457 3.25575 0.071425
vn 0 0 1
vn 0 0 1
vn 0 0 1
vt 0.504694 0.546193
vt 0.512189 0.546193
vt 0.512189 0.547234
f 3259/3259/3259 3260/3260/3260 3261/3261/3261
v -1.38457 3.25575 0.04111
v -1.38457 3.25575 0.010795
v -1.38457 3.25024 0.010795
vn -1 0 -0
vn -1 0 -0
vn -1 0 -0
vt 0.547119 0.595579
vt 0.547119 0.589854
vt 0.54816 0.589854
f 3262/3262/3262 3263/3263/3263 3264/3264/3264
v -1.38457 3.25024 0.010795
v -1.38457 3.25024 0.04111
v -1.38457 3.25575 0.04111
vn -1 0 -0
vn -1 0 -0
vn -1 0 -0
vt 0.54816 0.589854
vt 0.54816 0.595579
vt 0.547119 0.595579
f 3265/3265/3265 3266/3266/3266 3267/3267/3267
v -1.38457 3.25575 0.010795
v -1.34488 3.25575 0.010795
v -1.34488 3.25024 0.010795
vn 0 0 -1
vn 0 0 -1
vn 0 0 -1
vt 0.4991 0.538378
vt 0.491605 0.538378
vt 0.491605 0.537337
f 3268/3268/3268 3269/3269/3269 3270/3270/3270
v -1.34488 3.25024 0.010795
v -1.38457 3.25024 0.010795
v -1.38457 3.25575 0.010795
vn 0 0 -1
vn 0 0 -1
vn 0 0 -1
vt 0.491605 0.537337
vt 0.4991 0.537337
vt 0.4991 0.538378
f 3271/3271/3271 3272/3272/3272 3273/3273/3273
v -1.34488 3.25575 0.010795
v -1.34488 3.25575 0.04111
v -1.34488 3.25024 0.04111
vn 1 0 -0
vn 1 0 -0
vn 1 0 -0
vt 0.50476 0.54652
vt 0.499034 0.54652
vt 0.499034 0.545479
f 3274/3274/3274 3275/3275/3275 3276/3276/3276
v -1.34488 3.25024 0.04111
v -1.34488 3.25024 0.010795
v -1.34488 3.25575 0.010795
vn 1 0 -0
vn 1 0 -0
vn 1 0 -0
vt 0.499034 0.545479
vt 0.50476 0.545479
vt 0.50476 0.54652
f 3277/3277/3277 3278/3278/3278 3279/3279/3279
v -1.34488 3.25575 0.04111
v -1.38457 3.25575 0.04111
v -1.38457 3.25024 0.04111
vn 0 0 1
vn 0 0 1
vn 0 0 1
vt 0.519609 0.538937
vt 0.512114 0.538937
vt 0.512114 0.537896
f 3280/3280/3280 3281/3281/3281 3282/3282/3282
v -1.38457 3.25024 0.04111
v -1.34488 3.25024 0.04111
v -1.34488 3.25575 0.04111
vn 0 0 1
vn 0 0 1
vn 0 0 1
vt 0.512114 0.537896
vt 0.519609 0.537896
vt 0.519609 0.538937
f 3283/3283/3283 3284/3284/3284 3285/3285/3285
v 1.34488 3.25575 0.04111
v 1.34488 3.25575 0.010795
v 1.34488 3.25024 0.010795
vn -1 0 -0
vn -1 0 -0
vn -1 0 -0
vt 0.50476 0.549612
vt 0.499034 0.549612
vt 0.499034 0.548571
f 3286/3286/3286 3287/3287/3287 3288/3288/3288
v 1.34488 3.25024 0.010795
v 1.34488 3.25024 0.04111
v 1.34488 3.25575 0.04111
vn -1 0 -0
vn -1 0 -0
vn -1 0 -0
vt 0.499034 0.548571
vt 0.50476 0.548571
vt 0.50476 0.549612
f 3289/3289/3289 3290/3290/3290 3291/3291/3291
v 1.34488 3.25575 0.010795
v 1.38457 3.25575 0.010795
v 1.38457 3.25024 0.010795
vn 0 0 -1
vn 0 0 -1
vn 0 0 -1
vt 0.49168 0.537347
vt 0.484185 0.537347
vt 0.484185 0.536307
f 3292/3292/3292 3293/3293/3293 3294/3294/3294
v 1.38457 3.25024 0.010795
v 1.34488 3.25024 0.010795
v 1.34488 3.25575 0.010795
vn 0 0 -1
vn 0 0 -1
vn 0 0 -1
vt 0.484185 0.536307
vt 0.49168 0.536307
vt 0.49168 0.537347
f 3295/3295/3295 3296/3296/3296 3297/3297/3297
v 1.38457 3.25575 0.010795
v 1.38457 3.25575 0.04111
v 1.38457 3.25024 0.04111
vn 1 0 -0
vn 1 0 -0
vn 1 0 -0
vt 0.547119 0.578641
vt 0.547119 0.572916
vt 0.54816 0.572916
f 3298/3298/3298 3299/3299/3299 3300/3300/3300
v 1.38457 3.25024 0.04111
v 1.38457 3.25024 0.010795
v 1.38457 3.25575 0.010795
vn 1 0 -0
vn 1 0 -0
vn 1 0 -0
vt 0.54816 0.572916
vt 0.54816 0.578641
vt 0.547119 0.578641
f 3301/3301/3301 3302/3302/3302 3303/3303/3303
v 1.38457 3.25575 0.04111
v 1.34488 3.25575 0.04111
v 1.34488 3.25024 0.04111
vn 0 0 1
vn 0 0 1
vn 0 0 1
vt 0.49168 0.538378
vt 0.484185 0.538378
vt 0.484185 0.537337
f 3304/3304/3304 3305/3305/3305 3306/3306/3306
v 1.34488 3.25024 0.04111
v 1.38457 3.25024 0.04111
v 1.38457 3.25575 0.04111
vn 0 0 1
vn 0 0 1
vn 0 0 1
vt 0.484185 0.537337
vt 0.49168 0.537337
vt 0.49168 0.538378
f 3307/3307/3307 3308/3308/3308 3309/3309/3309
v -1.38457 3.25575 0.010795
v -1.38457 3.25575 -0.015953
v -1.38457 3.25024 -0.015953
vn -1 0 -8e-006
vn -1 0 -8e-006
vn -1 0 -8e-006
vt 0.547119 0.589854
vt 0.547119 0.584802
vt 0.54816 0.584802
f 3310/3310/3310 3311/3311/3311 3312/3312/3312
v -1.38457 3.25024 -0.015953
v -1.38457 3.25024 0.010795
v -1.38457 3.25575 0.010795
vn -1 0 -8e-006
vn -1 0 -8e-006
vn -1 0 -8e-006
vt 0.54816 0.584802
vt 0.54816 0.589854
vt 0.547119 0.589854
f 3313/3313/3313 3314/3314/3314 3315/3315/3315
v -1.38457 3.25575 -0.015953
v -1.34488 3.25575 -0.015953
v -1.34488 3.25024 -0.015953
vn 0 0 -1
vn 0 0 -1
vn 0 0 -1
vt 0.49168 0.536317
vt 0.484185 0.536317
vt 0.484185 0.535276
f 3316/3316/3316 3317/3317/3317 3318/3318/3318
v -1.34488 3.25024 -0.015953
v -1.38457 3.25024 -0.015953
v -1.38457 3.25575 -0.015953
vn 0 0 -1
vn 0 0 -1
vn 0 0 -1
vt 0.484185 0.535276
vt 0.49168 0.535276
vt 0.49168 0.536317
f 3319/3319/3319 3320/3320/3320 3321/3321/3321
v -1.34488 3.25575 -0.015953
v -1.34488 3.25575 0.010795
v -1.34488 3.25024 0.010795
vn 1 0 -0
vn 1 0 -0
vn 1 0 -0
vt 0.54709 0.542369
vt 0.54709 0.537318
vt 0.548131 0.537318
f 3322/3322/3322 3323/3323/3323 3324/3324/3324
v -1.34488 3.25024 0.010795
v -1.34488 3.25024 -0.015953
v -1.34488 3.25575 -0.015953
vn 1 0 -0
vn 1 0 -0
vn 1 0 -0
vt 0.548131 0.537318
vt 0.548131 0.542369
vt 0.54709 0.542369
f 3325/3325/3325 3326/3326/3326 3327/3327/3327
v -1.34488 3.25575 0.010795
v -1.38457 3.25575 0.010795
v -1.38457 3.25024 0.010795
vn 0 0 1
vn 0 0 1
vn 0 0 1
vt 0.519609 0.539967
vt 0.512114 0.539967
vt 0.512114 0.538926
f 3328/3328/3328 3329/3329/3329 3330/3330/3330
v -1.38457 3.25024 0.010795
v -1.34488 3.25024 0.010795
v -1.34488 3.25575 0.010795
vn 0 0 1
vn 0 0 1
vn 0 0 1
vt 0.512114 0.538926
vt 0.519609 0.538926
vt 0.519609 0.539967
f 3331/3331/3331 3332/3332/3332 3333/3333/3333
v 1.34488 3.25575 0.010795
v 1.34488 3.25575 -0.015953
v 1.34488 3.25024 -0.015953
vn -1 0 -0
vn -1 0 -0
vn -1 0 -0
vt 0.518645 0.576852
vt 0.518645 0.5718
vt 0.519686 0.5718
f 3334/3334/3334 3335/3335/3335 3336/3336/3336
v 1.34488 3.25024 -0.015953
v 1.34488 3.25024 0.010795
v 1.34488 3.25575 0.010795
vn -1 0 -0
vn -1 0 -0
vn -1 0 -0
vt 0.519686 0.5718
vt 0.519686 0.576852
vt 0.518645 0.576852
f 3337/3337/3337 3338/3338/3338 3339/3339/3339
v 1.34488 3.25575 -0.015953
v 1.38457 3.25575 -0.015953
v 1.38457 3.25024 -0.015953
vn 0 0 -1
vn 0 0 -1
vn 0 0 -1
vt 0.519609 0.537906
vt 0.512114 0.537906
vt 0.512114 0.536865
f 3340/3340/3340 3341/3341/3341 3342/3342/3342
v 1.38457 3.25024 -0.015953
v 1.34488 3.25024 -0.015953
v 1.34488 3.25575 -0.015953
vn 0 0 -1
vn 0 0 -1
vn 0 0 -1
vt 0.512114 0.536865
vt 0.519609 0.536865
vt 0.519609 0.537906
f 3343/3343/3343 3344/3344/3344 3345/3345/3345
v 1.38457 3.25575 -0.015953
v 1.38457 3.25575 0.010795
v 1.38457 3.25024 0.010795
vn 1 0 -0
vn 1 0 -0
vn 1 0 -0
vt 0.547119 0.583693
vt 0.547119 0.578641
vt 0.54816 0.578641
f 3346/3346/3346 3347/3347/3347 3348/3348/3348
v 1.38457 3.25024 0.010795
v 1.38457 3.25024 -0.015953
v 1.38457 3.25575 -0.015953
vn 1 0 -0
vn 1 0 -0
vn 1 0 -0
vt 0.54816 0.578641
vt 0.54816 0.583693
vt 0.547119 0.583693
f 3349/3349/3349 3350/3350/3350 3351/3351/3351
v 1.38457 3.25575 0.010795
v 1.34488 3.25575 0.010795
v 1.34488 3.25024 0.010795
vn 0 0 1
vn 0 0 1
vn 0 0 1
vt 0.484259 0.539409
vt 0.476764 0.539409
vt 0.476764 0.538368
f 3352/3352/3352 3353/3353/3353 3354/3354/3354
v 1.34488 3.25024 0.010795
v 1.38457 3.25024 0.010795
v 1.38457 3.25575 0.010795
vn 0 0 1
vn 0 0 1
vn 0 0 1
vt 0.476764 0.538368
vt 0.484259 0.538368
vt 0.484259 0.539409
f 3355/3355/3355 3356/3356/3356 3357/3357/3357
v -1.38457 3.40016 0.10174
v -1.35386 3.40016 0.10174
v -1.35176 3.40025 0.10174
vn 0 0 1
vn 0 0 1
vn 0 0 1
vt 0.485848 0.560732
vt 0.480087 0.561392
vt 0.47969 0.561421
f 3358/3358/3358 3359/3359/3359 3360/3360/3360
v -1.38457 3.40016 0.10174
v -1.35176 3.40025 0.10174
v -1.34993 3.40051 0.10174
vn 0 0 1
vn 0 0 1
vn 0 0 1
vt 0.485848 0.560732
vt 0.47969 0.561421
vt 0.479342 0.561411
f 3361/3361/3361 3362/3362/3362 3363/3363/3363
v -1.38457 3.40016 0.10174
v -1.34993 3.40051 0.10174
v -1.34839 3.40094 0.10174
vn 0 0 1
vn 0 0 1
vn 0 0 1
vt 0.485848 0.560732
vt 0.479342 0.561411
vt 0.479043 0.561364
f 3364/3364/3364 3365/3365/3365 3366/3366/3366
v -1.38457 3.40016 0.10174
v -1.34839 3.40094 0.10174
v -1.34713 3.40154 0.10174
vn 0 0 1
vn 0 0 1
vn 0 0 1
vt 0.485848 0.560732
vt 0.479043 0.561364
vt 0.478794 0.561278
f 3367/3367/3367 3368/3368/3368 3369/3369/3369
v -1.38457 3.40016 0.10174
v -1.34713 3.40154 0.10174
v -1.34615 3.40231 0.10174
vn 0 0 1
vn 0 0 1
vn 0 0 1
vt 0.485848 0.560732
vt 0.478794 0.561278
vt 0.478593 0.561153
f 3370/3370/3370 3371/3371/3371 3372/3372/3372
v -1.38457 3.40016 0.10174
v -1.34615 3.40231 0.10174
v -1.34544 3.40326 0.10174
vn 0 0 1
vn 0 0 1
vn 0 0 1
vt 0.485848 0.560732
vt 0.478593 0.561153
vt 0.478441 0.560991
f 3373/3373/3373 3374/3374/3374 3375/3375/3375
v -1.38457 3.40016 0.10174
v -1.34544 3.40326 0.10174
v -1.34502 3.40438 0.10174
vn 0 0 1
vn 0 0 1
vn 0 0 1
vt 0.485848 0.560732
vt 0.478441 0.560991
vt 0.478338 0.56079
f 3376/3376/3376 3377/3377/3377 3378/3378/3378
v -1.38457 3.40016 0.10174
v -1.34502 3.40438 0.10174
v -1.34488 3.40567 0.10174
vn 0 0 1
vn 0 0 1
vn 0 0 1
vt 0.485848 0.560732
vt 0.478338 0.56079
vt 0.478283 0.56055
f 3379/3379/3379 3380/3380/3380 3381/3381/3381
v -1.38457 3.40016 0.10174
v -1.34488 3.40567 0.10174
v -1.34488 3.40567 0.10174
vn 0 0 -0
vn 0 0 -0
vn 0 0 -0
vt 0.475991 0.587997
vt 0.475991 0.589038
vt 0.475991 0.589038
f 3382/3382/3382 3383/3383/3383 3384/3384/3384
v -1.38457 3.40016 0.10174
v -1.34488 3.40567 0.10174
v -1.38457 3.40567 0.10174
vn 0 0 1
vn 0 0 1
vn 0 0 1
vt 0.491626 0.544406
vt 0.499121 0.545447
vt 0.491626 0.545447
f 3385/3385/3385 3386/3386/3386 3387/3387/3387
v -1.34488 3.40016 0.09276
v -1.34488 3.40016 0.071425
v -1.34488 3.40567 0.071425
vn 1 0 -0
vn 1 0 -0
vn 1 0 -0
vt 0.477687 0.587997
vt 0.481717 0.587997
vt 0.481717 0.589038
f 3388/3388/3388 3389/3389/3389 3390/3390/3390
v -1.34488 3.40016 0.09276
v -1.34488 3.40567 0.071425
v -1.34488 3.40567 0.10174
vn 1 0 -0
vn 1 0 -0
vn 1 0 -0
vt 0.477687 0.587997
vt 0.481717 0.589038
vt 0.475991 0.589038
f 3391/3391/3391 3392/3392/3392 3393/3393/3393
v -1.34488 3.40025 0.094864
v -1.34488 3.40016 0.09276
v -1.34488 3.40567 0.10174
vn 1 0 -0
vn 1 0 -0
vn 1 0 -0
vt 0.47729 0.588014
vt 0.477687 0.587997
vt 0.475991 0.589038
f 3394/3394/3394 3395/3395/3395 3396/3396/3396
v -1.34488 3.40051 0.096688
v -1.34488 3.40025 0.094864
v -1.34488 3.40567 0.10174
vn 1 0 -0
vn 1 0 -0
vn 1 0 -0
vt 0.476945 0.588063
vt 0.47729 0.588014
vt 0.475991 0.589038
f 3397/3397/3397 3398/3398/3398 3399/3399/3399
v -1.34488 3.40094 0.098232
v -1.34488 3.40051 0.096688
v -1.34488 3.40567 0.10174
vn 1 0 -0
vn 1 0 -0
vn 1 0 -0
vt 0.476654 0.588144
vt 0.476945 0.588063
vt 0.475991 0.589038
f 3400/3400/3400 3401/3401/3401 3402/3402/3402
v -1.34488 3.40154 0.099495
v -1.34488 3.40094 0.098232
v -1.34488 3.40567 0.10174
vn 1 0 -0
vn 1 0 -0
vn 1 0 -0
vt 0.476415 0.588258
vt 0.476654 0.588144
vt 0.475991 0.589038
f 3403/3403/3403 3404/3404/3404 3405/3405/3405
v -1.34488 3.40231 0.100477
v -1.34488 3.40154 0.099495
v -1.34488 3.40567 0.10174
vn 1 0 -0
vn 1 0 -0
vn 1 0 -0
vt 0.47623 0.588404
vt 0.476415 0.588258
vt 0.475991 0.589038
f 3406/3406/3406 3407/3407/3407 3408/3408/3408
v -1.34488 3.40326 0.101178
v -1.34488 3.40231 0.100477
v -1.34488 3.40567 0.10174
vn 1 0 -0
vn 1 0 -0
vn 1 0 -0
vt 0.476097 0.588583
vt 0.47623 0.588404
vt 0.475991 0.589038
f 3409/3409/3409 3410/3410/3410 3411/3411/3411
v -1.34488 3.40438 0.101599
v -1.34488 3.40326 0.101178
v -1.34488 3.40567 0.10174
vn 1 0 -0
vn 1 0 -0
vn 1 0 -0
vt 0.476018 0.588795
vt 0.476097 0.588583
vt 0.475991 0.589038
f 3412/3412/3412 3413/3413/3413 3414/3414/3414
v -1.34488 3.40567 0.10174
v -1.34488 3.40438 0.101599
v -1.34488 3.40567 0.10174
vn 0 0 -0
vn 0 0 -0
vn 0 0 -0
vt 0.475991 0.589038
vt 0.476018 0.588795
vt 0.475991 0.589038
f 3415/3415/3415 3416/3416/3416 3417/3417/3417
v -1.34488 3.40016 0.071425
v -1.38457 3.40016 0.071425
v -1.38457 3.40567 0.071425
vn 0 0 -1
vn 0 0 -1
vn 0 0 -1
vt 0.487505 0.543375
vt 0.495 0.543375
vt 0.495 0.544416
f 3418/3418/3418 3419/3419/3419 3420/3420/3420
v -1.38457 3.40567 0.071425
v -1.34488 3.40567 0.071425
v -1.34488 3.40016 0.071425
vn 0 0 -1
vn 0 0 -1
vn 0 0 -1
vt 0.495 0.544416
vt 0.487505 0.544416
vt 0.487505 0.543375
f 3421/3421/3421 3422/3422/3422 3423/3423/3423
v -1.40638 3.40016 0.071425
v -1.40638 3.40016 0.10174
v -1.40638 3.40567 0.10174
vn -1 0 -0
vn -1 0 -0
vn -1 0 -0
vt 0.499034 0.542387
vt 0.50476 0.542387
vt 0.50476 0.543428
f 3424/3424/3424 3425/3425/3425 3426/3426/3426
v -1.40638 3.40567 0.10174
v -1.40638 3.40567 0.071425
v -1.40638 3.40016 0.071425
vn -1 0 -0
vn -1 0 -0
vn -1 0 -0
vt 0.50476 0.543428
vt 0.499034 0.543428
vt 0.499034 0.542387
f 3427/3427/3427 3428/3428/3428 3429/3429/3429
v 1.34488 3.40016 0.10174
v 1.38457 3.40016 0.10174
v 1.38457 3.40567 0.10174
vn 0 0 1
vn 0 0 1
vn 0 0 1
vt 0.487505 0.545436
vt 0.495 0.545436
vt 0.495 0.546477
f 3430/3430/3430 3431/3431/3431 3432/3432/3432
v 1.38457 3.40567 0.10174
v 1.34488 3.40567 0.10174
v 1.34488 3.40016 0.10174
vn 0 0 1
vn 0 0 1
vn 0 0 1
vt 0.495 0.546477
vt 0.487505 0.546477
vt 0.487505 0.545436
f 3433/3433/3433 3434/3434/3434 3435/3435/3435
v 1.40638 3.40016 0.10174
v 1.40638 3.40016 0.071425
v 1.40638 3.40567 0.071425
vn 1 0 -0
vn 1 0 -0
vn 1 0 -0
vt 0.499034 0.544449
vt 0.50476 0.544449
vt 0.50476 0.54549
f 3436/3436/3436 3437/3437/3437 3438/3438/3438
v 1.40638 3.40567 0.071425
v 1.40638 3.40567 0.10174
v 1.40638 3.40016 0.10174
vn 1 0 -0
vn 1 0 -0
vn 1 0 -0
vt 0.50476 0.54549
vt 0.499034 0.54549
vt 0.499034 0.544449
f 3439/3439/3439 3440/3440/3440 3441/3441/3441
v 1.38457 3.40016 0.071425
v 1.34488 3.40016 0.071425
v 1.34488 3.40567 0.071425
vn 0 0 -1
vn 0 0 -1
vn 0 0 -1
vt 0.480125 0.543375
vt 0.48762 0.543375
vt 0.48762 0.544416
f 3442/3442/3442 3443/3443/3443 3444/3444/3444
v 1.34488 3.40567 0.071425
v 1.38457 3.40567 0.071425
v 1.38457 3.40016 0.071425
vn 0 0 -1
vn 0 0 -1
vn 0 0 -1
vt 0.48762 0.544416
vt 0.480125 0.544416
vt 0.480125 0.543375
f 3445/3445/3445 3446/3446/3446 3447/3447/3447
v 1.34488 3.40016 0.071425
v 1.34488 3.40016 0.10174
v 1.34488 3.40567 0.10174
vn -1 0 -0
vn -1 0 -0
vn -1 0 -0
vt 0.499034 0.543418
vt 0.50476 0.543418
vt 0.50476 0.544459
f 3448/3448/3448 3449/3449/3449 3450/3450/3450
v 1.34488 3.40567 0.10174
v 1.34488 3.40567 0.071425
v 1.34488 3.40016 0.071425
vn -1 0 -0
vn -1 0 -0
vn -1 0 -0
vt 0.50476 0.544459
vt 0.499034 0.544459
vt 0.499034 0.543418
f 3451/3451/3451 3452/3452/3452 3453/3453/3453
v -1.38457 3.40016 0.071425
v -1.34488 3.40016 0.071425
v -1.34488 3.40567 0.071425
vn 0 0 1
vn 0 0 1
vn 0 0 1
vt 0.491626 0.547498
vt 0.499121 0.547498
vt 0.499121 0.548539
f 3454/3454/3454 3455/3455/3455 3456/3456/3456
v -1.34488 3.40567 0.071425
v -1.38457 3.40567 0.071425
v -1.38457 3.40016 0.071425
vn 0 0 1
vn 0 0 1
vn 0 0 1
vt 0.499121 0.548539
vt 0.491626 0.548539
vt 0.491626 0.547498
f 3457/3457/3457 3458/3458/3458 3459/3459/3459
v -1.34488 3.40016 0.071425
v -1.34488 3.40016 0.04111
v -1.34488 3.40567 0.04111
vn 1 0 -0
vn 1 0 -0
vn 1 0 -0
vt 0.506455 0.536918
vt 0.51218 0.536918
vt 0.51218 0.537959
f 3460/3460/3460 3461/3461/3461 3462/3462/3462
v -1.34488 3.40567 0.04111
v -1.34488 3.40567 0.071425
v -1.34488 3.40016 0.071425
vn 1 0 -0
vn 1 0 -0
vn 1 0 -0
vt 0.51218 0.537959
vt 0.506455 0.537959
vt 0.506455 0.536918
f 3463/3463/3463 3464/3464/3464 3465/3465/3465
v -1.34488 3.40016 0.04111
v -1.38457 3.40016 0.04111
v -1.38457 3.40567 0.04111
vn 0 0 -1
vn 0 0 -1
vn 0 0 -1
vt 0.476005 0.544406
vt 0.4835 0.544406
vt 0.4835 0.545447
f 3466/3466/3466 3467/3467/3467 3468/3468/3468
v -1.38457 3.40567 0.04111
v -1.34488 3.40567 0.04111
v -1.34488 3.40016 0.04111
vn 0 0 -1
vn 0 0 -1
vn 0 0 -1
vt 0.4835 0.545447
vt 0.476005 0.545447
vt 0.476005 0.544406
f 3469/3469/3469 3470/3470/3470 3471/3471/3471
v -1.40638 3.40016 0.04111
v -1.40638 3.40016 0.071425
v -1.40638 3.40567 0.071425
vn -1 0 -0
vn -1 0 -0
vn -1 0 -0
vt 0.476034 0.56671
vt 0.481759 0.56671
vt 0.481759 0.567751
f 3472/3472/3472 3473/3473/3473 3474/3474/3474
v -1.40638 3.40567 0.071425
v -1.40638 3.40567 0.04111
v -1.40638 3.40016 0.04111
vn -1 0 -0
vn -1 0 -0
vn -1 0 -0
vt 0.481759 0.567751
vt 0.476034 0.567751
vt 0.476034 0.56671
f 3475/3475/3475 3476/3476/3476 3477/3477/3477
v 1.34488 3.40016 0.071425
v 1.38457 3.40016 0.071425
v 1.38457 3.40567 0.071425
vn 0 0 1
vn 0 0 1
vn 0 0 1
vt 0.476005 0.55059
vt 0.4835 0.55059
vt 0.4835 0.551631
f 3478/3478/3478 3479/3479/3479 3480/3480/3480
v 1.38457 3.40567 0.071425
v 1.34488 3.40567 0.071425
v 1.34488 3.40016 0.071425
vn 0 0 1
vn 0 0 1
vn 0 0 1
vt 0.4835 0.551631
vt 0.476005 0.551631
vt 0.476005 0.55059
f 3481/3481/3481 3482/3482/3482 3483/3483/3483
v 1.40638 3.40016 0.071425
v 1.40638 3.40016 0.04111
v 1.40638 3.40567 0.04111
vn 1 0 -0
vn 1 0 -0
vn 1 0 -0
vt 0.476034 0.563671
vt 0.481759 0.563671
vt 0.481759 0.564712
f 3484/3484/3484 3485/3485/3485 3486/3486/3486
v 1.40638 3.40567 0.04111
v 1.40638 3.40567 0.071425
v 1.40638 3.40016 0.071425
vn 1 0 -0
vn 1 0 -0
vn 1 0 -0
vt 0.481759 0.564712
vt 0.476034 0.564712
vt 0.476034 0.563671
f 3487/3487/3487 3488/3488/3488 3489/3489/3489
v 1.38457 3.40016 0.04111
v 1.34488 3.40016 0.04111
v 1.34488 3.40567 0.04111
vn 0 0 -1
vn 0 0 -1
vn 0 0 -1
vt 0.480125 0.545436
vt 0.48762 0.545436
vt 0.48762 0.546477
f 3490/3490/3490 3491/3491/3491 3492/3492/3492
v 1.34488 3.40567 0.04111
v 1.38457 3.40567 0.04111
v 1.38457 3.40016 0.04111
vn 0 0 -1
vn 0 0 -1
vn 0 0 -1
vt 0.48762 0.546477
vt 0.480125 0.546477
vt 0.480125 0.545436
f 3493/3493/3493 3494/3494/3494 3495/3495/3495
v 1.34488 3.40016 0.04111
v 1.34488 3.40016 0.071425
v 1.34488 3.40567 0.071425
vn -1 0 -0
vn -1 0 -0
vn -1 0 -0
vt 0.506455 0.537948
vt 0.51218 0.537948
vt 0.51218 0.538989
f 3496/3496/3496 3497/3497/3497 3498/3498/3498
v 1.34488 3.40567 0.071425
v 1.34488 3.40567 0.04111
v 1.34488 3.40016 0.04111
vn -1 0 -0
vn -1 0 -0
vn -1 0 -0
vt 0.51218 0.538989
vt 0.506455 0.538989
vt 0.506455 0.537948
f 3499/3499/3499 3500/3500/3500 3501/3501/3501
v -1.38457 3.40016 0.04111
v -1.34488 3.40016 0.04111
v -1.34488 3.40567 0.04111
vn 0 0 1
vn 0 0 1
vn 0 0 1
vt 0.491626 0.55059
vt 0.499121 0.55059
vt 0.499121 0.551631
f 3502/3502/3502 3503/3503/3503 3504/3504/3504
v -1.34488 3.40567 0.04111
v -1.38457 3.40567 0.04111
v -1.38457 3.40016 0.04111
vn 0 0 1
vn 0 0 1
vn 0 0 1
vt 0.499121 0.551631
vt 0.491626 0.551631
vt 0.491626 0.55059
f 3505/3505/3505 3506/3506/3506 3507/3507/3507
v -1.34488 3.40016 0.04111
v -1.34488 3.40016 0.010795
v -1.34488 3.40567 0.010795
vn 1 0 -0
vn 1 0 -0
vn 1 0 -0
vt 0.499034 0.547541
vt 0.50476 0.547541
vt 0.50476 0.548582
f 3508/3508/3508 3509/3509/3509 3510/3510/3510
v -1.34488 3.40567 0.010795
v -1.34488 3.40567 0.04111
v -1.34488 3.40016 0.04111
vn 1 0 -0
vn 1 0 -0
vn 1 0 -0
vt 0.50476 0.548582
vt 0.499034 0.548582
vt 0.499034 0.547541
f 3511/3511/3511 3512/3512/3512 3513/3513/3513
v -1.34488 3.40016 0.010795
v -1.38457 3.40016 0.010795
v -1.38457 3.40567 0.010795
vn 0 0 -1
vn 0 0 -1
vn 0 0 -1
vt 0.476005 0.546467
vt 0.4835 0.546467
vt 0.4835 0.547508
f 3514/3514/3514 3515/3515/3515 3516/3516/3516
v -1.38457 3.40567 0.010795
v -1.34488 3.40567 0.010795
v -1.34488 3.40016 0.010795
vn 0 0 -1
vn 0 0 -1
vn 0 0 -1
vt 0.4835 0.547508
vt 0.476005 0.547508
vt 0.476005 0.546467
f 3517/3517/3517 3518/3518/3518 3519/3519/3519
v -1.40638 3.40016 0.010795
v -1.40638 3.40016 0.04111
v -1.40638 3.40567 0.04111
vn -1 0 -0
vn -1 0 -0
vn -1 0 -0
vt 0.499034 0.54651
vt 0.50476 0.54651
vt 0.50476 0.547551
f 3520/3520/3520 3521/3521/3521 3522/3522/3522
v -1.40638 3.40567 0.04111
v -1.40638 3.40567 0.010795
v -1.40638 3.40016 0.010795
vn -1 0 -0
vn -1 0 -0
vn -1 0 -0
vt 0.50476 0.547551
vt 0.499034 0.547551
vt 0.499034 0.54651
f 3523/3523/3523 3524/3524/3524 3525/3525/3525
v 1.34488 3.40016 0.04111
v 1.38457 3.40016 0.04111
v 1.38457 3.40567 0.04111
vn 0 0 1
vn 0 0 1
vn 0 0 1
vt 0.487505 0.55162
vt 0.495 0.55162
vt 0.495 0.552661
f 3526/3526/3526 3527/3527/3527 3528/3528/3528
v 1.38457 3.40567 0.04111
v 1.34488 3.40567 0.04111
v 1.34488 3.40016 0.04111
vn 0 0 1
vn 0 0 1
vn 0 0 1
vt 0.495 0.552661
vt 0.487505 0.552661
vt 0.487505 0.55162
f 3529/3529/3529 3530/3530/3530 3531/3531/3531
v 1.40638 3.40016 0.04111
v 1.40638 3.40016 0.010795
v 1.40638 3.40567 0.010795
vn 1 0 -0
vn 1 0 -0
vn 1 0 -0
vt 0.506455 0.534856
vt 0.51218 0.534856
vt 0.51218 0.535897
f 3532/3532/3532 3533/3533/3533 3534/3534/3534
v 1.40638 3.40567 0.010795
v 1.40638 3.40567 0.04111
v 1.40638 3.40016 0.04111
vn 1 0 -0
vn 1 0 -0
vn 1 0 -0
vt 0.51218 0.535897
vt 0.506455 0.535897
vt 0.506455 0.534856
f 3535/3535/3535 3536/3536/3536 3537/3537/3537
v 1.38457 3.40016 0.010795
v 1.34488 3.40016 0.010795
v 1.34488 3.40567 0.010795
vn 0 0 -1
vn 0 0 -1
vn 0 0 -1
vt 0.480125 0.548528
vt 0.48762 0.548528
vt 0.48762 0.549569
f 3538/3538/3538 3539/3539/3539 3540/3540/3540
v 1.34488 3.40567 0.010795
v 1.38457 3.40567 0.010795
v 1.38457 3.40016 0.010795
vn 0 0 -1
vn 0 0 -1
vn 0 0 -1
vt 0.48762 0.549569
vt 0.480125 0.549569
vt 0.480125 0.548528
f 3541/3541/3541 3542/3542/3542 3543/3543/3543
v 1.34488 3.40016 0.010795
v 1.34488 3.40016 0.04111
v 1.34488 3.40567 0.04111
vn -1 0 -0
vn -1 0 -0
vn -1 0 -0
vt 0.499034 0.549602
vt 0.50476 0.549602
vt 0.50476 0.550643
f 3544/3544/3544 3545/3545/3545 3546/3546/3546
v 1.34488 3.40567 0.04111
v 1.34488 3.40567 0.010795
v 1.34488 3.40016 0.010795
vn -1 0 -0
vn -1 0 -0
vn -1 0 -0
vt 0.50476 0.550643
vt 0.499034 0.550643
vt 0.499034 0.549602
f 3547/3547/3547 3548/3548/3548 3549/3549/3549
v -1.38457 3.40016 0.010795
v -1.34488 3.40016 0.010795
v -1.34488 3.40567 0.010795
vn 0 0 1
vn 0 0 1
vn 0 0 1
vt 0.491626 0.552651
vt 0.499121 0.552651
vt 0.499121 0.553692
f 3550/3550/3550 3551/3551/3551 3552/3552/3552
v -1.34488 3.40567 0.010795
v -1.38457 3.40567 0.010795
v -1.38457 3.40016 0.010795
vn 0 0 1
vn 0 0 1
vn 0 0 1
vt 0.499121 0.553692
vt 0.491626 0.553692
vt 0.491626 0.552651
f 3553/3553/3553 3554/3554/3554 3555/3555/3555
v -1.34488 3.40016 0.010795
v -1.34488 3.40016 -0.015953
v -1.34488 3.40567 -0.015953
vn 1 0 -0
vn 1 0 -0
vn 1 0 -0
vt 0.474806 0.579132
vt 0.479858 0.579132
vt 0.479858 0.580173
f 3556/3556/3556 3557/3557/3557 3558/3558/3558
v -1.34488 3.40567 -0.015953
v -1.34488 3.40567 0.010795
v -1.34488 3.40016 0.010795
vn 1 0 -0
vn 1 0 -0
vn 1 0 -0
vt 0.479858 0.580173
vt 0.474806 0.580173
vt 0.474806 0.579132
f 3559/3559/3559 3560/3560/3560 3561/3561/3561
v -1.34488 3.40016 -0.015953
v -1.38457 3.40016 -0.015953
v -1.38457 3.40567 -0.015953
vn 0 0 -1
vn 0 0 -1
vn 0 0 -1
vt 0.487505 0.541314
vt 0.495 0.541314
vt 0.495 0.542355
f 3562/3562/3562 3563/3563/3563 3564/3564/3564
v -1.38457 3.40567 -0.015953
v -1.34488 3.40567 -0.015953
v -1.34488 3.40016 -0.015953
vn 0 0 -1
vn 0 0 -1
vn 0 0 -1
vt 0.495 0.542355
vt 0.487505 0.542355
vt 0.487505 0.541314
f 3565/3565/3565 3566/3566/3566 3567/3567/3567
v -1.40638 3.40016 -0.015953
v -1.40638 3.40016 0.010795
v -1.40638 3.40567 0.010795
vn -1 0 -8e-006
vn -1 0 -8e-006
vn -1 0 -8e-006
vt 0.4746 0.601248
vt 0.479652 0.601248
vt 0.479652 0.602288
f 3568/3568/3568 3569/3569/3569 3570/3570/3570
v -1.40638 3.40567 0.010795
v -1.40638 3.40567 -0.015953
v -1.40638 3.40016 -0.015953
vn -1 0 -8e-006
vn -1 0 -8e-006
vn -1 0 -8e-006
vt 0.479652 0.602288
vt 0.4746 0.602288
vt 0.4746 0.601248
f 3571/3571/3571 3572/3572/3572 3573/3573/3573
v 1.34488 3.40016 0.010795
v 1.38457 3.40016 0.010795
v 1.38457 3.40567 0.010795
vn 0 0 1
vn 0 0 1
vn 0 0 1
vt 0.479775 0.589747
vt 0.48727 0.589747
vt 0.48727 0.590788
f 3574/3574/3574 3575/3575/3575 3576/3576/3576
v 1.38457 3.40567 0.010795
v 1.34488 3.40567 0.010795
v 1.34488 3.40016 0.010795
vn 0 0 1
vn 0 0 1
vn 0 0 1
vt 0.48727 0.590788
vt 0.479775 0.590788
vt 0.479775 0.589747
f 3577/3577/3577 3578/3578/3578 3579/3579/3579
v 1.40638 3.40016 0.010795
v 1.40638 3.40016 -0.015953
v 1.40638 3.40567 -0.015953
vn 1 0 -0
vn 1 0 -0
vn 1 0 -0
vt 0.474806 0.595416
vt 0.479858 0.595416
vt 0.479858 0.596457
f 3580/3580/3580 3581/3581/3581 3582/3582/3582
v 1.40638 3.40567 -0.015953
v 1.40638 3.40567 0.010795
v 1.40638 3.40016 0.010795
vn 1 0 -0
vn 1 0 -0
vn 1 0 -0
vt 0.479858 0.596457
vt 0.474806 0.596457
vt 0.474806 0.595416
f 3583/3583/3583 3584/3584/3584 3585/3585/3585
v 1.38457 3.40016 -0.015953
v 1.34488 3.40016 -0.015953
v 1.34488 3.40567 -0.015953
vn 0 0 -1
vn 0 0 -1
vn 0 0 -1
vt 0.480125 0.55162
vt 0.48762 0.55162
vt 0.48762 0.552661
f 3586/3586/3586 3587/3587/3587 3588/3588/3588
v 1.34488 3.40567 -0.015953
v 1.38457 3.40567 -0.015953
v 1.38457 3.40016 -0.015953
vn 0 0 -1
vn 0 0 -1
vn 0 0 -1
vt 0.48762 0.552661
vt 0.480125 0.552661
vt 0.480125 0.55162
f 3589/3589/3589 3590/3590/3590 3591/3591/3591
v 1.34488 3.40016 -0.015953
v 1.34488 3.40016 0.010795
v 1.34488 3.40567 0.010795
vn -1 0 -0
vn -1 0 -0
vn -1 0 -0
vt 0.4746 0.602836
vt 0.479652 0.602836
vt 0.479652 0.603877
f 3592/3592/3592 3593/3593/3593 3594/3594/3594
v 1.34488 3.40567 0.010795
v 1.34488 3.40567 -0.015953
v 1.34488 3.40016 -0.015953
vn -1 0 -0
vn -1 0 -0
vn -1 0 -0
vt 0.479652 0.603877
vt 0.4746 0.603877
vt 0.4746 0.602836
f 3595/3595/3595 3596/3596/3596 3597/3597/3597
v -1.38457 3.25024 0.10174
v -1.34488 3.25024 0.10174
v -1.34488 3.25024 0.102842
vn 0 -1 -0
vn 0 -1 -0
vn 0 -1 -0
vt 0.491494 0.53444
vt 0.499211 0.53444
vt 0.499211 0.534654
f 3598/3598/3598 3599/3599/3599 3600/3600/3600
v -1.34488 3.25024 0.102842
v -1.38457 3.25024 0.102842
v -1.38457 3.25024 0.10174
vn 0 -1 -0
vn 0 -1 -0
vn 0 -1 -0
vt 0.499211 0.534654
vt 0.491494 0.534654
vt 0.491494 0.53444
f 3601/3601/3601 3602/3602/3602 3603/3603/3603
v -1.34488 3.25589 0.10596
v -1.34488 3.25631 0.10484
v -1.34488 3.25701 0.103893
vn 1 0 -0
vn 1 0 -0
vn 1 0 -0
vt 0.547093 0.535955
vt 0.547013 0.536166
vt 0.546881 0.536345
f 3604/3604/3604 3605/3605/3605 3606/3606/3606
v -1.34488 3.25701 0.103893
v -1.34488 3.258 0.103118
v -1.34488 3.25926 0.102515
vn 1 0 -0
vn 1 0 -0
vn 1 0 -0
vt 0.546881 0.536345
vt 0.546695 0.536491
vt 0.546457 0.536605
f 3607/3607/3607 3608/3608/3608 3609/3609/3609
v -1.34488 3.25589 0.10596
v -1.34488 3.25701 0.103893
v -1.34488 3.25926 0.102515
vn 1 0 -0
vn 1 0 -0
vn 1 0 -0
vt 0.547093 0.535955
vt 0.546881 0.536345
vt 0.546457 0.536605
f 3610/3610/3610 3611/3611/3611 3612/3612/3612
v -1.34488 3.25926 0.102515
v -1.34488 3.2608 0.102084
v -1.34488 3.26263 0.101826
vn 1 0 -0
vn 1 0 -0
vn 1 0 -0
vt 0.546457 0.536605
vt 0.546165 0.536686
vt 0.545821 0.536735
f 3613/3613/3613 3614/3614/3614 3615/3615/3615
v -1.34488 3.26263 0.101826
v -1.34488 3.26473 0.10174
v -1.34488 3.31858 0.10174
vn 1 4e-006 9.7e-005
vn 1 4e-006 9.7e-005
vn 1 4e-006 9.7e-005
vt 0.545821 0.536735
vt 0.545423 0.536752
vt 0.535253 0.536752
f 3616/3616/3616 3617/3617/3617 3618/3618/3618
v -1.34488 3.25926 0.102515
v -1.34488 3.26263 0.101826
v -1.34488 3.31858 0.10174
vn 1 4e-006 1.9e-005
vn 1 4e-006 1.9e-005
vn 1 4e-006 1.9e-005
vt 0.546457 0.536605
vt 0.545821 0.536735
vt 0.535253 0.536752
f 3619/3619/3619 3620/3620/3620 3621/3621/3621
v -1.34488 3.25589 0.10596
v -1.34488 3.25926 0.102515
v -1.34488 3.31858 0.10174
vn 1 4e-006 4e-006
vn 1 4e-006 4e-006
vn 1 4e-006 4e-006
vt 0.547093 0.535955
vt 0.546457 0.536605
vt 0.535253 0.536752
f 3622/3622/3622 3623/3623/3623 3624/3624/3624
v -1.34488 3.31858 0.10174
v -1.34488 3.32293 0.099555
v -1.34488 3.32588 0.098566
vn 1 0 -0
vn 1 0 -0
vn 1 0 -0
vt 0.535253 0.536752
vt 0.534432 0.537164
vt 0.533874 0.537351
f 3625/3625/3625 3626/3626/3626 3627/3627/3627
v -1.34488 3.31858 0.10174
v -1.34488 3.32588 0.098566
v -1.34488 3.32884 0.098566
vn 1 0 -0
vn 1 0 -0
vn 1 0 -0
vt 0.535253 0.536752
vt 0.533874 0.537351
vt 0.533316 0.537351
f 3628/3628/3628 3629/3629/3629 3630/3630/3630
v -1.34488 3.31858 0.10174
v -1.34488 3.32884 0.098566
v -1.34488 3.33179 0.099555
vn 1 0 -0
vn 1 0 -0
vn 1 0 -0
vt 0.535253 0.536752
vt 0.533316 0.537351
vt 0.532759 0.537164
f 3631/3631/3631 3632/3632/3632 3633/3633/3633
v -1.34488 3.31858 0.10174
v -1.34488 3.33179 0.099555
v -1.34488 3.33614 0.10174
vn 1 0 -0
vn 1 0 -0
vn 1 0 -0
vt 0.535253 0.536752
vt 0.532759 0.537164
vt 0.531937 0.536752
f 3634/3634/3634 3635/3635/3635 3636/3636/3636
v -1.34488 3.33614 0.10174
v -1.34488 3.39118 0.10174
v -1.34488 3.39323 0.101826
vn 1 -4e-006 9.3e-005
vn 1 -4e-006 9.3e-005
vn 1 -4e-006 9.3e-005
vt 0.531937 0.536752
vt 0.521542 0.536752
vt 0.521154 0.536735
f 3637/3637/3637 3638/3638/3638 3639/3639/3639
v -1.34488 3.31858 0.10174
v -1.34488 3.33614 0.10174
v -1.34488 3.39323 0.101826
vn 0.999997 0 -0.00248
vn 0.999997 0 -0.00248
vn 0.999997 0 -0.00248
vt 0.535253 0.536752
vt 0.531937 0.536752
vt 0.521154 0.536735
f 3640/3640/3640 3641/3641/3641 3642/3642/3642
v -1.34488 3.39323 0.101826
v -1.34488 3.3949 0.102084
v -1.34488 3.39619 0.102515
vn 1 0 -0
vn 1 0 -0
vn 1 0 -0
vt 0.521154 0.536735
vt 0.520839 0.536686
vt 0.520596 0.536605
f 3643/3643/3643 3644/3644/3644 3645/3645/3645
v -1.34488 3.39619 0.102515
v -1.34488 3.39709 0.103118
v -1.34488 3.39761 0.103893
vn 1 0 -0
vn 1 0 -0
vn 1 0 -0
vt 0.520596 0.536605
vt 0.520426 0.536491
vt 0.520328 0.536345
f 3646/3646/3646 3647/3647/3647 3648/3648/3648
v -1.34488 3.39323 0.101826
v -1.34488 3.39619 0.102515
v -1.34488 3.39761 0.103893
vn 1 0 -0
vn 1 0 -0
vn 1 0 -0
vt 0.521154 0.536735
vt 0.520596 0.536605
vt 0.520328 0.536345
f 3649/3649/3649 3650/3650/3650 3651/3651/3651
v -1.34488 3.31858 0.10174
v -1.34488 3.39323 0.101826
v -1.34488 3.39761 0.103893
vn 1 -3e-006 6e-006
vn 1 -3e-006 6e-006
vn 1 -3e-006 6e-006
vt 0.535253 0.536752
vt 0.521154 0.536735
vt 0.520328 0.536345
f 3652/3652/3652 3653/3653/3653 3654/3654/3654
v -1.34488 3.25589 0.10596
v -1.34488 3.31858 0.10174
v -1.34488 3.39761 0.103893
vn 1 -1e-006 -6.5e-005
vn 1 -1e-006 -6.5e-005
vn 1 -1e-006 -6.5e-005
vt 0.547093 0.535955
vt 0.535253 0.536752
vt 0.520328 0.536345
f 3655/3655/3655 3656/3656/3656 3657/3657/3657
v -1.34488 3.39761 0.103893
v -1.34488 3.39774 0.10484
v -1.34488 3.39749 0.10596
vn 1 0 -0
vn 1 0 -0
vn 1 0 -0
vt 0.520328 0.536345
vt 0.520303 0.536166
vt 0.52035 0.535955
f 3658/3658/3658 3659/3659/3659 3660/3660/3660
v -1.34488 3.25589 0.10596
v -1.34488 3.39761 0.103893
v -1.34488 3.39749 0.10596
vn 1 0 -0
vn 1 0 -0
vn 1 0 -0
vt 0.547093 0.535955
vt 0.520328 0.536345
vt 0.52035 0.535955
f 3661/3661/3661 3662/3662/3662 3663/3663/3663
v -1.34488 3.39749 0.10596
v -1.34488 3.39686 0.107251
v -1.34488 3.39686 0.107251
vn 0 0 -0
vn 0 0 -0
vn 0 0 -0
vt 0.52035 0.535955
vt 0.52047 0.535711
vt 0.52047 0.535711
f 3664/3664/3664 3665/3665/3665 3666/3666/3666
v -1.34488 3.25589 0.10596
v -1.34488 3.39749 0.10596
v -1.34488 3.39686 0.107251
vn 1 0 -0
vn 1 0 -0
vn 1 0 -0
vt 0.547093 0.535955
vt 0.52035 0.535955
vt 0.52047 0.535711
f 3667/3667/3667 3668/3668/3668 3669/3669/3669
v -1.34488 3.25575 0.107251
v -1.34488 3.25589 0.10596
v -1.34488 3.39686 0.107251
vn 1 0 -0
vn 1 0 -0
vn 1 0 -0
vt 0.547119 0.535711
vt 0.547093 0.535955
vt 0.52047 0.535711
f 3670/3670/3670 3671/3671/3671 3672/3672/3672
v -1.34488 3.25575 0.107251
v -1.34488 3.39686 0.107251
v -1.34488 3.25575 0.107251
vn 0 0 -0
vn 0 0 -0
vn 0 0 -0
vt 0.547119 0.535711
vt 0.52047 0.535711
vt 0.547119 0.535711
f 3673/3673/3673 3674/3674/3674 3675/3675/3675
v -1.34488 3.40237 0.10174
v -1.38457 3.40237 0.10174
v -1.38457 3.40237 0.107251
vn 0 1 -0
vn 0 1 -0
vn 0 1 -0
vt 0.512189 0.545173
vt 0.504694 0.545173
vt 0.504694 0.544132
f 3676/3676/3676 3677/3677/3677 3678/3678/3678
v -1.38457 3.40237 0.107251
v -1.34488 3.40237 0.107251
v -1.34488 3.40237 0.10174
vn 0 1 -0
vn 0 1 -0
vn 0 1 -0
vt 0.504694 0.544132
vt 0.512189 0.544132
vt 0.512189 0.545173
f 3679/3679/3679 3680/3680/3680 3681/3681/3681
v -1.38457 3.39686 0.10174
v -1.38457 3.25575 0.10174
v -1.38457 3.25575 0.107251
vn -1 2e-006 -0
vn -1 2e-006 -0
vn -1 2e-006 -0
vt 0.52047 0.60703
vt 0.547119 0.60703
vt 0.547119 0.608071
f 3682/3682/3682 3683/3683/3683 3684/3684/3684
v -1.38457 3.25575 0.107251
v -1.38457 3.39686 0.107251
v -1.38457 3.39686 0.10174
vn -1 2e-006 -0
vn -1 2e-006 -0
vn -1 2e-006 -0
vt 0.547119 0.608071
vt 0.52047 0.608071
vt 0.52047 0.60703
f 3685/3685/3685 3686/3686/3686 3687/3687/3687
v 1.34488 3.25024 0.10174
v 1.38457 3.25024 0.10174
v 1.38457 3.25024 0.102842
vn 0 -1 -0
vn 0 -1 -0
vn 0 -1 -0
vt 0.485662 0.560575
vt 0.49338 0.560575
vt 0.49338 0.56079
f 3688/3688/3688 3689/3689/3689 3690/3690/3690
v 1.38457 3.25024 0.102842
v 1.34488 3.25024 0.102842
v 1.34488 3.25024 0.10174
vn 0 -1 -0
vn 0 -1 -0
vn 0 -1 -0
vt 0.49338 0.56079
vt 0.485662 0.56079
vt 0.485662 0.560575
f 3691/3691/3691 3692/3692/3692 3693/3693/3693
v 1.38457 3.25575 0.10174
v 1.38457 3.39686 0.10174
v 1.38457 3.39686 0.107251
vn 1 0 -0
vn 1 0 -0
vn 1 0 -0
vt 0.547119 0.561465
vt 0.52047 0.561465
vt 0.52047 0.560424
f 3694/3694/3694 3695/3695/3695 3696/3696/3696
v 1.38457 3.39686 0.107251
v 1.38457 3.25575 0.107251
v 1.38457 3.25575 0.10174
vn 1 0 -0
vn 1 0 -0
vn 1 0 -0
vt 0.52047 0.560424
vt 0.547119 0.560424
vt 0.547119 0.561465
f 3697/3697/3697 3698/3698/3698 3699/3699/3699
v 1.38457 3.40237 0.10174
v 1.34488 3.40237 0.10174
v 1.34488 3.40237 0.107251
vn 0 1 -0
vn 0 1 -0
vn 0 1 -0
vt 0.484259 0.536317
vt 0.476764 0.536317
vt 0.476764 0.535276
f 3700/3700/3700 3701/3701/3701 3702/3702/3702
v 1.34488 3.40237 0.107251
v 1.38457 3.40237 0.107251
v 1.38457 3.40237 0.10174
vn 0 1 -0
vn 0 1 -0
vn 0 1 -0
vt 0.476764 0.535276
vt 0.484259 0.535276
vt 0.484259 0.536317
f 3703/3703/3703 3704/3704/3704 3705/3705/3705
v 1.34488 3.39671 0.10596
v 1.34488 3.39629 0.10484
v 1.34488 3.39559 0.103893
vn -1 0 -0
vn -1 0 -0
vn -1 0 -0
vt 0.520497 0.548833
vt 0.520576 0.548621
vt 0.520709 0.548442
f 3706/3706/3706 3707/3707/3707 3708/3708/3708
v 1.34488 3.39559 0.103893
v 1.34488 3.39461 0.103118
v 1.34488 3.39335 0.102515
vn -1 0 -0
vn -1 0 -0
vn -1 0 -0
vt 0.520709 0.548442
vt 0.520894 0.548296
vt 0.521133 0.548182
f 3709/3709/3709 3710/3710/3710 3711/3711/3711
v 1.34488 3.39671 0.10596
v 1.34488 3.39559 0.103893
v 1.34488 3.39335 0.102515
vn -1 0 -0
vn -1 0 -0
vn -1 0 -0
vt 0.520497 0.548833
vt 0.520709 0.548442
vt 0.521133 0.548182
f 3712/3712/3712 3713/3713/3713 3714/3714/3714
v 1.34488 3.39335 0.102515
v 1.34488 3.3918 0.102084
v 1.34488 3.38998 0.101826
vn -1 0 -0
vn -1 0 -0
vn -1 0 -0
vt 0.521133 0.548182
vt 0.521424 0.548101
vt 0.521769 0.548052
f 3715/3715/3715 3716/3716/3716 3717/3717/3717
v 1.34488 3.38998 0.101826
v 1.34488 3.38788 0.10174
v 1.34488 3.33545 0.10174
vn -1 0 -0
vn -1 0 -0
vn -1 0 -0
vt 0.521769 0.548052
vt 0.522166 0.548036
vt 0.532067 0.548036
f 3718/3718/3718 3719/3719/3719 3720/3720/3720
v 1.34488 3.39335 0.102515
v 1.34488 3.38998 0.101826
v 1.34488 3.33545 0.10174
vn -1 0 -0
vn -1 0 -0
vn -1 0 -0
vt 0.521133 0.548182
vt 0.521769 0.548052
vt 0.532067 0.548036
f 3721/3721/3721 3722/3722/3722 3723/3723/3723
v 1.34488 3.39671 0.10596
v 1.34488 3.39335 0.102515
v 1.34488 3.33545 0.10174
vn -1 0 -0
vn -1 0 -0
vn -1 0 -0
vt 0.520497 0.548833
vt 0.521133 0.548182
vt 0.532067 0.548036
f 3724/3724/3724 3725/3725/3725 3726/3726/3726
v 1.34488 3.33545 0.10174
v 1.34488 3.33131 0.099602
v 1.34488 3.32837 0.098593
vn -1 0 -0
vn -1 0 -0
vn -1 0 -0
vt 0.532067 0.548036
vt 0.53285 0.547632
vt 0.533405 0.547441
f 3727/3727/3727 3728/3728/3728 3729/3729/3729
v 1.34488 3.33545 0.10174
v 1.34488 3.32837 0.098593
v 1.34488 3.32543 0.098593
vn -1 0 -0
vn -1 0 -0
vn -1 0 -0
vt 0.532067 0.548036
vt 0.533405 0.547441
vt 0.533959 0.547441
f 3730/3730/3730 3731/3731/3731 3732/3732/3732
v 1.34488 3.33545 0.10174
v 1.34488 3.32543 0.098593
v 1.34488 3.3225 0.099602
vn -1 0 -0
vn -1 0 -0
vn -1 0 -0
vt 0.532067 0.548036
vt 0.533959 0.547441
vt 0.534514 0.547632
f 3733/3733/3733 3734/3734/3734 3735/3735/3735
v 1.34488 3.33545 0.10174
v 1.34488 3.3225 0.099602
v 1.34488 3.31835 0.10174
vn -1 0 -0
vn -1 0 -0
vn -1 0 -0
vt 0.532067 0.548036
vt 0.534514 0.547632
vt 0.535297 0.548036
f 3736/3736/3736 3737/3737/3737 3738/3738/3738
v 1.34488 3.31835 0.10174
v 1.34488 3.26473 0.10174
v 1.34488 3.26263 0.101826
vn -1 0 -0
vn -1 0 -0
vn -1 0 -0
vt 0.535297 0.548036
vt 0.545423 0.548036
vt 0.545821 0.548052
f 3739/3739/3739 3740/3740/3740 3741/3741/3741
v 1.34488 3.33545 0.10174
v 1.34488 3.31835 0.10174
v 1.34488 3.26263 0.101826
vn -1 0 -0
vn -1 0 -0
vn -1 0 -0
vt 0.532067 0.548036
vt 0.535297 0.548036
vt 0.545821 0.548052
f 3742/3742/3742 3743/3743/3743 3744/3744/3744
v 1.34488 3.26263 0.101826
v 1.34488 3.2608 0.102084
v 1.34488 3.25926 0.102515
vn -1 0 -0
vn -1 0 -0
vn -1 0 -0
vt 0.545821 0.548052
vt 0.546165 0.548101
vt 0.546457 0.548182
f 3745/3745/3745 3746/3746/3746 3747/3747/3747
v 1.34488 3.25926 0.102515
v 1.34488 3.258 0.103118
v 1.34488 3.25701 0.103893
vn -1 0 -0
vn -1 0 -0
vn -1 0 -0
vt 0.546457 0.548182
vt 0.546695 0.548296
vt 0.546881 0.548442
f 3748/3748/3748 3749/3749/3749 3750/3750/3750
v 1.34488 3.26263 0.101826
v 1.34488 3.25926 0.102515
v 1.34488 3.25701 0.103893
vn -1 0 -0
vn -1 0 -0
vn -1 0 -0
vt 0.545821 0.548052
vt 0.546457 0.548182
vt 0.546881 0.548442
f 3751/3751/3751 3752/3752/3752 3753/3753/3753
v 1.34488 3.33545 0.10174
v 1.34488 3.26263 0.101826
v 1.34488 3.25701 0.103893
vn -1 0 -0
vn -1 0 -0
vn -1 0 -0
vt 0.532067 0.548036
vt 0.545821 0.548052
vt 0.546881 0.548442
f 3754/3754/3754 3755/3755/3755 3756/3756/3756
v 1.34488 3.39671 0.10596
v 1.34488 3.33545 0.10174
v 1.34488 3.25701 0.103893
vn -1 0 -0
vn -1 0 -0
vn -1 0 -0
vt 0.520497 0.548833
vt 0.532067 0.548036
vt 0.546881 0.548442
f 3757/3757/3757 3758/3758/3758 3759/3759/3759
v 1.34488 3.25701 0.103893
v 1.34488 3.25631 0.10484
v 1.34488 3.25589 0.10596
vn -1 0 -0
vn -1 0 -0
vn -1 0 -0
vt 0.546881 0.548442
vt 0.547013 0.548621
vt 0.547093 0.548833
f 3760/3760/3760 3761/3761/3761 3762/3762/3762
v 1.34488 3.39671 0.10596
v 1.34488 3.25701 0.103893
v 1.34488 3.25589 0.10596
vn -1 0 -0
vn -1 0 -0
vn -1 0 -0
vt 0.520497 0.548833
vt 0.546881 0.548442
vt 0.547093 0.548833
f 3763/3763/3763 3764/3764/3764 3765/3765/3765
v 1.34488 3.25589 0.10596
v 1.34488 3.25575 0.107251
v 1.34488 3.25575 0.107251
vn 0 0 -0
vn 0 0 -0
vn 0 0 -0
vt 0.479162 0.565836
vt 0.478921 0.565809
vt 0.478921 0.565809
f 3766/3766/3766 3767/3767/3767 3768/3768/3768
v 1.34488 3.39671 0.10596
v 1.34488 3.25589 0.10596
v 1.34488 3.25575 0.107251
vn -1 0 -0
vn -1 0 -0
vn -1 0 -0
vt 0.520497 0.548833
vt 0.547093 0.548833
vt 0.547119 0.549077
f 3769/3769/3769 3770/3770/3770 3771/3771/3771
v 1.34488 3.39686 0.107251
v 1.34488 3.39671 0.10596
v 1.34488 3.25575 0.107251
vn -1 0 -0
vn -1 0 -0
vn -1 0 -0
vt 0.52047 0.549077
vt 0.520497 0.548833
vt 0.547119 0.549077
f 3772/3772/3772 3773/3773/3773 3774/3774/3774
v 1.34488 3.39686 0.107251
v 1.34488 3.25575 0.107251
v 1.34488 3.39686 0.107251
vn 0 0 -0
vn 0 0 -0
vn 0 0 -0
vt 0.521633 0.534688
vt 0.548017 0.534688
vt 0.521633 0.534688
f 3775/3775/3775 3776/3776/3776 3777/3777/3777
v 1.38457 3.25024 -0.01952
v 1.34488 3.25024 -0.01952
v 1.34488 3.25024 -0.025032
vn 0 -1 -0
vn 0 -1 -0
vn 0 -1 -0
vt 0.482429 0.586357
vt 0.474934 0.586357
vt 0.474934 0.585316
f 3778/3778/3778 3779/3779/3779 3780/3780/3780
v 1.34488 3.25024 -0.025032
v 1.38457 3.25024 -0.025032
v 1.38457 3.25024 -0.01952
vn 0 -1 -0
vn 0 -1 -0
vn 0 -1 -0
vt 0.474934 0.585316
vt 0.482429 0.585316
vt 0.482429 0.586357
f 3781/3781/3781 3782/3782/3782 3783/3783/3783
v 1.34488 3.25575 -0.01952
v 1.34488 3.39686 -0.01952
v 1.34488 3.39686 -0.025032
vn -1 0 -0
vn -1 0 -0
vn -1 0 -0
vt 0.503833 0.557814
vt 0.477184 0.557814
vt 0.477184 0.556773
f 3784/3784/3784 3785/3785/3785 3786/3786/3786
v 1.34488 3.39686 -0.025032
v 1.34488 3.25575 -0.025032
v 1.34488 3.25575 -0.01952
vn -1 0 -0
vn -1 0 -0
vn -1 0 -0
vt 0.477184 0.556773
vt 0.503833 0.556773
vt 0.503833 0.557814
f 3787/3787/3787 3788/3788/3788 3789/3789/3789
v 1.34488 3.40237 -0.01952
v 1.38457 3.40237 -0.01952
v 1.38457 3.40237 -0.025032
vn 0 1 -0
vn 0 1 -0
vn 0 1 -0
vt 0.504694 0.540009
vt 0.512189 0.540009
vt 0.512189 0.54105
f 3790/3790/3790 3791/3791/3791 3792/3792/3792
v 1.38457 3.40237 -0.025032
v 1.34488 3.40237 -0.025032
v 1.34488 3.40237 -0.01952
vn 0 1 -0
vn 0 1 -0
vn 0 1 -0
vt 0.512189 0.54105
vt 0.504694 0.54105
vt 0.504694 0.540009
f 3793/3793/3793 3794/3794/3794 3795/3795/3795
v 1.40638 3.39686 -0.01952
v 1.40638 3.25575 -0.01952
v 1.40638 3.25575 -0.025032
vn 1 0 -0
vn 1 0 -0
vn 1 0 -0
vt 0.478215 0.555743
vt 0.504864 0.555743
vt 0.504864 0.556784
f 3796/3796/3796 3797/3797/3797 3798/3798/3798
v 1.40638 3.25575 -0.025032
v 1.40638 3.39686 -0.025032
v 1.40638 3.39686 -0.01952
vn 1 0 -0
vn 1 0 -0
vn 1 0 -0
vt 0.504864 0.556784
vt 0.478215 0.556784
vt 0.478215 0.555743
f 3799/3799/3799 3800/3800/3800 3801/3801/3801
v -1.34488 3.25024 -0.01952
v -1.38457 3.25024 -0.01952
v -1.38457 3.25024 -0.025032
vn 0 -1 -0
vn 0 -1 -0
vn 0 -1 -0
vt 0.485865 0.563483
vt 0.47837 0.563483
vt 0.47837 0.562442
f 3802/3802/3802 3803/3803/3803 3804/3804/3804
v -1.38457 3.25024 -0.025032
v -1.34488 3.25024 -0.025032
v -1.34488 3.25024 -0.01952
vn 0 -1 -0
vn 0 -1 -0
vn 0 -1 -0
vt 0.47837 0.562442
vt 0.485865 0.562442
vt 0.485865 0.563483
f 3805/3805/3805 3806/3806/3806 3807/3807/3807
v -1.40638 3.25575 -0.01952
v -1.40638 3.39686 -0.01952
v -1.40638 3.39686 -0.025032
vn -1 2e-006 -0
vn -1 2e-006 -0
vn -1 2e-006 -0
vt 0.504864 0.555753
vt 0.478215 0.555753
vt 0.478215 0.554712
f 3808/3808/3808 3809/3809/3809 3810/3810/3810
v -1.40638 3.39686 -0.025032
v -1.40638 3.25575 -0.025032
v -1.40638 3.25575 -0.01952
vn -1 2e-006 -0
vn -1 2e-006 -0
vn -1 2e-006 -0
vt 0.478215 0.554712
vt 0.504864 0.554712
vt 0.504864 0.555753
f 3811/3811/3811 3812/3812/3812 3813/3813/3813
v -1.38457 3.40237 -0.01952
v -1.34488 3.40237 -0.01952
v -1.34488 3.40237 -0.025032
vn 0 1 -0
vn 0 1 -0
vn 0 1 -0
vt 0.480105 0.540283
vt 0.4876 0.540283
vt 0.4876 0.541324
f 3814/3814/3814 3815/3815/3815 3816/3816/3816
v -1.34488 3.40237 -0.025032
v -1.38457 3.40237 -0.025032
v -1.38457 3.40237 -0.01952
vn 0 1 -0
vn 0 1 -0
vn 0 1 -0
vt 0.4876 0.541324
vt 0.480105 0.541324
vt 0.480105 0.540283
f 3817/3817/3817 3818/3818/3818 3819/3819/3819
v -1.34488 3.39686 -0.01952
v -1.34488 3.25575 -0.01952
v -1.34488 3.25575 -0.025032
vn 1 0 -0
vn 1 0 -0
vn 1 0 -0
vt 0.52047 0.534683
vt 0.547119 0.534683
vt 0.547119 0.535724
f 3820/3820/3820 3821/3821/3821 3822/3822/3822
v -1.34488 3.25575 -0.025032
v -1.34488 3.39686 -0.025032
v -1.34488 3.39686 -0.01952
vn 1 0 -0
vn 1 0 -0
vn 1 0 -0
vt 0.547119 0.535724
vt 0.52047 0.535724
vt 0.52047 0.534683
f 3823/3823/3823 3824/3824/3824 3825/3825/3825
v -1.34488 3.40016 0.107251
v -1.34488 3.40016 0.107251
v -1.34488 3.39686 0.107251
vn 0 0 -0
vn 0 0 -0
vn 0 0 -0
vt 0.483408 0.55792
vt 0.483408 0.55792
vt 0.484032 0.55792
f 3826/3826/3826 3827/3827/3827 3828/3828/3828
v -1.34488 3.40011 0.106046
v -1.34488 3.40016 0.107251
v -1.34488 3.39686 0.107251
vn 1 0 -0
vn 1 0 -0
vn 1 0 -0
vt 0.483417 0.558148
vt 0.483408 0.55792
vt 0.484032 0.55792
f 3829/3829/3829 3830/3830/3830 3831/3831/3831
v -1.34488 3.39996 0.105185
v -1.34488 3.40011 0.106046
v -1.34488 3.39686 0.107251
vn 1 0 -0
vn 1 0 -0
vn 1 0 -0
vt 0.483447 0.55831
vt 0.483417 0.558148
vt 0.484032 0.55792
f 3832/3832/3832 3833/3833/3833 3834/3834/3834
v -1.34488 3.3997 0.104668
v -1.34488 3.39996 0.105185
v -1.34488 3.39686 0.107251
vn 1 0 -0
vn 1 0 -0
vn 1 0 -0
vt 0.483495 0.558408
vt 0.483447 0.55831
vt 0.484032 0.55792
f 3835/3835/3835 3836/3836/3836 3837/3837/3837
v -1.34488 3.39933 0.104496
v -1.34488 3.3997 0.104668
v -1.34488 3.39686 0.107251
vn 1 0 -0
vn 1 0 -0
vn 1 0 -0
vt 0.483564 0.558441
vt 0.483495 0.558408
vt 0.484032 0.55792
f 3838/3838/3838 3839/3839/3839 3840/3840/3840
v -1.34488 3.39887 0.104668
v -1.34488 3.39933 0.104496
v -1.34488 3.39686 0.107251
vn 1 0 -0
vn 1 0 -0
vn 1 0 -0
vt 0.483652 0.558408
vt 0.483564 0.558441
vt 0.484032 0.55792
f 3841/3841/3841 3842/3842/3842 3843/3843/3843
v -1.34488 3.3983 0.105185
v -1.34488 3.39887 0.104668
v -1.34488 3.39686 0.107251
vn 1 0 -0
vn 1 0 -0
vn 1 0 -0
vt 0.483759 0.55831
vt 0.483652 0.558408
vt 0.484032 0.55792
f 3844/3844/3844 3845/3845/3845 3846/3846/3846
v -1.34488 3.39763 0.106046
v -1.34488 3.3983 0.105185
v -1.34488 3.39686 0.107251
vn 1 0 -0
vn 1 0 -0
vn 1 0 -0
vt 0.483886 0.558148
vt 0.483759 0.55831
vt 0.484032 0.55792
f 3847/3847/3847 3848/3848/3848 3849/3849/3849
v -1.34488 3.39686 0.107251
v -1.34488 3.39763 0.106046
v -1.34488 3.39686 0.107251
vn 0 0 -0
vn 0 0 -0
vn 0 0 -0
vt 0.484032 0.55792
vt 0.483886 0.558148
vt 0.484032 0.55792
f 3850/3850/3850 3851/3851/3851 3852/3852/3852
v -1.34488 3.40567 0.10174
v -1.38457 3.40567 0.10174
v -1.38457 3.40567 0.102842
vn 0 1 -0
vn 0 1 -0
vn 0 1 -0
vt 0.534882 0.546409
vt 0.542577 0.546409
vt 0.542577 0.546622
f 3853/3853/3853 3854/3854/3854 3855/3855/3855
v -1.38457 3.40567 0.102842
v -1.34488 3.40567 0.102842
v -1.34488 3.40567 0.10174
vn 0 1 -0
vn 0 1 -0
vn 0 1 -0
vt 0.542577 0.546622
vt 0.534882 0.546622
vt 0.534882 0.546409
f 3856/3856/3856 3857/3857/3857 3858/3858/3858
v -1.38457 3.40016 0.10174
v -1.38457 3.39686 0.10174
v -1.38457 3.39686 0.107251
vn -1 -6.5e-005 -0
vn -1 -6.5e-005 -0
vn -1 -6.5e-005 -0
vt 0.519846 0.60703
vt 0.52047 0.60703
vt 0.52047 0.608071
f 3859/3859/3859 3860/3860/3860 3861/3861/3861
v -1.38457 3.39686 0.107251
v -1.38457 3.40016 0.107251
v -1.38457 3.40016 0.10174
vn -1 -6.5e-005 -0
vn -1 -6.5e-005 -0
vn -1 -6.5e-005 -0
vt 0.52047 0.608071
vt 0.519846 0.608071
vt 0.519846 0.60703
f 3862/3862/3862 3863/3863/3863 3864/3864/3864
v -1.38457 3.39134 0.10174
v -1.34488 3.39134 0.10174
v -1.34488 3.39134 0.107251
vn 0 -1 -0
vn 0 -1 -0
vn 0 -1 -0
vt 0.504694 0.543101
vt 0.512189 0.543101
vt 0.512189 0.544142
f 3865/3865/3865 3866/3866/3866 3867/3867/3867
v -1.34488 3.39134 0.107251
v -1.38457 3.39134 0.107251
v -1.38457 3.39134 0.10174
vn 0 -1 -0
vn 0 -1 -0
vn 0 -1 -0
vt 0.512189 0.544142
vt 0.504694 0.544142
vt 0.504694 0.543101
f 3868/3868/3868 3869/3869/3869 3870/3870/3870
v 1.38457 3.39686 0.10174
v 1.38457 3.40016 0.10174
v 1.38457 3.40016 0.107251
vn 1 0 -0
vn 1 0 -0
vn 1 0 -0
vt 0.52047 0.561465
vt 0.519846 0.561465
vt 0.519846 0.560424
f 3871/3871/3871 3872/3872/3872 3873/3873/3873
v 1.38457 3.40016 0.107251
v 1.38457 3.39686 0.107251
v 1.38457 3.39686 0.10174
vn 1 0 -0
vn 1 0 -0
vn 1 0 -0
vt 0.519846 0.560424
vt 0.52047 0.560424
vt 0.52047 0.561465
f 3874/3874/3874 3875/3875/3875 3876/3876/3876
v 1.38457 3.40567 0.10174
v 1.34488 3.40567 0.10174
v 1.34488 3.40567 0.102842
vn 0 1 -0
vn 0 1 -0
vn 0 1 -0
vt 0.495045 0.540305
vt 0.48735 0.540305
vt 0.48735 0.540091
f 3877/3877/3877 3878/3878/3878 3879/3879/3879
v 1.34488 3.40567 0.102842
v 1.38457 3.40567 0.102842
v 1.38457 3.40567 0.10174
vn 0 1 -0
vn 0 1 -0
vn 0 1 -0
vt 0.48735 0.540091
vt 0.495045 0.540091
vt 0.495045 0.540305
f 3880/3880/3880 3881/3881/3881 3882/3882/3882
v 1.34488 3.40016 0.10174
v 1.34488 3.40016 0.10174
v 1.34488 3.39939 0.101826
vn 0 0 -0
vn 0 0 -0
vn 0 0 -0
vt 0.479086 0.566038
vt 0.479086 0.566038
vt 0.479232 0.566038
f 3883/3883/3883 3884/3884/3884 3885/3885/3885
v 1.34488 3.40016 0.10174
v 1.34488 3.39939 0.101826
v 1.34488 3.39872 0.102084
vn -1 0 -0
vn -1 0 -0
vn -1 0 -0
vt 0.519846 0.548036
vt 0.519992 0.548052
vt 0.520119 0.548101
f 3886/3886/3886 3887/3887/3887 3888/3888/3888
v 1.34488 3.40016 0.10174
v 1.34488 3.39872 0.102084
v 1.34488 3.39815 0.102515
vn -1 0 -0
vn -1 0 -0
vn -1 0 -0
vt 0.519846 0.548036
vt 0.520119 0.548101
vt 0.520226 0.548182
f 3889/3889/3889 3890/3890/3890 3891/3891/3891
v 1.34488 3.40016 0.10174
v 1.34488 3.39815 0.102515
v 1.34488 3.39768 0.103118
vn -1 0 -0
vn -1 0 -0
vn -1 0 -0
vt 0.519846 0.548036
vt 0.520226 0.548182
vt 0.520314 0.548296
f 3892/3892/3892 3893/3893/3893 3894/3894/3894
v 1.34488 3.40016 0.10174
v 1.34488 3.39768 0.103118
v 1.34488 3.39732 0.103893
vn -1 0 -0
vn -1 0 -0
vn -1 0 -0
vt 0.519846 0.548036
vt 0.520314 0.548296
vt 0.520382 0.548442
f 3895/3895/3895 3896/3896/3896 3897/3897/3897
v 1.34488 3.40016 0.10174
v 1.34488 3.39732 0.103893
v 1.34488 3.39706 0.10484
vn -1 0 -0
vn -1 0 -0
vn -1 0 -0
vt 0.519846 0.548036
vt 0.520382 0.548442
vt 0.520431 0.548621
f 3898/3898/3898 3899/3899/3899 3900/3900/3900
v 1.34488 3.40016 0.10174
v 1.34488 3.39706 0.10484
v 1.34488 3.39691 0.10596
vn -1 0 -0
vn -1 0 -0
vn -1 0 -0
vt 0.519846 0.548036
vt 0.520431 0.548621
vt 0.52046 0.548833
f 3901/3901/3901 3902/3902/3902 3903/3903/3903
v 1.34488 3.40016 0.10174
v 1.34488 3.39691 0.10596
v 1.34488 3.39686 0.107251
vn -1 0 -0
vn -1 0 -0
vn -1 0 -0
vt 0.519846 0.548036
vt 0.52046 0.548833
vt 0.52047 0.549077
f 3904/3904/3904 3905/3905/3905 3906/3906/3906
v 1.34488 3.40016 0.10174
v 1.34488 3.39686 0.107251
v 1.34488 3.39686 0.107251
vn 0 0 -0
vn 0 0 -0
vn 0 0 -0
vt 0.479948 0.566066
vt 0.478746 0.56606
vt 0.478746 0.56606
f 3907/3907/3907 3908/3908/3908 3909/3909/3909
v 1.34488 3.40016 0.10174
v 1.34488 3.39686 0.107251
v 1.34488 3.40016 0.107251
vn -1 0 -0
vn -1 0 -0
vn -1 0 -0
vt 0.513287 0.548116
vt 0.513912 0.549157
vt 0.513287 0.549157
f 3910/3910/3910 3911/3911/3911 3912/3912/3912
v 1.35378 3.39562 0.10174
v 1.38457 3.39134 0.10174
v 1.38457 3.39134 0.107251
vn -0.137564 -0.990493 -0
vn -0.137564 -0.990493 -0
vn -0.137564 -0.990493 -0
vt 0.50622 0.545124
vt 0.512467 0.545124
vt 0.512467 0.546242
f 3913/3913/3913 3914/3914/3914 3915/3915/3915
v 1.35378 3.39562 0.10174
v 1.38457 3.39134 0.107251
v 1.34488 3.39134 0.107251
vn 0 -0.790093 -0.612988
vn 0 -0.790093 -0.612988
vn 0 -0.790093 -0.612988
vt 0.50622 0.545124
vt 0.512467 0.546242
vt 0.504416 0.546242
f 3916/3916/3916 3917/3917/3917 3918/3918/3918
v 1.35169 3.39582 0.101826
v 1.35378 3.39562 0.10174
v 1.34488 3.39134 0.107251
vn -0.097738 -0.703733 -0.703709
vn -0.097738 -0.703733 -0.703709
vn -0.097738 -0.703733 -0.703709
vt 0.489494 0.563733
vt 0.489194 0.563474
vt 0.491332 0.563504
f 3919/3919/3919 3920/3920/3920 3921/3921/3921
v 1.34988 3.39582 0.102084
v 1.35169 3.39582 0.101826
v 1.34488 3.39134 0.107251
vn -0.097803 -0.703684 -0.70375
vn -0.097803 -0.703684 -0.70375
vn -0.097803 -0.703684 -0.70375
vt 0.489785 0.563919
vt 0.489494 0.563733
vt 0.491332 0.563504
f 3922/3922/3922 3923/3923/3923 3924/3924/3924
v 1.34836 3.3956 0.102515
v 1.34988 3.39582 0.102084
v 1.34488 3.39134 0.107251
vn -0.097687 -0.703752 -0.703697
vn -0.097687 -0.703752 -0.703697
vn -0.097687 -0.703752 -0.703697
vt 0.490066 0.564033
vt 0.489785 0.563919
vt 0.491332 0.563504
f 3925/3925/3925 3926/3926/3926 3927/3927/3927
v 1.34711 3.39517 0.103118
v 1.34836 3.3956 0.102515
v 1.34488 3.39134 0.107251
vn -0.097731 -0.703732 -0.703711
vn -0.097731 -0.703732 -0.703711
vn -0.097731 -0.703732 -0.703711
vt 0.490338 0.564073
vt 0.490066 0.564033
vt 0.491332 0.563504
f 3928/3928/3928 3929/3929/3929 3930/3930/3930
v 1.34613 3.39453 0.103893
v 1.34711 3.39517 0.103118
v 1.34488 3.39134 0.107251
vn -0.097707 -0.703741 -0.703706
vn -0.097707 -0.703741 -0.703706
vn -0.097707 -0.703741 -0.703706
vt 0.4906 0.56404
vt 0.490338 0.564073
vt 0.491332 0.563504
f 3931/3931/3931 3932/3932/3932 3933/3933/3933
v 1.34544 3.39368 0.10484
v 1.34613 3.39453 0.103893
v 1.34488 3.39134 0.107251
vn -0.097548 -0.703782 -0.703687
vn -0.097548 -0.703782 -0.703687
vn -0.097548 -0.703782 -0.703687
vt 0.490854 0.563934
vt 0.4906 0.56404
vt 0.491332 0.563504
f 3934/3934/3934 3935/3935/3935 3936/3936/3936
v 1.34502 3.39262 0.10596
v 1.34544 3.39368 0.10484
v 1.34488 3.39134 0.107251
vn -0.097241 -0.70384 -0.703671
vn -0.097241 -0.70384 -0.703671
vn -0.097241 -0.70384 -0.703671
vt 0.491097 0.563755
vt 0.490854 0.563934
vt 0.491332 0.563504
f 3937/3937/3937 3938/3938/3938 3939/3939/3939
v 1.34488 3.39134 0.107251
v 1.34502 3.39262 0.10596
v 1.34488 3.39134 0.107251
vn 0 0 -0
vn 0 0 -0
vn 0 0 -0
vt 0.478354 0.587704
vt 0.478116 0.587946
vt 0.478354 0.587704
f 3940/3940/3940 3941/3941/3941 3942/3942/3942
v 1.34488 3.39686 -0.01952
v 1.34488 3.40016 -0.01952
v 1.34488 3.40016 -0.025032
vn -1 0 -0
vn -1 0 -0
vn -1 0 -0
vt 0.502358 0.558845
vt 0.501734 0.558845
vt 0.501734 0.557804
f 3943/3943/3943 3944/3944/3944 3945/3945/3945
v 1.34488 3.40016 -0.025032
v 1.34488 3.39686 -0.025032
v 1.34488 3.39686 -0.01952
vn -1 0 -0
vn -1 0 -0
vn -1 0 -0
vt 0.501734 0.557804
vt 0.502358 0.557804
vt 0.502358 0.558845
f 3946/3946/3946 3947/3947/3947 3948/3948/3948
v 1.34488 3.40567 -0.01952
v 1.38457 3.40567 -0.01952
v 1.38457 3.40567 -0.025032
vn 0 1 -0
vn 0 1 -0
vn 0 1 -0
vt 0.487505 0.540283
vt 0.495 0.540283
vt 0.495 0.541324
f 3949/3949/3949 3950/3950/3950 3951/3951/3951
v 1.38457 3.40567 -0.025032
v 1.34488 3.40567 -0.025032
v 1.34488 3.40567 -0.01952
vn 0 1 -0
vn 0 1 -0
vn 0 1 -0
vt 0.495 0.541324
vt 0.487505 0.541324
vt 0.487505 0.540283
f 3952/3952/3952 3953/3953/3953 3954/3954/3954
v 1.40638 3.40016 -0.01952
v 1.40638 3.39686 -0.01952
v 1.40638 3.39686 -0.025032
vn 1 0 -0
vn 1 0 -0
vn 1 0 -0
vt 0.475027 0.551629
vt 0.475027 0.551004
vt 0.476068 0.551004
f 3955/3955/3955 3956/3956/3956 3957/3957/3957
v 1.40638 3.39686 -0.025032
v 1.40638 3.40016 -0.025032
v 1.40638 3.40016 -0.01952
vn 1 0 -0
vn 1 0 -0
vn 1 0 -0
vt 0.476068 0.551004
vt 0.476068 0.551629
vt 0.475027 0.551629
f 3958/3958/3958 3959/3959/3959 3960/3960/3960
v 1.38457 3.39134 -0.01952
v 1.34488 3.39134 -0.01952
v 1.34488 3.39134 -0.025032
vn 0 -1 -0
vn 0 -1 -0
vn 0 -1 -0
vt 0.512189 0.543112
vt 0.504694 0.543112
vt 0.504694 0.542071
f 3961/3961/3961 3962/3962/3962 3963/3963/3963
v 1.34488 3.39134 -0.025032
v 1.38457 3.39134 -0.025032
v 1.38457 3.39134 -0.01952
vn 0 -1 -0
vn 0 -1 -0
vn 0 -1 -0
vt 0.504694 0.542071
vt 0.512189 0.542071
vt 0.512189 0.543112
f 3964/3964/3964 3965/3965/3965 3966/3966/3966
v -1.40638 3.39685 -0.01952
v -1.40638 3.40016 -0.01952
v -1.40638 3.40016 -0.025032
vn -1 -6.5e-005 -0
vn -1 -6.5e-005 -0
vn -1 -6.5e-005 -0
vt 0.482385 0.557806
vt 0.482385 0.558431
vt 0.481344 0.558431
f 3967/3967/3967 3968/3968/3968 3969/3969/3969
v -1.40638 3.40016 -0.025032
v -1.40638 3.39685 -0.025032
v -1.40638 3.39685 -0.01952
vn -1 -6.5e-005 -0
vn -1 -6.5e-005 -0
vn -1 -6.5e-005 -0
vt 0.481344 0.558431
vt 0.481344 0.557806
vt 0.482385 0.557806
f 3970/3970/3970 3971/3971/3971 3972/3972/3972
v -1.38457 3.40567 -0.01952
v -1.34488 3.40567 -0.01952
v -1.34488 3.40567 -0.025032
vn 0 1 -0
vn 0 1 -0
vn 0 1 -0
vt 0.480125 0.541314
vt 0.48762 0.541314
vt 0.48762 0.542355
f 3973/3973/3973 3974/3974/3974 3975/3975/3975
v -1.34488 3.40567 -0.025032
v -1.38457 3.40567 -0.025032
v -1.38457 3.40567 -0.01952
vn 0 1 -0
vn 0 1 -0
vn 0 1 -0
vt 0.48762 0.542355
vt 0.480125 0.542355
vt 0.480125 0.541314
f 3976/3976/3976 3977/3977/3977 3978/3978/3978
v -1.34488 3.40016 -0.01952
v -1.34488 3.39686 -0.01952
v -1.34488 3.39686 -0.025032
vn 1 0 -0
vn 1 0 -0
vn 1 0 -0
vt 0.476358 0.575791
vt 0.476983 0.575791
vt 0.476983 0.576832
f 3979/3979/3979 3980/3980/3980 3981/3981/3981
v -1.34488 3.39686 -0.025032
v -1.34488 3.40016 -0.025032
v -1.34488 3.40016 -0.01952
vn 1 0 -0
vn 1 0 -0
vn 1 0 -0
vt 0.476983 0.576832
vt 0.476358 0.576832
vt 0.476358 0.575791
f 3982/3982/3982 3983/3983/3983 3984/3984/3984
v -1.34488 3.39134 -0.01952
v -1.38457 3.39134 -0.01952
v -1.38457 3.39134 -0.025032
vn 0 -1 -0
vn 0 -1 -0
vn 0 -1 -0
vt 0.512189 0.542081
vt 0.504694 0.542081
vt 0.504694 0.54104
f 3985/3985/3985 3986/3986/3986 3987/3987/3987
v -1.38457 3.39134 -0.025032
v -1.34488 3.39134 -0.025032
v -1.34488 3.39134 -0.01952
vn 0 -1 -0
vn 0 -1 -0
vn 0 -1 -0
vt 0.504694 0.54104
vt 0.512189 0.54104
vt 0.512189 0.542081
f 3988/3988/3988 3989/3989/3989 3990/3990/3990
v -1.38457 3.25575 -0.015953
v -1.38457 3.25575 -0.01952
v -1.38457 3.25024 -0.01952
vn -1 0 6e-005
vn -1 0 6e-005
vn -1 0 6e-005
vt 0.547119 0.584802
vt 0.547119 0.584128
vt 0.54816 0.584128
f 3991/3991/3991 3992/3992/3992 3993/3993/3993
v -1.38457 3.25024 -0.01952
v -1.38457 3.25024 -0.015953
v -1.38457 3.25575 -0.015953
vn -1 0 6e-005
vn -1 0 6e-005
vn -1 0 6e-005
vt 0.54816 0.584128
vt 0.54816 0.584802
vt 0.547119 0.584802
f 3994/3994/3994 3995/3995/3995 3996/3996/3996
v -1.38457 3.25575 -0.01952
v -1.34488 3.25575 -0.01952
v -1.34488 3.25024 -0.01952
vn 0 0 -1
vn 0 0 -1
vn 0 0 -1
vt 0.4991 0.537347
vt 0.491605 0.537347
vt 0.491605 0.536307
f 3997/3997/3997 3998/3998/3998 3999/3999/3999
v -1.34488 3.25024 -0.01952
v -1.38457 3.25024 -0.01952
v -1.38457 3.25575 -0.01952
vn 0 0 -1
vn 0 0 -1
vn 0 0 -1
vt 0.491605 0.536307
vt 0.4991 0.536307
vt 0.4991 0.537347
f 4000/4000/4000 4001/4001/4001 4002/4002/4002
v -1.34488 3.25575 -0.01952
v -1.34488 3.25575 -0.015953
v -1.34488 3.25024 -0.015953
vn 1 0 -0
vn 1 0 -0
vn 1 0 -0
vt 0.483744 0.587022
vt 0.483744 0.586348
vt 0.484785 0.586348
f 4003/4003/4003 4004/4004/4004 4005/4005/4005
v -1.34488 3.25024 -0.015953
v -1.34488 3.25024 -0.01952
v -1.34488 3.25575 -0.01952
vn 1 0 -0
vn 1 0 -0
vn 1 0 -0
vt 0.484785 0.586348
vt 0.484785 0.587022
vt 0.483744 0.587022
f 4006/4006/4006 4007/4007/4007 4008/4008/4008
v -1.34488 3.25575 -0.015953
v -1.38457 3.25575 -0.015953
v -1.38457 3.25024 -0.015953
vn 0 0 1
vn 0 0 1
vn 0 0 1
vt 0.4991 0.536317
vt 0.491605 0.536317
vt 0.491605 0.535276
f 4009/4009/4009 4010/4010/4010 4011/4011/4011
v -1.38457 3.25024 -0.015953
v -1.34488 3.25024 -0.015953
v -1.34488 3.25575 -0.015953
vn 0 0 1
vn 0 0 1
vn 0 0 1
vt 0.491605 0.535276
vt 0.4991 0.535276
vt 0.4991 0.536317
f 4012/4012/4012 4013/4013/4013 4014/4014/4014
v 1.34488 3.25575 -0.015953
v 1.34488 3.25575 -0.01952
v 1.34488 3.25024 -0.01952
vn -1 0 -0
vn -1 0 -0
vn -1 0 -0
vt 0.481683 0.587022
vt 0.481683 0.586348
vt 0.482724 0.586348
f 4015/4015/4015 4016/4016/4016 4017/4017/4017
v 1.34488 3.25024 -0.01952
v 1.34488 3.25024 -0.015953
v 1.34488 3.25575 -0.015953
vn -1 0 -0
vn -1 0 -0
vn -1 0 -0
vt 0.482724 0.586348
vt 0.482724 0.587022
vt 0.481683 0.587022
f 4018/4018/4018 4019/4019/4019 4020/4020/4020
v 1.34488 3.25575 -0.01952
v 1.38457 3.25575 -0.01952
v 1.38457 3.25024 -0.01952
vn 0 0 -1
vn 0 0 -1
vn 0 0 -1
vt 0.512189 0.548265
vt 0.504694 0.548265
vt 0.504694 0.547224
f 4021/4021/4021 4022/4022/4022 4023/4023/4023
v 1.38457 3.25024 -0.01952
v 1.34488 3.25024 -0.01952
v 1.34488 3.25575 -0.01952
vn 0 0 -1
vn 0 0 -1
vn 0 0 -1
vt 0.504694 0.547224
vt 0.512189 0.547224
vt 0.512189 0.548265
f 4024/4024/4024 4025/4025/4025 4026/4026/4026
v 1.38457 3.25575 -0.01952
v 1.38457 3.25575 -0.015953
v 1.38457 3.25024 -0.015953
vn 1 0 -0
vn 1 0 -0
vn 1 0 -0
vt 0.547119 0.584367
vt 0.547119 0.583693
vt 0.54816 0.583693
f 4027/4027/4027 4028/4028/4028 4029/4029/4029
v 1.38457 3.25024 -0.015953
v 1.38457 3.25024 -0.01952
v 1.38457 3.25575 -0.01952
vn 1 0 -0
vn 1 0 -0
vn 1 0 -0
vt 0.54816 0.583693
vt 0.54816 0.584367
vt 0.547119 0.584367
f 4030/4030/4030 4031/4031/4031 4032/4032/4032
v 1.38457 3.25575 -0.015953
v 1.34488 3.25575 -0.015953
v 1.34488 3.25024 -0.015953
vn 0 0 1
vn 0 0 1
vn 0 0 1
vt 0.512189 0.549295
vt 0.504694 0.549295
vt 0.504694 0.548254
f 4033/4033/4033 4034/4034/4034 4035/4035/4035
v 1.34488 3.25024 -0.015953
v 1.38457 3.25024 -0.015953
v 1.38457 3.25575 -0.015953
vn 0 0 1
vn 0 0 1
vn 0 0 1
vt 0.504694 0.548254
vt 0.512189 0.548254
vt 0.512189 0.549295
f 4036/4036/4036 4037/4037/4037 4038/4038/4038
v -1.34488 3.40016 -0.015953
v -1.34488 3.40016 -0.01952
v -1.34488 3.40567 -0.01952
vn 1 0 -0
vn 1 0 -0
vn 1 0 -0
vt 0.492355 0.563474
vt 0.492355 0.564148
vt 0.491314 0.564148
f 4039/4039/4039 4040/4040/4040 4041/4041/4041
v -1.34488 3.40567 -0.01952
v -1.34488 3.40567 -0.015953
v -1.34488 3.40016 -0.015953
vn 1 0 -0
vn 1 0 -0
vn 1 0 -0
vt 0.491314 0.564148
vt 0.491314 0.563474
vt 0.492355 0.563474
f 4042/4042/4042 4043/4043/4043 4044/4044/4044
v -1.34488 3.40016 -0.01952
v -1.38457 3.40016 -0.01952
v -1.38457 3.40567 -0.01952
vn 0 0 -1
vn 0 0 -1
vn 0 0 -1
vt 0.487505 0.553682
vt 0.495 0.553682
vt 0.495 0.554723
f 4045/4045/4045 4046/4046/4046 4047/4047/4047
v -1.38457 3.40567 -0.01952
v -1.34488 3.40567 -0.01952
v -1.34488 3.40016 -0.01952
vn 0 0 -1
vn 0 0 -1
vn 0 0 -1
vt 0.495 0.554723
vt 0.487505 0.554723
vt 0.487505 0.553682
f 4048/4048/4048 4049/4049/4049 4050/4050/4050
v -1.40638 3.40016 -0.01952
v -1.40638 3.40016 -0.015952
v -1.40638 3.40567 -0.015952
vn -1 0 6e-005
vn -1 0 6e-005
vn -1 0 6e-005
vt 0.476068 0.551986
vt 0.476068 0.552659
vt 0.475027 0.552659
f 4051/4051/4051 4052/4052/4052 4053/4053/4053
v -1.40638 3.40567 -0.015952
v -1.40638 3.40567 -0.01952
v -1.40638 3.40016 -0.01952
vn -1 0 6e-005
vn -1 0 6e-005
vn -1 0 6e-005
vt 0.475027 0.552659
vt 0.475027 0.551986
vt 0.476068 0.551986
f 4054/4054/4054 4055/4055/4055 4056/4056/4056
v -1.38457 3.40016 -0.015953
v -1.34488 3.40016 -0.015953
v -1.34488 3.40567 -0.015953
vn 0 0 1
vn 0 0 1
vn 0 0 1
vt 0.480125 0.542345
vt 0.48762 0.542345
vt 0.48762 0.543386
f 4057/4057/4057 4058/4058/4058 4059/4059/4059
v -1.34488 3.40567 -0.015953
v -1.38457 3.40567 -0.015953
v -1.38457 3.40016 -0.015953
vn 0 0 1
vn 0 0 1
vn 0 0 1
vt 0.48762 0.543386
vt 0.480125 0.543386
vt 0.480125 0.542345
f 4060/4060/4060 4061/4061/4061 4062/4062/4062
v 1.40638 3.40016 -0.015953
v 1.40638 3.40016 -0.01952
v 1.40638 3.40567 -0.01952
vn 1 0 -0
vn 1 0 -0
vn 1 0 -0
vt 0.5236 0.54642
vt 0.5236 0.547094
vt 0.522559 0.547094
f 4063/4063/4063 4064/4064/4064 4065/4065/4065
v 1.40638 3.40567 -0.01952
v 1.40638 3.40567 -0.015953
v 1.40638 3.40016 -0.015953
vn 1 0 -0
vn 1 0 -0
vn 1 0 -0
vt 0.522559 0.547094
vt 0.522559 0.54642
vt 0.5236 0.54642
f 4066/4066/4066 4067/4067/4067 4068/4068/4068
v 1.38457 3.40016 -0.01952
v 1.34488 3.40016 -0.01952
v 1.34488 3.40567 -0.01952
vn 0 0 -1
vn 0 0 -1
vn 0 0 -1
vt 0.491626 0.548528
vt 0.499121 0.548528
vt 0.499121 0.549569
f 4069/4069/4069 4070/4070/4070 4071/4071/4071
v 1.34488 3.40567 -0.01952
v 1.38457 3.40567 -0.01952
v 1.38457 3.40016 -0.01952
vn 0 0 -1
vn 0 0 -1
vn 0 0 -1
vt 0.499121 0.549569
vt 0.491626 0.549569
vt 0.491626 0.548528
f 4072/4072/4072 4073/4073/4073 4074/4074/4074
v 1.34488 3.40016 -0.01952
v 1.34488 3.40016 -0.015953
v 1.34488 3.40567 -0.015953
vn -1 0 -0
vn -1 0 -0
vn -1 0 -0
vt 0.483755 0.586348
vt 0.483755 0.587022
vt 0.482714 0.587022
f 4075/4075/4075 4076/4076/4076 4077/4077/4077
v 1.34488 3.40567 -0.015953
v 1.34488 3.40567 -0.01952
v 1.34488 3.40016 -0.01952
vn -1 0 -0
vn -1 0 -0
vn -1 0 -0
vt 0.482714 0.587022
vt 0.482714 0.586348
vt 0.483755 0.586348
f 4078/4078/4078 4079/4079/4079 4080/4080/4080
v 1.34488 3.40016 -0.015953
v 1.38457 3.40016 -0.015953
v 1.38457 3.40567 -0.015953
vn 0 0 1
vn 0 0 1
vn 0 0 1
vt 0.487505 0.542345
vt 0.495 0.542345
vt 0.495 0.543386
f 4081/4081/4081 4082/4082/4082 4083/4083/4083
v 1.38457 3.40567 -0.015953
v 1.34488 3.40567 -0.015953
v 1.34488 3.40016 -0.015953
vn 0 0 1
vn 0 0 1
vn 0 0 1
vt 0.495 0.543386
vt 0.487505 0.543386
vt 0.487505 0.542345
f 4084/4084/4084 4085/4085/4085 4086/4086/4086
v -1.38457 3.25575 0.10174
v -1.35386 3.25575 0.10174
v -1.35176 3.25567 0.10174
vn 0 0 -1
vn 0 0 -1
vn 0 0 -1
vt 0.48002 0.540112
vt 0.485805 0.53945
vt 0.486204 0.539421
f 4087/4087/4087 4088/4088/4088 4089/4089/4089
v -1.38457 3.25575 0.10174
v -1.35176 3.25567 0.10174
v -1.34993 3.25541 0.10174
vn 0 0 -1
vn 0 0 -1
vn 0 0 -1
vt 0.48002 0.540112
vt 0.486204 0.539421
vt 0.486553 0.53943
f 4090/4090/4090 4091/4091/4091 4092/4092/4092
v -1.38457 3.25575 0.10174
v -1.34993 3.25541 0.10174
v -1.34839 3.25498 0.10174
vn 0 0 -1
vn 0 0 -1
vn 0 0 -1
vt 0.48002 0.540112
vt 0.486553 0.53943
vt 0.486853 0.539478
f 4093/4093/4093 4094/4094/4094 4095/4095/4095
v -1.38457 3.25575 0.10174
v -1.34839 3.25498 0.10174
v -1.34713 3.25437 0.10174
vn 0 0 -1
vn 0 0 -1
vn 0 0 -1
vt 0.48002 0.540112
vt 0.486853 0.539478
vt 0.487104 0.539564
f 4096/4096/4096 4097/4097/4097 4098/4098/4098
v -1.38457 3.25575 0.10174
v -1.34713 3.25437 0.10174
v -1.34615 3.2536 0.10174
vn 0 0 -1
vn 0 0 -1
vn 0 0 -1
vt 0.48002 0.540112
vt 0.487104 0.539564
vt 0.487306 0.539689
f 4099/4099/4099 4100/4100/4100 4101/4101/4101
v -1.38457 3.25575 0.10174
v -1.34615 3.2536 0.10174
v -1.34544 3.25265 0.10174
vn 0 0 -1
vn 0 0 -1
vn 0 0 -1
vt 0.48002 0.540112
vt 0.487306 0.539689
vt 0.487458 0.539852
f 4102/4102/4102 4103/4103/4103 4104/4104/4104
v -1.38457 3.25575 0.10174
v -1.34544 3.25265 0.10174
v -1.34502 3.25153 0.10174
vn 0 0 -1
vn 0 0 -1
vn 0 0 -1
vt 0.48002 0.540112
vt 0.487458 0.539852
vt 0.487562 0.540054
f 4105/4105/4105 4106/4106/4106 4107/4107/4107
v -1.38457 3.25575 0.10174
v -1.34502 3.25153 0.10174
v -1.34488 3.25024 0.10174
vn 0 0 -1
vn 0 0 -1
vn 0 0 -1
vt 0.48002 0.540112
vt 0.487562 0.540054
vt 0.487616 0.540295
f 4108/4108/4108 4109/4109/4109 4110/4110/4110
v -1.38457 3.25575 0.10174
v -1.34488 3.25024 0.10174
v -1.34488 3.25024 0.10174
vn 0 0 -0
vn 0 0 -0
vn 0 0 -0
vt 0.547119 0.536752
vt 0.54816 0.536752
vt 0.54816 0.536752
f 4111/4111/4111 4112/4112/4112 4113/4113/4113
v -1.38457 3.25575 0.10174
v -1.34488 3.25024 0.10174
v -1.38457 3.25024 0.10174
vn 0 0 -1
vn 0 0 -1
vn 0 0 -1
vt 0.519609 0.540998
vt 0.512114 0.539957
vt 0.519609 0.539957
f 4114/4114/4114 4115/4115/4115 4116/4116/4116
v -1.34488 3.25575 0.107251
v -1.34488 3.25465 0.107251
v -1.34488 3.25362 0.107183
vn 1 0 -0
vn 1 0 -0
vn 1 0 -0
vt 0.547119 0.535711
vt 0.547327 0.535711
vt 0.547522 0.535724
f 4117/4117/4117 4118/4118/4118 4119/4119/4119
v -1.34488 3.25575 0.107251
v -1.34488 3.25362 0.107183
v -1.34488 3.25272 0.106976
vn 1 0 -0
vn 1 0 -0
vn 1 0 -0
vt 0.547119 0.535711
vt 0.547522 0.535724
vt 0.547692 0.535763
f 4120/4120/4120 4121/4121/4121 4122/4122/4122
v -1.34488 3.25575 0.107251
v -1.34488 3.25272 0.106976
v -1.34488 3.25196 0.106631
vn 1 0 -0
vn 1 0 -0
vn 1 0 -0
vt 0.547119 0.535711
vt 0.547692 0.535763
vt 0.547835 0.535828
f 4123/4123/4123 4124/4124/4124 4125/4125/4125
v -1.34488 3.25575 0.107251
v -1.34488 3.25196 0.106631
v -1.34488 3.25134 0.106149
vn 1 0 -0
vn 1 0 -0
vn 1 0 -0
vt 0.547119 0.535711
vt 0.547835 0.535828
vt 0.547952 0.535919
f 4126/4126/4126 4127/4127/4127 4128/4128/4128
v -1.34488 3.25575 0.107251
v -1.34488 3.25134 0.106149
v -1.34488 3.25086 0.105529
vn 1 0 -0
vn 1 0 -0
vn 1 0 -0
vt 0.547119 0.535711
vt 0.547952 0.535919
vt 0.548043 0.536036
f 4129/4129/4129 4130/4130/4130 4131/4131/4131
v -1.34488 3.25575 0.107251
v -1.34488 3.25086 0.105529
v -1.34488 3.25052 0.104771
vn 1 0 -0
vn 1 0 -0
vn 1 0 -0
vt 0.547119 0.535711
vt 0.548043 0.536036
vt 0.548108 0.536179
f 4132/4132/4132 4133/4133/4133 4134/4134/4134
v -1.34488 3.25575 0.107251
v -1.34488 3.25052 0.104771
v -1.34488 3.25031 0.103875
vn 1 0 -0
vn 1 0 -0
vn 1 0 -0
vt 0.547119 0.535711
vt 0.548108 0.536179
vt 0.548147 0.536348
f 4135/4135/4135 4136/4136/4136 4137/4137/4137
v -1.34488 3.25575 0.107251
v -1.34488 3.25031 0.103875
v -1.34488 3.25024 0.102842
vn 1 0 -0
vn 1 0 -0
vn 1 0 -0
vt 0.547119 0.535711
vt 0.548147 0.536348
vt 0.54816 0.536543
f 4138/4138/4138 4139/4139/4139 4140/4140/4140
v -1.34488 3.25575 0.107251
v -1.34488 3.25575 0.107251
v -1.34488 3.25024 0.102842
vn 0 0 -0
vn 0 0 -0
vn 0 0 -0
vt 0.547119 0.535711
vt 0.547119 0.535711
vt 0.54816 0.536543
f 4141/4141/4141 4142/4142/4142 4143/4143/4143
v -1.34488 3.25575 0.107251
v -1.34488 3.25024 0.102842
v -1.34488 3.25024 0.10174
vn 1 0 -0
vn 1 0 -0
vn 1 0 -0
vt 0.547119 0.535711
vt 0.54816 0.536543
vt 0.54816 0.536752
f 4144/4144/4144 4145/4145/4145 4146/4146/4146
v -1.34488 3.25567 0.10596
v -1.34488 3.25575 0.107251
v -1.34488 3.25024 0.10174
vn 1 0 -0
vn 1 0 -0
vn 1 0 -0
vt 0.547135 0.535955
vt 0.547119 0.535711
vt 0.54816 0.536752
f 4147/4147/4147 4148/4148/4148 4149/4149/4149
v -1.34488 3.25541 0.10484
v -1.34488 3.25567 0.10596
v -1.34488 3.25024 0.10174
vn 1 0 -0
vn 1 0 -0
vn 1 0 -0
vt 0.547184 0.536166
vt 0.547135 0.535955
vt 0.54816 0.536752
f 4150/4150/4150 4151/4151/4151 4152/4152/4152
v -1.34488 3.25498 0.103893
v -1.34488 3.25541 0.10484
v -1.34488 3.25024 0.10174
vn 1 0 -0
vn 1 0 -0
vn 1 0 -0
vt 0.547265 0.536345
vt 0.547184 0.536166
vt 0.54816 0.536752
f 4153/4153/4153 4154/4154/4154 4155/4155/4155
v -1.34488 3.25437 0.103118
v -1.34488 3.25498 0.103893
v -1.34488 3.25024 0.10174
vn 1 0 -0
vn 1 0 -0
vn 1 0 -0
vt 0.547379 0.536491
vt 0.547265 0.536345
vt 0.54816 0.536752
f 4156/4156/4156 4157/4157/4157 4158/4158/4158
v -1.34488 3.2536 0.102515
v -1.34488 3.25437 0.103118
v -1.34488 3.25024 0.10174
vn 1 0 -0
vn 1 0 -0
vn 1 0 -0
vt 0.547526 0.536605
vt 0.547379 0.536491
vt 0.54816 0.536752
f 4159/4159/4159 4160/4160/4160 4161/4161/4161
v -1.34488 3.25265 0.102084
v -1.34488 3.2536 0.102515
v -1.34488 3.25024 0.10174
vn 1 0 -0
vn 1 0 -0
vn 1 0 -0
vt 0.547705 0.536686
vt 0.547526 0.536605
vt 0.54816 0.536752
f 4162/4162/4162 4163/4163/4163 4164/4164/4164
v -1.34488 3.25153 0.101826
v -1.34488 3.25265 0.102084
v -1.34488 3.25024 0.10174
vn 1 0 -0
vn 1 0 -0
vn 1 0 -0
vt 0.547916 0.536735
vt 0.547705 0.536686
vt 0.54816 0.536752
f 4165/4165/4165 4166/4166/4166 4167/4167/4167
v -1.34488 3.25024 0.10174
v -1.34488 3.25153 0.101826
v -1.34488 3.25024 0.10174
vn 0 0 -0
vn 0 0 -0
vn 0 0 -0
vt 0.54816 0.536752
vt 0.547916 0.536735
vt 0.54816 0.536752
f 4168/4168/4168 4169/4169/4169 4170/4170/4170
v -1.34488 3.25575 0.107251
v -1.38457 3.25575 0.107251
v -1.38457 3.25465 0.107251
vn 0 0 1
vn 0 0 1
vn 0 0 1
vt 0.518893 0.584288
vt 0.518893 0.576786
vt 0.519101 0.576786
f 4171/4171/4171 4172/4172/4172 4173/4173/4173
v -1.38457 3.25465 0.107251
v -1.34488 3.25465 0.107251
v -1.34488 3.25575 0.107251
vn 0 0 1
vn 0 0 1
vn 0 0 1
vt 0.519101 0.576786
vt 0.519101 0.584288
vt 0.518893 0.584288
f 4174/4174/4174 4175/4175/4175 4176/4176/4176
v -1.38457 3.25575 0.107251
v -1.38457 3.25575 0.10174
v -1.38457 3.25024 0.10174
vn -1 0 -0
vn -1 0 -0
vn -1 0 -0
vt 0.547119 0.608071
vt 0.547119 0.60703
vt 0.54816 0.60703
f 4177/4177/4177 4178/4178/4178 4179/4179/4179
v -1.38457 3.25024 0.10174
v -1.38457 3.25024 0.102842
v -1.38457 3.25031 0.103875
vn -1 0 -0
vn -1 0 -0
vn -1 0 -0
vt 0.54816 0.60703
vt 0.54816 0.607238
vt 0.548147 0.607433
f 4180/4180/4180 4181/4181/4181 4182/4182/4182
v -1.38457 3.25024 0.10174
v -1.38457 3.25031 0.103875
v -1.38457 3.25052 0.104771
vn -1 0 -0
vn -1 0 -0
vn -1 0 -0
vt 0.54816 0.60703
vt 0.548147 0.607433
vt 0.548108 0.607602
f 4183/4183/4183 4184/4184/4184 4185/4185/4185
v -1.38457 3.25024 0.10174
v -1.38457 3.25052 0.104771
v -1.38457 3.25086 0.105529
vn -1 0 -0
vn -1 0 -0
vn -1 0 -0
vt 0.54816 0.60703
vt 0.548108 0.607602
vt 0.548043 0.607745
f 4186/4186/4186 4187/4187/4187 4188/4188/4188
v -1.38457 3.25024 0.10174
v -1.38457 3.25086 0.105529
v -1.38457 3.25134 0.106149
vn -1 0 -0
vn -1 0 -0
vn -1 0 -0
vt 0.54816 0.60703
vt 0.548043 0.607745
vt 0.547952 0.607863
f 4189/4189/4189 4190/4190/4190 4191/4191/4191
v -1.38457 3.25024 0.10174
v -1.38457 3.25134 0.106149
v -1.38457 3.25196 0.106631
vn -1 0 -0
vn -1 0 -0
vn -1 0 -0
vt 0.54816 0.60703
vt 0.547952 0.607863
vt 0.547835 0.607954
f 4192/4192/4192 4193/4193/4193 4194/4194/4194
v -1.38457 3.25024 0.10174
v -1.38457 3.25196 0.106631
v -1.38457 3.25272 0.106976
vn -1 0 -0
vn -1 0 -0
vn -1 0 -0
vt 0.54816 0.60703
vt 0.547835 0.607954
vt 0.547692 0.608019
f 4195/4195/4195 4196/4196/4196 4197/4197/4197
v -1.38457 3.25024 0.10174
v -1.38457 3.25272 0.106976
v -1.38457 3.25362 0.107183
vn -1 0 -0
vn -1 0 -0
vn -1 0 -0
vt 0.54816 0.60703
vt 0.547692 0.608019
vt 0.547522 0.608058
f 4198/4198/4198 4199/4199/4199 4200/4200/4200
v -1.38457 3.25024 0.10174
v -1.38457 3.25362 0.107183
v -1.38457 3.25465 0.107251
vn -1 0 -0
vn -1 0 -0
vn -1 0 -0
vt 0.54816 0.60703
vt 0.547522 0.608058
vt 0.547327 0.608071
f 4201/4201/4201 4202/4202/4202 4203/4203/4203
v -1.38457 3.25575 0.107251
v -1.38457 3.25024 0.10174
v -1.38457 3.25465 0.107251
vn -1 0 -0
vn -1 0 -0
vn -1 0 -0
vt 0.547119 0.608071
vt 0.54816 0.60703
vt 0.547327 0.608071
f 4204/4204/4204 4205/4205/4205 4206/4206/4206
v -1.35383 3.39942 0.10174
v -1.38457 3.39686 0.10174
v -1.38457 3.40237 0.10174
vn 0 0 -1
vn 0 0 -1
vn 0 0 -1
vt 0.487456 0.562933
vt 0.493283 0.562447
vt 0.493283 0.563492
f 4207/4207/4207 4208/4208/4208 4209/4209/4209
v -1.35383 3.39942 0.10174
v -1.38457 3.40237 0.10174
v -1.34488 3.40237 0.10174
vn 0 0 -1
vn 0 0 -1
vn 0 0 -1
vt 0.487456 0.562933
vt 0.493283 0.563492
vt 0.485759 0.563492
f 4210/4210/4210 4211/4211/4211 4212/4212/4212
v -1.35173 3.39963 0.10174
v -1.35383 3.39942 0.10174
v -1.34488 3.40237 0.10174
vn 0 0 -1
vn 0 0 -1
vn 0 0 -1
vt 0.487058 0.562972
vt 0.487456 0.562933
vt 0.485759 0.563492
f 4213/4213/4213 4214/4214/4214 4215/4215/4215
v -1.34992 3.39988 0.10174
v -1.35173 3.39963 0.10174
v -1.34488 3.40237 0.10174
vn 0 0 -1
vn 0 0 -1
vn 0 0 -1
vt 0.486713 0.563021
vt 0.487058 0.562972
vt 0.485759 0.563492
f 4216/4216/4216 4217/4217/4217 4218/4218/4218
v -1.34838 3.40018 0.10174
v -1.34992 3.39988 0.10174
v -1.34488 3.40237 0.10174
vn 0 0 -1
vn 0 0 -1
vn 0 0 -1
vt 0.486422 0.563077
vt 0.486713 0.563021
vt 0.485759 0.563492
f 4219/4219/4219 4220/4220/4220 4221/4221/4221
v -1.34712 3.40053 0.10174
v -1.34838 3.40018 0.10174
v -1.34488 3.40237 0.10174
vn 0 0 -1
vn 0 0 -1
vn 0 0 -1
vt 0.486183 0.563143
vt 0.486422 0.563077
vt 0.485759 0.563492
f 4222/4222/4222 4223/4223/4223 4224/4224/4224
v -1.34614 3.40092 0.10174
v -1.34712 3.40053 0.10174
v -1.34488 3.40237 0.10174
vn 0 0 -1
vn 0 0 -1
vn 0 0 -1
vt 0.485998 0.563217
vt 0.486183 0.563143
vt 0.485759 0.563492
f 4225/4225/4225 4226/4226/4226 4227/4227/4227
v -1.34544 3.40136 0.10174
v -1.34614 3.40092 0.10174
v -1.34488 3.40237 0.10174
vn 0 0 -1
vn 0 0 -1
vn 0 0 -1
vt 0.485865 0.5633
vt 0.485998 0.563217
vt 0.485759 0.563492
f 4228/4228/4228 4229/4229/4229 4230/4230/4230
v -1.34502 3.40184 0.10174
v -1.34544 3.40136 0.10174
v -1.34488 3.40237 0.10174
vn 0 0 -1
vn 0 0 -1
vn 0 0 -1
vt 0.485786 0.563392
vt 0.485865 0.5633
vt 0.485759 0.563492
f 4231/4231/4231 4232/4232/4232 4233/4233/4233
v -1.34488 3.40237 0.10174
v -1.34502 3.40184 0.10174
v -1.34488 3.40237 0.10174
vn 0 0 -0
vn 0 0 -0
vn 0 0 -0
vt 0.519429 0.536752
vt 0.519529 0.536752
vt 0.519429 0.536752
f 4234/4234/4234 4235/4235/4235 4236/4236/4236
v -1.38457 3.39686 0.10174
v -1.38457 3.39686 0.107251
v -1.38457 3.40237 0.107251
vn -1 0 -0
vn -1 0 -0
vn -1 0 -0
vt 0.52047 0.60703
vt 0.52047 0.608071
vt 0.519429 0.608071
f 4237/4237/4237 4238/4238/4238 4239/4239/4239
v -1.38457 3.40237 0.107251
v -1.38457 3.40237 0.10174
v -1.38457 3.39686 0.10174
vn -1 0 -0
vn -1 0 -0
vn -1 0 -0
vt 0.519429 0.608071
vt 0.519429 0.60703
vt 0.52047 0.60703
f 4240/4240/4240 4241/4241/4241 4242/4242/4242
v -1.38457 3.39686 0.107251
v -1.34488 3.39686 0.107251
v -1.34488 3.40237 0.107251
vn 0 0 1
vn 0 0 1
vn 0 0 1
vt 0.492221 0.576787
vt 0.492221 0.584288
vt 0.491179 0.584288
f 4243/4243/4243 4244/4244/4244 4245/4245/4245
v -1.34488 3.40237 0.107251
v -1.38457 3.40237 0.107251
v -1.38457 3.39686 0.107251
vn 0 0 1
vn 0 0 1
vn 0 0 1
vt 0.491179 0.584288
vt 0.491179 0.576787
vt 0.492221 0.576787
f 4246/4246/4246 4247/4247/4247 4248/4248/4248
v -1.34488 3.39686 0.107251
v -1.34488 3.39686 0.107251
v -1.34488 3.39767 0.10596
vn 0 0 -0
vn 0 0 -0
vn 0 0 -0
vt 0.52047 0.535711
vt 0.52047 0.535711
vt 0.520317 0.535955
f 4249/4249/4249 4250/4250/4250 4251/4251/4251
v -1.34488 3.39686 0.107251
v -1.34488 3.39767 0.10596
v -1.34488 3.39844 0.10484
vn 1 0 -0
vn 1 0 -0
vn 1 0 -0
vt 0.52047 0.535711
vt 0.520317 0.535955
vt 0.520171 0.536166
f 4252/4252/4252 4253/4253/4253 4254/4254/4254
v -1.34488 3.39686 0.107251
v -1.34488 3.39844 0.10484
v -1.34488 3.39918 0.103893
vn 1 0 -0
vn 1 0 -0
vn 1 0 -0
vt 0.52047 0.535711
vt 0.520171 0.536166
vt 0.520031 0.536345
f 4255/4255/4255 4256/4256/4256 4257/4257/4257
v -1.34488 3.39686 0.107251
v -1.34488 3.39918 0.103893
v -1.34488 3.39989 0.103118
vn 1 0 -0
vn 1 0 -0
vn 1 0 -0
vt 0.52047 0.535711
vt 0.520031 0.536345
vt 0.519898 0.536491
f 4258/4258/4258 4259/4259/4259 4260/4260/4260
v -1.34488 3.39686 0.107251
v -1.34488 3.39989 0.103118
v -1.34488 3.40056 0.102515
vn 1 0 -0
vn 1 0 -0
vn 1 0 -0
vt 0.52047 0.535711
vt 0.519898 0.536491
vt 0.519771 0.536605
f 4261/4261/4261 4262/4262/4262 4263/4263/4263
v -1.34488 3.39686 0.107251
v -1.34488 3.40056 0.102515
v -1.34488 3.4012 0.102084
vn 1 0 -0
vn 1 0 -0
vn 1 0 -0
vt 0.52047 0.535711
vt 0.519771 0.536605
vt 0.51965 0.536686
f 4264/4264/4264 4265/4265/4265 4266/4266/4266
v -1.34488 3.39686 0.107251
v -1.34488 3.4012 0.102084
v -1.34488 3.4018 0.101826
vn 1 0 -0
vn 1 0 -0
vn 1 0 -0
vt 0.52047 0.535711
vt 0.51965 0.536686
vt 0.519537 0.536735
f 4267/4267/4267 4268/4268/4268 4269/4269/4269
v -1.34488 3.39686 0.107251
v -1.34488 3.4018 0.101826
v -1.34488 3.40237 0.10174
vn 1 0 -0
vn 1 0 -0
vn 1 0 -0
vt 0.52047 0.535711
vt 0.519537 0.536735
vt 0.519429 0.536752
f 4270/4270/4270 4271/4271/4271 4272/4272/4272
v -1.34488 3.39686 0.107251
v -1.34488 3.40237 0.10174
v -1.34488 3.40237 0.10174
vn 0 0 -0
vn 0 0 -0
vn 0 0 -0
vt 0.52047 0.535711
vt 0.519429 0.536752
vt 0.519429 0.536752
f 4273/4273/4273 4274/4274/4274 4275/4275/4275
v -1.34488 3.39686 0.107251
v -1.34488 3.40237 0.10174
v -1.34488 3.40237 0.107251
vn 1 0 -0
vn 1 0 -0
vn 1 0 -0
vt 0.52047 0.535711
vt 0.519429 0.536752
vt 0.519429 0.535711
f 4276/4276/4276 4277/4277/4277 4278/4278/4278
v 1.35386 3.25575 0.10174
v 1.38457 3.25575 0.10174
v 1.38457 3.25024 0.10174
vn 0 0 -1
vn 0 0 -1
vn 0 0 -1
vt 0.5105 0.550325
vt 0.50468 0.550325
vt 0.50468 0.54928
f 4279/4279/4279 4280/4280/4280 4281/4281/4281
v 1.35386 3.25575 0.10174
v 1.38457 3.25024 0.10174
v 1.34488 3.25024 0.10174
vn 0 0 -1
vn 0 0 -1
vn 0 0 -1
vt 0.5105 0.550325
vt 0.50468 0.54928
vt 0.512202 0.54928
f 4282/4282/4282 4283/4283/4283 4284/4284/4284
v 1.35176 3.25567 0.10174
v 1.35386 3.25575 0.10174
v 1.34488 3.25024 0.10174
vn 0 0 -1
vn 0 0 -1
vn 0 0 -1
vt 0.510899 0.550309
vt 0.5105 0.550325
vt 0.512202 0.54928
f 4285/4285/4285 4286/4286/4286 4287/4287/4287
v 1.34993 3.25541 0.10174
v 1.35176 3.25567 0.10174
v 1.34488 3.25024 0.10174
vn 0 0 -1
vn 0 0 -1
vn 0 0 -1
vt 0.511245 0.55026
vt 0.510899 0.550309
vt 0.512202 0.54928
f 4288/4288/4288 4289/4289/4289 4290/4290/4290
v 1.34839 3.25498 0.10174
v 1.34993 3.25541 0.10174
v 1.34488 3.25024 0.10174
vn 0 0 -1
vn 0 0 -1
vn 0 0 -1
vt 0.511537 0.550178
vt 0.511245 0.55026
vt 0.512202 0.54928
f 4291/4291/4291 4292/4292/4292 4293/4293/4293
v 1.34713 3.25437 0.10174
v 1.34839 3.25498 0.10174
v 1.34488 3.25024 0.10174
vn 0 0 -1
vn 0 0 -1
vn 0 0 -1
vt 0.511777 0.550064
vt 0.511537 0.550178
vt 0.512202 0.54928
f 4294/4294/4294 4295/4295/4295 4296/4296/4296
v 1.34614 3.2536 0.10174
v 1.34713 3.25437 0.10174
v 1.34488 3.25024 0.10174
vn 0 0 -1
vn 0 0 -1
vn 0 0 -1
vt 0.511963 0.549917
vt 0.511777 0.550064
vt 0.512202 0.54928
f 4297/4297/4297 4298/4298/4298 4299/4299/4299
v 1.34544 3.25265 0.10174
v 1.34614 3.2536 0.10174
v 1.34488 3.25024 0.10174
vn 0 0 -1
vn 0 0 -1
vn 0 0 -1
vt 0.512096 0.549737
vt 0.511963 0.549917
vt 0.512202 0.54928
f 4300/4300/4300 4301/4301/4301 4302/4302/4302
v 1.34502 3.25153 0.10174
v 1.34544 3.25265 0.10174
v 1.34488 3.25024 0.10174
vn 0 0 -1
vn 0 0 -1
vn 0 0 -1
vt 0.512176 0.549525
vt 0.512096 0.549737
vt 0.512202 0.54928
f 4303/4303/4303 4304/4304/4304 4305/4305/4305
v 1.34488 3.25024 0.10174
v 1.34502 3.25153 0.10174
v 1.34488 3.25024 0.10174
vn 0 0 -0
vn 0 0 -0
vn 0 0 -0
vt 0.478746 0.565931
vt 0.478907 0.565751
vt 0.478746 0.565931
f 4306/4306/4306 4307/4307/4307 4308/4308/4308
v 1.38457 3.25575 0.107251
v 1.38457 3.25465 0.107251
v 1.38457 3.25362 0.107183
vn 1 0 -0
vn 1 0 -0
vn 1 0 -0
vt 0.547119 0.560424
vt 0.547327 0.560424
vt 0.547522 0.560437
f 4309/4309/4309 4310/4310/4310 4311/4311/4311
v 1.38457 3.25575 0.107251
v 1.38457 3.25362 0.107183
v 1.38457 3.25272 0.106976
vn 1 0 -0
vn 1 0 -0
vn 1 0 -0
vt 0.547119 0.560424
vt 0.547522 0.560437
vt 0.547692 0.560476
f 4312/4312/4312 4313/4313/4313 4314/4314/4314
v 1.38457 3.25575 0.107251
v 1.38457 3.25272 0.106976
v 1.38457 3.25196 0.106631
vn 1 0 -0
vn 1 0 -0
vn 1 0 -0
vt 0.547119 0.560424
vt 0.547692 0.560476
vt 0.547835 0.560541
f 4315/4315/4315 4316/4316/4316 4317/4317/4317
v 1.38457 3.25575 0.107251
v 1.38457 3.25196 0.106631
v 1.38457 3.25134 0.106149
vn 1 0 -0
vn 1 0 -0
vn 1 0 -0
vt 0.547119 0.560424
vt 0.547835 0.560541
vt 0.547952 0.560632
f 4318/4318/4318 4319/4319/4319 4320/4320/4320
v 1.38457 3.25575 0.107251
v 1.38457 3.25134 0.106149
v 1.38457 3.25086 0.105529
vn 1 0 -0
vn 1 0 -0
vn 1 0 -0
vt 0.547119 0.560424
vt 0.547952 0.560632
vt 0.548043 0.560749
f 4321/4321/4321 4322/4322/4322 4323/4323/4323
v 1.38457 3.25575 0.107251
v 1.38457 3.25086 0.105529
v 1.38457 3.25052 0.104771
vn 1 0 -0
vn 1 0 -0
vn 1 0 -0
vt 0.547119 0.560424
vt 0.548043 0.560749
vt 0.548108 0.560893
f 4324/4324/4324 4325/4325/4325 4326/4326/4326
v 1.38457 3.25575 0.107251
v 1.38457 3.25052 0.104771
v 1.38457 3.25031 0.103875
vn 1 0 -0
vn 1 0 -0
vn 1 0 -0
vt 0.547119 0.560424
vt 0.548108 0.560893
vt 0.548147 0.561062
f 4327/4327/4327 4328/4328/4328 4329/4329/4329
v 1.38457 3.25575 0.107251
v 1.38457 3.25031 0.103875
v 1.38457 3.25024 0.102842
vn 1 0 -0
vn 1 0 -0
vn 1 0 -0
vt 0.547119 0.560424
vt 0.548147 0.561062
vt 0.54816 0.561257
f 4330/4330/4330 4331/4331/4331 4332/4332/4332
v 1.38457 3.25575 0.10174
v 1.38457 3.25575 0.107251
v 1.38457 3.25024 0.102842
vn 1 0 -0
vn 1 0 -0
vn 1 0 -0
vt 0.547119 0.561465
vt 0.547119 0.560424
vt 0.54816 0.561257
f 4333/4333/4333 4334/4334/4334 4335/4335/4335
v 1.38457 3.25575 0.10174
v 1.38457 3.25024 0.102842
v 1.38457 3.25024 0.10174
vn 1 0 -0
vn 1 0 -0
vn 1 0 -0
vt 0.547119 0.561465
vt 0.54816 0.561257
vt 0.54816 0.561465
f 4336/4336/4336 4337/4337/4337 4338/4338/4338
v 1.38457 3.25575 0.107251
v 1.34488 3.25575 0.107251
v 1.34488 3.25465 0.107251
vn 0 0 1
vn 0 0 1
vn 0 0 1
vt 0.518893 0.596492
vt 0.518893 0.588991
vt 0.519101 0.588991
f 4339/4339/4339 4340/4340/4340 4341/4341/4341
v 1.34488 3.25465 0.107251
v 1.38457 3.25465 0.107251
v 1.38457 3.25575 0.107251
vn 0 0 1
vn 0 0 1
vn 0 0 1
vt 0.519101 0.588991
vt 0.519101 0.596492
vt 0.518893 0.596492
f 4342/4342/4342 4343/4343/4343 4344/4344/4344
v 1.34488 3.25575 0.107251
v 1.34488 3.25575 0.107251
v 1.34488 3.25567 0.10596
vn 0 0 -0
vn 0 0 -0
vn 0 0 -0
vt 0.478921 0.565809
vt 0.478921 0.565809
vt 0.479162 0.565793
f 4345/4345/4345 4346/4346/4346 4347/4347/4347
v 1.34488 3.25575 0.107251
v 1.34488 3.25567 0.10596
v 1.34488 3.25541 0.10484
vn -1 0 -0
vn -1 0 -0
vn -1 0 -0
vt 0.547119 0.549077
vt 0.547135 0.548833
vt 0.547184 0.548621
f 4348/4348/4348 4349/4349/4349 4350/4350/4350
v 1.34488 3.25575 0.107251
v 1.34488 3.25541 0.10484
v 1.34488 3.25498 0.103893
vn -1 0 -0
vn -1 0 -0
vn -1 0 -0
vt 0.547119 0.549077
vt 0.547184 0.548621
vt 0.547265 0.548442
f 4351/4351/4351 4352/4352/4352 4353/4353/4353
v 1.34488 3.25575 0.107251
v 1.34488 3.25498 0.103893
v 1.34488 3.25437 0.103118
vn -1 0 -0
vn -1 0 -0
vn -1 0 -0
vt 0.547119 0.549077
vt 0.547265 0.548442
vt 0.547379 0.548296
f 4354/4354/4354 4355/4355/4355 4356/4356/4356
v 1.34488 3.25575 0.107251
v 1.34488 3.25437 0.103118
v 1.34488 3.2536 0.102515
vn -1 0 -0
vn -1 0 -0
vn -1 0 -0
vt 0.547119 0.549077
vt 0.547379 0.548296
vt 0.547526 0.548182
f 4357/4357/4357 4358/4358/4358 4359/4359/4359
v 1.34488 3.25575 0.107251
v 1.34488 3.2536 0.102515
v 1.34488 3.25265 0.102084
vn -1 0 -0
vn -1 0 -0
vn -1 0 -0
vt 0.547119 0.549077
vt 0.547526 0.548182
vt 0.547705 0.548101
f 4360/4360/4360 4361/4361/4361 4362/4362/4362
v 1.34488 3.25575 0.107251
v 1.34488 3.25265 0.102084
v 1.34488 3.25153 0.101826
vn -1 0 -0
vn -1 0 -0
vn -1 0 -0
vt 0.547119 0.549077
vt 0.547705 0.548101
vt 0.547916 0.548052
f 4363/4363/4363 4364/4364/4364 4365/4365/4365
v 1.34488 3.25575 0.107251
v 1.34488 3.25153 0.101826
v 1.34488 3.25024 0.10174
vn -1 0 -0
vn -1 0 -0
vn -1 0 -0
vt 0.547119 0.549077
vt 0.547916 0.548052
vt 0.54816 0.548036
f 4366/4366/4366 4367/4367/4367 4368/4368/4368
v 1.34488 3.25575 0.107251
v 1.34488 3.25024 0.10174
v 1.34488 3.25024 0.10174
vn 0 0 -0
vn 0 0 -0
vn 0 0 -0
vt 0.480201 0.565848
vt 0.478746 0.565931
vt 0.478746 0.565931
f 4369/4369/4369 4370/4370/4370 4371/4371/4371
v 1.34488 3.25024 0.10174
v 1.34488 3.25024 0.102842
v 1.34488 3.25031 0.103875
vn -1 0 -0
vn -1 0 -0
vn -1 0 -0
vt 0.502171 0.558866
vt 0.502021 0.559011
vt 0.501871 0.559137
f 4372/4372/4372 4373/4373/4373 4374/4374/4374
v 1.34488 3.25024 0.10174
v 1.34488 3.25031 0.103875
v 1.34488 3.25052 0.104771
vn -1 0 -0
vn -1 0 -0
vn -1 0 -0
vt 0.502171 0.558866
vt 0.501871 0.559137
vt 0.501722 0.559226
f 4375/4375/4375 4376/4376/4376 4377/4377/4377
v 1.34488 3.25024 0.10174
v 1.34488 3.25052 0.104771
v 1.34488 3.25086 0.105529
vn -1 0 -0
vn -1 0 -0
vn -1 0 -0
vt 0.502171 0.558866
vt 0.501722 0.559226
vt 0.501574 0.559278
f 4378/4378/4378 4379/4379/4379 4380/4380/4380
v 1.34488 3.25024 0.10174
v 1.34488 3.25086 0.105529
v 1.34488 3.25134 0.106149
vn -1 0 -0
vn -1 0 -0
vn -1 0 -0
vt 0.502171 0.558866
vt 0.501574 0.559278
vt 0.501426 0.559294
f 4381/4381/4381 4382/4382/4382 4383/4383/4383
v 1.34488 3.25024 0.10174
v 1.34488 3.25134 0.106149
v 1.34488 3.25196 0.106631
vn -1 0 -0
vn -1 0 -0
vn -1 0 -0
vt 0.502171 0.558866
vt 0.501426 0.559294
vt 0.501279 0.559272
f 4384/4384/4384 4385/4385/4385 4386/4386/4386
v 1.34488 3.25024 0.10174
v 1.34488 3.25196 0.106631
v 1.34488 3.25272 0.106976
vn -1 0 -0
vn -1 0 -0
vn -1 0 -0
vt 0.502171 0.558866
vt 0.501279 0.559272
vt 0.501133 0.559214
f 4387/4387/4387 4388/4388/4388 4389/4389/4389
v 1.34488 3.25024 0.10174
v 1.34488 3.25272 0.106976
v 1.34488 3.25362 0.107183
vn -1 0 -0
vn -1 0 -0
vn -1 0 -0
vt 0.502171 0.558866
vt 0.501133 0.559214
vt 0.500988 0.559119
f 4390/4390/4390 4391/4391/4391 4392/4392/4392
v 1.34488 3.25024 0.10174
v 1.34488 3.25362 0.107183
v 1.34488 3.25465 0.107251
vn -1 0 -0
vn -1 0 -0
vn -1 0 -0
vt 0.502171 0.558866
vt 0.500988 0.559119
vt 0.500843 0.558988
f 4393/4393/4393 4394/4394/4394 4395/4395/4395
v 1.34488 3.25575 0.107251
v 1.34488 3.25024 0.10174
v 1.34488 3.25465 0.107251
vn -1 0 -0
vn -1 0 -0
vn -1 0 -0
vt 0.500699 0.558838
vt 0.502171 0.558866
vt 0.500843 0.558988
f 4396/4396/4396 4397/4397/4397 4398/4398/4398
v 1.38457 3.39686 0.10174
v 1.35386 3.39686 0.10174
v 1.35176 3.39694 0.10174
vn 0 0 -1
vn 0 0 -1
vn 0 0 -1
vt 0.491329 0.57742
vt 0.485489 0.577868
vt 0.485087 0.577882
f 4399/4399/4399 4400/4400/4400 4401/4401/4401
v 1.38457 3.39686 0.10174
v 1.35176 3.39694 0.10174
v 1.34993 3.3972 0.10174
vn 0 0 -1
vn 0 0 -1
vn 0 0 -1
vt 0.491329 0.57742
vt 0.485087 0.577882
vt 0.484737 0.57786
f 4402/4402/4402 4403/4403/4403 4404/4404/4404
v 1.38457 3.39686 0.10174
v 1.34993 3.3972 0.10174
v 1.34839 3.39763 0.10174
vn 0 0 -1
vn 0 0 -1
vn 0 0 -1
vt 0.491329 0.57742
vt 0.484737 0.57786
vt 0.484437 0.5778
f 4405/4405/4405 4406/4406/4406 4407/4407/4407
v 1.38457 3.39686 0.10174
v 1.34839 3.39763 0.10174
v 1.34713 3.39823 0.10174
vn 0 0 -1
vn 0 0 -1
vn 0 0 -1
vt 0.491329 0.57742
vt 0.484437 0.5778
vt 0.484188 0.577704
f 4408/4408/4408 4409/4409/4409 4410/4410/4410
v 1.38457 3.39686 0.10174
v 1.34713 3.39823 0.10174
v 1.34614 3.39901 0.10174
vn 0 0 -1
vn 0 0 -1
vn 0 0 -1
vt 0.491329 0.57742
vt 0.484188 0.577704
vt 0.48399 0.577571
f 4411/4411/4411 4412/4412/4412 4413/4413/4413
v 1.38457 3.39686 0.10174
v 1.34614 3.39901 0.10174
v 1.34544 3.39996 0.10174
vn 0 0 -1
vn 0 0 -1
vn 0 0 -1
vt 0.491329 0.57742
vt 0.48399 0.577571
vt 0.483842 0.577401
f 4414/4414/4414 4415/4415/4415 4416/4416/4416
v 1.38457 3.39686 0.10174
v 1.34544 3.39996 0.10174
v 1.34502 3.40107 0.10174
vn 0 0 -1
vn 0 0 -1
vn 0 0 -1
vt 0.491329 0.57742
vt 0.483842 0.577401
vt 0.483746 0.577194
f 4417/4417/4417 4418/4418/4418 4419/4419/4419
v 1.38457 3.39686 0.10174
v 1.34502 3.40107 0.10174
v 1.34488 3.40237 0.10174
vn 0 0 -1
vn 0 0 -1
vn 0 0 -1
vt 0.491329 0.57742
vt 0.483746 0.577194
vt 0.4837 0.576951
f 4420/4420/4420 4421/4421/4421 4422/4422/4422
v 1.38457 3.39686 0.10174
v 1.34488 3.40237 0.10174
v 1.34488 3.40237 0.10174
vn 0 0 -0
vn 0 0 -0
vn 0 0 -0
vt 0.479951 0.565793
vt 0.478921 0.565793
vt 0.478921 0.565793
f 4423/4423/4423 4424/4424/4424 4425/4425/4425
v 1.38457 3.39686 0.10174
v 1.34488 3.40237 0.10174
v 1.38457 3.40237 0.10174
vn 0 0 -1
vn 0 0 -1
vn 0 0 -1
vt 0.512114 0.534804
vt 0.519609 0.535845
vt 0.512114 0.535845
f 4426/4426/4426 4427/4427/4427 4428/4428/4428
v 1.34488 3.39686 0.107251
v 1.34488 3.39686 0.107251
v 1.34488 3.40237 0.107251
vn 0 0 -0
vn 0 0 -0
vn 0 0 -0
vt 0.521633 0.534688
vt 0.521633 0.534688
vt 0.520603 0.534688
f 4429/4429/4429 4430/4430/4430 4431/4431/4431
v 1.34488 3.39686 0.107251
v 1.34488 3.40237 0.107251
v 1.34488 3.40237 0.10174
vn -1 0 -0
vn -1 0 -0
vn -1 0 -0
vt 0.52047 0.549077
vt 0.519429 0.549077
vt 0.519429 0.548036
f 4432/4432/4432 4433/4433/4433 4434/4434/4434
v 1.34488 3.39694 0.10596
v 1.34488 3.39686 0.107251
v 1.34488 3.40237 0.10174
vn -1 0 -0
vn -1 0 -0
vn -1 0 -0
vt 0.520454 0.548833
vt 0.52047 0.549077
vt 0.519429 0.548036
f 4435/4435/4435 4436/4436/4436 4437/4437/4437
v 1.34488 3.3972 0.10484
v 1.34488 3.39694 0.10596
v 1.34488 3.40237 0.10174
vn -1 0 -0
vn -1 0 -0
vn -1 0 -0
vt 0.520405 0.548621
vt 0.520454 0.548833
vt 0.519429 0.548036
f 4438/4438/4438 4439/4439/4439 4440/4440/4440
v 1.34488 3.39763 0.103893
v 1.34488 3.3972 0.10484
v 1.34488 3.40237 0.10174
vn -1 0 -0
vn -1 0 -0
vn -1 0 -0
vt 0.520324 0.548442
vt 0.520405 0.548621
vt 0.519429 0.548036
f 4441/4441/4441 4442/4442/4442 4443/4443/4443
v 1.34488 3.39823 0.103118
v 1.34488 3.39763 0.103893
v 1.34488 3.40237 0.10174
vn -1 0 -0
vn -1 0 -0
vn -1 0 -0
vt 0.52021 0.548296
vt 0.520324 0.548442
vt 0.519429 0.548036
f 4444/4444/4444 4445/4445/4445 4446/4446/4446
v 1.34488 3.39901 0.102515
v 1.34488 3.39823 0.103118
v 1.34488 3.40237 0.10174
vn -1 0 -0
vn -1 0 -0
vn -1 0 -0
vt 0.520064 0.548182
vt 0.52021 0.548296
vt 0.519429 0.548036
f 4447/4447/4447 4448/4448/4448 4449/4449/4449
v 1.34488 3.39996 0.102084
v 1.34488 3.39901 0.102515
v 1.34488 3.40237 0.10174
vn -1 0 -0
vn -1 0 -0
vn -1 0 -0
vt 0.519885 0.548101
vt 0.520064 0.548182
vt 0.519429 0.548036
f 4450/4450/4450 4451/4451/4451 4452/4452/4452
v 1.34488 3.40107 0.101826
v 1.34488 3.39996 0.102084
v 1.34488 3.40237 0.10174
vn -1 0 -0
vn -1 0 -0
vn -1 0 -0
vt 0.519673 0.548052
vt 0.519885 0.548101
vt 0.519429 0.548036
f 4453/4453/4453 4454/4454/4454 4455/4455/4455
v 1.34488 3.40237 0.10174
v 1.34488 3.40107 0.101826
v 1.34488 3.40237 0.10174
vn 0 0 -0
vn 0 0 -0
vn 0 0 -0
vt 0.478921 0.565793
vt 0.479162 0.565777
vt 0.478921 0.565793
f 4456/4456/4456 4457/4457/4457 4458/4458/4458
v 1.34488 3.39686 0.107251
v 1.38457 3.39686 0.107251
v 1.38457 3.40237 0.107251
vn 0 0 1
vn 0 0 1
vn 0 0 1
vt 0.492221 0.588991
vt 0.492221 0.596492
vt 0.491179 0.596492
f 4459/4459/4459 4460/4460/4460 4461/4461/4461
v 1.38457 3.40237 0.107251
v 1.34488 3.40237 0.107251
v 1.34488 3.39686 0.107251
vn 0 0 1
vn 0 0 1
vn 0 0 1
vt 0.491179 0.596492
vt 0.491179 0.588991
vt 0.492221 0.588991
f 4462/4462/4462 4463/4463/4463 4464/4464/4464
v 1.38457 3.39686 0.107251
v 1.38457 3.39686 0.10174
v 1.38457 3.40237 0.10174
vn 1 0 -0
vn 1 0 -0
vn 1 0 -0
vt 0.52047 0.560424
vt 0.52047 0.561465
vt 0.519429 0.561465
f 4465/4465/4465 4466/4466/4466 4467/4467/4467
v 1.38457 3.40237 0.10174
v 1.38457 3.40237 0.107251
v 1.38457 3.39686 0.107251
vn 1 0 -0
vn 1 0 -0
vn 1 0 -0
vt 0.519429 0.561465
vt 0.519429 0.560424
vt 0.52047 0.560424
f 4468/4468/4468 4469/4469/4469 4470/4470/4470
v 1.38457 3.25575 -0.01952
v 1.34488 3.25575 -0.01952
v 1.34488 3.25024 -0.01952
vn 0 0 1
vn 0 0 1
vn 0 0 1
vt 0.495 0.5506
vt 0.487505 0.5506
vt 0.487505 0.549559
f 4471/4471/4471 4472/4472/4472 4473/4473/4473
v 1.34488 3.25024 -0.01952
v 1.38457 3.25024 -0.01952
v 1.38457 3.25575 -0.01952
vn 0 0 1
vn 0 0 1
vn 0 0 1
vt 0.487505 0.549559
vt 0.495 0.549559
vt 0.495 0.5506
f 4474/4474/4474 4475/4475/4475 4476/4476/4476
v 1.34488 3.25575 -0.01952
v 1.34488 3.25575 -0.025032
v 1.34488 3.25024 -0.025032
vn -1 0 -0
vn -1 0 -0
vn -1 0 -0
vt 0.503833 0.557814
vt 0.503833 0.556773
vt 0.504874 0.556773
f 4477/4477/4477 4478/4478/4478 4479/4479/4479
v 1.34488 3.25024 -0.025032
v 1.34488 3.25024 -0.01952
v 1.34488 3.25575 -0.01952
vn -1 0 -0
vn -1 0 -0
vn -1 0 -0
vt 0.504874 0.556773
vt 0.504874 0.557814
vt 0.503833 0.557814
f 4480/4480/4480 4481/4481/4481 4482/4482/4482
v 1.34488 3.25575 -0.025032
v 1.38457 3.25575 -0.025032
v 1.38457 3.25024 -0.025032
vn 0 0 -1
vn 0 0 -1
vn 0 0 -1
vt 0.547119 0.560601
vt 0.547119 0.553106
vt 0.54816 0.553106
f 4483/4483/4483 4484/4484/4484 4485/4485/4485
v 1.38457 3.25024 -0.025032
v 1.34488 3.25024 -0.025032
v 1.34488 3.25575 -0.025032
vn 0 0 -1
vn 0 0 -1
vn 0 0 -1
vt 0.54816 0.553106
vt 0.54816 0.560601
vt 0.547119 0.560601
f 4486/4486/4486 4487/4487/4487 4488/4488/4488
v 1.40638 3.25575 -0.025032
v 1.40638 3.25575 -0.01952
v 1.40638 3.2541 -0.01952
vn 1 0 -0
vn 1 0 -0
vn 1 0 -0
vt 0.512797 0.545148
vt 0.512797 0.543966
vt 0.513153 0.543966
f 4489/4489/4489 4490/4490/4490 4491/4491/4491
v 1.40638 3.2541 -0.01952
v 1.40638 3.2541 -0.025032
v 1.40638 3.25575 -0.025032
vn 1 0 -0
vn 1 0 -0
vn 1 0 -0
vt 0.513153 0.543966
vt 0.513153 0.545148
vt 0.512797 0.545148
f 4492/4492/4492 4493/4493/4493 4494/4494/4494
v 1.34488 3.39686 -0.01952
v 1.38457 3.39686 -0.01952
v 1.38457 3.40237 -0.01952
vn 0 0 1
vn 0 0 1
vn 0 0 1
vt 0.485731 0.585321
vt 0.493225 0.585321
vt 0.493225 0.586362
f 4495/4495/4495 4496/4496/4496 4497/4497/4497
v 1.38457 3.40237 -0.01952
v 1.34488 3.40237 -0.01952
v 1.34488 3.39686 -0.01952
vn 0 0 1
vn 0 0 1
vn 0 0 1
vt 0.493225 0.586362
vt 0.485731 0.586362
vt 0.485731 0.585321
f 4498/4498/4498 4499/4499/4499 4500/4500/4500
v 1.38457 3.39686 -0.01952
v 1.38457 3.39686 -0.025032
v 1.38457 3.40237 -0.025032
vn 1 0 -0
vn 1 0 -0
vn 1 0 -0
vt 0.476068 0.553682
vt 0.476068 0.554723
vt 0.475027 0.554723
f 4501/4501/4501 4502/4502/4502 4503/4503/4503
v 1.38457 3.40237 -0.025032
v 1.38457 3.40237 -0.01952
v 1.38457 3.39686 -0.01952
vn 1 0 -0
vn 1 0 -0
vn 1 0 -0
vt 0.475027 0.554723
vt 0.475027 0.553682
vt 0.476068 0.553682
f 4504/4504/4504 4505/4505/4505 4506/4506/4506
v 1.38457 3.39686 -0.025032
v 1.34488 3.39686 -0.025032
v 1.34488 3.40237 -0.025032
vn 0 0 -1
vn 0 0 -1
vn 0 0 -1
vt 0.52047 0.553106
vt 0.52047 0.560601
vt 0.519429 0.560601
f 4507/4507/4507 4508/4508/4508 4509/4509/4509
v 1.34488 3.40237 -0.025032
v 1.38457 3.40237 -0.025032
v 1.38457 3.39686 -0.025032
vn 0 0 -1
vn 0 0 -1
vn 0 0 -1
vt 0.519429 0.560601
vt 0.519429 0.553106
vt 0.52047 0.553106
f 4510/4510/4510 4511/4511/4511 4512/4512/4512
v 1.34488 3.39686 -0.025032
v 1.34488 3.39686 -0.01952
v 1.34488 3.40237 -0.01952
vn -1 0 -0
vn -1 0 -0
vn -1 0 -0
vt 0.477184 0.556773
vt 0.477184 0.557814
vt 0.476143 0.557814
f 4513/4513/4513 4514/4514/4514 4515/4515/4515
v 1.34488 3.40237 -0.01952
v 1.34488 3.40237 -0.025032
v 1.34488 3.39686 -0.025032
vn -1 0 -0
vn -1 0 -0
vn -1 0 -0
vt 0.476143 0.557814
vt 0.476143 0.556773
vt 0.477184 0.556773
f 4516/4516/4516 4517/4517/4517 4518/4518/4518
v -1.34488 3.25575 -0.01952
v -1.38457 3.25575 -0.01952
v -1.38457 3.25024 -0.01952
vn 0 0 1
vn 0 0 1
vn 0 0 1
vt 0.48762 0.548539
vt 0.480125 0.548539
vt 0.480125 0.547498
f 4519/4519/4519 4520/4520/4520 4521/4521/4521
v -1.38457 3.25024 -0.01952
v -1.34488 3.25024 -0.01952
v -1.34488 3.25575 -0.01952
vn 0 0 1
vn 0 0 1
vn 0 0 1
vt 0.480125 0.547498
vt 0.48762 0.547498
vt 0.48762 0.548539
f 4522/4522/4522 4523/4523/4523 4524/4524/4524
v -1.40638 3.25575 -0.01952
v -1.40638 3.25575 -0.025032
v -1.40638 3.2541 -0.025032
vn -1 0 -0
vn -1 0 -0
vn -1 0 -0
vt 0.48267 0.578655
vt 0.48267 0.577473
vt 0.483026 0.577473
f 4525/4525/4525 4526/4526/4526 4527/4527/4527
v -1.40638 3.2541 -0.025032
v -1.40638 3.2541 -0.01952
v -1.40638 3.25575 -0.01952
vn -1 0 -0
vn -1 0 -0
vn -1 0 -0
vt 0.483026 0.577473
vt 0.483026 0.578655
vt 0.48267 0.578655
f 4528/4528/4528 4529/4529/4529 4530/4530/4530
v -1.38457 3.25575 -0.025032
v -1.34488 3.25575 -0.025032
v -1.34488 3.25024 -0.025032
vn 0 0 -1
vn 0 0 -1
vn 0 0 -1
vt 0.518674 0.603889
vt 0.518674 0.596394
vt 0.519715 0.596394
f 4531/4531/4531 4532/4532/4532 4533/4533/4533
v -1.34488 3.25024 -0.025032
v -1.38457 3.25024 -0.025032
v -1.38457 3.25575 -0.025032
vn 0 0 -1
vn 0 0 -1
vn 0 0 -1
vt 0.519715 0.596394
vt 0.519715 0.603889
vt 0.518674 0.603889
f 4534/4534/4534 4535/4535/4535 4536/4536/4536
v -1.34488 3.25575 -0.025032
v -1.34488 3.25575 -0.01952
v -1.34488 3.25024 -0.01952
vn 1 0 -0
vn 1 0 -0
vn 1 0 -0
vt 0.547119 0.535724
vt 0.547119 0.534683
vt 0.54816 0.534683
f 4537/4537/4537 4538/4538/4538 4539/4539/4539
v -1.34488 3.25024 -0.01952
v -1.34488 3.25024 -0.025032
v -1.34488 3.25575 -0.025032
vn 1 0 -0
vn 1 0 -0
vn 1 0 -0
vt 0.54816 0.534683
vt 0.54816 0.535724
vt 0.547119 0.535724
f 4540/4540/4540 4541/4541/4541 4542/4542/4542
v -1.38457 3.39686 -0.01952
v -1.34488 3.39686 -0.01952
v -1.34488 3.40237 -0.01952
vn 0 0 1
vn 0 0 1
vn 0 0 1
vt 0.474922 0.559458
vt 0.482417 0.559458
vt 0.482417 0.560499
f 4543/4543/4543 4544/4544/4544 4545/4545/4545
v -1.34488 3.40237 -0.01952
v -1.38457 3.40237 -0.01952
v -1.38457 3.39686 -0.01952
vn 0 0 1
vn 0 0 1
vn 0 0 1
vt 0.482417 0.560499
vt 0.474922 0.560499
vt 0.474922 0.559458
f 4546/4546/4546 4547/4547/4547 4548/4548/4548
v -1.34488 3.39686 -0.01952
v -1.34488 3.39686 -0.025032
v -1.34488 3.40237 -0.025032
vn 1 0 -0
vn 1 0 -0
vn 1 0 -0
vt 0.52047 0.534683
vt 0.52047 0.535724
vt 0.519429 0.535724
f 4549/4549/4549 4550/4550/4550 4551/4551/4551
v -1.34488 3.40237 -0.025032
v -1.34488 3.40237 -0.01952
v -1.34488 3.39686 -0.01952
vn 1 0 -0
vn 1 0 -0
vn 1 0 -0
vt 0.519429 0.535724
vt 0.519429 0.534683
vt 0.52047 0.534683
f 4552/4552/4552 4553/4553/4553 4554/4554/4554
v -1.34488 3.39686 -0.025032
v -1.38457 3.39686 -0.025032
v -1.38457 3.40237 -0.025032
vn 0 0 -1
vn 0 0 -1
vn 0 0 -1
vt 0.492025 0.596394
vt 0.492025 0.603889
vt 0.490984 0.603889
f 4555/4555/4555 4556/4556/4556 4557/4557/4557
v -1.38457 3.40237 -0.025032
v -1.34488 3.40237 -0.025032
v -1.34488 3.39686 -0.025032
vn 0 0 -1
vn 0 0 -1
vn 0 0 -1
vt 0.490984 0.603889
vt 0.490984 0.596394
vt 0.492025 0.596394
f 4558/4558/4558 4559/4559/4559 4560/4560/4560
v -1.38457 3.39686 -0.025032
v -1.38457 3.39686 -0.01952
v -1.38457 3.40237 -0.01952
vn -1 0 -0
vn -1 0 -0
vn -1 0 -0
vt 0.478352 0.555743
vt 0.478352 0.556784
vt 0.477311 0.556784
f 4561/4561/4561 4562/4562/4562 4563/4563/4563
v -1.38457 3.40237 -0.01952
v -1.38457 3.40237 -0.025032
v -1.38457 3.39686 -0.025032
vn -1 0 -0
vn -1 0 -0
vn -1 0 -0
vt 0.477311 0.556784
vt 0.477311 0.555743
vt 0.478352 0.555743
f 4564/4564/4564 4565/4565/4565 4566/4566/4566
v -1.35386 3.40016 0.10174
v -1.38457 3.40016 0.10174
v -1.38457 3.40567 0.10174
vn 0 0 -1
vn 0 0 -1
vn 0 0 -1
vt 0.489196 0.546466
vt 0.495002 0.546466
vt 0.495002 0.547509
f 4567/4567/4567 4568/4568/4568 4569/4569/4569
v -1.35386 3.40016 0.10174
v -1.38457 3.40567 0.10174
v -1.34488 3.40567 0.10174
vn 0 0 -1
vn 0 0 -1
vn 0 0 -1
vt 0.489196 0.546466
vt 0.495002 0.547509
vt 0.487497 0.547509
f 4570/4570/4570 4571/4571/4571 4572/4572/4572
v -1.35176 3.40025 0.10174
v -1.35386 3.40016 0.10174
v -1.34488 3.40567 0.10174
vn 0 0 -1
vn 0 0 -1
vn 0 0 -1
vt 0.488798 0.546483
vt 0.489196 0.546466
vt 0.487497 0.547509
f 4573/4573/4573 4574/4574/4574 4575/4575/4575
v -1.34993 3.40051 0.10174
v -1.35176 3.40025 0.10174
v -1.34488 3.40567 0.10174
vn 0 0 -1
vn 0 0 -1
vn 0 0 -1
vt 0.488453 0.546532
vt 0.488798 0.546483
vt 0.487497 0.547509
f 4576/4576/4576 4577/4577/4577 4578/4578/4578
v -1.34839 3.40094 0.10174
v -1.34993 3.40051 0.10174
v -1.34488 3.40567 0.10174
vn 0 0 -1
vn 0 0 -1
vn 0 0 -1
vt 0.488161 0.546613
vt 0.488453 0.546532
vt 0.487497 0.547509
f 4579/4579/4579 4580/4580/4580 4581/4581/4581
v -1.34713 3.40154 0.10174
v -1.34839 3.40094 0.10174
v -1.34488 3.40567 0.10174
vn 0 0 -1
vn 0 0 -1
vn 0 0 -1
vt 0.487922 0.546727
vt 0.488161 0.546613
vt 0.487497 0.547509
f 4582/4582/4582 4583/4583/4583 4584/4584/4584
v -1.34615 3.40231 0.10174
v -1.34713 3.40154 0.10174
v -1.34488 3.40567 0.10174
vn 0 0 -1
vn 0 0 -1
vn 0 0 -1
vt 0.487736 0.546874
vt 0.487922 0.546727
vt 0.487497 0.547509
f 4585/4585/4585 4586/4586/4586 4587/4587/4587
v -1.34544 3.40326 0.10174
v -1.34615 3.40231 0.10174
v -1.34488 3.40567 0.10174
vn 0 0 -1
vn 0 0 -1
vn 0 0 -1
vt 0.487603 0.547053
vt 0.487736 0.546874
vt 0.487497 0.547509
f 4588/4588/4588 4589/4589/4589 4590/4590/4590
v -1.34502 3.40438 0.10174
v -1.34544 3.40326 0.10174
v -1.34488 3.40567 0.10174
vn 0 0 -1
vn 0 0 -1
vn 0 0 -1
vt 0.487524 0.547265
vt 0.487603 0.547053
vt 0.487497 0.547509
f 4591/4591/4591 4592/4592/4592 4593/4593/4593
v -1.34488 3.40567 0.10174
v -1.34502 3.40438 0.10174
v -1.34488 3.40567 0.10174
vn 0 0 -0
vn 0 0 -0
vn 0 0 -0
vt 0.482367 0.558961
vt 0.48261 0.558961
vt 0.482367 0.558961
f 4594/4594/4594 4595/4595/4595 4596/4596/4596
v -1.40638 3.40016 0.10174
v -1.40638 3.40016 0.102562
v -1.40638 3.40567 0.102562
vn -1 0 -0
vn -1 0 -0
vn -1 0 -0
vt 0.503249 0.558816
vt 0.503249 0.558986
vt 0.502108 0.558986
f 4597/4597/4597 4598/4598/4598 4599/4599/4599
v -1.40638 3.40567 0.102562
v -1.40638 3.40567 0.10174
v -1.40638 3.40016 0.10174
vn -1 0 -0
vn -1 0 -0
vn -1 0 -0
vt 0.502108 0.558986
vt 0.502108 0.558816
vt 0.503249 0.558816
f 4600/4600/4600 4601/4601/4601 4602/4602/4602
v -1.38457 3.40016 0.107251
v -1.34488 3.40016 0.107251
v -1.34488 3.40126 0.107251
vn 0 0 1
vn 0 0 1
vn 0 0 1
vt 0.485764 0.559583
vt 0.493356 0.559583
vt 0.493356 0.559794
f 4603/4603/4603 4604/4604/4604 4605/4605/4605
v -1.34488 3.40126 0.107251
v -1.38457 3.40126 0.107251
v -1.38457 3.40016 0.107251
vn 0 0 1
vn 0 0 1
vn 0 0 1
vt 0.493356 0.559794
vt 0.485764 0.559794
vt 0.485764 0.559583
f 4606/4606/4606 4607/4607/4607 4608/4608/4608
v -1.34488 3.40016 0.107251
v -1.34488 3.40016 0.107251
v -1.34488 3.40025 0.10596
vn 0 0 -0
vn 0 0 -0
vn 0 0 -0
vt 0.483408 0.55792
vt 0.483408 0.55792
vt 0.483391 0.558164
f 4609/4609/4609 4610/4610/4610 4611/4611/4611
v -1.34488 3.40016 0.107251
v -1.34488 3.40025 0.10596
v -1.34488 3.40051 0.10484
vn 1 0 -0
vn 1 0 -0
vn 1 0 -0
vt 0.483408 0.55792
vt 0.483391 0.558164
vt 0.483343 0.558375
f 4612/4612/4612 4613/4613/4613 4614/4614/4614
v -1.34488 3.40016 0.107251
v -1.34488 3.40051 0.10484
v -1.34488 3.40094 0.103893
vn 1 0 -0
vn 1 0 -0
vn 1 0 -0
vt 0.483408 0.55792
vt 0.483343 0.558375
vt 0.483261 0.558554
f 4615/4615/4615 4616/4616/4616 4617/4617/4617
v -1.34488 3.40016 0.107251
v -1.34488 3.40094 0.103893
v -1.34488 3.40154 0.103118
vn 1 0 -0
vn 1 0 -0
vn 1 0 -0
vt 0.483408 0.55792
vt 0.483261 0.558554
vt 0.483147 0.558701
f 4618/4618/4618 4619/4619/4619 4620/4620/4620
v -1.34488 3.40016 0.107251
v -1.34488 3.40154 0.103118
v -1.34488 3.40231 0.102515
vn 1 0 -0
vn 1 0 -0
vn 1 0 -0
vt 0.483408 0.55792
vt 0.483147 0.558701
vt 0.483001 0.558815
f 4621/4621/4621 4622/4622/4622 4623/4623/4623
v -1.34488 3.40016 0.107251
v -1.34488 3.40231 0.102515
v -1.34488 3.40326 0.102084
vn 1 0 -0
vn 1 0 -0
vn 1 0 -0
vt 0.483408 0.55792
vt 0.483001 0.558815
vt 0.482822 0.558896
f 4624/4624/4624 4625/4625/4625 4626/4626/4626
v -1.34488 3.40016 0.107251
v -1.34488 3.40326 0.102084
v -1.34488 3.40438 0.101826
vn 1 0 -0
vn 1 0 -0
vn 1 0 -0
vt 0.483408 0.55792
vt 0.482822 0.558896
vt 0.48261 0.558945
f 4627/4627/4627 4628/4628/4628 4629/4629/4629
v -1.34488 3.40016 0.107251
v -1.34488 3.40438 0.101826
v -1.34488 3.40567 0.10174
vn 1 0 -0
vn 1 0 -0
vn 1 0 -0
vt 0.483408 0.55792
vt 0.48261 0.558945
vt 0.482367 0.558961
f 4630/4630/4630 4631/4631/4631 4632/4632/4632
v -1.34488 3.40016 0.107251
v -1.34488 3.40567 0.10174
v -1.34488 3.40567 0.10174
vn 0 0 -0
vn 0 0 -0
vn 0 0 -0
vt 0.483408 0.55792
vt 0.482367 0.558961
vt 0.482367 0.558961
f 4633/4633/4633 4634/4634/4634 4635/4635/4635
v -1.34488 3.40567 0.10174
v -1.34488 3.40567 0.102842
v -1.34488 3.40561 0.103875
vn 1 0 -0
vn 1 0 -0
vn 1 0 -0
vt 0.482367 0.558961
vt 0.482367 0.558753
vt 0.48238 0.558558
f 4636/4636/4636 4637/4637/4637 4638/4638/4638
v -1.34488 3.40567 0.10174
v -1.34488 3.40561 0.103875
v -1.34488 3.4054 0.104771
vn 1 0 -0
vn 1 0 -0
vn 1 0 -0
vt 0.482367 0.558961
vt 0.48238 0.558558
vt 0.482419 0.558388
f 4639/4639/4639 4640/4640/4640 4641/4641/4641
v -1.34488 3.40567 0.10174
v -1.34488 3.4054 0.104771
v -1.34488 3.40505 0.105529
vn 1 0 -0
vn 1 0 -0
vn 1 0 -0
vt 0.482367 0.558961
vt 0.482419 0.558388
vt 0.482484 0.558245
f 4642/4642/4642 4643/4643/4643 4644/4644/4644
v -1.34488 3.40567 0.10174
v -1.34488 3.40505 0.105529
v -1.34488 3.40457 0.106149
vn 1 0 -0
vn 1 0 -0
vn 1 0 -0
vt 0.482367 0.558961
vt 0.482484 0.558245
vt 0.482575 0.558128
f 4645/4645/4645 4646/4646/4646 4647/4647/4647
v -1.34488 3.40567 0.10174
v -1.34488 3.40457 0.106149
v -1.34488 3.40395 0.106631
vn 1 0 -0
vn 1 0 -0
vn 1 0 -0
vt 0.482367 0.558961
vt 0.482575 0.558128
vt 0.482692 0.558037
f 4648/4648/4648 4649/4649/4649 4650/4650/4650
v -1.34488 3.40567 0.10174
v -1.34488 3.40395 0.106631
v -1.34488 3.40319 0.106976
vn 1 0 -0
vn 1 0 -0
vn 1 0 -0
vt 0.482367 0.558961
vt 0.482692 0.558037
vt 0.482835 0.557972
f 4651/4651/4651 4652/4652/4652 4653/4653/4653
v -1.34488 3.40567 0.10174
v -1.34488 3.40319 0.106976
v -1.34488 3.4023 0.107183
vn 1 0 -0
vn 1 0 -0
vn 1 0 -0
vt 0.482367 0.558961
vt 0.482835 0.557972
vt 0.483004 0.557933
f 4654/4654/4654 4655/4655/4655 4656/4656/4656
v -1.34488 3.40567 0.10174
v -1.34488 3.4023 0.107183
v -1.34488 3.40126 0.107251
vn 1 0 -0
vn 1 0 -0
vn 1 0 -0
vt 0.482367 0.558961
vt 0.483004 0.557933
vt 0.483199 0.55792
f 4657/4657/4657 4658/4658/4658 4659/4659/4659
v -1.34488 3.40016 0.107251
v -1.34488 3.40567 0.10174
v -1.34488 3.40126 0.107251
vn 1 0 -0
vn 1 0 -0
vn 1 0 -0
vt 0.483408 0.55792
vt 0.482367 0.558961
vt 0.483199 0.55792
f 4660/4660/4660 4661/4661/4661 4662/4662/4662
v -1.38457 3.39686 0.10174
v -1.35383 3.39942 0.10174
v -1.35173 3.39945 0.10174
vn 0 0 -1
vn 0 0 -1
vn 0 0 -1
vt 0.493283 0.562447
vt 0.487456 0.562933
vt 0.487058 0.56294
f 4663/4663/4663 4664/4664/4664 4665/4665/4665
v -1.38457 3.39686 0.10174
v -1.35173 3.39945 0.10174
v -1.34992 3.39919 0.10174
vn 0 0 -1
vn 0 0 -1
vn 0 0 -1
vt 0.493283 0.562447
vt 0.487058 0.56294
vt 0.486713 0.56289
f 4666/4666/4666 4667/4667/4667 4668/4668/4668
v -1.38457 3.39686 0.10174
v -1.34992 3.39919 0.10174
v -1.34838 3.39863 0.10174
vn 0 0 -1
vn 0 0 -1
vn 0 0 -1
vt 0.493283 0.562447
vt 0.486713 0.56289
vt 0.486422 0.562784
f 4669/4669/4669 4670/4670/4670 4671/4671/4671
v -1.38457 3.39686 0.10174
v -1.34838 3.39863 0.10174
v -1.34712 3.39777 0.10174
vn 0 0 -1
vn 0 0 -1
vn 0 0 -1
vt 0.493283 0.562447
vt 0.486422 0.562784
vt 0.486183 0.562621
f 4672/4672/4672 4673/4673/4673 4674/4674/4674
v -1.38457 3.39686 0.10174
v -1.34712 3.39777 0.10174
v -1.34614 3.39661 0.10174
vn 0 0 -1
vn 0 0 -1
vn 0 0 -1
vt 0.493283 0.562447
vt 0.486183 0.562621
vt 0.485998 0.562401
f 4675/4675/4675 4676/4676/4676 4677/4677/4677
v -1.38457 3.39686 0.10174
v -1.34614 3.39661 0.10174
v -1.34544 3.39515 0.10174
vn 0 0 -1
vn 0 0 -1
vn 0 0 -1
vt 0.493283 0.562447
vt 0.485998 0.562401
vt 0.485865 0.562125
f 4678/4678/4678 4679/4679/4679 4680/4680/4680
v -1.38457 3.39686 0.10174
v -1.34544 3.39515 0.10174
v -1.34502 3.3934 0.10174
vn 0 0 -1
vn 0 0 -1
vn 0 0 -1
vt 0.493283 0.562447
vt 0.485865 0.562125
vt 0.485786 0.561792
f 4681/4681/4681 4682/4682/4682 4683/4683/4683
v -1.38457 3.39686 0.10174
v -1.34502 3.3934 0.10174
v -1.34488 3.39134 0.10174
vn 0 0 -1
vn 0 0 -1
vn 0 0 -1
vt 0.493283 0.562447
vt 0.485786 0.561792
vt 0.485759 0.561402
f 4684/4684/4684 4685/4685/4685 4686/4686/4686
v -1.38457 3.39686 0.10174
v -1.34488 3.39134 0.10174
v -1.34488 3.39134 0.10174
vn 0 0 -0
vn 0 0 -0
vn 0 0 -0
vt 0.484032 0.558961
vt 0.485073 0.558961
vt 0.485073 0.558961
f 4687/4687/4687 4688/4688/4688 4689/4689/4689
v -1.38457 3.39686 0.10174
v -1.34488 3.39134 0.10174
v -1.38457 3.39134 0.10174
vn 0 0 -1
vn 0 0 -1
vn 0 0 -1
vt 0.512189 0.54002
vt 0.504694 0.538979
vt 0.512189 0.538979
f 4690/4690/4690 4691/4691/4691 4692/4692/4692
v -1.34488 3.39686 0.107251
v -1.34488 3.39686 0.107251
v -1.34488 3.39134 0.107251
vn 0 0 -0
vn 0 0 -0
vn 0 0 -0
vt 0.484032 0.55792
vt 0.484032 0.55792
vt 0.485073 0.55792
f 4693/4693/4693 4694/4694/4694 4695/4695/4695
v -1.34488 3.39686 0.107251
v -1.34488 3.39134 0.107251
v -1.34488 3.39134 0.10174
vn 1 0 -0
vn 1 0 -0
vn 1 0 -0
vt 0.484032 0.55792
vt 0.485073 0.55792
vt 0.485073 0.558961
f 4696/4696/4696 4697/4697/4697 4698/4698/4698
v -1.34488 3.39749 0.10596
v -1.34488 3.39686 0.107251
v -1.34488 3.39134 0.10174
vn 1 0 -0
vn 1 0 -0
vn 1 0 -0
vt 0.483912 0.558164
vt 0.484032 0.55792
vt 0.485073 0.558961
f 4699/4699/4699 4700/4700/4700 4701/4701/4701
v -1.34488 3.39775 0.10484
v -1.34488 3.39749 0.10596
v -1.34488 3.39134 0.10174
vn 1 0 -0
vn 1 0 -0
vn 1 0 -0
vt 0.483863 0.558375
vt 0.483912 0.558164
vt 0.485073 0.558961
f 4702/4702/4702 4703/4703/4703 4704/4704/4704
v -1.34488 3.39763 0.103893
v -1.34488 3.39775 0.10484
v -1.34488 3.39134 0.10174
vn 1 0 -0
vn 1 0 -0
vn 1 0 -0
vt 0.483886 0.558554
vt 0.483863 0.558375
vt 0.485073 0.558961
f 4705/4705/4705 4706/4706/4706 4707/4707/4707
v -1.34488 3.39713 0.103118
v -1.34488 3.39763 0.103893
v -1.34488 3.39134 0.10174
vn 1 0 -0
vn 1 0 -0
vn 1 0 -0
vt 0.48398 0.558701
vt 0.483886 0.558554
vt 0.485073 0.558961
f 4708/4708/4708 4709/4709/4709 4710/4710/4710
v -1.34488 3.39625 0.102515
v -1.34488 3.39713 0.103118
v -1.34488 3.39134 0.10174
vn 1 0 -0
vn 1 0 -0
vn 1 0 -0
vt 0.484146 0.558815
vt 0.48398 0.558701
vt 0.485073 0.558961
f 4711/4711/4711 4712/4712/4712 4713/4713/4713
v -1.34488 3.39499 0.102084
v -1.34488 3.39625 0.102515
v -1.34488 3.39134 0.10174
vn 1 0 -0
vn 1 0 -0
vn 1 0 -0
vt 0.484383 0.558896
vt 0.484146 0.558815
vt 0.485073 0.558961
f 4714/4714/4714 4715/4715/4715 4716/4716/4716
v -1.34488 3.39336 0.101826
v -1.34488 3.39499 0.102084
v -1.34488 3.39134 0.10174
vn 1 0 -0
vn 1 0 -0
vn 1 0 -0
vt 0.484693 0.558945
vt 0.484383 0.558896
vt 0.485073 0.558961
f 4717/4717/4717 4718/4718/4718 4719/4719/4719
v -1.34488 3.39134 0.10174
v -1.34488 3.39336 0.101826
v -1.34488 3.39134 0.10174
vn 0 0 -0
vn 0 0 -0
vn 0 0 -0
vt 0.485073 0.558961
vt 0.484693 0.558945
vt 0.485073 0.558961
f 4720/4720/4720 4721/4721/4721 4722/4722/4722
v -1.34488 3.39686 0.107251
v -1.38457 3.39686 0.107251
v -1.38457 3.39134 0.107251
vn 0 0 1
vn 0 0 1
vn 0 0 1
vt 0.493356 0.55895
vt 0.485765 0.55895
vt 0.485765 0.557896
f 4723/4723/4723 4724/4724/4724 4725/4725/4725
v -1.38457 3.39134 0.107251
v -1.34488 3.39134 0.107251
v -1.34488 3.39686 0.107251
vn 0 0 1
vn 0 0 1
vn 0 0 1
vt 0.485765 0.557896
vt 0.493356 0.557896
vt 0.493356 0.55895
f 4726/4726/4726 4727/4727/4727 4728/4728/4728
v -1.38457 3.39686 0.107251
v -1.38457 3.39686 0.10174
v -1.38457 3.39134 0.10174
vn -1 0 -0
vn -1 0 -0
vn -1 0 -0
vt 0.52047 0.608071
vt 0.52047 0.60703
vt 0.521511 0.60703
f 4729/4729/4729 4730/4730/4730 4731/4731/4731
v -1.38457 3.39134 0.10174
v -1.38457 3.39134 0.107251
v -1.38457 3.39686 0.107251
vn -1 0 -0
vn -1 0 -0
vn -1 0 -0
vt 0.521511 0.60703
vt 0.521511 0.608071
vt 0.52047 0.608071
f 4732/4732/4732 4733/4733/4733 4734/4734/4734
v 1.38457 3.40016 0.10174
v 1.34488 3.40016 0.10174
v 1.34488 3.40567 0.10174
vn 0 0 -1
vn 0 0 -1
vn 0 0 -1
vt 0.480125 0.549559
vt 0.48762 0.549559
vt 0.48762 0.5506
f 4735/4735/4735 4736/4736/4736 4737/4737/4737
v 1.34488 3.40567 0.10174
v 1.38457 3.40567 0.10174
v 1.38457 3.40016 0.10174
vn 0 0 -1
vn 0 0 -1
vn 0 0 -1
vt 0.48762 0.5506
vt 0.480125 0.5506
vt 0.480125 0.549559
f 4738/4738/4738 4739/4739/4739 4740/4740/4740
v 1.34488 3.40016 0.107251
v 1.34488 3.40126 0.107251
v 1.34488 3.4023 0.107183
vn -1 0 -0
vn -1 0 -0
vn -1 0 -0
vt 0.513287 0.549157
vt 0.513079 0.549157
vt 0.512884 0.549144
f 4741/4741/4741 4742/4742/4742 4743/4743/4743
v 1.34488 3.40016 0.107251
v 1.34488 3.4023 0.107183
v 1.34488 3.40319 0.106976
vn -1 0 -0
vn -1 0 -0
vn -1 0 -0
vt 0.513287 0.549157
vt 0.512884 0.549144
vt 0.512715 0.549105
f 4744/4744/4744 4745/4745/4745 4746/4746/4746
v 1.34488 3.40016 0.107251
v 1.34488 3.40319 0.106976
v 1.34488 3.40395 0.106631
vn -1 0 -0
vn -1 0 -0
vn -1 0 -0
vt 0.513287 0.549157
vt 0.512715 0.549105
vt 0.512572 0.54904
f 4747/4747/4747 4748/4748/4748 4749/4749/4749
v 1.34488 3.40016 0.107251
v 1.34488 3.40395 0.106631
v 1.34488 3.40457 0.106149
vn -1 0 -0
vn -1 0 -0
vn -1 0 -0
vt 0.513287 0.549157
vt 0.512572 0.54904
vt 0.512455 0.548949
f 4750/4750/4750 4751/4751/4751 4752/4752/4752
v 1.34488 3.40016 0.107251
v 1.34488 3.40457 0.106149
v 1.34488 3.40505 0.105529
vn -1 0 -0
vn -1 0 -0
vn -1 0 -0
vt 0.513287 0.549157
vt 0.512455 0.548949
vt 0.512364 0.548832
f 4753/4753/4753 4754/4754/4754 4755/4755/4755
v 1.34488 3.40016 0.107251
v 1.34488 3.40505 0.105529
v 1.34488 3.4054 0.104771
vn -1 0 -0
vn -1 0 -0
vn -1 0 -0
vt 0.513287 0.549157
vt 0.512364 0.548832
vt 0.512298 0.548689
f 4756/4756/4756 4757/4757/4757 4758/4758/4758
v 1.34488 3.40016 0.107251
v 1.34488 3.4054 0.104771
v 1.34488 3.40561 0.103875
vn -1 0 -0
vn -1 0 -0
vn -1 0 -0
vt 0.513287 0.549157
vt 0.512298 0.548689
vt 0.512259 0.54852
f 4759/4759/4759 4760/4760/4760 4761/4761/4761
v 1.34488 3.40016 0.107251
v 1.34488 3.40561 0.103875
v 1.34488 3.40567 0.102842
vn -1 0 -0
vn -1 0 -0
vn -1 0 -0
vt 0.513287 0.549157
vt 0.512259 0.54852
vt 0.512246 0.548324
f 4762/4762/4762 4763/4763/4763 4764/4764/4764
v 1.34488 3.40016 0.10174
v 1.34488 3.40016 0.107251
v 1.34488 3.40567 0.102842
vn -1 0 -0
vn -1 0 -0
vn -1 0 -0
vt 0.513287 0.548116
vt 0.513287 0.549157
vt 0.512246 0.548324
f 4765/4765/4765 4766/4766/4766 4767/4767/4767
v 1.34488 3.40016 0.10174
v 1.34488 3.40567 0.102842
v 1.34488 3.40567 0.10174
vn -1 0 -0
vn -1 0 -0
vn -1 0 -0
vt 0.513287 0.548116
vt 0.512246 0.548324
vt 0.512246 0.548116
f 4768/4768/4768 4769/4769/4769 4770/4770/4770
v 1.34488 3.40016 0.107251
v 1.38457 3.40016 0.107251
v 1.38457 3.40126 0.107251
vn 0 0 1
vn 0 0 1
vn 0 0 1
vt 0.493101 0.559465
vt 0.500689 0.559465
vt 0.500689 0.559676
f 4771/4771/4771 4772/4772/4772 4773/4773/4773
v 1.38457 3.40126 0.107251
v 1.34488 3.40126 0.107251
v 1.34488 3.40016 0.107251
vn 0 0 1
vn 0 0 1
vn 0 0 1
vt 0.500689 0.559676
vt 0.493101 0.559676
vt 0.493101 0.559465
f 4774/4774/4774 4775/4775/4775 4776/4776/4776
v 1.40638 3.40016 0.102562
v 1.40638 3.40016 0.10174
v 1.40638 3.40567 0.10174
vn 1 0 -0
vn 1 0 -0
vn 1 0 -0
vt 0.476145 0.57173
vt 0.476145 0.571908
vt 0.474949 0.571908
f 4777/4777/4777 4778/4778/4778 4779/4779/4779
v 1.40638 3.40567 0.10174
v 1.40638 3.40567 0.102562
v 1.40638 3.40016 0.102562
vn 1 0 -0
vn 1 0 -0
vn 1 0 -0
vt 0.474949 0.571908
vt 0.474949 0.57173
vt 0.476145 0.57173
f 4780/4780/4780 4781/4781/4781 4782/4782/4782
v 1.35386 3.39686 0.10174
v 1.38457 3.39686 0.10174
v 1.38457 3.39134 0.10174
vn 0 0 -1
vn 0 0 -1
vn 0 0 -1
vt 0.485489 0.577868
vt 0.491329 0.57742
vt 0.49141 0.578468
f 4783/4783/4783 4784/4784/4784 4785/4785/4785
v 1.3519 3.39684 0.10174
v 1.35386 3.39686 0.10174
v 1.38457 3.39134 0.10174
vn 0 0 -1
vn 0 0 -1
vn 0 0 -1
vt 0.485115 0.5779
vt 0.485489 0.577868
vt 0.49141 0.578468
f 4786/4786/4786 4787/4787/4787 4788/4788/4788
v 1.35049 3.39678 0.10174
v 1.3519 3.39684 0.10174
v 1.38457 3.39134 0.10174
vn 0 0 -1
vn 0 0 -1
vn 0 0 -1
vt 0.484848 0.577932
vt 0.485115 0.5779
vt 0.49141 0.578468
f 4789/4789/4789 4790/4790/4790 4791/4791/4791
v 1.34964 3.39668 0.10174
v 1.35049 3.39678 0.10174
v 1.38457 3.39134 0.10174
vn 0 0 -1
vn 0 0 -1
vn 0 0 -1
vt 0.484688 0.577963
vt 0.484848 0.577932
vt 0.49141 0.578468
f 4792/4792/4792 4793/4793/4793 4794/4794/4794
v 1.34935 3.39655 0.10174
v 1.34964 3.39668 0.10174
v 1.38457 3.39134 0.10174
vn 0 0 -1
vn 0 0 -1
vn 0 0 -1
vt 0.484635 0.577993
vt 0.484688 0.577963
vt 0.49141 0.578468
f 4795/4795/4795 4796/4796/4796 4797/4797/4797
v 1.34962 3.39637 0.10174
v 1.34935 3.39655 0.10174
v 1.38457 3.39134 0.10174
vn 0 0 -1
vn 0 0 -1
vn 0 0 -1
vt 0.484689 0.578022
vt 0.484635 0.577993
vt 0.49141 0.578468
f 4798/4798/4798 4799/4799/4799 4800/4800/4800
v 1.35045 3.39616 0.10174
v 1.34962 3.39637 0.10174
v 1.38457 3.39134 0.10174
vn 0 0 -1
vn 0 0 -1
vn 0 0 -1
vt 0.484849 0.57805
vt 0.484689 0.578022
vt 0.49141 0.578468
f 4801/4801/4801 4802/4802/4802 4803/4803/4803
v 1.35183 3.39591 0.10174
v 1.35045 3.39616 0.10174
v 1.38457 3.39134 0.10174
vn 0 0 -1
vn 0 0 -1
vn 0 0 -1
vt 0.485117 0.578078
vt 0.484849 0.57805
vt 0.49141 0.578468
f 4804/4804/4804 4805/4805/4805 4806/4806/4806
v 1.35378 3.39562 0.10174
v 1.35183 3.39591 0.10174
v 1.38457 3.39134 0.10174
vn 0 0 -1
vn 0 0 -1
vn 0 0 -1
vt 0.485491 0.578104
vt 0.485117 0.578078
vt 0.49141 0.578468
f 4807/4807/4807 4808/4808/4808 4809/4809/4809
v 1.38457 3.39686 0.10174
v 1.38457 3.39686 0.107251
v 1.38457 3.39134 0.107251
vn 1 0 -0
vn 1 0 -0
vn 1 0 -0
vt 0.52047 0.561465
vt 0.52047 0.560424
vt 0.521511 0.560424
f 4810/4810/4810 4811/4811/4811 4812/4812/4812
v 1.38457 3.39134 0.107251
v 1.38457 3.39134 0.10174
v 1.38457 3.39686 0.10174
vn 1 0 -0
vn 1 0 -0
vn 1 0 -0
vt 0.521511 0.560424
vt 0.521511 0.561465
vt 0.52047 0.561465
f 4813/4813/4813 4814/4814/4814 4815/4815/4815
v 1.38457 3.39686 0.107251
v 1.34488 3.39686 0.107251
v 1.34488 3.39134 0.107251
vn 0 0 1
vn 0 0 1
vn 0 0 1
vt 0.500689 0.558833
vt 0.493101 0.558833
vt 0.493101 0.557779
f 4816/4816/4816 4817/4817/4817 4818/4818/4818
v 1.34488 3.39134 0.107251
v 1.38457 3.39134 0.107251
v 1.38457 3.39686 0.107251
vn 0 0 1
vn 0 0 1
vn 0 0 1
vt 0.493101 0.557779
vt 0.500689 0.557779
vt 0.500689 0.558833
f 4819/4819/4819 4820/4820/4820 4821/4821/4821
v 1.34488 3.39686 0.107251
v 1.34488 3.39686 0.107251
v 1.34488 3.39677 0.106046
vn 0 0 -0
vn 0 0 -0
vn 0 0 -0
vt 0.478746 0.56606
vt 0.478746 0.56606
vt 0.478932 0.565931
f 4822/4822/4822 4823/4823/4823 4824/4824/4824
v 1.34488 3.39686 0.107251
v 1.34488 3.39677 0.106046
v 1.34488 3.39651 0.105185
vn -1 0 -0
vn -1 0 -0
vn -1 0 -0
vt 0.52047 0.549077
vt 0.520486 0.548849
vt 0.520535 0.548686
f 4825/4825/4825 4826/4826/4826 4827/4827/4827
v 1.34488 3.39686 0.107251
v 1.34488 3.39651 0.105185
v 1.34488 3.39608 0.104668
vn -1 0 -0
vn -1 0 -0
vn -1 0 -0
vt 0.52047 0.549077
vt 0.520535 0.548686
vt 0.520617 0.548589
f 4828/4828/4828 4829/4829/4829 4830/4830/4830
v 1.34488 3.39686 0.107251
v 1.34488 3.39608 0.104668
v 1.34488 3.39548 0.104496
vn -1 0 -0
vn -1 0 -0
vn -1 0 -0
vt 0.52047 0.549077
vt 0.520617 0.548589
vt 0.52073 0.548556
f 4831/4831/4831 4832/4832/4832 4833/4833/4833
v 1.34488 3.39686 0.107251
v 1.34488 3.39548 0.104496
v 1.34488 3.3947 0.104668
vn -1 0 -0
vn -1 0 -0
vn -1 0 -0
vt 0.52047 0.549077
vt 0.52073 0.548556
vt 0.520877 0.548589
f 4834/4834/4834 4835/4835/4835 4836/4836/4836
v 1.34488 3.39686 0.107251
v 1.34488 3.3947 0.104668
v 1.34488 3.39375 0.105185
vn -1 0 -0
vn -1 0 -0
vn -1 0 -0
vt 0.52047 0.549077
vt 0.520877 0.548589
vt 0.521056 0.548686
f 4837/4837/4837 4838/4838/4838 4839/4839/4839
v 1.34488 3.39686 0.107251
v 1.34488 3.39375 0.105185
v 1.34488 3.39264 0.106046
vn -1 0 -0
vn -1 0 -0
vn -1 0 -0
vt 0.52047 0.549077
vt 0.521056 0.548686
vt 0.521267 0.548849
f 4840/4840/4840 4841/4841/4841 4842/4842/4842
v 1.34488 3.39686 0.107251
v 1.34488 3.39264 0.106046
v 1.34488 3.39134 0.107251
vn -1 0 -0
vn -1 0 -0
vn -1 0 -0
vt 0.52047 0.549077
vt 0.521267 0.548849
vt 0.521511 0.549077
f 4843/4843/4843 4844/4844/4844 4845/4845/4845
v 1.34488 3.39686 0.107251
v 1.34488 3.39134 0.107251
v 1.34488 3.39134 0.107251
vn 0 0 -0
vn 0 0 -0
vn 0 0 -0
vt 0.477323 0.587704
vt 0.478354 0.587704
vt 0.478354 0.587704
f 4846/4846/4846 4847/4847/4847 4848/4848/4848
v 1.34488 3.40016 -0.01952
v 1.38457 3.40016 -0.01952
v 1.38457 3.40567 -0.01952
vn 0 0 1
vn 0 0 1
vn 0 0 1
vt 0.476005 0.552651
vt 0.4835 0.552651
vt 0.4835 0.553692
f 4849/4849/4849 4850/4850/4850 4851/4851/4851
v 1.38457 3.40567 -0.01952
v 1.34488 3.40567 -0.01952
v 1.34488 3.40016 -0.01952
vn 0 0 1
vn 0 0 1
vn 0 0 1
vt 0.4835 0.553692
vt 0.476005 0.553692
vt 0.476005 0.552651
f 4852/4852/4852 4853/4853/4853 4854/4854/4854
v 1.40638 3.40016 -0.01952
v 1.40638 3.40016 -0.025032
v 1.40638 3.40567 -0.025032
vn 1 0 -0
vn 1 0 -0
vn 1 0 -0
vt 0.478352 0.554712
vt 0.478352 0.555753
vt 0.477311 0.555753
f 4855/4855/4855 4856/4856/4856 4857/4857/4857
v 1.40638 3.40567 -0.025032
v 1.40638 3.40567 -0.01952
v 1.40638 3.40016 -0.01952
vn 1 0 -0
vn 1 0 -0
vn 1 0 -0
vt 0.477311 0.555753
vt 0.477311 0.554712
vt 0.478352 0.554712
f 4858/4858/4858 4859/4859/4859 4860/4860/4860
v 1.38457 3.40016 -0.025032
v 1.34488 3.40016 -0.025032
v 1.34488 3.40567 -0.025032
vn 0 0 -1
vn 0 0 -1
vn 0 0 -1
vt 0.485751 0.588004
vt 0.493246 0.588004
vt 0.493246 0.589045
f 4861/4861/4861 4862/4862/4862 4863/4863/4863
v 1.34488 3.40567 -0.025032
v 1.38457 3.40567 -0.025032
v 1.38457 3.40016 -0.025032
vn 0 0 -1
vn 0 0 -1
vn 0 0 -1
vt 0.493246 0.589045
vt 0.485751 0.589045
vt 0.485751 0.588004
f 4864/4864/4864 4865/4865/4865 4866/4866/4866
v 1.34488 3.40016 -0.025032
v 1.34488 3.40016 -0.01952
v 1.34488 3.40567 -0.01952
vn -1 0 -0
vn -1 0 -0
vn -1 0 -0
vt 0.501734 0.557804
vt 0.501734 0.558845
vt 0.500693 0.558845
f 4867/4867/4867 4868/4868/4868 4869/4869/4869
v 1.34488 3.40567 -0.01952
v 1.34488 3.40567 -0.025032
v 1.34488 3.40016 -0.025032
vn -1 0 -0
vn -1 0 -0
vn -1 0 -0
vt 0.500693 0.558845
vt 0.500693 0.557804
vt 0.501734 0.557804
f 4870/4870/4870 4871/4871/4871 4872/4872/4872
v 1.38457 3.39686 -0.01952
v 1.34488 3.39686 -0.01952
v 1.34488 3.39134 -0.01952
vn 0 0 1
vn 0 0 1
vn 0 0 1
vt 0.493225 0.585321
vt 0.485731 0.585321
vt 0.485731 0.58428
f 4873/4873/4873 4874/4874/4874 4875/4875/4875
v 1.34488 3.39134 -0.01952
v 1.38457 3.39134 -0.01952
v 1.38457 3.39686 -0.01952
vn 0 0 1
vn 0 0 1
vn 0 0 1
vt 0.485731 0.58428
vt 0.493225 0.58428
vt 0.493225 0.585321
f 4876/4876/4876 4877/4877/4877 4878/4878/4878
v 1.34488 3.39686 -0.01952
v 1.34488 3.39686 -0.025032
v 1.34488 3.39134 -0.025032
vn -1 0 -0
vn -1 0 -0
vn -1 0 -0
vt 0.502358 0.558845
vt 0.502358 0.557804
vt 0.503399 0.557804
f 4879/4879/4879 4880/4880/4880 4881/4881/4881
v 1.34488 3.39134 -0.025032
v 1.34488 3.39134 -0.01952
v 1.34488 3.39686 -0.01952
vn -1 0 -0
vn -1 0 -0
vn -1 0 -0
vt 0.503399 0.557804
vt 0.503399 0.558845
vt 0.502358 0.558845
f 4882/4882/4882 4883/4883/4883 4884/4884/4884
v 1.34488 3.39686 -0.025032
v 1.38457 3.39686 -0.025032
v 1.38457 3.39134 -0.025032
vn 0 0 -1
vn 0 0 -1
vn 0 0 -1
vt 0.493246 0.587379
vt 0.485751 0.587379
vt 0.485751 0.586338
f 4885/4885/4885 4886/4886/4886 4887/4887/4887
v 1.38457 3.39134 -0.025032
v 1.34488 3.39134 -0.025032
v 1.34488 3.39686 -0.025032
vn 0 0 -1
vn 0 0 -1
vn 0 0 -1
vt 0.485751 0.586338
vt 0.493246 0.586338
vt 0.493246 0.587379
f 4888/4888/4888 4889/4889/4889 4890/4890/4890
v 1.38457 3.39686 -0.025032
v 1.38457 3.39686 -0.01952
v 1.38457 3.39134 -0.01952
vn 1 0 -0
vn 1 0 -0
vn 1 0 -0
vt 0.476068 0.553692
vt 0.475027 0.553692
vt 0.475027 0.552651
f 4891/4891/4891 4892/4892/4892 4893/4893/4893
v 1.38457 3.39134 -0.01952
v 1.38457 3.39134 -0.025032
v 1.38457 3.39686 -0.025032
vn 1 0 -0
vn 1 0 -0
vn 1 0 -0
vt 0.475027 0.552651
vt 0.476068 0.552651
vt 0.476068 0.553692
f 4894/4894/4894 4895/4895/4895 4896/4896/4896
v -1.38457 3.40016 -0.01952
v -1.34488 3.40016 -0.01952
v -1.34488 3.40567 -0.01952
vn 0 0 1
vn 0 0 1
vn 0 0 1
vt 0.480125 0.553682
vt 0.48762 0.553682
vt 0.48762 0.554723
f 4897/4897/4897 4898/4898/4898 4899/4899/4899
v -1.34488 3.40567 -0.01952
v -1.38457 3.40567 -0.01952
v -1.38457 3.40016 -0.01952
vn 0 0 1
vn 0 0 1
vn 0 0 1
vt 0.48762 0.554723
vt 0.480125 0.554723
vt 0.480125 0.553682
f 4900/4900/4900 4901/4901/4901 4902/4902/4902
v -1.34488 3.40016 -0.01952
v -1.34488 3.40016 -0.025032
v -1.34488 3.40567 -0.025032
vn 1 0 -0
vn 1 0 -0
vn 1 0 -0
vt 0.476358 0.575791
vt 0.476358 0.576832
vt 0.475317 0.576832
f 4903/4903/4903 4904/4904/4904 4905/4905/4905
v -1.34488 3.40567 -0.025032
v -1.34488 3.40567 -0.01952
v -1.34488 3.40016 -0.01952
vn 1 0 -0
vn 1 0 -0
vn 1 0 -0
vt 0.475317 0.576832
vt 0.475317 0.575791
vt 0.476358 0.575791
f 4906/4906/4906 4907/4907/4907 4908/4908/4908
v -1.34488 3.40016 -0.025032
v -1.38457 3.40016 -0.025032
v -1.38457 3.40567 -0.025032
vn 0 0 -1
vn 0 0 -1
vn 0 0 -1
vt 0.481673 0.56513
vt 0.489168 0.56513
vt 0.489168 0.566171
f 4909/4909/4909 4910/4910/4910 4911/4911/4911
v -1.38457 3.40567 -0.025032
v -1.34488 3.40567 -0.025032
v -1.34488 3.40016 -0.025032
vn 0 0 -1
vn 0 0 -1
vn 0 0 -1
vt 0.489168 0.566171
vt 0.481673 0.566171
vt 0.481673 0.56513
f 4912/4912/4912 4913/4913/4913 4914/4914/4914
v -1.40638 3.40016 -0.025032
v -1.40638 3.40016 -0.01952
v -1.40638 3.40567 -0.01952
vn -1 0 -0
vn -1 0 -0
vn -1 0 -0
vt 0.476291 0.556773
vt 0.476291 0.557814
vt 0.47525 0.557814
f 4915/4915/4915 4916/4916/4916 4917/4917/4917
v -1.40638 3.40567 -0.01952
v -1.40638 3.40567 -0.025032
v -1.40638 3.40016 -0.025032
vn -1 0 -0
vn -1 0 -0
vn -1 0 -0
vt 0.47525 0.557814
vt 0.47525 0.556773
vt 0.476291 0.556773
f 4918/4918/4918 4919/4919/4919 4920/4920/4920
v -1.34488 3.39686 -0.01952
v -1.38457 3.39686 -0.01952
v -1.38457 3.39134 -0.01952
vn 0 0 1
vn 0 0 1
vn 0 0 1
vt 0.482417 0.559458
vt 0.474922 0.559458
vt 0.474922 0.558417
f 4921/4921/4921 4922/4922/4922 4923/4923/4923
v -1.38457 3.39134 -0.01952
v -1.34488 3.39134 -0.01952
v -1.34488 3.39686 -0.01952
vn 0 0 1
vn 0 0 1
vn 0 0 1
vt 0.474922 0.558417
vt 0.482417 0.558417
vt 0.482417 0.559458
f 4924/4924/4924 4925/4925/4925 4926/4926/4926
v -1.38457 3.39686 -0.01952
v -1.38457 3.39686 -0.025032
v -1.38457 3.39134 -0.025032
vn -1 0 -0
vn -1 0 -0
vn -1 0 -0
vt 0.504422 0.558845
vt 0.503381 0.558845
vt 0.503381 0.557804
f 4927/4927/4927 4928/4928/4928 4929/4929/4929
v -1.38457 3.39134 -0.025032
v -1.38457 3.39134 -0.01952
v -1.38457 3.39686 -0.01952
vn -1 0 -0
vn -1 0 -0
vn -1 0 -0
vt 0.503381 0.557804
vt 0.504422 0.557804
vt 0.504422 0.558845
f 4930/4930/4930 4931/4931/4931 4932/4932/4932
v -1.38457 3.39686 -0.025032
v -1.34488 3.39686 -0.025032
v -1.34488 3.39134 -0.025032
vn 0 0 -1
vn 0 0 -1
vn 0 0 -1
vt 0.489168 0.564505
vt 0.481673 0.564505
vt 0.481673 0.563464
f 4933/4933/4933 4934/4934/4934 4935/4935/4935
v -1.34488 3.39134 -0.025032
v -1.38457 3.39134 -0.025032
v -1.38457 3.39686 -0.025032
vn 0 0 -1
vn 0 0 -1
vn 0 0 -1
vt 0.481673 0.563464
vt 0.489168 0.563464
vt 0.489168 0.564505
f 4936/4936/4936 4937/4937/4937 4938/4938/4938
v -1.34488 3.39686 -0.025032
v -1.34488 3.39686 -0.01952
v -1.34488 3.39134 -0.01952
vn 1 0 -0
vn 1 0 -0
vn 1 0 -0
vt 0.476983 0.576832
vt 0.476983 0.575791
vt 0.478023 0.575791
f 4939/4939/4939 4940/4940/4940 4941/4941/4941
v -1.34488 3.39134 -0.01952
v -1.34488 3.39134 -0.025032
v -1.34488 3.39686 -0.025032
vn 1 0 -0
vn 1 0 -0
vn 1 0 -0
vt 0.478023 0.575791
vt 0.478023 0.576832
vt 0.476983 0.576832
f 4942/4942/4942 4943/4943/4943 4944/4944/4944
v -1.38457 3.40016 0.071425
v -1.38457 3.40016 0.10174
v -1.40638 3.40016 0.10174
vn 0 -1 -0
vn 0 -1 -0
vn 0 -1 -0
vt 0.519601 0.545093
vt 0.513875 0.545093
vt 0.513875 0.540972
f 4945/4945/4945 4946/4946/4946 4947/4947/4947
v -1.40638 3.40016 0.10174
v -1.40638 3.40016 0.071425
v -1.38457 3.40016 0.071425
vn 0 -1 -0
vn 0 -1 -0
vn 0 -1 -0
vt 0.513875 0.540972
vt 0.519601 0.540972
vt 0.519601 0.545093
f 4948/4948/4948 4949/4949/4949 4950/4950/4950
v -1.38457 3.40016 0.10174
v -1.38457 3.40567 0.10174
v -1.40638 3.40567 0.10174
vn 0 0 1
vn 0 0 1
vn 0 0 1
vt 0.491626 0.544406
vt 0.491626 0.545447
vt 0.487505 0.545447
f 4951/4951/4951 4952/4952/4952 4953/4953/4953
v -1.40638 3.40567 0.10174
v -1.40638 3.40016 0.10174
v -1.38457 3.40016 0.10174
vn 0 0 1
vn 0 0 1
vn 0 0 1
vt 0.487505 0.545447
vt 0.487505 0.544406
vt 0.491626 0.544406
f 4954/4954/4954 4955/4955/4955 4956/4956/4956
v -1.38457 3.40567 0.10174
v -1.38457 3.40567 0.071425
v -1.40638 3.40567 0.071425
vn 0 1 -0
vn 0 1 -0
vn 0 1 -0
vt 0.48369 0.596586
vt 0.48369 0.602312
vt 0.479569 0.602312
f 4957/4957/4957 4958/4958/4958 4959/4959/4959
v -1.40638 3.40567 0.071425
v -1.40638 3.40567 0.10174
v -1.38457 3.40567 0.10174
vn 0 1 -0
vn 0 1 -0
vn 0 1 -0
vt 0.479569 0.602312
vt 0.479569 0.596586
vt 0.48369 0.596586
f 4960/4960/4960 4961/4961/4961 4962/4962/4962
v -1.38457 3.40567 0.071425
v -1.38457 3.40016 0.071425
v -1.40638 3.40016 0.071425
vn 0 0 -1
vn 0 0 -1
vn 0 0 -1
vt 0.495 0.544416
vt 0.495 0.543375
vt 0.499121 0.543375
f 4963/4963/4963 4964/4964/4964 4965/4965/4965
v -1.40638 3.40016 0.071425
v -1.40638 3.40567 0.071425
v -1.38457 3.40567 0.071425
vn 0 0 -1
vn 0 0 -1
vn 0 0 -1
vt 0.499121 0.543375
vt 0.499121 0.544416
vt 0.495 0.544416
f 4966/4966/4966 4967/4967/4967 4968/4968/4968
v 1.38457 3.40016 0.10174
v 1.38457 3.40016 0.071425
v 1.40638 3.40016 0.071425
vn 0 -1 -0
vn 0 -1 -0
vn 0 -1 -0
vt 0.506455 0.55072
vt 0.51218 0.55072
vt 0.51218 0.554841
f 4969/4969/4969 4970/4970/4970 4971/4971/4971
v 1.40638 3.40016 0.071425
v 1.40638 3.40016 0.10174
v 1.38457 3.40016 0.10174
vn 0 -1 -0
vn 0 -1 -0
vn 0 -1 -0
vt 0.51218 0.554841
vt 0.506455 0.554841
vt 0.506455 0.55072
f 4972/4972/4972 4973/4973/4973 4974/4974/4974
v 1.38457 3.40016 0.071425
v 1.38457 3.40567 0.071425
v 1.40638 3.40567 0.071425
vn 0 0 -1
vn 0 0 -1
vn 0 0 -1
vt 0.480125 0.543375
vt 0.480125 0.544416
vt 0.476005 0.544416
f 4975/4975/4975 4976/4976/4976 4977/4977/4977
v 1.40638 3.40567 0.071425
v 1.40638 3.40016 0.071425
v 1.38457 3.40016 0.071425
vn 0 0 -1
vn 0 0 -1
vn 0 0 -1
vt 0.476005 0.544416
vt 0.476005 0.543375
vt 0.480125 0.543375
f 4978/4978/4978 4979/4979/4979 4980/4980/4980
v 1.38457 3.40567 0.071425
v 1.38457 3.40567 0.10174
v 1.40638 3.40567 0.10174
vn 0 1 -0
vn 0 1 -0
vn 0 1 -0
vt 0.515509 0.566186
vt 0.515509 0.56046
vt 0.51963 0.56046
f 4981/4981/4981 4982/4982/4982 4983/4983/4983
v 1.40638 3.40567 0.10174
v 1.40638 3.40567 0.071425
v 1.38457 3.40567 0.071425
vn 0 1 -0
vn 0 1 -0
vn 0 1 -0
vt 0.51963 0.56046
vt 0.51963 0.566186
vt 0.515509 0.566186
f 4984/4984/4984 4985/4985/4985 4986/4986/4986
v 1.38457 3.40567 0.10174
v 1.38457 3.40016 0.10174
v 1.40638 3.40016 0.10174
vn 0 0 1
vn 0 0 1
vn 0 0 1
vt 0.495 0.546477
vt 0.495 0.545436
vt 0.499121 0.545436
f 4987/4987/4987 4988/4988/4988 4989/4989/4989
v 1.40638 3.40016 0.10174
v 1.40638 3.40567 0.10174
v 1.38457 3.40567 0.10174
vn 0 0 1
vn 0 0 1
vn 0 0 1
vt 0.499121 0.545436
vt 0.499121 0.546477
vt 0.495 0.546477
f 4990/4990/4990 4991/4991/4991 4992/4992/4992
v -1.38457 3.40016 0.04111
v -1.38457 3.40016 0.071425
v -1.40638 3.40016 0.071425
vn 0 -1 -0
vn 0 -1 -0
vn 0 -1 -0
vt 0.481759 0.571846
vt 0.476034 0.571846
vt 0.476034 0.567725
f 4993/4993/4993 4994/4994/4994 4995/4995/4995
v -1.40638 3.40016 0.071425
v -1.40638 3.40016 0.04111
v -1.38457 3.40016 0.04111
vn 0 -1 -0
vn 0 -1 -0
vn 0 -1 -0
vt 0.476034 0.567725
vt 0.481759 0.567725
vt 0.481759 0.571846
f 4996/4996/4996 4997/4997/4997 4998/4998/4998
v -1.38457 3.40016 0.071425
v -1.38457 3.40567 0.071425
v -1.40638 3.40567 0.071425
vn 0 0 1
vn 0 0 1
vn 0 0 1
vt 0.491626 0.547498
vt 0.491626 0.548539
vt 0.487505 0.548539
f 4999/4999/4999 5000/5000/5000 5001/5001/5001
v -1.40638 3.40567 0.071425
v -1.40638 3.40016 0.071425
v -1.38457 3.40016 0.071425
vn 0 0 1
vn 0 0 1
vn 0 0 1
vt 0.487505 0.548539
vt 0.487505 0.547498
vt 0.491626 0.547498
f 5002/5002/5002 5003/5003/5003 5004/5004/5004
v -1.38457 3.40567 0.071425
v -1.38457 3.40567 0.04111
v -1.40638 3.40567 0.04111
vn 0 1 -0
vn 0 1 -0
vn 0 1 -0
vt 0.483896 0.578551
vt 0.483896 0.584276
vt 0.479775 0.584276
f 5005/5005/5005 5006/5006/5006 5007/5007/5007
v -1.40638 3.40567 0.04111
v -1.40638 3.40567 0.071425
v -1.38457 3.40567 0.071425
vn 0 1 -0
vn 0 1 -0
vn 0 1 -0
vt 0.479775 0.584276
vt 0.479775 0.578551
vt 0.483896 0.578551
f 5008/5008/5008 5009/5009/5009 5010/5010/5010
v -1.38457 3.40567 0.04111
v -1.38457 3.40016 0.04111
v -1.40638 3.40016 0.04111
vn 0 0 -1
vn 0 0 -1
vn 0 0 -1
vt 0.4835 0.545447
vt 0.4835 0.544406
vt 0.48762 0.544406
f 5011/5011/5011 5012/5012/5012 5013/5013/5013
v -1.40638 3.40016 0.04111
v -1.40638 3.40567 0.04111
v -1.38457 3.40567 0.04111
vn 0 0 -1
vn 0 0 -1
vn 0 0 -1
vt 0.48762 0.544406
vt 0.48762 0.545447
vt 0.4835 0.545447
f 5014/5014/5014 5015/5015/5015 5016/5016/5016
v 1.38457 3.40016 0.071425
v 1.38457 3.40016 0.04111
v 1.40638 3.40016 0.04111
vn 0 -1 -0
vn 0 -1 -0
vn 0 -1 -0
vt 0.519679 0.538244
vt 0.525404 0.538244
vt 0.525404 0.542365
f 5017/5017/5017 5018/5018/5018 5019/5019/5019
v 1.40638 3.40016 0.04111
v 1.40638 3.40016 0.071425
v 1.38457 3.40016 0.071425
vn 0 -1 -0
vn 0 -1 -0
vn 0 -1 -0
vt 0.525404 0.542365
vt 0.519679 0.542365
vt 0.519679 0.538244
f 5020/5020/5020 5021/5021/5021 5022/5022/5022
v 1.38457 3.40016 0.04111
v 1.38457 3.40567 0.04111
v 1.40638 3.40567 0.04111
vn 0 0 -1
vn 0 0 -1
vn 0 0 -1
vt 0.480125 0.545436
vt 0.480125 0.546477
vt 0.476005 0.546477
f 5023/5023/5023 5024/5024/5024 5025/5025/5025
v 1.40638 3.40567 0.04111
v 1.40638 3.40016 0.04111
v 1.38457 3.40016 0.04111
vn 0 0 -1
vn 0 0 -1
vn 0 0 -1
vt 0.476005 0.546477
vt 0.476005 0.545436
vt 0.480125 0.545436
f 5026/5026/5026 5027/5027/5027 5028/5028/5028
v 1.38457 3.40567 0.04111
v 1.38457 3.40567 0.071425
v 1.40638 3.40567 0.071425
vn 0 1 -0
vn 0 1 -0
vn 0 1 -0
vt 0.487064 0.60798
vt 0.487064 0.602255
vt 0.491185 0.602255
f 5029/5029/5029 5030/5030/5030 5031/5031/5031
v 1.40638 3.40567 0.071425
v 1.40638 3.40567 0.04111
v 1.38457 3.40567 0.04111
vn 0 1 -0
vn 0 1 -0
vn 0 1 -0
vt 0.491185 0.602255
vt 0.491185 0.60798
vt 0.487064 0.60798
f 5032/5032/5032 5033/5033/5033 5034/5034/5034
v 1.38457 3.40567 0.071425
v 1.38457 3.40016 0.071425
v 1.40638 3.40016 0.071425
vn 0 0 1
vn 0 0 1
vn 0 0 1
vt 0.4835 0.551631
vt 0.4835 0.55059
vt 0.48762 0.55059
f 5035/5035/5035 5036/5036/5036 5037/5037/5037
v 1.40638 3.40016 0.071425
v 1.40638 3.40567 0.071425
v 1.38457 3.40567 0.071425
vn 0 0 1
vn 0 0 1
vn 0 0 1
vt 0.48762 0.55059
vt 0.48762 0.551631
vt 0.4835 0.551631
f 5038/5038/5038 5039/5039/5039 5040/5040/5040
v -1.38457 3.40016 0.010795
v -1.38457 3.40016 0.04111
v -1.40638 3.40016 0.04111
vn 0 -1 -0
vn 0 -1 -0
vn 0 -1 -0
vt 0.50476 0.554738
vt 0.499034 0.554738
vt 0.499034 0.550617
f 5041/5041/5041 5042/5042/5042 5043/5043/5043
v -1.40638 3.40016 0.04111
v -1.40638 3.40016 0.010795
v -1.38457 3.40016 0.010795
vn 0 -1 -0
vn 0 -1 -0
vn 0 -1 -0
vt 0.499034 0.550617
vt 0.50476 0.550617
vt 0.50476 0.554738
f 5044/5044/5044 5045/5045/5045 5046/5046/5046
v -1.38457 3.40016 0.04111
v -1.38457 3.40567 0.04111
v -1.40638 3.40567 0.04111
vn 0 0 1
vn 0 0 1
vn 0 0 1
vt 0.491626 0.55059
vt 0.491626 0.551631
vt 0.487505 0.551631
f 5047/5047/5047 5048/5048/5048 5049/5049/5049
v -1.40638 3.40567 0.04111
v -1.40638 3.40016 0.04111
v -1.38457 3.40016 0.04111
vn 0 0 1
vn 0 0 1
vn 0 0 1
vt 0.487505 0.551631
vt 0.487505 0.55059
vt 0.491626 0.55059
f 5050/5050/5050 5051/5051/5051 5052/5052/5052
v -1.38457 3.40567 0.04111
v -1.38457 3.40567 0.010795
v -1.40638 3.40567 0.010795
vn 0 1 -0
vn 0 1 -0
vn 0 1 -0
vt 0.483896 0.590755
vt 0.483896 0.59648
vt 0.479775 0.59648
f 5053/5053/5053 5054/5054/5054 5055/5055/5055
v -1.40638 3.40567 0.010795
v -1.40638 3.40567 0.04111
v -1.38457 3.40567 0.04111
vn 0 1 -0
vn 0 1 -0
vn 0 1 -0
vt 0.479775 0.59648
vt 0.479775 0.590755
vt 0.483896 0.590755
f 5056/5056/5056 5057/5057/5057 5058/5058/5058
v -1.38457 3.40567 0.010795
v -1.38457 3.40016 0.010795
v -1.40638 3.40016 0.010795
vn 0 0 -1
vn 0 0 -1
vn 0 0 -1
vt 0.4835 0.547508
vt 0.4835 0.546467
vt 0.48762 0.546467
f 5059/5059/5059 5060/5060/5060 5061/5061/5061
v -1.40638 3.40016 0.010795
v -1.40638 3.40567 0.010795
v -1.38457 3.40567 0.010795
vn 0 0 -1
vn 0 0 -1
vn 0 0 -1
vt 0.48762 0.546467
vt 0.48762 0.547508
vt 0.4835 0.547508
f 5062/5062/5062 5063/5063/5063 5064/5064/5064
v 1.38457 3.40016 0.04111
v 1.38457 3.40016 0.010795
v 1.40638 3.40016 0.010795
vn 0 -1 -0
vn 0 -1 -0
vn 0 -1 -0
vt 0.513875 0.545052
vt 0.519601 0.545052
vt 0.519601 0.549172
f 5065/5065/5065 5066/5066/5066 5067/5067/5067
v 1.40638 3.40016 0.010795
v 1.40638 3.40016 0.04111
v 1.38457 3.40016 0.04111
vn 0 -1 -0
vn 0 -1 -0
vn 0 -1 -0
vt 0.519601 0.549172
vt 0.513875 0.549172
vt 0.513875 0.545052
f 5068/5068/5068 5069/5069/5069 5070/5070/5070
v 1.38457 3.40016 0.010795
v 1.38457 3.40567 0.010795
v 1.40638 3.40567 0.010795
vn 0 0 -1
vn 0 0 -1
vn 0 0 -1
vt 0.480125 0.548528
vt 0.480125 0.549569
vt 0.476005 0.549569
f 5071/5071/5071 5072/5072/5072 5073/5073/5073
v 1.40638 3.40567 0.010795
v 1.40638 3.40016 0.010795
v 1.38457 3.40016 0.010795
vn 0 0 -1
vn 0 0 -1
vn 0 0 -1
vt 0.476005 0.549569
vt 0.476005 0.548528
vt 0.480125 0.548528
f 5074/5074/5074 5075/5075/5075 5076/5076/5076
v 1.38457 3.40567 0.010795
v 1.38457 3.40567 0.04111
v 1.40638 3.40567 0.04111
vn 0 1 -0
vn 0 1 -0
vn 0 1 -0
vt 0.515509 0.571854
vt 0.515509 0.566129
vt 0.51963 0.566129
f 5077/5077/5077 5078/5078/5078 5079/5079/5079
v 1.40638 3.40567 0.04111
v 1.40638 3.40567 0.010795
v 1.38457 3.40567 0.010795
vn 0 1 -0
vn 0 1 -0
vn 0 1 -0
vt 0.51963 0.566129
vt 0.51963 0.571854
vt 0.515509 0.571854
f 5080/5080/5080 5081/5081/5081 5082/5082/5082
v 1.38457 3.40567 0.04111
v 1.38457 3.40016 0.04111
v 1.40638 3.40016 0.04111
vn 0 0 1
vn 0 0 1
vn 0 0 1
vt 0.495 0.552661
vt 0.495 0.55162
vt 0.499121 0.55162
f 5083/5083/5083 5084/5084/5084 5085/5085/5085
v 1.40638 3.40016 0.04111
v 1.40638 3.40567 0.04111
v 1.38457 3.40567 0.04111
vn 0 0 1
vn 0 0 1
vn 0 0 1
vt 0.499121 0.55162
vt 0.499121 0.552661
vt 0.495 0.552661
f 5086/5086/5086 5087/5087/5087 5088/5088/5088
v -1.38457 3.40016 -0.015953
v -1.38457 3.40016 0.010795
v -1.40638 3.40016 0.010795
vn 0 -1 -0
vn 0 -1 -0
vn 0 -1 -0
vt 0.479652 0.607972
vt 0.4746 0.607972
vt 0.4746 0.603851
f 5089/5089/5089 5090/5090/5090 5091/5091/5091
v -1.40638 3.40016 0.010795
v -1.40638 3.40016 -0.015953
v -1.38457 3.40016 -0.015953
vn 0 -1 -0
vn 0 -1 -0
vn 0 -1 -0
vt 0.4746 0.603851
vt 0.479652 0.603852
vt 0.479652 0.607972
f 5092/5092/5092 5093/5093/5093 5094/5094/5094
v -1.38457 3.40016 0.010795
v -1.38457 3.40567 0.010795
v -1.40638 3.40567 0.010795
vn -4e-006 0 1
vn -4e-006 0 1
vn -4e-006 0 1
vt 0.491626 0.552651
vt 0.491626 0.553692
vt 0.487505 0.553692
f 5095/5095/5095 5096/5096/5096 5097/5097/5097
v -1.40638 3.40567 0.010795
v -1.40638 3.40016 0.010795
v -1.38457 3.40016 0.010795
vn -4e-006 0 1
vn -4e-006 0 1
vn -4e-006 0 1
vt 0.487505 0.553692
vt 0.487505 0.552651
vt 0.491626 0.552651
f 5098/5098/5098 5099/5099/5099 5100/5100/5100
v -1.38457 3.40567 0.010795
v -1.38457 3.40567 -0.015953
v -1.40638 3.40567 -0.015953
vn 0 1 -0
vn 0 1 -0
vn 0 1 -0
vt 0.500635 0.566799
vt 0.500635 0.571851
vt 0.496514 0.571851
f 5101/5101/5101 5102/5102/5102 5103/5103/5103
v -1.40638 3.40567 -0.015953
v -1.40638 3.40567 0.010795
v -1.38457 3.40567 0.010795
vn 0 1 -0
vn 0 1 -0
vn 0 1 -0
vt 0.496514 0.571851
vt 0.496514 0.566799
vt 0.500635 0.566799
f 5104/5104/5104 5105/5105/5105 5106/5106/5106
v -1.38457 3.40567 -0.015953
v -1.38457 3.40016 -0.015953
v -1.40638 3.40016 -0.015953
vn 4e-006 0 -1
vn 4e-006 0 -1
vn 4e-006 0 -1
vt 0.495 0.542355
vt 0.495 0.541314
vt 0.499121 0.541314
f 5107/5107/5107 5108/5108/5108 5109/5109/5109
v -1.40638 3.40016 -0.015953
v -1.40638 3.40567 -0.015953
v -1.38457 3.40567 -0.015953
vn 4e-006 0 -1
vn 4e-006 0 -1
vn 4e-006 0 -1
vt 0.499121 0.541314
vt 0.499121 0.542355
vt 0.495 0.542355
f 5110/5110/5110 5111/5111/5111 5112/5112/5112
v 1.38457 3.40016 0.010795
v 1.38457 3.40016 -0.015953
v 1.40638 3.40016 -0.015953
vn 0 -1 -0
vn 0 -1 -0
vn 0 -1 -0
vt 0.474806 0.580147
vt 0.479858 0.580147
vt 0.479858 0.584268
f 5113/5113/5113 5114/5114/5114 5115/5115/5115
v 1.40638 3.40016 -0.015953
v 1.40638 3.40016 0.010795
v 1.38457 3.40016 0.010795
vn 0 -1 -0
vn 0 -1 -0
vn 0 -1 -0
vt 0.479858 0.584268
vt 0.474806 0.584268
vt 0.474806 0.580147
f 5116/5116/5116 5117/5117/5117 5118/5118/5118
v 1.38457 3.40016 -0.015953
v 1.38457 3.40567 -0.015953
v 1.40638 3.40567 -0.015953
vn 0 0 -1
vn 0 0 -1
vn 0 0 -1
vt 0.480125 0.55162
vt 0.480125 0.552661
vt 0.476005 0.552661
f 5119/5119/5119 5120/5120/5120 5121/5121/5121
v 1.40638 3.40567 -0.015953
v 1.40638 3.40016 -0.015953
v 1.38457 3.40016 -0.015953
vn 0 0 -1
vn 0 0 -1
vn 0 0 -1
vt 0.476005 0.552661
vt 0.476005 0.55162
vt 0.480125 0.55162
f 5122/5122/5122 5123/5123/5123 5124/5124/5124
v 1.38457 3.40567 -0.015953
v 1.38457 3.40567 0.010795
v 1.40638 3.40567 0.010795
vn 0 1 -0
vn 0 1 -0
vn 0 1 -0
vt 0.492868 0.576852
vt 0.492868 0.5718
vt 0.496988 0.5718
f 5125/5125/5125 5126/5126/5126 5127/5127/5127
v 1.40638 3.40567 0.010795
v 1.40638 3.40567 -0.015953
v 1.38457 3.40567 -0.015953
vn 0 1 -0
vn 0 1 -0
vn 0 1 -0
vt 0.496988 0.5718
vt 0.496988 0.576852
vt 0.492868 0.576852
f 5128/5128/5128 5129/5129/5129 5130/5130/5130
v 1.38457 3.40567 0.010795
v 1.38457 3.40016 0.010795
v 1.40638 3.40016 0.010795
vn 0 0 1
vn 0 0 1
vn 0 0 1
vt 0.48727 0.590788
vt 0.48727 0.589747
vt 0.491391 0.589747
f 5131/5131/5131 5132/5132/5132 5133/5133/5133
v 1.40638 3.40016 0.010795
v 1.40638 3.40567 0.010795
v 1.38457 3.40567 0.010795
vn 0 0 1
vn 0 0 1
vn 0 0 1
vt 0.491391 0.589747
vt 0.491391 0.590788
vt 0.48727 0.590788
f 5134/5134/5134 5135/5135/5135 5136/5136/5136
v 1.38457 3.39686 -0.01952
v 1.38457 3.25575 -0.01952
v 1.40638 3.25575 -0.01952
vn 0 0 1
vn 0 0 1
vn 0 0 1
vt 0.520079 0.542324
vt 0.546727 0.542324
vt 0.546727 0.546444
f 5137/5137/5137 5138/5138/5138 5139/5139/5139
v 1.40638 3.25575 -0.01952
v 1.40638 3.39686 -0.01952
v 1.38457 3.39686 -0.01952
vn 0 0 1
vn 0 0 1
vn 0 0 1
vt 0.546727 0.546444
vt 0.520079 0.546444
vt 0.520079 0.542324
f 5140/5140/5140 5141/5141/5141 5142/5142/5142
v 1.38457 3.25575 -0.01952
v 1.38457 3.25575 -0.025032
v 1.40638 3.25575 -0.025032
vn 0 -1 -0
vn 0 -1 -0
vn 0 -1 -0
vt 0.475733 0.594395
vt 0.475733 0.593355
vt 0.479853 0.593355
f 5143/5143/5143 5144/5144/5144 5145/5145/5145
v 1.40638 3.25575 -0.025032
v 1.40638 3.25575 -0.01952
v 1.38457 3.25575 -0.01952
vn 0 -1 -0
vn 0 -1 -0
vn 0 -1 -0
vt 0.479853 0.593355
vt 0.479853 0.594395
vt 0.475733 0.594395
f 5146/5146/5146 5147/5147/5147 5148/5148/5148
v 1.38457 3.25575 -0.025032
v 1.38457 3.39686 -0.025032
v 1.40638 3.39686 -0.025032
vn 0 0 -1
vn 0 0 -1
vn 0 0 -1
vt 0.547119 0.553106
vt 0.52047 0.553106
vt 0.52047 0.548985
f 5149/5149/5149 5150/5150/5150 5151/5151/5151
v 1.40638 3.39686 -0.025032
v 1.40638 3.25575 -0.025032
v 1.38457 3.25575 -0.025032
vn 0 0 -1
vn 0 0 -1
vn 0 0 -1
vt 0.52047 0.548985
vt 0.547119 0.548985
vt 0.547119 0.553106
f 5152/5152/5152 5153/5153/5153 5154/5154/5154
v 1.38457 3.39686 -0.025032
v 1.38457 3.39686 -0.01952
v 1.40638 3.39686 -0.01952
vn 0 1 -0
vn 0 1 -0
vn 0 1 -0
vt 0.475733 0.579142
vt 0.475733 0.578101
vt 0.479853 0.578101
f 5155/5155/5155 5156/5156/5156 5157/5157/5157
v 1.40638 3.39686 -0.01952
v 1.40638 3.39686 -0.025032
v 1.38457 3.39686 -0.025032
vn 0 1 -0
vn 0 1 -0
vn 0 1 -0
vt 0.479853 0.578101
vt 0.479853 0.579142
vt 0.475733 0.579142
f 5158/5158/5158 5159/5159/5159 5160/5160/5160
v -1.38457 3.25575 -0.01952
v -1.38457 3.39686 -0.01952
v -1.40638 3.39686 -0.01952
vn 0 0 1
vn 0 0 1
vn 0 0 1
vt 0.519705 0.589052
vt 0.493056 0.589052
vt 0.493056 0.584931
f 5161/5161/5161 5162/5162/5162 5163/5163/5163
v -1.40638 3.39686 -0.01952
v -1.40638 3.25575 -0.01952
v -1.38457 3.25575 -0.01952
vn 0 0 1
vn 0 0 1
vn 0 0 1
vt 0.493056 0.584931
vt 0.519705 0.584931
vt 0.519705 0.589052
f 5164/5164/5164 5165/5165/5165 5166/5166/5166
v -1.38457 3.39686 -0.01952
v -1.38457 3.39686 -0.025032
v -1.40638 3.39686 -0.025032
vn 0 1 -0
vn 0 1 -0
vn 0 1 -0
vt 0.479647 0.598156
vt 0.479647 0.599197
vt 0.475527 0.599197
f 5167/5167/5167 5168/5168/5168 5169/5169/5169
v -1.40638 3.39686 -0.025032
v -1.40638 3.39686 -0.01952
v -1.38457 3.39686 -0.01952
vn 0 1 -0
vn 0 1 -0
vn 0 1 -0
vt 0.475527 0.599197
vt 0.475527 0.598156
vt 0.479647 0.598156
f 5170/5170/5170 5171/5171/5171 5172/5172/5172
v -1.38457 3.39686 -0.025032
v -1.38457 3.25575 -0.025032
v -1.40638 3.25575 -0.025032
vn 0 0 -1
vn 0 0 -1
vn 0 0 -1
vt 0.492025 0.603889
vt 0.518674 0.603889
vt 0.518674 0.608009
f 5173/5173/5173 5174/5174/5174 5175/5175/5175
v -1.40638 3.25575 -0.025032
v -1.40638 3.39686 -0.025032
v -1.38457 3.39686 -0.025032
vn 0 0 -1
vn 0 0 -1
vn 0 0 -1
vt 0.518674 0.608009
vt 0.492025 0.608009
vt 0.492025 0.603889
f 5176/5176/5176 5177/5177/5177 5178/5178/5178
v -1.38457 3.25575 -0.025032
v -1.38457 3.25575 -0.01952
v -1.40638 3.25575 -0.01952
vn 0 -1 -0
vn 0 -1 -0
vn 0 -1 -0
vt 0.479853 0.591293
vt 0.479853 0.592334
vt 0.475733 0.592334
f 5179/5179/5179 5180/5180/5180 5181/5181/5181
v -1.40638 3.25575 -0.01952
v -1.40638 3.25575 -0.025032
v -1.38457 3.25575 -0.025032
vn 0 -1 -0
vn 0 -1 -0
vn 0 -1 -0
vt 0.475733 0.592334
vt 0.475733 0.591293
vt 0.479853 0.591293
f 5182/5182/5182 5183/5183/5183 5184/5184/5184
v 1.38457 3.40016 -0.01952
v 1.38457 3.39686 -0.01952
v 1.40638 3.39686 -0.01952
vn 0 0 1
vn 0 0 1
vn 0 0 1
vt 0.496551 0.561159
vt 0.496551 0.560534
vt 0.500672 0.560534
f 5185/5185/5185 5186/5186/5186 5187/5187/5187
v 1.40638 3.39686 -0.01952
v 1.40638 3.40016 -0.01952
v 1.38457 3.40016 -0.01952
vn 0 0 1
vn 0 0 1
vn 0 0 1
vt 0.500672 0.560534
vt 0.500672 0.561159
vt 0.496551 0.561159
f 5188/5188/5188 5189/5189/5189 5190/5190/5190
v 1.38457 3.39686 -0.01952
v 1.38457 3.39686 -0.025032
v 1.40638 3.39686 -0.025032
vn 0 -1 -0
vn 0 -1 -0
vn 0 -1 -0
vt 0.475527 0.601258
vt 0.475527 0.600217
vt 0.479647 0.600217
f 5191/5191/5191 5192/5192/5192 5193/5193/5193
v 1.40638 3.39686 -0.025032
v 1.40638 3.39686 -0.01952
v 1.38457 3.39686 -0.01952
vn 0 -1 -0
vn 0 -1 -0
vn 0 -1 -0
vt 0.479647 0.600217
vt 0.479647 0.601258
vt 0.475527 0.601258
f 5194/5194/5194 5195/5195/5195 5196/5196/5196
v 1.38457 3.39686 -0.025032
v 1.38457 3.40016 -0.025032
v 1.40638 3.40016 -0.025032
vn 0 0 -1
vn 0 0 -1
vn 0 0 -1
vt 0.485751 0.587379
vt 0.485751 0.588004
vt 0.48163 0.588004
f 5197/5197/5197 5198/5198/5198 5199/5199/5199
v 1.40638 3.40016 -0.025032
v 1.40638 3.39686 -0.025032
v 1.38457 3.39686 -0.025032
vn 0 0 -1
vn 0 0 -1
vn 0 0 -1
vt 0.48163 0.588004
vt 0.48163 0.587379
vt 0.485751 0.587379
f 5200/5200/5200 5201/5201/5201 5202/5202/5202
v 1.38457 3.40016 -0.025032
v 1.38457 3.40016 -0.01952
v 1.40638 3.40016 -0.01952
vn 0 1 -0
vn 0 1 -0
vn 0 1 -0
vt 0.476042 0.541324
vt 0.476042 0.540283
vt 0.480163 0.540283
f 5203/5203/5203 5204/5204/5204 5205/5205/5205
v 1.40638 3.40016 -0.01952
v 1.40638 3.40016 -0.025032
v 1.38457 3.40016 -0.025032
vn 0 1 -0
vn 0 1 -0
vn 0 1 -0
vt 0.480163 0.540283
vt 0.480163 0.541324
vt 0.476042 0.541324
f 5206/5206/5206 5207/5207/5207 5208/5208/5208
v -1.38457 3.39686 -0.01952
v -1.38457 3.40016 -0.01952
v -1.40638 3.40016 -0.01952
vn 0 0 1
vn 0 0 1
vn 0 0 1
vt 0.508092 0.566203
vt 0.508092 0.566827
vt 0.503972 0.566827
f 5209/5209/5209 5210/5210/5210 5211/5211/5211
v -1.40638 3.40016 -0.01952
v -1.40638 3.39685 -0.01952
v -1.38457 3.39686 -0.01952
vn 0 0 1
vn 0 0 1
vn 0 0 1
vt 0.503972 0.566827
vt 0.503972 0.566203
vt 0.508092 0.566203
f 5212/5212/5212 5213/5213/5213 5214/5214/5214
v -1.38457 3.40016 -0.01952
v -1.38457 3.40016 -0.025032
v -1.40638 3.40016 -0.025032
vn -2.9e-005 1 -0
vn -2.9e-005 1 -0
vn -2.9e-005 1 -0
vt 0.479853 0.577071
vt 0.479853 0.578112
vt 0.475733 0.578112
f 5215/5215/5215 5216/5216/5216 5217/5217/5217
v -1.40638 3.40016 -0.025032
v -1.40638 3.40016 -0.01952
v -1.38457 3.40016 -0.01952
vn -2.9e-005 1 -0
vn -2.9e-005 1 -0
vn -2.9e-005 1 -0
vt 0.475733 0.578112
vt 0.475733 0.577071
vt 0.479853 0.577071
f 5218/5218/5218 5219/5219/5219 5220/5220/5220
v -1.38457 3.40016 -0.025032
v -1.38457 3.39686 -0.025032
v -1.40638 3.39685 -0.025032
vn 0 0 -1
vn 0 0 -1
vn 0 0 -1
vt 0.489168 0.56513
vt 0.489168 0.564505
vt 0.493289 0.564505
f 5221/5221/5221 5222/5222/5222 5223/5223/5223
v -1.40638 3.39685 -0.025032
v -1.40638 3.40016 -0.025032
v -1.38457 3.40016 -0.025032
vn 0 0 -1
vn 0 0 -1
vn 0 0 -1
vt 0.493289 0.564505
vt 0.493289 0.56513
vt 0.489168 0.56513
f 5224/5224/5224 5225/5225/5225 5226/5226/5226
v -1.38457 3.39686 -0.025032
v -1.38457 3.39686 -0.01952
v -1.40638 3.39685 -0.01952
vn 2.9e-005 -1 -0
vn 2.9e-005 -1 -0
vn 2.9e-005 -1 -0
vt 0.479853 0.592324
vt 0.479853 0.593365
vt 0.475733 0.593365
f 5227/5227/5227 5228/5228/5228 5229/5229/5229
v -1.40638 3.39685 -0.01952
v -1.40638 3.39685 -0.025032
v -1.38457 3.39686 -0.025032
vn 2.9e-005 -1 -0
vn 2.9e-005 -1 -0
vn 2.9e-005 -1 -0
vt 0.475733 0.593365
vt 0.475733 0.592324
vt 0.479853 0.592324
f 5230/5230/5230 5231/5231/5231 5232/5232/5232
v -1.38457 3.40016 -0.01952
v -1.38457 3.40016 -0.015953
v -1.40638 3.40016 -0.015952
vn 0 -1 -0
vn 0 -1 -0
vn 0 -1 -0
vt 0.525396 0.537594
vt 0.525396 0.538268
vt 0.521276 0.538268
f 5233/5233/5233 5234/5234/5234 5235/5235/5235
v -1.40638 3.40016 -0.015952
v -1.40638 3.40016 -0.01952
v -1.38457 3.40016 -0.01952
vn 0 -1 -0
vn 0 -1 -0
vn 0 -1 -0
vt 0.521276 0.538268
vt 0.521276 0.537594
vt 0.525396 0.537594
f 5236/5236/5236 5237/5237/5237 5238/5238/5238
v -1.38457 3.40016 -0.015953
v -1.38457 3.40567 -0.015953
v -1.40638 3.40567 -0.015952
vn 3e-005 0 1
vn 3e-005 0 1
vn 3e-005 0 1
vt 0.480125 0.542345
vt 0.480125 0.543386
vt 0.476005 0.543386
f 5239/5239/5239 5240/5240/5240 5241/5241/5241
v -1.40638 3.40567 -0.015952
v -1.40638 3.40016 -0.015952
v -1.38457 3.40016 -0.015953
vn 3e-005 0 1
vn 3e-005 0 1
vn 3e-005 0 1
vt 0.476005 0.543386
vt 0.476005 0.542345
vt 0.480125 0.542345
f 5242/5242/5242 5243/5243/5243 5244/5244/5244
v -1.38457 3.40567 -0.015953
v -1.38457 3.40567 -0.01952
v -1.40638 3.40567 -0.01952
vn 0 1 -0
vn 0 1 -0
vn 0 1 -0
vt 0.531032 0.547094
vt 0.531032 0.54642
vt 0.535153 0.546421
f 5245/5245/5245 5246/5246/5246 5247/5247/5247
v -1.40638 3.40567 -0.01952
v -1.40638 3.40567 -0.015952
v -1.38457 3.40567 -0.015953
vn 0 1 -0
vn 0 1 -0
vn 0 1 -0
vt 0.535153 0.546421
vt 0.535153 0.547094
vt 0.531032 0.547094
f 5248/5248/5248 5249/5249/5249 5250/5250/5250
v -1.38457 3.40567 -0.01952
v -1.38457 3.40016 -0.01952
v -1.40638 3.40016 -0.01952
vn -3e-005 0 -1
vn -3e-005 0 -1
vn -3e-005 0 -1
vt 0.495 0.554723
vt 0.495 0.553682
vt 0.499121 0.553682
f 5251/5251/5251 5252/5252/5252 5253/5253/5253
v -1.40638 3.40016 -0.01952
v -1.40638 3.40567 -0.01952
v -1.38457 3.40567 -0.01952
vn -3e-005 0 -1
vn -3e-005 0 -1
vn -3e-005 0 -1
vt 0.499121 0.553682
vt 0.499121 0.554723
vt 0.495 0.554723
f 5254/5254/5254 5255/5255/5255 5256/5256/5256
v 1.38457 3.40016 -0.015953
v 1.38457 3.40016 -0.01952
v 1.40638 3.40016 -0.01952
vn 0 -1 -0
vn 0 -1 -0
vn 0 -1 -0
vt 0.487542 0.535284
vt 0.487542 0.534611
vt 0.491663 0.534611
f 5257/5257/5257 5258/5258/5258 5259/5259/5259
v 1.40638 3.40016 -0.01952
v 1.40638 3.40016 -0.015953
v 1.38457 3.40016 -0.015953
vn 0 -1 -0
vn 0 -1 -0
vn 0 -1 -0
vt 0.491663 0.534611
vt 0.491663 0.535284
vt 0.487542 0.535284
f 5260/5260/5260 5261/5261/5261 5262/5262/5262
v 1.38457 3.40016 -0.01952
v 1.38457 3.40567 -0.01952
v 1.40638 3.40567 -0.01952
vn 0 0 -1
vn 0 0 -1
vn 0 0 -1
vt 0.491626 0.548528
vt 0.491626 0.549569
vt 0.487505 0.549569
f 5263/5263/5263 5264/5264/5264 5265/5265/5265
v 1.40638 3.40567 -0.01952
v 1.40638 3.40016 -0.01952
v 1.38457 3.40016 -0.01952
vn 0 0 -1
vn 0 0 -1
vn 0 0 -1
vt 0.487505 0.549569
vt 0.487505 0.548528
vt 0.491626 0.548528
f 5266/5266/5266 5267/5267/5267 5268/5268/5268
v 1.38457 3.40567 -0.01952
v 1.38457 3.40567 -0.015953
v 1.40638 3.40567 -0.015953
vn 0 1 -0
vn 0 1 -0
vn 0 1 -0
vt 0.515509 0.584955
vt 0.515509 0.584281
vt 0.51963 0.584281
f 5269/5269/5269 5270/5270/5270 5271/5271/5271
v 1.40638 3.40567 -0.015953
v 1.40638 3.40567 -0.01952
v 1.38457 3.40567 -0.01952
vn 0 1 -0
vn 0 1 -0
vn 0 1 -0
vt 0.51963 0.584281
vt 0.51963 0.584955
vt 0.515509 0.584955
f 5272/5272/5272 5273/5273/5273 5274/5274/5274
v 1.38457 3.40567 -0.015953
v 1.38457 3.40016 -0.015953
v 1.40638 3.40016 -0.015953
vn 0 0 1
vn 0 0 1
vn 0 0 1
vt 0.495 0.543386
vt 0.495 0.542345
vt 0.499121 0.542345
f 5275/5275/5275 5276/5276/5276 5277/5277/5277
v 1.40638 3.40016 -0.015953
v 1.40638 3.40567 -0.015953
v 1.38457 3.40567 -0.015953
vn 0 0 1
vn 0 0 1
vn 0 0 1
vt 0.499121 0.542345
vt 0.499121 0.543386
vt 0.495 0.543386
f 5278/5278/5278 5279/5279/5279 5280/5280/5280
v 1.38457 3.25575 -0.025032
v 1.38457 3.25575 -0.01952
v 1.40638 3.25575 -0.01952
vn 0 1 -0
vn 0 1 -0
vn 0 1 -0
vt 0.475733 0.595426
vt 0.475733 0.594385
vt 0.479853 0.594385
f 5281/5281/5281 5282/5282/5282 5283/5283/5283
v 1.40638 3.25575 -0.01952
v 1.40638 3.25575 -0.025032
v 1.38457 3.25575 -0.025032
vn 0 1 -0
vn 0 1 -0
vn 0 1 -0
vt 0.479853 0.594385
vt 0.479853 0.595426
vt 0.475733 0.595426
f 5284/5284/5284 5285/5285/5285 5286/5286/5286
v 1.38457 3.25024 -0.01952
v 1.40253 3.25024 -0.01952
v 1.40638 3.2541 -0.01952
vn 0 0 1
vn 0 0 1
vn 0 0 1
vt 0.495 0.549559
vt 0.498393 0.549559
vt 0.499121 0.550287
f 5287/5287/5287 5288/5288/5288 5289/5289/5289
v 1.38457 3.25575 -0.01952
v 1.38457 3.25024 -0.01952
v 1.40638 3.2541 -0.01952
vn 0 0 1
vn 0 0 1
vn 0 0 1
vt 0.495 0.5506
vt 0.495 0.549559
vt 0.499121 0.550287
f 5290/5290/5290 5291/5291/5291 5292/5292/5292
v 1.38457 3.25575 -0.01952
v 1.40638 3.2541 -0.01952
v 1.40638 3.25575 -0.01952
vn 0 0 1
vn 0 0 1
vn 0 0 1
vt 0.495 0.5506
vt 0.499121 0.550287
vt 0.499121 0.5506
f 5293/5293/5293 5294/5294/5294 5295/5295/5295
v 1.38457 3.25024 -0.01952
v 1.38457 3.25024 -0.025032
v 1.40253 3.25024 -0.025032
vn 0 -1 -0
vn 0 -1 -0
vn 0 -1 -0
vt 0.482429 0.586357
vt 0.482429 0.585316
vt 0.485822 0.585316
f 5296/5296/5296 5297/5297/5297 5298/5298/5298
v 1.40253 3.25024 -0.025032
v 1.40253 3.25024 -0.01952
v 1.38457 3.25024 -0.01952
vn 0 -1 -0
vn 0 -1 -0
vn 0 -1 -0
vt 0.485822 0.585316
vt 0.485822 0.586357
vt 0.482429 0.586357
f 5299/5299/5299 5300/5300/5300 5301/5301/5301
v 1.38457 3.25024 -0.025032
v 1.38457 3.25575 -0.025032
v 1.40638 3.25575 -0.025032
vn 0 0 -1
vn 0 0 -1
vn 0 0 -1
vt 0.54816 0.553106
vt 0.547119 0.553106
vt 0.547119 0.548985
f 5302/5302/5302 5303/5303/5303 5304/5304/5304
v 1.40638 3.25575 -0.025032
v 1.40638 3.2541 -0.025032
v 1.40253 3.25024 -0.025032
vn 0 0 -1
vn 0 0 -1
vn 0 0 -1
vt 0.547119 0.548985
vt 0.547432 0.548985
vt 0.54816 0.549713
f 5305/5305/5305 5306/5306/5306 5307/5307/5307
v 1.38457 3.25024 -0.025032
v 1.40638 3.25575 -0.025032
v 1.40253 3.25024 -0.025032
vn 0 0 -1
vn 0 0 -1
vn 0 0 -1
vt 0.54816 0.553106
vt 0.547119 0.548985
vt 0.54816 0.549713
f 5308/5308/5308 5309/5309/5309 5310/5310/5310
v -1.38457 3.25575 -0.01952
v -1.38457 3.25575 -0.025032
v -1.40638 3.25575 -0.025032
vn 0 1 -0
vn 0 1 -0
vn 0 1 -0
vt 0.504752 0.539296
vt 0.504752 0.540337
vt 0.500631 0.540337
f 5311/5311/5311 5312/5312/5312 5313/5313/5313
v -1.40638 3.25575 -0.025032
v -1.40638 3.25575 -0.01952
v -1.38457 3.25575 -0.01952
vn 0 1 -0
vn 0 1 -0
vn 0 1 -0
vt 0.500631 0.540337
vt 0.500631 0.539296
vt 0.504752 0.539296
f 5314/5314/5314 5315/5315/5315 5316/5316/5316
v -1.38457 3.25024 -0.025032
v -1.40253 3.25024 -0.025032
v -1.40638 3.2541 -0.025032
vn 0 0 -1
vn 0 0 -1
vn 0 0 -1
vt 0.519715 0.603889
vt 0.519715 0.607282
vt 0.518987 0.608009
f 5317/5317/5317 5318/5318/5318 5319/5319/5319
v -1.38457 3.25575 -0.025032
v -1.38457 3.25024 -0.025032
v -1.40638 3.2541 -0.025032
vn 0 0 -1
vn 0 0 -1
vn 0 0 -1
vt 0.518674 0.603889
vt 0.519715 0.603889
vt 0.518987 0.608009
f 5320/5320/5320 5321/5321/5321 5322/5322/5322
v -1.38457 3.25575 -0.025032
v -1.40638 3.2541 -0.025032
v -1.40638 3.25575 -0.025032
vn 0 0 -1
vn 0 0 -1
vn 0 0 -1
vt 0.518674 0.603889
vt 0.518987 0.608009
vt 0.518674 0.608009
f 5323/5323/5323 5324/5324/5324 5325/5325/5325
v -1.38457 3.25024 -0.025032
v -1.38457 3.25024 -0.01952
v -1.40253 3.25024 -0.01952
vn 0 -1 -0
vn 0 -1 -0
vn 0 -1 -0
vt 0.47837 0.562442
vt 0.47837 0.563483
vt 0.474977 0.563483
f 5326/5326/5326 5327/5327/5327 5328/5328/5328
v -1.40253 3.25024 -0.01952
v -1.40253 3.25024 -0.025032
v -1.38457 3.25024 -0.025032
vn 0 -1 -0
vn 0 -1 -0
vn 0 -1 -0
vt 0.474977 0.563483
vt 0.474977 0.562442
vt 0.47837 0.562442
f 5329/5329/5329 5330/5330/5330 5331/5331/5331
v -1.38457 3.25024 -0.01952
v -1.38457 3.25575 -0.01952
v -1.40638 3.25575 -0.01952
vn 0 0 1
vn 0 0 1
vn 0 0 1
vt 0.480125 0.547498
vt 0.480125 0.548539
vt 0.476005 0.548539
f 5332/5332/5332 5333/5333/5333 5334/5334/5334
v -1.40638 3.25575 -0.01952
v -1.40638 3.2541 -0.01952
v -1.40253 3.25024 -0.01952
vn 0 0 1
vn 0 0 1
vn 0 0 1
vt 0.476005 0.548539
vt 0.476005 0.548226
vt 0.476733 0.547498
f 5335/5335/5335 5336/5336/5336 5337/5337/5337
v -1.38457 3.25024 -0.01952
v -1.40638 3.25575 -0.01952
v -1.40253 3.25024 -0.01952
vn 0 0 1
vn 0 0 1
vn 0 0 1
vt 0.480125 0.547498
vt 0.476005 0.548539
vt 0.476733 0.547498
f 5338/5338/5338 5339/5339/5339 5340/5340/5340
v -1.38457 3.40016 0.107251
v -1.4017 3.40016 0.107251
v -1.40638 3.40016 0.102562
vn 0 -1 -0
vn 0 -1 -0
vn 0 -1 -0
vt 0.479647 0.600227
vt 0.476412 0.600227
vt 0.475527 0.599342
f 5341/5341/5341 5342/5342/5342 5343/5343/5343
v -1.38457 3.40016 0.10174
v -1.38457 3.40016 0.107251
v -1.40638 3.40016 0.102562
vn 0 -1 -0
vn 0 -1 -0
vn 0 -1 -0
vt 0.479647 0.599186
vt 0.479647 0.600227
vt 0.475527 0.599342
f 5344/5344/5344 5345/5345/5345 5346/5346/5346
v -1.38457 3.40016 0.10174
v -1.40638 3.40016 0.102562
v -1.40638 3.40016 0.10174
vn 0 -1 -0
vn 0 -1 -0
vn 0 -1 -0
vt 0.479647 0.599186
vt 0.475527 0.599342
vt 0.475527 0.599186
f 5347/5347/5347 5348/5348/5348 5349/5349/5349
v -1.38457 3.40016 0.107251
v -1.38457 3.40126 0.107251
v -1.4017 3.40126 0.107251
vn 0 0 1
vn 0 0 1
vn 0 0 1
vt 0.485764 0.559583
vt 0.485764 0.559794
vt 0.482488 0.559794
f 5350/5350/5350 5351/5351/5351 5352/5352/5352
v -1.4017 3.40126 0.107251
v -1.4017 3.40016 0.107251
v -1.38457 3.40016 0.107251
vn 0 0 1
vn 0 0 1
vn 0 0 1
vt 0.482488 0.559794
vt 0.482488 0.559583
vt 0.485764 0.559583
f 5353/5353/5353 5354/5354/5354 5355/5355/5355
v -1.38457 3.40567 0.102842
v -1.38457 3.40567 0.10174
v -1.40638 3.40567 0.10174
vn 0 1 -0
vn 0 1 -0
vn 0 1 -0
vt 0.542577 0.546622
vt 0.542577 0.546409
vt 0.546808 0.546409
f 5356/5356/5356 5357/5357/5357 5358/5358/5358
v -1.40638 3.40567 0.10174
v -1.40638 3.40567 0.102562
v -1.40481 3.40567 0.104133
vn 0 1 -0
vn 0 1 -0
vn 0 1 -0
vt 0.546808 0.546409
vt 0.546808 0.546568
vt 0.546503 0.546873
f 5359/5359/5359 5360/5360/5360 5361/5361/5361
v -1.38457 3.40567 0.102842
v -1.40638 3.40567 0.10174
v -1.40481 3.40567 0.104133
vn 0 1 -0
vn 0 1 -0
vn 0 1 -0
vt 0.542577 0.546622
vt 0.546808 0.546409
vt 0.546503 0.546873
f 5362/5362/5362 5363/5363/5363 5364/5364/5364
v -1.38457 3.40567 0.10174
v -1.38457 3.40016 0.10174
v -1.40638 3.40016 0.10174
vn 0 0 -1
vn 0 0 -1
vn 0 0 -1
vt 0.495002 0.547509
vt 0.495002 0.546466
vt 0.499128 0.546466
f 5365/5365/5365 5366/5366/5366 5367/5367/5367
v -1.40638 3.40016 0.10174
v -1.40638 3.40567 0.10174
v -1.38457 3.40567 0.10174
vn 0 0 -1
vn 0 0 -1
vn 0 0 -1
vt 0.499128 0.546466
vt 0.499128 0.547509
vt 0.495002 0.547509
f 5368/5368/5368 5369/5369/5369 5370/5370/5370
v 1.38457 3.40016 0.107251
v 1.38457 3.40016 0.10174
v 1.40638 3.40016 0.10174
vn 0 -1 -0
vn 0 -1 -0
vn 0 -1 -0
vt 0.500631 0.542398
vt 0.500631 0.541357
vt 0.504752 0.541357
f 5371/5371/5371 5372/5372/5372 5373/5373/5373
v 1.40638 3.40016 0.10174
v 1.40638 3.40016 0.102562
v 1.4017 3.40016 0.107251
vn 0 -1 -0
vn 0 -1 -0
vn 0 -1 -0
vt 0.504752 0.541357
vt 0.504752 0.541512
vt 0.503866 0.542398
f 5374/5374/5374 5375/5375/5375 5376/5376/5376
v 1.38457 3.40016 0.107251
v 1.40638 3.40016 0.10174
v 1.4017 3.40016 0.107251
vn 0 -1 -0
vn 0 -1 -0
vn 0 -1 -0
vt 0.500631 0.542398
vt 0.504752 0.541357
vt 0.503866 0.542398
f 5377/5377/5377 5378/5378/5378 5379/5379/5379
v 1.38457 3.40016 0.10174
v 1.38457 3.40567 0.10174
v 1.40638 3.40567 0.10174
vn 0 0 -1
vn 0 0 -1
vn 0 0 -1
vt 0.480125 0.549559
vt 0.480125 0.5506
vt 0.476005 0.5506
f 5380/5380/5380 5381/5381/5381 5382/5382/5382
v 1.40638 3.40567 0.10174
v 1.40638 3.40016 0.10174
v 1.38457 3.40016 0.10174
vn 0 0 -1
vn 0 0 -1
vn 0 0 -1
vt 0.476005 0.5506
vt 0.476005 0.549559
vt 0.480125 0.549559
f 5383/5383/5383 5384/5384/5384 5385/5385/5385
v 1.38457 3.40567 0.102842
v 1.40481 3.40567 0.104133
v 1.40638 3.40567 0.102562
vn 0 1 -0
vn 0 1 -0
vn 0 1 -0
vt 0.495045 0.540091
vt 0.498971 0.539841
vt 0.499275 0.540145
f 5386/5386/5386 5387/5387/5387 5388/5388/5388
v 1.38457 3.40567 0.10174
v 1.38457 3.40567 0.102842
v 1.40638 3.40567 0.102562
vn 0 1 -0
vn 0 1 -0
vn 0 1 -0
vt 0.495045 0.540305
vt 0.495045 0.540091
vt 0.499275 0.540145
f 5389/5389/5389 5390/5390/5390 5391/5391/5391
v 1.38457 3.40567 0.10174
v 1.40638 3.40567 0.102562
v 1.40638 3.40567 0.10174
vn 0 1 -0
vn 0 1 -0
vn 0 1 -0
vt 0.495045 0.540305
vt 0.499275 0.540145
vt 0.499275 0.540305
f 5392/5392/5392 5393/5393/5393 5394/5394/5394
v 1.38457 3.40126 0.107251
v 1.38457 3.40016 0.107251
v 1.4017 3.40016 0.107251
vn 0 0 1
vn 0 0 1
vn 0 0 1
vt 0.500689 0.559676
vt 0.500689 0.559465
vt 0.503964 0.559465
f 5395/5395/5395 5396/5396/5396 5397/5397/5397
v 1.4017 3.40016 0.107251
v 1.4017 3.40126 0.107251
v 1.38457 3.40126 0.107251
vn 0 0 1
vn 0 0 1
vn 0 0 1
vt 0.503964 0.559465
vt 0.503964 0.559676
vt 0.500689 0.559676
f 5398/5398/5398 5399/5399/5399 5400/5400/5400
v 1.38457 3.40016 -0.01952
v 1.38457 3.40016 -0.025032
v 1.40638 3.40016 -0.025032
vn 0 -1 -0
vn 0 -1 -0
vn 0 -1 -0
vt 0.500631 0.541367
vt 0.500631 0.540326
vt 0.504752 0.540326
f 5401/5401/5401 5402/5402/5402 5403/5403/5403
v 1.40638 3.40016 -0.025032
v 1.40638 3.40016 -0.01952
v 1.38457 3.40016 -0.01952
vn 0 -1 -0
vn 0 -1 -0
vn 0 -1 -0
vt 0.504752 0.540326
vt 0.504752 0.541367
vt 0.500631 0.541367
f 5404/5404/5404 5405/5405/5405 5406/5406/5406
v 1.38457 3.40016 -0.025032
v 1.38457 3.40567 -0.025032
v 1.40638 3.40567 -0.025032
vn 0 0 -1
vn 0 0 -1
vn 0 0 -1
vt 0.485751 0.588004
vt 0.485751 0.589045
vt 0.48163 0.589045
f 5407/5407/5407 5408/5408/5408 5409/5409/5409
v 1.40638 3.40567 -0.025032
v 1.40638 3.40016 -0.025032
v 1.38457 3.40016 -0.025032
vn 0 0 -1
vn 0 0 -1
vn 0 0 -1
vt 0.48163 0.589045
vt 0.48163 0.588004
vt 0.485751 0.588004
f 5410/5410/5410 5411/5411/5411 5412/5412/5412
v 1.38457 3.40567 -0.025032
v 1.38457 3.40567 -0.01952
v 1.40638 3.40567 -0.01952
vn 0 1 -0
vn 0 1 -0
vn 0 1 -0
vt 0.495 0.541324
vt 0.495 0.540283
vt 0.499121 0.540283
f 5413/5413/5413 5414/5414/5414 5415/5415/5415
v 1.40638 3.40567 -0.01952
v 1.40638 3.40567 -0.025032
v 1.38457 3.40567 -0.025032
vn 0 1 -0
vn 0 1 -0
vn 0 1 -0
vt 0.499121 0.540283
vt 0.499121 0.541324
vt 0.495 0.541324
f 5416/5416/5416 5417/5417/5417 5418/5418/5418
v 1.38457 3.40567 -0.01952
v 1.38457 3.40016 -0.01952
v 1.40638 3.40016 -0.01952
vn 0 0 1
vn 0 0 1
vn 0 0 1
vt 0.4835 0.553692
vt 0.4835 0.552651
vt 0.48762 0.552651
f 5419/5419/5419 5420/5420/5420 5421/5421/5421
v 1.40638 3.40016 -0.01952
v 1.40638 3.40567 -0.01952
v 1.38457 3.40567 -0.01952
vn 0 0 1
vn 0 0 1
vn 0 0 1
vt 0.48762 0.552651
vt 0.48762 0.553692
vt 0.4835 0.553692
f 5422/5422/5422 5423/5423/5423 5424/5424/5424
v -1.38457 3.40016 -0.025032
v -1.38457 3.40016 -0.01952
v -1.40638 3.40016 -0.01952
vn 0 -1 -0
vn 0 -1 -0
vn 0 -1 -0
vt 0.504752 0.538265
vt 0.504752 0.539306
vt 0.500631 0.539306
f 5425/5425/5425 5426/5426/5426 5427/5427/5427
v -1.40638 3.40016 -0.01952
v -1.40638 3.40016 -0.025032
v -1.38457 3.40016 -0.025032
vn 0 -1 -0
vn 0 -1 -0
vn 0 -1 -0
vt 0.500631 0.539306
vt 0.500631 0.538265
vt 0.504752 0.538265
f 5428/5428/5428 5429/5429/5429 5430/5430/5430
v -1.38457 3.40016 -0.01952
v -1.38457 3.40567 -0.01952
v -1.40638 3.40567 -0.01952
vn 0 0 1
vn 0 0 1
vn 0 0 1
vt 0.480125 0.553682
vt 0.480125 0.554723
vt 0.476005 0.554723
f 5431/5431/5431 5432/5432/5432 5433/5433/5433
v -1.40638 3.40567 -0.01952
v -1.40638 3.40016 -0.01952
v -1.38457 3.40016 -0.01952
vn 0 0 1
vn 0 0 1
vn 0 0 1
vt 0.476005 0.554723
vt 0.476005 0.553682
vt 0.480125 0.553682
f 5434/5434/5434 5435/5435/5435 5436/5436/5436
v -1.38457 3.40567 -0.01952
v -1.38457 3.40567 -0.025032
v -1.40638 3.40567 -0.025032
vn 0 1 -0
vn 0 1 -0
vn 0 1 -0
vt 0.480125 0.541314
vt 0.480125 0.542355
vt 0.476005 0.542355
f 5437/5437/5437 5438/5438/5438 5439/5439/5439
v -1.40638 3.40567 -0.025032
v -1.40638 3.40567 -0.01952
v -1.38457 3.40567 -0.01952
vn 0 1 -0
vn 0 1 -0
vn 0 1 -0
vt 0.476005 0.542355
vt 0.476005 0.541314
vt 0.480125 0.541314
f 5440/5440/5440 5441/5441/5441 5442/5442/5442
v -1.38457 3.40567 -0.025032
v -1.38457 3.40016 -0.025032
v -1.40638 3.40016 -0.025032
vn 0 0 -1
vn 0 0 -1
vn 0 0 -1
vt 0.489168 0.566171
vt 0.489168 0.56513
vt 0.493289 0.56513
f 5443/5443/5443 5444/5444/5444 5445/5445/5445
v -1.40638 3.40016 -0.025032
v -1.40638 3.40567 -0.025032
v -1.38457 3.40567 -0.025032
vn 0 0 -1
vn 0 0 -1
vn 0 0 -1
vt 0.493289 0.56513
vt 0.493289 0.566171
vt 0.489168 0.566171
f 5446/5446/5446 5447/5447/5447 5448/5448/5448
v -1.4017 3.40016 0.107251
v -1.4017 3.40126 0.107251
v -1.40174 3.4023 0.107203
vn -0.707204 0 0.70701
vn -0.707204 0 0.70701
vn -0.707204 0 0.70701
vt 0.479988 0.566038
vt 0.479741 0.566047
vt 0.479508 0.566045
f 5449/5449/5449 5450/5450/5450 5451/5451/5451
v -1.4017 3.40016 0.107251
v -1.40174 3.4023 0.107203
v -1.40189 3.40319 0.107057
vn -0.706566 2.9e-005 0.707648
vn -0.706566 2.9e-005 0.707648
vn -0.706566 2.9e-005 0.707648
vt 0.482488 0.559583
vt 0.482478 0.559991
vt 0.48245 0.560163
f 5452/5452/5452 5453/5453/5453 5454/5454/5454
v -1.4017 3.40016 0.107251
v -1.40189 3.40319 0.107057
v -1.40213 3.40395 0.106813
vn -0.707307 -6.6e-005 0.706907
vn -0.707307 -6.6e-005 0.706907
vn -0.707307 -6.6e-005 0.706907
vt 0.480043 0.565937
vt 0.47937 0.566049
vt 0.479192 0.566035
f 5455/5455/5455 5456/5456/5456 5457/5457/5457
v -1.4017 3.40016 0.107251
v -1.40213 3.40395 0.106813
v -1.40247 3.40457 0.106472
vn -0.707235 -5e-005 0.706979
vn -0.707235 -5e-005 0.706979
vn -0.707235 -5e-005 0.706979
vt 0.480043 0.565937
vt 0.479192 0.566035
vt 0.479039 0.565992
f 5458/5458/5458 5459/5459/5459 5460/5460/5460
v -1.4017 3.40016 0.107251
v -1.40247 3.40457 0.106472
v -1.40291 3.40505 0.106033
vn -0.707217 -4.3e-005 0.706997
vn -0.707217 -4.3e-005 0.706997
vn -0.707217 -4.3e-005 0.706997
vt 0.480043 0.565937
vt 0.479039 0.565992
vt 0.478911 0.565921
f 5461/5461/5461 5462/5462/5462 5463/5463/5463
v -1.4017 3.40016 0.107251
v -1.40291 3.40505 0.106033
v -1.40345 3.4054 0.105498
vn -0.707039 4.5e-005 0.707174
vn -0.707039 4.5e-005 0.707174
vn -0.707039 4.5e-005 0.707174
vt 0.506489 0.553785
vt 0.506164 0.554708
vt 0.506021 0.554774
f 5464/5464/5464 5465/5465/5465 5466/5466/5466
v -1.4017 3.40016 0.107251
v -1.40345 3.4054 0.105498
v -1.40408 3.40561 0.104864
vn -0.707073 2.2e-005 0.70714
vn -0.707073 2.2e-005 0.70714
vn -0.707073 2.2e-005 0.70714
vt 0.506489 0.553785
vt 0.506021 0.554774
vt 0.505852 0.554812
f 5467/5467/5467 5468/5468/5468 5469/5469/5469
v -1.4017 3.40016 0.107251
v -1.40408 3.40561 0.104864
v -1.40481 3.40567 0.104133
vn -0.707087 1e-005 0.707127
vn -0.707087 1e-005 0.707127
vn -0.707087 1e-005 0.707127
vt 0.506489 0.553785
vt 0.505852 0.554812
vt 0.505657 0.554826
f 5470/5470/5470 5471/5471/5471 5472/5472/5472
v -1.40638 3.40016 0.102562
v -1.4017 3.40016 0.107251
v -1.40481 3.40567 0.104133
vn -0.707106 -1.1e-005 0.707108
vn -0.707106 -1.1e-005 0.707108
vn -0.707106 -1.1e-005 0.707108
vt 0.505237 0.553785
vt 0.506489 0.553785
vt 0.505657 0.554826
f 5473/5473/5473 5474/5474/5474 5475/5475/5475
v -1.40638 3.40016 0.102562
v -1.40481 3.40567 0.104133
v -1.40638 3.40567 0.102562
vn -0.707125 0 0.707089
vn -0.707125 0 0.707089
vn -0.707125 0 0.707089
vt 0.503249 0.558986
vt 0.502108 0.559312
vt 0.502108 0.558986
f 5476/5476/5476 5477/5477/5477 5478/5478/5478
v 1.40638 3.40567 0.102562
v 1.40481 3.40567 0.104133
v 1.40408 3.40561 0.104864
vn 0.707125 -0.000792 0.707089
vn 0.707125 -0.000792 0.707089
vn 0.707125 -0.000792 0.707089
vt 0.477359 0.566056
vt 0.477736 0.56587
vt 0.477916 0.565795
f 5479/5479/5479 5480/5480/5480 5481/5481/5481
v 1.40638 3.40567 0.102562
v 1.40408 3.40561 0.104864
v 1.40345 3.4054 0.105498
vn 0.707104 0.000562 0.707109
vn 0.707104 0.000562 0.707109
vn 0.707104 0.000562 0.707109
vt 0.477359 0.566056
vt 0.477916 0.565795
vt 0.478085 0.565755
f 5482/5482/5482 5483/5483/5483 5484/5484/5484
v 1.40638 3.40567 0.102562
v 1.40345 3.4054 0.105498
v 1.40291 3.40505 0.106033
vn 0.707144 -0.00028 0.707069
vn 0.707144 -0.00028 0.707069
vn 0.707144 -0.00028 0.707069
vt 0.477359 0.566056
vt 0.478085 0.565755
vt 0.478242 0.565749
f 5485/5485/5485 5486/5486/5486 5487/5487/5487
v 1.40638 3.40567 0.102562
v 1.40291 3.40505 0.106033
v 1.40247 3.40457 0.106472
vn 0.707105 0.00016 0.707109
vn 0.707105 0.00016 0.707109
vn 0.707105 0.00016 0.707109
vt 0.477359 0.566056
vt 0.478242 0.565749
vt 0.478388 0.565779
f 5488/5488/5488 5489/5489/5489 5490/5490/5490
v 1.40638 3.40567 0.102562
v 1.40247 3.40457 0.106472
v 1.40213 3.40395 0.106813
vn 0.707116 8.1e-005 0.707098
vn 0.707116 8.1e-005 0.707098
vn 0.707116 8.1e-005 0.707098
vt 0.477359 0.566056
vt 0.478388 0.565779
vt 0.478521 0.565844
f 5491/5491/5491 5492/5492/5492 5493/5493/5493
v 1.40638 3.40567 0.102562
v 1.40213 3.40395 0.106813
v 1.40189 3.40319 0.107057
vn 0.707168 -0.000176 0.707045
vn 0.707168 -0.000176 0.707045
vn 0.707168 -0.000176 0.707045
vt 0.477359 0.566056
vt 0.478521 0.565844
vt 0.478643 0.565943
f 5494/5494/5494 5495/5495/5495 5496/5496/5496
v 1.40638 3.40567 0.102562
v 1.40189 3.40319 0.107057
v 1.40174 3.4023 0.107203
vn 0.707165 -0.000167 0.707048
vn 0.707165 -0.000167 0.707048
vn 0.707165 -0.000167 0.707048
vt 0.477359 0.566056
vt 0.478643 0.565943
vt 0.478753 0.566077
f 5497/5497/5497 5498/5498/5498 5499/5499/5499
v 1.40638 3.40567 0.102562
v 1.40174 3.4023 0.107203
v 1.4017 3.40126 0.107251
vn 0.707046 0.000161 0.707167
vn 0.707046 0.000161 0.707167
vn 0.707046 0.000161 0.707167
vt 0.504861 0.560519
vt 0.503974 0.559873
vt 0.503964 0.559676
f 5500/5500/5500 5501/5501/5501 5502/5502/5502
v 1.40638 3.40567 0.102562
v 1.4017 3.40126 0.107251
v 1.4017 3.40016 0.107251
vn 0.707122 0 0.707092
vn 0.707122 0 0.707092
vn 0.707122 0 0.707092
vt 0.474949 0.57173
vt 0.475906 0.570712
vt 0.476145 0.570712
f 5503/5503/5503 5504/5504/5504 5505/5505/5505
v 1.40638 3.40567 0.102562
v 1.4017 3.40016 0.107251
v 1.40638 3.40016 0.102562
vn 0.707122 0 0.707092
vn 0.707122 0 0.707092
vn 0.707122 0 0.707092
vt 0.474949 0.57173
vt 0.476145 0.570712
vt 0.476145 0.57173
f 5506/5506/5506 5507/5507/5507 5508/5508/5508
v 1.40638 3.2541 -0.01952
v 1.40253 3.25024 -0.01952
v 1.40253 3.25024 -0.025032
vn 0.707126 -0.707087 -0
vn 0.707126 -0.707087 -0
vn 0.707126 -0.707087 -0
vt 0.513153 0.543966
vt 0.513979 0.543966
vt 0.513979 0.545148
f 5509/5509/5509 5510/5510/5510 5511/5511/5511
v 1.40253 3.25024 -0.025032
v 1.40638 3.2541 -0.025032
v 1.40638 3.2541 -0.01952
vn 0.707126 -0.707087 -0
vn 0.707126 -0.707087 -0
vn 0.707126 -0.707087 -0
vt 0.513979 0.545148
vt 0.513153 0.545148
vt 0.513153 0.543966
f 5512/5512/5512 5513/5513/5513 5514/5514/5514
v -1.40638 3.2541 -0.025032
v -1.40253 3.25024 -0.025032
v -1.40253 3.25024 -0.01952
vn -0.707126 -0.707087 -0
vn -0.707126 -0.707087 -0
vn -0.707126 -0.707087 -0
vt 0.483026 0.577473
vt 0.483852 0.577473
vt 0.483852 0.578655
f 5515/5515/5515 5516/5516/5516 5517/5517/5517
v -1.40253 3.25024 -0.01952
v -1.40638 3.2541 -0.01952
v -1.40638 3.2541 -0.025032
vn -0.707126 -0.707087 -0
vn -0.707126 -0.707087 -0
vn -0.707126 -0.707087 -0
vt 0.483852 0.578655
vt 0.483026 0.578655
vt 0.483026 0.577473
f 5518/5518/5518 5519/5519/5519 5520/5520/5520
v -1.34488 3.25575 0.010795
v -1.34488 3.25575 -0.015953
v -1.34488 3.37133 -0.015953
vn 1 0 -0
vn 1 0 -0
vn 1 0 -0
vt 0.54709 0.537318
vt 0.54709 0.542369
vt 0.525262 0.542369
f 5521/5521/5521 5522/5522/5522 5523/5523/5523
v -1.34488 3.37133 -0.015953
v -1.34488 3.37133 0.010795
v -1.34488 3.25575 0.010795
vn 1 0 -0
vn 1 0 -0
vn 1 0 -0
vt 0.525262 0.542369
vt 0.525262 0.537318
vt 0.54709 0.537318
f 5524/5524/5524 5525/5525/5525 5526/5526/5526
v -1.34488 3.25575 -0.015953
v 1.34488 3.25575 -0.015953
v 1.34488 3.37133 -0.015953
vn 0 0 1
vn 0 0 1
vn 0 0 1
vt 0.545634 0.522204
vt 0.545634 0.014211
vt 0.567462 0.014211
f 5527/5527/5527 5528/5528/5528 5529/5529/5529
v 1.34488 3.37133 -0.015953
v -1.34488 3.37133 -0.015953
v -1.34488 3.25575 -0.015953
vn 0 0 1
vn 0 0 1
vn 0 0 1
vt 0.567462 0.014211
vt 0.567462 0.522204
vt 0.545634 0.522204
f 5530/5530/5530 5531/5531/5531 5532/5532/5532
v 1.34488 3.25575 -0.015953
v 1.34488 3.25575 0.010795
v 1.34488 3.37133 0.010795
vn -1 0 -0
vn -1 0 -0
vn -1 0 -0
vt 0.518645 0.5718
vt 0.518645 0.576852
vt 0.496817 0.576852
f 5533/5533/5533 5534/5534/5534 5535/5535/5535
v 1.34488 3.37133 0.010795
v 1.34488 3.37133 -0.015953
v 1.34488 3.25575 -0.015953
vn -1 0 -0
vn -1 0 -0
vn -1 0 -0
vt 0.496817 0.576852
vt 0.496817 0.5718
vt 0.518645 0.5718
f 5536/5536/5536 5537/5537/5537 5538/5538/5538
v 1.34488 3.25575 0.010795
v -1.34488 3.25575 0.010795
v -1.34488 3.37133 0.010795
vn 0 0 -1
vn 0 0 -1
vn 0 0 -1
vt 0.524023 0.522204
vt 0.524023 0.014211
vt 0.545851 0.014211
f 5539/5539/5539 5540/5540/5540 5541/5541/5541
v -1.34488 3.37133 0.010795
v 1.34488 3.37133 0.010795
v 1.34488 3.25575 0.010795
vn 0 0 -1
vn 0 0 -1
vn 0 0 -1
vt 0.545851 0.014211
vt 0.545851 0.522204
vt 0.524023 0.522204
f 5542/5542/5542 5543/5543/5543 5544/5544/5544
v 1.34488 3.39461 0.103118
v 1.34488 3.39823 0.103118
v 1.34713 3.39823 0.10174
vn -0.523118 0 -0.85226
vn -0.523118 0 -0.85226
vn -0.523118 0 -0.85226
vt 0.483814 0.578426
vt 0.483761 0.577737
vt 0.484188 0.577704
f 5545/5545/5545 5546/5546/5546 5547/5547/5547
v 1.34713 3.39823 0.10174
v 1.34935 3.39655 0.10174
v 1.34711 3.39517 0.103118
vn -0.295795 -0.390023 -0.872002
vn -0.295795 -0.390023 -0.872002
vn -0.295795 -0.390023 -0.872002
vt 0.484188 0.577704
vt 0.484635 0.577993
vt 0.484228 0.578287
f 5548/5548/5548 5549/5549/5549 5550/5550/5550
v 1.34711 3.39517 0.103118
v 1.34488 3.39548 0.104496
v 1.34488 3.39768 0.103118
vn -0.513939 -0.454669 -0.727422
vn -0.513939 -0.454669 -0.727422
vn -0.513939 -0.454669 -0.727422
vt 0.484228 0.578287
vt 0.483801 0.578261
vt 0.483769 0.577842
f 5551/5551/5551 5552/5552/5552 5553/5553/5553
v 1.34713 3.39823 0.10174
v 1.34711 3.39517 0.103118
v 1.34488 3.39768 0.103118
vn -0.4183 -0.370061 -0.829506
vn -0.4183 -0.370061 -0.829506
vn -0.4183 -0.370061 -0.829506
vt 0.484188 0.577704
vt 0.484228 0.578287
vt 0.483769 0.577842
f 5554/5554/5554 5555/5555/5555 5556/5556/5556
v 1.34488 3.39461 0.103118
v 1.34713 3.39823 0.10174
v 1.34488 3.39768 0.103118
vn 0.523118 0 0.85226
vn 0.523118 0 0.85226
vn 0.523118 0 0.85226
vt 0.505565 0.550662
vt 0.504694 0.550644
vt 0.505038 0.55032
f 5557/5557/5557 5558/5558/5558 5559/5559/5559
v 1.34488 3.39461 0.103118
v 1.34488 3.39768 0.103118
v 1.34488 3.39544 0.10174
vn -1 0 -0
vn -1 0 -0
vn -1 0 -0
vt 0.520894 0.548296
vt 0.520314 0.548296
vt 0.520738 0.548036
f 5560/5560/5560 5561/5561/5561 5562/5562/5562
v -1.34488 3.39792 0.099495
v -1.34488 3.40154 0.099495
v -1.34713 3.40154 0.10174
vn 0.707079 0 0.707134
vn 0.707079 0 0.707134
vn 0.707079 0 0.707134
vt 0.483875 0.559254
vt 0.483213 0.559521
vt 0.48298 0.558941
f 5563/5563/5563 5564/5564/5564 5565/5565/5565
v -1.34713 3.40154 0.10174
v -1.34713 3.40154 0.10174
v -1.34488 3.40154 0.103118
vn 0 0 -0
vn 0 0 -0
vn 0 0 -0
vt 0.476063 0.566009
vt 0.476063 0.566009
vt 0.476063 0.565751
f 5566/5566/5566 5567/5567/5567 5568/5568/5568
v -1.34488 3.39792 0.099495
v -1.34713 3.40154 0.10174
v -1.34488 3.40154 0.103118
vn 0.398112 0.648648 -0.648662
vn 0.398112 0.648648 -0.648662
vn 0.398112 0.648648 -0.648662
vt 0.485415 0.557921
vt 0.485555 0.55882
vt 0.485057 0.55882
f 5569/5569/5569 5570/5570/5570 5571/5571/5571
v -1.34488 3.40154 0.103118
v -1.34488 3.39933 0.104496
v -1.34488 3.39713 0.103118
vn 1 0 -0
vn 1 0 -0
vn 1 0 -0
vt 0.483147 0.558701
vt 0.483564 0.558441
vt 0.48398 0.558701
f 5572/5572/5572 5573/5573/5573 5574/5574/5574
v -1.34488 3.39713 0.103118
v -1.34712 3.39777 0.10174
v -1.34712 3.40053 0.10174
vn 0.524404 0 -0.851469
vn 0.524404 0 -0.851469
vn 0.524404 0 -0.851469
vt 0.485759 0.562499
vt 0.486183 0.562621
vt 0.486183 0.563143
f 5575/5575/5575 5576/5576/5576 5577/5577/5577
v -1.34488 3.40154 0.103118
v -1.34488 3.39713 0.103118
v -1.34712 3.40053 0.10174
vn 0.524404 0 -0.851469
vn 0.524404 0 -0.851469
vn 0.524404 0 -0.851469
vt 0.485759 0.563335
vt 0.485759 0.562499
vt 0.486183 0.563143
f 5578/5578/5578 5579/5579/5579 5580/5580/5580
v -1.34488 3.39792 0.099495
v -1.34488 3.40154 0.103118
v -1.34712 3.40053 0.10174
vn -0.114526 -0.702446 0.702462
vn -0.114526 -0.702446 0.702462
vn -0.114526 -0.702446 0.702462
vt 0.530841 0.547366
vt 0.531808 0.547368
vt 0.531488 0.547793
f 5581/5581/5581 5582/5582/5582 5583/5583/5583
v -1.34488 3.39792 0.099495
v -1.34712 3.40053 0.10174
v -1.34488 3.39989 0.103118
vn 0.47897 0.77125 -0.41924
vn 0.47897 0.77125 -0.41924
vn 0.47897 0.77125 -0.41924
vt 0.530117 0.547818
vt 0.5306 0.547337
vt 0.530896 0.547818
f 5584/5584/5584 5585/5585/5585 5586/5586/5586
v -1.34488 3.39792 0.099495
v -1.34488 3.39989 0.103118
v -1.34488 3.39709 0.103118
vn 1 0 -0
vn 1 0 -0
vn 1 0 -0
vt 0.52027 0.537176
vt 0.519898 0.536491
vt 0.520426 0.536491
f 5587/5587/5587 5588/5588/5588 5589/5589/5589
v -1.34488 3.39329 0.101599
v -1.34488 3.39118 0.10174
v 1.34488 3.38788 0.10174
vn 0.000152 0.146191 0.989256
vn 4.1e-005 0.033298 0.999445
vn -2.6e-005 1.7e-005 1
vt 0.615543 0.524191
vt 0.615142 0.524191
vt 0.614513 0.012224
f 5590/5590/5590 5591/5591/5591 5592/5592/5592
v 1.34488 3.38788 0.10174
v 1.34488 3.39003 0.10174
v -1.34488 3.39329 0.101599
vn -2.6e-005 1.7e-005 1
vn -0.00013 5e-005 1
vn 0.000152 0.146191 0.989256
vt 0.614513 0.012224
vt 0.614923 0.012224
vt 0.615543 0.524191
f 5593/5593/5593 5594/5594/5594 5595/5595/5595
v 1.34488 3.39003 0.10174
v 1.34488 3.38788 0.10174
v 1.34488 3.38998 0.101826
vn -1 0 -0
vn -1 0 -0
vn -1 0 -0
vt 0.521759 0.548036
vt 0.522166 0.548036
vt 0.521769 0.548052
f 5596/5596/5596 5597/5597/5597 5598/5598/5598
v 1.34488 3.39671 0.10596
v 1.34488 3.39686 0.107251
v 1.34488 3.39694 0.10596
vn -1 0 -0
vn -1 0 -0
vn -1 0 -0
vt 0.520497 0.548833
vt 0.52047 0.549077
vt 0.520454 0.548833
f 5599/5599/5599 5600/5600/5600 5601/5601/5601
v 1.34488 3.40107 0.101826
v 1.34488 3.40237 0.10174
v 1.34502 3.40107 0.10174
vn -0.522259 -0.056734 -0.850897
vn -0.522259 -0.056734 -0.850897
vn -0.522259 -0.056734 -0.850897
vt 0.483719 0.577196
vt 0.4837 0.576951
vt 0.483746 0.577194
f 5602/5602/5602 5603/5603/5603 5604/5604/5604
v 1.35176 3.39694 0.10174
v 1.35386 3.39686 0.10174
v 1.3519 3.39684 0.10174
vn 0 0 -1
vn 0 0 -1
vn 0 0 -1
vt 0.485087 0.577882
vt 0.485489 0.577868
vt 0.485115 0.5779
f 5605/5605/5605 5606/5606/5606 5607/5607/5607
v 1.35183 3.39591 0.10174
v 1.35378 3.39562 0.10174
v 1.35169 3.39582 0.101826
vn -0.092977 -0.624558 -0.775424
vn -0.092977 -0.624558 -0.775424
vn -0.092977 -0.624558 -0.775424
vt 0.485117 0.578078
vt 0.485491 0.578104
vt 0.485091 0.578096
f 5608/5608/5608 5609/5609/5609 5610/5610/5610
v 1.34502 3.39262 0.10596
v 1.34488 3.39134 0.107251
v 1.34488 3.39264 0.106046
vn -0.481186 -0.598147 -0.640843
vn -0.481186 -0.598147 -0.640843
vn -0.481186 -0.598147 -0.640843
vt 0.491097 0.563755
vt 0.491332 0.563504
vt 0.491124 0.563766
f 5611/5611/5611 5612/5612/5612 5613/5613/5613
v 1.34488 3.39677 0.106046
v 1.34488 3.39686 0.107251
v 1.34488 3.39691 0.10596
vn -1 0 -0
vn -1 0 -0
vn -1 0 -0
vt 0.520486 0.548849
vt 0.52047 0.549077
vt 0.52046 0.548833
f 5614/5614/5614 5615/5615/5615 5616/5616/5616
v 1.34488 3.39939 0.101826
v 1.34488 3.40016 0.10174
v 1.34488 3.39925 0.10174
vn -1 0 -0
vn -1 0 -0
vn -1 0 -0
vt 0.519992 0.548052
vt 0.519846 0.548036
vt 0.520019 0.548036
f 5617/5617/5617 5618/5618/5618 5619/5619/5619
v 1.34488 3.38998 0.101826
v 1.34488 3.3918 0.102084
v 1.34488 3.39201 0.10174
vn -1 0 -0
vn -1 0 -0
vn -1 0 -0
vt 0.521769 0.548052
vt 0.521424 0.548101
vt 0.521385 0.548036
f 5620/5620/5620 5621/5621/5621 5622/5622/5622
v 1.34488 3.39201 0.10174
v 1.34488 3.39003 0.10174
v 1.34488 3.38998 0.101826
vn -1 0 -0
vn -1 0 -0
vn -1 0 -0
vt 0.521385 0.548036
vt 0.521759 0.548036
vt 0.521769 0.548052
f 5623/5623/5623 5624/5624/5624 5625/5625/5625
v 1.34488 3.39694 0.10596
v 1.34488 3.3972 0.10484
v 1.34488 3.39629 0.10484
vn -1 0 -0
vn -1 0 -0
vn -1 0 -0
vt 0.520454 0.548833
vt 0.520405 0.548621
vt 0.520576 0.548621
f 5626/5626/5626 5627/5627/5627 5628/5628/5628
v 1.34488 3.39629 0.10484
v 1.34488 3.39671 0.10596
v 1.34488 3.39694 0.10596
vn -1 0 -0
vn -1 0 -0
vn -1 0 -0
vt 0.520576 0.548621
vt 0.520497 0.548833
vt 0.520454 0.548833
f 5629/5629/5629 5630/5630/5630 5631/5631/5631
v 1.34502 3.40107 0.10174
v 1.34544 3.39996 0.10174
v 1.34488 3.39996 0.102084
vn -0.513195 -0.192999 -0.836291
vn -0.513195 -0.192999 -0.836291
vn -0.513195 -0.192999 -0.836291
vt 0.483746 0.577194
vt 0.483842 0.577401
vt 0.483736 0.577409
f 5632/5632/5632 5633/5633/5633 5634/5634/5634
v 1.34488 3.39996 0.102084
v 1.34488 3.40107 0.101826
v 1.34502 3.40107 0.10174
vn -0.513269 -0.192977 -0.83625
vn -0.513269 -0.192977 -0.83625
vn -0.513269 -0.192977 -0.83625
vt 0.483736 0.577409
vt 0.483719 0.577196
vt 0.483746 0.577194
f 5635/5635/5635 5636/5636/5636 5637/5637/5637
v 1.3519 3.39684 0.10174
v 1.35049 3.39678 0.10174
v 1.34993 3.3972 0.10174
vn 0 0 -1
vn 0 0 -1
vn 0 0 -1
vt 0.485115 0.5779
vt 0.484848 0.577932
vt 0.484737 0.57786
f 5638/5638/5638 5639/5639/5639 5640/5640/5640
v 1.34993 3.3972 0.10174
v 1.35176 3.39694 0.10174
v 1.3519 3.39684 0.10174
vn 0 0 -1
vn 0 0 -1
vn 0 0 -1
vt 0.484737 0.57786
vt 0.485087 0.577882
vt 0.485115 0.5779
f 5641/5641/5641 5642/5642/5642 5643/5643/5643
v 1.35169 3.39582 0.101826
v 1.34988 3.39582 0.102084
v 1.35045 3.39616 0.10174
vn -0.110034 -0.607602 -0.786583
vn -0.110034 -0.607602 -0.786583
vn -0.110034 -0.607602 -0.786583
vt 0.485091 0.578096
vt 0.484748 0.578124
vt 0.484849 0.57805
f 5644/5644/5644 5645/5645/5645 5646/5646/5646
v 1.35045 3.39616 0.10174
v 1.35183 3.39591 0.10174
v 1.35169 3.39582 0.101826
vn -0.110083 -0.607754 -0.786458
vn -0.110083 -0.607754 -0.786458
vn -0.110083 -0.607754 -0.786458
vt 0.484849 0.57805
vt 0.485117 0.578078
vt 0.485091 0.578096
f 5647/5647/5647 5648/5648/5648 5649/5649/5649
v 1.34488 3.39264 0.106046
v 1.34488 3.39375 0.105185
v 1.34544 3.39368 0.10484
vn -0.499166 -0.52831 -0.68682
vn -0.499166 -0.52831 -0.68682
vn -0.499166 -0.52831 -0.68682
vt 0.491124 0.563766
vt 0.490962 0.563975
vt 0.490854 0.563934
f 5650/5650/5650 5651/5651/5651 5652/5652/5652
v 1.34544 3.39368 0.10484
v 1.34502 3.39262 0.10596
v 1.34488 3.39264 0.106046
vn -0.499794 -0.527853 -0.686714
vn -0.499794 -0.527853 -0.686714
vn -0.499794 -0.527853 -0.686714
vt 0.490854 0.563934
vt 0.491097 0.563755
vt 0.491124 0.563766
f 5653/5653/5653 5654/5654/5654 5655/5655/5655
v 1.34488 3.39691 0.10596
v 1.34488 3.39706 0.10484
v 1.34488 3.39651 0.105185
vn -1 0 -0
vn -1 0 -0
vn -1 0 -0
vt 0.52046 0.548833
vt 0.520431 0.548621
vt 0.520535 0.548686
f 5656/5656/5656 5657/5657/5657 5658/5658/5658
v 1.34488 3.39651 0.105185
v 1.34488 3.39677 0.106046
v 1.34488 3.39691 0.10596
vn -1 0 -0
vn -1 0 -0
vn -1 0 -0
vt 0.520535 0.548686
vt 0.520486 0.548849
vt 0.52046 0.548833
f 5659/5659/5659 5660/5660/5660 5661/5661/5661
v 1.34488 3.39925 0.10174
v 1.34488 3.39815 0.10174
v 1.34488 3.39872 0.102084
vn -1 0 -0
vn -1 0 -0
vn -1 0 -0
vt 0.520019 0.548036
vt 0.520225 0.548036
vt 0.520119 0.548101
f 5662/5662/5662 5663/5663/5663 5664/5664/5664
v 1.34488 3.39872 0.102084
v 1.34488 3.39939 0.101826
v 1.34488 3.39925 0.10174
vn -1 0 -0
vn -1 0 -0
vn -1 0 -0
vt 0.520119 0.548101
vt 0.519992 0.548052
vt 0.520019 0.548036
f 5665/5665/5665 5666/5666/5666 5667/5667/5667
v 1.34488 3.3918 0.102084
v 1.34488 3.39335 0.102515
v 1.34488 3.39381 0.10174
vn -1 0 -0
vn -1 0 -0
vn -1 0 -0
vt 0.521424 0.548101
vt 0.521133 0.548182
vt 0.521045 0.548036
f 5668/5668/5668 5669/5669/5669 5670/5670/5670
v 1.34488 3.39381 0.10174
v 1.34488 3.39201 0.10174
v 1.34488 3.3918 0.102084
vn -1 0 -0
vn -1 0 -0
vn -1 0 -0
vt 0.521045 0.548036
vt 0.521385 0.548036
vt 0.521424 0.548101
f 5671/5671/5671 5672/5672/5672 5673/5673/5673
v 1.34488 3.3972 0.10484
v 1.34488 3.39763 0.103893
v 1.34488 3.39559 0.103893
vn -1 0 -0
vn -1 0 -0
vn -1 0 -0
vt 0.520405 0.548621
vt 0.520324 0.548442
vt 0.520709 0.548442
f 5674/5674/5674 5675/5675/5675 5676/5676/5676
v 1.34488 3.39559 0.103893
v 1.34488 3.39629 0.10484
v 1.34488 3.3972 0.10484
vn -1 0 -0
vn -1 0 -0
vn -1 0 -0
vt 0.520709 0.548442
vt 0.520576 0.548621
vt 0.520405 0.548621
f 5677/5677/5677 5678/5678/5678 5679/5679/5679
v 1.34544 3.39996 0.10174
v 1.34614 3.39901 0.10174
v 1.34488 3.39901 0.102515
vn -0.487828 -0.361195 -0.794709
vn -0.487828 -0.361195 -0.794709
vn -0.487828 -0.361195 -0.794709
vt 0.483842 0.577401
vt 0.48399 0.577571
vt 0.483749 0.57759
f 5680/5680/5680 5681/5681/5681 5682/5682/5682
v 1.34488 3.39901 0.102515
v 1.34488 3.39996 0.102084
v 1.34544 3.39996 0.10174
vn -0.487698 -0.361299 -0.794741
vn -0.487698 -0.361299 -0.794741
vn -0.487698 -0.361299 -0.794741
vt 0.483749 0.57759
vt 0.483736 0.577409
vt 0.483842 0.577401
f 5683/5683/5683 5684/5684/5684 5685/5685/5685
v 1.35049 3.39678 0.10174
v 1.34964 3.39668 0.10174
v 1.34839 3.39763 0.10174
vn 0 0 -1
vn 0 0 -1
vn 0 0 -1
vt 0.484848 0.577932
vt 0.484688 0.577963
vt 0.484437 0.5778
f 5686/5686/5686 5687/5687/5687 5688/5688/5688
v 1.34839 3.39763 0.10174
v 1.34993 3.3972 0.10174
v 1.35049 3.39678 0.10174
vn 0 0 -1
vn 0 0 -1
vn 0 0 -1
vt 0.484437 0.5778
vt 0.484737 0.57786
vt 0.484848 0.577932
f 5689/5689/5689 5690/5690/5690 5691/5691/5691
v 1.34988 3.39582 0.102084
v 1.34836 3.3956 0.102515
v 1.34962 3.39637 0.10174
vn -0.146298 -0.570009 -0.808509
vn -0.146298 -0.570009 -0.808509
vn -0.146298 -0.570009 -0.808509
vt 0.484748 0.578124
vt 0.48446 0.578188
vt 0.484689 0.578022
f 5692/5692/5692 5693/5693/5693 5694/5694/5694
v 1.34962 3.39637 0.10174
v 1.35045 3.39616 0.10174
v 1.34988 3.39582 0.102084
vn -0.14649 -0.570058 -0.80844
vn -0.14649 -0.570058 -0.80844
vn -0.14649 -0.570058 -0.80844
vt 0.484689 0.578022
vt 0.484849 0.57805
vt 0.484748 0.578124
f 5695/5695/5695 5696/5696/5696 5697/5697/5697
v 1.34488 3.39375 0.105185
v 1.34488 3.3947 0.104668
v 1.34613 3.39453 0.103893
vn -0.521017 -0.408766 -0.749301
vn -0.521017 -0.408766 -0.749301
vn -0.521017 -0.408766 -0.749301
vt 0.483826 0.578589
vt 0.483812 0.578409
vt 0.484053 0.578423
f 5698/5698/5698 5699/5699/5699 5700/5700/5700
v 1.34613 3.39453 0.103893
v 1.34544 3.39368 0.10484
v 1.34488 3.39375 0.105185
vn -0.521229 -0.408457 -0.749322
vn -0.521229 -0.408457 -0.749322
vn -0.521229 -0.408457 -0.749322
vt 0.484053 0.578423
vt 0.483933 0.578595
vt 0.483826 0.578589
f 5701/5701/5701 5702/5702/5702 5703/5703/5703
v 1.34488 3.39706 0.10484
v 1.34488 3.39732 0.103893
v 1.34488 3.39608 0.104668
vn -1 0 -0
vn -1 0 -0
vn -1 0 -0
vt 0.520431 0.548621
vt 0.520382 0.548442
vt 0.520617 0.548589
f 5704/5704/5704 5705/5705/5705 5706/5706/5706
v 1.34488 3.39608 0.104668
v 1.34488 3.39651 0.105185
v 1.34488 3.39706 0.10484
vn -1 0 -0
vn -1 0 -0
vn -1 0 -0
vt 0.520617 0.548589
vt 0.520535 0.548686
vt 0.520431 0.548621
f 5707/5707/5707 5708/5708/5708 5709/5709/5709
v 1.34488 3.39815 0.10174
v 1.34488 3.39688 0.10174
v 1.34488 3.39815 0.102515
vn -1 0 -0
vn -1 0 -0
vn -1 0 -0
vt 0.520225 0.548036
vt 0.520465 0.548036
vt 0.520226 0.548182
f 5710/5710/5710 5711/5711/5711 5712/5712/5712
v 1.34488 3.39815 0.102515
v 1.34488 3.39872 0.102084
v 1.34488 3.39815 0.10174
vn -1 0 -0
vn -1 0 -0
vn -1 0 -0
vt 0.520226 0.548182
vt 0.520119 0.548101
vt 0.520225 0.548036
f 5713/5713/5713 5714/5714/5714 5715/5715/5715
v 1.34488 3.39335 0.102515
v 1.34488 3.39461 0.103118
v 1.34488 3.39544 0.10174
vn -1 0 -0
vn -1 0 -0
vn -1 0 -0
vt 0.521133 0.548182
vt 0.520894 0.548296
vt 0.520738 0.548036
f 5716/5716/5716 5717/5717/5717 5718/5718/5718
v 1.34488 3.39544 0.10174
v 1.34488 3.39381 0.10174
v 1.34488 3.39335 0.102515
vn -1 0 -0
vn -1 0 -0
vn -1 0 -0
vt 0.520738 0.548036
vt 0.521045 0.548036
vt 0.521133 0.548182
f 5719/5719/5719 5720/5720/5720 5721/5721/5721
v 1.34488 3.39763 0.103893
v 1.34488 3.39823 0.103118
v 1.34488 3.39461 0.103118
vn -1 0 -0
vn -1 0 -0
vn -1 0 -0
vt 0.520324 0.548442
vt 0.52021 0.548296
vt 0.520894 0.548296
f 5722/5722/5722 5723/5723/5723 5724/5724/5724
v 1.34488 3.39461 0.103118
v 1.34488 3.39559 0.103893
v 1.34488 3.39763 0.103893
vn -1 0 -0
vn -1 0 -0
vn -1 0 -0
vt 0.520894 0.548296
vt 0.520709 0.548442
vt 0.520324 0.548442
f 5725/5725/5725 5726/5726/5726 5727/5727/5727
v 1.34614 3.39901 0.10174
v 1.34713 3.39823 0.10174
v 1.34488 3.39823 0.103118
vn -0.436037 -0.552466 -0.710389
vn -0.436037 -0.552466 -0.710389
vn -0.436037 -0.552466 -0.710389
vt 0.48399 0.577571
vt 0.484188 0.577704
vt 0.483761 0.577737
f 5728/5728/5728 5729/5729/5729 5730/5730/5730
v 1.34488 3.39823 0.103118
v 1.34488 3.39901 0.102515
v 1.34614 3.39901 0.10174
vn -0.436075 -0.552424 -0.710399
vn -0.436075 -0.552424 -0.710399
vn -0.436075 -0.552424 -0.710399
vt 0.483761 0.577737
vt 0.483749 0.57759
vt 0.48399 0.577571
f 5731/5731/5731 5732/5732/5732 5733/5733/5733
v 1.34964 3.39668 0.10174
v 1.34935 3.39655 0.10174
v 1.34713 3.39823 0.10174
vn 0 0 -1
vn 0 0 -1
vn 0 0 -1
vt 0.484688 0.577963
vt 0.484635 0.577993
vt 0.484188 0.577704
f 5734/5734/5734 5735/5735/5735 5736/5736/5736
v 1.34713 3.39823 0.10174
v 1.34839 3.39763 0.10174
v 1.34964 3.39668 0.10174
vn 0 0 -1
vn 0 0 -1
vn 0 0 -1
vt 0.484188 0.577704
vt 0.484437 0.5778
vt 0.484688 0.577963
f 5737/5737/5737 5738/5738/5738 5739/5739/5739
v 1.34836 3.3956 0.102515
v 1.34711 3.39517 0.103118
v 1.34935 3.39655 0.10174
vn -0.272597 -0.420964 -0.865147
vn -0.272597 -0.420964 -0.865147
vn -0.272597 -0.420964 -0.865147
vt 0.48446 0.578188
vt 0.484228 0.578287
vt 0.484635 0.577993
f 5740/5740/5740 5741/5741/5741 5742/5742/5742
v 1.34935 3.39655 0.10174
v 1.34962 3.39637 0.10174
v 1.34836 3.3956 0.102515
vn -0.272393 -0.421154 -0.865119
vn -0.272393 -0.421154 -0.865119
vn -0.272393 -0.421154 -0.865119
vt 0.484635 0.577993
vt 0.484689 0.578022
vt 0.48446 0.578188
f 5743/5743/5743 5744/5744/5744 5745/5745/5745
v 1.34488 3.3947 0.104668
v 1.34488 3.39548 0.104496
v 1.34711 3.39517 0.103118
vn -0.536099 -0.183094 -0.82406
vn -0.536099 -0.183094 -0.82406
vn -0.536099 -0.183094 -0.82406
vt 0.483812 0.578409
vt 0.483801 0.578261
vt 0.484228 0.578287
f 5746/5746/5746 5747/5747/5747 5748/5748/5748
v 1.34711 3.39517 0.103118
v 1.34613 3.39453 0.103893
v 1.34488 3.3947 0.104668
vn -0.536033 -0.183355 -0.824044
vn -0.536033 -0.183355 -0.824044
vn -0.536033 -0.183355 -0.824044
vt 0.484228 0.578287
vt 0.484053 0.578423
vt 0.483812 0.578409
f 5749/5749/5749 5750/5750/5750 5751/5751/5751
v 1.34488 3.39732 0.103893
v 1.34488 3.39768 0.103118
v 1.34488 3.39548 0.104496
vn -1 0 -0
vn -1 0 -0
vn -1 0 -0
vt 0.520382 0.548442
vt 0.520314 0.548296
vt 0.52073 0.548556
f 5752/5752/5752 5753/5753/5753 5754/5754/5754
v 1.34488 3.39548 0.104496
v 1.34488 3.39608 0.104668
v 1.34488 3.39732 0.103893
vn -1 0 -0
vn -1 0 -0
vn -1 0 -0
vt 0.52073 0.548556
vt 0.520617 0.548589
vt 0.520382 0.548442
f 5755/5755/5755 5756/5756/5756 5757/5757/5757
v 1.34488 3.39688 0.10174
v 1.34488 3.39544 0.10174
v 1.34488 3.39768 0.103118
vn -1 0 -0
vn -1 0 -0
vn -1 0 -0
vt 0.520465 0.548036
vt 0.520738 0.548036
vt 0.520314 0.548296
f 5758/5758/5758 5759/5759/5759 5760/5760/5760
v 1.34488 3.39768 0.103118
v 1.34488 3.39815 0.102515
v 1.34488 3.39688 0.10174
vn -1 0 -0
vn -1 0 -0
vn -1 0 -0
vt 0.520314 0.548296
vt 0.520226 0.548182
vt 0.520465 0.548036
f 5761/5761/5761 5762/5762/5762 5763/5763/5763
v -1.34488 3.39323 0.101826
v -1.34488 3.39118 0.10174
v -1.34488 3.39329 0.101599
vn 1 0 -0
vn 1 0 -0
vn 1 0 -0
vt 0.521154 0.536735
vt 0.521542 0.536752
vt 0.521144 0.536778
f 5764/5764/5764 5765/5765/5765 5766/5766/5766
v -1.34488 3.40002 0.094864
v -1.34488 3.40016 0.09276
v -1.34488 3.40025 0.094864
vn 1 0 -0
vn 1 0 -0
vn 1 0 -0
vt 0.47729 0.587971
vt 0.477687 0.587997
vt 0.47729 0.588014
f 5767/5767/5767 5768/5768/5768 5769/5769/5769
v -1.34488 3.40438 0.101599
v -1.34488 3.40567 0.10174
v -1.34502 3.40438 0.10174
vn 0.704895 -0.076599 0.705163
vn 0.704895 -0.076599 0.705163
vn 0.704895 -0.076599 0.705163
vt 0.482585 0.559458
vt 0.482341 0.559535
vt 0.48257 0.559422
f 5770/5770/5770 5771/5771/5771 5772/5772/5772
v -1.35176 3.40025 0.10174
v -1.35386 3.40016 0.10174
v -1.35176 3.40025 0.10174
vn 0 0 -0
vn 0 0 -0
vn 0 0 -0
vt 0.476304 0.566009
vt 0.47632 0.566009
vt 0.476304 0.566009
f 5773/5773/5773 5774/5774/5774 5775/5775/5775
v -1.34502 3.40438 0.10174
v -1.34488 3.40567 0.10174
v -1.34488 3.40438 0.101826
vn 0.522259 -0.056752 -0.850897
vn 0.522259 -0.056752 -0.850897
vn 0.522259 -0.056752 -0.850897
vt 0.487524 0.547265
vt 0.487497 0.547509
vt 0.487497 0.547265
f 5776/5776/5776 5777/5777/5777 5778/5778/5778
v -1.34488 3.40025 0.10596
v -1.34488 3.40016 0.107251
v -1.34488 3.40011 0.106046
vn 1 0 -0
vn 1 0 -0
vn 1 0 -0
vt 0.483391 0.558164
vt 0.483408 0.55792
vt 0.483417 0.558148
f 5779/5779/5779 5780/5780/5780 5781/5781/5781
v -1.34488 3.39763 0.106046
v -1.34488 3.39686 0.107251
v -1.34488 3.39749 0.10596
vn 1 0 -0
vn 1 0 -0
vn 1 0 -0
vt 0.483886 0.558148
vt 0.484032 0.55792
vt 0.483912 0.558164
f 5782/5782/5782 5783/5783/5783 5784/5784/5784
v -1.34488 3.39336 0.101826
v -1.34488 3.39134 0.10174
v -1.34502 3.3934 0.10174
vn 0.531387 0.036181 -0.846356
vn 0.531387 0.036181 -0.846356
vn 0.531387 0.036181 -0.846356
vt 0.485759 0.561784
vt 0.485759 0.561402
vt 0.485786 0.561792
f 5785/5785/5785 5786/5786/5786 5787/5787/5787
v -1.35173 3.39945 0.10174
v -1.35383 3.39942 0.10174
v -1.35173 3.39963 0.10174
vn 0 0 -1
vn 0 0 -1
vn 0 0 -1
vt 0.487058 0.56294
vt 0.487456 0.562933
vt 0.487058 0.562972
f 5788/5788/5788 5789/5789/5789 5790/5790/5790
v -1.34502 3.40184 0.10174
v -1.34488 3.40237 0.10174
v -1.34488 3.4018 0.101826
vn 0.492523 -0.130397 -0.860475
vn 0.492523 -0.130397 -0.860475
vn 0.492523 -0.130397 -0.860475
vt 0.485786 0.563392
vt 0.485759 0.563492
vt 0.485759 0.563384
f 5791/5791/5791 5792/5792/5792 5793/5793/5793
v -1.34488 3.39767 0.10596
v -1.34488 3.39686 0.107251
v -1.34488 3.39749 0.10596
vn 1 0 -0
vn 1 0 -0
vn 1 0 -0
vt 0.520317 0.535955
vt 0.52047 0.535711
vt 0.52035 0.535955
f 5794/5794/5794 5795/5795/5795 5796/5796/5796
v -1.34488 3.39329 0.101599
v -1.34488 3.39511 0.101178
v -1.34488 3.3949 0.102084
vn 1 0 -0
vn 1 0 -0
vn 1 0 -0
vt 0.521144 0.536778
vt 0.5208 0.536857
vt 0.520839 0.536686
f 5797/5797/5797 5798/5798/5798 5799/5799/5799
v -1.34488 3.3949 0.102084
v -1.34488 3.39323 0.101826
v -1.34488 3.39329 0.101599
vn 1 0 -0
vn 1 0 -0
vn 1 0 -0
vt 0.520839 0.536686
vt 0.521154 0.536735
vt 0.521144 0.536778
f 5800/5800/5800 5801/5801/5801 5802/5802/5802
v -1.34488 3.40025 0.094864
v -1.34488 3.40051 0.096688
v -1.34488 3.3996 0.096688
vn 1 0 -0
vn 1 0 -0
vn 1 0 -0
vt 0.47729 0.588014
vt 0.476945 0.588063
vt 0.476945 0.587891
f 5803/5803/5803 5804/5804/5804 5805/5805/5805
v -1.34488 3.3996 0.096688
v -1.34488 3.40002 0.094864
v -1.34488 3.40025 0.094864
vn 1 0 -0
vn 1 0 -0
vn 1 0 -0
vt 0.476945 0.587891
vt 0.47729 0.587971
vt 0.47729 0.588014
f 5806/5806/5806 5807/5807/5807 5808/5808/5808
v -1.34502 3.40438 0.10174
v -1.34544 3.40326 0.10174
v -1.34488 3.40326 0.101178
vn 0.683267 -0.25691 0.683479
vn 0.683267 -0.25691 0.683479
vn 0.683267 -0.25691 0.683479
vt 0.48257 0.559422
vt 0.482753 0.559285
vt 0.482811 0.55943
f 5809/5809/5809 5810/5810/5810 5811/5811/5811
v -1.34488 3.40326 0.101178
v -1.34488 3.40438 0.101599
v -1.34502 3.40438 0.10174
vn 0.68324 -0.256924 0.6835
vn 0.68324 -0.256924 0.6835
vn 0.68324 -0.256924 0.6835
vt 0.482811 0.55943
vt 0.482585 0.559458
vt 0.48257 0.559422
f 5812/5812/5812 5813/5813/5813 5814/5814/5814
v -1.35176 3.40025 0.10174
v -1.34993 3.40051 0.10174
v -1.34993 3.40051 0.10174
vn 0 0 -0
vn 0 0 -0
vn 0 0 -0
vt 0.476304 0.566009
vt 0.476256 0.566009
vt 0.476256 0.566009
f 5815/5815/5815 5816/5816/5816 5817/5817/5817
v -1.34993 3.40051 0.10174
v -1.35176 3.40025 0.10174
v -1.35176 3.40025 0.10174
vn 0 0 -0
vn 0 0 -0
vn 0 0 -0
vt 0.476256 0.566009
vt 0.476304 0.566009
vt 0.476304 0.566009
f 5818/5818/5818 5819/5819/5819 5820/5820/5820
v -1.34488 3.40438 0.101826
v -1.34488 3.40326 0.102084
v -1.34544 3.40326 0.10174
vn 0.5132 -0.192951 -0.836299
vn 0.5132 -0.192951 -0.836299
vn 0.5132 -0.192951 -0.836299
vt 0.487497 0.547265
vt 0.487497 0.547053
vt 0.487603 0.547053
f 5821/5821/5821 5822/5822/5822 5823/5823/5823
v -1.34544 3.40326 0.10174
v -1.34502 3.40438 0.10174
v -1.34488 3.40438 0.101826
vn 0.513268 -0.19299 -0.836248
vn 0.513268 -0.19299 -0.836248
vn 0.513268 -0.19299 -0.836248
vt 0.487603 0.547053
vt 0.487524 0.547265
vt 0.487497 0.547265
f 5824/5824/5824 5825/5825/5825 5826/5826/5826
v -1.34488 3.40011 0.106046
v -1.34488 3.39996 0.105185
v -1.34488 3.40051 0.10484
vn 1 0 -0
vn 1 0 -0
vn 1 0 -0
vt 0.483417 0.558148
vt 0.483447 0.55831
vt 0.483343 0.558375
f 5827/5827/5827 5828/5828/5828 5829/5829/5829
v -1.34488 3.40051 0.10484
v -1.34488 3.40025 0.10596
v -1.34488 3.40011 0.106046
vn 1 0 -0
vn 1 0 -0
vn 1 0 -0
vt 0.483343 0.558375
vt 0.483391 0.558164
vt 0.483417 0.558148
f 5830/5830/5830 5831/5831/5831 5832/5832/5832
v -1.34488 3.39749 0.10596
v -1.34488 3.39775 0.10484
v -1.34488 3.3983 0.105185
vn 1 0 -0
vn 1 0 -0
vn 1 0 -0
vt 0.483912 0.558164
vt 0.483863 0.558375
vt 0.483759 0.55831
f 5833/5833/5833 5834/5834/5834 5835/5835/5835
v -1.34488 3.3983 0.105185
v -1.34488 3.39763 0.106046
v -1.34488 3.39749 0.10596
vn 1 0 -0
vn 1 0 -0
vn 1 0 -0
vt 0.483759 0.55831
vt 0.483886 0.558148
vt 0.483912 0.558164
f 5836/5836/5836 5837/5837/5837 5838/5838/5838
v -1.34502 3.3934 0.10174
v -1.34544 3.39515 0.10174
v -1.34488 3.39499 0.102084
vn 0.546652 0.13058 -0.827115
vn 0.546652 0.13058 -0.827115
vn 0.546652 0.13058 -0.827115
vt 0.485786 0.561792
vt 0.485865 0.562125
vt 0.485759 0.562094
f 5839/5839/5839 5840/5840/5840 5841/5841/5841
v -1.34488 3.39499 0.102084
v -1.34488 3.39336 0.101826
v -1.34502 3.3934 0.10174
vn 0.546542 0.130604 -0.827184
vn 0.546542 0.130604 -0.827184
vn 0.546542 0.130604 -0.827184
vt 0.485759 0.562094
vt 0.485759 0.561784
vt 0.485786 0.561792
f 5842/5842/5842 5843/5843/5843 5844/5844/5844
v -1.35173 3.39963 0.10174
v -1.34992 3.39988 0.10174
v -1.34992 3.39919 0.10174
vn 0 0 -1
vn 0 0 -1
vn 0 0 -1
vt 0.487058 0.562972
vt 0.486713 0.563021
vt 0.486713 0.56289
f 5845/5845/5845 5846/5846/5846 5847/5847/5847
v -1.34992 3.39919 0.10174
v -1.35173 3.39945 0.10174
v -1.35173 3.39963 0.10174
vn 0 0 -1
vn 0 0 -1
vn 0 0 -1
vt 0.486713 0.56289
vt 0.487058 0.56294
vt 0.487058 0.562972
f 5848/5848/5848 5849/5849/5849 5850/5850/5850
v -1.34488 3.4018 0.101826
v -1.34488 3.4012 0.102084
v -1.34544 3.40136 0.10174
vn 0.412878 -0.358779 -0.837144
vn 0.412878 -0.358779 -0.837144
vn 0.412878 -0.358779 -0.837144
vt 0.485759 0.563384
vt 0.485759 0.56327
vt 0.485865 0.5633
f 5851/5851/5851 5852/5852/5852 5853/5853/5853
v -1.34544 3.40136 0.10174
v -1.34502 3.40184 0.10174
v -1.34488 3.4018 0.101826
vn 0.412915 -0.358834 -0.837102
vn 0.412915 -0.358834 -0.837102
vn 0.412915 -0.358834 -0.837102
vt 0.485865 0.5633
vt 0.485786 0.563392
vt 0.485759 0.563384
f 5854/5854/5854 5855/5855/5855 5856/5856/5856
v -1.34488 3.39749 0.10596
v -1.34488 3.39774 0.10484
v -1.34488 3.39844 0.10484
vn 1 0 -0
vn 1 0 -0
vn 1 0 -0
vt 0.52035 0.535955
vt 0.520303 0.536166
vt 0.520171 0.536166
f 5857/5857/5857 5858/5858/5858 5859/5859/5859
v -1.34488 3.39844 0.10484
v -1.34488 3.39767 0.10596
v -1.34488 3.39749 0.10596
vn 1 0 -0
vn 1 0 -0
vn 1 0 -0
vt 0.520171 0.536166
vt 0.520317 0.535955
vt 0.52035 0.535955
f 5860/5860/5860 5861/5861/5861 5862/5862/5862
v -1.34488 3.39511 0.101178
v -1.34488 3.39665 0.100477
v -1.34488 3.39619 0.102515
vn 1 0 -0
vn 1 0 -0
vn 1 0 -0
vt 0.5208 0.536857
vt 0.520508 0.53699
vt 0.520596 0.536605
f 5863/5863/5863 5864/5864/5864 5865/5865/5865
v -1.34488 3.39619 0.102515
v -1.34488 3.3949 0.102084
v -1.34488 3.39511 0.101178
vn 1 0 -0
vn 1 0 -0
vn 1 0 -0
vt 0.520596 0.536605
vt 0.520839 0.536686
vt 0.5208 0.536857
f 5866/5866/5866 5867/5867/5867 5868/5868/5868
v -1.34488 3.40051 0.096688
v -1.34488 3.40094 0.098232
v -1.34488 3.3989 0.098232
vn 1 0 -0
vn 1 0 -0
vn 1 0 -0
vt 0.476945 0.588063
vt 0.476654 0.588144
vt 0.476654 0.587759
f 5869/5869/5869 5870/5870/5870 5871/5871/5871
v -1.34488 3.3989 0.098232
v -1.34488 3.3996 0.096688
v -1.34488 3.40051 0.096688
vn 1 0 -0
vn 1 0 -0
vn 1 0 -0
vt 0.476654 0.587759
vt 0.476945 0.587891
vt 0.476945 0.588063
f 5872/5872/5872 5873/5873/5873 5874/5874/5874
v -1.34544 3.40326 0.10174
v -1.34615 3.40231 0.10174
v -1.34488 3.40231 0.100477
vn 0.626374 -0.463918 0.626447
vn 0.626374 -0.463918 0.626447
vn 0.626374 -0.463918 0.626447
vt 0.482753 0.559285
vt 0.482889 0.559125
vt 0.483021 0.559451
f 5875/5875/5875 5876/5876/5876 5877/5877/5877
v -1.34488 3.40231 0.100477
v -1.34488 3.40326 0.101178
v -1.34544 3.40326 0.10174
vn 0.62628 -0.464009 0.626473
vn 0.62628 -0.464009 0.626473
vn 0.62628 -0.464009 0.626473
vt 0.483021 0.559451
vt 0.482811 0.55943
vt 0.482753 0.559285
f 5878/5878/5878 5879/5879/5879 5880/5880/5880
v -1.34993 3.40051 0.10174
v -1.34839 3.40094 0.10174
v -1.34839 3.40094 0.10174
vn 0 0 -0
vn 0 0 -0
vn 0 0 -0
vt 0.476256 0.566009
vt 0.476175 0.566009
vt 0.476175 0.566009
f 5881/5881/5881 5882/5882/5882 5883/5883/5883
v -1.34839 3.40094 0.10174
v -1.34993 3.40051 0.10174
v -1.34993 3.40051 0.10174
vn 0 0 -0
vn 0 0 -0
vn 0 0 -0
vt 0.476175 0.566009
vt 0.476256 0.566009
vt 0.476256 0.566009
f 5884/5884/5884 5885/5885/5885 5886/5886/5886
v -1.34488 3.40326 0.102084
v -1.34488 3.40231 0.102515
v -1.34615 3.40231 0.10174
vn 0.487749 -0.361287 -0.794715
vn 0.487749 -0.361287 -0.794715
vn 0.487749 -0.361287 -0.794715
vt 0.487497 0.547053
vt 0.487497 0.546874
vt 0.487736 0.546874
f 5887/5887/5887 5888/5888/5888 5889/5889/5889
v -1.34615 3.40231 0.10174
v -1.34544 3.40326 0.10174
v -1.34488 3.40326 0.102084
vn 0.487714 -0.361221 -0.794767
vn 0.487714 -0.361221 -0.794767
vn 0.487714 -0.361221 -0.794767
vt 0.487736 0.546874
vt 0.487603 0.547053
vt 0.487497 0.547053
f 5890/5890/5890 5891/5891/5891 5892/5892/5892
v -1.34488 3.39996 0.105185
v -1.34488 3.3997 0.104668
v -1.34488 3.40094 0.103893
vn 1 0 -0
vn 1 0 -0
vn 1 0 -0
vt 0.483447 0.55831
vt 0.483495 0.558408
vt 0.483261 0.558554
f 5893/5893/5893 5894/5894/5894 5895/5895/5895
v -1.34488 3.40094 0.103893
v -1.34488 3.40051 0.10484
v -1.34488 3.39996 0.105185
vn 1 0 -0
vn 1 0 -0
vn 1 0 -0
vt 0.483261 0.558554
vt 0.483343 0.558375
vt 0.483447 0.55831
f 5896/5896/5896 5897/5897/5897 5898/5898/5898
v -1.34488 3.39775 0.10484
v -1.34488 3.39763 0.103893
v -1.34488 3.39887 0.104668
vn 1 0 -0
vn 1 0 -0
vn 1 0 -0
vt 0.483863 0.558375
vt 0.483886 0.558554
vt 0.483652 0.558408
f 5899/5899/5899 5900/5900/5900 5901/5901/5901
v -1.34488 3.39887 0.104668
v -1.34488 3.3983 0.105185
v -1.34488 3.39775 0.10484
vn 1 0 -0
vn 1 0 -0
vn 1 0 -0
vt 0.483652 0.558408
vt 0.483759 0.55831
vt 0.483863 0.558375
f 5902/5902/5902 5903/5903/5903 5904/5904/5904
v -1.34544 3.39515 0.10174
v -1.34614 3.39661 0.10174
v -1.34488 3.39625 0.102515
vn 0.559652 0.268465 -0.784039
vn 0.559652 0.268465 -0.784039
vn 0.559652 0.268465 -0.784039
vt 0.485865 0.562125
vt 0.485998 0.562401
vt 0.485759 0.562333
f 5905/5905/5905 5906/5906/5906 5907/5907/5907
v -1.34488 3.39625 0.102515
v -1.34488 3.39499 0.102084
v -1.34544 3.39515 0.10174
vn 0.559591 0.268515 -0.784065
vn 0.559591 0.268515 -0.784065
vn 0.559591 0.268515 -0.784065
vt 0.485759 0.562333
vt 0.485759 0.562094
vt 0.485865 0.562125
f 5908/5908/5908 5909/5909/5909 5910/5910/5910
v -1.34992 3.39988 0.10174
v -1.34838 3.40018 0.10174
v -1.34838 3.39863 0.10174
vn 0 0 -1
vn 0 0 -1
vn 0 0 -1
vt 0.486713 0.563021
vt 0.486422 0.563077
vt 0.486422 0.562784
f 5911/5911/5911 5912/5912/5912 5913/5913/5913
v -1.34838 3.39863 0.10174
v -1.34992 3.39919 0.10174
v -1.34992 3.39988 0.10174
vn 0 0 -1
vn 0 0 -1
vn 0 0 -1
vt 0.486422 0.562784
vt 0.486713 0.56289
vt 0.486713 0.563021
f 5914/5914/5914 5915/5915/5915 5916/5916/5916
v -1.34488 3.4012 0.102084
v -1.34488 3.40056 0.102515
v -1.34614 3.40092 0.10174
vn 0.330455 -0.528322 -0.782097
vn 0.330455 -0.528322 -0.782097
vn 0.330455 -0.528322 -0.782097
vt 0.485759 0.56327
vt 0.485759 0.563149
vt 0.485998 0.563217
f 5917/5917/5917 5918/5918/5918 5919/5919/5919
v -1.34614 3.40092 0.10174
v -1.34544 3.40136 0.10174
v -1.34488 3.4012 0.102084
vn 0.330456 -0.528375 -0.78206
vn 0.330456 -0.528375 -0.78206
vn 0.330456 -0.528375 -0.78206
vt 0.485998 0.563217
vt 0.485865 0.5633
vt 0.485759 0.56327
f 5920/5920/5920 5921/5921/5921 5922/5922/5922
v -1.34488 3.39774 0.10484
v -1.34488 3.39761 0.103893
v -1.34488 3.39918 0.103893
vn 1 0 -0
vn 1 0 -0
vn 1 0 -0
vt 0.520303 0.536166
vt 0.520328 0.536345
vt 0.520031 0.536345
f 5923/5923/5923 5924/5924/5924 5925/5925/5925
v -1.34488 3.39918 0.103893
v -1.34488 3.39844 0.10484
v -1.34488 3.39774 0.10484
vn 1 0 -0
vn 1 0 -0
vn 1 0 -0
vt 0.520031 0.536345
vt 0.520171 0.536166
vt 0.520303 0.536166
f 5926/5926/5926 5927/5927/5927 5928/5928/5928
v -1.34488 3.39665 0.100477
v -1.34488 3.39792 0.099495
v -1.34488 3.39709 0.103118
vn 1 0 -0
vn 1 0 -0
vn 1 0 -0
vt 0.520508 0.53699
vt 0.52027 0.537176
vt 0.520426 0.536491
f 5929/5929/5929 5930/5930/5930 5931/5931/5931
v -1.34488 3.39709 0.103118
v -1.34488 3.39619 0.102515
v -1.34488 3.39665 0.100477
vn 1 0 -0
vn 1 0 -0
vn 1 0 -0
vt 0.520426 0.536491
vt 0.520596 0.536605
vt 0.520508 0.53699
f 5932/5932/5932 5933/5933/5933 5934/5934/5934
v -1.34488 3.40094 0.098232
v -1.34488 3.40154 0.099495
v -1.34488 3.39792 0.099495
vn 1 0 -0
vn 1 0 -0
vn 1 0 -0
vt 0.476654 0.588144
vt 0.476415 0.588258
vt 0.476415 0.587573
f 5935/5935/5935 5936/5936/5936 5937/5937/5937
v -1.34488 3.39792 0.099495
v -1.34488 3.3989 0.098232
v -1.34488 3.40094 0.098232
vn 1 0 -0
vn 1 0 -0
vn 1 0 -0
vt 0.476415 0.587573
vt 0.476654 0.587759
vt 0.476654 0.588144
f 5938/5938/5938 5939/5939/5939 5940/5940/5940
v -1.34615 3.40231 0.10174
v -1.34713 3.40154 0.10174
v -1.34488 3.40154 0.099495
vn 0.526645 -0.667268 0.526686
vn 0.526645 -0.667268 0.526686
vn 0.526645 -0.667268 0.526686
vt 0.482889 0.559125
vt 0.48298 0.558941
vt 0.483213 0.559521
f 5941/5941/5941 5942/5942/5942 5943/5943/5943
v -1.34488 3.40154 0.099495
v -1.34488 3.40231 0.100477
v -1.34615 3.40231 0.10174
vn 0.526619 -0.667294 0.52668
vn 0.526619 -0.667294 0.52668
vn 0.526619 -0.667294 0.52668
vt 0.483213 0.559521
vt 0.483021 0.559451
vt 0.482889 0.559125
f 5944/5944/5944 5945/5945/5945 5946/5946/5946
v -1.34839 3.40094 0.10174
v -1.34713 3.40154 0.10174
v -1.34713 3.40154 0.10174
vn 0 0 -0
vn 0 0 -0
vn 0 0 -0
vt 0.476175 0.566009
vt 0.476063 0.566009
vt 0.476063 0.566009
f 5947/5947/5947 5948/5948/5948 5949/5949/5949
v -1.34713 3.40154 0.10174
v -1.34839 3.40094 0.10174
v -1.34839 3.40094 0.10174
vn 0 0 -0
vn 0 0 -0
vn 0 0 -0
vt 0.476063 0.566009
vt 0.476175 0.566009
vt 0.476175 0.566009
f 5950/5950/5950 5951/5951/5951 5952/5952/5952
v -1.34488 3.40231 0.102515
v -1.34488 3.40154 0.103118
v -1.34713 3.40154 0.10174
vn 0.436016 -0.552441 -0.710421
vn 0.436016 -0.552441 -0.710421
vn 0.436016 -0.552441 -0.710421
vt 0.487497 0.546874
vt 0.487497 0.546727
vt 0.487922 0.546727
f 5953/5953/5953 5954/5954/5954 5955/5955/5955
v -1.34713 3.40154 0.10174
v -1.34615 3.40231 0.10174
v -1.34488 3.40231 0.102515
vn 0.436016 -0.552439 -0.710423
vn 0.436016 -0.552439 -0.710423
vn 0.436016 -0.552439 -0.710423
vt 0.487922 0.546727
vt 0.487736 0.546874
vt 0.487497 0.546874
f 5956/5956/5956 5957/5957/5957 5958/5958/5958
v -1.34488 3.3997 0.104668
v -1.34488 3.39933 0.104496
v -1.34488 3.40154 0.103118
vn 1 0 -0
vn 1 0 -0
vn 1 0 -0
vt 0.483495 0.558408
vt 0.483564 0.558441
vt 0.483147 0.558701
f 5959/5959/5959 5960/5960/5960 5961/5961/5961
v -1.34488 3.40154 0.103118
v -1.34488 3.40094 0.103893
v -1.34488 3.3997 0.104668
vn 1 0 -0
vn 1 0 -0
vn 1 0 -0
vt 0.483147 0.558701
vt 0.483261 0.558554
vt 0.483495 0.558408
f 5962/5962/5962 5963/5963/5963 5964/5964/5964
v -1.34488 3.39763 0.103893
v -1.34488 3.39713 0.103118
v -1.34488 3.39933 0.104496
vn 1 0 -0
vn 1 0 -0
vn 1 0 -0
vt 0.483886 0.558554
vt 0.48398 0.558701
vt 0.483564 0.558441
f 5965/5965/5965 5966/5966/5966 5967/5967/5967
v -1.34488 3.39933 0.104496
v -1.34488 3.39887 0.104668
v -1.34488 3.39763 0.103893
vn 1 0 -0
vn 1 0 -0
vn 1 0 -0
vt 0.483564 0.558441
vt 0.483652 0.558408
vt 0.483886 0.558554
f 5968/5968/5968 5969/5969/5969 5970/5970/5970
v -1.34614 3.39661 0.10174
v -1.34712 3.39777 0.10174
v -1.34488 3.39713 0.103118
vn 0.556458 0.470111 -0.685091
vn 0.556458 0.470111 -0.685091
vn 0.556458 0.470111 -0.685091
vt 0.480244 0.56593
vt 0.480456 0.566123
vt 0.479945 0.566141
f 5971/5971/5971 5972/5972/5972 5973/5973/5973
v -1.34488 3.39713 0.103118
v -1.34488 3.39625 0.102515
v -1.34614 3.39661 0.10174
vn 0.556427 0.470161 -0.685082
vn 0.556427 0.470161 -0.685082
vn 0.556427 0.470161 -0.685082
vt 0.479945 0.566141
vt 0.479957 0.56594
vt 0.480244 0.56593
f 5974/5974/5974 5975/5975/5975 5976/5976/5976
v -1.34838 3.40018 0.10174
v -1.34712 3.40053 0.10174
v -1.34712 3.39777 0.10174
vn 0 0 -1
vn 0 0 -1
vn 0 0 -1
vt 0.486422 0.563077
vt 0.486183 0.563143
vt 0.486183 0.562621
f 5977/5977/5977 5978/5978/5978 5979/5979/5979
v -1.34712 3.39777 0.10174
v -1.34838 3.39863 0.10174
v -1.34838 3.40018 0.10174
vn 0 0 -1
vn 0 0 -1
vn 0 0 -1
vt 0.486183 0.562621
vt 0.486422 0.562784
vt 0.486422 0.563077
f 5980/5980/5980 5981/5981/5981 5982/5982/5982
v -1.34488 3.40056 0.102515
v -1.34488 3.39989 0.103118
v -1.34712 3.40053 0.10174
vn 0.258168 -0.645212 -0.719062
vn 0.258168 -0.645212 -0.719062
vn 0.258168 -0.645212 -0.719062
vt 0.485759 0.563149
vt 0.485759 0.563022
vt 0.486183 0.563143
f 5983/5983/5983 5984/5984/5984 5985/5985/5985
v -1.34712 3.40053 0.10174
v -1.34614 3.40092 0.10174
v -1.34488 3.40056 0.102515
vn 0.258157 -0.645252 -0.71903
vn 0.258157 -0.645252 -0.71903
vn 0.258157 -0.645252 -0.71903
vt 0.486183 0.563143
vt 0.485998 0.563217
vt 0.485759 0.563149
f 5986/5986/5986 5987/5987/5987 5988/5988/5988
v -1.34488 3.39761 0.103893
v -1.34488 3.39709 0.103118
v -1.34488 3.39989 0.103118
vn 1 0 -0
vn 1 0 -0
vn 1 0 -0
vt 0.520328 0.536345
vt 0.520426 0.536491
vt 0.519898 0.536491
f 5989/5989/5989 5990/5990/5990 5991/5991/5991
v -1.34488 3.39989 0.103118
v -1.34488 3.39918 0.103893
v -1.34488 3.39761 0.103893
vn 1 0 -0
vn 1 0 -0
vn 1 0 -0
vt 0.519898 0.536491
vt 0.520031 0.536345
vt 0.520328 0.536345
f 5992/5992/5992 5993/5993/5993 5994/5994/5994
v -1.34488 3.39511 0.101178
v -1.34488 3.39329 0.101599
v 1.34488 3.39003 0.10174
vn 0.000255 0.320948 0.947097
vn 0.000152 0.146191 0.989256
vn -0.00013 5e-005 1
vt 0.61589 0.524191
vt 0.615543 0.524191
vt 0.614923 0.012224
f 5995/5995/5995 5996/5996/5996 5997/5997/5997
v 1.34488 3.39003 0.10174
v 1.34488 3.39201 0.10174
v -1.34488 3.39511 0.101178
vn -0.00013 5e-005 1
vn -0.000339 8.3e-005 1
vn 0.000255 0.320948 0.947097
vt 0.614923 0.012224
vt 0.6153 0.012224
vt 0.61589 0.524191
f 5998/5998/5998 5999/5999/5999 6000/6000/6000
v -1.34488 3.39665 0.100477
v -1.34488 3.39511 0.101178
v 1.34488 3.39201 0.10174
vn 0.000284 0.51744 0.855719
vn 0.000255 0.320948 0.947097
vn -0.000339 8.3e-005 1
vt 0.616184 0.524191
vt 0.61589 0.524191
vt 0.6153 0.012224
f 6001/6001/6001 6002/6002/6002 6003/6003/6003
v 1.34488 3.39201 0.10174
v 1.34488 3.39381 0.10174
v -1.34488 3.39665 0.100477
vn -0.000339 8.3e-005 1
vn -0.000652 0.000116 1
vn 0.000284 0.51744 0.855719
vt 0.6153 0.012224
vt 0.615643 0.012224
vt 0.616184 0.524191
f 6004/6004/6004 6005/6005/6005 6006/6006/6006
v -1.34488 3.39792 0.099495
v -1.34488 3.39665 0.100477
v 1.34488 3.39381 0.10174
vn 0.000248 0.707097 0.707116
vn 0.000284 0.51744 0.855719
vn -0.000652 0.000116 1
vt 0.616424 0.524191
vt 0.616184 0.524191
vt 0.615643 0.012224
f 6007/6007/6007 6008/6008/6008 6009/6009/6009
v 1.34488 3.39381 0.10174
v 1.34488 3.39544 0.10174
v -1.34488 3.39792 0.099495
vn -0.000652 0.000116 1
vn -0.001069 0.000149 0.999999
vn 0.000248 0.707097 0.707116
vt 0.615643 0.012224
vt 0.615952 0.012224
vt 0.616424 0.524191
f 6010/6010/6010 6011/6011/6011 6012/6012/6012
v -1.34488 3.3989 0.098232
v -1.34488 3.39792 0.099495
v 1.34488 3.39544 0.10174
vn 0.00018 0.855713 0.51745
vn 0.000248 0.707097 0.707116
vn -0.001069 0.000149 0.999999
vt 0.482922 0.522204
vt 0.48262 0.522204
vt 0.481857 0.014211
f 6013/6013/6013 6014/6014/6014 6015/6015/6015
v 1.34488 3.39544 0.10174
v 1.34488 3.39688 0.10174
v -1.34488 3.3989 0.098232
vn -0.001069 0.000149 0.999999
vn -0.001591 0.000183 0.999999
vn 0.00018 0.855713 0.51745
vt 0.4796 0.014211
vt 0.479873 0.014211
vt 0.480254 0.522204
f 6016/6016/6016 6017/6017/6017 6018/6018/6018
v -1.34488 3.3996 0.096688
v -1.34488 3.3989 0.098232
v 1.34488 3.39688 0.10174
vn 0.000122 0.947109 0.320912
vn 0.00018 0.855713 0.51745
vn -0.001591 0.000183 0.999999
vt 0.48189 0.534415
vt 0.481584 0.534415
vt 0.48089 0.002
f 6019/6019/6019 6020/6020/6020 6021/6021/6021
v 1.34488 3.39688 0.10174
v 1.34488 3.39815 0.10174
v -1.34488 3.3996 0.096688
vn -0.001591 0.000183 0.999999
vn -0.002217 0.000216 0.999997
vn 0.000122 0.947109 0.320912
vt 0.479093 0.014211
vt 0.479332 0.014211
vt 0.479606 0.522204
f 6022/6022/6022 6023/6023/6023 6024/6024/6024
v -1.34488 3.40002 0.094864
v -1.34488 3.3996 0.096688
v 1.34488 3.39815 0.10174
vn 0.00011 0.989265 0.146136
vn 0.000122 0.947109 0.320912
vn -0.002217 0.000216 0.999997
vt 0.486421 0.525519
vt 0.486072 0.525519
vt 0.485105 0.010896
f 6025/6025/6025 6026/6026/6026 6027/6027/6027
v 1.34488 3.39815 0.10174
v 1.34488 3.39925 0.10174
v -1.34488 3.40002 0.094864
vn -0.002217 0.000216 0.999997
vn -0.002947 0.000249 0.999996
vn 0.00011 0.989265 0.146136
vt 0.478744 0.01421
vt 0.478951 0.01421
vt 0.479097 0.522205
f 6028/6028/6028 6029/6029/6029 6030/6030/6030
v -1.34488 3.40016 0.09276
v -1.34488 3.40002 0.094864
v 1.34488 3.39925 0.10174
vn 5.8e-005 0.999445 0.033324
vn 0.00011 0.989265 0.146136
vn -0.002947 0.000249 0.999996
vt 0.488094 0.522488
vt 0.487697 0.522488
vt 0.486397 0.013927
f 6031/6031/6031 6032/6032/6032 6033/6033/6033
v 1.34488 3.39925 0.10174
v 1.34488 3.40016 0.10174
v -1.34488 3.40016 0.09276
vn -0.002947 0.000249 0.999996
vn -0.003339 0 0.999994
vn 5.8e-005 0.999445 0.033324
vt 0.478574 0.014208
vt 0.478747 0.014208
vt 0.478747 0.522204
f 6034/6034/6034 6035/6035/6035 6036/6036/6036
v -1.34713 3.25437 0.10174
v -1.34488 3.25437 0.099495
v -1.34488 3.258 0.099495
vn 0.70708 0 0.707134
vn 0.70708 0 0.707134
vn 0.70708 0 0.707134
vt 0.484457 0.559529
vt 0.484669 0.558941
vt 0.485341 0.559183
f 6037/6037/6037 6038/6038/6038 6039/6039/6039
v -1.34488 3.258 0.099495
v -1.34488 3.258 0.103118
v -1.34488 3.25437 0.103118
vn 1 0 -0
vn 1 0 -0
vn 1 0 -0
vt 0.546695 0.537176
vt 0.546695 0.536491
vt 0.547379 0.536491
f 6040/6040/6040 6041/6041/6041 6042/6042/6042
v -1.34713 3.25437 0.10174
v -1.34488 3.258 0.099495
v -1.34488 3.25437 0.103118
vn 0.398102 -0.64867 -0.648646
vn 0.398102 -0.64867 -0.648646
vn 0.398102 -0.64867 -0.648646
vt 0.504089 0.559335
vt 0.50319 0.559195
vt 0.504089 0.558837
f 6043/6043/6043 6044/6044/6044 6045/6045/6045
v -1.34713 3.25437 0.10174
v -1.34488 3.25437 0.103118
v -1.34713 3.25437 0.10174
vn 0 0 -0
vn 0 0 -0
vn 0 0 -0
vt 0.477284 0.56611
vt 0.477284 0.565853
vt 0.477284 0.56611
f 6046/6046/6046 6047/6047/6047 6048/6048/6048
v 1.34488 3.25437 0.099495
v 1.34713 3.25437 0.10174
v 1.34713 3.25437 0.10174
vn 0 0 -0
vn 0 0 -0
vn 0 0 -0
vt 0.478774 0.587704
vt 0.478354 0.587704
vt 0.478354 0.587704
f 6049/6049/6049 6050/6050/6050 6051/6051/6051
v 1.34713 3.25437 0.10174
v 1.34488 3.25437 0.103118
v 1.34488 3.258 0.103118
vn -0.523118 0 -0.85226
vn -0.523118 0 -0.85226
vn -0.523118 0 -0.85226
vt 0.511777 0.550064
vt 0.512202 0.550064
vt 0.512202 0.550751
f 6052/6052/6052 6053/6053/6053 6054/6054/6054
v 1.34488 3.25437 0.099495
v 1.34713 3.25437 0.10174
v 1.34488 3.258 0.103118
vn -0.57735 -0.577361 0.57734
vn -0.57735 -0.577361 0.57734
vn -0.57735 -0.577361 0.57734
vt 0.492347 0.563473
vt 0.492947 0.563473
vt 0.492831 0.564311
f 6055/6055/6055 6056/6056/6056 6057/6057/6057
v 1.34488 3.25437 0.099495
v 1.34488 3.258 0.103118
v 1.34488 3.258 0.099495
vn -1 0 -0
vn -1 0 -0
vn -1 0 -0
vt 0.547379 0.547612
vt 0.546695 0.548296
vt 0.546695 0.547612
f 6058/6058/6058 6059/6059/6059 6060/6060/6060
v -1.34488 3.25589 0.094864
v -1.34488 3.25575 0.09276
v 1.34488 3.25575 0.09276
vn 0 -0.997784 0.066537
vn 0 -0.997784 0.066537
vn 0 -0.997784 0.066537
vt 0.523363 0.522978
vt 0.522965 0.522978
vt 0.522965 0.013437
f 6061/6061/6061 6062/6062/6062 6063/6063/6063
v 1.34488 3.25575 0.09276
v 1.34488 3.25589 0.094864
v -1.34488 3.25589 0.094864
vn 0 -0.997784 0.066537
vn 0 -0.997784 0.066537
vn 0 -0.997784 0.066537
vt 0.522965 0.013437
vt 0.523363 0.013437
vt 0.523363 0.522978
f 6064/6064/6064 6065/6065/6065 6066/6066/6066
v -1.35176 3.25567 0.10174
v -1.35386 3.25575 0.10174
v -1.35176 3.25567 0.10174
vn 0 0 -0
vn 0 0 -0
vn 0 0 -0
vt 0.477042 0.56611
vt 0.477026 0.56611
vt 0.477042 0.56611
f 6067/6067/6067 6068/6068/6068 6069/6069/6069
v -1.34502 3.25153 0.10174
v -1.34488 3.25024 0.10174
v -1.34488 3.25153 0.101599
vn 0.704896 0.076574 0.705165
vn 0.704896 0.076574 0.705165
vn 0.704896 0.076574 0.705165
vt 0.48403 0.559064
vt 0.483797 0.558959
vt 0.484043 0.559027
f 6070/6070/6070 6071/6071/6071 6072/6072/6072
v -1.34488 3.25567 0.094864
v -1.34488 3.25575 0.09276
v -1.34488 3.25589 0.094864
vn 1 0 -0
vn 1 0 -0
vn 1 0 -0
vt 0.477333 0.565724
vt 0.47773 0.56574
vt 0.477333 0.565767
f 6073/6073/6073 6074/6074/6074 6075/6075/6075
v -1.34488 3.26263 0.101599
v -1.34488 3.26473 0.10174
v -1.34488 3.26263 0.101826
vn 1 0 -0
vn 1 0 -0
vn 1 0 -0
vt 0.545821 0.536778
vt 0.545423 0.536752
vt 0.545821 0.536735
f 6076/6076/6076 6077/6077/6077 6078/6078/6078
v -1.34488 3.25589 0.10596
v -1.34488 3.25575 0.107251
v -1.34488 3.25567 0.10596
vn 1 0 -0
vn 1 0 -0
vn 1 0 -0
vt 0.547093 0.535955
vt 0.547119 0.535711
vt 0.547135 0.535955
f 6079/6079/6079 6080/6080/6080 6081/6081/6081
v -1.34488 3.25153 0.101826
v -1.34488 3.25024 0.10174
v -1.34502 3.25153 0.10174
vn 0.522259 0.056734 -0.850897
vn 0.522259 0.056734 -0.850897
vn 0.522259 0.056734 -0.850897
vt 0.487588 0.540051
vt 0.487616 0.540295
vt 0.487562 0.540054
f 6082/6082/6082 6083/6083/6083 6084/6084/6084
v -1.35176 3.25567 0.10174
v -1.34993 3.25541 0.10174
v -1.34993 3.25541 0.10174
vn 0 0 -0
vn 0 0 -0
vn 0 0 -0
vt 0.477042 0.56611
vt 0.477091 0.56611
vt 0.477091 0.56611
f 6085/6085/6085 6086/6086/6086 6087/6087/6087
v -1.34993 3.25541 0.10174
v -1.35176 3.25567 0.10174
v -1.35176 3.25567 0.10174
vn 0 0 -0
vn 0 0 -0
vn 0 0 -0
vt 0.477091 0.56611
vt 0.477042 0.56611
vt 0.477042 0.56611
f 6088/6088/6088 6089/6089/6089 6090/6090/6090
v -1.34488 3.25153 0.101599
v -1.34488 3.25265 0.101178
v -1.34544 3.25265 0.10174
vn 0.683249 0.257007 0.68346
vn 0.683249 0.257007 0.68346
vn 0.683249 0.257007 0.68346
vt 0.484043 0.559027
vt 0.484271 0.559047
vt 0.484218 0.559194
f 6091/6091/6091 6092/6092/6092 6093/6093/6093
v -1.34544 3.25265 0.10174
v -1.34502 3.25153 0.10174
v -1.34488 3.25153 0.101599
vn 0.683227 0.256993 0.683487
vn 0.683227 0.256993 0.683487
vn 0.683227 0.256993 0.683487
vt 0.484218 0.559194
vt 0.48403 0.559064
vt 0.484043 0.559027
f 6094/6094/6094 6095/6095/6095 6096/6096/6096
v -1.34488 3.25589 0.094864
v -1.34488 3.25631 0.096688
v -1.34488 3.25541 0.096688
vn 1 0 -0
vn 1 0 -0
vn 1 0 -0
vt 0.477333 0.565767
vt 0.476988 0.565846
vt 0.476988 0.565675
f 6097/6097/6097 6098/6098/6098 6099/6099/6099
v -1.34488 3.25541 0.096688
v -1.34488 3.25567 0.094864
v -1.34488 3.25589 0.094864
vn 1 0 -0
vn 1 0 -0
vn 1 0 -0
vt 0.476988 0.565675
vt 0.477333 0.565724
vt 0.477333 0.565767
f 6100/6100/6100 6101/6101/6101 6102/6102/6102
v -1.34488 3.26263 0.101826
v -1.34488 3.2608 0.102084
v -1.34488 3.2608 0.101178
vn 1 0 -0
vn 1 0 -0
vn 1 0 -0
vt 0.545821 0.536735
vt 0.546165 0.536686
vt 0.546165 0.536857
f 6103/6103/6103 6104/6104/6104 6105/6105/6105
v -1.34488 3.2608 0.101178
v -1.34488 3.26263 0.101599
v -1.34488 3.26263 0.101826
vn 1 0 -0
vn 1 0 -0
vn 1 0 -0
vt 0.546165 0.536857
vt 0.545821 0.536778
vt 0.545821 0.536735
f 6106/6106/6106 6107/6107/6107 6108/6108/6108
v -1.34488 3.25567 0.10596
v -1.34488 3.25541 0.10484
v -1.34488 3.25631 0.10484
vn 1 0 -0
vn 1 0 -0
vn 1 0 -0
vt 0.547135 0.535955
vt 0.547184 0.536166
vt 0.547013 0.536166
f 6109/6109/6109 6110/6110/6110 6111/6111/6111
v -1.34488 3.25631 0.10484
v -1.34488 3.25589 0.10596
v -1.34488 3.25567 0.10596
vn 1 0 -0
vn 1 0 -0
vn 1 0 -0
vt 0.547013 0.536166
vt 0.547093 0.535955
vt 0.547135 0.535955
f 6112/6112/6112 6113/6113/6113 6114/6114/6114
v -1.34502 3.25153 0.10174
v -1.34544 3.25265 0.10174
v -1.34488 3.25265 0.102084
vn 0.513191 0.193034 -0.836285
vn 0.513191 0.193034 -0.836285
vn 0.513191 0.193034 -0.836285
vt 0.487562 0.540054
vt 0.487458 0.539852
vt 0.487564 0.53984
f 6115/6115/6115 6116/6116/6116 6117/6117/6117
v -1.34488 3.25265 0.102084
v -1.34488 3.25153 0.101826
v -1.34502 3.25153 0.10174
vn 0.513266 0.193012 -0.836244
vn 0.513266 0.193012 -0.836244
vn 0.513266 0.193012 -0.836244
vt 0.487564 0.53984
vt 0.487588 0.540051
vt 0.487562 0.540054
f 6118/6118/6118 6119/6119/6119 6120/6120/6120
v -1.34993 3.25541 0.10174
v -1.34839 3.25498 0.10174
v -1.34839 3.25498 0.10174
vn 0 0 -0
vn 0 0 -0
vn 0 0 -0
vt 0.477091 0.56611
vt 0.477171 0.56611
vt 0.477171 0.56611
f 6121/6121/6121 6122/6122/6122 6123/6123/6123
v -1.34839 3.25498 0.10174
v -1.34993 3.25541 0.10174
v -1.34993 3.25541 0.10174
vn 0 0 -0
vn 0 0 -0
vn 0 0 -0
vt 0.477171 0.56611
vt 0.477091 0.56611
vt 0.477091 0.56611
f 6124/6124/6124 6125/6125/6125 6126/6126/6126
v -1.34488 3.25265 0.101178
v -1.34488 3.2536 0.100477
v -1.34615 3.2536 0.10174
vn 0.626384 0.463892 0.626456
vn 0.626384 0.463892 0.626456
vn 0.626384 0.463892 0.626456
vt 0.484271 0.559047
vt 0.484479 0.559018
vt 0.48436 0.559349
f 6127/6127/6127 6128/6128/6128 6129/6129/6129
v -1.34615 3.2536 0.10174
v -1.34544 3.25265 0.10174
v -1.34488 3.25265 0.101178
vn 0.626357 0.463801 0.626551
vn 0.626357 0.463801 0.626551
vn 0.626357 0.463801 0.626551
vt 0.48436 0.559349
vt 0.484218 0.559194
vt 0.484271 0.559047
f 6130/6130/6130 6131/6131/6131 6132/6132/6132
v -1.34488 3.25631 0.096688
v -1.34488 3.25701 0.098232
v -1.34488 3.25498 0.098232
vn 1 0 -0
vn 1 0 -0
vn 1 0 -0
vt 0.476988 0.565846
vt 0.476697 0.565979
vt 0.476697 0.565594
f 6133/6133/6133 6134/6134/6134 6135/6135/6135
v -1.34488 3.25498 0.098232
v -1.34488 3.25541 0.096688
v -1.34488 3.25631 0.096688
vn 1 0 -0
vn 1 0 -0
vn 1 0 -0
vt 0.476697 0.565594
vt 0.476988 0.565675
vt 0.476988 0.565846
f 6136/6136/6136 6137/6137/6137 6138/6138/6138
v -1.34488 3.2608 0.102084
v -1.34488 3.25926 0.102515
v -1.34488 3.25926 0.100477
vn 1 0 -0
vn 1 0 -0
vn 1 0 -0
vt 0.546165 0.536686
vt 0.546457 0.536605
vt 0.546457 0.53699
f 6139/6139/6139 6140/6140/6140 6141/6141/6141
v -1.34488 3.25926 0.100477
v -1.34488 3.2608 0.101178
v -1.34488 3.2608 0.102084
vn 1 0 -0
vn 1 0 -0
vn 1 0 -0
vt 0.546457 0.53699
vt 0.546165 0.536857
vt 0.546165 0.536686
f 6142/6142/6142 6143/6143/6143 6144/6144/6144
v -1.34488 3.25541 0.10484
v -1.34488 3.25498 0.103893
v -1.34488 3.25701 0.103893
vn 1 0 -0
vn 1 0 -0
vn 1 0 -0
vt 0.547184 0.536166
vt 0.547265 0.536345
vt 0.546881 0.536345
f 6145/6145/6145 6146/6146/6146 6147/6147/6147
v -1.34488 3.25701 0.103893
v -1.34488 3.25631 0.10484
v -1.34488 3.25541 0.10484
vn 1 0 -0
vn 1 0 -0
vn 1 0 -0
vt 0.546881 0.536345
vt 0.547013 0.536166
vt 0.547184 0.536166
f 6148/6148/6148 6149/6149/6149 6150/6150/6150
v -1.34544 3.25265 0.10174
v -1.34615 3.2536 0.10174
v -1.34488 3.2536 0.102515
vn 0.487771 0.361181 -0.79475
vn 0.487771 0.361181 -0.79475
vn 0.487771 0.361181 -0.79475
vt 0.487458 0.539852
vt 0.487306 0.539689
vt 0.487544 0.539662
f 6151/6151/6151 6152/6152/6152 6153/6153/6153
v -1.34488 3.2536 0.102515
v -1.34488 3.25265 0.102084
v -1.34544 3.25265 0.10174
vn 0.487712 0.361228 -0.794765
vn 0.487712 0.361228 -0.794765
vn 0.487712 0.361228 -0.794765
vt 0.487544 0.539662
vt 0.487564 0.53984
vt 0.487458 0.539852
f 6154/6154/6154 6155/6155/6155 6156/6156/6156
v -1.34839 3.25498 0.10174
v -1.34713 3.25437 0.10174
v -1.34713 3.25437 0.10174
vn 0 0 -0
vn 0 0 -0
vn 0 0 -0
vt 0.477171 0.56611
vt 0.477284 0.56611
vt 0.477284 0.56611
f 6157/6157/6157 6158/6158/6158 6159/6159/6159
v -1.34713 3.25437 0.10174
v -1.34839 3.25498 0.10174
v -1.34839 3.25498 0.10174
vn 0 0 -0
vn 0 0 -0
vn 0 0 -0
vt 0.477284 0.56611
vt 0.477171 0.56611
vt 0.477171 0.56611
f 6160/6160/6160 6161/6161/6161 6162/6162/6162
v -1.34488 3.2536 0.100477
v -1.34488 3.25437 0.099495
v -1.34713 3.25437 0.10174
vn 0.526634 0.667286 0.526674
vn 0.526634 0.667286 0.526674
vn 0.526634 0.667286 0.526674
vt 0.484479 0.559018
vt 0.484669 0.558941
vt 0.484457 0.559529
f 6163/6163/6163 6164/6164/6164 6165/6165/6165
v -1.34713 3.25437 0.10174
v -1.34615 3.2536 0.10174
v -1.34488 3.2536 0.100477
vn 0.52664 0.667261 0.526701
vn 0.52664 0.667261 0.526701
vn 0.52664 0.667261 0.526701
vt 0.484457 0.559529
vt 0.48436 0.559349
vt 0.484479 0.559018
f 6166/6166/6166 6167/6167/6167 6168/6168/6168
v -1.34488 3.25701 0.098232
v -1.34488 3.258 0.099495
v -1.34488 3.25437 0.099495
vn 1 0 -0
vn 1 0 -0
vn 1 0 -0
vt 0.476697 0.565979
vt 0.476458 0.566164
vt 0.476458 0.56548
f 6169/6169/6169 6170/6170/6170 6171/6171/6171
v -1.34488 3.25437 0.099495
v -1.34488 3.25498 0.098232
v -1.34488 3.25701 0.098232
vn 1 0 -0
vn 1 0 -0
vn 1 0 -0
vt 0.476458 0.56548
vt 0.476697 0.565594
vt 0.476697 0.565979
f 6172/6172/6172 6173/6173/6173 6174/6174/6174
v -1.34488 3.25926 0.102515
v -1.34488 3.258 0.103118
v -1.34488 3.258 0.099495
vn 1 0 -0
vn 1 0 -0
vn 1 0 -0
vt 0.546457 0.536605
vt 0.546695 0.536491
vt 0.546695 0.537176
f 6175/6175/6175 6176/6176/6176 6177/6177/6177
v -1.34488 3.258 0.099495
v -1.34488 3.25926 0.100477
v -1.34488 3.25926 0.102515
vn 1 0 -0
vn 1 0 -0
vn 1 0 -0
vt 0.546695 0.537176
vt 0.546457 0.53699
vt 0.546457 0.536605
f 6178/6178/6178 6179/6179/6179 6180/6180/6180
v -1.34488 3.25498 0.103893
v -1.34488 3.25437 0.103118
v -1.34488 3.258 0.103118
vn 1 0 -0
vn 1 0 -0
vn 1 0 -0
vt 0.547265 0.536345
vt 0.547379 0.536491
vt 0.546695 0.536491
f 6181/6181/6181 6182/6182/6182 6183/6183/6183
v -1.34488 3.258 0.103118
v -1.34488 3.25701 0.103893
v -1.34488 3.25498 0.103893
vn 1 0 -0
vn 1 0 -0
vn 1 0 -0
vt 0.546695 0.536491
vt 0.546881 0.536345
vt 0.547265 0.536345
f 6184/6184/6184 6185/6185/6185 6186/6186/6186
v -1.34615 3.2536 0.10174
v -1.34713 3.25437 0.10174
v -1.34488 3.25437 0.103118
vn 0.436017 0.55244 -0.710422
vn 0.436017 0.55244 -0.710422
vn 0.436017 0.55244 -0.710422
vt 0.487306 0.539689
vt 0.487104 0.539564
vt 0.487527 0.539516
f 6187/6187/6187 6188/6188/6188 6189/6189/6189
v -1.34488 3.25437 0.103118
v -1.34488 3.2536 0.102515
v -1.34615 3.2536 0.10174
vn 0.436015 0.552442 -0.710422
vn 0.436015 0.552442 -0.710422
vn 0.436015 0.552442 -0.710422
vt 0.487527 0.539516
vt 0.487544 0.539662
vt 0.487306 0.539689
f 6190/6190/6190 6191/6191/6191 6192/6192/6192
v 1.34488 3.25589 0.094864
v 1.34488 3.25575 0.09276
v 1.34488 3.25567 0.094864
vn -1 0 -0
vn -1 0 -0
vn -1 0 -0
vt 0.547093 0.546737
vt 0.547119 0.54634
vt 0.547135 0.546737
f 6193/6193/6193 6194/6194/6194 6195/6195/6195
v 1.34488 3.25153 0.101599
v 1.34488 3.25024 0.10174
v 1.34502 3.25153 0.10174
vn -0.704896 0.076574 0.705165
vn -0.704896 0.076574 0.705165
vn -0.704896 0.076574 0.705165
vt 0.485345 0.586628
vt 0.485609 0.586648
vt 0.485345 0.586669
f 6196/6196/6196 6197/6197/6197 6198/6198/6198
v 1.35176 3.25567 0.10174
v 1.35386 3.25575 0.10174
v 1.35176 3.25567 0.10174
vn 0 0 -0
vn 0 0 -0
vn 0 0 -0
vt 0.478354 0.587946
vt 0.478354 0.587962
vt 0.478354 0.587946
f 6199/6199/6199 6200/6200/6200 6201/6201/6201
v 1.34502 3.25153 0.10174
v 1.34488 3.25024 0.10174
v 1.34488 3.25153 0.101826
vn -0.522259 0.056734 -0.850897
vn -0.522259 0.056734 -0.850897
vn -0.522259 0.056734 -0.850897
vt 0.512176 0.549525
vt 0.512202 0.54928
vt 0.512202 0.549525
f 6202/6202/6202 6203/6203/6203 6204/6204/6204
v 1.34488 3.25567 0.10596
v 1.34488 3.25575 0.107251
v 1.34488 3.25589 0.10596
vn -1 0 -0
vn -1 0 -0
vn -1 0 -0
vt 0.547135 0.548833
vt 0.547119 0.549077
vt 0.547093 0.548833
f 6205/6205/6205 6206/6206/6206 6207/6207/6207
v 1.34488 3.26263 0.101826
v 1.34488 3.26473 0.10174
v 1.34488 3.26263 0.101599
vn -1 0 -0
vn -1 0 -0
vn -1 0 -0
vt 0.545821 0.548052
vt 0.545423 0.548036
vt 0.545821 0.548009
f 6208/6208/6208 6209/6209/6209 6210/6210/6210
v 1.34488 3.25567 0.094864
v 1.34488 3.25541 0.096688
v 1.34488 3.25631 0.096688
vn -1 0 -0
vn -1 0 -0
vn -1 0 -0
vt 0.547135 0.546737
vt 0.547184 0.547082
vt 0.547013 0.547082
f 6211/6211/6211 6212/6212/6212 6213/6213/6213
v 1.34488 3.25631 0.096688
v 1.34488 3.25589 0.094864
v 1.34488 3.25567 0.094864
vn -1 0 -0
vn -1 0 -0
vn -1 0 -0
vt 0.547013 0.547082
vt 0.547093 0.546737
vt 0.547135 0.546737
f 6214/6214/6214 6215/6215/6215 6216/6216/6216
v 1.34502 3.25153 0.10174
v 1.34544 3.25265 0.10174
v 1.34488 3.25265 0.101178
vn -0.68325 0.257001 0.683462
vn -0.68325 0.257001 0.683462
vn -0.68325 0.257001 0.683462
vt 0.485345 0.586669
vt 0.485113 0.586729
vt 0.485113 0.586568
f 6217/6217/6217 6218/6218/6218 6219/6219/6219
v 1.34488 3.25265 0.101178
v 1.34488 3.25153 0.101599
v 1.34502 3.25153 0.10174
vn -0.683223 0.257015 0.683483
vn -0.683223 0.257015 0.683483
vn -0.683223 0.257015 0.683483
vt 0.485113 0.586568
vt 0.485345 0.586628
vt 0.485345 0.586669
f 6220/6220/6220 6221/6221/6221 6222/6222/6222
v 1.35176 3.25567 0.10174
v 1.34993 3.25541 0.10174
v 1.34993 3.25541 0.10174
vn 0 0 -0
vn 0 0 -0
vn 0 0 -0
vt 0.478354 0.587946
vt 0.478354 0.587897
vt 0.478354 0.587897
f 6223/6223/6223 6224/6224/6224 6225/6225/6225
v 1.34993 3.25541 0.10174
v 1.35176 3.25567 0.10174
v 1.35176 3.25567 0.10174
vn 0 0 -0
vn 0 0 -0
vn 0 0 -0
vt 0.478354 0.587897
vt 0.478354 0.587946
vt 0.478354 0.587946
f 6226/6226/6226 6227/6227/6227 6228/6228/6228
v 1.34488 3.25153 0.101826
v 1.34488 3.25265 0.102084
v 1.34544 3.25265 0.10174
vn -0.513192 0.193022 -0.836287
vn -0.513192 0.193022 -0.836287
vn -0.513192 0.193022 -0.836287
vt 0.512202 0.549525
vt 0.512202 0.549737
vt 0.512096 0.549737
f 6229/6229/6229 6230/6230/6230 6231/6231/6231
v 1.34544 3.25265 0.10174
v 1.34502 3.25153 0.10174
v 1.34488 3.25153 0.101826
vn -0.513261 0.19306 -0.836236
vn -0.513261 0.19306 -0.836236
vn -0.513261 0.19306 -0.836236
vt 0.512096 0.549737
vt 0.512176 0.549525
vt 0.512202 0.549525
f 6232/6232/6232 6233/6233/6233 6234/6234/6234
v 1.34488 3.25589 0.10596
v 1.34488 3.25631 0.10484
v 1.34488 3.25541 0.10484
vn -1 0 -0
vn -1 0 -0
vn -1 0 -0
vt 0.547093 0.548833
vt 0.547013 0.548621
vt 0.547184 0.548621
f 6235/6235/6235 6236/6236/6236 6237/6237/6237
v 1.34488 3.25541 0.10484
v 1.34488 3.25567 0.10596
v 1.34488 3.25589 0.10596
vn -1 0 -0
vn -1 0 -0
vn -1 0 -0
vt 0.547184 0.548621
vt 0.547135 0.548833
vt 0.547093 0.548833
f 6238/6238/6238 6239/6239/6239 6240/6240/6240
v 1.34488 3.26263 0.101599
v 1.34488 3.2608 0.101178
v 1.34488 3.2608 0.102084
vn -1 0 -0
vn -1 0 -0
vn -1 0 -0
vt 0.545821 0.548009
vt 0.546165 0.54793
vt 0.546165 0.548101
f 6241/6241/6241 6242/6242/6242 6243/6243/6243
v 1.34488 3.2608 0.102084
v 1.34488 3.26263 0.101826
v 1.34488 3.26263 0.101599
vn -1 0 -0
vn -1 0 -0
vn -1 0 -0
vt 0.546165 0.548101
vt 0.545821 0.548052
vt 0.545821 0.548009
f 6244/6244/6244 6245/6245/6245 6246/6246/6246
v 1.34488 3.25541 0.096688
v 1.34488 3.25498 0.098232
v 1.34488 3.25701 0.098232
vn -1 0 -0
vn -1 0 -0
vn -1 0 -0
vt 0.547184 0.547082
vt 0.547265 0.547373
vt 0.546881 0.547373
f 6247/6247/6247 6248/6248/6248 6249/6249/6249
v 1.34488 3.25701 0.098232
v 1.34488 3.25631 0.096688
v 1.34488 3.25541 0.096688
vn -1 0 -0
vn -1 0 -0
vn -1 0 -0
vt 0.546881 0.547373
vt 0.547013 0.547082
vt 0.547184 0.547082
f 6250/6250/6250 6251/6251/6251 6252/6252/6252
v 1.34544 3.25265 0.10174
v 1.34614 3.2536 0.10174
v 1.34488 3.2536 0.100477
vn -0.626487 0.463756 0.626454
vn -0.626487 0.463756 0.626454
vn -0.626487 0.463756 0.626454
vt 0.485113 0.586729
vt 0.484913 0.58683
vt 0.484913 0.586467
f 6253/6253/6253 6254/6254/6254 6255/6255/6255
v 1.34488 3.2536 0.100477
v 1.34488 3.25265 0.101178
v 1.34544 3.25265 0.10174
vn -0.62631 0.463927 0.626504
vn -0.62631 0.463927 0.626504
vn -0.62631 0.463927 0.626504
vt 0.484913 0.586467
vt 0.485113 0.586568
vt 0.485113 0.586729
f 6256/6256/6256 6257/6257/6257 6258/6258/6258
v 1.34993 3.25541 0.10174
v 1.34839 3.25498 0.10174
v 1.34839 3.25498 0.10174
vn 0 0 -0
vn 0 0 -0
vn 0 0 -0
vt 0.478354 0.587897
vt 0.478354 0.587817
vt 0.478354 0.587817
f 6259/6259/6259 6260/6260/6260 6261/6261/6261
v 1.34839 3.25498 0.10174
v 1.34993 3.25541 0.10174
v 1.34993 3.25541 0.10174
vn 0 0 -0
vn 0 0 -0
vn 0 0 -0
vt 0.478354 0.587817
vt 0.478354 0.587897
vt 0.478354 0.587897
f 6262/6262/6262 6263/6263/6263 6264/6264/6264
v 1.34488 3.25265 0.102084
v 1.34488 3.2536 0.102515
v 1.34614 3.2536 0.10174
vn -0.487827 0.361202 -0.794707
vn -0.487827 0.361202 -0.794707
vn -0.487827 0.361202 -0.794707
vt 0.512202 0.549737
vt 0.512202 0.549917
vt 0.511963 0.549917
f 6265/6265/6265 6266/6266/6266 6267/6267/6267
v 1.34614 3.2536 0.10174
v 1.34544 3.25265 0.10174
v 1.34488 3.25265 0.102084
vn -0.487747 0.361054 -0.794822
vn -0.487747 0.361054 -0.794822
vn -0.487747 0.361054 -0.794822
vt 0.511963 0.549917
vt 0.512096 0.549737
vt 0.512202 0.549737
f 6268/6268/6268 6269/6269/6269 6270/6270/6270
v 1.34488 3.25631 0.10484
v 1.34488 3.25701 0.103893
v 1.34488 3.25498 0.103893
vn -1 0 -0
vn -1 0 -0
vn -1 0 -0
vt 0.547013 0.548621
vt 0.546881 0.548442
vt 0.547265 0.548442
f 6271/6271/6271 6272/6272/6272 6273/6273/6273
v 1.34488 3.25498 0.103893
v 1.34488 3.25541 0.10484
v 1.34488 3.25631 0.10484
vn -1 0 -0
vn -1 0 -0
vn -1 0 -0
vt 0.547265 0.548442
vt 0.547184 0.548621
vt 0.547013 0.548621
f 6274/6274/6274 6275/6275/6275 6276/6276/6276
v 1.34488 3.2608 0.101178
v 1.34488 3.25926 0.100477
v 1.34488 3.25926 0.102515
vn -1 0 -0
vn -1 0 -0
vn -1 0 -0
vt 0.546165 0.54793
vt 0.546457 0.547797
vt 0.546457 0.548182
f 6277/6277/6277 6278/6278/6278 6279/6279/6279
v 1.34488 3.25926 0.102515
v 1.34488 3.2608 0.102084
v 1.34488 3.2608 0.101178
vn -1 0 -0
vn -1 0 -0
vn -1 0 -0
vt 0.546457 0.548182
vt 0.546165 0.548101
vt 0.546165 0.54793
f 6280/6280/6280 6281/6281/6281 6282/6282/6282
v 1.34488 3.25498 0.098232
v 1.34488 3.25437 0.099495
v 1.34488 3.258 0.099495
vn -1 0 -0
vn -1 0 -0
vn -1 0 -0
vt 0.547265 0.547373
vt 0.547379 0.547612
vt 0.546695 0.547612
f 6283/6283/6283 6284/6284/6284 6285/6285/6285
v 1.34488 3.258 0.099495
v 1.34488 3.25701 0.098232
v 1.34488 3.25498 0.098232
vn -1 0 -0
vn -1 0 -0
vn -1 0 -0
vt 0.546695 0.547612
vt 0.546881 0.547373
vt 0.547265 0.547373
f 6286/6286/6286 6287/6287/6287 6288/6288/6288
v 1.34614 3.2536 0.10174
v 1.34713 3.25437 0.10174
v 1.34488 3.25437 0.099495
vn -0.526659 0.667286 0.52665
vn -0.526659 0.667286 0.52665
vn -0.526659 0.667286 0.52665
vt 0.484913 0.58683
vt 0.484745 0.586972
vt 0.484745 0.586325
f 6289/6289/6289 6290/6290/6290 6291/6291/6291
v 1.34488 3.25437 0.099495
v 1.34488 3.2536 0.100477
v 1.34614 3.2536 0.10174
vn -0.526683 0.667262 0.526655
vn -0.526683 0.667262 0.526655
vn -0.526683 0.667262 0.526655
vt 0.484745 0.586325
vt 0.484913 0.586467
vt 0.484913 0.58683
f 6292/6292/6292 6293/6293/6293 6294/6294/6294
v 1.34839 3.25498 0.10174
v 1.34713 3.25437 0.10174
v 1.34713 3.25437 0.10174
vn 0 0 -0
vn 0 0 -0
vn 0 0 -0
vt 0.478354 0.587817
vt 0.478354 0.587704
vt 0.478354 0.587704
f 6295/6295/6295 6296/6296/6296 6297/6297/6297
v 1.34713 3.25437 0.10174
v 1.34839 3.25498 0.10174
v 1.34839 3.25498 0.10174
vn 0 0 -0
vn 0 0 -0
vn 0 0 -0
vt 0.478354 0.587704
vt 0.478354 0.587817
vt 0.478354 0.587817
f 6298/6298/6298 6299/6299/6299 6300/6300/6300
v 1.34488 3.2536 0.102515
v 1.34488 3.25437 0.103118
v 1.34713 3.25437 0.10174
vn -0.43605 0.552431 -0.710409
vn -0.43605 0.552431 -0.710409
vn -0.43605 0.552431 -0.710409
vt 0.512202 0.549917
vt 0.512202 0.550064
vt 0.511777 0.550064
f 6301/6301/6301 6302/6302/6302 6303/6303/6303
v 1.34713 3.25437 0.10174
v 1.34614 3.2536 0.10174
v 1.34488 3.2536 0.102515
vn -0.436053 0.552486 -0.710364
vn -0.436053 0.552486 -0.710364
vn -0.436053 0.552486 -0.710364
vt 0.511777 0.550064
vt 0.511963 0.549917
vt 0.512202 0.549917
f 6304/6304/6304 6305/6305/6305 6306/6306/6306
v 1.34488 3.25701 0.103893
v 1.34488 3.258 0.103118
v 1.34488 3.25437 0.103118
vn -1 0 -0
vn -1 0 -0
vn -1 0 -0
vt 0.546881 0.548442
vt 0.546695 0.548296
vt 0.547379 0.548296
f 6307/6307/6307 6308/6308/6308 6309/6309/6309
v 1.34488 3.25437 0.103118
v 1.34488 3.25498 0.103893
v 1.34488 3.25701 0.103893
vn -1 0 -0
vn -1 0 -0
vn -1 0 -0
vt 0.547379 0.548296
vt 0.547265 0.548442
vt 0.546881 0.548442
f 6310/6310/6310 6311/6311/6311 6312/6312/6312
v 1.34488 3.25926 0.100477
v 1.34488 3.258 0.099495
v 1.34488 3.258 0.103118
vn -1 0 -0
vn -1 0 -0
vn -1 0 -0
vt 0.546457 0.547797
vt 0.546695 0.547612
vt 0.546695 0.548296
f 6313/6313/6313 6314/6314/6314 6315/6315/6315
v 1.34488 3.258 0.103118
v 1.34488 3.25926 0.102515
v 1.34488 3.25926 0.100477
vn -1 0 -0
vn -1 0 -0
vn -1 0 -0
vt 0.546695 0.548296
vt 0.546457 0.548182
vt 0.546457 0.547797
f 6316/6316/6316 6317/6317/6317 6318/6318/6318
v -1.34488 3.25631 0.096688
v -1.34488 3.25589 0.094864
v 1.34488 3.25589 0.094864
vn 0 -0.974403 0.224807
vn 0 -0.974403 0.224807
vn 0 -0.974403 0.224807
vt 0.523709 0.522978
vt 0.523363 0.522978
vt 0.523363 0.013437
f 6319/6319/6319 6320/6320/6320 6321/6321/6321
v 1.34488 3.25589 0.094864
v 1.34488 3.25631 0.096688
v -1.34488 3.25631 0.096688
vn 0 -0.974403 0.224807
vn 0 -0.974403 0.224807
vn 0 -0.974403 0.224807
vt 0.523363 0.013437
vt 0.523709 0.013437
vt 0.523709 0.522978
f 6322/6322/6322 6323/6323/6323 6324/6324/6324
v -1.34488 3.25701 0.098232
v -1.34488 3.25631 0.096688
v 1.34488 3.25631 0.096688
vn 0 -0.910372 0.41379
vn 0 -0.910372 0.41379
vn 0 -0.910372 0.41379
vt 0.524001 0.522978
vt 0.523709 0.522978
vt 0.523709 0.013437
f 6325/6325/6325 6326/6326/6326 6327/6327/6327
v 1.34488 3.25631 0.096688
v 1.34488 3.25701 0.098232
v -1.34488 3.25701 0.098232
vn 0 -0.910372 0.41379
vn 0 -0.910372 0.41379
vn 0 -0.910372 0.41379
vt 0.523709 0.013437
vt 0.524001 0.013437
vt 0.524001 0.522978
f 6328/6328/6328 6329/6329/6329 6330/6330/6330
v -1.34488 3.258 0.099495
v -1.34488 3.25701 0.098232
v 1.34488 3.25701 0.098232
vn 0 -0.789332 0.613967
vn 0 -0.789332 0.613967
vn 0 -0.789332 0.613967
vt 0.524241 0.522978
vt 0.524001 0.522978
vt 0.524001 0.013437
f 6331/6331/6331 6332/6332/6332 6333/6333/6333
v 1.34488 3.25701 0.098232
v 1.34488 3.258 0.099495
v -1.34488 3.258 0.099495
vn 0 -0.789332 0.613967
vn 0 -0.789332 0.613967
vn 0 -0.789332 0.613967
vt 0.524001 0.013437
vt 0.524241 0.013437
vt 0.524241 0.522978
f 6334/6334/6334 6335/6335/6335 6336/6336/6336
v -1.34488 3.25926 0.100477
v -1.34488 3.258 0.099495
v 1.34488 3.258 0.099495
vn 0 -0.613912 0.789375
vn 0 -0.613912 0.789375
vn 0 -0.613912 0.789375
vt 0.590033 0.524191
vt 0.589792 0.524191
vt 0.589792 0.012224
f 6337/6337/6337 6338/6338/6338 6339/6339/6339
v 1.34488 3.258 0.099495
v 1.34488 3.25926 0.100477
v -1.34488 3.25926 0.100477
vn 0 -0.613912 0.789375
vn 0 -0.613912 0.789375
vn 0 -0.613912 0.789375
vt 0.589792 0.012224
vt 0.590033 0.012224
vt 0.590033 0.524191
f 6340/6340/6340 6341/6341/6341 6342/6342/6342
v -1.34488 3.2608 0.101178
v -1.34488 3.25926 0.100477
v 1.34488 3.25926 0.100477
vn 0 -0.413806 0.910365
vn 0 -0.413806 0.910365
vn 0 -0.413806 0.910365
vt 0.590326 0.524191
vt 0.590033 0.524191
vt 0.590033 0.012224
f 6343/6343/6343 6344/6344/6344 6345/6345/6345
v 1.34488 3.25926 0.100477
v 1.34488 3.2608 0.101178
v -1.34488 3.2608 0.101178
vn 0 -0.413806 0.910365
vn 0 -0.413806 0.910365
vn 0 -0.413806 0.910365
vt 0.590033 0.012224
vt 0.590326 0.012224
vt 0.590326 0.524191
f 6346/6346/6346 6347/6347/6347 6348/6348/6348
v -1.34488 3.26263 0.101599
v -1.34488 3.2608 0.101178
v 1.34488 3.2608 0.101178
vn 0 -0.224874 0.974388
vn 0 -0.224874 0.974388
vn 0 -0.224874 0.974388
vt 0.590674 0.524191
vt 0.590326 0.524191
vt 0.590326 0.012224
f 6349/6349/6349 6350/6350/6350 6351/6351/6351
v 1.34488 3.2608 0.101178
v 1.34488 3.26263 0.101599
v -1.34488 3.26263 0.101599
vn 0 -0.224874 0.974388
vn 0 -0.224874 0.974388
vn 0 -0.224874 0.974388
vt 0.590326 0.012224
vt 0.590674 0.012224
vt 0.590674 0.524191
f 6352/6352/6352 6353/6353/6353 6354/6354/6354
v -1.34488 3.26473 0.10174
v -1.34488 3.26263 0.101599
v 1.34488 3.26263 0.101599
vn 0 -0.066507 0.997786
vn 0 -0.066507 0.997786
vn 0 -0.066507 0.997786
vt 0.591074 0.524191
vt 0.590674 0.524191
vt 0.590674 0.012224
f 6355/6355/6355 6356/6356/6356 6357/6357/6357
v 1.34488 3.26263 0.101599
v 1.34488 3.26473 0.10174
v -1.34488 3.26473 0.10174
vn 0 -0.066507 0.997786
vn 0 -0.066507 0.997786
vn 0 -0.066507 0.997786
vt 0.590674 0.012224
vt 0.591074 0.012224
vt 0.591074 0.524191
f 6358/6358/6358 6359/6359/6359 6360/6360/6360
v -1.38457 3.25031 0.103875
v -1.38457 3.25024 0.102842
v -1.34488 3.25024 0.102842
vn 0 -0.997792 0.066412
vn 0 -0.997792 0.066412
vn 0 -0.997792 0.066412
vt 0.491494 0.534855
vt 0.491494 0.534654
vt 0.499211 0.534654
f 6361/6361/6361 6362/6362/6362 6363/6363/6363
v -1.34488 3.25024 0.102842
v -1.34488 3.25031 0.103875
v -1.38457 3.25031 0.103875
vn 0 -0.997792 0.066412
vn 0 -0.997792 0.066412
vn 0 -0.997792 0.066412
vt 0.499211 0.534654
vt 0.499211 0.534855
vt 0.491494 0.534855
f 6364/6364/6364 6365/6365/6365 6366/6366/6366
v 1.34488 3.25031 0.103875
v 1.34488 3.25024 0.102842
v 1.38457 3.25024 0.102842
vn 0 -0.997792 0.066412
vn 0 -0.997792 0.066412
vn 0 -0.997792 0.066412
vt 0.485662 0.560991
vt 0.485662 0.56079
vt 0.49338 0.56079
f 6367/6367/6367 6368/6368/6368 6369/6369/6369
v 1.38457 3.25024 0.102842
v 1.38457 3.25031 0.103875
v 1.34488 3.25031 0.103875
vn 0 -0.997792 0.066412
vn 0 -0.997792 0.066412
vn 0 -0.997792 0.066412
vt 0.49338 0.56079
vt 0.49338 0.560991
vt 0.485662 0.560991
f 6370/6370/6370 6371/6371/6371 6372/6372/6372
v -1.34488 3.40561 0.103875
v -1.34488 3.40567 0.102842
v -1.38457 3.40567 0.102842
vn 0 0.997779 0.066617
vn 0 0.997779 0.066617
vn 0 0.997779 0.066617
vt 0.534882 0.546823
vt 0.534882 0.546622
vt 0.542577 0.546622
f 6373/6373/6373 6374/6374/6374 6375/6375/6375
v -1.38457 3.40567 0.102842
v -1.38457 3.40561 0.103875
v -1.34488 3.40561 0.103875
vn 0 0.997779 0.066617
vn 0 0.997779 0.066617
vn 0 0.997779 0.066617
vt 0.542577 0.546622
vt 0.542577 0.546823
vt 0.534882 0.546823
f 6376/6376/6376 6377/6377/6377 6378/6378/6378
v 1.38457 3.40561 0.103875
v 1.38457 3.40567 0.102842
v 1.34488 3.40567 0.102842
vn 0 0.997779 0.066617
vn 0 0.997779 0.066617
vn 0 0.997779 0.066617
vt 0.495045 0.539891
vt 0.495045 0.540091
vt 0.48735 0.540091
f 6379/6379/6379 6380/6380/6380 6381/6381/6381
v 1.34488 3.40567 0.102842
v 1.34488 3.40561 0.103875
v 1.38457 3.40561 0.103875
vn 0 0.997779 0.066617
vn 0 0.997779 0.066617
vn 0 0.997779 0.066617
vt 0.48735 0.540091
vt 0.48735 0.539891
vt 0.495045 0.539891
f 6382/6382/6382 6383/6383/6383 6384/6384/6384
v -1.40174 3.4023 0.107203
v -1.4017 3.40126 0.107251
v -1.38457 3.40126 0.107251
vn 0 0.047097 0.99889
vn 0 0.047097 0.99889
vn 0 0.047097 0.99889
vt 0.482478 0.559991
vt 0.482488 0.559794
vt 0.485764 0.559794
f 6385/6385/6385 6386/6386/6386 6387/6387/6387
v -1.38457 3.40126 0.107251
v -1.38457 3.4023 0.107183
v -1.40174 3.4023 0.107203
vn 0.001172 0.066526 0.997784
vn 0.001172 0.066526 0.997784
vn 0.001172 0.066526 0.997784
vt 0.485764 0.559794
vt 0.485764 0.559991
vt 0.482478 0.559991
f 6388/6388/6388 6389/6389/6389 6390/6390/6390
v 1.40408 3.40561 0.104864
v 1.40481 3.40567 0.104133
v 1.38457 3.40567 0.102842
vn -0.005639 0.996068 0.088411
vn -0.005639 0.996068 0.088411
vn -0.005639 0.996068 0.088411
vt 0.498829 0.539699
vt 0.498971 0.539841
vt 0.495045 0.540091
f 6391/6391/6391 6392/6392/6392 6393/6393/6393
v 1.38457 3.40567 0.102842
v 1.38457 3.40561 0.103875
v 1.40408 3.40561 0.104864
vn -0.003375 0.997773 0.066617
vn -0.003375 0.997773 0.066617
vn -0.003375 0.997773 0.066617
vt 0.495045 0.540091
vt 0.495045 0.539891
vt 0.498829 0.539699
f 6394/6394/6394 6395/6395/6395 6396/6396/6396
v -1.38457 3.25052 0.104771
v -1.38457 3.25031 0.103875
v -1.34488 3.25031 0.103875
vn 0 -0.974318 0.225178
vn 0 -0.974318 0.225178
vn 0 -0.974318 0.225178
vt 0.491494 0.53503
vt 0.491494 0.534855
vt 0.499211 0.534855
f 6397/6397/6397 6398/6398/6398 6399/6399/6399
v -1.34488 3.25031 0.103875
v -1.34488 3.25052 0.104771
v -1.38457 3.25052 0.104771
vn 0 -0.974318 0.225178
vn 0 -0.974318 0.225178
vn 0 -0.974318 0.225178
vt 0.499211 0.534855
vt 0.499211 0.53503
vt 0.491494 0.53503
f 6400/6400/6400 6401/6401/6401 6402/6402/6402
v -1.38457 3.25086 0.105529
v -1.38457 3.25052 0.104771
v -1.34488 3.25052 0.104771
vn 0 -0.910423 0.413678
vn 0 -0.910423 0.413678
vn 0 -0.910423 0.413678
vt 0.491494 0.535177
vt 0.491494 0.53503
vt 0.499211 0.53503
f 6403/6403/6403 6404/6404/6404 6405/6405/6405
v -1.34488 3.25052 0.104771
v -1.34488 3.25086 0.105529
v -1.38457 3.25086 0.105529
vn 0 -0.910423 0.413678
vn 0 -0.910423 0.413678
vn 0 -0.910423 0.413678
vt 0.499211 0.53503
vt 0.499211 0.535177
vt 0.491494 0.535177
f 6406/6406/6406 6407/6407/6407 6408/6408/6408
v -1.38457 3.25134 0.106149
v -1.38457 3.25086 0.105529
v -1.34488 3.25086 0.105529
vn 0 -0.789306 0.614001
vn 0 -0.789306 0.614001
vn 0 -0.789306 0.614001
vt 0.491494 0.535298
vt 0.491494 0.535177
vt 0.499211 0.535177
f 6409/6409/6409 6410/6410/6410 6411/6411/6411
v -1.34488 3.25086 0.105529
v -1.34488 3.25134 0.106149
v -1.38457 3.25134 0.106149
vn 0 -0.789306 0.614001
vn 0 -0.789306 0.614001
vn 0 -0.789306 0.614001
vt 0.499211 0.535177
vt 0.499211 0.535298
vt 0.491494 0.535298
f 6412/6412/6412 6413/6413/6413 6414/6414/6414
v -1.38457 3.25196 0.106631
v -1.38457 3.25134 0.106149
v -1.34488 3.25134 0.106149
vn 0 -0.614028 0.789284
vn 0 -0.614028 0.789284
vn 0 -0.614028 0.789284
vt 0.519609 0.576786
vt 0.519726 0.576786
vt 0.519726 0.584288
f 6415/6415/6415 6416/6416/6416 6417/6417/6417
v -1.34488 3.25134 0.106149
v -1.34488 3.25196 0.106631
v -1.38457 3.25196 0.106631
vn 0 -0.614028 0.789284
vn 0 -0.614028 0.789284
vn 0 -0.614028 0.789284
vt 0.519726 0.584288
vt 0.519609 0.584288
vt 0.519609 0.576786
f 6418/6418/6418 6419/6419/6419 6420/6420/6420
v -1.38457 3.25272 0.106976
v -1.38457 3.25196 0.106631
v -1.34488 3.25196 0.106631
vn 0 -0.413781 0.910376
vn 0 -0.413781 0.910376
vn 0 -0.413781 0.910376
vt 0.519466 0.576786
vt 0.519609 0.576786
vt 0.519609 0.584288
f 6421/6421/6421 6422/6422/6422 6423/6423/6423
v -1.34488 3.25196 0.106631
v -1.34488 3.25272 0.106976
v -1.38457 3.25272 0.106976
vn 0 -0.413781 0.910376
vn 0 -0.413781 0.910376
vn 0 -0.413781 0.910376
vt 0.519609 0.584288
vt 0.519466 0.584288
vt 0.519466 0.576786
f 6424/6424/6424 6425/6425/6425 6426/6426/6426
v -1.38457 3.25362 0.107183
v -1.38457 3.25272 0.106976
v -1.34488 3.25272 0.106976
vn 0 -0.224848 0.974394
vn 0 -0.224848 0.974394
vn 0 -0.224848 0.974394
vt 0.519297 0.576786
vt 0.519466 0.576786
vt 0.519466 0.584288
f 6427/6427/6427 6428/6428/6428 6429/6429/6429
v -1.34488 3.25272 0.106976
v -1.34488 3.25362 0.107183
v -1.38457 3.25362 0.107183
vn 0 -0.224848 0.974394
vn 0 -0.224848 0.974394
vn 0 -0.224848 0.974394
vt 0.519466 0.584288
vt 0.519297 0.584288
vt 0.519297 0.576786
f 6430/6430/6430 6431/6431/6431 6432/6432/6432
v -1.38457 3.25465 0.107251
v -1.38457 3.25362 0.107183
v -1.34488 3.25362 0.107183
vn 0 -0.066512 0.997786
vn 0 -0.066512 0.997786
vn 0 -0.066512 0.997786
vt 0.519101 0.576786
vt 0.519297 0.576786
vt 0.519297 0.584288
f 6433/6433/6433 6434/6434/6434 6435/6435/6435
v -1.34488 3.25362 0.107183
v -1.34488 3.25465 0.107251
v -1.38457 3.25465 0.107251
vn 0 -0.066512 0.997786
vn 0 -0.066512 0.997786
vn 0 -0.066512 0.997786
vt 0.519297 0.584288
vt 0.519101 0.584288
vt 0.519101 0.576786
f 6436/6436/6436 6437/6437/6437 6438/6438/6438
v 1.34488 3.25052 0.104771
v 1.34488 3.25031 0.103875
v 1.38457 3.25031 0.103875
vn 0 -0.974318 0.225178
vn 0 -0.974318 0.225178
vn 0 -0.974318 0.225178
vt 0.485662 0.561165
vt 0.485662 0.560991
vt 0.49338 0.560991
f 6439/6439/6439 6440/6440/6440 6441/6441/6441
v 1.38457 3.25031 0.103875
v 1.38457 3.25052 0.104771
v 1.34488 3.25052 0.104771
vn 0 -0.974318 0.225178
vn 0 -0.974318 0.225178
vn 0 -0.974318 0.225178
vt 0.49338 0.560991
vt 0.49338 0.561165
vt 0.485662 0.561165
f 6442/6442/6442 6443/6443/6443 6444/6444/6444
v 1.34488 3.25086 0.105529
v 1.34488 3.25052 0.104771
v 1.38457 3.25052 0.104771
vn 0 -0.910423 0.413678
vn 0 -0.910423 0.413678
vn 0 -0.910423 0.413678
vt 0.485662 0.561312
vt 0.485662 0.561165
vt 0.49338 0.561165
f 6445/6445/6445 6446/6446/6446 6447/6447/6447
v 1.38457 3.25052 0.104771
v 1.38457 3.25086 0.105529
v 1.34488 3.25086 0.105529
vn 0 -0.910423 0.413678
vn 0 -0.910423 0.413678
vn 0 -0.910423 0.413678
vt 0.49338 0.561165
vt 0.49338 0.561312
vt 0.485662 0.561312
f 6448/6448/6448 6449/6449/6449 6450/6450/6450
v 1.34488 3.25134 0.106149
v 1.34488 3.25086 0.105529
v 1.38457 3.25086 0.105529
vn 0 -0.789306 0.614001
vn 0 -0.789306 0.614001
vn 0 -0.789306 0.614001
vt 0.485662 0.561433
vt 0.485662 0.561312
vt 0.49338 0.561312
f 6451/6451/6451 6452/6452/6452 6453/6453/6453
v 1.38457 3.25086 0.105529
v 1.38457 3.25134 0.106149
v 1.34488 3.25134 0.106149
vn 0 -0.789306 0.614001
vn 0 -0.789306 0.614001
vn 0 -0.789306 0.614001
vt 0.49338 0.561312
vt 0.49338 0.561433
vt 0.485662 0.561433
f 6454/6454/6454 6455/6455/6455 6456/6456/6456
v 1.34488 3.25196 0.106631
v 1.34488 3.25134 0.106149
v 1.38457 3.25134 0.106149
vn 0 -0.614028 0.789284
vn 0 -0.614028 0.789284
vn 0 -0.614028 0.789284
vt 0.519609 0.588991
vt 0.519726 0.588991
vt 0.519726 0.596492
f 6457/6457/6457 6458/6458/6458 6459/6459/6459
v 1.38457 3.25134 0.106149
v 1.38457 3.25196 0.106631
v 1.34488 3.25196 0.106631
vn 0 -0.614028 0.789284
vn 0 -0.614028 0.789284
vn 0 -0.614028 0.789284
vt 0.519726 0.596492
vt 0.519609 0.596492
vt 0.519609 0.588991
f 6460/6460/6460 6461/6461/6461 6462/6462/6462
v 1.34488 3.25272 0.106976
v 1.34488 3.25196 0.106631
v 1.38457 3.25196 0.106631
vn 0 -0.413781 0.910376
vn 0 -0.413781 0.910376
vn 0 -0.413781 0.910376
vt 0.519466 0.588991
vt 0.519609 0.588991
vt 0.519609 0.596492
f 6463/6463/6463 6464/6464/6464 6465/6465/6465
v 1.38457 3.25196 0.106631
v 1.38457 3.25272 0.106976
v 1.34488 3.25272 0.106976
vn 0 -0.413781 0.910376
vn 0 -0.413781 0.910376
vn 0 -0.413781 0.910376
vt 0.519609 0.596492
vt 0.519466 0.596492
vt 0.519466 0.588991
f 6466/6466/6466 6467/6467/6467 6468/6468/6468
v 1.34488 3.25362 0.107183
v 1.34488 3.25272 0.106976
v 1.38457 3.25272 0.106976
vn 0 -0.224848 0.974394
vn 0 -0.224848 0.974394
vn 0 -0.224848 0.974394
vt 0.519297 0.588991
vt 0.519466 0.588991
vt 0.519466 0.596492
f 6469/6469/6469 6470/6470/6470 6471/6471/6471
v 1.38457 3.25272 0.106976
v 1.38457 3.25362 0.107183
v 1.34488 3.25362 0.107183
vn 0 -0.224848 0.974394
vn 0 -0.224848 0.974394
vn 0 -0.224848 0.974394
vt 0.519466 0.596492
vt 0.519297 0.596492
vt 0.519297 0.588991
f 6472/6472/6472 6473/6473/6473 6474/6474/6474
v 1.34488 3.25465 0.107251
v 1.34488 3.25362 0.107183
v 1.38457 3.25362 0.107183
vn 0 -0.066512 0.997786
vn 0 -0.066512 0.997786
vn 0 -0.066512 0.997786
vt 0.519101 0.588991
vt 0.519297 0.588991
vt 0.519297 0.596492
f 6475/6475/6475 6476/6476/6476 6477/6477/6477
v 1.38457 3.25362 0.107183
v 1.38457 3.25465 0.107251
v 1.34488 3.25465 0.107251
vn 0 -0.066512 0.997786
vn 0 -0.066512 0.997786
vn 0 -0.066512 0.997786
vt 0.519297 0.596492
vt 0.519101 0.596492
vt 0.519101 0.588991
f 6478/6478/6478 6479/6479/6479 6480/6480/6480
v -1.34488 3.4054 0.104771
v -1.34488 3.40561 0.103875
v -1.38457 3.40561 0.103875
vn 0 0.97442 0.224736
vn 0 0.97442 0.224736
vn 0 0.97442 0.224736
vt 0.534882 0.546996
vt 0.534882 0.546823
vt 0.542577 0.546823
f 6481/6481/6481 6482/6482/6482 6483/6483/6483
v -1.38457 3.40561 0.103875
v -1.38457 3.4054 0.104771
v -1.34488 3.4054 0.104771
vn 0 0.97442 0.224736
vn 0 0.97442 0.224736
vn 0 0.97442 0.224736
vt 0.542577 0.546823
vt 0.542577 0.546996
vt 0.534882 0.546996
f 6484/6484/6484 6485/6485/6485 6486/6486/6486
v -1.34488 3.40505 0.105529
v -1.34488 3.4054 0.104771
v -1.38457 3.4054 0.104771
vn 0 0.910326 0.413891
vn 0 0.910326 0.413891
vn 0 0.910326 0.413891
vt 0.534882 0.547143
vt 0.534882 0.546996
vt 0.542577 0.546996
f 6487/6487/6487 6488/6488/6488 6489/6489/6489
v -1.38457 3.4054 0.104771
v -1.38457 3.40505 0.105529
v -1.34488 3.40505 0.105529
vn 0 0.910326 0.413891
vn 0 0.910326 0.413891
vn 0 0.910326 0.413891
vt 0.542577 0.546996
vt 0.542577 0.547143
vt 0.534882 0.547143
f 6490/6490/6490 6491/6491/6491 6492/6492/6492
v -1.34488 3.40457 0.106149
v -1.34488 3.40505 0.105529
v -1.38457 3.40505 0.105529
vn 0 0.789306 0.614001
vn 0 0.789306 0.614001
vn 0 0.789306 0.614001
vt 0.534882 0.547264
vt 0.534882 0.547143
vt 0.542577 0.547143
f 6493/6493/6493 6494/6494/6494 6495/6495/6495
v -1.38457 3.40505 0.105529
v -1.38457 3.40457 0.106149
v -1.34488 3.40457 0.106149
vn 0 0.789306 0.614001
vn 0 0.789306 0.614001
vn 0 0.789306 0.614001
vt 0.542577 0.547143
vt 0.542577 0.547264
vt 0.534882 0.547264
f 6496/6496/6496 6497/6497/6497 6498/6498/6498
v -1.34488 3.40395 0.106631
v -1.34488 3.40457 0.106149
v -1.38457 3.40457 0.106149
vn 0 0.614028 0.789284
vn 0 0.614028 0.789284
vn 0 0.614028 0.789284
vt 0.493356 0.560308
vt 0.493356 0.560426
vt 0.485764 0.560426
f 6499/6499/6499 6500/6500/6500 6501/6501/6501
v -1.38457 3.40457 0.106149
v -1.38457 3.40395 0.106631
v -1.34488 3.40395 0.106631
vn 0 0.614028 0.789284
vn 0 0.614028 0.789284
vn 0 0.614028 0.789284
vt 0.485764 0.560426
vt 0.485764 0.560308
vt 0.493356 0.560308
f 6502/6502/6502 6503/6503/6503 6504/6504/6504
v -1.34488 3.40319 0.106976
v -1.34488 3.40395 0.106631
v -1.38457 3.40395 0.106631
vn 0 0.413781 0.910376
vn 0 0.413781 0.910376
vn 0 0.413781 0.910376
vt 0.493356 0.560163
vt 0.493356 0.560308
vt 0.485764 0.560308
f 6505/6505/6505 6506/6506/6506 6507/6507/6507
v -1.38457 3.40395 0.106631
v -1.38457 3.40319 0.106976
v -1.34488 3.40319 0.106976
vn 0 0.413781 0.910376
vn 0 0.413781 0.910376
vn 0 0.413781 0.910376
vt 0.485764 0.560308
vt 0.485764 0.560163
vt 0.493356 0.560163
f 6508/6508/6508 6509/6509/6509 6510/6510/6510
v -1.34488 3.4023 0.107183
v -1.34488 3.40319 0.106976
v -1.38457 3.40319 0.106976
vn 0 0.224848 0.974394
vn 0 0.224848 0.974394
vn 0 0.224848 0.974394
vt 0.493356 0.559991
vt 0.493356 0.560163
vt 0.485764 0.560163
f 6511/6511/6511 6512/6512/6512 6513/6513/6513
v -1.38457 3.40319 0.106976
v -1.38457 3.4023 0.107183
v -1.34488 3.4023 0.107183
vn 0 0.224848 0.974394
vn 0 0.224848 0.974394
vn 0 0.224848 0.974394
vt 0.485764 0.560163
vt 0.485764 0.559991
vt 0.493356 0.559991
f 6514/6514/6514 6515/6515/6515 6516/6516/6516
v -1.34488 3.40126 0.107251
v -1.34488 3.4023 0.107183
v -1.38457 3.4023 0.107183
vn 0 0.066526 0.997785
vn 0 0.066526 0.997785
vn 0 0.066526 0.997785
vt 0.493356 0.559794
vt 0.493356 0.559991
vt 0.485764 0.559991
f 6517/6517/6517 6518/6518/6518 6519/6519/6519
v -1.38457 3.4023 0.107183
v -1.38457 3.40126 0.107251
v -1.34488 3.40126 0.107251
vn 0 0.066526 0.997785
vn 0 0.066526 0.997785
vn 0 0.066526 0.997785
vt 0.485764 0.559991
vt 0.485764 0.559794
vt 0.493356 0.559794
f 6520/6520/6520 6521/6521/6521 6522/6522/6522
v 1.38457 3.4054 0.104771
v 1.38457 3.40561 0.103875
v 1.34488 3.40561 0.103875
vn 0 0.97442 0.224736
vn 0 0.97442 0.224736
vn 0 0.97442 0.224736
vt 0.495045 0.539717
vt 0.495045 0.539891
vt 0.48735 0.539891
f 6523/6523/6523 6524/6524/6524 6525/6525/6525
v 1.34488 3.40561 0.103875
v 1.34488 3.4054 0.104771
v 1.38457 3.4054 0.104771
vn 0 0.97442 0.224736
vn 0 0.97442 0.224736
vn 0 0.97442 0.224736
vt 0.48735 0.539891
vt 0.48735 0.539717
vt 0.495045 0.539717
f 6526/6526/6526 6527/6527/6527 6528/6528/6528
v 1.38457 3.40505 0.105529
v 1.38457 3.4054 0.104771
v 1.34488 3.4054 0.104771
vn 0 0.910326 0.413891
vn 0 0.910326 0.413891
vn 0 0.910326 0.413891
vt 0.495045 0.53957
vt 0.495045 0.539717
vt 0.48735 0.539717
f 6529/6529/6529 6530/6530/6530 6531/6531/6531
v 1.34488 3.4054 0.104771
v 1.34488 3.40505 0.105529
v 1.38457 3.40505 0.105529
vn 0 0.910326 0.413891
vn 0 0.910326 0.413891
vn 0 0.910326 0.413891
vt 0.48735 0.539717
vt 0.48735 0.53957
vt 0.495045 0.53957
f 6532/6532/6532 6533/6533/6533 6534/6534/6534
v 1.38457 3.40457 0.106149
v 1.38457 3.40505 0.105529
v 1.34488 3.40505 0.105529
vn 0 0.789306 0.614001
vn 0 0.789306 0.614001
vn 0 0.789306 0.614001
vt 0.495045 0.53945
vt 0.495045 0.53957
vt 0.48735 0.53957
f 6535/6535/6535 6536/6536/6536 6537/6537/6537
v 1.34488 3.40505 0.105529
v 1.34488 3.40457 0.106149
v 1.38457 3.40457 0.106149
vn 0 0.789306 0.614001
vn 0 0.789306 0.614001
vn 0 0.789306 0.614001
vt 0.48735 0.53957
vt 0.48735 0.53945
vt 0.495045 0.53945
f 6538/6538/6538 6539/6539/6539 6540/6540/6540
v 1.38457 3.40395 0.106631
v 1.38457 3.40457 0.106149
v 1.34488 3.40457 0.106149
vn 0 0.614028 0.789284
vn 0 0.614028 0.789284
vn 0 0.614028 0.789284
vt 0.500689 0.56019
vt 0.500689 0.560308
vt 0.493101 0.560308
f 6541/6541/6541 6542/6542/6542 6543/6543/6543
v 1.34488 3.40457 0.106149
v 1.34488 3.40395 0.106631
v 1.38457 3.40395 0.106631
vn 0 0.614028 0.789284
vn 0 0.614028 0.789284
vn 0 0.614028 0.789284
vt 0.493101 0.560308
vt 0.493101 0.56019
vt 0.500689 0.56019
f 6544/6544/6544 6545/6545/6545 6546/6546/6546
v 1.38457 3.40319 0.106976
v 1.38457 3.40395 0.106631
v 1.34488 3.40395 0.106631
vn 0 0.413781 0.910376
vn 0 0.413781 0.910376
vn 0 0.413781 0.910376
vt 0.500689 0.560045
vt 0.500689 0.56019
vt 0.493101 0.56019
f 6547/6547/6547 6548/6548/6548 6549/6549/6549
v 1.34488 3.40395 0.106631
v 1.34488 3.40319 0.106976
v 1.38457 3.40319 0.106976
vn 0 0.413781 0.910376
vn 0 0.413781 0.910376
vn 0 0.413781 0.910376
vt 0.493101 0.56019
vt 0.493101 0.560045
vt 0.500689 0.560045
f 6550/6550/6550 6551/6551/6551 6552/6552/6552
v 1.38457 3.4023 0.107183
v 1.38457 3.40319 0.106976
v 1.34488 3.40319 0.106976
vn 0 0.224848 0.974394
vn 0 0.224848 0.974394
vn 0 0.224848 0.974394
vt 0.500689 0.559873
vt 0.500689 0.560045
vt 0.493101 0.560045
f 6553/6553/6553 6554/6554/6554 6555/6555/6555
v 1.34488 3.40319 0.106976
v 1.34488 3.4023 0.107183
v 1.38457 3.4023 0.107183
vn 0 0.224848 0.974394
vn 0 0.224848 0.974394
vn 0 0.224848 0.974394
vt 0.493101 0.560045
vt 0.493101 0.559873
vt 0.500689 0.559873
f 6556/6556/6556 6557/6557/6557 6558/6558/6558
v 1.38457 3.40126 0.107251
v 1.38457 3.4023 0.107183
v 1.34488 3.4023 0.107183
vn 0 0.066526 0.997785
vn 0 0.066526 0.997785
vn 0 0.066526 0.997785
vt 0.500689 0.559676
vt 0.500689 0.559873
vt 0.493101 0.559873
f 6559/6559/6559 6560/6560/6560 6561/6561/6561
v 1.34488 3.4023 0.107183
v 1.34488 3.40126 0.107251
v 1.38457 3.40126 0.107251
vn 0 0.066526 0.997785
vn 0 0.066526 0.997785
vn 0 0.066526 0.997785
vt 0.493101 0.559873
vt 0.493101 0.559676
vt 0.500689 0.559676
f 6562/6562/6562 6563/6563/6563 6564/6564/6564
v -1.40189 3.40319 0.107057
v -1.40174 3.4023 0.107203
v -1.38457 3.4023 0.107183
vn 0.001159 0.161214 0.986919
vn 0.001159 0.161214 0.986919
vn 0.001159 0.161214 0.986919
vt 0.48245 0.560163
vt 0.482478 0.559991
vt 0.485764 0.559991
f 6565/6565/6565 6566/6566/6566 6567/6567/6567
v -1.38457 3.4023 0.107183
v -1.38457 3.40319 0.106976
v -1.40189 3.40319 0.107057
vn 0.00454 0.224846 0.974384
vn 0.00454 0.224846 0.974384
vn 0.00454 0.224846 0.974384
vt 0.485764 0.559991
vt 0.485764 0.560163
vt 0.48245 0.560163
f 6568/6568/6568 6569/6569/6569 6570/6570/6570
v -1.40213 3.40395 0.106813
v -1.40189 3.40319 0.107057
v -1.38457 3.40319 0.106976
vn 0.004434 0.307269 0.951612
vn 0.004434 0.307269 0.951612
vn 0.004434 0.307269 0.951612
vt 0.482404 0.560308
vt 0.48245 0.560163
vt 0.485764 0.560163
f 6571/6571/6571 6572/6572/6572 6573/6573/6573
v -1.38457 3.40319 0.106976
v -1.38457 3.40395 0.106631
v -1.40213 3.40395 0.106813
vn 0.009412 0.413763 0.910336
vn 0.009412 0.413763 0.910336
vn 0.009412 0.413763 0.910336
vt 0.485764 0.560163
vt 0.485764 0.560308
vt 0.482404 0.560308
f 6574/6574/6574 6575/6575/6575 6576/6576/6576
v -1.40247 3.40457 0.106472
v -1.40213 3.40395 0.106813
v -1.38457 3.40395 0.106631
vn 0.009036 0.485773 0.874038
vn 0.009036 0.485773 0.874038
vn 0.009036 0.485773 0.874038
vt 0.482339 0.560426
vt 0.482404 0.560308
vt 0.485764 0.560308
f 6577/6577/6577 6578/6578/6578 6579/6579/6579
v -1.38457 3.40395 0.106631
v -1.38457 3.40457 0.106149
v -1.40247 3.40457 0.106472
vn 0.014229 0.613966 0.789205
vn 0.014229 0.613966 0.789205
vn 0.014229 0.613966 0.789205
vt 0.485764 0.560308
vt 0.485764 0.560426
vt 0.482339 0.560426
f 6580/6580/6580 6581/6581/6581 6582/6582/6582
v -1.40291 3.40505 0.106033
v -1.40247 3.40457 0.106472
v -1.38457 3.40457 0.106149
vn 0.013232 0.679131 0.733898
vn 0.013232 0.679131 0.733898
vn 0.013232 0.679131 0.733898
vt 0.482255 0.560518
vt 0.482339 0.560426
vt 0.485764 0.560426
f 6583/6583/6583 6584/6584/6584 6585/6585/6585
v -1.38457 3.40457 0.106149
v -1.38457 3.40505 0.105529
v -1.40291 3.40505 0.106033
vn 0.016881 0.789193 0.613913
vn 0.016881 0.789193 0.613913
vn 0.016881 0.789193 0.613913
vt 0.542577 0.547264
vt 0.542577 0.547143
vt 0.546135 0.547241
f 6586/6586/6586 6587/6587/6587 6588/6588/6588
v -1.40345 3.4054 0.105498
v -1.40291 3.40505 0.106033
v -1.38457 3.40505 0.105529
vn 0.014585 0.847614 0.530413
vn 0.014585 0.847614 0.530413
vn 0.014585 0.847614 0.530413
vt 0.546239 0.547137
vt 0.546135 0.547241
vt 0.542577 0.547143
f 6589/6589/6589 6590/6590/6590 6591/6591/6591
v -1.38457 3.40505 0.105529
v -1.38457 3.4054 0.104771
v -1.40345 3.4054 0.105498
vn 0.015922 0.910211 0.413839
vn 0.015922 0.910211 0.413839
vn 0.015922 0.910211 0.413839
vt 0.542577 0.547143
vt 0.542577 0.546996
vt 0.546239 0.547137
f 6592/6592/6592 6593/6593/6593 6594/6594/6594
v -1.40408 3.40561 0.104864
v -1.40345 3.4054 0.105498
v -1.38457 3.4054 0.104771
vn 0.011528 0.953986 0.299629
vn 0.011528 0.953986 0.299629
vn 0.011528 0.953986 0.299629
vt 0.546361 0.547014
vt 0.546239 0.547137
vt 0.542577 0.546996
f 6595/6595/6595 6596/6596/6596 6597/6597/6597
v -1.38457 3.4054 0.104771
v -1.38457 3.40561 0.103875
v -1.40408 3.40561 0.104864
vn 0.011386 0.974356 0.224722
vn 0.011386 0.974356 0.224722
vn 0.011386 0.974356 0.224722
vt 0.542577 0.546996
vt 0.542577 0.546823
vt 0.546361 0.547014
f 6598/6598/6598 6599/6599/6599 6600/6600/6600
v -1.40481 3.40567 0.104133
v -1.40408 3.40561 0.104864
v -1.38457 3.40561 0.103875
vn 0.004535 0.995976 0.089507
vn 0.004535 0.995976 0.089507
vn 0.004535 0.995976 0.089507
vt 0.546503 0.546873
vt 0.546361 0.547014
vt 0.542577 0.546823
f 6601/6601/6601 6602/6602/6602 6603/6603/6603
v -1.38457 3.40561 0.103875
v -1.38457 3.40567 0.102842
v -1.40481 3.40567 0.104133
vn 0.004249 0.99777 0.066617
vn 0.004249 0.99777 0.066617
vn 0.004249 0.99777 0.066617
vt 0.542577 0.546823
vt 0.542577 0.546622
vt 0.546503 0.546873
f 6604/6604/6604 6605/6605/6605 6606/6606/6606
v 1.40345 3.4054 0.105498
v 1.40408 3.40561 0.104864
v 1.38457 3.40561 0.103875
vn -0.01502 0.95493 0.29645
vn -0.01502 0.95493 0.29645
vn -0.01502 0.95493 0.29645
vt 0.498706 0.539576
vt 0.498829 0.539699
vt 0.495045 0.539891
f 6607/6607/6607 6608/6608/6608 6609/6609/6609
v 1.38457 3.40561 0.103875
v 1.38457 3.4054 0.104771
v 1.40345 3.4054 0.105498
vn -0.008646 0.974383 0.224728
vn -0.008646 0.974383 0.224728
vn -0.008646 0.974383 0.224728
vt 0.495045 0.539891
vt 0.495045 0.539717
vt 0.498706 0.539576
f 6610/6610/6610 6611/6611/6611 6612/6612/6612
v 1.40291 3.40505 0.106033
v 1.40345 3.4054 0.105498
v 1.38457 3.4054 0.104771
vn -0.020248 0.850049 0.526315
vn -0.020248 0.850049 0.526315
vn -0.020248 0.850049 0.526315
vt 0.498602 0.539472
vt 0.498706 0.539576
vt 0.495045 0.539717
f 6613/6613/6613 6614/6614/6614 6615/6615/6615
v 1.38457 3.4054 0.104771
v 1.38457 3.40505 0.105529
v 1.40291 3.40505 0.106033
vn -0.01138 0.910267 0.413864
vn -0.01138 0.910267 0.413864
vn -0.01138 0.910267 0.413864
vt 0.495045 0.539717
vt 0.495045 0.53957
vt 0.498602 0.539472
f 6616/6616/6616 6617/6617/6617 6618/6618/6618
v 1.40247 3.40457 0.106472
v 1.40291 3.40505 0.106033
v 1.38457 3.40505 0.105529
vn -0.020092 0.682433 0.730672
vn -0.020092 0.682433 0.730672
vn -0.020092 0.682433 0.730672
vt 0.480692 0.58758
vt 0.480773 0.587705
vt 0.477306 0.587705
f 6619/6619/6619 6620/6620/6620 6621/6621/6621
v 1.38457 3.40505 0.105529
v 1.38457 3.40457 0.106149
v 1.40247 3.40457 0.106472
vn -0.011069 0.789257 0.613963
vn -0.011069 0.789257 0.613963
vn -0.011069 0.789257 0.613963
vt 0.495045 0.53957
vt 0.495045 0.53945
vt 0.498517 0.539387
f 6622/6622/6622 6623/6623/6623 6624/6624/6624
v 1.40213 3.40395 0.106813
v 1.40247 3.40457 0.106472
v 1.38457 3.40457 0.106149
vn -0.015729 0.48855 0.872394
vn -0.015729 0.48855 0.872394
vn -0.015729 0.48855 0.872394
vt 0.504048 0.56019
vt 0.504114 0.560308
vt 0.500689 0.560308
f 6625/6625/6625 6626/6626/6626 6627/6627/6627
v 1.38457 3.40457 0.106149
v 1.38457 3.40395 0.106631
v 1.40213 3.40395 0.106813
vn -0.00816 0.614007 0.789258
vn -0.00816 0.614007 0.789258
vn -0.00816 0.614007 0.789258
vt 0.500689 0.560308
vt 0.500689 0.56019
vt 0.504048 0.56019
f 6628/6628/6628 6629/6629/6629 6630/6630/6630
v 1.40189 3.40319 0.107057
v 1.40213 3.40395 0.106813
v 1.38457 3.40395 0.106631
vn -0.009832 0.308831 0.951066
vn -0.009832 0.308831 0.951066
vn -0.009832 0.308831 0.951066
vt 0.504002 0.560045
vt 0.504048 0.56019
vt 0.500689 0.56019
f 6631/6631/6631 6632/6632/6632 6633/6633/6633
v 1.38457 3.40395 0.106631
v 1.38457 3.40319 0.106976
v 1.40189 3.40319 0.107057
vn -0.004242 0.413778 0.910368
vn -0.004242 0.413778 0.910368
vn -0.004242 0.413778 0.910368
vt 0.500689 0.56019
vt 0.500689 0.560045
vt 0.504002 0.560045
f 6634/6634/6634 6635/6635/6635 6636/6636/6636
v 1.40174 3.4023 0.107203
v 1.40189 3.40319 0.107057
v 1.38457 3.40319 0.106976
vn -0.004598 0.16176 0.98682
vn -0.004598 0.16176 0.98682
vn -0.004598 0.16176 0.98682
vt 0.503974 0.559873
vt 0.504002 0.560045
vt 0.500689 0.560045
f 6637/6637/6637 6638/6638/6638 6639/6639/6639
v 1.38457 3.40319 0.106976
v 1.38457 3.4023 0.107183
v 1.40174 3.4023 0.107203
vn -0.001144 0.224848 0.974393
vn -0.001144 0.224848 0.974393
vn -0.001144 0.224848 0.974393
vt 0.500689 0.560045
vt 0.500689 0.559873
vt 0.503974 0.559873
f 6640/6640/6640 6641/6641/6641 6642/6642/6642
v 1.4017 3.40126 0.107251
v 1.40174 3.4023 0.107203
v 1.38457 3.4023 0.107183
vn -0.001173 0.047152 0.998887
vn -0.001173 0.047152 0.998887
vn -0.001173 0.047152 0.998887
vt 0.503964 0.559676
vt 0.503974 0.559873
vt 0.500689 0.559873
f 6643/6643/6643 6644/6644/6644 6645/6645/6645
v 1.38457 3.4023 0.107183
v 1.38457 3.40126 0.107251
v 1.4017 3.40126 0.107251
vn 0 0.066526 0.997785
vn 0 0.066526 0.997785
vn 0 0.066526 0.997785
vt 0.500689 0.559873
vt 0.500689 0.559676
vt 0.503964 0.559676
f 6646/6646/6646 6647/6647/6647 6648/6648/6648
v 1.34488 3.38788 0.10174
v -1.34488 3.39118 0.10174
v -1.34488 3.33614 0.10174
vn -2.6e-005 1.7e-005 1
vn 4.1e-005 0.033298 0.999445
vn -5.9e-005 -0.230548 0.973061
vt 0.614513 0.012224
vt 0.615142 0.524191
vt 0.604666 0.524191
f 6649/6649/6649 6650/6650/6650 6651/6651/6651
v -1.34488 3.33614 0.10174
v 1.34488 3.33545 0.10174
v 1.34488 3.38788 0.10174
vn -5.9e-005 -0.230548 0.973061
vn -5e-005 -0.235811 0.971799
vn -2.6e-005 1.7e-005 1
vt 0.604666 0.524191
vt 0.604535 0.012224
vt 0.614513 0.012224
f 6652/6652/6652 6653/6653/6653 6654/6654/6654
v 1.34488 3.33545 0.10174
v -1.34488 3.33614 0.10174
v -1.34488 3.33179 0.099555
vn -5e-005 -0.235811 0.971799
vn -5.9e-005 -0.230548 0.973061
vn -9e-005 -0.384065 0.923306
vt 0.604535 0.012224
vt 0.604666 0.524191
vt 0.603838 0.524191
f 6655/6655/6655 6656/6656/6656 6657/6657/6657
v -1.34488 3.33179 0.099555
v 1.34488 3.33131 0.099602
v 1.34488 3.33545 0.10174
vn -9e-005 -0.384065 0.923306
vn -8.7e-005 -0.392691 0.919671
vn -5e-005 -0.235811 0.971799
vt 0.603838 0.524191
vt 0.603746 0.012224
vt 0.604535 0.012224
f 6658/6658/6658 6659/6659/6659 6660/6660/6660
v -1.34488 3.26473 0.10174
v 1.34488 3.26473 0.10174
v 1.34488 3.31835 0.10174
vn 0 0 1
vn 0 0 1
vn 2e-005 0.235766 0.97181
vt 0.591074 0.524191
vt 0.591074 0.012224
vt 0.60128 0.012224
f 6661/6661/6661 6662/6662/6662 6663/6663/6663
v 1.34488 3.31835 0.10174
v -1.34488 3.31858 0.10174
v -1.34488 3.26473 0.10174
vn 2e-005 0.235766 0.97181
vn 2.9e-005 0.230591 0.973051
vn 0 0 1
vt 0.60128 0.012224
vt 0.601323 0.524191
vt 0.591074 0.524191
f 6664/6664/6664 6665/6665/6665 6666/6666/6666
v -1.34488 3.32588 0.098566
v -1.34488 3.32293 0.099555
v 1.34488 3.3225 0.099602
vn 1.3e-005 0.160789 0.986989
vn 4.6e-005 0.384036 0.923318
vn 4.2e-005 0.392696 0.919669
vt 0.602714 0.524191
vt 0.602152 0.524191
vt 0.602069 0.012224
f 6667/6667/6667 6668/6668/6668 6669/6669/6669
v 1.34488 3.3225 0.099602
v 1.34488 3.32543 0.098593
v -1.34488 3.32588 0.098566
vn 4.2e-005 0.392696 0.919669
vn 1.8e-005 0.164805 0.986326
vn 1.3e-005 0.160789 0.986989
vt 0.602069 0.012224
vt 0.602628 0.012224
vt 0.602714 0.524191
f 6670/6670/6670 6671/6671/6671 6672/6672/6672
v -1.34488 3.32884 0.098566
v -1.34488 3.32588 0.098566
v 1.34488 3.32543 0.098593
vn -3.8e-005 -0.160818 0.986984
vn 1.3e-005 0.160789 0.986989
vn 1.8e-005 0.164805 0.986326
vt 0.603276 0.524191
vt 0.602714 0.524191
vt 0.602628 0.012224
f 6673/6673/6673 6674/6674/6674 6675/6675/6675
v 1.34488 3.32543 0.098593
v 1.34488 3.32837 0.098593
v -1.34488 3.32884 0.098566
vn 1.8e-005 0.164805 0.986326
vn -4.3e-005 -0.164767 0.986332
vn -3.8e-005 -0.160818 0.986984
vt 0.602628 0.012224
vt 0.603187 0.012224
vt 0.603276 0.524191
f 6676/6676/6676 6677/6677/6677 6678/6678/6678
v -1.34488 3.33179 0.099555
v -1.34488 3.32884 0.098566
v 1.34488 3.32837 0.098593
vn -9e-005 -0.384065 0.923306
vn -3.8e-005 -0.160818 0.986984
vn -4.3e-005 -0.164767 0.986332
vt 0.603838 0.524191
vt 0.603276 0.524191
vt 0.603187 0.012224
f 6679/6679/6679 6680/6680/6680 6681/6681/6681
v 1.34488 3.32837 0.098593
v 1.34488 3.33131 0.099602
v -1.34488 3.33179 0.099555
vn -4.3e-005 -0.164767 0.986332
vn -8.7e-005 -0.392691 0.919671
vn -9e-005 -0.384065 0.923306
vt 0.603187 0.012224
vt 0.603746 0.012224
vt 0.603838 0.524191
f 6682/6682/6682 6683/6683/6683 6684/6684/6684
v 1.40364 3.29338 -0.015812
v 1.40089 3.29816 -0.015812
v 1.40089 3.29816 -0.010301
vn 1 1e-005 -0
vn 0.500013 0.866018 -0
vn 0.500013 0.866018 -0
vt 0.656522 0.035912
vt 0.655554 0.035912
vt 0.655554 0.034793
f 6685/6685/6685 6686/6686/6686 6687/6687/6687
v 1.40089 3.29816 -0.010301
v 1.40364 3.29338 -0.010301
v 1.40364 3.29338 -0.015812
vn 0.500013 0.866018 -0
vn 1 1e-005 -0
vn 1 1e-005 -0
vt 0.655554 0.034793
vt 0.656522 0.034793
vt 0.656522 0.035912
f 6688/6688/6688 6689/6689/6689 6690/6690/6690
v 1.40089 3.29816 -0.015812
v 1.39538 3.29816 -0.015812
v 1.39538 3.29816 -0.010301
vn 0.500013 0.866018 -0
vn -0.500013 0.866018 -0
vn -0.500013 0.866018 -0
vt 0.659757 0.036628
vt 0.658716 0.036628
vt 0.658716 0.035587
f 6691/6691/6691 6692/6692/6692 6693/6693/6693
v 1.39538 3.29816 -0.010301
v 1.40089 3.29816 -0.010301
v 1.40089 3.29816 -0.015812
vn -0.500013 0.866018 -0
vn 0.500013 0.866018 -0
vn 0.500013 0.866018 -0
vt 0.658716 0.035587
vt 0.659757 0.035587
vt 0.659757 0.036628
f 6694/6694/6694 6695/6695/6695 6696/6696/6696
v 1.39538 3.29816 -0.015812
v 1.39262 3.29338 -0.015812
v 1.39262 3.29338 -0.010301
vn -0.500013 0.866018 -0
vn -1 1e-005 -0
vn -1 1e-005 -0
vt 0.657615 0.036578
vt 0.658583 0.036578
vt 0.658583 0.037697
f 6697/6697/6697 6698/6698/6698 6699/6699/6699
v 1.39262 3.29338 -0.010301
v 1.39538 3.29816 -0.010301
v 1.39538 3.29816 -0.015812
vn -1 1e-005 -0
vn -0.500013 0.866018 -0
vn -0.500013 0.866018 -0
vt 0.658583 0.037697
vt 0.657615 0.037697
vt 0.657615 0.036578
f 6700/6700/6700 6701/6701/6701 6702/6702/6702
v 1.39262 3.29338 -0.015812
v 1.39538 3.28861 -0.015812
v 1.39538 3.28861 -0.010301
vn -1 1e-005 -0
vn -0.500021 -0.866013 -0
vn -0.500021 -0.866013 -0
vt 0.658583 0.036578
vt 0.659552 0.036578
vt 0.659552 0.037697
f 6703/6703/6703 6704/6704/6704 6705/6705/6705
v 1.39538 3.28861 -0.010301
v 1.39262 3.29338 -0.010301
v 1.39262 3.29338 -0.015812
vn -0.500021 -0.866013 -0
vn -1 1e-005 -0
vn -1 1e-005 -0
vt 0.659552 0.037697
vt 0.658583 0.037697
vt 0.658583 0.036578
f 6706/6706/6706 6707/6707/6707 6708/6708/6708
v 1.39538 3.28861 -0.015812
v 1.40089 3.28861 -0.015812
v 1.40089 3.28861 -0.010301
vn -0.500021 -0.866013 -0
vn 0.500021 -0.866013 -0
vn 0.500021 -0.866013 -0
vt 0.659747 0.041218
vt 0.660788 0.041218
vt 0.660788 0.042259
f 6709/6709/6709 6710/6710/6710 6711/6711/6711
v 1.40089 3.28861 -0.010301
v 1.39538 3.28861 -0.010301
v 1.39538 3.28861 -0.015812
vn 0.500021 -0.866013 -0
vn -0.500021 -0.866013 -0
vn -0.500021 -0.866013 -0
vt 0.660788 0.042259
vt 0.659747 0.042259
vt 0.659747 0.041218
f 6712/6712/6712 6713/6713/6713 6714/6714/6714
v 1.40089 3.28861 -0.015812
v 1.40364 3.29338 -0.015812
v 1.40364 3.29338 -0.010301
vn 0.500021 -0.866013 -0
vn 1 1e-005 -0
vn 1 1e-005 -0
vt 0.657491 0.035912
vt 0.656522 0.035912
vt 0.656522 0.034793
f 6715/6715/6715 6716/6716/6716 6717/6717/6717
v 1.40364 3.29338 -0.010301
v 1.40089 3.28861 -0.010301
v 1.40089 3.28861 -0.015812
vn 1 1e-005 -0
vn 0.500021 -0.866013 -0
vn 0.500021 -0.866013 -0
vt 0.656522 0.034793
vt 0.657491 0.034793
vt 0.657491 0.035912
f 6718/6718/6718 6719/6719/6719 6720/6720/6720
v 1.39538 3.28861 -0.015812
v 1.39262 3.29338 -0.015812
v 1.39538 3.29816 -0.015812
vn 0 0 -1
vn 0 0 -1
vn 0 0 -1
vt 0.65512 0.03689
vt 0.65564 0.037791
vt 0.65512 0.038693
f 6721/6721/6721 6722/6722/6722 6723/6723/6723
v 1.39538 3.29816 -0.015812
v 1.40089 3.29816 -0.015812
v 1.40364 3.29338 -0.015812
vn 0 0 -1
vn 0 0 -1
vn 0 0 -1
vt 0.65512 0.038693
vt 0.654079 0.038693
vt 0.653558 0.037791
f 6724/6724/6724 6725/6725/6725 6726/6726/6726
v 1.39538 3.28861 -0.015812
v 1.39538 3.29816 -0.015812
v 1.40364 3.29338 -0.015812
vn 0 0 -1
vn 0 0 -1
vn 0 0 -1
vt 0.65512 0.03689
vt 0.65512 0.038693
vt 0.653558 0.037791
f 6727/6727/6727 6728/6728/6728 6729/6729/6729
v 1.40089 3.28861 -0.015812
v 1.39538 3.28861 -0.015812
v 1.40364 3.29338 -0.015812
vn 0 0 -1
vn 0 0 -1
vn 0 0 -1
vt 0.654079 0.03689
vt 0.65512 0.03689
vt 0.653558 0.037791
f 6730/6730/6730 6731/6731/6731 6732/6732/6732
v 1.40089 3.29816 -0.010301
v 1.39538 3.29816 -0.010301
v 1.39262 3.29338 -0.010301
vn 0 0 1
vn 0 0 1
vn 0 0 1
vt 0.657181 0.040478
vt 0.65614 0.040478
vt 0.655619 0.039576
f 6733/6733/6733 6734/6734/6734 6735/6735/6735
v 1.39262 3.29338 -0.010301
v 1.39538 3.28861 -0.010301
v 1.40089 3.28861 -0.010301
vn 0 0 1
vn 0 0 1
vn 0 0 1
vt 0.655619 0.039576
vt 0.65614 0.038675
vt 0.657181 0.038675
f 6736/6736/6736 6737/6737/6737 6738/6738/6738
v 1.40089 3.29816 -0.010301
v 1.39262 3.29338 -0.010301
v 1.40089 3.28861 -0.010301
vn 0 0 1
vn 0 0 1
vn 0 0 1
vt 0.657181 0.040478
vt 0.655619 0.039576
vt 0.657181 0.038675
f 6739/6739/6739 6740/6740/6740 6741/6741/6741
v 1.40364 3.29338 -0.010301
v 1.40089 3.29816 -0.010301
v 1.40089 3.28861 -0.010301
vn 0 0 1
vn 0 0 1
vn 0 0 1
vt 0.657701 0.039576
vt 0.657181 0.040478
vt 0.657181 0.038675
f 6742/6742/6742 6743/6743/6743 6744/6744/6744
v 1.40364 3.36709 -0.015812
v 1.40089 3.37187 -0.015812
v 1.40089 3.37187 -0.010301
vn 1 1e-005 -0
vn 0.500013 0.866018 -0
vn 0.500013 0.866018 -0
vt 0.654461 0.036942
vt 0.653492 0.036942
vt 0.653492 0.035824
f 6745/6745/6745 6746/6746/6746 6747/6747/6747
v 1.40089 3.37187 -0.010301
v 1.40364 3.36709 -0.010301
v 1.40364 3.36709 -0.015812
vn 0.500013 0.866018 -0
vn 1 1e-005 -0
vn 1 1e-005 -0
vt 0.653492 0.035824
vt 0.654461 0.035824
vt 0.654461 0.036942
f 6748/6748/6748 6749/6749/6749 6750/6750/6750
v 1.40089 3.37187 -0.015812
v 1.39538 3.37187 -0.015812
v 1.39538 3.37187 -0.010301
vn 0.500013 0.866018 -0
vn -0.500013 0.866018 -0
vn -0.500013 0.866018 -0
vt 0.658727 0.036628
vt 0.657686 0.036628
vt 0.657686 0.035587
f 6751/6751/6751 6752/6752/6752 6753/6753/6753
v 1.39538 3.37187 -0.010301
v 1.40089 3.37187 -0.010301
v 1.40089 3.37187 -0.015812
vn -0.500013 0.866018 -0
vn 0.500013 0.866018 -0
vn 0.500013 0.866018 -0
vt 0.657686 0.035587
vt 0.658727 0.035587
vt 0.658727 0.036628
f 6754/6754/6754 6755/6755/6755 6756/6756/6756
v 1.39538 3.37187 -0.015812
v 1.39262 3.36709 -0.015812
v 1.39262 3.36709 -0.010301
vn -0.500013 0.866018 -0
vn -1 1e-005 -0
vn -1 1e-005 -0
vt 0.6594 0.036578
vt 0.660369 0.036578
vt 0.660369 0.037697
f 6757/6757/6757 6758/6758/6758 6759/6759/6759
v 1.39262 3.36709 -0.010301
v 1.39538 3.37187 -0.010301
v 1.39538 3.37187 -0.015812
vn -1 1e-005 -0
vn -0.500013 0.866018 -0
vn -0.500013 0.866018 -0
vt 0.660369 0.037697
vt 0.6594 0.037697
vt 0.6594 0.036578
f 6760/6760/6760 6761/6761/6761 6762/6762/6762
v 1.39262 3.36709 -0.015812
v 1.39538 3.36232 -0.015812
v 1.39538 3.36232 -0.010301
vn -1 1e-005 -0
vn -0.500021 -0.866013 -0
vn -0.500021 -0.866013 -0
vt 0.660369 0.036578
vt 0.661337 0.036578
vt 0.661337 0.037697
f 6763/6763/6763 6764/6764/6764 6765/6765/6765
v 1.39538 3.36232 -0.010301
v 1.39262 3.36709 -0.010301
v 1.39262 3.36709 -0.015812
vn -0.500021 -0.866013 -0
vn -1 1e-005 -0
vn -1 1e-005 -0
vt 0.661337 0.037697
vt 0.660369 0.037697
vt 0.660369 0.036578
f 6766/6766/6766 6767/6767/6767 6768/6768/6768
v 1.39538 3.36232 -0.015812
v 1.40089 3.36232 -0.015812
v 1.40089 3.36232 -0.010301
vn -0.500021 -0.866013 -0
vn 0.500021 -0.866013 -0
vn 0.500021 -0.866013 -0
vt 0.659747 0.039433
vt 0.660788 0.039433
vt 0.660788 0.040474
f 6769/6769/6769 6770/6770/6770 6771/6771/6771
v 1.40089 3.36232 -0.010301
v 1.39538 3.36232 -0.010301
v 1.39538 3.36232 -0.015812
vn 0.500021 -0.866013 -0
vn -0.500021 -0.866013 -0
vn -0.500021 -0.866013 -0
vt 0.660788 0.040474
vt 0.659747 0.040474
vt 0.659747 0.039433
f 6772/6772/6772 6773/6773/6773 6774/6774/6774
v 1.40089 3.36232 -0.015812
v 1.40364 3.36709 -0.015812
v 1.40364 3.36709 -0.010301
vn 0.500021 -0.866013 -0
vn 1 1e-005 -0
vn 1 1e-005 -0
vt 0.65543 0.036942
vt 0.654461 0.036942
vt 0.654461 0.035824
f 6775/6775/6775 6776/6776/6776 6777/6777/6777
v 1.40364 3.36709 -0.010301
v 1.40089 3.36232 -0.010301
v 1.40089 3.36232 -0.015812
vn 1 1e-005 -0
vn 0.500021 -0.866013 -0
vn 0.500021 -0.866013 -0
vt 0.654461 0.035824
vt 0.65543 0.035824
vt 0.65543 0.036942
f 6778/6778/6778 6779/6779/6779 6780/6780/6780
v 1.39538 3.36232 -0.015812
v 1.39262 3.36709 -0.015812
v 1.39538 3.37187 -0.015812
vn 0 0 -1
vn 0 0 -1
vn 0 0 -1
vt 0.657181 0.03689
vt 0.657701 0.037791
vt 0.657181 0.038693
f 6781/6781/6781 6782/6782/6782 6783/6783/6783
v 1.39538 3.37187 -0.015812
v 1.40089 3.37187 -0.015812
v 1.40364 3.36709 -0.015812
vn 0 0 -1
vn 0 0 -1
vn 0 0 -1
vt 0.657181 0.038693
vt 0.65614 0.038693
vt 0.655619 0.037791
f 6784/6784/6784 6785/6785/6785 6786/6786/6786
v 1.39538 3.36232 -0.015812
v 1.39538 3.37187 -0.015812
v 1.40364 3.36709 -0.015812
vn 0 0 -1
vn 0 0 -1
vn 0 0 -1
vt 0.657181 0.03689
vt 0.657181 0.038693
vt 0.655619 0.037791
f 6787/6787/6787 6788/6788/6788 6789/6789/6789
v 1.40089 3.36232 -0.015812
v 1.39538 3.36232 -0.015812
v 1.40364 3.36709 -0.015812
vn 0 0 -1
vn 0 0 -1
vn 0 0 -1
vt 0.65614 0.03689
vt 0.657181 0.03689
vt 0.655619 0.037791
f 6790/6790/6790 6791/6791/6791 6792/6792/6792
v 1.40089 3.37187 -0.010301
v 1.39538 3.37187 -0.010301
v 1.39262 3.36709 -0.010301
vn 0 0 1
vn 0 0 1
vn 0 0 1
vt 0.659242 0.040478
vt 0.658201 0.040478
vt 0.657681 0.039576
f 6793/6793/6793 6794/6794/6794 6795/6795/6795
v 1.39262 3.36709 -0.010301
v 1.39538 3.36232 -0.010301
v 1.40089 3.36232 -0.010301
vn 0 0 1
vn 0 0 1
vn 0 0 1
vt 0.657681 0.039576
vt 0.658201 0.038675
vt 0.659242 0.038675
f 6796/6796/6796 6797/6797/6797 6798/6798/6798
v 1.40089 3.37187 -0.010301
v 1.39262 3.36709 -0.010301
v 1.40089 3.36232 -0.010301
vn 0 0 1
vn 0 0 1
vn 0 0 1
vt 0.659242 0.040478
vt 0.657681 0.039576
vt 0.659242 0.038675
f 6799/6799/6799 6800/6800/6800 6801/6801/6801
v 1.40364 3.36709 -0.010301
v 1.40089 3.37187 -0.010301
v 1.40089 3.36232 -0.010301
vn 0 0 1
vn 0 0 1
vn 0 0 1
vt 0.659763 0.039576
vt 0.659242 0.040478
vt 0.659242 0.038675
f 6802/6802/6802 6803/6803/6803 6804/6804/6804
v -1.39261 3.29338 -0.015812
v -1.39537 3.29816 -0.015812
v -1.39537 3.29816 -0.010301
vn 1 1e-005 -0
vn 0.499998 0.866026 -0
vn 0.499998 0.866026 -0
vt 0.654461 0.035912
vt 0.653492 0.035912
vt 0.653492 0.034793
f 6805/6805/6805 6806/6806/6806 6807/6807/6807
v -1.39537 3.29816 -0.010301
v -1.39261 3.29338 -0.010301
v -1.39261 3.29338 -0.015812
vn 0.499998 0.866026 -0
vn 1 1e-005 -0
vn 1 1e-005 -0
vt 0.653492 0.034793
vt 0.654461 0.034793
vt 0.654461 0.035912
f 6808/6808/6808 6809/6809/6809 6810/6810/6810
v -1.39537 3.29816 -0.015812
v -1.40088 3.29816 -0.015812
v -1.40088 3.29816 -0.010301
vn 0.499998 0.866026 -0
vn -0.499998 0.866026 -0
vn -0.499998 0.866026 -0
vt 0.659747 0.035597
vt 0.659747 0.034556
vt 0.660788 0.034556
f 6811/6811/6811 6812/6812/6812 6813/6813/6813
v -1.40088 3.29816 -0.010301
v -1.39537 3.29816 -0.010301
v -1.39537 3.29816 -0.015812
vn -0.499998 0.866026 -0
vn 0.499998 0.866026 -0
vn 0.499998 0.866026 -0
vt 0.660788 0.034556
vt 0.660788 0.035597
vt 0.659747 0.035597
f 6814/6814/6814 6815/6815/6815 6816/6816/6816
v -1.40088 3.29816 -0.015812
v -1.40364 3.29338 -0.015812
v -1.40364 3.29338 -0.010301
vn -0.499998 0.866026 -0
vn -1 1e-005 -0
vn -1 1e-005 -0
vt 0.6594 0.037609
vt 0.660369 0.037609
vt 0.660369 0.038728
f 6817/6817/6817 6818/6818/6818 6819/6819/6819
v -1.40364 3.29338 -0.010301
v -1.40088 3.29816 -0.010301
v -1.40088 3.29816 -0.015812
vn -1 1e-005 -0
vn -0.499998 0.866026 -0
vn -0.499998 0.866026 -0
vt 0.660369 0.038728
vt 0.6594 0.038728
vt 0.6594 0.037609
f 6820/6820/6820 6821/6821/6821 6822/6822/6822
v -1.40364 3.29338 -0.015812
v -1.40088 3.28861 -0.015812
v -1.40088 3.28861 -0.010301
vn -1 1e-005 -0
vn -0.500007 -0.866021 -0
vn -0.500007 -0.866021 -0
vt 0.660369 0.037609
vt 0.661337 0.037609
vt 0.661337 0.038728
f 6823/6823/6823 6824/6824/6824 6825/6825/6825
v -1.40088 3.28861 -0.010301
v -1.40364 3.29338 -0.010301
v -1.40364 3.29338 -0.015812
vn -0.500007 -0.866021 -0
vn -1 1e-005 -0
vn -1 1e-005 -0
vt 0.661337 0.038728
vt 0.660369 0.038728
vt 0.660369 0.037609
f 6826/6826/6826 6827/6827/6827 6828/6828/6828
v -1.40088 3.28861 -0.015812
v -1.39537 3.28861 -0.015812
v -1.39537 3.28861 -0.010301
vn -0.500007 -0.866021 -0
vn 0.500007 -0.866021 -0
vn 0.500007 -0.866021 -0
vt 0.658727 0.034556
vt 0.658727 0.035597
vt 0.657686 0.035597
f 6829/6829/6829 6830/6830/6830 6831/6831/6831
v -1.39537 3.28861 -0.010301
v -1.40088 3.28861 -0.010301
v -1.40088 3.28861 -0.015812
vn 0.500007 -0.866021 -0
vn -0.500007 -0.866021 -0
vn -0.500007 -0.866021 -0
vt 0.657686 0.035597
vt 0.657686 0.034556
vt 0.658727 0.034556
f 6832/6832/6832 6833/6833/6833 6834/6834/6834
v -1.39537 3.28861 -0.015812
v -1.39261 3.29338 -0.015812
v -1.39261 3.29338 -0.010301
vn 0.500007 -0.866021 -0
vn 1 1e-005 -0
vn 1 1e-005 -0
vt 0.65543 0.035912
vt 0.654461 0.035912
vt 0.654461 0.034793
f 6835/6835/6835 6836/6836/6836 6837/6837/6837
v -1.39261 3.29338 -0.010301
v -1.39537 3.28861 -0.010301
v -1.39537 3.28861 -0.015812
vn 1 1e-005 -0
vn 0.500007 -0.866021 -0
vn 0.500007 -0.866021 -0
vt 0.654461 0.034793
vt 0.65543 0.034793
vt 0.65543 0.035912
f 6838/6838/6838 6839/6839/6839 6840/6840/6840
v -1.40088 3.28861 -0.015812
v -1.40364 3.29338 -0.015812
v -1.40088 3.29816 -0.015812
vn 0 0 -1
vn 0 0 -1
vn 0 0 -1
vt 0.65512 0.04046
vt 0.65564 0.041361
vt 0.65512 0.042263
f 6841/6841/6841 6842/6842/6842 6843/6843/6843
v -1.40088 3.29816 -0.015812
v -1.39537 3.29816 -0.015812
v -1.39261 3.29338 -0.015812
vn 0 0 -1
vn 0 0 -1
vn 0 0 -1
vt 0.65512 0.042263
vt 0.654079 0.042263
vt 0.653558 0.041361
f 6844/6844/6844 6845/6845/6845 6846/6846/6846
v -1.40088 3.28861 -0.015812
v -1.40088 3.29816 -0.015812
v -1.39261 3.29338 -0.015812
vn 0 0 -1
vn 0 0 -1
vn 0 0 -1
vt 0.65512 0.04046
vt 0.65512 0.042263
vt 0.653558 0.041361
f 6847/6847/6847 6848/6848/6848 6849/6849/6849
v -1.39537 3.28861 -0.015812
v -1.40088 3.28861 -0.015812
v -1.39261 3.29338 -0.015812
vn 0 0 -1
vn 0 0 -1
vn 0 0 -1
vt 0.654079 0.04046
vt 0.65512 0.04046
vt 0.653558 0.041361
f 6850/6850/6850 6851/6851/6851 6852/6852/6852
v -1.39537 3.29816 -0.010301
v -1.40088 3.29816 -0.010301
v -1.40364 3.29338 -0.010301
vn 0 0 1
vn 0 0 1
vn 0 0 1
vt 0.659242 0.042263
vt 0.658201 0.042263
vt 0.657681 0.041361
f 6853/6853/6853 6854/6854/6854 6855/6855/6855
v -1.40364 3.29338 -0.010301
v -1.40088 3.28861 -0.010301
v -1.39537 3.28861 -0.010301
vn 0 0 1
vn 0 0 1
vn 0 0 1
vt 0.657681 0.041361
vt 0.658201 0.04046
vt 0.659242 0.04046
f 6856/6856/6856 6857/6857/6857 6858/6858/6858
v -1.39537 3.29816 -0.010301
v -1.40364 3.29338 -0.010301
v -1.39537 3.28861 -0.010301
vn 0 0 1
vn 0 0 1
vn 0 0 1
vt 0.659242 0.042263
vt 0.657681 0.041361
vt 0.659242 0.04046
f 6859/6859/6859 6860/6860/6860 6861/6861/6861
v -1.39261 3.29338 -0.010301
v -1.39537 3.29816 -0.010301
v -1.39537 3.28861 -0.010301
vn 0 0 1
vn 0 0 1
vn 0 0 1
vt 0.659763 0.041361
vt 0.659242 0.042263
vt 0.659242 0.04046
f 6862/6862/6862 6863/6863/6863 6864/6864/6864
v -1.39261 3.36709 -0.015812
v -1.39537 3.37187 -0.015812
v -1.39537 3.37187 -0.010301
vn 1 1e-005 -0
vn 0.499998 0.866026 -0
vn 0.499998 0.866026 -0
vt 0.656522 0.036942
vt 0.655554 0.036942
vt 0.655554 0.035824
f 6865/6865/6865 6866/6866/6866 6867/6867/6867
v -1.39537 3.37187 -0.010301
v -1.39261 3.36709 -0.010301
v -1.39261 3.36709 -0.015812
vn 0.499998 0.866026 -0
vn 1 1e-005 -0
vn 1 1e-005 -0
vt 0.655554 0.035824
vt 0.656522 0.035824
vt 0.656522 0.036942
f 6868/6868/6868 6869/6869/6869 6870/6870/6870
v -1.39537 3.37187 -0.015812
v -1.40088 3.37187 -0.015812
v -1.40088 3.37187 -0.010301
vn 0.499998 0.866026 -0
vn -0.499998 0.866026 -0
vn -0.499998 0.866026 -0
vt 0.659747 0.036628
vt 0.659747 0.035587
vt 0.660788 0.035587
f 6871/6871/6871 6872/6872/6872 6873/6873/6873
v -1.40088 3.37187 -0.010301
v -1.39537 3.37187 -0.010301
v -1.39537 3.37187 -0.015812
vn -0.499998 0.866026 -0
vn 0.499998 0.866026 -0
vn 0.499998 0.866026 -0
vt 0.660788 0.035587
vt 0.660788 0.036628
vt 0.659747 0.036628
f 6874/6874/6874 6875/6875/6875 6876/6876/6876
v -1.40088 3.37187 -0.015812
v -1.40364 3.36709 -0.015812
v -1.40364 3.36709 -0.010301
vn -0.499998 0.866026 -0
vn -1 1e-005 -0
vn -1 1e-005 -0
vt 0.657615 0.037609
vt 0.658583 0.037609
vt 0.658583 0.038728
f 6877/6877/6877 6878/6878/6878 6879/6879/6879
v -1.40364 3.36709 -0.010301
v -1.40088 3.37187 -0.010301
v -1.40088 3.37187 -0.015812
vn -1 1e-005 -0
vn -0.499998 0.866026 -0
vn -0.499998 0.866026 -0
vt 0.658583 0.038728
vt 0.657615 0.038728
vt 0.657615 0.037609
f 6880/6880/6880 6881/6881/6881 6882/6882/6882
v -1.40364 3.36709 -0.015812
v -1.40088 3.36232 -0.015812
v -1.40088 3.36232 -0.010301
vn -1 1e-005 -0
vn -0.500007 -0.866021 -0
vn -0.500007 -0.866021 -0
vt 0.658583 0.037609
vt 0.659552 0.037609
vt 0.659552 0.038728
f 6883/6883/6883 6884/6884/6884 6885/6885/6885
v -1.40088 3.36232 -0.010301
v -1.40364 3.36709 -0.010301
v -1.40364 3.36709 -0.015812
vn -0.500007 -0.866021 -0
vn -1 1e-005 -0
vn -1 1e-005 -0
vt 0.659552 0.038728
vt 0.658583 0.038728
vt 0.658583 0.037609
f 6886/6886/6886 6887/6887/6887 6888/6888/6888
v -1.40088 3.36232 -0.015812
v -1.39537 3.36232 -0.015812
v -1.39537 3.36232 -0.010301
vn -0.500007 -0.866021 -0
vn 0.500007 -0.866021 -0
vn 0.500007 -0.866021 -0
vt 0.659757 0.034556
vt 0.659757 0.035597
vt 0.658716 0.035597
f 6889/6889/6889 6890/6890/6890 6891/6891/6891
v -1.39537 3.36232 -0.010301
v -1.40088 3.36232 -0.010301
v -1.40088 3.36232 -0.015812
vn 0.500007 -0.866021 -0
vn -0.500007 -0.866021 -0
vn -0.500007 -0.866021 -0
vt 0.658716 0.035597
vt 0.658716 0.034556
vt 0.659757 0.034556
f 6892/6892/6892 6893/6893/6893 6894/6894/6894
v -1.39537 3.36232 -0.015812
v -1.39261 3.36709 -0.015812
v -1.39261 3.36709 -0.010301
vn 0.500007 -0.866021 -0
vn 1 1e-005 -0
vn 1 1e-005 -0
vt 0.657491 0.036942
vt 0.656522 0.036942
vt 0.656522 0.035824
f 6895/6895/6895 6896/6896/6896 6897/6897/6897
v -1.39261 3.36709 -0.010301
v -1.39537 3.36232 -0.010301
v -1.39537 3.36232 -0.015812
vn 1 1e-005 -0
vn 0.500007 -0.866021 -0
vn 0.500007 -0.866021 -0
vt 0.656522 0.035824
vt 0.657491 0.035824
vt 0.657491 0.036942
f 6898/6898/6898 6899/6899/6899 6900/6900/6900
v -1.40088 3.36232 -0.015812
v -1.40364 3.36709 -0.015812
v -1.40088 3.37187 -0.015812
vn 0 0 -1
vn 0 0 -1
vn 0 0 -1
vt 0.657181 0.04046
vt 0.657701 0.041361
vt 0.657181 0.042263
f 6901/6901/6901 6902/6902/6902 6903/6903/6903
v -1.40088 3.37187 -0.015812
v -1.39537 3.37187 -0.015812
v -1.39261 3.36709 -0.015812
vn 0 0 -1
vn 0 0 -1
vn 0 0 -1
vt 0.657181 0.042263
vt 0.65614 0.042263
vt 0.655619 0.041361
f 6904/6904/6904 6905/6905/6905 6906/6906/6906
v -1.40088 3.36232 -0.015812
v -1.40088 3.37187 -0.015812
v -1.39261 3.36709 -0.015812
vn 0 0 -1
vn 0 0 -1
vn 0 0 -1
vt 0.657181 0.04046
vt 0.657181 0.042263
vt 0.655619 0.041361
f 6907/6907/6907 6908/6908/6908 6909/6909/6909
v -1.39537 3.36232 -0.015812
v -1.40088 3.36232 -0.015812
v -1.39261 3.36709 -0.015812
vn 0 0 -1
vn 0 0 -1
vn 0 0 -1
vt 0.65614 0.04046
vt 0.657181 0.04046
vt 0.655619 0.041361
f 6910/6910/6910 6911/6911/6911 6912/6912/6912
v -1.39537 3.37187 -0.010301
v -1.40088 3.37187 -0.010301
v -1.40364 3.36709 -0.010301
vn 0 0 1
vn 0 0 1
vn 0 0 1
vt 0.65512 0.040478
vt 0.654079 0.040478
vt 0.653558 0.039576
f 6913/6913/6913 6914/6914/6914 6915/6915/6915
v -1.40364 3.36709 -0.010301
v -1.40088 3.36232 -0.010301
v -1.39537 3.36232 -0.010301
vn 0 0 1
vn 0 0 1
vn 0 0 1
vt 0.653558 0.039576
vt 0.654079 0.038675
vt 0.65512 0.038675
f 6916/6916/6916 6917/6917/6917 6918/6918/6918
v -1.39537 3.37187 -0.010301
v -1.40364 3.36709 -0.010301
v -1.39537 3.36232 -0.010301
vn 0 0 1
vn 0 0 1
vn 0 0 1
vt 0.65512 0.040478
vt 0.653558 0.039576
vt 0.65512 0.038675
f 6919/6919/6919 6920/6920/6920 6921/6921/6921
v -1.39261 3.36709 -0.010301
v -1.39537 3.37187 -0.010301
v -1.39537 3.36232 -0.010301
vn 0 0 1
vn 0 0 1
vn 0 0 1
vt 0.65564 0.039576
vt 0.65512 0.040478
vt 0.65512 0.038675
f 6922/6922/6922 6923/6923/6923 6924/6924/6924
