o data/uid/01014507/s/200002.obj
//1
usemtl mat0
v -0.090671 0.01953 -0.070498
v -0.090671 0.01953 -0.100511
v -0.137284 0.018729 -0.115466
vn -0.0171815 0.999852 0
vn -0.0171815 0.999852 0
vn -0.0171815 0.999852 0
vt 0.938788 0.376049
vt 0.938787 0.347496
vt 0.956805 0.333268
f 1/1/1 2/2/2 3/3/3
v -0.090671 0.01953 -0.100511
v 0.085698 0.01953 -0.100511
v 0.132311 0.018729 -0.115466
vn 0 0.998569 -0.0534841
vn 0 0.998569 -0.0534841
vn 0 0.998569 -0.0534841
vt 0.938787 0.347496
vt 0.870623 0.347496
vt 0.852605 0.333268
f 4/4/4 5/5/5 6/6/6
v 0.085698 0.01953 -0.100511
v 0.085698 0.01953 -0.070498
v 0.132311 0.018729 -0.115466
vn 0.0171815 0.999852 0
vn 0.0171815 0.999852 0
vn 0.0171815 0.999852 0
vt 0.870623 0.347496
vt 0.870622 0.376049
vt 0.852605 0.333268
f 7/7/7 8/8/8 9/9/9
v -0.137284 0.018729 0.044682
v -0.137284 0.018729 -0.115466
v -0.137284 0.002029 -0.115466
vn -1 0 0
vn -1 0 0
vn -1 0 0
vt 0.851264 0.382046
vt 0.95704 0.382046
vt 0.95704 0.390273
f 10/10/10 11/11/11 12/12/12
v 0.085698 0.01953 -0.070498
v -0.090671 0.01953 -0.070498
v -0.137284 0.018729 0.044682
vn -0 0.999976 0.00695417
vn -0 0.999976 0.00695417
vn -0 0.999976 0.00695417
vt 0.870622 0.376049
vt 0.938788 0.376049
vt 0.956807 0.485628
f 13/13/13 14/14/14 15/15/15
v 0.085698 0.17733 -0.016492
v 0.085698 0.17733 -0.044319
v -0.090671 0.17733 -0.044319
vn 0 1 0
vn 0 1 0
vn 0 1 0
vt 0.927842 0.586294
vt 0.927842 0.663177
vt 0.874408 0.663177
f 16/16/16 17/17/17 18/18/18
v -0.090671 0.107634 -0.016492
v -0.090671 0.107634 -0.044319
v -0.090671 0.01953 -0.070498
vn -1 0 0
vn -1 0 0
vn -1 0 0
vt 0.857358 0.487019
vt 0.882837 0.421002
vt 0.925022 0.419063
f 19/19/19 20/20/20 21/21/21
v -0.090671 0.107634 -0.044319
v 0.085698 0.107634 -0.044319
v 0.085698 0.01953 -0.100511
vn 0 0.537732 -0.843116
vn 0 0.537732 -0.843116
vn 0 0.537732 -0.843116
vt 0.956508 0.531988
vt 0.847326 0.531988
vt 0.847326 0.330048
f 22/22/22 23/23/23 24/24/24
v 0.085698 0.107634 -0.044319
v 0.085698 0.107634 -0.016492
v 0.085698 0.01953 -0.070498
vn 1 -0 0
vn 1 -0 0
vn 1 -0 0
vt 0.923311 0.365881
vt 0.956918 0.325317
vt 0.902884 0.483405
f 25/25/25 26/26/26 27/27/27
v 0.085698 0.107634 -0.016492
v -0.090671 0.107634 -0.016492
v -0.090671 0.01953 -0.070498
vn 0 -0.52261 0.852572
vn 0 -0.52261 0.852572
vn 0 -0.52261 0.852572
vt 0.937815 0.528263
vt 0.869241 0.528263
vt 0.869241 0.320866
f 28/28/28 29/29/29 30/30/30
v -0.090671 0.17733 -0.016492
v -0.090671 0.17733 -0.044319
v -0.090671 0.107634 -0.044319
vn -1 0 0
vn -1 0 0
vn -1 0 0
vt 0.93982 0.658644
vt 0.93982 0.553337
vt 0.955564 0.553337
f 31/31/31 32/32/32 33/33/33
v -0.090671 0.17733 -0.044319
v 0.085698 0.17733 -0.044319
v 0.085698 0.107634 -0.044319
vn 0 0 -1
vn 0 0 -1
vn 0 0 -1
vt 0.957045 0.671899
vt 0.847817 0.671899
vt 0.847817 0.534481
f 34/34/34 35/35/35 36/36/36
v 0.085698 0.17733 -0.044319
v 0.085698 0.17733 -0.016492
v 0.085698 0.107634 -0.016492
vn 1 -0 0
vn 1 -0 0
vn 1 -0 0
vt 0.865631 0.539104
vt 0.865621 0.669034
vt 0.846039 0.669005
f 37/37/37 38/38/38 39/39/39
v 0.085698 0.17733 -0.016492
v -0.090671 0.17733 -0.016492
v -0.090671 0.107634 -0.016492
vn 0 0 1
vn 0 0 1
vn 0 0 1
vt 0.956878 0.462413
vt 0.851426 0.462413
vt 0.851426 0.365533
f 40/40/40 41/41/41 42/42/42
v -0.137284 0.002029 -0.115466
v 0.132311 0.002029 -0.115466
v 0.132311 0.002029 0.044682
vn -0 -1 -0
vn -0 -1 -0
vn -0 -1 -0
vt 0.953321 0.3341
vt 0.953321 0.493413
vt 0.852497 0.493413
f 43/43/43 44/44/44 45/45/45
v -0.137284 0.018729 -0.115466
v 0.132311 0.018729 -0.115466
v 0.132311 0.002029 -0.115466
vn 0 0 -1
vn 0 0 -1
vn 0 0 -1
vt 0.849907 0.371529
vt 0.954847 0.371529
vt 0.954847 0.387277
f 46/46/46 47/47/47 48/48/48
v 0.132311 0.018729 -0.115466
v 0.132311 0.018729 0.044682
v 0.132311 0.002029 0.044682
vn 1 -0 0
vn 1 -0 0
vn 1 -0 0
vt 0.956583 0.392688
vt 0.847066 0.392688
vt 0.847066 0.38417
f 49/49/49 50/50/50 51/51/51
v 0.132311 0.018729 0.044682
v -0.137284 0.018729 0.044682
v -0.137284 0.002029 0.044682
vn 0 0 1
vn 0 0 1
vn 0 0 1
vt 0.956294 0.367888
vt 0.84986 0.367888
vt 0.84986 0.352054
f 52/52/52 53/53/53 54/54/54
v -0.137284 0.018729 0.044682
v -0.090671 0.01953 -0.070498
v -0.137284 0.018729 -0.115466
vn -0.0171815 0.999852 0
vn -0.0171815 0.999852 0
vn -0.0171815 0.999852 0
vt 0.956807 0.485628
vt 0.938788 0.376049
vt 0.956805 0.333268
f 55/55/55 56/56/56 57/57/57
v -0.137284 0.018729 -0.115466
v -0.090671 0.01953 -0.100511
v 0.132311 0.018729 -0.115466
vn 0 0.998569 -0.0534841
vn 0 0.998569 -0.0534841
vn 0 0.998569 -0.0534841
vt 0.956805 0.333268
vt 0.938787 0.347496
vt 0.852605 0.333268
f 58/58/58 59/59/59 60/60/60
v 0.085698 0.01953 -0.070498
v 0.132311 0.018729 0.044682
v 0.132311 0.018729 -0.115466
vn 0.0171815 0.999852 -0
vn 0.0171815 0.999852 -0
vn 0.0171815 0.999852 -0
vt 0.870622 0.376049
vt 0.852603 0.485628
vt 0.852605 0.333268
f 61/61/61 62/62/62 63/63/63
v -0.137284 0.002029 0.044682
v -0.137284 0.018729 0.044682
v -0.137284 0.002029 -0.115466
vn -1 0 0
vn -1 0 0
vn -1 0 0
vt 0.851264 0.390273
vt 0.851264 0.382046
vt 0.95704 0.390273
f 64/64/64 65/65/65 66/66/66
v 0.132311 0.018729 0.044682
v 0.085698 0.01953 -0.070498
v -0.137284 0.018729 0.044682
vn 0 0.999976 0.00695417
vn 0 0.999976 0.00695417
vn 0 0.999976 0.00695417
vt 0.852603 0.485628
vt 0.870622 0.376049
vt 0.956807 0.485628
f 67/67/67 68/68/68 69/69/69
v -0.090671 0.17733 -0.016492
v 0.085698 0.17733 -0.016492
v -0.090671 0.17733 -0.044319
vn 0 1 -0
vn 0 1 -0
vn 0 1 -0
vt 0.874408 0.586294
vt 0.927842 0.586294
vt 0.874408 0.663177
f 70/70/70 71/71/71 72/72/72
v -0.090671 0.107634 -0.044319
v -0.090671 0.01953 -0.100511
v -0.090671 0.01953 -0.070498
vn -1 0 0
vn -1 0 0
vn -1 0 0
vt 0.882837 0.421002
vt 0.952504 0.347858
vt 0.925022 0.419063
f 73/73/73 74/74/74 75/75/75
v -0.090671 0.01953 -0.100511
v -0.090671 0.107634 -0.044319
v 0.085698 0.01953 -0.100511
vn 0 0.537732 -0.843116
vn 0 0.537732 -0.843116
vn 0 0.537732 -0.843116
vt 0.956508 0.330048
vt 0.956508 0.531988
vt 0.847326 0.330048
f 76/76/76 77/77/77 78/78/78
v 0.085698 0.01953 -0.100511
v 0.085698 0.107634 -0.044319
v 0.085698 0.01953 -0.070498
vn 1 -0 0
vn 1 -0 0
vn 1 -0 0
vt 0.866637 0.527156
vt 0.923311 0.365881
vt 0.902884 0.483405
f 79/79/79 80/80/80 81/81/81
v 0.085698 0.01953 -0.070498
v 0.085698 0.107634 -0.016492
v -0.090671 0.01953 -0.070498
vn 0 -0.52261 0.852572
vn 0 -0.52261 0.852572
vn 0 -0.52261 0.852572
vt 0.937815 0.320866
vt 0.937815 0.528263
vt 0.869241 0.320866
f 82/82/82 83/83/83 84/84/84
v -0.090671 0.107634 -0.016492
v -0.090671 0.17733 -0.016492
v -0.090671 0.107634 -0.044319
vn -1 0 0
vn -1 0 0
vn -1 0 0
vt 0.955564 0.658644
vt 0.93982 0.658644
vt 0.955564 0.553337
f 85/85/85 86/86/86 87/87/87
v -0.090671 0.107634 -0.044319
v -0.090671 0.17733 -0.044319
v 0.085698 0.107634 -0.044319
vn -0 -0 -1
vn -0 -0 -1
vn -0 -0 -1
vt 0.957045 0.534481
vt 0.957045 0.671899
vt 0.847817 0.534481
f 88/88/88 89/89/89 90/90/90
v 0.085698 0.107634 -0.044319
v 0.085698 0.17733 -0.044319
v 0.085698 0.107634 -0.016492
vn 1 0 0
vn 1 0 0
vn 1 0 0
vt 0.846049 0.539075
vt 0.865631 0.539104
vt 0.846039 0.669005
f 91/91/91 92/92/92 93/93/93
v 0.085698 0.107634 -0.016492
v 0.085698 0.17733 -0.016492
v -0.090671 0.107634 -0.016492
vn -0 0 1
vn -0 0 1
vn -0 0 1
vt 0.956878 0.365533
vt 0.956878 0.462413
vt 0.851426 0.365533
f 94/94/94 95/95/95 96/96/96
v -0.137284 0.002029 0.044682
v -0.137284 0.002029 -0.115466
v 0.132311 0.002029 0.044682
vn -0 -1 0
vn -0 -1 0
vn -0 -1 0
vt 0.852497 0.3341
vt 0.953321 0.3341
vt 0.852497 0.493413
f 97/97/97 98/98/98 99/99/99
v -0.137284 0.002029 -0.115466
v -0.137284 0.018729 -0.115466
v 0.132311 0.002029 -0.115466
vn -0 -0 -1
vn -0 -0 -1
vn -0 -0 -1
vt 0.849907 0.387277
vt 0.849907 0.371529
vt 0.954847 0.387277
f 100/100/100 101/101/101 102/102/102
v 0.132311 0.002029 -0.115466
v 0.132311 0.018729 -0.115466
v 0.132311 0.002029 0.044682
vn 1 0 0
vn 1 0 0
vn 1 0 0
vt 0.956583 0.38417
vt 0.956583 0.392688
vt 0.847066 0.38417
f 103/103/103 104/104/104 105/105/105
v 0.132311 0.002029 0.044682
v 0.132311 0.018729 0.044682
v -0.137284 0.002029 0.044682
vn -0 0 1
vn -0 0 1
vn -0 0 1
vt 0.956294 0.352054
vt 0.956294 0.367888
vt 0.84986 0.352054
f 106/106/106 107/107/107 108/108/108
v -0.16227 0.119454 -0.029753
v -0.151657 0.129806 -0.044689
v -0.151657 0.128653 -0.044689
vn -0.815166 0 -0.579228
vn -0.815166 0 -0.579228
vn -0.815166 0 -0.579228
vt 0.734745 0.386859
vt 0.727675 0.398377
vt 0.727676 0.395559
f 109/109/109 110/110/110 111/111/111
v 0.150088 0.129806 -0.044689
v 0.150879 0.129806 -0.044689
v 0.150879 0.128653 -0.044689
vn 0 0 -1
vn 0 0 -1
vn 0 0 -1
vt 0.540735 0.398467
vt 0.54012 0.398411
vt 0.540162 0.395039
f 112/112/112 113/113/113 114/114/114
v 0.227111 0.054891 -0.000366
v 0.227111 0.054895 0.009956
v 0.227111 0.051881 0.009956
vn 1 -0 0
vn 1 -0 0
vn 1 -0 0
vt 0.419196 0.09105
vt 0.411497 0.09106
vt 0.411497 0.083797
f 115/115/115 116/116/116 117/117/117
v -0.226116 0.054895 0.009956
v -0.227889 0.054895 0.009956
v -0.227889 0.051881 0.009956
vn 0 0 1
vn 0 0 1
vn 0 0 1
vt 0.049589 0.128219
vt 0.04816 0.128193
vt 0.048204 0.120609
f 118/118/118 119/119/119 120/120/120
v 0.160572 0.118045 -0.029753
v 0.150088 0.128653 -0.044689
v 0.150879 0.128653 -0.044689
vn -0 -0.815294 -0.579047
vn -0 -0.815294 -0.579047
vn -0 -0.815294 -0.579047
vt 0.531287 0.372399
vt 0.53879 0.391055
vt 0.538605 0.391057
f 121/121/121 122/122/122 123/123/123
v -0.161342 0.339339 -0.029753
v -0.150868 0.328731 -0.044689
v -0.151657 0.328731 -0.044689
vn 0 0.815295 -0.579046
vn 0 0.815295 -0.579046
vn 0 0.815295 -0.579046
vt 0.732076 0.785943
vt 0.726883 0.767604
vt 0.728175 0.767581
f 124/124/124 125/125/125 126/126/126
v -0.188616 0.093884 -0.030059
v -0.16227 0.119454 -0.029753
v -0.16227 0.118045 -0.029753
vn 0.0116139 0 -0.999933
vn 0.0116139 0 -0.999933
vn 0.0116139 0 -0.999933
vt 0.743778 0.362507
vt 0.734745 0.386859
vt 0.734745 0.384595
f 127/127/127 128/128/128 129/129/129
v 0.150879 0.129806 -0.044689
v 0.161491 0.119454 -0.029753
v 0.150879 0.128653 -0.044689
vn 0.815191 0 -0.579192
vn 0.815191 0 -0.579192
vn 0.815191 0 -0.579192
vt 0.53757 0.395079
vt 0.527749 0.376269
vt 0.537569 0.392023
f 130/130/130 131/131/131 132/132/132
v 0.186602 0.091842 -0.030059
v 0.160572 0.118045 -0.029753
v 0.161491 0.118045 -0.029753
vn 0 0.0116773 -0.999932
vn 0 0.0116773 -0.999932
vn 0 0.0116773 -0.999932
vt 0.509861 0.327074
vt 0.531287 0.372399
vt 0.531155 0.372394
f 133/133/133 134/134/134 135/135/135
v -0.187349 0.365542 -0.030059
v -0.161342 0.339339 -0.029753
v -0.16227 0.339339 -0.029753
vn 0 -0.0116773 -0.999932
vn 0 -0.0116773 -0.999932
vn 0 -0.0116773 -0.999932
vt 0.747896 0.812311
vt 0.732076 0.785943
vt 0.732969 0.785938
f 136/136/136 137/137/137 138/138/138
v 0.161491 0.119454 -0.029753
v 0.187837 0.093886 -0.030059
v 0.161491 0.118045 -0.029753
vn -0.0116139 0 -0.999933
vn -0.0116139 0 -0.999933
vn -0.0116139 0 -0.999933
vt 0.527749 0.376269
vt 0.519812 0.356466
vt 0.527749 0.373815
f 139/139/139 140/140/140 141/141/141
v -0.206069 0.076709 -0.025745
v -0.188616 0.093884 -0.030059
v -0.188616 0.091842 -0.030059
vn -0.239956 0 -0.970784
vn -0.239956 0 -0.970784
vn -0.239956 0 -0.970784
vt 0.753351 0.33204
vt 0.743778 0.362507
vt 0.743778 0.359226
f 142/142/142 143/143/143 144/144/144
v 0.203846 0.074242 -0.025745
v 0.186602 0.091842 -0.030059
v 0.187837 0.091842 -0.030059
vn -0 -0.238066 -0.971249
vn -0 -0.238066 -0.971249
vn -0 -0.238066 -0.971249
vt 0.499317 0.300362
vt 0.509861 0.327074
vt 0.509728 0.327105
f 145/145/145 146/146/146 147/147/147
v -0.204578 0.383143 -0.025745
v -0.187349 0.365542 -0.030059
v -0.188616 0.365542 -0.030059
vn 0 0.238053 -0.971252
vn 0 0.238053 -0.971252
vn 0 0.238053 -0.971252
vt 0.757358 0.851285
vt 0.747896 0.812311
vt 0.74881 0.812268
f 148/148/148 149/149/149 150/150/150
v 0.187837 0.093886 -0.030059
v 0.20529 0.076711 -0.025745
v 0.187837 0.091842 -0.030059
vn 0.239956 0 -0.970784
vn 0.239956 0 -0.970784
vn 0.239956 0 -0.970784
vt 0.519812 0.356466
vt 0.505518 0.321272
vt 0.519812 0.352906
f 151/151/151 152/152/152 153/153/153
v -0.218248 0.064205 -0.016932
v -0.206069 0.076709 -0.025745
v -0.206069 0.074242 -0.025745
vn -0.586236 0 -0.81014
vn -0.586236 0 -0.81014
vn -0.586236 0 -0.81014
vt 0.760627 0.306448
vt 0.753351 0.33204
vt 0.753351 0.328075
f 154/154/154 155/155/155 156/156/156
v 0.21588 0.061429 -0.016932
v 0.203846 0.074242 -0.025745
v 0.20529 0.074242 -0.025745
vn -0 -0.566706 -0.82392
vn -0 -0.566706 -0.82392
vn -0 -0.566706 -0.82392
vt 0.493757 0.278002
vt 0.499317 0.300362
vt 0.499163 0.300372
f 157/157/157 158/158/158 159/159/159
v -0.216598 0.395956 -0.016932
v -0.204578 0.383143 -0.025745
v -0.206069 0.383143 -0.025745
vn 0 0.566706 -0.82392
vn 0 0.566706 -0.82392
vn 0 0.566706 -0.82392
vt 0.762152 0.8773
vt 0.757358 0.851285
vt 0.758413 0.851266
f 160/160/160 161/161/161 162/162/162
v 0.223997 0.057853 -0.008422
v 0.227111 0.054891 -0.000366
v 0.223997 0.054917 -0.008422
vn 0.932742 0 -0.360546
vn 0.932742 0 -0.360546
vn 0.932742 0 -0.360546
vt 0.492114 0.27994
vt 0.488947 0.273421
vt 0.492318 0.274825
f 163/163/163 164/164/164 165/165/165
v -0.227889 0.054895 0.009956
v -0.227889 0.054893 -0.000366
v -0.227889 0.051881 0.009956
vn -1 0 0
vn -1 0 0
vn -1 0 0
vt 0.035294 0.089413
vt 0.027107 0.089408
vt 0.035294 0.081882
f 166/166/166 167/167/167 168/168/168
v 0.225406 0.051881 0.009956
v 0.225405 0.051881 -0.000366
v 0.227111 0.051881 -0.000366
vn 0 -1 0
vn 0 -1 0
vn 0 -1 0
vt 0.283463 0.907386
vt 0.283463 0.841632
vt 0.283897 0.841632
f 169/169/169 170/170/170 171/171/171
v -0.226114 0.405503 0.009956
v -0.226115 0.405503 -0.000366
v -0.227889 0.405503 -0.000366
vn 0 1 0
vn 0 1 0
vn 0 1 0
vt 0.162861 0.833132
vt 0.162861 0.905296
vt 0.162365 0.905296
f 172/172/172 173/173/173 174/174/174
v -0.224776 0.057851 -0.008422
v -0.218248 0.064205 -0.016932
v -0.218248 0.061429 -0.016932
vn -0.793441 0 -0.608647
vn -0.793441 0 -0.608647
vn -0.793441 0 -0.608647
vt 0.767308 0.295241
vt 0.760627 0.306448
vt 0.760627 0.301986
f 175/175/175 176/176/176 177/177/177
v 0.222329 0.054917 -0.008422
v 0.21588 0.061429 -0.016932
v 0.217469 0.061429 -0.016932
vn -0 -0.794162 -0.607707
vn -0 -0.794162 -0.607707
vn -0 -0.794162 -0.607707
vt 0.490811 0.271539
vt 0.493757 0.278002
vt 0.493588 0.278004
f 178/178/178 179/179/179 180/180/180
v -0.223042 0.402467 -0.008422
v -0.216598 0.395956 -0.016932
v -0.218248 0.395956 -0.016932
vn 0 0.794207 -0.607648
vn 0 0.794207 -0.607648
vn 0 0.794207 -0.607648
vt 0.766987 0.895558
vt 0.762152 0.8773
vt 0.763308 0.877293
f 181/181/181 182/182/182 183/183/183
v 0.20529 0.076711 -0.025745
v 0.217469 0.064206 -0.016932
v 0.20529 0.074242 -0.025745
vn 0.586236 0 -0.81014
vn 0.586236 0 -0.81014
vn 0.586236 0 -0.81014
vt 0.505518 0.321272
vt 0.500234 0.29385
vt 0.505518 0.31697
f 184/184/184 185/185/185 186/186/186
v 0.217469 0.064206 -0.016932
v 0.223997 0.057853 -0.008422
v 0.217469 0.061429 -0.016932
vn 0.793442 0 -0.608646
vn 0.793442 0 -0.608646
vn 0.793442 0 -0.608646
vt 0.500234 0.29385
vt 0.492114 0.27994
vt 0.500235 0.28901
f 187/187/187 188/188/188 189/189/189
v -0.227889 0.054893 -0.000366
v -0.224776 0.057851 -0.008422
v -0.224776 0.054917 -0.008422
vn -0.93278 0 -0.360445
vn -0.93278 0 -0.360445
vn -0.93278 0 -0.360445
vt 0.76949 0.275195
vt 0.767308 0.295241
vt 0.767307 0.290527
f 190/190/190 191/191/191 192/192/192
v 0.225405 0.051881 -0.000366
v 0.222329 0.054917 -0.008422
v 0.223997 0.054917 -0.008422
vn -0 -0.935755 -0.35265
vn -0 -0.935755 -0.35265
vn -0 -0.935755 -0.35265
vt 0.489317 0.268121
vt 0.490811 0.271539
vt 0.490634 0.271539
f 193/193/193 194/194/194 195/195/195
v -0.226115 0.405503 -0.000366
v -0.223042 0.402467 -0.008422
v -0.224776 0.402467 -0.008422
vn 0 0.935755 -0.35265
vn 0 0.935755 -0.35265
vn 0 0.935755 -0.35265
vt 0.769577 0.90302
vt 0.766987 0.895558
vt 0.768196 0.895555
f 196/196/196 197/197/197 198/198/198
v -0.16227 0.311118 -0.029753
v -0.151657 0.302348 -0.044689
v -0.16227 0.176301 -0.029753
vn -0.815166 0 -0.579228
vn -0.815166 0 -0.579228
vn -0.815166 0 -0.579228
vt 0.735062 0.715453
vt 0.728152 0.69752
vt 0.735937 0.494375
f 199/199/199 200/200/200 201/201/201
v 0.150088 0.302348 -0.044689
v 0.150879 0.302348 -0.044689
v 0.150879 0.176314 -0.044689
vn 0 0 -1
vn 0 0 -1
vn 0 0 -1
vt 0.541083 0.698083
vt 0.540256 0.697942
vt 0.540021 0.493579
f 202/202/202 203/203/203 204/204/204
v 0.227111 0.365837 -0.000366
v 0.227111 0.365868 0.009956
v 0.227111 0.176524 0.009956
vn 1 -0 0
vn 1 -0 0
vn 1 -0 0
vt 0.419267 0.849474
vt 0.411568 0.849547
vt 0.410989 0.436023
f 205/205/205 206/206/206 207/207/207
v -0.226115 0.365868 0.009956
v -0.227889 0.365868 0.009956
v -0.227889 0.176524 0.009956
vn 0 0 1
vn 0 0 1
vn 0 0 1
vt 0.050318 0.82158
vt 0.048463 0.821449
vt 0.048314 0.428496
f 208/208/208 209/209/209 210/210/210
v -0.188616 0.332778 -0.030059
v -0.16227 0.311118 -0.029753
v -0.188616 0.176262 -0.030059
vn 0.0116139 0 -0.999933
vn 0.0116139 0 -0.999933
vn 0.0116139 0 -0.999933
vt 0.745654 0.742056
vt 0.735062 0.715453
vt 0.743778 0.494893
f 211/211/211 212/212/212 213/213/213
v 0.150879 0.302348 -0.044689
v 0.161491 0.311116 -0.029753
v 0.161491 0.17629 -0.029753
vn 0.815191 0 -0.579192
vn 0.815191 0 -0.579192
vn 0.815191 0 -0.579192
vt 0.53926 0.715757
vt 0.527576 0.739178
vt 0.527151 0.481538
f 214/214/214 215/215/215 216/216/216
v 0.161491 0.311116 -0.029753
v 0.187837 0.332792 -0.030059
v 0.187837 0.17634 -0.030059
vn -0.0116139 0 -0.999933
vn -0.0116139 0 -0.999933
vn -0.0116139 0 -0.999933
vt 0.527576 0.739178
vt 0.519637 0.756084
vt 0.519334 0.483473
f 217/217/217 218/218/218 219/219/219
v -0.206069 0.347333 -0.025745
v -0.188616 0.332778 -0.030059
v -0.206069 0.176266 -0.025745
vn -0.239956 0 -0.970784
vn -0.239956 0 -0.970784
vn -0.239956 0 -0.970784
vt 0.753419 0.771511
vt 0.745654 0.742056
vt 0.75287 0.494899
f 220/220/220 221/221/221 222/222/222
v 0.187837 0.332792 -0.030059
v 0.20529 0.347347 -0.025745
v 0.20529 0.176344 -0.025745
vn 0.239956 0 -0.970784
vn 0.239956 0 -0.970784
vn 0.239956 0 -0.970784
vt 0.519637 0.756084
vt 0.508316 0.784403
vt 0.507486 0.483462
f 223/223/223 224/224/224 225/225/225
v -0.218248 0.357921 -0.016932
v -0.206069 0.347333 -0.025745
v -0.218248 0.176226 -0.016932
vn -0.586236 0 -0.81014
vn -0.586236 0 -0.81014
vn -0.586236 0 -0.81014
vt 0.760251 0.794983
vt 0.753419 0.771511
vt 0.760584 0.494836
f 226/226/226 227/227/227 228/228/228
v 0.223997 0.363321 -0.008422
v 0.227111 0.365837 -0.000366
v 0.227111 0.176347 -0.000366
vn 0.932742 0 -0.360546
vn 0.932742 0 -0.360546
vn 0.932742 0 -0.360546
vt 0.492248 0.807933
vt 0.490116 0.808716
vt 0.489744 0.483368
f 229/229/229 230/230/230 231/231/231
v -0.227889 0.365868 0.009956
v -0.227889 0.365854 -0.000366
v -0.227889 0.176524 0.009956
vn -1 0 0
vn -1 0 0
vn -1 0 0
vt 0.035016 0.850055
vt 0.02683 0.850019
vt 0.035179 0.377939
f 232/232/232 233/233/233 234/234/234
v -0.224776 0.363307 -0.008422
v -0.218248 0.357921 -0.016932
v -0.224776 0.176232 -0.008422
vn -0.793441 0 -0.608647
vn -0.793441 0 -0.608647
vn -0.793441 0 -0.608647
vt 0.767882 0.812459
vt 0.760251 0.794983
vt 0.766377 0.496009
f 235/235/235 236/236/236 237/237/237
v 0.20529 0.347347 -0.025745
v 0.217469 0.357931 -0.016932
v 0.217469 0.176283 -0.016932
vn 0.586236 0 -0.81014
vn 0.586236 0 -0.81014
vn 0.586236 0 -0.81014
vt 0.508316 0.784403
vt 0.501084 0.798348
vt 0.500533 0.483342
f 238/238/238 239/239/239 240/240/240
v 0.217469 0.357931 -0.016932
v 0.223997 0.363321 -0.008422
v 0.223997 0.176314 -0.008422
vn 0.793442 0 -0.608646
vn 0.793442 0 -0.608646
vn 0.793442 0 -0.608646
vt 0.501084 0.798348
vt 0.492248 0.807933
vt 0.492423 0.483398
f 241/241/241 242/242/242 243/243/243
v -0.227889 0.365854 -0.000366
v -0.224776 0.363307 -0.008422
v -0.227889 0.176442 -0.000366
vn -0.93278 0 -0.360445
vn -0.93278 0 -0.360445
vn -0.93278 0 -0.360445
vt 0.769662 0.818637
vt 0.767882 0.812459
vt 0.769967 0.495183
f 244/244/244 245/245/245 246/246/246
v 0.085027 0.176943 -0.031643
v 0.085027 0.144649 -0.031643
v 0.085027 0.144738 -0.029795
vn -1 0 -0
vn -1 0 -0
vn -1 0 -0
vt 0.562249 0.353189
vt 0.563191 0.356448
vt 0.562721 0.357397
f 247/247/247 248/248/248 249/249/249
v 0.170841 0.054895 0.009956
v 0.085006 0.054895 0.009956
v 0.08501 0.051881 0.009956
vn 0 -0 1
vn 0 -0 1
vn 0 -0 1
vt 0.35212 0.129198
vt 0.286111 0.129061
vt 0.286123 0.121891
f 250/250/250 251/251/251 252/252/252
v -0.090578 0.144649 -0.031643
v -0.090578 0.176943 -0.031643
v -0.090578 0.144738 -0.029795
vn 1 0 0
vn 1 0 0
vn 1 0 0
vt 0.557107 0.355714
vt 0.558104 0.352303
vt 0.557575 0.356742
f 253/253/253 254/254/254 255/255/255
v 0.131209 0.339339 -0.029753
v 0.124803 0.328731 -0.044689
v 0.085015 0.339339 -0.029753
vn 0 0.815295 -0.579046
vn 0 0.815295 -0.579046
vn 0 0.815295 -0.579046
vt 0.545001 0.786503
vt 0.554943 0.767648
vt 0.575022 0.787022
f 256/256/256 257/257/257 258/258/258
v -0.090599 0.091842 -0.030059
v -0.090652 0.118045 -0.029753
v 0.084893 0.118045 -0.029753
vn 0 0.0116773 -0.999932
vn 0 0.0116773 -0.999932
vn 0 0.0116773 -0.999932
vt 0.690269 0.356973
vt 0.690304 0.367896
vt 0.573872 0.367895
f 259/259/259 260/260/260 261/261/261
v 0.147137 0.365542 -0.030059
v 0.131209 0.339339 -0.029753
v 0.085053 0.365542 -0.030059
vn 0 -0.0116773 -0.999932
vn 0 -0.0116773 -0.999932
vn 0 -0.0116773 -0.999932
vt 0.537677 0.809579
vt 0.545001 0.786503
vt 0.575108 0.80934
f 262/262/262 263/263/263 264/264/264
v -0.090599 0.074242 -0.025745
v -0.090599 0.091842 -0.030059
v 0.084921 0.091842 -0.030059
vn -0 -0.238066 -0.971249
vn -0 -0.238066 -0.971249
vn -0 -0.238066 -0.971249
vt 0.690269 0.342993
vt 0.690269 0.356973
vt 0.573853 0.356973
f 265/265/265 266/266/266 267/267/267
v 0.157682 0.383143 -0.025745
v 0.147137 0.365542 -0.030059
v 0.085059 0.383143 -0.025745
vn 0 0.238053 -0.971252
vn 0 0.238053 -0.971252
vn 0 0.238053 -0.971252
vt 0.533543 0.846588
vt 0.537677 0.809579
vt 0.575349 0.846733
f 268/268/268 269/269/269 270/270/270
v -0.090655 0.061429 -0.016932
v -0.090599 0.074242 -0.025745
v 0.084924 0.074242 -0.025745
vn -0 -0.566706 -0.82392
vn -0 -0.566706 -0.82392
vn -0 -0.566706 -0.82392
vt 0.690307 0.318082
vt 0.690269 0.342993
vt 0.573851 0.342993
f 271/271/271 272/272/272 273/273/273
v 0.165039 0.395956 -0.016932
v 0.157682 0.383143 -0.025745
v 0.085061 0.395956 -0.016932
vn 0 0.566706 -0.82392
vn 0 0.566706 -0.82392
vn 0 0.566706 -0.82392
vt 0.529647 0.876648
vt 0.533543 0.846588
vt 0.575112 0.877271
f 274/274/274 275/275/275 276/276/276
v -0.090669 0.051881 0.009956
v -0.090667 0.051881 -0.000366
v 0.084988 0.051881 -0.000366
vn 0 -1 0
vn 0 -1 0
vn 0 -1 0
vt 0.202964 0.907386
vt 0.202964 0.841633
vt 0.2477 0.841633
f 277/277/277 278/278/278 279/279/279
v 0.170832 0.405503 0.009956
v 0.170873 0.405503 -0.000366
v 0.085086 0.405503 -0.000366
vn 0 1 -0
vn 0 1 -0
vn 0 1 -0
vt 0.273814 0.833131
vt 0.273826 0.905296
vt 0.249847 0.905296
f 280/280/280 281/281/281 282/282/282
v -0.090678 0.054917 -0.008422
v -0.090655 0.061429 -0.016932
v 0.084973 0.054917 -0.008422
vn 0 -0.794162 -0.607707
vn 0 -0.794162 -0.607707
vn 0 -0.794162 -0.607707
vt 0.690322 0.294429
vt 0.690307 0.318082
vt 0.573818 0.294429
f 283/283/283 284/284/284 285/285/285
v 0.168984 0.402467 -0.008422
v 0.165039 0.395956 -0.016932
v 0.085065 0.402467 -0.008422
vn 0 0.794207 -0.607648
vn 0 0.794207 -0.607648
vn 0 0.794207 -0.607648
vt 0.528193 0.895912
vt 0.529647 0.876648
vt 0.575089 0.8956
f 286/286/286 287/287/287 288/288/288
v -0.090667 0.051881 -0.000366
v -0.090678 0.054917 -0.008422
v 0.084973 0.054917 -0.008422
vn -0 -0.935755 -0.35265
vn -0 -0.935755 -0.35265
vn -0 -0.935755 -0.35265
vt 0.690314 0.272151
vt 0.690322 0.294429
vt 0.573818 0.294429
f 289/289/289 290/290/290 291/291/291
v 0.170873 0.405503 -0.000366
v 0.168984 0.402467 -0.008422
v 0.085086 0.405503 -0.000366
vn 0 0.935755 -0.35265
vn 0 0.935755 -0.35265
vn 0 0.935755 -0.35265
vt 0.526876 0.903014
vt 0.528193 0.895912
vt 0.574329 0.902833
f 292/292/292 293/293/293 294/294/294
v -0.090578 0.302348 -0.044689
v 0.085027 0.302348 -0.044689
v 0.085027 0.176314 -0.044689
vn 0 0 -1
vn 0 0 -1
vn 0 0 -1
vt 0.689757 0.696579
vt 0.577509 0.697121
vt 0.577389 0.494761
f 295/295/295 296/296/296 297/297/297
v -0.090594 0.365868 0.00474
v -0.169323 0.365868 0.00474
v -0.169323 0.365868 0.004137
vn 0 -1 0
vn 0 -1 0
vn 0 -1 0
vt 0.140797 0.8946
vt 0.138201 0.892442
vt 0.138331 0.892077
f 298/298/298 299/299/299 300/300/300
v 0.085006 0.054895 0.009956
v -0.090671 0.054895 0.009956
v -0.090669 0.051881 0.009956
vn 0 -0 1
vn 0 -0 1
vn 0 -0 1
vt 0.286111 0.129061
vt 0.154137 0.127914
vt 0.153973 0.120125
f 301/301/301 302/302/302 303/303/303
v 0.085015 0.339339 -0.029753
v 0.085027 0.328731 -0.044689
v -0.090511 0.339339 -0.029753
vn 0 0.815295 -0.579046
vn 0 0.815295 -0.579046
vn 0 0.815295 -0.579046
vt 0.575022 0.787022
vt 0.575082 0.767601
vt 0.68731 0.78673
f 304/304/304 305/305/305 306/306/306
v 0.085053 0.365542 -0.030059
v 0.085015 0.339339 -0.029753
v -0.090511 0.339339 -0.029753
vn 0 -0.0116773 -0.999932
vn 0 -0.0116773 -0.999932
vn 0 -0.0116773 -0.999932
vt 0.575108 0.80934
vt 0.575022 0.787022
vt 0.68731 0.78673
f 307/307/307 308/308/308 309/309/309
v 0.085059 0.383143 -0.025745
v 0.085053 0.365542 -0.030059
v -0.090652 0.365542 -0.030059
vn 0 0.238053 -0.971252
vn 0 0.238053 -0.971252
vn 0 0.238053 -0.971252
vt 0.575349 0.846733
vt 0.575108 0.80934
vt 0.687243 0.809254
f 310/310/310 311/311/311 312/312/312
v 0.085061 0.395956 -0.016932
v 0.085059 0.383143 -0.025745
v -0.09062 0.395956 -0.016932
vn 0 0.566706 -0.82392
vn 0 0.566706 -0.82392
vn 0 0.566706 -0.82392
vt 0.575112 0.877271
vt 0.575349 0.846733
vt 0.687837 0.879607
f 313/313/313 314/314/314 315/315/315
v 0.084984 0.405503 0.009956
v 0.085086 0.405503 -0.000366
v -0.090624 0.405503 -0.000366
vn 0 1 -0
vn 0 1 -0
vn 0 1 -0
vt 0.249818 0.833131
vt 0.249847 0.905296
vt 0.200733 0.905296
f 316/316/316 317/317/317 318/318/318
v 0.085065 0.402467 -0.008422
v 0.085061 0.395956 -0.016932
v -0.090621 0.402467 -0.008422
vn 0 0.794207 -0.607648
vn 0 0.794207 -0.607648
vn 0 0.794207 -0.607648
vt 0.575089 0.8956
vt 0.575112 0.877271
vt 0.687979 0.895007
f 319/319/319 320/320/320 321/321/321
v 0.085086 0.405503 -0.000366
v 0.085065 0.402467 -0.008422
v -0.090624 0.405503 -0.000366
vn 0 0.935755 -0.35265
vn 0 0.935755 -0.35265
vn 0 0.935755 -0.35265
vt 0.574329 0.902833
vt 0.575089 0.8956
vt 0.687837 0.903218
f 322/322/322 323/323/323 324/324/324
v -0.16938 0.176524 0.00474
v -0.169363 0.09207 0.00474
v -0.169363 0.09207 0.004137
vn 1 0.000201143 -0
vn 1 0.000201143 -0
vn 1 0.000201143 -0
vt 0.137477 0.872878
vt 0.137249 0.860726
vt 0.137447 0.861056
f 325/325/325 326/326/326 327/327/327
v -0.125602 0.129806 -0.044689
v -0.090578 0.129806 -0.044689
v -0.090578 0.128653 -0.044689
vn 0 0 -1
vn 0 0 -1
vn 0 0 -1
vt 0.710278 0.39891
vt 0.689994 0.398676
vt 0.689913 0.395322
f 328/328/328 329/329/329 330/330/330
v -0.13172 0.118045 -0.029753
v -0.125602 0.128653 -0.044689
v -0.090652 0.118045 -0.029753
vn 0 -0.815294 -0.579047
vn 0 -0.815294 -0.579047
vn 0 -0.815294 -0.579047
vt 0.719556 0.358015
vt 0.716137 0.393564
vt 0.689969 0.362612
f 331/331/331 332/332/332 333/333/333
v -0.146804 0.091842 -0.030059
v -0.13172 0.118045 -0.029753
v -0.090599 0.091842 -0.030059
vn 0 0.0116773 -0.999932
vn 0 0.0116773 -0.999932
vn 0 0.0116773 -0.999932
vt 0.726411 0.336048
vt 0.719556 0.358015
vt 0.689989 0.33666
f 334/334/334 335/335/335 336/336/336
v -0.156813 0.074242 -0.025745
v -0.146804 0.091842 -0.030059
v -0.090599 0.074242 -0.025745
vn 0 -0.238066 -0.971249
vn 0 -0.238066 -0.971249
vn 0 -0.238066 -0.971249
vt 0.731892 0.305155
vt 0.726411 0.336048
vt 0.69003 0.304946
f 337/337/337 338/338/338 339/339/339
v -0.16382 0.061429 -0.016932
v -0.156813 0.074242 -0.025745
v -0.090655 0.061429 -0.016932
vn 0 -0.566706 -0.82392
vn 0 -0.566706 -0.82392
vn 0 -0.566706 -0.82392
vt 0.734596 0.280285
vt 0.731892 0.305155
vt 0.69013 0.280759
f 340/340/340 341/341/341 342/342/342
v -0.169355 0.051881 0.009956
v -0.169354 0.051881 -0.000366
v -0.090669 0.051881 0.009956
vn -0 -1 0
vn -0 -1 0
vn -0 -1 0
vt 0.182924 0.907386
vt 0.182924 0.841633
vt 0.202964 0.907386
f 343/343/343 344/344/344 345/345/345
v -0.167574 0.054917 -0.008422
v -0.16382 0.061429 -0.016932
v -0.090678 0.054917 -0.008422
vn 0 -0.794162 -0.607706
vn 0 -0.794162 -0.607706
vn 0 -0.794162 -0.607706
vt 0.736757 0.274823
vt 0.734596 0.280285
vt 0.689759 0.27512
f 346/346/346 347/347/347 348/348/348
v -0.169354 0.051881 -0.000366
v -0.167574 0.054917 -0.008422
v -0.090667 0.051881 -0.000366
vn 0 -0.935755 -0.35265
vn 0 -0.935755 -0.35265
vn 0 -0.935755 -0.35265
vt 0.737693 0.267822
vt 0.736757 0.274823
vt 0.689655 0.267204
f 349/349/349 350/350/350 351/351/351
v -0.125602 0.302348 -0.044689
v -0.090578 0.302348 -0.044689
v -0.090578 0.176314 -0.044689
vn 0 0 -1
vn 0 0 -1
vn 0 0 -1
vt 0.710104 0.696425
vt 0.689757 0.696579
vt 0.689637 0.495093
f 352/352/352 353/353/353 354/354/354
v -0.090671 0.054895 0.009956
v -0.169356 0.054895 0.009956
v -0.169355 0.051881 0.009956
vn 0 -0 1
vn 0 -0 1
vn 0 -0 1
vt 0.154137 0.127914
vt 0.093227 0.128017
vt 0.093289 0.120612
f 355/355/355 356/356/356 357/357/357
v -0.090511 0.339339 -0.029753
v -0.090578 0.328731 -0.044689
v -0.125602 0.328731 -0.044689
vn 0 0.815295 -0.579046
vn 0 0.815295 -0.579046
vn 0 0.815295 -0.579046
vt 0.68731 0.78673
vt 0.68743 0.768586
vt 0.711981 0.767625
f 358/358/358 359/359/359 360/360/360
v -0.090652 0.365542 -0.030059
v -0.090511 0.339339 -0.029753
v -0.13166 0.339339 -0.029753
vn 0 -0.0116773 -0.999932
vn 0 -0.0116773 -0.999932
vn 0 -0.0116773 -0.999932
vt 0.687243 0.809254
vt 0.68731 0.78673
vt 0.71778 0.786161
f 361/361/361 362/362/362 363/363/363
v -0.09068 0.383143 -0.025745
v -0.090652 0.365542 -0.030059
v -0.146827 0.365542 -0.030059
vn 0 0.238053 -0.971252
vn 0 0.238053 -0.971252
vn 0 0.238053 -0.971252
vt 0.688352 0.849982
vt 0.687243 0.809254
vt 0.724167 0.812038
f 364/364/364 365/365/365 366/366/366
v -0.09062 0.395956 -0.016932
v -0.09068 0.383143 -0.025745
v -0.156847 0.383143 -0.025745
vn 0 0.566706 -0.82392
vn 0 0.566706 -0.82392
vn 0 0.566706 -0.82392
vt 0.687837 0.879607
vt 0.688352 0.849982
vt 0.730081 0.851997
f 367/367/367 368/368/368 369/369/369
v -0.090566 0.405503 0.009956
v -0.090624 0.405503 -0.000366
v -0.169311 0.405503 0.009956
vn -0 1 0
vn -0 1 0
vn -0 1 0
vt 0.200749 0.833131
vt 0.200733 0.905296
vt 0.178739 0.833131
f 370/370/370 371/371/371 372/372/372
v -0.090621 0.402467 -0.008422
v -0.09062 0.395956 -0.016932
v -0.163805 0.395956 -0.016932
vn 0 0.794207 -0.607648
vn 0 0.794207 -0.607648
vn 0 0.794207 -0.607648
vt 0.687979 0.895007
vt 0.687837 0.879607
vt 0.733148 0.879129
f 373/373/373 374/374/374 375/375/375
v -0.090624 0.405503 -0.000366
v -0.090621 0.402467 -0.008422
v -0.167549 0.402467 -0.008422
vn 0 0.935755 -0.35265
vn 0 0.935755 -0.35265
vn 0 0.935755 -0.35265
vt 0.687837 0.903218
vt 0.687979 0.895007
vt 0.733885 0.897054
f 376/376/376 377/377/377 378/378/378
v 0.170823 0.09207 0.00474
v 0.170781 0.176524 0.00474
v 0.170781 0.176524 0.004137
vn -1 -0.000497211 0
vn -1 -0.000497211 0
vn -1 -0.000497211 0
vt 0.152419 0.861284
vt 0.153121 0.873754
vt 0.152868 0.873683
f 379/379/379 380/380/380 381/381/381
v -0.150868 0.129806 -0.044689
v -0.125602 0.129806 -0.044689
v -0.125602 0.128653 -0.044689
vn 0 0 -1
vn 0 0 -1
vn 0 0 -1
vt 0.725493 0.39945
vt 0.710278 0.39891
vt 0.710205 0.395513
f 382/382/382 383/383/383 384/384/384
v -0.161344 0.118045 -0.029753
v -0.150868 0.128653 -0.044689
v -0.13172 0.118045 -0.029753
vn 0 -0.815294 -0.579047
vn 0 -0.815294 -0.579047
vn 0 -0.815294 -0.579047
vt 0.738014 0.363104
vt 0.726463 0.394158
vt 0.719556 0.358015
f 385/385/385 386/386/386 387/387/387
v -0.187349 0.091842 -0.030059
v -0.161344 0.118045 -0.029753
v -0.146804 0.091842 -0.030059
vn 0 0.0116773 -0.999932
vn 0 0.0116773 -0.999932
vn 0 0.0116773 -0.999932
vt 0.749279 0.336717
vt 0.738014 0.363104
vt 0.726411 0.336048
f 388/388/388 389/389/389 390/390/390
v -0.204577 0.074242 -0.025745
v -0.187349 0.091842 -0.030059
v -0.156813 0.074242 -0.025745
vn 0 -0.238066 -0.971249
vn 0 -0.238066 -0.971249
vn 0 -0.238066 -0.971249
vt 0.75976 0.303562
vt 0.749279 0.336717
vt 0.731892 0.305155
f 391/391/391 392/392/392 393/393/393
v -0.216598 0.061429 -0.016932
v -0.204577 0.074242 -0.025745
v -0.16382 0.061429 -0.016932
vn 0 -0.566706 -0.82392
vn 0 -0.566706 -0.82392
vn 0 -0.566706 -0.82392
vt 0.767104 0.276017
vt 0.75976 0.303562
vt 0.734596 0.280285
f 394/394/394 395/395/395 396/396/396
v -0.226116 0.051881 0.009956
v -0.226116 0.051881 -0.000366
v -0.169355 0.051881 0.009956
vn -0 -1 0
vn -0 -1 0
vn -0 -1 0
vt 0.168468 0.907386
vt 0.168468 0.841633
vt 0.182924 0.907386
f 397/397/397 398/398/398 399/399/399
v -0.223043 0.054917 -0.008422
v -0.216598 0.061429 -0.016932
v -0.167574 0.054917 -0.008422
vn 0 -0.794162 -0.607707
vn 0 -0.794162 -0.607707
vn 0 -0.794162 -0.607707
vt 0.768101 0.272413
vt 0.767104 0.276017
vt 0.736757 0.274823
f 400/400/400 401/401/401 402/402/402
v -0.226116 0.051881 -0.000366
v -0.223043 0.054917 -0.008422
v -0.169354 0.051881 -0.000366
vn 0 -0.935755 -0.35265
vn 0 -0.935755 -0.35265
vn 0 -0.935755 -0.35265
vt 0.768816 0.269969
vt 0.768101 0.272413
vt 0.737693 0.267822
f 403/403/403 404/404/404 405/405/405
v -0.150868 0.302348 -0.044689
v -0.125602 0.302348 -0.044689
v -0.125602 0.176314 -0.044689
vn 0 0 -1
vn 0 0 -1
vn 0 0 -1
vt 0.726605 0.696492
vt 0.710104 0.696425
vt 0.710316 0.495223
f 406/406/406 407/407/407 408/408/408
v 0.085027 0.129806 -0.044689
v 0.124803 0.129806 -0.044689
v 0.124803 0.128653 -0.044689
vn 0 0 -1
vn 0 0 -1
vn 0 0 -1
vt 0.577352 0.398486
vt 0.557339 0.398871
vt 0.557386 0.39555
f 409/409/409 410/410/410 411/411/411
v 0.084893 0.118045 -0.029753
v 0.085027 0.128653 -0.044689
v 0.124803 0.128653 -0.044689
vn -0 -0.815294 -0.579047
vn -0 -0.815294 -0.579047
vn -0 -0.815294 -0.579047
vt 0.572923 0.369958
vt 0.57297 0.389695
vt 0.547556 0.390099
f 412/412/412 413/413/413 414/414/414
v 0.084921 0.091842 -0.030059
v 0.084893 0.118045 -0.029753
v 0.13116 0.118045 -0.029753
vn 0 0.0116773 -0.999932
vn 0 0.0116773 -0.999932
vn 0 0.0116773 -0.999932
vt 0.573044 0.327188
vt 0.572923 0.369958
vt 0.545302 0.371671
f 415/415/415 416/416/416 417/417/417
v 0.084924 0.074242 -0.025745
v 0.084921 0.091842 -0.030059
v 0.147085 0.091842 -0.030059
vn -0 -0.238066 -0.971249
vn -0 -0.238066 -0.971249
vn -0 -0.238066 -0.971249
vt 0.572924 0.298867
vt 0.573044 0.327188
vt 0.539295 0.328386
f 418/418/418 419/419/419 420/420/420
v 0.085044 0.061429 -0.016932
v 0.084924 0.074242 -0.025745
v 0.157629 0.074242 -0.025745
vn -0 -0.566706 -0.82392
vn -0 -0.566706 -0.82392
vn -0 -0.566706 -0.82392
vt 0.572837 0.279092
vt 0.572924 0.298867
vt 0.533124 0.298201
f 421/421/421 422/422/422 423/423/423
v 0.08501 0.051881 0.009956
v 0.084988 0.051881 -0.000366
v 0.170834 0.051881 -0.000366
vn 0 -1 0
vn 0 -1 0
vn 0 -1 0
vt 0.247706 0.907386
vt 0.2477 0.841633
vt 0.269564 0.841632
f 424/424/424 425/425/425 426/426/426
v 0.084973 0.054917 -0.008422
v 0.085044 0.061429 -0.016932
v 0.165032 0.061429 -0.016932
vn -0 -0.794162 -0.607707
vn -0 -0.794162 -0.607707
vn -0 -0.794162 -0.607707
vt 0.572564 0.271369
vt 0.572837 0.279092
vt 0.52844 0.27751
f 427/427/427 428/428/428 429/429/429
v 0.084988 0.051881 -0.000366
v 0.084973 0.054917 -0.008422
v 0.168948 0.054917 -0.008422
vn -0 -0.935755 -0.35265
vn -0 -0.935755 -0.35265
vn -0 -0.935755 -0.35265
vt 0.572564 0.267433
vt 0.572564 0.271369
vt 0.5213 0.271439
f 430/430/430 431/431/431 432/432/432
v 0.085027 0.302348 -0.044689
v 0.124803 0.302348 -0.044689
v 0.124803 0.176314 -0.044689
vn 0 0 -1
vn 0 0 -1
vn 0 0 -1
vt 0.577509 0.697121
vt 0.557606 0.697355
vt 0.557289 0.494672
f 433/433/433 434/434/434 435/435/435
v 0.225405 0.054895 0.009956
v 0.170841 0.054895 0.009956
v 0.170842 0.051881 0.009956
vn 0 -0 1
vn 0 -0 1
vn 0 -0 1
vt 0.3944 0.128992
vt 0.35212 0.129198
vt 0.352124 0.121857
f 436/436/436 437/437/437 438/438/438
v 0.160574 0.339339 -0.029753
v 0.150088 0.328731 -0.044689
v 0.131209 0.339339 -0.029753
vn 0 0.815295 -0.579046
vn 0 0.815295 -0.579046
vn 0 0.815295 -0.579046
vt 0.532747 0.786492
vt 0.540083 0.767603
vt 0.545001 0.786503
f 439/439/439 440/440/440 441/441/441
v 0.186604 0.365542 -0.030059
v 0.160574 0.339339 -0.029753
v 0.147137 0.365542 -0.030059
vn 0 -0.0116773 -0.999932
vn 0 -0.0116773 -0.999932
vn 0 -0.0116773 -0.999932
vt 0.518005 0.80782
vt 0.532747 0.786492
vt 0.537677 0.809579
f 442/442/442 443/443/443 444/444/444
v 0.203848 0.383143 -0.025745
v 0.186604 0.365542 -0.030059
v 0.157682 0.383143 -0.025745
vn 0 0.238053 -0.971252
vn 0 0.238053 -0.971252
vn 0 0.238053 -0.971252
vt 0.505689 0.847816
vt 0.518005 0.80782
vt 0.533543 0.846588
f 445/445/445 446/446/446 447/447/447
v 0.21588 0.395956 -0.016932
v 0.203848 0.383143 -0.025745
v 0.165039 0.395956 -0.016932
vn 0 0.566706 -0.82392
vn 0 0.566706 -0.82392
vn 0 0.566706 -0.82392
vt 0.4987 0.877715
vt 0.505689 0.847816
vt 0.529647 0.876648
f 448/448/448 449/449/449 450/450/450
v 0.225405 0.405503 0.009956
v 0.225406 0.405503 -0.000366
v 0.170873 0.405503 -0.000366
vn 0 1 -0
vn 0 1 -0
vn 0 1 -0
vt 0.289068 0.833131
vt 0.289069 0.905296
vt 0.273826 0.905296
f 451/451/451 452/452/452 453/453/453
v 0.22233 0.402467 -0.008422
v 0.21588 0.395956 -0.016932
v 0.168984 0.402467 -0.008422
vn 0 0.794207 -0.607648
vn 0 0.794207 -0.607648
vn 0 0.794207 -0.607648
vt 0.495642 0.895243
vt 0.4987 0.877715
vt 0.528193 0.895912
f 454/454/454 455/455/455 456/456/456
v 0.225406 0.405503 -0.000366
v 0.22233 0.402467 -0.008422
v 0.170873 0.405503 -0.000366
vn 0 0.935755 -0.35265
vn 0 0.935755 -0.35265
vn 0 0.935755 -0.35265
vt 0.491266 0.902132
vt 0.495642 0.895243
vt 0.526876 0.903014
f 457/457/457 458/458/458 459/459/459
v 0.225405 0.365868 0.009956
v 0.170823 0.365868 0.009956
v 0.225404 0.176524 0.009956
vn 0 -0 1
vn 0 -0 1
vn 0 -0 1
vt 0.394102 0.822038
vt 0.352298 0.82246
vt 0.393443 0.427502
f 460/460/460 461/461/461 462/462/462
v -0.16227 0.338094 -0.029753
v -0.151657 0.327567 -0.044689
v -0.16227 0.311118 -0.029753
vn -0.815166 0 -0.579228
vn -0.815166 0 -0.579228
vn -0.815166 0 -0.579228
vt 0.735671 0.791179
vt 0.727898 0.764834
vt 0.735062 0.715453
f 463/463/463 464/464/464 465/465/465
v 0.150088 0.327567 -0.044689
v 0.150879 0.327567 -0.044689
v 0.150879 0.302348 -0.044689
vn 0 0 -1
vn 0 0 -1
vn 0 0 -1
vt 0.541117 0.760392
vt 0.540451 0.760273
vt 0.540256 0.697942
f 466/466/466 467/467/467 468/468/468
v 0.227111 0.403753 -0.000366
v 0.227111 0.403755 0.009956
v 0.227111 0.365868 0.009956
vn 1 -0 0
vn 1 -0 0
vn 1 -0 0
vt 0.418941 0.929893
vt 0.411243 0.929896
vt 0.411568 0.849547
f 469/469/469 470/470/470 471/471/471
v -0.226114 0.403755 0.009956
v -0.227889 0.403755 0.009956
v -0.227889 0.365868 0.009956
vn 0 0 1
vn 0 0 1
vn 0 0 1
vt 0.049846 0.90582
vt 0.048332 0.905673
vt 0.048463 0.821449
f 472/472/472 473/473/473 474/474/474
v -0.188616 0.364097 -0.030059
v -0.16227 0.338094 -0.029753
v -0.188616 0.332778 -0.030059
vn 0.0116139 0 -0.999933
vn 0.0116139 0 -0.999933
vn 0.0116139 0 -0.999933
vt 0.745304 0.820938
vt 0.735671 0.791179
vt 0.745654 0.742056
f 475/475/475 476/476/476 477/477/477
v 0.150879 0.327567 -0.044689
v 0.161491 0.338094 -0.029753
v 0.161491 0.311116 -0.029753
vn 0.815191 0 -0.579192
vn 0.815191 0 -0.579192
vn 0.815191 0 -0.579192
vt 0.539259 0.759699
vt 0.527524 0.79026
vt 0.527576 0.739178
f 478/478/478 479/479/479 480/480/480
v 0.161491 0.338094 -0.029753
v 0.187837 0.364097 -0.030059
v 0.187837 0.332792 -0.030059
vn -0.0116139 0 -0.999933
vn -0.0116139 0 -0.999933
vn -0.0116139 0 -0.999933
vt 0.527524 0.79026
vt 0.519636 0.810631
vt 0.519637 0.756084
f 481/481/481 482/482/482 483/483/483
v -0.206069 0.381563 -0.025745
v -0.188616 0.364097 -0.030059
v -0.206069 0.347333 -0.025745
vn -0.239956 0 -0.970784
vn -0.239956 0 -0.970784
vn -0.239956 0 -0.970784
vt 0.752353 0.840058
vt 0.745304 0.820938
vt 0.753419 0.771511
f 484/484/484 485/485/485 486/486/486
v 0.187837 0.364097 -0.030059
v 0.20529 0.381564 -0.025745
v 0.20529 0.347347 -0.025745
vn 0.239956 0 -0.970784
vn 0.239956 0 -0.970784
vn 0.239956 0 -0.970784
vt 0.519636 0.810631
vt 0.508314 0.847743
vt 0.508316 0.784403
f 487/487/487 488/488/488 489/489/489
v -0.218248 0.394278 -0.016932
v -0.206069 0.381563 -0.025745
v -0.218248 0.357921 -0.016932
vn -0.586236 0 -0.81014
vn -0.586236 0 -0.81014
vn -0.586236 0 -0.81014
vt 0.759495 0.863641
vt 0.752353 0.840058
vt 0.760251 0.794983
f 490/490/490 491/491/491 492/492/492
v 0.223997 0.40074 -0.008422
v 0.227111 0.403753 -0.000366
v 0.227111 0.365837 -0.000366
vn 0.932742 0 -0.360546
vn 0.932742 0 -0.360546
vn 0.932742 0 -0.360546
vt 0.492297 0.891068
vt 0.48986 0.895992
vt 0.490116 0.808716
f 493/493/493 494/494/494 495/495/495
v -0.227889 0.403755 0.009956
v -0.227889 0.403754 -0.000366
v -0.227889 0.365868 0.009956
vn -1 0 0
vn -1 0 0
vn -1 0 0
vt 0.035016 0.929959
vt 0.02683 0.929956
vt 0.035016 0.850055
f 496/496/496 497/497/497 498/498/498
v -0.224776 0.40074 -0.008422
v -0.218248 0.394278 -0.016932
v -0.224776 0.363307 -0.008422
vn -0.793441 0 -0.608647
vn -0.793441 0 -0.608647
vn -0.793441 0 -0.608647
vt 0.766966 0.884819
vt 0.759495 0.863641
vt 0.767882 0.812459
f 499/499/499 500/500/500 501/501/501
v 0.20529 0.381564 -0.025745
v 0.217469 0.394278 -0.016932
v 0.217469 0.357931 -0.016932
vn 0.586236 0 -0.81014
vn 0.586236 0 -0.81014
vn 0.586236 0 -0.81014
vt 0.508314 0.847743
vt 0.499735 0.873363
vt 0.501084 0.798348
f 502/502/502 503/503/503 504/504/504
v 0.217469 0.394278 -0.016932
v 0.223997 0.40074 -0.008422
v 0.223997 0.363321 -0.008422
vn 0.793442 0 -0.608646
vn 0.793442 0 -0.608646
vn 0.793442 0 -0.608646
vt 0.499735 0.873363
vt 0.492297 0.891068
vt 0.492248 0.807933
f 505/505/505 506/506/506 507/507/507
v -0.227889 0.403754 -0.000366
v -0.224776 0.40074 -0.008422
v -0.227889 0.365854 -0.000366
vn -0.93278 0 -0.360445
vn -0.93278 0 -0.360445
vn -0.93278 0 -0.360445
vt 0.769764 0.895619
vt 0.766966 0.884819
vt 0.769662 0.818637
f 508/508/508 509/509/509 510/510/510
v -0.090578 0.327567 -0.044689
v 0.085027 0.327567 -0.044689
v 0.085027 0.302348 -0.044689
vn 0 0 -1
vn 0 0 -1
vn 0 0 -1
vt 0.690133 0.763587
vt 0.577462 0.75941
vt 0.577509 0.697121
f 511/511/511 512/512/512 513/513/513
v 0.170832 0.403755 0.009956
v 0.084983 0.403755 0.009956
v 0.170823 0.365868 0.009956
vn 0 -0 1
vn 0 -0 1
vn 0 -0 1
vt 0.352266 0.906986
vt 0.277465 0.906999
vt 0.352298 0.82246
f 514/514/514 515/515/515 516/516/516
v 0.084983 0.403755 0.009956
v -0.090567 0.403755 0.009956
v 0.084961 0.365868 0.009956
vn 0 -0 1
vn 0 -0 1
vn 0 -0 1
vt 0.277465 0.906999
vt 0.156942 0.906416
vt 0.277485 0.821787
f 517/517/517 518/518/518 519/519/519
v -0.125602 0.327567 -0.044689
v -0.090578 0.327567 -0.044689
v -0.090578 0.302348 -0.044689
vn 0 0 -1
vn 0 0 -1
vn 0 0 -1
vt 0.710219 0.762345
vt 0.690133 0.763587
vt 0.689757 0.696579
f 520/520/520 521/521/521 522/522/522
v -0.090567 0.403755 0.009956
v -0.169311 0.403755 0.009956
v -0.090594 0.365868 0.009956
vn 0 -0 1
vn 0 -0 1
vn 0 -0 1
vt 0.156942 0.906416
vt 0.093459 0.90635
vt 0.157007 0.821251
f 523/523/523 524/524/524 525/525/525
v -0.150868 0.327567 -0.044689
v -0.125602 0.327567 -0.044689
v -0.125602 0.302348 -0.044689
vn 0 0 -1
vn 0 0 -1
vn 0 0 -1
vt 0.726745 0.762671
vt 0.710219 0.762345
vt 0.710104 0.696425
f 526/526/526 527/527/527 528/528/528
v 0.085027 0.327567 -0.044689
v 0.124803 0.327567 -0.044689
v 0.124803 0.302348 -0.044689
vn 0 0 -1
vn 0 0 -1
vn 0 0 -1
vt 0.577462 0.75941
vt 0.557549 0.760469
vt 0.557606 0.697355
f 529/529/529 530/530/530 531/531/531
v 0.225405 0.403755 0.009956
v 0.170832 0.403755 0.009956
v 0.225405 0.365868 0.009956
vn 0 -0 1
vn 0 -0 1
vn 0 -0 1
vt 0.394322 0.906847
vt 0.352266 0.906986
vt 0.394102 0.822038
f 532/532/532 533/533/533 534/534/534
v -0.16227 0.176301 -0.029753
v -0.151657 0.176314 -0.044689
v -0.151657 0.144021 -0.044689
vn -0.815166 0 -0.579228
vn -0.815166 0 -0.579228
vn -0.815166 0 -0.579228
vt 0.735937 0.494375
vt 0.728152 0.494975
vt 0.728152 0.443077
f 535/535/535 536/536/536 537/537/537
v 0.150088 0.176314 -0.044689
v 0.150879 0.176314 -0.044689
v 0.150879 0.144021 -0.044689
vn 0 0 -1
vn 0 0 -1
vn 0 0 -1
vt 0.54081 0.493591
vt 0.540021 0.493579
vt 0.540172 0.443654
f 538/538/538 539/539/539 540/540/540
v 0.227111 0.176347 -0.000366
v 0.227111 0.176524 0.009956
v 0.227111 0.09207 0.009956
vn 1 -0 0
vn 1 -0 0
vn 1 -0 0
vt 0.418687 0.435597
vt 0.410989 0.436023
vt 0.410734 0.183615
f 541/541/541 542/542/542 543/543/543
v -0.226116 0.176524 0.009956
v -0.227889 0.176524 0.009956
v -0.227889 0.09207 0.009956
vn 0 0 1
vn 0 0 1
vn 0 0 1
vt 0.05017 0.428389
vt 0.048314 0.428496
vt 0.04816 0.211105
f 544/544/544 545/545/545 546/546/546
v -0.188616 0.176262 -0.030059
v -0.16227 0.176301 -0.029753
v -0.16227 0.136829 -0.029753
vn 0.0116139 0 -0.999933
vn 0.0116139 0 -0.999933
vn 0.0116139 0 -0.999933
vt 0.743778 0.494893
vt 0.735937 0.494375
vt 0.736334 0.438032
f 547/547/547 548/548/548 549/549/549
v 0.150879 0.176314 -0.044689
v 0.161491 0.17629 -0.029753
v 0.150879 0.144021 -0.044689
vn 0.815191 0 -0.579192
vn 0.815191 0 -0.579192
vn 0.815191 0 -0.579192
vt 0.537486 0.483499
vt 0.527151 0.481538
vt 0.537488 0.427229
f 550/550/550 551/551/551 552/552/552
v 0.161491 0.17629 -0.029753
v 0.187837 0.17634 -0.030059
v 0.161491 0.136825 -0.029753
vn -0.0116139 0 -0.999933
vn -0.0116139 0 -0.999933
vn -0.0116139 0 -0.999933
vt 0.527151 0.481538
vt 0.519334 0.483473
vt 0.527852 0.402542
f 553/553/553 554/554/554 555/555/555
v -0.206069 0.176266 -0.025745
v -0.188616 0.176262 -0.030059
v -0.188616 0.119062 -0.030059
vn -0.239956 0 -0.970784
vn -0.239956 0 -0.970784
vn -0.239956 0 -0.970784
vt 0.75287 0.494899
vt 0.743778 0.494893
vt 0.743778 0.402969
f 556/556/556 557/557/557 558/558/558
v 0.187837 0.17634 -0.030059
v 0.20529 0.176344 -0.025745
v 0.187837 0.119087 -0.030059
vn 0.239956 0 -0.970784
vn 0.239956 0 -0.970784
vn 0.239956 0 -0.970784
vt 0.519334 0.483473
vt 0.507486 0.483462
vt 0.519394 0.384233
f 559/559/559 560/560/560 561/561/561
v -0.218248 0.176226 -0.016932
v -0.206069 0.176266 -0.025745
v -0.206069 0.107137 -0.025745
vn -0.586236 0 -0.81014
vn -0.586236 0 -0.81014
vn -0.586236 0 -0.81014
vt 0.760584 0.494836
vt 0.75287 0.494899
vt 0.753294 0.387079
f 562/562/562 563/563/563 564/564/564
v 0.223997 0.176314 -0.008422
v 0.227111 0.176347 -0.000366
v 0.223997 0.094059 -0.008422
vn 0.932742 0 -0.360546
vn 0.932742 0 -0.360546
vn 0.932742 0 -0.360546
vt 0.429785 0.434028
vt 0.418687 0.435597
vt 0.429467 0.187106
f 565/565/565 566/566/566 567/567/567
v -0.227889 0.176524 0.009956
v -0.227889 0.176442 -0.000366
v -0.227889 0.09207 0.009956
vn -1 0 0
vn -1 0 0
vn -1 0 0
vt 0.035179 0.377939
vt 0.026993 0.377733
vt 0.034773 0.190732
f 568/568/568 569/569/569 570/570/570
v -0.224776 0.176232 -0.008422
v -0.218248 0.176226 -0.016932
v -0.218248 0.098443 -0.016932
vn -0.793441 0 -0.608647
vn -0.793441 0 -0.608647
vn -0.793441 0 -0.608647
vt 0.766377 0.496009
vt 0.760584 0.494836
vt 0.760703 0.375785
f 571/571/571 572/572/572 573/573/573
v 0.20529 0.176344 -0.025745
v 0.217469 0.176283 -0.016932
v 0.20529 0.107163 -0.025745
vn 0.586236 0 -0.81014
vn 0.586236 0 -0.81014
vn 0.586236 0 -0.81014
vt 0.507486 0.483462
vt 0.500533 0.483342
vt 0.505099 0.378906
f 574/574/574 575/575/575 576/576/576
v 0.217469 0.176283 -0.016932
v 0.223997 0.176314 -0.008422
v 0.217469 0.098461 -0.016932
vn 0.793442 0 -0.608646
vn 0.793442 0 -0.608646
vn 0.793442 0 -0.608646
vt 0.500533 0.483342
vt 0.492423 0.483398
vt 0.499378 0.363048
f 577/577/577 578/578/578 579/579/579
v -0.227889 0.176442 -0.000366
v -0.224776 0.176232 -0.008422
v -0.224776 0.094033 -0.008422
vn -0.93278 0 -0.360445
vn -0.93278 0 -0.360445
vn -0.93278 0 -0.360445
vt 0.769967 0.495183
vt 0.766377 0.496009
vt 0.767291 0.360992
f 580/580/580 581/581/581 582/582/582
v 0.085027 0.144649 -0.031643
v 0.085027 0.130434 -0.031643
v 0.085027 0.130524 -0.029795
vn -1 0 -0
vn -1 0 -0
vn -1 0 -0
vt 0.563191 0.356448
vt 0.563608 0.358135
vt 0.563002 0.359249
f 583/583/583 584/584/584 585/585/585
v 0.084959 0.09207 0.00474
v 0.170823 0.09207 0.00474
v 0.170823 0.09207 0.004137
vn 0 1 -0
vn 0 1 -0
vn 0 1 -0
vt 0.149182 0.856014
vt 0.152419 0.861284
vt 0.152236 0.861684
f 586/586/586 587/587/587 588/588/588
v -0.090688 0.09207 0.00474
v 0.084959 0.09207 0.00474
v 0.084959 0.09207 0.004137
vn 0 1 -0
vn 0 1 -0
vn 0 1 -0
vt 0.140157 0.8559
vt 0.149182 0.856014
vt 0.149125 0.856717
f 589/589/589 590/590/590 591/591/591
v -0.125602 0.176314 -0.044689
v -0.090578 0.176314 -0.044689
v -0.090578 0.144021 -0.044689
vn 0 0 -1
vn 0 0 -1
vn 0 0 -1
vt 0.710316 0.495223
vt 0.689916 0.495093
vt 0.689919 0.441499
f 592/592/592 593/593/593 594/594/594
v -0.169363 0.09207 0.00474
v -0.090688 0.09207 0.00474
v -0.090688 0.09207 0.004137
vn 0 1 -0
vn 0 1 -0
vn 0 1 -0
vt 0.137249 0.860726
vt 0.140157 0.8559
vt 0.140236 0.856701
f 595/595/595 596/596/596 597/597/597
v -0.150868 0.176314 -0.044689
v -0.125602 0.176314 -0.044689
v -0.125602 0.144021 -0.044689
vn 0 0 -1
vn 0 0 -1
vn 0 0 -1
vt 0.725307 0.495258
vt 0.710316 0.495223
vt 0.710204 0.44189
f 598/598/598 599/599/599 600/600/600
v 0.085027 0.176314 -0.044689
v 0.124803 0.176314 -0.044689
v 0.124803 0.144021 -0.044689
vn 0 0 -1
vn 0 0 -1
vn 0 0 -1
vt 0.576922 0.494761
vt 0.557289 0.494672
vt 0.557281 0.442469
f 601/601/601 602/602/602 603/603/603
v 0.225404 0.176524 0.009956
v 0.170781 0.176524 0.009956
v 0.170823 0.09207 0.009956
vn 0 -0 1
vn 0 -0 1
vn 0 -0 1
vt 0.393443 0.427502
vt 0.351967 0.427778
vt 0.351806 0.212467
f 604/604/604 605/605/605 606/606/606
v 0.170823 0.365868 0.004137
v 0.084961 0.365868 0.004137
v 0.170781 0.176524 0.004137
vn 0 -0 1
vn 0 -0 1
vn 0 -0 1
vt 0.346252 0.813925
vt 0.283365 0.813925
vt 0.34622 0.405855
f 607/607/607 608/608/608 609/609/609
v 0.084961 0.365868 0.004137
v -0.090594 0.365868 0.004137
v 0.084854 0.176524 0.004137
vn 0 -0 1
vn 0 -0 1
vn 0 -0 1
vt 0.283365 0.813925
vt 0.154787 0.813925
vt 0.283287 0.405855
f 610/610/610 611/611/611 612/612/612
v -0.090594 0.365868 0.004137
v -0.169323 0.365868 0.004137
v -0.090727 0.176524 0.004137
vn 0 -0 1
vn 0 -0 1
vn 0 -0 1
vt 0.154787 0.813925
vt 0.097125 0.813925
vt 0.154689 0.405855
f 613/613/613 614/614/614 615/615/615
v 0.170781 0.176524 0.004137
v 0.084854 0.176524 0.004137
v 0.084959 0.09207 0.004137
vn 0 -0 1
vn 0 -0 1
vn 0 -0 1
vt 0.34622 0.405855
vt 0.283287 0.405855
vt 0.283364 0.223841
f 616/616/616 617/617/617 618/618/618
v 0.084854 0.176524 0.004137
v -0.090727 0.176524 0.004137
v -0.090688 0.09207 0.004137
vn 0 -0 1
vn 0 -0 1
vn 0 -0 1
vt 0.283287 0.405855
vt 0.154689 0.405855
vt 0.154718 0.223841
f 619/619/619 620/620/620 621/621/621
v -0.090727 0.176524 0.004137
v -0.16938 0.176524 0.004137
v -0.169363 0.09207 0.004137
vn 0 -0 1
vn 0 -0 1
vn 0 -0 1
vt 0.154689 0.405855
vt 0.097083 0.405855
vt 0.097095 0.223841
f 622/622/622 623/623/623 624/624/624
v 0.084961 0.365868 0.00474
v -0.090594 0.365868 0.00474
v -0.090594 0.365868 0.004137
vn 0 -1 0
vn 0 -1 0
vn 0 -1 0
vt 0.146149 0.898523
vt 0.140797 0.8946
vt 0.140846 0.894113
f 625/625/625 626/626/626 627/627/627
v 0.170823 0.365868 0.00474
v 0.084961 0.365868 0.00474
v 0.084961 0.365868 0.004137
vn 0 -1 0
vn 0 -1 0
vn 0 -1 0
vt 0.148619 0.899928
vt 0.146149 0.898523
vt 0.146187 0.897999
f 628/628/628 629/629/629 630/630/630
v 0.170781 0.176524 0.00474
v 0.170823 0.365868 0.00474
v 0.170823 0.365868 0.004137
vn -1 0.000221773 0
vn -1 0.000221773 0
vn -1 0.000221773 0
vt 0.153121 0.873754
vt 0.148619 0.899928
vt 0.148507 0.899419
f 631/631/631 632/632/632 633/633/633
v -0.169323 0.365868 0.00474
v -0.16938 0.176524 0.00474
v -0.16938 0.176524 0.004137
vn 1 -0.000301023 0
vn 1 -0.000301023 0
vn 1 -0.000301023 0
vt 0.138201 0.892442
vt 0.137477 0.872878
vt 0.137671 0.872844
f 634/634/634 635/635/635 636/636/636
v -0.090594 0.365868 0.009384
v -0.169323 0.365868 0.009384
v -0.169323 0.365868 0.00474
vn 0 -1 0
vn 0 -1 0
vn 0 -1 0
vt 0.140118 0.898743
vt 0.137358 0.895054
vt 0.138201 0.892442
f 637/637/637 638/638/638 639/639/639
v -0.16938 0.176524 0.009384
v -0.169363 0.09207 0.009384
v -0.169363 0.09207 0.00474
vn 1 0.000201143 -0
vn 1 0.000201143 -0
vn 1 0.000201143 -0
vt 0.135954 0.872837
vt 0.135808 0.858442
vt 0.137249 0.860726
f 640/640/640 641/641/641 642/642/642
v 0.170823 0.09207 0.009384
v 0.170781 0.176524 0.009384
v 0.170781 0.176524 0.00474
vn -1 -0.000497211 0
vn -1 -0.000497211 0
vn -1 -0.000497211 0
vt 0.153995 0.85772
vt 0.155094 0.874456
vt 0.153121 0.873754
f 643/643/643 644/644/644 645/645/645
v 0.084959 0.09207 0.009384
v 0.170823 0.09207 0.009384
v 0.170823 0.09207 0.00474
vn 0 1 -0
vn 0 1 -0
vn 0 1 -0
vt 0.149823 0.849764
vt 0.153995 0.85772
vt 0.152419 0.861284
f 646/646/646 647/647/647 648/648/648
v -0.090688 0.09207 0.009384
v 0.084959 0.09207 0.009384
v 0.084959 0.09207 0.00474
vn 0 1 -0
vn 0 1 -0
vn 0 1 -0
vt 0.139342 0.849769
vt 0.149823 0.849764
vt 0.149182 0.856014
f 649/649/649 650/650/650 651/651/651
v -0.169363 0.09207 0.009384
v -0.090688 0.09207 0.009384
v -0.090688 0.09207 0.00474
vn 0 1 -0
vn 0 1 -0
vn 0 1 -0
vt 0.135808 0.858442
vt 0.139342 0.849769
vt 0.140157 0.8559
f 652/652/652 653/653/653 654/654/654
v 0.084961 0.365868 0.009384
v -0.090594 0.365868 0.009384
v -0.090594 0.365868 0.00474
vn 0 -1 0
vn 0 -1 0
vn 0 -1 0
vt 0.145941 0.902934
vt 0.140118 0.898743
vt 0.140797 0.8946
f 655/655/655 656/656/656 657/657/657
v 0.170823 0.365868 0.009384
v 0.084961 0.365868 0.009384
v 0.084961 0.365868 0.00474
vn 0 -1 0
vn 0 -1 0
vn 0 -1 0
vt 0.149373 0.903454
vt 0.145941 0.902934
vt 0.146149 0.898523
f 658/658/658 659/659/659 660/660/660
v 0.170781 0.176524 0.009384
v 0.170823 0.365868 0.009384
v 0.170823 0.365868 0.00474
vn -1 0.000221773 0
vn -1 0.000221773 0
vn -1 0.000221773 0
vt 0.155094 0.874456
vt 0.149373 0.903454
vt 0.148619 0.899928
f 661/661/661 662/662/662 663/663/663
v -0.169323 0.365868 0.009384
v -0.16938 0.176524 0.009384
v -0.16938 0.176524 0.00474
vn 1 -0.000301023 0
vn 1 -0.000301023 0
vn 1 -0.000301023 0
vt 0.137358 0.895054
vt 0.135954 0.872837
vt 0.137477 0.872878
f 664/664/664 665/665/665 666/666/666
v -0.090594 0.365868 0.009956
v -0.169323 0.365868 0.009956
v -0.169323 0.365868 0.009384
vn 0 -1 0
vn 0 -1 0
vn 0 -1 0
vt 0.140057 0.899237
vt 0.137213 0.895426
vt 0.137358 0.895054
f 667/667/667 668/668/668 669/669/669
v -0.16938 0.176524 0.009956
v -0.169363 0.09207 0.009956
v -0.169363 0.09207 0.009384
vn 1 0.000201143 -0
vn 1 0.000201143 -0
vn 1 0.000201143 -0
vt 0.135775 0.872886
vt 0.135559 0.85807
vt 0.135808 0.858442
f 670/670/670 671/671/671 672/672/672
v 0.170823 0.09207 0.009956
v 0.170781 0.176524 0.009956
v 0.170781 0.176524 0.009384
vn -1 -0.000497211 0
vn -1 -0.000497211 0
vn -1 -0.000497211 0
vt 0.154241 0.857214
vt 0.155357 0.874562
vt 0.155094 0.874456
f 673/673/673 674/674/674 675/675/675
v 0.084959 0.09207 0.009956
v 0.170823 0.09207 0.009956
v 0.170823 0.09207 0.009384
vn 0 1 -0
vn 0 1 -0
vn 0 1 -0
vt 0.14991 0.848909
vt 0.154241 0.857214
vt 0.153995 0.85772
f 676/676/676 677/677/677 678/678/678
v -0.090688 0.09207 0.009956
v 0.084959 0.09207 0.009956
v 0.084959 0.09207 0.009384
vn 0 1 -0
vn 0 1 -0
vn 0 1 -0
vt 0.139232 0.848909
vt 0.14991 0.848909
vt 0.149823 0.849764
f 679/679/679 680/680/680 681/681/681
v -0.169363 0.09207 0.009956
v -0.090688 0.09207 0.009956
v -0.090688 0.09207 0.009384
vn 0 1 -0
vn 0 1 -0
vn 0 1 -0
vt 0.135559 0.85807
vt 0.139232 0.848909
vt 0.139342 0.849769
f 682/682/682 683/683/683 684/684/684
v 0.084961 0.365868 0.009956
v -0.090594 0.365868 0.009956
v -0.090594 0.365868 0.009384
vn 0 -1 0
vn 0 -1 0
vn 0 -1 0
vt 0.145917 0.903463
vt 0.140057 0.899237
vt 0.140118 0.898743
f 685/685/685 686/686/686 687/687/687
v 0.170823 0.365868 0.009956
v 0.084961 0.365868 0.009956
v 0.084961 0.365868 0.009384
vn 0 -1 0
vn 0 -1 0
vn 0 -1 0
vt 0.1495 0.90408
vt 0.145917 0.903463
vt 0.145941 0.902934
f 688/688/688 689/689/689 690/690/690
v 0.170781 0.176524 0.009956
v 0.170823 0.365868 0.009956
v 0.170823 0.365868 0.009384
vn -1 0.000221773 0
vn -1 0.000221773 0
vn -1 0.000221773 0
vt 0.155357 0.874562
vt 0.1495 0.90408
vt 0.149373 0.903454
f 691/691/691 692/692/692 693/693/693
v -0.169323 0.365868 0.009956
v -0.16938 0.176524 0.009956
v -0.16938 0.176524 0.009384
vn 1 -0.000301023 0
vn 1 -0.000301023 0
vn 1 -0.000301023 0
vt 0.137213 0.895426
vt 0.135775 0.872886
vt 0.135954 0.872837
f 694/694/694 695/695/695 696/696/696
v 0.124803 0.129806 -0.044689
v 0.150088 0.129806 -0.044689
v 0.150088 0.128653 -0.044689
vn 0 0 -1
vn 0 0 -1
vn 0 0 -1
vt 0.557339 0.398871
vt 0.540735 0.398467
vt 0.540776 0.395104
f 697/697/697 698/698/698 699/699/699
v 0.13116 0.118045 -0.029753
v 0.124803 0.128653 -0.044689
v 0.150088 0.128653 -0.044689
vn -0 -0.815294 -0.579047
vn -0 -0.815294 -0.579047
vn -0 -0.815294 -0.579047
vt 0.545302 0.371671
vt 0.547556 0.390099
vt 0.53879 0.391055
f 700/700/700 701/701/701 702/702/702
v 0.147085 0.091842 -0.030059
v 0.13116 0.118045 -0.029753
v 0.160572 0.118045 -0.029753
vn 0 0.0116773 -0.999932
vn 0 0.0116773 -0.999932
vn 0 0.0116773 -0.999932
vt 0.539295 0.328386
vt 0.545302 0.371671
vt 0.531287 0.372399
f 703/703/703 704/704/704 705/705/705
v 0.157629 0.074242 -0.025745
v 0.147085 0.091842 -0.030059
v 0.186602 0.091842 -0.030059
vn -0 -0.238066 -0.971249
vn -0 -0.238066 -0.971249
vn -0 -0.238066 -0.971249
vt 0.533124 0.298201
vt 0.539295 0.328386
vt 0.509861 0.327074
f 706/706/706 707/707/707 708/708/708
v 0.165032 0.061429 -0.016932
v 0.157629 0.074242 -0.025745
v 0.203846 0.074242 -0.025745
vn -0 -0.566706 -0.82392
vn -0 -0.566706 -0.82392
vn -0 -0.566706 -0.82392
vt 0.52844 0.27751
vt 0.533124 0.298201
vt 0.499317 0.300362
f 709/709/709 710/710/710 711/711/711
v 0.170842 0.051881 0.009956
v 0.170834 0.051881 -0.000366
v 0.225405 0.051881 -0.000366
vn 0 -1 0
vn 0 -1 0
vn 0 -1 0
vt 0.269566 0.907386
vt 0.269564 0.841632
vt 0.283463 0.841632
f 712/712/712 713/713/713 714/714/714
v 0.168948 0.054917 -0.008422
v 0.165032 0.061429 -0.016932
v 0.21588 0.061429 -0.016932
vn -0 -0.794162 -0.607707
vn -0 -0.794162 -0.607707
vn -0 -0.794162 -0.607707
vt 0.5213 0.271439
vt 0.52844 0.27751
vt 0.493757 0.278002
f 715/715/715 716/716/716 717/717/717
v 0.170834 0.051881 -0.000366
v 0.168948 0.054917 -0.008422
v 0.222329 0.054917 -0.008422
vn -0 -0.935755 -0.35265
vn -0 -0.935755 -0.35265
vn -0 -0.935755 -0.35265
vt 0.52113 0.267624
vt 0.5213 0.271439
vt 0.490811 0.271539
f 718/718/718 719/719/719 720/720/720
v 0.124803 0.302348 -0.044689
v 0.150088 0.302348 -0.044689
v 0.150088 0.176314 -0.044689
vn 0 0 -1
vn 0 0 -1
vn 0 0 -1
vt 0.557606 0.697355
vt 0.541083 0.698083
vt 0.54081 0.493591
f 721/721/721 722/722/722 723/723/723
v 0.227111 0.054895 0.009956
v 0.225405 0.054895 0.009956
v 0.225406 0.051881 0.009956
vn 0 -0 1
vn 0 -0 1
vn 0 -0 1
vt 0.395766 0.129038
vt 0.3944 0.128992
vt 0.394423 0.121505
f 724/724/724 725/725/725 726/726/726
v 0.161491 0.339339 -0.029753
v 0.150879 0.328731 -0.044689
v 0.160574 0.339339 -0.029753
vn 0 0.815295 -0.579046
vn 0 0.815295 -0.579046
vn 0 0.815295 -0.579046
vt 0.531856 0.786486
vt 0.538796 0.767578
vt 0.532747 0.786492
f 727/727/727 728/728/728 729/729/729
v 0.187837 0.365542 -0.030059
v 0.161491 0.339339 -0.029753
v 0.186604 0.365542 -0.030059
vn 0 -0.0116773 -0.999932
vn 0 -0.0116773 -0.999932
vn 0 -0.0116773 -0.999932
vt 0.517118 0.807777
vt 0.531856 0.786486
vt 0.518005 0.80782
f 730/730/730 731/731/731 732/732/732
v 0.20529 0.383143 -0.025745
v 0.187837 0.365542 -0.030059
v 0.203848 0.383143 -0.025745
vn 0 0.238053 -0.971252
vn 0 0.238053 -0.971252
vn 0 0.238053 -0.971252
vt 0.50467 0.847796
vt 0.517118 0.807777
vt 0.505689 0.847816
f 733/733/733 734/734/734 735/735/735
v 0.217469 0.395956 -0.016932
v 0.20529 0.383143 -0.025745
v 0.21588 0.395956 -0.016932
vn 0 0.566706 -0.82392
vn 0 0.566706 -0.82392
vn 0 0.566706 -0.82392
vt 0.49759 0.877706
vt 0.50467 0.847796
vt 0.4987 0.877715
f 736/736/736 737/737/737 738/738/738
v 0.227111 0.405503 0.009956
v 0.227111 0.405503 -0.000366
v 0.225406 0.405503 -0.000366
vn 0 1 0
vn 0 1 0
vn 0 1 0
vt 0.289545 0.833131
vt 0.289545 0.905296
vt 0.289069 0.905296
f 739/739/739 740/740/740 741/741/741
v 0.223997 0.402467 -0.008422
v 0.217469 0.395956 -0.016932
v 0.22233 0.402467 -0.008422
vn 0 0.794207 -0.607648
vn 0 0.794207 -0.607648
vn 0 0.794207 -0.607648
vt 0.494482 0.895239
vt 0.49759 0.877706
vt 0.495642 0.895243
f 742/742/742 743/743/743 744/744/744
v 0.227111 0.405503 -0.000366
v 0.223997 0.402467 -0.008422
v 0.225406 0.405503 -0.000366
vn 0 0.935755 -0.35265
vn 0 0.935755 -0.35265
vn 0 0.935755 -0.35265
vt 0.490083 0.902128
vt 0.494482 0.895239
vt 0.491266 0.902132
f 745/745/745 746/746/746 747/747/747
v 0.227111 0.365868 0.009956
v 0.225405 0.365868 0.009956
v 0.225404 0.176524 0.009956
vn 0 0 1
vn 0 0 1
vn 0 0 1
vt 0.395881 0.822035
vt 0.394102 0.822038
vt 0.393443 0.427502
f 748/748/748 749/749/749 750/750/750
v 0.124803 0.327567 -0.044689
v 0.150088 0.327567 -0.044689
v 0.150088 0.302348 -0.044689
vn 0 0 -1
vn 0 0 -1
vn 0 0 -1
vt 0.557549 0.760469
vt 0.541117 0.760392
vt 0.541083 0.698083
f 751/751/751 752/752/752 753/753/753
v 0.227111 0.403755 0.009956
v 0.225405 0.403755 0.009956
v 0.225405 0.365868 0.009956
vn 0 0 1
vn 0 0 1
vn 0 0 1
vt 0.395764 0.906783
vt 0.394322 0.906847
vt 0.394102 0.822038
f 754/754/754 755/755/755 756/756/756
v 0.124803 0.176314 -0.044689
v 0.150088 0.176314 -0.044689
v 0.150088 0.144021 -0.044689
vn 0 0 -1
vn 0 0 -1
vn 0 0 -1
vt 0.557289 0.494672
vt 0.54081 0.493591
vt 0.540807 0.443645
f 757/757/757 758/758/758 759/759/759
v 0.227111 0.176524 0.009956
v 0.225404 0.176524 0.009956
v 0.225405 0.09207 0.009956
vn 0 -0 1
vn 0 -0 1
vn 0 -0 1
vt 0.39526 0.427721
vt 0.393443 0.427502
vt 0.394313 0.211351
f 760/760/760 761/761/761 762/762/762
v -0.169356 0.054895 0.009956
v -0.226116 0.054895 0.009956
v -0.226116 0.051881 0.009956
vn 0 0 1
vn 0 0 1
vn 0 0 1
vt 0.093227 0.128017
vt 0.049589 0.128219
vt 0.049631 0.12066
f 763/763/763 764/764/764 765/765/765
v -0.13166 0.339339 -0.029753
v -0.125602 0.328731 -0.044689
v -0.150868 0.328731 -0.044689
vn 0 0.815295 -0.579046
vn 0 0.815295 -0.579046
vn 0 0.815295 -0.579046
vt 0.71778 0.786161
vt 0.711981 0.767625
vt 0.726883 0.767604
f 766/766/766 767/767/767 768/768/768
v -0.146827 0.365542 -0.030059
v -0.13166 0.339339 -0.029753
v -0.161342 0.339339 -0.029753
vn 0 -0.0116773 -0.999932
vn 0 -0.0116773 -0.999932
vn 0 -0.0116773 -0.999932
vt 0.724167 0.812038
vt 0.71778 0.786161
vt 0.732076 0.785943
f 769/769/769 770/770/770 771/771/771
v -0.156847 0.383143 -0.025745
v -0.146827 0.365542 -0.030059
v -0.187349 0.365542 -0.030059
vn 0 0.238053 -0.971252
vn 0 0.238053 -0.971252
vn 0 0.238053 -0.971252
vt 0.730081 0.851997
vt 0.724167 0.812038
vt 0.747896 0.812311
f 772/772/772 773/773/773 774/774/774
v -0.163805 0.395956 -0.016932
v -0.156847 0.383143 -0.025745
v -0.204578 0.383143 -0.025745
vn 0 0.566706 -0.82392
vn 0 0.566706 -0.82392
vn 0 0.566706 -0.82392
vt 0.733148 0.879129
vt 0.730081 0.851997
vt 0.757358 0.851285
f 775/775/775 776/776/776 777/777/777
v -0.169311 0.405503 0.009956
v -0.169336 0.405503 -0.000366
v -0.226114 0.405503 0.009956
vn -0 1 0
vn -0 1 0
vn -0 1 0
vt 0.178739 0.833131
vt 0.178732 0.905296
vt 0.162861 0.833132
f 778/778/778 779/779/779 780/780/780
v -0.167549 0.402467 -0.008422
v -0.163805 0.395956 -0.016932
v -0.216598 0.395956 -0.016932
vn 0 0.794207 -0.607648
vn 0 0.794207 -0.607648
vn 0 0.794207 -0.607648
vt 0.733885 0.897054
vt 0.733148 0.879129
vt 0.762152 0.8773
f 781/781/781 782/782/782 783/783/783
v -0.169336 0.405503 -0.000366
v -0.167549 0.402467 -0.008422
v -0.223042 0.402467 -0.008422
vn 0 0.935755 -0.35265
vn 0 0.935755 -0.35265
vn 0 0.935755 -0.35265
vt 0.734329 0.903513
vt 0.733885 0.897054
vt 0.766987 0.895558
f 784/784/784 785/785/785 786/786/786
v -0.169323 0.365868 0.009956
v -0.226115 0.365868 0.009956
v -0.16938 0.176524 0.009956
vn 0 -0 1
vn 0 -0 1
vn 0 -0 1
vt 0.093329 0.821126
vt 0.050318 0.82158
vt 0.093474 0.428349
f 787/787/787 788/788/788 789/789/789
v -0.151657 0.129806 -0.044689
v -0.150868 0.129806 -0.044689
v -0.150868 0.128653 -0.044689
vn 0 0 -1
vn 0 0 -1
vn 0 0 -1
vt 0.726122 0.399373
vt 0.725493 0.39945
vt 0.725436 0.395998
f 790/790/790 791/791/791 792/792/792
v -0.16227 0.118045 -0.029753
v -0.151657 0.128653 -0.044689
v -0.161344 0.118045 -0.029753
vn 0 -0.815294 -0.579047
vn 0 -0.815294 -0.579047
vn 0 -0.815294 -0.579047
vt 0.738152 0.363099
vt 0.726657 0.39416
vt 0.738014 0.363104
f 793/793/793 794/794/794 795/795/795
v -0.188616 0.091842 -0.030059
v -0.16227 0.118045 -0.029753
v -0.187349 0.091842 -0.030059
vn 0 0.0116773 -0.999932
vn 0 0.0116773 -0.999932
vn 0 0.0116773 -0.999932
vt 0.749423 0.336749
vt 0.738152 0.363099
vt 0.749279 0.336717
f 796/796/796 797/797/797 798/798/798
v -0.206069 0.074242 -0.025745
v -0.188616 0.091842 -0.030059
v -0.204577 0.074242 -0.025745
vn 0 -0.238066 -0.971249
vn 0 -0.238066 -0.971249
vn 0 -0.238066 -0.971249
vt 0.759928 0.303573
vt 0.749423 0.336749
vt 0.75976 0.303562
f 799/799/799 800/800/800 801/801/801
v -0.218248 0.061429 -0.016932
v -0.206069 0.074242 -0.025745
v -0.216598 0.061429 -0.016932
vn 0 -0.566706 -0.82392
vn 0 -0.566706 -0.82392
vn 0 -0.566706 -0.82392
vt 0.767288 0.27602
vt 0.759928 0.303573
vt 0.767104 0.276017
f 802/802/802 803/803/803 804/804/804
v -0.227889 0.051881 0.009956
v -0.227889 0.051881 -0.000366
v -0.226116 0.051881 -0.000366
vn 0 -1 0
vn 0 -1 0
vn 0 -1 0
vt 0.168016 0.907386
vt 0.168016 0.841633
vt 0.168468 0.841633
f 805/805/805 806/806/806 807/807/807
v -0.224776 0.054917 -0.008422
v -0.218248 0.061429 -0.016932
v -0.223043 0.054917 -0.008422
vn 0 -0.794162 -0.607707
vn 0 -0.794162 -0.607707
vn 0 -0.794162 -0.607707
vt 0.768295 0.272414
vt 0.767288 0.27602
vt 0.768101 0.272413
f 808/808/808 809/809/809 810/810/810
v -0.227889 0.051881 -0.000366
v -0.224776 0.054917 -0.008422
v -0.226116 0.051881 -0.000366
vn 0 -0.935755 -0.35265
vn 0 -0.935755 -0.35265
vn 0 -0.935755 -0.35265
vt 0.769015 0.269969
vt 0.768295 0.272414
vt 0.768816 0.269969
f 811/811/811 812/812/812 813/813/813
v -0.151657 0.302348 -0.044689
v -0.150868 0.302348 -0.044689
v -0.150868 0.176314 -0.044689
vn 0 0 -1
vn 0 0 -1
vn 0 0 -1
vt 0.727403 0.696434
vt 0.726605 0.696492
vt 0.725307 0.495258
f 814/814/814 815/815/815 816/816/816
v -0.169311 0.403755 0.009956
v -0.226114 0.403755 0.009956
v -0.169323 0.365868 0.009956
vn 0 -0 1
vn 0 -0 1
vn 0 -0 1
vt 0.093459 0.90635
vt 0.049846 0.90582
vt 0.093329 0.821126
f 817/817/817 818/818/818 819/819/819
v -0.151657 0.327567 -0.044689
v -0.150868 0.327567 -0.044689
v -0.150868 0.302348 -0.044689
vn 0 0 -1
vn 0 0 -1
vn 0 0 -1
vt 0.727389 0.762603
vt 0.726745 0.762671
vt 0.726605 0.696492
f 820/820/820 821/821/821 822/822/822
v -0.16938 0.176524 0.009956
v -0.226116 0.176524 0.009956
v -0.226116 0.09207 0.009956
vn 0 0 1
vn 0 0 1
vn 0 0 1
vt 0.093474 0.428349
vt 0.05017 0.428389
vt 0.049656 0.210998
f 823/823/823 824/824/824 825/825/825
v -0.151657 0.176314 -0.044689
v -0.150868 0.176314 -0.044689
v -0.150868 0.144021 -0.044689
vn 0 0 -1
vn 0 0 -1
vn 0 0 -1
vt 0.726106 0.495307
vt 0.725307 0.495258
vt 0.725315 0.442186
f 826/826/826 827/827/827 828/828/828
v -0.16227 0.339339 -0.029753
v -0.151657 0.328731 -0.044689
v -0.16227 0.338094 -0.029753
vn -0.815166 0 -0.579228
vn -0.815166 0 -0.579228
vn -0.815166 0 -0.579228
vt 0.735672 0.793999
vt 0.727898 0.767654
vt 0.735671 0.791179
f 829/829/829 830/830/830 831/831/831
v 0.150088 0.328731 -0.044689
v 0.150879 0.328731 -0.044689
v 0.150879 0.327567 -0.044689
vn 0 0 -1
vn 0 0 -1
vn 0 0 -1
vt 0.541082 0.764005
vt 0.540415 0.76396
vt 0.540451 0.760273
f 832/832/832 833/833/833 834/834/834
v 0.227111 0.405503 -0.000366
v 0.227111 0.405503 0.009956
v 0.227111 0.403755 0.009956
vn 1 -0 0
vn 1 -0 0
vn 1 -0 0
vt 0.418941 0.934109
vt 0.411243 0.93411
vt 0.411243 0.929896
f 835/835/835 836/836/836 837/837/837
v -0.226114 0.405503 0.009956
v -0.227889 0.405503 0.009956
v -0.226114 0.403755 0.009956
vn 0 -0 1
vn 0 -0 1
vn 0 -0 1
vt 0.049818 0.910336
vt 0.048306 0.910305
vt 0.049846 0.90582
f 838/838/838 839/839/839 840/840/840
v -0.188616 0.365542 -0.030059
v -0.16227 0.339339 -0.029753
v -0.188616 0.364097 -0.030059
vn 0.0116139 0 -0.999933
vn 0.0116139 0 -0.999933
vn 0.0116139 0 -0.999933
vt 0.745304 0.823261
vt 0.735671 0.79318
vt 0.745304 0.820938
f 841/841/841 842/842/842 843/843/843
v 0.150879 0.328731 -0.044689
v 0.161491 0.339339 -0.029753
v 0.161491 0.338094 -0.029753
vn 0.815191 0 -0.579192
vn 0.815191 0 -0.579192
vn 0.815191 0 -0.579192
vt 0.539258 0.762757
vt 0.527523 0.793317
vt 0.527524 0.79026
f 844/844/844 845/845/845 846/846/846
v 0.161491 0.339339 -0.029753
v 0.187837 0.365542 -0.030059
v 0.187837 0.364097 -0.030059
vn -0.0116139 0 -0.999933
vn -0.0116139 0 -0.999933
vn -0.0116139 0 -0.999933
vt 0.527524 0.79243
vt 0.519635 0.813149
vt 0.519636 0.810631
f 847/847/847 848/848/848 849/849/849
v -0.206069 0.383143 -0.025745
v -0.188616 0.365542 -0.030059
v -0.206069 0.381563 -0.025745
vn -0.239956 0 -0.970784
vn -0.239956 0 -0.970784
vn -0.239956 0 -0.970784
vt 0.752353 0.842597
vt 0.745304 0.823261
vt 0.752353 0.840058
f 850/850/850 851/851/851 852/852/852
v 0.187837 0.365542 -0.030059
v 0.20529 0.383143 -0.025745
v 0.20529 0.381564 -0.025745
vn 0.239956 0 -0.970784
vn 0.239956 0 -0.970784
vn 0.239956 0 -0.970784
vt 0.519635 0.813149
vt 0.508314 0.850494
vt 0.508314 0.847743
f 853/853/853 854/854/854 855/855/855
v -0.218248 0.395956 -0.016932
v -0.206069 0.383143 -0.025745
v -0.218248 0.394278 -0.016932
vn -0.586236 0 -0.81014
vn -0.586236 0 -0.81014
vn -0.586236 0 -0.81014
vt 0.759495 0.866338
vt 0.752353 0.842597
vt 0.759495 0.863641
f 856/856/856 857/857/857 858/858/858
v 0.223997 0.402467 -0.008422
v 0.227111 0.405503 -0.000366
v 0.227111 0.403753 -0.000366
vn 0.932742 0 -0.360546
vn 0.932742 0 -0.360546
vn 0.932742 0 -0.360546
vt 0.492297 0.894078
vt 0.48986 0.899041
vt 0.48986 0.895992
f 859/859/859 860/860/860 861/861/861
v -0.227889 0.405503 0.009956
v -0.227889 0.405503 -0.000366
v -0.227889 0.403754 -0.000366
vn -1 0 0
vn -1 0 0
vn -1 0 0
vt 0.035016 0.934327
vt 0.02683 0.934327
vt 0.02683 0.929956
f 862/862/862 863/863/863 864/864/864
v -0.224776 0.402467 -0.008422
v -0.218248 0.395956 -0.016932
v -0.224776 0.40074 -0.008422
vn -0.793441 0 -0.608647
vn -0.793441 0 -0.608647
vn -0.793441 0 -0.608647
vt 0.766966 0.887596
vt 0.759495 0.866338
vt 0.766966 0.884819
f 865/865/865 866/866/866 867/867/867
v 0.20529 0.383143 -0.025745
v 0.217469 0.395956 -0.016932
v 0.217469 0.394278 -0.016932
vn 0.586236 0 -0.81014
vn 0.586236 0 -0.81014
vn 0.586236 0 -0.81014
vt 0.508314 0.850494
vt 0.499735 0.876286
vt 0.499735 0.873363
f 868/868/868 869/869/869 870/870/870
v 0.217469 0.395956 -0.016932
v 0.223997 0.402467 -0.008422
v 0.223997 0.40074 -0.008422
vn 0.793442 0 -0.608646
vn 0.793442 0 -0.608646
vn 0.793442 0 -0.608646
vt 0.499735 0.876286
vt 0.492297 0.894078
vt 0.492297 0.891068
f 871/871/871 872/872/872 873/873/873
v -0.227889 0.405503 -0.000366
v -0.224776 0.402467 -0.008422
v -0.227889 0.403754 -0.000366
vn -0.93278 0 -0.360445
vn -0.93278 0 -0.360445
vn -0.93278 0 -0.360445
vt 0.769764 0.898431
vt 0.766966 0.887596
vt 0.769764 0.895619
f 874/874/874 875/875/875 876/876/876
v -0.090578 0.328731 -0.044689
v 0.085027 0.328731 -0.044689
v 0.085027 0.327567 -0.044689
vn 0 0 -1
vn 0 0 -1
vn 0 0 -1
vt 0.6901 0.767583
vt 0.577511 0.76345
vt 0.577462 0.75941
f 877/877/877 878/878/878 879/879/879
v 0.170832 0.405503 0.009956
v 0.084984 0.405503 0.009956
v 0.170832 0.403755 0.009956
vn 0 -0 1
vn 0 -0 1
vn 0 -0 1
vt 0.352227 0.911245
vt 0.277447 0.911563
vt 0.352266 0.906986
f 880/880/880 881/881/881 882/882/882
v 0.084984 0.405503 0.009956
v -0.090566 0.405503 0.009956
v 0.084983 0.403755 0.009956
vn 0 -0 1
vn 0 -0 1
vn 0 -0 1
vt 0.277447 0.911563
vt 0.156984 0.910999
vt 0.277465 0.906999
f 883/883/883 884/884/884 885/885/885
v -0.125602 0.328731 -0.044689
v -0.090578 0.328731 -0.044689
v -0.090578 0.327567 -0.044689
vn 0 0 -1
vn 0 0 -1
vn 0 0 -1
vt 0.710176 0.765752
vt 0.6901 0.767583
vt 0.690133 0.763587
f 886/886/886 887/887/887 888/888/888
v -0.090566 0.405503 0.009956
v -0.169311 0.405503 0.009956
v -0.090567 0.403755 0.009956
vn 0 -0 1
vn 0 -0 1
vn 0 -0 1
vt 0.156984 0.910999
vt 0.093502 0.910662
vt 0.156942 0.906416
f 889/889/889 890/890/890 891/891/891
v -0.150868 0.328731 -0.044689
v -0.125602 0.328731 -0.044689
v -0.125602 0.327567 -0.044689
vn 0 0 -1
vn 0 0 -1
vn 0 0 -1
vt 0.726759 0.76613
vt 0.710176 0.765752
vt 0.710219 0.762345
f 892/892/892 893/893/893 894/894/894
v 0.085027 0.328731 -0.044689
v 0.124803 0.328731 -0.044689
v 0.124803 0.327567 -0.044689
vn 0 0 -1
vn 0 0 -1
vn 0 0 -1
vt 0.577511 0.76345
vt 0.557598 0.763972
vt 0.557549 0.760469
f 895/895/895 896/896/896 897/897/897
v 0.225405 0.405503 0.009956
v 0.170832 0.405503 0.009956
v 0.225405 0.403755 0.009956
vn 0 -0 1
vn 0 -0 1
vn 0 -0 1
vt 0.394327 0.911282
vt 0.352227 0.911245
vt 0.394322 0.906847
f 898/898/898 899/899/899 900/900/900
v 0.124803 0.328731 -0.044689
v 0.150088 0.328731 -0.044689
v 0.150088 0.327567 -0.044689
vn 0 0 -1
vn 0 0 -1
vn 0 0 -1
vt 0.557598 0.763972
vt 0.541082 0.764005
vt 0.541117 0.760392
f 901/901/901 902/902/902 903/903/903
v 0.227111 0.405503 0.009956
v 0.225405 0.405503 0.009956
v 0.227111 0.403755 0.009956
vn 0 -0 1
vn 0 -0 1
vn 0 -0 1
vt 0.395742 0.911323
vt 0.394327 0.911282
vt 0.395764 0.906783
f 904/904/904 905/905/905 906/906/906
v -0.169311 0.405503 0.009956
v -0.226114 0.405503 0.009956
v -0.169311 0.403755 0.009956
vn 0 -0 1
vn 0 -0 1
vn 0 -0 1
vt 0.093502 0.910662
vt 0.049818 0.910336
vt 0.093459 0.90635
f 907/907/907 908/908/908 909/909/909
v -0.151657 0.328731 -0.044689
v -0.150868 0.328731 -0.044689
v -0.150868 0.327567 -0.044689
vn 0 0 -1
vn 0 0 -1
vn 0 0 -1
vt 0.727393 0.766123
vt 0.726759 0.76613
vt 0.726745 0.762671
f 910/910/910 911/911/911 912/912/912
v -0.16227 0.136829 -0.029753
v -0.151657 0.144021 -0.044689
v -0.151657 0.129806 -0.044689
vn -0.815166 0 -0.579228
vn -0.815166 0 -0.579228
vn -0.815166 0 -0.579228
vt 0.736334 0.438032
vt 0.728152 0.443077
vt 0.727675 0.398377
f 913/913/913 914/914/914 915/915/915
v 0.150088 0.144021 -0.044689
v 0.150879 0.144021 -0.044689
v 0.150879 0.129806 -0.044689
vn 0 0 -1
vn 0 0 -1
vn 0 0 -1
vt 0.540807 0.443645
vt 0.540172 0.443654
vt 0.54012 0.398411
f 916/916/916 917/917/917 918/918/918
v 0.227111 0.092013 -0.000366
v 0.227111 0.09207 0.009956
v 0.227111 0.054895 0.009956
vn 1 -0 0
vn 1 -0 0
vn 1 -0 0
vt 0.418433 0.183477
vt 0.410734 0.183615
vt 0.411497 0.09106
f 919/919/919 920/920/920 921/921/921
v -0.226116 0.09207 0.009956
v -0.227889 0.09207 0.009956
v -0.227889 0.054895 0.009956
vn 0 0 1
vn 0 0 1
vn 0 0 1
vt 0.049656 0.210998
vt 0.04816 0.211105
vt 0.04816 0.128193
f 922/922/922 923/923/923 924/924/924
v -0.188616 0.119062 -0.030059
v -0.16227 0.136829 -0.029753
v -0.16227 0.119454 -0.029753
vn 0.0116139 0 -0.999933
vn 0.0116139 0 -0.999933
vn 0.0116139 0 -0.999933
vt 0.743778 0.402969
vt 0.736334 0.438032
vt 0.734745 0.386859
f 925/925/925 926/926/926 927/927/927
v 0.150879 0.144021 -0.044689
v 0.161491 0.136825 -0.029753
v 0.150879 0.129806 -0.044689
vn 0.815191 0 -0.579192
vn 0.815191 0 -0.579192
vn 0.815191 0 -0.579192
vt 0.537488 0.427229
vt 0.527852 0.402542
vt 0.53757 0.395079
f 928/928/928 929/929/929 930/930/930
v 0.161491 0.136825 -0.029753
v 0.187837 0.119087 -0.030059
v 0.161491 0.119454 -0.029753
vn -0.0116139 0 -0.999933
vn -0.0116139 0 -0.999933
vn -0.0116139 0 -0.999933
vt 0.527852 0.402542
vt 0.519394 0.384233
vt 0.527749 0.376269
f 931/931/931 932/932/932 933/933/933
v -0.206069 0.107137 -0.025745
v -0.188616 0.119062 -0.030059
v -0.188616 0.093884 -0.030059
vn -0.239956 0 -0.970784
vn -0.239956 0 -0.970784
vn -0.239956 0 -0.970784
vt 0.753294 0.387079
vt 0.743778 0.402969
vt 0.743778 0.362507
f 934/934/934 935/935/935 936/936/936
v 0.187837 0.119087 -0.030059
v 0.20529 0.107163 -0.025745
v 0.187837 0.093886 -0.030059
vn 0.239956 0 -0.970784
vn 0.239956 0 -0.970784
vn 0.239956 0 -0.970784
vt 0.519394 0.384233
vt 0.505099 0.378906
vt 0.519812 0.356466
f 937/937/937 938/938/938 939/939/939
v -0.218248 0.098443 -0.016932
v -0.206069 0.107137 -0.025745
v -0.206069 0.076709 -0.025745
vn -0.586236 0 -0.81014
vn -0.586236 0 -0.81014
vn -0.586236 0 -0.81014
vt 0.760703 0.375785
vt 0.753294 0.387079
vt 0.753351 0.33204
f 940/940/940 941/941/941 942/942/942
v 0.223997 0.094059 -0.008422
v 0.227111 0.092013 -0.000366
v 0.223997 0.057853 -0.008422
vn 0.932742 0 -0.360546
vn 0.932742 0 -0.360546
vn 0.932742 0 -0.360546
vt 0.492025 0.342483
vt 0.488986 0.328996
vt 0.492114 0.27994
f 943/943/943 944/944/944 945/945/945
v -0.227889 0.09207 0.009956
v -0.227889 0.092043 -0.000366
v -0.227889 0.054895 0.009956
vn -1 0 0
vn -1 0 0
vn -1 0 0
vt 0.03509 0.188873
vt 0.026904 0.188806
vt 0.035294 0.089413
f 946/946/946 947/947/947 948/948/948
v -0.224776 0.094033 -0.008422
v -0.218248 0.098443 -0.016932
v -0.218248 0.064205 -0.016932
vn -0.793441 0 -0.608647
vn -0.793441 0 -0.608647
vn -0.793441 0 -0.608647
vt 0.767291 0.360992
vt 0.760703 0.375785
vt 0.760627 0.306448
f 949/949/949 950/950/950 951/951/951
v 0.20529 0.107163 -0.025745
v 0.217469 0.098461 -0.016932
v 0.20529 0.076711 -0.025745
vn 0.586236 0 -0.81014
vn 0.586236 0 -0.81014
vn 0.586236 0 -0.81014
vt 0.505099 0.378906
vt 0.499378 0.363048
vt 0.505518 0.321272
f 952/952/952 953/953/953 954/954/954
v 0.217469 0.098461 -0.016932
v 0.223997 0.094059 -0.008422
v 0.217469 0.064206 -0.016932
vn 0.793442 0 -0.608646
vn 0.793442 0 -0.608646
vn 0.793442 0 -0.608646
vt 0.499378 0.363048
vt 0.492025 0.342483
vt 0.500234 0.29385
f 955/955/955 956/956/956 957/957/957
v -0.227889 0.092043 -0.000366
v -0.224776 0.094033 -0.008422
v -0.224776 0.057851 -0.008422
vn -0.93278 0 -0.360445
vn -0.93278 0 -0.360445
vn -0.93278 0 -0.360445
vt 0.769967 0.359545
vt 0.767291 0.360992
vt 0.767308 0.295241
f 958/958/958 959/959/959 960/960/960
v -0.090578 0.130434 -0.031643
v -0.090578 0.144649 -0.031643
v -0.090578 0.130524 -0.029795
vn 1 0 0
vn 1 0 0
vn 1 0 0
vt 0.556673 0.357346
vt 0.557107 0.355714
vt 0.557251 0.358542
f 961/961/961 962/962/962 963/963/963
v 0.170823 0.09207 0.009956
v 0.084959 0.09207 0.009956
v 0.085006 0.054895 0.009956
vn 0 -0 1
vn 0 -0 1
vn 0 -0 1
vt 0.351806 0.212467
vt 0.285493 0.214157
vt 0.286111 0.129061
f 964/964/964 965/965/965 966/966/966
v 0.084959 0.09207 0.009956
v -0.090688 0.09207 0.009956
v -0.090671 0.054895 0.009956
vn 0 -0 1
vn 0 -0 1
vn 0 -0 1
vt 0.285493 0.214157
vt 0.153968 0.212638
vt 0.154137 0.127914
f 967/967/967 968/968/968 969/969/969
v -0.125602 0.144021 -0.044689
v -0.090578 0.144021 -0.044689
v -0.090578 0.129806 -0.044689
vn 0 0 -1
vn 0 0 -1
vn 0 0 -1
vt 0.710204 0.44189
vt 0.689919 0.441499
vt 0.689994 0.398676
f 970/970/970 971/971/971 972/972/972
v -0.090688 0.09207 0.009956
v -0.169363 0.09207 0.009956
v -0.169356 0.054895 0.009956
vn 0 -0 1
vn 0 -0 1
vn 0 -0 1
vt 0.153968 0.212638
vt 0.093189 0.210737
vt 0.093227 0.128017
f 973/973/973 974/974/974 975/975/975
v -0.150868 0.144021 -0.044689
v -0.125602 0.144021 -0.044689
v -0.125602 0.129806 -0.044689
vn 0 0 -1
vn 0 0 -1
vn 0 0 -1
vt 0.725315 0.442186
vt 0.710204 0.44189
vt 0.710278 0.39891
f 976/976/976 977/977/977 978/978/978
v 0.085027 0.144021 -0.044689
v 0.124803 0.144021 -0.044689
v 0.124803 0.129806 -0.044689
vn 0 0 -1
vn 0 0 -1
vn 0 0 -1
vt 0.576912 0.442339
vt 0.557281 0.442469
vt 0.557339 0.398871
f 979/979/979 980/980/980 981/981/981
v 0.225405 0.09207 0.009956
v 0.170823 0.09207 0.009956
v 0.170841 0.054895 0.009956
vn 0 -0 1
vn 0 -0 1
vn 0 -0 1
vt 0.394313 0.211351
vt 0.351806 0.212467
vt 0.35212 0.129198
f 982/982/982 983/983/983 984/984/984
v 0.124803 0.144021 -0.044689
v 0.150088 0.144021 -0.044689
v 0.150088 0.129806 -0.044689
vn 0 0 -1
vn 0 0 -1
vn 0 0 -1
vt 0.557281 0.442469
vt 0.540807 0.443645
vt 0.540735 0.398467
f 985/985/985 986/986/986 987/987/987
v 0.227111 0.09207 0.009956
v 0.225405 0.09207 0.009956
v 0.225405 0.054895 0.009956
vn 0 0 1
vn 0 0 1
vn 0 0 1
vt 0.395758 0.211526
vt 0.394313 0.211351
vt 0.3944 0.128992
f 988/988/988 989/989/989 990/990/990
v -0.169363 0.09207 0.009956
v -0.226116 0.09207 0.009956
v -0.226116 0.054895 0.009956
vn 0 0 1
vn 0 0 1
vn 0 0 1
vt 0.093189 0.210737
vt 0.049656 0.210998
vt 0.049589 0.128219
f 991/991/991 992/992/992 993/993/993
v -0.151657 0.144021 -0.044689
v -0.150868 0.144021 -0.044689
v -0.150868 0.129806 -0.044689
vn 0 0 -1
vn 0 0 -1
vn 0 0 -1
vt 0.725962 0.442196
vt 0.725315 0.442186
vt 0.725493 0.39945
f 994/994/994 995/995/995 996/996/996
v -0.090578 0.130524 -0.029795
v 0.085027 0.130524 -0.029795
v 0.085027 0.129371 -0.029795
vn 0 0 -1
vn 0 0 -1
vn 0 0 -1
vt 0.557251 0.358542
vt 0.563002 0.359249
vt 0.56302 0.359491
f 997/997/997 998/998/998 999/999/999
v -0.090578 0.177032 -0.029795
v 0.085027 0.177032 -0.029795
v 0.085027 0.144738 -0.029795
vn 0 0 -1
vn 0 0 -1
vn 0 0 -1
vt 0.558347 0.353428
vt 0.561985 0.354468
vt 0.562721 0.357397
f 1000/1000/1000 1001/1001/1001 1002/1002/1002
v -0.090578 0.144738 -0.029795
v 0.085027 0.144738 -0.029795
v 0.085027 0.130524 -0.029795
vn 0 0 -1
vn 0 0 -1
vn 0 0 -1
vt 0.557575 0.356742
vt 0.562721 0.357397
vt 0.563002 0.359249
f 1003/1003/1003 1004/1004/1004 1005/1005/1005
v 0.084893 0.118045 -0.029753
v -0.090652 0.118045 -0.029753
v -0.090578 0.129371 -0.029795
vn 0 -0.00370833 -0.999993
vn 0 -0.00370833 -0.999993
vn 0 -0.00370833 -0.999993
vt 0.563371 0.361358
vt 0.556862 0.360524
vt 0.557227 0.358778
f 1006/1006/1006 1007/1007/1007 1008/1008/1008
v -0.090578 0.129282 -0.031643
v -0.090578 0.130434 -0.031643
v -0.090578 0.129371 -0.029795
vn 1 0 0
vn 1 0 0
vn 1 0 0
vt 0.556626 0.357508
vt 0.556673 0.357346
vt 0.557227 0.358778
f 1009/1009/1009 1010/1010/1010 1011/1011/1011
v 0.085027 0.129371 -0.029795
v 0.085027 0.129282 -0.031643
v 0.084893 0.118045 -0.029753
vn -0.99993 0.0118281 -0.000569675
vn -0.99993 0.0118281 -0.000569675
vn -0.99993 0.0118281 -0.000569675
vt 0.56302 0.359491
vt 0.563654 0.358308
vt 0.563371 0.361358
f 1012/1012/1012 1013/1013/1013 1014/1014/1014
v -0.090578 0.176943 -0.031643
v 0.085027 0.176943 -0.031643
v 0.085027 0.177032 -0.029795
vn 0 -0.998843 0.0480989
vn 0 -0.998843 0.0480989
vn 0 -0.998843 0.0480989
vt 0.558104 0.352303
vt 0.562249 0.353189
vt 0.561985 0.354468
f 1015/1015/1015 1016/1016/1016 1017/1017/1017
v -0.090578 0.128653 -0.044689
v -0.090578 0.129282 -0.031643
v -0.090652 0.118045 -0.029753
vn 0.999979 -0.0065322 0.00031494
vn 0.999979 -0.0065322 0.00031494
vn 0.999979 -0.0065322 0.00031494
vt 0.553273 0.347936
vt 0.556626 0.357508
vt 0.556862 0.360524
f 1018/1018/1018 1019/1019/1019 1020/1020/1020
v 0.085027 0.130434 -0.031643
v 0.085027 0.129282 -0.031643
v 0.085027 0.129371 -0.029795
vn -1 0 -0
vn -1 0 -0
vn -1 0 -0
vt 0.563608 0.358135
vt 0.563654 0.358308
vt 0.56302 0.359491
f 1021/1021/1021 1022/1022/1022 1023/1023/1023
v 0.085027 0.176314 -0.044689
v 0.085027 0.144021 -0.044689
v 0.085027 0.144649 -0.031643
vn -1 0 -0
vn -1 0 -0
vn -1 0 -0
vt 0.565043 0.341568
vt 0.566672 0.346596
vt 0.563191 0.356448
f 1024/1024/1024 1025/1025/1025 1026/1026/1026
v -0.090578 0.144021 -0.044689
v -0.090578 0.176314 -0.044689
v -0.090578 0.144649 -0.031643
vn 1 0 0
vn 1 0 0
vn 1 0 0
vt 0.553916 0.345982
vt 0.555531 0.341568
vt 0.557107 0.355714
f 1027/1027/1027 1028/1028/1028 1029/1029/1029
v 0.085027 0.144021 -0.044689
v 0.085027 0.129806 -0.044689
v 0.085027 0.130434 -0.031643
vn -1 0 -0
vn -1 0 -0
vn -1 0 -0
vt 0.566672 0.346596
vt 0.567255 0.348551
vt 0.563608 0.358135
f 1030/1030/1030 1031/1031/1031 1032/1032/1032
v -0.090578 0.129806 -0.044689
v -0.090578 0.144021 -0.044689
v -0.090578 0.130434 -0.031643
vn 1 0 0
vn 1 0 0
vn 1 0 0
vt 0.553331 0.347764
vt 0.553916 0.345982
vt 0.556673 0.357346
f 1033/1033/1033 1034/1034/1034 1035/1035/1035
v -0.090578 0.128653 -0.044689
v -0.090578 0.129806 -0.044689
v -0.090578 0.129282 -0.031643
vn 1 0 0
vn 1 0 0
vn 1 0 0
vt 0.553273 0.347936
vt 0.553331 0.347764
vt 0.556626 0.357508
f 1036/1036/1036 1037/1037/1037 1038/1038/1038
v -0.090578 0.176314 -0.044689
v 0.085027 0.176314 -0.044689
v 0.085027 0.176943 -0.031643
vn 0 -0.99884 0.0481587
vn 0 -0.99884 0.0481587
vn 0 -0.99884 0.0481587
vt 0.555531 0.341568
vt 0.565043 0.341568
vt 0.562249 0.353189
f 1039/1039/1039 1040/1040/1040 1041/1041/1041
v 0.085027 0.129806 -0.044689
v 0.085027 0.128653 -0.044689
v 0.085027 0.129282 -0.031643
vn -1 0 -0
vn -1 0 -0
vn -1 0 -0
vt 0.567255 0.348551
vt 0.567313 0.348738
vt 0.563654 0.358308
f 1042/1042/1042 1043/1043/1043 1044/1044/1044
v 0.085027 0.128653 -0.044689
v 0.084893 0.118045 -0.029753
v 0.085027 0.129282 -0.031643
vn -0.99993 0.011828 -0.00057027
vn -0.99993 0.011828 -0.00057027
vn -0.99993 0.011828 -0.00057027
vt 0.567313 0.348738
vt 0.563371 0.361358
vt 0.563654 0.358308
f 1045/1045/1045 1046/1046/1046 1047/1047/1047
v -0.090578 0.129371 -0.029795
v -0.090652 0.118045 -0.029753
v -0.090578 0.129282 -0.031643
vn 0.999979 -0.00653226 0.000314611
vn 0.999979 -0.00653226 0.000314611
vn 0.999979 -0.00653226 0.000314611
vt 0.557227 0.358778
vt 0.556862 0.360524
vt 0.556626 0.357508
f 1048/1048/1048 1049/1049/1049 1050/1050/1050
v -0.16227 0.118045 -0.029753
v -0.16227 0.119454 -0.029753
v -0.151657 0.128653 -0.044689
vn -0.815166 -0 -0.579228
vn -0.815166 -0 -0.579228
vn -0.815166 -0 -0.579228
vt 0.734746 0.38404
vt 0.734745 0.386859
vt 0.727676 0.395559
f 1051/1051/1051 1052/1052/1052 1053/1053/1053
v 0.150088 0.128653 -0.044689
v 0.150088 0.129806 -0.044689
v 0.150879 0.128653 -0.044689
vn -0 -0 -1
vn -0 -0 -1
vn -0 -0 -1
vt 0.540776 0.395104
vt 0.540735 0.398467
vt 0.540162 0.395039
f 1054/1054/1054 1055/1055/1055 1056/1056/1056
v 0.227111 0.051881 -0.000366
v 0.227111 0.054891 -0.000366
v 0.227111 0.051881 0.009956
vn 1 0 0
vn 1 0 0
vn 1 0 0
vt 0.419196 0.083797
vt 0.419196 0.09105
vt 0.411497 0.083797
f 1057/1057/1057 1058/1058/1058 1059/1059/1059
v -0.226116 0.051881 0.009956
v -0.226116 0.054895 0.009956
v -0.227889 0.051881 0.009956
vn -0 0 1
vn -0 0 1
vn -0 0 1
vt 0.049631 0.12066
vt 0.049589 0.128219
vt 0.048204 0.120609
f 1060/1060/1060 1061/1061/1061 1062/1062/1062
v 0.161491 0.118045 -0.029753
v 0.160572 0.118045 -0.029753
v 0.150879 0.128653 -0.044689
vn 0 -0.815294 -0.579047
vn 0 -0.815294 -0.579047
vn 0 -0.815294 -0.579047
vt 0.531155 0.372394
vt 0.531287 0.372399
vt 0.538605 0.391057
f 1063/1063/1063 1064/1064/1064 1065/1065/1065
v -0.16227 0.339339 -0.029753
v -0.161342 0.339339 -0.029753
v -0.151657 0.328731 -0.044689
vn 0 0.815295 -0.579046
vn 0 0.815295 -0.579046
vn 0 0.815295 -0.579046
vt 0.732969 0.785938
vt 0.732076 0.785943
vt 0.728175 0.767581
f 1066/1066/1066 1067/1067/1067 1068/1068/1068
v -0.188616 0.091842 -0.030059
v -0.188616 0.093884 -0.030059
v -0.16227 0.118045 -0.029753
vn 0.0116139 0 -0.999933
vn 0.0116139 0 -0.999933
vn 0.0116139 0 -0.999933
vt 0.743778 0.359226
vt 0.743778 0.362507
vt 0.734745 0.384595
f 1069/1069/1069 1070/1070/1070 1071/1071/1071
v 0.161491 0.119454 -0.029753
v 0.161491 0.118045 -0.029753
v 0.150879 0.128653 -0.044689
vn 0.815191 0 -0.579192
vn 0.815191 0 -0.579192
vn 0.815191 0 -0.579192
vt 0.527749 0.376269
vt 0.527748 0.373212
vt 0.537569 0.392023
f 1072/1072/1072 1073/1073/1073 1074/1074/1074
v 0.187837 0.091842 -0.030059
v 0.186602 0.091842 -0.030059
v 0.161491 0.118045 -0.029753
vn 0 0.0116773 -0.999932
vn 0 0.0116773 -0.999932
vn 0 0.0116773 -0.999932
vt 0.509728 0.327105
vt 0.509861 0.327074
vt 0.531155 0.372394
f 1075/1075/1075 1076/1076/1076 1077/1077/1077
v -0.188616 0.365542 -0.030059
v -0.187349 0.365542 -0.030059
v -0.16227 0.339339 -0.029753
vn -0 -0.0116773 -0.999932
vn -0 -0.0116773 -0.999932
vn -0 -0.0116773 -0.999932
vt 0.74881 0.812268
vt 0.747896 0.812311
vt 0.732969 0.785938
f 1078/1078/1078 1079/1079/1079 1080/1080/1080
v 0.187837 0.093886 -0.030059
v 0.187837 0.091842 -0.030059
v 0.161491 0.118045 -0.029753
vn -0.0116139 0 -0.999933
vn -0.0116139 0 -0.999933
vn -0.0116139 0 -0.999933
vt 0.519812 0.356466
vt 0.519812 0.352906
vt 0.527749 0.373815
f 1081/1081/1081 1082/1082/1082 1083/1083/1083
v -0.206069 0.074242 -0.025745
v -0.206069 0.076709 -0.025745
v -0.188616 0.091842 -0.030059
vn -0.239956 -0 -0.970784
vn -0.239956 -0 -0.970784
vn -0.239956 -0 -0.970784
vt 0.753351 0.328075
vt 0.753351 0.33204
vt 0.743778 0.359226
f 1084/1084/1084 1085/1085/1085 1086/1086/1086
v 0.20529 0.074242 -0.025745
v 0.203846 0.074242 -0.025745
v 0.187837 0.091842 -0.030059
vn 0 -0.238066 -0.971249
vn 0 -0.238066 -0.971249
vn 0 -0.238066 -0.971249
vt 0.499163 0.300372
vt 0.499317 0.300362
vt 0.509728 0.327105
f 1087/1087/1087 1088/1088/1088 1089/1089/1089
v -0.206069 0.383143 -0.025745
v -0.204578 0.383143 -0.025745
v -0.188616 0.365542 -0.030059
vn 0 0.238053 -0.971252
vn 0 0.238053 -0.971252
vn 0 0.238053 -0.971252
vt 0.758413 0.851266
vt 0.757358 0.851285
vt 0.74881 0.812268
f 1090/1090/1090 1091/1091/1091 1092/1092/1092
v 0.20529 0.076711 -0.025745
v 0.20529 0.074242 -0.025745
v 0.187837 0.091842 -0.030059
vn 0.239956 0 -0.970784
vn 0.239956 0 -0.970784
vn 0.239956 0 -0.970784
vt 0.505518 0.321272
vt 0.505518 0.31697
vt 0.519812 0.352906
f 1093/1093/1093 1094/1094/1094 1095/1095/1095
v -0.218248 0.061429 -0.016932
v -0.218248 0.064205 -0.016932
v -0.206069 0.074242 -0.025745
vn -0.586236 -0 -0.81014
vn -0.586236 -0 -0.81014
vn -0.586236 -0 -0.81014
vt 0.760627 0.301986
vt 0.760627 0.306448
vt 0.753351 0.328075
f 1096/1096/1096 1097/1097/1097 1098/1098/1098
v 0.217469 0.061429 -0.016932
v 0.21588 0.061429 -0.016932
v 0.20529 0.074242 -0.025745
vn 0 -0.566706 -0.82392
vn 0 -0.566706 -0.82392
vn 0 -0.566706 -0.82392
vt 0.493588 0.278004
vt 0.493757 0.278002
vt 0.499163 0.300372
f 1099/1099/1099 1100/1100/1100 1101/1101/1101
v -0.218248 0.395956 -0.016932
v -0.216598 0.395956 -0.016932
v -0.206069 0.383143 -0.025745
vn 0 0.566706 -0.82392
vn 0 0.566706 -0.82392
vn 0 0.566706 -0.82392
vt 0.763308 0.877293
vt 0.762152 0.8773
vt 0.758413 0.851266
f 1102/1102/1102 1103/1103/1103 1104/1104/1104
v 0.227111 0.054891 -0.000366
v 0.227111 0.051881 -0.000366
v 0.223997 0.054917 -0.008422
vn 0.932742 0 -0.360546
vn 0.932742 0 -0.360546
vn 0.932742 0 -0.360546
vt 0.488947 0.273421
vt 0.488947 0.268177
vt 0.492318 0.274825
f 1105/1105/1105 1106/1106/1106 1107/1107/1107
v -0.227889 0.054893 -0.000366
v -0.227889 0.051881 -0.000366
v -0.227889 0.051881 0.009956
vn -1 0 0
vn -1 0 0
vn -1 0 0
vt 0.027107 0.089408
vt 0.027107 0.081882
vt 0.035294 0.081882
f 1108/1108/1108 1109/1109/1109 1110/1110/1110
v 0.227111 0.051881 0.009956
v 0.225406 0.051881 0.009956
v 0.227111 0.051881 -0.000366
vn 0 -1 0
vn 0 -1 0
vn 0 -1 0
vt 0.283897 0.907386
vt 0.283463 0.907386
vt 0.283897 0.841632
f 1111/1111/1111 1112/1112/1112 1113/1113/1113
v -0.227889 0.405503 0.009956
v -0.226114 0.405503 0.009956
v -0.227889 0.405503 -0.000366
vn 0 1 -0
vn 0 1 -0
vn 0 1 -0
vt 0.162365 0.833132
vt 0.162861 0.833132
vt 0.162365 0.905296
f 1114/1114/1114 1115/1115/1115 1116/1116/1116
v -0.224776 0.054917 -0.008422
v -0.224776 0.057851 -0.008422
v -0.218248 0.061429 -0.016932
vn -0.793441 -0 -0.608647
vn -0.793441 -0 -0.608647
vn -0.793441 -0 -0.608647
vt 0.767307 0.290527
vt 0.767308 0.295241
vt 0.760627 0.301986
f 1117/1117/1117 1118/1118/1118 1119/1119/1119
v 0.223997 0.054917 -0.008422
v 0.222329 0.054917 -0.008422
v 0.217469 0.061429 -0.016932
vn 0 -0.794162 -0.607706
vn 0 -0.794162 -0.607706
vn 0 -0.794162 -0.607706
vt 0.490634 0.271539
vt 0.490811 0.271539
vt 0.493588 0.278004
f 1120/1120/1120 1121/1121/1121 1122/1122/1122
v -0.224776 0.402467 -0.008422
v -0.223042 0.402467 -0.008422
v -0.218248 0.395956 -0.016932
vn 0 0.794207 -0.607648
vn 0 0.794207 -0.607648
vn 0 0.794207 -0.607648
vt 0.768196 0.895555
vt 0.766987 0.895558
vt 0.763308 0.877293
f 1123/1123/1123 1124/1124/1124 1125/1125/1125
v 0.217469 0.064206 -0.016932
v 0.217469 0.061429 -0.016932
v 0.20529 0.074242 -0.025745
vn 0.586236 0 -0.81014
vn 0.586236 0 -0.81014
vn 0.586236 0 -0.81014
vt 0.500234 0.29385
vt 0.500235 0.28901
vt 0.505518 0.31697
f 1126/1126/1126 1127/1127/1127 1128/1128/1128
v 0.223997 0.057853 -0.008422
v 0.223997 0.054917 -0.008422
v 0.217469 0.061429 -0.016932
vn 0.793442 0 -0.608646
vn 0.793442 0 -0.608646
vn 0.793442 0 -0.608646
vt 0.492114 0.27994
vt 0.492318 0.274825
vt 0.500235 0.28901
f 1129/1129/1129 1130/1130/1130 1131/1131/1131
v -0.227889 0.051881 -0.000366
v -0.227889 0.054893 -0.000366
v -0.224776 0.054917 -0.008422
vn -0.93278 -0 -0.360445
vn -0.93278 -0 -0.360445
vn -0.93278 -0 -0.360445
vt 0.76949 0.270354
vt 0.76949 0.275195
vt 0.767307 0.290527
f 1132/1132/1132 1133/1133/1133 1134/1134/1134
v 0.227111 0.051881 -0.000366
v 0.225405 0.051881 -0.000366
v 0.223997 0.054917 -0.008422
vn 0 -0.935755 -0.35265
vn 0 -0.935755 -0.35265
vn 0 -0.935755 -0.35265
vt 0.489136 0.268121
vt 0.489317 0.268121
vt 0.490634 0.271539
f 1135/1135/1135 1136/1136/1136 1137/1137/1137
v -0.227889 0.405503 -0.000366
v -0.226115 0.405503 -0.000366
v -0.224776 0.402467 -0.008422
vn 0 0.935755 -0.35265
vn 0 0.935755 -0.35265
vn 0 0.935755 -0.35265
vt 0.770812 0.903018
vt 0.769577 0.90302
vt 0.768196 0.895555
f 1138/1138/1138 1139/1139/1139 1140/1140/1140
v -0.151657 0.302348 -0.044689
v -0.151657 0.176314 -0.044689
v -0.16227 0.176301 -0.029753
vn -0.815166 0 -0.579228
vn -0.815166 0 -0.579228
vn -0.815166 0 -0.579228
vt 0.728152 0.69752
vt 0.728152 0.494975
vt 0.735937 0.494375
f 1141/1141/1141 1142/1142/1142 1143/1143/1143
v 0.150088 0.176314 -0.044689
v 0.150088 0.302348 -0.044689
v 0.150879 0.176314 -0.044689
vn -0 -0 -1
vn -0 -0 -1
vn -0 -0 -1
vt 0.54081 0.493591
vt 0.541083 0.698083
vt 0.540021 0.493579
f 1144/1144/1144 1145/1145/1145 1146/1146/1146
v 0.227111 0.176347 -0.000366
v 0.227111 0.365837 -0.000366
v 0.227111 0.176524 0.009956
vn 1 0 0
vn 1 0 0
vn 1 0 0
vt 0.418687 0.435597
vt 0.419267 0.849474
vt 0.410989 0.436023
f 1147/1147/1147 1148/1148/1148 1149/1149/1149
v -0.226116 0.176524 0.009956
v -0.226115 0.365868 0.009956
v -0.227889 0.176524 0.009956
vn -0 0 1
vn -0 0 1
vn -0 0 1
vt 0.05017 0.428389
vt 0.050318 0.82158
vt 0.048314 0.428496
f 1150/1150/1150 1151/1151/1151 1152/1152/1152
v -0.16227 0.311118 -0.029753
v -0.16227 0.176301 -0.029753
v -0.188616 0.176262 -0.030059
vn 0.0116139 0 -0.999933
vn 0.0116139 0 -0.999933
vn 0.0116139 0 -0.999933
vt 0.735062 0.715453
vt 0.735937 0.494375
vt 0.743778 0.494893
f 1153/1153/1153 1154/1154/1154 1155/1155/1155
v 0.150879 0.176314 -0.044689
v 0.150879 0.302348 -0.044689
v 0.161491 0.17629 -0.029753
vn 0.815191 0 -0.579192
vn 0.815191 0 -0.579192
vn 0.815191 0 -0.579192
vt 0.537486 0.483499
vt 0.53926 0.715757
vt 0.527151 0.481538
f 1156/1156/1156 1157/1157/1157 1158/1158/1158
v 0.161491 0.17629 -0.029753
v 0.161491 0.311116 -0.029753
v 0.187837 0.17634 -0.030059
vn -0.0116139 -0 -0.999933
vn -0.0116139 -0 -0.999933
vn -0.0116139 -0 -0.999933
vt 0.527151 0.481538
vt 0.527576 0.739178
vt 0.519334 0.483473
f 1159/1159/1159 1160/1160/1160 1161/1161/1161
v -0.188616 0.332778 -0.030059
v -0.188616 0.176262 -0.030059
v -0.206069 0.176266 -0.025745
vn -0.239956 0 -0.970784
vn -0.239956 0 -0.970784
vn -0.239956 0 -0.970784
vt 0.745654 0.742056
vt 0.743778 0.494893
vt 0.75287 0.494899
f 1162/1162/1162 1163/1163/1163 1164/1164/1164
v 0.187837 0.17634 -0.030059
v 0.187837 0.332792 -0.030059
v 0.20529 0.176344 -0.025745
vn 0.239956 0 -0.970784
vn 0.239956 0 -0.970784
vn 0.239956 0 -0.970784
vt 0.519334 0.483473
vt 0.519637 0.756084
vt 0.507486 0.483462
f 1165/1165/1165 1166/1166/1166 1167/1167/1167
v -0.206069 0.347333 -0.025745
v -0.206069 0.176266 -0.025745
v -0.218248 0.176226 -0.016932
vn -0.586236 0 -0.81014
vn -0.586236 0 -0.81014
vn -0.586236 0 -0.81014
vt 0.753419 0.771511
vt 0.75287 0.494899
vt 0.760584 0.494836
f 1168/1168/1168 1169/1169/1169 1170/1170/1170
v 0.223997 0.176314 -0.008422
v 0.223997 0.363321 -0.008422
v 0.227111 0.176347 -0.000366
vn 0.932742 0 -0.360546
vn 0.932742 0 -0.360546
vn 0.932742 0 -0.360546
vt 0.492423 0.483398
vt 0.492248 0.807933
vt 0.489744 0.483368
f 1171/1171/1171 1172/1172/1172 1173/1173/1173
v -0.227889 0.365854 -0.000366
v -0.227889 0.176442 -0.000366
v -0.227889 0.176524 0.009956
vn -1 0 -0
vn -1 0 -0
vn -1 0 -0
vt 0.02683 0.850019
vt 0.026993 0.377733
vt 0.035179 0.377939
f 1174/1174/1174 1175/1175/1175 1176/1176/1176
v -0.218248 0.357921 -0.016932
v -0.218248 0.176226 -0.016932
v -0.224776 0.176232 -0.008422
vn -0.793441 0 -0.608647
vn -0.793441 0 -0.608647
vn -0.793441 0 -0.608647
vt 0.760251 0.794983
vt 0.760584 0.494836
vt 0.766377 0.496009
f 1177/1177/1177 1178/1178/1178 1179/1179/1179
v 0.20529 0.176344 -0.025745
v 0.20529 0.347347 -0.025745
v 0.217469 0.176283 -0.016932
vn 0.586236 0 -0.81014
vn 0.586236 0 -0.81014
vn 0.586236 0 -0.81014
vt 0.507486 0.483462
vt 0.508316 0.784403
vt 0.500533 0.483342
f 1180/1180/1180 1181/1181/1181 1182/1182/1182
v 0.217469 0.176283 -0.016932
v 0.217469 0.357931 -0.016932
v 0.223997 0.176314 -0.008422
vn 0.793442 0 -0.608646
vn 0.793442 0 -0.608646
vn 0.793442 0 -0.608646
vt 0.500533 0.483342
vt 0.501084 0.798348
vt 0.492423 0.483398
f 1183/1183/1183 1184/1184/1184 1185/1185/1185
v -0.224776 0.363307 -0.008422
v -0.224776 0.176232 -0.008422
v -0.227889 0.176442 -0.000366
vn -0.93278 0 -0.360445
vn -0.93278 0 -0.360445
vn -0.93278 0 -0.360445
vt 0.767882 0.812459
vt 0.766377 0.496009
vt 0.769967 0.495183
f 1186/1186/1186 1187/1187/1187 1188/1188/1188
v 0.085027 0.177032 -0.029795
v 0.085027 0.176943 -0.031643
v 0.085027 0.144738 -0.029795
vn -1 0 0
vn -1 0 0
vn -1 0 0
vt 0.561985 0.354468
vt 0.562249 0.353189
vt 0.562721 0.357397
f 1189/1189/1189 1190/1190/1190 1191/1191/1191
v 0.170842 0.051881 0.009956
v 0.170841 0.054895 0.009956
v 0.08501 0.051881 0.009956
vn -0 0 1
vn -0 0 1
vn -0 0 1
vt 0.352124 0.121857
vt 0.35212 0.129198
vt 0.286123 0.121891
f 1192/1192/1192 1193/1193/1193 1194/1194/1194
v -0.090578 0.176943 -0.031643
v -0.090578 0.177032 -0.029795
v -0.090578 0.144738 -0.029795
vn 1 -0 0
vn 1 -0 0
vn 1 -0 0
vt 0.558104 0.352303
vt 0.558347 0.353428
vt 0.557575 0.356742
f 1195/1195/1195 1196/1196/1196 1197/1197/1197
v 0.124803 0.328731 -0.044689
v 0.085027 0.328731 -0.044689
v 0.085015 0.339339 -0.029753
vn 0 0.815295 -0.579046
vn 0 0.815295 -0.579046
vn 0 0.815295 -0.579046
vt 0.554943 0.767648
vt 0.575082 0.767601
vt 0.575022 0.787022
f 1198/1198/1198 1199/1199/1199 1200/1200/1200
v 0.084921 0.091842 -0.030059
v -0.090599 0.091842 -0.030059
v 0.084893 0.118045 -0.029753
vn 0 0.0116773 -0.999932
vn 0 0.0116773 -0.999932
vn 0 0.0116773 -0.999932
vt 0.573853 0.356973
vt 0.690269 0.356973
vt 0.573872 0.367895
f 1201/1201/1201 1202/1202/1202 1203/1203/1203
v 0.131209 0.339339 -0.029753
v 0.085015 0.339339 -0.029753
v 0.085053 0.365542 -0.030059
vn 0 -0.0116773 -0.999932
vn 0 -0.0116773 -0.999932
vn 0 -0.0116773 -0.999932
vt 0.545001 0.786503
vt 0.575022 0.787022
vt 0.575108 0.80934
f 1204/1204/1204 1205/1205/1205 1206/1206/1206
v 0.084924 0.074242 -0.025745
v -0.090599 0.074242 -0.025745
v 0.084921 0.091842 -0.030059
vn 0 -0.238066 -0.971249
vn 0 -0.238066 -0.971249
vn 0 -0.238066 -0.971249
vt 0.573851 0.342993
vt 0.690269 0.342993
vt 0.573853 0.356973
f 1207/1207/1207 1208/1208/1208 1209/1209/1209
v 0.147137 0.365542 -0.030059
v 0.085053 0.365542 -0.030059
v 0.085059 0.383143 -0.025745
vn 0 0.238053 -0.971252
vn 0 0.238053 -0.971252
vn 0 0.238053 -0.971252
vt 0.537677 0.809579
vt 0.575108 0.80934
vt 0.575349 0.846733
f 1210/1210/1210 1211/1211/1211 1212/1212/1212
v 0.085044 0.061429 -0.016932
v -0.090655 0.061429 -0.016932
v 0.084924 0.074242 -0.025745
vn 0 -0.566706 -0.82392
vn 0 -0.566706 -0.82392
vn 0 -0.566706 -0.82392
vt 0.573772 0.318082
vt 0.690307 0.318082
vt 0.573851 0.342993
f 1213/1213/1213 1214/1214/1214 1215/1215/1215
v 0.157682 0.383143 -0.025745
v 0.085059 0.383143 -0.025745
v 0.085061 0.395956 -0.016932
vn 0 0.566706 -0.82392
vn 0 0.566706 -0.82392
vn 0 0.566706 -0.82392
vt 0.533543 0.846588
vt 0.575349 0.846733
vt 0.575112 0.877271
f 1216/1216/1216 1217/1217/1217 1218/1218/1218
v 0.08501 0.051881 0.009956
v -0.090669 0.051881 0.009956
v 0.084988 0.051881 -0.000366
vn 0 -1 0
vn 0 -1 0
vn 0 -1 0
vt 0.247706 0.907386
vt 0.202964 0.907386
vt 0.2477 0.841633
f 1219/1219/1219 1220/1220/1220 1221/1221/1221
v 0.084984 0.405503 0.009956
v 0.170832 0.405503 0.009956
v 0.085086 0.405503 -0.000366
vn 0 1 -0
vn 0 1 -0
vn 0 1 -0
vt 0.249818 0.833131
vt 0.273814 0.833131
vt 0.249847 0.905296
f 1222/1222/1222 1223/1223/1223 1224/1224/1224
v -0.090655 0.061429 -0.016932
v 0.085044 0.061429 -0.016932
v 0.084973 0.054917 -0.008422
vn -0 -0.794162 -0.607707
vn -0 -0.794162 -0.607707
vn -0 -0.794162 -0.607707
vt 0.690307 0.318082
vt 0.573772 0.318082
vt 0.573818 0.294429
f 1225/1225/1225 1226/1226/1226 1227/1227/1227
v 0.165039 0.395956 -0.016932
v 0.085061 0.395956 -0.016932
v 0.085065 0.402467 -0.008422
vn 0 0.794207 -0.607648
vn 0 0.794207 -0.607648
vn 0 0.794207 -0.607648
vt 0.529647 0.876648
vt 0.575112 0.877271
vt 0.575089 0.8956
f 1228/1228/1228 1229/1229/1229 1230/1230/1230
v 0.084988 0.051881 -0.000366
v -0.090667 0.051881 -0.000366
v 0.084973 0.054917 -0.008422
vn 0 -0.935755 -0.35265
vn 0 -0.935755 -0.35265
vn 0 -0.935755 -0.35265
vt 0.573809 0.272151
vt 0.690314 0.272151
vt 0.573818 0.294429
f 1231/1231/1231 1232/1232/1232 1233/1233/1233
v 0.168984 0.402467 -0.008422
v 0.085065 0.402467 -0.008422
v 0.085086 0.405503 -0.000366
vn 0 0.935755 -0.35265
vn 0 0.935755 -0.35265
vn 0 0.935755 -0.35265
vt 0.528193 0.895912
vt 0.575089 0.8956
vt 0.574329 0.902833
f 1234/1234/1234 1235/1235/1235 1236/1236/1236
v -0.090578 0.176314 -0.044689
v -0.090578 0.302348 -0.044689
v 0.085027 0.176314 -0.044689
vn -0 -0 -1
vn -0 -0 -1
vn -0 -0 -1
vt 0.689637 0.495093
vt 0.689757 0.696579
vt 0.577389 0.494761
f 1237/1237/1237 1238/1238/1238 1239/1239/1239
v -0.090594 0.365868 0.004137
v -0.090594 0.365868 0.00474
v -0.169323 0.365868 0.004137
vn 0 -1 0
vn 0 -1 0
vn 0 -1 0
vt 0.140846 0.894113
vt 0.140797 0.8946
vt 0.138331 0.892077
f 1240/1240/1240 1241/1241/1241 1242/1242/1242
v 0.08501 0.051881 0.009956
v 0.085006 0.054895 0.009956
v -0.090669 0.051881 0.009956
vn -0 0 1
vn -0 0 1
vn -0 0 1
vt 0.286123 0.121891
vt 0.286111 0.129061
vt 0.153973 0.120125
f 1243/1243/1243 1244/1244/1244 1245/1245/1245
v 0.085027 0.328731 -0.044689
v -0.090578 0.328731 -0.044689
v -0.090511 0.339339 -0.029753
vn 0 0.815295 -0.579046
vn 0 0.815295 -0.579046
vn 0 0.815295 -0.579046
vt 0.575082 0.767601
vt 0.68743 0.768586
vt 0.68731 0.78673
f 1246/1246/1246 1247/1247/1247 1248/1248/1248
v -0.090652 0.365542 -0.030059
v 0.085053 0.365542 -0.030059
v -0.090511 0.339339 -0.029753
vn -0 -0.0116773 -0.999932
vn -0 -0.0116773 -0.999932
vn -0 -0.0116773 -0.999932
vt 0.687243 0.809254
vt 0.575108 0.80934
vt 0.68731 0.78673
f 1249/1249/1249 1250/1250/1250 1251/1251/1251
v -0.09068 0.383143 -0.025745
v 0.085059 0.383143 -0.025745
v -0.090652 0.365542 -0.030059
vn 0 0.238053 -0.971252
vn 0 0.238053 -0.971252
vn 0 0.238053 -0.971252
vt 0.688352 0.849982
vt 0.575349 0.846733
vt 0.687243 0.809254
f 1252/1252/1252 1253/1253/1253 1254/1254/1254
v 0.085059 0.383143 -0.025745
v -0.09068 0.383143 -0.025745
v -0.09062 0.395956 -0.016932
vn 0 0.566706 -0.82392
vn 0 0.566706 -0.82392
vn 0 0.566706 -0.82392
vt 0.575349 0.846733
vt 0.688352 0.849982
vt 0.687837 0.879607
f 1255/1255/1255 1256/1256/1256 1257/1257/1257
v -0.090566 0.405503 0.009956
v 0.084984 0.405503 0.009956
v -0.090624 0.405503 -0.000366
vn 0 1 -0
vn 0 1 -0
vn 0 1 -0
vt 0.200749 0.833131
vt 0.249818 0.833131
vt 0.200733 0.905296
f 1258/1258/1258 1259/1259/1259 1260/1260/1260
v 0.085061 0.395956 -0.016932
v -0.09062 0.395956 -0.016932
v -0.090621 0.402467 -0.008422
vn 0 0.794207 -0.607648
vn 0 0.794207 -0.607648
vn 0 0.794207 -0.607648
vt 0.575112 0.877271
vt 0.687837 0.879607
vt 0.687979 0.895007
f 1261/1261/1261 1262/1262/1262 1263/1263/1263
v 0.085065 0.402467 -0.008422
v -0.090621 0.402467 -0.008422
v -0.090624 0.405503 -0.000366
vn 0 0.935755 -0.35265
vn 0 0.935755 -0.35265
vn 0 0.935755 -0.35265
vt 0.575089 0.8956
vt 0.687979 0.895007
vt 0.687837 0.903218
f 1264/1264/1264 1265/1265/1265 1266/1266/1266
v -0.16938 0.176524 0.004137
v -0.16938 0.176524 0.00474
v -0.169363 0.09207 0.004137
vn 1 0.000201143 0
vn 1 0.000201143 0
vn 1 0.000201143 0
vt 0.137671 0.872844
vt 0.137477 0.872878
vt 0.137447 0.861056
f 1267/1267/1267 1268/1268/1268 1269/1269/1269
v -0.125602 0.128653 -0.044689
v -0.125602 0.129806 -0.044689
v -0.090578 0.128653 -0.044689
vn -0 -0 -1
vn -0 -0 -1
vn -0 -0 -1
vt 0.710205 0.395513
vt 0.710278 0.39891
vt 0.689634 0.395322
f 1270/1270/1270 1271/1271/1271 1272/1272/1272
v -0.125602 0.128653 -0.044689
v -0.090578 0.128653 -0.044689
v -0.090652 0.118045 -0.029753
vn -0 -0.815294 -0.579047
vn -0 -0.815294 -0.579047
vn -0 -0.815294 -0.579047
vt 0.716137 0.393564
vt 0.690036 0.393723
vt 0.689969 0.362612
f 1273/1273/1273 1274/1274/1274 1275/1275/1275
v -0.13172 0.118045 -0.029753
v -0.090652 0.118045 -0.029753
v -0.090599 0.091842 -0.030059
vn 0 0.0116773 -0.999932
vn 0 0.0116773 -0.999932
vn 0 0.0116773 -0.999932
vt 0.719556 0.358015
vt 0.689969 0.362612
vt 0.689989 0.33666
f 1276/1276/1276 1277/1277/1277 1278/1278/1278
v -0.146804 0.091842 -0.030059
v -0.090599 0.091842 -0.030059
v -0.090599 0.074242 -0.025745
vn -0 -0.238066 -0.971249
vn -0 -0.238066 -0.971249
vn -0 -0.238066 -0.971249
vt 0.726411 0.336048
vt 0.689989 0.33666
vt 0.69003 0.304946
f 1279/1279/1279 1280/1280/1280 1281/1281/1281
v -0.156813 0.074242 -0.025745
v -0.090599 0.074242 -0.025745
v -0.090655 0.061429 -0.016932
vn -0 -0.566706 -0.82392
vn -0 -0.566706 -0.82392
vn -0 -0.566706 -0.82392
vt 0.731892 0.305155
vt 0.69003 0.304946
vt 0.69013 0.280759
f 1282/1282/1282 1283/1283/1283 1284/1284/1284
v -0.169354 0.051881 -0.000366
v -0.090667 0.051881 -0.000366
v -0.090669 0.051881 0.009956
vn -0 -1 -0
vn -0 -1 -0
vn -0 -1 -0
vt 0.182924 0.841633
vt 0.202964 0.841633
vt 0.202964 0.907386
f 1285/1285/1285 1286/1286/1286 1287/1287/1287
v -0.16382 0.061429 -0.016932
v -0.090655 0.061429 -0.016932
v -0.090678 0.054917 -0.008422
vn -0 -0.794162 -0.607707
vn -0 -0.794162 -0.607707
vn -0 -0.794162 -0.607707
vt 0.734596 0.280285
vt 0.69013 0.280759
vt 0.689759 0.27512
f 1288/1288/1288 1289/1289/1289 1290/1290/1290
v -0.167574 0.054917 -0.008422
v -0.090678 0.054917 -0.008422
v -0.090667 0.051881 -0.000366
vn -0 -0.935755 -0.35265
vn -0 -0.935755 -0.35265
vn -0 -0.935755 -0.35265
vt 0.736757 0.274823
vt 0.689759 0.27512
vt 0.689655 0.267204
f 1291/1291/1291 1292/1292/1292 1293/1293/1293
v -0.125602 0.176314 -0.044689
v -0.125602 0.302348 -0.044689
v -0.090578 0.176314 -0.044689
vn -0 -0 -1
vn -0 -0 -1
vn -0 -0 -1
vt 0.710316 0.495223
vt 0.710104 0.696425
vt 0.689637 0.495093
f 1294/1294/1294 1295/1295/1295 1296/1296/1296
v -0.090669 0.051881 0.009956
v -0.090671 0.054895 0.009956
v -0.169355 0.051881 0.009956
vn -0 0 1
vn -0 0 1
vn -0 0 1
vt 0.153973 0.120125
vt 0.154137 0.127914
vt 0.093289 0.120612
f 1297/1297/1297 1298/1298/1298 1299/1299/1299
v -0.13166 0.339339 -0.029753
v -0.090511 0.339339 -0.029753
v -0.125602 0.328731 -0.044689
vn 0 0.815295 -0.579046
vn 0 0.815295 -0.579046
vn 0 0.815295 -0.579046
vt 0.71778 0.786161
vt 0.68731 0.78673
vt 0.711981 0.767625
f 1300/1300/1300 1301/1301/1301 1302/1302/1302
v -0.146827 0.365542 -0.030059
v -0.090652 0.365542 -0.030059
v -0.13166 0.339339 -0.029753
vn -0 -0.0116773 -0.999932
vn -0 -0.0116773 -0.999932
vn -0 -0.0116773 -0.999932
vt 0.724167 0.812038
vt 0.687243 0.809254
vt 0.71778 0.786161
f 1303/1303/1303 1304/1304/1304 1305/1305/1305
v -0.156847 0.383143 -0.025745
v -0.09068 0.383143 -0.025745
v -0.146827 0.365542 -0.030059
vn 0 0.238053 -0.971252
vn 0 0.238053 -0.971252
vn 0 0.238053 -0.971252
vt 0.730081 0.851997
vt 0.688352 0.849982
vt 0.724167 0.812038
f 1306/1306/1306 1307/1307/1307 1308/1308/1308
v -0.163805 0.395956 -0.016932
v -0.09062 0.395956 -0.016932
v -0.156847 0.383143 -0.025745
vn 0 0.566706 -0.82392
vn 0 0.566706 -0.82392
vn 0 0.566706 -0.82392
vt 0.733148 0.879129
vt 0.687837 0.879607
vt 0.730081 0.851997
f 1309/1309/1309 1310/1310/1310 1311/1311/1311
v -0.090624 0.405503 -0.000366
v -0.169336 0.405503 -0.000366
v -0.169311 0.405503 0.009956
vn -0 1 0
vn -0 1 0
vn -0 1 0
vt 0.200733 0.905296
vt 0.178732 0.905296
vt 0.178739 0.833131
f 1312/1312/1312 1313/1313/1313 1314/1314/1314
v -0.167549 0.402467 -0.008422
v -0.090621 0.402467 -0.008422
v -0.163805 0.395956 -0.016932
vn 0 0.794207 -0.607648
vn 0 0.794207 -0.607648
vn 0 0.794207 -0.607648
vt 0.733885 0.897054
vt 0.687979 0.895007
vt 0.733148 0.879129
f 1315/1315/1315 1316/1316/1316 1317/1317/1317
v -0.169336 0.405503 -0.000366
v -0.090624 0.405503 -0.000366
v -0.167549 0.402467 -0.008422
vn 0 0.935755 -0.35265
vn 0 0.935755 -0.35265
vn 0 0.935755 -0.35265
vt 0.734329 0.903513
vt 0.687837 0.903218
vt 0.733885 0.897054
f 1318/1318/1318 1319/1319/1319 1320/1320/1320
v 0.170823 0.09207 0.004137
v 0.170823 0.09207 0.00474
v 0.170781 0.176524 0.004137
vn -1 -0.000497211 -0
vn -1 -0.000497211 -0
vn -1 -0.000497211 -0
vt 0.152236 0.861684
vt 0.152419 0.861284
vt 0.152868 0.873683
f 1321/1321/1321 1322/1322/1322 1323/1323/1323
v -0.150868 0.128653 -0.044689
v -0.150868 0.129806 -0.044689
v -0.125602 0.128653 -0.044689
vn -0 -0 -1
vn -0 -0 -1
vn -0 -0 -1
vt 0.725436 0.395998
vt 0.725493 0.39945
vt 0.710205 0.395513
f 1324/1324/1324 1325/1325/1325 1326/1326/1326
v -0.150868 0.128653 -0.044689
v -0.125602 0.128653 -0.044689
v -0.13172 0.118045 -0.029753
vn -0 -0.815294 -0.579047
vn -0 -0.815294 -0.579047
vn -0 -0.815294 -0.579047
vt 0.726463 0.394158
vt 0.716137 0.393564
vt 0.719556 0.358015
f 1327/1327/1327 1328/1328/1328 1329/1329/1329
v -0.161344 0.118045 -0.029753
v -0.13172 0.118045 -0.029753
v -0.146804 0.091842 -0.030059
vn 0 0.0116773 -0.999932
vn 0 0.0116773 -0.999932
vn 0 0.0116773 -0.999932
vt 0.738014 0.363104
vt 0.719556 0.358015
vt 0.726411 0.336048
f 1330/1330/1330 1331/1331/1331 1332/1332/1332
v -0.187349 0.091842 -0.030059
v -0.146804 0.091842 -0.030059
v -0.156813 0.074242 -0.025745
vn -0 -0.238066 -0.971249
vn -0 -0.238066 -0.971249
vn -0 -0.238066 -0.971249
vt 0.749279 0.336717
vt 0.726411 0.336048
vt 0.731892 0.305155
f 1333/1333/1333 1334/1334/1334 1335/1335/1335
v -0.204577 0.074242 -0.025745
v -0.156813 0.074242 -0.025745
v -0.16382 0.061429 -0.016932
vn -0 -0.566706 -0.82392
vn -0 -0.566706 -0.82392
vn -0 -0.566706 -0.82392
vt 0.75976 0.303562
vt 0.731892 0.305155
vt 0.734596 0.280285
f 1336/1336/1336 1337/1337/1337 1338/1338/1338
v -0.226116 0.051881 -0.000366
v -0.169354 0.051881 -0.000366
v -0.169355 0.051881 0.009956
vn -0 -1 -0
vn -0 -1 -0
vn -0 -1 -0
vt 0.168468 0.841633
vt 0.182924 0.841633
vt 0.182924 0.907386
f 1339/1339/1339 1340/1340/1340 1341/1341/1341
v -0.216598 0.061429 -0.016932
v -0.16382 0.061429 -0.016932
v -0.167574 0.054917 -0.008422
vn -0 -0.794162 -0.607706
vn -0 -0.794162 -0.607706
vn -0 -0.794162 -0.607706
vt 0.767104 0.276017
vt 0.734596 0.280285
vt 0.736757 0.274823
f 1342/1342/1342 1343/1343/1343 1344/1344/1344
v -0.223043 0.054917 -0.008422
v -0.167574 0.054917 -0.008422
v -0.169354 0.051881 -0.000366
vn -0 -0.935755 -0.35265
vn -0 -0.935755 -0.35265
vn -0 -0.935755 -0.35265
vt 0.768101 0.272413
vt 0.736757 0.274823
vt 0.737693 0.267822
f 1345/1345/1345 1346/1346/1346 1347/1347/1347
v -0.150868 0.176314 -0.044689
v -0.150868 0.302348 -0.044689
v -0.125602 0.176314 -0.044689
vn -0 -0 -1
vn -0 -0 -1
vn -0 -0 -1
vt 0.725307 0.495258
vt 0.726605 0.696492
vt 0.710316 0.495223
f 1348/1348/1348 1349/1349/1349 1350/1350/1350
v 0.085027 0.128653 -0.044689
v 0.085027 0.129806 -0.044689
v 0.124803 0.128653 -0.044689
vn -0 -0 -1
vn -0 -0 -1
vn -0 -0 -1
vt 0.576912 0.394992
vt 0.576863 0.398282
vt 0.557386 0.39555
f 1351/1351/1351 1352/1352/1352 1353/1353/1353
v 0.13116 0.118045 -0.029753
v 0.084893 0.118045 -0.029753
v 0.124803 0.128653 -0.044689
vn 0 -0.815294 -0.579047
vn 0 -0.815294 -0.579047
vn 0 -0.815294 -0.579047
vt 0.545302 0.371671
vt 0.572923 0.369958
vt 0.547556 0.390099
f 1354/1354/1354 1355/1355/1355 1356/1356/1356
v 0.147085 0.091842 -0.030059
v 0.084921 0.091842 -0.030059
v 0.13116 0.118045 -0.029753
vn 0 0.0116773 -0.999932
vn 0 0.0116773 -0.999932
vn 0 0.0116773 -0.999932
vt 0.539295 0.328386
vt 0.573044 0.327188
vt 0.545302 0.371671
f 1357/1357/1357 1358/1358/1358 1359/1359/1359
v 0.157629 0.074242 -0.025745
v 0.084924 0.074242 -0.025745
v 0.147085 0.091842 -0.030059
vn 0 -0.238066 -0.971249
vn 0 -0.238066 -0.971249
vn 0 -0.238066 -0.971249
vt 0.533124 0.298201
vt 0.572924 0.298867
vt 0.539295 0.328386
f 1360/1360/1360 1361/1361/1361 1362/1362/1362
v 0.165032 0.061429 -0.016932
v 0.085044 0.061429 -0.016932
v 0.157629 0.074242 -0.025745
vn 0 -0.566706 -0.82392
vn 0 -0.566706 -0.82392
vn 0 -0.566706 -0.82392
vt 0.52844 0.27751
vt 0.572837 0.279092
vt 0.533124 0.298201
f 1363/1363/1363 1364/1364/1364 1365/1365/1365
v 0.170842 0.051881 0.009956
v 0.08501 0.051881 0.009956
v 0.170834 0.051881 -0.000366
vn 0 -1 0
vn 0 -1 0
vn 0 -1 0
vt 0.269566 0.907386
vt 0.247706 0.907386
vt 0.269564 0.841632
f 1366/1366/1366 1367/1367/1367 1368/1368/1368
v 0.168948 0.054917 -0.008422
v 0.084973 0.054917 -0.008422
v 0.165032 0.061429 -0.016932
vn 0 -0.794162 -0.607706
vn 0 -0.794162 -0.607706
vn 0 -0.794162 -0.607706
vt 0.5213 0.271439
vt 0.572564 0.271369
vt 0.52844 0.27751
f 1369/1369/1369 1370/1370/1370 1371/1371/1371
v 0.170834 0.051881 -0.000366
v 0.084988 0.051881 -0.000366
v 0.168948 0.054917 -0.008422
vn 0 -0.935755 -0.35265
vn 0 -0.935755 -0.35265
vn 0 -0.935755 -0.35265
vt 0.52113 0.267624
vt 0.572564 0.267433
vt 0.5213 0.271439
f 1372/1372/1372 1373/1373/1373 1374/1374/1374
v 0.085027 0.176314 -0.044689
v 0.085027 0.302348 -0.044689
v 0.124803 0.176314 -0.044689
vn -0 -0 -1
vn -0 -0 -1
vn -0 -0 -1
vt 0.577389 0.494761
vt 0.577509 0.697121
vt 0.557289 0.494672
f 1375/1375/1375 1376/1376/1376 1377/1377/1377
v 0.225406 0.051881 0.009956
v 0.225405 0.054895 0.009956
v 0.170842 0.051881 0.009956
vn -0 0 1
vn -0 0 1
vn -0 0 1
vt 0.394423 0.121505
vt 0.3944 0.128992
vt 0.352124 0.121857
f 1378/1378/1378 1379/1379/1379 1380/1380/1380
v 0.150088 0.328731 -0.044689
v 0.124803 0.328731 -0.044689
v 0.131209 0.339339 -0.029753
vn 0 0.815295 -0.579046
vn 0 0.815295 -0.579046
vn 0 0.815295 -0.579046
vt 0.540083 0.767603
vt 0.554943 0.767648
vt 0.545001 0.786503
f 1381/1381/1381 1382/1382/1382 1383/1383/1383
v 0.160574 0.339339 -0.029753
v 0.131209 0.339339 -0.029753
v 0.147137 0.365542 -0.030059
vn 0 -0.0116773 -0.999932
vn 0 -0.0116773 -0.999932
vn 0 -0.0116773 -0.999932
vt 0.532747 0.786492
vt 0.545001 0.786503
vt 0.537677 0.809579
f 1384/1384/1384 1385/1385/1385 1386/1386/1386
v 0.186604 0.365542 -0.030059
v 0.147137 0.365542 -0.030059
v 0.157682 0.383143 -0.025745
vn 0 0.238053 -0.971252
vn 0 0.238053 -0.971252
vn 0 0.238053 -0.971252
vt 0.518005 0.80782
vt 0.537677 0.809579
vt 0.533543 0.846588
f 1387/1387/1387 1388/1388/1388 1389/1389/1389
v 0.203848 0.383143 -0.025745
v 0.157682 0.383143 -0.025745
v 0.165039 0.395956 -0.016932
vn 0 0.566706 -0.82392
vn 0 0.566706 -0.82392
vn 0 0.566706 -0.82392
vt 0.505689 0.847816
vt 0.533543 0.846588
vt 0.529647 0.876648
f 1390/1390/1390 1391/1391/1391 1392/1392/1392
v 0.170832 0.405503 0.009956
v 0.225405 0.405503 0.009956
v 0.170873 0.405503 -0.000366
vn 0 1 -0
vn 0 1 -0
vn 0 1 -0
vt 0.273814 0.833131
vt 0.289068 0.833131
vt 0.273826 0.905296
f 1393/1393/1393 1394/1394/1394 1395/1395/1395
v 0.21588 0.395956 -0.016932
v 0.165039 0.395956 -0.016932
v 0.168984 0.402467 -0.008422
vn 0 0.794207 -0.607648
vn 0 0.794207 -0.607648
vn 0 0.794207 -0.607648
vt 0.4987 0.877715
vt 0.529647 0.876648
vt 0.528193 0.895912
f 1396/1396/1396 1397/1397/1397 1398/1398/1398
v 0.22233 0.402467 -0.008422
v 0.168984 0.402467 -0.008422
v 0.170873 0.405503 -0.000366
vn 0 0.935755 -0.35265
vn 0 0.935755 -0.35265
vn 0 0.935755 -0.35265
vt 0.495642 0.895243
vt 0.528193 0.895912
vt 0.526876 0.903014
f 1399/1399/1399 1400/1400/1400 1401/1401/1401
v 0.170823 0.365868 0.009956
v 0.170781 0.176524 0.009956
v 0.225404 0.176524 0.009956
vn 0 -0 1
vn 0 -0 1
vn 0 -0 1
vt 0.352298 0.82246
vt 0.351967 0.427778
vt 0.393443 0.427502
f 1402/1402/1402 1403/1403/1403 1404/1404/1404
v -0.151657 0.327567 -0.044689
v -0.151657 0.302348 -0.044689
v -0.16227 0.311118 -0.029753
vn -0.815166 0 -0.579228
vn -0.815166 0 -0.579228
vn -0.815166 0 -0.579228
vt 0.727898 0.764834
vt 0.728152 0.69752
vt 0.735062 0.715453
f 1405/1405/1405 1406/1406/1406 1407/1407/1407
v 0.150088 0.302348 -0.044689
v 0.150088 0.327567 -0.044689
v 0.150879 0.302348 -0.044689
vn -0 -0 -1
vn -0 -0 -1
vn -0 -0 -1
vt 0.541083 0.698083
vt 0.541117 0.760392
vt 0.540256 0.697942
f 1408/1408/1408 1409/1409/1409 1410/1410/1410
v 0.227111 0.365837 -0.000366
v 0.227111 0.403753 -0.000366
v 0.227111 0.365868 0.009956
vn 1 0 0
vn 1 0 0
vn 1 0 0
vt 0.419267 0.849474
vt 0.418941 0.929893
vt 0.411568 0.849547
f 1411/1411/1411 1412/1412/1412 1413/1413/1413
v -0.226115 0.365868 0.009956
v -0.226114 0.403755 0.009956
v -0.227889 0.365868 0.009956
vn -0 0 1
vn -0 0 1
vn -0 0 1
vt 0.050318 0.82158
vt 0.049846 0.90582
vt 0.048463 0.821449
f 1414/1414/1414 1415/1415/1415 1416/1416/1416
v -0.16227 0.338094 -0.029753
v -0.16227 0.311118 -0.029753
v -0.188616 0.332778 -0.030059
vn 0.0116139 0 -0.999933
vn 0.0116139 0 -0.999933
vn 0.0116139 0 -0.999933
vt 0.735671 0.791179
vt 0.735062 0.715453
vt 0.745654 0.742056
f 1417/1417/1417 1418/1418/1418 1419/1419/1419
v 0.150879 0.302348 -0.044689
v 0.150879 0.327567 -0.044689
v 0.161491 0.311116 -0.029753
vn 0.815191 0 -0.579192
vn 0.815191 0 -0.579192
vn 0.815191 0 -0.579192
vt 0.53926 0.715757
vt 0.539259 0.759699
vt 0.527576 0.739178
f 1420/1420/1420 1421/1421/1421 1422/1422/1422
v 0.161491 0.311116 -0.029753
v 0.161491 0.338094 -0.029753
v 0.187837 0.332792 -0.030059
vn -0.0116139 -0 -0.999933
vn -0.0116139 -0 -0.999933
vn -0.0116139 -0 -0.999933
vt 0.527576 0.739178
vt 0.527524 0.79026
vt 0.519637 0.756084
f 1423/1423/1423 1424/1424/1424 1425/1425/1425
v -0.188616 0.364097 -0.030059
v -0.188616 0.332778 -0.030059
v -0.206069 0.347333 -0.025745
vn -0.239956 0 -0.970784
vn -0.239956 0 -0.970784
vn -0.239956 0 -0.970784
vt 0.745304 0.820938
vt 0.745654 0.742056
vt 0.753419 0.771511
f 1426/1426/1426 1427/1427/1427 1428/1428/1428
v 0.187837 0.332792 -0.030059
v 0.187837 0.364097 -0.030059
v 0.20529 0.347347 -0.025745
vn 0.239956 0 -0.970784
vn 0.239956 0 -0.970784
vn 0.239956 0 -0.970784
vt 0.519637 0.756084
vt 0.519636 0.810631
vt 0.508316 0.784403
f 1429/1429/1429 1430/1430/1430 1431/1431/1431
v -0.206069 0.381563 -0.025745
v -0.206069 0.347333 -0.025745
v -0.218248 0.357921 -0.016932
vn -0.586236 0 -0.81014
vn -0.586236 0 -0.81014
vn -0.586236 0 -0.81014
vt 0.752353 0.840058
vt 0.753419 0.771511
vt 0.760251 0.794983
f 1432/1432/1432 1433/1433/1433 1434/1434/1434
v 0.223997 0.363321 -0.008422
v 0.223997 0.40074 -0.008422
v 0.227111 0.365837 -0.000366
vn 0.932742 0 -0.360546
vn 0.932742 0 -0.360546
vn 0.932742 0 -0.360546
vt 0.492248 0.807933
vt 0.492297 0.891068
vt 0.490116 0.808716
f 1435/1435/1435 1436/1436/1436 1437/1437/1437
v -0.227889 0.403754 -0.000366
v -0.227889 0.365854 -0.000366
v -0.227889 0.365868 0.009956
vn -1 0 -0
vn -1 0 -0
vn -1 0 -0
vt 0.02683 0.929956
vt 0.02683 0.850019
vt 0.035016 0.850055
f 1438/1438/1438 1439/1439/1439 1440/1440/1440
v -0.218248 0.394278 -0.016932
v -0.218248 0.357921 -0.016932
v -0.224776 0.363307 -0.008422
vn -0.793441 0 -0.608647
vn -0.793441 0 -0.608647
vn -0.793441 0 -0.608647
vt 0.759495 0.863641
vt 0.760251 0.794983
vt 0.767882 0.812459
f 1441/1441/1441 1442/1442/1442 1443/1443/1443
v 0.20529 0.347347 -0.025745
v 0.20529 0.381564 -0.025745
v 0.217469 0.357931 -0.016932
vn 0.586236 0 -0.81014
vn 0.586236 0 -0.81014
vn 0.586236 0 -0.81014
vt 0.508316 0.784403
vt 0.508314 0.847743
vt 0.501084 0.798348
f 1444/1444/1444 1445/1445/1445 1446/1446/1446
v 0.217469 0.357931 -0.016932
v 0.217469 0.394278 -0.016932
v 0.223997 0.363321 -0.008422
vn 0.793442 0 -0.608646
vn 0.793442 0 -0.608646
vn 0.793442 0 -0.608646
vt 0.501084 0.798348
vt 0.499735 0.873363
vt 0.492248 0.807933
f 1447/1447/1447 1448/1448/1448 1449/1449/1449
v -0.224776 0.40074 -0.008422
v -0.224776 0.363307 -0.008422
v -0.227889 0.365854 -0.000366
vn -0.93278 0 -0.360445
vn -0.93278 0 -0.360445
vn -0.93278 0 -0.360445
vt 0.766966 0.884819
vt 0.767882 0.812459
vt 0.769662 0.818637
f 1450/1450/1450 1451/1451/1451 1452/1452/1452
v -0.090578 0.302348 -0.044689
v -0.090578 0.327567 -0.044689
v 0.085027 0.302348 -0.044689
vn -0 -0 -1
vn -0 -0 -1
vn -0 -0 -1
vt 0.689757 0.696579
vt 0.690133 0.763587
vt 0.577509 0.697121
f 1453/1453/1453 1454/1454/1454 1455/1455/1455
v 0.084983 0.403755 0.009956
v 0.084961 0.365868 0.009956
v 0.170823 0.365868 0.009956
vn 0 -0 1
vn 0 -0 1
vn 0 -0 1
vt 0.277465 0.906999
vt 0.277485 0.821787
vt 0.352298 0.82246
f 1456/1456/1456 1457/1457/1457 1458/1458/1458
v -0.090567 0.403755 0.009956
v -0.090594 0.365868 0.009956
v 0.084961 0.365868 0.009956
vn 0 -0 1
vn 0 -0 1
vn 0 -0 1
vt 0.156942 0.906416
vt 0.157007 0.821251
vt 0.277485 0.821787
f 1459/1459/1459 1460/1460/1460 1461/1461/1461
v -0.125602 0.302348 -0.044689
v -0.125602 0.327567 -0.044689
v -0.090578 0.302348 -0.044689
vn -0 -0 -1
vn -0 -0 -1
vn -0 -0 -1
vt 0.710104 0.696425
vt 0.710219 0.762345
vt 0.689757 0.696579
f 1462/1462/1462 1463/1463/1463 1464/1464/1464
v -0.169311 0.403755 0.009956
v -0.169323 0.365868 0.009956
v -0.090594 0.365868 0.009956
vn 0 -0 1
vn 0 -0 1
vn 0 -0 1
vt 0.093459 0.90635
vt 0.093329 0.821126
vt 0.157007 0.821251
f 1465/1465/1465 1466/1466/1466 1467/1467/1467
v -0.150868 0.302348 -0.044689
v -0.150868 0.327567 -0.044689
v -0.125602 0.302348 -0.044689
vn -0 -0 -1
vn -0 -0 -1
vn -0 -0 -1
vt 0.726605 0.696492
vt 0.726745 0.762671
vt 0.710104 0.696425
f 1468/1468/1468 1469/1469/1469 1470/1470/1470
v 0.085027 0.302348 -0.044689
v 0.085027 0.327567 -0.044689
v 0.124803 0.302348 -0.044689
vn -0 -0 -1
vn -0 -0 -1
vn -0 -0 -1
vt 0.577509 0.697121
vt 0.577462 0.75941
vt 0.557606 0.697355
f 1471/1471/1471 1472/1472/1472 1473/1473/1473
v 0.170832 0.403755 0.009956
v 0.170823 0.365868 0.009956
v 0.225405 0.365868 0.009956
vn 0 -0 1
vn 0 -0 1
vn 0 -0 1
vt 0.352266 0.906986
vt 0.352298 0.82246
vt 0.394102 0.822038
f 1474/1474/1474 1475/1475/1475 1476/1476/1476
v -0.16227 0.136829 -0.029753
v -0.16227 0.176301 -0.029753
v -0.151657 0.144021 -0.044689
vn -0.815166 -0 -0.579228
vn -0.815166 -0 -0.579228
vn -0.815166 -0 -0.579228
vt 0.736334 0.438032
vt 0.735937 0.494375
vt 0.728152 0.443077
f 1477/1477/1477 1478/1478/1478 1479/1479/1479
v 0.150088 0.144021 -0.044689
v 0.150088 0.176314 -0.044689
v 0.150879 0.144021 -0.044689
vn -0 -0 -1
vn -0 -0 -1
vn -0 -0 -1
vt 0.540807 0.443645
vt 0.54081 0.493591
vt 0.540172 0.443654
f 1480/1480/1480 1481/1481/1481 1482/1482/1482
v 0.227111 0.092013 -0.000366
v 0.227111 0.176347 -0.000366
v 0.227111 0.09207 0.009956
vn 1 0 0
vn 1 0 0
vn 1 0 0
vt 0.418433 0.183477
vt 0.418687 0.435597
vt 0.410734 0.183615
f 1483/1483/1483 1484/1484/1484 1485/1485/1485
v -0.226116 0.09207 0.009956
v -0.226116 0.176524 0.009956
v -0.227889 0.09207 0.009956
vn -0 0 1
vn -0 0 1
vn -0 0 1
vt 0.049656 0.210998
vt 0.05017 0.428389
vt 0.04816 0.211105
f 1486/1486/1486 1487/1487/1487 1488/1488/1488
v -0.188616 0.119062 -0.030059
v -0.188616 0.176262 -0.030059
v -0.16227 0.136829 -0.029753
vn 0.0116139 0 -0.999933
vn 0.0116139 0 -0.999933
vn 0.0116139 0 -0.999933
vt 0.743778 0.402969
vt 0.743778 0.494893
vt 0.736334 0.438032
f 1489/1489/1489 1490/1490/1490 1491/1491/1491
v 0.161491 0.17629 -0.029753
v 0.161491 0.136825 -0.029753
v 0.150879 0.144021 -0.044689
vn 0.815191 0 -0.579192
vn 0.815191 0 -0.579192
vn 0.815191 0 -0.579192
vt 0.527151 0.481538
vt 0.527852 0.402542
vt 0.537488 0.427229
f 1492/1492/1492 1493/1493/1493 1494/1494/1494
v 0.187837 0.17634 -0.030059
v 0.187837 0.119087 -0.030059
v 0.161491 0.136825 -0.029753
vn -0.0116139 0 -0.999933
vn -0.0116139 0 -0.999933
vn -0.0116139 0 -0.999933
vt 0.519334 0.483473
vt 0.519394 0.384233
vt 0.527852 0.402542
f 1495/1495/1495 1496/1496/1496 1497/1497/1497
v -0.206069 0.107137 -0.025745
v -0.206069 0.176266 -0.025745
v -0.188616 0.119062 -0.030059
vn -0.239956 -0 -0.970784
vn -0.239956 -0 -0.970784
vn -0.239956 -0 -0.970784
vt 0.753294 0.387079
vt 0.75287 0.494899
vt 0.743778 0.402969
f 1498/1498/1498 1499/1499/1499 1500/1500/1500
v 0.20529 0.176344 -0.025745
v 0.20529 0.107163 -0.025745
v 0.187837 0.119087 -0.030059
vn 0.239956 0 -0.970784
vn 0.239956 0 -0.970784
vn 0.239956 0 -0.970784
vt 0.507486 0.483462
vt 0.505099 0.378906
vt 0.519394 0.384233
f 1501/1501/1501 1502/1502/1502 1503/1503/1503
v -0.218248 0.098443 -0.016932
v -0.218248 0.176226 -0.016932
v -0.206069 0.107137 -0.025745
vn -0.586236 -0 -0.81014
vn -0.586236 -0 -0.81014
vn -0.586236 -0 -0.81014
vt 0.760703 0.375785
vt 0.760584 0.494836
vt 0.753294 0.387079
f 1504/1504/1504 1505/1505/1505 1506/1506/1506
v 0.227111 0.176347 -0.000366
v 0.227111 0.092013 -0.000366
v 0.223997 0.094059 -0.008422
vn 0.932741 0 -0.360546
vn 0.932741 0 -0.360546
vn 0.932741 0 -0.360546
vt 0.418687 0.435597
vt 0.418433 0.183477
vt 0.429467 0.187106
f 1507/1507/1507 1508/1508/1508 1509/1509/1509
v -0.227889 0.176442 -0.000366
v -0.227889 0.092043 -0.000366
v -0.227889 0.09207 0.009956
vn -1 0 -0
vn -1 0 -0
vn -1 0 -0
vt 0.026993 0.377733
vt 0.026586 0.190666
vt 0.034773 0.190732
f 1510/1510/1510 1511/1511/1511 1512/1512/1512
v -0.224776 0.094033 -0.008422
v -0.224776 0.176232 -0.008422
v -0.218248 0.098443 -0.016932
vn -0.793441 -0 -0.608647
vn -0.793441 -0 -0.608647
vn -0.793441 -0 -0.608647
vt 0.767291 0.360992
vt 0.766377 0.496009
vt 0.760703 0.375785
f 1513/1513/1513 1514/1514/1514 1515/1515/1515
v 0.217469 0.176283 -0.016932
v 0.217469 0.098461 -0.016932
v 0.20529 0.107163 -0.025745
vn 0.586236 0 -0.81014
vn 0.586236 0 -0.81014
vn 0.586236 0 -0.81014
vt 0.500533 0.483342
vt 0.499378 0.363048
vt 0.505099 0.378906
f 1516/1516/1516 1517/1517/1517 1518/1518/1518
v 0.223997 0.176314 -0.008422
v 0.223997 0.094059 -0.008422
v 0.217469 0.098461 -0.016932
vn 0.793442 0 -0.608646
vn 0.793442 0 -0.608646
vn 0.793442 0 -0.608646
vt 0.492423 0.483398
vt 0.492025 0.342483
vt 0.499378 0.363048
f 1519/1519/1519 1520/1520/1520 1521/1521/1521
v -0.227889 0.092043 -0.000366
v -0.227889 0.176442 -0.000366
v -0.224776 0.094033 -0.008422
vn -0.93278 -0 -0.360445
vn -0.93278 -0 -0.360445
vn -0.93278 -0 -0.360445
vt 0.769967 0.359545
vt 0.769967 0.495183
vt 0.767291 0.360992
f 1522/1522/1522 1523/1523/1523 1524/1524/1524
v 0.085027 0.144738 -0.029795
v 0.085027 0.144649 -0.031643
v 0.085027 0.130524 -0.029795
vn -1 0 0
vn -1 0 0
vn -1 0 0
vt 0.562721 0.357397
vt 0.563191 0.356448
vt 0.563002 0.359249
f 1525/1525/1525 1526/1526/1526 1527/1527/1527
v 0.084959 0.09207 0.004137
v 0.084959 0.09207 0.00474
v 0.170823 0.09207 0.004137
vn 0 1 0
vn 0 1 0
vn 0 1 0
vt 0.149125 0.856717
vt 0.149182 0.856014
vt 0.152236 0.861684
f 1528/1528/1528 1529/1529/1529 1530/1530/1530
v -0.090688 0.09207 0.004137
v -0.090688 0.09207 0.00474
v 0.084959 0.09207 0.004137
vn 0 1 0
vn 0 1 0
vn 0 1 0
vt 0.140236 0.856701
vt 0.140157 0.8559
vt 0.149125 0.856717
f 1531/1531/1531 1532/1532/1532 1533/1533/1533
v -0.125602 0.144021 -0.044689
v -0.125602 0.176314 -0.044689
v -0.090578 0.144021 -0.044689
vn -0 -0 -1
vn -0 -0 -1
vn -0 -0 -1
vt 0.710204 0.44189
vt 0.710316 0.495223
vt 0.689919 0.441499
f 1534/1534/1534 1535/1535/1535 1536/1536/1536
v -0.169363 0.09207 0.004137
v -0.169363 0.09207 0.00474
v -0.090688 0.09207 0.004137
vn 0 1 0
vn 0 1 0
vn 0 1 0
vt 0.137447 0.861056
vt 0.137249 0.860726
vt 0.140236 0.856701
f 1537/1537/1537 1538/1538/1538 1539/1539/1539
v -0.150868 0.144021 -0.044689
v -0.150868 0.176314 -0.044689
v -0.125602 0.144021 -0.044689
vn -0 -0 -1
vn -0 -0 -1
vn -0 -0 -1
vt 0.725315 0.442186
vt 0.725307 0.495258
vt 0.710204 0.44189
f 1540/1540/1540 1541/1541/1541 1542/1542/1542
v 0.085027 0.144021 -0.044689
v 0.085027 0.176314 -0.044689
v 0.124803 0.144021 -0.044689
vn -0 -0 -1
vn -0 -0 -1
vn -0 -0 -1
vt 0.576912 0.442339
vt 0.576922 0.494761
vt 0.557281 0.442469
f 1543/1543/1543 1544/1544/1544 1545/1545/1545
v 0.225405 0.09207 0.009956
v 0.225404 0.176524 0.009956
v 0.170823 0.09207 0.009956
vn -0 0 1
vn -0 0 1
vn -0 0 1
vt 0.394313 0.211351
vt 0.393443 0.427502
vt 0.351806 0.212467
f 1546/1546/1546 1547/1547/1547 1548/1548/1548
v 0.084961 0.365868 0.004137
v 0.084854 0.176524 0.004137
v 0.170781 0.176524 0.004137
vn 0 -0 1
vn 0 -0 1
vn 0 -0 1
vt 0.283365 0.813925
vt 0.283287 0.405855
vt 0.34622 0.405855
f 1549/1549/1549 1550/1550/1550 1551/1551/1551
v -0.090594 0.365868 0.004137
v -0.090727 0.176524 0.004137
v 0.084854 0.176524 0.004137
vn 0 -0 1
vn 0 -0 1
vn 0 -0 1
vt 0.154787 0.813925
vt 0.154689 0.405855
vt 0.283287 0.405855
f 1552/1552/1552 1553/1553/1553 1554/1554/1554
v -0.169323 0.365868 0.004137
v -0.16938 0.176524 0.004137
v -0.090727 0.176524 0.004137
vn 0 -0 1
vn 0 -0 1
vn 0 -0 1
vt 0.097125 0.813925
vt 0.097083 0.405855
vt 0.154689 0.405855
f 1555/1555/1555 1556/1556/1556 1557/1557/1557
v 0.170823 0.09207 0.004137
v 0.170781 0.176524 0.004137
v 0.084959 0.09207 0.004137
vn -0 0 1
vn -0 0 1
vn -0 0 1
vt 0.346251 0.223841
vt 0.34622 0.405855
vt 0.283364 0.223841
f 1558/1558/1558 1559/1559/1559 1560/1560/1560
v 0.084959 0.09207 0.004137
v 0.084854 0.176524 0.004137
v -0.090688 0.09207 0.004137
vn -0 0 1
vn -0 0 1
vn -0 0 1
vt 0.283364 0.223841
vt 0.283287 0.405855
vt 0.154718 0.223841
f 1561/1561/1561 1562/1562/1562 1563/1563/1563
v -0.090688 0.09207 0.004137
v -0.090727 0.176524 0.004137
v -0.169363 0.09207 0.004137
vn -0 0 1
vn -0 0 1
vn -0 0 1
vt 0.154718 0.223841
vt 0.154689 0.405855
vt 0.097095 0.223841
f 1564/1564/1564 1565/1565/1565 1566/1566/1566
v 0.084961 0.365868 0.004137
v 0.084961 0.365868 0.00474
v -0.090594 0.365868 0.004137
vn 0 -1 0
vn 0 -1 0
vn 0 -1 0
vt 0.146187 0.897999
vt 0.146149 0.898523
vt 0.140846 0.894113
f 1567/1567/1567 1568/1568/1568 1569/1569/1569
v 0.170823 0.365868 0.004137
v 0.170823 0.365868 0.00474
v 0.084961 0.365868 0.004137
vn 0 -1 0
vn 0 -1 0
vn 0 -1 0
vt 0.148507 0.899419
vt 0.148619 0.899928
vt 0.146187 0.897999
f 1570/1570/1570 1571/1571/1571 1572/1572/1572
v 0.170781 0.176524 0.004137
v 0.170781 0.176524 0.00474
v 0.170823 0.365868 0.004137
vn -1 0.000221773 0
vn -1 0.000221773 0
vn -1 0.000221773 0
vt 0.152868 0.873683
vt 0.153121 0.873754
vt 0.148507 0.899419
f 1573/1573/1573 1574/1574/1574 1575/1575/1575
v -0.169323 0.365868 0.004137
v -0.169323 0.365868 0.00474
v -0.16938 0.176524 0.004137
vn 1 -0.000301023 0
vn 1 -0.000301023 0
vn 1 -0.000301023 0
vt 0.138331 0.892077
vt 0.138201 0.892442
vt 0.137671 0.872844
f 1576/1576/1576 1577/1577/1577 1578/1578/1578
v -0.090594 0.365868 0.00474
v -0.090594 0.365868 0.009384
v -0.169323 0.365868 0.00474
vn 0 -1 0
vn 0 -1 0
vn 0 -1 0
vt 0.140797 0.8946
vt 0.140118 0.898743
vt 0.138201 0.892442
f 1579/1579/1579 1580/1580/1580 1581/1581/1581
v -0.16938 0.176524 0.00474
v -0.16938 0.176524 0.009384
v -0.169363 0.09207 0.00474
vn 1 0.000201143 0
vn 1 0.000201143 0
vn 1 0.000201143 0
vt 0.137477 0.872878
vt 0.135954 0.872837
vt 0.137249 0.860726
f 1582/1582/1582 1583/1583/1583 1584/1584/1584
v 0.170823 0.09207 0.00474
v 0.170823 0.09207 0.009384
v 0.170781 0.176524 0.00474
vn -1 -0.000497211 -0
vn -1 -0.000497211 -0
vn -1 -0.000497211 -0
vt 0.152419 0.861284
vt 0.153995 0.85772
vt 0.153121 0.873754
f 1585/1585/1585 1586/1586/1586 1587/1587/1587
v 0.084959 0.09207 0.00474
v 0.084959 0.09207 0.009384
v 0.170823 0.09207 0.00474
vn 0 1 0
vn 0 1 0
vn 0 1 0
vt 0.149182 0.856014
vt 0.149823 0.849764
vt 0.152419 0.861284
f 1588/1588/1588 1589/1589/1589 1590/1590/1590
v -0.090688 0.09207 0.00474
v -0.090688 0.09207 0.009384
v 0.084959 0.09207 0.00474
vn 0 1 0
vn 0 1 0
vn 0 1 0
vt 0.140157 0.8559
vt 0.139342 0.849769
vt 0.149182 0.856014
f 1591/1591/1591 1592/1592/1592 1593/1593/1593
v -0.169363 0.09207 0.00474
v -0.169363 0.09207 0.009384
v -0.090688 0.09207 0.00474
vn 0 1 0
vn 0 1 0
vn 0 1 0
vt 0.137249 0.860726
vt 0.135808 0.858442
vt 0.140157 0.8559
f 1594/1594/1594 1595/1595/1595 1596/1596/1596
v 0.084961 0.365868 0.00474
v 0.084961 0.365868 0.009384
v -0.090594 0.365868 0.00474
vn 0 -1 0
vn 0 -1 0
vn 0 -1 0
vt 0.146149 0.898523
vt 0.145941 0.902934
vt 0.140797 0.8946
f 1597/1597/1597 1598/1598/1598 1599/1599/1599
v 0.170823 0.365868 0.00474
v 0.170823 0.365868 0.009384
v 0.084961 0.365868 0.00474
vn 0 -1 0
vn 0 -1 0
vn 0 -1 0
vt 0.148619 0.899928
vt 0.149373 0.903454
vt 0.146149 0.898523
f 1600/1600/1600 1601/1601/1601 1602/1602/1602
v 0.170781 0.176524 0.00474
v 0.170781 0.176524 0.009384
v 0.170823 0.365868 0.00474
vn -1 0.000221773 0
vn -1 0.000221773 0
vn -1 0.000221773 0
vt 0.153121 0.873754
vt 0.155094 0.874456
vt 0.148619 0.899928
f 1603/1603/1603 1604/1604/1604 1605/1605/1605
v -0.169323 0.365868 0.00474
v -0.169323 0.365868 0.009384
v -0.16938 0.176524 0.00474
vn 1 -0.000301023 0
vn 1 -0.000301023 0
vn 1 -0.000301023 0
vt 0.138201 0.892442
vt 0.137358 0.895054
vt 0.137477 0.872878
f 1606/1606/1606 1607/1607/1607 1608/1608/1608
v -0.090594 0.365868 0.009384
v -0.090594 0.365868 0.009956
v -0.169323 0.365868 0.009384
vn 0 -1 0
vn 0 -1 0
vn 0 -1 0
vt 0.140118 0.898743
vt 0.140057 0.899237
vt 0.137358 0.895054
f 1609/1609/1609 1610/1610/1610 1611/1611/1611
v -0.16938 0.176524 0.009384
v -0.16938 0.176524 0.009956
v -0.169363 0.09207 0.009384
vn 1 0.000201143 0
vn 1 0.000201143 0
vn 1 0.000201143 0
vt 0.135954 0.872837
vt 0.135775 0.872886
vt 0.135808 0.858442
f 1612/1612/1612 1613/1613/1613 1614/1614/1614
v 0.170823 0.09207 0.009384
v 0.170823 0.09207 0.009956
v 0.170781 0.176524 0.009384
vn -1 -0.000497211 -0
vn -1 -0.000497211 -0
vn -1 -0.000497211 -0
vt 0.153995 0.85772
vt 0.154241 0.857214
vt 0.155094 0.874456
f 1615/1615/1615 1616/1616/1616 1617/1617/1617
v 0.084959 0.09207 0.009384
v 0.084959 0.09207 0.009956
v 0.170823 0.09207 0.009384
vn 0 1 0
vn 0 1 0
vn 0 1 0
vt 0.149823 0.849764
vt 0.14991 0.848909
vt 0.153995 0.85772
f 1618/1618/1618 1619/1619/1619 1620/1620/1620
v -0.090688 0.09207 0.009384
v -0.090688 0.09207 0.009956
v 0.084959 0.09207 0.009384
vn 0 1 0
vn 0 1 0
vn 0 1 0
vt 0.139342 0.849769
vt 0.139232 0.848909
vt 0.149823 0.849764
f 1621/1621/1621 1622/1622/1622 1623/1623/1623
v -0.169363 0.09207 0.009384
v -0.169363 0.09207 0.009956
v -0.090688 0.09207 0.009384
vn 0 1 0
vn 0 1 0
vn 0 1 0
vt 0.135808 0.858442
vt 0.135559 0.85807
vt 0.139342 0.849769
f 1624/1624/1624 1625/1625/1625 1626/1626/1626
v 0.084961 0.365868 0.009384
v 0.084961 0.365868 0.009956
v -0.090594 0.365868 0.009384
vn 0 -1 0
vn 0 -1 0
vn 0 -1 0
vt 0.145941 0.902934
vt 0.145917 0.903463
vt 0.140118 0.898743
f 1627/1627/1627 1628/1628/1628 1629/1629/1629
v 0.170823 0.365868 0.009384
v 0.170823 0.365868 0.009956
v 0.084961 0.365868 0.009384
vn 0 -1 0
vn 0 -1 0
vn 0 -1 0
vt 0.149373 0.903454
vt 0.1495 0.90408
vt 0.145941 0.902934
f 1630/1630/1630 1631/1631/1631 1632/1632/1632
v 0.170781 0.176524 0.009384
v 0.170781 0.176524 0.009956
v 0.170823 0.365868 0.009384
vn -1 0.000221773 0
vn -1 0.000221773 0
vn -1 0.000221773 0
vt 0.155094 0.874456
vt 0.155357 0.874562
vt 0.149373 0.903454
f 1633/1633/1633 1634/1634/1634 1635/1635/1635
v -0.169323 0.365868 0.009384
v -0.169323 0.365868 0.009956
v -0.16938 0.176524 0.009384
vn 1 -0.000301023 0
vn 1 -0.000301023 0
vn 1 -0.000301023 0
vt 0.137358 0.895054
vt 0.137213 0.895426
vt 0.135954 0.872837
f 1636/1636/1636 1637/1637/1637 1638/1638/1638
v 0.124803 0.128653 -0.044689
v 0.124803 0.129806 -0.044689
v 0.150088 0.128653 -0.044689
vn -0 -0 -1
vn -0 -0 -1
vn -0 -0 -1
vt 0.557386 0.39555
vt 0.557339 0.398871
vt 0.540776 0.395104
f 1639/1639/1639 1640/1640/1640 1641/1641/1641
v 0.160572 0.118045 -0.029753
v 0.13116 0.118045 -0.029753
v 0.150088 0.128653 -0.044689
vn 0 -0.815294 -0.579047
vn 0 -0.815294 -0.579047
vn 0 -0.815294 -0.579047
vt 0.531287 0.372399
vt 0.545302 0.371671
vt 0.53879 0.391055
f 1642/1642/1642 1643/1643/1643 1644/1644/1644
v 0.186602 0.091842 -0.030059
v 0.147085 0.091842 -0.030059
v 0.160572 0.118045 -0.029753
vn 0 0.0116773 -0.999932
vn 0 0.0116773 -0.999932
vn 0 0.0116773 -0.999932
vt 0.509861 0.327074
vt 0.539295 0.328386
vt 0.531287 0.372399
f 1645/1645/1645 1646/1646/1646 1647/1647/1647
v 0.203846 0.074242 -0.025745
v 0.157629 0.074242 -0.025745
v 0.186602 0.091842 -0.030059
vn 0 -0.238066 -0.971249
vn 0 -0.238066 -0.971249
vn 0 -0.238066 -0.971249
vt 0.499317 0.300362
vt 0.533124 0.298201
vt 0.509861 0.327074
f 1648/1648/1648 1649/1649/1649 1650/1650/1650
v 0.21588 0.061429 -0.016932
v 0.165032 0.061429 -0.016932
v 0.203846 0.074242 -0.025745
vn 0 -0.566706 -0.82392
vn 0 -0.566706 -0.82392
vn 0 -0.566706 -0.82392
vt 0.493757 0.278002
vt 0.52844 0.27751
vt 0.499317 0.300362
f 1651/1651/1651 1652/1652/1652 1653/1653/1653
v 0.225406 0.051881 0.009956
v 0.170842 0.051881 0.009956
v 0.225405 0.051881 -0.000366
vn 0 -1 0
vn 0 -1 0
vn 0 -1 0
vt 0.283463 0.907386
vt 0.269566 0.907386
vt 0.283463 0.841632
f 1654/1654/1654 1655/1655/1655 1656/1656/1656
v 0.222329 0.054917 -0.008422
v 0.168948 0.054917 -0.008422
v 0.21588 0.061429 -0.016932
vn 0 -0.794162 -0.607706
vn 0 -0.794162 -0.607706
vn 0 -0.794162 -0.607706
vt 0.490811 0.271539
vt 0.5213 0.271439
vt 0.493757 0.278002
f 1657/1657/1657 1658/1658/1658 1659/1659/1659
v 0.225405 0.051881 -0.000366
v 0.170834 0.051881 -0.000366
v 0.222329 0.054917 -0.008422
vn 0 -0.935755 -0.35265
vn 0 -0.935755 -0.35265
vn 0 -0.935755 -0.35265
vt 0.489317 0.268121
vt 0.52113 0.267624
vt 0.490811 0.271539
f 1660/1660/1660 1661/1661/1661 1662/1662/1662
v 0.124803 0.176314 -0.044689
v 0.124803 0.302348 -0.044689
v 0.150088 0.176314 -0.044689
vn -0 -0 -1
vn -0 -0 -1
vn -0 -0 -1
vt 0.557289 0.494672
vt 0.557606 0.697355
vt 0.54081 0.493591
f 1663/1663/1663 1664/1664/1664 1665/1665/1665
v 0.227111 0.051881 0.009956
v 0.227111 0.054895 0.009956
v 0.225406 0.051881 0.009956
vn -0 0 1
vn -0 0 1
vn -0 0 1
vt 0.395782 0.121522
vt 0.395766 0.129038
vt 0.394423 0.121505
f 1666/1666/1666 1667/1667/1667 1668/1668/1668
v 0.150879 0.328731 -0.044689
v 0.150088 0.328731 -0.044689
v 0.160574 0.339339 -0.029753
vn 0 0.815295 -0.579046
vn 0 0.815295 -0.579046
vn 0 0.815295 -0.579046
vt 0.538796 0.767578
vt 0.540083 0.767603
vt 0.532747 0.786492
f 1669/1669/1669 1670/1670/1670 1671/1671/1671
v 0.161491 0.339339 -0.029753
v 0.160574 0.339339 -0.029753
v 0.186604 0.365542 -0.030059
vn 0 -0.0116773 -0.999932
vn 0 -0.0116773 -0.999932
vn 0 -0.0116773 -0.999932
vt 0.531856 0.786486
vt 0.532747 0.786492
vt 0.518005 0.80782
f 1672/1672/1672 1673/1673/1673 1674/1674/1674
v 0.187837 0.365542 -0.030059
v 0.186604 0.365542 -0.030059
v 0.203848 0.383143 -0.025745
vn 0 0.238053 -0.971252
vn 0 0.238053 -0.971252
vn 0 0.238053 -0.971252
vt 0.517118 0.807777
vt 0.518005 0.80782
vt 0.505689 0.847816
f 1675/1675/1675 1676/1676/1676 1677/1677/1677
v 0.20529 0.383143 -0.025745
v 0.203848 0.383143 -0.025745
v 0.21588 0.395956 -0.016932
vn 0 0.566706 -0.82392
vn 0 0.566706 -0.82392
vn 0 0.566706 -0.82392
vt 0.50467 0.847796
vt 0.505689 0.847816
vt 0.4987 0.877715
f 1678/1678/1678 1679/1679/1679 1680/1680/1680
v 0.225405 0.405503 0.009956
v 0.227111 0.405503 0.009956
v 0.225406 0.405503 -0.000366
vn 0 1 -0
vn 0 1 -0
vn 0 1 -0
vt 0.289068 0.833131
vt 0.289545 0.833131
vt 0.289069 0.905296
f 1681/1681/1681 1682/1682/1682 1683/1683/1683
v 0.217469 0.395956 -0.016932
v 0.21588 0.395956 -0.016932
v 0.22233 0.402467 -0.008422
vn 0 0.794207 -0.607648
vn 0 0.794207 -0.607648
vn 0 0.794207 -0.607648
vt 0.49759 0.877706
vt 0.4987 0.877715
vt 0.495642 0.895243
f 1684/1684/1684 1685/1685/1685 1686/1686/1686
v 0.223997 0.402467 -0.008422
v 0.22233 0.402467 -0.008422
v 0.225406 0.405503 -0.000366
vn 0 0.935755 -0.35265
vn 0 0.935755 -0.35265
vn 0 0.935755 -0.35265
vt 0.494482 0.895239
vt 0.495642 0.895243
vt 0.491266 0.902132
f 1687/1687/1687 1688/1688/1688 1689/1689/1689
v 0.227111 0.176524 0.009956
v 0.227111 0.365868 0.009956
v 0.225404 0.176524 0.009956
vn -0 0 1
vn -0 0 1
vn -0 0 1
vt 0.39526 0.427721
vt 0.395881 0.822035
vt 0.393443 0.427502
f 1690/1690/1690 1691/1691/1691 1692/1692/1692
v 0.124803 0.302348 -0.044689
v 0.124803 0.327567 -0.044689
v 0.150088 0.302348 -0.044689
vn -0 -0 -1
vn -0 -0 -1
vn -0 -0 -1
vt 0.557606 0.697355
vt 0.557549 0.760469
vt 0.541083 0.698083
f 1693/1693/1693 1694/1694/1694 1695/1695/1695
v 0.227111 0.365868 0.009956
v 0.227111 0.403755 0.009956
v 0.225405 0.365868 0.009956
vn -0 0 1
vn -0 0 1
vn -0 0 1
vt 0.395881 0.822035
vt 0.395764 0.906783
vt 0.394102 0.822038
f 1696/1696/1696 1697/1697/1697 1698/1698/1698
v 0.124803 0.144021 -0.044689
v 0.124803 0.176314 -0.044689
v 0.150088 0.144021 -0.044689
vn -0 -0 -1
vn -0 -0 -1
vn -0 -0 -1
vt 0.557281 0.442469
vt 0.557289 0.494672
vt 0.540807 0.443645
f 1699/1699/1699 1700/1700/1700 1701/1701/1701
v 0.227111 0.09207 0.009956
v 0.227111 0.176524 0.009956
v 0.225405 0.09207 0.009956
vn -0 0 1
vn -0 0 1
vn -0 0 1
vt 0.395758 0.211526
vt 0.39526 0.427721
vt 0.394313 0.211351
f 1702/1702/1702 1703/1703/1703 1704/1704/1704
v -0.169355 0.051881 0.009956
v -0.169356 0.054895 0.009956
v -0.226116 0.051881 0.009956
vn -0 0 1
vn -0 0 1
vn -0 0 1
vt 0.093289 0.120612
vt 0.093227 0.128017
vt 0.049631 0.12066
f 1705/1705/1705 1706/1706/1706 1707/1707/1707
v -0.161342 0.339339 -0.029753
v -0.13166 0.339339 -0.029753
v -0.150868 0.328731 -0.044689
vn 0 0.815295 -0.579046
vn 0 0.815295 -0.579046
vn 0 0.815295 -0.579046
vt 0.732076 0.785943
vt 0.71778 0.786161
vt 0.726883 0.767604
f 1708/1708/1708 1709/1709/1709 1710/1710/1710
v -0.187349 0.365542 -0.030059
v -0.146827 0.365542 -0.030059
v -0.161342 0.339339 -0.029753
vn -0 -0.0116773 -0.999932
vn -0 -0.0116773 -0.999932
vn -0 -0.0116773 -0.999932
vt 0.747896 0.812311
vt 0.724167 0.812038
vt 0.732076 0.785943
f 1711/1711/1711 1712/1712/1712 1713/1713/1713
v -0.204578 0.383143 -0.025745
v -0.156847 0.383143 -0.025745
v -0.187349 0.365542 -0.030059
vn 0 0.238053 -0.971252
vn 0 0.238053 -0.971252
vn 0 0.238053 -0.971252
vt 0.757358 0.851285
vt 0.730081 0.851997
vt 0.747896 0.812311
f 1714/1714/1714 1715/1715/1715 1716/1716/1716
v -0.216598 0.395956 -0.016932
v -0.163805 0.395956 -0.016932
v -0.204578 0.383143 -0.025745
vn 0 0.566706 -0.82392
vn 0 0.566706 -0.82392
vn 0 0.566706 -0.82392
vt 0.762152 0.8773
vt 0.733148 0.879129
vt 0.757358 0.851285
f 1717/1717/1717 1718/1718/1718 1719/1719/1719
v -0.169336 0.405503 -0.000366
v -0.226115 0.405503 -0.000366
v -0.226114 0.405503 0.009956
vn -0 1 0
vn -0 1 0
vn -0 1 0
vt 0.178732 0.905296
vt 0.162861 0.905296
vt 0.162861 0.833132
f 1720/1720/1720 1721/1721/1721 1722/1722/1722
v -0.223042 0.402467 -0.008422
v -0.167549 0.402467 -0.008422
v -0.216598 0.395956 -0.016932
vn 0 0.794207 -0.607648
vn 0 0.794207 -0.607648
vn 0 0.794207 -0.607648
vt 0.766987 0.895558
vt 0.733885 0.897054
vt 0.762152 0.8773
f 1723/1723/1723 1724/1724/1724 1725/1725/1725
v -0.226115 0.405503 -0.000366
v -0.169336 0.405503 -0.000366
v -0.223042 0.402467 -0.008422
vn 0 0.935755 -0.35265
vn 0 0.935755 -0.35265
vn 0 0.935755 -0.35265
vt 0.769577 0.90302
vt 0.734329 0.903513
vt 0.766987 0.895558
f 1726/1726/1726 1727/1727/1727 1728/1728/1728
v -0.226115 0.365868 0.009956
v -0.226116 0.176524 0.009956
v -0.16938 0.176524 0.009956
vn 0 -0 1
vn 0 -0 1
vn 0 -0 1
vt 0.050318 0.82158
vt 0.05017 0.428389
vt 0.093474 0.428349
f 1729/1729/1729 1730/1730/1730 1731/1731/1731
v -0.151657 0.128653 -0.044689
v -0.151657 0.129806 -0.044689
v -0.150868 0.128653 -0.044689
vn -0 -0 -1
vn -0 -0 -1
vn -0 -0 -1
vt 0.726066 0.395908
vt 0.726122 0.399373
vt 0.725436 0.395998
f 1732/1732/1732 1733/1733/1733 1734/1734/1734
v -0.151657 0.128653 -0.044689
v -0.150868 0.128653 -0.044689
v -0.161344 0.118045 -0.029753
vn -0 -0.815294 -0.579047
vn -0 -0.815294 -0.579047
vn -0 -0.815294 -0.579047
vt 0.726657 0.39416
vt 0.726463 0.394158
vt 0.738014 0.363104
f 1735/1735/1735 1736/1736/1736 1737/1737/1737
v -0.16227 0.118045 -0.029753
v -0.161344 0.118045 -0.029753
v -0.187349 0.091842 -0.030059
vn 0 0.0116773 -0.999932
vn 0 0.0116773 -0.999932
vn 0 0.0116773 -0.999932
vt 0.738152 0.363099
vt 0.738014 0.363104
vt 0.749279 0.336717
f 1738/1738/1738 1739/1739/1739 1740/1740/1740
v -0.188616 0.091842 -0.030059
v -0.187349 0.091842 -0.030059
v -0.204577 0.074242 -0.025745
vn -0 -0.238066 -0.971249
vn -0 -0.238066 -0.971249
vn -0 -0.238066 -0.971249
vt 0.749423 0.336749
vt 0.749279 0.336717
vt 0.75976 0.303562
f 1741/1741/1741 1742/1742/1742 1743/1743/1743
v -0.206069 0.074242 -0.025745
v -0.204577 0.074242 -0.025745
v -0.216598 0.061429 -0.016932
vn -0 -0.566706 -0.82392
vn -0 -0.566706 -0.82392
vn -0 -0.566706 -0.82392
vt 0.759928 0.303573
vt 0.75976 0.303562
vt 0.767104 0.276017
f 1744/1744/1744 1745/1745/1745 1746/1746/1746
v -0.226116 0.051881 0.009956
v -0.227889 0.051881 0.009956
v -0.226116 0.051881 -0.000366
vn 0 -1 0
vn 0 -1 0
vn 0 -1 0
vt 0.168468 0.907386
vt 0.168016 0.907386
vt 0.168468 0.841633
f 1747/1747/1747 1748/1748/1748 1749/1749/1749
v -0.218248 0.061429 -0.016932
v -0.216598 0.061429 -0.016932
v -0.223043 0.054917 -0.008422
vn -0 -0.794162 -0.607707
vn -0 -0.794162 -0.607707
vn -0 -0.794162 -0.607707
vt 0.767288 0.27602
vt 0.767104 0.276017
vt 0.768101 0.272413
f 1750/1750/1750 1751/1751/1751 1752/1752/1752
v -0.224776 0.054917 -0.008422
v -0.223043 0.054917 -0.008422
v -0.226116 0.051881 -0.000366
vn -0 -0.935755 -0.35265
vn -0 -0.935755 -0.35265
vn -0 -0.935755 -0.35265
vt 0.768295 0.272414
vt 0.768101 0.272413
vt 0.768816 0.269969
f 1753/1753/1753 1754/1754/1754 1755/1755/1755
v -0.151657 0.176314 -0.044689
v -0.151657 0.302348 -0.044689
v -0.150868 0.176314 -0.044689
vn -0 -0 -1
vn -0 -0 -1
vn -0 -0 -1
vt 0.726106 0.495307
vt 0.727403 0.696434
vt 0.725307 0.495258
f 1756/1756/1756 1757/1757/1757 1758/1758/1758
v -0.226114 0.403755 0.009956
v -0.226115 0.365868 0.009956
v -0.169323 0.365868 0.009956
vn 0 -0 1
vn 0 -0 1
vn 0 -0 1
vt 0.049846 0.90582
vt 0.050318 0.82158
vt 0.093329 0.821126
f 1759/1759/1759 1760/1760/1760 1761/1761/1761
v -0.151657 0.302348 -0.044689
v -0.151657 0.327567 -0.044689
v -0.150868 0.302348 -0.044689
vn -0 -0 -1
vn -0 -0 -1
vn -0 -0 -1
vt 0.727403 0.696434
vt 0.727389 0.762603
vt 0.726605 0.696492
f 1762/1762/1762 1763/1763/1763 1764/1764/1764
v -0.169363 0.09207 0.009956
v -0.16938 0.176524 0.009956
v -0.226116 0.09207 0.009956
vn -0 0 1
vn -0 0 1
vn -0 0 1
vt 0.093189 0.210737
vt 0.093474 0.428349
vt 0.049656 0.210998
f 1765/1765/1765 1766/1766/1766 1767/1767/1767
v -0.151657 0.144021 -0.044689
v -0.151657 0.176314 -0.044689
v -0.150868 0.144021 -0.044689
vn -0 -0 -1
vn -0 -0 -1
vn -0 -0 -1
vt 0.725962 0.442196
vt 0.726106 0.495307
vt 0.725315 0.442186
f 1768/1768/1768 1769/1769/1769 1770/1770/1770
v -0.151657 0.328731 -0.044689
v -0.151657 0.327567 -0.044689
v -0.16227 0.338094 -0.029753
vn -0.815166 0 -0.579228
vn -0.815166 0 -0.579228
vn -0.815166 0 -0.579228
vt 0.727898 0.767654
vt 0.727898 0.764834
vt 0.735671 0.791179
f 1771/1771/1771 1772/1772/1772 1773/1773/1773
v 0.150088 0.327567 -0.044689
v 0.150088 0.328731 -0.044689
v 0.150879 0.327567 -0.044689
vn -0 -0 -1
vn -0 -0 -1
vn -0 -0 -1
vt 0.541117 0.760392
vt 0.541082 0.764005
vt 0.540451 0.760273
f 1774/1774/1774 1775/1775/1775 1776/1776/1776
v 0.227111 0.403753 -0.000366
v 0.227111 0.405503 -0.000366
v 0.227111 0.403755 0.009956
vn 1 0 0
vn 1 0 0
vn 1 0 0
vt 0.418941 0.929893
vt 0.418941 0.934109
vt 0.411243 0.929896
f 1777/1777/1777 1778/1778/1778 1779/1779/1779
v -0.227889 0.405503 0.009956
v -0.227889 0.403755 0.009956
v -0.226114 0.403755 0.009956
vn 0 -0 1
vn 0 -0 1
vn 0 -0 1
vt 0.048306 0.910305
vt 0.048332 0.905673
vt 0.049846 0.90582
f 1780/1780/1780 1781/1781/1781 1782/1782/1782
v -0.16227 0.339339 -0.029753
v -0.16227 0.338094 -0.029753
v -0.188616 0.364097 -0.030059
vn 0.0116139 0 -0.999933
vn 0.0116139 0 -0.999933
vn 0.0116139 0 -0.999933
vt 0.735671 0.79318
vt 0.735671 0.791179
vt 0.745304 0.820938
f 1783/1783/1783 1784/1784/1784 1785/1785/1785
v 0.150879 0.327567 -0.044689
v 0.150879 0.328731 -0.044689
v 0.161491 0.338094 -0.029753
vn 0.815191 0 -0.579192
vn 0.815191 0 -0.579192
vn 0.815191 0 -0.579192
vt 0.539259 0.759699
vt 0.539258 0.762757
vt 0.527524 0.79026
f 1786/1786/1786 1787/1787/1787 1788/1788/1788
v 0.161491 0.338094 -0.029753
v 0.161491 0.339339 -0.029753
v 0.187837 0.364097 -0.030059
vn -0.0116139 -0 -0.999933
vn -0.0116139 -0 -0.999933
vn -0.0116139 -0 -0.999933
vt 0.527524 0.79026
vt 0.527524 0.79243
vt 0.519636 0.810631
f 1789/1789/1789 1790/1790/1790 1791/1791/1791
v -0.188616 0.365542 -0.030059
v -0.188616 0.364097 -0.030059
v -0.206069 0.381563 -0.025745
vn -0.239956 0 -0.970784
vn -0.239956 0 -0.970784
vn -0.239956 0 -0.970784
vt 0.745304 0.823261
vt 0.745304 0.820938
vt 0.752353 0.840058
f 1792/1792/1792 1793/1793/1793 1794/1794/1794
v 0.187837 0.364097 -0.030059
v 0.187837 0.365542 -0.030059
v 0.20529 0.381564 -0.025745
vn 0.239956 0 -0.970784
vn 0.239956 0 -0.970784
vn 0.239956 0 -0.970784
vt 0.519636 0.810631
vt 0.519635 0.813149
vt 0.508314 0.847743
f 1795/1795/1795 1796/1796/1796 1797/1797/1797
v -0.206069 0.383143 -0.025745
v -0.206069 0.381563 -0.025745
v -0.218248 0.394278 -0.016932
vn -0.586236 0 -0.81014
vn -0.586236 0 -0.81014
vn -0.586236 0 -0.81014
vt 0.752353 0.842597
vt 0.752353 0.840058
vt 0.759495 0.863641
f 1798/1798/1798 1799/1799/1799 1800/1800/1800
v 0.223997 0.40074 -0.008422
v 0.223997 0.402467 -0.008422
v 0.227111 0.403753 -0.000366
vn 0.932742 0 -0.360546
vn 0.932742 0 -0.360546
vn 0.932742 0 -0.360546
vt 0.492297 0.891068
vt 0.492297 0.894078
vt 0.48986 0.895992
f 1801/1801/1801 1802/1802/1802 1803/1803/1803
v -0.227889 0.403755 0.009956
v -0.227889 0.405503 0.009956
v -0.227889 0.403754 -0.000366
vn -1 0 0
vn -1 0 0
vn -1 0 0
vt 0.035016 0.929959
vt 0.035016 0.934327
vt 0.02683 0.929956
f 1804/1804/1804 1805/1805/1805 1806/1806/1806
v -0.218248 0.395956 -0.016932
v -0.218248 0.394278 -0.016932
v -0.224776 0.40074 -0.008422
vn -0.793441 0 -0.608647
vn -0.793441 0 -0.608647
vn -0.793441 0 -0.608647
vt 0.759495 0.866338
vt 0.759495 0.863641
vt 0.766966 0.884819
f 1807/1807/1807 1808/1808/1808 1809/1809/1809
v 0.20529 0.381564 -0.025745
v 0.20529 0.383143 -0.025745
v 0.217469 0.394278 -0.016932
vn 0.586236 0 -0.81014
vn 0.586236 0 -0.81014
vn 0.586236 0 -0.81014
vt 0.508314 0.847743
vt 0.508314 0.850494
vt 0.499735 0.873363
f 1810/1810/1810 1811/1811/1811 1812/1812/1812
v 0.217469 0.394278 -0.016932
v 0.217469 0.395956 -0.016932
v 0.223997 0.40074 -0.008422
vn 0.793442 0 -0.608646
vn 0.793442 0 -0.608646
vn 0.793442 0 -0.608646
vt 0.499735 0.873363
vt 0.499735 0.876286
vt 0.492297 0.891068
f 1813/1813/1813 1814/1814/1814 1815/1815/1815
v -0.224776 0.402467 -0.008422
v -0.224776 0.40074 -0.008422
v -0.227889 0.403754 -0.000366
vn -0.93278 0 -0.360445
vn -0.93278 0 -0.360445
vn -0.93278 0 -0.360445
vt 0.766966 0.887596
vt 0.766966 0.884819
vt 0.769764 0.895619
f 1816/1816/1816 1817/1817/1817 1818/1818/1818
v -0.090578 0.327567 -0.044689
v -0.090578 0.328731 -0.044689
v 0.085027 0.327567 -0.044689
vn -0 -0 -1
vn -0 -0 -1
vn -0 -0 -1
vt 0.690133 0.763587
vt 0.6901 0.767583
vt 0.577462 0.75941
f 1819/1819/1819 1820/1820/1820 1821/1821/1821
v 0.084984 0.405503 0.009956
v 0.084983 0.403755 0.009956
v 0.170832 0.403755 0.009956
vn 0 -0 1
vn 0 -0 1
vn 0 -0 1
vt 0.277447 0.911563
vt 0.277465 0.906999
vt 0.352266 0.906986
f 1822/1822/1822 1823/1823/1823 1824/1824/1824
v -0.090566 0.405503 0.009956
v -0.090567 0.403755 0.009956
v 0.084983 0.403755 0.009956
vn 0 -0 1
vn 0 -0 1
vn 0 -0 1
vt 0.156984 0.910999
vt 0.156942 0.906416
vt 0.277465 0.906999
f 1825/1825/1825 1826/1826/1826 1827/1827/1827
v -0.125602 0.327567 -0.044689
v -0.125602 0.328731 -0.044689
v -0.090578 0.327567 -0.044689
vn -0 -0 -1
vn -0 -0 -1
vn -0 -0 -1
vt 0.710219 0.762345
vt 0.710176 0.765752
vt 0.690133 0.763587
f 1828/1828/1828 1829/1829/1829 1830/1830/1830
v -0.169311 0.405503 0.009956
v -0.169311 0.403755 0.009956
v -0.090567 0.403755 0.009956
vn 0 -0 1
vn 0 -0 1
vn 0 -0 1
vt 0.093502 0.910662
vt 0.093459 0.90635
vt 0.156942 0.906416
f 1831/1831/1831 1832/1832/1832 1833/1833/1833
v -0.150868 0.327567 -0.044689
v -0.150868 0.328731 -0.044689
v -0.125602 0.327567 -0.044689
vn -0 -0 -1
vn -0 -0 -1
vn -0 -0 -1
vt 0.726745 0.762671
vt 0.726759 0.76613
vt 0.710219 0.762345
f 1834/1834/1834 1835/1835/1835 1836/1836/1836
v 0.085027 0.327567 -0.044689
v 0.085027 0.328731 -0.044689
v 0.124803 0.327567 -0.044689
vn -0 -0 -1
vn -0 -0 -1
vn -0 -0 -1
vt 0.577462 0.75941
vt 0.577511 0.76345
vt 0.557549 0.760469
f 1837/1837/1837 1838/1838/1838 1839/1839/1839
v 0.170832 0.405503 0.009956
v 0.170832 0.403755 0.009956
v 0.225405 0.403755 0.009956
vn 0 -0 1
vn 0 -0 1
vn 0 -0 1
vt 0.352227 0.911245
vt 0.352266 0.906986
vt 0.394322 0.906847
f 1840/1840/1840 1841/1841/1841 1842/1842/1842
v 0.124803 0.327567 -0.044689
v 0.124803 0.328731 -0.044689
v 0.150088 0.327567 -0.044689
vn -0 -0 -1
vn -0 -0 -1
vn -0 -0 -1
vt 0.557549 0.760469
vt 0.557598 0.763972
vt 0.541117 0.760392
f 1843/1843/1843 1844/1844/1844 1845/1845/1845
v 0.225405 0.405503 0.009956
v 0.225405 0.403755 0.009956
v 0.227111 0.403755 0.009956
vn 0 -0 1
vn 0 -0 1
vn 0 -0 1
vt 0.394327 0.911282
vt 0.394322 0.906847
vt 0.395764 0.906783
f 1846/1846/1846 1847/1847/1847 1848/1848/1848
v -0.226114 0.405503 0.009956
v -0.226114 0.403755 0.009956
v -0.169311 0.403755 0.009956
vn 0 -0 1
vn 0 -0 1
vn 0 -0 1
vt 0.049818 0.910336
vt 0.049846 0.90582
vt 0.093459 0.90635
f 1849/1849/1849 1850/1850/1850 1851/1851/1851
v -0.151657 0.327567 -0.044689
v -0.151657 0.328731 -0.044689
v -0.150868 0.327567 -0.044689
vn -0 -0 -1
vn -0 -0 -1
vn -0 -0 -1
vt 0.727389 0.762603
vt 0.727393 0.766123
vt 0.726745 0.762671
f 1852/1852/1852 1853/1853/1853 1854/1854/1854
v -0.16227 0.119454 -0.029753
v -0.16227 0.136829 -0.029753
v -0.151657 0.129806 -0.044689
vn -0.815166 -0 -0.579228
vn -0.815166 -0 -0.579228
vn -0.815166 -0 -0.579228
vt 0.734745 0.386859
vt 0.736334 0.438032
vt 0.727675 0.398377
f 1855/1855/1855 1856/1856/1856 1857/1857/1857
v 0.150088 0.129806 -0.044689
v 0.150088 0.144021 -0.044689
v 0.150879 0.129806 -0.044689
vn -0 -0 -1
vn -0 -0 -1
vn -0 -0 -1
vt 0.540735 0.398467
vt 0.540807 0.443645
vt 0.54012 0.398411
f 1858/1858/1858 1859/1859/1859 1860/1860/1860
v 0.227111 0.054891 -0.000366
v 0.227111 0.092013 -0.000366
v 0.227111 0.054895 0.009956
vn 1 0 0
vn 1 0 0
vn 1 0 0
vt 0.419196 0.09105
vt 0.418433 0.183477
vt 0.411497 0.09106
f 1861/1861/1861 1862/1862/1862 1863/1863/1863
v -0.226116 0.054895 0.009956
v -0.226116 0.09207 0.009956
v -0.227889 0.054895 0.009956
vn -0 0 1
vn -0 0 1
vn -0 0 1
vt 0.049589 0.128219
vt 0.049656 0.210998
vt 0.04816 0.128193
f 1864/1864/1864 1865/1865/1865 1866/1866/1866
v -0.188616 0.093884 -0.030059
v -0.188616 0.119062 -0.030059
v -0.16227 0.119454 -0.029753
vn 0.0116139 0 -0.999933
vn 0.0116139 0 -0.999933
vn 0.0116139 0 -0.999933
vt 0.743778 0.362507
vt 0.743778 0.402969
vt 0.734745 0.386859
f 1867/1867/1867 1868/1868/1868 1869/1869/1869
v 0.161491 0.136825 -0.029753
v 0.161491 0.119454 -0.029753
v 0.150879 0.129806 -0.044689
vn 0.815191 0 -0.579192
vn 0.815191 0 -0.579192
vn 0.815191 0 -0.579192
vt 0.527852 0.402542
vt 0.527749 0.376269
vt 0.53757 0.395079
f 1870/1870/1870 1871/1871/1871 1872/1872/1872
v 0.187837 0.119087 -0.030059
v 0.187837 0.093886 -0.030059
v 0.161491 0.119454 -0.029753
vn -0.0116139 0 -0.999933
vn -0.0116139 0 -0.999933
vn -0.0116139 0 -0.999933
vt 0.519394 0.384233
vt 0.519812 0.356466
vt 0.527749 0.376269
f 1873/1873/1873 1874/1874/1874 1875/1875/1875
v -0.206069 0.076709 -0.025745
v -0.206069 0.107137 -0.025745
v -0.188616 0.093884 -0.030059
vn -0.239956 -0 -0.970784
vn -0.239956 -0 -0.970784
vn -0.239956 -0 -0.970784
vt 0.753351 0.33204
vt 0.753294 0.387079
vt 0.743778 0.362507
f 1876/1876/1876 1877/1877/1877 1878/1878/1878
v 0.20529 0.107163 -0.025745
v 0.20529 0.076711 -0.025745
v 0.187837 0.093886 -0.030059
vn 0.239956 0 -0.970784
vn 0.239956 0 -0.970784
vn 0.239956 0 -0.970784
vt 0.505099 0.378906
vt 0.505518 0.321272
vt 0.519812 0.356466
f 1879/1879/1879 1880/1880/1880 1881/1881/1881
v -0.218248 0.064205 -0.016932
v -0.218248 0.098443 -0.016932
v -0.206069 0.076709 -0.025745
vn -0.586236 -0 -0.81014
vn -0.586236 -0 -0.81014
vn -0.586236 -0 -0.81014
vt 0.760627 0.306448
vt 0.760703 0.375785
vt 0.753351 0.33204
f 1882/1882/1882 1883/1883/1883 1884/1884/1884
v 0.227111 0.092013 -0.000366
v 0.227111 0.054891 -0.000366
v 0.223997 0.057853 -0.008422
vn 0.932742 0 -0.360546
vn 0.932742 0 -0.360546
vn 0.932742 0 -0.360546
vt 0.488986 0.328996
vt 0.488947 0.273421
vt 0.492114 0.27994
f 1885/1885/1885 1886/1886/1886 1887/1887/1887
v -0.227889 0.092043 -0.000366
v -0.227889 0.054893 -0.000366
v -0.227889 0.054895 0.009956
vn -1 0 -0
vn -1 0 -0
vn -1 0 -0
vt 0.026904 0.188806
vt 0.027107 0.089408
vt 0.035294 0.089413
f 1888/1888/1888 1889/1889/1889 1890/1890/1890
v -0.224776 0.057851 -0.008422
v -0.224776 0.094033 -0.008422
v -0.218248 0.064205 -0.016932
vn -0.793441 -0 -0.608647
vn -0.793441 -0 -0.608647
vn -0.793441 -0 -0.608647
vt 0.767308 0.295241
vt 0.767291 0.360992
vt 0.760627 0.306448
f 1891/1891/1891 1892/1892/1892 1893/1893/1893
v 0.217469 0.098461 -0.016932
v 0.217469 0.064206 -0.016932
v 0.20529 0.076711 -0.025745
vn 0.586236 0 -0.81014
vn 0.586236 0 -0.81014
vn 0.586236 0 -0.81014
vt 0.499378 0.363048
vt 0.500234 0.29385
vt 0.505518 0.321272
f 1894/1894/1894 1895/1895/1895 1896/1896/1896
v 0.223997 0.094059 -0.008422
v 0.223997 0.057853 -0.008422
v 0.217469 0.064206 -0.016932
vn 0.793442 0 -0.608646
vn 0.793442 0 -0.608646
vn 0.793442 0 -0.608646
vt 0.492025 0.342483
vt 0.492114 0.27994
vt 0.500234 0.29385
f 1897/1897/1897 1898/1898/1898 1899/1899/1899
v -0.227889 0.054893 -0.000366
v -0.227889 0.092043 -0.000366
v -0.224776 0.057851 -0.008422
vn -0.93278 -0 -0.360445
vn -0.93278 -0 -0.360445
vn -0.93278 -0 -0.360445
vt 0.76949 0.275195
vt 0.769967 0.359545
vt 0.767308 0.295241
f 1900/1900/1900 1901/1901/1901 1902/1902/1902
v -0.090578 0.144649 -0.031643
v -0.090578 0.144738 -0.029795
v -0.090578 0.130524 -0.029795
vn 1 -0 0
vn 1 -0 0
vn 1 -0 0
vt 0.557107 0.355714
vt 0.557575 0.356742
vt 0.557251 0.358542
f 1903/1903/1903 1904/1904/1904 1905/1905/1905
v 0.170841 0.054895 0.009956
v 0.170823 0.09207 0.009956
v 0.085006 0.054895 0.009956
vn -0 0 1
vn -0 0 1
vn -0 0 1
vt 0.35212 0.129198
vt 0.351806 0.212467
vt 0.286111 0.129061
f 1906/1906/1906 1907/1907/1907 1908/1908/1908
v 0.085006 0.054895 0.009956
v 0.084959 0.09207 0.009956
v -0.090671 0.054895 0.009956
vn -0 0 1
vn -0 0 1
vn -0 0 1
vt 0.286111 0.129061
vt 0.285493 0.214157
vt 0.154137 0.127914
f 1909/1909/1909 1910/1910/1910 1911/1911/1911
v -0.125602 0.129806 -0.044689
v -0.125602 0.144021 -0.044689
v -0.090578 0.129806 -0.044689
vn -0 -0 -1
vn -0 -0 -1
vn -0 -0 -1
vt 0.710278 0.39891
vt 0.710204 0.44189
vt 0.689994 0.398676
f 1912/1912/1912 1913/1913/1913 1914/1914/1914
v -0.090671 0.054895 0.009956
v -0.090688 0.09207 0.009956
v -0.169356 0.054895 0.009956
vn -0 0 1
vn -0 0 1
vn -0 0 1
vt 0.154137 0.127914
vt 0.153968 0.212638
vt 0.093227 0.128017
f 1915/1915/1915 1916/1916/1916 1917/1917/1917
v -0.150868 0.129806 -0.044689
v -0.150868 0.144021 -0.044689
v -0.125602 0.129806 -0.044689
vn -0 -0 -1
vn -0 -0 -1
vn -0 -0 -1
vt 0.725493 0.39945
vt 0.725315 0.442186
vt 0.710278 0.39891
f 1918/1918/1918 1919/1919/1919 1920/1920/1920
v 0.085027 0.129806 -0.044689
v 0.085027 0.144021 -0.044689
v 0.124803 0.129806 -0.044689
vn -0 -0 -1
vn -0 -0 -1
vn -0 -0 -1
vt 0.576886 0.398486
vt 0.576912 0.442339
vt 0.557339 0.398871
f 1921/1921/1921 1922/1922/1922 1923/1923/1923
v 0.225405 0.054895 0.009956
v 0.225405 0.09207 0.009956
v 0.170841 0.054895 0.009956
vn -0 0 1
vn -0 0 1
vn -0 0 1
vt 0.3944 0.128992
vt 0.394313 0.211351
vt 0.35212 0.129198
f 1924/1924/1924 1925/1925/1925 1926/1926/1926
v 0.124803 0.129806 -0.044689
v 0.124803 0.144021 -0.044689
v 0.150088 0.129806 -0.044689
vn -0 -0 -1
vn -0 -0 -1
vn -0 -0 -1
vt 0.557339 0.398871
vt 0.557281 0.442469
vt 0.540735 0.398467
f 1927/1927/1927 1928/1928/1928 1929/1929/1929
v 0.227111 0.054895 0.009956
v 0.227111 0.09207 0.009956
v 0.225405 0.054895 0.009956
vn -0 0 1
vn -0 0 1
vn -0 0 1
vt 0.395766 0.129038
vt 0.395758 0.211526
vt 0.3944 0.128992
f 1930/1930/1930 1931/1931/1931 1932/1932/1932
v -0.169356 0.054895 0.009956
v -0.169363 0.09207 0.009956
v -0.226116 0.054895 0.009956
vn -0 0 1
vn -0 0 1
vn -0 0 1
vt 0.093227 0.128017
vt 0.093189 0.210737
vt 0.049589 0.128219
f 1933/1933/1933 1934/1934/1934 1935/1935/1935
v -0.151657 0.129806 -0.044689
v -0.151657 0.144021 -0.044689
v -0.150868 0.129806 -0.044689
vn -0 -0 -1
vn -0 -0 -1
vn -0 -0 -1
vt 0.726122 0.399373
vt 0.725962 0.442196
vt 0.725493 0.39945
f 1936/1936/1936 1937/1937/1937 1938/1938/1938
v -0.090578 0.129371 -0.029795
v -0.090578 0.130524 -0.029795
v 0.085027 0.129371 -0.029795
vn -0 -0 -1
vn -0 -0 -1
vn -0 -0 -1
vt 0.557227 0.358778
vt 0.557251 0.358542
vt 0.56302 0.359491
f 1939/1939/1939 1940/1940/1940 1941/1941/1941
v -0.090578 0.144738 -0.029795
v -0.090578 0.177032 -0.029795
v 0.085027 0.144738 -0.029795
vn -0 -0 -1
vn -0 -0 -1
vn -0 -0 -1
vt 0.557575 0.356742
vt 0.558347 0.353428
vt 0.562721 0.357397
f 1942/1942/1942 1943/1943/1943 1944/1944/1944
v -0.090578 0.130524 -0.029795
v -0.090578 0.144738 -0.029795
v 0.085027 0.130524 -0.029795
vn -0 -0 -1
vn -0 -0 -1
vn -0 -0 -1
vt 0.557251 0.358542
vt 0.557575 0.356742
vt 0.563002 0.359249
f 1945/1945/1945 1946/1946/1946 1947/1947/1947
v 0.085027 0.129371 -0.029795
v 0.084893 0.118045 -0.029753
v -0.090578 0.129371 -0.029795
vn 0 -0.00370833 -0.999993
vn 0 -0.00370833 -0.999993
vn 0 -0.00370833 -0.999993
vt 0.56302 0.359491
vt 0.563371 0.361358
vt 0.557227 0.358778
f 1948/1948/1948 1949/1949/1949 1950/1950/1950
v -0.090578 0.130434 -0.031643
v -0.090578 0.130524 -0.029795
v -0.090578 0.129371 -0.029795
vn 1 -0 0
vn 1 -0 0
vn 1 -0 0
vt 0.556673 0.357346
vt 0.557251 0.358542
vt 0.557227 0.358778
f 1951/1951/1951 1952/1952/1952 1953/1953/1953
v -0.090578 0.177032 -0.029795
v -0.090578 0.176943 -0.031643
v 0.085027 0.177032 -0.029795
vn 0 -0.998843 0.0480989
vn 0 -0.998843 0.0480989
vn 0 -0.998843 0.0480989
vt 0.558347 0.353428
vt 0.558104 0.352303
vt 0.561985 0.354468
f 1954/1954/1954 1955/1955/1955 1956/1956/1956
v 0.085027 0.130524 -0.029795
v 0.085027 0.130434 -0.031643
v 0.085027 0.129371 -0.029795
vn -1 0 0
vn -1 0 0
vn -1 0 0
vt 0.563002 0.359249
vt 0.563608 0.358135
vt 0.56302 0.359491
f 1957/1957/1957 1958/1958/1958 1959/1959/1959
v 0.085027 0.176943 -0.031643
v 0.085027 0.176314 -0.044689
v 0.085027 0.144649 -0.031643
vn -1 0 0
vn -1 0 0
vn -1 0 0
vt 0.562249 0.353189
vt 0.565043 0.341568
vt 0.563191 0.356448
f 1960/1960/1960 1961/1961/1961 1962/1962/1962
v -0.090578 0.176314 -0.044689
v -0.090578 0.176943 -0.031643
v -0.090578 0.144649 -0.031643
vn 1 -0 0
vn 1 -0 0
vn 1 -0 0
vt 0.555531 0.341568
vt 0.558104 0.352303
vt 0.557107 0.355714
f 1963/1963/1963 1964/1964/1964 1965/1965/1965
v 0.085027 0.144649 -0.031643
v 0.085027 0.144021 -0.044689
v 0.085027 0.130434 -0.031643
vn -1 0 0
vn -1 0 0
vn -1 0 0
vt 0.563191 0.356448
vt 0.566672 0.346596
vt 0.563608 0.358135
f 1966/1966/1966 1967/1967/1967 1968/1968/1968
v -0.090578 0.144021 -0.044689
v -0.090578 0.144649 -0.031643
v -0.090578 0.130434 -0.031643
vn 1 -0 0
vn 1 -0 0
vn 1 -0 0
vt 0.553916 0.345982
vt 0.557107 0.355714
vt 0.556673 0.357346
f 1969/1969/1969 1970/1970/1970 1971/1971/1971
v -0.090578 0.129806 -0.044689
v -0.090578 0.130434 -0.031643
v -0.090578 0.129282 -0.031643
vn 1 -0 0
vn 1 -0 0
vn 1 -0 0
vt 0.553331 0.347764
vt 0.556673 0.357346
vt 0.556626 0.357508
f 1972/1972/1972 1973/1973/1973 1974/1974/1974
v -0.090578 0.176943 -0.031643
v -0.090578 0.176314 -0.044689
v 0.085027 0.176943 -0.031643
vn 0 -0.99884 0.0481587
vn 0 -0.99884 0.0481587
vn 0 -0.99884 0.0481587
vt 0.558104 0.352303
vt 0.555531 0.341568
vt 0.562249 0.353189
f 1975/1975/1975 1976/1976/1976 1977/1977/1977
v 0.085027 0.130434 -0.031643
v 0.085027 0.129806 -0.044689
v 0.085027 0.129282 -0.031643
vn -1 0 0
vn -1 0 0
vn -1 0 0
vt 0.563608 0.358135
vt 0.567255 0.348551
vt 0.563654 0.358308
f 1978/1978/1978 1979/1979/1979 1980/1980/1980
