# Blender 4.0.2
# www.blender.org
mtllib Phone charger.mtl
o Phone_charger
v -0.042354 0.383519 0.050523
v -0.042354 0.382682 0.049686
v -0.042991 0.379155 0.053214
v -0.042991 0.379992 0.054051
v -0.040487 0.386821 0.047221
v -0.040487 0.385985 0.046384
v -0.037507 0.389686 0.044356
v -0.037507 0.388850 0.043519
v -0.033605 0.391931 0.042111
v -0.033605 0.391094 0.041274
v -0.029032 0.393411 0.040631
v -0.029032 0.392574 0.039794
v -0.042991 0.264012 0.170030
v -0.042991 0.263175 0.169193
v -0.033605 0.252073 0.181969
v -0.033605 0.251236 0.181132
v -0.029032 0.249755 0.182613
v -0.029032 0.250592 0.183450
v -0.037507 0.254317 0.179725
v -0.037507 0.253480 0.178888
v -0.040487 0.257182 0.176860
v -0.040487 0.256345 0.176023
v -0.042354 0.260484 0.173558
v -0.042354 0.259648 0.172721
v -0.042922 0.264378 0.170396
v -0.042922 0.380358 0.054417
v -0.042723 0.264719 0.170737
v -0.042723 0.380699 0.054758
v -0.042405 0.265012 0.171030
v -0.042405 0.380992 0.055051
v -0.041991 0.265237 0.171255
v -0.041991 0.381216 0.055275
v -0.041508 0.265378 0.171396
v -0.041508 0.381358 0.055417
v -0.040991 0.265427 0.171444
v -0.040991 0.381406 0.055465
v -0.028436 0.253357 0.183514
v -0.032549 0.254688 0.182183
v -0.032823 0.254329 0.182445
v -0.028591 0.252959 0.183815
v -0.036058 0.256707 0.180164
v -0.036433 0.256406 0.180368
v -0.038738 0.259284 0.177587
v -0.039191 0.259058 0.177717
v -0.040418 0.262254 0.174617
v -0.040919 0.262114 0.174661
v -0.033077 0.253898 0.182594
v -0.028734 0.252492 0.184000
v -0.036782 0.256030 0.180462
v -0.039613 0.258751 0.177741
v -0.041386 0.261887 0.174605
v -0.033296 0.253425 0.182618
v -0.028858 0.251988 0.184054
v -0.037082 0.255603 0.180439
v -0.039975 0.258384 0.177659
v -0.041787 0.261588 0.174454
v -0.033464 0.252941 0.182516
v -0.028952 0.251480 0.183976
v -0.037313 0.255155 0.180301
v -0.040252 0.257982 0.177475
v -0.042095 0.261239 0.174217
v -0.033569 0.252480 0.182294
v -0.029012 0.251004 0.183770
v -0.037457 0.254717 0.180058
v -0.040427 0.257572 0.177202
v -0.042288 0.260863 0.173912
v 0.014753 0.248214 0.185828
v 0.014753 0.247377 0.184991
v 0.029032 0.249755 0.182613
v 0.029032 0.250592 0.183450
v 0.018187 0.248645 0.185398
v 0.000317 0.247383 0.186659
v 0.000317 0.246546 0.185822
v 0.013966 0.248128 0.185914
v 0.003194 0.247422 0.186620
v -0.013654 0.248095 0.185947
v -0.013654 0.247258 0.185110
v -0.001496 0.247391 0.186651
v -0.012478 0.247978 0.186064
v -0.023409 0.249471 0.184571
v -0.027023 0.249327 0.183041
v -0.023393 0.249884 0.184890
v -0.023344 0.250362 0.185094
v -0.023266 0.250873 0.185169
v -0.023165 0.251382 0.185110
v -0.023047 0.251854 0.184920
v -0.022921 0.252257 0.184614
v -0.012469 0.248392 0.186383
v -0.012442 0.248873 0.186584
v -0.012400 0.249388 0.186654
v -0.012345 0.249903 0.186588
v -0.012280 0.250383 0.186392
v -0.012211 0.250794 0.186077
v -0.001494 0.247805 0.186969
v -0.001491 0.248288 0.187169
v -0.001486 0.248805 0.187237
v -0.001479 0.249323 0.187169
v -0.001471 0.249805 0.186969
v -0.001463 0.250219 0.186651
v 0.003191 0.247836 0.186938
v 0.003185 0.248318 0.187138
v 0.003173 0.248836 0.187207
v 0.003159 0.249353 0.187139
v 0.003142 0.249835 0.186939
v 0.003124 0.250249 0.186621
v 0.013956 0.248542 0.186233
v 0.013927 0.249022 0.186434
v 0.013879 0.249537 0.186505
v 0.013818 0.250052 0.186440
v 0.013746 0.250530 0.186244
v 0.013669 0.250941 0.185930
v 0.018173 0.249058 0.185716
v 0.018135 0.249538 0.185919
v 0.018074 0.250051 0.185991
v 0.017994 0.250563 0.185928
v 0.017902 0.251039 0.185735
v 0.017802 0.251447 0.185424
v 0.029012 0.251004 0.183770
v 0.028952 0.251480 0.183976
v 0.028858 0.251988 0.184054
v 0.028734 0.252492 0.184000
v 0.028591 0.252959 0.183815
v 0.028436 0.253357 0.183514
v 0.042354 0.260484 0.173558
v 0.042354 0.259648 0.172721
v 0.042991 0.263175 0.169193
v 0.042991 0.264012 0.170030
v 0.040487 0.257182 0.176860
v 0.040487 0.256345 0.176023
v 0.037507 0.254317 0.179725
v 0.037507 0.253480 0.178888
v 0.033605 0.252073 0.181969
v 0.033605 0.251236 0.181132
v 0.040991 0.265427 0.171444
v 0.040418 0.262254 0.174617
v 0.040919 0.262114 0.174661
v 0.041508 0.265378 0.171396
v 0.038738 0.259284 0.177587
v 0.039191 0.259058 0.177717
v 0.036058 0.256707 0.180164
v 0.036433 0.256406 0.180368
v 0.032549 0.254688 0.182183
v 0.032823 0.254329 0.182445
v 0.041386 0.261887 0.174605
v 0.041991 0.265237 0.171255
v 0.039613 0.258751 0.177741
v 0.036782 0.256030 0.180462
v 0.033077 0.253898 0.182594
v 0.041787 0.261588 0.174454
v 0.042405 0.265012 0.171030
v 0.039975 0.258384 0.177659
v 0.037082 0.255603 0.180439
v 0.033296 0.253425 0.182618
v 0.042095 0.261239 0.174217
v 0.042723 0.264719 0.170737
v 0.040252 0.257982 0.177475
v 0.037313 0.255155 0.180301
v 0.033464 0.252941 0.182516
v 0.042288 0.260863 0.173912
v 0.042922 0.264378 0.170396
v 0.040427 0.257572 0.177202
v 0.037457 0.254717 0.180058
v 0.033569 0.252480 0.182294
v 0.042991 0.379992 0.054051
v 0.042991 0.379155 0.053214
v 0.033605 0.391931 0.042111
v 0.033605 0.391094 0.041274
v 0.029032 0.392574 0.039794
v 0.029032 0.393411 0.040631
v 0.037507 0.389686 0.044356
v 0.037507 0.388850 0.043519
v 0.040487 0.386821 0.047221
v 0.040487 0.385985 0.046384
v 0.042354 0.383519 0.050523
v 0.042354 0.382682 0.049686
v 0.042922 0.380358 0.054417
v 0.042723 0.380699 0.054758
v 0.042405 0.380992 0.055051
v 0.041991 0.381216 0.055275
v 0.041508 0.381358 0.055417
v 0.040991 0.381406 0.055465
v -0.018190 0.395359 0.038683
v -0.027024 0.393002 0.039366
v -0.013657 0.395909 0.038134
v -0.013657 0.395072 0.037297
v -0.013963 0.395876 0.038166
v 0.000312 0.396621 0.037421
v 0.000312 0.395784 0.036584
v -0.003187 0.396582 0.037460
v 0.014748 0.395791 0.038252
v 0.014748 0.394954 0.037415
v 0.001502 0.396613 0.037430
v 0.012483 0.396026 0.038017
v 0.023416 0.394531 0.039511
v -0.040418 0.384579 0.052292
v -0.040919 0.384622 0.052152
v -0.038738 0.387549 0.049322
v -0.039191 0.387678 0.049096
v -0.036058 0.390125 0.046745
v -0.036433 0.390330 0.046445
v -0.032549 0.392144 0.044726
v -0.032823 0.392407 0.044367
v -0.028436 0.393476 0.043395
v -0.028591 0.393777 0.042997
v -0.041386 0.384567 0.051925
v -0.039613 0.387703 0.048789
v -0.036782 0.390424 0.046068
v -0.033077 0.392555 0.043936
v -0.028734 0.393961 0.042531
v -0.041787 0.384415 0.051627
v -0.039975 0.387620 0.048422
v -0.037082 0.390401 0.045641
v -0.033296 0.392579 0.043463
v -0.028858 0.394016 0.042026
v -0.042095 0.384179 0.051277
v -0.040252 0.387437 0.048020
v -0.037313 0.390263 0.045194
v -0.033464 0.392477 0.042979
v -0.028952 0.393938 0.041519
v -0.042288 0.383873 0.050901
v -0.040427 0.387164 0.047610
v -0.037457 0.390019 0.044755
v -0.033569 0.392256 0.042518
v -0.029012 0.393731 0.041043
v 0.023399 0.394850 0.039924
v 0.029012 0.393731 0.041043
v 0.023351 0.395055 0.040402
v 0.028952 0.393938 0.041519
v 0.023273 0.395129 0.040913
v 0.028858 0.394016 0.042026
v 0.023172 0.395070 0.041422
v 0.028734 0.393961 0.042531
v 0.023054 0.394881 0.041894
v 0.028591 0.393777 0.042997
v 0.022928 0.394574 0.042297
v 0.028436 0.393476 0.043395
v 0.012474 0.396344 0.038430
v 0.012448 0.396545 0.038911
v 0.012405 0.396615 0.039427
v 0.012350 0.396550 0.039942
v 0.012286 0.396353 0.040421
v 0.012217 0.396038 0.040832
v 0.001501 0.396931 0.037844
v 0.001498 0.397130 0.038326
v 0.001493 0.397199 0.038844
v 0.001486 0.397130 0.039361
v 0.001478 0.396931 0.039844
v 0.001470 0.396613 0.040258
v -0.003184 0.396900 0.037874
v -0.003177 0.397100 0.038357
v -0.003166 0.397168 0.038874
v -0.003152 0.397100 0.039391
v -0.003135 0.396901 0.039874
v -0.003117 0.396583 0.040288
v -0.013953 0.396195 0.038579
v -0.013923 0.396396 0.039060
v -0.013876 0.396467 0.039575
v -0.013814 0.396402 0.040090
v -0.013743 0.396206 0.040568
v -0.013666 0.395892 0.040978
v -0.018177 0.395678 0.039097
v -0.018138 0.395880 0.039576
v -0.018077 0.395952 0.040090
v -0.017998 0.395890 0.040602
v -0.017905 0.395696 0.041078
v -0.017805 0.395385 0.041485
v 0.032549 0.392144 0.044726
v 0.032823 0.392407 0.044367
v 0.036058 0.390125 0.046745
v 0.036433 0.390330 0.046445
v 0.038738 0.387549 0.049322
v 0.039191 0.387678 0.049096
v 0.040418 0.384579 0.052292
v 0.040919 0.384622 0.052152
v 0.033077 0.392555 0.043936
v 0.036782 0.390424 0.046068
v 0.039613 0.387703 0.048789
v 0.041386 0.384567 0.051925
v 0.033296 0.392579 0.043463
v 0.037082 0.390401 0.045641
v 0.039975 0.387620 0.048422
v 0.041787 0.384415 0.051627
v 0.033464 0.392477 0.042979
v 0.037313 0.390263 0.045194
v 0.040252 0.387437 0.048020
v 0.042095 0.384179 0.051277
v 0.033569 0.392256 0.042518
v 0.037457 0.390019 0.044755
v 0.040427 0.387164 0.047610
v 0.042288 0.383873 0.050901
v -0.013739 0.308981 0.127890
v -0.013739 0.337852 0.099019
v -0.013636 0.338401 0.098470
v -0.013337 0.338912 0.097958
v -0.012860 0.339352 0.097519
v -0.012239 0.339689 0.097182
v -0.011515 0.339901 0.096970
v -0.010739 0.339973 0.096898
v 0.010739 0.339973 0.096898
v 0.011515 0.339901 0.096970
v 0.012239 0.339689 0.097182
v 0.012860 0.339352 0.097519
v 0.013337 0.338912 0.097958
v 0.013636 0.338401 0.098470
v 0.013739 0.337852 0.099019
v 0.013739 0.308981 0.127890
v 0.013636 0.308432 0.128439
v 0.013337 0.307920 0.128951
v 0.012860 0.307481 0.129390
v 0.012239 0.307143 0.129727
v 0.011515 0.306932 0.129939
v 0.010739 0.306859 0.130011
v -0.010739 0.306859 0.130011
v -0.011515 0.306932 0.129939
v -0.012239 0.307143 0.129727
v -0.012860 0.307481 0.129390
v -0.013337 0.307920 0.128951
v -0.013636 0.308432 0.128439
v -0.010739 0.306859 0.128597
v -0.011256 0.306907 0.128549
v -0.011265 0.307067 0.128755
v -0.010739 0.307018 0.128804
v -0.011739 0.307049 0.128408
v -0.011756 0.307211 0.128612
v -0.012153 0.307273 0.128183
v -0.012177 0.307439 0.128383
v -0.012471 0.307566 0.127890
v -0.012500 0.307737 0.128085
v -0.012670 0.307907 0.127549
v -0.012703 0.308084 0.127738
v -0.012739 0.308273 0.127183
v -0.012773 0.308456 0.127366
v -0.011291 0.307169 0.128994
v -0.010739 0.307118 0.129045
v -0.011806 0.307320 0.128843
v -0.012247 0.307560 0.128604
v -0.012587 0.307873 0.128291
v -0.012800 0.308236 0.127927
v -0.012873 0.308627 0.127537
v -0.011332 0.307207 0.129249
v -0.010739 0.307152 0.129304
v -0.011885 0.307369 0.129087
v -0.012360 0.307627 0.128829
v -0.012724 0.307963 0.128494
v -0.012953 0.308354 0.128103
v -0.013031 0.308773 0.127683
v -0.011386 0.307178 0.129503
v -0.010739 0.307118 0.129563
v -0.011989 0.307355 0.129326
v -0.012506 0.307636 0.129045
v -0.012904 0.308002 0.128679
v -0.013153 0.308428 0.128253
v -0.013239 0.308886 0.127795
v -0.011448 0.307084 0.129738
v -0.010739 0.307018 0.129804
v -0.012109 0.307278 0.129545
v -0.012677 0.307586 0.129237
v -0.013112 0.307987 0.128835
v -0.013386 0.308455 0.128368
v -0.013480 0.308957 0.127866
v 0.010739 0.307018 0.128804
v 0.010739 0.306859 0.128597
v 0.010739 0.307118 0.129045
v 0.010739 0.307152 0.129304
v 0.010739 0.307118 0.129563
v 0.010739 0.307018 0.129804
v -0.012773 0.337328 0.098495
v -0.012739 0.337145 0.098312
v -0.012873 0.337498 0.098665
v -0.013031 0.337645 0.098812
v -0.013239 0.337757 0.098924
v -0.013480 0.337828 0.098995
v -0.011256 0.298696 0.120337
v -0.010739 0.298648 0.120386
v -0.011739 0.298837 0.120196
v -0.012153 0.299062 0.119971
v -0.012471 0.299355 0.119679
v -0.012670 0.299696 0.119337
v -0.012739 0.300062 0.118971
v -0.012739 0.328933 0.090100
v -0.012670 0.337511 0.097946
v -0.012703 0.337700 0.098123
v -0.012471 0.337852 0.097605
v -0.012500 0.338047 0.097776
v -0.012153 0.338145 0.097312
v -0.012177 0.338345 0.097478
v -0.011739 0.338369 0.097087
v -0.011756 0.338573 0.097249
v -0.011256 0.338511 0.096946
v -0.011265 0.338717 0.097106
v -0.010739 0.338559 0.096898
v -0.010739 0.338766 0.097057
v -0.012800 0.337889 0.098275
v -0.012587 0.338253 0.097911
v -0.012247 0.338565 0.097598
v -0.011806 0.338805 0.097359
v -0.011291 0.338956 0.097208
v -0.010739 0.339007 0.097156
v -0.012953 0.338064 0.098392
v -0.012724 0.338455 0.098001
v -0.012360 0.338791 0.097665
v -0.011885 0.339049 0.097408
v -0.011332 0.339211 0.097246
v -0.010739 0.339266 0.097191
v -0.013153 0.338214 0.098467
v -0.012904 0.338641 0.098040
v -0.012506 0.339007 0.097674
v -0.011989 0.339288 0.097393
v -0.011386 0.339464 0.097217
v -0.010739 0.339525 0.097156
v -0.013386 0.338329 0.098493
v -0.013112 0.338797 0.098026
v -0.012677 0.339198 0.097624
v -0.012109 0.339506 0.097316
v -0.011448 0.339700 0.097123
v -0.010739 0.339766 0.097057
v -0.012670 0.329299 0.089734
v -0.012471 0.329640 0.089393
v -0.012153 0.329933 0.089100
v -0.011739 0.330158 0.088876
v -0.011256 0.330299 0.088734
v -0.010739 0.330347 0.088686
v 0.010739 0.338766 0.097057
v 0.010739 0.338559 0.096898
v 0.010739 0.339007 0.097156
v 0.010739 0.339266 0.097191
v 0.010739 0.339525 0.097156
v 0.010739 0.339766 0.097057
v 0.010739 0.330347 0.088686
v 0.011256 0.338511 0.096946
v 0.011265 0.338717 0.097106
v 0.011739 0.338369 0.097087
v 0.011756 0.338573 0.097249
v 0.012153 0.338145 0.097312
v 0.012177 0.338345 0.097478
v 0.012471 0.337852 0.097605
v 0.012500 0.338047 0.097776
v 0.012670 0.337511 0.097946
v 0.012703 0.337700 0.098123
v 0.012739 0.337145 0.098312
v 0.012773 0.337328 0.098495
v 0.011291 0.338956 0.097208
v 0.011806 0.338805 0.097359
v 0.012247 0.338565 0.097598
v 0.012587 0.338253 0.097911
v 0.012800 0.337889 0.098275
v 0.012873 0.337498 0.098665
v 0.011332 0.339211 0.097246
v 0.011885 0.339049 0.097408
v 0.012360 0.338791 0.097665
v 0.012724 0.338455 0.098001
v 0.012953 0.338064 0.098392
v 0.013031 0.337645 0.098812
v 0.011386 0.339464 0.097217
v 0.011989 0.339288 0.097393
v 0.012506 0.339007 0.097674
v 0.012904 0.338641 0.098040
v 0.013153 0.338214 0.098467
v 0.013239 0.337757 0.098924
v 0.011448 0.339700 0.097123
v 0.012109 0.339506 0.097316
v 0.012677 0.339198 0.097624
v 0.013112 0.338797 0.098026
v 0.013386 0.338329 0.098493
v 0.013480 0.337828 0.098995
v 0.011256 0.330299 0.088734
v 0.011739 0.330158 0.088876
v 0.012153 0.329933 0.089100
v 0.012471 0.329640 0.089393
v 0.012670 0.329299 0.089734
v 0.012739 0.328933 0.090100
v 0.012773 0.308456 0.127366
v 0.012739 0.308273 0.127183
v 0.012873 0.308627 0.127537
v 0.013031 0.308773 0.127683
v 0.013239 0.308886 0.127795
v 0.013480 0.308957 0.127866
v 0.010739 0.298648 0.120386
v 0.011256 0.298696 0.120337
v 0.011739 0.298837 0.120196
v 0.012153 0.299062 0.119971
v 0.012471 0.299355 0.119679
v 0.012670 0.299696 0.119337
v 0.012739 0.300062 0.118971
v 0.012670 0.307907 0.127549
v 0.012471 0.307566 0.127890
v 0.012153 0.307273 0.128183
v 0.011739 0.307049 0.128408
v 0.011256 0.306907 0.128549
v 0.012703 0.308084 0.127738
v 0.012500 0.307737 0.128085
v 0.012177 0.307439 0.128383
v 0.011756 0.307211 0.128612
v 0.011265 0.307067 0.128755
v 0.012800 0.308236 0.127927
v 0.012587 0.307873 0.128291
v 0.012247 0.307560 0.128604
v 0.011806 0.307320 0.128843
v 0.011291 0.307169 0.128994
v 0.012953 0.308354 0.128103
v 0.012724 0.307963 0.128494
v 0.012360 0.307627 0.128829
v 0.011885 0.307369 0.129087
v 0.011332 0.307207 0.129249
v 0.013153 0.308428 0.128253
v 0.012904 0.308002 0.128679
v 0.012506 0.307636 0.129045
v 0.011989 0.307355 0.129326
v 0.011386 0.307178 0.129503
v 0.013386 0.308455 0.128368
v 0.013112 0.307987 0.128835
v 0.012677 0.307586 0.129237
v 0.012109 0.307278 0.129545
v 0.011448 0.307084 0.129738
v -0.039341 0.390085 0.042284
v -0.042701 0.386855 0.045514
v -0.044806 0.383132 0.049236
v -0.045524 0.379155 0.053214
v -0.045524 0.263175 0.169193
v -0.044806 0.259198 0.173170
v -0.042701 0.255475 0.176893
v -0.039341 0.252245 0.180123
v -0.034943 0.249715 0.182654
v -0.029787 0.248046 0.184323
v -0.015343 0.245630 0.186739
v -0.000725 0.244756 0.187612
v 0.013447 0.245427 0.186941
v 0.026976 0.247454 0.184914
v 0.029787 0.248046 0.184323
v 0.034943 0.249715 0.182654
v 0.039341 0.252245 0.180123
v 0.042701 0.255475 0.176893
v 0.044806 0.259198 0.173170
v 0.045524 0.263175 0.169193
v 0.045524 0.379155 0.053214
v 0.044806 0.383132 0.049236
v 0.042701 0.386855 0.045514
v 0.039341 0.390085 0.042284
v 0.034943 0.392615 0.039753
v 0.029787 0.394284 0.038084
v 0.015343 0.396700 0.035668
v 0.000725 0.397574 0.034795
v -0.013447 0.396903 0.035466
v -0.026976 0.394876 0.037493
v -0.029787 0.394284 0.038084
v -0.034943 0.392615 0.039753
v -0.045524 0.379992 0.054051
v -0.045524 0.264012 0.170030
v -0.045025 0.260687 0.173355
v -0.042701 0.256312 0.177730
v -0.043550 0.257510 0.176533
v -0.039341 0.253082 0.180960
v -0.041166 0.254622 0.179420
v -0.034127 0.250210 0.183832
v -0.037978 0.252152 0.181890
v -0.029787 0.248883 0.185160
v -0.015343 0.246467 0.187576
v -0.018999 0.246932 0.187110
v -0.000725 0.245593 0.188449
v -0.014898 0.246417 0.187625
v -0.004191 0.245657 0.188385
v 0.013447 0.246264 0.187778
v 0.000333 0.245592 0.188451
v 0.011236 0.246062 0.187980
v 0.022096 0.247404 0.186639
v 0.029787 0.248883 0.185160
v 0.034127 0.250210 0.183832
v 0.039341 0.253082 0.180960
v 0.037978 0.252152 0.181890
v 0.042701 0.256312 0.177730
v 0.041166 0.254622 0.179420
v 0.045025 0.260687 0.173355
v 0.043550 0.257510 0.176533
v 0.045524 0.264012 0.170030
v 0.045524 0.379992 0.054051
v 0.045025 0.383317 0.050725
v 0.042701 0.387692 0.046351
v 0.043550 0.386494 0.047548
v 0.039341 0.390922 0.043121
v 0.041166 0.389382 0.044660
v 0.034127 0.393794 0.040248
v 0.037978 0.391852 0.042190
v 0.029787 0.395121 0.038921
v 0.015343 0.397537 0.036505
v 0.018999 0.397072 0.036970
v 0.000725 0.398411 0.035631
v 0.014898 0.397587 0.036455
v 0.004191 0.398347 0.035695
v -0.013447 0.397740 0.036303
v -0.000333 0.398412 0.035630
v -0.011236 0.397942 0.036100
v -0.022096 0.396600 0.037442
v -0.029787 0.395121 0.038921
v -0.034127 0.393794 0.040248
v -0.039341 0.390922 0.043121
v -0.037978 0.391852 0.042190
v -0.042701 0.387692 0.046351
v -0.041166 0.389382 0.044660
v -0.045025 0.383317 0.050725
v -0.043550 0.386494 0.047548
v 0.022111 0.247723 0.187052
v 0.029807 0.249203 0.185572
v 0.022156 0.247926 0.187530
v 0.029867 0.249409 0.186048
v 0.022228 0.248000 0.188042
v 0.029961 0.249487 0.186555
v 0.022321 0.247939 0.188552
v 0.030085 0.249432 0.187059
v 0.022430 0.247748 0.189026
v 0.030229 0.249248 0.187526
v 0.022547 0.247440 0.189431
v 0.030383 0.248947 0.187924
v 0.011244 0.246380 0.188394
v 0.011267 0.246581 0.188876
v 0.011304 0.246651 0.189392
v 0.011353 0.246584 0.189907
v 0.011409 0.246387 0.190387
v 0.011470 0.246072 0.190799
v 0.000334 0.245909 0.188865
v 0.000334 0.246109 0.189347
v 0.000336 0.246177 0.189865
v 0.000337 0.246109 0.190383
v 0.000339 0.245909 0.190865
v 0.000341 0.245592 0.191279
v -0.004194 0.245975 0.188799
v -0.004203 0.246175 0.189282
v -0.004217 0.246243 0.189799
v -0.004236 0.246175 0.190316
v -0.004257 0.245976 0.190798
v -0.004280 0.245658 0.191212
v -0.014909 0.246735 0.188039
v -0.014940 0.246937 0.188520
v -0.014989 0.247008 0.189035
v -0.015053 0.246943 0.189549
v -0.015127 0.246747 0.190027
v -0.015207 0.246434 0.190437
v -0.019013 0.247251 0.187523
v -0.019052 0.247453 0.188003
v -0.019114 0.247526 0.188516
v -0.019195 0.247463 0.189028
v -0.019289 0.247270 0.189504
v -0.019390 0.246959 0.189911
v -0.029807 0.249203 0.185572
v -0.029867 0.249409 0.186048
v -0.029961 0.249487 0.186555
v -0.030085 0.249432 0.187059
v -0.030229 0.249248 0.187526
v -0.030383 0.248947 0.187924
v 0.045091 0.261043 0.173731
v 0.045592 0.264378 0.170396
v 0.043612 0.257856 0.176918
v 0.041221 0.254959 0.179815
v 0.038023 0.252482 0.182292
v 0.034161 0.250534 0.184240
v 0.045287 0.261354 0.174102
v 0.045792 0.264719 0.170737
v 0.043795 0.258139 0.177317
v 0.041382 0.255217 0.180240
v 0.038155 0.252717 0.182739
v 0.034259 0.250752 0.184704
v 0.045597 0.261600 0.174442
v 0.046109 0.265012 0.171030
v 0.044084 0.258340 0.177703
v 0.041638 0.255376 0.180666
v 0.038366 0.252842 0.183200
v 0.034415 0.250849 0.185193
v 0.046002 0.261763 0.174728
v 0.046524 0.265237 0.171255
v 0.044462 0.258444 0.178047
v 0.041971 0.255428 0.181064
v 0.038641 0.252848 0.183644
v 0.034619 0.250819 0.185673
v 0.046474 0.261833 0.174941
v 0.047006 0.265378 0.171396
v 0.044902 0.258446 0.178329
v 0.042360 0.255367 0.181408
v 0.038961 0.252734 0.184041
v 0.034856 0.250663 0.186111
v 0.046980 0.261804 0.175066
v 0.047524 0.265427 0.171444
v 0.045374 0.258344 0.178527
v 0.042777 0.255198 0.181673
v 0.039304 0.252508 0.184363
v 0.035111 0.250393 0.186478
v -0.034161 0.250534 0.184240
v -0.038023 0.252482 0.182292
v -0.041221 0.254959 0.179815
v -0.043612 0.257856 0.176918
v -0.045091 0.261043 0.173731
v -0.045592 0.264378 0.170396
v -0.034259 0.250752 0.184704
v -0.038155 0.252717 0.182739
v -0.041382 0.255217 0.180240
v -0.043795 0.258139 0.177317
v -0.045287 0.261354 0.174102
v -0.045792 0.264719 0.170737
v -0.034415 0.250849 0.185193
v -0.038366 0.252842 0.183200
v -0.041638 0.255376 0.180666
v -0.044084 0.258340 0.177703
v -0.045597 0.261600 0.174442
v -0.046109 0.265012 0.171030
v -0.034619 0.250819 0.185673
v -0.038641 0.252848 0.183644
v -0.041971 0.255428 0.181064
v -0.044462 0.258444 0.178047
v -0.046002 0.261763 0.174728
v -0.046524 0.265237 0.171255
v -0.034856 0.250663 0.186111
v -0.038961 0.252734 0.184041
v -0.042360 0.255367 0.181408
v -0.044902 0.258446 0.178329
v -0.046474 0.261833 0.174941
v -0.047006 0.265378 0.171396
v -0.035111 0.250393 0.186478
v -0.039304 0.252508 0.184363
v -0.042777 0.255198 0.181673
v -0.045374 0.258344 0.178527
v -0.046980 0.261804 0.175066
v -0.047524 0.265427 0.171444
v 0.045592 0.380358 0.054417
v 0.045792 0.380699 0.054758
v 0.046109 0.380992 0.055051
v 0.046524 0.381216 0.055275
v 0.047006 0.381358 0.055417
v 0.047524 0.381406 0.055465
v -0.045592 0.380358 0.054417
v -0.045792 0.380699 0.054758
v -0.046109 0.380992 0.055051
v -0.046524 0.381216 0.055275
v -0.047006 0.381358 0.055417
v -0.047524 0.381406 0.055465
v 0.034161 0.394202 0.040572
v 0.029807 0.395533 0.039241
v 0.038023 0.392254 0.042520
v 0.041221 0.389777 0.044998
v 0.043612 0.386880 0.047894
v 0.045091 0.383693 0.051081
v 0.034259 0.394666 0.040791
v 0.029867 0.396009 0.039447
v 0.038155 0.392701 0.042756
v 0.041382 0.390201 0.045255
v 0.043795 0.387279 0.048177
v 0.045287 0.384064 0.051393
v 0.034415 0.395155 0.040888
v 0.029961 0.396517 0.039526
v 0.038366 0.393162 0.042880
v 0.041638 0.390628 0.045415
v 0.044084 0.387664 0.048378
v 0.045597 0.384404 0.051638
v 0.034619 0.395634 0.040857
v 0.030085 0.397021 0.039471
v 0.038641 0.393606 0.042886
v 0.041971 0.391026 0.045466
v 0.044462 0.388009 0.048483
v 0.046002 0.384690 0.051802
v 0.034856 0.396073 0.040702
v 0.030229 0.397488 0.039286
v 0.038961 0.394002 0.042772
v 0.042360 0.391369 0.045405
v 0.044902 0.388290 0.048484
v 0.046474 0.384903 0.051871
v 0.035111 0.396440 0.040431
v 0.030383 0.397885 0.038985
v 0.039304 0.394324 0.042546
v 0.042777 0.391634 0.045236
v 0.045374 0.388489 0.048382
v 0.046980 0.385028 0.051843
v -0.045091 0.383693 0.051081
v -0.043612 0.386880 0.047894
v -0.041221 0.389777 0.044998
v -0.038023 0.392254 0.042520
v -0.034161 0.394202 0.040572
v -0.029807 0.395533 0.039241
v -0.045287 0.384064 0.051393
v -0.043795 0.387279 0.048177
v -0.041382 0.390201 0.045255
v -0.038155 0.392701 0.042756
v -0.034259 0.394666 0.040791
v -0.029867 0.396009 0.039447
v -0.045597 0.384404 0.051638
v -0.044084 0.387664 0.048378
v -0.041638 0.390628 0.045415
v -0.038366 0.393162 0.042880
v -0.034415 0.395155 0.040888
v -0.029961 0.396517 0.039526
v -0.046002 0.384690 0.051802
v -0.044462 0.388009 0.048483
v -0.041971 0.391026 0.045466
v -0.038641 0.393606 0.042886
v -0.034619 0.395634 0.040857
v -0.030085 0.397021 0.039471
v -0.046474 0.384903 0.051871
v -0.044902 0.388290 0.048484
v -0.042360 0.391369 0.045405
v -0.038961 0.394002 0.042772
v -0.034856 0.396073 0.040702
v -0.030229 0.397488 0.039286
v -0.046980 0.385028 0.051843
v -0.045374 0.388489 0.048382
v -0.042777 0.391634 0.045236
v -0.039304 0.394324 0.042546
v -0.035111 0.396440 0.040431
v -0.030383 0.397885 0.038985
v -0.022111 0.397013 0.037761
v -0.022156 0.397492 0.037965
v -0.022228 0.398004 0.038038
v -0.022321 0.398514 0.037978
v -0.022430 0.398987 0.037787
v -0.022547 0.399392 0.037478
v -0.011244 0.398356 0.036418
v -0.011267 0.398837 0.036619
v -0.011304 0.399353 0.036689
v -0.011353 0.399869 0.036623
v -0.011409 0.400349 0.036425
v -0.011470 0.400761 0.036110
v -0.000334 0.398826 0.035948
v -0.000334 0.399309 0.036148
v -0.000336 0.399826 0.036216
v -0.000337 0.400344 0.036148
v -0.000339 0.400826 0.035948
v -0.000341 0.401241 0.035630
v 0.004194 0.398761 0.036013
v 0.004203 0.399243 0.036213
v 0.004217 0.399761 0.036282
v 0.004236 0.400278 0.036214
v 0.004257 0.400760 0.036014
v 0.004280 0.401174 0.035697
v 0.014909 0.398001 0.036774
v 0.014940 0.398481 0.036975
v 0.014989 0.398996 0.037046
v 0.015053 0.399510 0.036981
v 0.015127 0.399989 0.036786
v 0.015207 0.400399 0.036472
v 0.019013 0.397485 0.037289
v 0.019052 0.397965 0.037492
v 0.019114 0.398478 0.037564
v 0.019195 0.398990 0.037502
v 0.019289 0.399466 0.037309
v 0.019390 0.399873 0.036998
v -0.035345 0.250099 0.186771
v -0.030525 0.248625 0.188245
v -0.019523 0.246634 0.190236
v -0.014268 0.245992 0.190879
v -0.003294 0.245295 0.191576
v 0.002079 0.245271 0.191599
v 0.013230 0.245889 0.190982
v 0.024331 0.247397 0.189474
v 0.030525 0.248625 0.188245
v 0.035345 0.250099 0.186771
v 0.039620 0.252256 0.184615
v 0.043161 0.254999 0.181872
v 0.045809 0.258205 0.178665
v 0.047446 0.261734 0.175137
v 0.048000 0.265427 0.171444
v 0.048000 0.381406 0.055465
v 0.047446 0.385099 0.051772
v 0.045809 0.388627 0.048244
v 0.043161 0.391834 0.045037
v 0.039620 0.394576 0.042294
v 0.035345 0.396733 0.040138
v 0.030525 0.398207 0.038664
v 0.019523 0.400198 0.036673
v 0.014268 0.400840 0.036031
v 0.003294 0.401537 0.035333
v -0.002079 0.401561 0.035310
v -0.013230 0.400943 0.035927
v -0.024331 0.399435 0.037435
v -0.030525 0.398207 0.038664
v -0.035345 0.396733 0.040138
v -0.039620 0.394576 0.042294
v -0.043161 0.391834 0.045037
v -0.045809 0.388627 0.048244
v -0.047446 0.385099 0.051772
v -0.048000 0.381406 0.055465
v -0.048000 0.265427 0.171444
v -0.047446 0.261734 0.175137
v -0.045809 0.258205 0.178665
v -0.043161 0.254999 0.181872
v -0.039620 0.252256 0.184615
v -0.049932 0.264378 0.170396
v -0.049932 0.380358 0.054417
v -0.050000 0.379992 0.054051
v -0.050000 0.264012 0.170030
v -0.049732 0.264719 0.170737
v -0.049732 0.380699 0.054758
v -0.049414 0.265012 0.171030
v -0.049414 0.380992 0.055051
v -0.049000 0.265237 0.171255
v -0.049000 0.381216 0.055275
v -0.048518 0.265378 0.171396
v -0.048518 0.381358 0.055417
v -0.035599 0.249732 0.187042
v -0.030679 0.248228 0.188547
v -0.039964 0.251934 0.184841
v -0.043578 0.254733 0.182041
v -0.046281 0.258007 0.178767
v -0.047952 0.261609 0.175165
v -0.035836 0.249294 0.187198
v -0.030823 0.247761 0.188731
v -0.040284 0.251537 0.184955
v -0.043966 0.254390 0.182102
v -0.046721 0.257726 0.178766
v -0.048424 0.261396 0.175096
v -0.036040 0.248814 0.187228
v -0.030946 0.247256 0.188786
v -0.040558 0.251093 0.184949
v -0.044300 0.253992 0.182050
v -0.047098 0.257381 0.178661
v -0.048829 0.261110 0.174932
v -0.036196 0.248326 0.187131
v -0.031041 0.246749 0.188707
v -0.040769 0.250632 0.184824
v -0.044556 0.253566 0.181891
v -0.047388 0.256996 0.178461
v -0.049139 0.260770 0.174687
v -0.036294 0.247862 0.186913
v -0.031100 0.246273 0.188501
v -0.040902 0.250185 0.184589
v -0.044717 0.253141 0.181633
v -0.047570 0.256597 0.178178
v -0.049335 0.260399 0.174375
v -0.036328 0.247454 0.186589
v -0.031121 0.245861 0.188181
v -0.040947 0.249783 0.184259
v -0.037306 0.247863 0.186179
v -0.044772 0.252746 0.181296
v -0.042583 0.250899 0.183143
v -0.047633 0.256211 0.177831
v -0.046613 0.254774 0.179268
v -0.049401 0.260023 0.174019
v -0.049140 0.259241 0.174802
v -0.047952 0.385127 0.051647
v -0.046281 0.388729 0.048045
v -0.043578 0.392002 0.044772
v -0.039964 0.394802 0.041972
v -0.035599 0.397003 0.039771
v -0.030679 0.398508 0.038266
v -0.048424 0.385057 0.051434
v -0.046721 0.388728 0.047764
v -0.043966 0.392063 0.044428
v -0.040284 0.394916 0.041576
v -0.035836 0.397159 0.039332
v -0.030823 0.398693 0.037799
v -0.048829 0.384894 0.051148
v -0.047098 0.388623 0.047419
v -0.044300 0.392012 0.044030
v -0.040558 0.394911 0.041132
v -0.036040 0.397190 0.038853
v -0.030946 0.398747 0.037295
v -0.049139 0.384648 0.050808
v -0.047388 0.388422 0.047034
v -0.044556 0.391852 0.043604
v -0.040769 0.394786 0.040671
v -0.036196 0.397092 0.038364
v -0.031041 0.398669 0.036787
v -0.049335 0.384337 0.050437
v -0.047570 0.388139 0.046635
v -0.044717 0.391595 0.043179
v -0.040902 0.394551 0.040224
v -0.036294 0.396874 0.037900
v -0.031100 0.398463 0.036311
v -0.049401 0.383981 0.050061
v -0.047633 0.387793 0.046249
v -0.049140 0.384763 0.049279
v -0.044772 0.391257 0.042785
v -0.046613 0.389229 0.044813
v -0.040947 0.394221 0.039822
v -0.042583 0.393105 0.040938
v -0.036328 0.396550 0.037492
v -0.037306 0.396140 0.037902
v -0.031121 0.398143 0.035899
v -0.050000 0.254964 -0.070977
v -0.050000 0.138985 0.045002
v 0.024456 0.246994 0.189781
v 0.030679 0.248228 0.188547
v 0.024572 0.246521 0.189970
v 0.030823 0.247761 0.188731
v 0.024672 0.246012 0.190030
v 0.030946 0.247256 0.188786
v 0.024749 0.245501 0.189955
v 0.031041 0.246749 0.188707
v 0.024797 0.245023 0.189751
v 0.031100 0.246273 0.188501
v 0.024814 0.244610 0.189432
v 0.031121 0.245861 0.188181
v 0.013300 0.245478 0.191296
v 0.013364 0.244999 0.191493
v 0.013420 0.244484 0.191559
v 0.013463 0.243968 0.191488
v 0.013489 0.243487 0.191287
v 0.013499 0.243073 0.190969
v 0.002090 0.244857 0.191917
v 0.002101 0.244375 0.192117
v 0.002109 0.243857 0.192185
v 0.002116 0.243340 0.192117
v 0.002120 0.242857 0.191917
v 0.002122 0.242443 0.191599
v 0.012844 0.243012 0.191030
v -0.003311 0.244881 0.191893
v -0.003328 0.244399 0.192093
v -0.003342 0.243881 0.192161
v -0.003352 0.243364 0.192093
v -0.003359 0.242881 0.191893
v -0.003361 0.242467 0.191575
v -0.001679 0.242437 0.191605
v -0.014343 0.245582 0.191193
v -0.014413 0.245103 0.191389
v -0.014473 0.244588 0.191454
v -0.014519 0.244073 0.191383
v -0.014548 0.243592 0.191182
v -0.014557 0.243179 0.190864
v -0.019624 0.246227 0.190547
v -0.019719 0.245751 0.190740
v -0.019800 0.245240 0.190803
v -0.019862 0.244726 0.190730
v -0.019901 0.244247 0.190528
v -0.019914 0.243833 0.190209
v -0.016375 0.243378 0.190664
v -0.037306 0.122836 0.061151
v -0.036328 0.122426 0.061561
v -0.031121 0.120833 0.063153
v -0.042583 0.125872 0.058115
v -0.040947 0.124755 0.059231
v -0.046613 0.129747 0.054240
v -0.044772 0.127719 0.056268
v -0.049140 0.134213 0.049774
v -0.047633 0.131183 0.052803
v -0.049401 0.134995 0.048992
v -0.024456 0.399742 0.037032
v -0.024572 0.399932 0.036560
v -0.024672 0.399992 0.036051
v -0.024749 0.399917 0.035540
v -0.024797 0.399713 0.035061
v -0.024814 0.399394 0.034649
v -0.013300 0.401258 0.035516
v -0.013364 0.401455 0.035037
v -0.013420 0.401520 0.034522
v -0.013463 0.401450 0.034006
v -0.013489 0.401249 0.033525
v -0.013499 0.400931 0.033112
v -0.002090 0.401879 0.034895
v -0.002101 0.402079 0.034413
v -0.002109 0.402147 0.033896
v -0.002116 0.402078 0.033378
v -0.002120 0.401879 0.032896
v -0.002122 0.401561 0.032482
v -0.012844 0.400992 0.033050
v 0.003311 0.401855 0.034919
v 0.003328 0.402055 0.034437
v 0.003342 0.402123 0.033920
v 0.003352 0.402054 0.033402
v 0.003359 0.401854 0.032920
v 0.003361 0.401537 0.032506
v 0.001679 0.401567 0.032476
v 0.014343 0.401154 0.035620
v 0.014413 0.401350 0.035141
v 0.014473 0.401415 0.034627
v 0.014519 0.401345 0.034112
v 0.014548 0.401144 0.033631
v 0.014557 0.400825 0.033217
v 0.019624 0.400509 0.036266
v 0.019719 0.400702 0.035790
v 0.019800 0.400764 0.035278
v 0.019862 0.400692 0.034765
v 0.019901 0.400489 0.034285
v 0.019914 0.400171 0.033872
v 0.016375 0.400626 0.033416
v 0.030679 0.398508 0.038266
v 0.030823 0.398693 0.037799
v 0.030946 0.398747 0.037295
v 0.031041 0.398669 0.036787
v 0.031100 0.398463 0.036311
v 0.031121 0.398143 0.035899
v -0.049140 0.259735 -0.075749
v -0.049401 0.258953 -0.074967
v -0.046613 0.264202 -0.080215
v -0.047633 0.262765 -0.078778
v -0.042583 0.268077 -0.084090
v -0.044772 0.266230 -0.082243
v -0.037306 0.271113 -0.087126
v -0.040947 0.269193 -0.085206
v -0.031121 0.273115 -0.089128
v -0.036328 0.271522 -0.087536
v 0.047952 0.261609 0.175165
v 0.048518 0.265378 0.171396
v 0.046281 0.258007 0.178767
v 0.043578 0.254733 0.182041
v 0.039964 0.251934 0.184841
v 0.035599 0.249732 0.187042
v 0.048424 0.261396 0.175096
v 0.049000 0.265237 0.171255
v 0.046721 0.257726 0.178766
v 0.043966 0.254390 0.182102
v 0.040284 0.251537 0.184955
v 0.035836 0.249294 0.187198
v 0.048829 0.261110 0.174932
v 0.049414 0.265012 0.171030
v 0.047098 0.257381 0.178661
v 0.044300 0.253992 0.182050
v 0.040558 0.251093 0.184949
v 0.036040 0.248814 0.187228
v 0.049139 0.260770 0.174687
v 0.049732 0.264719 0.170737
v 0.047388 0.256996 0.178461
v 0.044556 0.253566 0.181891
v 0.040769 0.250632 0.184824
v 0.036196 0.248326 0.187131
v 0.049335 0.260399 0.174375
v 0.049932 0.264378 0.170396
v 0.047570 0.256597 0.178178
v 0.044717 0.253141 0.181633
v 0.040902 0.250185 0.184589
v 0.036294 0.247862 0.186913
v 0.049401 0.260023 0.174019
v 0.050000 0.264012 0.170030
v 0.047633 0.256211 0.177831
v 0.049140 0.259241 0.174802
v 0.044772 0.252746 0.181296
v 0.046613 0.254774 0.179268
v 0.040947 0.249783 0.184259
v 0.042583 0.250899 0.183143
v 0.036328 0.247454 0.186589
v 0.037306 0.247863 0.186179
v 0.027350 0.120052 0.063935
v 0.031121 0.120833 0.063153
v 0.012844 0.117984 0.066002
v 0.014557 0.118151 0.065836
v 0.019914 0.118805 0.065181
v -0.001679 0.117409 0.066577
v 0.003361 0.117439 0.066547
v -0.016375 0.118350 0.065637
v -0.013499 0.118045 0.065941
v -0.002122 0.117415 0.066571
v -0.024814 0.119583 0.064404
v 0.035599 0.397003 0.039771
v 0.039964 0.394802 0.041972
v 0.043578 0.392002 0.044772
v 0.046281 0.388729 0.048045
v 0.047952 0.385127 0.051647
v 0.048518 0.381358 0.055417
v 0.035836 0.397159 0.039332
v 0.040284 0.394916 0.041576
v 0.043966 0.392063 0.044428
v 0.046721 0.388728 0.047764
v 0.048424 0.385057 0.051434
v 0.049000 0.381216 0.055275
v 0.036040 0.397190 0.038853
v 0.040558 0.394911 0.041132
v 0.044300 0.392012 0.044030
v 0.047098 0.388623 0.047419
v 0.048829 0.384894 0.051148
v 0.049414 0.380992 0.055051
v 0.036196 0.397092 0.038364
v 0.040769 0.394786 0.040671
v 0.044556 0.391852 0.043604
v 0.047388 0.388422 0.047034
v 0.049139 0.384648 0.050808
v 0.049732 0.380699 0.054758
v 0.036294 0.396874 0.037900
v 0.040902 0.394551 0.040224
v 0.044717 0.391595 0.043179
v 0.047570 0.388139 0.046635
v 0.049335 0.384337 0.050437
v 0.049932 0.380358 0.054417
v 0.036328 0.396550 0.037492
v 0.040947 0.394221 0.039822
v 0.037306 0.396140 0.037902
v 0.044772 0.391257 0.042785
v 0.042583 0.393105 0.040938
v 0.047633 0.387793 0.046249
v 0.046613 0.389229 0.044813
v 0.049401 0.383981 0.050061
v 0.049140 0.384763 0.049279
v 0.050000 0.379992 0.054051
v -0.027350 0.273897 -0.089910
v -0.012844 0.275964 -0.091977
v -0.014557 0.275797 -0.091811
v -0.019914 0.275143 -0.091156
v 0.001679 0.276539 -0.092552
v -0.003361 0.276509 -0.092522
v 0.016375 0.275598 -0.091612
v 0.013499 0.275903 -0.091916
v 0.002122 0.276533 -0.092546
v 0.031121 0.273115 -0.089128
v 0.024814 0.274366 -0.090379
v 0.049140 0.134213 0.049774
v 0.049401 0.134995 0.048992
v 0.050000 0.138985 0.045002
v 0.046613 0.129747 0.054240
v 0.047633 0.131183 0.052803
v 0.042583 0.125872 0.058115
v 0.044772 0.127719 0.056268
v 0.037306 0.122836 0.061151
v 0.040947 0.124755 0.059231
v 0.036328 0.122426 0.061561
v 0.050000 0.254964 -0.070977
v 0.037306 0.271113 -0.087126
v 0.036328 0.271522 -0.087536
v 0.042583 0.268077 -0.084090
v 0.040947 0.269193 -0.085206
v 0.046613 0.264202 -0.080215
v 0.044772 0.266230 -0.082243
v 0.049140 0.259735 -0.075749
v 0.047633 0.262765 -0.078778
v 0.049401 0.258953 -0.074967
v -0.049932 0.254598 -0.071343
v -0.049932 0.138618 0.044636
v -0.049732 0.254257 -0.071684
v -0.049732 0.138277 0.044295
v -0.049414 0.253964 -0.071977
v -0.049414 0.137985 0.044002
v -0.049000 0.253739 -0.072202
v -0.049000 0.137760 0.043777
v -0.048518 0.253598 -0.072343
v -0.048518 0.137618 0.043636
v -0.048000 0.253549 -0.072391
v -0.048000 0.137570 0.043588
v -0.036294 0.122102 0.061153
v -0.031100 0.120513 0.062741
v -0.040902 0.124426 0.058829
v -0.044717 0.127381 0.055873
v -0.047570 0.130837 0.052418
v -0.049335 0.134639 0.048615
v -0.036196 0.121884 0.060689
v -0.031041 0.120307 0.062265
v -0.040769 0.124190 0.058382
v -0.044556 0.127124 0.055449
v -0.047388 0.130554 0.052019
v -0.049139 0.134328 0.048245
v -0.036040 0.121787 0.060200
v -0.030946 0.120229 0.061758
v -0.040558 0.124065 0.057921
v -0.044300 0.126964 0.055023
v -0.047098 0.130353 0.051634
v -0.048829 0.134082 0.047905
v -0.035836 0.121817 0.059720
v -0.030823 0.120283 0.061254
v -0.040284 0.124060 0.057477
v -0.043966 0.126913 0.054624
v -0.046721 0.130249 0.051289
v -0.048424 0.133919 0.047618
v -0.035599 0.121973 0.059282
v -0.030679 0.120468 0.060787
v -0.039964 0.124174 0.057081
v -0.043578 0.126974 0.054281
v -0.046281 0.130247 0.051007
v -0.047952 0.133849 0.047406
v -0.035345 0.122243 0.058915
v -0.030525 0.120769 0.060389
v -0.039620 0.124400 0.056759
v -0.043161 0.127142 0.054016
v -0.045809 0.130349 0.050809
v -0.047446 0.133878 0.047281
v -0.049335 0.258577 -0.075323
v -0.047570 0.262379 -0.079125
v -0.044717 0.265835 -0.082581
v -0.040902 0.268791 -0.085536
v -0.036294 0.271114 -0.087860
v -0.031100 0.272703 -0.089448
v -0.049139 0.258206 -0.075634
v -0.047388 0.261980 -0.079408
v -0.044556 0.265410 -0.082838
v -0.040769 0.268344 -0.085771
v -0.036196 0.270650 -0.088078
v -0.031041 0.272227 -0.089655
v -0.048829 0.257866 -0.075880
v -0.047098 0.261595 -0.079609
v -0.044300 0.264984 -0.082998
v -0.040558 0.267883 -0.085896
v -0.036040 0.270162 -0.088175
v -0.030946 0.271720 -0.089733
v -0.048424 0.257580 -0.076043
v -0.046721 0.261250 -0.079713
v -0.043966 0.264586 -0.083049
v -0.040284 0.267439 -0.085902
v -0.035836 0.269682 -0.088145
v -0.030823 0.271215 -0.089678
v -0.047952 0.257367 -0.076113
v -0.046281 0.260969 -0.079714
v -0.043578 0.264243 -0.082988
v -0.039964 0.267042 -0.085788
v -0.035599 0.269244 -0.087989
v -0.030679 0.270748 -0.089494
v -0.047446 0.257242 -0.076084
v -0.045809 0.260771 -0.079612
v -0.043161 0.263978 -0.082819
v -0.039620 0.266720 -0.085562
v -0.035345 0.268877 -0.087718
v -0.030525 0.270351 -0.089193
v -0.024331 0.119541 0.061618
v -0.024456 0.119234 0.062021
v -0.024572 0.119044 0.062493
v -0.024672 0.118984 0.063002
v -0.024749 0.119059 0.063513
v -0.024797 0.119263 0.063991
v -0.013230 0.118033 0.063126
v -0.013300 0.117718 0.063536
v -0.013364 0.117521 0.064016
v -0.013420 0.117456 0.064531
v -0.013463 0.117526 0.065046
v -0.013489 0.117727 0.065527
v -0.002079 0.117415 0.063743
v -0.002090 0.117097 0.064157
v -0.002101 0.116898 0.064640
v -0.002109 0.116829 0.065157
v -0.002116 0.116898 0.065675
v -0.002120 0.117097 0.066157
v 0.003294 0.117439 0.063720
v 0.003311 0.117121 0.064134
v 0.003328 0.116921 0.064616
v 0.003342 0.116853 0.065133
v 0.003352 0.116922 0.065651
v 0.003359 0.117122 0.066133
v 0.014268 0.118136 0.063022
v 0.014343 0.117822 0.063433
v 0.014413 0.117626 0.063911
v 0.014473 0.117561 0.064426
v 0.014519 0.117631 0.064941
v 0.014548 0.117832 0.065422
v 0.019523 0.118778 0.062380
v 0.019624 0.118467 0.062787
v 0.019719 0.118274 0.063263
v 0.019800 0.118212 0.063775
v 0.019862 0.118284 0.064288
v 0.019901 0.118487 0.064768
v 0.030525 0.120769 0.060389
v 0.030679 0.120468 0.060787
v 0.030823 0.120283 0.061254
v 0.030946 0.120229 0.061758
v 0.031041 0.120307 0.062265
v 0.031100 0.120513 0.062741
v 0.024331 0.271579 -0.090421
v 0.024456 0.271983 -0.090728
v 0.030679 0.270748 -0.089494
v 0.030525 0.270351 -0.089193
v 0.024572 0.272455 -0.090918
v 0.030823 0.271215 -0.089678
v 0.024672 0.272964 -0.090977
v 0.030946 0.271720 -0.089733
v 0.024749 0.273475 -0.090902
v 0.031041 0.272227 -0.089655
v 0.024797 0.273953 -0.090698
v 0.031100 0.272703 -0.089448
v 0.013230 0.273087 -0.091929
v 0.013300 0.273498 -0.092244
v 0.013364 0.273977 -0.092440
v 0.013420 0.274492 -0.092506
v 0.013463 0.275008 -0.092436
v 0.013489 0.275489 -0.092234
v 0.002079 0.273705 -0.092547
v 0.002090 0.274119 -0.092864
v 0.002101 0.274601 -0.093064
v 0.002109 0.275119 -0.093132
v 0.002116 0.275636 -0.093064
v 0.002120 0.276119 -0.092864
v -0.003294 0.273681 -0.092523
v -0.003311 0.274095 -0.092841
v -0.003328 0.274577 -0.093040
v -0.003342 0.275095 -0.093108
v -0.003352 0.275612 -0.093040
v -0.003359 0.276095 -0.092840
v -0.014268 0.272984 -0.091826
v -0.014343 0.273394 -0.092140
v -0.014413 0.273873 -0.092336
v -0.014473 0.274388 -0.092401
v -0.014519 0.274903 -0.092331
v -0.014548 0.275384 -0.092129
v -0.019523 0.272342 -0.091184
v -0.019624 0.272749 -0.091494
v -0.019719 0.273225 -0.091687
v -0.019800 0.273737 -0.091750
v -0.019862 0.274250 -0.091677
v -0.019901 0.274729 -0.091475
v 0.049335 0.134639 0.048615
v 0.049932 0.138618 0.044636
v 0.047570 0.130837 0.052418
v 0.044717 0.127381 0.055873
v 0.040902 0.124426 0.058829
v 0.036294 0.122102 0.061153
v 0.049139 0.134328 0.048245
v 0.049732 0.138277 0.044295
v 0.047388 0.130554 0.052019
v 0.044556 0.127124 0.055449
v 0.040769 0.124190 0.058382
v 0.036196 0.121884 0.060689
v 0.048829 0.134082 0.047905
v 0.049414 0.137985 0.044002
v 0.047098 0.130353 0.051634
v 0.044300 0.126964 0.055023
v 0.040558 0.124065 0.057921
v 0.036040 0.121787 0.060200
v 0.048424 0.133919 0.047618
v 0.049000 0.137760 0.043777
v 0.046721 0.130249 0.051289
v 0.043966 0.126913 0.054624
v 0.040284 0.124060 0.057477
v 0.035836 0.121817 0.059720
v 0.047952 0.133849 0.047406
v 0.048518 0.137618 0.043636
v 0.046281 0.130247 0.051007
v 0.043578 0.126974 0.054281
v 0.039964 0.124174 0.057081
v 0.035599 0.121973 0.059282
v 0.047446 0.133878 0.047281
v 0.048000 0.137570 0.043588
v 0.045809 0.130349 0.050809
v 0.043161 0.127142 0.054016
v 0.039620 0.124400 0.056759
v 0.035345 0.122243 0.058915
v 0.036294 0.271114 -0.087860
v 0.040902 0.268791 -0.085536
v 0.044717 0.265835 -0.082581
v 0.047570 0.262379 -0.079125
v 0.049335 0.258577 -0.075323
v 0.049932 0.254598 -0.071343
v 0.036196 0.270650 -0.088078
v 0.040769 0.268344 -0.085771
v 0.044556 0.265410 -0.082838
v 0.047388 0.261980 -0.079408
v 0.049139 0.258206 -0.075634
v 0.049732 0.254257 -0.071684
v 0.036040 0.270162 -0.088175
v 0.040558 0.267883 -0.085896
v 0.044300 0.264984 -0.082998
v 0.047098 0.261595 -0.079609
v 0.048829 0.257866 -0.075880
v 0.049414 0.253964 -0.071977
v 0.035836 0.269682 -0.088145
v 0.040284 0.267439 -0.085902
v 0.043966 0.264586 -0.083049
v 0.046721 0.261250 -0.079713
v 0.048424 0.257580 -0.076043
v 0.049000 0.253739 -0.072202
v 0.035599 0.269244 -0.087989
v 0.039964 0.267042 -0.085788
v 0.043578 0.264243 -0.082988
v 0.046281 0.260969 -0.079714
v 0.047952 0.257367 -0.076113
v 0.048518 0.253598 -0.072343
v 0.035345 0.268877 -0.087718
v 0.039620 0.266720 -0.085562
v 0.043161 0.263978 -0.082819
v 0.045809 0.260771 -0.079612
v 0.047446 0.257242 -0.076084
v 0.048000 0.253549 -0.072391
v 0.044012 0.137570 0.043588
v 0.044012 0.253549 -0.072391
v 0.043343 0.257259 -0.076100
v 0.041379 0.260730 -0.079572
v 0.038246 0.263743 -0.082584
v 0.034145 0.266102 -0.084944
v 0.029337 0.267659 -0.086501
v 0.019022 0.269536 -0.088378
v 0.008101 0.270653 -0.089494
v 0.003690 0.270850 -0.089692
v -0.007063 0.270712 -0.089554
v -0.011259 0.270421 -0.089263
v -0.022043 0.269069 -0.087911
v -0.029337 0.267659 -0.086501
v -0.034145 0.266102 -0.084944
v -0.038246 0.263743 -0.082584
v -0.041379 0.260730 -0.079572
v -0.043343 0.257259 -0.076100
v -0.044012 0.253549 -0.072391
v -0.044012 0.137570 0.043588
v -0.043343 0.133861 0.047297
v -0.041379 0.130389 0.050769
v -0.038246 0.127377 0.053781
v -0.034145 0.125017 0.056141
v -0.029337 0.123461 0.057697
v -0.019022 0.121584 0.059575
v -0.008101 0.120467 0.060691
v -0.003690 0.120270 0.060888
v 0.007063 0.120408 0.060750
v 0.011259 0.120698 0.060460
v 0.022043 0.122050 0.059108
v 0.029337 0.123461 0.057697
v 0.034145 0.125017 0.056141
v 0.038246 0.127377 0.053781
v 0.041379 0.130389 0.050769
v 0.043343 0.133861 0.047297
v -0.033871 0.125376 0.055878
v -0.029182 0.123859 0.057396
v -0.037871 0.127678 0.053577
v -0.040927 0.130615 0.050639
v -0.042842 0.134001 0.047253
v -0.043494 0.137618 0.043636
v -0.033617 0.125807 0.055730
v -0.029039 0.124325 0.057212
v -0.037522 0.128054 0.053483
v -0.040505 0.130922 0.050615
v -0.042375 0.134228 0.047309
v -0.043012 0.137760 0.043777
v -0.033398 0.126281 0.055706
v -0.028915 0.124830 0.057157
v -0.037222 0.128481 0.053505
v -0.040143 0.131290 0.050697
v -0.041974 0.134526 0.047460
v -0.042598 0.137985 0.044002
v -0.033230 0.126765 0.055808
v -0.028821 0.125337 0.057235
v -0.036992 0.128929 0.053643
v -0.039865 0.131692 0.050881
v -0.041666 0.134876 0.047697
v -0.042280 0.138277 0.044295
v -0.033125 0.127226 0.056029
v -0.028761 0.125813 0.057441
v -0.036847 0.129368 0.053887
v -0.039691 0.132101 0.051153
v -0.041473 0.135252 0.048002
v -0.042080 0.138618 0.044636
v -0.033089 0.127633 0.056354
v -0.028741 0.126225 0.057761
v -0.036798 0.129767 0.054220
v -0.039631 0.132491 0.051496
v -0.041407 0.135630 0.048356
v -0.042012 0.138985 0.045002
v -0.018625 0.124384 0.059603
v -0.018638 0.123971 0.059284
v -0.018678 0.123491 0.059081
v -0.018741 0.122978 0.059009
v -0.018823 0.122466 0.059071
v -0.018919 0.121991 0.059264
v -0.007928 0.123290 0.060696
v -0.007934 0.122876 0.060378
v -0.014545 0.123863 0.060123
v -0.007952 0.122395 0.060178
v -0.007979 0.121878 0.060109
v -0.008015 0.121361 0.060176
v -0.008056 0.120880 0.060374
v -0.003611 0.123097 0.060889
v -0.003613 0.122683 0.060571
v -0.003621 0.122201 0.060372
v -0.003634 0.121683 0.060303
v -0.003650 0.121166 0.060371
v -0.003669 0.120684 0.060571
v 0.006912 0.123232 0.060754
v 0.006917 0.122818 0.060436
v -0.000182 0.123047 0.060940
v 0.006932 0.122336 0.060236
v 0.006956 0.121819 0.060167
v 0.006987 0.121302 0.060235
v 0.007024 0.120821 0.060433
v 0.011021 0.123517 0.060470
v 0.011029 0.123103 0.060152
v 0.011053 0.122621 0.059951
v 0.011090 0.122105 0.059881
v 0.011140 0.121590 0.059947
v 0.011197 0.121110 0.060145
v 0.021585 0.124841 0.059145
v 0.021601 0.124428 0.058826
v 0.013704 0.123772 0.060215
v 0.021647 0.123950 0.058623
v 0.021719 0.123438 0.058548
v 0.021814 0.122928 0.058609
v 0.021924 0.122455 0.058800
v 0.028741 0.126225 0.057761
v 0.028761 0.125813 0.057441
v 0.028821 0.125337 0.057235
v 0.028915 0.124830 0.057157
v 0.029039 0.124325 0.057212
v 0.029182 0.123859 0.057396
v -0.043494 0.253598 -0.072343
v -0.043012 0.253739 -0.072202
v -0.042598 0.253964 -0.071977
v -0.042280 0.254257 -0.071684
v -0.042080 0.254598 -0.071343
v -0.042012 0.254964 -0.070977
v -0.033089 0.128833 0.057554
v -0.028741 0.127426 0.058962
v -0.036798 0.130967 0.055420
v -0.039631 0.133691 0.052696
v -0.041407 0.136831 0.049557
v -0.042012 0.140185 0.046202
v 0.026994 0.127052 0.059336
v 0.028741 0.127426 0.058962
v 0.013704 0.124972 0.061415
v -0.000182 0.124247 0.062140
v -0.014545 0.125064 0.061324
v 0.042842 0.134001 0.047253
v 0.043494 0.137618 0.043636
v 0.040927 0.130615 0.050639
v 0.037871 0.127678 0.053577
v 0.033871 0.125376 0.055878
v 0.042375 0.134228 0.047309
v 0.043012 0.137760 0.043777
v 0.040505 0.130922 0.050615
v 0.037522 0.128054 0.053483
v 0.033617 0.125807 0.055730
v 0.041974 0.134526 0.047460
v 0.042598 0.137985 0.044002
v 0.040143 0.131290 0.050697
v 0.037222 0.128481 0.053505
v 0.033398 0.126281 0.055706
v 0.041666 0.134876 0.047697
v 0.042280 0.138277 0.044295
v 0.039865 0.131692 0.050881
v 0.036992 0.128929 0.053643
v 0.033230 0.126765 0.055808
v 0.041473 0.135252 0.048002
v 0.042080 0.138618 0.044636
v 0.039691 0.132101 0.051153
v 0.036847 0.129368 0.053887
v 0.033125 0.127226 0.056029
v 0.041407 0.135630 0.048356
v 0.042012 0.138985 0.045002
v 0.039631 0.132491 0.051496
v 0.036798 0.129767 0.054220
v 0.033089 0.127633 0.056354
v 0.041407 0.136831 0.049557
v 0.042012 0.140185 0.046202
v 0.039631 0.133691 0.052696
v 0.036798 0.130967 0.055420
v 0.033089 0.128833 0.057554
v 0.043494 0.253598 -0.072343
v 0.043012 0.253739 -0.072202
v 0.042598 0.253964 -0.071977
v 0.042280 0.254257 -0.071684
v 0.042080 0.254598 -0.071343
v 0.042012 0.254964 -0.070977
v 0.042012 0.256164 -0.069777
v 0.033871 0.265840 -0.084585
v 0.029182 0.267358 -0.086103
v 0.037871 0.263538 -0.082284
v 0.040927 0.260601 -0.079346
v 0.042842 0.257215 -0.075960
v 0.033617 0.265691 -0.084154
v 0.029039 0.267173 -0.085636
v 0.037522 0.263444 -0.081907
v 0.040505 0.260576 -0.079039
v 0.042375 0.257271 -0.075734
v 0.033398 0.265667 -0.083681
v 0.028915 0.267118 -0.085132
v 0.037222 0.263467 -0.081480
v 0.040143 0.260659 -0.078672
v 0.041974 0.257422 -0.075435
v 0.033230 0.265769 -0.083197
v 0.028821 0.267197 -0.084624
v 0.036992 0.263605 -0.081033
v 0.039865 0.260842 -0.078270
v 0.041666 0.257658 -0.075086
v 0.033125 0.265990 -0.082736
v 0.028761 0.267403 -0.084149
v 0.036847 0.263849 -0.080594
v 0.039691 0.261115 -0.077860
v 0.041473 0.257964 -0.074709
v 0.033089 0.266315 -0.082329
v 0.028741 0.267723 -0.083736
v 0.036798 0.264181 -0.080195
v 0.039631 0.261457 -0.077471
v 0.041407 0.258318 -0.074331
v 0.033089 0.267516 -0.081129
v 0.028741 0.268923 -0.082536
v 0.036798 0.265382 -0.078994
v 0.039631 0.262658 -0.076271
v 0.041407 0.259518 -0.073131
v 0.018625 0.269564 -0.085578
v 0.018638 0.269246 -0.085991
v 0.018678 0.269043 -0.086471
v 0.018741 0.268970 -0.086984
v 0.018823 0.269033 -0.087496
v 0.018919 0.269226 -0.087971
v 0.007928 0.270658 -0.086671
v 0.007934 0.270340 -0.087085
v 0.014545 0.270085 -0.086098
v 0.007952 0.270139 -0.087567
v 0.007979 0.270070 -0.088084
v 0.008015 0.270137 -0.088600
v 0.008056 0.270336 -0.089082
v 0.003611 0.270851 -0.086864
v 0.003613 0.270533 -0.087279
v 0.003621 0.270333 -0.087761
v 0.003634 0.270265 -0.088278
v 0.003650 0.270333 -0.088796
v 0.003669 0.270532 -0.089278
v -0.006912 0.270716 -0.086729
v -0.006917 0.270398 -0.087143
v 0.000182 0.270902 -0.086915
v -0.006932 0.270198 -0.087625
v -0.006956 0.270129 -0.088142
v -0.006987 0.270196 -0.088659
v -0.007024 0.270395 -0.089141
v -0.011021 0.270432 -0.086445
v -0.011029 0.270113 -0.086859
v -0.011053 0.269913 -0.087340
v -0.011090 0.269843 -0.087856
v -0.011140 0.269909 -0.088372
v -0.011197 0.270106 -0.088852
v -0.021585 0.269107 -0.085120
v -0.021601 0.268788 -0.085533
v -0.013704 0.270176 -0.086190
v -0.021647 0.268584 -0.086012
v -0.021719 0.268510 -0.086523
v -0.021814 0.268570 -0.087033
v -0.021924 0.268761 -0.087507
v -0.028741 0.267723 -0.083736
v -0.028761 0.267403 -0.084149
v -0.028821 0.267197 -0.084624
v -0.028915 0.267118 -0.085132
v -0.029039 0.267173 -0.085636
v -0.029182 0.267358 -0.086103
v -0.026994 0.269297 -0.082910
v -0.028741 0.268923 -0.082536
v -0.013704 0.271377 -0.084989
v 0.000182 0.272102 -0.085715
v 0.014545 0.271285 -0.084898
v -0.041407 0.258318 -0.074331
v -0.041407 0.259518 -0.073131
v -0.042012 0.256164 -0.069777
v -0.039631 0.261457 -0.077471
v -0.039631 0.262658 -0.076271
v -0.036798 0.264181 -0.080195
v -0.036798 0.265382 -0.078994
v -0.033089 0.266315 -0.082329
v -0.033089 0.267516 -0.081129
v -0.042842 0.257215 -0.075960
v -0.040927 0.260601 -0.079346
v -0.037871 0.263538 -0.082284
v -0.033871 0.265840 -0.084585
v -0.042375 0.257271 -0.075734
v -0.040505 0.260576 -0.079039
v -0.037522 0.263444 -0.081907
v -0.033617 0.265691 -0.084154
v -0.041974 0.257422 -0.075435
v -0.040143 0.260659 -0.078672
v -0.037222 0.263467 -0.081480
v -0.033398 0.265667 -0.083681
v -0.041666 0.257658 -0.075086
v -0.039865 0.260842 -0.078270
v -0.036992 0.263605 -0.081033
v -0.033230 0.265769 -0.083197
v -0.041473 0.257964 -0.074709
v -0.039691 0.261115 -0.077860
v -0.036847 0.263849 -0.080594
v -0.033125 0.265990 -0.082736
v 0.039362 0.140185 0.046202
v 0.039362 0.256164 -0.069777
v 0.038842 0.259048 -0.072661
v 0.037315 0.261748 -0.075360
v 0.034879 0.264090 -0.077702
v 0.031690 0.265925 -0.079537
v 0.027951 0.267135 -0.080748
v 0.013933 0.269457 -0.083069
v -0.000237 0.270229 -0.083841
v -0.013904 0.269460 -0.083072
v -0.027951 0.267135 -0.080748
v -0.031690 0.265925 -0.079537
v -0.034879 0.264090 -0.077702
v -0.037315 0.261748 -0.075360
v -0.038842 0.259048 -0.072661
v -0.039362 0.256164 -0.069777
v -0.039362 0.140185 0.046202
v -0.038842 0.137301 0.049087
v -0.037315 0.134601 0.051786
v -0.034879 0.132259 0.054128
v -0.031690 0.130424 0.055963
v -0.027951 0.129214 0.057173
v -0.013933 0.126892 0.059495
v 0.000237 0.126120 0.060267
v 0.013904 0.126889 0.059498
v 0.027951 0.129214 0.057173
v 0.031690 0.130424 0.055963
v 0.034879 0.132259 0.054128
v 0.037315 0.134601 0.051786
v 0.038842 0.137301 0.049087
v 0.031690 0.264724 -0.080738
v 0.027951 0.265935 -0.081948
v 0.034879 0.262889 -0.078903
v 0.037315 0.260547 -0.076561
v 0.038842 0.257848 -0.073861
v 0.039362 0.254964 -0.070977
v 0.039362 0.138985 0.045002
v 0.038842 0.136100 0.047886
v 0.037315 0.133401 0.050586
v 0.034879 0.131059 0.052928
v 0.031690 0.129224 0.054763
v 0.027951 0.128014 0.055973
v 0.013904 0.125689 0.058298
v 0.022987 0.127015 0.056972
v 0.000237 0.124920 0.059067
v 0.001488 0.124929 0.059058
v 0.012260 0.125518 0.058468
v -0.013933 0.125692 0.058295
v -0.013415 0.125636 0.058351
v -0.002861 0.124953 0.059034
v -0.027951 0.128014 0.055973
v -0.017301 0.126109 0.057878
v -0.031690 0.129224 0.054763
v -0.034879 0.131059 0.052928
v -0.037315 0.133401 0.050586
v -0.038842 0.136100 0.047886
v -0.039362 0.138985 0.045002
v -0.039362 0.254964 -0.070977
v -0.038842 0.257848 -0.073861
v -0.037315 0.260547 -0.076561
v -0.034879 0.262889 -0.078903
v -0.031690 0.264724 -0.080738
v -0.027951 0.265935 -0.081948
v -0.013904 0.268259 -0.084273
v -0.022987 0.266934 -0.082947
v -0.000237 0.269028 -0.085042
v -0.001488 0.269019 -0.085033
v -0.012260 0.268430 -0.084443
v 0.013933 0.268256 -0.084270
v 0.013415 0.268312 -0.084326
v 0.002861 0.268996 -0.085009
v 0.017301 0.267839 -0.083853
v -0.031654 0.128899 0.054356
v -0.027931 0.127694 0.055561
v -0.034830 0.130726 0.052529
v -0.037256 0.133058 0.050196
v -0.038776 0.135747 0.047508
v -0.039294 0.138618 0.044636
v -0.031548 0.128678 0.053895
v -0.027872 0.127487 0.055085
v -0.034685 0.130482 0.052090
v -0.037081 0.132786 0.049787
v -0.038583 0.135441 0.047132
v -0.039095 0.138277 0.044295
v -0.031381 0.128576 0.053411
v -0.027777 0.127409 0.054578
v -0.034455 0.130344 0.051642
v -0.036803 0.132602 0.049384
v -0.038275 0.135204 0.046782
v -0.038777 0.137985 0.044002
v -0.031162 0.128600 0.052937
v -0.027653 0.127464 0.054073
v -0.034155 0.130322 0.051215
v -0.036441 0.132520 0.049017
v -0.037874 0.135053 0.046484
v -0.038362 0.137760 0.043777
v -0.030907 0.128748 0.052507
v -0.027510 0.127648 0.053606
v -0.033806 0.130416 0.050839
v -0.036020 0.132544 0.048710
v -0.037407 0.134997 0.046257
v -0.037880 0.137618 0.043636
v -0.030634 0.129011 0.052147
v -0.027356 0.127949 0.053209
v -0.033431 0.130620 0.050538
v -0.035567 0.132674 0.048484
v -0.036906 0.135041 0.046117
v -0.037362 0.137570 0.043588
v 0.022489 0.126970 0.054188
v 0.011988 0.125505 0.055653
v 0.001454 0.124929 0.056230
v -0.002796 0.124952 0.056206
v -0.013118 0.125620 0.055538
v -0.016921 0.126083 0.055075
v -0.037362 0.253549 -0.072391
v -0.036906 0.256079 -0.074921
v -0.035567 0.258446 -0.077288
v -0.033431 0.260500 -0.079342
v -0.030634 0.262109 -0.080951
v -0.027356 0.263170 -0.082012
v -0.022489 0.264150 -0.082991
v -0.011988 0.265615 -0.084456
v -0.001454 0.266191 -0.085033
v 0.002796 0.266168 -0.085010
v 0.013118 0.265500 -0.084341
v 0.016921 0.265037 -0.083879
v 0.027356 0.263170 -0.082012
v 0.030634 0.262109 -0.080951
v 0.033431 0.260500 -0.079342
v 0.035567 0.258446 -0.077288
v 0.036906 0.256079 -0.074921
v 0.037362 0.253549 -0.072391
v 0.037362 0.137570 0.043588
v 0.036906 0.135041 0.046117
v 0.035567 0.132674 0.048484
v 0.033431 0.130620 0.050538
v 0.030634 0.129011 0.052147
v 0.027356 0.127949 0.053209
v 0.022970 0.126695 0.056559
v 0.027931 0.127694 0.055561
v 0.022920 0.126491 0.056081
v 0.027872 0.127487 0.055085
v 0.022841 0.126416 0.055571
v 0.027777 0.127409 0.054578
v 0.022738 0.126475 0.055062
v 0.027653 0.127464 0.054073
v 0.022618 0.126664 0.054591
v 0.027510 0.127648 0.053606
v 0.012251 0.125200 0.058054
v 0.012224 0.124999 0.057573
v 0.012180 0.124929 0.057058
v 0.012124 0.124994 0.056543
v 0.012058 0.125191 0.056064
v 0.001487 0.124611 0.058644
v 0.001484 0.124411 0.058161
v 0.001479 0.124343 0.057644
v 0.001471 0.124411 0.057126
v 0.001463 0.124611 0.056644
v -0.002859 0.124635 0.058620
v -0.002853 0.124435 0.058137
v -0.002842 0.124367 0.057620
v -0.002829 0.124435 0.057102
v -0.002813 0.124634 0.056620
v -0.013405 0.125318 0.057937
v -0.013375 0.125116 0.057456
v -0.013328 0.125046 0.056941
v -0.013266 0.125110 0.056427
v -0.013195 0.125306 0.055948
v -0.017288 0.125790 0.057465
v -0.017250 0.125588 0.056985
v -0.017190 0.125515 0.056471
v -0.017111 0.125578 0.055959
v -0.017019 0.125772 0.055483
v -0.039294 0.254598 -0.071343
v -0.039095 0.254257 -0.071684
v -0.038777 0.253964 -0.071977
v -0.038362 0.253739 -0.072202
v -0.037880 0.253598 -0.072343
v 0.038776 0.135747 0.047508
v 0.039294 0.138618 0.044636
v 0.037256 0.133058 0.050196
v 0.034830 0.130726 0.052529
v 0.031654 0.128899 0.054356
v 0.038583 0.135441 0.047132
v 0.039095 0.138277 0.044295
v 0.037081 0.132786 0.049787
v 0.034685 0.130482 0.052090
v 0.031548 0.128678 0.053895
v 0.038275 0.135204 0.046782
v 0.038777 0.137985 0.044002
v 0.036803 0.132602 0.049384
v 0.034455 0.130344 0.051642
v 0.031381 0.128576 0.053411
v 0.037874 0.135053 0.046484
v 0.038362 0.137760 0.043777
v 0.036441 0.132520 0.049017
v 0.034155 0.130322 0.051215
v 0.031162 0.128600 0.052937
v 0.037407 0.134997 0.046257
v 0.037880 0.137618 0.043636
v 0.036020 0.132544 0.048710
v 0.033806 0.130416 0.050839
v 0.030907 0.128748 0.052507
v -0.038776 0.257470 -0.074215
v -0.037256 0.260158 -0.076903
v -0.034830 0.262490 -0.079236
v -0.031654 0.264317 -0.081063
v -0.027931 0.265523 -0.082268
v -0.038583 0.257093 -0.074521
v -0.037081 0.259748 -0.077176
v -0.034685 0.262052 -0.079479
v -0.031548 0.263856 -0.081284
v -0.027872 0.265047 -0.082474
v -0.038275 0.256744 -0.074757
v -0.036803 0.259346 -0.077359
v -0.034455 0.261604 -0.079617
v -0.031381 0.263373 -0.081386
v -0.027777 0.264539 -0.082553
v -0.037874 0.256446 -0.074908
v -0.036441 0.258979 -0.077442
v -0.034155 0.261177 -0.079640
v -0.031162 0.262899 -0.081362
v -0.027653 0.264035 -0.082498
v -0.037407 0.256219 -0.074964
v -0.036020 0.258672 -0.077417
v -0.033806 0.260801 -0.079546
v -0.030907 0.262468 -0.081214
v -0.027510 0.263568 -0.082314
v 0.039294 0.254598 -0.071343
v 0.039095 0.254257 -0.071684
v 0.038777 0.253964 -0.071977
v 0.038362 0.253739 -0.072202
v 0.037880 0.253598 -0.072343
v -0.022970 0.266521 -0.083266
v -0.022920 0.266043 -0.083471
v -0.022841 0.265532 -0.083546
v -0.022738 0.265024 -0.083487
v -0.022618 0.264552 -0.083298
v -0.012251 0.268016 -0.084761
v -0.012224 0.267535 -0.084963
v -0.012180 0.267019 -0.085033
v -0.012124 0.266504 -0.084967
v -0.012058 0.266025 -0.084771
v -0.001487 0.268605 -0.085351
v -0.001484 0.268123 -0.085551
v -0.001479 0.267605 -0.085619
v -0.001471 0.267088 -0.085551
v -0.001463 0.266605 -0.085351
v 0.002859 0.268581 -0.085327
v 0.002853 0.268099 -0.085527
v 0.002842 0.267582 -0.085595
v 0.002829 0.267064 -0.085527
v 0.002813 0.266582 -0.085327
v 0.013405 0.267899 -0.084644
v 0.013375 0.267418 -0.084845
v 0.013328 0.266903 -0.084916
v 0.013266 0.266388 -0.084851
v 0.013195 0.265910 -0.084655
v 0.017288 0.267426 -0.084172
v 0.017250 0.266946 -0.084374
v 0.017190 0.266433 -0.084446
v 0.017111 0.265921 -0.084383
v 0.017019 0.265444 -0.084190
v 0.027931 0.265523 -0.082268
v 0.027872 0.265047 -0.082474
v 0.027777 0.264539 -0.082553
v 0.027653 0.264035 -0.082498
v 0.027510 0.263568 -0.082314
v 0.031654 0.264317 -0.081063
v 0.034830 0.262490 -0.079236
v 0.037256 0.260158 -0.076903
v 0.038776 0.257470 -0.074215
v 0.031548 0.263856 -0.081284
v 0.034685 0.262052 -0.079479
v 0.037081 0.259748 -0.077176
v 0.038583 0.257093 -0.074521
v 0.031381 0.263373 -0.081386
v 0.034455 0.261604 -0.079617
v 0.036803 0.259346 -0.077359
v 0.038275 0.256744 -0.074757
v 0.031162 0.262899 -0.081362
v 0.034155 0.261177 -0.079640
v 0.036441 0.258979 -0.077442
v 0.037874 0.256446 -0.074908
v 0.030907 0.262468 -0.081214
v 0.033806 0.260801 -0.079546
v 0.036020 0.258672 -0.077417
v 0.037407 0.256219 -0.074964
v 0.007086 0.086189 -0.057536
v 0.006295 0.087615 -0.058962
v 0.004944 0.088812 -0.060160
v 0.003154 0.089675 -0.061023
v 0.001083 0.090127 -0.061474
v -0.001083 0.090127 -0.061474
v -0.003154 0.089675 -0.061023
v -0.004944 0.088812 -0.060160
v -0.006295 0.087615 -0.058962
v -0.007086 0.086189 -0.057536
v -0.007248 0.084661 -0.056008
v -0.006766 0.083167 -0.054515
v -0.005683 0.081840 -0.053188
v -0.004094 0.080798 -0.052146
v -0.002142 0.080134 -0.051481
v -0.000000 0.079905 -0.051253
v 0.002142 0.080134 -0.051481
v 0.004094 0.080798 -0.052146
v 0.005683 0.081840 -0.053188
v 0.006766 0.083167 -0.054515
v 0.007248 0.084661 -0.056008
v 0.007268 0.085045 -0.056392
v -0.002142 0.044654 -0.086960
v -0.000000 0.044426 -0.086732
v -0.004094 0.045319 -0.087625
v -0.005683 0.046361 -0.088667
v -0.006766 0.047688 -0.089994
v -0.007248 0.049182 -0.091487
v -0.007086 0.050709 -0.093015
v -0.007268 0.049566 -0.091871
v -0.006295 0.052135 -0.094441
v -0.004944 0.053333 -0.095639
v -0.003154 0.054196 -0.096502
v -0.001083 0.054648 -0.096954
v 0.001083 0.054648 -0.096954
v 0.003154 0.054196 -0.096502
v 0.004944 0.053333 -0.095639
v 0.006295 0.052135 -0.094441
v 0.007086 0.050709 -0.093015
v 0.007248 0.049182 -0.091487
v 0.006766 0.047688 -0.089994
v 0.005683 0.046361 -0.088667
v 0.004094 0.045319 -0.087625
v 0.002142 0.044654 -0.086960
v 0.007086 0.154713 -0.126060
v 0.006295 0.156139 -0.127486
v 0.004944 0.157337 -0.128684
v 0.003154 0.158200 -0.129547
v 0.001083 0.158652 -0.129999
v -0.001083 0.158652 -0.129999
v -0.003154 0.158200 -0.129547
v -0.004944 0.157337 -0.128684
v -0.006295 0.156139 -0.127486
v -0.007086 0.154713 -0.126060
v -0.007248 0.153185 -0.124533
v -0.006766 0.151692 -0.123039
v -0.005683 0.150365 -0.121712
v -0.004094 0.149323 -0.120670
v -0.002142 0.148658 -0.120006
v -0.000000 0.148430 -0.119777
v 0.002142 0.148658 -0.120006
v 0.004094 0.149323 -0.120670
v 0.005683 0.150365 -0.121712
v 0.006766 0.151692 -0.123039
v 0.007248 0.153185 -0.124533
v 0.007268 0.153569 -0.124917
v -0.002142 0.113179 -0.155485
v -0.000000 0.112951 -0.155256
v -0.004094 0.113844 -0.156149
v -0.005683 0.114886 -0.157191
v -0.006766 0.116213 -0.158518
v -0.007248 0.117706 -0.160012
v -0.007086 0.119234 -0.161540
v -0.007268 0.118090 -0.160396
v -0.006295 0.120660 -0.162966
v -0.004944 0.121858 -0.164163
v -0.003154 0.122721 -0.165026
v -0.001083 0.123172 -0.165478
v 0.001083 0.123172 -0.165478
v 0.003154 0.122721 -0.165026
v 0.004944 0.121858 -0.164163
v 0.006295 0.120660 -0.162966
v 0.007086 0.119234 -0.161540
v 0.007248 0.117706 -0.160012
v 0.006766 0.116213 -0.158518
v 0.005683 0.114886 -0.157191
v 0.004094 0.113844 -0.156149
v 0.002142 0.113179 -0.155485
v -0.000000 0.070873 -0.207613
v 0.001992 0.071501 -0.207854
v 0.002085 0.071067 -0.207419
v 0.001723 0.071897 -0.208250
v 0.001300 0.072219 -0.208572
v 0.000762 0.072439 -0.208792
v 0.000156 0.072537 -0.208890
v -0.000464 0.072504 -0.208857
v -0.001042 0.072343 -0.208696
v -0.001528 0.072069 -0.208422
v -0.001878 0.071706 -0.208059
v -0.002062 0.071286 -0.207639
v -0.002062 0.070847 -0.207200
v -0.001878 0.070427 -0.206780
v -0.001528 0.070064 -0.206417
v -0.001042 0.069790 -0.206143
v -0.000464 0.069629 -0.205982
v 0.000156 0.069597 -0.205949
v 0.000762 0.069694 -0.206047
v 0.001300 0.069914 -0.206267
v 0.001723 0.070236 -0.206589
v 0.001992 0.070632 -0.206985
v 0.003849 0.072475 -0.207690
v 0.004028 0.071636 -0.206850
v 0.003328 0.073240 -0.208455
v 0.002511 0.073862 -0.209077
v 0.001472 0.074287 -0.209502
v 0.000301 0.074476 -0.209690
v -0.000896 0.074412 -0.209627
v -0.002014 0.074102 -0.209317
v -0.002953 0.073573 -0.208788
v -0.003629 0.072872 -0.208086
v -0.003983 0.072060 -0.207275
v -0.003983 0.071211 -0.206426
v -0.003629 0.070400 -0.205615
v -0.002953 0.069699 -0.204913
v -0.002014 0.069169 -0.204384
v -0.000896 0.068859 -0.204074
v 0.000301 0.068796 -0.204010
v 0.001472 0.068985 -0.204199
v 0.002511 0.069409 -0.204624
v 0.003328 0.070031 -0.205246
v 0.003849 0.070796 -0.206011
v 0.005443 0.073728 -0.207132
v 0.005696 0.072541 -0.205945
v 0.004706 0.074810 -0.208214
v 0.003551 0.075690 -0.209094
v 0.002081 0.076290 -0.209694
v 0.000426 0.076557 -0.209962
v -0.001268 0.076468 -0.209872
v -0.002848 0.076029 -0.209433
v -0.004176 0.075281 -0.208685
v -0.005132 0.074289 -0.207693
v -0.005632 0.073141 -0.206545
v -0.005632 0.071941 -0.205345
v -0.005132 0.070793 -0.204198
v -0.004176 0.069801 -0.203206
v -0.002848 0.069053 -0.202457
v -0.001268 0.068614 -0.202018
v 0.000426 0.068525 -0.201929
v 0.002081 0.068792 -0.202196
v 0.003551 0.069392 -0.202796
v 0.004706 0.070272 -0.203676
v 0.005443 0.071354 -0.204758
v 0.006666 0.075175 -0.206219
v 0.006976 0.073721 -0.204765
v 0.005764 0.076500 -0.207544
v 0.004350 0.077577 -0.208622
v 0.002549 0.078313 -0.209357
v 0.000521 0.078640 -0.209685
v -0.001552 0.078530 -0.209575
v -0.003488 0.077993 -0.209037
v -0.005114 0.077076 -0.208121
v -0.006285 0.075861 -0.206906
v -0.006898 0.074456 -0.205501
v -0.006898 0.072985 -0.204030
v -0.006285 0.071580 -0.202625
v -0.005114 0.070365 -0.201410
v -0.003488 0.069449 -0.200493
v -0.001552 0.068911 -0.199956
v 0.000521 0.068802 -0.199846
v 0.002549 0.069129 -0.200173
v 0.004350 0.069864 -0.200909
v 0.005764 0.070942 -0.201987
v 0.006666 0.072267 -0.203311
v 0.007435 0.076716 -0.205013
v 0.007781 0.075094 -0.203392
v 0.006429 0.078194 -0.206491
v 0.004851 0.079396 -0.207693
v 0.002843 0.080216 -0.208513
v 0.000581 0.080581 -0.208878
v -0.001731 0.080459 -0.208756
v -0.003891 0.079859 -0.208156
v -0.005704 0.078837 -0.207134
v -0.007010 0.077482 -0.205779
v -0.007694 0.075915 -0.204212
v -0.007694 0.074274 -0.202572
v -0.007010 0.072707 -0.201004
v -0.005704 0.071352 -0.199649
v -0.003891 0.070330 -0.198627
v -0.001731 0.069730 -0.198028
v 0.000581 0.069608 -0.197905
v 0.002843 0.069973 -0.198270
v 0.004851 0.070793 -0.199090
v 0.006429 0.071995 -0.200292
v 0.007435 0.073473 -0.201770
v 0.007698 0.078248 -0.203596
v 0.007854 0.077836 -0.203185
v 0.008055 0.076569 -0.201917
v 0.006656 0.079777 -0.205126
v 0.006976 0.079417 -0.204765
v 0.005023 0.081022 -0.206371
v 0.005479 0.080744 -0.206093
v 0.002943 0.081871 -0.207220
v 0.003495 0.081701 -0.207049
v 0.000602 0.082249 -0.207598
v 0.001201 0.082201 -0.207550
v -0.001793 0.082122 -0.207471
v -0.001201 0.082201 -0.207550
v -0.004028 0.081502 -0.206850
v -0.003495 0.081701 -0.207049
v -0.005905 0.080443 -0.205792
v -0.005479 0.080744 -0.206093
v -0.007258 0.079040 -0.204389
v -0.006976 0.079417 -0.204765
v -0.007966 0.077418 -0.202766
v -0.007854 0.077836 -0.203185
v -0.007966 0.075720 -0.201068
v -0.008033 0.076143 -0.201492
v -0.007258 0.074097 -0.199446
v -0.007499 0.074488 -0.199836
v -0.005905 0.072694 -0.198043
v -0.006298 0.073017 -0.198366
v -0.004028 0.071636 -0.196984
v -0.004538 0.071862 -0.197211
v -0.001793 0.071015 -0.196364
v -0.002374 0.071126 -0.196474
v 0.000602 0.070889 -0.196237
v 0.000000 0.070873 -0.196221
v 0.002943 0.071266 -0.196615
v 0.002374 0.071126 -0.196474
v 0.005023 0.072115 -0.197464
v 0.004538 0.071862 -0.197211
v 0.006656 0.073360 -0.198709
v 0.006298 0.073017 -0.198366
v 0.007698 0.074890 -0.200238
v 0.007499 0.074488 -0.199836
v 0.008033 0.076143 -0.201492
v -0.002374 0.112647 -0.154953
v -0.000000 0.112394 -0.154700
v -0.004538 0.113384 -0.155690
v -0.006298 0.114539 -0.156844
v -0.007499 0.116009 -0.158315
v -0.008033 0.117665 -0.159970
v -0.007854 0.119358 -0.161663
v -0.008055 0.118090 -0.160396
v -0.006976 0.120938 -0.163244
v -0.005479 0.122266 -0.164571
v -0.003495 0.123222 -0.165528
v -0.001201 0.123723 -0.166028
v 0.001201 0.123723 -0.166028
v 0.003495 0.123222 -0.165528
v 0.005479 0.122266 -0.164571
v 0.006976 0.120938 -0.163244
v 0.007854 0.119358 -0.161663
v 0.008033 0.117665 -0.159970
v 0.007499 0.116009 -0.158315
v 0.006298 0.114539 -0.156844
v 0.004538 0.113384 -0.155690
v 0.002374 0.112647 -0.154953
v -0.000000 0.002348 -0.139089
v 0.001992 0.002977 -0.139329
v 0.002085 0.002542 -0.138895
v 0.001723 0.003373 -0.139725
v 0.001300 0.003695 -0.140047
v 0.000762 0.003915 -0.140267
v 0.000156 0.004012 -0.140365
v -0.000464 0.003980 -0.140332
v -0.001042 0.003819 -0.140172
v -0.001528 0.003545 -0.139898
v -0.001878 0.003182 -0.139535
v -0.002062 0.002762 -0.139115
v -0.002062 0.002322 -0.138675
v -0.001878 0.001903 -0.138255
v -0.001528 0.001539 -0.137892
v -0.001042 0.001265 -0.137618
v -0.000464 0.001105 -0.137458
v 0.000156 0.001072 -0.137425
v 0.000762 0.001170 -0.137522
v 0.001300 0.001390 -0.137742
v 0.001723 0.001712 -0.138064
v 0.001992 0.002108 -0.138460
v 0.003849 0.003951 -0.139165
v 0.004028 0.003111 -0.138326
v 0.003328 0.004716 -0.139930
v 0.002511 0.005338 -0.140552
v 0.001472 0.005762 -0.140977
v 0.000301 0.005951 -0.141166
v -0.000896 0.005888 -0.141102
v -0.002014 0.005578 -0.140792
v -0.002953 0.005048 -0.140263
v -0.003629 0.004347 -0.139562
v -0.003983 0.003536 -0.138750
v -0.003983 0.002687 -0.137901
v -0.003629 0.001876 -0.137090
v -0.002953 0.001174 -0.136389
v -0.002014 0.000645 -0.135859
v -0.000896 0.000335 -0.135549
v 0.000301 0.000271 -0.135486
v 0.001472 0.000460 -0.135675
v 0.002511 0.000885 -0.136099
v 0.003328 0.001507 -0.136721
v 0.003849 0.002272 -0.137486
v 0.005443 0.005204 -0.138608
v 0.005696 0.004016 -0.137421
v 0.004706 0.006285 -0.139690
v 0.003551 0.007165 -0.140570
v 0.002081 0.007766 -0.141170
v 0.000426 0.008033 -0.141437
v -0.001268 0.007943 -0.141347
v -0.002848 0.007505 -0.140909
v -0.004176 0.006756 -0.140160
v -0.005132 0.005764 -0.139168
v -0.005632 0.004617 -0.138021
v -0.005632 0.003416 -0.136820
v -0.005132 0.002269 -0.135673
v -0.004176 0.001277 -0.134681
v -0.002848 0.000528 -0.133932
v -0.001268 0.000090 -0.133494
v 0.000426 0.000000 -0.133404
v 0.002081 0.000267 -0.133671
v 0.003551 0.000867 -0.134272
v 0.004706 0.001748 -0.135152
v 0.005443 0.002829 -0.136233
v 0.006666 0.006650 -0.137695
v 0.006976 0.005196 -0.136241
v 0.005764 0.007975 -0.139020
v 0.004350 0.009053 -0.140098
v 0.002549 0.009788 -0.140833
v 0.000521 0.010115 -0.141160
v -0.001552 0.010005 -0.141050
v -0.003488 0.009468 -0.140513
v -0.005114 0.008551 -0.139596
v -0.006285 0.007336 -0.138381
v -0.006898 0.005931 -0.136976
v -0.006898 0.004461 -0.135506
v -0.006285 0.003056 -0.134101
v -0.005114 0.001841 -0.132886
v -0.003488 0.000924 -0.131969
v -0.001552 0.000387 -0.131432
v 0.000521 0.000277 -0.131322
v 0.002549 0.000604 -0.131649
v 0.004350 0.001339 -0.132384
v 0.005764 0.002417 -0.133462
v 0.006666 0.003742 -0.134787
v 0.007435 0.008192 -0.136489
v 0.007781 0.006570 -0.134867
v 0.006429 0.009669 -0.137966
v 0.004851 0.010872 -0.139169
v 0.002843 0.011692 -0.139989
v 0.000581 0.012057 -0.140354
v -0.001731 0.011934 -0.140231
v -0.003891 0.011335 -0.139632
v -0.005704 0.010312 -0.138609
v -0.007010 0.008957 -0.137254
v -0.007694 0.007390 -0.135687
v -0.007694 0.005750 -0.134047
v -0.007010 0.004183 -0.132480
v -0.005704 0.002828 -0.131125
v -0.003891 0.001805 -0.130102
v -0.001731 0.001206 -0.129503
v 0.000581 0.001083 -0.129380
v 0.002843 0.001448 -0.129745
v 0.004851 0.002268 -0.130565
v 0.006429 0.003471 -0.131768
v 0.007435 0.004948 -0.133245
v 0.007698 0.009723 -0.135072
v 0.007854 0.009312 -0.134660
v 0.008055 0.008044 -0.133393
v 0.006656 0.011253 -0.136602
v 0.006976 0.010892 -0.136241
v 0.005023 0.012498 -0.137846
v 0.005479 0.012220 -0.137568
v 0.002943 0.013347 -0.138695
v 0.003495 0.013176 -0.138525
v 0.000602 0.013724 -0.139073
v 0.001201 0.013677 -0.139025
v -0.001793 0.013598 -0.138946
v -0.001201 0.013677 -0.139025
v -0.004028 0.012977 -0.138326
v -0.003495 0.013176 -0.138525
v -0.005905 0.011919 -0.137267
v -0.005479 0.012220 -0.137568
v -0.007258 0.010516 -0.135864
v -0.006976 0.010892 -0.136241
v -0.007966 0.008893 -0.134242
v -0.007854 0.009312 -0.134660
v -0.007966 0.007195 -0.132544
v -0.008033 0.007619 -0.132967
v -0.007258 0.005573 -0.130921
v -0.007499 0.005963 -0.131312
v -0.005905 0.004170 -0.129519
v -0.006298 0.004493 -0.129841
v -0.004028 0.003111 -0.128460
v -0.004538 0.003338 -0.128686
v -0.001793 0.002491 -0.127840
v -0.002374 0.002601 -0.127950
v 0.000602 0.002364 -0.127713
v 0.000000 0.002348 -0.127697
v 0.002943 0.002742 -0.128090
v 0.002374 0.002601 -0.127950
v 0.005023 0.003591 -0.128939
v 0.004538 0.003338 -0.128686
v 0.006656 0.004836 -0.130184
v 0.006298 0.004493 -0.129841
v 0.007698 0.006365 -0.131714
v 0.007499 0.005963 -0.131312
v 0.008033 0.007619 -0.132967
v -0.002374 0.044123 -0.086428
v -0.000000 0.043870 -0.086175
v -0.004538 0.044859 -0.087165
v -0.006298 0.046014 -0.088320
v -0.007499 0.047485 -0.089790
v -0.008033 0.049140 -0.091446
v -0.007854 0.050833 -0.093139
v -0.008055 0.049566 -0.091871
v -0.006976 0.052414 -0.094719
v -0.005479 0.053741 -0.096047
v -0.003495 0.054698 -0.097003
v -0.001201 0.055198 -0.097504
v 0.001201 0.055198 -0.097504
v 0.003495 0.054698 -0.097003
v 0.005479 0.053741 -0.096047
v 0.006976 0.052414 -0.094719
v 0.007854 0.050833 -0.093139
v 0.008033 0.049140 -0.091446
v 0.007499 0.047485 -0.089790
v 0.006298 0.046014 -0.088320
v 0.004538 0.044859 -0.087165
v 0.002374 0.044123 -0.086428
v 0.014373 0.161559 -0.131493
v 0.005767 0.168591 -0.138524
v 0.005767 0.170244 -0.136871
v 0.014373 0.163213 -0.129839
v -0.004126 0.171250 -0.137877
v -0.004126 0.169597 -0.139530
v -0.005767 0.168591 -0.138524
v -0.005767 0.170244 -0.136871
v -0.002150 0.171889 -0.138516
v -0.002150 0.170236 -0.140169
v 0.000000 0.172108 -0.138734
v -0.000000 0.170454 -0.140388
v 0.002150 0.171889 -0.138516
v 0.002150 0.170236 -0.140169
v 0.004126 0.171250 -0.137877
v 0.004126 0.169597 -0.139530
v -0.014373 0.161559 -0.131493
v -0.014373 0.163213 -0.129839
v -0.004107 0.169394 -0.139693
v -0.005741 0.168392 -0.138691
v -0.002141 0.170030 -0.140329
v 0.000000 0.170247 -0.140547
v 0.002141 0.170030 -0.140329
v 0.004107 0.169394 -0.139693
v 0.005741 0.168392 -0.138691
v -0.004053 0.169164 -0.139804
v -0.005665 0.168175 -0.138815
v -0.002112 0.169791 -0.140431
v 0.000000 0.170006 -0.140646
v 0.002112 0.169791 -0.140431
v 0.004053 0.169164 -0.139804
v 0.005665 0.168175 -0.138815
v -0.003967 0.168923 -0.139856
v -0.005545 0.167955 -0.138888
v -0.002068 0.169537 -0.140470
v 0.000000 0.169747 -0.140680
v 0.002068 0.169537 -0.140470
v 0.003967 0.168923 -0.139856
v 0.005545 0.167955 -0.138888
v -0.003855 0.168687 -0.139845
v -0.005389 0.167747 -0.138905
v -0.002009 0.169284 -0.140442
v 0.000000 0.169489 -0.140646
v 0.002009 0.169284 -0.140442
v 0.003855 0.168687 -0.139845
v 0.005389 0.167747 -0.138905
v -0.003725 0.168473 -0.139773
v -0.005206 0.167565 -0.138864
v -0.001941 0.169050 -0.140349
v 0.000000 0.169247 -0.140547
v 0.001941 0.169050 -0.140349
v 0.003725 0.168473 -0.139773
v 0.005206 0.167565 -0.138864
v -0.003585 0.168295 -0.139643
v -0.005011 0.167421 -0.138768
v -0.001868 0.168850 -0.140198
v -0.000000 0.169040 -0.140388
v 0.001868 0.168850 -0.140198
v 0.003585 0.168295 -0.139643
v 0.005011 0.167421 -0.138768
v -0.014347 0.161361 -0.131660
v -0.014271 0.161144 -0.131784
v -0.014151 0.160924 -0.131857
v -0.013995 0.160716 -0.131874
v -0.013812 0.160533 -0.131833
v -0.013617 0.160390 -0.131737
v -0.014733 0.162718 -0.129344
v -0.014733 0.161065 -0.130998
v -0.014780 0.160786 -0.130719
v -0.014780 0.162439 -0.129066
v -0.014595 0.162980 -0.129607
v -0.014595 0.161327 -0.131260
v 0.014347 0.161361 -0.131660
v 0.014271 0.161144 -0.131784
v 0.014151 0.160924 -0.131857
v 0.013995 0.160716 -0.131874
v 0.013812 0.160533 -0.131833
v 0.013617 0.160390 -0.131737
v 0.014595 0.162980 -0.129607
v 0.014595 0.161327 -0.131260
v 0.014733 0.162718 -0.129344
v 0.014733 0.161065 -0.130998
v 0.014780 0.162439 -0.129066
v 0.014780 0.160786 -0.130719
v -0.014700 0.160876 -0.131175
v -0.014746 0.160603 -0.130902
v -0.014565 0.161133 -0.131432
v -0.014603 0.160689 -0.131329
v -0.014646 0.160433 -0.131073
v -0.014476 0.160930 -0.131570
v -0.014449 0.160516 -0.131449
v -0.014487 0.160286 -0.131219
v -0.014334 0.160732 -0.131665
v -0.014247 0.160369 -0.131527
v -0.014280 0.160174 -0.131332
v -0.014150 0.160553 -0.131711
v -0.014013 0.160258 -0.131557
v -0.014039 0.160103 -0.131402
v -0.013936 0.160404 -0.131703
v -0.013761 0.160191 -0.131538
v -0.013780 0.160079 -0.131426
v -0.013706 0.160296 -0.131644
v -0.014780 0.079242 -0.049175
v -0.014780 0.080896 -0.047522
v 0.014565 0.161133 -0.131432
v 0.014700 0.160876 -0.131175
v 0.014746 0.160603 -0.130902
v 0.014476 0.160930 -0.131570
v 0.014603 0.160689 -0.131329
v 0.014646 0.160433 -0.131073
v 0.014334 0.160732 -0.131665
v 0.014449 0.160516 -0.131449
v 0.014487 0.160286 -0.131219
v 0.014150 0.160553 -0.131711
v 0.014247 0.160369 -0.131527
v 0.014280 0.160174 -0.131332
v 0.013936 0.160404 -0.131703
v 0.014013 0.160258 -0.131557
v 0.014039 0.160103 -0.131402
v 0.013706 0.160296 -0.131644
v 0.013761 0.160191 -0.131538
v 0.013780 0.160079 -0.131426
v 0.014780 0.079242 -0.049175
v 0.014780 0.080896 -0.047522
v -0.014746 0.079059 -0.049358
v -0.014646 0.078889 -0.049529
v -0.014487 0.078742 -0.049675
v -0.014280 0.078630 -0.049788
v -0.014039 0.078559 -0.049858
v -0.013780 0.078535 -0.049883
v -0.014595 0.080355 -0.046981
v -0.014595 0.078701 -0.048634
v -0.014373 0.078469 -0.048402
v -0.014373 0.080122 -0.046749
v -0.014733 0.080617 -0.047244
v -0.014733 0.078964 -0.048897
v 0.014746 0.079059 -0.049358
v 0.014646 0.078889 -0.049529
v 0.014487 0.078742 -0.049675
v 0.014280 0.078630 -0.049788
v 0.014039 0.078559 -0.049858
v 0.013780 0.078535 -0.049883
v 0.014733 0.080617 -0.047244
v 0.014733 0.078964 -0.048897
v 0.014595 0.080355 -0.046981
v 0.014595 0.078701 -0.048634
v 0.014373 0.080122 -0.046749
v 0.014373 0.078469 -0.048402
v -0.014565 0.078529 -0.048828
v -0.014347 0.078302 -0.048601
v -0.014700 0.078787 -0.049086
v -0.014476 0.078391 -0.049031
v -0.014271 0.078177 -0.048818
v -0.014603 0.078633 -0.049273
v -0.014334 0.078296 -0.049229
v -0.014151 0.078105 -0.049038
v -0.014449 0.078513 -0.049446
v -0.014150 0.078251 -0.049409
v -0.013995 0.078088 -0.049246
v -0.014247 0.078435 -0.049593
v -0.013936 0.078258 -0.049557
v -0.013812 0.078129 -0.049428
v -0.014013 0.078404 -0.049704
v -0.013706 0.078318 -0.049665
v -0.013617 0.078225 -0.049572
v -0.013761 0.078423 -0.049771
v -0.005767 0.071438 -0.041371
v -0.005767 0.073091 -0.039718
v 0.004126 0.072085 -0.038711
v 0.004126 0.070431 -0.040364
v 0.005767 0.071438 -0.041371
v 0.005767 0.073091 -0.039718
v 0.002150 0.071446 -0.038073
v 0.002150 0.069793 -0.039726
v -0.000000 0.071227 -0.037854
v -0.000000 0.069574 -0.039507
v -0.002150 0.071446 -0.038073
v -0.002150 0.069793 -0.039726
v -0.004126 0.072085 -0.038711
v -0.004126 0.070431 -0.040364
v -0.005741 0.071270 -0.041570
v -0.005665 0.071146 -0.041786
v -0.005545 0.071073 -0.042006
v -0.005389 0.071057 -0.042215
v -0.005206 0.071098 -0.042397
v -0.005011 0.071193 -0.042541
v 0.013761 0.078423 -0.049771
v 0.013706 0.078318 -0.049665
v 0.013617 0.078225 -0.049572
v 0.005011 0.071193 -0.042541
v 0.003585 0.070319 -0.041666
v 0.001868 0.069764 -0.041111
v -0.000000 0.069574 -0.040921
v -0.001868 0.069764 -0.041111
v -0.003585 0.070319 -0.041666
v 0.014700 0.078787 -0.049086
v 0.014565 0.078529 -0.048828
v 0.014347 0.078302 -0.048601
v 0.014603 0.078633 -0.049273
v 0.014476 0.078391 -0.049031
v 0.014271 0.078177 -0.048818
v 0.014449 0.078513 -0.049446
v 0.014334 0.078296 -0.049229
v 0.014151 0.078105 -0.049038
v 0.014247 0.078435 -0.049593
v 0.014150 0.078251 -0.049409
v 0.013995 0.078088 -0.049246
v 0.014013 0.078404 -0.049704
v 0.013936 0.078258 -0.049557
v 0.013812 0.078129 -0.049428
v 0.005741 0.071270 -0.041570
v 0.005665 0.071146 -0.041786
v 0.005545 0.071073 -0.042006
v 0.005389 0.071057 -0.042215
v 0.005206 0.071098 -0.042397
v 0.004107 0.070269 -0.040568
v 0.002141 0.069633 -0.039932
v -0.000000 0.069415 -0.039714
v -0.002141 0.069633 -0.039932
v -0.004107 0.070269 -0.040568
v 0.004053 0.070157 -0.040798
v 0.002112 0.069530 -0.040170
v -0.000000 0.069315 -0.039955
v -0.002112 0.069530 -0.040170
v -0.004053 0.070157 -0.040798
v 0.003967 0.070105 -0.041039
v 0.002068 0.069491 -0.040425
v -0.000000 0.069281 -0.040214
v -0.002068 0.069491 -0.040425
v -0.003967 0.070105 -0.041039
v 0.003855 0.070116 -0.041274
v 0.002009 0.069520 -0.040677
v -0.000000 0.069315 -0.040473
v -0.002009 0.069520 -0.040677
v -0.003855 0.070116 -0.041274
v 0.003725 0.070189 -0.041488
v 0.001941 0.069613 -0.040912
v -0.000000 0.069415 -0.040714
v -0.001941 0.069613 -0.040912
v -0.003725 0.070189 -0.041488
v -0.005520 0.172783 -0.139409
v -0.002876 0.173637 -0.140263
v -0.000000 0.173929 -0.140556
v 0.002876 0.173637 -0.140263
v 0.005520 0.172783 -0.139409
v 0.007715 0.171436 -0.138063
v 0.016321 0.164405 -0.131031
v 0.016885 0.163815 -0.130441
v 0.017237 0.163147 -0.129773
v 0.017357 0.162439 -0.129066
v 0.017357 0.080896 -0.047522
v 0.017237 0.080188 -0.046815
v 0.016885 0.079520 -0.046147
v 0.016321 0.078930 -0.045557
v 0.007715 0.071899 -0.038525
v 0.005520 0.070552 -0.037179
v 0.002876 0.069698 -0.036325
v -0.000000 0.069406 -0.036032
v -0.002876 0.069698 -0.036325
v -0.005520 0.070552 -0.037179
v -0.007715 0.071899 -0.038525
v -0.016321 0.078930 -0.045557
v -0.016885 0.079520 -0.046147
v -0.017237 0.080188 -0.046815
v -0.017357 0.080896 -0.047522
v -0.017357 0.162439 -0.129066
v -0.017237 0.163147 -0.129773
v -0.016885 0.163815 -0.130441
v -0.016321 0.164405 -0.131031
v -0.007715 0.171436 -0.138063
v 0.016885 0.077867 -0.047800
v 0.016321 0.077277 -0.047210
v 0.017237 0.078535 -0.048468
v 0.017357 0.079242 -0.049175
v 0.007715 0.070246 -0.040179
v -0.005520 0.068899 -0.038832
v -0.007715 0.070246 -0.040179
v -0.002876 0.068045 -0.037978
v -0.000000 0.067752 -0.037685
v 0.002876 0.068045 -0.037978
v 0.005520 0.068899 -0.038832
v -0.016321 0.077277 -0.047210
v -0.017237 0.078535 -0.048468
v -0.017357 0.079242 -0.049175
v -0.016885 0.077867 -0.047800
v -0.017357 0.160786 -0.130719
v -0.016885 0.162161 -0.132094
v -0.016321 0.162752 -0.132685
v -0.017237 0.161494 -0.131427
v -0.007715 0.169783 -0.139716
v 0.005520 0.171129 -0.141062
v 0.007715 0.169783 -0.139716
v 0.002876 0.171984 -0.141917
v -0.000000 0.172276 -0.142209
v -0.002876 0.171984 -0.141917
v -0.005520 0.171129 -0.141062
v 0.016321 0.162752 -0.132685
v 0.017237 0.161494 -0.131427
v 0.017357 0.160786 -0.130719
v 0.016885 0.162161 -0.132094
v -0.008471 0.169539 -0.140886
v -0.006060 0.171017 -0.142364
v -0.005920 0.170887 -0.142186
v -0.008275 0.169443 -0.140742
v -0.003158 0.171955 -0.143302
v -0.003085 0.171803 -0.143103
v -0.000000 0.172276 -0.143624
v -0.000000 0.172117 -0.143416
v 0.003158 0.171955 -0.143302
v 0.003085 0.171803 -0.143103
v 0.006060 0.171017 -0.142364
v 0.005920 0.170887 -0.142186
v 0.008471 0.169539 -0.140886
v 0.008275 0.169443 -0.140742
v -0.005790 0.170814 -0.141972
v -0.008093 0.169402 -0.140560
v -0.003017 0.171710 -0.142868
v -0.000000 0.172017 -0.143175
v 0.003017 0.171710 -0.142868
v 0.005790 0.170814 -0.141972
v 0.008093 0.169402 -0.140560
v -0.005678 0.170804 -0.141737
v -0.007936 0.169418 -0.140352
v -0.002959 0.171682 -0.142615
v -0.000000 0.171983 -0.142916
v 0.002959 0.171682 -0.142615
v 0.005678 0.170804 -0.141737
v 0.007936 0.169418 -0.140352
v -0.005592 0.170855 -0.141496
v -0.007816 0.169491 -0.140132
v -0.002914 0.171721 -0.142361
v -0.000000 0.172017 -0.142658
v 0.002914 0.171721 -0.142361
v 0.005592 0.170855 -0.141496
v 0.007816 0.169491 -0.140132
v -0.005538 0.170967 -0.141266
v -0.007741 0.169616 -0.139915
v -0.002886 0.171824 -0.142123
v -0.000000 0.172117 -0.142416
v 0.002886 0.171824 -0.142123
v 0.005538 0.170967 -0.141266
v 0.007741 0.169616 -0.139915
v -0.016347 0.162584 -0.132883
v -0.016422 0.162460 -0.133100
v -0.016542 0.162387 -0.133320
v -0.016699 0.162371 -0.133528
v -0.016881 0.162412 -0.133711
v -0.017077 0.162507 -0.133855
v 0.016347 0.162584 -0.132883
v 0.016422 0.162460 -0.133100
v 0.016542 0.162387 -0.133320
v 0.016699 0.162371 -0.133528
v 0.016881 0.162412 -0.133711
v 0.017077 0.162507 -0.133855
v -0.018357 0.160079 -0.131426
v -0.018209 0.160953 -0.132300
v -0.017957 0.160934 -0.132233
v -0.018098 0.160103 -0.131402
v -0.017774 0.161778 -0.133125
v -0.017544 0.161718 -0.133017
v -0.017723 0.160965 -0.132122
v -0.017857 0.160174 -0.131332
v -0.017330 0.161711 -0.132869
v -0.017522 0.161042 -0.131976
v -0.017649 0.160286 -0.131219
v -0.017146 0.161756 -0.132689
v -0.017367 0.161162 -0.131803
v -0.017491 0.160433 -0.131073
v -0.017004 0.161851 -0.132491
v -0.017270 0.161316 -0.131615
v -0.017391 0.160603 -0.130902
v -0.016915 0.161989 -0.132288
v 0.017774 0.161778 -0.133125
v 0.017544 0.161718 -0.133017
v 0.018209 0.160953 -0.132300
v 0.017957 0.160934 -0.132233
v 0.018357 0.160079 -0.131426
v 0.018098 0.160103 -0.131402
v 0.017330 0.161711 -0.132869
v 0.017723 0.160965 -0.132122
v 0.017857 0.160174 -0.131332
v 0.017146 0.161756 -0.132689
v 0.017522 0.161042 -0.131976
v 0.017649 0.160286 -0.131219
v 0.017004 0.161851 -0.132491
v 0.017367 0.161162 -0.131803
v 0.017491 0.160433 -0.131073
v 0.016915 0.161989 -0.132288
v 0.017270 0.161316 -0.131615
v 0.017391 0.160603 -0.130902
v -0.017391 0.079059 -0.049358
v -0.017491 0.078889 -0.049529
v -0.017649 0.078742 -0.049675
v -0.017857 0.078630 -0.049788
v -0.018098 0.078559 -0.049858
v -0.018357 0.078535 -0.049883
v 0.017391 0.079059 -0.049358
v 0.017491 0.078889 -0.049529
v 0.017649 0.078742 -0.049675
v 0.017857 0.078630 -0.049788
v 0.018098 0.078559 -0.049858
v 0.018357 0.078535 -0.049883
v -0.017077 0.076107 -0.047454
v -0.017774 0.076836 -0.048184
v -0.017544 0.076944 -0.048243
v -0.016881 0.076251 -0.047550
v -0.018209 0.077661 -0.049008
v -0.017957 0.077728 -0.049027
v -0.017330 0.077093 -0.048251
v -0.016699 0.076433 -0.047591
v -0.017723 0.077839 -0.048997
v -0.017146 0.077272 -0.048205
v -0.016542 0.076641 -0.047574
v -0.017522 0.077986 -0.048919
v -0.017004 0.077470 -0.048110
v -0.016422 0.076861 -0.047502
v -0.017367 0.078159 -0.048799
v -0.016915 0.077673 -0.047972
v -0.016347 0.077078 -0.047377
v -0.017270 0.078346 -0.048645
v 0.018209 0.077661 -0.049008
v 0.017957 0.077728 -0.049027
v 0.017774 0.076836 -0.048184
v 0.017544 0.076944 -0.048243
v 0.017077 0.076107 -0.047454
v 0.016881 0.076251 -0.047550
v 0.017723 0.077839 -0.048997
v 0.017330 0.077093 -0.048251
v 0.016699 0.076433 -0.047591
v 0.017522 0.077986 -0.048919
v 0.017146 0.077272 -0.048205
v 0.016542 0.076641 -0.047574
v 0.017367 0.078159 -0.048799
v 0.017004 0.077470 -0.048110
v 0.016422 0.076861 -0.047502
v 0.017270 0.078346 -0.048645
v 0.016915 0.077673 -0.047972
v 0.016347 0.077078 -0.047377
v -0.007741 0.070047 -0.040346
v -0.007816 0.069830 -0.040470
v -0.007936 0.069610 -0.040543
v -0.008093 0.069402 -0.040560
v -0.008275 0.069220 -0.040519
v -0.008471 0.069076 -0.040423
v 0.007741 0.070047 -0.040346
v 0.007816 0.069830 -0.040470
v 0.007936 0.069610 -0.040543
v 0.008093 0.069402 -0.040560
v 0.008275 0.069220 -0.040519
v 0.008471 0.069076 -0.040423
v 0.006060 0.067597 -0.038945
v 0.005920 0.067775 -0.039074
v 0.003158 0.066659 -0.038007
v 0.003085 0.066859 -0.038158
v -0.000000 0.066338 -0.037685
v -0.000000 0.066545 -0.037844
v -0.003158 0.066659 -0.038007
v -0.003085 0.066859 -0.038158
v -0.006060 0.067597 -0.038945
v -0.005920 0.067775 -0.039074
v 0.005790 0.067989 -0.039147
v 0.003017 0.067093 -0.038251
v -0.000000 0.066786 -0.037944
v -0.003017 0.067093 -0.038251
v -0.005790 0.067989 -0.039147
v 0.005678 0.068225 -0.039158
v 0.002959 0.067346 -0.038279
v -0.000000 0.067045 -0.037978
v -0.002959 0.067346 -0.038279
v -0.005678 0.068225 -0.039158
v 0.005592 0.068466 -0.039106
v 0.002914 0.067600 -0.038241
v -0.000000 0.067304 -0.037944
v -0.002914 0.067600 -0.038241
v -0.005592 0.068466 -0.039106
v 0.005538 0.068696 -0.038995
v 0.002886 0.067839 -0.038138
v -0.000000 0.067545 -0.037844
v -0.002886 0.067839 -0.038138
v -0.005538 0.068696 -0.038995
v -0.007550 0.172654 -0.144001
v -0.003934 0.173822 -0.145170
v -0.000000 0.174223 -0.145570
v 0.003934 0.173822 -0.145170
v 0.007550 0.172654 -0.144001
v 0.010552 0.170812 -0.142160
v 0.019158 0.163781 -0.135128
v 0.020221 0.162669 -0.134016
v 0.020884 0.161412 -0.132759
v 0.021109 0.160079 -0.131426
v 0.021109 0.078535 -0.049883
v 0.020884 0.077203 -0.048550
v 0.020221 0.075945 -0.047292
v 0.019158 0.074833 -0.046181
v 0.010552 0.067802 -0.039149
v 0.007550 0.065960 -0.037308
v 0.003934 0.064792 -0.036139
v -0.000000 0.064392 -0.035739
v -0.003934 0.064792 -0.036139
v -0.007550 0.065960 -0.037308
v -0.010552 0.067802 -0.039149
v -0.019158 0.074833 -0.046181
v -0.020221 0.075945 -0.047292
v -0.020884 0.077203 -0.048550
v -0.021109 0.078535 -0.049883
v -0.021109 0.160079 -0.131426
v -0.020884 0.161412 -0.132759
v -0.020221 0.162669 -0.134016
v -0.019158 0.163781 -0.135128
v -0.010552 0.170812 -0.142160
v 0.019889 0.164752 -0.135051
v 0.011283 0.171783 -0.142082
v 0.011308 0.171982 -0.141915
v 0.019914 0.164951 -0.134884
v 0.019813 0.164535 -0.135175
v 0.011207 0.171567 -0.142207
v 0.019693 0.164315 -0.135248
v 0.011087 0.171347 -0.142280
v 0.019536 0.164107 -0.135265
v 0.010930 0.171138 -0.142296
v 0.019354 0.163925 -0.135224
v 0.010748 0.170956 -0.142255
v -0.011308 0.171982 -0.141915
v -0.008091 0.173956 -0.143889
v -0.008072 0.173752 -0.144052
v -0.011283 0.171783 -0.142082
v -0.004216 0.175208 -0.145141
v -0.004207 0.175002 -0.145301
v -0.000000 0.175637 -0.145570
v -0.000000 0.175430 -0.145729
v 0.004216 0.175208 -0.145141
v 0.004207 0.175002 -0.145301
v 0.008091 0.173956 -0.143889
v 0.008072 0.173752 -0.144052
v -0.008018 0.173523 -0.144163
v -0.011207 0.171567 -0.142207
v -0.004179 0.174763 -0.145404
v -0.000000 0.175189 -0.145829
v 0.004179 0.174763 -0.145404
v 0.008018 0.173523 -0.144163
v -0.007932 0.173282 -0.144215
v -0.011087 0.171347 -0.142280
v -0.004134 0.174509 -0.145442
v -0.000000 0.174930 -0.145863
v 0.004134 0.174509 -0.145442
v 0.007932 0.173282 -0.144215
v -0.007820 0.173046 -0.144204
v -0.010930 0.171138 -0.142296
v -0.004075 0.174256 -0.145414
v -0.000000 0.174671 -0.145829
v 0.004075 0.174256 -0.145414
v 0.007820 0.173046 -0.144204
v -0.007690 0.172832 -0.144131
v -0.010748 0.170956 -0.142255
v -0.004007 0.174022 -0.145321
v -0.000000 0.174430 -0.145729
v 0.004007 0.174022 -0.145321
v 0.007690 0.172832 -0.144131
v 0.021110 0.163700 -0.133633
v 0.021080 0.163506 -0.133805
v 0.021856 0.162285 -0.132218
v 0.021823 0.162097 -0.132396
v 0.022109 0.160786 -0.130719
v 0.022075 0.160603 -0.130902
v 0.020991 0.163303 -0.133943
v 0.021726 0.161909 -0.132550
v 0.021975 0.160433 -0.131073
v 0.020850 0.163105 -0.134038
v 0.021571 0.161737 -0.132670
v 0.021816 0.160286 -0.131219
v 0.020666 0.162926 -0.134084
v 0.021370 0.161590 -0.132748
v 0.021609 0.160174 -0.131332
v 0.020451 0.162777 -0.134076
v 0.021136 0.161479 -0.132778
v 0.021368 0.160103 -0.131402
v 0.011308 0.247528 -0.066370
v 0.019914 0.240496 -0.059338
v 0.021110 0.239246 -0.058088
v 0.021856 0.237831 -0.056673
v 0.022109 0.236332 -0.055174
v 0.022075 0.079059 -0.049358
v 0.022109 0.079242 -0.049175
v 0.021975 0.078889 -0.049529
v 0.021816 0.078742 -0.049675
v 0.021609 0.078630 -0.049788
v 0.021368 0.078559 -0.049858
v -0.008091 0.249501 -0.068343
v -0.011308 0.247528 -0.066370
v -0.004216 0.250753 -0.069595
v -0.000000 0.251182 -0.070024
v 0.004216 0.250753 -0.069595
v 0.008091 0.249501 -0.068343
v -0.019889 0.164752 -0.135051
v -0.019914 0.164951 -0.134884
v -0.019813 0.164535 -0.135175
v -0.019693 0.164315 -0.135248
v -0.019536 0.164107 -0.135265
v -0.019354 0.163925 -0.135224
v -0.019914 0.240496 -0.059338
v -0.022109 0.160786 -0.130719
v -0.021856 0.162285 -0.132218
v -0.021823 0.162097 -0.132396
v -0.022075 0.160603 -0.130902
v -0.021110 0.163700 -0.133633
v -0.021080 0.163506 -0.133805
v -0.021726 0.161909 -0.132550
v -0.021975 0.160433 -0.131073
v -0.020991 0.163303 -0.133943
v -0.021571 0.161737 -0.132670
v -0.021816 0.160286 -0.131219
v -0.020850 0.163105 -0.134038
v -0.021370 0.161590 -0.132748
v -0.021609 0.160174 -0.131332
v -0.020666 0.162926 -0.134084
v -0.021136 0.161479 -0.132778
v -0.021368 0.160103 -0.131402
v -0.020451 0.162777 -0.134076
v -0.021856 0.237831 -0.056673
v -0.022109 0.236332 -0.055174
v -0.021110 0.239246 -0.058088
v -0.022075 0.079059 -0.049358
v -0.022109 0.079242 -0.049175
v -0.021975 0.078889 -0.049529
v -0.021816 0.078742 -0.049675
v -0.021609 0.078630 -0.049788
v -0.021368 0.078559 -0.049858
v -0.022109 0.154788 0.026370
v -0.019914 0.075078 -0.045011
v -0.021110 0.076328 -0.046262
v -0.021080 0.076156 -0.046456
v -0.019889 0.074910 -0.045210
v -0.021856 0.077743 -0.047676
v -0.021823 0.077566 -0.047865
v -0.020991 0.076018 -0.046658
v -0.019813 0.074786 -0.045426
v -0.021726 0.077412 -0.048052
v -0.020850 0.075923 -0.046856
v -0.019693 0.074713 -0.045646
v -0.021571 0.077292 -0.048225
v -0.020666 0.075878 -0.047036
v -0.019536 0.074697 -0.045855
v -0.021370 0.077214 -0.048372
v -0.020451 0.075885 -0.047185
v -0.019354 0.074738 -0.046037
v -0.021136 0.077184 -0.048483
v -0.021110 0.151874 0.029284
v -0.019914 0.150623 0.030535
v -0.021856 0.153289 0.027869
v -0.011283 0.067879 -0.038178
v -0.011308 0.068046 -0.037979
v -0.011207 0.067755 -0.038395
v -0.011087 0.067682 -0.038615
v -0.010930 0.067665 -0.038823
v -0.010748 0.067706 -0.039005
v -0.011308 0.143592 0.037566
v 0.011308 0.068046 -0.037979
v 0.008091 0.066073 -0.036006
v 0.008072 0.065910 -0.036209
v 0.011283 0.067879 -0.038178
v 0.004216 0.064821 -0.034754
v 0.004207 0.064661 -0.034960
v -0.000000 0.064392 -0.034325
v -0.000000 0.064233 -0.034532
v -0.004216 0.064821 -0.034754
v -0.004207 0.064661 -0.034960
v -0.008091 0.066073 -0.036006
v -0.008072 0.065910 -0.036209
v 0.008018 0.065799 -0.036439
v 0.011207 0.067755 -0.038395
v 0.004179 0.064558 -0.035198
v 0.000000 0.064133 -0.034773
v -0.004179 0.064558 -0.035198
v -0.008018 0.065799 -0.036439
v 0.007932 0.065747 -0.036680
v 0.011087 0.067682 -0.038615
v 0.004134 0.064519 -0.035452
v -0.000000 0.064099 -0.035032
v -0.004134 0.064519 -0.035452
v -0.007932 0.065747 -0.036680
v 0.007820 0.065758 -0.036916
v 0.010930 0.067665 -0.038823
v 0.004075 0.064547 -0.035705
v 0.000000 0.064133 -0.035291
v -0.004075 0.064547 -0.035705
v -0.007820 0.065758 -0.036916
v 0.007690 0.065830 -0.037130
v 0.010748 0.067706 -0.039005
v 0.004007 0.064640 -0.035940
v 0.000000 0.064233 -0.035532
v -0.004007 0.064640 -0.035940
v -0.007690 0.065830 -0.037130
v 0.008091 0.141618 0.039540
v 0.011308 0.143592 0.037566
v 0.004216 0.140366 0.040792
v -0.000000 0.139937 0.041221
v -0.004216 0.140366 0.040792
v -0.008091 0.141618 0.039540
v 0.019889 0.074910 -0.045210
v 0.019914 0.075078 -0.045011
v 0.019813 0.074786 -0.045426
v 0.019693 0.074713 -0.045646
v 0.019536 0.074697 -0.045855
v 0.019354 0.074738 -0.046037
v 0.019914 0.150623 0.030535
v 0.021110 0.151874 0.029284
v 0.021856 0.153289 0.027869
v 0.022109 0.154788 0.026370
v 0.021856 0.077743 -0.047676
v 0.021110 0.076328 -0.046262
v 0.021823 0.077566 -0.047865
v 0.021080 0.076156 -0.046456
v 0.021726 0.077412 -0.048052
v 0.020991 0.076018 -0.046658
v 0.021571 0.077292 -0.048225
v 0.020850 0.075923 -0.046856
v 0.021370 0.077214 -0.048372
v 0.020666 0.075878 -0.047036
v 0.021136 0.077184 -0.048483
v 0.020451 0.075885 -0.047185
v -0.002595 0.324004 0.095030
v -0.002595 0.326764 0.092269
v -0.001103 0.326764 0.092269
v -0.001103 0.324004 0.095030
v -0.002595 0.331777 0.097282
v -0.001103 0.331777 0.097282
v -0.002595 0.329017 0.100043
v -0.001103 0.329017 0.100043
v -0.002595 0.319703 0.099330
v -0.002595 0.322464 0.096570
v -0.001103 0.322464 0.096570
v -0.001103 0.319703 0.099330
v -0.002595 0.327477 0.101583
v -0.001103 0.327477 0.101583
v -0.002595 0.324716 0.104343
v -0.001103 0.324716 0.104343
v -0.002595 0.315402 0.103631
v -0.002595 0.318163 0.100870
v -0.001103 0.318163 0.100870
v -0.001103 0.315402 0.103631
v -0.002595 0.323176 0.105883
v -0.001103 0.323176 0.105883
v -0.002595 0.320415 0.108644
v -0.001103 0.320415 0.108644
v -0.002595 0.311102 0.107932
v -0.002595 0.313862 0.105171
v -0.001103 0.313862 0.105171
v -0.001103 0.311102 0.107932
v -0.002595 0.318875 0.110184
v -0.001103 0.318875 0.110184
v -0.002595 0.316115 0.112945
v -0.001103 0.316115 0.112945
v -0.002595 0.306801 0.112232
v -0.002595 0.309562 0.109471
v -0.001103 0.309562 0.109471
v -0.001103 0.306801 0.112232
v -0.002595 0.314575 0.114485
v -0.001103 0.314575 0.114485
v -0.002595 0.311814 0.117245
v -0.001103 0.311814 0.117245
v -0.002595 0.302501 0.116533
v -0.002595 0.305261 0.113772
v -0.001103 0.305261 0.113772
v -0.001103 0.302501 0.116533
v -0.002595 0.310274 0.118785
v -0.001103 0.310274 0.118785
v -0.002595 0.307514 0.121546
v -0.001103 0.307514 0.121546
v -0.011657 0.336437 0.097605
v -0.011534 0.336762 0.097280
v -0.011198 0.337000 0.097043
v -0.010739 0.337087 0.096956
v -0.010739 0.337852 0.096191
v -0.011256 0.337804 0.096239
v -0.011739 0.337662 0.096380
v -0.012153 0.337437 0.096605
v -0.012471 0.337145 0.096898
v -0.012670 0.336804 0.097239
v -0.012739 0.336437 0.097605
v -0.011657 0.307566 0.126476
v -0.012739 0.307566 0.126476
v 0.010739 0.337087 0.096956
v 0.010739 0.337852 0.096191
v -0.011033 0.336736 0.097182
v -0.010739 0.336792 0.097126
v -0.011249 0.336584 0.097334
v -0.011328 0.336375 0.097542
v -0.010913 0.336419 0.097159
v -0.010739 0.336452 0.097126
v -0.011040 0.336328 0.097249
v -0.011087 0.336205 0.097372
v -0.010869 0.336132 0.096980
v -0.010739 0.336157 0.096956
v -0.010964 0.336065 0.097048
v -0.010999 0.335973 0.097140
v -0.010739 0.329117 0.089916
v -0.010999 0.328933 0.090100
v -0.010739 0.306917 0.127125
v -0.011198 0.307004 0.127038
v -0.011534 0.307242 0.126800
v -0.012670 0.307200 0.126842
v -0.012471 0.306859 0.127183
v -0.012153 0.306566 0.127476
v -0.011739 0.306342 0.127701
v -0.011256 0.306200 0.127842
v -0.010739 0.306152 0.127890
v -0.011087 0.307334 0.126243
v -0.010999 0.307101 0.126011
v -0.011328 0.307504 0.126414
v -0.010999 0.300062 0.118971
v 0.010739 0.329117 0.089916
v 0.010739 0.336157 0.096956
v 0.010999 0.328933 0.090100
v -0.010739 0.299878 0.119156
v -0.010964 0.307009 0.126103
v -0.010869 0.306942 0.126171
v -0.010739 0.306917 0.126195
v 0.012670 0.336804 0.097239
v 0.012739 0.336437 0.097605
v 0.012471 0.337145 0.096898
v 0.012153 0.337437 0.096605
v 0.011739 0.337662 0.096380
v 0.011256 0.337804 0.096239
v 0.010739 0.299878 0.119156
v 0.010999 0.300062 0.118971
v 0.010999 0.335973 0.097140
v 0.010964 0.336065 0.097048
v 0.010869 0.336132 0.096980
v 0.010739 0.336452 0.097126
v 0.010739 0.336792 0.097126
v 0.011198 0.337000 0.097043
v 0.011534 0.336762 0.097280
v 0.011657 0.336437 0.097605
v 0.010739 0.306152 0.127890
v 0.012739 0.307566 0.126476
v 0.010739 0.306917 0.126195
v -0.011249 0.307296 0.126622
v -0.011033 0.307143 0.126774
v -0.010739 0.307087 0.126830
v -0.011040 0.307211 0.126367
v -0.010913 0.307120 0.126457
v -0.010739 0.307087 0.126490
v 0.010739 0.306917 0.127125
v 0.011256 0.306200 0.127842
v 0.011739 0.306342 0.127701
v 0.012153 0.306566 0.127476
v 0.012471 0.306859 0.127183
v 0.012670 0.307200 0.126842
v 0.011657 0.307566 0.126476
v 0.011534 0.307242 0.126800
v 0.011198 0.307004 0.127038
v 0.010869 0.306942 0.126171
v 0.010964 0.307009 0.126103
v 0.010999 0.307101 0.126011
v 0.010739 0.307087 0.126490
v 0.010739 0.307087 0.126830
v 0.011087 0.307334 0.126243
v 0.011087 0.336205 0.097372
v 0.011328 0.307504 0.126414
v 0.011328 0.336375 0.097542
v 0.011249 0.336584 0.097334
v 0.011033 0.336736 0.097182
v 0.011040 0.336328 0.097249
v 0.010913 0.336419 0.097159
v 0.011033 0.307143 0.126774
v 0.011249 0.307296 0.126622
v 0.010913 0.307120 0.126457
v 0.011040 0.307211 0.126367
v -0.006144 0.301057 0.117977
v -0.006144 0.328663 0.090370
v -0.002595 0.328663 0.090370
v -0.002595 0.301057 0.117977
v -0.006144 0.334560 0.096267
v -0.002595 0.334560 0.096267
v -0.006144 0.306954 0.123874
v -0.002595 0.306954 0.123874
vn -0.9680 0.1775 -0.1775
vn -1.0000 -0.0000 -0.0000
vn -0.8740 0.3435 -0.3435
vn -0.8740 0.3436 -0.3435
vn -0.9680 0.1774 -0.1774
vn -0.7242 0.4876 -0.4876
vn -0.7242 0.4877 -0.4876
vn -0.8741 0.3435 -0.3435
vn -0.5279 0.6005 -0.6005
vn -0.7242 0.4876 -0.4877
vn -0.2979 0.6750 -0.6750
vn -0.5280 0.6005 -0.6005
vn -0.5280 -0.6005 0.6005
vn -0.2979 -0.6750 0.6750
vn -0.7242 -0.4876 0.4876
vn -0.7242 -0.4876 0.4877
vn -0.5279 -0.6005 0.6005
vn -0.8741 -0.3435 0.3435
vn -0.7242 -0.4877 0.4876
vn -0.9680 -0.1774 0.1774
vn -0.8740 -0.3435 0.3435
vn -0.9680 -0.1775 0.1775
vn -0.9659 0.1830 0.1830
vn -0.8660 0.3536 0.3536
vn -0.7071 0.5000 0.5000
vn -0.8660 0.3535 0.3535
vn -0.5000 0.6124 0.6124
vn -0.2588 0.6830 0.6830
vn -0.0000 0.7071 0.7071
vn -0.1366 0.5276 0.8384
vn -0.0771 0.5083 0.8577
vn -0.1874 0.5568 0.8092
vn -0.2262 0.5941 0.7719
vn -0.2505 0.6371 0.7289
vn -0.2640 0.3121 0.9126
vn -0.1490 0.2749 0.9499
vn -0.3621 0.3686 0.8562
vn -0.4370 0.4406 0.7841
vn -0.3621 0.3685 0.8562
vn -0.4840 0.5237 0.7011
vn -0.4840 0.5236 0.7011
vn -0.3733 0.0753 0.9246
vn -0.2107 0.0227 0.9773
vn -0.5120 0.1552 0.8448
vn -0.3733 0.0754 0.9246
vn -0.6181 0.2571 0.7429
vn -0.5121 0.1552 0.8448
vn -0.6845 0.3745 0.6255
vn -0.6180 0.2571 0.7429
vn -0.4572 -0.1665 0.8736
vn -0.2580 -0.2310 0.9381
vn -0.6271 -0.0688 0.7759
vn -0.7570 0.0560 0.6511
vn -0.6272 -0.0688 0.7759
vn -0.8383 0.1999 0.5072
vn -0.8660 0.3536 0.3535
vn -0.5099 -0.3970 0.7631
vn -0.2878 -0.4690 0.8350
vn -0.6995 -0.2880 0.6541
vn -0.5100 -0.3970 0.7631
vn -0.8443 -0.1488 0.5149
vn -0.6995 -0.2880 0.6540
vn -0.7570 0.0560 0.6510
vn -0.9350 0.0116 0.3544
vn -0.8443 -0.1488 0.5148
vn -0.5099 -0.3971 0.7631
vn -0.5100 -0.3971 0.7631
vn -0.9680 -0.1774 0.1775
vn 0.1570 -0.6983 0.6983
vn 0.2979 -0.6750 0.6750
vn 0.1922 -0.6939 0.6939
vn 0.0035 -0.7071 0.7071
vn 0.1488 -0.6992 0.6992
vn 0.0347 -0.7067 0.7067
vn -0.1456 -0.6996 0.6996
vn -0.0163 -0.7070 0.7070
vn -0.1333 -0.7008 0.7008
vn -0.2442 -0.6857 0.6857
vn -0.2790 -0.6790 0.6790
vn -0.1455 -0.6996 0.6996
vn -0.2359 -0.4793 0.8454
vn -0.2115 -0.2402 0.9474
vn -0.2115 -0.2403 0.9474
vn -0.1727 0.0151 0.9849
vn -0.1221 0.2695 0.9552
vn -0.0632 0.5055 0.8605
vn -0.1288 -0.4939 0.8599
vn -0.1154 -0.2534 0.9605
vn -0.2359 -0.4793 0.8453
vn -0.1154 -0.2533 0.9605
vn -0.0943 0.0045 0.9955
vn -0.1727 0.0152 0.9849
vn -0.0943 0.0044 0.9955
vn -0.0666 0.2620 0.9628
vn -0.0345 0.5016 0.8644
vn -0.0632 0.5056 0.8605
vn -0.0158 -0.4999 0.8659
vn -0.0142 -0.2587 0.9658
vn -0.0141 -0.2587 0.9658
vn -0.0115 -0.0000 0.9999
vn -0.0082 0.2589 0.9659
vn -0.0042 0.5000 0.8660
vn 0.0348 -0.7067 0.7067
vn 0.0336 -0.4996 0.8656
vn 0.0301 -0.2585 0.9656
vn 0.0246 0.0003 0.9997
vn -0.0115 0.0001 0.9999
vn 0.0174 0.2591 0.9657
vn -0.0116 0.0001 0.9999
vn 0.0174 0.2590 0.9657
vn 0.0090 0.5001 0.8659
vn 0.1438 -0.4924 0.8584
vn 0.1289 -0.2520 0.9591
vn 0.0301 -0.2584 0.9656
vn 0.1052 0.0056 0.9944
vn 0.0744 0.2628 0.9620
vn 0.0744 0.2627 0.9620
vn 0.0385 0.5020 0.8640
vn 0.1857 -0.4873 0.8533
vn 0.1437 -0.4924 0.8584
vn 0.1665 -0.2474 0.9545
vn 0.1359 0.0093 0.9907
vn 0.1052 0.0055 0.9944
vn 0.1359 0.0094 0.9907
vn 0.0961 0.2654 0.9593
vn 0.0498 0.5034 0.8626
vn 0.0497 0.5034 0.8626
vn 0.2878 -0.4690 0.8350
vn 0.2580 -0.2310 0.9381
vn 0.2107 0.0227 0.9773
vn 0.1490 0.2749 0.9499
vn 0.0771 0.5083 0.8577
vn 0.9680 -0.1775 0.1775
vn 1.0000 -0.0000 -0.0000
vn 0.8740 -0.3435 0.3435
vn 0.9680 -0.1774 0.1774
vn 0.7242 -0.4877 0.4876
vn 0.7242 -0.4876 0.4877
vn 0.8741 -0.3435 0.3435
vn 0.5279 -0.6005 0.6005
vn 0.7242 -0.4876 0.4876
vn 0.5280 -0.6005 0.6005
vn 0.2505 0.6371 0.7289
vn 0.2588 0.6830 0.6830
vn 0.2262 0.5941 0.7719
vn 0.1874 0.5568 0.8092
vn 0.1366 0.5276 0.8384
vn 0.4840 0.5236 0.7011
vn 0.5000 0.6124 0.6124
vn 0.4370 0.4406 0.7841
vn 0.4840 0.5237 0.7011
vn 0.3621 0.3685 0.8562
vn 0.2640 0.3121 0.9126
vn 0.3621 0.3686 0.8562
vn 0.6845 0.3745 0.6255
vn 0.7071 0.5000 0.5000
vn 0.6180 0.2571 0.7429
vn 0.5121 0.1552 0.8448
vn 0.6181 0.2571 0.7429
vn 0.3733 0.0754 0.9246
vn 0.5120 0.1552 0.8448
vn 0.3733 0.0753 0.9246
vn 0.8383 0.1999 0.5072
vn 0.8660 0.3536 0.3535
vn 0.7570 0.0560 0.6511
vn 0.6272 -0.0688 0.7759
vn 0.4572 -0.1665 0.8736
vn 0.6271 -0.0688 0.7759
vn 0.8660 0.3535 0.3535
vn 0.9350 0.0116 0.3544
vn 0.9659 0.1830 0.1830
vn 0.7570 0.0560 0.6510
vn 0.8443 -0.1488 0.5148
vn 0.6995 -0.2880 0.6540
vn 0.8443 -0.1488 0.5149
vn 0.5100 -0.3970 0.7631
vn 0.6995 -0.2880 0.6541
vn 0.5099 -0.3970 0.7631
vn 0.9680 -0.1774 0.1775
vn 0.5100 -0.3971 0.7631
vn 0.5099 -0.3971 0.7631
vn 0.5280 0.6005 -0.6005
vn 0.2979 0.6750 -0.6750
vn 0.7242 0.4876 -0.4876
vn 0.7242 0.4877 -0.4876
vn 0.5279 0.6005 -0.6005
vn 0.8741 0.3435 -0.3435
vn 0.7242 0.4876 -0.4877
vn 0.9680 0.1774 -0.1774
vn 0.8740 0.3435 -0.3435
vn 0.8740 0.3435 -0.3436
vn 0.9680 0.1775 -0.1775
vn 0.8660 0.3536 0.3536
vn -0.1923 0.6939 -0.6939
vn -0.2790 0.6790 -0.6790
vn -0.1456 0.6996 -0.6996
vn -0.1487 0.6992 -0.6992
vn 0.0034 0.7071 -0.7071
vn -0.0347 0.7067 -0.7067
vn 0.1570 0.6983 -0.6983
vn 0.0163 0.7070 -0.7070
vn 0.1334 0.7008 -0.7008
vn 0.2442 0.6857 -0.6857
vn -0.2505 0.7289 0.6371
vn -0.2262 0.7719 0.5941
vn -0.1874 0.8092 0.5568
vn -0.1366 0.8384 0.5276
vn -0.0771 0.8577 0.5083
vn -0.4840 0.7011 0.5236
vn -0.4370 0.7841 0.4406
vn -0.4840 0.7011 0.5237
vn -0.3621 0.8562 0.3685
vn -0.2640 0.9126 0.3121
vn -0.3621 0.8562 0.3686
vn -0.1490 0.9499 0.2749
vn -0.6845 0.6255 0.3745
vn -0.6180 0.7429 0.2571
vn -0.5121 0.8448 0.1552
vn -0.6181 0.7429 0.2571
vn -0.3733 0.9246 0.0754
vn -0.5120 0.8448 0.1552
vn -0.2107 0.9773 0.0227
vn -0.3733 0.9246 0.0753
vn -0.8383 0.5072 0.1999
vn -0.8660 0.3535 0.3536
vn -0.7570 0.6511 0.0560
vn -0.6272 0.7759 -0.0688
vn -0.4572 0.8736 -0.1665
vn -0.6271 0.7759 -0.0688
vn -0.2580 0.9381 -0.2310
vn -0.9350 0.3544 0.0116
vn -0.7570 0.6510 0.0560
vn -0.8443 0.5148 -0.1488
vn -0.6272 0.7758 -0.0688
vn -0.6995 0.6540 -0.2880
vn -0.8443 0.5149 -0.1488
vn -0.5100 0.7631 -0.3970
vn -0.6995 0.6541 -0.2880
vn -0.2878 0.8350 -0.4690
vn -0.5099 0.7631 -0.3970
vn -0.9680 0.1775 -0.1774
vn -0.8741 0.3436 -0.3435
vn -0.5100 0.7631 -0.3971
vn -0.5099 0.7631 -0.3971
vn 0.2359 0.8453 -0.4793
vn 0.2878 0.8350 -0.4690
vn 0.2115 0.9474 -0.2403
vn 0.2580 0.9381 -0.2310
vn 0.2115 0.9474 -0.2402
vn 0.1727 0.9849 0.0152
vn 0.2107 0.9773 0.0227
vn 0.1727 0.9849 0.0151
vn 0.1221 0.9552 0.2695
vn 0.1490 0.9499 0.2749
vn 0.0632 0.8605 0.5056
vn 0.0771 0.8577 0.5083
vn 0.0632 0.8605 0.5055
vn 0.1289 0.8599 -0.4939
vn 0.1288 0.8599 -0.4939
vn 0.1155 0.9605 -0.2534
vn 0.1155 0.9605 -0.2533
vn 0.0943 0.9955 0.0045
vn 0.0943 0.9955 0.0044
vn 0.0667 0.9628 0.2620
vn 0.0345 0.8644 0.5016
vn 0.0158 0.8659 -0.4999
vn 0.0158 0.8660 -0.4999
vn 0.0142 0.9659 -0.2587
vn 0.0142 0.9658 -0.2588
vn 0.0116 0.9999 -0.0000
vn 0.0116 0.9999 0.0001
vn 0.0082 0.9659 0.2589
vn 0.0042 0.8660 0.5000
vn -0.0335 0.8656 -0.4996
vn 0.0164 0.7070 -0.7070
vn -0.0300 0.9656 -0.2585
vn -0.0245 0.9997 0.0003
vn 0.0142 0.9658 -0.2587
vn -0.0173 0.9657 0.2591
vn -0.0173 0.9657 0.2590
vn -0.0090 0.8659 0.5001
vn -0.1488 0.6992 -0.6993
vn -0.1437 0.8584 -0.4924
vn -0.1288 0.9591 -0.2520
vn -0.0300 0.9656 -0.2584
vn -0.1052 0.9944 0.0055
vn -0.1052 0.9944 0.0056
vn -0.0744 0.9620 0.2628
vn -0.0744 0.9620 0.2627
vn -0.0385 0.8640 0.5020
vn -0.1857 0.8533 -0.4873
vn -0.1487 0.6992 -0.6993
vn -0.1857 0.8533 -0.4872
vn -0.1665 0.9545 -0.2474
vn -0.1359 0.9907 0.0093
vn -0.1360 0.9907 0.0093
vn -0.0961 0.9593 0.2654
vn -0.0498 0.8626 0.5034
vn -0.1490 0.9499 0.2748
vn 0.1366 0.8384 0.5276
vn 0.1874 0.8092 0.5568
vn 0.2262 0.7719 0.5941
vn 0.2505 0.7289 0.6371
vn 0.2640 0.9126 0.3121
vn 0.3621 0.8562 0.3686
vn 0.4370 0.7841 0.4406
vn 0.3621 0.8562 0.3685
vn 0.4840 0.7011 0.5237
vn 0.4840 0.7011 0.5236
vn 0.3733 0.9246 0.0753
vn 0.5120 0.8448 0.1552
vn 0.3733 0.9246 0.0754
vn 0.6181 0.7429 0.2571
vn 0.5121 0.8448 0.1552
vn 0.6845 0.6255 0.3745
vn 0.6180 0.7429 0.2571
vn 0.4572 0.8736 -0.1665
vn 0.6271 0.7759 -0.0688
vn 0.7570 0.6511 0.0560
vn 0.6272 0.7759 -0.0688
vn 0.8383 0.5072 0.1999
vn 0.8660 0.3535 0.3536
vn 0.5099 0.7631 -0.3970
vn 0.6995 0.6541 -0.2880
vn 0.5100 0.7631 -0.3970
vn 0.6272 0.7758 -0.0688
vn 0.8443 0.5149 -0.1488
vn 0.6995 0.6540 -0.2880
vn 0.7570 0.6510 0.0560
vn 0.9350 0.3544 0.0116
vn 0.8443 0.5148 -0.1488
vn 0.5099 0.7631 -0.3971
vn 0.5100 0.7631 -0.3971
vn 0.8740 0.3436 -0.3435
vn 0.9680 0.1775 -0.1774
vn -0.0000 0.7071 -0.7071
vn 0.2588 0.6830 -0.6830
vn 0.2500 0.8428 -0.4767
vn -0.0000 0.8660 -0.5000
vn 0.5000 0.6124 -0.6124
vn 0.4830 0.7745 -0.4085
vn 0.7071 0.5000 -0.5000
vn 0.6830 0.6660 -0.2999
vn 0.8660 0.3535 -0.3536
vn 0.8365 0.5245 -0.1585
vn 0.9659 0.1830 -0.1830
vn 0.9330 0.3598 0.0062
vn 0.2241 0.9451 -0.2380
vn -0.0000 0.9659 -0.2588
vn 0.4330 0.8839 -0.1768
vn 0.6124 0.7866 -0.0795
vn 0.7500 0.6597 0.0474
vn 0.8365 0.5120 0.1951
vn 0.2241 0.9451 -0.2379
vn 0.1830 0.9830 0.0171
vn -0.0000 1.0000 -0.0000
vn 0.3535 0.9330 0.0670
vn 0.1830 0.9830 0.0170
vn 0.4330 0.8839 -0.1767
vn 0.6124 0.7866 -0.0794
vn 0.5000 0.8536 0.1465
vn 0.7500 0.6598 0.0474
vn 0.6124 0.7500 0.2500
vn 0.7500 0.6597 0.0473
vn 0.6830 0.6294 0.3706
vn 0.8365 0.5121 0.1950
vn 0.1294 0.9539 0.2708
vn -0.0000 0.9659 0.2588
vn 0.2500 0.9186 0.3062
vn 0.1294 0.9539 0.2709
vn 0.3536 0.9330 0.0670
vn 0.5000 0.8536 0.1464
vn 0.3536 0.8624 0.3624
vn 0.5000 0.8535 0.1465
vn 0.4330 0.7892 0.4356
vn 0.4830 0.7039 0.5209
vn 0.4330 0.7891 0.4356
vn 0.0670 0.8598 0.5062
vn -0.0000 0.8660 0.5000
vn 0.1294 0.8415 0.5245
vn 0.3535 0.8624 0.3624
vn 0.1830 0.8124 0.5536
vn 0.2242 0.7745 0.5915
vn 0.4829 0.7039 0.5209
vn 0.2500 0.7304 0.6356
vn 0.2241 0.7745 0.5915
vn 0.8660 0.3535 -0.3535
vn 0.8660 0.3536 -0.3536
vn 0.9659 -0.1830 0.1830
vn 0.9330 0.0062 0.3598
vn 0.8660 -0.3536 0.3535
vn 0.8365 -0.1585 0.5245
vn 0.7071 -0.5000 0.5000
vn 0.6830 -0.2999 0.6660
vn 0.5000 -0.6124 0.6124
vn 0.4830 -0.4085 0.7745
vn 0.2588 -0.6830 0.6830
vn 0.2500 -0.4767 0.8428
vn -0.0000 -0.7071 0.7071
vn -0.0000 -0.5000 0.8660
vn 0.8365 0.1951 0.5120
vn 0.7500 0.0474 0.6597
vn 0.6124 -0.0795 0.7866
vn 0.4330 -0.1768 0.8839
vn 0.2241 -0.2380 0.9451
vn -0.0000 -0.2588 0.9659
vn 0.8365 0.1950 0.5121
vn 0.6830 0.3706 0.6294
vn 0.7500 0.0473 0.6597
vn 0.6124 0.2500 0.7500
vn 0.5000 0.1465 0.8536
vn 0.6124 -0.0794 0.7866
vn 0.3535 0.0670 0.9330
vn 0.5000 0.1465 0.8535
vn 0.1830 0.0170 0.9830
vn 0.2241 -0.2379 0.9451
vn -0.0000 -0.0000 1.0000
vn 0.1830 0.0171 0.9830
vn 0.4830 0.5209 0.7039
vn 0.4330 0.4356 0.7891
vn 0.5000 0.1464 0.8536
vn 0.3536 0.3624 0.8624
vn 0.4330 0.4356 0.7892
vn 0.3536 0.0670 0.9330
vn 0.2500 0.3062 0.9186
vn 0.1294 0.2709 0.9539
vn -0.0000 0.2588 0.9659
vn 0.1294 0.2708 0.9539
vn 0.4829 0.5209 0.7039
vn 0.2500 0.6356 0.7304
vn 0.2242 0.5915 0.7745
vn 0.3535 0.3624 0.8624
vn 0.1830 0.5536 0.8124
vn 0.1294 0.5245 0.8415
vn 0.0670 0.5062 0.8598
vn -0.0000 0.5000 0.8660
vn 0.2241 0.5915 0.7745
vn 0.8660 -0.3536 0.3536
vn 0.8660 -0.3535 0.3535
vn 0.0001 0.2588 0.9659
vn -0.2588 -0.6830 0.6830
vn -0.2500 -0.4767 0.8428
vn -0.5000 -0.6124 0.6124
vn -0.4830 -0.4085 0.7745
vn -0.7071 -0.5000 0.5000
vn -0.6830 -0.2999 0.6660
vn -0.8660 -0.3536 0.3535
vn -0.8365 -0.1585 0.5245
vn -0.9659 -0.1830 0.1830
vn -0.9330 0.0062 0.3598
vn -0.2241 -0.2380 0.9451
vn -0.4330 -0.1768 0.8839
vn -0.6124 -0.0795 0.7866
vn -0.7500 0.0474 0.6597
vn -0.8365 0.1951 0.5120
vn -0.2241 -0.2379 0.9451
vn -0.1830 0.0171 0.9830
vn -0.3535 0.0670 0.9330
vn -0.1830 0.0170 0.9830
vn -0.4330 -0.1767 0.8839
vn -0.6124 -0.0794 0.7866
vn -0.5000 0.1465 0.8536
vn -0.7500 0.0474 0.6598
vn -0.6124 0.2500 0.7500
vn -0.7500 0.0473 0.6597
vn -0.6830 0.3706 0.6294
vn -0.8365 0.1950 0.5121
vn -0.1294 0.2708 0.9539
vn -0.2500 0.3062 0.9186
vn -0.1294 0.2709 0.9539
vn -0.3536 0.0670 0.9330
vn -0.5000 0.1464 0.8536
vn -0.3536 0.3624 0.8624
vn -0.5000 0.1465 0.8535
vn -0.4330 0.4356 0.7892
vn -0.4830 0.5209 0.7039
vn -0.4330 0.4356 0.7891
vn -0.0670 0.5062 0.8598
vn -0.1294 0.5245 0.8415
vn -0.3535 0.3624 0.8624
vn -0.1830 0.5536 0.8124
vn -0.2242 0.5915 0.7745
vn -0.4829 0.5209 0.7039
vn -0.2500 0.6356 0.7304
vn -0.2241 0.5915 0.7745
vn -0.8660 -0.3535 0.3535
vn -0.8660 -0.3536 0.3536
vn -0.9659 0.1830 -0.1830
vn -0.8660 0.3536 -0.3536
vn -0.7071 0.5000 -0.5000
vn -0.8660 0.3535 -0.3535
vn -0.5000 0.6124 -0.6124
vn -0.2588 0.6830 -0.6830
vn -0.9330 0.3598 0.0062
vn -0.8660 0.3535 -0.3536
vn -0.8365 0.5245 -0.1585
vn -0.6830 0.6660 -0.2999
vn -0.4830 0.7745 -0.4085
vn -0.2500 0.8428 -0.4767
vn -0.8365 0.5120 0.1951
vn -0.7500 0.6597 0.0474
vn -0.6124 0.7866 -0.0795
vn -0.4330 0.8839 -0.1768
vn -0.2241 0.9451 -0.2380
vn -0.8365 0.5121 0.1950
vn -0.6830 0.6294 0.3706
vn -0.7500 0.6597 0.0473
vn -0.6124 0.7500 0.2500
vn -0.5000 0.8536 0.1465
vn -0.6124 0.7866 -0.0794
vn -0.3535 0.9330 0.0670
vn -0.5000 0.8535 0.1465
vn -0.1830 0.9830 0.0170
vn -0.2241 0.9451 -0.2379
vn -0.1830 0.9830 0.0171
vn -0.4830 0.7039 0.5209
vn -0.4330 0.7891 0.4356
vn -0.5000 0.8536 0.1464
vn -0.3536 0.8624 0.3624
vn -0.4330 0.7892 0.4356
vn -0.3536 0.9330 0.0670
vn -0.2500 0.9186 0.3062
vn -0.1294 0.9539 0.2709
vn -0.1294 0.9539 0.2708
vn -0.4829 0.7039 0.5209
vn -0.2500 0.7304 0.6356
vn -0.2242 0.7745 0.5915
vn -0.3535 0.8624 0.3624
vn -0.1830 0.8124 0.5536
vn -0.1294 0.8415 0.5245
vn -0.0670 0.8598 0.5062
vn -0.2241 0.7745 0.5915
vn -0.0000 -0.7071 -0.7071
vn 0.9777 0.1484 -0.1484
vn 0.9680 0.1774 -0.1775
vn 0.9777 0.1483 -0.1484
vn 0.9120 0.2901 -0.2901
vn 0.8056 0.4189 -0.4190
vn 0.4916 0.6158 -0.6158
vn 0.6633 0.5291 -0.5291
vn 0.1588 0.6981 -0.6981
vn 0.1954 0.6935 -0.6935
vn 0.0077 0.7071 -0.7071
vn 0.1589 0.6981 -0.6981
vn 0.1543 0.6986 -0.6986
vn 0.0443 0.7064 -0.7064
vn -0.1396 0.7002 -0.7002
vn -0.0036 0.7071 -0.7071
vn -0.1171 0.7022 -0.7022
vn -0.2257 0.6889 -0.6889
vn -0.2721 0.6804 -0.6804
vn -0.4916 0.6158 -0.6158
vn -0.6633 0.5291 -0.5291
vn -0.8056 0.4189 -0.4190
vn -0.9777 0.1483 -0.1484
vn -0.9680 0.1774 -0.1775
vn -0.9120 0.2901 -0.2901
vn -0.9777 0.1484 -0.1484
vn -0.9777 -0.1484 0.1484
vn -0.9680 -0.1775 0.1774
vn -0.9777 -0.1484 0.1483
vn -0.9120 -0.2901 0.2901
vn -0.8740 -0.3435 0.3436
vn -0.8056 -0.4190 0.4189
vn -0.4916 -0.6158 0.6158
vn -0.6633 -0.5291 0.5291
vn -0.1588 -0.6981 0.6981
vn -0.1954 -0.6935 0.6935
vn -0.0077 -0.7071 0.7071
vn -0.1589 -0.6981 0.6981
vn -0.1543 -0.6986 0.6986
vn -0.0443 -0.7064 0.7064
vn 0.1396 -0.7002 0.7002
vn 0.0036 -0.7071 0.7071
vn 0.1171 -0.7022 0.7022
vn 0.2257 -0.6889 0.6889
vn 0.2721 -0.6804 0.6804
vn 0.4916 -0.6158 0.6158
vn 0.6633 -0.5291 0.5291
vn 0.8740 -0.3435 0.3436
vn 0.8056 -0.4190 0.4189
vn 0.9777 -0.1484 0.1483
vn 0.9680 -0.1775 0.1774
vn 0.9120 -0.2901 0.2901
vn 0.9777 -0.1484 0.1484
vn -0.2180 0.8484 -0.4824
vn -0.1955 0.9501 -0.2431
vn -0.1955 0.9501 -0.2430
vn -0.1596 0.9871 0.0129
vn -0.1129 0.9568 0.2679
vn -0.1128 0.9568 0.2680
vn -0.0584 0.8613 0.5047
vn -0.1131 0.8613 -0.4953
vn -0.1014 0.9617 -0.2546
vn -0.0828 0.9966 0.0035
vn -0.1954 0.9501 -0.2430
vn -0.0828 0.9966 0.0034
vn -0.0586 0.9635 0.2613
vn -0.0303 0.8648 0.5013
vn -0.1128 0.9568 0.2679
vn -0.0035 0.8660 -0.5000
vn -0.1171 0.7023 -0.7022
vn -0.0031 0.9659 -0.2588
vn -0.0025 1.0000 -0.0000
vn -0.0018 0.9659 0.2588
vn -0.0586 0.9635 0.2612
vn -0.0009 0.8660 0.5000
vn 0.0428 0.8654 -0.4993
vn 0.0428 0.8653 -0.4994
vn 0.0384 0.9653 -0.2583
vn 0.0384 0.9653 -0.2582
vn 0.0314 0.9995 0.0005
vn 0.0222 0.9656 0.2592
vn 0.0115 0.8659 0.5002
vn 0.0115 0.8658 0.5002
vn 0.1544 0.6986 -0.6986
vn 0.1491 0.8578 -0.4918
vn 0.1491 0.8579 -0.4918
vn 0.1337 0.9586 -0.2515
vn 0.1091 0.9940 0.0060
vn 0.0772 0.9617 0.2630
vn 0.0772 0.9617 0.2631
vn 0.0399 0.8638 0.5022
vn 0.0400 0.8638 0.5022
vn 0.1887 0.8529 -0.4868
vn 0.1544 0.6987 -0.6986
vn 0.1887 0.8529 -0.4869
vn 0.1692 0.9541 -0.2470
vn 0.1381 0.9904 0.0096
vn 0.0977 0.9591 0.2656
vn 0.0506 0.8625 0.5035
vn 0.1953 0.6935 -0.6935
vn 0.1381 0.9904 0.0097
vn -0.9444 0.3263 0.0397
vn -0.8809 0.4632 -0.0972
vn -0.8056 0.4190 -0.4190
vn -0.7781 0.5877 -0.2217
vn -0.8056 0.4190 -0.4189
vn -0.6634 0.5291 -0.5291
vn -0.6407 0.6941 -0.3281
vn -0.4748 0.7778 -0.4118
vn -0.4916 0.6158 -0.6157
vn -0.8467 0.4820 0.2251
vn -0.8809 0.4633 -0.0972
vn -0.7898 0.6048 0.1023
vn -0.6976 0.7164 -0.0093
vn -0.5745 0.8118 -0.1047
vn -0.4257 0.8868 -0.1797
vn -0.8468 0.4820 0.2251
vn -0.6914 0.6049 0.3951
vn -0.6449 0.7051 0.2948
vn -0.6977 0.7164 -0.0093
vn -0.5696 0.7962 0.2037
vn -0.4691 0.8742 0.1258
vn -0.3476 0.9354 0.0646
vn -0.4889 0.6865 0.5382
vn -0.6448 0.7051 0.2949
vn -0.4560 0.7574 0.4673
vn -0.4889 0.6866 0.5382
vn -0.5696 0.7962 0.2038
vn -0.4028 0.8218 0.4029
vn -0.4690 0.8742 0.1259
vn -0.3317 0.8769 0.3478
vn -0.4028 0.8219 0.4029
vn -0.2458 0.9203 0.3045
vn -0.2531 0.7214 0.6446
vn -0.2360 0.7581 0.6079
vn -0.2085 0.7914 0.5746
vn -0.1717 0.8200 0.5461
vn -0.1272 0.8424 0.5236
vn -0.2085 0.7915 0.5746
vn -0.1717 0.8200 0.5460
vn 0.4916 0.6158 -0.6157
vn 0.4748 0.7778 -0.4118
vn 0.6407 0.6941 -0.3281
vn 0.6634 0.5291 -0.5291
vn 0.8056 0.4190 -0.4189
vn 0.7781 0.5877 -0.2217
vn 0.8056 0.4190 -0.4190
vn 0.8809 0.4632 -0.0972
vn 0.9444 0.3263 0.0397
vn 0.4257 0.8868 -0.1797
vn 0.5745 0.8118 -0.1047
vn 0.6976 0.7164 -0.0093
vn 0.7898 0.6048 0.1023
vn 0.8809 0.4633 -0.0972
vn 0.8467 0.4820 0.2251
vn 0.3476 0.9354 0.0646
vn 0.4691 0.8742 0.1258
vn 0.5696 0.7962 0.2037
vn 0.6977 0.7164 -0.0093
vn 0.6449 0.7051 0.2948
vn 0.6914 0.6049 0.3951
vn 0.8468 0.4820 0.2251
vn 0.2458 0.9203 0.3045
vn 0.4690 0.8742 0.1259
vn 0.3317 0.8769 0.3478
vn 0.5696 0.7962 0.2038
vn 0.4028 0.8219 0.4029
vn 0.6448 0.7051 0.2949
vn 0.4560 0.7574 0.4673
vn 0.4028 0.8218 0.4029
vn 0.4889 0.6866 0.5382
vn 0.4889 0.6865 0.5382
vn 0.1272 0.8424 0.5236
vn 0.1717 0.8200 0.5461
vn 0.2085 0.7914 0.5746
vn 0.2360 0.7581 0.6079
vn 0.2531 0.7214 0.6446
vn 0.1717 0.8200 0.5460
vn 0.2085 0.7915 0.5746
vn -0.4916 -0.6157 0.6158
vn -0.4748 -0.4118 0.7778
vn -0.6407 -0.3281 0.6941
vn -0.6634 -0.5291 0.5291
vn -0.8056 -0.4189 0.4190
vn -0.7781 -0.2217 0.5877
vn -0.8056 -0.4190 0.4190
vn -0.8809 -0.0972 0.4632
vn -0.9444 0.0397 0.3263
vn -0.4257 -0.1797 0.8868
vn -0.5745 -0.1047 0.8118
vn -0.6976 -0.0093 0.7164
vn -0.7898 0.1023 0.6048
vn -0.8809 -0.0972 0.4633
vn -0.8467 0.2251 0.4820
vn -0.3476 0.0646 0.9354
vn -0.4691 0.1258 0.8742
vn -0.5696 0.2037 0.7962
vn -0.6977 -0.0093 0.7164
vn -0.6449 0.2948 0.7051
vn -0.6914 0.3951 0.6049
vn -0.8468 0.2251 0.4820
vn -0.2458 0.3045 0.9203
vn -0.4690 0.1259 0.8742
vn -0.3317 0.3478 0.8769
vn -0.5696 0.2038 0.7962
vn -0.4028 0.4029 0.8219
vn -0.6448 0.2949 0.7051
vn -0.4560 0.4673 0.7574
vn -0.4028 0.4029 0.8218
vn -0.4889 0.5382 0.6866
vn -0.4889 0.5382 0.6865
vn -0.1272 0.5236 0.8424
vn -0.1717 0.5461 0.8200
vn -0.2085 0.5746 0.7914
vn -0.2360 0.6079 0.7581
vn -0.2531 0.6446 0.7214
vn -0.1717 0.5460 0.8200
vn -0.2085 0.5746 0.7915
vn 0.9444 0.0397 0.3263
vn 0.8809 -0.0972 0.4632
vn 0.8056 -0.4190 0.4190
vn 0.7781 -0.2217 0.5877
vn 0.8056 -0.4189 0.4190
vn 0.6634 -0.5291 0.5291
vn 0.6407 -0.3281 0.6941
vn 0.4748 -0.4118 0.7778
vn 0.4916 -0.6157 0.6158
vn 0.8467 0.2251 0.4820
vn 0.8809 -0.0972 0.4633
vn 0.7898 0.1023 0.6048
vn 0.6976 -0.0093 0.7164
vn 0.5745 -0.1047 0.8118
vn 0.4257 -0.1797 0.8868
vn 0.8468 0.2251 0.4820
vn 0.6914 0.3951 0.6049
vn 0.6449 0.2948 0.7051
vn 0.6977 -0.0093 0.7164
vn 0.5696 0.2037 0.7962
vn 0.4691 0.1258 0.8742
vn 0.3476 0.0646 0.9354
vn 0.4889 0.5382 0.6865
vn 0.6448 0.2949 0.7051
vn 0.4560 0.4673 0.7574
vn 0.4889 0.5382 0.6866
vn 0.5696 0.2038 0.7962
vn 0.4028 0.4029 0.8218
vn 0.4690 0.1259 0.8742
vn 0.3317 0.3478 0.8769
vn 0.4028 0.4029 0.8219
vn 0.2458 0.3045 0.9203
vn 0.2531 0.6446 0.7214
vn 0.2360 0.6079 0.7581
vn 0.2085 0.5746 0.7914
vn 0.1717 0.5461 0.8200
vn 0.1272 0.5236 0.8424
vn 0.2085 0.5746 0.7915
vn 0.1717 0.5460 0.8200
vn 0.2180 -0.4824 0.8484
vn 0.1955 -0.2431 0.9501
vn 0.1955 -0.2430 0.9501
vn 0.1596 0.0129 0.9871
vn 0.1129 0.2679 0.9568
vn 0.1129 0.2680 0.9568
vn 0.0584 0.5047 0.8613
vn 0.1131 -0.4953 0.8613
vn 0.1014 -0.2546 0.9617
vn 0.0828 0.0035 0.9966
vn 0.1954 -0.2430 0.9501
vn 0.0828 0.0034 0.9966
vn 0.0586 0.2613 0.9635
vn 0.0303 0.5013 0.8648
vn 0.1128 0.2679 0.9568
vn 0.0035 -0.5000 0.8660
vn 0.1171 -0.7022 0.7023
vn 0.0031 -0.2588 0.9659
vn 0.0025 -0.0000 1.0000
vn 0.0018 0.2588 0.9659
vn 0.0586 0.2612 0.9635
vn 0.0009 0.5000 0.8660
vn -0.0428 -0.4993 0.8654
vn -0.0428 -0.4994 0.8653
vn -0.0384 -0.2583 0.9653
vn -0.0384 -0.2582 0.9653
vn -0.0314 0.0005 0.9995
vn -0.0222 0.2592 0.9656
vn -0.0115 0.5002 0.8659
vn -0.0115 0.5002 0.8658
vn -0.1544 -0.6986 0.6986
vn -0.1491 -0.4918 0.8578
vn -0.1491 -0.4918 0.8579
vn -0.1337 -0.2515 0.9586
vn -0.1091 0.0060 0.9940
vn -0.0772 0.2630 0.9617
vn -0.0772 0.2631 0.9617
vn -0.0399 0.5022 0.8638
vn -0.0400 0.5022 0.8638
vn -0.1887 -0.4868 0.8529
vn -0.1544 -0.6986 0.6987
vn -0.1887 -0.4869 0.8529
vn -0.1692 -0.2470 0.9541
vn -0.1381 0.0096 0.9904
vn -0.0977 0.2656 0.9591
vn -0.0506 0.5035 0.8625
vn -0.1953 -0.6935 0.6935
vn -0.1381 0.0097 0.9904
vn -0.4690 0.1258 0.8742
vn -0.4691 0.1259 0.8742
vn -0.6976 -0.0092 0.7164
vn -0.6449 0.2949 0.7051
vn -0.8467 0.2251 0.4821
vn -0.4748 -0.4117 0.7778
vn -0.2878 -0.4689 0.8350
vn -0.6633 -0.5292 0.5291
vn -0.6408 -0.3281 0.6941
vn -0.4691 0.8742 0.1259
vn -0.4690 0.8742 0.1258
vn -0.6449 0.7051 0.2949
vn -0.8467 0.4821 0.2251
vn -0.6976 0.7164 -0.0092
vn -0.2878 0.8350 -0.4689
vn -0.4748 0.7778 -0.4117
vn -0.7781 0.5877 -0.2216
vn -0.6408 0.6941 -0.3281
vn -0.6633 0.5291 -0.5292
vn 0.0625 0.5054 0.8606
vn 0.1207 0.2693 0.9555
vn 0.1708 0.0148 0.9852
vn 0.1707 0.0148 0.9852
vn 0.2091 -0.2407 0.9478
vn 0.2333 -0.4798 0.8458
vn 0.2415 -0.6862 0.6862
vn 0.0347 0.5016 0.8644
vn 0.0347 0.5017 0.8644
vn 0.0671 0.2620 0.9627
vn 0.0948 0.0045 0.9955
vn 0.0949 0.0045 0.9955
vn 0.1162 -0.2533 0.9604
vn 0.1296 -0.4938 0.8598
vn 0.2332 -0.4798 0.8458
vn 0.1296 -0.4938 0.8599
vn 0.1341 -0.7007 0.7007
vn 0.0055 0.5000 0.8660
vn 0.0106 0.2589 0.9658
vn 0.0150 0.0001 0.9999
vn 0.0184 -0.2586 0.9658
vn 0.0184 -0.2587 0.9658
vn 0.0206 -0.4999 0.8659
vn 0.0206 -0.4998 0.8659
vn 0.0213 -0.7069 0.7070
vn 0.1278 -0.7013 0.7013
vn -0.0087 0.5001 0.8659
vn -0.0168 0.2590 0.9657
vn 0.0055 0.5001 0.8660
vn -0.0238 0.0003 0.9997
vn -0.0292 -0.2585 0.9656
vn -0.0325 -0.4996 0.8656
vn -0.0337 -0.7067 0.7067
vn -0.0168 -0.7070 0.7070
vn 0.0205 -0.4998 0.8659
vn -0.0374 0.5019 0.8641
vn -0.0722 0.2625 0.9622
vn -0.1021 0.0052 0.9948
vn -0.1251 -0.2524 0.9595
vn -0.1395 -0.4928 0.8589
vn -0.1445 -0.6997 0.6997
vn -0.0507 0.5036 0.8625
vn -0.0507 0.5035 0.8625
vn -0.0979 0.2657 0.9591
vn -0.0979 0.2656 0.9591
vn -0.1385 0.0097 0.9903
vn -0.1696 -0.2470 0.9541
vn -0.1696 -0.2469 0.9541
vn -0.1892 -0.4868 0.8528
vn -0.1958 -0.6934 0.6934
vn -0.1620 -0.6978 0.6978
vn -0.1395 -0.4929 0.8588
vn -0.5279 -0.6005 0.6006
vn -0.4916 -0.6158 0.6157
vn -0.9777 -0.1483 0.1483
vn -0.9777 -0.1483 0.1484
vn -0.0625 0.8606 0.5054
vn -0.1207 0.9555 0.2693
vn -0.1708 0.9852 0.0148
vn -0.1707 0.9852 0.0148
vn -0.2091 0.9478 -0.2407
vn -0.2333 0.8458 -0.4798
vn -0.2415 0.6862 -0.6862
vn -0.0347 0.8644 0.5016
vn -0.0347 0.8644 0.5017
vn -0.0671 0.9627 0.2620
vn -0.0948 0.9955 0.0045
vn -0.0949 0.9955 0.0045
vn -0.1162 0.9604 -0.2533
vn -0.1296 0.8598 -0.4938
vn -0.2332 0.8458 -0.4798
vn -0.1296 0.8599 -0.4938
vn -0.1341 0.7007 -0.7007
vn -0.0055 0.8660 0.5000
vn -0.0106 0.9658 0.2589
vn -0.0150 0.9999 0.0001
vn -0.0184 0.9658 -0.2586
vn -0.0184 0.9658 -0.2587
vn -0.0206 0.8659 -0.4999
vn -0.0206 0.8659 -0.4998
vn -0.0213 0.7070 -0.7069
vn -0.1278 0.7013 -0.7013
vn 0.0087 0.8659 0.5001
vn 0.0168 0.9657 0.2590
vn -0.0055 0.8660 0.5001
vn 0.0238 0.9997 0.0003
vn 0.0292 0.9656 -0.2585
vn 0.0325 0.8656 -0.4996
vn 0.0337 0.7067 -0.7067
vn 0.0168 0.7070 -0.7070
vn -0.0205 0.8659 -0.4998
vn 0.0374 0.8641 0.5019
vn 0.0722 0.9622 0.2625
vn 0.1021 0.9948 0.0052
vn 0.1251 0.9595 -0.2524
vn 0.1395 0.8589 -0.4928
vn 0.1445 0.6997 -0.6997
vn 0.0507 0.8625 0.5036
vn 0.0507 0.8625 0.5035
vn 0.0979 0.9591 0.2657
vn 0.0979 0.9591 0.2656
vn 0.1385 0.9903 0.0097
vn 0.1696 0.9541 -0.2470
vn 0.1696 0.9541 -0.2469
vn 0.1892 0.8528 -0.4868
vn 0.1958 0.6934 -0.6934
vn 0.1620 0.6978 -0.6978
vn 0.1395 0.8588 -0.4929
vn -0.9777 0.1483 -0.1483
vn -0.8740 0.3435 -0.3436
vn -0.5279 0.6006 -0.6005
vn -0.5279 0.6005 -0.6006
vn -0.4916 0.6159 -0.6157
vn 0.4691 0.1259 0.8742
vn 0.4690 0.1258 0.8742
vn 0.6449 0.2949 0.7051
vn 0.8467 0.2251 0.4821
vn 0.6976 -0.0092 0.7164
vn 0.2878 -0.4689 0.8350
vn 0.4748 -0.4117 0.7778
vn 0.7781 -0.2216 0.5877
vn 0.6408 -0.3281 0.6941
vn 0.6633 -0.5292 0.5291
vn 0.2645 -0.6819 0.6819
vn 0.1445 -0.6997 0.6997
vn 0.1959 -0.6934 0.6934
vn 0.1342 -0.7005 0.7009
vn 0.0337 -0.7067 0.7067
vn -0.1621 -0.6977 0.6978
vn -0.1341 -0.7007 0.7007
vn -0.0213 -0.7070 0.7069
vn -0.0169 -0.7070 0.7070
vn -0.2415 -0.6862 0.6862
vn -0.1621 -0.6978 0.6978
vn -0.1959 -0.6934 0.6934
vn 0.4690 0.8742 0.1258
vn 0.4691 0.8742 0.1259
vn 0.6976 0.7164 -0.0092
vn 0.6449 0.7051 0.2949
vn 0.8467 0.4821 0.2251
vn 0.4748 0.7778 -0.4117
vn 0.2878 0.8350 -0.4689
vn 0.6633 0.5291 -0.5292
vn 0.6408 0.6941 -0.3281
vn -0.2645 0.6819 -0.6819
vn -0.1445 0.6997 -0.6997
vn -0.1959 0.6934 -0.6934
vn -0.1342 0.7009 -0.7005
vn -0.0337 0.7067 -0.7067
vn 0.1621 0.6978 -0.6977
vn 0.1341 0.7007 -0.7007
vn 0.0213 0.7069 -0.7070
vn 0.0169 0.7070 -0.7070
vn 0.2415 0.6862 -0.6862
vn 0.1621 0.6978 -0.6978
vn 0.1959 0.6934 -0.6934
vn 0.9777 -0.1483 0.1483
vn 0.8740 -0.3436 0.3435
vn 0.5279 -0.6006 0.6005
vn 0.5279 0.6006 -0.6005
vn 0.2979 0.6751 -0.6749
vn 0.7242 0.4875 -0.4878
vn 0.9777 0.1483 -0.1483
vn 0.9777 0.1484 -0.1483
vn -0.9659 -0.1830 -0.1830
vn -0.8660 -0.3536 -0.3536
vn -0.7071 -0.5000 -0.5000
vn -0.5000 -0.6124 -0.6124
vn -0.2588 -0.6830 -0.6830
vn -0.4748 -0.7778 0.4118
vn -0.2878 -0.8350 0.4690
vn -0.6633 -0.5291 0.5292
vn -0.6407 -0.6941 0.3281
vn -0.7781 -0.5877 0.2217
vn -0.6408 -0.6941 0.3281
vn -0.9119 -0.2901 0.2901
vn -0.8809 -0.4633 0.0972
vn -0.9444 -0.3263 -0.0397
vn -0.8809 -0.4632 0.0972
vn -0.2878 -0.8350 0.4689
vn -0.4748 -0.7778 0.4117
vn -0.4257 -0.8868 0.1797
vn -0.2580 -0.9381 0.2310
vn -0.5745 -0.8118 0.1047
vn -0.6977 -0.7164 0.0093
vn -0.7898 -0.6048 -0.1023
vn -0.6976 -0.7164 0.0093
vn -0.8468 -0.4820 -0.2251
vn -0.8660 -0.3535 -0.3536
vn -0.8467 -0.4820 -0.2251
vn -0.3476 -0.9354 -0.0646
vn -0.2106 -0.9773 -0.0227
vn -0.4691 -0.8742 -0.1258
vn -0.6976 -0.7164 0.0092
vn -0.5696 -0.7962 -0.2038
vn -0.4690 -0.8742 -0.1259
vn -0.6448 -0.7052 -0.2949
vn -0.5696 -0.7963 -0.2038
vn -0.8467 -0.4821 -0.2251
vn -0.6913 -0.6049 -0.3951
vn -0.8660 -0.3536 -0.3535
vn -0.2107 -0.9773 -0.0227
vn -0.2458 -0.9203 -0.3045
vn -0.1490 -0.9499 -0.2749
vn -0.3317 -0.8769 -0.3478
vn -0.4028 -0.8218 -0.4029
vn -0.6449 -0.7051 -0.2949
vn -0.4560 -0.7574 -0.4673
vn -0.6449 -0.7051 -0.2948
vn -0.6914 -0.6049 -0.3951
vn -0.4889 -0.6866 -0.5382
vn -0.4889 -0.6865 -0.5382
vn -0.1489 -0.9499 -0.2749
vn -0.1272 -0.8424 -0.5236
vn -0.0771 -0.8577 -0.5083
vn -0.1717 -0.8199 -0.5461
vn -0.1272 -0.8424 -0.5237
vn -0.2085 -0.7914 -0.5746
vn -0.1717 -0.8200 -0.5461
vn -0.4028 -0.8219 -0.4029
vn -0.4559 -0.7574 -0.4673
vn -0.2360 -0.7581 -0.6079
vn -0.2085 -0.7915 -0.5746
vn -0.2531 -0.7214 -0.6446
vn -0.4888 -0.6866 -0.5382
vn -0.2530 -0.7214 -0.6446
vn -0.2589 -0.6830 -0.6830
vn -0.9444 -0.0397 -0.3263
vn -0.9777 0.1484 -0.1483
vn -0.8809 0.0972 -0.4632
vn -0.7781 0.2216 -0.5877
vn -0.6633 0.5292 -0.5291
vn -0.6408 0.3281 -0.6941
vn -0.7781 0.2217 -0.5877
vn -0.4916 0.6157 -0.6158
vn -0.4748 0.4118 -0.7778
vn -0.6407 0.3281 -0.6941
vn -0.2877 0.4690 -0.8350
vn -0.8467 -0.2251 -0.4820
vn -0.7898 -0.1023 -0.6048
vn -0.6976 0.0093 -0.7164
vn -0.5745 0.1047 -0.8118
vn -0.6977 0.0093 -0.7164
vn -0.4257 0.1797 -0.8868
vn -0.2878 0.4689 -0.8350
vn -0.2580 0.2310 -0.9381
vn -0.6914 -0.3951 -0.6049
vn -0.6448 -0.2949 -0.7052
vn -0.6913 -0.3951 -0.6049
vn -0.5696 -0.2038 -0.7963
vn -0.6976 0.0092 -0.7164
vn -0.4690 -0.1259 -0.8742
vn -0.5696 -0.2038 -0.7962
vn -0.3476 -0.0646 -0.9354
vn -0.4691 -0.1258 -0.8742
vn -0.2106 -0.0227 -0.9773
vn -0.4889 -0.5382 -0.6865
vn -0.6449 -0.2948 -0.7051
vn -0.4560 -0.4673 -0.7574
vn -0.6449 -0.2949 -0.7051
vn -0.4028 -0.4029 -0.8218
vn -0.5696 -0.2037 -0.7963
vn -0.4690 -0.1258 -0.8742
vn -0.3317 -0.3478 -0.8770
vn -0.4028 -0.4029 -0.8219
vn -0.2458 -0.3045 -0.9203
vn -0.3317 -0.3478 -0.8769
vn -0.2107 -0.0227 -0.9773
vn -0.1490 -0.2749 -0.9499
vn -0.4888 -0.5382 -0.6866
vn -0.2530 -0.6446 -0.7214
vn -0.2360 -0.6079 -0.7581
vn -0.2531 -0.6446 -0.7214
vn -0.4559 -0.4673 -0.7574
vn -0.2085 -0.5746 -0.7915
vn -0.1717 -0.5461 -0.8200
vn -0.2085 -0.5746 -0.7914
vn -0.1272 -0.5236 -0.8424
vn -0.1489 -0.2749 -0.9499
vn -0.0771 -0.5083 -0.8577
vn -0.1272 -0.5237 -0.8424
vn -0.0625 -0.8606 -0.5054
vn -0.1207 -0.9555 -0.2693
vn -0.1708 -0.9852 -0.0148
vn -0.1707 -0.9852 -0.0148
vn -0.2091 -0.9478 0.2407
vn -0.2332 -0.8458 0.4798
vn -0.2333 -0.8458 0.4798
vn -0.0347 -0.8644 -0.5016
vn -0.0347 -0.8644 -0.5017
vn -0.0671 -0.9627 -0.2620
vn -0.0949 -0.9955 -0.0045
vn -0.1162 -0.9604 0.2533
vn -0.1296 -0.8599 0.4938
vn -0.1296 -0.8598 0.4938
vn -0.1620 -0.6977 0.6978
vn -0.0055 -0.8660 -0.5001
vn -0.0055 -0.8660 -0.5000
vn -0.0106 -0.9658 -0.2589
vn -0.0150 -0.9999 -0.0001
vn -0.0948 -0.9955 -0.0045
vn -0.0184 -0.9658 0.2586
vn -0.1162 -0.9604 0.2532
vn -0.0184 -0.9658 0.2587
vn -0.0206 -0.8659 0.4999
vn -0.0206 -0.8659 0.4998
vn -0.0213 -0.7069 0.7069
vn 0.0087 -0.8659 -0.5001
vn 0.0168 -0.9657 -0.2590
vn 0.0168 -0.9657 -0.2591
vn 0.0238 -0.9997 -0.0003
vn 0.0292 -0.9656 0.2585
vn 0.0325 -0.8656 0.4996
vn 0.0374 -0.8641 -0.5019
vn 0.0722 -0.9622 -0.2625
vn 0.1021 -0.9948 -0.0052
vn 0.1022 -0.9948 -0.0052
vn 0.1251 -0.9595 0.2524
vn 0.1395 -0.8588 0.4929
vn 0.1395 -0.8589 0.4928
vn 0.0325 -0.8657 0.4996
vn 0.0507 -0.8625 -0.5035
vn 0.0507 -0.8625 -0.5036
vn 0.0979 -0.9591 -0.2657
vn 0.0722 -0.9622 -0.2626
vn 0.0979 -0.9591 -0.2656
vn 0.1385 -0.9903 -0.0097
vn 0.1696 -0.9541 0.2470
vn 0.1021 -0.9948 -0.0053
vn 0.1696 -0.9541 0.2469
vn 0.1892 -0.8528 0.4868
vn 0.1958 -0.6934 0.6934
vn 0.1395 -0.8589 0.4929
vn 0.0771 -0.8577 -0.5083
vn 0.1490 -0.9499 -0.2749
vn 0.2107 -0.9773 -0.0227
vn 0.2580 -0.9381 0.2310
vn 0.2878 -0.8350 0.4690
vn 0.0625 -0.5054 -0.8606
vn 0.0771 -0.5083 -0.8577
vn 0.1207 -0.2693 -0.9555
vn 0.1490 -0.2749 -0.9499
vn 0.1708 -0.0148 -0.9852
vn 0.2107 -0.0227 -0.9773
vn 0.1707 -0.0148 -0.9852
vn 0.2091 0.2407 -0.9478
vn 0.2580 0.2310 -0.9381
vn 0.2332 0.4798 -0.8458
vn 0.2878 0.4690 -0.8350
vn 0.2333 0.4798 -0.8458
vn 0.0347 -0.5016 -0.8644
vn 0.0347 -0.5017 -0.8644
vn 0.0671 -0.2620 -0.9627
vn 0.0949 -0.0045 -0.9955
vn 0.1162 0.2533 -0.9604
vn 0.1296 0.4938 -0.8599
vn 0.1296 0.4938 -0.8598
vn 0.1620 0.6978 -0.6977
vn 0.0055 -0.5001 -0.8660
vn 0.0055 -0.5000 -0.8660
vn 0.0106 -0.2589 -0.9658
vn 0.0150 -0.0001 -0.9999
vn 0.0948 -0.0045 -0.9955
vn 0.0184 0.2586 -0.9658
vn 0.1162 0.2532 -0.9604
vn 0.0184 0.2587 -0.9658
vn 0.0206 0.4999 -0.8659
vn 0.0206 0.4998 -0.8659
vn 0.0213 0.7069 -0.7069
vn -0.0087 -0.5001 -0.8659
vn -0.0168 -0.2590 -0.9657
vn -0.0168 -0.2591 -0.9657
vn -0.0238 -0.0003 -0.9997
vn -0.0292 0.2585 -0.9656
vn -0.0325 0.4996 -0.8656
vn -0.0374 -0.5019 -0.8641
vn -0.0722 -0.2625 -0.9622
vn -0.1021 -0.0052 -0.9948
vn -0.1022 -0.0052 -0.9948
vn -0.1251 0.2524 -0.9595
vn -0.1395 0.4929 -0.8588
vn -0.1395 0.4928 -0.8589
vn -0.0507 -0.5035 -0.8625
vn -0.0507 -0.5036 -0.8625
vn -0.0979 -0.2657 -0.9591
vn -0.1385 -0.0097 -0.9903
vn -0.0722 -0.2626 -0.9622
vn -0.1696 0.2470 -0.9541
vn -0.1021 -0.0053 -0.9948
vn -0.1696 0.2469 -0.9541
vn -0.1892 0.4868 -0.8528
vn -0.1958 0.6934 -0.6934
vn -0.0979 -0.2656 -0.9591
vn -0.2878 0.4690 -0.8350
vn 0.9444 -0.3263 -0.0397
vn 0.9659 -0.1830 -0.1830
vn 0.9777 -0.1483 0.1484
vn 0.8809 -0.4632 0.0972
vn 0.8056 -0.4189 0.4189
vn 0.7781 -0.5877 0.2216
vn 0.6633 -0.5291 0.5292
vn 0.6407 -0.6941 0.3281
vn 0.7781 -0.5877 0.2217
vn 0.4748 -0.7778 0.4118
vn 0.8467 -0.4820 -0.2251
vn 0.8660 -0.3535 -0.3536
vn 0.7898 -0.6048 -0.1023
vn 0.8468 -0.4820 -0.2251
vn 0.6976 -0.7164 0.0093
vn 0.6408 -0.6941 0.3281
vn 0.5745 -0.8118 0.1047
vn 0.6977 -0.7164 0.0093
vn 0.4257 -0.8868 0.1797
vn 0.2878 -0.8350 0.4689
vn 0.8660 -0.3536 -0.3536
vn 0.6913 -0.6049 -0.3951
vn 0.7071 -0.5000 -0.5000
vn 0.8467 -0.4821 -0.2251
vn 0.6448 -0.7052 -0.2949
vn 0.5696 -0.7963 -0.2038
vn 0.6976 -0.7164 0.0092
vn 0.4690 -0.8742 -0.1259
vn 0.5696 -0.7962 -0.2038
vn 0.3476 -0.9354 -0.0646
vn 0.4691 -0.8742 -0.1258
vn 0.2106 -0.9773 -0.0227
vn 0.6914 -0.6049 -0.3951
vn 0.4889 -0.6865 -0.5382
vn 0.5000 -0.6124 -0.6124
vn 0.6449 -0.7051 -0.2948
vn 0.4560 -0.7574 -0.4673
vn 0.6449 -0.7051 -0.2949
vn 0.4028 -0.8218 -0.4029
vn 0.3317 -0.8769 -0.3478
vn 0.4028 -0.8219 -0.4029
vn 0.2458 -0.9203 -0.3045
vn 0.4888 -0.6866 -0.5382
vn 0.2530 -0.7214 -0.6446
vn 0.2588 -0.6830 -0.6830
vn 0.2360 -0.7581 -0.6079
vn 0.2531 -0.7214 -0.6446
vn 0.4559 -0.7574 -0.4673
vn 0.2085 -0.7915 -0.5746
vn 0.1717 -0.8200 -0.5461
vn 0.2085 -0.7914 -0.5746
vn 0.2458 -0.9202 -0.3045
vn 0.1272 -0.8424 -0.5237
vn 0.1717 -0.8199 -0.5461
vn 0.1489 -0.9499 -0.2749
vn 0.1272 -0.8424 -0.5236
vn 0.2589 -0.6830 -0.6830
vn 0.4748 0.4118 -0.7778
vn 0.2877 0.4690 -0.8350
vn 0.6407 0.3281 -0.6941
vn 0.7781 0.2217 -0.5877
vn 0.9119 0.2901 -0.2901
vn 0.8809 0.0972 -0.4633
vn 0.9444 -0.0397 -0.3263
vn 0.8809 0.0972 -0.4632
vn 0.2878 0.4689 -0.8350
vn 0.4748 0.4117 -0.7778
vn 0.4257 0.1797 -0.8868
vn 0.5745 0.1047 -0.8118
vn 0.6408 0.3281 -0.6941
vn 0.6977 0.0093 -0.7164
vn 0.7898 -0.1023 -0.6048
vn 0.6976 0.0093 -0.7164
vn 0.8468 -0.2251 -0.4820
vn 0.8660 -0.3536 -0.3535
vn 0.8467 -0.2251 -0.4820
vn 0.3476 -0.0646 -0.9354
vn 0.2106 -0.0227 -0.9773
vn 0.4691 -0.1258 -0.8742
vn 0.6976 0.0092 -0.7164
vn 0.5696 -0.2038 -0.7962
vn 0.4690 -0.1259 -0.8742
vn 0.6448 -0.2949 -0.7052
vn 0.5696 -0.2038 -0.7963
vn 0.8467 -0.2251 -0.4821
vn 0.6913 -0.3951 -0.6049
vn 0.2458 -0.3045 -0.9203
vn 0.1490 -0.2748 -0.9499
vn 0.3317 -0.3478 -0.8769
vn 0.4690 -0.1258 -0.8742
vn 0.5696 -0.2037 -0.7963
vn 0.4028 -0.4029 -0.8219
vn 0.3317 -0.3478 -0.8770
vn 0.6449 -0.2949 -0.7051
vn 0.4560 -0.4673 -0.7574
vn 0.4028 -0.4029 -0.8218
vn 0.6449 -0.2948 -0.7051
vn 0.6914 -0.3951 -0.6049
vn 0.4889 -0.5382 -0.6865
vn 0.1489 -0.2749 -0.9499
vn 0.1272 -0.5236 -0.8424
vn 0.1717 -0.5461 -0.8200
vn 0.2085 -0.5746 -0.7915
vn 0.1717 -0.5460 -0.8200
vn 0.4559 -0.4673 -0.7574
vn 0.2360 -0.6079 -0.7581
vn 0.2531 -0.6446 -0.7214
vn 0.4888 -0.5382 -0.6866
vn 0.2530 -0.6446 -0.7214
vn 0.1272 -0.5237 -0.8424
vn 0.2085 -0.5746 -0.7914
vn 0.1366 -0.5276 -0.8384
vn 0.1874 -0.5568 -0.8092
vn 0.1366 -0.5276 -0.8385
vn 0.2262 -0.5941 -0.7719
vn 0.2505 -0.6371 -0.7289
vn 0.2639 -0.3121 -0.9126
vn 0.3621 -0.3686 -0.8562
vn 0.2640 -0.3121 -0.9126
vn 0.4370 -0.4406 -0.7841
vn 0.4840 -0.5237 -0.7011
vn 0.4371 -0.4406 -0.7841
vn 0.4840 -0.5236 -0.7011
vn 0.3733 -0.0754 -0.9246
vn 0.3621 -0.3685 -0.8562
vn 0.5121 -0.1552 -0.8448
vn 0.3733 -0.0753 -0.9246
vn 0.6181 -0.2571 -0.7429
vn 0.4370 -0.4406 -0.7842
vn 0.6845 -0.3745 -0.6255
vn 0.6180 -0.2571 -0.7429
vn 0.6845 -0.3746 -0.6255
vn 0.4572 0.1665 -0.8736
vn 0.6272 0.0687 -0.7759
vn 0.7570 -0.0561 -0.6511
vn 0.6271 0.0687 -0.7759
vn 0.8383 -0.1999 -0.5072
vn 0.7570 -0.0560 -0.6511
vn 0.5099 0.3970 -0.7631
vn 0.6271 0.0688 -0.7759
vn 0.6995 0.2880 -0.6541
vn 0.5099 0.3971 -0.7631
vn 0.6272 0.0688 -0.7759
vn 0.8443 0.1488 -0.5149
vn 0.6995 0.2880 -0.6540
vn 0.7569 -0.0560 -0.6511
vn 0.9350 -0.0116 -0.3544
vn 0.8443 0.1488 -0.5148
vn 0.5100 0.3971 -0.7631
vn 0.2980 0.6750 -0.6750
vn 0.1985 0.6930 -0.6930
vn 0.1918 0.4864 -0.8524
vn 0.1719 0.2466 -0.9537
vn 0.1404 -0.0099 -0.9900
vn 0.0993 -0.2659 -0.9589
vn 0.0993 -0.2658 -0.9589
vn 0.0514 -0.5036 -0.8624
vn 0.0864 0.7045 -0.7045
vn 0.0834 0.4975 -0.8635
vn 0.1986 0.6930 -0.6930
vn 0.1563 0.6984 -0.6984
vn 0.0748 0.2565 -0.9636
vn 0.0611 -0.0019 -0.9981
vn 0.1404 -0.0100 -0.9900
vn 0.0432 -0.2602 -0.9646
vn 0.0224 -0.5007 -0.8653
vn 0.0397 0.7066 -0.7065
vn 0.0384 0.4994 -0.8655
vn 0.0834 0.4974 -0.8635
vn 0.0384 0.4995 -0.8655
vn 0.0344 0.2584 -0.9654
vn 0.0344 0.2583 -0.9655
vn 0.0281 -0.0004 -0.9996
vn 0.0199 -0.2591 -0.9657
vn 0.0432 -0.2601 -0.9646
vn 0.0611 -0.0018 -0.9981
vn 0.0103 -0.5001 -0.8659
vn 0.0223 -0.5007 -0.8654
vn -0.0755 0.7051 -0.7051
vn -0.0729 0.4981 -0.8641
vn 0.0020 0.7071 -0.7071
vn -0.0654 0.2571 -0.9642
vn 0.0344 0.2583 -0.9654
vn -0.0534 -0.0014 -0.9986
vn -0.0377 -0.2599 -0.9649
vn 0.0199 -0.2591 -0.9656
vn -0.0377 -0.2598 -0.9649
vn -0.0195 -0.5005 -0.8655
vn 0.0103 -0.5002 -0.8659
vn -0.1192 0.7021 -0.7020
vn -0.1151 0.4951 -0.8612
vn -0.1032 0.2544 -0.9616
vn -0.0729 0.4980 -0.8641
vn -0.0843 -0.0036 -0.9964
vn -0.0654 0.2570 -0.9642
vn -0.0843 -0.0035 -0.9964
vn -0.0596 -0.2613 -0.9634
vn -0.0309 -0.5013 -0.8647
vn -0.0309 -0.5014 -0.8647
vn -0.0195 -0.5006 -0.8655
vn -0.2285 0.6884 -0.6884
vn -0.2207 0.4820 -0.8479
vn -0.1152 0.4951 -0.8611
vn -0.1192 0.7021 -0.7021
vn -0.1474 0.6994 -0.6994
vn -0.2207 0.4819 -0.8480
vn -0.1979 0.2426 -0.9497
vn -0.1616 -0.0132 -0.9868
vn -0.1032 0.2545 -0.9616
vn -0.1143 -0.2682 -0.9566
vn -0.0596 -0.2614 -0.9634
vn -0.0591 -0.5048 -0.8612
vn -0.0592 -0.5048 -0.8612
vn -0.0308 -0.5013 -0.8647
vn 0.8660 -0.3535 -0.3535
vn -0.2815 0.6785 -0.6785
vn -0.2505 -0.6371 -0.7289
vn -0.2262 -0.5941 -0.7719
vn -0.1874 -0.5568 -0.8092
vn -0.1367 -0.5276 -0.8384
vn -0.1366 -0.5276 -0.8384
vn -0.4840 -0.5236 -0.7011
vn -0.4371 -0.4406 -0.7841
vn -0.4840 -0.5237 -0.7011
vn -0.3621 -0.3686 -0.8562
vn -0.4370 -0.4406 -0.7841
vn -0.2640 -0.3121 -0.9126
vn -0.1367 -0.5276 -0.8385
vn -0.1490 -0.2748 -0.9499
vn -0.2640 -0.3121 -0.9127
vn -0.6845 -0.3746 -0.6255
vn -0.4370 -0.4406 -0.7842
vn -0.6180 -0.2571 -0.7429
vn -0.6845 -0.3745 -0.6255
vn -0.5121 -0.1552 -0.8448
vn -0.6181 -0.2571 -0.7429
vn -0.3733 -0.0753 -0.9246
vn -0.3733 -0.0754 -0.9246
vn -0.8383 -0.1999 -0.5072
vn -0.7570 -0.0560 -0.6511
vn -0.6271 0.0688 -0.7759
vn -0.4572 0.1665 -0.8736
vn -0.6272 0.0687 -0.7758
vn -0.9350 -0.0116 -0.3544
vn -0.7569 -0.0560 -0.6511
vn -0.8443 0.1488 -0.5148
vn -0.6272 0.0688 -0.7759
vn -0.6995 0.2880 -0.6540
vn -0.8443 0.1488 -0.5149
vn -0.5099 0.3971 -0.7631
vn -0.6995 0.2880 -0.6541
vn -0.5099 0.3970 -0.7631
vn -0.5100 0.3971 -0.7631
vn -0.2980 0.6750 -0.6750
vn -0.8660 -0.3535 -0.3535
vn -0.1366 -0.8385 -0.5276
vn -0.1874 -0.8092 -0.5568
vn -0.2262 -0.7719 -0.5941
vn -0.2505 -0.7289 -0.6371
vn -0.1366 -0.8384 -0.5276
vn -0.2639 -0.9126 -0.3121
vn -0.3621 -0.8562 -0.3686
vn -0.2640 -0.9126 -0.3121
vn -0.4370 -0.7841 -0.4406
vn -0.4840 -0.7011 -0.5236
vn -0.3733 -0.9247 -0.0754
vn -0.3621 -0.8562 -0.3685
vn -0.5121 -0.8448 -0.1552
vn -0.3733 -0.9246 -0.0753
vn -0.6181 -0.7429 -0.2571
vn -0.4370 -0.7842 -0.4406
vn -0.4840 -0.7011 -0.5237
vn -0.6845 -0.6255 -0.3745
vn -0.6180 -0.7429 -0.2571
vn -0.6845 -0.6255 -0.3746
vn -0.3733 -0.9246 -0.0754
vn -0.4572 -0.8736 0.1665
vn -0.6272 -0.7758 0.0687
vn -0.7570 -0.6511 -0.0560
vn -0.6271 -0.7759 0.0688
vn -0.8383 -0.5072 -0.1999
vn -0.5099 -0.7631 0.3970
vn -0.6995 -0.6541 0.2880
vn -0.5099 -0.7631 0.3971
vn -0.6272 -0.7759 0.0688
vn -0.8443 -0.5149 0.1488
vn -0.6995 -0.6540 0.2880
vn -0.7569 -0.6511 -0.0560
vn -0.9350 -0.3544 -0.0116
vn -0.8443 -0.5148 0.1488
vn -0.5100 -0.7631 0.3971
vn -0.2980 -0.6750 0.6750
vn -0.1985 -0.6930 0.6930
vn -0.1918 -0.8524 0.4864
vn -0.1719 -0.9537 0.2466
vn -0.1404 -0.9900 -0.0099
vn -0.0993 -0.9589 -0.2659
vn -0.0514 -0.8624 -0.5037
vn -0.0514 -0.8624 -0.5036
vn -0.0864 -0.7045 0.7045
vn -0.0834 -0.8635 0.4975
vn -0.1563 -0.6984 0.6984
vn -0.0834 -0.8635 0.4974
vn -0.0748 -0.9636 0.2565
vn -0.0611 -0.9981 -0.0019
vn -0.0432 -0.9646 -0.2602
vn -0.1404 -0.9900 -0.0100
vn -0.0224 -0.8653 -0.5007
vn -0.0397 -0.7065 0.7066
vn -0.0384 -0.8655 0.4994
vn -0.0384 -0.8655 0.4995
vn -0.0344 -0.9654 0.2584
vn -0.0344 -0.9654 0.2583
vn -0.0281 -0.9996 -0.0004
vn -0.0199 -0.9657 -0.2591
vn -0.0432 -0.9646 -0.2601
vn -0.0611 -0.9981 -0.0018
vn -0.0199 -0.9656 -0.2591
vn -0.0103 -0.8659 -0.5001
vn -0.0223 -0.8653 -0.5007
vn -0.0223 -0.8654 -0.5007
vn 0.0755 -0.7051 0.7051
vn 0.0729 -0.8641 0.4981
vn -0.0020 -0.7071 0.7071
vn 0.0654 -0.9642 0.2571
vn 0.0534 -0.9986 -0.0015
vn 0.0534 -0.9986 -0.0014
vn 0.0377 -0.9649 -0.2598
vn 0.0195 -0.8655 -0.5005
vn -0.0103 -0.8659 -0.5002
vn 0.1192 -0.7020 0.7021
vn 0.1151 -0.8612 0.4951
vn 0.1032 -0.9616 0.2544
vn 0.0729 -0.8641 0.4980
vn 0.0843 -0.9964 -0.0036
vn 0.0654 -0.9642 0.2570
vn 0.0843 -0.9964 -0.0035
vn 0.0596 -0.9634 -0.2613
vn 0.0596 -0.9634 -0.2614
vn 0.0309 -0.8647 -0.5013
vn 0.0195 -0.8655 -0.5006
vn 0.2285 -0.6884 0.6884
vn 0.2207 -0.8479 0.4820
vn 0.1152 -0.8611 0.4951
vn 0.1192 -0.7021 0.7021
vn 0.1474 -0.6994 0.6994
vn 0.2207 -0.8480 0.4819
vn 0.1979 -0.9497 0.2426
vn 0.1616 -0.9868 -0.0132
vn 0.1143 -0.9566 -0.2682
vn 0.0591 -0.8612 -0.5048
vn 0.0592 -0.8612 -0.5048
vn 0.0308 -0.8647 -0.5013
vn 0.0591 -0.8612 -0.5049
vn 0.2815 -0.6785 0.6785
vn 0.2505 -0.7289 -0.6371
vn 0.2262 -0.7719 -0.5941
vn 0.1874 -0.8092 -0.5568
vn 0.1367 -0.8384 -0.5276
vn 0.1366 -0.8385 -0.5276
vn 0.4840 -0.7011 -0.5236
vn 0.4370 -0.7841 -0.4406
vn 0.3621 -0.8562 -0.3686
vn 0.1366 -0.8384 -0.5276
vn 0.2640 -0.9126 -0.3121
vn 0.4840 -0.7011 -0.5237
vn 0.6845 -0.6255 -0.3746
vn 0.4370 -0.7842 -0.4406
vn 0.6180 -0.7429 -0.2571
vn 0.6845 -0.6255 -0.3745
vn 0.5121 -0.8448 -0.1552
vn 0.6181 -0.7429 -0.2571
vn 0.3733 -0.9246 -0.0753
vn 0.3733 -0.9247 -0.0754
vn 0.8383 -0.5072 -0.1999
vn 0.7570 -0.6511 -0.0560
vn 0.6271 -0.7759 0.0688
vn 0.3733 -0.9246 -0.0754
vn 0.4572 -0.8736 0.1665
vn 0.6272 -0.7758 0.0687
vn 0.9350 -0.3544 -0.0116
vn 0.7569 -0.6511 -0.0560
vn 0.8443 -0.5148 0.1488
vn 0.6272 -0.7759 0.0688
vn 0.6995 -0.6540 0.2880
vn 0.8443 -0.5149 0.1488
vn 0.5099 -0.7631 0.3971
vn 0.6995 -0.6541 0.2880
vn 0.5099 -0.7631 0.3970
vn 0.5100 -0.7631 0.3971
vn 0.2980 -0.6750 0.6750
vn 0.1539 -0.6987 0.6987
vn 0.2489 -0.6848 0.6849
vn 0.0027 -0.7071 0.7071
vn 0.0170 -0.7070 0.7070
vn 0.1362 -0.7005 0.7005
vn -0.1487 -0.6992 0.6992
vn -0.0325 -0.7067 0.7067
vn 0.0028 -0.7071 0.7071
vn -0.1902 -0.6942 0.6942
vn -0.1539 0.6987 -0.6987
vn -0.2489 0.6849 -0.6848
vn -0.0027 0.7071 -0.7071
vn -0.0170 0.7070 -0.7070
vn -0.1362 0.7005 -0.7005
vn 0.1487 0.6992 -0.6992
vn 0.0325 0.7067 -0.7067
vn -0.0028 0.7071 -0.7071
vn 0.1902 0.6942 -0.6942
vn -0.5279 -0.6006 0.6005
vn -0.5100 -0.7631 0.3970
vn -0.4572 -0.8736 0.1666
vn -0.6272 -0.7759 0.0687
vn -0.7570 -0.6511 -0.0561
vn -0.3733 -0.9247 -0.0753
vn -0.5120 -0.8448 -0.1552
vn -0.6180 -0.7430 -0.2571
vn -0.2506 -0.7289 -0.6371
vn -0.1366 -0.8385 -0.5275
vn -0.1367 -0.8384 -0.5276
vn 0.2404 -0.8445 0.4785
vn 0.2156 -0.9467 0.2395
vn 0.1760 -0.9843 -0.0157
vn 0.1244 -0.9548 -0.2699
vn 0.0644 -0.8603 -0.5057
vn 0.0644 -0.8603 -0.5058
vn 0.1315 -0.8597 0.4936
vn 0.2489 -0.6849 0.6848
vn 0.1179 -0.9602 0.2531
vn 0.0963 -0.9953 -0.0047
vn 0.1760 -0.9843 -0.0158
vn 0.0681 -0.9626 -0.2621
vn 0.1245 -0.9548 -0.2700
vn 0.0352 -0.8643 -0.5017
vn 0.0164 -0.8659 0.4999
vn 0.1315 -0.8597 0.4937
vn 0.0147 -0.9658 0.2587
vn 0.0120 -0.9999 -0.0001
vn 0.0963 -0.9953 -0.0046
vn 0.0120 -0.9999 -0.0000
vn 0.0085 -0.9659 -0.2588
vn 0.0085 -0.9659 -0.2589
vn 0.0044 -0.8660 -0.5001
vn 0.0353 -0.8643 -0.5017
vn 0.0044 -0.8660 -0.5000
vn -0.0313 -0.8657 0.4996
vn -0.0313 -0.8657 0.4997
vn -0.0281 -0.9656 0.2585
vn 0.0147 -0.9658 0.2588
vn -0.0229 -0.9997 -0.0003
vn -0.0230 -0.9997 -0.0002
vn -0.0162 -0.9657 -0.2590
vn -0.0084 -0.8659 -0.5001
vn -0.1487 -0.6992 0.6993
vn -0.1437 -0.8584 0.4924
vn -0.0314 -0.8657 0.4996
vn -0.1436 -0.8584 0.4924
vn -0.1288 -0.9591 0.2520
vn -0.1051 -0.9944 -0.0055
vn -0.1052 -0.9944 -0.0056
vn -0.0744 -0.9620 -0.2628
vn -0.0230 -0.9997 -0.0003
vn -0.0385 -0.8640 -0.5021
vn -0.0385 -0.8640 -0.5020
vn -0.1837 -0.8536 0.4875
vn -0.1487 -0.6993 0.6992
vn -0.1647 -0.9547 0.2477
vn -0.1647 -0.9548 0.2476
vn -0.1345 -0.9909 -0.0091
vn -0.0951 -0.9595 -0.2653
vn -0.0744 -0.9620 -0.2627
vn -0.0492 -0.8627 -0.5033
vn -0.1647 -0.9547 0.2476
vn -0.0492 -0.8627 -0.5034
vn 0.2877 -0.8350 0.4690
vn 0.5100 -0.7631 0.3970
vn 0.6272 -0.7759 0.0687
vn 0.4572 -0.8736 0.1666
vn 0.7570 -0.6511 -0.0561
vn 0.5120 -0.8448 -0.1552
vn 0.3733 -0.9247 -0.0753
vn 0.1490 -0.9499 -0.2748
vn 0.2506 -0.7289 -0.6371
vn 0.4841 -0.7011 -0.5236
vn 0.4371 -0.7841 -0.4406
vn 0.2263 -0.7719 -0.5941
vn 0.3621 -0.8562 -0.3685
vn -0.7570 -0.0560 -0.6510
vn -0.6272 0.0688 -0.7758
vn -0.5100 0.3970 -0.7631
vn -0.6272 0.0687 -0.7759
vn -0.4572 0.1666 -0.8736
vn -0.5121 -0.1551 -0.8448
vn -0.3621 -0.3685 -0.8562
vn -0.5120 -0.1552 -0.8448
vn -0.3733 -0.0753 -0.9247
vn -0.2506 -0.6371 -0.7289
vn -0.4841 -0.5236 -0.7011
vn -0.2263 -0.5941 -0.7719
vn -0.2404 0.4785 -0.8445
vn -0.2156 0.2395 -0.9467
vn -0.1760 -0.0157 -0.9843
vn -0.1244 -0.2699 -0.9548
vn -0.0644 -0.5057 -0.8603
vn -0.0644 -0.5058 -0.8603
vn -0.1361 0.7005 -0.7005
vn -0.1315 0.4936 -0.8597
vn -0.2489 0.6848 -0.6849
vn -0.1179 0.2531 -0.9602
vn -0.0963 -0.0046 -0.9953
vn -0.0963 -0.0047 -0.9953
vn -0.0681 -0.2621 -0.9626
vn -0.1245 -0.2700 -0.9548
vn -0.0352 -0.5017 -0.8643
vn -0.0164 0.4999 -0.8659
vn -0.1315 0.4937 -0.8597
vn -0.0147 0.2587 -0.9658
vn -0.0120 -0.0001 -0.9999
vn -0.0085 -0.2589 -0.9659
vn -0.0044 -0.5001 -0.8660
vn -0.0353 -0.5017 -0.8643
vn -0.0044 -0.5000 -0.8660
vn 0.0313 0.4996 -0.8657
vn 0.0313 0.4997 -0.8657
vn 0.0281 0.2585 -0.9656
vn -0.0147 0.2588 -0.9658
vn 0.0281 0.2584 -0.9656
vn 0.0229 -0.0003 -0.9997
vn 0.0230 -0.0002 -0.9997
vn 0.0162 -0.2590 -0.9657
vn -0.0085 -0.2588 -0.9659
vn -0.0120 -0.0000 -0.9999
vn 0.0084 -0.5001 -0.8659
vn 0.0084 -0.5000 -0.8660
vn -0.0000 -0.7071 -0.7072
vn 0.1487 0.6993 -0.6992
vn 0.1437 0.4924 -0.8584
vn 0.0314 0.4996 -0.8657
vn 0.1436 0.4924 -0.8584
vn 0.1288 0.2520 -0.9591
vn 0.1051 -0.0055 -0.9944
vn 0.1052 -0.0056 -0.9944
vn 0.0744 -0.2628 -0.9620
vn 0.0230 -0.0003 -0.9997
vn 0.0744 -0.2627 -0.9620
vn 0.0385 -0.5020 -0.8640
vn 0.1837 0.4875 -0.8536
vn 0.1487 0.6992 -0.6993
vn 0.1647 0.2477 -0.9547
vn 0.1647 0.2476 -0.9548
vn 0.1345 -0.0091 -0.9909
vn 0.0951 -0.2652 -0.9595
vn 0.1052 -0.0055 -0.9944
vn 0.0951 -0.2653 -0.9595
vn 0.0492 -0.5034 -0.8627
vn 0.0385 -0.5021 -0.8640
vn 0.0492 -0.5033 -0.8627
vn 0.1647 0.2476 -0.9547
vn 0.5279 0.6005 -0.6006
vn 0.5100 0.3970 -0.7631
vn 0.4572 0.1666 -0.8736
vn 0.6272 0.0688 -0.7758
vn 0.7570 -0.0560 -0.6510
vn 0.3733 -0.0753 -0.9247
vn 0.5120 -0.1552 -0.8448
vn 0.5121 -0.1551 -0.8448
vn 0.2506 -0.6371 -0.7289
vn 0.1366 -0.5275 -0.8385
vn 0.1367 -0.5276 -0.8384
vn -0.2948 -0.6757 0.6757
vn -0.5633 -0.5842 0.5842
vn -0.2947 -0.6757 0.6757
vn -0.7818 -0.4409 0.4409
vn -0.5633 -0.5842 0.5843
vn -0.5633 -0.5843 0.5842
vn -0.9309 -0.2583 0.2583
vn -0.9972 -0.0528 0.0528
vn -0.9309 -0.2583 0.2584
vn -0.9309 -0.2584 0.2583
vn -0.9749 0.1573 -0.1573
vn -0.9749 0.1574 -0.1573
vn -1.0000 0.0004 0.0004
vn -0.9972 -0.0528 0.0529
vn -0.6802 0.5183 -0.5184
vn -0.6802 0.5184 -0.5183
vn -0.4339 0.6371 -0.6371
vn -0.4339 0.6370 -0.6371
vn -0.6802 0.5183 -0.5183
vn -0.1490 0.6992 -0.6992
vn 0.1491 0.6992 -0.6992
vn -0.1491 0.6992 -0.6992
vn 0.4339 0.6371 -0.6371
vn 0.1490 0.6992 -0.6992
vn 0.6802 0.5183 -0.5183
vn 0.4339 0.6370 -0.6371
vn 0.6802 0.5184 -0.5183
vn 0.6802 0.5183 -0.5184
vn 0.9749 0.1573 -0.1573
vn 0.9972 -0.0529 0.0528
vn 0.9972 -0.0528 0.0528
vn 0.9749 0.1573 -0.1574
vn 1.0000 -0.0004 -0.0004
vn 0.9309 -0.2584 0.2583
vn 0.9309 -0.2583 0.2584
vn 0.7818 -0.4409 0.4409
vn 0.9309 -0.2583 0.2583
vn 0.5633 -0.5843 0.5842
vn 0.5633 -0.5842 0.5843
vn 0.2947 -0.6757 0.6757
vn 0.5633 -0.5842 0.5842
vn 0.2948 -0.6757 0.6757
vn -0.9749 0.1573 -0.1574
vn 0.2473 -0.6291 -0.7370
vn 0.2138 -0.5799 -0.7861
vn 0.1614 -0.5399 -0.8261
vn 0.0945 -0.5127 -0.8534
vn 0.0194 -0.5005 -0.8655
vn 0.0946 -0.5127 -0.8534
vn -0.0576 -0.5046 -0.8614
vn 0.0193 -0.5005 -0.8655
vn -0.1294 -0.5245 -0.8415
vn -0.1897 -0.5586 -0.8075
vn -0.2332 -0.6036 -0.7624
vn -0.1897 -0.5585 -0.8075
vn -0.2559 -0.6557 -0.7103
vn -0.2559 -0.7103 -0.6557
vn -0.2332 -0.7624 -0.6036
vn -0.1897 -0.8075 -0.5585
vn -0.1294 -0.8415 -0.5246
vn -0.1898 -0.8075 -0.5585
vn -0.0576 -0.8614 -0.5046
vn -0.1294 -0.8415 -0.5245
vn 0.0193 -0.8655 -0.5005
vn 0.0945 -0.8534 -0.5127
vn 0.1614 -0.8261 -0.5399
vn 0.0946 -0.8534 -0.5127
vn 0.2138 -0.7861 -0.5799
vn 0.2473 -0.7370 -0.6291
vn 0.2473 -0.6291 -0.7369
vn 0.4778 -0.5082 -0.7166
vn 0.5000 -0.6124 -0.6123
vn 0.2139 -0.5799 -0.7861
vn 0.4131 -0.4132 -0.8115
vn 0.3117 -0.3360 -0.8888
vn 0.1613 -0.5399 -0.8261
vn 0.0945 -0.5126 -0.8534
vn 0.1826 -0.2832 -0.9415
vn 0.3117 -0.3359 -0.8888
vn 0.0946 -0.5126 -0.8534
vn 0.0374 -0.2598 -0.9649
vn 0.1827 -0.2832 -0.9415
vn -0.1113 -0.2677 -0.9571
vn -0.0575 -0.5046 -0.8614
vn -0.2500 -0.3062 -0.9186
vn -0.1112 -0.2677 -0.9571
vn -0.3665 -0.3719 -0.8529
vn -0.4505 -0.4590 -0.7658
vn -0.4944 -0.5597 -0.6651
vn -0.4505 -0.4589 -0.7658
vn -0.4944 -0.6651 -0.5597
vn -0.4505 -0.7658 -0.4589
vn -0.3665 -0.8529 -0.3719
vn -0.4505 -0.7658 -0.4590
vn -0.2500 -0.9186 -0.3062
vn -0.0576 -0.8615 -0.5046
vn -0.1112 -0.9571 -0.2677
vn -0.2500 -0.9186 -0.3061
vn 0.0194 -0.8655 -0.5005
vn 0.0374 -0.9649 -0.2598
vn -0.1112 -0.9571 -0.2676
vn 0.0946 -0.8534 -0.5126
vn 0.1827 -0.9415 -0.2832
vn 0.3117 -0.8888 -0.3360
vn 0.1827 -0.9415 -0.2833
vn 0.4131 -0.8115 -0.4132
vn 0.4777 -0.7166 -0.5082
vn 0.4131 -0.8116 -0.4132
vn 0.2473 -0.7369 -0.6291
vn 0.5000 -0.6123 -0.6124
vn 0.4778 -0.7166 -0.5082
vn 0.6757 -0.3526 -0.6474
vn 0.4778 -0.5081 -0.7166
vn 0.5842 -0.2184 -0.7817
vn 0.4409 -0.1091 -0.8909
vn 0.5842 -0.2183 -0.7817
vn 0.1826 -0.2833 -0.9415
vn 0.2583 -0.0346 -0.9654
vn 0.0528 -0.0014 -0.9986
vn 0.0373 -0.2598 -0.9649
vn -0.1574 -0.0125 -0.9875
vn -0.3536 -0.0670 -0.9330
vn -0.5183 -0.1599 -0.8401
vn -0.3535 -0.0670 -0.9330
vn -0.6371 -0.2831 -0.7170
vn -0.6992 -0.4255 -0.5745
vn -0.6371 -0.2831 -0.7169
vn -0.6992 -0.5745 -0.4255
vn -0.6371 -0.7169 -0.2831
vn -0.3665 -0.8528 -0.3719
vn -0.5184 -0.8401 -0.1599
vn -0.6371 -0.7169 -0.2830
vn -0.3536 -0.9330 -0.0670
vn -0.1113 -0.9571 -0.2677
vn -0.1574 -0.9875 -0.0126
vn 0.0529 -0.9986 -0.0014
vn -0.1573 -0.9875 -0.0125
vn 0.2584 -0.9654 -0.0346
vn 0.3118 -0.8888 -0.3359
vn 0.4409 -0.8909 -0.1091
vn 0.5842 -0.7817 -0.2183
vn 0.4778 -0.7166 -0.5081
vn 0.6757 -0.6474 -0.3526
vn 0.5842 -0.7817 -0.2184
vn 0.8276 -0.1730 -0.5341
vn 0.7155 -0.0086 -0.6985
vn 0.8276 -0.1731 -0.5340
vn 0.5400 0.1252 -0.8323
vn 0.7156 -0.0086 -0.6985
vn 0.3164 0.2165 -0.9236
vn 0.0647 0.2571 -0.9642
vn 0.0529 -0.0014 -0.9986
vn -0.1574 -0.0126 -0.9875
vn -0.1927 0.2435 -0.9506
vn -0.1573 -0.0125 -0.9875
vn -0.4330 0.1768 -0.8839
vn -0.1927 0.2434 -0.9506
vn -0.5184 -0.1599 -0.8401
vn -0.6348 0.0630 -0.7701
vn -0.7802 -0.0879 -0.6193
vn -0.8564 -0.2623 -0.4448
vn -0.7803 -0.0878 -0.6193
vn -0.8564 -0.4448 -0.2623
vn -0.7803 -0.6193 -0.0878
vn -0.6349 -0.7701 0.0630
vn -0.7803 -0.6192 -0.0879
vn -0.5183 -0.8401 -0.1599
vn -0.3535 -0.9330 -0.0670
vn -0.4330 -0.8839 0.1768
vn -0.6348 -0.7701 0.0630
vn -0.1927 -0.9506 0.2435
vn -0.1574 -0.9875 -0.0125
vn 0.0647 -0.9642 0.2571
vn 0.0528 -0.9986 -0.0014
vn 0.2583 -0.9654 -0.0346
vn 0.3164 -0.9236 0.2165
vn 0.5400 -0.8323 0.1252
vn 0.7156 -0.6985 -0.0086
vn 0.5399 -0.8323 0.1252
vn 0.8275 -0.5341 -0.1731
vn 0.7155 -0.6985 -0.0086
vn 0.8276 -0.5341 -0.1730
vn 0.9230 0.0183 -0.3843
vn 0.8275 -0.1730 -0.5341
vn 0.7981 0.2017 -0.5678
vn 0.6023 0.3510 -0.7170
vn 0.3529 0.4528 -0.8188
vn 0.6022 0.3510 -0.7170
vn 0.0722 0.4981 -0.8641
vn -0.2149 0.4829 -0.8489
vn -0.4830 0.4085 -0.7745
vn -0.2150 0.4829 -0.8489
vn -0.7081 0.2816 -0.6476
vn -0.6349 0.0630 -0.7701
vn -0.7803 -0.0878 -0.6192
vn -0.8703 0.1133 -0.4794
vn -0.7081 0.2815 -0.6476
vn -0.7803 -0.0879 -0.6192
vn -0.9551 -0.0812 -0.2848
vn -0.9551 -0.2848 -0.0812
vn -0.8703 -0.4794 0.1133
vn -0.7803 -0.6193 -0.0879
vn -0.7081 -0.6476 0.2815
vn -0.4830 -0.7745 0.4085
vn -0.7081 -0.6476 0.2816
vn -0.2150 -0.8489 0.4829
vn 0.0722 -0.8641 0.4981
vn -0.2149 -0.8489 0.4829
vn 0.3529 -0.8188 0.4528
vn 0.6022 -0.7170 0.3510
vn 0.7981 -0.5678 0.2017
vn 0.6023 -0.7170 0.3510
vn 0.8275 -0.5341 -0.1730
vn 0.9230 -0.3843 0.0183
vn 0.8276 -0.5340 -0.1731
vn 0.9556 0.2084 -0.2084
vn 0.9749 0.1574 -0.1573
vn 0.7981 0.2018 -0.5678
vn 0.8262 0.3983 -0.3983
vn 0.8660 0.3536 -0.3535
vn 0.6235 0.5528 -0.5528
vn 0.3653 0.6582 -0.6582
vn 0.6235 0.5529 -0.5528
vn 0.0747 0.7051 -0.7051
vn -0.2225 0.6894 -0.6894
vn -0.7330 0.4810 -0.4810
vn -0.9010 0.3068 -0.3068
vn -0.8660 0.3536 -0.3535
vn -0.7331 0.4810 -0.4809
vn -0.9888 0.1054 -0.1054
vn -0.9888 -0.1054 0.1054
vn -0.9972 -0.0529 0.0528
vn -0.9010 -0.3068 0.3068
vn -0.7330 -0.4810 0.4809
vn -0.7331 -0.4809 0.4810
vn -0.2225 -0.6894 0.6894
vn 0.0747 -0.7051 0.7051
vn 0.3653 -0.6582 0.6582
vn 0.6235 -0.5528 0.5528
vn 0.7981 -0.5678 0.2018
vn 0.8262 -0.3983 0.3983
vn 0.9230 -0.3844 0.0183
vn 0.9556 -0.2084 0.2084
vn -0.7330 -0.4809 0.4810
vn -0.7331 0.4809 -0.4809
vn -0.5000 0.6124 -0.6123
vn 0.8263 -0.3983 0.3983
vn 0.3654 -0.6582 0.6582
vn 0.0748 -0.7051 0.7051
vn -0.1898 -0.5585 -0.8075
vn -0.1294 -0.5246 -0.8415
vn -0.1897 -0.8075 -0.5586
vn 0.4131 -0.4132 -0.8116
vn 0.4777 -0.5082 -0.7166
vn -0.3665 -0.3719 -0.8528
vn -0.0575 -0.8614 -0.5046
vn 0.1613 -0.8261 -0.5399
vn 0.1826 -0.9415 -0.2833
vn 0.2139 -0.7861 -0.5799
vn 0.2584 -0.0346 -0.9654
vn -0.6371 -0.2830 -0.7169
vn -0.6371 -0.7170 -0.2831
vn 0.0373 -0.9649 -0.2598
vn 0.8275 -0.1731 -0.5341
vn 0.2584 -0.9654 -0.0345
vn -0.7803 -0.6192 -0.0878
vn -0.8703 0.1133 -0.4793
vn -0.7330 -0.4810 0.4810
vn 0.6235 0.5528 -0.5529
vn 0.6235 -0.5528 0.5529
vn 0.7561 0.4627 -0.4627
vn -0.5410 0.5947 -0.5947
vn -0.7561 0.4627 -0.4627
vn -0.2819 0.6784 -0.6784
vn 0.2819 0.6784 -0.6784
vn 0.5410 0.5947 -0.5947
vn -0.7561 0.4628 -0.4628
vn -0.5409 0.5947 -0.5947
vn -0.5225 0.3914 -0.7575
vn -0.7303 0.2640 -0.6300
vn -0.2723 0.4723 -0.8383
vn -0.0000 0.5000 -0.8660
vn 0.2723 0.4723 -0.8383
vn 0.5409 0.5947 -0.5947
vn 0.5225 0.3914 -0.7575
vn 0.7561 0.4627 -0.4628
vn 0.7303 0.2640 -0.6300
vn -0.7304 0.2640 -0.6300
vn -0.4685 0.1615 -0.8686
vn -0.6548 0.0472 -0.7543
vn -0.2442 0.2340 -0.9411
vn -0.0000 0.2588 -0.9659
vn 0.2442 0.2340 -0.9411
vn 0.4685 0.1615 -0.8686
vn 0.7304 0.2640 -0.6300
vn 0.6548 0.0472 -0.7543
vn -0.3825 -0.0795 -0.9205
vn -0.5347 -0.1728 -0.8272
vn -0.2442 0.2339 -0.9411
vn -0.1994 -0.0203 -0.9797
vn -0.3826 -0.0795 -0.9205
vn -0.0000 0.2589 -0.9659
vn -0.0000 -0.0000 -1.0000
vn 0.1994 -0.0203 -0.9797
vn 0.2442 0.2339 -0.9411
vn 0.4685 0.1614 -0.8686
vn 0.3826 -0.0795 -0.9205
vn 0.5347 -0.1728 -0.8272
vn 0.3825 -0.0795 -0.9205
vn -0.3826 -0.0794 -0.9205
vn -0.2705 -0.3150 -0.9097
vn -0.3781 -0.3810 -0.8437
vn -0.1993 -0.0203 -0.9797
vn -0.1409 -0.2732 -0.9516
vn -0.1994 -0.0202 -0.9797
vn -0.0000 -0.2588 -0.9659
vn -0.1409 -0.2731 -0.9516
vn 0.1410 -0.2732 -0.9516
vn 0.1993 -0.0203 -0.9797
vn 0.2705 -0.3151 -0.9097
vn 0.1409 -0.2732 -0.9516
vn 0.3826 -0.0794 -0.9205
vn 0.3781 -0.3810 -0.8437
vn 0.2705 -0.3150 -0.9097
vn -0.1400 -0.5291 -0.8369
vn -0.1957 -0.5633 -0.8028
vn -0.2705 -0.3149 -0.9097
vn -0.0730 -0.5073 -0.8586
vn -0.1400 -0.5290 -0.8370
vn -0.1410 -0.2732 -0.9516
vn -0.0000 -0.2589 -0.9659
vn -0.0000 -0.5000 -0.8660
vn -0.0730 -0.5074 -0.8586
vn 0.0730 -0.5074 -0.8586
vn 0.1409 -0.2731 -0.9516
vn 0.2705 -0.3149 -0.9097
vn 0.1400 -0.5290 -0.8370
vn 0.0730 -0.5073 -0.8586
vn 0.1957 -0.5633 -0.8028
vn 0.1400 -0.5291 -0.8369
vn -0.1958 -0.5633 -0.8027
vn -0.1401 -0.5291 -0.8369
vn -0.0001 -0.7071 -0.7071
vn -0.1400 -0.5291 -0.8370
vn -0.0730 -0.5073 -0.8587
vn -0.0000 -0.4999 -0.8661
vn -0.0000 -0.7070 -0.7072
vn 0.1400 -0.5291 -0.8370
vn -0.7561 0.4627 -0.4628
vn -0.7562 0.4627 -0.4627
vn -0.6549 0.0471 -0.7543
vn -0.6548 0.0471 -0.7543
vn -0.7304 0.2639 -0.6299
vn -0.7304 0.2639 -0.6300
vn -0.3780 -0.3810 -0.8438
vn -0.1957 -0.5632 -0.8028
vn -0.9719 0.1666 -0.1666
vn -0.8890 0.3238 -0.3238
vn 0.6549 0.0471 -0.7543
vn 0.7304 0.2639 -0.6299
vn 0.7304 0.2639 -0.6300
vn 0.3781 -0.3810 -0.8438
vn 0.5347 -0.1727 -0.8272
vn 0.1957 -0.5632 -0.8028
vn 0.8890 0.3238 -0.3238
vn 0.9719 0.1666 -0.1666
vn -0.9387 -0.0221 -0.3439
vn -0.8587 0.1297 -0.4957
vn -0.8587 0.1297 -0.4958
vn -0.8416 -0.2093 -0.4978
vn -0.7699 -0.0732 -0.6340
vn -0.8417 -0.2093 -0.4978
vn -0.7699 -0.0731 -0.6340
vn -0.6872 -0.3822 -0.6178
vn -0.7699 -0.0732 -0.6339
vn -0.6287 -0.2710 -0.7289
vn -0.6286 -0.2711 -0.7289
vn -0.6872 -0.3823 -0.6177
vn -0.4860 -0.5291 -0.6956
vn -0.5000 -0.6124 -0.6123
vn -0.4445 -0.4505 -0.7743
vn -0.4859 -0.5291 -0.6956
vn -0.4999 -0.6124 -0.6124
vn -0.4859 -0.5291 -0.6957
vn -0.2515 -0.6399 -0.7261
vn -0.2587 -0.6831 -0.6830
vn -0.4444 -0.4505 -0.7743
vn -0.2300 -0.5993 -0.7668
vn -0.4445 -0.4504 -0.7743
vn -0.3781 -0.3810 -0.8438
vn -0.2301 -0.5992 -0.7668
vn -0.2516 -0.6399 -0.7261
vn -0.2302 -0.5992 -0.7668
vn -0.0001 -0.7072 -0.7071
vn 0.8587 0.1297 -0.4958
vn 0.9387 -0.0221 -0.3439
vn 0.8587 0.1297 -0.4957
vn 0.7699 -0.0731 -0.6340
vn 0.8417 -0.2093 -0.4978
vn 0.7699 -0.0732 -0.6339
vn 0.8416 -0.2093 -0.4978
vn 0.6548 0.0471 -0.7543
vn 0.6286 -0.2711 -0.7289
vn 0.6872 -0.3822 -0.6178
vn 0.6287 -0.2711 -0.7289
vn 0.5346 -0.1728 -0.8272
vn 0.6286 -0.2711 -0.7290
vn 0.4445 -0.4505 -0.7743
vn 0.3780 -0.3810 -0.8438
vn 0.6286 -0.2710 -0.7289
vn 0.4859 -0.5291 -0.6957
vn 0.6872 -0.3823 -0.6177
vn 0.4860 -0.5291 -0.6956
vn 0.3781 -0.3809 -0.8438
vn 0.4445 -0.4504 -0.7743
vn 0.2301 -0.5991 -0.7669
vn 0.1957 -0.5631 -0.8029
vn 0.2515 -0.6399 -0.7262
vn 0.2301 -0.5992 -0.7668
vn 0.4999 -0.6124 -0.6124
vn 0.2587 -0.6831 -0.6830
vn 0.2515 -0.6399 -0.7261
vn 0.2516 -0.6399 -0.7261
vn 0.0001 -0.7071 -0.7071
vn -0.8890 -0.3238 0.3238
vn -0.7561 -0.4627 0.4627
vn -0.9719 -0.1666 0.1666
vn 0.9719 -0.1666 0.1666
vn 0.8890 -0.3238 0.3238
vn 0.7561 -0.4627 0.4627
vn -0.7561 -0.4628 0.4627
vn -0.8587 -0.4958 0.1297
vn -0.7303 -0.6300 0.2640
vn -0.9387 -0.3439 -0.0221
vn -0.8587 -0.4957 0.1297
vn -0.7699 -0.6340 -0.0731
vn -0.6548 -0.7543 0.0472
vn -0.8417 -0.4978 -0.2093
vn -0.7699 -0.6339 -0.0732
vn -0.8416 -0.4978 -0.2093
vn -0.6548 -0.7543 0.0471
vn -0.6286 -0.7289 -0.2711
vn -0.5347 -0.8272 -0.1728
vn -0.6872 -0.6178 -0.3822
vn -0.6287 -0.7289 -0.2711
vn -0.5346 -0.8272 -0.1728
vn -0.6286 -0.7290 -0.2711
vn -0.4445 -0.7743 -0.4505
vn -0.3780 -0.8438 -0.3810
vn -0.6286 -0.7289 -0.2710
vn -0.4859 -0.6957 -0.5291
vn -0.6872 -0.6177 -0.3823
vn -0.5000 -0.6123 -0.6124
vn -0.4860 -0.6956 -0.5291
vn -0.3780 -0.8438 -0.3809
vn -0.4445 -0.7743 -0.4504
vn -0.2301 -0.7669 -0.5991
vn -0.1957 -0.8029 -0.5631
vn -0.4859 -0.6957 -0.5290
vn -0.2515 -0.7262 -0.6399
vn -0.2301 -0.7668 -0.5992
vn -0.2587 -0.6830 -0.6831
vn -0.2514 -0.7261 -0.6399
vn -0.1957 -0.8028 -0.5632
vn -0.2515 -0.7261 -0.6399
vn -0.2516 -0.7261 -0.6399
vn 0.5410 -0.5947 0.5947
vn 0.2819 -0.6784 0.6784
vn -0.2819 -0.6784 0.6784
vn -0.5410 -0.5947 0.5947
vn -0.7304 -0.6300 0.2640
vn -0.6549 -0.7543 0.0471
vn -0.7304 -0.6299 0.2639
vn -0.7304 -0.6300 0.2639
vn -0.3781 -0.8438 -0.3810
vn -0.3781 -0.8437 -0.3810
vn -0.5347 -0.8272 -0.1727
vn 0.9387 -0.3439 -0.0221
vn 0.8587 -0.4957 0.1297
vn 0.7561 -0.4628 0.4627
vn 0.7303 -0.6300 0.2640
vn 0.8587 -0.4958 0.1297
vn 0.8416 -0.4978 -0.2093
vn 0.7699 -0.6340 -0.0732
vn 0.8417 -0.4978 -0.2093
vn 0.6548 -0.7543 0.0472
vn 0.7699 -0.6340 -0.0731
vn 0.6872 -0.6178 -0.3822
vn 0.7699 -0.6339 -0.0732
vn 0.6287 -0.7289 -0.2710
vn 0.6548 -0.7543 0.0471
vn 0.5347 -0.8272 -0.1728
vn 0.6286 -0.7289 -0.2711
vn 0.6872 -0.6177 -0.3823
vn 0.4860 -0.6956 -0.5291
vn 0.4445 -0.7743 -0.4505
vn 0.4859 -0.6956 -0.5291
vn 0.3781 -0.8437 -0.3810
vn 0.4859 -0.6957 -0.5291
vn 0.2514 -0.7261 -0.6399
vn 0.2587 -0.6830 -0.6831
vn 0.4444 -0.7743 -0.4505
vn 0.2300 -0.7668 -0.5993
vn 0.2515 -0.7261 -0.6399
vn 0.4445 -0.7743 -0.4504
vn 0.3780 -0.8438 -0.3810
vn 0.1957 -0.8028 -0.5632
vn 0.2301 -0.7669 -0.5992
vn 0.2516 -0.7261 -0.6399
vn 0.2302 -0.7668 -0.5992
vn 0.0001 -0.7071 -0.7072
vn 0.1958 -0.8027 -0.5633
vn 0.7304 -0.6300 0.2640
vn 0.7562 -0.4627 0.4627
vn 0.6549 -0.7543 0.0471
vn 0.7304 -0.6299 0.2639
vn 0.7304 -0.6300 0.2639
vn 0.1957 -0.8028 -0.5633
vn 0.7561 -0.4628 0.4628
vn 0.5409 -0.5947 0.5947
vn 0.5225 -0.7575 0.3914
vn 0.2723 -0.8383 0.4723
vn -0.0000 -0.8660 0.5000
vn -0.2723 -0.8383 0.4723
vn -0.5409 -0.5947 0.5947
vn -0.5225 -0.7575 0.3914
vn 0.4685 -0.8686 0.1615
vn 0.2442 -0.9411 0.2340
vn -0.0000 -0.9659 0.2588
vn -0.2442 -0.9411 0.2340
vn -0.4685 -0.8686 0.1615
vn 0.3825 -0.9205 -0.0795
vn 0.2442 -0.9411 0.2339
vn 0.1994 -0.9797 -0.0203
vn 0.3826 -0.9205 -0.0795
vn -0.0000 -0.9659 0.2589
vn -0.0000 -1.0000 -0.0000
vn -0.1994 -0.9797 -0.0203
vn -0.2442 -0.9411 0.2339
vn -0.4685 -0.8686 0.1614
vn -0.3826 -0.9205 -0.0795
vn -0.3825 -0.9205 -0.0795
vn 0.3826 -0.9205 -0.0794
vn 0.2705 -0.9097 -0.3150
vn 0.1993 -0.9797 -0.0203
vn 0.1409 -0.9516 -0.2732
vn 0.1994 -0.9797 -0.0202
vn -0.0000 -0.9659 -0.2588
vn 0.1410 -0.9516 -0.2731
vn -0.1410 -0.9516 -0.2732
vn -0.1993 -0.9797 -0.0203
vn -0.2705 -0.9097 -0.3151
vn -0.1409 -0.9516 -0.2732
vn -0.3826 -0.9205 -0.0794
vn -0.2705 -0.9097 -0.3150
vn 0.1400 -0.8369 -0.5291
vn 0.2705 -0.9097 -0.3149
vn 0.1409 -0.9516 -0.2731
vn 0.0730 -0.8586 -0.5073
vn 0.1400 -0.8370 -0.5290
vn 0.1410 -0.9516 -0.2732
vn -0.0000 -0.9659 -0.2589
vn -0.0000 -0.8660 -0.5000
vn 0.0730 -0.8586 -0.5074
vn -0.0730 -0.8586 -0.5074
vn -0.1409 -0.9516 -0.2731
vn -0.2705 -0.9097 -0.3149
vn -0.1400 -0.8370 -0.5290
vn -0.0730 -0.8586 -0.5073
vn -0.1957 -0.8028 -0.5633
vn -0.1400 -0.8369 -0.5291
vn 0.1401 -0.8369 -0.5291
vn 0.1400 -0.8370 -0.5291
vn 0.0730 -0.8587 -0.5073
vn -0.0000 -0.8661 -0.4999
vn -0.0000 -0.7072 -0.7070
vn -0.1400 -0.8370 -0.5291
vn 0.0730 -0.8586 -0.5075
vn -0.0000 -0.8661 -0.5000
vn -0.0730 -0.8586 -0.5075
vn 0.1956 -0.8028 -0.5633
vn 0.1399 -0.8369 -0.5292
vn 0.2704 -0.9097 -0.3151
vn 0.3780 -0.8437 -0.3811
vn -0.1410 -0.9516 -0.2731
vn -0.1399 -0.8369 -0.5292
vn -0.1956 -0.8028 -0.5633
vn -0.3780 -0.8437 -0.3811
vn -0.2704 -0.9097 -0.3151
vn 0.3781 -0.8438 -0.3809
vn 0.2705 -0.9098 -0.3149
vn 0.3825 -0.9205 -0.0794
vn 0.5347 -0.8272 -0.1727
vn 0.1993 -0.9797 -0.0202
vn -0.0000 -1.0000 -0.0001
vn -0.2705 -0.9098 -0.3149
vn -0.3825 -0.9205 -0.0794
vn -0.1993 -0.9797 -0.0202
vn -0.3781 -0.8438 -0.3809
vn 0.6549 -0.7543 0.0472
vn 0.2441 -0.9411 0.2340
vn 0.2441 -0.9411 0.2339
vn -0.2441 -0.9411 0.2339
vn -0.2441 -0.9411 0.2340
vn -0.6549 -0.7543 0.0472
vn 0.5225 -0.7574 0.3915
vn -0.5225 -0.7574 0.3915
vn 0.5226 -0.7574 0.3914
vn -0.5226 -0.7574 0.3914
vn -0.7562 -0.4627 0.4627
vn 0.7561 -0.4627 0.4628
vn 0.5346 -0.8272 -0.1728
vn 0.3781 -0.8438 -0.3810
vn -0.7561 -0.4627 0.4628
vn 0.2301 -0.7668 -0.5992
vn 0.2301 -0.7668 -0.5993
vn 0.4445 -0.7742 -0.4505
vn 0.7070 -0.5001 -0.5000
vn 0.4445 -0.7742 -0.4506
vn 0.3781 -0.8437 -0.3811
vn 0.5347 -0.8272 -0.1729
vn 0.6286 -0.7290 -0.2710
vn 0.9388 -0.3439 -0.0221
vn 0.7699 -0.6339 -0.0731
vn 0.8587 -0.4958 0.1298
vn 0.9719 -0.1665 0.1666
vn 0.8588 -0.4957 0.1297
vn 0.8890 -0.3237 0.3237
vn -0.2301 -0.7668 -0.5993
vn -0.1957 -0.8027 -0.5633
vn -0.2300 -0.7668 -0.5993
vn -0.4860 -0.6957 -0.5291
vn -0.3781 -0.8437 -0.3811
vn -0.4445 -0.7742 -0.4506
vn -0.5347 -0.8272 -0.1729
vn -0.7070 -0.5001 -0.5000
vn -0.6286 -0.7290 -0.2710
vn -0.7699 -0.6340 -0.0732
vn -0.9388 -0.3439 -0.0221
vn -0.8588 -0.4957 0.1297
vn -0.9719 -0.1665 0.1666
vn 0.9659 -0.1831 -0.1830
vn -0.9659 -0.1830 -0.1831
vn -0.0000 -0.7072 -0.7071
vn 0.2301 -0.5993 -0.7668
vn 0.1957 -0.5633 -0.8027
vn 0.2300 -0.5993 -0.7668
vn 0.4860 -0.5291 -0.6957
vn 0.3781 -0.3811 -0.8437
vn 0.4445 -0.4506 -0.7742
vn 0.5347 -0.1729 -0.8272
vn 0.7070 -0.5000 -0.5001
vn 0.6286 -0.2710 -0.7290
vn 0.7699 -0.0732 -0.6340
vn 0.9388 -0.0221 -0.3439
vn 0.8588 0.1297 -0.4957
vn 0.9719 0.1666 -0.1665
vn -0.2301 -0.5993 -0.7668
vn -0.4445 -0.4505 -0.7742
vn -0.7070 -0.5000 -0.5001
vn -0.4445 -0.4506 -0.7742
vn -0.3781 -0.3811 -0.8437
vn -0.5347 -0.1729 -0.8272
vn -0.6286 -0.2710 -0.7290
vn -0.9388 -0.0221 -0.3439
vn -0.7699 -0.0731 -0.6339
vn -0.8587 0.1298 -0.4958
vn -0.9719 0.1666 -0.1665
vn -0.8588 0.1297 -0.4957
vn -0.8890 0.3237 -0.3237
vn 0.7561 0.4628 -0.4627
vn -0.7561 0.4628 -0.4627
vn -0.6549 0.0472 -0.7543
vn -0.5346 -0.1728 -0.8272
vn -0.0730 -0.5075 -0.8586
vn -0.0000 -0.5000 -0.8661
vn 0.0730 -0.5075 -0.8586
vn -0.1956 -0.5633 -0.8028
vn -0.1399 -0.5292 -0.8369
vn -0.2704 -0.3151 -0.9097
vn -0.3780 -0.3811 -0.8437
vn -0.1410 -0.2731 -0.9516
vn 0.1410 -0.2731 -0.9516
vn 0.1399 -0.5292 -0.8369
vn 0.1956 -0.5633 -0.8028
vn 0.3780 -0.3811 -0.8437
vn 0.2704 -0.3151 -0.9097
vn -0.3781 -0.3809 -0.8438
vn -0.3825 -0.0794 -0.9205
vn -0.5347 -0.1727 -0.8272
vn -0.2705 -0.3149 -0.9098
vn -0.1993 -0.0202 -0.9797
vn -0.0000 -0.0001 -1.0000
vn 0.2705 -0.3149 -0.9098
vn 0.3825 -0.0794 -0.9205
vn 0.1993 -0.0202 -0.9797
vn -0.2441 0.2340 -0.9411
vn -0.2441 0.2339 -0.9411
vn 0.2441 0.2339 -0.9411
vn 0.2441 0.2340 -0.9411
vn 0.6549 0.0472 -0.7543
vn -0.5225 0.3915 -0.7574
vn 0.5225 0.3915 -0.7574
vn -0.5226 0.3914 -0.7574
vn 0.5226 0.3914 -0.7574
vn 0.7562 0.4627 -0.4627
vn -0.2820 0.6784 -0.6784
vn 0.2820 0.6784 -0.6784
vn -0.4686 0.1615 -0.8685
vn 0.1994 -0.0202 -0.9797
vn 0.4686 0.1615 -0.8685
vn -0.2704 -0.3150 -0.9097
vn 0.2704 -0.3150 -0.9097
vn -0.0000 -0.5001 -0.8660
vn 0.5346 -0.1728 -0.8273
vn 0.6285 -0.2711 -0.7290
vn 0.4444 -0.4505 -0.7743
vn 0.6872 -0.3822 -0.6177
vn 0.4445 -0.4505 -0.7742
vn 0.4859 -0.5291 -0.6956
vn 0.2300 -0.5992 -0.7668
vn 0.2514 -0.6399 -0.7261
vn 0.8890 0.3237 -0.3238
vn -0.6286 -0.2711 -0.7290
vn -0.6872 -0.3822 -0.6177
vn -0.6285 -0.2711 -0.7290
vn -0.5346 -0.1728 -0.8273
vn -0.4860 -0.5291 -0.6957
vn -0.2300 -0.5992 -0.7668
vn -0.2514 -0.6399 -0.7262
vn -0.1957 -0.5633 -0.8027
vn -0.8890 0.3238 -0.3237
vn -0.5346 -0.8273 -0.1728
vn -0.6285 -0.7290 -0.2711
vn -0.4444 -0.7743 -0.4505
vn -0.6872 -0.6177 -0.3822
vn -0.4445 -0.7742 -0.4505
vn -0.4859 -0.6956 -0.5291
vn -0.2300 -0.7668 -0.5992
vn -0.8890 -0.3238 0.3237
vn 0.2820 -0.6784 0.6784
vn -0.2820 -0.6784 0.6784
vn 0.4686 -0.8685 0.1615
vn -0.1994 -0.9797 -0.0202
vn -0.4686 -0.8685 0.1615
vn 0.2704 -0.9097 -0.3150
vn -0.2704 -0.9097 -0.3150
vn -0.0000 -0.8660 -0.5001
vn 0.8890 -0.3237 0.3238
vn 0.6286 -0.7290 -0.2711
vn 0.6872 -0.6177 -0.3822
vn 0.6285 -0.7290 -0.2711
vn 0.5346 -0.8273 -0.1728
vn 0.4860 -0.6957 -0.5291
vn 0.2300 -0.7668 -0.5992
vn 0.2514 -0.7262 -0.6399
vn 0.1957 -0.8027 -0.5633
vn 1.0000 0.0023 0.0023
vn -0.0000 0.7094 -0.7048
vn -0.0000 -0.7048 0.7094
vn -1.0000 0.0023 0.0023
vn 0.0001 0.7109 -0.7033
vn -1.0000 0.0025 0.0026
vn -0.7500 0.6598 0.0473
vn 1.0000 0.0037 0.0038
vn -0.0000 0.7097 -0.7045
vn -0.0001 -0.7033 0.7109
vn 1.0000 0.0026 0.0025
vn -1.0000 0.0041 0.0040
vn -1.0000 0.0001 -0.0000
vn -0.4331 -0.1768 0.8839
vn -0.8660 -0.3535 0.3536
vn -0.0000 -0.7037 0.7105
vt 0.766956 0.288270
vt 0.767433 0.290019
vt 0.759186 0.291277
vt 0.759112 0.289454
vt 0.774292 0.285234
vt 0.775189 0.286815
vt 0.780641 0.280452
vt 0.781906 0.281758
vt 0.785594 0.274233
vt 0.787146 0.275183
vt 0.788882 0.266978
vt 0.790598 0.267585
vt 0.506159 0.289452
vt 0.506074 0.291277
vt 0.479825 0.274178
vt 0.478264 0.275109
vt 0.474876 0.267517
vt 0.476641 0.266948
vt 0.484695 0.280422
vt 0.483416 0.281713
vt 0.490998 0.285232
vt 0.490091 0.286807
vt 0.498325 0.288256
vt 0.497836 0.290009
vt 0.506191 0.288647
vt 0.759083 0.288649
vt 0.506216 0.287842
vt 0.759062 0.287844
vt 0.506235 0.287037
vt 0.759049 0.287038
vt 0.506248 0.286231
vt 0.759041 0.286233
vt 0.506256 0.285426
vt 0.759039 0.285427
vt 0.506261 0.284620
vt 0.759039 0.284621
vt 0.481321 0.265554
vt 0.483977 0.271724
vt 0.483282 0.272130
vt 0.480543 0.265771
vt 0.488098 0.277003
vt 0.487528 0.277572
vt 0.493412 0.281061
vt 0.493008 0.281757
vt 0.499607 0.283621
vt 0.499396 0.284396
vt 0.482588 0.272537
vt 0.479764 0.265993
vt 0.486959 0.278141
vt 0.492605 0.282452
vt 0.499183 0.285169
vt 0.481896 0.272946
vt 0.478984 0.266220
vt 0.486392 0.278710
vt 0.492202 0.283147
vt 0.498969 0.285942
vt 0.481205 0.273356
vt 0.478203 0.266455
vt 0.485825 0.279281
vt 0.491800 0.283842
vt 0.498755 0.286714
vt 0.480514 0.273767
vt 0.477422 0.266698
vt 0.485259 0.279851
vt 0.491398 0.284538
vt 0.498540 0.287485
vt 0.471941 0.199319
vt 0.470068 0.199107
vt 0.474034 0.176458
vt 0.475796 0.176925
vt 0.472760 0.194072
vt 0.470620 0.221558
vt 0.468715 0.221564
vt 0.471878 0.200544
vt 0.470761 0.217127
vt 0.471835 0.243104
vt 0.469951 0.243361
vt 0.470799 0.224336
vt 0.471601 0.241279
vt 0.474789 0.258134
vt 0.474158 0.264262
vt 0.475566 0.257973
vt 0.476344 0.257805
vt 0.477124 0.257633
vt 0.477904 0.257456
vt 0.478686 0.257277
vt 0.479470 0.257096
vt 0.472363 0.241202
vt 0.473168 0.241111
vt 0.473971 0.241018
vt 0.474774 0.240923
vt 0.475576 0.240826
vt 0.476376 0.240726
vt 0.471598 0.224313
vt 0.472397 0.224295
vt 0.473196 0.224281
vt 0.473997 0.224270
vt 0.474799 0.224261
vt 0.475603 0.224252
vt 0.471517 0.217164
vt 0.472321 0.217198
vt 0.473125 0.217229
vt 0.473929 0.217257
vt 0.474734 0.217284
vt 0.475538 0.217310
vt 0.472688 0.200624
vt 0.473495 0.200711
vt 0.474299 0.200803
vt 0.475102 0.200899
vt 0.475903 0.200998
vt 0.476703 0.201099
vt 0.473523 0.194175
vt 0.474314 0.194286
vt 0.475108 0.194396
vt 0.475903 0.194505
vt 0.476699 0.194614
vt 0.477497 0.194723
vt 0.476574 0.177140
vt 0.477353 0.177354
vt 0.478132 0.177566
vt 0.478912 0.177774
vt 0.479693 0.177979
vt 0.480473 0.178182
vt 0.497179 0.155326
vt 0.496682 0.153582
vt 0.504934 0.152291
vt 0.505022 0.154114
vt 0.489873 0.158416
vt 0.488952 0.156850
vt 0.483598 0.163278
vt 0.482301 0.162006
vt 0.478829 0.169614
vt 0.477243 0.168722
vt 0.505132 0.158946
vt 0.498491 0.159955
vt 0.498277 0.159181
vt 0.505127 0.158141
vt 0.492320 0.162572
vt 0.491913 0.161878
vt 0.487037 0.166657
vt 0.486464 0.166093
vt 0.483021 0.171991
vt 0.482321 0.171595
vt 0.498060 0.158409
vt 0.505118 0.157335
vt 0.491506 0.161184
vt 0.485891 0.165529
vt 0.481622 0.171198
vt 0.497842 0.157637
vt 0.505104 0.156529
vt 0.491098 0.160491
vt 0.485318 0.164965
vt 0.480923 0.170802
vt 0.497622 0.156866
vt 0.505084 0.155724
vt 0.490690 0.159798
vt 0.484744 0.164402
vt 0.480224 0.170405
vt 0.497401 0.156096
vt 0.505057 0.154919
vt 0.490281 0.159107
vt 0.484171 0.163839
vt 0.479526 0.170009
vt 0.758113 0.153975
vt 0.758188 0.152149
vt 0.784633 0.169225
vt 0.786178 0.168266
vt 0.789691 0.175897
vt 0.787915 0.176472
vt 0.779652 0.163017
vt 0.780908 0.161703
vt 0.773289 0.158254
vt 0.774181 0.156670
vt 0.765960 0.155209
vt 0.766443 0.153454
vt 0.758086 0.154780
vt 0.758065 0.155585
vt 0.758050 0.156390
vt 0.758041 0.157196
vt 0.758037 0.158002
vt 0.758035 0.158807
vt 0.792326 0.249886
vt 0.791364 0.264151
vt 0.793641 0.242873
vt 0.795484 0.243048
vt 0.793583 0.243347
vt 0.794138 0.221094
vt 0.796028 0.221048
vt 0.794115 0.226444
vt 0.792288 0.198789
vt 0.794195 0.198507
vt 0.793972 0.219263
vt 0.792756 0.202300
vt 0.789665 0.185380
vt 0.765696 0.283626
vt 0.765902 0.284402
vt 0.771910 0.281042
vt 0.772306 0.281741
vt 0.777285 0.276988
vt 0.777844 0.277566
vt 0.781483 0.271715
vt 0.782169 0.272136
vt 0.784241 0.265564
vt 0.785015 0.265792
vt 0.766110 0.285177
vt 0.772703 0.282441
vt 0.778403 0.278144
vt 0.782854 0.272555
vt 0.785789 0.266022
vt 0.766320 0.285951
vt 0.773100 0.283140
vt 0.778963 0.278722
vt 0.783540 0.272975
vt 0.786563 0.266256
vt 0.766531 0.286724
vt 0.773498 0.283839
vt 0.779523 0.279300
vt 0.784225 0.273395
vt 0.787336 0.266493
vt 0.766744 0.287497
vt 0.773895 0.284537
vt 0.780082 0.279876
vt 0.784910 0.273814
vt 0.788109 0.266734
vt 0.788890 0.185535
vt 0.787130 0.176726
vt 0.788114 0.185697
vt 0.786346 0.176973
vt 0.787336 0.185866
vt 0.785563 0.177214
vt 0.786557 0.186040
vt 0.784781 0.177448
vt 0.785776 0.186218
vt 0.784002 0.177678
vt 0.784994 0.186399
vt 0.783227 0.177904
vt 0.792015 0.202366
vt 0.791214 0.202455
vt 0.790413 0.202545
vt 0.789612 0.202637
vt 0.788812 0.202731
vt 0.788012 0.202825
vt 0.793166 0.219298
vt 0.792360 0.219326
vt 0.791554 0.219350
vt 0.790749 0.219371
vt 0.789944 0.219388
vt 0.789140 0.219405
vt 0.793352 0.226447
vt 0.792551 0.226447
vt 0.791749 0.226448
vt 0.790946 0.226449
vt 0.790142 0.226450
vt 0.789337 0.226451
vt 0.792794 0.243272
vt 0.791981 0.243180
vt 0.791170 0.243086
vt 0.790362 0.242989
vt 0.789556 0.242893
vt 0.788754 0.242797
vt 0.791552 0.249737
vt 0.790773 0.249593
vt 0.789991 0.249453
vt 0.789205 0.249316
vt 0.788417 0.249182
vt 0.787625 0.249048
vt 0.780511 0.171735
vt 0.781202 0.171321
vt 0.776303 0.166485
vt 0.776864 0.165909
vt 0.770907 0.162445
vt 0.771306 0.161747
vt 0.764680 0.159846
vt 0.764893 0.159071
vt 0.781891 0.170905
vt 0.777424 0.165332
vt 0.771705 0.161049
vt 0.765106 0.158298
vt 0.782579 0.170488
vt 0.777983 0.164754
vt 0.772103 0.160350
vt 0.765320 0.157525
vt 0.783265 0.170068
vt 0.778541 0.164175
vt 0.772499 0.159651
vt 0.765533 0.156752
vt 0.783950 0.169647
vt 0.779097 0.163596
vt 0.772895 0.158952
vt 0.765746 0.155980
vt 0.619524 0.861603
vt 0.525808 0.819452
vt 0.526923 0.818991
vt 0.460499 0.777427
vt 0.459384 0.777889
vt 0.366782 0.735276
vt 0.809040 0.228256
vt 0.809973 0.229434
vt 0.809549 0.229574
vt 0.808615 0.228287
vt 0.810963 0.230568
vt 0.810571 0.230796
vt 0.811999 0.231648
vt 0.811656 0.231950
vt 0.813071 0.232671
vt 0.812793 0.233038
vt 0.814163 0.233637
vt 0.813980 0.234057
vt 0.815259 0.234549
vt 0.815220 0.234990
vt 0.809126 0.229712
vt 0.808183 0.228311
vt 0.810182 0.231024
vt 0.811317 0.232252
vt 0.812523 0.233404
vt 0.813808 0.234476
vt 0.815186 0.235434
vt 0.808702 0.229854
vt 0.807745 0.228326
vt 0.809797 0.231256
vt 0.810981 0.232553
vt 0.812252 0.233765
vt 0.813634 0.234893
vt 0.815158 0.235881
vt 0.808281 0.230007
vt 0.807301 0.228332
vt 0.809417 0.231495
vt 0.810646 0.232854
vt 0.811974 0.234121
vt 0.813447 0.235304
vt 0.815136 0.236332
vt 0.807866 0.230179
vt 0.806852 0.228332
vt 0.809042 0.231745
vt 0.810309 0.233154
vt 0.811684 0.234468
vt 0.813236 0.235706
vt 0.815120 0.236785
vt 0.807463 0.230380
vt 0.806397 0.228324
vt 0.808672 0.232007
vt 0.809970 0.233455
vt 0.811381 0.234805
vt 0.812989 0.236092
vt 0.815109 0.237241
vt 0.810685 0.183804
vt 0.811108 0.183862
vt 0.810255 0.183751
vt 0.809818 0.183705
vt 0.809375 0.183666
vt 0.808926 0.183634
vt 0.808471 0.183608
vt 0.891999 0.235138
vt 0.891961 0.234696
vt 0.892029 0.235583
vt 0.892053 0.236031
vt 0.892069 0.236483
vt 0.892078 0.236936
vt 0.892081 0.237393
vt 0.820106 0.219283
vt 0.819754 0.219517
vt 0.820495 0.218934
vt 0.820904 0.218484
vt 0.821320 0.217949
vt 0.821738 0.217342
vt 0.822156 0.216671
vt 0.884649 0.218930
vt 0.893206 0.233831
vt 0.893360 0.234262
vt 0.894427 0.232906
vt 0.894667 0.233297
vt 0.895608 0.231927
vt 0.895914 0.232267
vt 0.896737 0.230908
vt 0.897100 0.231182
vt 0.897808 0.229866
vt 0.898217 0.230048
vt 0.898823 0.228821
vt 0.899248 0.228864
vt 0.893510 0.234691
vt 0.894906 0.233685
vt 0.896221 0.232601
vt 0.897464 0.231448
vt 0.898628 0.230219
vt 0.899679 0.228901
vt 0.893664 0.235118
vt 0.895148 0.234067
vt 0.896529 0.232931
vt 0.897827 0.231713
vt 0.899040 0.230390
vt 0.900117 0.228931
vt 0.893829 0.235539
vt 0.895400 0.234442
vt 0.896840 0.233259
vt 0.898187 0.231983
vt 0.899450 0.230571
vt 0.900561 0.228954
vt 0.894015 0.235951
vt 0.895664 0.234809
vt 0.897152 0.233585
vt 0.898542 0.232262
vt 0.899854 0.230774
vt 0.901011 0.228970
vt 0.894232 0.236346
vt 0.895942 0.235166
vt 0.897468 0.233910
vt 0.898891 0.232552
vt 0.900247 0.231009
vt 0.901466 0.228980
vt 0.884864 0.219024
vt 0.884952 0.218921
vt 0.884874 0.218665
vt 0.884625 0.218311
vt 0.884226 0.217904
vt 0.883706 0.217470
vt 0.900551 0.184381
vt 0.900126 0.184425
vt 0.900982 0.184345
vt 0.901419 0.184317
vt 0.901863 0.184296
vt 0.902313 0.184282
vt 0.902768 0.184275
vt 0.889409 0.193433
vt 0.899197 0.183262
vt 0.899617 0.183111
vt 0.898209 0.182143
vt 0.898596 0.181907
vt 0.897173 0.181077
vt 0.897511 0.180769
vt 0.896102 0.180069
vt 0.896375 0.179698
vt 0.895011 0.179119
vt 0.895191 0.178697
vt 0.893918 0.178222
vt 0.893955 0.177781
vt 0.900037 0.182963
vt 0.898979 0.181670
vt 0.897844 0.180462
vt 0.896640 0.179328
vt 0.895359 0.178275
vt 0.893987 0.177336
vt 0.900457 0.182811
vt 0.899359 0.181430
vt 0.898175 0.180154
vt 0.896906 0.178962
vt 0.895528 0.177856
vt 0.894013 0.176889
vt 0.900874 0.182647
vt 0.899735 0.181182
vt 0.898505 0.179847
vt 0.897179 0.178602
vt 0.895711 0.177442
vt 0.894033 0.176438
vt 0.901285 0.182465
vt 0.900105 0.180925
vt 0.898837 0.179540
vt 0.897463 0.178250
vt 0.895916 0.177037
vt 0.894047 0.175984
vt 0.901684 0.182255
vt 0.900469 0.180656
vt 0.899170 0.179232
vt 0.897761 0.177907
vt 0.896157 0.176647
vt 0.894055 0.175528
vt 0.889101 0.193579
vt 0.888729 0.193892
vt 0.888332 0.194336
vt 0.887912 0.194833
vt 0.887522 0.195490
vt 0.887113 0.196150
vt 0.817979 0.177785
vt 0.818015 0.178228
vt 0.817950 0.177339
vt 0.817927 0.176890
vt 0.817912 0.176439
vt 0.817903 0.175985
vt 0.817900 0.175528
vt 0.597386 0.064228
vt 0.596973 0.065769
vt 0.594304 0.067310
vt 0.825223 0.194197
vt 0.825982 0.195705
vt 0.824987 0.194079
vt 0.816770 0.179053
vt 0.824884 0.194184
vt 0.815545 0.179937
vt 0.824959 0.194462
vt 0.814357 0.180874
vt 0.825179 0.194829
vt 0.813218 0.181852
vt 0.825528 0.195250
vt 0.812136 0.182854
vt 0.816623 0.178620
vt 0.815315 0.179540
vt 0.814060 0.180525
vt 0.812863 0.181565
vt 0.811731 0.182656
vt 0.816480 0.178188
vt 0.815086 0.179146
vt 0.813763 0.180181
vt 0.812507 0.181285
vt 0.811325 0.182470
vt 0.816335 0.177758
vt 0.814854 0.178757
vt 0.813466 0.179839
vt 0.812153 0.181005
vt 0.810919 0.182283
vt 0.816179 0.177333
vt 0.814616 0.178374
vt 0.813170 0.179499
vt 0.811804 0.180719
vt 0.810515 0.182084
vt 0.816004 0.176917
vt 0.814368 0.177997
vt 0.812873 0.179157
vt 0.811463 0.180423
vt 0.810120 0.181863
vt 0.815800 0.176515
vt 0.814107 0.177626
vt 0.812576 0.178814
vt 0.811131 0.180113
vt 0.809739 0.181609
vt 0.682584 0.711623
vt 0.682886 0.718445
vt 0.675162 0.721305
vt 0.675014 0.714981
vt 0.706915 0.666455
vt 0.704781 0.683718
vt 0.699692 0.675698
vt 0.303923 0.714399
vt 0.051246 0.714399
vt 0.051338 0.712575
vt 0.303841 0.712577
vt 0.044418 0.713280
vt 0.043639 0.711113
vt 0.035354 0.709369
vt 0.036255 0.707922
vt 0.037914 0.710726
vt 0.028648 0.704182
vt 0.029907 0.702980
vt 0.031952 0.706993
vt 0.022540 0.696461
vt 0.024772 0.696737
vt 0.026797 0.702176
vt 0.019779 0.690042
vt 0.021527 0.689531
vt 0.015321 0.667929
vt 0.017090 0.667750
vt 0.016317 0.673542
vt 0.014271 0.645524
vt 0.016037 0.645601
vt 0.015258 0.667245
vt 0.014371 0.650827
vt 0.016396 0.623879
vt 0.018089 0.624174
vt 0.014359 0.643914
vt 0.015837 0.627258
vt 0.019222 0.610821
vt 0.022744 0.604094
vt 0.022341 0.599036
vt 0.024013 0.599672
vt 0.025439 0.592768
vt 0.027736 0.592640
vt 0.031789 0.585122
vt 0.032949 0.586386
vt 0.029768 0.587217
vt 0.038612 0.580014
vt 0.039450 0.581545
vt 0.035017 0.582464
vt 0.047667 0.576127
vt 0.046827 0.578210
vt 0.041038 0.578750
vt 0.054560 0.575116
vt 0.054642 0.576938
vt 0.307239 0.575116
vt 0.307147 0.576940
vt 0.314067 0.576235
vt 0.314846 0.578402
vt 0.323131 0.580147
vt 0.322230 0.581594
vt 0.320571 0.578790
vt 0.329837 0.585334
vt 0.328578 0.586536
vt 0.326533 0.582523
vt 0.335945 0.593055
vt 0.333713 0.592779
vt 0.331688 0.587340
vt 0.338705 0.599474
vt 0.336957 0.599985
vt 0.343162 0.621587
vt 0.341394 0.621766
vt 0.342166 0.615974
vt 0.344212 0.643992
vt 0.342446 0.643915
vt 0.343226 0.622271
vt 0.344112 0.638689
vt 0.342087 0.665636
vt 0.340393 0.665341
vt 0.344124 0.645602
vt 0.342645 0.662257
vt 0.339260 0.678694
vt 0.335738 0.685421
vt 0.336141 0.690479
vt 0.334469 0.689843
vt 0.333043 0.696747
vt 0.330746 0.696875
vt 0.326693 0.704392
vt 0.325533 0.703129
vt 0.328714 0.702298
vt 0.319870 0.709500
vt 0.319033 0.707970
vt 0.323465 0.707051
vt 0.310815 0.713388
vt 0.311656 0.711305
vt 0.317445 0.710765
vt 0.018423 0.610625
vt 0.021603 0.598772
vt 0.017626 0.610427
vt 0.020862 0.598509
vt 0.016831 0.610227
vt 0.020117 0.598249
vt 0.016039 0.610026
vt 0.019369 0.597991
vt 0.015247 0.609824
vt 0.018618 0.597735
vt 0.014457 0.609622
vt 0.017865 0.597480
vt 0.014980 0.627134
vt 0.014186 0.627029
vt 0.013392 0.626923
vt 0.012597 0.626817
vt 0.011803 0.626709
vt 0.011009 0.626601
vt 0.013560 0.643876
vt 0.012759 0.643845
vt 0.011957 0.643819
vt 0.011155 0.643797
vt 0.010351 0.643778
vt 0.009547 0.643760
vt 0.013531 0.650842
vt 0.012718 0.650860
vt 0.011907 0.650874
vt 0.011098 0.650885
vt 0.010289 0.650893
vt 0.009481 0.650901
vt 0.014473 0.667327
vt 0.013686 0.667416
vt 0.012897 0.667509
vt 0.012107 0.667605
vt 0.011316 0.667704
vt 0.010523 0.667804
vt 0.015494 0.673677
vt 0.014687 0.673813
vt 0.013882 0.673944
vt 0.013078 0.674073
vt 0.012275 0.674200
vt 0.011473 0.674327
vt 0.019016 0.690277
vt 0.018252 0.690511
vt 0.017487 0.690745
vt 0.016721 0.690976
vt 0.015954 0.691206
vt 0.015186 0.691434
vt 0.047468 0.575356
vt 0.054528 0.574311
vt 0.040690 0.577959
vt 0.034501 0.581737
vt 0.029139 0.586622
vt 0.024752 0.592347
vt 0.047272 0.574582
vt 0.054502 0.573507
vt 0.040346 0.577229
vt 0.034022 0.581090
vt 0.028543 0.586073
vt 0.024065 0.591927
vt 0.047077 0.573807
vt 0.054480 0.572702
vt 0.040001 0.576501
vt 0.033542 0.580443
vt 0.027948 0.585524
vt 0.023376 0.591509
vt 0.046883 0.573031
vt 0.054462 0.571898
vt 0.039657 0.575773
vt 0.033064 0.579795
vt 0.027352 0.584977
vt 0.022688 0.591092
vt 0.046690 0.572255
vt 0.054448 0.571093
vt 0.039312 0.575045
vt 0.032586 0.579149
vt 0.026757 0.584431
vt 0.022000 0.590675
vt 0.046497 0.571478
vt 0.054435 0.570288
vt 0.038968 0.574319
vt 0.032108 0.578502
vt 0.026162 0.583885
vt 0.021312 0.590259
vt 0.021848 0.696853
vt 0.026122 0.702717
vt 0.031385 0.707684
vt 0.037516 0.711498
vt 0.044213 0.714061
vt 0.051213 0.715203
vt 0.021153 0.697244
vt 0.025508 0.703239
vt 0.030888 0.708317
vt 0.037153 0.712222
vt 0.044009 0.714843
vt 0.051185 0.716007
vt 0.020456 0.697634
vt 0.024895 0.703762
vt 0.030393 0.708950
vt 0.036792 0.712946
vt 0.043806 0.715625
vt 0.051162 0.716812
vt 0.019758 0.698024
vt 0.024283 0.704285
vt 0.029897 0.709583
vt 0.036432 0.713669
vt 0.043604 0.716407
vt 0.051144 0.717617
vt 0.019059 0.698413
vt 0.023671 0.704808
vt 0.029403 0.710217
vt 0.036072 0.714392
vt 0.043403 0.717189
vt 0.051130 0.718422
vt 0.018359 0.698803
vt 0.023061 0.705331
vt 0.028908 0.710850
vt 0.035713 0.715114
vt 0.043202 0.717970
vt 0.051117 0.719227
vt 0.307272 0.574312
vt 0.307300 0.573507
vt 0.307323 0.572703
vt 0.307341 0.571898
vt 0.307356 0.571093
vt 0.307369 0.570288
vt 0.303954 0.715203
vt 0.303981 0.716008
vt 0.304003 0.716812
vt 0.304020 0.717617
vt 0.304035 0.718422
vt 0.304048 0.719227
vt 0.336637 0.592663
vt 0.339468 0.599240
vt 0.332363 0.586799
vt 0.327100 0.581832
vt 0.320970 0.578018
vt 0.314272 0.575454
vt 0.337332 0.592272
vt 0.340232 0.599005
vt 0.332977 0.586277
vt 0.327597 0.581199
vt 0.321332 0.577294
vt 0.314477 0.574672
vt 0.338029 0.591882
vt 0.340997 0.598772
vt 0.333590 0.585754
vt 0.328093 0.580566
vt 0.321693 0.576570
vt 0.314680 0.573890
vt 0.338727 0.591492
vt 0.341763 0.598540
vt 0.334202 0.585231
vt 0.328588 0.579932
vt 0.322054 0.575846
vt 0.314882 0.573108
vt 0.339426 0.591103
vt 0.342530 0.598311
vt 0.334814 0.584708
vt 0.329083 0.579299
vt 0.322413 0.575124
vt 0.315083 0.572327
vt 0.340125 0.590714
vt 0.343298 0.598082
vt 0.335424 0.584185
vt 0.329577 0.578666
vt 0.322773 0.574401
vt 0.315283 0.571546
vt 0.311014 0.714159
vt 0.317792 0.711556
vt 0.323981 0.707777
vt 0.329343 0.702893
vt 0.333730 0.697168
vt 0.336878 0.690743
vt 0.311211 0.714932
vt 0.318137 0.712285
vt 0.324461 0.708424
vt 0.329939 0.703442
vt 0.334417 0.697587
vt 0.337620 0.691006
vt 0.311406 0.715707
vt 0.318481 0.713014
vt 0.324940 0.709072
vt 0.330534 0.703990
vt 0.335106 0.698006
vt 0.338365 0.691266
vt 0.311600 0.716484
vt 0.318826 0.713742
vt 0.325418 0.709719
vt 0.331130 0.704538
vt 0.335794 0.698423
vt 0.339113 0.691523
vt 0.311793 0.717260
vt 0.319170 0.714469
vt 0.325897 0.710366
vt 0.331725 0.705084
vt 0.336482 0.698839
vt 0.339864 0.691779
vt 0.311986 0.718037
vt 0.319515 0.715196
vt 0.326375 0.711012
vt 0.332320 0.705630
vt 0.337170 0.699255
vt 0.340617 0.692035
vt 0.340059 0.678890
vt 0.340856 0.679088
vt 0.341651 0.679288
vt 0.342443 0.679489
vt 0.343235 0.679691
vt 0.344025 0.679894
vt 0.343502 0.662382
vt 0.344296 0.662487
vt 0.345091 0.662592
vt 0.345885 0.662699
vt 0.346679 0.662806
vt 0.347474 0.662914
vt 0.344923 0.645640
vt 0.345723 0.645671
vt 0.346525 0.645697
vt 0.347328 0.645719
vt 0.348132 0.645738
vt 0.348936 0.645755
vt 0.344952 0.638674
vt 0.345765 0.638656
vt 0.346575 0.638642
vt 0.347385 0.638631
vt 0.348194 0.638622
vt 0.349002 0.638615
vt 0.344010 0.622189
vt 0.344797 0.622101
vt 0.345586 0.622008
vt 0.346376 0.621911
vt 0.347168 0.621812
vt 0.347960 0.621712
vt 0.342990 0.615839
vt 0.343797 0.615704
vt 0.344602 0.615572
vt 0.345406 0.615443
vt 0.346209 0.615316
vt 0.347010 0.615190
vt 0.304059 0.719961
vt 0.051106 0.719961
vt 0.043020 0.718682
vt 0.035385 0.715773
vt 0.028457 0.711427
vt 0.022505 0.705810
vt 0.017721 0.699158
vt 0.051021 0.723986
vt 0.304151 0.723986
vt 0.304182 0.724791
vt 0.050993 0.724791
vt 0.051045 0.723181
vt 0.304125 0.723181
vt 0.051065 0.722376
vt 0.304103 0.722376
vt 0.051081 0.721571
vt 0.304086 0.721571
vt 0.051094 0.720766
vt 0.304072 0.720766
vt 0.014484 0.691642
vt 0.017021 0.699548
vt 0.013715 0.691871
vt 0.021895 0.706335
vt 0.027963 0.712061
vt 0.035026 0.716494
vt 0.042820 0.719462
vt 0.016320 0.699940
vt 0.012945 0.692099
vt 0.021287 0.706860
vt 0.027469 0.712695
vt 0.034667 0.717216
vt 0.042619 0.720242
vt 0.015620 0.700332
vt 0.012174 0.692329
vt 0.020678 0.707387
vt 0.026975 0.713329
vt 0.034308 0.717937
vt 0.042419 0.721022
vt 0.014919 0.700726
vt 0.011403 0.692561
vt 0.020070 0.707914
vt 0.026481 0.713964
vt 0.033948 0.718659
vt 0.042217 0.721802
vt 0.014218 0.701121
vt 0.010632 0.692795
vt 0.019464 0.708443
vt 0.025987 0.714599
vt 0.033588 0.719380
vt 0.042016 0.722582
vt 0.013519 0.701518
vt 0.009860 0.693030
vt 0.018862 0.708977
vt 0.014523 0.703045
vt 0.025502 0.715240
vt 0.021435 0.711535
vt 0.033244 0.720106
vt 0.030066 0.718203
vt 0.041835 0.723366
vt 0.040045 0.722733
vt 0.312162 0.718746
vt 0.312356 0.719523
vt 0.319830 0.715859
vt 0.320175 0.716585
vt 0.326811 0.711603
vt 0.327289 0.712249
vt 0.332862 0.706127
vt 0.333456 0.706672
vt 0.337798 0.699634
vt 0.338486 0.700050
vt 0.341306 0.692270
vt 0.342063 0.692528
vt 0.312551 0.720301
vt 0.320521 0.717310
vt 0.327767 0.712896
vt 0.334050 0.707217
vt 0.339175 0.700465
vt 0.342820 0.692789
vt 0.312747 0.721079
vt 0.320869 0.718036
vt 0.328245 0.713542
vt 0.334644 0.707763
vt 0.339864 0.700881
vt 0.343577 0.693054
vt 0.312944 0.721858
vt 0.321217 0.718762
vt 0.328724 0.714189
vt 0.335238 0.708308
vt 0.340553 0.701298
vt 0.344333 0.693323
vt 0.313143 0.722637
vt 0.321567 0.719487
vt 0.329203 0.714837
vt 0.335831 0.708854
vt 0.341242 0.701714
vt 0.345087 0.693599
vt 0.313344 0.723416
vt 0.321922 0.720208
vt 0.315076 0.722846
vt 0.329690 0.715476
vt 0.325058 0.718410
vt 0.336433 0.709387
vt 0.333757 0.711910
vt 0.341941 0.702112
vt 0.340838 0.703640
vt 0.345838 0.693880
vt 0.107701 0.003906
vt 0.360443 0.003910
vt 0.360439 0.276371
vt 0.107697 0.276367
vt 0.014416 0.606847
vt 0.013634 0.606636
vt 0.016419 0.596987
vt 0.017176 0.597245
vt 0.012853 0.606425
vt 0.015662 0.596726
vt 0.012072 0.606217
vt 0.014905 0.596461
vt 0.011291 0.606011
vt 0.014149 0.596191
vt 0.010510 0.605809
vt 0.013395 0.595916
vt 0.009728 0.605611
vt 0.012644 0.595635
vt 0.010678 0.623906
vt 0.009884 0.623782
vt 0.009088 0.623659
vt 0.008293 0.623535
vt 0.007498 0.623410
vt 0.006702 0.623286
vt 0.005909 0.623147
vt 0.008919 0.641045
vt 0.008115 0.641011
vt 0.007311 0.640976
vt 0.006507 0.640938
vt 0.005703 0.640897
vt 0.004899 0.640850
vt 0.004095 0.640796
vt 0.005790 0.624202
vt 0.008741 0.649366
vt 0.007935 0.649367
vt 0.007129 0.649370
vt 0.006323 0.649375
vt 0.005517 0.649383
vt 0.004711 0.649395
vt 0.003906 0.649411
vt 0.003953 0.646774
vt 0.009618 0.666316
vt 0.008821 0.666407
vt 0.008023 0.666496
vt 0.007224 0.666581
vt 0.006424 0.666664
vt 0.005623 0.666741
vt 0.004821 0.666809
vt 0.010752 0.674504
vt 0.009953 0.674632
vt 0.009155 0.674761
vt 0.008358 0.674892
vt 0.007562 0.675026
vt 0.006768 0.675162
vt 0.005975 0.675303
vt 0.005203 0.669696
vt 0.402440 0.276369
vt 0.402444 0.003908
vt 0.404196 0.003908
vt 0.412938 0.003908
vt 0.412934 0.276369
vt 0.404192 0.276369
vt 0.391939 0.276370
vt 0.391943 0.003909
vt 0.395445 0.003908
vt 0.395441 0.276370
vt 0.381435 0.276370
vt 0.381439 0.003909
vt 0.386691 0.003909
vt 0.386687 0.276370
vt 0.370934 0.276371
vt 0.370938 0.003910
vt 0.377937 0.003909
vt 0.377933 0.276371
vt 0.369186 0.003910
vt 0.369182 0.276371
vt 0.344066 0.682668
vt 0.344848 0.682879
vt 0.345629 0.683090
vt 0.346410 0.683299
vt 0.347191 0.683504
vt 0.347972 0.683706
vt 0.348754 0.683904
vt 0.347804 0.665610
vt 0.348599 0.665733
vt 0.349394 0.665857
vt 0.350189 0.665981
vt 0.350984 0.666105
vt 0.351780 0.666230
vt 0.352573 0.666369
vt 0.349564 0.648471
vt 0.350368 0.648504
vt 0.351172 0.648539
vt 0.351976 0.648577
vt 0.352780 0.648619
vt 0.353584 0.648666
vt 0.354387 0.648720
vt 0.352693 0.665314
vt 0.349741 0.640150
vt 0.350548 0.640149
vt 0.351354 0.640146
vt 0.352160 0.640141
vt 0.352966 0.640133
vt 0.353771 0.640122
vt 0.354577 0.640105
vt 0.354530 0.642742
vt 0.348865 0.623200
vt 0.349662 0.623110
vt 0.350460 0.623021
vt 0.351259 0.622935
vt 0.352059 0.622853
vt 0.352860 0.622776
vt 0.353662 0.622707
vt 0.347732 0.615012
vt 0.348530 0.614884
vt 0.349328 0.614755
vt 0.350125 0.614625
vt 0.350921 0.614491
vt 0.351716 0.614354
vt 0.352509 0.614214
vt 0.353280 0.619821
vt 0.344000 0.597874
vt 0.344769 0.597646
vt 0.345540 0.597417
vt 0.346310 0.597187
vt 0.347081 0.596955
vt 0.347853 0.596722
vt 0.348624 0.596486
vt 0.097203 0.276368
vt 0.097207 0.003907
vt 0.098959 0.003906
vt 0.098955 0.276368
vt 0.086701 0.276368
vt 0.086706 0.003907
vt 0.090208 0.003907
vt 0.090204 0.276368
vt 0.076198 0.276369
vt 0.076202 0.003908
vt 0.081454 0.003907
vt 0.081450 0.276369
vt 0.065696 0.276369
vt 0.065700 0.003908
vt 0.072699 0.003908
vt 0.072695 0.276370
vt 0.055202 0.276370
vt 0.055206 0.003909
vt 0.063949 0.003908
vt 0.063945 0.276370
vt 0.054424 0.569553
vt 0.046321 0.570769
vt 0.046127 0.569991
vt 0.054411 0.568748
vt 0.038653 0.573656
vt 0.038307 0.572930
vt 0.031672 0.577912
vt 0.031194 0.577266
vt 0.025620 0.583387
vt 0.025026 0.582842
vt 0.020684 0.589880
vt 0.019995 0.589465
vt 0.045932 0.569214
vt 0.054397 0.567943
vt 0.037961 0.572204
vt 0.030716 0.576619
vt 0.024432 0.582297
vt 0.019307 0.589049
vt 0.045736 0.568435
vt 0.054380 0.567138
vt 0.037614 0.571478
vt 0.030237 0.575972
vt 0.023838 0.581752
vt 0.018618 0.588633
vt 0.045538 0.567657
vt 0.054358 0.566333
vt 0.037265 0.570753
vt 0.029758 0.575325
vt 0.023244 0.581206
vt 0.017929 0.588217
vt 0.045339 0.566878
vt 0.054332 0.565528
vt 0.036916 0.570028
vt 0.029280 0.574678
vt 0.022651 0.580661
vt 0.017240 0.587800
vt 0.045139 0.566099
vt 0.054300 0.564724
vt 0.036561 0.569306
vt 0.043407 0.566669
vt 0.028792 0.574039
vt 0.033425 0.571105
vt 0.022049 0.580128
vt 0.024725 0.577604
vt 0.016541 0.587402
vt 0.017644 0.585874
vt 0.045109 0.556778
vt 0.049151 0.284317
vt 0.055206 0.284317
vt 0.055202 0.556778
vt 0.026337 0.556778
vt 0.026335 0.284317
vt 0.028999 0.284317
vt 0.037376 0.284317
vt 0.027354 0.556778
vt 0.003911 0.556779
vt 0.003906 0.284318
vt 0.011674 0.284317
vt 0.009768 0.556779
vt 0.436303 0.276368
vt 0.436310 0.003907
vt 0.440792 0.003906
vt 0.458376 0.003907
vt 0.459058 0.003907
vt 0.459051 0.276368
vt 0.456458 0.276368
vt 0.439137 0.276368
vt 0.423032 0.003907
vt 0.430759 0.276369
vt 0.340764 0.590358
vt 0.341464 0.589968
vt 0.335981 0.583706
vt 0.336590 0.583182
vt 0.330028 0.578089
vt 0.330522 0.577455
vt 0.323100 0.573743
vt 0.323459 0.573021
vt 0.315466 0.570834
vt 0.315666 0.570054
vt 0.307380 0.569554
vt 0.307392 0.568749
vt 0.342164 0.589577
vt 0.337199 0.582657
vt 0.331016 0.576821
vt 0.323818 0.572300
vt 0.315866 0.569274
vt 0.307405 0.567944
vt 0.342865 0.589184
vt 0.337807 0.582130
vt 0.331510 0.576187
vt 0.324178 0.571578
vt 0.316067 0.568494
vt 0.307421 0.567139
vt 0.343566 0.588791
vt 0.338415 0.581602
vt 0.332004 0.575552
vt 0.324537 0.570857
vt 0.316268 0.567713
vt 0.307440 0.566334
vt 0.344266 0.588395
vt 0.339022 0.581074
vt 0.332499 0.574917
vt 0.324898 0.570136
vt 0.316470 0.566934
vt 0.307464 0.565529
vt 0.344966 0.587999
vt 0.339623 0.580540
vt 0.343962 0.586472
vt 0.332983 0.574276
vt 0.337051 0.577981
vt 0.325242 0.569410
vt 0.328420 0.571312
vt 0.316650 0.566150
vt 0.318441 0.566783
vt 0.307493 0.564724
vt 0.045109 0.276370
vt 0.049151 0.003909
vt 0.026337 0.276370
vt 0.026335 0.003909
vt 0.028999 0.003909
vt 0.037376 0.003909
vt 0.027354 0.276370
vt 0.003911 0.276371
vt 0.003906 0.003910
vt 0.011674 0.003909
vt 0.009768 0.276371
vt 0.436303 0.556776
vt 0.436310 0.284315
vt 0.440792 0.284314
vt 0.458376 0.284315
vt 0.459058 0.284315
vt 0.459051 0.556776
vt 0.456458 0.556776
vt 0.439137 0.556776
vt 0.412934 0.556777
vt 0.412938 0.284316
vt 0.423032 0.284315
vt 0.430759 0.556777
vt 0.097203 0.556776
vt 0.097207 0.284315
vt 0.098959 0.284314
vt 0.107701 0.284314
vt 0.107697 0.556775
vt 0.098954 0.556776
vt 0.086701 0.556776
vt 0.086706 0.284315
vt 0.090208 0.284315
vt 0.090204 0.556776
vt 0.076198 0.556777
vt 0.076202 0.284316
vt 0.081454 0.284315
vt 0.081450 0.556777
vt 0.065696 0.556777
vt 0.065700 0.284316
vt 0.072699 0.284316
vt 0.072695 0.556778
vt 0.063949 0.284316
vt 0.063945 0.556778
vt 0.360443 0.284318
vt 0.360439 0.556779
vt 0.402440 0.556777
vt 0.402444 0.284316
vt 0.404196 0.284316
vt 0.404192 0.556777
vt 0.391939 0.556778
vt 0.391943 0.284317
vt 0.395445 0.284316
vt 0.395441 0.556778
vt 0.381435 0.556778
vt 0.381439 0.284317
vt 0.386691 0.284317
vt 0.386687 0.556778
vt 0.370934 0.556779
vt 0.370938 0.284318
vt 0.377937 0.284317
vt 0.377933 0.556779
vt 0.369186 0.284318
vt 0.369182 0.556779
vt 0.668244 0.565527
vt 0.414945 0.565527
vt 0.414914 0.564722
vt 0.668271 0.564722
vt 0.668222 0.566332
vt 0.414971 0.566332
vt 0.668205 0.567137
vt 0.414992 0.567137
vt 0.668191 0.567942
vt 0.415009 0.567942
vt 0.668180 0.568747
vt 0.415023 0.568747
vt 0.668169 0.569552
vt 0.415036 0.569552
vt 0.374522 0.597295
vt 0.377664 0.588705
vt 0.378397 0.589035
vt 0.375296 0.597508
vt 0.378641 0.587078
vt 0.382626 0.580896
vt 0.383262 0.581380
vt 0.385204 0.578201
vt 0.389180 0.574318
vt 0.389685 0.574938
vt 0.393820 0.571250
vt 0.397007 0.569294
vt 0.397352 0.570015
vt 0.403914 0.566684
vt 0.405718 0.566072
vt 0.405890 0.566852
vt 0.379120 0.589387
vt 0.376071 0.597716
vt 0.383894 0.581878
vt 0.390193 0.575562
vt 0.397712 0.570735
vt 0.406087 0.567633
vt 0.379842 0.589739
vt 0.376847 0.597919
vt 0.384525 0.582377
vt 0.390701 0.576186
vt 0.398073 0.571455
vt 0.406284 0.568413
vt 0.380563 0.590093
vt 0.377623 0.598117
vt 0.385156 0.582876
vt 0.391209 0.576811
vt 0.398433 0.572175
vt 0.406481 0.569193
vt 0.381283 0.590446
vt 0.378399 0.598311
vt 0.385785 0.583376
vt 0.391716 0.577435
vt 0.398792 0.572894
vt 0.406678 0.569972
vt 0.382001 0.590800
vt 0.379174 0.598504
vt 0.386414 0.583875
vt 0.392222 0.578060
vt 0.399152 0.573613
vt 0.406874 0.570750
vt 0.677506 0.566166
vt 0.677333 0.566951
vt 0.679307 0.566803
vt 0.686207 0.569493
vt 0.685861 0.570213
vt 0.689373 0.571478
vt 0.693987 0.574595
vt 0.693480 0.575213
vt 0.697931 0.578512
vt 0.700490 0.581234
vt 0.699853 0.581715
vt 0.704428 0.587452
vt 0.705389 0.589091
vt 0.704658 0.589414
vt 0.708496 0.597743
vt 0.707712 0.597932
vt 0.677136 0.567731
vt 0.685499 0.570933
vt 0.692970 0.575836
vt 0.699219 0.582211
vt 0.703932 0.589762
vt 0.706929 0.598121
vt 0.676938 0.568511
vt 0.685137 0.571652
vt 0.692460 0.576459
vt 0.698585 0.582708
vt 0.703206 0.590110
vt 0.706145 0.598308
vt 0.676740 0.569291
vt 0.684775 0.572370
vt 0.691949 0.577082
vt 0.697952 0.583205
vt 0.702482 0.590459
vt 0.705363 0.598493
vt 0.676541 0.570070
vt 0.684412 0.573088
vt 0.691439 0.577704
vt 0.697320 0.583701
vt 0.701758 0.590809
vt 0.704581 0.598678
vt 0.676341 0.570849
vt 0.684049 0.573806
vt 0.690928 0.578326
vt 0.696688 0.584198
vt 0.701035 0.591159
vt 0.703800 0.598862
vt 0.377263 0.608339
vt 0.376469 0.608191
vt 0.375675 0.608045
vt 0.374882 0.607900
vt 0.374087 0.607760
vt 0.373293 0.607623
vt 0.372498 0.607492
vt 0.375131 0.625601
vt 0.374330 0.625524
vt 0.373529 0.625446
vt 0.372728 0.625369
vt 0.371927 0.625292
vt 0.371125 0.625216
vt 0.370324 0.625140
vt 0.370689 0.620666
vt 0.374308 0.642646
vt 0.373502 0.642629
vt 0.372696 0.642610
vt 0.371890 0.642590
vt 0.371084 0.642565
vt 0.370279 0.642537
vt 0.369474 0.642503
vt 0.374230 0.650824
vt 0.373425 0.650817
vt 0.372619 0.650811
vt 0.371813 0.650806
vt 0.371008 0.650803
vt 0.370202 0.650802
vt 0.369397 0.650805
vt 0.369465 0.643183
vt 0.374742 0.667580
vt 0.373936 0.667639
vt 0.373131 0.667696
vt 0.372325 0.667750
vt 0.371520 0.667799
vt 0.370716 0.667844
vt 0.369911 0.667883
vt 0.369707 0.665262
vt 0.375340 0.675755
vt 0.374541 0.675849
vt 0.373742 0.675942
vt 0.372942 0.676036
vt 0.372143 0.676132
vt 0.371344 0.676230
vt 0.370545 0.676331
vt 0.378264 0.693190
vt 0.377482 0.693374
vt 0.376700 0.693558
vt 0.375918 0.693744
vt 0.375135 0.693931
vt 0.374351 0.694120
vt 0.373567 0.694310
vt 0.372334 0.688240
vt 0.705574 0.683867
vt 0.703643 0.693748
vt 0.702869 0.693555
vt 0.706368 0.684014
vt 0.704419 0.693942
vt 0.707162 0.684158
vt 0.705195 0.694140
vt 0.707956 0.684299
vt 0.705971 0.694343
vt 0.708750 0.684435
vt 0.706746 0.694551
vt 0.709545 0.684567
vt 0.707520 0.694764
vt 0.707715 0.666533
vt 0.708516 0.666611
vt 0.709317 0.666688
vt 0.710119 0.666765
vt 0.710920 0.666841
vt 0.711722 0.666917
vt 0.711356 0.671392
vt 0.707741 0.649409
vt 0.708547 0.649426
vt 0.709353 0.649445
vt 0.710159 0.649466
vt 0.710964 0.649490
vt 0.711770 0.649519
vt 0.712574 0.649554
vt 0.707820 0.641230
vt 0.708625 0.641237
vt 0.709431 0.641244
vt 0.710237 0.641249
vt 0.711042 0.641252
vt 0.711848 0.641253
vt 0.712653 0.641250
vt 0.712584 0.648874
vt 0.707312 0.624472
vt 0.708118 0.624413
vt 0.708924 0.624357
vt 0.709729 0.624303
vt 0.710534 0.624254
vt 0.711339 0.624210
vt 0.712143 0.624171
vt 0.712347 0.626793
vt 0.706716 0.616296
vt 0.707515 0.616203
vt 0.708314 0.616110
vt 0.709114 0.616016
vt 0.709914 0.615920
vt 0.710713 0.615823
vt 0.711511 0.615722
vt 0.709727 0.603813
vt 0.413791 0.727311
vt 0.404546 0.725866
vt 0.404719 0.725081
vt 0.413818 0.726506
vt 0.402747 0.725230
vt 0.395860 0.722542
vt 0.396207 0.721822
vt 0.392694 0.720559
vt 0.388079 0.717444
vt 0.388586 0.716826
vt 0.384136 0.713529
vt 0.381576 0.710809
vt 0.382214 0.710327
vt 0.377636 0.704592
vt 0.376674 0.702953
vt 0.377405 0.702630
vt 0.404916 0.724301
vt 0.413840 0.725701
vt 0.396569 0.721103
vt 0.389096 0.716203
vt 0.382847 0.709831
vt 0.378131 0.702282
vt 0.405114 0.723520
vt 0.413858 0.724896
vt 0.396931 0.720384
vt 0.389606 0.715581
vt 0.383481 0.709334
vt 0.378857 0.701933
vt 0.405311 0.722741
vt 0.413872 0.724091
vt 0.397294 0.719666
vt 0.390117 0.714958
vt 0.384114 0.708838
vt 0.379581 0.701583
vt 0.405510 0.721961
vt 0.413883 0.723286
vt 0.397658 0.718948
vt 0.390627 0.714336
vt 0.384746 0.708341
vt 0.380304 0.701233
vt 0.405708 0.721182
vt 0.413894 0.722481
vt 0.398021 0.718231
vt 0.391137 0.713713
vt 0.385378 0.707844
vt 0.381027 0.700883
vt 0.704377 0.703355
vt 0.703644 0.703025
vt 0.703400 0.704982
vt 0.699413 0.711165
vt 0.698778 0.710681
vt 0.696834 0.713860
vt 0.692856 0.717742
vt 0.692352 0.717122
vt 0.688216 0.720809
vt 0.685029 0.722764
vt 0.684684 0.722043
vt 0.678120 0.725372
vt 0.676317 0.725985
vt 0.676145 0.725204
vt 0.667123 0.727334
vt 0.667092 0.726530
vt 0.702921 0.702673
vt 0.698146 0.710183
vt 0.691844 0.716498
vt 0.684324 0.721323
vt 0.675948 0.724423
vt 0.667066 0.725725
vt 0.702199 0.702320
vt 0.697515 0.709684
vt 0.691336 0.715873
vt 0.683964 0.720603
vt 0.675751 0.723643
vt 0.667045 0.724920
vt 0.701478 0.701967
vt 0.696885 0.709184
vt 0.690828 0.715248
vt 0.683605 0.719883
vt 0.675555 0.722863
vt 0.667028 0.724115
vt 0.700759 0.701614
vt 0.696255 0.708685
vt 0.690322 0.714623
vt 0.683245 0.719164
vt 0.675358 0.722084
vt 0.667014 0.723310
vt 0.700041 0.701260
vt 0.695627 0.708185
vt 0.689816 0.713999
vt 0.667002 0.722505
vt 0.701290 0.658746
vt 0.701515 0.651901
vt 0.380533 0.640153
vt 0.380476 0.656845
vt 0.385024 0.600022
vt 0.388098 0.592310
vt 0.388794 0.592699
vt 0.385788 0.600213
vt 0.393005 0.585635
vt 0.393582 0.586189
vt 0.399456 0.580432
vt 0.399873 0.581116
vt 0.407027 0.577073
vt 0.407255 0.577841
vt 0.415187 0.575696
vt 0.415201 0.576500
vt 0.389489 0.593088
vt 0.386551 0.600406
vt 0.394159 0.586742
vt 0.400290 0.581801
vt 0.407484 0.578610
vt 0.415217 0.577305
vt 0.390185 0.593478
vt 0.387312 0.600602
vt 0.394735 0.587296
vt 0.400706 0.582485
vt 0.407713 0.579379
vt 0.415238 0.578110
vt 0.390880 0.593868
vt 0.388070 0.600800
vt 0.395311 0.587850
vt 0.401123 0.583169
vt 0.407943 0.580149
vt 0.415263 0.578914
vt 0.391575 0.594258
vt 0.388824 0.601001
vt 0.395887 0.588404
vt 0.401539 0.583852
vt 0.408173 0.580917
vt 0.415295 0.579719
vt 0.392268 0.594648
vt 0.389575 0.601204
vt 0.396461 0.588957
vt 0.401953 0.584535
vt 0.408402 0.581685
vt 0.415332 0.580523
vt 0.387184 0.617068
vt 0.386376 0.616951
vt 0.385570 0.616833
vt 0.384764 0.616714
vt 0.383960 0.616596
vt 0.383156 0.616477
vt 0.382352 0.616358
vt 0.385668 0.633594
vt 0.384795 0.633530
vt 0.386545 0.623292
vt 0.383986 0.633483
vt 0.383178 0.633439
vt 0.382370 0.633395
vt 0.381564 0.633352
vt 0.380757 0.633308
vt 0.385372 0.640302
vt 0.384566 0.640289
vt 0.383759 0.640270
vt 0.382952 0.640246
vt 0.382145 0.640217
vt 0.381339 0.640186
vt 0.385369 0.656690
vt 0.384507 0.656701
vt 0.385313 0.645543
vt 0.383702 0.656723
vt 0.382896 0.656749
vt 0.382090 0.656779
vt 0.381283 0.656811
vt 0.385615 0.663129
vt 0.384799 0.663164
vt 0.383983 0.663198
vt 0.383167 0.663231
vt 0.382352 0.663261
vt 0.381537 0.663291
vt 0.380722 0.663321
vt 0.386907 0.679406
vt 0.386069 0.679529
vt 0.385914 0.667203
vt 0.385266 0.679648
vt 0.384465 0.679770
vt 0.383667 0.679892
vt 0.382869 0.680015
vt 0.382073 0.680138
vt 0.388717 0.690483
vt 0.387967 0.690703
vt 0.387214 0.690917
vt 0.386457 0.691125
vt 0.385696 0.691327
vt 0.384933 0.691525
vt 0.384168 0.691719
vt 0.667995 0.576504
vt 0.668010 0.575700
vt 0.667978 0.577309
vt 0.667956 0.578113
vt 0.667929 0.578917
vt 0.667895 0.579721
vt 0.667854 0.580525
vt 0.394529 0.595925
vt 0.392018 0.601859
vt 0.398323 0.590767
vt 0.403293 0.586761
vt 0.409112 0.584175
vt 0.415473 0.583134
vt 0.390611 0.687276
vt 0.391187 0.689714
vt 0.388470 0.667126
vt 0.387836 0.645565
vt 0.389014 0.623605
vt 0.414052 0.716339
vt 0.405908 0.714854
vt 0.406144 0.714087
vt 0.414067 0.715535
vt 0.398380 0.711394
vt 0.398807 0.710714
vt 0.392000 0.706131
vt 0.392583 0.705582
vt 0.387160 0.699424
vt 0.387861 0.699037
vt 0.406382 0.713320
vt 0.414085 0.714731
vt 0.399234 0.710034
vt 0.393167 0.705032
vt 0.388561 0.698649
vt 0.406621 0.712553
vt 0.414107 0.713926
vt 0.399661 0.709354
vt 0.393750 0.704483
vt 0.389260 0.698260
vt 0.406861 0.711786
vt 0.414135 0.713122
vt 0.400088 0.708675
vt 0.394332 0.703934
vt 0.389960 0.697872
vt 0.407103 0.711020
vt 0.414169 0.712318
vt 0.400515 0.707997
vt 0.394915 0.703385
vt 0.390659 0.697483
vt 0.407346 0.710257
vt 0.414210 0.711514
vt 0.400941 0.707320
vt 0.395496 0.702837
vt 0.391357 0.697095
vt 0.408145 0.707775
vt 0.414359 0.708899
vt 0.402333 0.705123
vt 0.397394 0.701062
vt 0.393635 0.695858
vt 0.666839 0.715550
vt 0.666853 0.716355
vt 0.666823 0.714745
vt 0.666803 0.713941
vt 0.666777 0.713136
vt 0.666746 0.712332
vt 0.666709 0.711528
vt 0.666568 0.708916
vt 0.697019 0.692035
vt 0.693944 0.699748
vt 0.693248 0.699359
vt 0.696254 0.691844
vt 0.689036 0.706422
vt 0.688459 0.705868
vt 0.682167 0.710938
vt 0.674786 0.714213
vt 0.692553 0.698969
vt 0.695491 0.691651
vt 0.687883 0.705314
vt 0.681750 0.710254
vt 0.674557 0.713444
vt 0.691858 0.698579
vt 0.694731 0.691455
vt 0.687306 0.704760
vt 0.681334 0.709570
vt 0.674328 0.712674
vt 0.691162 0.698189
vt 0.693973 0.691257
vt 0.686730 0.704206
vt 0.680918 0.708886
vt 0.674098 0.711905
vt 0.690468 0.697798
vt 0.693219 0.691056
vt 0.686155 0.703652
vt 0.680502 0.708202
vt 0.673868 0.711136
vt 0.689774 0.697408
vt 0.692468 0.690853
vt 0.685581 0.703098
vt 0.680088 0.707520
vt 0.673639 0.710368
vt 0.687513 0.696131
vt 0.690025 0.690197
vt 0.683719 0.701288
vt 0.678748 0.705293
vt 0.672929 0.707878
vt 0.694861 0.674987
vt 0.695668 0.675104
vt 0.696475 0.675223
vt 0.697280 0.675341
vt 0.698085 0.675460
vt 0.698889 0.675579
vt 0.696379 0.658459
vt 0.697252 0.658524
vt 0.695500 0.668762
vt 0.698061 0.658570
vt 0.698869 0.658615
vt 0.699677 0.658659
vt 0.700484 0.658702
vt 0.696676 0.651750
vt 0.697483 0.651764
vt 0.698290 0.651783
vt 0.699096 0.651807
vt 0.699903 0.651836
vt 0.700709 0.651867
vt 0.696682 0.635360
vt 0.697544 0.635349
vt 0.696736 0.646508
vt 0.698349 0.635327
vt 0.699155 0.635301
vt 0.699962 0.635272
vt 0.700768 0.635240
vt 0.701575 0.635206
vt 0.696438 0.628920
vt 0.697254 0.628885
vt 0.698070 0.628851
vt 0.698886 0.628819
vt 0.699701 0.628788
vt 0.700516 0.628759
vt 0.701331 0.628729
vt 0.695150 0.612639
vt 0.695988 0.612517
vt 0.696140 0.624845
vt 0.696791 0.612397
vt 0.697592 0.612276
vt 0.698391 0.612154
vt 0.699188 0.612031
vt 0.699984 0.611909
vt 0.693343 0.601559
vt 0.694092 0.601339
vt 0.694846 0.601125
vt 0.695603 0.600917
vt 0.696363 0.600714
vt 0.697126 0.600517
vt 0.697891 0.600322
vt 0.691448 0.604767
vt 0.690873 0.602328
vt 0.693584 0.624922
vt 0.694213 0.646486
vt 0.693032 0.668449
vt 0.674724 0.581783
vt 0.673923 0.584265
vt 0.667704 0.583140
vt 0.681123 0.584721
vt 0.679731 0.586917
vt 0.686567 0.589204
vt 0.684669 0.590979
vt 0.690706 0.594949
vt 0.688427 0.596185
vt 0.676171 0.577189
vt 0.675932 0.577955
vt 0.683683 0.580647
vt 0.683256 0.581327
vt 0.690064 0.585910
vt 0.689481 0.586460
vt 0.694905 0.592621
vt 0.694204 0.593009
vt 0.675692 0.578722
vt 0.682830 0.582007
vt 0.688897 0.587009
vt 0.693503 0.593396
vt 0.675452 0.579488
vt 0.682403 0.582686
vt 0.688314 0.587559
vt 0.692803 0.593784
vt 0.675210 0.580255
vt 0.681976 0.583366
vt 0.687731 0.588108
vt 0.692103 0.594173
vt 0.674968 0.581020
vt 0.681549 0.584044
vt 0.687149 0.588657
vt 0.691404 0.594561
vt 0.012745 0.746514
vt 0.014974 0.747861
vt 0.012280 0.753760
vt 0.009791 0.752967
vt 0.017174 0.740934
vt 0.018994 0.742791
vt 0.022857 0.736627
vt 0.024152 0.738879
vt 0.029418 0.733882
vt 0.030119 0.736375
vt 0.036395 0.732736
vt 0.036522 0.735351
vt 0.290614 0.735355
vt 0.290754 0.732736
vt 0.297727 0.733892
vt 0.297009 0.736397
vt 0.304284 0.736617
vt 0.302986 0.738869
vt 0.309978 0.740934
vt 0.308151 0.742783
vt 0.314359 0.746558
vt 0.312121 0.747874
vt 0.317241 0.753062
vt 0.314730 0.753774
vt 0.321506 0.775222
vt 0.318789 0.775535
vt 0.315875 0.761743
vt 0.322663 0.796655
vt 0.319954 0.796635
vt 0.319856 0.794692
vt 0.319148 0.778080
vt 0.320669 0.819032
vt 0.318017 0.818554
vt 0.318204 0.817772
vt 0.319755 0.801365
vt 0.315740 0.840926
vt 0.313240 0.840155
vt 0.316596 0.823646
vt 0.312975 0.847367
vt 0.310720 0.846061
vt 0.308712 0.853007
vt 0.306857 0.851184
vt 0.303135 0.857394
vt 0.301812 0.855159
vt 0.296637 0.860198
vt 0.295912 0.857715
vt 0.289679 0.861375
vt 0.289537 0.858762
vt 0.037513 0.858741
vt 0.037389 0.861361
vt 0.030473 0.860233
vt 0.031164 0.857720
vt 0.023947 0.857553
vt 0.025212 0.855283
vt 0.018255 0.853299
vt 0.020047 0.851414
vt 0.013814 0.847753
vt 0.016021 0.846384
vt 0.010833 0.841314
vt 0.013319 0.840519
vt 0.005924 0.819237
vt 0.008617 0.818806
vt 0.011951 0.832577
vt 0.003906 0.797807
vt 0.006612 0.797676
vt 0.006791 0.799623
vt 0.008171 0.816270
vt 0.004827 0.775152
vt 0.007505 0.775550
vt 0.007327 0.776339
vt 0.006587 0.792913
vt 0.008923 0.770369
vt 0.310031 0.845659
vt 0.312466 0.839925
vt 0.306287 0.850624
vt 0.301403 0.854472
vt 0.295687 0.856952
vt 0.289500 0.857957
vt 0.309340 0.845258
vt 0.311691 0.839697
vt 0.305716 0.850062
vt 0.300993 0.853784
vt 0.295463 0.856188
vt 0.289471 0.857151
vt 0.308648 0.844856
vt 0.310915 0.839472
vt 0.305145 0.849500
vt 0.300583 0.853093
vt 0.295242 0.855425
vt 0.289449 0.856346
vt 0.307955 0.844455
vt 0.310139 0.839251
vt 0.304573 0.848937
vt 0.300174 0.852401
vt 0.295024 0.854660
vt 0.289435 0.855540
vt 0.307260 0.844055
vt 0.309361 0.839035
vt 0.304000 0.848374
vt 0.299765 0.851707
vt 0.294811 0.853895
vt 0.289426 0.854734
vt 0.306563 0.843656
vt 0.308583 0.838824
vt 0.303427 0.847810
vt 0.299356 0.851009
vt 0.294601 0.853129
vt 0.289420 0.853928
vt 0.302850 0.974099
vt 0.294868 0.981700
vt 0.284197 0.984467
vt 0.315106 0.761869
vt 0.313930 0.754008
vt 0.314335 0.762005
vt 0.313132 0.754237
vt 0.313561 0.762151
vt 0.312337 0.754461
vt 0.312785 0.762304
vt 0.311545 0.754680
vt 0.312005 0.762464
vt 0.310758 0.754894
vt 0.311221 0.762628
vt 0.309975 0.755106
vt 0.318397 0.778154
vt 0.317588 0.778238
vt 0.316781 0.778322
vt 0.315975 0.778405
vt 0.315170 0.778488
vt 0.314367 0.778572
vt 0.319054 0.794704
vt 0.318252 0.794708
vt 0.317450 0.794707
vt 0.316648 0.794700
vt 0.315844 0.794689
vt 0.315040 0.794676
vt 0.318988 0.801329
vt 0.318186 0.801283
vt 0.317382 0.801238
vt 0.316578 0.801192
vt 0.315773 0.801145
vt 0.314969 0.801096
vt 0.317391 0.817632
vt 0.316581 0.817490
vt 0.315774 0.817346
vt 0.314971 0.817201
vt 0.314172 0.817055
vt 0.313376 0.816909
vt 0.315835 0.823473
vt 0.315062 0.823307
vt 0.314285 0.823149
vt 0.313503 0.822996
vt 0.312718 0.822847
vt 0.311928 0.822702
vt 0.037544 0.857936
vt 0.037568 0.857131
vt 0.037586 0.856325
vt 0.037597 0.855519
vt 0.037604 0.854713
vt 0.037608 0.853907
vt 0.296788 0.737163
vt 0.290579 0.736160
vt 0.302587 0.739559
vt 0.307590 0.743352
vt 0.311434 0.748284
vt 0.296567 0.737930
vt 0.290551 0.736965
vt 0.302187 0.740249
vt 0.307027 0.743922
vt 0.310744 0.748693
vt 0.296347 0.738698
vt 0.290530 0.737771
vt 0.301785 0.740939
vt 0.306463 0.744492
vt 0.310051 0.749099
vt 0.296127 0.739467
vt 0.290515 0.738577
vt 0.301383 0.741629
vt 0.305897 0.745062
vt 0.309356 0.749503
vt 0.295908 0.740239
vt 0.290504 0.739383
vt 0.300981 0.742318
vt 0.305330 0.745632
vt 0.308660 0.749905
vt 0.295689 0.741013
vt 0.290497 0.740188
vt 0.300578 0.743007
vt 0.304760 0.746203
vt 0.307961 0.750304
vt 0.031378 0.856952
vt 0.025602 0.854588
vt 0.020598 0.850833
vt 0.016699 0.845958
vt 0.014109 0.840263
vt 0.031591 0.856182
vt 0.025994 0.853893
vt 0.021151 0.850253
vt 0.017380 0.845533
vt 0.014897 0.840011
vt 0.031805 0.855412
vt 0.026388 0.853199
vt 0.021707 0.849673
vt 0.018063 0.845111
vt 0.015683 0.839766
vt 0.032019 0.854640
vt 0.026783 0.852505
vt 0.022264 0.849094
vt 0.018748 0.844689
vt 0.016466 0.839527
vt 0.032233 0.853867
vt 0.027178 0.851813
vt 0.022823 0.848515
vt 0.019434 0.844270
vt 0.017246 0.839294
vt 0.032447 0.853090
vt 0.027576 0.851121
vt 0.023384 0.847936
vt 0.020122 0.843852
vt 0.018022 0.839064
vt 0.036554 0.736156
vt 0.036579 0.736961
vt 0.036596 0.737767
vt 0.036606 0.738573
vt 0.036610 0.739379
vt 0.036611 0.740185
vt 0.012717 0.832418
vt 0.013484 0.832250
vt 0.014254 0.832073
vt 0.015026 0.831890
vt 0.015800 0.831700
vt 0.016579 0.831506
vt 0.008922 0.816160
vt 0.009725 0.816040
vt 0.010527 0.815921
vt 0.011327 0.815802
vt 0.012127 0.815683
vt 0.012925 0.815564
vt 0.007593 0.799568
vt 0.008395 0.799522
vt 0.009198 0.799481
vt 0.010001 0.799446
vt 0.010804 0.799415
vt 0.011609 0.799386
vt 0.007358 0.792903
vt 0.008162 0.792900
vt 0.008967 0.792896
vt 0.009772 0.792892
vt 0.010578 0.792888
vt 0.011384 0.792886
vt 0.008149 0.776445
vt 0.008968 0.776552
vt 0.009784 0.776658
vt 0.010596 0.776763
vt 0.011404 0.776865
vt 0.012208 0.776962
vt 0.009675 0.770538
vt 0.010441 0.770696
vt 0.011214 0.770845
vt 0.011993 0.770988
vt 0.012777 0.771125
vt 0.013568 0.771259
vt 0.013054 0.753996
vt 0.013828 0.754231
vt 0.014603 0.754464
vt 0.015377 0.754695
vt 0.016152 0.754921
vt 0.016928 0.755145
vt 0.015656 0.748276
vt 0.019554 0.743362
vt 0.024552 0.739571
vt 0.030339 0.737142
vt 0.016339 0.748691
vt 0.020115 0.743934
vt 0.024953 0.740264
vt 0.030558 0.737910
vt 0.017024 0.749107
vt 0.020676 0.744507
vt 0.025354 0.740958
vt 0.030775 0.738678
vt 0.017709 0.749522
vt 0.021237 0.745080
vt 0.025755 0.741652
vt 0.030989 0.739448
vt 0.018395 0.749938
vt 0.021798 0.745654
vt 0.026156 0.742348
vt 0.031201 0.740220
vt 0.019083 0.750354
vt 0.022360 0.746230
vt 0.026556 0.743045
vt 0.031410 0.740995
vt 0.366782 0.861603
vt 0.461695 0.819610
vt 0.524611 0.819610
vt 0.527880 0.818256
vt 0.528615 0.817298
vt 0.529076 0.816184
vt 0.632911 0.858133
vt 0.626439 0.860722
vt 0.642926 0.848596
vt 0.638526 0.854003
vt 0.649988 0.825877
vt 0.645827 0.842258
vt 0.652599 0.803243
vt 0.651093 0.819497
vt 0.529234 0.814987
vt 0.334894 0.817257
vt 0.457072 0.814987
vt 0.457230 0.816184
vt 0.652664 0.796175
vt 0.645827 0.754621
vt 0.648221 0.763110
vt 0.619524 0.735276
vt 0.651412 0.779615
vt 0.626439 0.736158
vt 0.638526 0.742876
vt 0.642926 0.748283
vt 0.632911 0.738747
vt 0.524611 0.777270
vt 0.525808 0.777427
vt 0.353396 0.738747
vt 0.359868 0.736158
vt 0.343381 0.748283
vt 0.347780 0.742876
vt 0.336317 0.771008
vt 0.340479 0.754621
vt 0.333708 0.793625
vt 0.335214 0.777377
vt 0.457072 0.781892
vt 0.529234 0.781892
vt 0.333642 0.800694
vt 0.529076 0.780696
vt 0.340479 0.842258
vt 0.338083 0.833759
vt 0.359868 0.860722
vt 0.347780 0.854003
vt 0.343381 0.848596
vt 0.353396 0.858133
vt 0.460499 0.819452
vt 0.459384 0.818991
vt 0.458426 0.818256
vt 0.457692 0.817298
vt 0.457230 0.780696
vt 0.528615 0.779581
vt 0.527880 0.778624
vt 0.526923 0.777889
vt 0.457692 0.779581
vt 0.458426 0.778624
vt 0.461695 0.777270
vt 0.531388 0.067310
vt 0.530590 0.067205
vt 0.528306 0.064228
vt 0.531388 0.028052
vt 0.528306 0.031133
vt 0.529209 0.066407
vt 0.528719 0.065769
vt 0.528411 0.065026
vt 0.528411 0.030336
vt 0.528719 0.029592
vt 0.529209 0.028954
vt 0.529847 0.028464
vt 0.530590 0.028157
vt 0.594304 0.028052
vt 0.595101 0.028157
vt 0.597386 0.031133
vt 0.595845 0.028464
vt 0.596483 0.028954
vt 0.596973 0.029592
vt 0.597281 0.030336
vt 0.597281 0.065026
vt 0.596483 0.066407
vt 0.595845 0.066897
vt 0.595101 0.067205
vt 0.790930 0.127899
vt 0.787615 0.125838
vt 0.790841 0.118792
vt 0.794567 0.119954
vt 0.479539 0.320889
vt 0.474480 0.342490
vt 0.470495 0.341548
vt 0.475642 0.319673
vt 0.776480 0.011668
vt 0.769284 0.008790
vt 0.770264 0.005011
vt 0.778377 0.008256
vt 0.501166 0.139320
vt 0.508854 0.140300
vt 0.508854 0.144204
vt 0.500187 0.143098
vt 0.761597 0.140300
vt 0.761597 0.144204
vt 0.787615 0.022272
vt 0.782724 0.016260
vt 0.785416 0.013433
vt 0.790930 0.020211
vt 0.769284 0.139320
vt 0.776480 0.136442
vt 0.778377 0.139854
vt 0.770264 0.143098
vt 0.801736 0.072937
vt 0.797836 0.074544
vt 0.796284 0.053016
vt 0.799832 0.050412
vt 0.470178 0.053335
vt 0.474168 0.053010
vt 0.472615 0.074536
vt 0.468715 0.075173
vt 0.782724 0.131850
vt 0.785416 0.134677
vt 0.474595 0.032487
vt 0.478677 0.032414
vt 0.790841 0.029318
vt 0.794567 0.028155
vt 0.474425 0.096781
vt 0.470619 0.097698
vt 0.485035 0.013433
vt 0.492074 0.008256
vt 0.493970 0.011668
vt 0.487727 0.016260
vt 0.482836 0.022272
vt 0.479521 0.020211
vt 0.761597 0.007810
vt 0.761597 0.003906
vt 0.479610 0.118792
vt 0.475884 0.119954
vt 0.501166 0.008790
vt 0.500187 0.005011
vt 0.482836 0.125838
vt 0.479521 0.127899
vt 0.475884 0.028155
vt 0.479610 0.029318
vt 0.800273 0.094775
vt 0.795856 0.115623
vt 0.796024 0.096788
vt 0.474473 0.385385
vt 0.479539 0.407031
vt 0.474827 0.405556
vt 0.470296 0.385078
vt 0.791774 0.032414
vt 0.487727 0.131850
vt 0.493970 0.136442
vt 0.492074 0.139854
vt 0.485035 0.134677
vt 0.508854 0.003906
vt 0.508854 0.007810
vt 0.003957 0.922585
vt 0.005413 0.906680
vt 0.031455 0.869321
vt 0.010489 0.969047
vt 0.031455 0.984467
vt 0.025944 0.983764
vt 0.010489 0.884741
vt 0.012802 0.879689
vt 0.003906 0.929135
vt 0.756189 0.428698
vt 0.503447 0.428698
vt 0.503447 0.424615
vt 0.756189 0.424615
vt 0.768357 0.421461
vt 0.773461 0.417707
vt 0.776277 0.420663
vt 0.770341 0.425029
vt 0.005163 0.945366
vt 0.008355 0.961548
vt 0.284197 0.869321
vt 0.311746 0.924652
vt 0.016309 0.875379
vt 0.020785 0.872087
vt 0.289709 0.870024
vt 0.305163 0.884741
vt 0.768357 0.306460
vt 0.762474 0.304107
vt 0.763499 0.300155
vt 0.770341 0.302891
vt 0.309231 0.952967
vt 0.305163 0.969047
vt 0.489296 0.302891
vt 0.491279 0.306460
vt 0.486175 0.310214
vt 0.483360 0.307257
vt 0.780927 0.312973
vt 0.777460 0.315129
vt 0.773461 0.310214
vt 0.776277 0.307257
vt 0.780927 0.414948
vt 0.777460 0.412792
vt 0.780097 0.407031
vt 0.783994 0.408248
vt 0.475642 0.408248
vt 0.785163 0.342535
vt 0.780097 0.320889
vt 0.784809 0.322364
vt 0.789340 0.342843
vt 0.790921 0.364240
vt 0.786839 0.363596
vt 0.307297 0.892240
vt 0.785156 0.385431
vt 0.789141 0.386373
vt 0.496138 0.427766
vt 0.489296 0.425029
vt 0.491279 0.421461
vt 0.497162 0.423814
vt 0.482177 0.412792
vt 0.486175 0.417707
vt 0.483360 0.420663
vt 0.478709 0.414948
vt 0.503447 0.303306
vt 0.497162 0.304107
vt 0.496138 0.300155
vt 0.503447 0.299223
vt 0.756189 0.303306
vt 0.756189 0.299223
vt 0.311695 0.931203
vt 0.016309 0.978408
vt 0.012802 0.974099
vt 0.310489 0.908421
vt 0.006422 0.900820
vt 0.762474 0.423814
vt 0.763499 0.427766
vt 0.783994 0.319673
vt 0.299344 0.875379
vt 0.482177 0.315129
vt 0.478709 0.312973
vt 0.472798 0.364325
vt 0.468715 0.363681
vt 0.302850 0.879689
vt 0.289709 0.983764
vt 0.310239 0.947107
vt 0.299344 0.978408
vt 0.534831 0.181731
vt 0.537839 0.183180
vt 0.540286 0.185450
vt 0.541955 0.188342
vt 0.542698 0.191597
vt 0.542449 0.194926
vt 0.541229 0.198034
vt 0.539147 0.200644
vt 0.536389 0.202525
vt 0.533199 0.203509
vt 0.529860 0.203509
vt 0.526670 0.202525
vt 0.523911 0.200644
vt 0.521830 0.198034
vt 0.520610 0.194926
vt 0.520360 0.191597
vt 0.521103 0.188342
vt 0.522773 0.185450
vt 0.525220 0.183180
vt 0.528228 0.181731
vt 0.531529 0.181233
vt 0.532366 0.181265
vt 0.909691 0.064008
vt 0.987007 0.064008
vt 0.987007 0.067346
vt 0.909691 0.067346
vt 0.909691 0.060669
vt 0.987007 0.060669
vt 0.909691 0.057331
vt 0.987007 0.057331
vt 0.909691 0.053992
vt 0.987007 0.053992
vt 0.909691 0.050653
vt 0.987007 0.050653
vt 0.909691 0.047315
vt 0.987007 0.047308
vt 0.987007 0.049816
vt 0.909690 0.043976
vt 0.987007 0.043969
vt 0.909690 0.040638
vt 0.987006 0.040631
vt 0.909690 0.037299
vt 0.987006 0.037292
vt 0.909689 0.033961
vt 0.987006 0.033953
vt 0.909689 0.030622
vt 0.987005 0.030615
vt 0.909689 0.027283
vt 0.987005 0.027276
vt 0.909688 0.023945
vt 0.987005 0.023938
vt 0.909688 0.020606
vt 0.987005 0.020599
vt 0.909688 0.017268
vt 0.987004 0.017261
vt 0.909688 0.013922
vt 0.987004 0.013922
vt 0.909688 0.014760
vt 0.909688 0.010583
vt 0.987004 0.010583
vt 0.909688 0.007245
vt 0.987004 0.007245
vt 0.909688 0.003906
vt 0.987004 0.003906
vt 0.909691 0.070685
vt 0.987007 0.070685
vt 0.987007 0.074023
vt 0.909691 0.074023
vt 0.966310 0.131182
vt 0.964229 0.133792
vt 0.961470 0.135673
vt 0.958280 0.136657
vt 0.954942 0.136657
vt 0.951751 0.135673
vt 0.948993 0.133792
vt 0.946911 0.131182
vt 0.945692 0.128074
vt 0.945442 0.124745
vt 0.946185 0.121490
vt 0.947854 0.118599
vt 0.950302 0.116328
vt 0.953310 0.114879
vt 0.956611 0.114382
vt 0.959912 0.114879
vt 0.962920 0.116328
vt 0.965367 0.118599
vt 0.967037 0.121490
vt 0.967780 0.124745
vt 0.967530 0.128074
vt 0.967313 0.128883
vt 0.912100 0.143766
vt 0.914547 0.141495
vt 0.917555 0.140047
vt 0.920856 0.139549
vt 0.924158 0.140047
vt 0.927166 0.141495
vt 0.929613 0.143766
vt 0.931282 0.146657
vt 0.932025 0.149912
vt 0.931776 0.153241
vt 0.930556 0.156349
vt 0.928474 0.158959
vt 0.925716 0.160840
vt 0.922526 0.161824
vt 0.919187 0.161824
vt 0.915997 0.160840
vt 0.913238 0.158959
vt 0.911157 0.156349
vt 0.909937 0.153241
vt 0.909688 0.149912
vt 0.910430 0.146657
vt 0.910765 0.145890
vt 0.806400 0.302101
vt 0.883716 0.302101
vt 0.883716 0.305439
vt 0.806400 0.305439
vt 0.806400 0.298762
vt 0.883716 0.298762
vt 0.806400 0.295424
vt 0.883716 0.295424
vt 0.806400 0.292085
vt 0.883716 0.292085
vt 0.806400 0.288746
vt 0.883716 0.288746
vt 0.806400 0.285408
vt 0.883716 0.285401
vt 0.883716 0.287909
vt 0.806399 0.282069
vt 0.883716 0.282062
vt 0.806399 0.278731
vt 0.883715 0.278724
vt 0.806399 0.275392
vt 0.883715 0.275385
vt 0.806398 0.272054
vt 0.883715 0.272046
vt 0.806398 0.268715
vt 0.883715 0.268708
vt 0.806398 0.265376
vt 0.883714 0.265369
vt 0.806398 0.262038
vt 0.883714 0.262031
vt 0.806397 0.258699
vt 0.883714 0.258692
vt 0.806397 0.255361
vt 0.883713 0.255354
vt 0.806397 0.252015
vt 0.883713 0.252015
vt 0.806397 0.252853
vt 0.806397 0.248676
vt 0.883713 0.248676
vt 0.806397 0.245338
vt 0.883713 0.245338
vt 0.806400 0.312116
vt 0.883716 0.312116
vt 0.883716 0.315455
vt 0.806400 0.315455
vt 0.806400 0.308778
vt 0.883716 0.308778
vt 0.552392 0.194915
vt 0.552142 0.191585
vt 0.552885 0.188331
vt 0.554554 0.185439
vt 0.557002 0.183168
vt 0.560010 0.181720
vt 0.563311 0.181222
vt 0.566612 0.181720
vt 0.569620 0.183168
vt 0.572068 0.185439
vt 0.573737 0.188331
vt 0.574480 0.191585
vt 0.574230 0.194915
vt 0.573011 0.198022
vt 0.570929 0.200633
vt 0.568171 0.202513
vt 0.564980 0.203497
vt 0.561642 0.203497
vt 0.558452 0.202513
vt 0.555693 0.200633
vt 0.553612 0.198022
vt 0.553220 0.197282
vt 0.756300 0.034981
vt 0.756327 0.037797
vt 0.755496 0.037679
vt 0.757156 0.037663
vt 0.757909 0.037292
vt 0.758519 0.036715
vt 0.758931 0.035984
vt 0.759110 0.035164
vt 0.759039 0.034328
vt 0.758725 0.033549
vt 0.758195 0.032898
vt 0.757497 0.032432
vt 0.756693 0.032192
vt 0.755853 0.032200
vt 0.755054 0.032455
vt 0.754365 0.032935
vt 0.753848 0.033596
vt 0.753549 0.034381
vt 0.753494 0.035218
vt 0.753689 0.036035
vt 0.754115 0.036758
vt 0.754736 0.037323
vt 0.756372 0.040618
vt 0.754707 0.040389
vt 0.758031 0.040346
vt 0.759535 0.039598
vt 0.760752 0.038439
vt 0.761574 0.036973
vt 0.761927 0.035330
vt 0.761780 0.033656
vt 0.761146 0.032100
vt 0.760082 0.030799
vt 0.758681 0.029871
vt 0.757069 0.029396
vt 0.755389 0.029417
vt 0.753789 0.029933
vt 0.752413 0.030897
vt 0.751382 0.032224
vt 0.750788 0.033796
vt 0.750684 0.035474
vt 0.751079 0.037107
vt 0.751938 0.038552
vt 0.753184 0.039679
vt 0.756436 0.043467
vt 0.753929 0.043130
vt 0.758931 0.043050
vt 0.761193 0.041916
vt 0.763019 0.040166
vt 0.764249 0.037955
vt 0.764773 0.035480
vt 0.764543 0.032960
vt 0.763582 0.030621
vt 0.761973 0.028668
vt 0.759860 0.027276
vt 0.757431 0.026569
vt 0.754902 0.026610
vt 0.752496 0.027394
vt 0.750429 0.028852
vt 0.748883 0.030855
vt 0.747996 0.033224
vt 0.747848 0.035750
vt 0.748450 0.038207
vt 0.749750 0.040378
vt 0.751632 0.042069
vt 0.756515 0.046368
vt 0.753149 0.045925
vt 0.759862 0.045799
vt 0.762892 0.044268
vt 0.765337 0.041913
vt 0.766979 0.038941
vt 0.767672 0.035618
vt 0.767354 0.032238
vt 0.766055 0.029102
vt 0.763889 0.026488
vt 0.761048 0.024629
vt 0.757786 0.023689
vt 0.754392 0.023753
vt 0.751167 0.024814
vt 0.748398 0.026779
vt 0.746331 0.029472
vt 0.745150 0.032656
vt 0.744960 0.036045
vt 0.745778 0.039341
vt 0.747531 0.042248
vt 0.750063 0.044510
vt 0.756604 0.049360
vt 0.752352 0.048811
vt 0.760829 0.048632
vt 0.764651 0.046691
vt 0.767732 0.043709
vt 0.769796 0.039952
vt 0.770662 0.035754
vt 0.770252 0.031486
vt 0.768602 0.027530
vt 0.765860 0.024235
vt 0.762268 0.021894
vt 0.758146 0.020717
vt 0.753859 0.020807
vt 0.749790 0.022156
vt 0.746298 0.024645
vt 0.743696 0.028052
vt 0.742213 0.032076
vt 0.741983 0.036357
vt 0.743025 0.040516
vt 0.745247 0.044183
vt 0.748451 0.047033
vt 0.756665 0.052489
vt 0.755318 0.052395
vt 0.751488 0.051819
vt 0.761810 0.051604
vt 0.760495 0.051911
vt 0.766464 0.049242
vt 0.765299 0.049923
vt 0.770216 0.045613
vt 0.769303 0.046607
vt 0.772731 0.041039
vt 0.772152 0.042258
vt 0.773787 0.035927
vt 0.773593 0.037263
vt 0.773289 0.030731
vt 0.773497 0.032065
vt 0.771282 0.025913
vt 0.771874 0.027126
vt 0.767944 0.021900
vt 0.768867 0.022885
vt 0.763571 0.019049
vt 0.764744 0.019718
vt 0.758552 0.017614
vt 0.759870 0.017908
vt 0.753334 0.017721
vt 0.754680 0.017614
vt 0.748378 0.019363
vt 0.749632 0.018863
vt 0.744126 0.022392
vt 0.745178 0.021545
vt 0.740956 0.026540
vt 0.741711 0.025420
vt 0.739149 0.031438
vt 0.739541 0.030146
vt 0.738867 0.036652
vt 0.738860 0.035301
vt 0.740135 0.041716
vt 0.739730 0.040428
vt 0.742839 0.046182
vt 0.742072 0.045071
vt 0.746739 0.049652
vt 0.745679 0.048816
vt 0.750229 0.051332
vt 0.900855 0.100818
vt 0.810371 0.100841
vt 0.810371 0.099913
vt 0.810370 0.097133
vt 0.900854 0.097117
vt 0.900856 0.104518
vt 0.810373 0.104549
vt 0.810372 0.103621
vt 0.900858 0.108218
vt 0.810374 0.108257
vt 0.810373 0.107328
vt 0.900860 0.111918
vt 0.810376 0.111965
vt 0.810375 0.111036
vt 0.900862 0.115618
vt 0.810378 0.115672
vt 0.810378 0.114744
vt 0.900865 0.119326
vt 0.810381 0.119380
vt 0.810380 0.118452
vt 0.900863 0.116546
vt 0.900867 0.123026
vt 0.810383 0.123088
vt 0.810383 0.122160
vt 0.900870 0.126726
vt 0.810386 0.126796
vt 0.810385 0.125868
vt 0.900873 0.130426
vt 0.810389 0.130504
vt 0.810388 0.129576
vt 0.900877 0.134126
vt 0.810393 0.134212
vt 0.810392 0.133284
vt 0.900880 0.137826
vt 0.810397 0.137920
vt 0.810396 0.136992
vt 0.900885 0.141527
vt 0.810401 0.141628
vt 0.810400 0.140699
vt 0.900889 0.145227
vt 0.810405 0.145336
vt 0.810404 0.144407
vt 0.900894 0.148927
vt 0.810410 0.149043
vt 0.810409 0.148115
vt 0.900899 0.152627
vt 0.810415 0.152751
vt 0.810414 0.151823
vt 0.900904 0.156327
vt 0.810421 0.156459
vt 0.810419 0.155531
vt 0.900910 0.160027
vt 0.810426 0.160167
vt 0.810425 0.159239
vt 0.900916 0.163727
vt 0.810432 0.163875
vt 0.810431 0.162947
vt 0.900922 0.167427
vt 0.810439 0.167583
vt 0.810437 0.166655
vt 0.900853 0.093417
vt 0.810370 0.093425
vt 0.810369 0.092497
vt 0.810369 0.089717
vt 0.900853 0.089717
vt 0.810370 0.096205
vt 0.969738 0.106656
vt 0.966080 0.106105
vt 0.962746 0.104499
vt 0.960034 0.101983
vt 0.958184 0.098778
vt 0.957360 0.095171
vt 0.957637 0.091481
vt 0.958989 0.088037
vt 0.961296 0.085144
vt 0.964353 0.083060
vt 0.967888 0.081969
vt 0.971589 0.081969
vt 0.975124 0.083060
vt 0.978181 0.085144
vt 0.980488 0.088037
vt 0.981840 0.091481
vt 0.982117 0.095171
vt 0.981293 0.098778
vt 0.979443 0.101983
vt 0.976731 0.104499
vt 0.973397 0.106105
vt 0.970666 0.106621
vt 0.752375 0.077930
vt 0.751177 0.080479
vt 0.750479 0.080013
vt 0.751982 0.080719
vt 0.752821 0.080711
vt 0.753621 0.080456
vt 0.754310 0.079976
vt 0.754827 0.079315
vt 0.755126 0.078531
vt 0.755181 0.077693
vt 0.754986 0.076876
vt 0.754559 0.076154
vt 0.753938 0.075589
vt 0.753179 0.075232
vt 0.752347 0.075115
vt 0.751519 0.075248
vt 0.750766 0.075619
vt 0.750156 0.076196
vt 0.749743 0.076927
vt 0.749565 0.077747
vt 0.749635 0.078583
vt 0.749949 0.079362
vt 0.749993 0.083040
vt 0.748593 0.082112
vt 0.751605 0.083515
vt 0.753286 0.083494
vt 0.754885 0.082978
vt 0.756261 0.082014
vt 0.757292 0.080687
vt 0.757886 0.079115
vt 0.757990 0.077438
vt 0.757596 0.075804
vt 0.756737 0.074360
vt 0.755491 0.073232
vt 0.753967 0.072523
vt 0.752303 0.072293
vt 0.750644 0.072565
vt 0.749140 0.073313
vt 0.747922 0.074472
vt 0.747101 0.075938
vt 0.746748 0.077581
vt 0.746895 0.079255
vt 0.747528 0.080811
vt 0.748814 0.085635
vt 0.746701 0.084243
vt 0.751243 0.086342
vt 0.753773 0.086302
vt 0.756178 0.085518
vt 0.758245 0.084059
vt 0.759791 0.082057
vt 0.760678 0.079687
vt 0.760827 0.077162
vt 0.760225 0.074704
vt 0.758925 0.072534
vt 0.757043 0.070843
vt 0.754747 0.069781
vt 0.752239 0.069444
vt 0.749744 0.069861
vt 0.747482 0.070995
vt 0.745656 0.072745
vt 0.744426 0.074956
vt 0.743902 0.077431
vt 0.744131 0.079950
vt 0.745093 0.082290
vt 0.747626 0.088283
vt 0.744786 0.086423
vt 0.750888 0.089222
vt 0.754283 0.089159
vt 0.757507 0.088098
vt 0.760276 0.086133
vt 0.762343 0.083439
vt 0.763524 0.080256
vt 0.763714 0.076866
vt 0.762897 0.073571
vt 0.761144 0.070663
vt 0.758612 0.068401
vt 0.755526 0.066986
vt 0.752160 0.066543
vt 0.748814 0.067112
vt 0.745783 0.068642
vt 0.743338 0.070998
vt 0.741696 0.073969
vt 0.741003 0.077293
vt 0.741320 0.080673
vt 0.742620 0.083809
vt 0.746407 0.091017
vt 0.742815 0.088676
vt 0.750529 0.092194
vt 0.754815 0.092105
vt 0.758885 0.090755
vt 0.762376 0.088267
vt 0.764978 0.084859
vt 0.766461 0.080836
vt 0.766691 0.076555
vt 0.765650 0.072396
vt 0.763429 0.068729
vt 0.760225 0.065879
vt 0.756324 0.064101
vt 0.752072 0.063551
vt 0.747847 0.064279
vt 0.744025 0.066220
vt 0.740944 0.069201
vt 0.738879 0.072958
vt 0.738012 0.077157
vt 0.738422 0.081424
vt 0.740072 0.085381
vt 0.745103 0.093862
vt 0.743931 0.093193
vt 0.740731 0.091011
vt 0.750122 0.095297
vt 0.748804 0.095004
vt 0.755341 0.095190
vt 0.753995 0.095297
vt 0.760297 0.093548
vt 0.759042 0.094048
vt 0.764548 0.090519
vt 0.763497 0.091367
vt 0.767718 0.086372
vt 0.766963 0.087491
vt 0.769525 0.081474
vt 0.769133 0.082766
vt 0.769807 0.076261
vt 0.769814 0.077611
vt 0.768541 0.071196
vt 0.768945 0.072485
vt 0.765837 0.066730
vt 0.766604 0.067842
vt 0.761938 0.063260
vt 0.762998 0.064096
vt 0.757188 0.061093
vt 0.758448 0.061579
vt 0.752011 0.060422
vt 0.753358 0.060516
vt 0.746867 0.061307
vt 0.748182 0.060999
vt 0.742212 0.063669
vt 0.743378 0.062987
vt 0.738459 0.067298
vt 0.739373 0.066303
vt 0.735944 0.071871
vt 0.736523 0.070652
vt 0.734888 0.076983
vt 0.735082 0.075647
vt 0.735385 0.082179
vt 0.735177 0.080845
vt 0.737392 0.086998
vt 0.736800 0.085785
vt 0.739807 0.090026
vt 0.900860 0.026107
vt 0.810376 0.026154
vt 0.810375 0.025225
vt 0.810374 0.022446
vt 0.900858 0.022407
vt 0.900862 0.029807
vt 0.810378 0.029861
vt 0.810378 0.028933
vt 0.900865 0.033507
vt 0.810381 0.033569
vt 0.810380 0.032641
vt 0.900867 0.037207
vt 0.810384 0.037277
vt 0.810383 0.036349
vt 0.900871 0.040907
vt 0.810387 0.040985
vt 0.810386 0.040057
vt 0.900874 0.044615
vt 0.810390 0.044693
vt 0.810389 0.043765
vt 0.900872 0.041836
vt 0.900878 0.048315
vt 0.810394 0.048401
vt 0.810393 0.047473
vt 0.900881 0.052015
vt 0.810398 0.052109
vt 0.810397 0.051181
vt 0.900886 0.055716
vt 0.810402 0.055817
vt 0.810401 0.054888
vt 0.900890 0.059416
vt 0.810406 0.059525
vt 0.810405 0.058596
vt 0.900895 0.063116
vt 0.810411 0.063232
vt 0.810410 0.062304
vt 0.900900 0.066816
vt 0.810416 0.066940
vt 0.810415 0.066012
vt 0.900905 0.070516
vt 0.810422 0.070648
vt 0.810420 0.069720
vt 0.900911 0.074216
vt 0.810427 0.074356
vt 0.810426 0.073428
vt 0.900917 0.077916
vt 0.810433 0.078064
vt 0.810432 0.077136
vt 0.900923 0.081616
vt 0.810440 0.081772
vt 0.810438 0.080844
vt 0.900853 0.007606
vt 0.810370 0.007614
vt 0.810369 0.006686
vt 0.810369 0.003906
vt 0.900853 0.003906
vt 0.900854 0.011306
vt 0.810370 0.011322
vt 0.810370 0.010394
vt 0.900855 0.015007
vt 0.810371 0.015030
vt 0.810371 0.014102
vt 0.900856 0.018707
vt 0.810373 0.018738
vt 0.810372 0.017810
vt 0.810373 0.021517
vt 0.909964 0.122110
vt 0.909688 0.118420
vt 0.910511 0.114812
vt 0.912361 0.111608
vt 0.915073 0.109091
vt 0.918407 0.107486
vt 0.922066 0.106934
vt 0.925725 0.107486
vt 0.929058 0.109091
vt 0.931771 0.111608
vt 0.933621 0.114812
vt 0.934444 0.118420
vt 0.934168 0.122109
vt 0.932816 0.125554
vt 0.930509 0.128447
vt 0.927452 0.130531
vt 0.923916 0.131622
vt 0.920216 0.131622
vt 0.916680 0.130531
vt 0.913623 0.128447
vt 0.911316 0.125554
vt 0.910204 0.123006
vt 0.511897 0.315510
vt 0.496031 0.329122
vt 0.493506 0.326662
vt 0.510290 0.312339
vt 0.490827 0.346872
vt 0.493864 0.345170
vt 0.496025 0.347882
vt 0.493396 0.350430
vt 0.489148 0.342822
vt 0.492485 0.341962
vt 0.488579 0.338463
vt 0.492016 0.338512
vt 0.489191 0.334116
vt 0.492493 0.335066
vt 0.490909 0.330110
vt 0.493878 0.331870
vt 0.511915 0.361436
vt 0.510375 0.364532
vt 0.494194 0.344972
vt 0.496311 0.347598
vt 0.492853 0.341860
vt 0.492397 0.338512
vt 0.492860 0.335168
vt 0.494208 0.332065
vt 0.496317 0.329408
vt 0.494524 0.344773
vt 0.496595 0.347312
vt 0.493221 0.341758
vt 0.492779 0.338512
vt 0.493229 0.335270
vt 0.494538 0.332260
vt 0.496602 0.329695
vt 0.494853 0.344573
vt 0.496878 0.347023
vt 0.493589 0.341655
vt 0.493161 0.338512
vt 0.493597 0.335372
vt 0.494867 0.332458
vt 0.496884 0.329986
vt 0.495181 0.344372
vt 0.497159 0.346733
vt 0.493957 0.341552
vt 0.493543 0.338512
vt 0.493964 0.335474
vt 0.495194 0.332657
vt 0.497164 0.330278
vt 0.495506 0.344170
vt 0.497438 0.346440
vt 0.494324 0.341448
vt 0.493924 0.338512
vt 0.494330 0.335577
vt 0.495519 0.332857
vt 0.497444 0.330572
vt 0.495830 0.343968
vt 0.497717 0.346146
vt 0.494690 0.341345
vt 0.494304 0.338512
vt 0.494696 0.335680
vt 0.495842 0.333059
vt 0.497722 0.330868
vt 0.512101 0.361092
vt 0.512291 0.360751
vt 0.512484 0.360412
vt 0.512681 0.360077
vt 0.512883 0.359744
vt 0.513088 0.359413
vt 0.512365 0.365312
vt 0.513062 0.361913
vt 0.513656 0.362053
vt 0.513405 0.365642
vt 0.511356 0.364943
vt 0.512478 0.361706
vt 0.512080 0.315851
vt 0.512267 0.316191
vt 0.512457 0.316527
vt 0.512652 0.316861
vt 0.512850 0.317192
vt 0.513052 0.317521
vt 0.511302 0.311947
vt 0.512451 0.315231
vt 0.512333 0.311597
vt 0.513036 0.315015
vt 0.513390 0.311288
vt 0.513641 0.314867
vt 0.513133 0.361538
vt 0.513673 0.361652
vt 0.512602 0.361350
vt 0.513204 0.361161
vt 0.513689 0.361252
vt 0.512731 0.360991
vt 0.513281 0.360782
vt 0.513703 0.360851
vt 0.512867 0.360633
vt 0.513354 0.360399
vt 0.513715 0.360451
vt 0.513005 0.360273
vt 0.513429 0.360014
vt 0.513725 0.360050
vt 0.513144 0.359910
vt 0.513506 0.359628
vt 0.513734 0.359650
vt 0.513287 0.359548
vt 0.691523 0.362067
vt 0.691773 0.365647
vt 0.512582 0.315585
vt 0.513115 0.315388
vt 0.513658 0.315268
vt 0.512710 0.315942
vt 0.513186 0.315765
vt 0.513675 0.315668
vt 0.512845 0.316300
vt 0.513262 0.316145
vt 0.513689 0.316069
vt 0.512980 0.316660
vt 0.513335 0.316528
vt 0.513701 0.316469
vt 0.513116 0.317022
vt 0.513407 0.316913
vt 0.513711 0.316870
vt 0.513250 0.317385
vt 0.513478 0.317300
vt 0.513720 0.317271
vt 0.691541 0.314877
vt 0.691791 0.311288
vt 0.691505 0.361666
vt 0.691489 0.361266
vt 0.691476 0.360865
vt 0.691463 0.360464
vt 0.691453 0.360064
vt 0.691444 0.359663
vt 0.693858 0.364992
vt 0.692712 0.361706
vt 0.693266 0.361428
vt 0.694868 0.364603
vt 0.692828 0.365340
vt 0.692127 0.361920
vt 0.691524 0.315277
vt 0.691508 0.315677
vt 0.691494 0.316078
vt 0.691482 0.316478
vt 0.691472 0.316878
vt 0.691463 0.317279
vt 0.692836 0.311620
vt 0.692139 0.315019
vt 0.693848 0.311993
vt 0.692727 0.315229
vt 0.694835 0.312408
vt 0.693292 0.315501
vt 0.692581 0.361352
vt 0.693083 0.361086
vt 0.692049 0.361548
vt 0.692453 0.360994
vt 0.692897 0.360746
vt 0.691978 0.361170
vt 0.692319 0.360636
vt 0.692707 0.360409
vt 0.691902 0.360790
vt 0.692184 0.360275
vt 0.692512 0.360075
vt 0.691830 0.360407
vt 0.692048 0.359912
vt 0.692314 0.359743
vt 0.691757 0.360022
vt 0.691914 0.359549
vt 0.692113 0.359413
vt 0.691686 0.359634
vt 0.709164 0.347881
vt 0.711686 0.350344
vt 0.714372 0.330172
vt 0.711323 0.331870
vt 0.709190 0.329141
vt 0.711827 0.326601
vt 0.716046 0.334213
vt 0.712704 0.335069
vt 0.716623 0.338565
vt 0.713189 0.338513
vt 0.716012 0.342909
vt 0.712719 0.341956
vt 0.714284 0.346903
vt 0.711313 0.345139
vt 0.708878 0.347595
vt 0.708594 0.347307
vt 0.708313 0.347016
vt 0.708033 0.346723
vt 0.707754 0.346429
vt 0.707476 0.346133
vt 0.691706 0.317308
vt 0.691924 0.317389
vt 0.692123 0.317525
vt 0.707496 0.330872
vt 0.709336 0.333074
vt 0.710496 0.335689
vt 0.710905 0.338516
vt 0.710533 0.341342
vt 0.709341 0.343943
vt 0.692068 0.315394
vt 0.692602 0.315585
vt 0.693107 0.315845
vt 0.691997 0.315771
vt 0.692473 0.315944
vt 0.692918 0.316186
vt 0.691921 0.316151
vt 0.692338 0.316302
vt 0.692725 0.316525
vt 0.691848 0.316533
vt 0.692201 0.316662
vt 0.692528 0.316861
vt 0.691774 0.316919
vt 0.692063 0.317026
vt 0.692327 0.317193
vt 0.708904 0.329424
vt 0.708619 0.329709
vt 0.708336 0.329997
vt 0.708055 0.330287
vt 0.707775 0.330579
vt 0.710990 0.332068
vt 0.712336 0.335171
vt 0.712808 0.338513
vt 0.712353 0.341855
vt 0.710982 0.344944
vt 0.710657 0.332267
vt 0.711967 0.335274
vt 0.712427 0.338513
vt 0.711987 0.341753
vt 0.710651 0.344747
vt 0.710325 0.332467
vt 0.711598 0.335377
vt 0.712045 0.338514
vt 0.711622 0.341651
vt 0.710321 0.344549
vt 0.709994 0.332669
vt 0.711230 0.335480
vt 0.711665 0.338514
vt 0.711258 0.341548
vt 0.709993 0.344349
vt 0.709664 0.332871
vt 0.710863 0.335584
vt 0.711285 0.338515
vt 0.710895 0.341445
vt 0.709666 0.344147
vt 0.514610 0.220073
vt 0.513187 0.223243
vt 0.511703 0.222419
vt 0.513667 0.219495
vt 0.515624 0.220434
vt 0.514800 0.223828
vt 0.516657 0.220537
vt 0.516488 0.224146
vt 0.496011 0.209266
vt 0.498619 0.206709
vt 0.496766 0.189460
vt 0.493785 0.187541
vt 0.496785 0.183952
vt 0.499193 0.186540
vt 0.495161 0.192879
vt 0.491789 0.191794
vt 0.494520 0.196579
vt 0.490985 0.196429
vt 0.494915 0.200299
vt 0.491467 0.201115
vt 0.496314 0.203776
vt 0.493198 0.205497
vt 0.512851 0.171342
vt 0.514783 0.174417
vt 0.516742 0.173434
vt 0.515967 0.169999
vt 0.517644 0.169693
vt 0.517799 0.173291
vt 0.515724 0.173823
vt 0.514352 0.170559
vt 0.695572 0.169693
vt 0.695417 0.173303
vt 0.697449 0.173762
vt 0.698868 0.170591
vt 0.700348 0.171418
vt 0.698383 0.174341
vt 0.696441 0.173405
vt 0.697258 0.170008
vt 0.715979 0.184608
vt 0.713379 0.187172
vt 0.715530 0.204511
vt 0.718551 0.206363
vt 0.715615 0.210024
vt 0.713154 0.207486
vt 0.717064 0.201052
vt 0.720460 0.202056
vt 0.717614 0.197327
vt 0.721159 0.197393
vt 0.717160 0.193588
vt 0.720595 0.192715
vt 0.715712 0.190116
vt 0.718811 0.188354
vt 0.699733 0.222975
vt 0.697754 0.219931
vt 0.695834 0.220917
vt 0.696607 0.224342
vt 0.694923 0.224646
vt 0.694781 0.221046
vt 0.696842 0.220537
vt 0.698230 0.223777
vt 0.717611 0.182831
vt 0.720905 0.187148
vt 0.720555 0.187349
vt 0.717345 0.183134
vt 0.722925 0.192106
vt 0.722535 0.192208
vt 0.723567 0.197427
vt 0.723164 0.197421
vt 0.722773 0.202730
vt 0.722386 0.202616
vt 0.720609 0.207623
vt 0.720265 0.207412
vt 0.717216 0.211828
vt 0.716956 0.211521
vt 0.720205 0.187550
vt 0.717078 0.183435
vt 0.722146 0.192309
vt 0.722761 0.197415
vt 0.721999 0.202503
vt 0.719922 0.207201
vt 0.716693 0.211215
vt 0.719856 0.187752
vt 0.716807 0.183734
vt 0.721757 0.192411
vt 0.722359 0.197410
vt 0.721613 0.202391
vt 0.719578 0.206991
vt 0.716428 0.210912
vt 0.719507 0.187953
vt 0.716535 0.184029
vt 0.721368 0.192513
vt 0.721958 0.197404
vt 0.721228 0.202279
vt 0.719235 0.206781
vt 0.716160 0.210613
vt 0.719159 0.188154
vt 0.716259 0.184320
vt 0.720981 0.192614
vt 0.721557 0.197398
vt 0.720843 0.202167
vt 0.718892 0.206571
vt 0.715889 0.210317
vt 0.700585 0.171096
vt 0.700825 0.170776
vt 0.701070 0.170459
vt 0.701320 0.170145
vt 0.701575 0.169833
vt 0.701833 0.169523
vt 0.699965 0.223301
vt 0.700201 0.223624
vt 0.700442 0.223945
vt 0.700688 0.224263
vt 0.700938 0.224578
vt 0.701192 0.224891
vt 0.695597 0.167274
vt 0.697843 0.167670
vt 0.697739 0.168060
vt 0.695598 0.167678
vt 0.699903 0.168418
vt 0.699728 0.168781
vt 0.697639 0.168450
vt 0.695596 0.168081
vt 0.699553 0.169143
vt 0.697541 0.168840
vt 0.695593 0.168484
vt 0.699379 0.169505
vt 0.697446 0.169231
vt 0.695588 0.168887
vt 0.699206 0.169868
vt 0.697351 0.169620
vt 0.695581 0.169290
vt 0.699036 0.170230
vt 0.699236 0.225971
vt 0.699068 0.225604
vt 0.697170 0.226684
vt 0.697072 0.226294
vt 0.694943 0.227064
vt 0.694944 0.226661
vt 0.698899 0.225238
vt 0.696977 0.225903
vt 0.694943 0.226258
vt 0.698730 0.224872
vt 0.696884 0.225512
vt 0.694941 0.225854
vt 0.698561 0.224507
vt 0.696792 0.225121
vt 0.694937 0.225451
vt 0.698395 0.224142
vt 0.696700 0.224730
vt 0.694931 0.225048
vt 0.517634 0.169290
vt 0.517626 0.168887
vt 0.517620 0.168484
vt 0.517615 0.168081
vt 0.517612 0.167678
vt 0.517610 0.167274
vt 0.516477 0.224549
vt 0.516468 0.224952
vt 0.516461 0.225355
vt 0.516455 0.225758
vt 0.516452 0.226161
vt 0.516449 0.226565
vt 0.511423 0.169402
vt 0.513358 0.168358
vt 0.513525 0.168725
vt 0.511671 0.169720
vt 0.515401 0.167655
vt 0.515500 0.168045
vt 0.513692 0.169091
vt 0.511916 0.170039
vt 0.515597 0.168436
vt 0.513860 0.169458
vt 0.512157 0.170361
vt 0.515691 0.168827
vt 0.514026 0.169825
vt 0.512393 0.170685
vt 0.515783 0.169218
vt 0.514190 0.170192
vt 0.512624 0.171013
vt 0.515875 0.169609
vt 0.514204 0.226163
vt 0.514310 0.225775
vt 0.512147 0.225414
vt 0.512323 0.225052
vt 0.510220 0.224315
vt 0.510478 0.224005
vt 0.514413 0.225385
vt 0.512499 0.224690
vt 0.510732 0.223693
vt 0.514512 0.224995
vt 0.512675 0.224329
vt 0.510982 0.223379
vt 0.514609 0.224605
vt 0.512848 0.223967
vt 0.511227 0.223062
vt 0.514705 0.224216
vt 0.513019 0.223605
vt 0.511467 0.222742
vt 0.496517 0.183654
vt 0.496252 0.183352
vt 0.495990 0.183047
vt 0.495731 0.182739
vt 0.495475 0.182428
vt 0.495220 0.182115
vt 0.495731 0.209553
vt 0.495455 0.209843
vt 0.495181 0.210138
vt 0.494911 0.210436
vt 0.494642 0.210736
vt 0.494376 0.211039
vt 0.491089 0.206675
vt 0.491442 0.206479
vt 0.489127 0.201680
vt 0.489519 0.201586
vt 0.488579 0.196340
vt 0.488982 0.196356
vt 0.489494 0.191063
vt 0.489877 0.191186
vt 0.491756 0.186235
vt 0.492094 0.186454
vt 0.491794 0.206283
vt 0.489910 0.201492
vt 0.489384 0.196371
vt 0.490261 0.191309
vt 0.492433 0.186672
vt 0.492146 0.206086
vt 0.490301 0.201397
vt 0.489786 0.196386
vt 0.490644 0.191431
vt 0.492771 0.186890
vt 0.492498 0.205889
vt 0.490691 0.201303
vt 0.490187 0.196401
vt 0.491027 0.191553
vt 0.493110 0.187108
vt 0.492848 0.205693
vt 0.491080 0.201209
vt 0.490586 0.196415
vt 0.491409 0.191673
vt 0.493448 0.187325
vt 0.758646 0.602124
vt 0.738327 0.602124
vt 0.738327 0.601721
vt 0.758646 0.601721
vt 0.758646 0.602527
vt 0.738327 0.602527
vt 0.758646 0.602929
vt 0.738327 0.602929
vt 0.758646 0.603331
vt 0.738327 0.603331
vt 0.758646 0.603732
vt 0.738327 0.603732
vt 0.758646 0.604132
vt 0.738327 0.604132
vt 0.682709 0.737692
vt 0.676265 0.737692
vt 0.676265 0.737288
vt 0.682709 0.737288
vt 0.669822 0.737692
vt 0.669822 0.737288
vt 0.663379 0.737692
vt 0.663379 0.737288
vt 0.718997 0.601721
vt 0.725440 0.601721
vt 0.725440 0.602124
vt 0.718997 0.602124
vt 0.731883 0.601721
vt 0.731883 0.602124
vt 0.676265 0.736885
vt 0.682709 0.736885
vt 0.669822 0.736885
vt 0.663379 0.736885
vt 0.725440 0.602527
vt 0.718997 0.602527
vt 0.731883 0.602527
vt 0.676265 0.736483
vt 0.682709 0.736483
vt 0.669822 0.736483
vt 0.663379 0.736483
vt 0.725440 0.602929
vt 0.718997 0.602929
vt 0.731883 0.602929
vt 0.676265 0.736081
vt 0.682709 0.736081
vt 0.669822 0.736081
vt 0.663379 0.736081
vt 0.725440 0.603331
vt 0.718997 0.603331
vt 0.731883 0.603331
vt 0.676265 0.735680
vt 0.682709 0.735680
vt 0.669822 0.735680
vt 0.663379 0.735680
vt 0.725440 0.603732
vt 0.718997 0.603732
vt 0.731883 0.603732
vt 0.676265 0.735280
vt 0.682709 0.735280
vt 0.669822 0.735280
vt 0.663379 0.735280
vt 0.725440 0.604132
vt 0.718997 0.604132
vt 0.731883 0.604132
vt 0.761830 0.601721
vt 0.761830 0.602124
vt 0.765014 0.601721
vt 0.765014 0.602124
vt 0.768198 0.601721
vt 0.768198 0.602124
vt 0.761830 0.602527
vt 0.765014 0.602527
vt 0.768198 0.602527
vt 0.761830 0.602929
vt 0.765014 0.602929
vt 0.768198 0.602929
vt 0.761830 0.603331
vt 0.765014 0.603331
vt 0.768198 0.603331
vt 0.761830 0.603732
vt 0.765014 0.603732
vt 0.768198 0.603732
vt 0.761830 0.604132
vt 0.765014 0.604132
vt 0.768198 0.604132
vt 0.738327 0.436643
vt 0.758646 0.436643
vt 0.761830 0.436643
vt 0.765014 0.436643
vt 0.768198 0.436643
vt 0.946382 0.602124
vt 0.946382 0.601721
vt 0.946382 0.602527
vt 0.946382 0.602929
vt 0.946382 0.603331
vt 0.946382 0.603732
vt 0.946382 0.604132
vt 0.676265 0.902769
vt 0.682709 0.902769
vt 0.669822 0.902769
vt 0.663379 0.902769
vt 0.725440 0.436643
vt 0.718997 0.436643
vt 0.731883 0.436643
vt 0.703028 0.737288
vt 0.703028 0.737692
vt 0.703028 0.736885
vt 0.703028 0.736483
vt 0.703028 0.736081
vt 0.703028 0.735680
vt 0.703028 0.735280
vt 0.703028 0.902769
vt 0.712579 0.737692
vt 0.709396 0.737692
vt 0.709396 0.737288
vt 0.712579 0.737288
vt 0.706212 0.737692
vt 0.706212 0.737288
vt 0.709396 0.736885
vt 0.712579 0.736885
vt 0.706212 0.736885
vt 0.709396 0.736483
vt 0.712579 0.736483
vt 0.706212 0.736483
vt 0.709396 0.736081
vt 0.712579 0.736081
vt 0.706212 0.736081
vt 0.709396 0.735680
vt 0.712579 0.735680
vt 0.706212 0.735680
vt 0.709396 0.735280
vt 0.712579 0.735280
vt 0.706212 0.735280
vt 0.709396 0.902769
vt 0.712579 0.902769
vt 0.706212 0.902769
vt 0.890764 0.737288
vt 0.890764 0.737692
vt 0.890764 0.736885
vt 0.890764 0.736483
vt 0.890764 0.736081
vt 0.890764 0.735680
vt 0.890764 0.735280
vt 0.890764 0.902769
vt 0.900315 0.737692
vt 0.897131 0.737692
vt 0.897131 0.737288
vt 0.900315 0.737288
vt 0.893947 0.737692
vt 0.893947 0.737288
vt 0.897131 0.736885
vt 0.900315 0.736885
vt 0.893947 0.736885
vt 0.897131 0.736483
vt 0.900315 0.736483
vt 0.893947 0.736483
vt 0.897131 0.736081
vt 0.900315 0.736081
vt 0.893947 0.736081
vt 0.897131 0.735680
vt 0.900315 0.735680
vt 0.893947 0.735680
vt 0.897131 0.735280
vt 0.900315 0.735280
vt 0.893947 0.735280
vt 0.897131 0.902769
vt 0.900315 0.902769
vt 0.893947 0.902769
vt 0.920634 0.737288
vt 0.920634 0.737692
vt 0.920634 0.736885
vt 0.920634 0.736483
vt 0.920634 0.736081
vt 0.920634 0.735680
vt 0.920634 0.735280
vt 0.920634 0.902769
vt 0.976253 0.601721
vt 0.982696 0.601721
vt 0.982696 0.602124
vt 0.976253 0.602124
vt 0.989139 0.601721
vt 0.989139 0.602124
vt 0.995583 0.601721
vt 0.995583 0.602124
vt 0.939964 0.737692
vt 0.933521 0.737692
vt 0.933521 0.737288
vt 0.939964 0.737288
vt 0.927078 0.737692
vt 0.927078 0.737288
vt 0.982696 0.602527
vt 0.976253 0.602527
vt 0.989139 0.602527
vt 0.995583 0.602527
vt 0.933521 0.736885
vt 0.939964 0.736885
vt 0.927078 0.736885
vt 0.982696 0.602929
vt 0.976253 0.602929
vt 0.989139 0.602929
vt 0.995583 0.602929
vt 0.933521 0.736483
vt 0.939964 0.736483
vt 0.927078 0.736483
vt 0.982696 0.603331
vt 0.976253 0.603331
vt 0.989139 0.603331
vt 0.995583 0.603331
vt 0.933521 0.736081
vt 0.939964 0.736081
vt 0.927078 0.736081
vt 0.982696 0.603732
vt 0.976253 0.603732
vt 0.989139 0.603732
vt 0.995583 0.603732
vt 0.933521 0.735680
vt 0.939964 0.735680
vt 0.927078 0.735680
vt 0.982696 0.604132
vt 0.976253 0.604132
vt 0.989139 0.604132
vt 0.995583 0.604132
vt 0.933521 0.735280
vt 0.939964 0.735280
vt 0.927078 0.735280
vt 0.982696 0.436643
vt 0.976253 0.436643
vt 0.989139 0.436643
vt 0.995583 0.436643
vt 0.933521 0.902769
vt 0.939964 0.902769
vt 0.927078 0.902769
vt 0.955933 0.602124
vt 0.955933 0.601721
vt 0.955933 0.602527
vt 0.955933 0.602929
vt 0.955933 0.603331
vt 0.955933 0.603732
vt 0.955933 0.604132
vt 0.955933 0.436643
vt 0.949565 0.436643
vt 0.949565 0.601721
vt 0.946382 0.436643
vt 0.952749 0.436643
vt 0.952749 0.601721
vt 0.949565 0.602124
vt 0.952749 0.602124
vt 0.949565 0.602527
vt 0.952749 0.602527
vt 0.949565 0.602929
vt 0.952749 0.602929
vt 0.949565 0.603331
vt 0.952749 0.603331
vt 0.949565 0.603732
vt 0.952749 0.603732
vt 0.949565 0.604132
vt 0.952749 0.604132
vt 0.468715 0.463389
vt 0.472685 0.463389
vt 0.473162 0.466702
vt 0.469353 0.467821
vt 0.695856 0.467821
vt 0.692047 0.466702
vt 0.692524 0.463389
vt 0.696494 0.463389
vt 0.473162 0.460075
vt 0.469353 0.458956
vt 0.693995 0.454883
vt 0.695856 0.458956
vt 0.692047 0.460075
vt 0.690656 0.457031
vt 0.474553 0.469746
vt 0.476746 0.472275
vt 0.474148 0.475277
vt 0.471214 0.471894
vt 0.675738 0.438239
vt 0.691061 0.451501
vt 0.688463 0.454502
vt 0.673140 0.441241
vt 0.489471 0.488538
vt 0.492069 0.485536
vt 0.492575 0.485878
vt 0.490757 0.489407
vt 0.672634 0.440899
vt 0.672062 0.440686
vt 0.672997 0.436827
vt 0.674452 0.437370
vt 0.493754 0.440613
vt 0.493148 0.440686
vt 0.492212 0.436827
vt 0.493754 0.436643
vt 0.691061 0.475277
vt 0.688463 0.472275
vt 0.690656 0.469746
vt 0.693995 0.471894
vt 0.672997 0.489950
vt 0.672062 0.486091
vt 0.672634 0.485878
vt 0.674452 0.489407
vt 0.493148 0.486091
vt 0.492212 0.489950
vt 0.493754 0.486164
vt 0.671455 0.486164
vt 0.671455 0.490134
vt 0.493754 0.490134
vt 0.671455 0.440613
vt 0.671455 0.436643
vt 0.673140 0.485536
vt 0.675738 0.488538
vt 0.474553 0.457031
vt 0.471214 0.454883
vt 0.476746 0.454502
vt 0.474148 0.451501
vt 0.490757 0.437370
vt 0.492575 0.440899
vt 0.492069 0.441241
vt 0.489471 0.438239
vt 0.495564 0.039054
vt 0.493520 0.043526
vt 0.489451 0.042330
vt 0.491997 0.036759
vt 0.492820 0.048392
vt 0.488579 0.048392
vt 0.493520 0.053259
vt 0.489451 0.054455
vt 0.495564 0.057731
vt 0.498786 0.061446
vt 0.496010 0.064653
vt 0.491997 0.060026
vt 0.496010 0.032132
vt 0.498786 0.035339
vt 0.705168 0.018871
vt 0.720491 0.032132
vt 0.717716 0.035339
vt 0.702393 0.022078
vt 0.513756 0.017233
vt 0.515698 0.021004
vt 0.514109 0.022078
vt 0.511333 0.018871
vt 0.700804 0.021004
vt 0.699006 0.020334
vt 0.700005 0.016211
vt 0.702746 0.017233
vt 0.700804 0.075781
vt 0.702393 0.074707
vt 0.705168 0.077914
vt 0.702746 0.079552
vt 0.514109 0.074707
vt 0.511333 0.077914
vt 0.720491 0.064653
vt 0.717716 0.061446
vt 0.720937 0.057731
vt 0.724505 0.060026
vt 0.723681 0.048392
vt 0.722981 0.043526
vt 0.727051 0.042330
vt 0.727923 0.048392
vt 0.519400 0.020106
vt 0.517496 0.020334
vt 0.516496 0.016211
vt 0.519400 0.015865
vt 0.519400 0.076679
vt 0.697101 0.076679
vt 0.697101 0.080920
vt 0.519400 0.080920
vt 0.699006 0.076451
vt 0.700005 0.080573
vt 0.515698 0.075781
vt 0.517496 0.076451
vt 0.516496 0.080573
vt 0.513756 0.079552
vt 0.720937 0.039054
vt 0.724505 0.036759
vt 0.722981 0.053259
vt 0.727051 0.054455
vt 0.697101 0.020106
vt 0.697101 0.015865
vt 0.961333 0.152852
vt 0.967349 0.152852
vt 0.967349 0.155152
vt 0.961333 0.155152
vt 0.988148 0.124417
vt 0.977224 0.124417
vt 0.977224 0.122117
vt 0.988148 0.122117
vt 0.512415 0.038258
vt 0.518431 0.038258
vt 0.518431 0.040558
vt 0.512415 0.040558
vt 0.733894 0.128259
vt 0.733894 0.130558
vt 0.722969 0.130558
vt 0.722969 0.128259
vt 0.687215 0.033971
vt 0.698139 0.033971
vt 0.698139 0.039987
vt 0.687215 0.039987
vt 0.639542 0.051079
vt 0.650467 0.051079
vt 0.650467 0.057095
vt 0.639542 0.057095
vt 0.979267 0.144907
vt 0.973251 0.144907
vt 0.973251 0.142607
vt 0.979267 0.142607
vt 0.643515 0.181246
vt 0.654439 0.181246
vt 0.654439 0.183546
vt 0.643515 0.183546
vt 0.748849 0.130608
vt 0.742833 0.130608
vt 0.742833 0.128308
vt 0.748849 0.128308
vt 0.634576 0.181245
vt 0.634576 0.183544
vt 0.623651 0.183544
vt 0.623651 0.181245
vt 0.758724 0.113734
vt 0.769648 0.113734
vt 0.769648 0.119750
vt 0.758724 0.119750
vt 0.614712 0.187260
vt 0.603788 0.187260
vt 0.603788 0.181244
vt 0.614712 0.181244
vt 0.669395 0.183547
vt 0.663379 0.183547
vt 0.663379 0.181247
vt 0.669395 0.181247
vt 0.977224 0.132362
vt 0.988148 0.132362
vt 0.988148 0.134662
vt 0.977224 0.134662
vt 0.687215 0.061894
vt 0.693231 0.061894
vt 0.693231 0.064194
vt 0.687215 0.064194
vt 0.952394 0.144602
vt 0.952394 0.146902
vt 0.941469 0.146902
vt 0.941469 0.144602
vt 0.698139 0.053949
vt 0.687215 0.053949
vt 0.687215 0.047933
vt 0.698139 0.047933
vt 0.619679 0.051079
vt 0.630603 0.051079
vt 0.630603 0.057095
vt 0.619679 0.057095
vt 0.947485 0.157147
vt 0.941469 0.157147
vt 0.941469 0.154847
vt 0.947485 0.154847
vt 0.683242 0.123076
vt 0.694167 0.123076
vt 0.694167 0.125376
vt 0.683242 0.125376
vt 0.659406 0.051079
vt 0.665422 0.051079
vt 0.665422 0.053379
vt 0.659406 0.053379
vt 0.602794 0.127140
vt 0.602794 0.129439
vt 0.591870 0.129439
vt 0.591870 0.127140
vt 0.781567 0.105789
vt 0.770642 0.105789
vt 0.770642 0.099773
vt 0.781567 0.099773
vt 0.733894 0.172792
vt 0.722969 0.172792
vt 0.722969 0.166776
vt 0.733894 0.166776
vt 0.989142 0.142607
vt 0.995158 0.142607
vt 0.995158 0.144907
vt 0.989142 0.144907
vt 0.985169 0.111872
vt 0.996094 0.111872
vt 0.996094 0.114172
vt 0.985169 0.114172
vt 0.728985 0.018055
vt 0.722969 0.018055
vt 0.722969 0.015755
vt 0.728985 0.015755
vt 0.622658 0.127140
vt 0.622658 0.129439
vt 0.611733 0.129439
vt 0.611733 0.127140
vt 0.594849 0.187258
vt 0.583924 0.187258
vt 0.583924 0.181242
vt 0.594849 0.181242
vt 0.715024 0.084099
vt 0.725948 0.084099
vt 0.725948 0.090115
vt 0.715024 0.090115
vt 0.510486 0.050803
vt 0.504470 0.050803
vt 0.504470 0.048503
vt 0.510486 0.048503
vt 0.572006 0.127140
vt 0.582930 0.127140
vt 0.582930 0.129439
vt 0.572006 0.129439
vt 0.748849 0.169140
vt 0.742833 0.169140
vt 0.742833 0.166841
vt 0.748849 0.166841
vt 0.714030 0.128086
vt 0.714030 0.130385
vt 0.703106 0.130385
vt 0.703106 0.128086
vt 0.674303 0.129092
vt 0.663379 0.129092
vt 0.663379 0.123076
vt 0.674303 0.123076
vt 0.643515 0.123076
vt 0.654439 0.123076
vt 0.654439 0.129092
vt 0.643515 0.129092
vt 0.676735 0.065026
vt 0.676427 0.065769
vt 0.674983 0.064935
vt 0.945126 0.083810
vt 0.945332 0.083833
vt 0.944953 0.099039
vt 0.748675 0.118772
vt 0.748467 0.118788
vt 0.748129 0.103286
vt 0.911152 0.083558
vt 0.911360 0.083543
vt 0.911590 0.099003
vt 0.607865 0.030336
vt 0.608173 0.029592
vt 0.609617 0.030426
vt 0.552079 0.104334
vt 0.551871 0.104353
vt 0.551481 0.088916
vt 0.673758 0.067310
vt 0.673758 0.065643
vt 0.674556 0.067205
vt 0.674556 0.028157
vt 0.675299 0.028464
vt 0.674465 0.029908
vt 0.673758 0.029719
vt 0.609428 0.031133
vt 0.607760 0.031133
vt 0.609301 0.028464
vt 0.610045 0.028157
vt 0.610842 0.029719
vt 0.610135 0.029908
vt 0.675937 0.066407
vt 0.626976 0.104731
vt 0.626976 0.105255
vt 0.564060 0.105255
vt 0.564060 0.104731
vt 0.673758 0.028052
vt 0.610842 0.028052
vt 0.748423 0.119840
vt 0.748884 0.119836
vt 0.748993 0.120363
vt 0.748383 0.120363
vt 0.552492 0.104279
vt 0.552286 0.104308
vt 0.552045 0.088863
vt 0.910138 0.082999
vt 0.909688 0.082752
vt 0.910175 0.082250
vt 0.910483 0.082674
vt 0.911063 0.083029
vt 0.910916 0.082508
vt 0.911381 0.082492
vt 0.911364 0.083017
vt 0.552170 0.104872
vt 0.552449 0.104793
vt 0.552733 0.105248
vt 0.552298 0.105400
vt 0.551865 0.104878
vt 0.551836 0.105403
vt 0.609428 0.064228
vt 0.609617 0.064935
vt 0.607865 0.065026
vt 0.607760 0.064228
vt 0.910945 0.083576
vt 0.910780 0.083109
vt 0.552683 0.104654
vt 0.675173 0.064228
vt 0.676840 0.064228
vt 0.675299 0.066897
vt 0.674465 0.065453
vt 0.610842 0.065643
vt 0.610842 0.067310
vt 0.610045 0.067205
vt 0.675937 0.028954
vt 0.674983 0.030426
vt 0.608173 0.065769
vt 0.608663 0.066407
vt 0.944713 0.082722
vt 0.944718 0.083247
vt 0.748456 0.119315
vt 0.715041 0.119548
vt 0.715058 0.119025
vt 0.944711 0.083773
vt 0.749088 0.118722
vt 0.748882 0.118750
vt 0.748693 0.103241
vt 0.944919 0.083789
vt 0.626976 0.088866
vt 0.626976 0.104206
vt 0.564060 0.104206
vt 0.564060 0.088866
vt 0.626976 0.105780
vt 0.564060 0.105780
vt 0.944388 0.098996
vt 0.910739 0.083598
vt 0.911025 0.099039
vt 0.911398 0.081968
vt 0.944708 0.082197
vt 0.551800 0.105926
vt 0.488579 0.105679
vt 0.488592 0.105154
vt 0.608663 0.028954
vt 0.945019 0.083264
vt 0.945178 0.082747
vt 0.676427 0.029592
vt 0.676735 0.030336
vt 0.488606 0.104630
vt 0.488619 0.104107
vt 0.910783 0.082001
vt 0.553089 0.104938
vt 0.553530 0.105207
vt 0.553025 0.105693
vt 0.910545 0.083260
vt 0.945607 0.082923
vt 0.945300 0.083350
vt 0.749043 0.119234
vt 0.749321 0.119689
vt 0.748757 0.119308
vt 0.715075 0.118502
vt 0.609301 0.066897
vt 0.610135 0.065453
vt 0.675173 0.031133
vt 0.676840 0.031133
vt 0.715024 0.120072
vt 0.488963 0.088863
vt 0.715387 0.103326
vt 0.749681 0.119381
vt 0.750119 0.119650
vt 0.749609 0.120129
vt 0.945322 0.082243
vt 0.945925 0.082507
vt 0.945532 0.083505
vt 0.945944 0.083255
vt 0.749285 0.119092
vt 0.552402 0.105922
vt 0.946400 0.083019
vt 0.703675 0.115131
vt 0.643515 0.115131
vt 0.643515 0.109662
vt 0.703675 0.109662
vt 0.643515 0.037664
vt 0.656365 0.037664
vt 0.656365 0.043134
vt 0.643515 0.043134
vt 0.572006 0.113725
vt 0.632166 0.113725
vt 0.632166 0.119194
vt 0.572006 0.119194
vt 0.632529 0.037664
vt 0.632529 0.043134
vt 0.619679 0.043134
vt 0.619679 0.037664
vt 0.635570 0.101716
vt 0.635570 0.088866
vt 0.695729 0.088866
vt 0.695729 0.101716
vt 0.500497 0.126722
vt 0.500497 0.113872
vt 0.560657 0.113872
vt 0.560657 0.126722
s 0
usemtl Charge
f 1/1/1 2/2/1 3/3/2 4/4/2
f 5/5/3 6/6/4 2/2/5 1/1/5
f 7/7/6 8/8/7 6/6/8 5/5/8
f 9/9/9 10/10/9 8/8/6 7/7/10
f 11/11/11 12/12/11 10/10/12 9/9/12
f 13/13/2 4/4/2 3/3/2 14/14/2
f 15/15/13 16/16/13 17/17/14 18/18/14
f 19/19/15 20/20/16 16/16/17 15/15/17
f 21/21/18 22/22/18 20/20/16 19/19/19
f 23/23/20 24/24/20 22/22/21 21/21/21
f 13/13/2 14/14/2 24/24/22 23/23/22
f 25/25/23 26/26/23 4/4/2 13/13/2
f 27/27/24 28/28/24 26/26/23 25/25/23
f 29/29/25 30/30/25 28/28/26 27/27/26
f 31/31/27 32/32/27 30/30/25 29/29/25
f 33/33/28 34/34/28 32/32/27 31/31/27
f 35/35/29 36/36/29 34/34/28 33/33/28
f 37/37/29 38/38/29 39/39/30 40/40/31
f 38/38/29 41/41/29 42/42/32 39/39/30
f 41/41/29 43/43/29 44/44/33 42/42/32
f 43/43/29 45/45/29 46/46/34 44/44/33
f 45/45/29 35/35/29 33/33/28 46/46/34
f 40/40/31 39/39/30 47/47/35 48/48/36
f 39/39/30 42/42/32 49/49/37 47/47/35
f 42/42/32 44/44/33 50/50/38 49/49/39
f 44/44/33 46/46/34 51/51/40 50/50/38
f 46/46/34 33/33/28 31/31/27 51/51/41
f 48/48/36 47/47/35 52/52/42 53/53/43
f 47/47/35 49/49/37 54/54/44 52/52/45
f 49/49/37 50/50/38 55/55/46 54/54/47
f 50/50/38 51/51/40 56/56/48 55/55/49
f 51/51/40 31/31/27 29/29/25 56/56/48
f 53/53/43 52/52/45 57/57/50 58/58/51
f 52/52/45 54/54/47 59/59/52 57/57/50
f 54/54/47 55/55/49 60/60/53 59/59/54
f 55/55/49 56/56/48 61/61/55 60/60/53
f 56/56/48 29/29/25 27/27/56 61/61/55
f 58/58/51 57/57/50 62/62/57 63/63/58
f 57/57/50 59/59/52 64/64/59 62/62/60
f 59/59/54 60/60/53 65/65/61 64/64/62
f 60/60/63 61/61/55 66/66/64 65/65/65
f 61/61/55 27/27/26 25/25/23 66/66/64
f 63/63/58 62/62/66 15/15/17 18/18/14
f 62/62/67 64/64/62 19/19/16 15/15/17
f 64/64/62 65/65/65 21/21/18 19/19/15
f 65/65/65 66/66/64 23/23/68 21/21/18
f 66/66/64 25/25/23 13/13/2 23/23/68
f 67/67/69 68/68/69 69/69/70 70/70/70 71/71/71
f 72/72/72 73/73/72 68/68/69 67/67/69 74/74/73 75/75/74
f 76/76/75 77/77/75 73/73/72 72/72/72 78/78/76 79/79/77
f 80/80/78 81/81/79 77/77/75 76/76/80
f 18/18/14 17/17/14 81/81/79 80/80/78
f 80/80/78 82/82/81 63/63/58 18/18/14
f 82/82/81 83/83/82 58/58/51 63/63/58
f 83/83/83 84/84/84 53/53/43 58/58/51
f 84/84/84 85/85/85 48/48/36 53/53/43
f 85/85/85 86/86/86 40/40/31 48/48/36
f 86/86/86 87/87/29 37/37/29 40/40/31
f 79/79/77 88/88/87 82/82/81 80/80/78 76/76/75
f 88/88/87 89/89/88 83/83/83 82/82/89
f 89/89/90 90/90/91 84/84/92 83/83/83
f 90/90/93 91/91/94 85/85/85 84/84/92
f 91/91/94 92/92/95 86/86/96 85/85/85
f 92/92/95 93/93/29 87/87/29 86/86/86
f 78/78/76 94/94/97 88/88/87 79/79/77
f 94/94/97 95/95/98 89/89/90 88/88/87
f 95/95/99 96/96/100 90/90/93 89/89/88
f 96/96/100 97/97/101 91/91/94 90/90/93
f 97/97/101 98/98/102 92/92/95 91/91/94
f 98/98/102 99/99/29 93/93/29 92/92/95
f 75/75/103 100/100/104 94/94/97 78/78/76 72/72/72
f 100/100/104 101/101/105 95/95/99 94/94/97
f 101/101/105 102/102/106 96/96/107 95/95/99
f 102/102/106 103/103/108 97/97/101 96/96/109
f 103/103/110 104/104/111 98/98/102 97/97/101
f 104/104/111 105/105/29 99/99/29 98/98/102
f 74/74/73 106/106/112 100/100/104 75/75/74
f 106/106/112 107/107/113 101/101/114 100/100/104
f 107/107/113 108/108/115 102/102/106 101/101/105
f 108/108/115 109/109/116 103/103/108 102/102/106
f 109/109/117 110/110/118 104/104/111 103/103/110
f 110/110/118 111/111/29 105/105/29 104/104/111
f 71/71/71 112/112/119 106/106/120 74/74/73 67/67/69
f 112/112/119 113/113/121 107/107/113 106/106/120
f 113/113/121 114/114/122 108/108/123 107/107/113
f 114/114/124 115/115/125 109/109/116 108/108/115
f 115/115/125 116/116/126 110/110/118 109/109/117
f 116/116/127 117/117/29 111/111/29 110/110/118
f 70/70/70 118/118/128 112/112/119 71/71/71
f 118/118/128 119/119/129 113/113/121 112/112/119
f 119/119/129 120/120/130 114/114/122 113/113/121
f 120/120/130 121/121/131 115/115/125 114/114/122
f 121/121/131 122/122/132 116/116/126 115/115/125
f 122/122/132 123/123/29 117/117/29 116/116/126
f 124/124/133 125/125/133 126/126/134 127/127/134
f 128/128/135 129/129/135 125/125/136 124/124/136
f 130/130/137 131/131/138 129/129/139 128/128/139
f 132/132/140 133/133/140 131/131/141 130/130/137
f 70/70/70 69/69/70 133/133/142 132/132/142
f 134/134/29 135/135/29 136/136/143 137/137/144
f 135/135/29 138/138/29 139/139/145 136/136/143
f 138/138/29 140/140/29 141/141/146 139/139/145
f 140/140/29 142/142/29 143/143/147 141/141/146
f 142/142/29 123/123/29 122/122/132 143/143/147
f 137/137/144 136/136/143 144/144/148 145/145/149
f 136/136/143 139/139/145 146/146/150 144/144/151
f 139/139/145 141/141/146 147/147/152 146/146/150
f 141/141/146 143/143/147 148/148/153 147/147/154
f 143/143/147 122/122/132 121/121/131 148/148/153
f 145/145/149 144/144/151 149/149/155 150/150/156
f 144/144/151 146/146/150 151/151/157 149/149/155
f 146/146/150 147/147/154 152/152/158 151/151/159
f 147/147/154 148/148/153 153/153/160 152/152/161
f 148/148/153 121/121/131 120/120/130 153/153/162
f 150/150/156 149/149/155 154/154/163 155/155/164
f 149/149/155 151/151/157 156/156/165 154/154/163
f 151/151/157 152/152/158 157/157/166 156/156/165
f 152/152/158 153/153/160 158/158/167 157/157/168
f 153/153/160 120/120/130 119/119/129 158/158/167
f 155/155/169 154/154/163 159/159/170 160/160/171
f 154/154/163 156/156/172 161/161/173 159/159/170
f 156/156/165 157/157/166 162/162/174 161/161/175
f 157/157/168 158/158/167 163/163/176 162/162/177
f 158/158/167 119/119/129 118/118/128 163/163/178
f 160/160/171 159/159/170 124/124/179 127/127/134
f 159/159/170 161/161/173 128/128/139 124/124/179
f 161/161/173 162/162/174 130/130/141 128/128/139
f 162/162/174 163/163/180 132/132/140 130/130/138
f 163/163/181 118/118/128 70/70/70 132/132/140
f 164/164/134 127/127/134 126/126/134 165/165/134
f 166/166/182 167/167/182 168/168/183 169/169/183
f 170/170/184 171/171/185 167/167/186 166/166/186
f 172/172/187 173/173/187 171/171/184 170/170/188
f 174/174/189 175/175/189 173/173/190 172/172/191
f 164/164/134 165/165/134 175/175/192 174/174/192
f 176/176/171 160/160/171 127/127/134 164/164/134
f 177/177/193 155/155/193 160/160/171 176/176/171
f 178/178/156 150/150/156 155/155/169 177/177/169
f 179/179/149 145/145/149 150/150/156 178/178/156
f 180/180/144 137/137/144 145/145/149 179/179/149
f 181/181/29 134/134/29 137/137/144 180/180/144
f 182/182/194 183/183/195 12/12/11 11/11/11
f 184/184/196 185/185/196 183/183/195 182/182/194 186/186/197
f 187/187/198 188/188/198 185/185/196 184/184/196 189/189/199
f 190/190/200 191/191/200 188/188/198 187/187/198 192/192/201 193/193/202
f 169/169/183 168/168/183 191/191/200 190/190/200 194/194/203
f 36/36/29 195/195/29 196/196/204 34/34/28
f 195/195/29 197/197/29 198/198/205 196/196/204
f 197/197/29 199/199/29 200/200/206 198/198/205
f 199/199/29 201/201/29 202/202/207 200/200/206
f 201/201/29 203/203/29 204/204/208 202/202/207
f 34/34/28 196/196/204 205/205/209 32/32/27
f 196/196/204 198/198/205 206/206/210 205/205/211
f 198/198/205 200/200/206 207/207/212 206/206/210
f 200/200/206 202/202/207 208/208/213 207/207/214
f 202/202/207 204/204/208 209/209/215 208/208/213
f 32/32/27 205/205/211 210/210/216 30/30/25
f 205/205/211 206/206/210 211/211/217 210/210/216
f 206/206/210 207/207/214 212/212/218 211/211/219
f 207/207/214 208/208/213 213/213/220 212/212/221
f 208/208/213 209/209/215 214/214/222 213/213/223
f 30/30/25 210/210/216 215/215/224 28/28/225
f 210/210/216 211/211/217 216/216/226 215/215/224
f 211/211/217 212/212/218 217/217/227 216/216/226
f 212/212/218 213/213/220 218/218/228 217/217/229
f 213/213/220 214/214/222 219/219/230 218/218/228
f 28/28/26 215/215/224 220/220/231 26/26/23
f 215/215/224 216/216/232 221/221/233 220/220/231
f 216/216/226 217/217/234 222/222/235 221/221/236
f 217/217/229 218/218/228 223/223/237 222/222/238
f 218/218/228 219/219/230 224/224/239 223/223/240
f 26/26/23 220/220/231 1/1/241 4/4/2
f 220/220/231 221/221/233 5/5/8 1/1/241
f 221/221/233 222/222/235 7/7/6 5/5/242
f 222/222/235 223/223/243 9/9/9 7/7/7
f 223/223/244 224/224/239 11/11/11 9/9/9
f 194/194/203 225/225/245 226/226/246 169/169/183
f 225/225/245 227/227/247 228/228/248 226/226/246
f 227/227/249 229/229/250 230/230/251 228/228/248
f 229/229/252 231/231/253 232/232/254 230/230/251
f 231/231/253 233/233/255 234/234/256 232/232/254
f 233/233/257 235/235/29 236/236/29 234/234/256
f 193/193/202 237/237/258 225/225/245 194/194/203 190/190/200
f 237/237/259 238/238/260 227/227/247 225/225/245
f 238/238/261 239/239/262 229/229/252 227/227/247
f 239/239/263 240/240/264 231/231/253 229/229/250
f 240/240/264 241/241/265 233/233/255 231/231/253
f 241/241/265 242/242/29 235/235/29 233/233/257
f 192/192/201 243/243/266 237/237/259 193/193/202
f 243/243/267 244/244/268 238/238/261 237/237/259
f 244/244/269 245/245/270 239/239/263 238/238/260
f 245/245/271 246/246/272 240/240/264 239/239/262
f 246/246/272 247/247/273 241/241/265 240/240/264
f 247/247/273 248/248/29 242/242/29 241/241/265
f 189/189/199 249/249/274 243/243/266 192/192/275 187/187/198
f 249/249/274 250/250/276 244/244/268 243/243/266
f 250/250/276 251/251/277 245/245/271 244/244/278
f 251/251/277 252/252/279 246/246/272 245/245/271
f 252/252/280 253/253/281 247/247/273 246/246/272
f 253/253/281 254/254/29 248/248/29 247/247/273
f 186/186/282 255/255/283 249/249/274 189/189/199 184/184/196
f 255/255/283 256/256/284 250/250/285 249/249/274
f 256/256/284 257/257/286 251/251/277 250/250/276
f 257/257/287 258/258/288 252/252/279 251/251/277
f 258/258/289 259/259/290 253/253/281 252/252/280
f 259/259/290 260/260/29 254/254/29 253/253/281
f 182/182/194 261/261/291 255/255/283 186/186/292
f 261/261/293 262/262/294 256/256/284 255/255/283
f 262/262/294 263/263/295 257/257/287 256/256/284
f 263/263/296 264/264/297 258/258/289 257/257/287
f 264/264/297 265/265/298 259/259/290 258/258/288
f 265/265/298 266/266/29 260/260/29 259/259/290
f 11/11/11 224/224/239 261/261/291 182/182/194
f 224/224/239 219/219/230 262/262/294 261/261/291
f 219/219/230 214/214/222 263/263/295 262/262/294
f 214/214/222 209/209/299 264/264/297 263/263/296
f 209/209/215 204/204/208 265/265/298 264/264/297
f 204/204/208 203/203/29 266/266/29 265/265/298
f 236/236/29 267/267/29 268/268/300 234/234/256
f 267/267/29 269/269/29 270/270/301 268/268/300
f 269/269/29 271/271/29 272/272/302 270/270/301
f 271/271/29 273/273/29 274/274/303 272/272/302
f 273/273/29 181/181/29 180/180/144 274/274/303
f 234/234/256 268/268/300 275/275/304 232/232/254
f 268/268/300 270/270/301 276/276/305 275/275/304
f 270/270/301 272/272/302 277/277/306 276/276/307
f 272/272/302 274/274/303 278/278/308 277/277/306
f 274/274/303 180/180/144 179/179/149 278/278/309
f 232/232/254 275/275/304 279/279/310 230/230/251
f 275/275/304 276/276/305 280/280/311 279/279/312
f 276/276/305 277/277/306 281/281/313 280/280/314
f 277/277/306 278/278/308 282/282/315 281/281/316
f 278/278/308 179/179/149 178/178/156 282/282/315
f 230/230/251 279/279/312 283/283/317 228/228/248
f 279/279/312 280/280/314 284/284/318 283/283/317
f 280/280/314 281/281/316 285/285/319 284/284/320
f 281/281/316 282/282/315 286/286/321 285/285/319
f 282/282/315 178/178/156 177/177/322 286/286/321
f 228/228/248 283/283/317 287/287/323 226/226/246
f 283/283/317 284/284/318 288/288/324 287/287/325
f 284/284/326 285/285/319 289/289/327 288/288/328
f 285/285/329 286/286/321 290/290/330 289/289/331
f 286/286/321 177/177/169 176/176/171 290/290/330
f 226/226/246 287/287/332 166/166/186 169/169/183
f 287/287/333 288/288/328 170/170/185 166/166/186
f 288/288/328 289/289/331 172/172/334 170/170/184
f 289/289/331 290/290/330 174/174/335 172/172/187
f 290/290/330 176/176/171 164/164/134 174/174/335
f 36/291/29 293/292/29 294/293/29
f 307/294/29 308/295/29 134/296/29
f 319/297/336 320/298/337 321/299/338 322/300/339
f 320/298/337 323/301/340 324/302/341 321/299/338
f 323/301/340 325/303/342 326/304/343 324/302/341
f 325/303/342 327/305/344 328/306/345 326/304/343
f 327/305/344 329/307/346 330/308/347 328/306/345
f 329/307/346 331/309/134 332/310/171 330/308/347
f 322/300/339 321/299/338 333/311/348 334/312/349
f 321/299/338 324/302/341 335/313/350 333/311/348
f 324/302/341 326/304/343 336/314/351 335/313/350
f 326/304/343 328/306/345 337/315/352 336/314/351
f 328/306/345 330/308/347 338/316/353 337/315/352
f 330/308/347 332/310/171 339/317/193 338/316/353
f 334/312/349 333/311/354 340/318/355 341/319/356
f 333/311/348 335/313/350 342/320/357 340/318/358
f 335/313/359 336/314/360 343/321/361 342/320/357
f 336/314/351 337/315/362 344/322/363 343/321/361
f 337/315/364 338/316/353 345/323/365 344/322/363
f 338/316/366 339/317/169 346/324/156 345/323/365
f 341/319/356 340/318/358 347/325/367 348/326/368
f 340/318/355 342/320/357 349/327/369 347/325/370
f 342/320/371 343/321/372 350/328/373 349/327/369
f 343/321/374 344/322/363 351/329/375 350/328/373
f 344/322/363 345/323/365 352/330/376 351/329/377
f 345/323/365 346/324/156 353/331/149 352/330/376
f 348/326/368 347/325/367 354/332/378 355/333/379
f 347/325/370 349/327/369 356/334/380 354/332/378
f 349/327/369 350/328/381 357/335/382 356/334/380
f 350/328/381 351/329/375 358/336/383 357/335/382
f 351/329/377 352/330/384 359/337/385 358/336/383
f 352/330/384 353/331/149 360/338/144 359/337/385
f 355/333/379 354/332/378 314/339/29 313/340/29
f 354/332/378 356/334/380 315/341/29 314/339/29
f 356/334/380 357/335/382 316/342/29 315/341/29
f 357/335/382 358/336/386 317/343/29 316/342/29
f 358/336/383 359/337/385 318/344/29 317/343/29
f 359/337/385 360/338/144 291/345/29 318/344/29
f 322/300/339 361/346/339 362/347/336 319/297/336
f 334/312/349 363/348/349 361/346/339 322/300/339
f 341/319/356 364/349/356 363/348/349 334/312/349
f 348/326/368 365/350/368 364/349/356 341/319/356
f 355/333/379 366/351/379 365/350/368 348/326/368
f 313/340/29 312/352/29 366/351/379 355/333/379
f 367/353/171 332/310/171 331/309/134 368/354/134
f 369/355/193 339/317/193 332/310/171 367/353/171
f 370/356/156 346/324/156 339/317/169 369/355/169
f 371/357/149 353/331/149 346/324/156 370/356/156
f 372/358/144 360/338/144 353/331/149 371/357/149
f 292/359/29 291/345/29 360/338/144 372/358/144
f 373/360/337 320/298/337 319/297/336 374/361/336
f 375/362/340 323/301/340 320/298/337 373/360/337
f 376/363/342 325/303/342 323/301/340 375/362/340
f 377/364/387 327/305/387 325/303/342 376/363/342
f 378/365/346 329/307/346 327/305/388 377/364/388
f 379/366/134 331/309/134 329/307/346 378/365/346
f 368/354/134 331/309/134 379/366/134 380/367/134
f 368/354/134 381/368/389 382/369/390 367/353/171
f 381/368/389 383/370/391 384/371/392 382/369/390
f 383/370/391 385/372/393 386/373/394 384/371/392
f 385/372/393 387/374/395 388/375/396 386/373/394
f 387/374/395 389/376/397 390/377/398 388/375/396
f 389/376/397 391/378/399 392/379/400 390/377/398
f 367/353/171 382/369/390 393/380/401 369/355/193
f 382/369/390 384/371/392 394/381/402 393/380/401
f 384/371/392 386/373/394 395/382/403 394/381/402
f 386/373/394 388/375/396 396/383/404 395/382/403
f 388/375/396 390/377/398 397/384/405 396/383/404
f 390/377/398 392/379/400 398/385/406 397/384/405
f 369/355/169 393/380/407 399/386/408 370/356/156
f 393/380/401 394/381/409 400/387/410 399/386/408
f 394/381/402 395/382/403 401/388/411 400/387/410
f 395/382/412 396/383/404 402/389/413 401/388/414
f 396/383/404 397/384/405 403/390/415 402/389/413
f 397/384/416 398/385/406 404/391/417 403/390/418
f 370/356/156 399/386/408 405/392/419 371/357/149
f 399/386/408 400/387/410 406/393/420 405/392/419
f 400/387/410 401/388/421 407/394/422 406/393/423
f 401/388/421 402/389/424 408/395/425 407/394/422
f 402/389/413 403/390/418 409/396/426 408/395/425
f 403/390/415 404/391/417 410/397/427 409/396/428
f 371/357/149 405/392/429 411/398/430 372/358/144
f 405/392/429 406/393/420 412/399/431 411/398/430
f 406/393/423 407/394/432 413/400/433 412/399/431
f 407/394/432 408/395/425 414/401/434 413/400/433
f 408/395/425 409/396/426 415/402/435 414/401/434
f 409/396/428 410/397/427 416/403/436 415/402/435
f 372/358/144 411/398/430 293/404/29 292/359/29
f 411/398/430 412/399/431 294/405/29 293/404/29
f 412/399/437 413/400/433 295/406/29 294/405/29
f 413/400/433 414/401/434 296/407/29 295/406/29
f 414/401/434 415/402/435 297/408/29 296/407/29
f 415/402/435 416/403/436 298/409/29 297/408/29
f 417/410/389 381/368/389 368/354/134 380/367/134
f 418/411/438 383/370/438 381/368/389 417/410/389
f 419/412/393 385/372/393 383/370/439 418/411/439
f 420/413/395 387/374/395 385/372/393 419/412/393
f 421/414/397 389/376/397 387/374/395 420/413/395
f 422/415/399 391/378/399 389/376/397 421/414/397
f 423/416/400 392/379/400 391/378/399 424/417/399
f 425/418/406 398/385/406 392/379/400 423/416/400
f 426/419/417 404/391/417 398/385/406 425/418/406
f 427/420/427 410/397/440 404/391/417 426/419/417
f 428/421/436 416/403/436 410/397/427 427/420/427
f 299/422/29 298/409/29 416/403/436 428/421/436
f 424/417/399 391/378/399 422/415/399 429/423/399
f 424/417/399 430/424/441 431/425/442 423/416/400
f 430/424/441 432/426/443 433/427/444 431/425/442
f 432/426/443 434/428/445 435/429/446 433/427/444
f 434/428/445 436/430/447 437/431/448 435/429/446
f 436/430/447 438/432/449 439/433/450 437/431/448
f 438/432/449 440/434/2 441/435/23 439/433/450
f 423/416/400 431/425/442 442/436/451 425/418/406
f 431/425/442 433/427/444 443/437/452 442/436/451
f 433/427/444 435/429/446 444/438/453 443/437/452
f 435/429/446 437/431/448 445/439/454 444/438/453
f 437/431/448 439/433/450 446/440/455 445/439/454
f 439/433/450 441/435/23 447/441/24 446/440/455
f 425/418/406 442/436/456 448/442/457 426/419/417
f 442/436/451 443/437/452 449/443/458 448/442/459
f 443/437/460 444/438/461 450/444/462 449/443/458
f 444/438/453 445/439/463 451/445/464 450/444/462
f 445/439/465 446/440/455 452/446/466 451/445/464
f 446/440/467 447/441/26 453/447/25 452/446/466
f 426/419/417 448/442/459 454/448/468 427/420/427
f 448/442/457 449/443/458 455/449/469 454/448/470
f 449/443/471 450/444/472 456/450/473 455/449/469
f 450/444/474 451/445/464 457/451/475 456/450/473
f 451/445/464 452/446/466 458/452/476 457/451/477
f 452/446/466 453/447/25 459/453/27 458/452/476
f 427/420/427 454/448/468 460/454/478 428/421/436
f 454/448/470 455/449/469 461/455/479 460/454/478
f 455/449/469 456/450/480 462/456/481 461/455/479
f 456/450/480 457/451/475 463/457/482 462/456/481
f 457/451/477 458/452/483 464/458/484 463/457/482
f 458/452/483 459/453/27 465/459/28 464/458/484
f 428/421/436 460/454/478 300/460/29 299/422/29
f 460/454/478 461/455/479 301/461/29 300/460/29
f 461/455/479 462/456/481 302/462/29 301/461/29
f 462/456/481 463/457/485 303/463/29 302/462/29
f 463/457/482 464/458/484 304/464/29 303/463/29
f 464/458/484 465/459/28 305/465/29 304/464/29
f 466/466/441 430/424/441 424/417/399 429/423/399
f 467/467/443 432/426/443 430/424/441 466/466/441
f 468/468/445 434/428/445 432/426/443 467/467/443
f 469/469/486 436/430/486 434/428/445 468/468/445
f 470/470/449 438/432/449 436/430/487 469/469/487
f 471/471/2 440/434/2 438/432/449 470/470/449
f 472/472/23 441/435/23 440/434/2 473/473/2
f 474/474/24 447/441/24 441/435/23 472/472/23
f 475/475/25 453/447/25 447/441/26 474/474/26
f 476/476/27 459/453/27 453/447/25 475/475/25
f 477/477/28 465/459/28 459/453/27 476/476/27
f 306/478/29 305/465/29 465/459/28 477/477/28
f 478/479/29 480/480/29 484/481/29
f 473/473/2 440/434/2 471/471/2 484/482/2
f 319/297/336 362/347/336 478/483/336 374/361/336
f 483/484/488 485/485/488 473/473/2 484/482/2
f 482/486/489 486/487/489 485/485/488 483/484/488
f 481/488/490 487/489/490 486/487/491 482/486/491
f 480/490/492 488/491/492 487/489/490 481/488/490
f 479/492/493 489/493/493 488/491/492 480/490/492
f 478/483/336 362/347/336 489/493/493 479/492/493
f 473/473/2 485/485/488 490/494/494 472/472/23
f 485/485/488 486/487/495 491/495/496 490/494/494
f 486/487/495 487/489/490 492/496/497 491/495/496
f 487/489/490 488/491/492 493/497/498 492/496/497
f 488/491/492 489/493/493 494/498/499 493/497/498
f 489/493/493 362/347/336 361/346/339 494/498/499
f 472/472/23 490/494/494 495/499/500 474/474/24
f 490/494/494 491/495/496 496/500/501 495/499/500
f 491/495/496 492/496/497 497/501/502 496/500/501
f 492/496/497 493/497/498 498/502/503 497/501/502
f 493/497/498 494/498/499 499/503/504 498/502/503
f 494/498/499 361/346/339 363/348/349 499/503/504
f 474/474/26 495/499/505 500/504/506 475/475/25
f 495/499/500 496/500/507 501/505/508 500/504/506
f 496/500/501 497/501/502 502/506/509 501/505/508
f 497/501/510 498/502/503 503/507/511 502/506/512
f 498/502/503 499/503/504 504/508/513 503/507/511
f 499/503/514 363/348/349 364/349/356 504/508/515
f 475/475/25 500/504/506 505/509/516 476/476/27
f 500/504/506 501/505/508 506/510/517 505/509/516
f 501/505/508 502/506/518 507/511/519 506/510/520
f 502/506/518 503/507/521 508/512/522 507/511/519
f 503/507/511 504/508/515 509/513/523 508/512/522
f 504/508/513 364/349/356 365/350/368 509/513/524
f 476/476/27 505/509/525 510/514/526 477/477/28
f 505/509/525 506/510/517 511/515/527 510/514/526
f 506/510/520 507/511/528 512/516/529 511/515/527
f 507/511/528 508/512/522 513/517/530 512/516/529
f 508/512/522 509/513/523 514/518/531 513/517/530
f 509/513/524 365/350/368 366/351/379 514/518/531
f 477/477/28 510/514/526 307/519/29 306/478/29
f 510/514/526 511/515/527 308/520/29 307/519/29
f 511/515/532 512/516/529 309/521/29 308/520/29
f 512/516/529 513/517/530 310/522/29 309/521/29
f 513/517/530 514/518/531 311/523/29 310/522/29
f 514/518/531 366/351/379 312/352/29 311/523/29
f 1450/524/533 1444/525/533 1445/526/533 1449/527/533
f 1345/528/533 1333/529/533 1454/530/533
f 547/531/134 548/532/134 519/533/134 518/534/134
f 549/535/534 520/536/535 519/533/134 548/532/134
f 550/537/187 521/538/187 520/536/535 549/535/536 551/539/537
f 552/540/184 522/541/184 521/538/334 550/537/334 553/542/538
f 554/543/539 523/544/186 522/541/185 552/540/184 555/545/540
f 556/546/183 524/547/183 523/544/186 554/543/539
f 557/548/541 525/549/541 524/547/183 556/546/183 558/550/542
f 559/551/543 526/552/543 525/549/544 557/548/541 560/553/545 561/554/546
f 562/555/547 527/556/547 526/552/543 559/551/543 563/557/548 564/558/549
f 565/559/550 528/560/551 527/556/547 562/555/547
f 566/561/11 529/562/11 528/560/551 565/559/550
f 567/563/552 530/564/9 529/562/11 566/561/11
f 568/565/6 531/566/7 530/564/9 567/563/552 569/567/553
f 570/568/4 532/569/4 531/566/6 568/565/6 571/570/554
f 572/571/555 533/572/556 532/569/8 570/568/8 573/573/557
f 574/574/2 534/575/2 533/572/556 572/571/558
f 574/574/2 575/576/2 535/577/2 534/575/2
f 576/578/559 536/579/560 535/577/2 575/576/2
f 577/580/18 537/581/18 536/579/560 576/578/561 578/582/562
f 579/583/15 538/584/15 537/581/563 577/580/563 580/585/564
f 581/586/565 539/587/17 538/584/16 579/583/15 582/588/566
f 583/589/14 540/590/14 539/587/17 581/586/565
f 584/591/567 541/592/567 540/590/14 583/589/14 585/593/568
f 586/594/569 542/595/569 541/592/570 584/591/567 587/596/571 588/597/572
f 589/598/573 543/599/573 542/595/569 586/594/569 590/600/574 591/601/575
f 592/602/576 544/603/577 543/599/573 589/598/573
f 593/604/70 545/605/70 544/603/577 592/602/576
f 594/606/578 546/607/140 545/605/70 593/604/70
f 595/608/141 515/609/138 546/607/140 594/606/578 596/610/579
f 597/611/580 516/612/580 515/609/141 595/608/141 598/613/581
f 599/614/582 517/615/583 516/612/139 597/611/139 600/616/584
f 547/531/134 518/534/134 517/615/583 599/614/585
f 565/559/550 601/617/586 602/618/239 566/561/11
f 601/617/586 603/619/587 604/620/230 602/618/239
f 603/619/588 605/621/589 606/622/222 604/620/230
f 605/621/589 607/623/590 608/624/215 606/622/222
f 607/623/591 609/625/592 610/626/208 608/624/215
f 609/625/592 611/627/29 612/628/29 610/626/208
f 564/558/549 613/629/593 601/617/586 565/559/550 562/555/547
f 613/629/593 614/630/594 603/619/588 601/617/586
f 614/630/594 615/631/595 605/621/589 603/619/596
f 615/631/597 616/632/598 607/623/590 605/621/589
f 616/632/598 617/633/599 609/625/592 607/623/600
f 617/633/599 618/634/29 611/627/29 609/625/592
f 563/557/548 619/635/601 613/629/593 564/558/602
f 619/635/601 620/636/603 614/630/594 613/629/593
f 620/636/603 621/637/604 615/631/597 614/630/594
f 621/637/604 622/638/605 616/632/606 615/631/595
f 622/638/605 623/639/607 617/633/599 616/632/598
f 623/639/607 624/640/29 618/634/29 617/633/599
f 561/554/546 625/641/608 619/635/601 563/557/548 559/551/543
f 625/641/609 626/642/610 620/636/603 619/635/601
f 626/642/611 627/643/612 621/637/604 620/636/603
f 627/643/612 628/644/613 622/638/605 621/637/604
f 628/644/613 629/645/614 623/639/607 622/638/605
f 629/645/615 630/646/29 624/640/29 623/639/607
f 560/553/616 631/647/617 625/641/608 561/554/546
f 631/647/618 632/648/619 626/642/611 625/641/608
f 632/648/619 633/649/620 627/643/612 626/642/611
f 633/649/620 634/650/621 628/644/613 627/643/612
f 634/650/622 635/651/623 629/645/614 628/644/613
f 635/651/624 636/652/29 630/646/29 629/645/615
f 558/550/542 637/653/625 631/647/618 560/553/626 557/548/541
f 637/653/627 638/654/628 632/648/619 631/647/617
f 638/654/628 639/655/629 633/649/620 632/648/619
f 639/655/629 640/656/630 634/650/621 633/649/620
f 640/656/630 641/657/631 635/651/623 634/650/621
f 641/657/631 642/658/29 636/652/29 635/651/623
f 556/546/183 643/659/246 637/653/625 558/550/632
f 643/659/246 644/660/248 638/654/628 637/653/625
f 644/660/248 645/661/251 639/655/633 638/654/628
f 645/661/251 646/662/254 640/656/630 639/655/629
f 646/662/254 647/663/256 641/657/631 640/656/630
f 647/663/256 648/664/29 642/658/29 641/657/631
f 574/574/2 572/571/558 649/665/634 650/666/23
f 572/571/558 573/573/557 651/667/635 649/665/634
f 573/573/557 570/568/8 571/570/636 652/668/637 651/667/635
f 571/570/638 568/565/6 569/567/639 653/669/640 652/668/637
f 569/567/553 567/563/552 654/670/641 653/669/640
f 567/563/642 566/561/11 602/618/239 654/670/641
f 650/666/23 649/665/634 655/671/643 656/672/24
f 649/665/634 651/667/644 657/673/645 655/671/643
f 651/667/635 652/668/637 658/674/646 657/673/645
f 652/668/637 653/669/640 659/675/647 658/674/646
f 653/669/640 654/670/641 660/676/648 659/675/647
f 654/670/641 602/618/239 604/620/230 660/676/648
f 656/672/56 655/671/649 661/677/650 662/678/25
f 655/671/643 657/673/645 663/679/651 661/677/650
f 657/673/645 658/674/652 664/680/653 663/679/651
f 658/674/646 659/675/647 665/681/654 664/680/653
f 659/675/647 660/676/648 666/682/655 665/681/654
f 660/676/648 604/620/230 606/622/222 666/682/655
f 662/678/25 661/677/650 667/683/656 668/684/27
f 661/677/650 663/679/657 669/685/658 667/683/659
f 663/679/657 664/680/660 670/686/661 669/685/658
f 664/680/660 665/681/662 671/687/663 670/686/664
f 665/681/662 666/682/655 672/688/665 671/687/663
f 666/682/655 606/622/222 608/624/215 672/688/665
f 668/684/27 667/683/659 673/689/666 674/690/28
f 667/683/659 669/685/658 675/691/667 673/689/666
f 669/685/658 670/686/661 676/692/668 675/691/667
f 670/686/661 671/687/663 677/693/669 676/692/668
f 671/687/663 672/688/665 678/694/670 677/693/669
f 672/688/665 608/624/215 610/626/208 678/694/670
f 674/690/28 673/689/666 679/695/29 680/696/29
f 673/689/666 675/691/667 681/697/29 679/695/29
f 675/691/667 676/692/671 682/698/29 681/697/29
f 676/692/668 677/693/672 683/699/29 682/698/29
f 677/693/669 678/694/670 684/700/29 683/699/29
f 678/694/670 610/626/208 612/628/29 684/700/29
f 556/546/183 554/543/673 685/701/674 643/659/246
f 554/543/539 555/545/540 686/702/675 685/701/674
f 555/545/676 552/540/184 553/542/677 687/703/678 686/702/675
f 553/542/679 550/537/187 551/539/537 688/704/680 687/703/678
f 551/539/537 549/535/534 689/705/681 688/704/680
f 549/535/534 548/532/134 690/706/171 689/705/681
f 643/659/246 685/701/674 691/707/682 644/660/248
f 685/701/674 686/702/675 692/708/683 691/707/682
f 686/702/675 687/703/678 693/709/684 692/708/683
f 687/703/678 688/704/680 694/710/685 693/709/684
f 688/704/686 689/705/681 695/711/687 694/710/685
f 689/705/681 690/706/171 696/712/193 695/711/687
f 644/660/248 691/707/682 697/713/688 645/661/251
f 691/707/682 692/708/683 698/714/689 697/713/688
f 692/708/683 693/709/684 699/715/690 698/714/689
f 693/709/691 694/710/685 700/716/692 699/715/690
f 694/710/685 695/711/687 701/717/693 700/716/692
f 695/711/694 696/712/164 702/718/156 701/717/693
f 645/661/251 697/713/688 703/719/695 646/662/254
f 697/713/688 698/714/696 704/720/697 703/719/695
f 698/714/696 699/715/698 705/721/699 704/720/697
f 699/715/698 700/716/700 706/722/701 705/721/702
f 700/716/700 701/717/693 707/723/703 706/722/701
f 701/717/693 702/718/156 708/724/149 707/723/704
f 646/662/254 703/719/695 709/725/705 647/663/256
f 703/719/695 704/720/697 710/726/706 709/725/705
f 704/720/697 705/721/702 711/727/707 710/726/706
f 705/721/702 706/722/701 712/728/708 711/727/707
f 706/722/701 707/723/703 713/729/709 712/728/708
f 707/723/703 708/724/149 714/730/144 713/729/709
f 647/663/256 709/725/705 715/731/29 648/664/29
f 709/725/705 710/726/706 716/732/29 715/731/29
f 710/726/710 711/727/707 717/733/29 716/732/29
f 711/727/711 712/728/708 718/734/29 717/733/29
f 712/728/708 713/729/709 719/735/29 718/734/29
f 713/729/709 714/730/144 720/736/29 719/735/29
f 650/666/23 721/737/23 575/576/2 574/574/2
f 656/672/24 722/738/24 721/737/23 650/666/23
f 662/678/25 723/739/25 722/738/26 656/672/26
f 668/684/27 724/740/27 723/739/25 662/678/25
f 674/690/28 725/741/28 724/740/27 668/684/27
f 680/696/29 726/742/29 725/741/28 674/690/28
f 727/743/171 690/706/171 548/532/134 547/531/134
f 728/744/193 696/712/193 690/706/171 727/743/171
f 729/745/156 702/718/156 696/712/169 728/744/169
f 730/746/149 708/724/149 702/718/156 729/745/156
f 731/747/144 714/730/144 708/724/149 730/746/149
f 732/748/29 720/736/29 714/730/144 731/747/144
f 583/589/14 581/586/712 733/749/713 734/750/58
f 581/586/565 582/588/566 735/751/714 733/749/713
f 582/588/715 579/583/15 580/585/716 736/752/717 735/751/714
f 580/585/718 577/580/18 578/582/562 737/753/719 736/752/717
f 578/582/562 576/578/559 738/754/720 737/753/719
f 576/578/559 575/576/2 721/737/23 738/754/720
f 734/750/58 733/749/713 739/755/721 740/756/51
f 733/749/713 735/751/714 741/757/722 739/755/721
f 735/751/714 736/752/717 742/758/723 741/757/722
f 736/752/717 737/753/719 743/759/724 742/758/723
f 737/753/725 738/754/720 744/760/726 743/759/724
f 738/754/720 721/737/23 722/738/24 744/760/726
f 740/756/51 739/755/721 745/761/727 746/762/43
f 739/755/721 741/757/722 747/763/728 745/761/727
f 741/757/722 742/758/723 748/764/729 747/763/728
f 742/758/730 743/759/724 749/765/731 748/764/729
f 743/759/724 744/760/726 750/766/732 749/765/731
f 744/760/733 722/738/225 723/739/25 750/766/732
f 746/762/43 745/761/727 751/767/734 752/768/36
f 745/761/727 747/763/735 753/769/736 751/767/734
f 747/763/735 748/764/737 754/770/738 753/769/736
f 748/764/737 749/765/739 755/771/740 754/770/741
f 749/765/739 750/766/732 756/772/742 755/771/740
f 750/766/732 723/739/25 724/740/27 756/772/743
f 752/768/36 751/767/734 757/773/744 758/774/31
f 751/767/734 753/769/736 759/775/745 757/773/744
f 753/769/736 754/770/741 760/776/746 759/775/745
f 754/770/741 755/771/740 761/777/747 760/776/746
f 755/771/740 756/772/742 762/778/748 761/777/747
f 756/772/742 724/740/27 725/741/28 762/778/748
f 758/774/31 757/773/744 763/779/29 764/780/29
f 757/773/744 759/775/745 765/781/29 763/779/29
f 759/775/749 760/776/746 766/782/29 765/781/29
f 760/776/750 761/777/747 767/783/29 766/782/29
f 761/777/747 762/778/748 768/784/29 767/783/29
f 762/778/748 725/741/28 726/742/29 768/784/29
f 547/531/134 599/614/585 769/785/751 727/743/171
f 599/614/585 600/616/584 770/786/752 769/785/751
f 600/616/584 597/611/139 598/613/753 771/787/754 770/786/752
f 598/613/755 595/608/141 596/610/756 772/788/757 771/787/754
f 596/610/579 594/606/578 773/789/758 772/788/757
f 594/606/759 593/604/70 774/790/128 773/789/758
f 727/743/171 769/785/751 775/791/760 728/744/193
f 769/785/751 770/786/761 776/792/762 775/791/760
f 770/786/752 771/787/754 777/793/763 776/792/762
f 771/787/754 772/788/757 778/794/764 777/793/763
f 772/788/757 773/789/758 779/795/765 778/794/764
f 773/789/758 774/790/128 780/796/129 779/795/765
f 728/744/322 775/791/766 781/797/767 729/745/156
f 775/791/760 776/792/762 782/798/768 781/797/767
f 776/792/762 777/793/769 783/799/770 782/798/768
f 777/793/763 778/794/764 784/800/771 783/799/770
f 778/794/764 779/795/765 785/801/772 784/800/771
f 779/795/765 780/796/129 786/802/130 785/801/772
f 729/745/156 781/797/767 787/803/773 730/746/149
f 781/797/767 782/798/774 788/804/775 787/803/776
f 782/798/774 783/799/777 789/805/778 788/804/775
f 783/799/777 784/800/779 790/806/780 789/805/781
f 784/800/779 785/801/772 791/807/782 790/806/780
f 785/801/772 786/802/130 792/808/131 791/807/782
f 730/746/149 787/803/776 793/809/783 731/747/144
f 787/803/776 788/804/775 794/810/784 793/809/783
f 788/804/775 789/805/778 795/811/785 794/810/784
f 789/805/778 790/806/780 796/812/786 795/811/785
f 790/806/780 791/807/782 797/813/787 796/812/786
f 791/807/782 792/808/131 798/814/132 797/813/787
f 731/747/144 793/809/783 799/815/29 732/748/29
f 793/809/783 794/810/784 800/816/29 799/815/29
f 794/810/784 795/811/788 801/817/29 800/816/29
f 795/811/785 796/812/789 802/818/29 801/817/29
f 796/812/786 797/813/787 803/819/29 802/818/29
f 797/813/787 798/814/132 804/820/29 803/819/29
f 592/602/576 805/821/790 774/790/128 593/604/70
f 805/821/790 806/822/791 780/796/129 774/790/128
f 806/822/792 807/823/793 786/802/130 780/796/129
f 807/823/793 808/824/794 792/808/131 786/802/130
f 808/824/795 809/825/796 798/814/132 792/808/131
f 809/825/796 810/826/29 804/820/29 798/814/132
f 591/601/575 811/827/797 805/821/790 592/602/576 589/598/573
f 811/827/797 812/828/798 806/822/792 805/821/790
f 812/828/798 813/829/799 807/823/793 806/822/800
f 813/829/801 814/830/802 808/824/794 807/823/793
f 814/830/802 815/831/803 809/825/796 808/824/804
f 815/831/803 816/832/29 810/826/29 809/825/796
f 590/600/574 817/833/805 811/827/797 591/601/806
f 817/833/805 818/834/807 812/828/798 811/827/797
f 818/834/807 819/835/808 813/829/801 812/828/798
f 819/835/808 820/836/809 814/830/810 813/829/799
f 820/836/809 821/837/811 815/831/803 814/830/802
f 821/837/811 822/838/29 816/832/29 815/831/803
f 588/597/572 823/839/812 817/833/805 590/600/574 586/594/569
f 823/839/813 824/840/814 818/834/807 817/833/805
f 824/840/815 825/841/816 819/835/808 818/834/807
f 825/841/816 826/842/817 820/836/809 819/835/808
f 826/842/817 827/843/818 821/837/811 820/836/809
f 827/843/819 828/844/29 822/838/29 821/837/811
f 587/596/820 829/845/821 823/839/812 588/597/572
f 829/845/822 830/846/823 824/840/815 823/839/812
f 830/846/823 831/847/824 825/841/816 824/840/815
f 831/847/824 832/848/825 826/842/817 825/841/816
f 832/848/826 833/849/827 827/843/818 826/842/817
f 833/849/828 834/850/29 828/844/29 827/843/819
f 585/593/568 835/851/829 829/845/822 587/596/830 584/591/567
f 835/851/831 836/852/832 830/846/823 829/845/821
f 836/852/832 837/853/833 831/847/824 830/846/823
f 837/853/833 838/854/834 832/848/825 831/847/824
f 838/854/834 839/855/835 833/849/827 832/848/825
f 839/855/835 840/856/29 834/850/29 833/849/827
f 583/589/14 734/750/58 835/851/829 585/593/836
f 734/750/58 740/756/51 836/852/832 835/851/829
f 740/756/51 746/762/43 837/853/837 836/852/832
f 746/762/43 752/768/36 838/854/834 837/853/833
f 752/768/36 758/774/31 839/855/835 838/854/834
f 758/774/31 764/780/29 840/856/29 839/855/835
f 715/731/29 716/732/29 717/733/29 718/734/29 719/735/29 720/736/29 732/748/29 875/857/29 876/858/29 877/859/29 878/860/29 879/861/29 880/862/29 841/863/29
f 881/864/23 882/865/23 883/866/2 884/867/2
f 885/868/24 886/869/24 882/865/23 881/864/23
f 887/870/25 888/871/25 886/869/26 885/868/26
f 889/872/27 890/873/27 888/871/25 887/870/25
f 891/874/28 892/875/28 890/873/27 889/872/27
f 876/858/29 875/857/29 892/875/28 891/874/28
f 842/876/29 841/863/29 893/877/744 894/878/31
f 841/863/29 880/862/29 895/879/745 893/877/744
f 880/862/29 879/861/29 896/880/746 895/879/745
f 879/861/29 878/860/29 897/881/747 896/880/746
f 878/860/29 877/859/29 898/882/748 897/881/747
f 877/859/29 876/858/29 891/874/28 898/882/748
f 894/878/31 893/877/744 899/883/734 900/884/36
f 893/877/744 895/879/745 901/885/736 899/883/734
f 895/879/745 896/880/746 902/886/741 901/885/736
f 896/880/746 897/881/747 903/887/740 902/886/738
f 897/881/747 898/882/748 904/888/743 903/887/740
f 898/882/748 891/874/28 889/872/27 904/888/742
f 900/884/36 899/883/734 905/889/727 906/890/43
f 899/883/734 901/885/736 907/891/838 905/889/727
f 901/885/736 902/886/741 908/892/737 907/891/839
f 902/886/741 903/887/740 909/893/739 908/892/737
f 903/887/740 904/888/743 910/894/732 909/893/739
f 904/888/743 889/872/27 887/870/25 910/894/732
f 906/890/43 905/889/727 911/895/721 912/896/51
f 905/889/727 907/891/728 913/897/722 911/895/721
f 907/891/735 908/892/737 914/898/840 913/897/722
f 908/892/729 909/893/731 915/899/724 914/898/730
f 909/893/841 910/894/732 916/900/842 915/899/724
f 910/894/732 887/870/25 885/868/24 916/900/726
f 912/896/51 911/895/721 917/901/843 918/902/844
f 911/895/721 913/897/722 919/903/714 917/901/713
f 913/897/722 914/898/730 920/904/717 919/903/714
f 914/898/723 915/899/724 921/905/719 920/904/717
f 915/899/724 916/900/733 922/906/720 921/905/719
f 916/900/726 885/868/56 881/864/23 922/906/720
f 918/902/58 917/901/713 923/907/565 924/908/14
f 917/901/713 919/903/714 925/909/845 926/910/17 923/907/565
f 919/903/846 920/904/717 927/911/716 928/912/15 925/909/566
f 920/904/717 921/905/719 929/913/562 930/914/18 927/911/716
f 921/905/719 922/906/720 931/915/561 932/916/20 929/913/562
f 922/906/720 881/864/23 884/867/2 931/915/559
f 875/857/29 874/917/29 933/918/666 892/875/28
f 874/917/29 873/919/29 934/920/667 933/918/666
f 873/919/29 872/921/29 935/922/668 934/920/667
f 872/921/29 871/923/29 936/924/669 935/922/668
f 871/923/29 870/925/29 937/926/670 936/924/669
f 870/925/29 869/927/29 938/928/208 937/926/670
f 892/875/28 933/918/666 939/929/659 890/873/27
f 933/918/666 934/920/667 940/930/658 939/929/656
f 934/920/667 935/922/668 941/931/664 940/930/658
f 935/922/668 936/924/669 942/932/663 941/931/661
f 936/924/669 937/926/670 943/933/665 942/932/663
f 937/926/670 938/928/208 944/934/215 943/933/665
f 890/873/27 939/929/656 945/935/650 888/871/25
f 939/929/656 940/930/658 946/936/657 945/935/650
f 940/930/658 941/931/661 947/937/660 946/936/657
f 941/931/661 942/932/663 948/938/847 947/937/660
f 942/932/663 943/933/665 949/939/655 948/938/848
f 943/933/665 944/934/215 950/940/222 949/939/655
f 888/871/25 945/935/650 951/941/643 886/869/24
f 945/935/650 946/936/849 952/942/645 951/941/850
f 946/936/651 947/937/653 953/943/652 952/942/645
f 947/937/660 948/938/662 954/944/647 953/943/851
f 948/938/654 949/939/655 955/945/648 954/944/647
f 949/939/655 950/940/222 956/946/230 955/945/648
f 886/869/225 951/941/643 957/947/634 882/865/23
f 951/941/649 952/942/645 958/948/635 957/947/634
f 952/942/645 953/943/646 959/949/637 958/948/635
f 953/943/652 954/944/647 960/950/640 959/949/637
f 954/944/647 955/945/648 961/951/641 960/950/640
f 955/945/648 956/946/230 962/952/852 961/951/853
f 882/865/23 957/947/634 963/953/558 883/866/2
f 957/947/634 958/948/635 964/954/557 965/955/5 963/953/555
f 958/948/644 959/949/854 966/956/638 967/957/8 964/954/557
f 959/949/637 960/950/855 968/958/553 969/959/6 966/956/638
f 960/950/640 961/951/641 970/960/552 971/961/9 968/958/856
f 961/951/641 962/952/239 972/962/11 970/960/552
f 973/963/2 974/964/2 884/965/2 883/966/2
f 848/967/29 975/968/857 976/969/132 849/970/29
f 975/968/857 977/971/858 978/972/131 976/969/132
f 977/971/858 979/973/859 980/974/130 978/972/131
f 979/973/860 981/975/861 982/976/129 980/974/130
f 981/975/861 983/977/862 984/978/128 982/976/129
f 983/977/862 985/979/863 986/980/70 984/978/128
f 847/981/29 987/982/864 975/968/857 848/967/29
f 987/982/865 988/983/866 977/971/858 975/968/857
f 988/983/866 989/984/867 979/973/859 977/971/858
f 989/984/868 990/985/869 981/975/861 979/973/860
f 990/985/869 991/986/870 983/977/871 981/975/861
f 991/986/872 992/987/873 985/979/863 983/977/871
f 846/988/29 993/989/874 987/982/864 847/981/29
f 993/989/874 994/990/875 988/983/866 987/982/864
f 994/990/875 995/991/876 989/984/867 988/983/866
f 995/991/876 996/992/877 990/985/869 989/984/867
f 996/992/878 997/993/879 991/986/870 990/985/869
f 997/993/880 998/994/881 999/995/882 992/987/873 991/986/872
f 845/996/29 1000/997/883 993/989/874 846/988/29
f 1000/997/883 1001/998/884 994/990/875 993/989/885
f 1001/998/884 1002/999/886 995/991/876 994/990/875
f 1002/999/886 1003/1000/887 996/992/878 995/991/876
f 1003/1000/887 1004/1001/888 997/993/879 996/992/878
f 1004/1001/888 1005/1002/889 1006/1003/890 998/994/881 997/993/891
f 844/1004/29 1007/1005/892 1000/997/883 845/996/29
f 1007/1005/892 1008/1006/893 1001/998/884 1000/997/883
f 1008/1006/893 1009/1007/894 1002/999/886 1001/998/884
f 1009/1007/894 1010/1008/895 1003/1000/887 1002/999/886
f 1010/1008/895 1011/1009/896 1004/1001/888 1003/1000/887
f 1011/1009/896 1012/1010/897 1005/1002/889 1004/1001/888
f 843/1011/29 1013/1012/898 1007/1005/892 844/1004/29
f 1013/1012/899 1014/1013/900 1008/1006/893 1007/1005/892
f 1014/1013/901 1015/1014/902 1009/1007/894 1008/1006/893
f 1015/1014/902 1016/1015/903 1010/1008/895 1009/1007/894
f 1016/1015/904 1017/1016/905 1011/1009/896 1010/1008/895
f 1017/1016/905 1018/1017/906 1019/1018/907 1012/1010/897 1011/1009/908
f 842/876/29 894/878/31 1013/1012/898 843/1011/29
f 894/878/31 900/884/36 1014/1013/900 1013/1012/899
f 900/884/36 906/890/43 1015/1014/902 1014/1013/900
f 906/890/43 912/896/51 1016/1015/904 1015/1014/902
f 912/896/51 918/902/58 1017/1016/905 1016/1015/904
f 918/902/58 924/908/14 1018/1017/906 1017/1016/905
f 926/1019/17 1020/1020/909 1021/1021/910 1022/1022/14 924/1023/14 923/1024/565
f 928/1025/15 1023/1026/16 1024/1027/715 1020/1020/17 926/1019/17 925/1028/715
f 930/1029/21 1025/1030/21 1026/1031/718 1023/1026/15 928/1025/19 927/1032/718
f 932/1033/20 1027/1034/68 1028/1035/562 1025/1030/21 930/1029/21 929/1036/562
f 884/965/2 974/964/2 1029/1037/911 1027/1034/68 932/1033/560 931/1038/912
f 868/1039/29 1030/1040/913 938/928/208 869/927/29
f 1030/1040/913 1031/1041/914 944/934/215 938/928/208
f 1031/1041/914 1032/1042/915 950/940/222 944/934/215
f 1032/1042/916 1033/1043/917 956/946/230 950/940/222
f 1033/1043/917 1034/1044/918 962/952/239 956/946/230
f 1034/1044/918 1035/1045/919 972/962/11 962/952/239
f 867/1046/29 1036/1047/920 1030/1040/913 868/1039/29
f 1036/1047/921 1037/1048/922 1031/1041/914 1030/1040/913
f 1037/1048/922 1038/1049/923 1032/1042/915 1031/1041/914
f 1038/1049/924 1039/1050/925 1033/1043/917 1032/1042/916
f 1039/1050/925 1040/1051/926 1034/1044/927 1033/1043/917
f 1040/1051/928 1041/1052/929 1035/1045/919 1034/1044/927
f 866/1053/29 1042/1054/930 1036/1047/920 867/1046/29
f 1042/1054/930 1043/1055/931 1037/1048/922 1036/1047/920
f 1043/1055/931 1044/1056/932 1038/1049/923 1037/1048/922
f 1044/1056/932 1045/1057/933 1039/1050/925 1038/1049/923
f 1045/1057/934 1046/1058/935 1040/1051/926 1039/1050/925
f 1046/1058/936 1047/1059/937 1048/1060/938 1041/1052/929 1040/1051/928
f 865/1061/29 1049/1062/939 1042/1054/930 866/1053/29
f 1049/1062/939 1050/1063/940 1043/1055/931 1042/1054/941
f 1050/1063/940 1051/1064/942 1044/1056/932 1043/1055/931
f 1051/1064/942 1052/1065/943 1045/1057/934 1044/1056/932
f 1052/1065/943 1053/1066/944 1046/1058/935 1045/1057/934
f 1053/1066/944 1054/1067/945 1055/1068/946 1047/1059/937 1046/1058/947
f 864/1069/29 1056/1070/948 1049/1062/939 865/1061/29
f 1056/1070/948 1057/1071/949 1050/1063/940 1049/1062/939
f 1057/1071/949 1058/1072/950 1051/1064/942 1050/1063/940
f 1058/1072/950 1059/1073/951 1052/1065/943 1051/1064/942
f 1059/1073/951 1060/1074/952 1053/1066/944 1052/1065/943
f 1060/1074/952 1061/1075/953 1054/1067/945 1053/1066/944
f 863/1076/29 1062/1077/954 1056/1070/948 864/1069/29
f 1062/1077/955 1063/1078/956 1057/1071/949 1056/1070/948
f 1063/1078/957 1064/1079/958 1058/1072/950 1057/1071/949
f 1064/1079/958 1065/1080/959 1059/1073/951 1058/1072/950
f 1065/1080/960 1066/1081/961 1060/1074/952 1059/1073/951
f 1066/1081/961 1067/1082/962 1068/1083/963 1061/1075/953 1060/1074/964
f 862/1084/29 1069/1085/256 1062/1077/954 863/1076/29
f 1069/1085/256 1070/1086/254 1063/1078/956 1062/1077/955
f 1070/1086/254 1071/1087/251 1064/1079/958 1063/1078/956
f 1071/1087/251 1072/1088/248 1065/1080/960 1064/1079/958
f 1072/1088/248 1073/1089/246 1066/1081/961 1065/1080/960
f 1073/1089/246 1074/1090/183 1067/1082/962 1066/1081/961
f 965/1091/556 1075/1092/241 1076/1093/965 973/963/2 883/966/2 963/1094/965
f 967/1095/3 1077/1096/3 1078/1097/557 1075/1092/5 965/1091/5 964/1098/557
f 969/1099/6 1079/1100/6 1080/1101/636 1077/1096/3 967/1095/966 966/1102/636
f 971/1103/9 1081/1104/967 1082/1105/639 1079/1100/6 969/1099/6 968/1106/639
f 972/1107/11 1083/1108/11 1084/1109/552 1081/1104/9 971/1103/968 970/1110/969
f 855/1111/29 854/1112/29 1085/1113/783 1086/1114/144
f 854/1112/29 853/1115/29 1087/1116/784 1085/1113/783
f 853/1115/29 852/1117/29 1088/1118/785 1087/1116/784
f 852/1117/29 851/1119/29 1089/1120/786 1088/1118/785
f 851/1119/29 850/1121/29 1090/1122/787 1089/1120/786
f 850/1121/29 849/970/29 976/969/132 1090/1122/787
f 1086/1114/144 1085/1113/783 1091/1123/776 1092/1124/149
f 1085/1113/783 1087/1116/784 1093/1125/775 1091/1123/773
f 1087/1116/784 1088/1118/785 1094/1126/781 1093/1125/775
f 1088/1118/785 1089/1120/786 1095/1127/780 1094/1126/778
f 1089/1120/786 1090/1122/787 1096/1128/782 1095/1127/780
f 1090/1122/787 976/969/132 978/972/131 1096/1128/782
f 1092/1124/149 1091/1123/773 1097/1129/767 1098/1130/156
f 1091/1123/773 1093/1125/775 1099/1131/774 1097/1129/767
f 1093/1125/775 1094/1126/778 1100/1132/777 1099/1131/774
f 1094/1126/778 1095/1127/780 1101/1133/970 1100/1132/777
f 1095/1127/780 1096/1128/782 1102/1134/772 1101/1133/971
f 1096/1128/782 978/972/131 980/974/130 1102/1134/772
f 1098/1130/156 1097/1129/767 1103/1135/760 1104/1136/193
f 1097/1129/767 1099/1131/972 1105/1137/762 1103/1135/973
f 1099/1131/768 1100/1132/770 1106/1138/769 1105/1137/762
f 1100/1132/777 1101/1133/779 1107/1139/764 1106/1138/974
f 1101/1133/771 1102/1134/772 1108/1140/765 1107/1139/764
f 1102/1134/772 980/974/130 982/976/129 1108/1140/765
f 1104/1136/164 1103/1135/760 1109/1141/751 1110/1142/171
f 1103/1135/766 1105/1137/762 1111/1143/752 1109/1141/751
f 1105/1137/762 1106/1138/763 1112/1144/754 1111/1143/752
f 1106/1138/769 1107/1139/764 1113/1145/757 1112/1144/754
f 1107/1139/764 1108/1140/765 1114/1146/758 1113/1145/757
f 1108/1140/765 982/976/129 984/978/975 1114/1146/976
f 1110/1142/171 1109/1141/751 1115/1147/585 1116/1148/134
f 1109/1141/751 1111/1143/752 1117/1149/584 1118/1150/136 1115/1147/582
f 1111/1143/761 1112/1144/977 1119/1151/755 1120/1152/139 1117/1149/584
f 1112/1144/754 1113/1145/978 1121/1153/579 1122/1154/141 1119/1151/755
f 1113/1145/757 1114/1146/758 1123/1155/578 1124/1156/140 1121/1153/979
f 1114/1146/758 984/978/128 986/980/70 1123/1155/578
f 985/1157/863 1125/1158/980 1126/1159/70 986/1160/70
f 999/1161/882 1127/1162/882 1128/1163/981 1129/1164/982 1125/1158/980 985/1157/863 992/1165/983
f 1006/1166/890 1130/1167/890 1131/1168/984 1127/1162/882 999/1161/882 998/1169/881
f 1019/1170/907 1132/1171/985 1133/1172/986 1134/1173/987 1130/1174/988 1006/1175/988 1005/1176/889 1012/1177/897
f 924/1023/14 1022/1022/14 1135/1178/989 1132/1171/990 1019/1170/907 1018/1179/991
f 862/1084/29 861/1180/29 1136/1181/705 1069/1085/256
f 861/1180/29 860/1182/29 1137/1183/706 1136/1181/705
f 860/1182/29 859/1184/29 1138/1185/707 1137/1183/706
f 859/1184/29 858/1186/29 1139/1187/708 1138/1185/707
f 858/1186/29 857/1188/29 1140/1189/709 1139/1187/708
f 857/1188/29 856/1190/29 1141/1191/144 1140/1189/709
f 1069/1085/256 1136/1181/705 1142/1192/695 1070/1086/254
f 1136/1181/705 1137/1183/706 1143/1193/697 1142/1192/695
f 1137/1183/706 1138/1185/707 1144/1194/702 1143/1193/697
f 1138/1185/707 1139/1187/708 1145/1195/701 1144/1194/699
f 1139/1187/708 1140/1189/709 1146/1196/704 1145/1195/701
f 1140/1189/709 1141/1191/144 1147/1197/149 1146/1196/703
f 1070/1086/254 1142/1192/695 1148/1198/688 1071/1087/251
f 1142/1192/695 1143/1193/697 1149/1199/992 1148/1198/688
f 1143/1193/697 1144/1194/702 1150/1200/698 1149/1199/993
f 1144/1194/702 1145/1195/701 1151/1201/700 1150/1200/698
f 1145/1195/701 1146/1196/704 1152/1202/693 1151/1201/700
f 1146/1196/704 1147/1197/149 1153/1203/156 1152/1202/693
f 1071/1087/251 1148/1198/688 1154/1204/682 1072/1088/248
f 1148/1198/688 1149/1199/689 1155/1205/683 1154/1204/682
f 1149/1199/696 1150/1200/698 1156/1206/994 1155/1205/683
f 1150/1200/690 1151/1201/692 1157/1207/685 1156/1206/691
f 1151/1201/995 1152/1202/693 1158/1208/996 1157/1207/685
f 1152/1202/693 1153/1203/156 1159/1209/193 1158/1208/687
f 1072/1088/248 1154/1204/682 1160/1210/997 1073/1089/998
f 1154/1204/682 1155/1205/683 1161/1211/675 1160/1210/674
f 1155/1205/683 1156/1206/691 1162/1212/678 1161/1211/675
f 1156/1206/684 1157/1207/685 1163/1213/680 1162/1212/678
f 1157/1207/685 1158/1208/694 1164/1214/681 1163/1213/680
f 1158/1208/687 1159/1209/322 1165/1215/171 1164/1214/681
f 1073/1089/246 1160/1210/674 1166/1216/539 1074/1090/183
f 1160/1210/674 1161/1211/675 1167/1217/999 1168/1218/186 1166/1216/539
f 1161/1211/1000 1162/1212/678 1169/1219/677 1170/1220/184 1167/1217/540
f 1162/1212/678 1163/1213/680 1171/1221/537 1172/1222/187 1169/1219/677
f 1163/1213/680 1164/1214/681 1173/1223/536 1174/1224/189 1171/1221/537
f 1164/1214/681 1165/1215/171 1175/1225/134 1173/1223/534
f 1035/1226/919 1176/1227/1001 1083/1108/11 972/1107/11
f 1048/1228/938 1177/1229/938 1178/1230/1002 1179/1231/1003 1176/1227/1001 1035/1226/919 1041/1232/1004
f 1055/1233/946 1180/1234/946 1181/1235/1005 1177/1229/938 1048/1228/938 1047/1236/937
f 1068/1237/963 1182/1238/1006 1183/1239/1007 1184/1240/1008 1180/1241/1009 1055/1242/1009 1054/1243/945 1061/1244/953
f 1074/1245/183 1185/1246/183 1186/1247/1010 1182/1238/1011 1068/1237/963 1067/1248/1012
f 1165/1215/171 1110/1142/171 1116/1148/134 1175/1225/134
f 1159/1209/193 1104/1136/193 1110/1142/171 1165/1215/171
f 1153/1203/156 1098/1130/156 1104/1136/169 1159/1209/169
f 1147/1197/149 1092/1124/149 1098/1130/156 1153/1203/156
f 1141/1191/144 1086/1114/144 1092/1124/149 1147/1197/149
f 856/1190/29 855/1111/29 1086/1114/144 1141/1191/144
f 1118/1249/583 1187/1250/179 1188/1251/1013 1189/1252/134 1116/1253/134 1115/1254/1013
f 1120/1255/135 1190/1256/135 1191/1257/584 1187/1250/136 1118/1249/583 1117/1258/584
f 1122/1259/141 1192/1260/138 1193/1261/753 1190/1256/135 1120/1255/1014 1119/1262/753
f 1124/1263/140 1194/1264/140 1195/1265/756 1192/1260/141 1122/1259/137 1121/1266/756
f 986/1160/70 1126/1159/70 1196/1267/578 1194/1264/140 1124/1263/1015 1123/1268/578
f 1189/1252/134 1197/1269/134 1175/1270/134 1116/1253/134
f 1168/1271/186 1198/1272/1016 1199/1273/539 1185/1246/183 1074/1245/1017 1166/1274/539
f 1170/1275/184 1200/1276/185 1201/1277/676 1198/1272/186 1168/1271/186 1167/1278/676
f 1172/1279/190 1202/1280/334 1203/1281/679 1200/1276/184 1170/1275/1018 1169/1282/679
f 1174/1283/189 1204/1284/189 1205/1285/537 1202/1280/190 1172/1279/190 1171/1286/537
f 1175/1270/134 1197/1269/134 1206/1287/1019 1204/1284/335 1174/1283/535 1173/1288/1020
f 1207/1289/1021 1208/1290/1021 974/1291/2 973/1292/2
f 1209/1293/1022 1210/1294/1022 1208/1290/1021 1207/1289/1021
f 1211/1295/1023 1212/1296/1023 1210/1294/1022 1209/1293/1022
f 1213/1297/1024 1214/1298/1024 1212/1296/1023 1211/1295/1023
f 1215/1299/1025 1216/1300/1025 1214/1298/1024 1213/1297/1024
f 1217/1301/533 1218/1302/533 1216/1300/1025 1215/1299/1025
f 1022/1303/14 1021/1304/565 1219/1305/1026 1220/1306/1027
f 1021/1304/565 1020/1307/17 1024/1308/1028 1221/1309/1029 1219/1305/1026
f 1024/1308/715 1023/1310/15 1026/1311/564 1222/1312/1030 1221/1309/1031
f 1026/1311/564 1025/1313/18 1028/1314/1032 1223/1315/1033 1222/1312/1030
f 1028/1314/562 1027/1316/560 1029/1317/559 1224/1318/1034 1223/1315/1035
f 1029/1317/559 974/1291/2 1208/1290/1021 1224/1318/1034
f 1220/1306/1036 1219/1305/1037 1225/1319/1038 1226/1320/1039
f 1219/1305/1026 1221/1309/1031 1227/1321/1040 1225/1319/1038
f 1221/1309/1031 1222/1312/1030 1228/1322/1041 1227/1321/1040
f 1222/1312/1030 1223/1315/1035 1229/1323/1042 1228/1322/1043
f 1223/1315/1035 1224/1318/1034 1230/1324/1044 1229/1323/1042
f 1224/1318/1034 1208/1290/1021 1210/1294/1045 1230/1324/1046
f 1226/1320/1039 1225/1319/1038 1231/1325/1047 1232/1326/1048
f 1225/1319/1038 1227/1321/1040 1233/1327/1049 1231/1325/1047
f 1227/1321/1040 1228/1322/1050 1234/1328/1051 1233/1327/1052
f 1228/1322/1043 1229/1323/1042 1235/1329/1053 1234/1328/1054
f 1229/1323/1042 1230/1324/1055 1236/1330/1056 1235/1329/1053
f 1230/1324/1046 1210/1294/1057 1212/1296/1023 1236/1330/1056
f 1232/1326/1058 1231/1325/1047 1237/1331/1059 1238/1332/1060
f 1231/1325/1047 1233/1327/1052 1239/1333/1061 1237/1331/1059
f 1233/1327/1049 1234/1328/1054 1240/1334/1062 1239/1333/1061
f 1234/1328/1051 1235/1329/1063 1241/1335/1064 1240/1334/1062
f 1235/1329/1065 1236/1330/1066 1242/1336/1067 1241/1335/1064
f 1236/1330/1066 1212/1296/1023 1214/1298/1024 1242/1336/1068
f 1238/1332/1069 1237/1331/1059 1243/1337/1070 1244/1338/1071
f 1237/1331/1059 1239/1333/1061 1245/1339/1072 1243/1337/1073
f 1239/1333/1061 1240/1334/1062 1246/1340/1074 1245/1339/1075
f 1240/1334/1076 1241/1335/1077 1247/1341/1078 1246/1340/1079
f 1241/1335/1064 1242/1336/1068 1248/1342/1080 1247/1341/1078
f 1242/1336/1081 1214/1298/1024 1216/1300/1025 1248/1342/1082
f 1244/1338/1071 1243/1337/1073 1249/1343/533 1250/1344/533
f 1243/1337/1070 1245/1339/1075 1251/1345/533 1249/1343/533
f 1245/1339/1075 1246/1340/1079 1252/1346/533 1251/1345/533
f 1246/1340/1074 1247/1341/1078 1253/1347/533 1252/1346/533
f 1247/1341/1078 1248/1342/1080 1254/1348/533 1253/1347/533
f 1248/1342/1080 1216/1300/1083 1218/1302/533 1254/1348/533
f 973/1292/2 1076/1349/558 1255/1350/1084 1207/1289/1021
f 1076/1349/1085 1075/1351/5 1078/1352/557 1256/1353/1086 1255/1350/1084
f 1078/1352/557 1077/1354/8 1080/1355/554 1257/1356/1087 1256/1353/1086
f 1080/1355/554 1079/1357/6 1082/1358/1088 1258/1359/1089 1257/1356/1090
f 1082/1358/553 1081/1360/9 1084/1361/1091 1259/1362/1092 1258/1359/1093
f 1084/1361/552 1083/1363/11 1260/1364/1094 1259/1362/1092
f 1207/1289/1021 1255/1350/1084 1261/1365/1095 1209/1293/1057
f 1255/1350/1084 1256/1353/1086 1262/1366/1096 1261/1365/1095
f 1256/1353/1086 1257/1356/1090 1263/1367/1097 1262/1366/1096
f 1257/1356/1090 1258/1359/1089 1264/1368/1098 1263/1367/1099
f 1258/1359/1093 1259/1362/1092 1265/1369/1100 1264/1368/1098
f 1259/1362/1092 1260/1364/1101 1266/1370/1102 1265/1369/1100
f 1209/1293/1022 1261/1365/1095 1267/1371/1103 1211/1295/1023
f 1261/1365/1095 1262/1366/1096 1268/1372/1104 1267/1371/1105
f 1262/1366/1096 1263/1367/1097 1269/1373/1106 1268/1372/1104
f 1263/1367/1107 1264/1368/1098 1270/1374/1108 1269/1373/1109
f 1264/1368/1098 1265/1369/1100 1271/1375/1110 1270/1374/1111
f 1265/1369/1100 1266/1370/1102 1272/1376/1112 1271/1375/1110
f 1211/1295/1023 1267/1371/1103 1273/1377/1113 1213/1297/1024
f 1267/1371/1103 1268/1372/1114 1274/1378/1115 1273/1377/1113
f 1268/1372/1116 1269/1373/1109 1275/1379/1117 1274/1378/1115
f 1269/1373/1118 1270/1374/1119 1276/1380/1120 1275/1379/1121
f 1270/1374/1108 1271/1375/1110 1277/1381/1122 1276/1380/1123
f 1271/1375/1110 1272/1376/1124 1278/1382/1125 1277/1381/1122
f 1213/1297/1024 1273/1377/1126 1279/1383/1127 1215/1299/1025
f 1273/1377/1113 1274/1378/1115 1280/1384/1128 1279/1383/1129
f 1274/1378/1130 1275/1379/1121 1281/1385/1131 1280/1384/1128
f 1275/1379/1117 1276/1380/1123 1282/1386/1132 1281/1385/1133
f 1276/1380/1123 1277/1381/1122 1283/1387/1134 1282/1386/1132
f 1277/1381/1122 1278/1382/1135 1284/1388/1136 1283/1387/1134
f 1215/1299/1083 1279/1383/1129 1285/1389/533 1217/1301/533
f 1279/1383/1129 1280/1384/1128 1286/1390/533 1285/1389/533
f 1280/1384/1128 1281/1385/1133 1287/1391/533 1286/1390/533
f 1281/1385/1133 1282/1386/1132 1288/1392/533 1287/1391/533
f 1282/1386/1132 1283/1387/1137 1289/1393/533 1288/1392/533
f 1283/1387/1134 1284/1388/1136 1290/1394/533 1289/1393/533
f 1291/1395/533 1292/1396/1138 1244/1338/1071 1250/1344/533
f 1292/1396/1138 1293/1397/1139 1238/1332/1060 1244/1338/1071
f 1293/1397/1139 1294/1398/1140 1232/1326/1058 1238/1332/1060
f 1294/1398/1141 1295/1399/1142 1226/1320/1039 1232/1326/1058
f 1295/1399/1142 1296/1400/1143 1220/1306/1027 1226/1320/1039
f 1296/1400/1144 1135/1401/989 1022/1303/14 1220/1306/1027
f 1297/1402/533 1298/1403/1145 1292/1396/1138 1291/1395/533
f 1298/1403/1146 1299/1404/1147 1293/1397/1139 1292/1396/1138
f 1299/1404/1147 1300/1405/1148 1294/1398/1140 1293/1397/1139
f 1300/1405/1148 1301/1406/1149 1295/1399/1142 1294/1398/1140
f 1301/1406/1149 1302/1407/1150 1296/1400/1143 1295/1399/1142
f 1302/1407/1151 1133/1408/986 1132/1409/1152 1135/1401/989 1296/1400/1143
f 1303/1410/533 1304/1411/1153 1298/1403/1146 1297/1402/533
f 1304/1411/1154 1305/1412/1155 1299/1404/1147 1298/1403/1145
f 1305/1412/1155 1306/1413/1156 1300/1405/1157 1299/1404/1147
f 1306/1413/1156 1307/1414/1158 1301/1406/1159 1300/1405/1157
f 1307/1414/1160 1308/1415/1161 1302/1407/1151 1301/1406/1149
f 1308/1415/1162 1134/1416/1163 1133/1408/986 1302/1407/1150
f 1309/1417/533 1310/1418/1164 1304/1411/1154 1303/1410/533
f 1310/1418/1164 1311/1419/1165 1305/1412/1155 1304/1411/1154
f 1311/1419/1166 1312/1420/1167 1306/1413/1156 1305/1412/1155
f 1312/1420/1167 1313/1421/1168 1307/1414/1160 1306/1413/1156
f 1313/1421/1168 1314/1422/1169 1308/1415/1161 1307/1414/1160
f 1314/1422/1169 1131/1423/984 1130/1424/890 1134/1416/987 1308/1415/1162
f 1315/1425/533 1316/1426/1170 1310/1418/1164 1309/1417/533
f 1316/1426/1170 1317/1427/1171 1311/1419/1165 1310/1418/1164
f 1317/1427/1171 1318/1428/1172 1312/1420/1167 1311/1419/1165
f 1318/1428/1173 1319/1429/1174 1313/1421/1168 1312/1420/1167
f 1319/1429/1174 1320/1430/1175 1314/1422/1169 1313/1421/1168
f 1320/1430/1176 1128/1431/981 1127/1432/882 1131/1423/984 1314/1422/1177
f 1321/1433/533 1322/1434/1178 1316/1426/1170 1315/1425/533
f 1322/1434/1179 1323/1435/1180 1317/1427/1181 1316/1426/1170
f 1323/1435/1182 1324/1436/1183 1318/1428/1172 1317/1427/1171
f 1324/1436/1183 1325/1437/1184 1319/1429/1174 1318/1428/1185
f 1325/1437/1186 1326/1438/1187 1320/1430/1176 1319/1429/1174
f 1326/1438/1187 1129/1439/1188 1128/1431/981 1320/1430/1189
f 1327/1440/533 1328/1441/1190 1322/1434/1178 1321/1433/533
f 1328/1441/1190 1329/1442/1191 1323/1435/1182 1322/1434/1178
f 1329/1442/1191 1330/1443/1192 1324/1436/1183 1323/1435/1180
f 1330/1443/1192 1331/1444/1193 1325/1437/1186 1324/1436/1183
f 1331/1444/1193 1332/1445/1194 1326/1438/1187 1325/1437/1186
f 1332/1445/1194 1126/1446/70 1125/1447/980 1129/1439/982 1326/1438/1187
f 1333/529/533 1334/1448/1195 1335/1449/1196 1336/1450/533
f 1334/1448/1195 1337/1451/1197 1338/1452/1198 1335/1449/1196
f 1337/1451/1197 1339/1453/1199 1340/1454/1200 1338/1452/1198
f 1339/1453/1201 1341/1455/1202 1342/1456/1203 1340/1454/1200
f 1341/1455/1202 1343/1457/1204 1344/1458/1205 1342/1456/1203
f 1343/1457/1206 1186/1459/1010 1185/1460/183 1344/1458/1205
f 1345/528/533 1346/1461/1207 1334/1448/1195 1333/529/533
f 1346/1461/1208 1347/1462/1209 1337/1451/1197 1334/1448/1195
f 1347/1462/1209 1348/1463/1210 1339/1453/1199 1337/1451/1197
f 1348/1463/1210 1349/1464/1211 1341/1455/1202 1339/1453/1199
f 1349/1464/1211 1350/1465/1212 1343/1457/1204 1341/1455/1202
f 1350/1465/1213 1183/1466/1007 1182/1467/1214 1186/1459/1010 1343/1457/1204
f 1351/1468/533 1352/1469/1215 1346/1461/1208 1345/528/533
f 1352/1469/1216 1353/1470/1217 1347/1462/1209 1346/1461/1207
f 1353/1470/1217 1354/1471/1218 1348/1463/1219 1347/1462/1209
f 1354/1471/1218 1355/1472/1220 1349/1464/1221 1348/1463/1219
f 1355/1472/1222 1356/1473/1223 1350/1465/1213 1349/1464/1211
f 1356/1473/1224 1184/1474/1225 1183/1466/1007 1350/1465/1212
f 1357/1475/533 1358/1476/1226 1352/1469/1216 1351/1468/533
f 1358/1476/1226 1359/1477/1227 1353/1470/1217 1352/1469/1216
f 1359/1477/1228 1360/1478/1229 1354/1471/1218 1353/1470/1217
f 1360/1478/1229 1361/1479/1230 1355/1472/1222 1354/1471/1218
f 1361/1479/1230 1362/1480/1231 1356/1473/1223 1355/1472/1222
f 1362/1480/1231 1181/1481/1005 1180/1482/946 1184/1474/1008 1356/1473/1224
f 1363/1483/533 1364/1484/1232 1358/1476/1226 1357/1475/533
f 1364/1484/1232 1365/1485/1233 1359/1477/1227 1358/1476/1226
f 1365/1485/1233 1366/1486/1234 1360/1478/1229 1359/1477/1227
f 1366/1486/1235 1367/1487/1236 1361/1479/1230 1360/1478/1229
f 1367/1487/1236 1368/1488/1237 1362/1480/1231 1361/1479/1230
f 1368/1488/1238 1178/1489/1002 1177/1490/938 1181/1481/1005 1362/1480/1231
f 1369/1491/533 1370/1492/1239 1364/1484/1232 1363/1483/533
f 1370/1492/1240 1371/1493/1241 1365/1485/1233 1364/1484/1232
f 1371/1493/1241 1372/1494/1242 1366/1486/1234 1365/1485/1243
f 1372/1494/1242 1373/1495/1244 1367/1487/1236 1366/1486/1245
f 1373/1495/1246 1374/1496/1247 1368/1488/1238 1367/1487/1236
f 1374/1496/1247 1179/1497/1248 1178/1489/1002 1368/1488/1237
f 1290/1394/533 1284/1388/1136 1370/1492/1239 1369/1491/533
f 1284/1388/1136 1278/1382/1125 1371/1493/1249 1370/1492/1239
f 1278/1382/1125 1272/1376/1124 1372/1494/1242 1371/1493/1241
f 1272/1376/1124 1266/1370/1102 1373/1495/1246 1372/1494/1242
f 1266/1370/1102 1260/1364/1250 1374/1496/1247 1373/1495/1244
f 1260/1364/1250 1083/1363/11 1176/1498/1001 1179/1497/1003 1374/1496/1247
f 1189/1499/134 1188/1500/585 1375/1501/1251 1376/1502/1252
f 1188/1500/1253 1187/1503/136 1191/1504/584 1377/1505/1254 1375/1501/1251
f 1191/1504/584 1190/1506/139 1193/1507/1255 1378/1508/1256 1377/1505/1254
f 1193/1507/753 1192/1509/138 1195/1510/1257 1379/1511/1258 1378/1508/1259
f 1195/1510/1257 1194/1512/140 1196/1513/578 1380/1514/1260 1379/1511/1258
f 1196/1513/578 1126/1446/70 1332/1445/1194 1380/1514/1260
f 1376/1502/1252 1375/1501/1251 1381/1515/1261 1382/1516/1262
f 1375/1501/1251 1377/1505/1254 1383/1517/1263 1381/1515/1264
f 1377/1505/1254 1378/1508/1259 1384/1518/1265 1383/1517/1263
f 1378/1508/1259 1379/1511/1266 1385/1519/1267 1384/1518/1268
f 1379/1511/1266 1380/1514/1260 1386/1520/1269 1385/1519/1267
f 1380/1514/1260 1332/1445/1270 1331/1444/1193 1386/1520/1269
f 1382/1516/1271 1381/1515/1261 1387/1521/1272 1388/1522/1273
f 1381/1515/1274 1383/1517/1263 1389/1523/1275 1387/1521/1272
f 1383/1517/1263 1384/1518/1265 1390/1524/1276 1389/1523/1275
f 1384/1518/1277 1385/1519/1267 1391/1525/1278 1390/1524/1279
f 1385/1519/1267 1386/1520/1269 1392/1526/1280 1391/1525/1281
f 1386/1520/1269 1331/1444/1193 1330/1443/1282 1392/1526/1280
f 1388/1522/1273 1387/1521/1283 1393/1527/1284 1394/1528/1285
f 1387/1521/1283 1389/1523/1286 1395/1529/1287 1393/1527/1284
f 1389/1523/1288 1390/1524/1279 1396/1530/1289 1395/1529/1287
f 1390/1524/1276 1391/1525/1281 1397/1531/1290 1396/1530/1291
f 1391/1525/1278 1392/1526/1280 1398/1532/1292 1397/1531/1290
f 1392/1526/1280 1330/1443/1192 1329/1442/1191 1398/1532/1292
f 1394/1528/1285 1393/1527/1293 1399/1533/1294 1400/1534/1295
f 1393/1527/1284 1395/1529/1287 1401/1535/1296 1399/1533/1297
f 1395/1529/1298 1396/1530/1291 1402/1536/1299 1401/1535/1296
f 1396/1530/1289 1397/1531/1290 1403/1537/1300 1402/1536/1301
f 1397/1531/1290 1398/1532/1302 1404/1538/1303 1403/1537/1304
f 1398/1532/1292 1329/1442/1305 1328/1441/1190 1404/1538/1306
f 1400/1534/1307 1399/1533/1297 1405/1539/533 1406/1540/533
f 1399/1533/1297 1401/1535/1296 1407/1541/533 1405/1539/533
f 1401/1535/1296 1402/1536/1301 1408/1542/533 1407/1541/533
f 1402/1536/1299 1403/1537/1300 1409/1543/533 1408/1542/533
f 1403/1537/1300 1404/1538/1306 1410/1544/533 1409/1543/533
f 1404/1538/1303 1328/1441/1190 1327/1440/533 1410/1544/533
f 1185/1460/183 1199/1545/539 1411/1546/1308 1344/1458/1309
f 1199/1545/539 1198/1547/182 1201/1548/676 1412/1549/1310 1411/1546/1308
f 1201/1548/540 1200/1550/184 1203/1551/538 1413/1552/1311 1412/1549/1310
f 1203/1551/538 1202/1553/187 1205/1554/1312 1414/1555/1313 1413/1552/1311
f 1205/1554/537 1204/1556/189 1206/1557/1020 1415/1558/1314 1414/1555/1315
f 1206/1557/534 1197/1559/134 1416/1560/1252 1415/1558/1314
f 1344/1458/1316 1411/1546/1317 1417/1561/1318 1342/1456/1203
f 1411/1546/1308 1412/1549/1310 1418/1562/1319 1417/1561/1318
f 1412/1549/1320 1413/1552/1311 1419/1563/1321 1418/1562/1319
f 1413/1552/1311 1414/1555/1315 1420/1564/1322 1419/1563/1323
f 1414/1555/1315 1415/1558/1314 1421/1565/1324 1420/1564/1322
f 1415/1558/1314 1416/1560/1252 1422/1566/1325 1421/1565/1326
f 1342/1456/1203 1417/1561/1318 1423/1567/1327 1340/1454/1328
f 1417/1561/1318 1418/1562/1319 1424/1568/1329 1423/1567/1327
f 1418/1562/1319 1419/1563/1330 1425/1569/1331 1424/1568/1332
f 1419/1563/1323 1420/1564/1322 1426/1570/1333 1425/1569/1334
f 1420/1564/1322 1421/1565/1335 1427/1571/1336 1426/1570/1333
f 1421/1565/1326 1422/1566/1262 1428/1572/1273 1427/1571/1336
f 1340/1454/1200 1423/1567/1327 1429/1573/1337 1338/1452/1338
f 1423/1567/1327 1424/1568/1332 1430/1574/1339 1429/1573/1337
f 1424/1568/1340 1425/1569/1341 1431/1575/1342 1430/1574/1343
f 1425/1569/1331 1426/1570/1344 1432/1576/1345 1431/1575/1346
f 1426/1570/1347 1427/1571/1348 1433/1577/1349 1432/1576/1345
f 1427/1571/1348 1428/1572/1273 1434/1578/1285 1433/1577/1349
f 1338/1452/1350 1429/1573/1337 1435/1579/1351 1335/1449/1196
f 1429/1573/1337 1430/1574/1339 1436/1580/1352 1435/1579/1351
f 1430/1574/1343 1431/1575/1342 1437/1581/1353 1436/1580/1354
f 1431/1575/1342 1432/1576/1355 1438/1582/1356 1437/1581/1353
f 1432/1576/1345 1433/1577/1349 1439/1583/1357 1438/1582/1356
f 1433/1577/1358 1434/1578/1285 1440/1584/1295 1439/1583/1359
f 1335/1449/1196 1435/1579/1351 1441/1585/533 1336/1450/533
f 1435/1579/1360 1436/1580/1352 1442/1586/533 1441/1585/533
f 1436/1580/1352 1437/1581/1361 1443/1587/533 1442/1586/533
f 1437/1581/1361 1438/1582/1356 1444/525/533 1443/1587/533
f 1438/1582/1356 1439/1583/1357 1445/526/533 1444/525/533
f 1439/1583/1357 1440/1584/1307 1446/1588/533 1445/526/533
f 1376/1502/1252 1416/1560/1252 1197/1559/134 1189/1499/134
f 1382/1516/1271 1422/1566/1271 1416/1560/1252 1376/1502/1252
f 1388/1522/1273 1428/1572/1273 1422/1566/1271 1382/1516/1271
f 1394/1528/1285 1434/1578/1285 1428/1572/1273 1388/1522/1273
f 1400/1534/1295 1440/1584/1295 1434/1578/1285 1394/1528/1285
f 1406/1540/533 1446/1588/533 1440/1584/1295 1400/1534/1295
f 1351/1468/533 1455/1589/533 1456/1590/533
f 1474/1591/533 1475/1592/533 1309/1417/533
f 1471/1593/533 1470/1594/533 1483/1595/1362 1484/1596/1196
f 1470/1594/533 1469/1597/533 1485/1598/1363 1483/1595/1364
f 1469/1597/533 1468/1599/533 1486/1600/1365 1485/1598/1363
f 1468/1599/533 1467/1601/533 1487/1602/1366 1486/1600/1365
f 1467/1601/533 1466/1603/533 1488/1604/1295 1487/1602/1366
f 1484/1596/1196 1483/1595/1364 1489/1605/1367 1490/1606/1338
f 1483/1595/1362 1485/1598/1363 1491/1607/1368 1489/1605/1369
f 1485/1598/1363 1486/1600/1365 1492/1608/1370 1491/1607/1368
f 1486/1600/1365 1487/1602/1366 1493/1609/1371 1492/1608/1372
f 1487/1602/1366 1488/1604/1295 1494/1610/1285 1493/1609/1373
f 1490/1606/1198 1489/1605/1369 1495/1611/1374 1496/1612/1200
f 1489/1605/1369 1491/1607/1375 1497/1613/1376 1495/1611/1377
f 1491/1607/1368 1492/1608/1370 1498/1614/1378 1497/1613/1376
f 1492/1608/1379 1493/1609/1371 1499/1615/1380 1498/1614/1381
f 1493/1609/1371 1494/1610/1285 1500/1616/1273 1499/1615/1382
f 1496/1612/1200 1495/1611/1377 1501/1617/1383 1502/1618/1203
f 1495/1611/1374 1497/1613/1376 1503/1619/1384 1501/1617/1383
f 1497/1613/1376 1498/1614/1378 1504/1620/1385 1503/1619/1386
f 1498/1614/1381 1499/1615/1380 1505/1621/1387 1504/1620/1388
f 1499/1615/1380 1500/1616/1273 1506/1622/1325 1505/1621/1387
f 1502/1618/1203 1501/1617/1383 1507/1623/1389 1508/1624/1205
f 1501/1617/1383 1503/1619/1390 1509/1625/1391 1507/1623/1392
f 1503/1619/1393 1504/1620/1388 1510/1626/1394 1509/1625/1395
f 1504/1620/1396 1505/1621/1387 1511/1627/1397 1510/1626/1398
f 1505/1621/1387 1506/1622/1262 1512/1628/1252 1511/1627/1397
f 1508/1624/1205 1507/1623/1399 1513/1629/186 1514/1630/1400
f 1507/1623/1392 1509/1625/1395 1515/1631/188 1513/1629/186
f 1509/1625/1395 1510/1626/1394 1516/1632/191 1515/1631/188
f 1510/1626/1398 1511/1627/1397 1517/1633/535 1516/1632/187
f 1511/1627/1397 1512/1628/1252 1518/1634/134 1517/1633/189
f 1519/1635/1401 1520/1636/1402 1508/1624/1205 1514/1630/183
f 1520/1636/1402 1521/1637/1403 1502/1618/1203 1508/1624/1205
f 1521/1637/1403 1522/1638/1404 1496/1612/1200 1502/1618/1203
f 1522/1638/1404 1523/1639/1405 1490/1606/1198 1496/1612/1200
f 1523/1639/1406 1524/1640/1407 1484/1596/1196 1490/1606/1338
f 1524/1640/1407 1472/1641/533 1471/1593/533 1484/1596/1196
f 1525/1642/1408 1526/1643/1409 1520/1636/1402 1519/1635/1410 1527/1644/1411
f 1526/1643/1409 1528/1645/1412 1521/1637/1403 1520/1636/1402
f 1528/1645/1412 1529/1646/1413 1522/1638/1414 1521/1637/1403
f 1529/1646/1413 1530/1647/1415 1523/1639/1405 1522/1638/1414
f 1530/1647/1415 1531/1648/1416 1524/1640/1407 1523/1639/1405
f 1531/1648/1416 1473/1649/533 1472/1641/533 1524/1640/1407
f 1532/1650/1417 1533/1651/1418 1526/1643/1419 1525/1642/1408
f 1533/1651/1420 1534/1652/1421 1528/1645/1412 1526/1643/1419
f 1534/1652/1422 1535/1653/1423 1529/1646/1413 1528/1645/1412
f 1535/1653/1423 1536/1654/1424 1530/1647/1425 1529/1646/1426
f 1536/1654/1424 1537/1655/1427 1531/1648/1428 1530/1647/1425
f 1537/1655/1427 1474/1591/533 1473/1649/533 1531/1648/1428
f 1538/1656/1429 1539/1657/1430 1533/1651/1420 1532/1650/1417 1540/1658/1431
f 1539/1657/1430 1541/1659/1432 1534/1652/1433 1533/1651/1420
f 1541/1659/1432 1542/1660/1434 1535/1653/1423 1534/1652/1433
f 1542/1660/1434 1543/1661/1435 1536/1654/1436 1535/1653/1423
f 1543/1661/1437 1544/1662/1438 1537/1655/1427 1536/1654/1436
f 1544/1662/1438 1475/1592/533 1474/1591/533 1537/1655/1439
f 1545/1663/1440 1546/1664/1441 1539/1657/1430 1538/1656/1429
f 1546/1664/1441 1547/1665/1442 1541/1659/1432 1539/1657/1443
f 1547/1665/1442 1548/1666/1444 1542/1660/1434 1541/1659/1445
f 1548/1666/1446 1549/1667/1447 1543/1661/1437 1542/1660/1434
f 1549/1667/1447 1550/1668/1448 1544/1662/1438 1543/1661/1437
f 1550/1668/1449 1476/1669/533 1475/1592/533 1544/1662/1450
f 1551/1670/1451 1552/1671/1452 1546/1664/1453 1545/1663/1454 1553/1672/1455
f 1552/1671/1456 1554/1673/1457 1547/1665/1442 1546/1664/1441
f 1554/1673/1457 1555/1674/1458 1548/1666/1444 1547/1665/1459
f 1555/1674/1458 1556/1675/1460 1549/1667/1461 1548/1666/1444
f 1556/1675/1460 1557/1676/1462 1550/1668/1448 1549/1667/1447
f 1557/1676/1463 1477/1677/533 1476/1669/533 1550/1668/1464
f 1558/1678/11 1559/1679/1250 1552/1671/1456 1551/1670/1451
f 1559/1679/1250 1560/1680/1102 1554/1673/1457 1552/1671/1456
f 1560/1680/1102 1561/1681/1124 1555/1674/1458 1554/1673/1457
f 1561/1681/1124 1562/1682/1125 1556/1675/1460 1555/1674/1458
f 1562/1682/1125 1563/1683/1136 1557/1676/1462 1556/1675/1460
f 1563/1683/1136 1478/1684/533 1477/1677/533 1557/1676/1463
f 1564/1685/1295 1488/1604/1295 1466/1603/533 1465/1686/533
f 1565/1687/1285 1494/1610/1285 1488/1604/1295 1564/1685/1295
f 1566/1688/1273 1500/1616/1273 1494/1610/1285 1565/1687/1285
f 1567/1689/1465 1506/1622/1465 1500/1616/1273 1566/1688/1273
f 1568/1690/1252 1512/1628/1252 1506/1622/1271 1567/1689/1271
f 1569/1691/134 1518/1634/134 1512/1628/1252 1568/1690/1252
f 1513/1629/182 1570/1692/182 1571/1693/183 1514/1630/183
f 1515/1631/184 1572/1694/184 1570/1692/186 1513/1629/186
f 1516/1632/187 1573/1695/187 1572/1694/184 1515/1631/184
f 1517/1633/189 1574/1696/189 1573/1695/190 1516/1632/190
f 1518/1634/134 1575/1697/134 1574/1696/192 1517/1633/192
f 1551/1670/1451 1576/1698/1466 1577/1699/11 1558/1678/11
f 1553/1672/1455 1578/1700/1455 1576/1698/1466 1551/1670/1451
f 1540/1658/1431 1579/1701/1431 1578/1700/1455 1553/1672/1455 1545/1663/1454 1538/1656/1429
f 1527/1644/1411 1580/1702/1411 1579/1701/1431 1540/1658/1431 1532/1650/1417 1525/1642/1408
f 1514/1630/183 1571/1693/183 1580/1702/1411 1527/1644/1411 1519/1635/1401
f 1447/1703/533 1482/1704/533 1581/1705/1467 1582/1706/1025
f 1482/1704/533 1481/1707/533 1583/1708/1468 1581/1705/1467
f 1481/1707/533 1480/1709/533 1584/1710/1469 1583/1708/1468
f 1480/1709/533 1479/1711/533 1585/1712/1470 1584/1710/1469
f 1479/1711/533 1478/1684/533 1563/1683/1136 1585/1712/1471
f 1582/1706/1025 1581/1705/1467 1586/1713/1472 1587/1714/1024
f 1581/1705/1467 1583/1708/1468 1588/1715/1473 1586/1713/1474
f 1583/1708/1468 1584/1710/1469 1589/1716/1475 1588/1715/1476
f 1584/1710/1469 1585/1712/1471 1590/1717/1477 1589/1716/1475
f 1585/1712/1478 1563/1683/1136 1562/1682/1479 1590/1717/1480
f 1587/1714/1024 1586/1713/1474 1591/1718/1481 1592/1719/1023
f 1586/1713/1474 1588/1715/1482 1593/1720/1483 1591/1718/1484
f 1588/1715/1476 1589/1716/1475 1594/1721/1485 1593/1720/1486
f 1589/1716/1475 1590/1717/1477 1595/1722/1487 1594/1721/1485
f 1590/1717/1477 1562/1682/1135 1561/1681/1112 1595/1722/1488
f 1592/1719/1023 1591/1718/1484 1596/1723/1489 1597/1724/1057
f 1591/1718/1484 1593/1720/1483 1598/1725/1490 1596/1723/1489
f 1593/1720/1486 1594/1721/1485 1599/1726/1491 1598/1725/1490
f 1594/1721/1485 1595/1722/1488 1600/1727/1492 1599/1726/1493
f 1595/1722/1487 1561/1681/1124 1560/1680/1102 1600/1727/1492
f 1597/1724/1045 1596/1723/1489 1601/1728/1494 1602/1729/1021
f 1596/1723/1489 1598/1725/1495 1603/1730/1496 1601/1728/1494
f 1598/1725/1490 1599/1726/1497 1604/1731/1498 1603/1730/1499
f 1599/1726/1491 1600/1727/1492 1605/1732/1500 1604/1731/1501
f 1600/1727/1492 1560/1680/1102 1559/1679/1250 1605/1732/1502
f 1602/1729/1021 1601/1728/1494 1606/1733/5 1607/1734/2
f 1601/1728/1494 1603/1730/1496 1608/1735/3 1606/1733/556
f 1603/1730/1499 1604/1731/1498 1609/1736/10 1608/1735/966
f 1604/1731/1498 1605/1732/1500 1610/1737/9 1609/1736/10
f 1605/1732/1503 1559/1679/1250 1558/1678/1504 1610/1737/9
f 1606/1733/1 1611/1738/1 1612/1739/2 1607/1734/2
f 1608/1735/3 1613/1740/3 1611/1738/5 1606/1733/5
f 1609/1736/6 1614/1741/6 1613/1740/8 1608/1735/8
f 1610/1737/9 1615/1742/9 1614/1741/6 1609/1736/6
f 1558/1678/11 1577/1699/11 1615/1742/12 1610/1737/12
f 1582/1706/1025 1616/1743/1025 1448/1744/533 1447/1703/533
f 1587/1714/1024 1617/1745/1024 1616/1743/1025 1582/1706/1025
f 1592/1719/1023 1618/1746/1023 1617/1745/1024 1587/1714/1024
f 1597/1724/1505 1619/1747/1505 1618/1746/1023 1592/1719/1023
f 1602/1729/1021 1620/1748/1021 1619/1747/1022 1597/1724/1022
f 1607/1734/2 1621/1749/2 1620/1748/1021 1602/1729/1021
f 1621/1749/2 1607/1734/2 1612/1739/2 1622/1750/2
f 1453/1751/533 1452/1752/533 1623/1753/1506 1624/1754/1071
f 1452/1752/533 1451/1755/533 1625/1756/1507 1623/1753/1506
f 1451/1755/533 1450/524/533 1626/1757/1508 1625/1756/1507
f 1450/524/533 1449/527/533 1627/1758/1509 1626/1757/1508
f 1449/527/533 1448/1744/533 1616/1743/1025 1627/1758/1509
f 1624/1754/1071 1623/1753/1510 1628/1759/1511 1629/1760/1060
f 1623/1753/1510 1625/1756/1507 1630/1761/1512 1628/1759/1513
f 1625/1756/1507 1626/1757/1508 1631/1762/1514 1630/1761/1512
f 1626/1757/1508 1627/1758/1509 1632/1763/1515 1631/1762/1514
f 1627/1758/1509 1616/1743/1025 1617/1745/1024 1632/1763/1515
f 1629/1760/1060 1628/1759/1513 1633/1764/1516 1634/1765/1058
f 1628/1759/1513 1630/1761/1517 1635/1766/1518 1633/1764/1519
f 1630/1761/1512 1631/1762/1514 1636/1767/1520 1635/1766/1518
f 1631/1762/1521 1632/1763/1522 1637/1768/1523 1636/1767/1524
f 1632/1763/1522 1617/1745/1024 1618/1746/1023 1637/1768/1525
f 1634/1765/1058 1633/1764/1526 1638/1769/1527 1639/1770/1039
f 1633/1764/1526 1635/1766/1518 1640/1771/1528 1638/1769/1527
f 1635/1766/1518 1636/1767/1520 1641/1772/1529 1640/1771/1530
f 1636/1767/1524 1637/1768/1523 1642/1773/1531 1641/1772/1529
f 1637/1768/1523 1618/1746/1023 1619/1747/1045 1642/1773/1531
f 1639/1770/1039 1638/1769/1527 1643/1774/1532 1644/1775/1027
f 1638/1769/1527 1640/1771/1530 1645/1776/1533 1643/1774/1534
f 1640/1771/1535 1641/1772/1529 1646/1777/1536 1645/1776/1537
f 1641/1772/1538 1642/1773/1531 1647/1778/1539 1646/1777/1540
f 1642/1773/1531 1619/1747/1057 1620/1748/1021 1647/1778/1539
f 1644/1775/1027 1643/1774/1541 1648/1779/17 1649/1780/1542
f 1643/1774/1534 1645/1776/1537 1650/1781/19 1648/1779/17
f 1645/1776/1537 1646/1777/1536 1651/1782/18 1650/1781/15
f 1646/1777/1540 1647/1778/1539 1652/1783/560 1651/1782/18
f 1647/1778/1539 1620/1748/1021 1621/1749/2 1652/1783/20
f 1648/1779/17 1653/1784/17 1654/1785/14 1649/1780/14
f 1650/1781/15 1655/1786/15 1653/1784/17 1648/1779/17
f 1651/1782/18 1656/1787/18 1655/1786/15 1650/1781/15
f 1652/1783/20 1657/1788/20 1656/1787/21 1651/1782/21
f 1621/1749/2 1622/1750/2 1657/1788/22 1652/1783/22
f 1658/1789/1543 1659/1790/1544 1644/1775/1027 1649/1780/14
f 1659/1790/1544 1660/1791/1545 1639/1770/1039 1644/1775/1027
f 1660/1791/1545 1661/1792/1546 1634/1765/1058 1639/1770/1039
f 1661/1792/1546 1662/1793/1547 1629/1760/1060 1634/1765/1058
f 1662/1793/1547 1663/1794/1548 1624/1754/1071 1629/1760/1060
f 1663/1794/1549 1454/530/533 1453/1751/533 1624/1754/1071
f 1664/1795/1550 1665/1796/1551 1659/1790/1544 1658/1789/1543 1666/1797/1552
f 1665/1796/1553 1667/1798/1554 1660/1791/1545 1659/1790/1544
f 1667/1798/1554 1668/1799/1555 1661/1792/1546 1660/1791/1545
f 1668/1799/1555 1669/1800/1556 1662/1793/1547 1661/1792/1557
f 1669/1800/1556 1670/1801/1558 1663/1794/1549 1662/1793/1547
f 1670/1801/1558 1455/1589/533 1454/530/533 1663/1794/1549
f 1671/1802/1559 1672/1803/1560 1665/1796/1553 1664/1795/1550
f 1672/1803/1561 1673/1804/1562 1667/1798/1554 1665/1796/1553
f 1673/1804/1563 1674/1805/1564 1668/1799/1555 1667/1798/1554
f 1674/1805/1564 1675/1806/1565 1669/1800/1566 1668/1799/1567
f 1675/1806/1568 1676/1807/1569 1670/1801/1570 1669/1800/1566
f 1676/1807/1569 1456/1590/533 1455/1589/533 1670/1801/1571
f 1677/1808/1572 1678/1809/1573 1672/1803/1561 1671/1802/1559 1679/1810/1574
f 1678/1809/1573 1680/1811/1575 1673/1804/1563 1672/1803/1561
f 1680/1811/1575 1681/1812/1576 1674/1805/1564 1673/1804/1563
f 1681/1812/1577 1682/1813/1578 1675/1806/1568 1674/1805/1564
f 1682/1813/1578 1683/1814/1579 1676/1807/1569 1675/1806/1568
f 1683/1814/1579 1457/1815/533 1456/1590/533 1676/1807/1580
f 1684/1816/1581 1685/1817/1582 1678/1809/1573 1677/1808/1572
f 1685/1817/1582 1686/1818/1583 1680/1811/1575 1678/1809/1584
f 1686/1818/1583 1687/1819/1585 1681/1812/1577 1680/1811/1586
f 1687/1819/1587 1688/1820/1588 1682/1813/1578 1681/1812/1577
f 1688/1820/1589 1689/1821/1590 1683/1814/1591 1682/1813/1578
f 1689/1821/1590 1458/1822/533 1457/1815/533 1683/1814/1579
f 1690/1823/1592 1691/1824/1593 1685/1817/1594 1684/1816/1595 1692/1825/1596
f 1691/1824/1597 1693/1826/1598 1686/1818/1583 1685/1817/1582
f 1693/1826/1598 1694/1827/1599 1687/1819/1585 1686/1818/1583
f 1694/1827/1599 1695/1828/1600 1688/1820/1589 1687/1819/1585
f 1695/1828/1600 1696/1829/1601 1689/1821/1590 1688/1820/1588
f 1696/1829/1602 1459/1830/533 1458/1822/533 1689/1821/1603
f 1697/1831/70 1698/1832/1194 1691/1824/1597 1690/1823/1592
f 1698/1832/1194 1699/1833/1193 1693/1826/1598 1691/1824/1597
f 1699/1833/1193 1700/1834/1192 1694/1827/1599 1693/1826/1598
f 1700/1834/1192 1701/1835/1191 1695/1828/1600 1694/1827/1599
f 1701/1835/1191 1702/1836/1190 1696/1829/1604 1695/1828/1600
f 1702/1836/1190 1460/1837/533 1459/1830/533 1696/1829/1602
f 1690/1823/1592 1703/1838/1605 1704/1839/70 1697/1831/70
f 1692/1825/1596 1705/1840/1596 1703/1838/1605 1690/1823/1592
f 1679/1810/1574 1706/1841/1574 1705/1840/1596 1692/1825/1596 1684/1816/1595 1677/1808/1572
f 1666/1797/1552 1707/1842/1552 1706/1841/1574 1679/1810/1574 1671/1802/1559 1664/1795/1550
f 1649/1780/14 1654/1785/14 1707/1842/1552 1666/1797/1552 1658/1789/1543
f 1708/1843/133 1709/1844/133 1710/1845/134 1569/1691/134
f 1711/1846/135 1712/1847/135 1709/1844/136 1708/1843/136
f 1713/1848/141 1714/1849/141 1712/1847/139 1711/1846/139
f 1715/1850/140 1716/1851/140 1714/1849/141 1713/1848/141
f 1697/1831/70 1704/1839/70 1716/1851/140 1715/1850/140
f 1518/1634/134 1569/1691/134 1710/1845/134 1575/1697/134
f 1465/1686/533 1464/1852/533 1717/1853/1606 1564/1685/1295
f 1464/1852/533 1463/1854/533 1718/1855/1607 1717/1853/1606
f 1463/1854/533 1462/1856/533 1719/1857/1608 1718/1855/1607
f 1462/1856/533 1461/1858/533 1720/1859/1609 1719/1857/1608
f 1461/1858/533 1460/1837/533 1702/1836/1190 1720/1859/1610
f 1564/1685/1295 1717/1853/1606 1721/1860/1611 1565/1687/1285
f 1717/1853/1606 1718/1855/1607 1722/1861/1612 1721/1860/1611
f 1718/1855/1607 1719/1857/1608 1723/1862/1613 1722/1861/1612
f 1719/1857/1608 1720/1859/1614 1724/1863/1615 1723/1862/1613
f 1720/1859/1609 1702/1836/1190 1701/1835/1191 1724/1863/1615
f 1565/1687/1285 1721/1860/1616 1725/1864/1617 1566/1688/1273
f 1721/1860/1616 1722/1861/1618 1726/1865/1619 1725/1864/1620
f 1722/1861/1612 1723/1862/1613 1727/1866/1621 1726/1865/1622
f 1723/1862/1613 1724/1863/1615 1728/1867/1623 1727/1866/1621
f 1724/1863/1615 1701/1835/1305 1700/1834/1282 1728/1867/1624
f 1566/1688/1273 1725/1864/1620 1729/1868/1625 1567/1689/1262
f 1725/1864/1620 1726/1865/1619 1730/1869/1626 1729/1868/1625
f 1726/1865/1622 1727/1866/1621 1731/1870/1627 1730/1869/1626
f 1727/1866/1621 1728/1867/1628 1732/1871/1629 1731/1870/1630
f 1728/1867/1628 1700/1834/1192 1699/1833/1193 1732/1871/1629
f 1567/1689/1325 1729/1868/1625 1733/1872/1631 1568/1690/1252
f 1729/1868/1625 1730/1869/1632 1734/1873/1633 1733/1872/1631
f 1730/1869/1626 1731/1870/1634 1735/1874/1635 1734/1873/1636
f 1731/1870/1627 1732/1871/1629 1736/1875/1637 1735/1874/1638
f 1732/1871/1629 1699/1833/1193 1698/1832/1194 1736/1875/1639
f 1568/1690/1252 1733/1872/1631 1708/1843/136 1569/1691/134
f 1733/1872/1631 1734/1873/1633 1711/1846/139 1708/1843/583
f 1734/1873/1636 1735/1874/1635 1713/1848/141 1711/1846/139
f 1735/1874/1635 1736/1875/1637 1715/1850/140 1713/1848/137
f 1736/1875/1640 1698/1832/1194 1697/1831/1641 1715/1850/140
f 1742/1876/182 1767/1877/182 1768/1878/183 1743/1879/183
f 1741/1880/184 1769/1881/184 1767/1877/186 1742/1876/186
f 1740/1882/187 1770/1883/187 1769/1881/184 1741/1880/188
f 1739/1884/189 1771/1885/189 1770/1883/190 1740/1882/190
f 1738/1886/134 1772/1887/134 1771/1885/192 1739/1884/192
f 1773/1888/134 1772/1887/134 1738/1886/134 1737/1889/134
f 1766/1890/133 1774/1891/133 1773/1888/134 1737/1889/134
f 1765/1892/135 1775/1893/135 1774/1891/136 1766/1890/136
f 1764/1894/137 1776/1895/138 1775/1893/139 1765/1892/139
f 1763/1896/140 1777/1897/140 1776/1895/141 1764/1894/141
f 1762/1898/70 1778/1899/70 1777/1897/140 1763/1896/140
f 1761/1900/1642 1779/1901/1642 1780/1902/1643 1778/1899/70 1762/1898/70
f 1760/1903/1644 1781/1904/1644 1782/1905/1645 1783/1906/1646 1779/1901/1642 1761/1900/1642
f 1759/1907/571 1784/1908/571 1785/1909/1647 1786/1910/1648 1781/1904/1649 1760/1903/1644
f 1758/1911/14 1787/1912/14 1788/1913/1650 1784/1908/571 1759/1907/571
f 1757/1914/17 1789/1915/17 1787/1912/14 1758/1911/14
f 1756/1916/15 1790/1917/15 1789/1915/17 1757/1914/17
f 1755/1918/18 1791/1919/18 1790/1917/16 1756/1916/19
f 1754/1920/20 1792/1921/20 1791/1919/21 1755/1918/21
f 1753/1922/2 1793/1923/2 1792/1921/22 1754/1920/22
f 1794/1924/2 1793/1923/2 1753/1922/2 1752/1925/2
f 1751/1926/1 1795/1927/1 1794/1924/2 1752/1925/2
f 1750/1928/3 1796/1929/3 1795/1927/5 1751/1926/5
f 1749/1930/10 1797/1931/6 1796/1929/8 1750/1928/8
f 1748/1932/9 1798/1933/9 1797/1931/6 1749/1930/6
f 1747/1934/11 1799/1935/11 1798/1933/12 1748/1932/12
f 1746/1936/1651 1800/1937/1651 1801/1938/1652 1799/1935/11 1747/1934/11
f 1745/1939/1653 1802/1940/1653 1803/1941/1654 1804/1942/1655 1800/1937/1651 1746/1936/1651
f 1744/1943/545 1805/1944/545 1806/1945/1656 1807/1946/1657 1802/1940/1658 1745/1939/1653
f 1743/1879/183 1768/1878/183 1808/1947/1659 1805/1944/545 1744/1943/545
f 1787/1912/14 1789/1915/1660 1809/1948/1661 1810/1949/1027
f 1789/1915/17 1790/1917/19 1811/1950/1537 1809/1948/1541
f 1790/1917/15 1791/1919/21 1812/1951/1540 1811/1950/1537
f 1791/1919/18 1792/1921/560 1813/1952/1539 1812/1951/1540
f 1792/1921/560 1793/1923/2 1814/1953/1021 1813/1952/1539
f 1810/1949/1027 1809/1948/1541 1815/1954/1662 1816/1955/1039
f 1809/1948/1661 1811/1950/1537 1817/1956/1663 1815/1954/1527
f 1811/1950/1537 1812/1951/1540 1818/1957/1529 1817/1956/1535
f 1812/1951/1540 1813/1952/1539 1819/1958/1531 1818/1957/1529
f 1813/1952/1539 1814/1953/1021 1820/1959/1505 1819/1958/1531
f 1816/1955/1039 1815/1954/1527 1821/1960/1526 1822/1961/1058
f 1815/1954/1527 1817/1956/1663 1823/1962/1518 1821/1960/1526
f 1817/1956/1530 1818/1957/1529 1824/1963/1524 1823/1962/1518
f 1818/1957/1664 1819/1958/1531 1825/1964/1523 1824/1963/1520
f 1819/1958/1531 1820/1959/1022 1826/1965/1023 1825/1964/1523
f 1822/1961/1058 1821/1960/1526 1827/1966/1513 1828/1967/1069
f 1821/1960/1665 1823/1962/1666 1829/1968/1512 1827/1966/1513
f 1823/1962/1518 1824/1963/1520 1830/1969/1514 1829/1968/1512
f 1824/1963/1667 1825/1964/1523 1831/1970/1515 1830/1969/1521
f 1825/1964/1523 1826/1965/1023 1832/1971/1024 1831/1970/1515
f 1828/1967/1060 1827/1966/1513 1833/1972/1510 1834/1973/1071
f 1827/1966/1513 1829/1968/1512 1835/1974/1507 1833/1972/1510
f 1829/1968/1517 1830/1969/1514 1836/1975/1508 1835/1974/1507
f 1830/1969/1514 1831/1970/1515 1837/1976/1509 1836/1975/1508
f 1831/1970/1515 1832/1971/1024 1838/1977/1083 1837/1976/1668
f 1834/1973/1071 1833/1972/1669 1839/1978/533 1840/1979/533
f 1833/1972/1670 1835/1974/1507 1841/1980/533 1839/1978/533
f 1835/1974/1507 1836/1975/1508 1842/1981/533 1841/1980/533
f 1836/1975/1508 1837/1976/1509 1843/1982/533 1842/1981/533
f 1837/1976/1509 1838/1977/1025 1844/1983/533 1843/1982/533
f 1864/1984/533 1866/1985/533 1868/1986/533
f 1780/1902/1643 1875/1987/1671 1876/1988/1194 1778/1899/70
f 1875/1987/1671 1877/1989/1672 1878/1990/1193 1876/1988/1194
f 1877/1989/1672 1879/1991/1673 1880/1992/1192 1878/1990/1193
f 1879/1991/1673 1881/1993/1674 1882/1994/1191 1880/1992/1192
f 1881/1993/1674 1883/1995/1675 1884/1996/1190 1882/1994/1191
f 1883/1995/1676 1845/1997/533 1874/1998/533 1884/1996/1190
f 1783/1906/1646 1885/1999/1677 1875/1987/1671 1780/1902/1678 1779/1901/1642
f 1885/1999/1677 1886/2000/1679 1877/1989/1672 1875/1987/1671
f 1886/2000/1679 1887/2001/1680 1879/1991/1681 1877/1989/1672
f 1887/2001/1680 1888/2002/1682 1881/1993/1683 1879/1991/1673
f 1888/2002/1682 1889/2003/1684 1883/1995/1675 1881/1993/1683
f 1889/2003/1684 1846/2004/533 1845/1997/533 1883/1995/1676
f 1782/1905/1645 1890/2005/1685 1885/1999/1686 1783/1906/1646
f 1890/2005/1685 1891/2006/1687 1886/2000/1679 1885/1999/1677
f 1891/2006/1687 1892/2007/1688 1887/2001/1689 1886/2000/1679
f 1892/2007/1690 1893/2008/1691 1888/2002/1682 1887/2001/1689
f 1893/2008/1692 1894/2009/1693 1889/2003/1694 1888/2002/1682
f 1894/2009/1695 1847/2010/533 1846/2004/533 1889/2003/1684
f 1786/1910/1648 1895/2011/1696 1890/2005/1685 1782/1905/1645 1781/1904/1644
f 1895/2011/1697 1896/2012/1698 1891/2006/1699 1890/2005/1685
f 1896/2012/1698 1897/2013/1700 1892/2007/1688 1891/2006/1687
f 1897/2013/1701 1898/2014/1702 1893/2008/1691 1892/2007/1690
f 1898/2014/1702 1899/2015/1703 1894/2009/1695 1893/2008/1692
f 1899/2015/1703 1848/2016/533 1847/2010/533 1894/2009/1695
f 1785/1909/1704 1900/2017/1705 1895/2011/1706 1786/1910/1648
f 1900/2017/1707 1901/2018/1708 1896/2012/1698 1895/2011/1706
f 1901/2018/1708 1902/2019/1709 1897/2013/1700 1896/2012/1698
f 1902/2019/1710 1903/2020/1711 1898/2014/1702 1897/2013/1712
f 1903/2020/1711 1904/2021/1713 1899/2015/1703 1898/2014/1702
f 1904/2021/1714 1849/2022/533 1848/2016/533 1899/2015/1703
f 1788/1913/1650 1905/2023/1715 1900/2017/1705 1785/1909/1716 1784/1908/571
f 1905/2023/1715 1906/2024/1717 1901/2018/1708 1900/2017/1705
f 1906/2024/1718 1907/2025/1719 1902/2019/1710 1901/2018/1708
f 1907/2025/1719 1908/2026/1720 1903/2020/1721 1902/2019/1710
f 1908/2026/1720 1909/2027/1722 1904/2021/1714 1903/2020/1721
f 1909/2027/1722 1850/2028/533 1849/2022/533 1904/2021/1714
f 1787/1912/14 1810/1949/1027 1905/2023/1715 1788/1913/1650
f 1810/1949/1027 1816/1955/1039 1906/2024/1717 1905/2023/1715
f 1816/1955/1039 1822/1961/1058 1907/2025/1719 1906/2024/1723
f 1822/1961/1058 1828/1967/1060 1908/2026/1720 1907/2025/1719
f 1828/1967/1060 1834/1973/1071 1909/2027/1722 1908/2026/1720
f 1834/1973/1071 1840/1979/533 1850/2028/533 1909/2027/1724
f 1910/2029/1021 1814/1953/1021 1793/1923/2 1794/1924/2
f 1911/2030/1022 1820/1959/1022 1814/1953/1021 1910/2029/1021
f 1912/2031/1023 1826/1965/1023 1820/1959/1505 1911/2030/1505
f 1913/2032/1024 1832/1971/1024 1826/1965/1023 1912/2031/1023
f 1914/2033/1025 1838/1977/1025 1832/1971/1024 1913/2032/1024
f 1851/2034/533 1844/1983/533 1838/1977/1025 1914/2033/1025
f 1773/1888/134 1774/1891/583 1915/2035/1631 1916/2036/1252
f 1774/1891/583 1775/1893/139 1917/2037/1633 1915/2035/1631
f 1775/1893/135 1776/1895/141 1918/2038/1635 1917/2037/1633
f 1776/1895/137 1777/1897/140 1919/2039/1640 1918/2038/1635
f 1777/1897/1015 1778/1899/70 1876/1988/1725 1919/2039/1637
f 1916/2036/1252 1915/2035/1631 1920/2040/1625 1921/2041/1465
f 1915/2035/1631 1917/2037/1633 1922/2042/1626 1920/2040/1625
f 1917/2037/1633 1918/2038/1635 1923/2043/1634 1922/2042/1626
f 1918/2038/1635 1919/2039/1726 1924/2044/1629 1923/2043/1727
f 1919/2039/1640 1876/1988/1194 1878/1990/1193 1924/2044/1728
f 1921/2041/1262 1920/2040/1625 1925/2045/1620 1926/2046/1273
f 1920/2040/1625 1922/2042/1729 1927/2047/1622 1925/2045/1620
f 1922/2042/1626 1923/2043/1627 1928/2048/1621 1927/2047/1619
f 1923/2043/1727 1924/2044/1629 1929/2049/1628 1928/2048/1621
f 1924/2044/1629 1878/1990/1193 1880/1992/1192 1929/2049/1628
f 1926/2046/1273 1925/2045/1620 1930/2050/1616 1931/2051/1285
f 1925/2045/1620 1927/2047/1619 1932/2052/1618 1930/2050/1611
f 1927/2047/1622 1928/2048/1621 1933/2053/1613 1932/2052/1612
f 1928/2048/1730 1929/2049/1731 1934/2054/1615 1933/2053/1613
f 1929/2049/1623 1880/1992/1192 1882/1994/1732 1934/2054/1615
f 1931/2051/1285 1930/2050/1611 1935/2055/1733 1936/2056/1307
f 1930/2050/1734 1932/2052/1735 1937/2057/1736 1935/2055/1733
f 1932/2052/1612 1933/2053/1737 1938/2058/1608 1937/2057/1607
f 1933/2053/1613 1934/2054/1615 1939/2059/1609 1938/2058/1608
f 1934/2054/1615 1882/1994/1191 1884/1996/1190 1939/2059/1614
f 1936/2056/1295 1935/2055/1606 1870/2060/533 1869/2061/533
f 1935/2055/1606 1937/2057/1607 1871/2062/533 1870/2060/533
f 1937/2057/1607 1938/2058/1608 1872/2063/533 1871/2062/533
f 1938/2058/1608 1939/2059/1609 1873/2064/533 1872/2063/533
f 1939/2059/1609 1884/1996/1190 1874/1998/533 1873/2064/533
f 1794/1924/2 1795/1927/556 1940/2065/1494 1910/2029/1021
f 1795/1927/556 1796/1929/8 1941/2066/1496 1940/2065/1494
f 1796/1929/8 1797/1931/6 1942/2067/1498 1941/2066/1496
f 1797/1931/10 1798/1933/9 1943/2068/1503 1942/2067/1498
f 1798/1933/968 1799/1935/11 1944/2069/1094 1943/2068/1500
f 1910/2029/1021 1940/2065/1494 1945/2070/1489 1911/2030/1505
f 1940/2065/1494 1941/2066/1496 1946/2071/1738 1945/2070/1489
f 1941/2066/1496 1942/2067/1498 1947/2072/1739 1946/2071/1490
f 1942/2067/1498 1943/2068/1740 1948/2073/1492 1947/2072/1741
f 1943/2068/1503 1944/2069/1250 1949/2074/1102 1948/2073/1742
f 1911/2030/1057 1945/2070/1489 1950/2075/1484 1912/2031/1023
f 1945/2070/1489 1946/2071/1490 1951/2076/1486 1950/2075/1484
f 1946/2071/1490 1947/2072/1491 1952/2077/1485 1951/2076/1483
f 1947/2072/1741 1948/2073/1492 1953/2078/1488 1952/2077/1485
f 1948/2073/1492 1949/2074/1102 1954/2079/1124 1953/2078/1488
f 1912/2031/1023 1950/2075/1484 1955/2080/1474 1913/2032/1024
f 1950/2075/1484 1951/2076/1483 1956/2081/1482 1955/2080/1472
f 1951/2076/1486 1952/2077/1743 1957/2082/1744 1956/2081/1482
f 1952/2077/1745 1953/2078/1746 1958/2083/1477 1957/2082/1475
f 1953/2078/1488 1954/2079/1124 1959/2084/1125 1958/2083/1477
f 1913/2032/1024 1955/2080/1472 1960/2085/1747 1914/2033/1083
f 1955/2080/1748 1956/2081/1473 1961/2086/1749 1960/2085/1747
f 1956/2081/1476 1957/2082/1475 1962/2087/1469 1961/2086/1468
f 1957/2082/1744 1958/2083/1477 1963/2088/1470 1962/2087/1469
f 1958/2083/1477 1959/2084/1125 1964/2089/1136 1963/2088/1471
f 1914/2033/1025 1960/2085/1467 1852/2090/533 1851/2034/533
f 1960/2085/1467 1961/2086/1468 1853/2091/533 1852/2090/533
f 1961/2086/1468 1962/2087/1469 1854/2092/533 1853/2091/533
f 1962/2087/1469 1963/2088/1470 1855/2093/533 1854/2092/533
f 1963/2088/1470 1964/2089/1136 1856/2094/533 1855/2093/533
f 1916/2036/1252 1965/2095/1252 1772/1887/134 1773/1888/134
f 1921/2041/1271 1966/2096/1271 1965/2095/1252 1916/2036/1252
f 1926/2046/1273 1967/2097/1273 1966/2096/1465 1921/2041/1465
f 1931/2051/1285 1968/2098/1285 1967/2097/1273 1926/2046/1273
f 1936/2056/1295 1969/2099/1295 1968/2098/1285 1931/2051/1285
f 1869/2061/533 1868/2100/533 1969/2099/1295 1936/2056/1295
f 1801/1938/1652 1970/2101/1750 1944/2069/1250 1799/1935/11
f 1970/2101/1750 1971/2102/1751 1949/2074/1102 1944/2069/1250
f 1971/2102/1751 1972/2103/1752 1954/2079/1124 1949/2074/1102
f 1972/2103/1752 1973/2104/1753 1959/2084/1125 1954/2079/1124
f 1973/2104/1753 1974/2105/1754 1964/2089/1136 1959/2084/1479
f 1974/2105/1755 1857/2106/533 1856/2094/533 1964/2089/1136
f 1804/1942/1756 1975/2107/1757 1970/2101/1750 1801/1938/1758 1800/1937/1651
f 1975/2107/1757 1976/2108/1759 1971/2102/1751 1970/2101/1750
f 1976/2108/1759 1977/2109/1760 1972/2103/1752 1971/2102/1751
f 1977/2109/1761 1978/2110/1762 1973/2104/1763 1972/2103/1752
f 1978/2110/1762 1979/2111/1764 1974/2105/1755 1973/2104/1763
f 1979/2111/1764 1858/2112/533 1857/2106/533 1974/2105/1754
f 1803/1941/1654 1980/2113/1765 1975/2107/1766 1804/1942/1655
f 1980/2113/1765 1981/2114/1767 1976/2108/1759 1975/2107/1757
f 1981/2114/1767 1982/2115/1768 1977/2109/1760 1976/2108/1759
f 1982/2115/1768 1983/2116/1769 1978/2110/1762 1977/2109/1761
f 1983/2116/1769 1984/2117/1770 1979/2111/1771 1978/2110/1762
f 1984/2117/1772 1859/2118/533 1858/2112/533 1979/2111/1764
f 1807/1946/1657 1985/2119/1773 1980/2113/1765 1803/1941/1654 1802/1940/1653
f 1985/2119/1774 1986/2120/1775 1981/2114/1776 1980/2113/1765
f 1986/2120/1777 1987/2121/1778 1982/2115/1768 1981/2114/1767
f 1987/2121/1779 1988/2122/1780 1983/2116/1781 1982/2115/1782
f 1988/2122/1780 1989/2123/1783 1984/2117/1772 1983/2116/1769
f 1989/2123/1784 1860/2124/1785 1859/2118/1785 1984/2117/1772
f 1806/1945/1786 1990/2125/1787 1985/2119/1788 1807/1946/1657
f 1990/2125/1789 1991/2126/1790 1986/2120/1775 1985/2119/1788
f 1991/2126/1790 1992/2127/1791 1987/2121/1778 1986/2120/1775
f 1992/2127/1792 1993/2128/1793 1988/2122/1780 1987/2121/1794
f 1993/2128/1795 1994/2129/1796 1989/2123/1783 1988/2122/1780
f 1994/2129/1796 1861/2130/533 1860/2124/533 1989/2123/1783
f 1808/1947/1659 1995/2131/1797 1990/2125/1787 1806/1945/1798 1805/1944/545
f 1995/2131/1797 1996/2132/1799 1991/2126/1790 1990/2125/1789
f 1996/2132/1800 1997/2133/1801 1992/2127/1792 1991/2126/1790
f 1997/2133/1801 1998/2134/1802 1993/2128/1795 1992/2127/1803
f 1998/2134/1804 1999/2135/1805 1994/2129/1806 1993/2128/1793
f 1999/2135/1807 1862/2136/533 1861/2130/533 1994/2129/1796
f 1768/1878/183 2000/2137/1205 1995/2131/1797 1808/1947/1659
f 2000/2137/1205 2001/2138/1203 1996/2132/1808 1995/2131/1797
f 2001/2138/1203 2002/2139/1200 1997/2133/1801 1996/2132/1808
f 2002/2139/1200 2003/2140/1198 1998/2134/1804 1997/2133/1801
f 2003/2140/1198 2004/2141/1196 1999/2135/1807 1998/2134/1804
f 2004/2141/1196 1863/2142/533 1862/2136/533 1999/2135/1805
f 1768/1878/183 1767/1877/1809 2005/2143/1810 2000/2137/1205
f 1767/1877/186 1769/1881/188 2006/2144/1395 2005/2143/1399
f 1769/1881/184 1770/1883/187 2007/2145/1398 2006/2144/1395
f 1770/1883/187 1771/1885/535 2008/2146/1397 2007/2145/1398
f 1771/1885/535 1772/1887/134 1965/2095/1252 2008/2146/1397
f 2000/2137/1205 2005/2143/1399 2009/2147/1811 2001/2138/1203
f 2005/2143/1810 2006/2144/1395 2010/2148/1384 2009/2147/1383
f 2006/2144/1395 2007/2145/1398 2011/2149/1388 2010/2148/1812
f 2007/2145/1398 2008/2146/1397 2012/2150/1387 2011/2149/1813
f 2008/2146/1397 1965/2095/1252 1966/2096/1465 2012/2150/1387
f 2001/2138/1203 2009/2147/1383 2013/2151/1374 2002/2139/1200
f 2009/2147/1383 2010/2148/1384 2014/2152/1376 2013/2151/1374
f 2010/2148/1390 2011/2149/1388 2015/2153/1381 2014/2152/1376
f 2011/2149/1388 2012/2150/1387 2016/2154/1380 2015/2153/1378
f 2012/2150/1387 1966/2096/1271 1967/2097/1273 2016/2154/1380
f 2002/2139/1200 2013/2151/1374 2017/2155/1369 2003/2140/1350
f 2013/2151/1814 2014/2152/1815 2018/2156/1368 2017/2155/1369
f 2014/2152/1816 2015/2153/1378 2019/2157/1379 2018/2156/1375
f 2015/2153/1381 2016/2154/1380 2020/2158/1371 2019/2157/1379
f 2016/2154/1380 1967/2097/1273 1968/2098/1285 2020/2158/1371
f 2003/2140/1198 2017/2155/1369 2021/2159/1362 2004/2141/1196
f 2017/2155/1369 2018/2156/1375 2022/2160/1363 2021/2159/1362
f 2018/2156/1368 2019/2157/1370 2023/2161/1365 2022/2160/1363
f 2019/2157/1370 2020/2158/1371 2024/2162/1366 2023/2161/1365
f 2020/2158/1373 1968/2098/1285 1969/2099/1307 2024/2162/1817
f 2004/2141/1196 2021/2159/1818 1864/2163/533 1863/2142/533
f 2021/2159/1819 2022/2160/1363 1865/2164/533 1864/2163/533
f 2022/2160/1363 2023/2161/1365 1866/2165/533 1865/2164/533
f 2023/2161/1365 2024/2162/1366 1867/2166/533 1866/2165/533
f 2024/2162/1366 1969/2099/1295 1868/2100/533 1867/2166/533
f 36/291/29 35/2167/29 291/2168/29
f 36/291/29 291/2168/29 292/2169/29
f 294/293/29 295/2170/29 36/291/29
f 36/291/29 292/2169/29 293/292/29
f 36/291/29 295/2170/29 296/2171/29
f 36/291/29 296/2171/29 297/2172/29
f 197/2173/29 195/2174/29 36/291/29
f 201/2175/29 199/2176/29 197/2173/29
f 266/2177/29 203/2178/29 36/291/29
f 203/2178/29 201/2175/29 197/2173/29
f 254/2179/29 260/2180/29 298/2181/29
f 260/2180/29 266/2177/29 36/291/29
f 35/2167/29 93/2182/29 313/2183/29 314/2184/29
f 248/2185/29 254/2179/29 298/2181/29
f 236/2186/29 235/2187/29 181/2188/29
f 235/2187/29 242/2189/29 181/2188/29
f 236/2186/29 181/2188/29 273/2190/29
f 269/2191/29 267/2192/29 236/2186/29
f 273/2190/29 271/2193/29 269/2191/29
f 134/296/29 181/2188/29 305/2194/29
f 305/2194/29 181/2188/29 304/2195/29
f 138/2196/29 135/2197/29 142/2198/29
f 135/2197/29 134/296/29 142/2198/29
f 142/2198/29 140/2199/29 138/2196/29
f 117/2200/29 123/2201/29 134/296/29
f 123/2201/29 142/2198/29 134/296/29
f 105/2202/29 111/2203/29 312/2204/29
f 111/2203/29 117/2200/29 134/296/29
f 248/2185/29 298/2181/29 299/2205/29 242/2189/29
f 99/2206/29 105/2202/29 312/2204/29
f 299/2205/29 300/2207/29 181/2188/29 242/2189/29
f 37/2208/29 87/2209/29 35/2167/29
f 87/2209/29 93/2182/29 35/2167/29
f 37/2208/29 35/2167/29 45/2210/29
f 41/2211/29 38/2212/29 37/2208/29
f 45/2210/29 43/2213/29 41/2211/29
f 291/2168/29 35/2167/29 318/2214/29
f 318/2214/29 35/2167/29 317/2215/29
f 317/2215/29 35/2167/29 316/2216/29
f 45/2210/29 41/2211/29 37/2208/29
f 35/2167/29 314/2184/29 315/2217/29
f 36/291/29 297/2172/29 298/2181/29 260/2180/29
f 273/2190/29 269/2191/29 236/2186/29
f 311/2218/29 312/2204/29 111/2203/29 134/296/29
f 203/2178/29 197/2173/29 36/291/29
f 35/2167/29 315/2217/29 316/2216/29
f 300/2207/29 301/2219/29 181/2188/29
f 301/2219/29 302/2220/29 181/2188/29
f 302/2220/29 303/2221/29 181/2188/29
f 303/2221/29 304/2195/29 181/2188/29
f 310/2222/29 311/2218/29 134/296/29
f 309/2223/29 310/2222/29 134/296/29
f 134/296/29 305/2194/29 306/2224/29
f 308/295/29 309/2223/29 134/296/29
f 134/296/29 306/2224/29 307/294/29
f 99/2206/29 312/2204/29 313/2183/29 93/2182/29
f 799/815/29 800/816/29 873/919/29 874/917/29
f 471/2225/29 470/2226/29 429/2227/29
f 380/2228/29 471/2225/29 422/2229/29
f 470/470/29 469/469/29 468/468/29
f 468/2230/29 467/2231/29 466/2232/29
f 466/2232/29 429/2227/29 470/2226/29
f 429/2227/29 422/2229/29 471/2225/29
f 422/2229/29 421/2233/29 420/2234/29
f 420/2234/29 419/2235/29 418/2236/29
f 418/2236/29 417/2237/29 380/2228/29
f 732/748/29 799/815/29 874/917/29 875/857/29
f 379/2238/29 378/2239/29 374/2240/29
f 484/481/29 379/2238/29 478/479/29
f 378/2239/29 377/2241/29 376/2242/29
f 376/2242/29 375/2243/29 378/2239/29
f 375/2243/29 373/2244/29 378/2239/29
f 373/2244/29 374/2240/29 378/2239/29
f 374/2240/29 478/479/29 379/2238/29
f 478/479/29 479/2245/29 480/480/29
f 480/480/29 481/2246/29 482/2247/29
f 482/2247/29 483/2248/29 480/480/29
f 483/2248/29 484/481/29 480/480/29
f 470/2226/29 468/2230/29 466/2232/29
f 422/2229/29 420/2234/29 418/2236/29
f 418/2236/29 380/2228/29 422/2229/29
f 380/2228/29 379/2238/29 484/481/29 471/2225/29
f 843/1011/29 844/1004/29 636/652/29
f 642/658/29 843/1011/29 636/652/29
f 844/1004/29 845/996/29 630/646/29
f 845/996/29 846/988/29 624/640/29
f 630/646/29 845/996/29 624/640/29
f 847/981/29 848/967/29 611/627/29
f 848/967/29 849/970/29 612/628/29
f 611/627/29 848/967/29 612/628/29
f 642/658/29 648/664/29 842/876/29 843/1011/29
f 863/1076/29 864/1069/29 834/850/29
f 864/1069/29 865/1061/29 828/844/29
f 865/1061/29 866/1053/29 822/838/29
f 828/844/29 865/1061/29 822/838/29
f 867/1046/29 868/1039/29 810/826/29
f 868/1039/29 869/927/29 804/820/29
f 810/826/29 868/1039/29 804/820/29
f 768/784/29 726/742/29 856/1190/29 857/1188/29
f 853/1115/29 854/1112/29 679/695/29 681/697/29
f 858/1186/29 859/1184/29 766/782/29 767/783/29
f 630/646/29 636/652/29 844/1004/29
f 682/698/29 683/699/29 851/1119/29 852/1117/29
f 618/634/29 624/640/29 846/988/29
f 683/699/29 684/700/29 850/1121/29 851/1119/29
f 618/634/29 846/988/29 847/981/29
f 611/627/29 618/634/29 847/981/29
f 648/664/29 715/731/29 841/863/29 842/876/29
f 861/1180/29 862/1084/29 764/780/29 763/779/29
f 867/1046/29 810/826/29 816/832/29
f 867/1046/29 816/832/29 866/1053/29
f 816/832/29 822/838/29 866/1053/29
f 860/1182/29 861/1180/29 763/779/29 765/781/29
f 765/781/29 766/782/29 859/1184/29 860/1182/29
f 864/1069/29 828/844/29 834/850/29
f 834/850/29 840/856/29 863/1076/29
f 768/784/29 857/1188/29 858/1186/29 767/783/29
f 803/819/29 804/820/29 869/927/29 870/925/29
f 871/923/29 802/818/29 803/819/29 870/925/29
f 849/970/29 850/1121/29 684/700/29 612/628/29
f 863/1076/29 840/856/29 764/780/29 862/1084/29
f 800/816/29 801/817/29 872/921/29 873/919/29
f 854/1112/29 855/1111/29 680/696/29 679/695/29
f 872/921/29 801/817/29 802/818/29 871/923/29
f 852/1117/29 853/1115/29 681/697/29 682/698/29
f 726/742/29 680/696/29 855/1111/29 856/1190/29
f 530/2249/29 133/2250/29 69/2251/29 529/2252/29
f 1743/2253/533 1744/2254/533 1707/2255/533 1654/2256/533
f 22/2257/29 24/2258/29 520/2259/29 521/2260/29
f 175/2261/29 165/2262/29 535/2263/29 536/2264/29
f 535/2263/29 165/2262/29 126/2265/29 534/2266/29
f 1363/1483/533 1457/1815/533 1458/1822/533
f 16/2267/29 20/2268/29 522/2269/29 523/2270/29
f 1363/1483/533 1357/1475/533 1457/1815/533
f 125/2271/29 129/2272/29 532/2273/29 533/2274/29
f 1443/1587/533 1444/525/533 1450/524/533
f 526/2275/29 73/2276/29 77/2277/29 525/2278/29
f 543/2279/29 185/2280/29 188/2281/29 542/2282/29
f 1480/1709/533 1409/1543/533 1410/1544/533 1479/1711/533
f 129/2272/29 131/2283/29 531/2284/29 532/2273/29
f 544/2285/29 183/2286/29 185/2280/29 543/2279/29
f 17/2287/29 16/2267/29 523/2270/29 524/2288/29
f 542/2282/29 188/2281/29 191/2289/29 541/2290/29
f 515/2291/29 516/2292/29 6/2293/29 8/2294/29
f 131/2283/29 133/2250/29 530/2249/29 531/2284/29
f 10/2295/29 546/2296/29 515/2291/29 8/2294/29
f 126/2265/29 125/2271/29 533/2274/29 534/2266/29
f 24/2258/29 14/2297/29 519/2298/29 520/2259/29
f 541/2290/29 191/2289/29 168/2299/29 540/2300/29
f 20/2268/29 22/2257/29 521/2260/29 522/2269/29
f 2/2301/29 6/2293/29 516/2292/29 517/2302/29
f 168/2299/29 167/2303/29 539/2304/29 540/2300/29
f 545/2305/29 12/2306/29 183/2286/29 544/2285/29
f 1465/1686/533 1217/1301/533 1285/1389/533 1464/1852/533
f 527/2307/29 528/2308/29 68/2309/29
f 528/2308/29 529/2252/29 69/2251/29
f 68/2309/29 528/2308/29 69/2251/29
f 68/2309/29 73/2276/29 526/2275/29 527/2307/29
f 1746/2310/533 1747/2311/533 1703/2312/533 1705/2313/533
f 545/2305/29 546/2296/29 10/2295/29 12/2306/29
f 524/2288/29 525/2278/29 81/2314/29
f 171/2315/29 173/2316/29 537/2317/29 538/2318/29
f 539/2304/29 167/2303/29 171/2315/29 538/2318/29
f 518/2319/29 3/2320/29 2/2301/29 517/2302/29
f 173/2316/29 175/2261/29 536/2264/29 537/2317/29
f 1351/1468/533 1345/528/533 1455/1589/533
f 1478/1684/533 1479/1711/533 1410/1544/533 1327/1440/533
f 1443/1587/533 1450/524/533 1451/1755/533 1442/1586/533
f 1848/2321/533 1849/2322/533 1844/2323/533
f 1441/1585/533 1452/1752/533 1453/1751/533 1336/1450/533
f 1874/2324/533 1869/2325/533 1870/2326/533
f 1407/1541/533 1481/1707/533 1482/1704/533 1405/1539/533
f 81/2314/29 17/2287/29 524/2288/29
f 1852/2090/533 1853/2091/533 1854/2092/533
f 77/2277/29 81/2314/29 525/2278/29
f 1842/1981/533 1843/1982/533 1844/1983/533
f 1477/1677/533 1321/1433/533 1315/1425/533 1476/1669/533
f 1286/1390/533 1287/1391/533 1463/1854/533
f 1333/529/533 1336/1450/533 1453/1751/533
f 1357/1475/533 1351/1468/533 1456/1590/533
f 1840/2327/533 1839/2328/533 1844/2323/533
f 1290/1394/533 1369/1491/533 1459/1830/533
f 1345/528/533 1454/530/533 1455/1589/533
f 1480/1709/533 1481/1707/533 1408/1542/533 1409/1543/533
f 14/2297/29 3/2320/29 518/2319/29 519/2298/29
f 1869/2325/533 1847/2329/533 1844/2323/533
f 1459/1830/533 1460/1837/533 1290/1394/533
f 1457/1815/533 1357/1475/533 1456/1590/533
f 1333/529/533 1453/1751/533 1454/530/533
f 1482/1704/533 1447/1703/533 1406/1540/533 1405/1539/533
f 1575/2330/533 1710/2331/533 1752/2332/533 1753/2333/533
f 1463/1854/533 1464/1852/533 1285/1389/533 1286/1390/533
f 1755/2334/533 1756/2335/533 1572/2336/533 1573/2337/533
f 1459/1830/533 1369/1491/533 1363/1483/533 1458/1822/533
f 1252/1346/533 1253/1347/533 1468/1599/533
f 1846/2338/533 1847/2329/533 1869/2325/533
f 1448/1744/533 1449/527/533 1445/526/533 1446/1588/533
f 1442/1586/533 1451/1755/533 1452/1752/533 1441/1585/533
f 1297/1402/533 1291/1395/533 1472/1641/533
f 1291/1395/533 1250/1344/533 1471/1593/533
f 1472/1641/533 1291/1395/533 1471/1593/533
f 1309/1417/533 1303/1410/533 1474/1591/533
f 1303/1410/533 1297/1402/533 1473/1649/533
f 1874/2324/533 1845/2339/533 1869/2325/533
f 1315/1425/533 1309/1417/533 1475/1592/533
f 1476/1669/533 1315/1425/533 1475/1592/533
f 1249/1343/533 1470/1594/533 1471/1593/533 1250/1344/533
f 1327/1440/533 1321/1433/533 1477/1677/533
f 1252/1346/533 1468/1599/533 1469/1597/533 1251/1345/533
f 1251/1345/533 1469/1597/533 1470/1594/533 1249/1343/533
f 1868/1986/533 1851/2340/533 1859/2341/533
f 1467/1601/533 1468/1599/533 1253/1347/533 1254/1348/533
f 1407/1541/533 1408/1542/533 1481/1707/533
f 1466/1603/533 1467/1601/533 1254/1348/533 1218/1302/533
f 1841/2342/533 1842/2343/533 1844/2323/533
f 1327/1440/533 1477/1677/533 1478/1684/533
f 1845/2339/533 1846/2338/533 1869/2325/533
f 1303/1410/533 1473/1649/533 1474/1591/533
f 1851/2340/533 1852/2344/533 1856/2345/533
f 1847/2329/533 1848/2321/533 1844/2323/533
f 1839/2328/533 1841/2342/533 1844/2323/533
f 1297/1402/533 1472/1641/533 1473/1649/533
f 1765/2346/533 1766/2347/533 1611/2348/533 1613/2349/533
f 1862/2350/533 1863/2351/533 1868/1986/533
f 1656/2352/533 1740/2353/533 1741/2354/533 1655/2355/533
f 1615/2356/533 1763/2357/533 1764/2358/533 1614/2359/533
f 1570/2360/533 1757/2361/533 1758/2362/533 1571/2363/533
f 1704/2364/533 1703/2312/533 1747/2311/533
f 1761/2365/533 1762/2366/533 1576/2367/533 1578/2368/533
f 1761/2365/533 1578/2368/533 1579/2369/533 1760/2370/533
f 1856/2345/533 1857/2371/533 1851/2340/533
f 1461/1858/533 1289/1393/533 1290/1394/533 1460/1837/533
f 1758/2362/533 1759/2372/533 1580/2373/533 1571/2363/533
f 1709/2374/533 1712/2375/533 1750/2376/533 1751/2377/533
f 1748/2378/533 1749/2379/533 1714/2380/533 1716/2381/533
f 1747/2311/533 1748/2378/533 1716/2381/533 1704/2364/533
f 1738/2382/533 1739/2383/533 1657/2384/533 1622/2385/533
f 1766/2347/533 1737/2386/533 1612/2387/533 1611/2348/533
f 1406/1540/533 1447/1703/533 1448/1744/533 1446/1588/533
f 1859/2341/533 1860/2388/533 1868/1986/533
f 1872/2389/533 1873/2390/533 1870/2326/533
f 1873/2390/533 1874/2324/533 1870/2326/533
f 1858/2391/533 1859/2341/533 1851/2340/533
f 1850/2392/533 1840/2327/533 1844/2323/533
f 1863/2351/533 1864/1984/533 1868/1986/533
f 1575/2330/533 1753/2333/533 1754/2393/533 1574/2394/533
f 1612/2387/533 1737/2386/533 1738/2382/533 1622/2385/533
f 1657/2384/533 1739/2383/533 1740/2353/533 1656/2352/533
f 1762/2366/533 1763/2357/533 1615/2356/533 1577/2395/533
f 1852/2344/533 1854/2396/533 1856/2345/533
f 1741/2354/533 1742/2397/533 1653/2398/533 1655/2355/533
f 1764/2358/533 1765/2346/533 1613/2349/533 1614/2359/533
f 1760/2370/533 1579/2369/533 1580/2373/533 1759/2372/533
f 1574/2394/533 1754/2393/533 1755/2334/533 1573/2337/533
f 1462/1856/533 1288/1392/533 1289/1393/533 1461/1858/533
f 1744/2254/533 1745/2399/533 1706/2400/533 1707/2255/533
f 1577/2395/533 1576/2367/533 1762/2366/533
f 1462/1856/533 1463/1854/533 1287/1391/533 1288/1392/533
f 1746/2310/533 1705/2313/533 1706/2400/533 1745/2399/533
f 1742/2397/533 1743/2253/533 1654/2256/533 1653/2398/533
f 1857/2371/533 1858/2391/533 1851/2340/533
f 1756/2335/533 1757/2361/533 1570/2360/533 1572/2336/533
f 1749/2379/533 1750/2376/533 1712/2375/533 1714/2380/533
f 1752/2332/533 1710/2331/533 1709/2374/533 1751/2377/533
f 1870/2060/533 1871/2062/533 1872/2063/533
f 1849/2322/533 1850/2392/533 1844/2323/533
f 1854/2396/533 1855/2401/533 1856/2345/533
f 1866/1985/533 1867/2402/533 1868/1986/533
f 1861/2403/533 1862/2350/533 1868/1986/533
f 1860/2388/533 1861/2403/533 1868/1986/533
f 1864/1984/533 1865/2404/533 1866/1985/533
f 1868/1986/533 1869/2325/533 1844/2323/533 1851/2340/533
f 1218/1302/533 1217/1301/533 1465/1686/533 1466/1603/533
f 2025/2405/29 2026/2406/29 2027/2407/29 2028/2408/29 2029/2409/29 2030/2410/29 2031/2411/29 2032/2412/29 2033/2413/29 2034/2414/29 2035/2415/29 2036/2416/29 2037/2417/29 2038/2418/29 2039/2419/29 2040/2420/29 2041/2421/29 2042/2422/29 2043/2423/29 2044/2424/29 2045/2425/29 2046/2426/29
f 2039/2427/1820 2047/2428/1820 2048/2429/399 2040/2430/399
f 2038/2431/1821 2049/2432/1821 2047/2428/1822 2039/2427/1822
f 2037/2433/1823 2050/2434/1823 2049/2432/1824 2038/2431/1825
f 2036/2435/1826 2051/2436/1826 2050/2434/1823 2037/2433/1823
f 2035/2437/1827 2052/2438/1827 2051/2436/1828 2036/2435/1829
f 2034/2439/1830 2053/2440/1831 2054/2441/1832 2052/2438/1833 2035/2437/1827
f 2033/2442/489 2055/2443/489 2053/2440/1830 2034/2439/1830
f 2032/2444/1834 2056/2445/1835 2055/2443/491 2033/2442/491
f 2031/2446/1836 2057/2447/1837 2056/2445/1838 2032/2444/1838
f 2030/2448/1839 2058/2449/1839 2057/2447/1836 2031/2446/1836
f 2029/2450/1840 2059/2451/1840 2058/2449/1841 2030/2448/1841
f 2028/2452/1842 2060/2453/1842 2059/2451/1843 2029/2450/1843
f 2027/2454/1844 2061/2455/1844 2060/2453/1842 2028/2452/1845
f 2026/2456/387 2062/2457/387 2061/2455/1846 2027/2454/1847
f 2025/2458/1848 2063/2459/1848 2062/2457/388 2026/2456/388
f 2045/2460/1849 2064/2461/1850 2063/2459/1848 2025/2458/1851 2046/2462/1852
f 2044/2463/1853 2065/2464/1854 2064/2461/1850 2045/2460/1850
f 2043/2465/1855 2066/2466/1855 2065/2464/1856 2044/2463/1856
f 2042/2467/1857 2067/2468/1858 2066/2466/1855 2043/2465/1855
f 2041/2469/1859 2068/2470/1859 2067/2471/1860 2042/2472/1860
f 2040/2430/399 2048/2429/399 2068/2470/1861 2041/2469/1861
f 2053/2473/533 2055/2474/533 2056/2475/533 2057/2476/533 2058/2477/533 2059/2478/533 2060/2479/533 2061/2480/533 2062/2481/533 2063/2482/533 2064/2483/533 2065/2484/533 2066/2485/533 2067/2486/533 2068/2487/533 2048/2488/533 2047/2489/533 2049/2490/533 2050/2491/533 2051/2492/533 2052/2493/533 2054/2494/533
f 2069/2495/29 2070/2496/29 2071/2497/29 2072/2498/29 2073/2499/29 2074/2500/29 2075/2501/29 2076/2502/29 2077/2503/29 2078/2504/29 2079/2505/29 2080/2506/29 2081/2507/29 2082/2508/29 2083/2509/29 2084/2510/29 2085/2511/29 2086/2512/29 2087/2513/29 2088/2514/29 2089/2515/29 2090/2516/29
f 2083/2517/1820 2091/2518/1820 2092/2519/399 2084/2520/399
f 2082/2521/1821 2093/2522/1824 2091/2518/1822 2083/2517/1822
f 2081/2523/1823 2094/2524/1823 2093/2522/1824 2082/2521/1825
f 2080/2525/1826 2095/2526/1826 2094/2524/1823 2081/2523/1823
f 2079/2527/1827 2096/2528/1827 2095/2526/1828 2080/2525/1829
f 2078/2529/1830 2097/2530/1831 2098/2531/1832 2096/2528/1833 2079/2527/1827
f 2077/2532/489 2099/2533/489 2097/2530/1830 2078/2529/1862
f 2076/2534/1834 2100/2535/1835 2099/2533/491 2077/2532/491
f 2075/2536/1836 2101/2537/1836 2100/2535/1838 2076/2534/1838
f 2074/2538/1839 2102/2539/1839 2101/2537/1836 2075/2536/1836
f 2073/2540/1840 2103/2541/1840 2102/2539/1841 2074/2538/1841
f 2072/2542/1842 2104/2543/1842 2103/2541/1843 2073/2540/1843
f 2071/2544/1844 2105/2545/1844 2104/2543/1842 2072/2542/1842
f 2070/2546/387 2106/2547/387 2105/2545/1846 2071/2544/1847
f 2069/2548/1848 2107/2549/1851 2106/2547/388 2070/2546/388
f 2089/2550/1849 2108/2551/1850 2107/2549/1848 2069/2548/1851 2090/2552/1852
f 2088/2553/1853 2109/2554/1854 2108/2551/1850 2089/2550/1850
f 2087/2555/1855 2110/2556/1855 2109/2554/1856 2088/2553/1856
f 2086/2557/1857 2111/2558/1858 2110/2559/1855 2087/2560/1855
f 2085/2561/1859 2112/2562/1859 2111/2558/1860 2086/2557/1858
f 2084/2520/399 2092/2519/399 2112/2562/1861 2085/2561/1861
f 2097/2563/533 2099/2564/533 2100/2565/533 2101/2566/533 2102/2567/533 2103/2568/533 2104/2569/533 2105/2570/533 2106/2571/533 2107/2572/533 2108/2573/533 2109/2574/533 2110/2575/533 2111/2576/533 2112/2577/533 2092/2578/533 2091/2579/533 2093/2580/533 2094/2581/533 2095/2582/533 2096/2583/533 2098/2584/533
f 2113/2585/533 2114/2586/1863 2115/2587/1295
f 2113/2585/533 2116/2588/1864 2114/2586/1863
f 2113/2585/533 2117/2589/1865 2116/2588/1864
f 2113/2585/533 2118/2590/1866 2117/2589/1865
f 2113/2585/533 2119/2591/1867 2118/2590/1868
f 2113/2585/533 2120/2592/1869 2119/2591/1870
f 2113/2585/533 2121/2593/1871 2120/2592/1869
f 2113/2585/533 2122/2594/1872 2121/2593/1871
f 2113/2585/533 2123/2595/1873 2122/2594/1874
f 2113/2585/533 2124/2596/1875 2123/2595/1873
f 2113/2585/533 2125/2597/1876 2124/2596/1875
f 2113/2585/533 2126/2598/1877 2125/2597/1876
f 2113/2585/533 2127/2599/1878 2126/2598/1877
f 2113/2585/533 2128/2600/1879 2127/2599/1880
f 2113/2585/533 2129/2601/1881 2128/2600/1882
f 2113/2585/533 2130/2602/1883 2129/2601/1881
f 2113/2585/533 2131/2603/1884 2130/2602/1883
f 2113/2585/533 2132/2604/1885 2131/2603/1886
f 2113/2585/533 2133/2605/1887 2132/2604/1885
f 2113/2585/533 2134/2606/1888 2133/2605/1887
f 2113/2585/533 2115/2587/1295 2134/2606/1888
f 2115/2587/1295 2114/2586/1889 2135/2607/1890 2136/2608/1891
f 2114/2586/1863 2116/2588/1892 2137/2609/1893 2135/2607/1890
f 2116/2588/1864 2117/2589/1865 2138/2610/1894 2137/2609/1893
f 2117/2589/1895 2118/2590/1896 2139/2611/1897 2138/2610/1898
f 2118/2590/1899 2119/2591/1867 2140/2612/1900 2139/2611/1901
f 2119/2591/1870 2120/2592/1869 2141/2613/1902 2140/2612/1900
f 2120/2592/1903 2121/2593/1871 2142/2614/1904 2141/2613/1905
f 2121/2593/1871 2122/2594/1874 2143/2615/1906 2142/2614/1904
f 2122/2594/1874 2123/2595/1873 2144/2616/1907 2143/2615/1906
f 2123/2595/1873 2124/2596/1875 2145/2617/1908 2144/2616/1909
f 2124/2596/1875 2125/2597/1876 2146/2618/1910 2145/2617/1908
f 2125/2597/1876 2126/2598/1877 2147/2619/1911 2146/2618/1910
f 2126/2598/1877 2127/2599/1878 2148/2620/1912 2147/2619/1913
f 2127/2599/1878 2128/2600/1882 2149/2621/1914 2148/2620/1912
f 2128/2600/1882 2129/2601/1915 2150/2622/1916 2149/2621/1917
f 2129/2601/1915 2130/2602/1918 2151/2623/1919 2150/2622/1920
f 2130/2602/1883 2131/2603/1921 2152/2624/1922 2151/2623/1919
f 2131/2603/1921 2132/2604/1885 2153/2625/1923 2152/2624/1924
f 2132/2604/1885 2133/2605/1887 2154/2626/1925 2153/2625/1923
f 2133/2605/1887 2134/2606/1888 2155/2627/1926 2154/2626/1927
f 2134/2606/1928 2115/2587/1295 2136/2608/1929 2155/2627/1930
f 2136/2608/1285 2135/2607/1890 2156/2628/1931 2157/2629/1273
f 2135/2607/1932 2137/2609/1893 2158/2630/1933 2156/2628/1931
f 2137/2609/1893 2138/2610/1894 2159/2631/1934 2158/2630/1935
f 2138/2610/1898 2139/2611/1936 2160/2632/1937 2159/2631/1934
f 2139/2611/1901 2140/2612/1900 2161/2633/1938 2160/2632/1937
f 2140/2612/1939 2141/2613/1902 2162/2634/1940 2161/2633/1938
f 2141/2613/1902 2142/2614/1904 2163/2635/1941 2162/2634/1940
f 2142/2614/1904 2143/2615/1906 2164/2636/1942 2163/2635/1943
f 2143/2615/1906 2144/2616/1907 2165/2637/1944 2164/2636/1942
f 2144/2616/1907 2145/2617/1908 2166/2638/1945 2165/2637/1946
f 2145/2617/1908 2146/2618/1910 2167/2639/1947 2166/2638/1945
f 2146/2618/1910 2147/2619/1913 2168/2640/1948 2167/2639/1947
f 2147/2619/1911 2148/2620/1949 2169/2641/1950 2168/2640/1951
f 2148/2620/1912 2149/2621/1914 2170/2642/1952 2169/2641/1950
f 2149/2621/1914 2150/2622/1953 2171/2643/1954 2170/2642/1952
f 2150/2622/1916 2151/2623/1919 2172/2644/1955 2171/2643/1956
f 2151/2623/1919 2152/2624/1924 2173/2645/1957 2172/2644/1955
f 2152/2624/1922 2153/2625/1958 2174/2646/1959 2173/2645/1957
f 2153/2625/1958 2154/2626/1925 2175/2647/1960 2174/2646/1959
f 2154/2626/1925 2155/2627/1961 2176/2648/1962 2175/2647/1963
f 2155/2627/1961 2136/2608/1285 2157/2629/1273 2176/2648/1962
f 2157/2629/1273 2156/2628/1931 2177/2649/1964 2178/2650/1325
f 2156/2628/1931 2158/2630/1935 2179/2651/1965 2177/2649/1966
f 2158/2630/1933 2159/2631/1934 2180/2652/1967 2179/2651/1968
f 2159/2631/1934 2160/2632/1937 2181/2653/1969 2180/2652/1967
f 2160/2632/1937 2161/2633/1938 2182/2654/1970 2181/2653/1969
f 2161/2633/1971 2162/2634/1972 2183/2655/1973 2182/2654/1970
f 2162/2634/1974 2163/2635/1941 2184/2656/1975 2183/2655/1976
f 2163/2635/1943 2164/2636/1977 2185/2657/1978 2184/2656/1975
f 2164/2636/1942 2165/2637/1944 2186/2658/1979 2185/2657/1978
f 2165/2637/1944 2166/2638/1945 2187/2659/1980 2186/2658/1981
f 2166/2638/1945 2167/2639/1947 2188/2660/1982 2187/2659/1980
f 2167/2639/1947 2168/2640/1948 2189/2661/1983 2188/2660/1982
f 2168/2640/1948 2169/2641/1950 2190/2662/1984 2189/2661/1985
f 2169/2641/1986 2170/2642/1987 2191/2663/1988 2190/2662/1989
f 2170/2642/1952 2171/2643/1956 2192/2664/1990 2191/2663/1988
f 2171/2643/1991 2172/2644/1955 2193/2665/1992 2192/2664/1990
f 2172/2644/1993 2173/2645/1994 2194/2666/1995 2193/2665/1992
f 2173/2645/1994 2174/2646/1959 2195/2667/1996 2194/2666/1995
f 2174/2646/1959 2175/2647/1960 2196/2668/1997 2195/2667/1998
f 2175/2647/1960 2176/2648/1962 2197/2669/1999 2196/2668/2000
f 2176/2648/1962 2157/2629/1273 2178/2650/1262 2197/2669/2001
f 2178/2650/1262 2177/2649/1966 2198/2670/2002 2199/2671/1252
f 2177/2649/2003 2179/2651/1965 2200/2672/2004 2198/2670/2002
f 2179/2651/1965 2180/2652/1967 2201/2673/2005 2200/2672/2004
f 2180/2652/1967 2181/2653/1969 2202/2674/2006 2201/2673/2007
f 2181/2653/1969 2182/2654/1970 2203/2675/2008 2202/2674/2006
f 2182/2654/1970 2183/2655/1973 2204/2676/2009 2203/2675/2008
f 2183/2655/1973 2184/2656/1975 2205/2677/2010 2204/2676/2011
f 2184/2656/1975 2185/2657/1978 2206/2678/2012 2205/2677/2010
f 2185/2657/2013 2186/2658/2014 2207/2679/2015 2206/2678/2016
f 2186/2658/2017 2187/2659/1980 2208/2680/2018 2207/2679/2015
f 2187/2659/1980 2188/2660/1982 2209/2681/2019 2208/2680/2018
f 2188/2660/1982 2189/2661/1985 2210/2682/2020 2209/2681/2019
f 2189/2661/2021 2190/2662/1984 2211/2683/2022 2210/2682/2020
f 2190/2662/1989 2191/2663/1988 2212/2684/2023 2211/2683/2024
f 2191/2663/1988 2192/2664/1990 2213/2685/2025 2212/2684/2023
f 2192/2664/1990 2193/2665/1992 2214/2686/2026 2213/2685/2027
f 2193/2665/1992 2194/2666/1995 2215/2687/2028 2214/2686/2026
f 2194/2666/1995 2195/2667/1996 2216/2688/2029 2215/2687/2028
f 2195/2667/1996 2196/2668/2000 2217/2689/2030 2216/2688/2031
f 2196/2668/2000 2197/2669/2032 2218/2690/2033 2217/2689/2030
f 2197/2669/2034 2178/2650/1325 2199/2671/1252 2218/2690/2033
f 2199/2671/1252 2198/2670/2002 2219/2691/2035 2220/2692/2036 2221/2693/134
f 2198/2670/2002 2200/2672/2037 2222/2694/2038 2223/2695/2039 2219/2691/2035
f 2200/2672/2037 2201/2673/2007 2224/2696/2040 2225/2697/1846 2222/2694/2038
f 2201/2673/2007 2202/2674/2006 2226/2698/2041 2227/2699/1842 2224/2696/2042
f 2202/2674/2006 2203/2675/2008 2228/2700/2043 2229/2701/1843 2226/2698/2041
f 2203/2675/2008 2204/2676/2009 2230/2702/2044 2231/2703/1841 2228/2700/2043
f 2204/2676/2009 2205/2677/2010 2232/2704/492 2233/2705/1836 2230/2702/2044
f 2205/2677/2010 2206/2678/2012 2234/2706/2045 2235/2707/1835 2232/2704/492
f 2206/2678/2012 2207/2679/2015 2236/2708/2046 2237/2709/2047 2234/2706/2048
f 2207/2679/2015 2208/2680/2018 2238/2710/2049 2239/2711/1830 2236/2708/2046
f 2208/2680/2018 2209/2681/2019 2240/2712/2050 2241/2713/2051 2238/2710/2049
f 2209/2681/2019 2210/2682/2020 2242/2714/2052 2243/2715/1828 2240/2712/2050
f 2210/2682/2020 2211/2683/2024 2244/2716/2053 2245/2717/1823 2242/2714/2052
f 2211/2683/2024 2212/2684/2023 2246/2718/443 2247/2719/1824 2244/2716/2054
f 2212/2684/2023 2213/2685/2027 2248/2720/2055 2249/2721/1820 2246/2718/443
f 2213/2685/2027 2214/2686/2026 2250/2722/2056 2251/2723/399 2248/2720/2055
f 2214/2686/2026 2215/2687/2028 2252/2724/2057 2253/2725/1861 2250/2722/2056
f 2215/2687/2028 2216/2688/2029 2254/2726/2058 2255/2727/1860 2252/2724/2057
f 2216/2688/2029 2217/2689/2059 2256/2728/2060 2257/2729/1855 2254/2726/2058
f 2217/2689/2059 2218/2690/2061 2258/2730/2062 2259/2731/1853 2256/2728/2060
f 2218/2690/2033 2199/2671/1252 2221/2693/134 2260/2732/1850 2258/2730/2062
f 2261/2733/1820 2249/2734/1820 2248/2735/2055 2251/2736/399 2262/2737/399
f 2263/2738/1821 2247/2739/1821 2246/2740/443 2249/2734/1822 2261/2733/1820
f 2264/2741/1823 2245/2742/1823 2244/2743/2063 2247/2739/1821 2263/2738/1821
f 2265/2744/1826 2243/2745/1826 2242/2746/2052 2245/2742/1823 2264/2741/1823
f 2266/2747/1827 2241/2748/1827 2240/2749/2050 2243/2745/1826 2265/2744/1826
f 2267/2750/1830 2239/2751/1830 2238/2752/2049 2241/2748/1827 2266/2747/1827 2268/2753/2
f 2269/2754/2047 2237/2755/489 2236/2756/2046 2239/2751/1830 2267/2750/1831
f 2270/2757/1838 2235/2758/1838 2234/2759/2064 2237/2755/495 2269/2754/489
f 2271/2760/1836 2233/2761/1836 2232/2762/2065 2235/2758/1838 2270/2757/1835
f 2272/2763/1839 2231/2764/1839 2230/2765/2044 2233/2761/1836 2271/2760/1836
f 2273/2766/1843 2229/2767/1843 2228/2768/2043 2231/2764/1839 2272/2763/1839
f 2274/2769/1842 2227/2770/1842 2226/2771/2041 2229/2767/1843 2273/2766/1843
f 2275/2772/1846 2225/2773/1844 2224/2774/2040 2227/2770/1842 2274/2769/1842
f 2276/2775/388 2223/2776/388 2222/2777/2038 2225/2773/1847 2275/2772/1844
f 2277/2778/2036 2220/2779/1848 2219/2780/2035 2223/2776/388 2276/2775/2039
f 2278/2781/1850 2260/2782/1850 2221/2783/134 2220/2779/1851 2277/2778/1848
f 2279/2784/1856 2259/2785/1856 2258/2786/2062 2260/2782/1850 2278/2781/1850
f 2280/2787/1855 2257/2788/1855 2256/2789/2066 2259/2785/1856 2279/2784/1856
f 2281/2790/1860 2255/2791/1860 2254/2792/2058 2257/2788/1855 2280/2787/1855
f 2282/2793/1861 2253/2794/1859 2252/2795/2067 2255/2796/1860 2281/2797/1860
f 2262/2737/399 2251/2736/399 2250/2798/2068 2253/2794/1861 2282/2793/1861
f 2266/2799/29 2265/2800/29 2264/2801/29 2263/2802/29 2261/2803/29 2262/2804/29 2282/2805/29 2281/2806/29 2280/2807/29 2279/2808/29 2278/2809/29 2277/2810/29 2276/2811/29 2275/2812/29 2274/2813/29 2273/2814/29 2272/2815/29 2271/2816/29 2270/2817/29 2269/2818/29 2267/2819/29 2268/2820/29
f 2283/2821/533 2284/2822/1863 2285/2823/1295
f 2283/2821/533 2286/2824/1864 2284/2822/1863
f 2283/2821/533 2287/2825/1865 2286/2824/1864
f 2283/2821/533 2288/2826/1868 2287/2825/1865
f 2283/2821/533 2289/2827/1870 2288/2826/1866
f 2283/2821/533 2290/2828/1869 2289/2827/1870
f 2283/2821/533 2291/2829/1871 2290/2828/1869
f 2283/2821/533 2292/2830/2069 2291/2829/2070
f 2283/2821/533 2293/2831/1873 2292/2830/1874
f 2283/2821/533 2294/2832/1875 2293/2831/1873
f 2283/2821/533 2295/2833/1876 2294/2832/1875
f 2283/2821/533 2296/2834/1877 2295/2833/1876
f 2283/2821/533 2297/2835/1878 2296/2834/1877
f 2283/2821/533 2298/2836/1882 2297/2835/2071
f 2283/2821/533 2299/2837/1881 2298/2836/1882
f 2283/2821/533 2300/2838/1883 2299/2837/1881
f 2283/2821/533 2301/2839/1886 2300/2838/1918
f 2283/2821/533 2302/2840/1885 2301/2839/1884
f 2283/2821/533 2303/2841/1887 2302/2840/1885
f 2283/2821/533 2304/2842/1888 2303/2841/1887
f 2283/2821/533 2285/2823/1295 2304/2842/1888
f 2285/2823/1295 2284/2822/1889 2305/2843/1890 2306/2844/1891
f 2284/2822/1863 2286/2824/1864 2307/2845/2072 2305/2843/2073
f 2286/2824/1864 2287/2825/1865 2308/2846/1894 2307/2845/1893
f 2287/2825/1865 2288/2826/1896 2309/2847/1901 2308/2846/1898
f 2288/2826/1899 2289/2827/1870 2310/2848/1900 2309/2847/1901
f 2289/2827/1867 2290/2828/1869 2311/2849/1905 2310/2848/1900
f 2290/2828/1869 2291/2829/1871 2312/2850/1904 2311/2849/1905
f 2291/2829/1871 2292/2830/1874 2313/2851/1906 2312/2850/1904
f 2292/2830/1874 2293/2831/1873 2314/2852/1907 2313/2851/2074
f 2293/2831/1873 2294/2832/1875 2315/2853/1908 2314/2852/1909
f 2294/2832/1875 2295/2833/1876 2316/2854/1910 2315/2853/1908
f 2295/2833/1876 2296/2834/1877 2317/2855/1911 2316/2854/1910
f 2296/2834/1877 2297/2835/1878 2318/2856/1912 2317/2855/1913
f 2297/2835/1878 2298/2836/1882 2319/2857/1914 2318/2856/1912
f 2298/2836/1882 2299/2837/2075 2320/2858/1916 2319/2857/1914
f 2299/2837/1881 2300/2838/1883 2321/2859/1919 2320/2858/1953
f 2300/2838/1918 2301/2839/1921 2322/2860/1924 2321/2859/1919
f 2301/2839/1884 2302/2840/2076 2323/2861/1923 2322/2860/2077
f 2302/2840/1885 2303/2841/1887 2324/2862/1925 2323/2861/1923
f 2303/2841/2078 2304/2842/1888 2325/2863/1930 2324/2862/1925
f 2304/2842/1928 2285/2823/1295 2306/2844/1929 2325/2863/1930
f 2306/2844/1285 2305/2843/1890 2326/2864/1931 2327/2865/1273
f 2305/2843/1932 2307/2845/1893 2328/2866/1933 2326/2864/1931
f 2307/2845/1893 2308/2846/1894 2329/2867/1934 2328/2866/1935
f 2308/2846/1898 2309/2847/1936 2330/2868/1937 2329/2867/1934
f 2309/2847/1901 2310/2848/1900 2331/2869/1971 2330/2868/2079
f 2310/2848/1939 2311/2849/1902 2332/2870/1940 2331/2869/1938
f 2311/2849/1902 2312/2850/1904 2333/2871/1941 2332/2870/1972
f 2312/2850/1904 2313/2851/2074 2334/2872/1977 2333/2871/1941
f 2313/2851/2074 2314/2852/1907 2335/2873/2080 2334/2872/1977
f 2314/2852/1907 2315/2853/1908 2336/2874/1945 2335/2873/1946
f 2315/2853/1908 2316/2854/1910 2337/2875/1947 2336/2874/1945
f 2316/2854/1910 2317/2855/1913 2338/2876/1948 2337/2875/1947
f 2317/2855/1913 2318/2856/1912 2339/2877/1986 2338/2876/2081
f 2318/2856/1912 2319/2857/1914 2340/2878/1952 2339/2877/1950
f 2319/2857/1914 2320/2858/1953 2341/2879/1991 2340/2878/1952
f 2320/2858/1916 2321/2859/2082 2342/2880/1993 2341/2879/1956
f 2321/2859/1919 2322/2860/1922 2343/2881/1994 2342/2880/1993
f 2322/2860/1922 2323/2861/1958 2344/2882/1959 2343/2881/1957
f 2323/2861/1958 2324/2862/1925 2345/2883/1963 2344/2882/1959
f 2324/2862/1925 2325/2863/1961 2346/2884/1962 2345/2883/1963
f 2325/2863/1961 2306/2844/1285 2327/2865/1273 2346/2884/1962
f 2327/2865/1273 2326/2864/1931 2347/2885/1964 2348/2886/1325
f 2326/2864/1931 2328/2866/1935 2349/2887/1965 2347/2885/2083
f 2328/2866/1933 2329/2867/1934 2350/2888/1967 2349/2887/1968
f 2329/2867/1934 2330/2868/1937 2351/2889/1969 2350/2888/1967
f 2330/2868/1937 2331/2869/1938 2352/2890/1970 2351/2889/1969
f 2331/2869/1971 2332/2870/1940 2353/2891/1973 2352/2890/1970
f 2332/2870/1974 2333/2871/1941 2354/2892/1975 2353/2891/1973
f 2333/2871/1943 2334/2872/1942 2355/2893/1978 2354/2892/1975
f 2334/2872/1942 2335/2873/1946 2356/2894/2017 2355/2893/1978
f 2335/2873/1944 2336/2874/1945 2357/2895/1980 2356/2894/1981
f 2336/2874/1945 2337/2875/1947 2358/2896/1982 2357/2895/1980
f 2337/2875/1947 2338/2876/1948 2359/2897/1983 2358/2896/1982
f 2338/2876/1948 2339/2877/1986 2360/2898/1989 2359/2897/1985
f 2339/2877/1950 2340/2878/1987 2361/2899/1988 2360/2898/1984
f 2340/2878/1952 2341/2879/1956 2362/2900/1990 2361/2899/1988
f 2341/2879/1954 2342/2880/1955 2363/2901/1992 2362/2900/1990
f 2342/2880/1993 2343/2881/1994 2364/2902/1995 2363/2901/1992
f 2343/2881/2084 2344/2882/1959 2365/2903/1996 2364/2902/1995
f 2344/2882/1959 2345/2883/1963 2366/2904/2000 2365/2903/1998
f 2345/2883/1960 2346/2884/1962 2367/2905/2034 2366/2904/2000
f 2346/2884/1962 2327/2865/1273 2348/2886/1262 2367/2905/2001
f 2348/2886/1262 2347/2885/1966 2368/2906/2002 2369/2907/1252
f 2347/2885/2003 2349/2887/1968 2370/2908/2004 2368/2906/2002
f 2349/2887/1965 2350/2888/1967 2371/2909/2005 2370/2908/2004
f 2350/2888/1967 2351/2889/1969 2372/2910/2006 2371/2909/2007
f 2351/2889/1969 2352/2890/1970 2373/2911/2008 2372/2910/2006
f 2352/2890/1970 2353/2891/1973 2374/2912/2009 2373/2911/2008
f 2353/2891/1973 2354/2892/1975 2375/2913/2010 2374/2912/2011
f 2354/2892/1975 2355/2893/1978 2376/2914/2012 2375/2913/2010
f 2355/2893/1978 2356/2894/1981 2377/2915/2015 2376/2914/2016
f 2356/2894/2017 2357/2895/1980 2378/2916/2018 2377/2915/2015
f 2357/2895/1980 2358/2896/1982 2379/2917/2019 2378/2916/2018
f 2358/2896/1982 2359/2897/1985 2380/2918/2020 2379/2917/2019
f 2359/2897/2085 2360/2898/1984 2381/2919/2022 2380/2918/2020
f 2360/2898/1989 2361/2899/1988 2382/2920/2023 2381/2919/2024
f 2361/2899/1988 2362/2900/1990 2383/2921/2025 2382/2920/2023
f 2362/2900/1990 2363/2901/1992 2384/2922/2026 2383/2921/2027
f 2363/2901/1992 2364/2902/1995 2385/2923/2028 2384/2922/2026
f 2364/2902/1995 2365/2903/1996 2386/2924/2029 2385/2923/2028
f 2365/2903/1996 2366/2904/2000 2387/2925/2030 2386/2924/2031
f 2366/2904/2000 2367/2905/2032 2388/2926/2033 2387/2925/2030
f 2367/2905/2034 2348/2886/1325 2369/2907/1252 2388/2926/2033
f 2369/2907/1252 2368/2906/2002 2389/2927/2035 2390/2928/2036 2391/2929/134
f 2368/2906/2002 2370/2908/2004 2392/2930/2038 2393/2931/2039 2389/2927/2035
f 2370/2908/2037 2371/2909/2007 2394/2932/2040 2395/2933/1846 2392/2930/2038
f 2371/2909/2007 2372/2910/2006 2396/2934/2041 2397/2935/1842 2394/2932/2042
f 2372/2910/2006 2373/2911/2008 2398/2936/2043 2399/2937/1843 2396/2934/2041
f 2373/2911/2008 2374/2912/2009 2400/2938/2044 2401/2939/1839 2398/2936/2043
f 2374/2912/2009 2375/2913/2010 2402/2940/492 2403/2941/1836 2400/2938/2044
f 2375/2913/2010 2376/2914/2012 2404/2942/2045 2405/2943/1835 2402/2940/492
f 2376/2914/2012 2377/2915/2086 2406/2944/2046 2407/2945/2047 2404/2942/2048
f 2377/2915/2015 2378/2916/2018 2408/2946/2049 2409/2947/1830 2406/2944/2046
f 2378/2916/2018 2379/2917/2019 2410/2948/2050 2411/2949/2051 2408/2946/2049
f 2379/2917/2019 2380/2918/2020 2412/2950/2052 2413/2951/1828 2410/2948/2050
f 2380/2918/2020 2381/2919/2024 2414/2952/2053 2415/2953/1823 2412/2950/2052
f 2381/2919/2024 2382/2920/2023 2416/2954/443 2417/2955/1825 2414/2952/2054
f 2382/2920/2023 2383/2921/2027 2418/2956/2055 2419/2957/1822 2416/2954/443
f 2383/2921/2027 2384/2922/2026 2420/2958/2056 2421/2959/399 2418/2956/2055
f 2384/2922/2026 2385/2923/2028 2422/2960/2057 2423/2961/1861 2420/2958/2056
f 2385/2923/2028 2386/2924/2029 2424/2962/2058 2425/2963/1860 2422/2960/2057
f 2386/2924/2029 2387/2925/2059 2426/2964/2060 2427/2965/1855 2424/2962/2058
f 2387/2925/2059 2388/2926/2033 2428/2966/2062 2429/2967/1853 2426/2964/2060
f 2388/2926/2033 2369/2907/1252 2391/2929/134 2430/2968/1850 2428/2966/2062
f 2431/2969/1822 2419/2970/1820 2418/2971/2055 2421/2972/399 2432/2973/399
f 2433/2974/1821 2417/2975/1821 2416/2976/443 2419/2970/1820 2431/2969/1820
f 2434/2977/1823 2415/2978/1823 2414/2979/2087 2417/2975/1821 2433/2974/1821
f 2435/2980/1826 2413/2981/1826 2412/2982/2052 2415/2978/1823 2434/2977/1823
f 2436/2983/1827 2411/2984/1827 2410/2985/2050 2413/2981/1826 2435/2980/1826
f 2437/2986/1830 2409/2987/1830 2408/2988/2049 2411/2984/1827 2436/2983/1827 2438/2989/2
f 2439/2990/2047 2407/2991/489 2406/2992/2046 2409/2987/1830 2437/2986/1831
f 2440/2993/1838 2405/2994/1838 2404/2995/2064 2407/2991/495 2439/2990/489
f 2441/2996/1836 2403/2997/1836 2402/2998/492 2405/2994/1838 2440/2993/1835
f 2442/2999/1839 2401/3000/1839 2400/3001/2044 2403/2997/1836 2441/2996/1836
f 2443/3002/1843 2399/3003/1843 2398/3004/2043 2401/3000/1839 2442/2999/1839
f 2444/3005/1842 2397/3006/1842 2396/3007/2041 2399/3003/1843 2443/3002/1843
f 2445/3008/1846 2395/3009/1844 2394/3010/2088 2397/3006/1842 2444/3005/1842
f 2446/3011/388 2393/3012/344 2392/3013/2038 2395/3009/1847 2445/3008/1844
f 2447/3014/2036 2390/3015/1848 2389/3016/2035 2393/3012/388 2446/3011/2039
f 2448/3017/1850 2430/3018/1850 2391/3019/134 2390/3015/1851 2447/3014/1848
f 2449/3020/1856 2429/3021/1856 2428/3022/2062 2430/3023/1850 2448/3024/1850
f 2450/3025/1855 2427/3026/1855 2426/3027/2066 2429/3021/1856 2449/3020/1856
f 2451/3028/1860 2425/3029/1860 2424/3030/2089 2427/3026/1855 2450/3025/1855
f 2452/3031/1861 2423/3032/1861 2422/3033/2067 2425/3029/1860 2451/3028/1860
f 2432/2973/399 2421/2972/399 2420/3034/2068 2423/3032/1861 2452/3031/1859
f 2436/3035/29 2435/3036/29 2434/3037/29 2433/3038/29 2431/3039/29 2432/3040/29 2452/3041/29 2451/3042/29 2450/3043/29 2449/3044/29 2448/3045/29 2447/3046/29 2446/3047/29 2445/3048/29 2444/3049/29 2443/3050/29 2442/3051/29 2441/3052/29 2440/3053/29 2439/3054/29 2437/3055/29 2438/3056/29
f 2453/3057/2090 2454/3058/2090 2455/3059/2090 2456/3060/2090
f 2457/3061/2091 2458/3062/2091 2459/3063/2092 2460/3064/2092
f 2461/3065/2093 2462/3066/2093 2458/3062/2091 2457/3061/2091
f 2463/3067/336 2464/3068/336 2462/3066/2093 2461/3065/2093
f 2465/3069/2094 2466/3070/2094 2464/3068/336 2463/3067/336
f 2467/3071/2095 2468/3072/2095 2466/3070/2094 2465/3069/2094
f 2455/3059/2090 2454/3058/2090 2468/3072/2095 2467/3071/2095
f 2459/3063/2092 2469/3073/2092 2470/3074/2092 2460/3064/2092
f 2459/3063/2096 2458/3062/2097 2471/3075/2098 2472/3076/2099
f 2458/3062/2097 2462/3066/2093 2473/3077/2100 2471/3075/2098
f 2462/3066/2093 2464/3068/336 2474/3078/2101 2473/3077/2100
f 2464/3068/336 2466/3070/2094 2475/3079/2102 2474/3078/2101
f 2466/3070/2094 2468/3072/2103 2476/3080/2104 2475/3079/2102
f 2468/3072/2095 2454/3058/2105 2477/3081/2106 2476/3080/2104
f 2472/3076/2107 2471/3075/2098 2478/3082/2108 2479/3083/2109
f 2471/3075/2098 2473/3077/2100 2480/3084/2110 2478/3082/2108
f 2473/3077/2100 2474/3078/2101 2481/3085/2111 2480/3084/2110
f 2474/3078/2101 2475/3079/2102 2482/3086/2112 2481/3085/2111
f 2475/3079/2102 2476/3080/2104 2483/3087/2113 2482/3086/2112
f 2476/3080/2104 2477/3081/2114 2484/3088/2115 2483/3087/2113
f 2479/3083/2109 2478/3082/2108 2485/3089/2116 2486/3090/2117
f 2478/3082/2108 2480/3084/2118 2487/3091/2119 2485/3089/2120
f 2480/3084/2110 2481/3085/2121 2488/3092/2122 2487/3091/2119
f 2481/3085/2121 2482/3086/2112 2489/3093/2123 2488/3092/2122
f 2482/3086/2124 2483/3087/2125 2490/3094/2126 2489/3093/2123
f 2483/3087/2113 2484/3088/2115 2491/3095/2127 2490/3094/2128
f 2486/3090/2117 2485/3089/2129 2492/3096/2130 2493/3097/2131
f 2485/3089/2116 2487/3091/2132 2494/3098/2133 2492/3096/2130
f 2487/3091/2134 2488/3092/2122 2495/3099/2135 2494/3098/2136
f 2488/3092/2122 2489/3093/2123 2496/3100/2137 2495/3099/2135
f 2489/3093/2138 2490/3094/2128 2497/3101/2139 2496/3100/2140
f 2490/3094/2141 2491/3095/2127 2498/3102/2142 2497/3101/2143
f 2493/3097/2131 2492/3096/2130 2499/3103/2144 2500/3104/2145
f 2492/3096/2146 2494/3098/2136 2501/3105/2147 2499/3103/2148
f 2494/3098/2149 2495/3099/2150 2502/3106/2151 2501/3105/2152
f 2495/3099/2150 2496/3100/2137 2503/3107/2153 2502/3106/2151
f 2496/3100/2154 2497/3101/2155 2504/3108/2156 2503/3107/2157
f 2497/3101/2143 2498/3102/2142 2505/3109/2158 2504/3108/2159
f 2500/3104/2160 2499/3103/2161 2506/3110/2162 2507/3111/2162
f 2499/3103/2163 2501/3105/2152 2508/3112/533 2506/3110/533
f 2501/3105/2164 2502/3106/2165 2509/3113/2166 2508/3112/2166
f 2502/3106/2165 2503/3107/2157 2510/3114/2166 2509/3113/2166
f 2503/3107/2153 2504/3108/2167 2511/3115/533 2510/3114/533
f 2504/3108/2159 2505/3109/2158 2512/3116/533 2511/3115/533
f 2472/3076/2107 2513/3117/2107 2469/3073/2168 2459/3063/2169
f 2479/3083/2170 2514/3118/2171 2513/3117/2172 2472/3076/2173
f 2486/3090/2117 2515/3119/2117 2514/3118/2109 2479/3083/2170
f 2493/3097/2131 2516/3120/2174 2515/3119/2117 2486/3090/2117
f 2500/3104/2145 2517/3121/2145 2516/3120/2131 2493/3097/2131
f 2507/3111/533 2518/3122/533 2517/3121/2175 2500/3104/2175
f 2519/3123/2176 2520/3124/2176 2521/3125/2 2522/3126/2
f 2523/3127/2177 2524/3128/2177 2520/3124/2176 2519/3123/2176
f 2470/3074/2092 2469/3073/2092 2524/3128/2177 2523/3127/2177
f 2525/3129/2114 2477/3081/2114 2454/3058/2105 2453/3057/2105
f 2526/3130/2178 2484/3088/2178 2477/3081/2179 2525/3129/2180
f 2527/3131/2127 2491/3095/2127 2484/3088/2115 2526/3130/2115
f 2528/3132/2181 2498/3102/2142 2491/3095/2127 2527/3131/2182
f 2529/3133/2183 2505/3109/2183 2498/3102/2142 2528/3132/2142
f 2530/3134/533 2512/3116/533 2505/3109/2183 2529/3133/2183
f 2531/3135/2184 2532/3136/2184 2453/3057/2090 2456/3060/2090
f 2533/3137/2185 2534/3138/2185 2532/3136/2184 2531/3135/2184
f 2535/3139/134 2536/3140/134 2534/3138/2185 2533/3137/2185
f 2521/3125/2 2520/3124/2176 2537/3141/2186 2538/3142/1021
f 2520/3124/2176 2524/3128/2177 2539/3143/2187 2537/3141/2186
f 2524/3128/2177 2469/3073/2168 2513/3117/2099 2539/3143/2188
f 2538/3142/1021 2537/3141/2186 2540/3144/2189 2541/3145/1022
f 2537/3141/2186 2539/3143/2188 2542/3146/2190 2540/3144/2191
f 2539/3143/2188 2513/3117/2099 2514/3118/2109 2542/3146/2192
f 2541/3145/1057 2540/3144/2191 2543/3147/2193 2544/3148/1023
f 2540/3144/2191 2542/3146/2194 2545/3149/2195 2543/3147/2193
f 2542/3146/2194 2514/3118/2171 2515/3119/2117 2545/3149/2196
f 2544/3148/1023 2543/3147/2197 2546/3150/2198 2547/3151/2199
f 2543/3147/2193 2545/3149/2196 2548/3152/2200 2546/3150/2201
f 2545/3149/2195 2515/3119/2117 2516/3120/2131 2548/3152/2200
f 2547/3151/2202 2546/3150/2203 2549/3153/2204 2550/3154/2205
f 2546/3150/2203 2548/3152/2206 2551/3155/2207 2549/3153/2204
f 2548/3152/2208 2516/3120/2209 2517/3121/2175 2551/3155/2210
f 2550/3154/1083 2549/3153/2211 2552/3156/2162 2553/3157/2162
f 2549/3153/2211 2551/3155/2212 2554/3158/2213 2552/3156/2213
f 2551/3155/2212 2517/3121/2160 2518/3122/2162 2554/3158/2162
f 2521/3125/2 2555/3159/2 2556/3160/2 2522/3126/2
f 2453/3057/2105 2532/3136/2184 2557/3161/2214 2525/3129/2106
f 2532/3136/2184 2534/3138/2185 2558/3162/2215 2557/3161/2216
f 2534/3138/2185 2536/3140/134 2559/3163/1252 2558/3162/2215
f 2525/3129/2106 2557/3161/2214 2560/3164/2217 2526/3130/2115
f 2557/3161/2216 2558/3162/2215 2561/3165/2218 2560/3164/2219
f 2558/3162/2215 2559/3163/1252 2562/3166/1271 2561/3165/2220
f 2526/3130/2221 2560/3164/2219 2563/3167/2222 2527/3131/2127
f 2560/3164/2219 2561/3165/2218 2564/3168/2223 2563/3167/2224
f 2561/3165/2218 2562/3166/1325 2565/3169/1273 2564/3168/2223
f 2527/3131/2225 2563/3167/2226 2566/3170/2227 2528/3132/2228
f 2563/3167/2229 2564/3168/2223 2567/3171/2230 2566/3170/2227
f 2564/3168/2231 2565/3169/1273 2568/3172/1891 2567/3171/2232
f 2528/3132/2233 2566/3170/2234 2569/3173/2235 2529/3133/2236
f 2566/3170/2227 2567/3171/2230 2570/3174/2237 2569/3173/2238
f 2567/3171/2230 2568/3172/2239 2571/3175/2240 2570/3174/2241
f 2529/3133/2183 2569/3173/2238 2572/3176/533 2530/3134/533
f 2569/3173/2238 2570/3174/2241 2573/3177/533 2572/3176/533
f 2570/3174/2242 2571/3175/1307 2574/3178/2243 2573/3177/2243
f 2575/3179/134 2536/3140/134 2535/3139/134 2576/3180/134
f 2538/3142/1021 2577/3181/1021 2555/3159/2 2521/3125/2
f 2541/3145/1022 2578/3182/1022 2577/3181/1021 2538/3142/1021
f 2544/3148/1023 2579/3183/1023 2578/3182/1022 2541/3145/1022
f 2547/3151/1024 2580/3184/1024 2579/3183/1023 2544/3148/1023
f 2550/3154/1025 2581/3185/1025 2580/3184/1024 2547/3151/1024
f 2553/3157/2162 2582/3186/2162 2581/3185/1083 2550/3154/1083
f 2583/3187/2244 2584/3188/2244 2585/3189/2245 2586/3190/2245
f 2587/3191/2246 2588/3192/2246 2584/3188/2244 2583/3187/2244
f 2556/3160/2 2555/3159/2 2588/3192/2246 2587/3191/2246
f 2589/3193/1252 2559/3163/1252 2536/3140/134 2575/3179/134
f 2590/3194/1271 2562/3166/1271 2559/3163/1252 2589/3193/1252
f 2591/3195/1273 2565/3169/1273 2562/3166/1271 2590/3194/1271
f 2592/3196/1285 2568/3172/1285 2565/3169/1273 2591/3195/1273
f 2593/3197/1295 2571/3175/1295 2568/3172/1285 2592/3196/1285
f 2594/3198/2243 2574/3178/2243 2571/3175/1307 2593/3197/1307
f 2595/3199/2247 2596/3200/2247 2575/3179/134 2576/3180/134
f 2597/3201/2248 2598/3202/2248 2596/3200/2247 2595/3199/2247
f 2599/3203/2249 2600/3204/2249 2598/3202/2248 2597/3201/2248
f 2585/3189/2250 2584/3188/2244 2601/3205/2251 2602/3206/2252
f 2584/3188/2244 2588/3192/2246 2603/3207/2253 2601/3205/2254
f 2588/3192/2246 2555/3159/2 2577/3181/1021 2603/3207/2253
f 2602/3206/2252 2601/3205/2251 2604/3208/2255 2605/3209/2256
f 2601/3205/2254 2603/3207/2253 2606/3210/2257 2604/3208/2258
f 2603/3207/2253 2577/3181/1021 2578/3182/1022 2606/3210/2259
f 2605/3209/2260 2604/3208/2258 2607/3211/2261 2608/3212/2262
f 2604/3208/2258 2606/3210/2257 2609/3213/2263 2607/3211/2264
f 2606/3210/2257 2578/3182/1045 2579/3183/1023 2609/3213/2263
f 2608/3212/2265 2607/3211/2266 2610/3214/2267 2611/3215/2268
f 2607/3211/2269 2609/3213/2263 2612/3216/2270 2610/3214/2267
f 2609/3213/2271 2579/3183/1023 2580/3184/2272 2612/3216/2273
f 2611/3215/2274 2610/3214/2275 2613/3217/2276 2614/3218/2277
f 2610/3214/2267 2612/3216/2278 2615/3219/2279 2613/3217/2280
f 2612/3216/2270 2580/3184/2202 2581/3185/2281 2615/3219/2282
f 2614/3218/2283 2613/3217/2280 2616/3220/533 2617/3221/533
f 2613/3217/2280 2615/3219/2284 2618/3222/533 2616/3220/533
f 2615/3219/2285 2581/3185/1083 2582/3186/2162 2618/3222/2162
f 2585/3189/2245 2619/3223/2245 2620/3224/2245 2586/3190/2245
f 2621/3225/2286 2622/3226/2286 2623/3227/2249 2624/3228/2249
f 2625/3229/2287 2626/3230/2287 2622/3226/2286 2621/3225/2286
f 2627/3231/399 2628/3232/399 2626/3230/2287 2625/3229/2287
f 2629/3233/2288 2630/3234/2288 2628/3232/399 2627/3231/399
f 2631/3235/2289 2632/3236/2289 2630/3234/2288 2629/3233/2288
f 2620/3224/2245 2619/3223/2245 2632/3236/2289 2631/3235/2289
f 2602/3206/2290 2633/3237/2290 2619/3223/2250 2585/3189/2250
f 2605/3209/2291 2634/3238/2291 2633/3237/2292 2602/3206/2293
f 2608/3212/2262 2635/3239/2262 2634/3238/2256 2605/3209/2256
f 2611/3215/2294 2636/3240/2295 2635/3239/2262 2608/3212/2296
f 2614/3218/2283 2637/3241/2283 2636/3240/2295 2611/3215/2295
f 2617/3221/533 2638/3242/533 2637/3241/2283 2614/3218/2283
f 2507/3111/533 2506/3110/533 2508/3112/533 2509/3113/533 2510/3114/533 2511/3115/533 2512/3116/533 2530/3134/533 2572/3176/533 2573/3177/533 2574/3178/533 2594/3198/533 2639/3243/533 2640/3244/533 2641/3245/533 2642/3246/533 2643/3247/533 2644/3248/533 2645/3249/533 2646/3250/533 2647/3251/533 2638/3242/533 2617/3221/533 2616/3220/533 2618/3222/533 2582/3186/533 2553/3157/533 2552/3156/533 2554/3158/533 2518/3122/533
f 2623/3227/2249 2600/3204/2249 2599/3203/2249 2624/3228/2249
f 2575/3179/134 2596/3200/2247 2648/3252/2297 2589/3193/1252
f 2596/3200/2247 2598/3202/2248 2649/3253/2298 2648/3252/2297
f 2598/3202/2248 2600/3204/2299 2650/3254/2300 2649/3253/2301
f 2589/3193/1252 2648/3252/2297 2651/3255/2302 2590/3194/1271
f 2648/3252/2297 2649/3253/2301 2652/3256/2303 2651/3255/2304
f 2649/3253/2301 2650/3254/2300 2653/3257/2305 2652/3256/2306
f 2590/3194/1262 2651/3255/2304 2654/3258/2307 2591/3195/1273
f 2651/3255/2304 2652/3256/2308 2655/3259/2309 2654/3258/2307
f 2652/3256/2308 2653/3257/2310 2656/3260/2311 2655/3259/2312
f 2591/3195/1273 2654/3258/2313 2657/3261/2314 2592/3196/1929
f 2654/3258/2307 2655/3259/2312 2658/3262/2315 2657/3261/2316
f 2655/3259/2309 2656/3260/2311 2659/3263/2317 2658/3262/2315
f 2592/3196/2239 2657/3261/2318 2660/3264/2319 2593/3197/2320
f 2657/3261/2318 2658/3262/2321 2661/3265/2322 2660/3264/2323
f 2658/3262/2324 2659/3263/2325 2662/3266/2326 2661/3265/2327
f 2593/3197/1307 2660/3264/2328 2639/3243/2243 2594/3198/2243
f 2660/3264/2328 2661/3265/2329 2640/3244/2330 2639/3243/2330
f 2661/3265/2329 2662/3266/2331 2641/3245/2243 2640/3244/2243
f 2663/3267/2332 2650/3254/2332 2600/3204/2299 2623/3227/2333
f 2664/3268/2334 2653/3257/2310 2650/3254/2335 2663/3267/2336
f 2665/3269/2311 2656/3260/2311 2653/3257/2305 2664/3268/2334
f 2666/3270/2317 2659/3263/2325 2656/3260/2311 2665/3269/2311
f 2667/3271/2337 2662/3266/2337 2659/3263/2317 2666/3270/2317
f 2642/3246/533 2641/3245/533 2662/3266/2326 2667/3271/2326
f 2623/3227/2338 2622/3226/2339 2668/3272/2340 2663/3267/2300
f 2622/3226/2339 2626/3230/2287 2669/3273/2341 2668/3272/2340
f 2626/3230/2287 2628/3232/399 2670/3274/2342 2669/3273/2341
f 2628/3232/399 2630/3234/2288 2671/3275/2343 2670/3274/2342
f 2630/3234/2288 2632/3236/2344 2672/3276/2345 2671/3275/2343
f 2632/3236/2289 2619/3223/2250 2633/3237/2252 2672/3276/2345
f 2663/3267/2332 2668/3272/2340 2673/3277/2346 2664/3268/2305
f 2668/3272/2340 2669/3273/2341 2674/3278/2347 2673/3277/2346
f 2669/3273/2341 2670/3274/2342 2675/3279/2348 2674/3278/2347
f 2670/3274/2342 2671/3275/2343 2676/3280/2349 2675/3279/2348
f 2671/3275/2343 2672/3276/2345 2677/3281/2350 2676/3280/2349
f 2672/3276/2345 2633/3237/2290 2634/3238/2256 2677/3281/2350
f 2664/3268/2305 2673/3277/2346 2678/3282/2351 2665/3269/2311
f 2673/3277/2346 2674/3278/2352 2679/3283/2353 2678/3282/2354
f 2674/3278/2347 2675/3279/2355 2680/3284/2356 2679/3283/2353
f 2675/3279/2355 2676/3280/2349 2681/3285/2357 2680/3284/2356
f 2676/3280/2358 2677/3281/2359 2682/3286/2360 2681/3285/2357
f 2677/3281/2350 2634/3238/2256 2635/3239/2262 2682/3286/2361
f 2665/3269/2311 2678/3282/2362 2683/3287/2363 2666/3270/2317
f 2678/3282/2351 2679/3283/2364 2684/3288/2365 2683/3287/2363
f 2679/3283/2366 2680/3284/2356 2685/3289/2367 2684/3288/2368
f 2680/3284/2356 2681/3285/2357 2686/3290/2369 2685/3289/2367
f 2681/3285/2370 2682/3286/2361 2687/3291/2371 2686/3290/2372
f 2682/3286/2373 2635/3239/2262 2636/3240/2295 2687/3291/2374
f 2666/3270/2317 2683/3287/2363 2688/3292/2375 2667/3271/2337
f 2683/3287/2376 2684/3288/2377 2689/3293/2378 2688/3292/2379
f 2684/3288/2380 2685/3289/2381 2690/3294/2382 2689/3293/2383
f 2685/3289/2381 2686/3290/2369 2691/3295/2384 2690/3294/2382
f 2686/3290/2385 2687/3291/2386 2692/3296/2387 2691/3295/2388
f 2687/3291/2374 2636/3240/2295 2637/3241/2389 2692/3296/2390
f 2667/3271/2331 2688/3292/2391 2643/3247/2243 2642/3246/2243
f 2688/3292/2392 2689/3293/2383 2644/3248/533 2643/3247/533
f 2689/3293/2393 2690/3294/2394 2645/3249/2395 2644/3248/2395
f 2690/3294/2394 2691/3295/2388 2646/3250/2395 2645/3249/2395
f 2691/3295/2384 2692/3296/2396 2647/3251/533 2646/3250/533
f 2692/3296/2390 2637/3241/2389 2638/3242/533 2647/3251/533
f 2705/3297/2177 2723/3298/2177 2724/3299/2092 2706/3300/2092
f 2704/3301/2176 2725/3302/2176 2723/3298/2177 2705/3297/2177
f 2703/3303/2 2726/3304/2 2725/3302/2176 2704/3301/2176
f 2724/3299/2092 2727/3305/2092 2707/3306/2092 2706/3300/2092
f 2712/3307/2095 2728/3308/2095 2729/3309/2090 2713/3310/2090
f 2711/3311/2094 2730/3312/2094 2728/3308/2095 2712/3307/2095
f 2710/3313/336 2731/3314/336 2730/3312/2094 2711/3311/2094
f 2709/3315/2093 2732/3316/2093 2731/3314/336 2710/3313/336
f 2708/3317/2091 2733/3318/2091 2732/3316/2093 2709/3315/2093
f 2707/3306/2092 2727/3305/2092 2733/3318/2091 2708/3317/2091
f 2729/3309/2090 2734/3319/2090 2714/3320/2090 2713/3310/2090
f 2716/3321/2185 2735/3322/2185 2736/3323/134 2717/3324/134
f 2715/3325/2184 2737/3326/2184 2735/3322/2185 2716/3321/2185
f 2714/3320/2090 2734/3319/2090 2737/3326/2184 2715/3325/2184
f 2736/3323/134 2738/3327/134 2718/3328/134 2717/3324/134
f 2720/3329/2248 2739/3330/2248 2740/3331/2249 2721/3332/2249
f 2719/3333/2247 2741/3334/2247 2739/3330/2248 2720/3329/2248
f 2718/3328/134 2738/3327/134 2741/3334/2247 2719/3333/2247
f 2740/3331/2249 2742/3335/2249 2722/3336/2249 2721/3332/2249
f 2697/3337/2289 2743/3338/2289 2744/3339/2245 2698/3340/2245
f 2696/3341/2288 2745/3342/2288 2743/3338/2289 2697/3337/2289
f 2695/3343/399 2746/3344/399 2745/3342/2288 2696/3341/2288
f 2694/3345/2287 2747/3346/2287 2746/3344/399 2695/3343/399
f 2693/3347/2286 2748/3348/2286 2747/3346/2287 2694/3345/2287
f 2722/3336/2249 2742/3335/2249 2748/3348/2286 2693/3347/2286
f 2744/3339/2245 2749/3349/2245 2699/3350/2245 2698/3340/2245
f 2701/3351/2246 2750/3352/2246 2751/3353/2 2702/3354/2
f 2700/3355/2244 2752/3356/2244 2750/3352/2246 2701/3351/2246
f 2699/3350/2245 2749/3349/2245 2752/3356/2244 2700/3355/2244
f 2751/3353/2 2726/3304/2 2703/3303/2 2702/3354/2
f 2753/3357/2243 2754/3358/2243 2755/3359/2391 2756/3360/2331
f 2754/3358/1785 2757/3361/1785 2758/3362/2397 2755/3359/2375
f 2757/3361/533 2759/3363/533 2760/3364/2398 2758/3362/2383
f 2759/3363/533 2761/3365/533 2762/3366/2384 2760/3364/2398
f 2761/3365/1785 2763/3367/1785 2764/3368/2390 2762/3366/2399
f 2763/3367/533 2765/3369/533 2766/3370/2389 2764/3368/2390
f 2756/3360/2400 2755/3359/2401 2767/3371/2402 2768/3372/2403
f 2755/3359/2379 2758/3362/2383 2769/3373/2368 2767/3371/2363
f 2758/3362/2383 2760/3364/2382 2770/3374/2367 2769/3373/2380
f 2760/3364/2382 2762/3366/2384 2771/3375/2369 2770/3374/2367
f 2762/3366/2384 2764/3368/2387 2772/3376/2374 2771/3375/2404
f 2764/3368/2405 2766/3370/2406 2773/3377/2407 2772/3376/2408
f 2768/3372/2409 2767/3371/2410 2774/3378/2411 2775/3379/2412
f 2767/3371/2410 2769/3373/2368 2776/3380/2413 2774/3378/2411
f 2769/3373/2380 2770/3374/2381 2777/3381/2414 2776/3380/2364
f 2770/3374/2381 2771/3375/2369 2778/3382/2370 2777/3381/2414
f 2771/3375/2404 2772/3376/2415 2779/3383/2416 2778/3382/2417
f 2772/3376/2415 2773/3377/2418 2780/3384/2296 2779/3383/2416
f 2775/3379/2311 2774/3378/2351 2781/3385/2346 2782/3386/2419
f 2774/3378/2351 2776/3380/2364 2783/3387/2420 2781/3385/2346
f 2776/3380/2364 2777/3381/2356 2784/3388/2348 2783/3387/2421
f 2777/3381/2356 2778/3382/2370 2785/3389/2422 2784/3388/2348
f 2778/3382/2370 2779/3383/2361 2786/3390/2350 2785/3389/2423
f 2779/3383/2361 2780/3384/2262 2787/3391/2424 2786/3390/2350
f 2782/3386/2419 2781/3385/2346 2788/3392/2425 2789/3393/2332
f 2781/3385/2346 2783/3387/2420 2790/3394/2341 2788/3392/2425
f 2783/3387/2420 2784/3388/2348 2791/3395/2342 2790/3394/2341
f 2784/3388/2348 2785/3389/2423 2792/3396/2343 2791/3395/2342
f 2785/3389/2423 2786/3390/2350 2793/3397/2426 2792/3396/2343
f 2786/3390/2350 2787/3391/2424 2794/3398/2290 2793/3397/2426
f 2789/3393/2332 2788/3392/2427 2748/3348/2286 2742/3335/2333
f 2788/3392/2340 2790/3394/2341 2747/3346/2287 2748/3348/2339
f 2790/3394/2341 2791/3395/2342 2746/3344/399 2747/3346/2287
f 2791/3395/2342 2792/3396/2343 2745/3342/2288 2746/3344/399
f 2792/3396/2343 2793/3397/2345 2743/3338/2344 2745/3342/2288
f 2793/3397/2428 2794/3398/2290 2744/3339/2429 2743/3338/2289
f 2795/3399/2332 2789/3393/2332 2742/3335/2430 2740/3331/2249
f 2796/3400/2419 2782/3386/2305 2789/3393/2332 2795/3399/2332
f 2797/3401/2431 2775/3379/2311 2782/3386/2305 2796/3400/2305
f 2798/3402/2317 2768/3372/2432 2775/3379/2431 2797/3401/2311
f 2799/3403/2337 2756/3360/2326 2768/3372/2317 2798/3402/2317
f 2800/3404/533 2753/3357/533 2756/3360/2326 2799/3403/2326
f 2794/3398/2290 2801/3405/2290 2749/3349/2245 2744/3339/2433
f 2787/3391/2291 2802/3406/2291 2801/3405/2292 2794/3398/2290
f 2780/3384/2262 2803/3407/2262 2802/3406/2256 2787/3391/2256
f 2773/3377/2295 2804/3408/2295 2803/3407/2262 2780/3384/2262
f 2766/3370/2283 2805/3409/2283 2804/3408/2295 2773/3377/2294
f 2765/3369/533 2806/3410/533 2805/3409/2283 2766/3370/2283
f 2807/3411/533 2808/3412/533 2809/3413/2323 2810/3414/1295
f 2808/3412/2243 2811/3415/2243 2812/3416/2434 2809/3413/2328
f 2811/3415/2243 2800/3404/1785 2799/3403/2331 2812/3416/2435
f 2810/3414/1295 2809/3413/2323 2813/3417/2318 2814/3418/1285
f 2809/3413/2328 2812/3416/2434 2815/3419/2436 2813/3417/2314
f 2812/3416/2434 2799/3403/2326 2798/3402/2432 2815/3419/2324
f 2814/3418/2239 2813/3417/2318 2816/3420/2307 2817/3421/2437
f 2813/3417/2318 2815/3419/2436 2818/3422/2312 2816/3420/2307
f 2815/3419/2438 2798/3402/2439 2797/3401/2440 2818/3422/2312
f 2817/3421/1273 2816/3420/2307 2819/3423/2304 2820/3424/1465
f 2816/3420/2307 2818/3422/2441 2821/3425/2306 2819/3423/2302
f 2818/3422/2312 2797/3401/2311 2796/3400/2305 2821/3425/2306
f 2820/3424/1271 2819/3423/2302 2822/3426/2297 2823/3427/1252
f 2819/3423/2304 2821/3425/2308 2824/3428/2298 2822/3426/2442
f 2821/3425/2443 2796/3400/2305 2795/3399/2332 2824/3428/2444
f 2823/3427/1252 2822/3426/2297 2741/3334/2445 2738/3327/134
f 2822/3426/2297 2824/3428/2298 2739/3330/2248 2741/3334/2247
f 2824/3428/2446 2795/3399/2336 2740/3331/2333 2739/3330/2447
f 2806/3410/1785 2825/3429/1785 2826/3430/2448 2805/3409/2449
f 2825/3429/2243 2827/3431/2243 2828/3432/2284 2826/3430/2450
f 2827/3431/533 2829/3433/533 2830/3434/1025 2828/3432/2284
f 2805/3409/2283 2826/3430/2280 2831/3435/2275 2804/3408/2294
f 2826/3430/2280 2828/3432/2284 2832/3436/2270 2831/3435/2267
f 2828/3432/2284 2830/3434/1025 2833/3437/1024 2832/3436/2451
f 2804/3408/2452 2831/3435/2453 2834/3438/2261 2803/3407/2454
f 2831/3435/2267 2832/3436/2270 2835/3439/2263 2834/3438/2266
f 2832/3436/2270 2833/3437/2202 2836/3440/2455 2835/3439/2263
f 2803/3407/2262 2834/3438/2261 2837/3441/2258 2802/3406/2256
f 2834/3438/2456 2835/3439/2263 2838/3442/2259 2837/3441/2255
f 2835/3439/2263 2836/3440/1023 2839/3443/1505 2838/3442/2257
f 2802/3406/2256 2837/3441/2457 2840/3444/2251 2801/3405/2290
f 2837/3441/2258 2838/3442/2257 2841/3445/2458 2840/3444/2459
f 2838/3442/2259 2839/3443/1022 2842/3446/1021 2841/3445/2253
f 2801/3405/2290 2840/3444/2254 2752/3356/2244 2749/3349/2245
f 2840/3444/2254 2841/3445/2253 2750/3352/2246 2752/3356/2244
f 2841/3445/2253 2842/3446/1021 2751/3353/2 2750/3352/2460
f 2843/3447/1252 2823/3427/2461 2738/3327/134 2736/3323/134
f 2844/3448/1271 2820/3424/1271 2823/3427/1252 2843/3447/1252
f 2845/3449/1273 2817/3421/1273 2820/3424/1271 2844/3448/1271
f 2846/3450/1285 2814/3418/1285 2817/3421/1273 2845/3449/1273
f 2847/3451/1295 2810/3414/1295 2814/3418/1285 2846/3450/1285
f 2848/3452/2243 2807/3411/2243 2810/3414/1307 2847/3451/1307
f 2842/3446/1021 2849/3453/2462 2726/3304/2 2751/3353/2
f 2839/3443/1022 2850/3454/1022 2849/3453/1021 2842/3446/1021
f 2836/3440/1023 2851/3455/1023 2850/3454/1022 2839/3443/1022
f 2833/3437/1024 2852/3456/1024 2851/3455/1023 2836/3440/1023
f 2830/3434/1025 2853/3457/1025 2852/3456/1024 2833/3437/1024
f 2829/3433/2162 2854/3458/2162 2853/3457/1083 2830/3434/1083
f 2855/3459/2463 2856/3460/2463 2857/3461/2464 2858/3462/2465
f 2856/3460/2162 2859/3463/2162 2860/3464/2241 2857/3461/2466
f 2859/3463/533 2848/3452/533 2847/3451/1295 2860/3464/2241
f 2858/3462/2183 2857/3461/2238 2861/3465/2234 2862/3466/2181
f 2857/3461/2238 2860/3464/2241 2863/3467/2230 2861/3465/2227
f 2860/3464/2241 2847/3451/1295 2846/3450/1285 2863/3467/2467
f 2862/3466/2468 2861/3465/2469 2864/3468/2222 2865/3469/2470
f 2861/3465/2227 2863/3467/2230 2866/3470/2223 2864/3468/2226
f 2863/3467/2230 2846/3450/2239 2845/3449/2471 2866/3470/2223
f 2865/3469/2127 2864/3468/2222 2867/3471/2219 2868/3472/2115
f 2864/3468/2472 2866/3470/2223 2869/3473/2220 2867/3471/2217
f 2866/3470/2223 2845/3449/1273 2844/3448/1465 2869/3473/2218
f 2868/3472/2115 2867/3471/2473 2870/3474/2214 2871/3475/2114
f 2867/3471/2219 2869/3473/2218 2872/3476/2474 2870/3474/2475
f 2869/3473/2220 2844/3448/1271 2843/3447/1252 2872/3476/2215
f 2871/3475/2114 2870/3474/2216 2737/3326/2184 2734/3319/2090
f 2870/3474/2216 2872/3476/2215 2735/3322/2185 2737/3326/2184
f 2872/3476/2215 2843/3447/1252 2736/3323/134 2735/3322/2476
f 2854/3458/533 2873/3477/533 2874/3478/2204 2853/3457/1025
f 2873/3477/2162 2875/3479/2162 2876/3480/2210 2874/3478/2211
f 2875/3479/2162 2877/3481/2463 2878/3482/2160 2876/3480/2477
f 2853/3457/1025 2874/3478/2204 2879/3483/2203 2852/3456/1024
f 2874/3478/2211 2876/3480/2210 2880/3484/2478 2879/3483/2198
f 2876/3480/2210 2878/3482/2175 2881/3485/2209 2880/3484/2208
f 2852/3456/2202 2879/3483/2203 2882/3486/2193 2851/3455/2479
f 2879/3483/2203 2880/3484/2478 2883/3487/2196 2882/3486/2193
f 2880/3484/2480 2881/3485/2481 2884/3488/2482 2883/3487/2196
f 2851/3455/1023 2882/3486/2193 2885/3489/2191 2850/3454/1505
f 2882/3486/2193 2883/3487/2483 2886/3490/2192 2885/3489/2189
f 2883/3487/2196 2884/3488/2117 2887/3491/2109 2886/3490/2192
f 2850/3454/1022 2885/3489/2189 2888/3492/2186 2849/3453/1021
f 2885/3489/2191 2886/3490/2194 2889/3493/2187 2888/3492/2484
f 2886/3490/2485 2887/3491/2109 2890/3494/2107 2889/3493/2486
f 2849/3453/1021 2888/3492/2186 2725/3302/2487 2726/3304/2
f 2888/3492/2186 2889/3493/2187 2723/3298/2177 2725/3302/2176
f 2889/3493/2488 2890/3494/2173 2724/3299/2169 2723/3298/2489
f 2891/3495/2114 2871/3475/2114 2734/3319/2090 2729/3309/2490
f 2892/3496/2178 2868/3472/2178 2871/3475/2179 2891/3495/2114
f 2893/3497/2127 2865/3469/2127 2868/3472/2115 2892/3496/2115
f 2894/3498/2142 2862/3466/2142 2865/3469/2127 2893/3497/2127
f 2895/3499/2183 2858/3462/2183 2862/3466/2142 2894/3498/2181
f 2896/3500/533 2855/3459/533 2858/3462/2183 2895/3499/2183
f 2890/3494/2107 2897/3501/2107 2727/3305/2491 2724/3299/2092
f 2887/3491/2492 2898/3502/2109 2897/3501/2107 2890/3494/2107
f 2884/3488/2493 2899/3503/2117 2898/3502/2109 2887/3491/2109
f 2881/3485/2131 2900/3504/2209 2899/3503/2493 2884/3488/2117
f 2878/3482/2145 2901/3505/2175 2900/3504/2131 2881/3485/2131
f 2877/3481/533 2902/3506/533 2901/3505/2175 2878/3482/2175
f 2902/3506/2162 2903/3507/2162 2904/3508/2161 2901/3505/2160
f 2903/3507/2463 2905/3509/2463 2906/3510/2494 2904/3508/2144
f 2905/3509/533 2907/3511/533 2908/3512/2495 2906/3510/2152
f 2907/3511/533 2909/3513/533 2910/3514/2153 2908/3512/2495
f 2909/3513/2463 2911/3515/2463 2912/3516/2159 2910/3514/2496
f 2911/3515/533 2896/3500/533 2895/3499/2158 2912/3516/2159
f 2901/3505/2497 2904/3508/2498 2913/3517/2499 2900/3504/2500
f 2904/3508/2148 2906/3510/2152 2914/3518/2501 2913/3517/2130
f 2906/3510/2152 2908/3512/2151 2915/3519/2135 2914/3518/2149
f 2908/3512/2151 2910/3514/2153 2916/3520/2137 2915/3519/2135
f 2910/3514/2153 2912/3516/2156 2917/3521/2143 2916/3520/2502
f 2912/3516/2503 2895/3499/2504 2894/3498/2505 2917/3521/2506
f 2900/3504/2507 2913/3517/2146 2918/3522/2508 2899/3503/2509
f 2913/3517/2510 2914/3518/2501 2919/3523/2511 2918/3522/2508
f 2914/3518/2149 2915/3519/2150 2920/3524/2512 2919/3523/2132
f 2915/3519/2150 2916/3520/2137 2921/3525/2138 2920/3524/2512
f 2916/3520/2502 2917/3521/2513 2922/3526/2514 2921/3525/2515
f 2917/3521/2513 2894/3498/2233 2893/3497/2182 2922/3526/2514
f 2899/3503/2117 2918/3522/2116 2923/3527/2108 2898/3502/2492
f 2918/3522/2116 2919/3523/2132 2924/3528/2516 2923/3527/2108
f 2919/3523/2132 2920/3524/2122 2925/3529/2111 2924/3528/2517
f 2920/3524/2122 2921/3525/2138 2926/3530/2518 2925/3529/2111
f 2921/3525/2138 2922/3526/2128 2927/3531/2113 2926/3530/2519
f 2922/3526/2128 2893/3497/2127 2892/3496/2520 2927/3531/2113
f 2898/3502/2492 2923/3527/2108 2928/3532/2521 2897/3501/2107
f 2923/3527/2108 2924/3528/2516 2929/3533/2100 2928/3532/2521
f 2924/3528/2516 2925/3529/2111 2930/3534/2101 2929/3533/2100
f 2925/3529/2111 2926/3530/2519 2931/3535/2102 2930/3534/2101
f 2926/3530/2519 2927/3531/2113 2932/3536/2522 2931/3535/2102
f 2927/3531/2113 2892/3496/2520 2891/3495/2114 2932/3536/2522
f 2897/3501/2107 2928/3532/2523 2733/3318/2091 2727/3305/2169
f 2928/3532/2098 2929/3533/2100 2732/3316/2093 2733/3318/2097
f 2929/3533/2100 2930/3534/2101 2731/3314/336 2732/3316/2093
f 2930/3534/2101 2931/3535/2102 2730/3312/2094 2731/3314/336
f 2931/3535/2102 2932/3536/2104 2728/3308/2103 2730/3312/2094
f 2932/3536/2524 2891/3495/2114 2729/3309/2525 2728/3308/2095
f 2963/3537/2114 2964/3538/2114 2965/3539/2105 2966/3540/2105
f 2967/3541/2520 2968/3542/2520 2964/3538/2179 2963/3537/2179
f 2969/3543/2225 2970/3544/2225 2968/3542/2115 2967/3541/2115
f 2971/3545/2181 2972/3546/2142 2970/3544/2127 2969/3543/2127
f 2973/3547/2158 2974/3548/2158 2972/3546/2142 2971/3545/2142
f 2939/3549/533 2938/3550/2162 2974/3548/2183 2973/3547/2183
f 2975/3551/2092 2976/3552/2091 2977/3553/2098 2978/3554/2173
f 2976/3552/2091 2979/3555/2526 2980/3556/2100 2977/3553/2523
f 2979/3555/2093 2981/3557/336 2982/3558/2101 2980/3556/2100
f 2981/3559/336 2983/3560/2094 2984/3561/2102 2982/3562/2101
f 2983/3560/2527 2985/3563/2095 2986/3564/2524 2984/3561/2102
f 2985/3563/2095 2965/3539/2090 2964/3538/2180 2986/3564/2104
f 2978/3554/2107 2977/3553/2523 2987/3565/2108 2988/3566/2492
f 2977/3553/2098 2980/3556/2100 2989/3567/2516 2987/3565/2108
f 2980/3556/2100 2982/3558/2101 2990/3568/2111 2989/3567/2516
f 2982/3562/2101 2984/3561/2102 2991/3569/2519 2990/3570/2111
f 2984/3561/2102 2986/3564/2104 2992/3571/2113 2991/3569/2519
f 2986/3564/2524 2964/3538/2114 2968/3542/2520 2992/3571/2113
f 2988/3566/2492 2987/3565/2528 2993/3572/2120 2994/3573/2117
f 2987/3565/2108 2989/3567/2110 2995/3574/2119 2993/3572/2120
f 2989/3567/2110 2990/3568/2121 2996/3575/2122 2995/3574/2134
f 2990/3570/2121 2991/3569/2112 2997/3576/2529 2996/3577/2122
f 2991/3569/2112 2992/3571/2113 2998/3578/2126 2997/3576/2123
f 2992/3571/2530 2968/3542/2520 2970/3544/2127 2998/3578/2126
f 2994/3573/2493 2993/3572/2116 2999/3579/2531 3000/3580/2174
f 2993/3572/2116 2995/3574/2132 3001/3581/2133 2999/3579/2130
f 2995/3574/2119 2996/3575/2122 3002/3582/2135 3001/3581/2149
f 2996/3577/2122 2997/3576/2123 3003/3583/2137 3002/3584/2135
f 2997/3576/2138 2998/3578/2128 3004/3585/2143 3003/3583/2140
f 2998/3578/2128 2970/3544/2225 2972/3546/2228 3004/3585/2532
f 3000/3580/2209 2999/3579/2130 3005/3586/2163 3006/3587/2175
f 2999/3579/2130 3001/3581/2501 3007/3588/2152 3005/3586/2148
f 3001/3581/2133 3002/3582/2150 3008/3589/2533 3007/3588/2494
f 3002/3584/2150 3003/3583/2140 3009/3590/2496 3008/3591/2533
f 3003/3583/2502 3004/3585/2143 3010/3592/2156 3009/3590/2153
f 3004/3585/2143 2972/3546/2181 2974/3548/2183 3010/3592/2167
f 3006/3587/2175 3005/3586/2144 2933/3593/533 2962/3594/533
f 3005/3586/2144 3007/3588/2152 2934/3595/533 2933/3593/533
f 3007/3588/2152 3008/3589/2151 2935/3596/533 2934/3595/533
f 3008/3591/2151 3009/3590/2153 2936/3597/533 2935/3598/533
f 3009/3590/2153 3010/3592/2159 2937/3599/533 2936/3597/533
f 3010/3592/2159 2974/3548/2183 2938/3550/533 2937/3599/533
f 2966/3540/2090 3011/3600/2184 3012/3601/2216 2963/3537/2114
f 3011/3600/2184 3013/3602/2185 3014/3603/2215 3012/3601/2216
f 3013/3602/2185 3015/3604/134 3016/3605/1252 3014/3603/2215
f 2963/3537/2180 3012/3601/2216 3017/3606/2219 2967/3541/2520
f 3012/3601/2214 3014/3603/2215 3018/3607/2220 3017/3606/2473
f 3014/3603/2215 3016/3605/1252 3019/3608/1271 3018/3607/2220
f 2967/3541/2115 3017/3606/2219 3020/3609/2222 2969/3543/2127
f 3017/3606/2473 3018/3607/2218 3021/3610/2223 3020/3609/2226
f 3018/3607/2220 3019/3608/1325 3022/3611/1273 3021/3610/2223
f 2969/3543/2534 3020/3609/2535 3023/3612/2536 2971/3545/2228
f 3020/3609/2224 3021/3610/2537 3024/3613/2232 3023/3612/2538
f 3021/3610/2223 3022/3611/1273 3025/3614/1285 3024/3613/2539
f 2971/3545/2181 3023/3612/2227 3026/3615/2238 2973/3547/2183
f 3023/3612/2227 3024/3613/2230 3027/3616/2237 3026/3615/2540
f 3024/3613/2467 3025/3614/1285 3028/3617/1295 3027/3616/2241
f 2973/3547/2465 3026/3615/2464 2940/3618/2463 2939/3549/2463
f 3026/3615/2540 3027/3616/2541 2941/3619/2162 2940/3618/2162
f 3027/3616/2242 3028/3617/1307 2942/3620/533 2941/3619/533
f 2966/3540/2090 2965/3539/2090 3029/3621/2090 3030/3622/2090
f 3031/3623/2184 3011/3600/2184 2966/3540/2090 3030/3622/2090
f 3032/3624/2185 3013/3602/2185 3011/3600/2184 3031/3623/2542
f 3033/3625/134 3015/3604/134 3013/3602/2185 3032/3624/2185
f 3034/3626/1252 3016/3605/2461 3015/3604/134 3035/3627/134
f 3036/3628/1271 3019/3608/1271 3016/3605/1252 3034/3626/1252
f 3037/3629/1273 3022/3611/1273 3019/3608/1271 3036/3628/1271
f 3038/3630/1285 3025/3614/1285 3022/3611/1273 3037/3629/1273
f 3039/3631/1295 3028/3617/1295 3025/3614/1285 3038/3630/1285
f 2943/3632/2243 2942/3620/2243 3028/3617/1307 3039/3631/1307
f 3040/3633/2091 2976/3552/2091 2975/3551/2092 3041/3634/2092
f 3042/3635/2093 2979/3555/2093 2976/3552/2091 3040/3633/2091
f 3043/3636/336 2981/3557/336 2979/3555/2093 3042/3635/2093
f 3044/3637/2094 2983/3560/2094 2981/3559/336 3043/3638/336
f 3045/3639/2095 2985/3563/2095 2983/3560/2094 3044/3637/2094
f 3029/3621/2090 2965/3539/2090 2985/3563/2095 3045/3639/2095
f 2978/3554/2107 3046/3640/2107 3047/3641/2168 2975/3551/2168
f 2988/3566/2492 3048/3642/2109 3046/3640/2107 2978/3554/2107
f 2994/3573/2493 3049/3643/2493 3048/3642/2109 2988/3566/2109
f 3000/3580/2131 3050/3644/2209 3049/3643/2117 2994/3573/2117
f 3006/3587/2145 3051/3645/2145 3050/3644/2131 3000/3580/2131
f 2962/3594/533 2961/3646/533 3051/3645/2175 3006/3587/2175
f 2975/3551/2092 3047/3641/2092 3052/3647/2092 3041/3634/2092
f 3053/3648/2 3054/3649/2176 3055/3650/2186 3056/3651/1021
f 3054/3649/2176 3057/3652/2177 3058/3653/2187 3055/3650/2186
f 3057/3652/2177 3047/3641/2092 3046/3640/2107 3058/3653/2187
f 3056/3651/1021 3055/3650/2186 3059/3654/2189 3060/3655/1022
f 3055/3650/2186 3058/3653/2188 3061/3656/2190 3059/3654/2189
f 3058/3653/2188 3046/3640/2173 3048/3642/2109 3061/3656/2194
f 3060/3655/1022 3059/3654/2189 3062/3657/2193 3063/3658/1023
f 3059/3654/2191 3061/3656/2190 3064/3659/2543 3062/3657/2193
f 3061/3656/2194 3048/3642/2109 3049/3643/2117 3064/3659/2196
f 3063/3658/1023 3062/3657/2193 3065/3660/2201 3066/3661/1024
f 3062/3657/2544 3064/3659/2196 3067/3662/2478 3065/3660/2198
f 3064/3659/2545 3049/3643/2546 3050/3644/2174 3067/3662/2206
f 3066/3661/1024 3065/3660/2547 3068/3663/2204 3069/3664/1025
f 3065/3660/2203 3067/3662/2200 3070/3665/2548 3068/3663/2204
f 3067/3662/2200 3050/3644/2209 3051/3645/2175 3070/3665/2210
f 3069/3664/1083 3068/3663/2211 2959/3666/533 2958/3667/533
f 3068/3663/2549 3070/3665/2548 2960/3668/2243 2959/3666/2243
f 3070/3665/2210 3051/3645/2550 2961/3646/533 2960/3668/533
f 3071/3669/2176 3054/3649/2176 3053/3648/2 3072/3670/2
f 3073/3671/2177 3057/3652/2551 3054/3649/2176 3071/3669/2176
f 3052/3647/2092 3047/3641/2092 3057/3652/2177 3073/3671/2177
f 3056/3651/1021 3074/3672/2462 3075/3673/2 3053/3648/2
f 3060/3655/1022 3076/3674/1022 3074/3672/1021 3056/3651/1021
f 3063/3658/1023 3077/3675/1023 3076/3674/1022 3060/3655/1022
f 3066/3661/1024 3078/3676/1024 3077/3675/1023 3063/3658/1023
f 3069/3664/1025 3079/3677/1025 3078/3676/1024 3066/3661/1024
f 2958/3667/2162 2957/3678/2162 3079/3677/1083 3069/3664/1083
f 3053/3648/2 3075/3673/2 3080/3679/2 3072/3670/2
f 3081/3680/2245 3082/3681/2244 3083/3682/2254 3084/3683/2290
f 3082/3681/2244 3085/3684/2246 3086/3685/2253 3083/3682/2254
f 3085/3684/2246 3075/3673/2 3074/3672/1021 3086/3685/2253
f 3084/3683/2293 3083/3682/2254 3087/3686/2258 3088/3687/2424
f 3083/3682/2251 3086/3685/2253 3089/3688/2259 3087/3686/2457
f 3086/3685/2253 3074/3672/1021 3076/3674/1022 3089/3688/2259
f 3088/3687/2256 3087/3686/2258 3090/3689/2261 3091/3690/2262
f 3087/3686/2457 3089/3688/2257 3092/3691/2263 3090/3689/2266
f 3089/3688/2259 3076/3674/1045 3077/3675/1023 3092/3691/2263
f 3091/3690/2552 3090/3689/2553 3093/3692/2554 3094/3693/2268
f 3090/3689/2264 3092/3691/2555 3095/3694/2273 3093/3692/2556
f 3092/3691/2263 3077/3675/1023 3078/3676/1024 3095/3694/2557
f 3094/3693/2294 3093/3692/2267 3096/3695/2280 3097/3696/2283
f 3093/3692/2267 3095/3694/2270 3098/3697/2279 3096/3695/2558
f 3095/3694/2451 3078/3676/1024 3079/3677/1025 3098/3697/2284
f 3097/3696/2449 3096/3695/2448 2955/3698/1785 2954/3699/1785
f 3096/3695/2558 3098/3697/2282 2956/3700/2243 2955/3698/2243
f 3098/3697/2285 3079/3677/1083 2957/3678/533 2956/3700/533
f 3099/3701/2244 3082/3681/2244 3081/3680/2245 3100/3702/2245
f 3101/3703/2246 3085/3684/2246 3082/3681/2244 3099/3701/2559
f 3080/3679/2 3075/3673/2 3085/3684/2246 3101/3703/2246
f 3084/3683/2290 3102/3704/2290 3103/3705/2250 3081/3680/2250
f 3088/3687/2424 3104/3706/2424 3102/3704/2292 3084/3683/2292
f 3091/3690/2265 3105/3707/2265 3104/3706/2256 3088/3687/2256
f 3094/3693/2294 3106/3708/2295 3105/3707/2262 3091/3690/2262
f 3097/3696/2389 3107/3709/2389 3106/3708/2295 3094/3693/2295
f 2954/3699/533 2953/3710/2243 3107/3709/2283 3097/3696/2283
f 3081/3680/2245 3103/3705/2245 3108/3711/2245 3100/3702/2245
f 3109/3712/2249 3110/3713/2286 3111/3714/2340 3112/3715/2336
f 3110/3713/2286 3113/3716/2560 3114/3717/2341 3111/3714/2427
f 3113/3716/2287 3115/3718/399 3116/3719/2342 3114/3717/2341
f 3115/3720/399 3117/3721/2288 3118/3722/2343 3116/3723/2342
f 3117/3721/2561 3119/3724/2289 3120/3725/2428 3118/3722/2343
f 3119/3724/2289 3103/3705/2245 3102/3704/2293 3120/3725/2345
f 3112/3715/2332 3111/3714/2427 3121/3726/2346 3122/3727/2419
f 3111/3714/2340 3114/3717/2341 3123/3728/2420 3121/3726/2346
f 3114/3717/2341 3116/3719/2342 3124/3729/2348 3123/3728/2420
f 3116/3723/2342 3118/3722/2343 3125/3730/2423 3124/3731/2348
f 3118/3722/2343 3120/3725/2345 3126/3732/2350 3125/3730/2423
f 3120/3725/2428 3102/3704/2290 3104/3706/2424 3126/3732/2350
f 3122/3727/2419 3121/3726/2562 3127/3733/2354 3128/3734/2311
f 3121/3726/2346 3123/3728/2347 3129/3735/2353 3127/3733/2354
f 3123/3728/2347 3124/3729/2355 3130/3736/2356 3129/3735/2366
f 3124/3731/2355 3125/3730/2349 3131/3737/2563 3130/3738/2356
f 3125/3730/2349 3126/3732/2350 3132/3739/2360 3131/3737/2357
f 3126/3732/2564 3104/3706/2424 3105/3707/2262 3132/3739/2360
f 3128/3734/2431 3127/3733/2351 3133/3740/2565 3134/3741/2325
f 3127/3733/2351 3129/3735/2364 3135/3742/2365 3133/3740/2363
f 3129/3735/2353 3130/3736/2356 3136/3743/2367 3135/3742/2380
f 3130/3738/2356 3131/3737/2357 3137/3744/2369 3136/3745/2367
f 3131/3737/2370 3132/3739/2361 3138/3746/2374 3137/3744/2372
f 3132/3739/2361 3105/3707/2265 3106/3708/2268 3138/3746/2566
f 3134/3741/2432 3133/3740/2363 3139/3747/2392 3140/3748/2326
f 3133/3740/2363 3135/3742/2368 3141/3749/2383 3139/3747/2379
f 3135/3742/2365 3136/3743/2381 3142/3750/2567 3141/3749/2397
f 3136/3745/2381 3137/3744/2372 3143/3751/2399 3142/3752/2567
f 3137/3744/2404 3138/3746/2374 3144/3753/2387 3143/3751/2384
f 3138/3746/2374 3106/3708/2294 3107/3709/2283 3144/3753/2396
f 3140/3748/2326 3139/3747/2375 2948/3754/533 2947/3755/533
f 3139/3747/2375 3141/3749/2383 2949/3756/533 2948/3754/533
f 3141/3749/2383 3142/3750/2382 2950/3757/533 2949/3756/533
f 3142/3752/2382 3143/3751/2384 2951/3758/533 2950/3759/533
f 3143/3751/2384 3144/3753/2390 2952/3760/533 2951/3758/533
f 3144/3753/2390 3107/3709/2283 2953/3710/533 2952/3760/533
f 3145/3761/2286 3110/3713/2286 3109/3712/2249 3146/3762/2249
f 3147/3763/2287 3113/3716/2287 3110/3713/2286 3145/3761/2286
f 3148/3764/399 3115/3718/399 3113/3716/2287 3147/3763/2287
f 3149/3765/2288 3117/3721/2288 3115/3720/399 3148/3766/399
f 3150/3767/2289 3119/3724/2289 3117/3721/2288 3149/3765/2288
f 3108/3711/2245 3103/3705/2245 3119/3724/2289 3150/3767/2289
f 3112/3715/2332 3151/3768/2332 3152/3769/2299 3109/3712/2299
f 3122/3727/2419 3153/3770/2305 3151/3768/2332 3112/3715/2332
f 3128/3734/2431 3154/3771/2431 3153/3770/2305 3122/3727/2305
f 3134/3741/2317 3155/3772/2432 3154/3771/2311 3128/3734/2311
f 3140/3748/2337 3156/3773/2337 3155/3772/2317 3134/3741/2317
f 2947/3755/533 2946/3774/533 3156/3773/2326 3140/3748/2326
f 3109/3712/2249 3152/3769/2249 3157/3775/2249 3146/3762/2249
f 3159/3776/2247 3161/3777/2247 3035/3627/134 3160/3778/134
f 3158/3779/2248 3162/3780/2568 3161/3777/2247 3159/3776/2247
f 3157/3775/2249 3152/3769/2249 3162/3780/2248 3158/3779/2248
f 3035/3627/134 3015/3604/134 3033/3625/134 3160/3778/134
f 3035/3627/134 3161/3777/2247 3163/3781/2297 3034/3626/1252
f 3161/3777/2247 3162/3780/2248 3164/3782/2298 3163/3781/2297
f 3162/3780/2248 3152/3769/2249 3151/3768/2332 3164/3782/2298
f 3034/3626/1252 3163/3781/2297 3165/3783/2302 3036/3628/1271
f 3163/3781/2297 3164/3782/2301 3166/3784/2303 3165/3783/2302
f 3164/3782/2301 3151/3768/2336 3153/3770/2305 3166/3784/2308
f 3036/3628/1271 3165/3783/2302 3167/3785/2307 3037/3629/1273
f 3165/3783/2304 3166/3784/2303 3168/3786/2569 3167/3785/2307
f 3166/3784/2308 3153/3770/2305 3154/3771/2311 3168/3786/2312
f 3037/3629/1273 3167/3785/2307 3169/3787/2316 3038/3630/1285
f 3167/3785/2570 3168/3786/2312 3170/3788/2436 3169/3787/2314
f 3168/3786/2571 3154/3771/2572 3155/3772/2325 3170/3788/2321
f 3038/3630/1285 3169/3787/2573 3171/3789/2323 3039/3631/1295
f 3169/3787/2318 3170/3788/2315 3172/3790/2574 3171/3789/2323
f 3170/3788/2315 3155/3772/2432 3156/3773/2326 3172/3790/2434
f 3039/3631/1307 3171/3789/2328 2944/3791/533 2943/3632/533
f 3171/3789/2575 3172/3790/2574 2945/3792/2162 2944/3791/2162
f 3172/3790/2434 3156/3773/2576 2946/3774/533 2945/3792/533
f 2710/3793/533 2627/3794/533 2625/3795/533 2709/3796/533
f 2696/3797/533 2465/3798/533 2463/3799/533 2695/3800/533
f 2629/3801/533 2627/3794/533 2710/3793/533 2711/3802/533
f 2693/3803/533 2694/3804/533 2461/3805/533 2457/3806/533
f 2621/3807/533 2624/3808/533 2707/3809/533 2708/3810/533
f 2721/3811/533 2722/3812/533 2460/3813/533 2470/3814/533
f 2706/3815/533 2599/3816/533 2597/3817/533 2705/3818/533
f 2523/3819/533 2519/3820/533 2719/3821/533 2720/3822/533
f 2556/3823/533 2587/3824/533 2716/3825/533 2717/3826/533
f 2698/3827/533 2455/3828/533 2467/3829/533 2697/3830/533
f 2701/3831/533 2533/3832/533 2531/3833/533 2700/3834/533
f 2697/3830/533 2467/3829/533 2465/3798/533 2696/3797/533
f 2597/3817/533 2595/3835/533 2704/3836/533 2705/3818/533
f 2576/3837/533 2535/3838/533 2702/3839/533 2703/3840/533
f 2595/3835/533 2576/3837/533 2703/3840/533 2704/3836/533
f 2702/3839/533 2535/3838/533 2533/3832/533 2701/3831/533
f 2719/3821/533 2519/3820/533 2522/3841/533 2718/3842/533
f 2456/3843/533 2455/3828/533 2698/3827/533 2699/3844/533
f 2720/3822/533 2721/3811/533 2470/3814/533 2523/3819/533
f 2709/3796/533 2625/3795/533 2621/3807/533 2708/3810/533
f 2460/3813/533 2722/3812/533 2693/3803/533 2457/3806/533
f 2463/3799/533 2461/3805/533 2694/3804/533 2695/3800/533
f 2631/3845/533 2629/3801/533 2711/3802/533 2712/3846/533
f 2620/3847/533 2631/3845/533 2712/3846/533 2713/3848/533
f 2715/3849/533 2583/3850/533 2586/3851/533 2714/3852/533
f 2714/3852/533 2586/3851/533 2620/3847/533 2713/3848/533
f 2531/3833/533 2456/3843/533 2699/3844/533 2700/3834/533
f 2587/3824/533 2583/3850/533 2715/3849/533 2716/3825/533
f 2624/3808/533 2599/3816/533 2706/3815/533 2707/3809/533
f 2522/3841/533 2556/3823/533 2717/3826/533 2718/3842/533
f 2911/3853/533 2909/3854/533 2951/3855/533 2952/3856/533
f 2909/3854/533 2907/3857/533 2950/3858/533 2951/3855/533
f 2950/3858/533 2907/3857/533 2905/3859/533 2949/3860/533
f 2903/3861/533 2902/3862/533 2947/3863/533 2948/3864/533
f 2953/3865/533 2896/3866/533 2911/3853/533 2952/3856/533
f 2961/3867/533 2962/3868/533 2753/3869/533 2800/3870/533
f 2955/3871/533 2856/3872/533 2855/3873/533 2954/3874/533
f 2811/3875/533 2808/3876/533 2959/3877/533 2960/3878/533
f 2825/3879/533 2806/3880/533 2939/3881/533 2940/3882/533
f 2902/3862/533 2877/3883/533 2946/3884/533 2947/3863/533
f 2938/3885/533 2765/3886/533 2763/3887/533 2937/3888/533
f 2954/3874/533 2855/3873/533 2896/3866/533 2953/3865/533
f 2759/3889/533 2757/3890/533 2934/3891/533 2935/3892/533
f 2848/3893/533 2859/3894/533 2956/3895/533 2957/3896/533
f 2854/3897/533 2829/3898/533 2942/3899/533 2943/3900/533
f 2942/3899/533 2829/3898/533 2827/3901/533 2941/3902/533
f 2941/3902/533 2827/3901/533 2825/3879/533 2940/3882/533
f 2875/3903/533 2873/3904/533 2944/3905/533 2945/3906/533
f 2873/3904/533 2854/3897/533 2943/3900/533 2944/3905/533
f 2946/3884/533 2877/3883/533 2875/3903/533 2945/3906/533
f 2905/3859/533 2903/3861/533 2948/3864/533 2949/3860/533
f 2757/3890/533 2754/3907/533 2933/3908/533 2934/3891/533
f 2761/3909/533 2759/3889/533 2935/3892/533 2936/3910/533
f 2753/3869/533 2962/3868/533 2933/3908/533 2754/3907/533
f 2937/3888/533 2763/3887/533 2761/3909/533 2936/3910/533
f 2961/3867/533 2800/3870/533 2811/3875/533 2960/3878/533
f 2806/3880/533 2765/3886/533 2938/3885/533 2939/3881/533
f 2959/3877/533 2808/3876/533 2807/3911/533 2958/3912/533
f 2859/3894/533 2856/3872/533 2955/3871/533 2956/3895/533
f 2807/3911/533 2848/3893/533 2957/3896/533 2958/3912/533
f 3173/3913/533 3174/3914/533 3175/3915/533 3176/3916/533
f 3174/3917/336 3177/3918/336 3178/3919/336 3175/3920/336
f 3177/3921/29 3179/3922/29 3180/3923/29 3178/3924/29
f 3173/3925/399 3176/3926/399 3180/3927/399 3179/3928/399
f 3180/3929/134 3176/3930/134 3175/3931/134 3178/3932/134
f 3177/3933/2 3174/3934/2 3173/3935/2 3179/3936/2
f 3181/3937/533 3182/3938/533 3183/3939/533 3184/3940/533
f 3182/3941/336 3185/3942/336 3186/3943/336 3183/3944/336
f 3185/3945/29 3187/3946/29 3188/3947/29 3186/3948/29
f 3181/3949/399 3184/3950/399 3188/3951/399 3187/3952/399
f 3188/3953/134 3184/3954/134 3183/3955/134 3186/3956/134
f 3185/3957/2 3182/3958/2 3181/3959/2 3187/3960/2
f 3189/3961/533 3190/3962/533 3191/3963/533 3192/3964/533
f 3190/3965/336 3193/3966/336 3194/3967/336 3191/3968/336
f 3193/3969/29 3195/3970/29 3196/3971/29 3194/3972/29
f 3189/3973/399 3192/3974/399 3196/3975/399 3195/3976/399
f 3196/3977/134 3192/3978/134 3191/3979/134 3194/3980/134
f 3193/3981/2 3190/3982/2 3189/3983/2 3195/3984/2
f 3197/3985/533 3198/3986/533 3199/3987/533 3200/3988/533
f 3198/3989/336 3201/3990/336 3202/3991/336 3199/3992/336
f 3201/3993/29 3203/3994/29 3204/3995/29 3202/3996/29
f 3197/3997/399 3200/3998/399 3204/3999/399 3203/4000/399
f 3204/4001/134 3200/4002/134 3199/4003/134 3202/4004/134
f 3201/4005/2 3198/4006/2 3197/4007/2 3203/4008/2
f 3205/4009/533 3206/4010/533 3207/4011/533 3208/4012/533
f 3206/4013/336 3209/4014/336 3210/4015/336 3207/4016/336
f 3209/4017/29 3211/4018/29 3212/4019/29 3210/4020/29
f 3205/4021/399 3208/4022/399 3212/4023/399 3211/4024/399
f 3212/4025/134 3208/4026/134 3207/4027/134 3210/4028/134
f 3209/4029/2 3206/4030/2 3205/4031/2 3211/4032/2
f 3213/4033/533 3214/4034/533 3215/4035/533 3216/4036/533
f 3214/4037/336 3217/4038/336 3218/4039/336 3215/4040/336
f 3217/4041/29 3219/4042/29 3220/4043/29 3218/4044/29
f 3213/4045/399 3216/4046/399 3220/4047/399 3219/4048/399
f 3220/4049/134 3216/4050/134 3215/4051/134 3218/4052/134
f 3217/4053/2 3214/4054/2 3213/4055/2 3219/4056/2
f 3226/4057/29 3227/4058/29 3223/4059/29
f 3246/4060/439 3247/4061/134 3249/4062/2577
f 3268/4063/340 3269/4064/336 3266/4065/2578
f 3280/4066/443 3264/4067/399 3263/4068/2579
f 3296/4069/29 3297/4070/29 3303/4071/29
f 3305/4072/489 3306/4073/2 3277/4074/2580
f 3231/4075/29 3221/4076/29 3230/4077/29
f 3270/4078/29 3272/4079/29 3284/4080/29 3285/4081/29
f 3295/4082/29 3286/4083/29 3296/4069/29 3303/4071/29
f 3299/4084/29 3300/4085/29 3301/4086/29 3302/4087/29
f 3227/4058/29 3228/4088/29 3223/4059/29
f 3243/4089/322 3239/4090/149 3261/4091/149 3259/4092/164
f 3271/4093/29 3285/4081/29 3301/4086/29 3287/4094/29
f 3291/4095/368 3290/4096/369 3251/4097/29 3250/4098/29
f 3288/4099/2581 3304/4100/492 3277/4074/2582 3276/4101/336
f 3312/4102/27 3285/4103/29 3284/4104/29 3313/4105/475
f 3316/4106/452 3314/4107/469 3282/4108/427 3281/4109/406
f 3320/4110/2583 3319/4111/503 3317/4112/522 3318/4113/517
f 3309/4114/56 3320/4110/501 3318/4113/517 3311/4115/27
f 3250/4116/29 3251/4117/29 3257/4118/29 3258/4119/29
f 3279/4120/447 3315/4121/454 3316/4106/460 3280/4066/443
f 3304/4100/492 3288/4099/336 3307/4122/349 3319/4111/503
f 3224/4123/29 3225/4124/29 3226/4057/29 3223/4059/29
f 3229/4125/29 3230/4077/29 3221/4076/29 3222/4126/29
f 3232/4127/29 3233/4128/29 3253/4129/29
f 3272/4079/29 3273/4130/29 3283/4131/29 3284/4080/29
f 3256/4132/29 3251/4117/29 3255/4133/29
f 3256/4132/29 3257/4118/29 3251/4117/29
f 3281/4109/406 3282/4108/427 3237/4134/427 3241/4135/406
f 3294/4136/349 3291/4095/368 3308/4137/368 3307/4138/349
f 3264/4067/399 3281/4109/406 3241/4135/406 3245/4139/399
f 3260/4140/2584 3267/4141/388 3266/4065/2585 3262/4142/134
f 3244/4143/395 3246/4060/391 3249/4062/2577
f 3249/4144/134 3247/4145/134 3260/4146/134 3262/4147/134
f 3239/4090/149 3221/4148/29 3232/4149/29 3261/4091/149
f 3267/4141/2039 3268/4063/340 3266/4065/2578
f 3245/4139/2586 3244/4143/395 3249/4062/2587 3248/4150/399
f 3278/4151/2588 3279/4120/487 3265/4152/2589
f 3247/4145/134 3243/4089/322 3259/4092/164 3260/4146/134
f 3282/4108/427 3234/4153/29 3224/4154/29 3237/4134/427
f 3311/4115/27 3301/4155/29 3285/4156/29 3312/4157/27
f 3299/4084/29 3302/4087/29 3303/4071/29 3298/4158/29
f 3240/4159/404 3241/4135/406 3237/4134/427 3236/4160/425
f 3285/4081/29 3271/4093/29 3270/4078/29
f 3229/4125/29 3222/4126/29 3223/4059/29 3228/4088/29
f 3274/4161/29 3283/4131/29 3273/4130/29
f 3274/4161/29 3275/4162/29 3283/4131/29
f 3306/4073/2 3309/4114/56 3310/4163/225 3278/4164/2
f 3314/4107/469 3283/4165/29 3234/4153/29 3282/4108/427
f 3313/4105/477 3284/4104/29 3283/4165/29 3314/4107/469
f 3308/4166/368 3295/4167/29 3303/4168/29 3317/4112/522
f 3310/4169/225 3312/4102/27 3313/4105/477 3315/4121/454
f 3240/4159/404 3236/4160/425 3238/4170/420 3242/4171/402
f 3292/4172/352 3289/4173/377 3290/4096/369 3293/4174/350
f 3306/4073/2 3305/4072/495 3320/4110/501 3309/4114/24
f 3278/4151/2 3310/4169/24 3315/4121/454 3279/4120/447
f 3280/4066/443 3316/4106/452 3281/4109/406 3264/4067/399
f 3269/4064/336 3294/4136/349 3307/4138/349 3288/4175/336
f 3287/4094/29 3301/4086/29 3300/4085/29
f 3253/4129/29 3254/4176/29 3252/4177/29 3232/4127/29
f 3234/4178/29 3283/4131/29 3275/4162/29 3235/4179/29
f 3254/4176/29 3255/4133/29 3251/4117/29 3252/4177/29
f 3297/4070/29 3298/4158/29 3303/4071/29
f 3304/4100/492 3305/4072/495 3277/4074/2580
f 3233/4128/29 3232/4127/29 3221/4076/29 3231/4075/29
f 3309/4114/56 3311/4115/27 3312/4157/27 3310/4163/225
f 3286/4083/29 3295/4082/29 3250/4116/29 3258/4119/29
f 3291/4095/368 3250/4098/29 3295/4180/29 3308/4137/368
f 3225/4124/29 3224/4123/29 3234/4178/29 3235/4179/29
f 3277/4074/2 3306/4073/2 3278/4164/2 3265/4181/2
f 3246/4060/391 3244/4143/395 3240/4159/404 3242/4171/402
f 3266/4065/336 3269/4064/336 3288/4175/336 3276/4182/336
f 3261/4183/149 3232/4184/29 3252/4185/29 3289/4173/375
f 3238/4170/420 3236/4160/425 3223/4186/29 3222/4187/29
f 3236/4160/425 3237/4134/427 3224/4154/29 3223/4186/29
f 3243/4188/322 3242/4171/402 3238/4170/420 3239/4189/149
f 3259/4190/164 3261/4183/149 3289/4173/377 3292/4172/352
f 3319/4111/503 3307/4122/349 3308/4166/368 3317/4112/522
f 3260/4140/134 3259/4190/193 3292/4172/352 3267/4141/344
f 3305/4072/495 3304/4100/492 3319/4111/503 3320/4110/501
f 3245/4139/399 3241/4135/406 3240/4159/404 3244/4143/395
f 3318/4113/517 3317/4112/522 3303/4168/29 3302/4191/29
f 3289/4173/377 3252/4185/29 3251/4097/29 3290/4096/369
f 3239/4189/149 3238/4170/423 3222/4187/29 3221/4192/29
f 3293/4174/350 3290/4096/369 3291/4095/368 3294/4136/349
f 3316/4106/2590 3315/4121/454 3313/4105/477 3314/4107/469
f 3311/4115/27 3318/4113/520 3302/4191/29 3301/4155/29
f 3268/4063/340 3293/4174/350 3294/4136/349 3269/4064/336
f 3267/4141/344 3292/4172/352 3293/4174/359 3268/4063/340
f 3247/4061/134 3246/4060/391 3242/4171/402 3243/4188/193
f 3263/4068/399 3264/4067/399 3245/4139/399 3248/4150/399
f 3279/4120/2591 3280/4066/443 3263/4068/2592 3265/4152/2
f 3321/4193/533 3322/4194/533 3323/4195/533 3324/4196/533
f 3322/4197/336 3325/4198/336 3326/4199/336 3323/4200/336
f 3325/4201/29 3327/4202/29 3328/4203/29 3326/4204/29
f 3321/4205/399 3324/4206/399 3328/4207/399 3327/4208/399
f 3328/4209/134 3324/4210/134 3323/4211/134 3326/4212/134
f 3325/4213/2 3322/4214/2 3321/4215/2 3327/4216/2
