o data/uid/01011857/s/000007.obj
//1
usemtl mat0
v -0.0252 -0.1918 0.021
v -0.0252 0.0093 0.021
v -0.0252 0.0124 0.0202
vn -0.5774 -0.5773 0.5773
vn -0.6795 0.0935 0.7277
vn -0.6526 0.3768 0.6573
vt 0.3255 0.4135
vt 0.3255 0.544
vt 0.325 0.546
f 1/1/1 2/2/2 3/3/3
v -0.0252 -0.1918 0.021
v -0.0252 0.0124 0.0202
v -0.0252 0.0148 0.0177
vn -0.5774 -0.5773 0.5773
vn -0.6526 0.3768 0.6573
vn -0.6526 0.6573 0.3768
vt 0.3255 0.4135
vt 0.325 0.546
vt 0.3234 0.5475
f 4/4/4 5/5/5 6/6/6
v -0.0252 -0.1918 0.021
v -0.0252 0.0148 0.0177
v -0.0252 0.0156 0.0147
vn -0.5774 -0.5773 0.5773
vn -0.6526 0.6573 0.3768
vn -0.85 0.3725 0.3725
vt 0.3255 0.4135
vt 0.3234 0.5475
vt 0.3214 0.5481
f 7/7/7 8/8/8 9/9/9
v -0.0252 -0.1918 0.021
v -0.0252 0.0156 0.0147
v -0.0252 0.0156 -0.0127
vn -0.5774 -0.5773 0.5773
vn -0.85 0.3725 0.3725
vn -0.8499 0.3727 -0.3726
vt 0.3255 0.4135
vt 0.3214 0.5481
vt 0.3037 0.5481
f 10/10/10 11/11/11 12/12/12
v -0.0252 -0.1918 0.021
v -0.0252 0.0156 -0.0127
v -0.0252 0.0148 -0.0158
vn -0.5774 -0.5773 0.5773
vn -0.8499 0.3727 -0.3726
vn -0.6526 0.6573 -0.3768
vt 0.3255 0.4135
vt 0.3037 0.5481
vt 0.3017 0.5475
f 13/13/13 14/14/14 15/15/15
v -0.0252 -0.1918 0.021
v -0.0252 0.0148 -0.0158
v -0.0252 0.0124 -0.0182
vn -0.5774 -0.5773 0.5773
vn -0.6526 0.6573 -0.3768
vn -0.6526 0.3768 -0.6573
vt 0.3255 0.4135
vt 0.3017 0.5475
vt 0.3001 0.546
f 16/16/16 17/17/17 18/18/18
v -0.0252 -0.1918 0.021
v -0.0252 0.0124 -0.0182
v -0.0252 0.0093 -0.019
vn -0.5774 -0.5773 0.5773
vn -0.6526 0.3768 -0.6573
vn -0.6795 0.0935 -0.7277
vt 0.3255 0.4135
vt 0.3001 0.546
vt 0.2996 0.544
f 19/19/19 20/20/20 21/21/21
v -0.0252 -0.1918 0.021
v -0.0252 0.0093 -0.019
v -0.0252 -0.1918 -0.019
vn -0.5774 -0.5773 0.5773
vn -0.6795 0.0935 -0.7277
vn -0.5774 -0.5774 -0.5774
vt 0.3255 0.4135
vt 0.2996 0.544
vt 0.2996 0.4135
f 22/22/22 23/23/23 24/24/24
v -0.0252 -0.1918 0.021
v -0.0252 -0.1918 -0.019
v 0.0154 -0.1918 -0.019
vn -0.5774 -0.5773 0.5773
vn -0.5774 -0.5774 -0.5774
vn 0 -0.4437 -0.8962
vt 0.3255 0.3445
vt 0.2996 0.3445
vt 0.2996 0.3182
f 25/25/25 26/26/26 27/27/27
v -0.0252 -0.1918 0.021
v 0.0154 -0.1918 -0.019
v 0.0154 -0.1918 -0.019
vn -0.5774 -0.5773 0.5773
vn 0 -0.4437 -0.8962
vn 0 -1 -0
vt 0.3255 0.3445
vt 0.2996 0.3182
vt 0.7836 0.4135
f 28/28/28 29/29/29 30/30/30
v 0.0154 -0.1918 -0.019
v 0.0154 -0.1918 -0.019
v 0.0154 -0.1918 0.021
vn 1 0 -0
vn 0.5179 -0.6046 -0.6051
vn 0.31 -0.8791 0.3621
vt 0.7836 0.4135
vt 0.7836 0.4135
vt 0.7577 0.4135
f 31/31/31 32/32/32 33/33/33
v 0.0154 -0.1918 -0.019
v 0.0154 -0.1918 -0.019
v 0.0154 -0.1918 0.021
vn 0 -1 -0
vn 1 0 -0
vn 0.31 -0.8791 0.3621
vt 0.7836 0.4135
vt 0.7836 0.4135
vt 0.7577 0.4135
f 34/34/34 35/35/35 36/36/36
v -0.0252 -0.1918 0.021
v 0.0154 -0.1918 -0.019
v 0.0154 -0.1918 0.021
vn -0.5774 -0.5773 0.5773
vn 0 -1 -0
vn 0.31 -0.8791 0.3621
vt 0.3255 0.3445
vt 0.7836 0.4135
vt 0.7577 0.4135
f 37/37/37 38/38/38 39/39/39
v 0.0154 -0.1918 0.021
v 0.0154 -0.1918 0.021
v 0.0154 -0.1918 0.021
vn 0.31 -0.8791 0.3621
vn 1 0 -0
vn 1 0 -0
vt 0.7577 0.4135
vt 0.7577 0.4135
vt 0.7577 0.4135
f 40/40/40 41/41/41 42/42/42
v -0.0252 -0.1918 0.021
v 0.0154 -0.1918 0.021
v 0.0154 -0.1918 0.021
vn -0.5774 -0.5773 0.5773
vn 0.31 -0.8791 0.3621
vn 1 0 -0
vt 0.3255 0.3445
vt 0.7577 0.4135
vt 0.7577 0.4135
f 43/43/43 44/44/44 45/45/45
v -0.0252 -0.1918 0.021
v 0.0154 -0.1918 0.021
v 0.0154 -0.1918 0.021
vn -0.5774 -0.5773 0.5773
vn 1 0 -0
vn 0 0 1
vt 0.3255 0.3445
vt 0.7577 0.4135
vt 0.7577 0.4135
f 46/46/46 47/47/47 48/48/48
v -0.0252 0.0093 0.021
v 0.0154 0.0093 0.021
v 0.0154 0.0093 0.021
vn -0.6795 0.0935 0.7277
vn 0 0 1
vn 0.0599 0.3541 0.9333
vt 0.5347 0.5429
vt 0.561 0.543
vt 0.7574 0.5434
f 49/49/49 50/50/50 51/51/51
v -0.0252 0.0093 0.021
v 0.0154 0.0093 0.021
v 0.0151 0.0124 0.0202
vn -0.6795 0.0935 0.7277
vn 0.0599 0.3541 0.9333
vn 0.0002 0.4044 0.9146
vt 0.5347 0.5429
vt 0.7574 0.5434
vt 0.5608 0.545
f 52/52/52 53/53/53 54/54/54
v -0.0252 0.0093 0.021
v 0.0151 0.0124 0.0202
v -0.0252 0.0124 0.0202
vn -0.6795 0.0935 0.7277
vn 0.0002 0.4044 0.9146
vn -0.6526 0.3768 0.6573
vt 0.5347 0.5429
vt 0.5608 0.545
vt 0.5347 0.5449
f 55/55/55 56/56/56 57/57/57
v 0.0164 0.0095 0.0194
v 0.0163 0.0096 0.021
v 0.0163 0.0096 -0.0175
vn -0.0057 -0.2978 0.9546
vn 0.2739 0.7256 0.6312
vn 0.9782 0.1349 -0.1581
vt 0.7587 0.5441
vt 0.3255 0.5442
vt 0.3006 0.5442
f 58/58/58 59/59/59 60/60/60
v 0.0164 0.0095 0.0194
v 0.0163 0.0096 -0.0175
v 0.0163 0.0103 -0.0206
vn -0.0057 -0.2978 0.9546
vn 0.9782 0.1349 -0.1581
vn 0.079 -0.1258 -0.9889
vt 0.7587 0.5441
vt 0.3006 0.5442
vt 0.7846 0.5446
f 61/61/61 62/62/62 63/63/63
v 0.0163 0.0103 -0.0206
v 0.0159 0.0136 -0.0164
v 0.0159 0.0136 0.0184
vn 0.079 -0.1258 -0.9889
vn 0.9435 0.3199 -0.0863
vn 0.9457 0.3092 0.1003
vt 0.7846 0.5446
vt 0.7819 0.5467
vt 0.7594 0.5467
f 64/64/64 65/65/65 66/66/66
v 0.0164 0.0095 0.0194
v 0.0163 0.0103 -0.0206
v 0.0159 0.0136 0.0184
vn -0.0057 -0.2978 0.9546
vn 0.079 -0.1258 -0.9889
vn 0.9457 0.3092 0.1003
vt 0.7587 0.5441
vt 0.7846 0.5446
vt 0.7594 0.5467
f 67/67/67 68/68/68 69/69/69
v 0.0151 0.0124 -0.0182
v 0.0154 0.0093 -0.019
v 0.0154 0.0093 -0.019
vn -0.0655 0.4389 -0.8962
vn -0.4965 0.1697 -0.8513
vn 0 0.1231 -0.9924
vt 0.068 0.546
vt 0.0678 0.544
vt 0.7836 0.544
f 70/70/70 71/71/71 72/72/72
v 0.0151 0.0124 -0.0182
v 0.0154 0.0093 -0.019
v -0.0252 0.0093 -0.019
vn -0.0655 0.4389 -0.8962
vn 0 0.1231 -0.9924
vn -0.6795 0.0935 -0.7277
vt 0.068 0.546
vt 0.7836 0.544
vt 0.0942 0.544
f 73/73/73 74/74/74 75/75/75
v 0.0151 0.0124 -0.0182
v -0.0252 0.0093 -0.019
v -0.0252 0.0124 -0.0182
vn -0.0655 0.4389 -0.8962
vn -0.6795 0.0935 -0.7277
vn -0.6526 0.3768 -0.6573
vt 0.068 0.546
vt 0.0942 0.544
vt 0.0942 0.546
f 76/76/76 77/77/77 78/78/78
v 0.0154 0.0093 0.021
v 0.0154 0.0093 0.021
v 0.0154 0.0093 0.021
vn 0.0599 0.3541 0.9333
vn 0 0 1
vn 1 0 -0
vt 0.7577 0.544
vt 0.7577 0.544
vt 0.7577 0.544
f 79/79/79 80/80/80 81/81/81
v 0.0154 0.0093 0.021
v 0.0154 0.0093 0.021
v 0.0154 0.0093 0.021
vn 0.0599 0.3541 0.9333
vn 1 0 -0
vn 1 0 -0
vt 0.7577 0.544
vt 0.7577 0.544
vt 0.7577 0.544
f 82/82/82 83/83/83 84/84/84
v 0.0154 0.0093 0.021
v 0.0154 0.0093 0.021
v 0.0154 0.0093 0.021
vn 0.0599 0.3541 0.9333
vn 1 0 -0
vn 0.0009 -0.001 1
vt 0.7577 0.544
vt 0.7577 0.544
vt 0.7577 0.544
f 85/85/85 86/86/86 87/87/87
v 0.0154 0.0093 -0.019
v 0.0154 0.0093 -0.019
v 0.0154 0.0093 -0.019
vn 1 0 -0
vn 1 0 -0
vn 0 0.1231 -0.9924
vt 0.7836 0.544
vt 0.7836 0.544
vt 0.7836 0.544
f 88/88/88 89/89/89 90/90/90
v 0.0154 0.0093 -0.019
v 0.0154 0.0093 -0.019
v 0.0154 0.0093 -0.019
vn 1 0 -0
vn 0 0.1231 -0.9924
vn -0.4965 0.1697 -0.8513
vt 0.7836 0.544
vt 0.7836 0.544
vt 0.7836 0.544
f 91/91/91 92/92/92 93/93/93
v 0.0154 0.0093 -0.019
v 0.0154 0.0093 -0.019
v 0.0154 0.0093 -0.019
vn 1 0 -0
vn -0.4965 0.1697 -0.8513
vn 0.4528 -0.2691 -0.85
vt 0.7836 0.544
vt 0.7836 0.544
vt 0.7836 0.544
f 94/94/94 95/95/95 96/96/96
v -0.0471 -0.1181 0.239
v -0.0471 -0.1331 0.2468
v -0.0471 -0.1322 0.2504
vn -0.9306 -0.0156 0.3657
vn -0.6795 -0.7277 0.0935
vn -0.6526 -0.6573 0.3768
vt 0.467 0.4613
vt 0.4721 0.4516
vt 0.4743 0.4522
f 97/97/97 98/98/98 99/99/99
v -0.0471 -0.1322 0.2504
v -0.0471 -0.1259 0.254
v -0.0471 -0.1181 0.239
vn -0.6526 -0.6573 0.3768
vn -0.6795 -0.0935 0.7277
vn -0.9306 -0.0156 0.3657
vt 0.4743 0.4522
vt 0.4767 0.4563
vt 0.467 0.4613
f 100/100/100 101/101/101 102/102/102
v -0.0471 -0.1322 0.2504
v -0.0471 -0.1294 0.2531
v -0.0471 -0.1259 0.254
vn -0.6526 -0.6573 0.3768
vn -0.6526 -0.3768 0.6573
vn -0.6795 -0.0935 0.7277
vt 0.4743 0.4522
vt 0.4761 0.454
vt 0.4767 0.4563
f 103/103/103 104/104/104 105/105/105
v -0.0471 0.1669 -0.2388
v -0.0471 0.1632 -0.245
v -0.0471 0.1597 -0.246
vn -0.6795 0.7277 -0.0935
vn -0.6526 0.3768 -0.6574
vn -0.6795 0.0934 -0.7277
vt 0.1571 0.6462
vt 0.153 0.6438
vt 0.1524 0.6415
f 106/106/106 107/107/107 108/108/108
v -0.0471 0.1597 -0.246
v -0.0471 0.1519 -0.231
v -0.0471 0.1669 -0.2388
vn -0.6795 0.0934 -0.7277
vn -0.9045 -0.3015 0.3015
vn -0.6795 0.7277 -0.0935
vt 0.1524 0.6415
vt 0.1621 0.6365
vt 0.1571 0.6462
f 109/109/109 110/110/110 111/111/111
v -0.0471 -0.1259 -0.246
v -0.0471 -0.1181 -0.231
v -0.0471 0.1519 -0.231
vn -0.6795 -0.0934 -0.7277
vn -0.9045 0.3015 0.3015
vn -0.9045 -0.3015 0.3015
vt 0.1524 0.4563
vt 0.1621 0.4613
vt 0.1621 0.6365
f 112/112/112 113/113/113 114/114/114
v -0.0471 0.1519 -0.231
v -0.0471 0.1597 -0.246
v -0.0471 -0.1259 -0.246
vn -0.9045 -0.3015 0.3015
vn -0.6795 0.0934 -0.7277
vn -0.6795 -0.0934 -0.7277
vt 0.1621 0.6365
vt 0.1524 0.6415
vt 0.1524 0.4563
f 115/115/115 116/116/116 117/117/117
v -0.0471 -0.1259 -0.246
v -0.0471 -0.1294 -0.245
v -0.0471 -0.1322 -0.2423
vn -0.6795 -0.0934 -0.7277
vn -0.6526 -0.3768 -0.6574
vn -0.6527 -0.6574 -0.3767
vt 0.1524 0.4563
vt 0.153 0.454
vt 0.1548 0.4522
f 118/118/118 119/119/119 120/120/120
v -0.0471 -0.1259 -0.246
v -0.0471 -0.1322 -0.2423
v -0.0471 -0.1331 -0.2388
vn -0.6795 -0.0934 -0.7277
vn -0.6527 -0.6574 -0.3767
vn -0.6795 -0.7277 -0.0935
vt 0.1524 0.4563
vt 0.1548 0.4522
vt 0.1571 0.4516
f 121/121/121 122/122/122 123/123/123
v -0.0471 -0.1331 -0.2388
v -0.0471 -0.1181 -0.231
v -0.0471 -0.1259 -0.246
vn -0.6795 -0.7277 -0.0935
vn -0.9045 0.3015 0.3015
vn -0.6795 -0.0934 -0.7277
vt 0.1571 0.4516
vt 0.1621 0.4613
vt 0.1524 0.4563
f 124/124/124 125/125/125 126/126/126
v -0.0471 -0.1331 0.2468
v -0.0471 -0.1181 0.239
v -0.0471 -0.1181 -0.231
vn -0.6795 -0.7277 0.0935
vn -0.9306 -0.0156 0.3657
vn -0.9045 0.3015 0.3015
vt 0.4721 0.4516
vt 0.467 0.4613
vt 0.1621 0.4613
f 127/127/127 128/128/128 129/129/129
v -0.0471 -0.1181 -0.231
v -0.0471 -0.1331 -0.2388
v -0.0471 -0.1331 0.2468
vn -0.9045 0.3015 0.3015
vn -0.6795 -0.7277 -0.0935
vn -0.6795 -0.7277 0.0935
vt 0.1621 0.4613
vt 0.1571 0.4516
vt 0.4721 0.4516
f 130/130/130 131/131/131 132/132/132
v -0.0471 0.1597 0.254
v -0.0471 0.1519 0.239
v -0.0471 -0.1181 0.239
vn -0.6795 0.0935 0.7277
vn -0.9315 0.0181 0.3632
vn -0.9306 -0.0156 0.3657
vt 0.4767 0.6415
vt 0.467 0.6365
vt 0.467 0.4613
f 133/133/133 134/134/134 135/135/135
v -0.0471 -0.1181 0.239
v -0.0471 -0.1259 0.254
v -0.0471 0.1597 0.254
vn -0.9306 -0.0156 0.3657
vn -0.6795 -0.0935 0.7277
vn -0.6795 0.0935 0.7277
vt 0.467 0.4613
vt 0.4767 0.4563
vt 0.4767 0.6415
f 136/136/136 137/137/137 138/138/138
v -0.0471 0.1597 0.254
v -0.0471 0.166 0.2504
v -0.0471 0.1669 0.2468
vn -0.6795 0.0935 0.7277
vn -0.6526 0.6573 0.3768
vn -0.6795 0.7277 0.0935
vt 0.4767 0.6415
vt 0.4743 0.6456
vt 0.4721 0.6462
f 139/139/139 140/140/140 141/141/141
v -0.0471 0.1669 0.2468
v -0.0471 0.1519 0.239
v -0.0471 0.1597 0.254
vn -0.6795 0.7277 0.0935
vn -0.9315 0.0181 0.3632
vn -0.6795 0.0935 0.7277
vt 0.4721 0.6462
vt 0.467 0.6365
vt 0.4767 0.6415
f 142/142/142 143/143/143 144/144/144
v -0.0471 0.1669 -0.2388
v -0.0471 0.1519 -0.231
v -0.0471 0.1519 0.239
vn -0.6795 0.7277 -0.0935
vn -0.9045 -0.3015 0.3015
vn -0.9315 0.0181 0.3632
vt 0.1571 0.6462
vt 0.1621 0.6365
vt 0.467 0.6365
f 145/145/145 146/146/146 147/147/147
v -0.0471 0.1519 0.239
v -0.0471 0.1669 0.2468
v -0.0471 0.1669 -0.2388
vn -0.9315 0.0181 0.3632
vn -0.6795 0.7277 0.0935
vn -0.6795 0.7277 -0.0935
vt 0.467 0.6365
vt 0.4721 0.6462
vt 0.1571 0.6462
f 148/148/148 149/149/149 150/150/150
v -0.0471 0.1597 0.254
v -0.0471 0.1632 0.2531
v -0.0471 0.166 0.2504
vn -0.6795 0.0935 0.7277
vn -0.6526 0.3768 0.6573
vn -0.6526 0.6573 0.3768
vt 0.4767 0.6415
vt 0.4761 0.6438
vt 0.4743 0.6456
f 151/151/151 152/152/152 153/153/153
v -0.0471 0.1669 -0.2388
v -0.0471 0.166 -0.2423
v -0.0471 0.1632 -0.245
vn -0.6795 0.7277 -0.0935
vn -0.6527 0.6574 -0.3767
vn -0.6526 0.3768 -0.6574
vt 0.1571 0.6462
vt 0.1548 0.6456
vt 0.153 0.6438
f 154/154/154 155/155/155 156/156/156
v -0.0038 -0.131 0.252
v -0.0061 -0.1318 0.2527
v -0.0061 0.1655 0.2527
vn -0.9964 -0.0604 0.0592
vn 0.5767 0.5778 -0.5775
vn 0.5768 -0.5776 -0.5776
vt 0.5488 0.452
vt 0.0817 0.4506
vt 0.0813 0.6434
f 157/157/157 158/158/158 159/159/159
v -0.0038 -0.131 0.252
v -0.0061 0.1655 0.2527
v -0.0038 0.1648 0.252
vn -0.9964 -0.0604 0.0592
vn 0.5768 -0.5776 -0.5776
vn -0.9981 -0.0038 0.061
vt 0.5488 0.452
vt 0.0813 0.6434
vt 0.0798 0.6429
f 160/160/160 161/161/161 162/162/162
v -0.0038 0.1648 0.252
v -0.0104 0.1597 0.254
v -0.0104 -0.1259 0.254
vn -0.9981 -0.0038 0.061
vn 0.1388 0.1383 0.9806
vn 0.1256 -0.101 0.9869
vt 0.0798 0.6429
vt 0.5441 0.6405
vt 0.5445 0.4553
f 163/163/163 164/164/164 165/165/165
v -0.0038 -0.131 0.252
v -0.0038 0.1648 0.252
v -0.0104 -0.1259 0.254
vn -0.9964 -0.0604 0.0592
vn -0.9981 -0.0038 0.061
vn 0.1256 -0.101 0.9869
vt 0.5488 0.452
vt 0.0798 0.6429
vt 0.5445 0.4553
f 166/166/166 167/167/167 168/168/168
v -0.0038 0.1648 0.252
v -0.0061 0.1655 0.2527
v -0.0061 0.1655 -0.2446
vn -0.9981 -0.0038 0.061
vn 0.5768 -0.5776 -0.5776
vn 0.5767 -0.5775 0.5778
vt 0.4754 0.7183
vt 0.4759 0.3321
vt 0.1533 0.3321
f 169/169/169 170/170/170 171/171/171
v -0.0038 0.1648 0.252
v -0.0061 0.1655 -0.2446
v -0.0038 0.1648 -0.2439
vn -0.9981 -0.0038 0.061
vn 0.5767 -0.5775 0.5778
vn -0.9982 0.0604 0.0034
vt 0.4754 0.7183
vt 0.1533 0.3321
vt 0.1538 0.3306
f 172/172/172 173/173/173 174/174/174
v -0.0038 0.1648 -0.2439
v -0.0104 0.1669 -0.2388
v -0.0104 0.1669 0.2468
vn -0.9982 0.0604 0.0034
vn 0.1388 0.9806 -0.1383
vn 0.1256 0.9869 0.101
vt 0.1538 0.3306
vt 0.1571 0.7141
vt 0.4721 0.7141
f 175/175/175 176/176/176 177/177/177
v -0.0038 0.1648 0.252
v -0.0038 0.1648 -0.2439
v -0.0104 0.1669 0.2468
vn -0.9981 -0.0038 0.061
vn -0.9982 0.0604 0.0034
vn 0.1256 0.9869 0.101
vt 0.4754 0.7183
vt 0.1538 0.3306
vt 0.4721 0.7141
f 178/178/178 179/179/179 180/180/180
v -0.0038 0.1648 -0.2439
v -0.0061 0.1655 -0.2446
v -0.0061 -0.1318 -0.2446
vn -0.9982 0.0604 0.0034
vn 0.5767 -0.5775 0.5778
vn 0.5767 0.5777 0.5777
vt 0.0798 0.6429
vt 0.5469 0.6443
vt 0.5473 0.4515
f 181/181/181 182/182/182 183/183/183
v -0.0038 0.1648 -0.2439
v -0.0061 -0.1318 -0.2446
v -0.0038 -0.131 -0.2439
vn -0.9982 0.0604 0.0034
vn 0.5767 0.5777 0.5777
vn -0.9981 0.0039 -0.0607
vt 0.0798 0.6429
vt 0.5473 0.4515
vt 0.5488 0.452
f 184/184/184 185/185/185 186/186/186
v -0.0038 -0.131 -0.2439
v -0.0104 -0.1259 -0.246
v -0.0104 0.1597 -0.246
vn -0.9981 0.0039 -0.0607
vn 0.1389 -0.1382 -0.9806
vn 0.1256 0.1009 -0.9869
vt 0.5488 0.452
vt 0.0844 0.4544
vt 0.0841 0.6396
f 187/187/187 188/188/188 189/189/189
v -0.0038 0.1648 -0.2439
v -0.0038 -0.131 -0.2439
v -0.0104 0.1597 -0.246
vn -0.9982 0.0604 0.0034
vn -0.9981 0.0039 -0.0607
vn 0.1256 0.1009 -0.9869
vt 0.0798 0.6429
vt 0.5488 0.452
vt 0.0841 0.6396
f 190/190/190 191/191/191 192/192/192
v -0.0038 -0.131 -0.2439
v -0.0061 -0.1318 -0.2446
v -0.0061 -0.1318 0.2527
vn -0.9981 0.0039 -0.0607
vn 0.5767 0.5777 0.5777
vn 0.5767 0.5778 -0.5775
vt 0.1538 0.3306
vt 0.1533 0.7168
vt 0.4759 0.7168
f 193/193/193 194/194/194 195/195/195
v -0.0038 -0.131 -0.2439
v -0.0061 -0.1318 0.2527
v -0.0038 -0.131 0.252
vn -0.9981 0.0039 -0.0607
vn 0.5767 0.5778 -0.5775
vn -0.9964 -0.0604 0.0592
vt 0.1538 0.3306
vt 0.4759 0.7168
vt 0.4754 0.7183
f 196/196/196 197/197/197 198/198/198
v -0.0038 -0.131 0.252
v -0.0104 -0.1331 0.2468
v -0.0104 -0.1331 -0.2388
vn -0.9964 -0.0604 0.0592
vn 0.1256 -0.9869 0.101
vn 0.1256 -0.9869 -0.101
vt 0.4754 0.7183
vt 0.4721 0.3349
vt 0.1571 0.3349
f 199/199/199 200/200/200 201/201/201
v -0.0038 -0.131 -0.2439
v -0.0038 -0.131 0.252
v -0.0104 -0.1331 -0.2388
vn -0.9981 0.0039 -0.0607
vn -0.9964 -0.0604 0.0592
vn 0.1256 -0.9869 -0.101
vt 0.1538 0.3306
vt 0.4754 0.7183
vt 0.1571 0.3349
f 202/202/202 203/203/203 204/204/204
v -0.0104 -0.1322 -0.2423
v -0.0104 -0.1294 -0.245
v -0.0104 -0.1259 -0.246
vn 0.0518 -0.8523 -0.5204
vn 0.6526 -0.3768 -0.6574
vn 0.1389 -0.1382 -0.9806
vt 0.1548 0.3349
vt 0.153 0.3349
vt 0.0845 0.4563
f 205/205/205 206/206/206 207/207/207
v -0.0104 -0.1322 -0.2423
v -0.0104 -0.1259 -0.246
v -0.0038 -0.131 -0.2439
vn 0.0518 -0.8523 -0.5204
vn 0.1389 -0.1382 -0.9806
vn -0.9981 0.0039 -0.0607
vt 0.1548 0.3349
vt 0.0845 0.4563
vt 0.0803 0.453
f 208/208/208 209/209/209 210/210/210
v -0.0104 -0.1322 -0.2423
v -0.0038 -0.131 -0.2439
v -0.0104 -0.1331 -0.2388
vn 0.0518 -0.8523 -0.5204
vn -0.9981 0.0039 -0.0607
vn 0.1256 -0.9869 -0.101
vt 0.1548 0.3349
vt 0.0803 0.453
vt 0.1571 0.3349
f 211/211/211 212/212/212 213/213/213
v -0.0038 -0.131 0.252
v -0.0104 -0.1259 0.254
v -0.0104 -0.1294 0.2531
vn -0.9964 -0.0604 0.0592
vn 0.1256 -0.101 0.9869
vn 0.0244 -0.4764 0.8789
vt 0.4755 0.3304
vt 0.5445 0.4562
vt 0.5445 0.454
f 214/214/214 215/215/215 216/216/216
v -0.0038 -0.131 0.252
v -0.0104 -0.1294 0.2531
v -0.0104 -0.1322 0.2504
vn -0.9964 -0.0604 0.0592
vn 0.0244 -0.4764 0.8789
vn 0.0244 -0.8789 0.4764
vt 0.4755 0.3304
vt 0.5445 0.454
vt 0.4745 0.3347
f 217/217/217 218/218/218 219/219/219
v -0.0038 -0.131 0.252
v -0.0104 -0.1322 0.2504
v -0.0104 -0.1331 0.2468
vn -0.9964 -0.0604 0.0592
vn 0.0244 -0.8789 0.4764
vn 0.1256 -0.9869 0.101
vt 0.4755 0.3304
vt 0.4745 0.3347
vt 0.4722 0.3347
f 220/220/220 221/221/221 222/222/222
v -0.0104 0.1632 -0.245
v -0.0104 0.166 -0.2423
v -0.0104 0.1669 -0.2388
vn 0.0519 0.5204 -0.8523
vn 0.6527 0.6574 -0.3767
vn 0.1388 0.9806 -0.1383
vt 0.0845 0.6438
vt 0.1548 0.7141
vt 0.1571 0.7141
f 223/223/223 224/224/224 225/225/225
v -0.0104 0.1632 -0.245
v -0.0104 0.1669 -0.2388
v -0.0038 0.1648 -0.2439
vn 0.0519 0.5204 -0.8523
vn 0.1388 0.9806 -0.1383
vn -0.9982 0.0604 0.0034
vt 0.0845 0.6438
vt 0.1571 0.7141
vt 0.1538 0.7183
f 226/226/226 227/227/227 228/228/228
v -0.0104 0.1632 -0.245
v -0.0038 0.1648 -0.2439
v -0.0104 0.1597 -0.246
vn 0.0519 0.5204 -0.8523
vn -0.9982 0.0604 0.0034
vn 0.1256 0.1009 -0.9869
vt 0.0845 0.6438
vt 0.1538 0.7183
vt 0.0845 0.6415
f 229/229/229 230/230/230 231/231/231
v -0.0104 0.166 0.2504
v -0.0104 0.1632 0.2531
v -0.0104 0.1597 0.254
vn 0.0518 0.8523 0.5205
vn 0.6526 0.3768 0.6573
vn 0.1388 0.1383 0.9806
vt 0.4737 0.7139
vt 0.4755 0.7139
vt 0.5441 0.6415
f 232/232/232 233/233/233 234/234/234
v -0.0104 0.166 0.2504
v -0.0104 0.1597 0.254
v -0.0038 0.1648 0.252
vn 0.0518 0.8523 0.5205
vn 0.1388 0.1383 0.9806
vn -0.9981 -0.0038 0.061
vt 0.4737 0.7139
vt 0.5441 0.6415
vt 0.5484 0.6448
f 235/235/235 236/236/236 237/237/237
v -0.0104 0.166 0.2504
v -0.0038 0.1648 0.252
v -0.0104 0.1669 0.2468
vn 0.0518 0.8523 0.5205
vn -0.9981 -0.0038 0.061
vn 0.1256 0.9869 0.101
vt 0.4737 0.7139
vt 0.5484 0.6448
vt 0.4715 0.7139
f 238/238/238 239/239/239 240/240/240
v -0.0471 -0.1181 0.239
v -0.0471 -0.1181 0.239
v -0.0471 -0.1181 0.239
vn 1 0 -0
vn 1 0 -0
vn 1 0 -0
vt 0.6162 0.4613
vt 0.6162 0.4613
vt 0.6162 0.4613
f 241/241/241 242/242/242 243/243/243
v -0.0471 -0.1181 0.239
v -0.0471 -0.1181 0.239
v -0.0471 -0.1181 0.239
vn 1 0 -0
vn 1 0 -0
vn 1 0 -0
vt 0.6162 0.4613
vt 0.6162 0.4613
vt 0.6162 0.4613
f 244/244/244 245/245/245 246/246/246
v -0.0471 -0.1181 0.239
v -0.0471 -0.1181 0.239
v -0.0471 0.1519 0.239
vn 1 0 -0
vn 1 0 -0
vn 1 0 -0
vt 0.6162 0.4613
vt 0.6162 0.4613
vt 0.6162 0.6365
f 247/247/247 248/248/248 249/249/249
v -0.005 -0.045 -0.045
v -0.005 -0.045 0.045
v -0.005 0.045 0.045
vn -0.5774 -0.5774 -0.5774
vn -0.5774 -0.5774 0.5774
vn -0.5774 0.5774 0.5774
vt 0.2828 0.5088
vt 0.3411 0.5088
vt 0.3411 0.5671
f 250/250/250 251/251/251 252/252/252
v -0.005 0.045 0.045
v -0.005 0.045 -0.045
v -0.005 -0.045 -0.045
vn -0.5774 0.5774 0.5774
vn -0.5774 0.5774 -0.5774
vn -0.5774 -0.5774 -0.5774
vt 0.3411 0.5671
vt 0.2828 0.5671
vt 0.2828 0.5088
f 253/253/253 254/254/254 255/255/255
v -0.005 -0.045 0.045
v 0.005 -0.045 0.045
v 0.005 0.045 0.045
vn -0.5774 -0.5774 0.5774
vn 0.5774 -0.5774 0.5774
vn 0.5774 0.5774 0.5774
vt 0.5479 0.5078
vt 0.5544 0.5078
vt 0.5543 0.5661
f 256/256/256 257/257/257 258/258/258
v 0.005 0.045 0.045
v -0.005 0.045 0.045
v -0.005 -0.045 0.045
vn 0.5774 0.5774 0.5774
vn -0.5774 0.5774 0.5774
vn -0.5774 -0.5774 0.5774
vt 0.5543 0.5661
vt 0.5478 0.5661
vt 0.5479 0.5078
f 259/259/259 260/260/260 261/261/261
v 0.005 -0.045 0.045
v 0.005 -0.045 -0.045
v 0.005 0.045 -0.045
vn 0.5774 -0.5774 0.5774
vn 0.5774 -0.5774 -0.5774
vn 0.5774 0.5774 -0.5774
vt 0.7421 0.5088
vt 0.8005 0.5088
vt 0.8005 0.5671
f 262/262/262 263/263/263 264/264/264
v 0.005 0.045 -0.045
v 0.005 0.045 0.045
v 0.005 -0.045 0.045
vn 0.5774 0.5774 -0.5774
vn 0.5774 0.5774 0.5774
vn 0.5774 -0.5774 0.5774
vt 0.8005 0.5671
vt 0.7421 0.5671
vt 0.7421 0.5088
f 265/265/265 266/266/266 267/267/267
v 0.005 -0.045 -0.045
v -0.005 -0.045 -0.045
v -0.005 0.045 -0.045
vn 0.5774 -0.5774 -0.5774
vn -0.5774 -0.5774 -0.5774
vn -0.5774 0.5774 -0.5774
vt 0.0746 0.5088
vt 0.081 0.5088
vt 0.081 0.5671
f 268/268/268 269/269/269 270/270/270
v -0.005 0.045 -0.045
v 0.005 0.045 -0.045
v 0.005 -0.045 -0.045
vn -0.5774 0.5774 -0.5774
vn 0.5774 0.5774 -0.5774
vn 0.5774 -0.5774 -0.5774
vt 0.081 0.5671
vt 0.0746 0.5671
vt 0.0746 0.5088
f 271/271/271 272/272/272 273/273/273
v -0.005 0.045 -0.045
v -0.005 0.045 0.045
v 0.005 0.045 0.045
vn -0.5774 0.5774 -0.5774
vn -0.5774 0.5774 0.5774
vn 0.5774 0.5774 0.5774
vt 0.2828 0.7176
vt 0.3411 0.7176
vt 0.3411 0.7241
f 274/274/274 275/275/275 276/276/276
v 0.005 0.045 0.045
v 0.005 0.045 -0.045
v -0.005 0.045 -0.045
vn 0.5774 0.5774 0.5774
vn 0.5774 0.5774 -0.5774
vn -0.5774 0.5774 -0.5774
vt 0.3411 0.7241
vt 0.2828 0.7241
vt 0.2828 0.7176
f 277/277/277 278/278/278 279/279/279
v 0.005 -0.045 -0.045
v 0.005 -0.045 0.045
v -0.005 -0.045 0.045
vn 0.5774 -0.5774 -0.5774
vn 0.5774 -0.5774 0.5774
vn -0.5774 -0.5774 0.5774
vt 0.2828 0.3249
vt 0.3411 0.3249
vt 0.3411 0.3314
f 280/280/280 281/281/281 282/282/282
v -0.005 -0.045 0.045
v -0.005 -0.045 -0.045
v 0.005 -0.045 -0.045
vn -0.5774 -0.5774 0.5774
vn -0.5774 -0.5774 -0.5774
vn 0.5774 -0.5774 -0.5774
vt 0.3411 0.3314
vt 0.2828 0.3314
vt 0.2828 0.3249
f 283/283/283 284/284/284 285/285/285
v -0.0252 -0.1918 0.021
v 0.0154 -0.1918 0.021
v 0.0154 0.0093 0.021
vn -0.5774 -0.5773 0.5773
vn 0 0 1
vn 0 0 1
vt 0.5349 0.4125
vt 0.5613 0.4126
vt 0.561 0.543
f 286/286/286 287/287/287 288/288/288
v 0.0154 0.0093 0.021
v -0.0252 0.0093 0.021
v -0.0252 -0.1918 0.021
vn 0 0 1
vn -0.6795 0.0935 0.7277
vn -0.5774 -0.5773 0.5773
vt 0.561 0.543
vt 0.5347 0.5429
vt 0.5349 0.4125
f 289/289/289 290/290/290 291/291/291
v 0.0176 -0.1856 0.0148
v 0.0176 -0.1856 -0.0129
v 0.0176 0.005 -0.0129
vn 0.9993 -0.0266 0.0264
vn 0.9993 -0.0264 -0.0265
vn 0.9993 0.0265 -0.0264
vt 0.7616 0.4175
vt 0.7796 0.4175
vt 0.7796 0.5412
f 292/292/292 293/293/293 294/294/294
v 0.0176 0.005 -0.0129
v 0.0176 0.005 0.0163
v 0.0176 -0.1856 0.0148
vn 0.9993 0.0265 -0.0264
vn 0.9993 0.0263 0.0265
vn 0.9993 -0.0266 0.0264
vt 0.7796 0.5412
vt 0.7607 0.5412
vt 0.7616 0.4175
f 295/295/295 296/296/296 297/297/297
v 0.0154 -0.1918 -0.019
v -0.0252 -0.1918 -0.019
v -0.0252 0.0093 -0.019
vn 0 -0.4437 -0.8962
vn -0.5774 -0.5774 -0.5774
vn -0.6795 0.0935 -0.7277
vt 0.0678 0.4135
vt 0.0942 0.4135
vt 0.0942 0.544
f 298/298/298 299/299/299 300/300/300
v -0.0252 0.0093 -0.019
v 0.0154 0.0093 -0.019
v 0.0154 -0.1918 -0.019
vn -0.6795 0.0935 -0.7277
vn 0 0.1231 -0.9924
vn 0 -0.4437 -0.8962
vt 0.0942 0.544
vt 0.0678 0.544
vt 0.0678 0.4135
f 301/301/301 302/302/302 303/303/303
v -0.0246 0.018 -0.0112
v -0.0246 0.018 0.0131
v 0.013 0.018 0.0128
vn -0.3243 0.9375 -0.1265
vn -0.3247 0.9374 0.126
vn 0.2577 0.9602 0.1079
vt 0.3047 0.7049
vt 0.3204 0.7049
vt 0.3202 0.7292
f 304/304/304 305/305/305 306/306/306
v 0.013 0.018 0.0128
v 0.013 0.018 -0.0108
v -0.0246 0.018 -0.0112
vn 0.2577 0.9602 0.1079
vn 0.2578 0.96 -0.1092
vn -0.3243 0.9375 -0.1265
vt 0.3202 0.7292
vt 0.3049 0.7292
vt 0.3047 0.7049
f 307/307/307 308/308/308 309/309/309
v 0.0128 0.0156 0.0147
v -0.0252 0.0156 0.0147
v -0.0252 0.0148 0.0177
vn -0.4267 0.5894 0.686
vn -0.85 0.3725 0.3725
vn -0.6526 0.6573 0.3768
vt 0.3214 0.7291
vt 0.3214 0.7044
vt 0.3234 0.7044
f 310/310/310 311/311/311 312/312/312
v -0.0252 0.0148 0.0177
v 0.0141 0.0148 0.0177
v 0.0128 0.0156 0.0147
vn -0.6526 0.6573 0.3768
vn -0.4705 0.6176 0.6302
vn -0.4267 0.5894 0.686
vt 0.3234 0.7044
vt 0.3234 0.7299
vt 0.3214 0.7291
f 313/313/313 314/314/314 315/315/315
v 0.013 0.018 0.0128
v 0.0146 0.0168 0.0157
v 0.0146 0.0168 -0.0137
vn 0.2577 0.9602 0.1079
vn 0.6404 0.754 0.1459
vn 0.6296 0.7626 -0.1485
vt 0.763 0.5496
vt 0.7611 0.5489
vt 0.7802 0.5489
f 316/316/316 317/317/317 318/318/318
v 0.0146 0.0168 -0.0137
v 0.013 0.018 -0.0108
v 0.013 0.018 0.0128
vn 0.6296 0.7626 -0.1485
vn 0.2578 0.96 -0.1092
vn 0.2577 0.9602 0.1079
vt 0.7802 0.5489
vt 0.7783 0.5496
vt 0.763 0.5496
f 319/319/319 320/320/320 321/321/321
v -0.0252 0.0148 -0.0158
v -0.0252 0.0156 -0.0127
v 0.0128 0.0156 -0.0127
vn -0.6526 0.6573 -0.3768
vn -0.8499 0.3727 -0.3726
vn -0.4051 0.5947 -0.6944
vt 0.3017 0.7044
vt 0.3037 0.7044
vt 0.3037 0.7291
f 322/322/322 323/323/323 324/324/324
v 0.0128 0.0156 -0.0127
v 0.0141 0.0148 -0.0158
v -0.0252 0.0148 -0.0158
vn -0.4051 0.5947 -0.6944
vn -0.4323 0.6276 -0.6474
vn -0.6526 0.6573 -0.3768
vt 0.3037 0.7291
vt 0.3017 0.7299
vt 0.3017 0.7044
f 325/325/325 326/326/326 327/327/327
v 0.0141 0.0148 0.0177
v -0.0252 0.0148 0.0177
v -0.0252 0.0124 0.0202
vn -0.4705 0.6176 0.6302
vn -0.6526 0.6573 0.3768
vn -0.6526 0.3768 0.6573
vt 0.3234 0.7299
vt 0.3234 0.7044
vt 0.325 0.7044
f 328/328/328 329/329/329 330/330/330
v -0.0252 0.0124 0.0202
v 0.0151 0.0124 0.0202
v 0.0141 0.0148 0.0177
vn -0.6526 0.3768 0.6573
vn 0.0002 0.4044 0.9146
vn -0.4705 0.6176 0.6302
vt 0.325 0.7044
vt 0.325 0.7306
vt 0.3234 0.7299
f 331/331/331 332/332/332 333/333/333
v 0.0146 0.0168 -0.0137
v 0.0146 0.0168 0.0157
v 0.0159 0.0136 0.0184
vn 0.6296 0.7626 -0.1485
vn 0.6404 0.754 0.1459
vn 0.9457 0.3092 0.1003
vt 0.7802 0.5489
vt 0.7611 0.5489
vt 0.7594 0.5467
f 334/334/334 335/335/335 336/336/336
v 0.0159 0.0136 0.0184
v 0.0159 0.0136 -0.0164
v 0.0146 0.0168 -0.0137
vn 0.9457 0.3092 0.1003
vn 0.9435 0.3199 -0.0863
vn 0.6296 0.7626 -0.1485
vt 0.7594 0.5467
vt 0.7819 0.5467
vt 0.7802 0.5489
f 337/337/337 338/338/338 339/339/339
v -0.0252 0.0124 -0.0182
v -0.0252 0.0148 -0.0158
v 0.0141 0.0148 -0.0158
vn -0.6526 0.3768 -0.6573
vn -0.6526 0.6573 -0.3768
vn -0.4323 0.6276 -0.6474
vt 0.3001 0.7044
vt 0.3017 0.7044
vt 0.3017 0.7299
f 340/340/340 341/341/341 342/342/342
v 0.0141 0.0148 -0.0158
v 0.0151 0.0124 -0.0182
v -0.0252 0.0124 -0.0182
vn -0.4323 0.6276 -0.6474
vn -0.0655 0.4389 -0.8962
vn -0.6526 0.3768 -0.6573
vt 0.3017 0.7299
vt 0.3001 0.7306
vt 0.3001 0.7044
f 343/343/343 344/344/344 345/345/345
v 0.0154 -0.1918 0.021
v 0.0154 0.0093 0.021
v 0.0154 0.0093 0.021
vn 0.31 -0.8791 0.3621
vn 0.0009 -0.001 1
vn 1 0 -0
vt 0.7577 0.4135
vt 0.7577 0.544
vt 0.7577 0.544
f 346/346/346 347/347/347 348/348/348
v 0.0154 0.0093 0.021
v 0.0154 -0.1918 0.021
v 0.0154 -0.1918 0.021
vn 1 0 -0
vn 1 0 -0
vn 0.31 -0.8791 0.3621
vt 0.7577 0.544
vt 0.7577 0.4135
vt 0.7577 0.4135
f 349/349/349 350/350/350 351/351/351
v 0.0154 -0.1918 -0.019
v 0.0154 0.0093 -0.019
v 0.0154 0.0093 -0.019
vn 0 -0.4437 -0.8962
vn 0 0.1231 -0.9924
vn 1 0 -0
vt 0.7836 0.4135
vt 0.7836 0.544
vt 0.7836 0.544
f 352/352/352 353/353/353 354/354/354
v 0.0154 0.0093 -0.019
v 0.0154 -0.1918 -0.019
v 0.0154 -0.1918 -0.019
vn 1 0 -0
vn 0 -1 -0
vn 0 -0.4437 -0.8962
vt 0.7836 0.544
vt 0.7836 0.4135
vt 0.7836 0.4135
f 355/355/355 356/356/356 357/357/357
v 0.0154 -0.1918 0.021
v 0.0154 0.0093 0.021
v 0.0154 0.0093 0.021
vn 1 0 -0
vn 1 0 -0
vn 1 0 -0
vt 0.7577 0.4135
vt 0.7577 0.544
vt 0.7577 0.544
f 358/358/358 359/359/359 360/360/360
v 0.0154 0.0093 0.021
v 0.0154 -0.1918 0.021
v 0.0154 -0.1918 0.021
vn 1 0 -0
vn 1 0 -0
vn 1 0 -0
vt 0.7577 0.544
vt 0.7577 0.4135
vt 0.7577 0.4135
f 361/361/361 362/362/362 363/363/363
v 0.0154 -0.1918 0.021
v 0.0154 0.0093 0.021
v 0.0154 0.0093 0.021
vn 1 0 -0
vn 1 0 -0
vn 0 0 1
vt 0.7577 0.4135
vt 0.7577 0.544
vt 0.7577 0.544
f 364/364/364 365/365/365 366/366/366
v 0.0154 0.0093 0.021
v 0.0154 -0.1918 0.021
v 0.0154 -0.1918 0.021
vn 0 0 1
vn 0 0 1
vn 1 0 -0
vt 0.7577 0.544
vt 0.7577 0.4135
vt 0.7577 0.4135
f 367/367/367 368/368/368 369/369/369
v 0.0154 -0.1918 -0.019
v 0.0154 0.0093 -0.019
v 0.0154 0.0093 -0.019
vn 0 -1 -0
vn 1 0 -0
vn 1 0 -0
vt 0.7836 0.4135
vt 0.7836 0.544
vt 0.7836 0.544
f 370/370/370 371/371/371 372/372/372
v 0.0154 0.0093 -0.019
v 0.0154 -0.1918 -0.019
v 0.0154 -0.1918 -0.019
vn 1 0 -0
vn 1 0 -0
vn 0 -1 -0
vt 0.7836 0.544
vt 0.7836 0.4135
vt 0.7836 0.4135
f 373/373/373 374/374/374 375/375/375
v 0.0154 -0.1918 -0.019
v 0.0154 0.0093 -0.019
v 0.0154 0.0093 -0.019
vn 1 0 -0
vn 1 0 -0
vn 0.4528 -0.2691 -0.85
vt 0.7836 0.4135
vt 0.7836 0.544
vt 0.7836 0.544
f 376/376/376 377/377/377 378/378/378
v 0.0154 0.0093 -0.019
v 0.0154 -0.1918 -0.019
v 0.0154 -0.1918 -0.019
vn 0.4528 -0.2691 -0.85
vn 0.5179 -0.6046 -0.6051
vn 1 0 -0
vt 0.7836 0.544
vt 0.7836 0.4135
vt 0.7836 0.4135
f 379/379/379 380/380/380 381/381/381
v 0.0159 -0.1916 0.0208
v 0.0157 0.0094 0.021
v 0.0154 0.0093 0.021
vn 0.6886 -0.5131 0.5124
vn -0.1222 0.5351 0.8359
vn 0.0009 -0.001 1
vt 0.5616 0.4137
vt 0.5612 0.544
vt 0.561 0.544
f 382/382/382 383/383/383 384/384/384
v 0.0154 0.0093 0.021
v 0.0154 -0.1918 0.021
v 0.0159 -0.1916 0.0208
vn 0.0009 -0.001 1
vn 0.31 -0.8791 0.3621
vn 0.6886 -0.5131 0.5124
vt 0.561 0.544
vt 0.5613 0.4135
vt 0.5616 0.4137
f 385/385/385 386/386/386 387/387/387
v 0.0154 -0.1918 -0.019
v 0.0154 0.0093 -0.019
v 0.0159 0.0094 -0.0188
vn 0.5179 -0.6046 -0.6051
vn 0.4528 -0.2691 -0.85
vn 0.7131 -0.4154 -0.5648
vt 0.7836 0.4135
vt 0.7836 0.544
vt 0.7835 0.5441
f 388/388/388 389/389/389 390/390/390
v 0.0159 0.0094 -0.0188
v 0.0159 -0.1916 -0.0188
v 0.0154 -0.1918 -0.019
vn 0.7131 -0.4154 -0.5648
vn 0.6886 -0.5131 -0.5124
vn 0.5179 -0.6046 -0.6051
vt 0.7835 0.5441
vt 0.7835 0.4137
vt 0.7836 0.4135
f 391/391/391 392/392/392 393/393/393
v 0.0154 -0.1918 -0.019
v 0.0159 -0.1916 -0.0188
v 0.0159 -0.1916 0.0208
vn 0.5179 -0.6046 -0.6051
vn 0.6886 -0.5131 -0.5124
vn 0.6886 -0.5131 0.5124
vt 0.2996 0.3182
vt 0.2997 0.3179
vt 0.3254 0.3179
f 394/394/394 395/395/395 396/396/396
v 0.0159 -0.1916 0.0208
v 0.0154 -0.1918 0.021
v 0.0154 -0.1918 -0.019
vn 0.6886 -0.5131 0.5124
vn 0.31 -0.8791 0.3621
vn 0.5179 -0.6046 -0.6051
vt 0.3254 0.3179
vt 0.3255 0.3182
vt 0.2996 0.3182
f 397/397/397 398/398/398 399/399/399
v -0.0252 0.0156 -0.0127
v -0.0252 0.0168 -0.0125
v 0.0129 0.0168 -0.0125
vn -0.8499 0.3727 -0.3726
vn -0.6587 0.3453 -0.6685
vn -0.4533 0.4476 -0.7709
vt 0.0942 0.5481
vt 0.0941 0.5488
vt 0.0694 0.5488
f 400/400/400 401/401/401 402/402/402
v 0.0129 0.0168 -0.0125
v 0.0128 0.0156 -0.0127
v -0.0252 0.0156 -0.0127
vn -0.4533 0.4476 -0.7709
vn -0.4051 0.5947 -0.6944
vn -0.8499 0.3727 -0.3726
vt 0.0694 0.5488
vt 0.0695 0.5481
vt 0.0942 0.5481
f 403/403/403 404/404/404 405/405/405
v 0.0128 0.0156 0.0147
v 0.0129 0.0168 0.0144
v -0.0252 0.0168 0.0145
vn -0.4267 0.5894 0.686
vn -0.4865 0.4363 0.7569
vn -0.6593 0.3449 0.6681
vt 0.5594 0.5471
vt 0.5594 0.5478
vt 0.5347 0.5478
f 406/406/406 407/407/407 408/408/408
v -0.0252 0.0168 0.0145
v -0.0252 0.0156 0.0147
v 0.0128 0.0156 0.0147
vn -0.6593 0.3449 0.6681
vn -0.85 0.3725 0.3725
vn -0.4267 0.5894 0.686
vt 0.5347 0.5478
vt 0.5347 0.547
vt 0.5594 0.5471
f 409/409/409 410/410/410 411/411/411
v -0.0252 0.0156 0.0147
v -0.0252 0.0168 0.0145
v -0.0252 0.0168 -0.0125
vn -0.85 0.3725 0.3725
vn -0.6593 0.3449 0.6681
vn -0.6587 0.3453 -0.6685
vt 0.3214 0.5481
vt 0.3213 0.5488
vt 0.3038 0.5488
f 412/412/412 413/413/413 414/414/414
v -0.0252 0.0168 -0.0125
v -0.0252 0.0156 -0.0127
v -0.0252 0.0156 0.0147
vn -0.6587 0.3453 -0.6685
vn -0.8499 0.3727 -0.3726
vn -0.85 0.3725 0.3725
vt 0.3038 0.5488
vt 0.3037 0.5481
vt 0.3214 0.5481
f 415/415/415 416/416/416 417/417/417
v 0.0128 0.0156 -0.0127
v 0.0129 0.0168 -0.0125
v 0.0143 0.0158 -0.0156
vn -0.4051 0.5947 -0.6944
vn -0.4533 0.4476 -0.7709
vn -0.3859 0.5964 -0.7038
vt 0.3037 0.5481
vt 0.3038 0.5488
vt 0.3018 0.5482
f 418/418/418 419/419/419 420/420/420
v 0.0143 0.0158 -0.0156
v 0.0141 0.0148 -0.0158
v 0.0128 0.0156 -0.0127
vn -0.3859 0.5964 -0.7038
vn -0.4323 0.6276 -0.6474
vn -0.4051 0.5947 -0.6944
vt 0.3018 0.5482
vt 0.3017 0.5475
vt 0.3037 0.5481
f 421/421/421 422/422/422 423/423/423
v 0.0141 0.0148 0.0177
v 0.0143 0.0158 0.0175
v 0.0129 0.0168 0.0144
vn -0.4705 0.6176 0.6302
vn -0.3928 0.5967 0.6998
vn -0.4865 0.4363 0.7569
vt 0.3234 0.5475
vt 0.3233 0.5482
vt 0.3213 0.5488
f 424/424/424 425/425/425 426/426/426
v 0.0129 0.0168 0.0144
v 0.0128 0.0156 0.0147
v 0.0141 0.0148 0.0177
vn -0.4865 0.4363 0.7569
vn -0.4267 0.5894 0.686
vn -0.4705 0.6176 0.6302
vt 0.3213 0.5488
vt 0.3214 0.5481
vt 0.3234 0.5475
f 427/427/427 428/428/428 429/429/429
v 0.0141 0.0148 -0.0158
v 0.0143 0.0158 -0.0156
v 0.0155 0.0129 -0.018
vn -0.4323 0.6276 -0.6474
vn -0.3859 0.5964 -0.7038
vn 0.1072 0.5968 -0.7952
vt 0.3017 0.5475
vt 0.3018 0.5482
vt 0.3003 0.5463
f 430/430/430 431/431/431 432/432/432
v 0.0155 0.0129 -0.018
v 0.0151 0.0124 -0.0182
v 0.0141 0.0148 -0.0158
vn 0.1072 0.5968 -0.7952
vn -0.0655 0.4389 -0.8962
vn -0.4323 0.6276 -0.6474
vt 0.3003 0.5463
vt 0.3001 0.546
vt 0.3017 0.5475
f 433/433/433 434/434/434 435/435/435
v 0.0151 0.0124 0.0202
v 0.0155 0.0129 0.0199
v 0.0143 0.0158 0.0175
vn 0.0002 0.4044 0.9146
vn 0.3102 0.4785 0.8214
vn -0.3928 0.5967 0.6998
vt 0.325 0.546
vt 0.3249 0.5463
vt 0.3233 0.5482
f 436/436/436 437/437/437 438/438/438
v 0.0143 0.0158 0.0175
v 0.0141 0.0148 0.0177
v 0.0151 0.0124 0.0202
vn -0.3928 0.5967 0.6998
vn -0.4705 0.6176 0.6302
vn 0.0002 0.4044 0.9146
vt 0.3233 0.5482
vt 0.3234 0.5475
vt 0.325 0.546
f 439/439/439 440/440/440 441/441/441
v 0.0154 0.0093 0.021
v 0.0158 0.0095 0.0208
v 0.0155 0.0129 0.0199
vn 0.0599 0.3541 0.9333
vn 0.6585 0.1503 0.7374
vn 0.3102 0.4785 0.8214
vt 0.561 0.544
vt 0.5613 0.5441
vt 0.5611 0.5463
f 442/442/442 443/443/443 444/444/444
v 0.0155 0.0129 0.0199
v 0.0151 0.0124 0.0202
v 0.0154 0.0093 0.021
vn 0.3102 0.4785 0.8214
vn 0.0002 0.4044 0.9146
vn 0.0599 0.3541 0.9333
vt 0.5611 0.5463
vt 0.5608 0.546
vt 0.561 0.544
f 445/445/445 446/446/446 447/447/447
v 0.0151 0.0124 -0.0182
v 0.0155 0.0129 -0.018
v 0.0158 0.0096 -0.0192
vn -0.0655 0.4389 -0.8962
vn 0.1072 0.5968 -0.7952
vn -0.0645 -0.584 -0.8092
vt 0.3001 0.546
vt 0.3003 0.5463
vt 0.2995 0.5442
f 448/448/448 449/449/449 450/450/450
v 0.0158 0.0096 -0.0192
v 0.0154 0.0093 -0.019
v 0.0151 0.0124 -0.0182
vn -0.0645 -0.584 -0.8092
vn -0.4965 0.1697 -0.8513
vn -0.0655 0.4389 -0.8962
vt 0.2995 0.5442
vt 0.2996 0.544
vt 0.3001 0.546
f 451/451/451 452/452/452 453/453/453
v 0.0154 0.0093 -0.019
v 0.0154 0.0093 -0.019
v 0.0158 0.0096 -0.0192
vn 0.4528 -0.2691 -0.85
vn -0.4965 0.1697 -0.8513
vn -0.0645 -0.584 -0.8092
vt 0.7836 0.544
vt 0.7836 0.544
vt 0.7837 0.5442
f 454/454/454 455/455/455 456/456/456
v 0.0158 0.0096 -0.0192
v 0.0159 0.0094 -0.0188
v 0.0154 0.0093 -0.019
vn -0.0645 -0.584 -0.8092
vn 0.7131 -0.4154 -0.5648
vn 0.4528 -0.2691 -0.85
vt 0.7837 0.5442
vt 0.7835 0.5441
vt 0.7836 0.544
f 457/457/457 458/458/458 459/459/459
v 0.0154 0.0093 0.021
v 0.0154 0.0093 0.021
v 0.0157 0.0094 0.021
vn 0.0599 0.3541 0.9333
vn 0.0009 -0.001 1
vn -0.1222 0.5351 0.8359
vt 0.3255 0.7308
vt 0.3255 0.7308
vt 0.3255 0.731
f 460/460/460 461/461/461 462/462/462
v 0.0157 0.0094 0.021
v 0.0158 0.0095 0.0208
v 0.0154 0.0093 0.021
vn -0.1222 0.5351 0.8359
vn 0.6585 0.1503 0.7374
vn 0.0599 0.3541 0.9333
vt 0.3255 0.731
vt 0.3254 0.7311
vt 0.3255 0.7308
f 463/463/463 464/464/464 465/465/465
v 0.0162 -0.191 0.0201
v 0.016 0.0095 0.021
v 0.0157 0.0094 0.021
vn 0.9467 -0.2274 0.2279
vn -0.1805 0.6669 0.723
vn -0.1222 0.5351 0.8359
vt 0.5618 0.4141
vt 0.5615 0.5441
vt 0.5612 0.544
f 466/466/466 467/467/467 468/468/468
v 0.0157 0.0094 0.021
v 0.0159 -0.1916 0.0208
v 0.0162 -0.191 0.0201
vn -0.1222 0.5351 0.8359
vn 0.6886 -0.5131 0.5124
vn 0.9467 -0.2274 0.2279
vt 0.5612 0.544
vt 0.5616 0.4137
vt 0.5618 0.4141
f 469/469/469 470/470/470 471/471/471
v 0.0164 -0.1902 0.0194
v 0.0163 0.0096 0.021
v 0.016 0.0095 0.021
vn 0.9695 -0.1736 0.1728
vn 0.2739 0.7256 0.6312
vn -0.1805 0.6669 0.723
vt 0.5619 0.4146
vt 0.5617 0.5442
vt 0.5615 0.5441
f 472/472/472 473/473/473 474/474/474
v 0.016 0.0095 0.021
v 0.0162 -0.191 0.0201
v 0.0164 -0.1902 0.0194
vn -0.1805 0.6669 0.723
vn 0.9467 -0.2274 0.2279
vn 0.9695 -0.1736 0.1728
vt 0.5615 0.5441
vt 0.5618 0.4141
vt 0.5619 0.4146
f 475/475/475 476/476/476 477/477/477
v 0.0159 -0.1916 -0.0188
v 0.0159 0.0094 -0.0188
v 0.0162 0.0096 -0.0182
vn 0.6886 -0.5131 -0.5124
vn 0.7131 -0.4154 -0.5648
vn 0.937 -0.2462 -0.2477
vt 0.7835 0.4137
vt 0.7835 0.5441
vt 0.7831 0.5441
f 478/478/478 479/479/479 480/480/480
v 0.0162 0.0096 -0.0182
v 0.0162 -0.191 -0.0182
v 0.0159 -0.1916 -0.0188
vn 0.937 -0.2462 -0.2477
vn 0.9467 -0.2275 -0.2279
vn 0.6886 -0.5131 -0.5124
vt 0.7831 0.5441
vt 0.7831 0.4141
vt 0.7835 0.4137
f 481/481/481 482/482/482 483/483/483
v 0.0162 -0.191 -0.0182
v 0.0162 0.0096 -0.0182
v 0.0163 0.0096 -0.0175
vn 0.9467 -0.2275 -0.2279
vn 0.937 -0.2462 -0.2477
vn 0.9782 0.1349 -0.1581
vt 0.7831 0.4141
vt 0.7831 0.5441
vt 0.7826 0.5442
f 484/484/484 485/485/485 486/486/486
v 0.0163 0.0096 -0.0175
v 0.0164 -0.1902 -0.0175
v 0.0162 -0.191 -0.0182
vn 0.9782 0.1349 -0.1581
vn 0.9699 -0.1723 -0.1722
vn 0.9467 -0.2275 -0.2279
vt 0.7826 0.5442
vt 0.7826 0.4146
vt 0.7831 0.4141
f 487/487/487 488/488/488 489/489/489
v 0.0159 -0.1916 -0.0188
v 0.0162 -0.191 -0.0182
v 0.0162 -0.191 0.0201
vn 0.6886 -0.5131 -0.5124
vn 0.9467 -0.2275 -0.2279
vn 0.9467 -0.2274 0.2279
vt 0.7835 0.4137
vt 0.7831 0.4141
vt 0.7582 0.4141
f 490/490/490 491/491/491 492/492/492
v 0.0162 -0.191 0.0201
v 0.0159 -0.1916 0.0208
v 0.0159 -0.1916 -0.0188
vn 0.9467 -0.2274 0.2279
vn 0.6886 -0.5131 0.5124
vn 0.6886 -0.5131 -0.5124
vt 0.7582 0.4141
vt 0.7578 0.4137
vt 0.7835 0.4137
f 493/493/493 494/494/494 495/495/495
v 0.0162 -0.191 -0.0182
v 0.0164 -0.1902 -0.0175
v 0.0164 -0.1902 0.0194
vn 0.9467 -0.2275 -0.2279
vn 0.9699 -0.1723 -0.1722
vn 0.9695 -0.1736 0.1728
vt 0.7831 0.4141
vt 0.7826 0.4146
vt 0.7587 0.4146
f 496/496/496 497/497/497 498/498/498
v 0.0164 -0.1902 0.0194
v 0.0162 -0.191 0.0201
v 0.0162 -0.191 -0.0182
vn 0.9695 -0.1736 0.1728
vn 0.9467 -0.2274 0.2279
vn 0.9467 -0.2275 -0.2279
vt 0.7587 0.4146
vt 0.7582 0.4141
vt 0.7831 0.4141
f 499/499/499 500/500/500 501/501/501
v -0.0252 0.0168 -0.0125
v -0.0249 0.0177 -0.0119
v 0.0129 0.0177 -0.0118
vn -0.6587 0.3453 -0.6685
vn -0.5561 0.7015 -0.4457
vn -0.0398 0.8772 -0.4785
vt 0.3038 0.7045
vt 0.3042 0.7046
vt 0.3043 0.7292
f 502/502/502 503/503/503 504/504/504
v 0.0129 0.0177 -0.0118
v 0.0129 0.0168 -0.0125
v -0.0252 0.0168 -0.0125
vn -0.0398 0.8772 -0.4785
vn -0.4533 0.4476 -0.7709
vn -0.6587 0.3453 -0.6685
vt 0.3043 0.7292
vt 0.3038 0.7292
vt 0.3038 0.7045
f 505/505/505 506/506/506 507/507/507
v -0.0249 0.0177 -0.0119
v -0.0246 0.018 -0.0112
v 0.013 0.018 -0.0108
vn -0.5561 0.7015 -0.4457
vn -0.3243 0.9375 -0.1265
vn 0.2578 0.96 -0.1092
vt 0.3042 0.7046
vt 0.3047 0.7049
vt 0.3049 0.7292
f 508/508/508 509/509/509 510/510/510
v 0.013 0.018 -0.0108
v 0.0129 0.0177 -0.0118
v -0.0249 0.0177 -0.0119
vn 0.2578 0.96 -0.1092
vn -0.0398 0.8772 -0.4785
vn -0.5561 0.7015 -0.4457
vt 0.3049 0.7292
vt 0.3043 0.7292
vt 0.3042 0.7046
f 511/511/511 512/512/512 513/513/513
v 0.0129 0.0168 0.0144
v 0.0129 0.0177 0.0137
v -0.0249 0.0177 0.0138
vn -0.4865 0.4363 0.7569
vn -0.0586 0.8783 0.4745
vn -0.557 0.7014 0.4448
vt 0.5594 0.5488
vt 0.5594 0.5494
vt 0.5349 0.5494
f 514/514/514 515/515/515 516/516/516
v -0.0249 0.0177 0.0138
v -0.0252 0.0168 0.0145
v 0.0129 0.0168 0.0144
vn -0.557 0.7014 0.4448
vn -0.6593 0.3449 0.6681
vn -0.4865 0.4363 0.7569
vt 0.5349 0.5494
vt 0.5347 0.5488
vt 0.5594 0.5488
f 517/517/517 518/518/518 519/519/519
v 0.0129 0.0177 0.0137
v 0.013 0.018 0.0128
v -0.0246 0.018 0.0131
vn -0.0586 0.8783 0.4745
vn 0.2577 0.9602 0.1079
vn -0.3247 0.9374 0.126
vt 0.3208 0.7292
vt 0.3202 0.7292
vt 0.3204 0.7049
f 520/520/520 521/521/521 522/522/522
v -0.0246 0.018 0.0131
v -0.0249 0.0177 0.0138
v 0.0129 0.0177 0.0137
vn -0.3247 0.9374 0.126
vn -0.557 0.7014 0.4448
vn -0.0586 0.8783 0.4745
vt 0.3204 0.7049
vt 0.3209 0.7046
vt 0.3208 0.7292
f 523/523/523 524/524/524 525/525/525
v -0.0252 0.0168 0.0145
v -0.0249 0.0177 0.0138
v -0.0249 0.0177 -0.0119
vn -0.6593 0.3449 0.6681
vn -0.557 0.7014 0.4448
vn -0.5561 0.7015 -0.4457
vt 0.3213 0.5488
vt 0.3209 0.5494
vt 0.3042 0.5494
f 526/526/526 527/527/527 528/528/528
v -0.0249 0.0177 -0.0119
v -0.0252 0.0168 -0.0125
v -0.0252 0.0168 0.0145
vn -0.5561 0.7015 -0.4457
vn -0.6587 0.3453 -0.6685
vn -0.6593 0.3449 0.6681
vt 0.3042 0.5494
vt 0.3038 0.5488
vt 0.3213 0.5488
f 529/529/529 530/530/530 531/531/531
v -0.0249 0.0177 0.0138
v -0.0246 0.018 0.0131
v -0.0246 0.018 -0.0112
vn -0.557 0.7014 0.4448
vn -0.3247 0.9374 0.126
vn -0.3243 0.9375 -0.1265
vt 0.3209 0.5494
vt 0.3204 0.5496
vt 0.3047 0.5496
f 532/532/532 533/533/533 534/534/534
v -0.0246 0.018 -0.0112
v -0.0249 0.0177 -0.0119
v -0.0249 0.0177 0.0138
vn -0.3243 0.9375 -0.1265
vn -0.5561 0.7015 -0.4457
vn -0.557 0.7014 0.4448
vt 0.3047 0.5496
vt 0.3042 0.5494
vt 0.3209 0.5494
f 535/535/535 536/536/536 537/537/537
v 0.0129 0.0168 -0.0125
v 0.0129 0.0177 -0.0118
v 0.0145 0.0166 -0.0148
vn -0.4533 0.4476 -0.7709
vn -0.0398 0.8772 -0.4785
vn 0.1834 0.8424 -0.5067
vt 0.3038 0.5488
vt 0.3043 0.5494
vt 0.3024 0.5487
f 538/538/538 539/539/539 540/540/540
v 0.0145 0.0166 -0.0148
v 0.0143 0.0158 -0.0156
v 0.0129 0.0168 -0.0125
vn 0.1834 0.8424 -0.5067
vn -0.3859 0.5964 -0.7038
vn -0.4533 0.4476 -0.7709
vt 0.3024 0.5487
vt 0.3018 0.5482
vt 0.3038 0.5488
f 541/541/541 542/542/542 543/543/543
v 0.0129 0.0177 -0.0118
v 0.013 0.018 -0.0108
v 0.0146 0.0168 -0.0137
vn -0.0398 0.8772 -0.4785
vn 0.2578 0.96 -0.1092
vn 0.6296 0.7626 -0.1485
vt 0.3043 0.7292
vt 0.3049 0.7292
vt 0.303 0.7303
f 544/544/544 545/545/545 546/546/546
v 0.0146 0.0168 -0.0137
v 0.0145 0.0166 -0.0148
v 0.0129 0.0177 -0.0118
vn 0.6296 0.7626 -0.1485
vn 0.1834 0.8424 -0.5067
vn -0.0398 0.8772 -0.4785
vt 0.303 0.7303
vt 0.3024 0.7302
vt 0.3043 0.7292
f 547/547/547 548/548/548 549/549/549
v 0.0143 0.0158 0.0175
v 0.0145 0.0166 0.0167
v 0.0129 0.0177 0.0137
vn -0.3928 0.5967 0.6998
vn 0.2202 0.8347 0.5047
vn -0.0586 0.8783 0.4745
vt 0.3233 0.5482
vt 0.3228 0.5487
vt 0.3208 0.5494
f 550/550/550 551/551/551 552/552/552
v 0.0129 0.0177 0.0137
v 0.0129 0.0168 0.0144
v 0.0143 0.0158 0.0175
vn -0.0586 0.8783 0.4745
vn -0.4865 0.4363 0.7569
vn -0.3928 0.5967 0.6998
vt 0.3208 0.5494
vt 0.3213 0.5488
vt 0.3233 0.5482
f 553/553/553 554/554/554 555/555/555
v 0.0145 0.0166 0.0167
v 0.0146 0.0168 0.0157
v 0.013 0.018 0.0128
vn 0.2202 0.8347 0.5047
vn 0.6404 0.754 0.1459
vn 0.2577 0.9602 0.1079
vt 0.3228 0.7302
vt 0.3221 0.7303
vt 0.3202 0.7292
f 556/556/556 557/557/557 558/558/558
v 0.013 0.018 0.0128
v 0.0129 0.0177 0.0137
v 0.0145 0.0166 0.0167
vn 0.2577 0.9602 0.1079
vn -0.0586 0.8783 0.4745
vn 0.2202 0.8347 0.5047
vt 0.3202 0.7292
vt 0.3208 0.7292
vt 0.3228 0.7302
f 559/559/559 560/560/560 561/561/561
v 0.0143 0.0158 -0.0156
v 0.0145 0.0166 -0.0148
v 0.0158 0.0134 -0.0173
vn -0.3859 0.5964 -0.7038
vn 0.1834 0.8424 -0.5067
vn 0.7108 0.5539 -0.4336
vt 0.7814 0.5482
vt 0.7808 0.5487
vt 0.7825 0.5466
f 562/562/562 563/563/563 564/564/564
v 0.0158 0.0134 -0.0173
v 0.0155 0.0129 -0.018
v 0.0143 0.0158 -0.0156
vn 0.7108 0.5539 -0.4336
vn 0.1072 0.5968 -0.7952
vn -0.3859 0.5964 -0.7038
vt 0.7825 0.5466
vt 0.7829 0.5463
vt 0.7814 0.5482
f 565/565/565 566/566/566 567/567/567
v 0.0145 0.0166 -0.0148
v 0.0146 0.0168 -0.0137
v 0.0159 0.0136 -0.0164
vn 0.1834 0.8424 -0.5067
vn 0.6296 0.7626 -0.1485
vn 0.9435 0.3199 -0.0863
vt 0.7808 0.5487
vt 0.7802 0.5489
vt 0.7819 0.5467
f 568/568/568 569/569/569 570/570/570
v 0.0159 0.0136 -0.0164
v 0.0158 0.0134 -0.0173
v 0.0145 0.0166 -0.0148
vn 0.9435 0.3199 -0.0863
vn 0.7108 0.5539 -0.4336
vn 0.1834 0.8424 -0.5067
vt 0.7819 0.5467
vt 0.7825 0.5466
vt 0.7808 0.5487
f 571/571/571 572/572/572 573/573/573
v 0.0155 0.0129 0.0199
v 0.0158 0.0134 0.0192
v 0.0145 0.0166 0.0167
vn 0.3102 0.4785 0.8214
vn 0.7778 0.452 0.4366
vn 0.2202 0.8347 0.5047
vt 0.3249 0.7308
vt 0.3244 0.7311
vt 0.3228 0.7302
f 574/574/574 575/575/575 576/576/576
v 0.0145 0.0166 0.0167
v 0.0143 0.0158 0.0175
v 0.0155 0.0129 0.0199
vn 0.2202 0.8347 0.5047
vn -0.3928 0.5967 0.6998
vn 0.3102 0.4785 0.8214
vt 0.3228 0.7302
vt 0.3233 0.7301
vt 0.3249 0.7308
f 577/577/577 578/578/578 579/579/579
v 0.0158 0.0134 0.0192
v 0.0159 0.0136 0.0184
v 0.0146 0.0168 0.0157
vn 0.7778 0.452 0.4366
vn 0.9457 0.3092 0.1003
vn 0.6404 0.754 0.1459
vt 0.7588 0.5466
vt 0.7594 0.5467
vt 0.7611 0.5489
f 580/580/580 581/581/581 582/582/582
v 0.0146 0.0168 0.0157
v 0.0145 0.0166 0.0167
v 0.0158 0.0134 0.0192
vn 0.6404 0.754 0.1459
vn 0.2202 0.8347 0.5047
vn 0.7778 0.452 0.4366
vt 0.7611 0.5489
vt 0.7604 0.5487
vt 0.7588 0.5466
f 583/583/583 584/584/584 585/585/585
v 0.0158 0.0095 0.0208
v 0.0162 0.0096 0.0202
v 0.0158 0.0134 0.0192
vn 0.6585 0.1503 0.7374
vn 0.9455 0.0621 0.3196
vn 0.7778 0.452 0.4366
vt 0.7578 0.5441
vt 0.7582 0.5442
vt 0.7588 0.5466
f 586/586/586 587/587/587 588/588/588
v 0.0158 0.0134 0.0192
v 0.0155 0.0129 0.0199
v 0.0158 0.0095 0.0208
vn 0.7778 0.452 0.4366
vn 0.3102 0.4785 0.8214
vn 0.6585 0.1503 0.7374
vt 0.7588 0.5466
vt 0.7583 0.5463
vt 0.7578 0.5441
f 589/589/589 590/590/590 591/591/591
v 0.0162 0.0096 0.0202
v 0.0164 0.0095 0.0194
v 0.0159 0.0136 0.0184
vn 0.9455 0.0621 0.3196
vn -0.0057 -0.2978 0.9546
vn 0.9457 0.3092 0.1003
vt 0.7582 0.5442
vt 0.7587 0.5441
vt 0.7594 0.5467
f 592/592/592 593/593/593 594/594/594
v 0.0159 0.0136 0.0184
v 0.0158 0.0134 0.0192
v 0.0162 0.0096 0.0202
vn 0.9457 0.3092 0.1003
vn 0.7778 0.452 0.4366
vn 0.9455 0.0621 0.3196
vt 0.7594 0.5467
vt 0.7588 0.5466
vt 0.7582 0.5442
f 595/595/595 596/596/596 597/597/597
v 0.0155 0.0129 -0.018
v 0.0158 0.0134 -0.0173
v 0.0162 0.01 -0.0198
vn 0.1072 0.5968 -0.7952
vn 0.7108 0.5539 -0.4336
vn -0.2796 -0.7964 -0.5362
vt 0.3003 0.5463
vt 0.3007 0.5466
vt 0.2991 0.5444
f 598/598/598 599/599/599 600/600/600
v 0.0162 0.01 -0.0198
v 0.0158 0.0096 -0.0192
v 0.0155 0.0129 -0.018
vn -0.2796 -0.7964 -0.5362
vn -0.0645 -0.584 -0.8092
vn 0.1072 0.5968 -0.7952
vt 0.2991 0.5444
vt 0.2995 0.5442
vt 0.3003 0.5463
f 601/601/601 602/602/602 603/603/603
v 0.0158 0.0134 -0.0173
v 0.0159 0.0136 -0.0164
v 0.0163 0.0103 -0.0206
vn 0.7108 0.5539 -0.4336
vn 0.9435 0.3199 -0.0863
vn 0.079 -0.1258 -0.9889
vt 0.3007 0.5466
vt 0.3013 0.5467
vt 0.2986 0.5446
f 604/604/604 605/605/605 606/606/606
v 0.0163 0.0103 -0.0206
v 0.0162 0.01 -0.0198
v 0.0158 0.0134 -0.0173
vn 0.079 -0.1258 -0.9889
vn -0.2796 -0.7964 -0.5362
vn 0.7108 0.5539 -0.4336
vt 0.2986 0.5446
vt 0.2991 0.5444
vt 0.3007 0.5466
f 607/607/607 608/608/608 609/609/609
v 0.0158 0.0096 -0.0192
v 0.0162 0.01 -0.0198
v 0.0162 0.0096 -0.0182
vn -0.0645 -0.584 -0.8092
vn -0.2796 -0.7964 -0.5362
vn 0.937 -0.2462 -0.2477
vt 0.7837 0.5442
vt 0.7841 0.5444
vt 0.7831 0.5441
f 610/610/610 611/611/611 612/612/612
v 0.0162 0.0096 -0.0182
v 0.0159 0.0094 -0.0188
v 0.0158 0.0096 -0.0192
vn 0.937 -0.2462 -0.2477
vn 0.7131 -0.4154 -0.5648
vn -0.0645 -0.584 -0.8092
vt 0.7831 0.5441
vt 0.7835 0.5441
vt 0.7837 0.5442
f 613/613/613 614/614/614 615/615/615
v 0.0162 0.01 -0.0198
v 0.0163 0.0103 -0.0206
v 0.0163 0.0096 -0.0175
vn -0.2796 -0.7964 -0.5362
vn 0.079 -0.1258 -0.9889
vn 0.9782 0.1349 -0.1581
vt 0.7841 0.5444
vt 0.7846 0.5446
vt 0.7826 0.5442
f 616/616/616 617/617/617 618/618/618
v 0.0163 0.0096 -0.0175
v 0.0162 0.0096 -0.0182
v 0.0162 0.01 -0.0198
vn 0.9782 0.1349 -0.1581
vn 0.937 -0.2462 -0.2477
vn -0.2796 -0.7964 -0.5362
vt 0.7826 0.5442
vt 0.7831 0.5441
vt 0.7841 0.5444
f 619/619/619 620/620/620 621/621/621
v 0.0157 0.0094 0.021
v 0.016 0.0095 0.021
v 0.0162 0.0096 0.0202
vn -0.1222 0.5351 0.8359
vn -0.1805 0.6669 0.723
vn 0.9455 0.0621 0.3196
vt 0.3255 0.731
vt 0.3255 0.7312
vt 0.325 0.7313
f 622/622/622 623/623/623 624/624/624
v 0.0162 0.0096 0.0202
v 0.0158 0.0095 0.0208
v 0.0157 0.0094 0.021
vn 0.9455 0.0621 0.3196
vn 0.6585 0.1503 0.7374
vn -0.1222 0.5351 0.8359
vt 0.325 0.7313
vt 0.3254 0.7311
vt 0.3255 0.731
f 625/625/625 626/626/626 627/627/627
v 0.016 0.0095 0.021
v 0.0163 0.0096 0.021
v 0.0164 0.0095 0.0194
vn -0.1805 0.6669 0.723
vn 0.2739 0.7256 0.6312
vn -0.0057 -0.2978 0.9546
vt 0.3255 0.7312
vt 0.3255 0.7314
vt 0.3245 0.7314
f 628/628/628 629/629/629 630/630/630
v 0.0164 0.0095 0.0194
v 0.0162 0.0096 0.0202
v 0.016 0.0095 0.021
vn -0.0057 -0.2978 0.9546
vn 0.9455 0.0621 0.3196
vn -0.1805 0.6669 0.723
vt 0.3245 0.7314
vt 0.325 0.7313
vt 0.3255 0.7312
f 631/631/631 632/632/632 633/633/633
v 0.0163 0.0096 0.021
v 0.0164 -0.1902 0.0194
v 0.017 -0.1896 0.0188
vn 0.2739 0.7256 0.6312
vn 0.9695 -0.1736 0.1728
vn 0.8759 -0.3423 0.3402
vt 0.7577 0.5442
vt 0.7587 0.4146
vt 0.7591 0.4149
f 634/634/634 635/635/635 636/636/636
v 0.017 -0.1896 0.0188
v 0.017 0.009 0.0204
v 0.0163 0.0096 0.021
vn 0.8759 -0.3423 0.3402
vn 0.8768 0.3387 0.3412
vn 0.2739 0.7256 0.6312
vt 0.7591 0.4149
vt 0.7581 0.5438
vt 0.7577 0.5442
f 637/637/637 638/638/638 639/639/639
v 0.0163 0.0096 0.021
v 0.017 0.009 0.0204
v 0.017 0.009 -0.0169
vn 0.2739 0.7256 0.6312
vn 0.8768 0.3387 0.3412
vn 0.8763 0.3407 -0.3407
vt 0.7577 0.5442
vt 0.7581 0.5438
vt 0.7822 0.5438
f 640/640/640 641/641/641 642/642/642
v 0.017 0.009 -0.0169
v 0.0163 0.0096 -0.0175
v 0.0163 0.0096 0.021
vn 0.8763 0.3407 -0.3407
vn 0.9782 0.1349 -0.1581
vn 0.2739 0.7256 0.6312
vt 0.7822 0.5438
vt 0.7826 0.5442
vt 0.7577 0.5442
f 643/643/643 644/644/644 645/645/645
v 0.0164 -0.1902 -0.0175
v 0.0163 0.0096 -0.0175
v 0.017 0.009 -0.0169
vn 0.9699 -0.1723 -0.1722
vn 0.9782 0.1349 -0.1581
vn 0.8763 0.3407 -0.3407
vt 0.7826 0.4146
vt 0.7826 0.5442
vt 0.7822 0.5438
f 646/646/646 647/647/647 648/648/648
v 0.017 0.009 -0.0169
v 0.017 -0.1896 -0.0169
v 0.0164 -0.1902 -0.0175
vn 0.8763 0.3407 -0.3407
vn 0.8764 -0.3403 -0.3407
vn 0.9699 -0.1723 -0.1722
vt 0.7822 0.5438
vt 0.7822 0.4149
vt 0.7826 0.4146
f 649/649/649 650/650/650 651/651/651
v 0.0164 -0.1902 -0.0175
v 0.017 -0.1896 -0.0169
v 0.017 -0.1896 0.0188
vn 0.9699 -0.1723 -0.1722
vn 0.8764 -0.3403 -0.3407
vn 0.8759 -0.3423 0.3402
vt 0.7826 0.4146
vt 0.7822 0.4149
vt 0.7591 0.4149
f 652/652/652 653/653/653 654/654/654
v 0.017 -0.1896 0.0188
v 0.0164 -0.1902 0.0194
v 0.0164 -0.1902 -0.0175
vn 0.8759 -0.3423 0.3402
vn 0.9695 -0.1736 0.1728
vn 0.9699 -0.1723 -0.1722
vt 0.7591 0.4149
vt 0.7587 0.4146
vt 0.7826 0.4146
f 655/655/655 656/656/656 657/657/657
v 0.017 0.009 0.0204
v 0.017 -0.1896 0.0188
v 0.0174 -0.1879 0.0171
vn 0.8768 0.3387 0.3412
vn 0.8759 -0.3423 0.3402
vn 0.9882 -0.1089 0.108
vt 0.7581 0.5438
vt 0.7591 0.4149
vt 0.7602 0.4161
f 658/658/658 659/659/659 660/660/660
v 0.0174 -0.1879 0.0171
v 0.0174 0.0073 0.0186
v 0.017 0.009 0.0204
vn 0.9882 -0.1089 0.108
vn 0.9883 0.1075 0.1083
vn 0.8768 0.3387 0.3412
vt 0.7602 0.4161
vt 0.7592 0.5427
vt 0.7581 0.5438
f 661/661/661 662/662/662 663/663/663
v 0.0174 0.0073 0.0186
v 0.0174 -0.1879 0.0171
v 0.0176 -0.1856 0.0148
vn 0.9883 0.1075 0.1083
vn 0.9882 -0.1089 0.108
vn 0.9993 -0.0266 0.0264
vt 0.7592 0.5427
vt 0.7602 0.4161
vt 0.7616 0.4175
f 664/664/664 665/665/665 666/666/666
v 0.0176 -0.1856 0.0148
v 0.0176 0.005 0.0163
v 0.0174 0.0073 0.0186
vn 0.9993 -0.0266 0.0264
vn 0.9993 0.0263 0.0265
vn 0.9883 0.1075 0.1083
vt 0.7616 0.4175
vt 0.7607 0.5412
vt 0.7592 0.5427
f 667/667/667 668/668/668 669/669/669
v 0.017 0.009 0.0204
v 0.0174 0.0073 0.0186
v 0.0174 0.0073 -0.0151
vn 0.8768 0.3387 0.3412
vn 0.9883 0.1075 0.1083
vn 0.9882 0.1082 -0.1082
vt 0.7581 0.5438
vt 0.7592 0.5427
vt 0.7811 0.5427
f 670/670/670 671/671/671 672/672/672
v 0.0174 0.0073 -0.0151
v 0.017 0.009 -0.0169
v 0.017 0.009 0.0204
vn 0.9882 0.1082 -0.1082
vn 0.8763 0.3407 -0.3407
vn 0.8768 0.3387 0.3412
vt 0.7811 0.5427
vt 0.7822 0.5438
vt 0.7581 0.5438
f 673/673/673 674/674/674 675/675/675
v 0.0174 0.0073 0.0186
v 0.0176 0.005 0.0163
v 0.0176 0.005 -0.0129
vn 0.9883 0.1075 0.1083
vn 0.9993 0.0263 0.0265
vn 0.9993 0.0265 -0.0264
vt 0.7592 0.5427
vt 0.7607 0.5412
vt 0.7796 0.5412
f 676/676/676 677/677/677 678/678/678
v 0.0176 0.005 -0.0129
v 0.0174 0.0073 -0.0151
v 0.0174 0.0073 0.0186
vn 0.9993 0.0265 -0.0264
vn 0.9882 0.1082 -0.1082
vn 0.9883 0.1075 0.1083
vt 0.7796 0.5412
vt 0.7811 0.5427
vt 0.7592 0.5427
f 679/679/679 680/680/680 681/681/681
v 0.017 -0.1896 -0.0169
v 0.017 0.009 -0.0169
v 0.0174 0.0073 -0.0151
vn 0.8764 -0.3403 -0.3407
vn 0.8763 0.3407 -0.3407
vn 0.9882 0.1082 -0.1082
vt 0.7822 0.4149
vt 0.7822 0.5438
vt 0.7811 0.5427
f 682/682/682 683/683/683 684/684/684
v 0.0174 0.0073 -0.0151
v 0.0174 -0.1879 -0.0151
v 0.017 -0.1896 -0.0169
vn 0.9882 0.1082 -0.1082
vn 0.9882 -0.1082 -0.1082
vn 0.8764 -0.3403 -0.3407
vt 0.7811 0.5427
vt 0.7811 0.4161
vt 0.7822 0.4149
f 685/685/685 686/686/686 687/687/687
v 0.0174 -0.1879 -0.0151
v 0.0174 0.0073 -0.0151
v 0.0176 0.005 -0.0129
vn 0.9882 -0.1082 -0.1082
vn 0.9882 0.1082 -0.1082
vn 0.9993 0.0265 -0.0264
vt 0.7811 0.4161
vt 0.7811 0.5427
vt 0.7796 0.5412
f 688/688/688 689/689/689 690/690/690
v 0.0176 0.005 -0.0129
v 0.0176 -0.1856 -0.0129
v 0.0174 -0.1879 -0.0151
vn 0.9993 0.0265 -0.0264
vn 0.9993 -0.0264 -0.0265
vn 0.9882 -0.1082 -0.1082
vt 0.7796 0.5412
vt 0.7796 0.4175
vt 0.7811 0.4161
f 691/691/691 692/692/692 693/693/693
v 0.017 -0.1896 -0.0169
v 0.0174 -0.1879 -0.0151
v 0.0174 -0.1879 0.0171
vn 0.8764 -0.3403 -0.3407
vn 0.9882 -0.1082 -0.1082
vn 0.9882 -0.1089 0.108
vt 0.7822 0.4149
vt 0.7811 0.4161
vt 0.7602 0.4161
f 694/694/694 695/695/695 696/696/696
v 0.0174 -0.1879 0.0171
v 0.017 -0.1896 0.0188
v 0.017 -0.1896 -0.0169
vn 0.9882 -0.1089 0.108
vn 0.8759 -0.3423 0.3402
vn 0.8764 -0.3403 -0.3407
vt 0.7602 0.4161
vt 0.7591 0.4149
vt 0.7822 0.4149
f 697/697/697 698/698/698 699/699/699
v 0.0174 -0.1879 -0.0151
v 0.0176 -0.1856 -0.0129
v 0.0176 -0.1856 0.0148
vn 0.9882 -0.1082 -0.1082
vn 0.9993 -0.0264 -0.0265
vn 0.9993 -0.0266 0.0264
vt 0.7811 0.4161
vt 0.7796 0.4175
vt 0.7616 0.4175
f 700/700/700 701/701/701 702/702/702
v 0.0176 -0.1856 0.0148
v 0.0174 -0.1879 0.0171
v 0.0174 -0.1879 -0.0151
vn 0.9993 -0.0266 0.0264
vn 0.9882 -0.1089 0.108
vn 0.9882 -0.1082 -0.1082
vt 0.7616 0.4175
vt 0.7602 0.4161
vt 0.7811 0.4161
f 703/703/703 704/704/704 705/705/705
v -0.015 -0.2084 -0.0001
v 0.0024 -0.2084 0.0984
v -0.015 -0.2084 0.0999
vn 0 -1 -0
vn 0 -1 -0
vn 0 -1 -0
vt 0.3119 0.3379
vt 0.3758 0.3266
vt 0.3768 0.3379
f 706/706/706 707/707/707 708/708/708
v -0.015 -0.2084 0.0999
v -0.015 -0.2084 -0.0001
v -0.015 -0.2084 -0.0001
vn 0 -1 -0
vn 0 -1 -0
vn 0 -1 -0
vt 0.3768 0.3379
vt 0.3119 0.3379
vt 0.3119 0.3379
f 709/709/709 710/710/710 711/711/711
v -0.015 -0.2084 0.0999
v 0.0024 -0.2084 0.0984
v 0.0024 -0.1884 0.0984
vn 0 0 1
vn 0.1737 0 0.9848
vn 0.1737 0 0.9848
vt 0.5416 0.4027
vt 0.5529 0.4027
vt 0.5528 0.4157
f 712/712/712 713/713/713 714/714/714
v 0.0024 -0.1884 0.0984
v -0.015 -0.1884 0.0999
v -0.015 -0.2084 0.0999
vn 0.1737 0 0.9848
vn 0 0 1
vn 0 0 1
vt 0.5528 0.4157
vt 0.5416 0.4157
vt 0.5416 0.4027
f 715/715/715 716/716/716 717/717/717
v -0.015 -0.1847 0.0922
v 0.001 -0.1847 0.0908
v -0.015 -0.1847 -0.0001
vn -0 0.9724 0.2335
vn 0.0405 0.9724 0.2299
vn 0 1 -0
vt 0.7114 0.4181
vt 0.7123 0.4181
vt 0.7713 0.4181
f 718/718/718 719/719/719 720/720/720
v -0.015 -0.1847 -0.0001
v -0.015 -0.1847 -0.0001
v -0.015 -0.1847 0.0922
vn 0 1 -0
vn 0 1 -0
vn -0 0.9724 0.2335
vt 0.7713 0.4181
vt 0.7713 0.4181
vt 0.7114 0.4181
f 721/721/721 722/722/722 723/723/723
v -0.015 -0.1884 -0.0001
v -0.015 -0.2084 -0.0001
v -0.015 -0.2084 -0.0001
vn 1 0 -0
vn 1 0 -0
vn 1 0 -0
vt 0.7713 0.4157
vt 0.7713 0.4027
vt 0.7713 0.4027
f 724/724/724 725/725/725 726/726/726
v -0.015 -0.2084 -0.0001
v -0.015 -0.1884 -0.0001
v -0.015 -0.1884 -0.0001
vn 1 0 -0
vn 1 0 -0
vn 1 0 -0
vt 0.7713 0.4027
vt 0.7713 0.4157
vt 0.7713 0.4157
f 727/727/727 728/728/728 729/729/729
v -0.015 -0.2084 -0.0001
v 0.0192 -0.2084 0.0939
v 0.0024 -0.2084 0.0984
vn 0 -1 -0
vn 0 -1 -0
vn 0 -1 -0
vt 0.3119 0.3379
vt 0.3728 0.3157
vt 0.3758 0.3266
f 730/730/730 731/731/731 732/732/732
v 0.0024 -0.2084 0.0984
v -0.015 -0.2084 -0.0001
v -0.015 -0.2084 -0.0001
vn 0 -1 -0
vn 0 -1 -0
vn 0 -1 -0
vt 0.3758 0.3266
vt 0.3119 0.3379
vt 0.3119 0.3379
f 733/733/733 734/734/734 735/735/735
v 0.0024 -0.2084 0.0984
v 0.0192 -0.2084 0.0939
v 0.0192 -0.1884 0.0939
vn 0.1737 0 0.9848
vn 0.342 0 0.9397
vn 0.342 0 0.9397
vt 0.5529 0.4027
vt 0.5638 0.4027
vt 0.5638 0.4157
f 736/736/736 737/737/737 738/738/738
v 0.0192 -0.1884 0.0939
v 0.0024 -0.1884 0.0984
v 0.0024 -0.2084 0.0984
vn 0.342 0 0.9397
vn 0.1737 0 0.9848
vn 0.1737 0 0.9848
vt 0.5638 0.4157
vt 0.5528 0.4157
vt 0.5529 0.4027
f 739/739/739 740/740/740 741/741/741
v 0.001 -0.1847 0.0908
v 0.0166 -0.1847 0.0867
v -0.015 -0.1847 -0.0001
vn 0.0405 0.9724 0.2299
vn 0.0798 0.9724 0.2194
vn 0 1 -0
vt 0.7123 0.4181
vt 0.715 0.4181
vt 0.7713 0.4181
f 742/742/742 743/743/743 744/744/744
v -0.015 -0.1847 -0.0001
v -0.015 -0.1847 -0.0001
v 0.001 -0.1847 0.0908
vn 0 1 -0
vn 0 1 -0
vn 0.0405 0.9724 0.2299
vt 0.7713 0.4181
vt 0.7713 0.4181
vt 0.7123 0.4181
f 745/745/745 746/746/746 747/747/747
v -0.015 -0.1884 -0.0001
v -0.015 -0.2084 -0.0001
v -0.015 -0.2084 -0.0001
vn 1 0 -0
vn 1 0 -0
vn 1 0 -0
vt 0.7713 0.4157
vt 0.7713 0.4027
vt 0.7713 0.4027
f 748/748/748 749/749/749 750/750/750
v -0.015 -0.2084 -0.0001
v -0.015 -0.1884 -0.0001
v -0.015 -0.1884 -0.0001
vn 1 0 -0
vn 1 0 -0
vn 1 0 -0
vt 0.7713 0.4027
vt 0.7713 0.4157
vt 0.7713 0.4157
f 751/751/751 752/752/752 753/753/753
v -0.015 -0.2084 -0.0001
v 0.035 -0.2084 0.0865
v 0.0192 -0.2084 0.0939
vn 0 -1 -0
vn 0 -1 -0
vn 0 -1 -0
vt 0.3119 0.3379
vt 0.3681 0.3054
vt 0.3728 0.3157
f 754/754/754 755/755/755 756/756/756
v 0.0192 -0.2084 0.0939
v -0.015 -0.2084 -0.0001
v -0.015 -0.2084 -0.0001
vn 0 -1 -0
vn 0 -1 -0
vn 0 -1 -0
vt 0.3728 0.3157
vt 0.3119 0.3379
vt 0.3119 0.3379
f 757/757/757 758/758/758 759/759/759
v 0.0192 -0.2084 0.0939
v 0.035 -0.2084 0.0865
v 0.035 -0.1884 0.0865
vn 0.342 0 0.9397
vn 0.5 0 0.866
vn 0.5 0 0.866
vt 0.7104 0.4027
vt 0.7151 0.4027
vt 0.7151 0.4157
f 760/760/760 761/761/761 762/762/762
v 0.035 -0.1884 0.0865
v 0.0192 -0.1884 0.0939
v 0.0192 -0.2084 0.0939
vn 0.5 0 0.866
vn 0.342 0 0.9397
vn 0.342 0 0.9397
vt 0.7151 0.4157
vt 0.7104 0.4157
vt 0.7104 0.4027
f 763/763/763 764/764/764 765/765/765
v 0.0166 -0.1847 0.0867
v 0.0312 -0.1847 0.0799
v -0.015 -0.1847 -0.0001
vn 0.0798 0.9724 0.2194
vn 0.1167 0.9724 0.2022
vn 0 1 -0
vt 0.715 0.4181
vt 0.7195 0.4181
vt 0.7713 0.4181
f 766/766/766 767/767/767 768/768/768
v -0.015 -0.1847 -0.0001
v -0.015 -0.1847 -0.0001
v 0.0166 -0.1847 0.0867
vn 0 1 -0
vn 0 1 -0
vn 0.0798 0.9724 0.2194
vt 0.7713 0.4181
vt 0.7713 0.4181
vt 0.715 0.4181
f 769/769/769 770/770/770 771/771/771
v -0.015 -0.1884 -0.0001
v -0.015 -0.2084 -0.0001
v -0.015 -0.2084 -0.0001
vn 1 0 -0
vn 1 0 -0
vn 1 0 -0
vt 0.7713 0.4157
vt 0.7713 0.4027
vt 0.7713 0.4027
f 772/772/772 773/773/773 774/774/774
v -0.015 -0.2084 -0.0001
v -0.015 -0.1884 -0.0001
v -0.015 -0.1884 -0.0001
vn 1 0 -0
vn 1 0 -0
vn 1 0 -0
vt 0.7713 0.4027
vt 0.7713 0.4157
vt 0.7713 0.4157
f 775/775/775 776/776/776 777/777/777
v -0.015 -0.2084 -0.0001
v 0.0493 -0.2084 0.0765
v 0.035 -0.2084 0.0865
vn 0 -1 -0
vn 0 -1 -0
vn 0 -1 -0
vt 0.3119 0.3379
vt 0.3616 0.2962
vt 0.3681 0.3054
f 778/778/778 779/779/779 780/780/780
v 0.035 -0.2084 0.0865
v -0.015 -0.2084 -0.0001
v -0.015 -0.2084 -0.0001
vn 0 -1 -0
vn 0 -1 -0
vn 0 -1 -0
vt 0.3681 0.3054
vt 0.3119 0.3379
vt 0.3119 0.3379
f 781/781/781 782/782/782 783/783/783
v 0.035 -0.2084 0.0865
v 0.0493 -0.2084 0.0765
v 0.0493 -0.1884 0.0765
vn 0.5 0 0.866
vn 0.6428 0 0.766
vn 0.6428 0 0.766
vt 0.7151 0.4027
vt 0.7216 0.4027
vt 0.7216 0.4157
f 784/784/784 785/785/785 786/786/786
v 0.0493 -0.1884 0.0765
v 0.035 -0.1884 0.0865
v 0.035 -0.2084 0.0865
vn 0.6428 0 0.766
vn 0.5 0 0.866
vn 0.5 0 0.866
vt 0.7216 0.4157
vt 0.7151 0.4157
vt 0.7151 0.4027
f 787/787/787 788/788/788 789/789/789
v 0.0312 -0.1847 0.0799
v 0.0443 -0.1847 0.0706
v -0.015 -0.1847 -0.0001
vn 0.1167 0.9724 0.2022
vn 0.1501 0.9724 0.1788
vn 0 1 -0
vt 0.7195 0.4181
vt 0.7254 0.4181
vt 0.7713 0.4181
f 790/790/790 791/791/791 792/792/792
v -0.015 -0.1847 -0.0001
v -0.015 -0.1847 -0.0001
v 0.0312 -0.1847 0.0799
vn 0 1 -0
vn 0 1 -0
vn 0.1167 0.9724 0.2022
vt 0.7713 0.4181
vt 0.7713 0.4181
vt 0.7195 0.4181
f 793/793/793 794/794/794 795/795/795
v -0.015 -0.1884 -0.0001
v -0.015 -0.2084 -0.0001
v -0.015 -0.2084 -0.0001
vn 1 0 -0
vn 1 0 -0
vn 1 0 -0
vt 0.7713 0.4157
vt 0.7713 0.4027
vt 0.7713 0.4027
f 796/796/796 797/797/797 798/798/798
v -0.015 -0.2084 -0.0001
v -0.015 -0.1884 -0.0001
v -0.015 -0.1884 -0.0001
vn 1 0 -0
vn 1 0 -0
vn 1 0 -0
vt 0.7713 0.4027
vt 0.7713 0.4157
vt 0.7713 0.4157
f 799/799/799 800/800/800 801/801/801
v -0.015 -0.2084 -0.0001
v 0.0616 -0.2084 0.0642
v 0.0493 -0.2084 0.0765
vn 0 -1 -0
vn 0 -1 -0
vn 0 -1 -0
vt 0.3119 0.3379
vt 0.3536 0.2882
vt 0.3616 0.2962
f 802/802/802 803/803/803 804/804/804
v 0.0493 -0.2084 0.0765
v -0.015 -0.2084 -0.0001
v -0.015 -0.2084 -0.0001
vn 0 -1 -0
vn 0 -1 -0
vn 0 -1 -0
vt 0.3616 0.2962
vt 0.3119 0.3379
vt 0.3119 0.3379
f 805/805/805 806/806/806 807/807/807
v 0.0493 -0.2084 0.0765
v 0.0616 -0.2084 0.0642
v 0.0616 -0.1884 0.0642
vn 0.6428 0 0.766
vn 0.766 0 0.6428
vn 0.766 0 0.6428
vt 0.7216 0.4027
vt 0.7296 0.4027
vt 0.7296 0.4157
f 808/808/808 809/809/809 810/810/810
v 0.0616 -0.1884 0.0642
v 0.0493 -0.1884 0.0765
v 0.0493 -0.2084 0.0765
vn 0.766 0 0.6428
vn 0.6428 0 0.766
vn 0.6428 0 0.766
vt 0.7296 0.4157
vt 0.7216 0.4157
vt 0.7216 0.4027
f 811/811/811 812/812/812 813/813/813
v 0.0443 -0.1847 0.0706
v 0.0557 -0.1847 0.0593
v -0.015 -0.1847 -0.0001
vn 0.1501 0.9724 0.1788
vn 0.1788 0.9724 0.1501
vn 0 1 -0
vt 0.7254 0.4181
vt 0.7328 0.4181
vt 0.7713 0.4181
f 814/814/814 815/815/815 816/816/816
v -0.015 -0.1847 -0.0001
v -0.015 -0.1847 -0.0001
v 0.0443 -0.1847 0.0706
vn 0 1 -0
vn 0 1 -0
vn 0.1501 0.9724 0.1788
vt 0.7713 0.4181
vt 0.7713 0.4181
vt 0.7254 0.4181
f 817/817/817 818/818/818 819/819/819
v -0.015 -0.1884 -0.0001
v -0.015 -0.2084 -0.0001
v -0.015 -0.2084 -0.0001
vn 1 0 -0
vn 1 0 -0
vn 1 0 -0
vt 0.7713 0.4157
vt 0.7713 0.4027
vt 0.7713 0.4027
f 820/820/820 821/821/821 822/822/822
v -0.015 -0.2084 -0.0001
v -0.015 -0.1884 -0.0001
v -0.015 -0.1884 -0.0001
vn 1 0 -0
vn 1 0 -0
vn 1 0 -0
vt 0.7713 0.4027
vt 0.7713 0.4157
vt 0.7713 0.4157
f 823/823/823 824/824/824 825/825/825
v -0.015 -0.2084 -0.0001
v 0.0716 -0.2084 0.0499
v 0.0616 -0.2084 0.0642
vn 0 -1 -0
vn 0 -1 -0
vn 0 -1 -0
vt 0.3119 0.3379
vt 0.3443 0.2817
vt 0.3536 0.2882
f 826/826/826 827/827/827 828/828/828
v 0.0616 -0.2084 0.0642
v -0.015 -0.2084 -0.0001
v -0.015 -0.2084 -0.0001
vn 0 -1 -0
vn 0 -1 -0
vn 0 -1 -0
vt 0.3536 0.2882
vt 0.3119 0.3379
vt 0.3119 0.3379
f 829/829/829 830/830/830 831/831/831
v 0.0616 -0.2084 0.0642
v 0.0716 -0.2084 0.0499
v 0.0716 -0.1884 0.0499
vn 0.766 0 0.6428
vn 0.866 0 0.5
vn 0.866 0 0.5
vt 0.7296 0.4027
vt 0.7389 0.4027
vt 0.7389 0.4157
f 832/832/832 833/833/833 834/834/834
v 0.0716 -0.1884 0.0499
v 0.0616 -0.1884 0.0642
v 0.0616 -0.2084 0.0642
vn 0.866 0 0.5
vn 0.766 0 0.6428
vn 0.766 0 0.6428
vt 0.7389 0.4157
vt 0.7296 0.4157
vt 0.7296 0.4027
f 835/835/835 836/836/836 837/837/837
v 0.0557 -0.1847 0.0593
v 0.065 -0.1847 0.0461
v -0.015 -0.1847 -0.0001
vn 0.1788 0.9724 0.1501
vn 0.2022 0.9724 0.1167
vn 0 1 -0
vt 0.7328 0.4181
vt 0.7414 0.4181
vt 0.7713 0.4181
f 838/838/838 839/839/839 840/840/840
v -0.015 -0.1847 -0.0001
v -0.015 -0.1847 -0.0001
v 0.0557 -0.1847 0.0593
vn 0 1 -0
vn 0 1 -0
vn 0.1788 0.9724 0.1501
vt 0.7713 0.4181
vt 0.7713 0.4181
vt 0.7328 0.4181
f 841/841/841 842/842/842 843/843/843
v -0.015 -0.1884 -0.0001
v -0.015 -0.2084 -0.0001
v -0.015 -0.2084 -0.0001
vn 1 0 -0
vn 1 0 -0
vn 1 0 -0
vt 0.7713 0.4157
vt 0.7713 0.4027
vt 0.7713 0.4027
f 844/844/844 845/845/845 846/846/846
v -0.015 -0.2084 -0.0001
v -0.015 -0.1884 -0.0001
v -0.015 -0.1884 -0.0001
vn 1 0 -0
vn 1 0 -0
vn 1 0 -0
vt 0.7713 0.4027
vt 0.7713 0.4157
vt 0.7713 0.4157
f 847/847/847 848/848/848 849/849/849
v -0.015 -0.2084 -0.0001
v 0.079 -0.2084 0.0341
v 0.0716 -0.2084 0.0499
vn 0 -1 -0
vn 0 -1 -0
vn 0 -1 -0
vt 0.3119 0.3379
vt 0.3341 0.2769
vt 0.3443 0.2817
f 850/850/850 851/851/851 852/852/852
v 0.0716 -0.2084 0.0499
v -0.015 -0.2084 -0.0001
v -0.015 -0.2084 -0.0001
vn 0 -1 -0
vn 0 -1 -0
vn 0 -1 -0
vt 0.3443 0.2817
vt 0.3119 0.3379
vt 0.3119 0.3379
f 853/853/853 854/854/854 855/855/855
v 0.0716 -0.2084 0.0499
v 0.079 -0.2084 0.0341
v 0.079 -0.1884 0.0341
vn 0.866 0 0.5
vn 0.9397 0 0.342
vn 0.9397 0 0.342
vt 0.7389 0.4027
vt 0.7491 0.4027
vt 0.7491 0.4157
f 856/856/856 857/857/857 858/858/858
v 0.079 -0.1884 0.0341
v 0.0716 -0.1884 0.0499
v 0.0716 -0.2084 0.0499
vn 0.9397 0 0.342
vn 0.866 0 0.5
vn 0.866 0 0.5
vt 0.7491 0.4157
vt 0.7389 0.4157
vt 0.7389 0.4027
f 859/859/859 860/860/860 861/861/861
v 0.065 -0.1847 0.0461
v 0.0718 -0.1847 0.0315
v -0.015 -0.1847 -0.0001
vn 0.2022 0.9724 0.1167
vn 0.2194 0.9724 0.0798
vn 0 1 -0
vt 0.7414 0.4181
vt 0.7508 0.4181
vt 0.7713 0.4181
f 862/862/862 863/863/863 864/864/864
v -0.015 -0.1847 -0.0001
v -0.015 -0.1847 -0.0001
v 0.065 -0.1847 0.0461
vn 0 1 -0
vn 0 1 -0
vn 0.2022 0.9724 0.1167
vt 0.7713 0.4181
vt 0.7713 0.4181
vt 0.7414 0.4181
f 865/865/865 866/866/866 867/867/867
v -0.015 -0.1884 -0.0001
v -0.015 -0.2084 -0.0001
v -0.015 -0.2084 -0.0001
vn 1 0 -0
vn 1 0 -0
vn 1 0 -0
vt 0.7713 0.4157
vt 0.7713 0.4027
vt 0.7713 0.4027
f 868/868/868 869/869/869 870/870/870
v -0.015 -0.2084 -0.0001
v -0.015 -0.1884 -0.0001
v -0.015 -0.1884 -0.0001
vn 1 0 -0
vn 1 0 -0
vn 1 0 -0
vt 0.7713 0.4027
vt 0.7713 0.4157
vt 0.7713 0.4157
f 871/871/871 872/872/872 873/873/873
v -0.015 -0.2084 -0.0001
v 0.0835 -0.2084 0.0173
v 0.079 -0.2084 0.0341
vn 0 -1 -0
vn 0 -1 -0
vn 0 -1 -0
vt 0.3119 0.3379
vt 0.3231 0.274
vt 0.3341 0.2769
f 874/874/874 875/875/875 876/876/876
v 0.079 -0.2084 0.0341
v -0.015 -0.2084 -0.0001
v -0.015 -0.2084 -0.0001
vn 0 -1 -0
vn 0 -1 -0
vn 0 -1 -0
vt 0.3341 0.2769
vt 0.3119 0.3379
vt 0.3119 0.3379
f 877/877/877 878/878/878 879/879/879
v 0.079 -0.2084 0.0341
v 0.0835 -0.2084 0.0173
v 0.0835 -0.1884 0.0173
vn 0.9397 0 0.342
vn 0.9848 0 0.1737
vn 0.9848 0 0.1737
vt 0.7491 0.4027
vt 0.7601 0.4027
vt 0.7601 0.4157
f 880/880/880 881/881/881 882/882/882
v 0.0835 -0.1884 0.0173
v 0.079 -0.1884 0.0341
v 0.079 -0.2084 0.0341
vn 0.9848 0 0.1737
vn 0.9397 0 0.342
vn 0.9397 0 0.342
vt 0.7601 0.4157
vt 0.7491 0.4157
vt 0.7491 0.4027
f 883/883/883 884/884/884 885/885/885
v 0.0718 -0.1847 0.0315
v 0.0759 -0.1847 0.0159
v -0.015 -0.1847 -0.0001
vn 0.2194 0.9724 0.0798
vn 0.2299 0.9724 0.0405
vn 0 1 -0
vt 0.7508 0.4181
vt 0.7609 0.4181
vt 0.7713 0.4181
f 886/886/886 887/887/887 888/888/888
v -0.015 -0.1847 -0.0001
v -0.015 -0.1847 -0.0001
v 0.0718 -0.1847 0.0315
vn 0 1 -0
vn 0 1 -0
vn 0.2194 0.9724 0.0798
vt 0.7713 0.4181
vt 0.7713 0.4181
vt 0.7508 0.4181
f 889/889/889 890/890/890 891/891/891
v -0.015 -0.1884 -0.0001
v -0.015 -0.2084 -0.0001
v -0.015 -0.2084 -0.0001
vn 1 0 -0
vn 1 0 -0
vn 1 0 -0
vt 0.7713 0.4157
vt 0.7713 0.4027
vt 0.7713 0.4027
f 892/892/892 893/893/893 894/894/894
v -0.015 -0.2084 -0.0001
v -0.015 -0.1884 -0.0001
v -0.015 -0.1884 -0.0001
vn 1 0 -0
vn 1 0 -0
vn 1 0 -0
vt 0.7713 0.4027
vt 0.7713 0.4157
vt 0.7713 0.4157
f 895/895/895 896/896/896 897/897/897
v -0.015 -0.2084 -0.0001
v 0.085 -0.2084 -0.0001
v 0.0835 -0.2084 0.0173
vn 0 -1 -0
vn 0 -1 -0
vn 0 -1 -0
vt 0.3119 0.3379
vt 0.3119 0.273
vt 0.3231 0.274
f 898/898/898 899/899/899 900/900/900
v 0.0835 -0.2084 0.0173
v -0.015 -0.2084 -0.0001
v -0.015 -0.2084 -0.0001
vn 0 -1 -0
vn 0 -1 -0
vn 0 -1 -0
vt 0.3231 0.274
vt 0.3119 0.3379
vt 0.3119 0.3379
f 901/901/901 902/902/902 903/903/903
v 0.0835 -0.2084 0.0173
v 0.085 -0.2084 -0.0001
v 0.085 -0.1884 -0.0001
vn 0.9848 0 0.1737
vn 1 0 0
vn 1 0 0
vt 0.7601 0.4027
vt 0.7713 0.4027
vt 0.7713 0.4157
f 904/904/904 905/905/905 906/906/906
v 0.085 -0.1884 -0.0001
v 0.0835 -0.1884 0.0173
v 0.0835 -0.2084 0.0173
vn 1 0 0
vn 0.9848 0 0.1737
vn 0.9848 0 0.1737
vt 0.7713 0.4157
vt 0.7601 0.4157
vt 0.7601 0.4027
f 907/907/907 908/908/908 909/909/909
v 0.0759 -0.1847 0.0159
v 0.0773 -0.1847 -0.0001
v -0.015 -0.1847 -0.0001
vn 0.2299 0.9724 0.0405
vn 0.2334 0.9724 0
vn 0 1 -0
vt 0.7609 0.4181
vt 0.7713 0.4181
vt 0.7713 0.4181
f 910/910/910 911/911/911 912/912/912
v -0.015 -0.1847 -0.0001
v -0.015 -0.1847 -0.0001
v 0.0759 -0.1847 0.0159
vn 0 1 -0
vn 0 1 -0
vn 0.2299 0.9724 0.0405
vt 0.7713 0.4181
vt 0.7713 0.4181
vt 0.7609 0.4181
f 913/913/913 914/914/914 915/915/915
v -0.015 -0.1884 -0.0001
v -0.015 -0.2084 -0.0001
v -0.015 -0.2084 -0.0001
vn 1 0 -0
vn 1 0 -0
vn 1 0 -0
vt 0.7713 0.4157
vt 0.7713 0.4027
vt 0.7713 0.4027
f 916/916/916 917/917/917 918/918/918
v -0.015 -0.2084 -0.0001
v -0.015 -0.1884 -0.0001
v -0.015 -0.1884 -0.0001
vn 1 0 -0
vn 1 0 -0
vn 1 0 -0
vt 0.7713 0.4027
vt 0.7713 0.4157
vt 0.7713 0.4157
f 919/919/919 920/920/920 921/921/921
v -0.015 -0.2084 -0.0001
v 0.0835 -0.2084 -0.0174
v 0.085 -0.2084 -0.0001
vn 0 -1 -0
vn 0 -1 -0
vn 0 -1 -0
vt 0.3119 0.3379
vt 0.3006 0.274
vt 0.3119 0.273
f 922/922/922 923/923/923 924/924/924
v 0.085 -0.2084 -0.0001
v -0.015 -0.2084 -0.0001
v -0.015 -0.2084 -0.0001
vn 0 -1 -0
vn 0 -1 -0
vn 0 -1 -0
vt 0.3119 0.273
vt 0.3119 0.3379
vt 0.3119 0.3379
f 925/925/925 926/926/926 927/927/927
v 0.085 -0.2084 -0.0001
v 0.0835 -0.2084 -0.0174
v 0.0835 -0.1884 -0.0174
vn 1 0 0
vn 0.9848 0 -0.1737
vn 0.9848 0 -0.1737
vt 0.7713 0.4027
vt 0.7826 0.4027
vt 0.7826 0.4157
f 928/928/928 929/929/929 930/930/930
v 0.0835 -0.1884 -0.0174
v 0.085 -0.1884 -0.0001
v 0.085 -0.2084 -0.0001
vn 0.9848 0 -0.1737
vn 1 0 0
vn 1 0 0
vt 0.7826 0.4157
vt 0.7713 0.4157
vt 0.7713 0.4027
f 931/931/931 932/932/932 933/933/933
v 0.0773 -0.1847 -0.0001
v 0.0759 -0.1847 -0.0161
v -0.015 -0.1847 -0.0001
vn 0.2334 0.9724 0
vn 0.2299 0.9724 -0.0405
vn 0 1 -0
vt 0.7713 0.4181
vt 0.7817 0.4181
vt 0.7713 0.4181
f 934/934/934 935/935/935 936/936/936
v -0.015 -0.1847 -0.0001
v -0.015 -0.1847 -0.0001
v 0.0773 -0.1847 -0.0001
vn 0 1 -0
vn 0 1 -0
vn 0.2334 0.9724 0
vt 0.7713 0.4181
vt 0.7713 0.4181
vt 0.7713 0.4181
f 937/937/937 938/938/938 939/939/939
v -0.015 -0.1884 -0.0001
v -0.015 -0.2084 -0.0001
v -0.015 -0.2084 -0.0001
vn 1 0 -0
vn 1 0 -0
vn 1 0 -0
vt 0.7713 0.4157
vt 0.7713 0.4027
vt 0.7713 0.4027
f 940/940/940 941/941/941 942/942/942
v -0.015 -0.2084 -0.0001
v -0.015 -0.1884 -0.0001
v -0.015 -0.1884 -0.0001
vn 1 0 -0
vn 1 0 -0
vn 1 0 -0
vt 0.7713 0.4027
vt 0.7713 0.4157
vt 0.7713 0.4157
f 943/943/943 944/944/944 945/945/945
v -0.015 -0.2084 -0.0001
v 0.079 -0.2084 -0.0343
v 0.0835 -0.2084 -0.0174
vn 0 -1 -0
vn 0 -1 -0
vn 0 -1 -0
vt 0.3119 0.3379
vt 0.2897 0.2769
vt 0.3006 0.274
f 946/946/946 947/947/947 948/948/948
v 0.0835 -0.2084 -0.0174
v -0.015 -0.2084 -0.0001
v -0.015 -0.2084 -0.0001
vn 0 -1 -0
vn 0 -1 -0
vn 0 -1 -0
vt 0.3006 0.274
vt 0.3119 0.3379
vt 0.3119 0.3379
f 949/949/949 950/950/950 951/951/951
v 0.0835 -0.2084 -0.0174
v 0.079 -0.2084 -0.0343
v 0.079 -0.1884 -0.0343
vn 0.9848 0 -0.1737
vn 0.9397 0 -0.342
vn 0.9397 0 -0.342
vt 0.7826 0.4027
vt 0.7935 0.4027
vt 0.7935 0.4157
f 952/952/952 953/953/953 954/954/954
v 0.079 -0.1884 -0.0343
v 0.0835 -0.1884 -0.0174
v 0.0835 -0.2084 -0.0174
vn 0.9397 0 -0.342
vn 0.9848 0 -0.1737
vn 0.9848 0 -0.1737
vt 0.7935 0.4157
vt 0.7826 0.4157
vt 0.7826 0.4027
f 955/955/955 956/956/956 957/957/957
v 0.0759 -0.1847 -0.0161
v 0.0718 -0.1847 -0.0317
v -0.015 -0.1847 -0.0001
vn 0.2299 0.9724 -0.0405
vn 0.2194 0.9724 -0.0798
vn 0 1 -0
vt 0.7817 0.4181
vt 0.7918 0.4181
vt 0.7713 0.4181
f 958/958/958 959/959/959 960/960/960
v -0.015 -0.1847 -0.0001
v -0.015 -0.1847 -0.0001
v 0.0759 -0.1847 -0.0161
vn 0 1 -0
vn 0 1 -0
vn 0.2299 0.9724 -0.0405
vt 0.7713 0.4181
vt 0.7713 0.4181
vt 0.7817 0.4181
f 961/961/961 962/962/962 963/963/963
v -0.015 -0.1884 -0.0001
v -0.015 -0.2084 -0.0001
v -0.015 -0.2084 -0.0001
vn 1 0 -0
vn 1 0 -0
vn 1 0 -0
vt 0.7713 0.4157
vt 0.7713 0.4027
vt 0.7713 0.4027
f 964/964/964 965/965/965 966/966/966
v -0.015 -0.2084 -0.0001
v -0.015 -0.1884 -0.0001
v -0.015 -0.1884 -0.0001
vn 1 0 -0
vn 1 0 -0
vn 1 0 -0
vt 0.7713 0.4027
vt 0.7713 0.4157
vt 0.7713 0.4157
f 967/967/967 968/968/968 969/969/969
v -0.015 -0.2084 -0.0001
v 0.0716 -0.2084 -0.0501
v 0.079 -0.2084 -0.0343
vn 0 -1 -0
vn 0 -1 -0
vn 0 -1 -0
vt 0.3119 0.3379
vt 0.2795 0.2817
vt 0.2897 0.2769
f 970/970/970 971/971/971 972/972/972
v 0.079 -0.2084 -0.0343
v -0.015 -0.2084 -0.0001
v -0.015 -0.2084 -0.0001
vn 0 -1 -0
vn 0 -1 -0
vn 0 -1 -0
vt 0.2897 0.2769
vt 0.3119 0.3379
vt 0.3119 0.3379
f 973/973/973 974/974/974 975/975/975
v 0.079 -0.2084 -0.0343
v 0.0716 -0.2084 -0.0501
v 0.0716 -0.1884 -0.0501
vn 0.9397 0 -0.342
vn 0.866 0 -0.5
vn 0.866 0 -0.5
vt 0.7935 0.4027
vt 0.8038 0.4027
vt 0.8038 0.4157
f 976/976/976 977/977/977 978/978/978
v 0.0716 -0.1884 -0.0501
v 0.079 -0.1884 -0.0343
v 0.079 -0.2084 -0.0343
vn 0.866 0 -0.5
vn 0.9397 0 -0.342
vn 0.9397 0 -0.342
vt 0.8038 0.4157
vt 0.7935 0.4157
vt 0.7935 0.4027
f 979/979/979 980/980/980 981/981/981
v 0.0718 -0.1847 -0.0317
v 0.065 -0.1847 -0.0462
v -0.015 -0.1847 -0.0001
vn 0.2194 0.9724 -0.0798
vn 0.2022 0.9724 -0.1167
vn 0 1 -0
vt 0.7918 0.4181
vt 0.8013 0.4181
vt 0.7713 0.4181
f 982/982/982 983/983/983 984/984/984
v -0.015 -0.1847 -0.0001
v -0.015 -0.1847 -0.0001
v 0.0718 -0.1847 -0.0317
vn 0 1 -0
vn 0 1 -0
vn 0.2194 0.9724 -0.0798
vt 0.7713 0.4181
vt 0.7713 0.4181
vt 0.7918 0.4181
f 985/985/985 986/986/986 987/987/987
v -0.015 -0.1884 -0.0001
v -0.015 -0.2084 -0.0001
v -0.015 -0.2084 -0.0001
vn 1 0 -0
vn 1 0 -0
vn 1 0 -0
vt 0.7713 0.4157
vt 0.7713 0.4027
vt 0.7713 0.4027
f 988/988/988 989/989/989 990/990/990
v -0.015 -0.2084 -0.0001
v -0.015 -0.1884 -0.0001
v -0.015 -0.1884 -0.0001
vn 1 0 -0
vn 1 0 -0
vn 1 0 -0
vt 0.7713 0.4027
vt 0.7713 0.4157
vt 0.7713 0.4157
f 991/991/991 992/992/992 993/993/993
v -0.015 -0.2084 -0.0001
v 0.0616 -0.2084 -0.0644
v 0.0716 -0.2084 -0.0501
vn 0 -1 -0
vn 0 -1 -0
vn 0 -1 -0
vt 0.3119 0.3379
vt 0.2702 0.2882
vt 0.2795 0.2817
f 994/994/994 995/995/995 996/996/996
v 0.0716 -0.2084 -0.0501
v -0.015 -0.2084 -0.0001
v -0.015 -0.2084 -0.0001
vn 0 -1 -0
vn 0 -1 -0
vn 0 -1 -0
vt 0.2795 0.2817
vt 0.3119 0.3379
vt 0.3119 0.3379
f 997/997/997 998/998/998 999/999/999
v 0.0716 -0.2084 -0.0501
v 0.0616 -0.2084 -0.0644
v 0.0616 -0.1884 -0.0644
vn 0.866 0 -0.5
vn 0.766 0 -0.6428
vn 0.766 0 -0.6428
vt 0.8038 0.4027
vt 0.813 0.4027
vt 0.813 0.4157
f 1000/1000/1000 1001/1001/1001 1002/1002/1002
v 0.0616 -0.1884 -0.0644
v 0.0716 -0.1884 -0.0501
v 0.0716 -0.2084 -0.0501
vn 0.766 0 -0.6428
vn 0.866 0 -0.5
vn 0.866 0 -0.5
vt 0.813 0.4157
vt 0.8038 0.4157
vt 0.8038 0.4027
f 1003/1003/1003 1004/1004/1004 1005/1005/1005
v 0.065 -0.1847 -0.0462
v 0.0557 -0.1847 -0.0594
v -0.015 -0.1847 -0.0001
vn 0.2022 0.9724 -0.1167
vn 0.1788 0.9724 -0.1501
vn 0 1 -0
vt 0.8013 0.4181
vt 0.8098 0.4181
vt 0.7713 0.4181
f 1006/1006/1006 1007/1007/1007 1008/1008/1008
v -0.015 -0.1847 -0.0001
v -0.015 -0.1847 -0.0001
v 0.065 -0.1847 -0.0462
vn 0 1 -0
vn 0 1 -0
vn 0.2022 0.9724 -0.1167
vt 0.7713 0.4181
vt 0.7713 0.4181
vt 0.8013 0.4181
f 1009/1009/1009 1010/1010/1010 1011/1011/1011
v -0.015 -0.1884 -0.0001
v -0.015 -0.2084 -0.0001
v -0.015 -0.2084 -0.0001
vn 1 0 -0
vn 1 0 -0
vn 1 0 -0
vt 0.7713 0.4157
vt 0.7713 0.4027
vt 0.7713 0.4027
f 1012/1012/1012 1013/1013/1013 1014/1014/1014
v -0.015 -0.2084 -0.0001
v -0.015 -0.1884 -0.0001
v -0.015 -0.1884 -0.0001
vn 1 0 -0
vn 1 0 -0
vn 1 0 -0
vt 0.7713 0.4027
vt 0.7713 0.4157
vt 0.7713 0.4157
f 1015/1015/1015 1016/1016/1016 1017/1017/1017
v -0.015 -0.2084 -0.0001
v 0.0493 -0.2084 -0.0767
v 0.0616 -0.2084 -0.0644
vn 0 -1 -0
vn 0 -1 -0
vn 0 -1 -0
vt 0.3119 0.3379
vt 0.2622 0.2962
vt 0.2702 0.2882
f 1018/1018/1018 1019/1019/1019 1020/1020/1020
v 0.0616 -0.2084 -0.0644
v -0.015 -0.2084 -0.0001
v -0.015 -0.2084 -0.0001
vn 0 -1 -0
vn 0 -1 -0
vn 0 -1 -0
vt 0.2702 0.2882
vt 0.3119 0.3379
vt 0.3119 0.3379
f 1021/1021/1021 1022/1022/1022 1023/1023/1023
v 0.0616 -0.2084 -0.0644
v 0.0493 -0.2084 -0.0767
v 0.0493 -0.1884 -0.0767
vn 0.766 0 -0.6428
vn 0.6428 0 -0.766
vn 0.6428 0 -0.766
vt 0.813 0.4027
vt 0.821 0.4027
vt 0.821 0.4157
f 1024/1024/1024 1025/1025/1025 1026/1026/1026
v 0.0493 -0.1884 -0.0767
v 0.0616 -0.1884 -0.0644
v 0.0616 -0.2084 -0.0644
vn 0.6428 0 -0.766
vn 0.766 0 -0.6428
vn 0.766 0 -0.6428
vt 0.821 0.4157
vt 0.813 0.4157
vt 0.813 0.4027
f 1027/1027/1027 1028/1028/1028 1029/1029/1029
v 0.0557 -0.1847 -0.0594
v 0.0443 -0.1847 -0.0708
v -0.015 -0.1847 -0.0001
vn 0.1788 0.9724 -0.1501
vn 0.1501 0.9724 -0.1788
vn 0 1 -0
vt 0.8098 0.4181
vt 0.8172 0.4181
vt 0.7713 0.4181
f 1030/1030/1030 1031/1031/1031 1032/1032/1032
v -0.015 -0.1847 -0.0001
v -0.015 -0.1847 -0.0001
v 0.0557 -0.1847 -0.0594
vn 0 1 -0
vn 0 1 -0
vn 0.1788 0.9724 -0.1501
vt 0.7713 0.4181
vt 0.7713 0.4181
vt 0.8098 0.4181
f 1033/1033/1033 1034/1034/1034 1035/1035/1035
v -0.015 -0.1884 -0.0001
v -0.015 -0.2084 -0.0001
v -0.015 -0.2084 -0.0001
vn 1 0 -0
vn 1 0 -0
vn 1 0 -0
vt 0.7713 0.4157
vt 0.7713 0.4027
vt 0.7713 0.4027
f 1036/1036/1036 1037/1037/1037 1038/1038/1038
v -0.015 -0.2084 -0.0001
v -0.015 -0.1884 -0.0001
v -0.015 -0.1884 -0.0001
vn 1 0 -0
vn 1 0 -0
vn 1 0 -0
vt 0.7713 0.4027
vt 0.7713 0.4157
vt 0.7713 0.4157
f 1039/1039/1039 1040/1040/1040 1041/1041/1041
v -0.015 -0.2084 -0.0001
v 0.035 -0.2084 -0.0867
v 0.0493 -0.2084 -0.0767
vn 0 -1 -0
vn 0 -1 -0
vn 0 -1 -0
vt 0.3119 0.3379
vt 0.2557 0.3054
vt 0.2622 0.2962
f 1042/1042/1042 1043/1043/1043 1044/1044/1044
v 0.0493 -0.2084 -0.0767
v -0.015 -0.2084 -0.0001
v -0.015 -0.2084 -0.0001
vn 0 -1 -0
vn 0 -1 -0
vn 0 -1 -0
vt 0.2622 0.2962
vt 0.3119 0.3379
vt 0.3119 0.3379
f 1045/1045/1045 1046/1046/1046 1047/1047/1047
v 0.0493 -0.2084 -0.0767
v 0.035 -0.2084 -0.0867
v 0.035 -0.1884 -0.0867
vn 0.6428 0 -0.766
vn 0.5 0 -0.866
vn 0.5 0 -0.866
vt 0.821 0.4027
vt 0.8275 0.4027
vt 0.8275 0.4157
f 1048/1048/1048 1049/1049/1049 1050/1050/1050
v 0.035 -0.1884 -0.0867
v 0.0493 -0.1884 -0.0767
v 0.0493 -0.2084 -0.0767
vn 0.5 0 -0.866
vn 0.6428 0 -0.766
vn 0.6428 0 -0.766
vt 0.8275 0.4157
vt 0.821 0.4157
vt 0.821 0.4027
f 1051/1051/1051 1052/1052/1052 1053/1053/1053
v 0.0443 -0.1847 -0.0708
v 0.0312 -0.1847 -0.08
v -0.015 -0.1847 -0.0001
vn 0.1501 0.9724 -0.1788
vn 0.1167 0.9724 -0.2022
vn 0 1 -0
vt 0.8172 0.4181
vt 0.8232 0.4181
vt 0.7713 0.4181
f 1054/1054/1054 1055/1055/1055 1056/1056/1056
v -0.015 -0.1847 -0.0001
v -0.015 -0.1847 -0.0001
v 0.0443 -0.1847 -0.0708
vn 0 1 -0
vn 0 1 -0
vn 0.1501 0.9724 -0.1788
vt 0.7713 0.4181
vt 0.7713 0.4181
vt 0.8172 0.4181
f 1057/1057/1057 1058/1058/1058 1059/1059/1059
v -0.015 -0.1884 -0.0001
v -0.015 -0.2084 -0.0001
v -0.015 -0.2084 -0.0001
vn 1 0 -0
vn 1 0 -0
vn 1 0 -0
vt 0.7713 0.4157
vt 0.7713 0.4027
vt 0.7713 0.4027
f 1060/1060/1060 1061/1061/1061 1062/1062/1062
v -0.015 -0.2084 -0.0001
v -0.015 -0.1884 -0.0001
v -0.015 -0.1884 -0.0001
vn 1 0 -0
vn 1 0 -0
vn 1 0 -0
vt 0.7713 0.4027
vt 0.7713 0.4157
vt 0.7713 0.4157
f 1063/1063/1063 1064/1064/1064 1065/1065/1065
v -0.015 -0.2084 -0.0001
v 0.0192 -0.2084 -0.0941
v 0.035 -0.2084 -0.0867
vn 0 -1 -0
vn 0 -1 -0
vn 0 -1 -0
vt 0.3119 0.3379
vt 0.2509 0.3157
vt 0.2557 0.3054
f 1066/1066/1066 1067/1067/1067 1068/1068/1068
v 0.035 -0.2084 -0.0867
v -0.015 -0.2084 -0.0001
v -0.015 -0.2084 -0.0001
vn 0 -1 -0
vn 0 -1 -0
vn 0 -1 -0
vt 0.2557 0.3054
vt 0.3119 0.3379
vt 0.3119 0.3379
f 1069/1069/1069 1070/1070/1070 1071/1071/1071
v 0.035 -0.2084 -0.0867
v 0.0192 -0.2084 -0.0941
v 0.0192 -0.1884 -0.0941
vn 0.5 0 -0.866
vn 0.342 0 -0.9397
vn 0.342 0 -0.9397
vt 0.8275 0.4027
vt 0.8323 0.4027
vt 0.8323 0.4157
f 1072/1072/1072 1073/1073/1073 1074/1074/1074
v 0.0192 -0.1884 -0.0941
v 0.035 -0.1884 -0.0867
v 0.035 -0.2084 -0.0867
vn 0.342 0 -0.9397
vn 0.5 0 -0.866
vn 0.5 0 -0.866
vt 0.8323 0.4157
vt 0.8275 0.4157
vt 0.8275 0.4027
f 1075/1075/1075 1076/1076/1076 1077/1077/1077
v 0.0312 -0.1847 -0.08
v 0.0166 -0.1847 -0.0868
v -0.015 -0.1847 -0.0001
vn 0.1167 0.9724 -0.2022
vn 0.0798 0.9724 -0.2194
vn 0 1 -0
vt 0.8232 0.4181
vt 0.8276 0.4181
vt 0.7713 0.4181
f 1078/1078/1078 1079/1079/1079 1080/1080/1080
v -0.015 -0.1847 -0.0001
v -0.015 -0.1847 -0.0001
v 0.0312 -0.1847 -0.08
vn 0 1 -0
vn 0 1 -0
vn 0.1167 0.9724 -0.2022
vt 0.7713 0.4181
vt 0.7713 0.4181
vt 0.8232 0.4181
f 1081/1081/1081 1082/1082/1082 1083/1083/1083
v -0.015 -0.1884 -0.0001
v -0.015 -0.2084 -0.0001
v -0.015 -0.2084 -0.0001
vn 1 0 -0
vn 1 0 -0
vn 1 0 -0
vt 0.7713 0.4157
vt 0.7713 0.4027
vt 0.7713 0.4027
f 1084/1084/1084 1085/1085/1085 1086/1086/1086
v -0.015 -0.2084 -0.0001
v -0.015 -0.1884 -0.0001
v -0.015 -0.1884 -0.0001
vn 1 0 -0
vn 1 0 -0
vn 1 0 -0
vt 0.7713 0.4027
vt 0.7713 0.4157
vt 0.7713 0.4157
f 1087/1087/1087 1088/1088/1088 1089/1089/1089
v -0.015 -0.2084 -0.0001
v 0.0024 -0.2084 -0.0986
v 0.0192 -0.2084 -0.0941
vn 0 -1 -0
vn 0 -1 -0
vn 0 -1 -0
vt 0.3119 0.3379
vt 0.248 0.3266
vt 0.2509 0.3157
f 1090/1090/1090 1091/1091/1091 1092/1092/1092
v 0.0192 -0.2084 -0.0941
v -0.015 -0.2084 -0.0001
v -0.015 -0.2084 -0.0001
vn 0 -1 -0
vn 0 -1 -0
vn 0 -1 -0
vt 0.2509 0.3157
vt 0.3119 0.3379
vt 0.3119 0.3379
f 1093/1093/1093 1094/1094/1094 1095/1095/1095
v 0.0192 -0.2084 -0.0941
v 0.0024 -0.2084 -0.0986
v 0.0024 -0.1884 -0.0986
vn 0.342 0 -0.9397
vn 0.1736 0 -0.9848
vn 0.1736 0 -0.9848
vt 0.0653 0.4027
vt 0.0763 0.4027
vt 0.0763 0.4157
f 1096/1096/1096 1097/1097/1097 1098/1098/1098
v 0.0024 -0.1884 -0.0986
v 0.0192 -0.1884 -0.0941
v 0.0192 -0.2084 -0.0941
vn 0.1736 0 -0.9848
vn 0.342 0 -0.9397
vn 0.342 0 -0.9397
vt 0.0763 0.4157
vt 0.0653 0.4157
vt 0.0653 0.4027
f 1099/1099/1099 1100/1100/1100 1101/1101/1101
v 0.0166 -0.1847 -0.0868
v 0.001 -0.1847 -0.091
v -0.015 -0.1847 -0.0001
vn 0.0798 0.9724 -0.2194
vn 0.0405 0.9724 -0.2299
vn 0 1 -0
vt 0.8276 0.4181
vt 0.8303 0.4181
vt 0.7713 0.4181
f 1102/1102/1102 1103/1103/1103 1104/1104/1104
v -0.015 -0.1847 -0.0001
v -0.015 -0.1847 -0.0001
v 0.0166 -0.1847 -0.0868
vn 0 1 -0
vn 0 1 -0
vn 0.0798 0.9724 -0.2194
vt 0.7713 0.4181
vt 0.7713 0.4181
vt 0.8276 0.4181
f 1105/1105/1105 1106/1106/1106 1107/1107/1107
v -0.015 -0.1884 -0.0001
v -0.015 -0.2084 -0.0001
v -0.015 -0.2084 -0.0001
vn 1 0 -0
vn 1 0 -0
vn 1 0 -0
vt 0.7713 0.4157
vt 0.7713 0.4027
vt 0.7713 0.4027
f 1108/1108/1108 1109/1109/1109 1110/1110/1110
v -0.015 -0.2084 -0.0001
v -0.015 -0.1884 -0.0001
v -0.015 -0.1884 -0.0001
vn 1 0 -0
vn 1 0 -0
vn 1 0 -0
vt 0.7713 0.4027
vt 0.7713 0.4157
vt 0.7713 0.4157
f 1111/1111/1111 1112/1112/1112 1113/1113/1113
v -0.015 -0.2084 -0.0001
v -0.015 -0.2084 -0.1001
v 0.0024 -0.2084 -0.0986
vn 0 -1 -0
vn 0 -1 -0
vn 0 -1 -0
vt 0.3119 0.3379
vt 0.247 0.3379
vt 0.248 0.3266
f 1114/1114/1114 1115/1115/1115 1116/1116/1116
v 0.0024 -0.2084 -0.0986
v -0.015 -0.2084 -0.0001
v -0.015 -0.2084 -0.0001
vn 0 -1 -0
vn 0 -1 -0
vn 0 -1 -0
vt 0.248 0.3266
vt 0.3119 0.3379
vt 0.3119 0.3379
f 1117/1117/1117 1118/1118/1118 1119/1119/1119
v 0.0024 -0.2084 -0.0986
v -0.015 -0.2084 -0.1001
v -0.015 -0.1884 -0.1001
vn 0.1736 0 -0.9848
vn 0 0 -1
vn 0 0 -1
vt 0.0763 0.4027
vt 0.0875 0.4027
vt 0.0875 0.4157
f 1120/1120/1120 1121/1121/1121 1122/1122/1122
v -0.015 -0.1884 -0.1001
v 0.0024 -0.1884 -0.0986
v 0.0024 -0.2084 -0.0986
vn 0 0 -1
vn 0.1736 0 -0.9848
vn 0.1736 0 -0.9848
vt 0.0875 0.4157
vt 0.0763 0.4157
vt 0.0763 0.4027
f 1123/1123/1123 1124/1124/1124 1125/1125/1125
v 0.001 -0.1847 -0.091
v -0.015 -0.1847 -0.0924
v -0.015 -0.1847 -0.0001
vn 0.0405 0.9724 -0.2299
vn 0 0.9724 -0.2334
vn 0 1 -0
vt 0.8303 0.4181
vt 0.8312 0.4181
vt 0.7713 0.4181
f 1126/1126/1126 1127/1127/1127 1128/1128/1128
v -0.015 -0.1847 -0.0001
v -0.015 -0.1847 -0.0001
v 0.001 -0.1847 -0.091
vn 0 1 -0
vn 0 1 -0
vn 0.0405 0.9724 -0.2299
vt 0.7713 0.4181
vt 0.7713 0.4181
vt 0.8303 0.4181
f 1129/1129/1129 1130/1130/1130 1131/1131/1131
v -0.015 -0.1884 -0.0001
v -0.015 -0.2084 -0.0001
v -0.015 -0.2084 -0.0001
vn 1 0 -0
vn 1 0 -0
vn 1 0 -0
vt 0.7713 0.4157
vt 0.7713 0.4027
vt 0.7713 0.4027
f 1132/1132/1132 1133/1133/1133 1134/1134/1134
v -0.015 -0.2084 -0.0001
v -0.015 -0.1884 -0.0001
v -0.015 -0.1884 -0.0001
vn 1 0 -0
vn 1 0 -0
vn 1 0 -0
vt 0.7713 0.4027
vt 0.7713 0.4157
vt 0.7713 0.4157
f 1135/1135/1135 1136/1136/1136 1137/1137/1137
v -0.015 -0.2084 -0.0001
v -0.0324 -0.2084 -0.0986
v -0.015 -0.2084 -0.1001
vn 0 -1 -0
vn 0 -1 -0
vn 0 -1 -0
vt 0.3119 0.3379
vt 0.248 0.3491
vt 0.247 0.3379
f 1138/1138/1138 1139/1139/1139 1140/1140/1140
v -0.015 -0.2084 -0.1001
v -0.015 -0.2084 -0.0001
v -0.015 -0.2084 -0.0001
vn 0 -1 -0
vn 0 -1 -0
vn 0 -1 -0
vt 0.247 0.3379
vt 0.3119 0.3379
vt 0.3119 0.3379
f 1141/1141/1141 1142/1142/1142 1143/1143/1143
v -0.015 -0.2084 -0.1001
v -0.0324 -0.2084 -0.0986
v -0.0324 -0.1884 -0.0986
vn 0 0 -1
vn -0.1736 0 -0.9848
vn -0.1736 0 -0.9848
vt 0.0875 0.4027
vt 0.0988 0.4027
vt 0.0988 0.4157
f 1144/1144/1144 1145/1145/1145 1146/1146/1146
v -0.0324 -0.1884 -0.0986
v -0.015 -0.1884 -0.1001
v -0.015 -0.2084 -0.1001
vn -0.1736 0 -0.9848
vn 0 0 -1
vn 0 0 -1
vt 0.0988 0.4157
vt 0.0875 0.4157
vt 0.0875 0.4027
f 1147/1147/1147 1148/1148/1148 1149/1149/1149
v -0.015 -0.1847 -0.0924
v -0.031 -0.1847 -0.091
v -0.015 -0.1847 -0.0001
vn 0 0.9724 -0.2334
vn -0.0405 0.9724 -0.2299
vn 0 1 -0
vt 0.8312 0.4181
vt 0.8303 0.4181
vt 0.7713 0.4181
f 1150/1150/1150 1151/1151/1151 1152/1152/1152
v -0.015 -0.1847 -0.0001
v -0.015 -0.1847 -0.0001
v -0.015 -0.1847 -0.0924
vn 0 1 -0
vn 0 1 -0
vn 0 0.9724 -0.2334
vt 0.7713 0.4181
vt 0.7713 0.4181
vt 0.8312 0.4181
f 1153/1153/1153 1154/1154/1154 1155/1155/1155
v -0.015 -0.1884 -0.0001
v -0.015 -0.2084 -0.0001
v -0.015 -0.2084 -0.0001
vn 1 0 -0
vn 1 0 -0
vn 1 0 -0
vt 0.7713 0.4157
vt 0.7713 0.4027
vt 0.7713 0.4027
f 1156/1156/1156 1157/1157/1157 1158/1158/1158
v -0.015 -0.2084 -0.0001
v -0.015 -0.1884 -0.0001
v -0.015 -0.1884 -0.0001
vn 1 0 -0
vn 1 0 -0
vn 1 0 -0
vt 0.7713 0.4027
vt 0.7713 0.4157
vt 0.7713 0.4157
f 1159/1159/1159 1160/1160/1160 1161/1161/1161
v -0.015 -0.2084 -0.0001
v -0.0492 -0.2084 -0.0941
v -0.0324 -0.2084 -0.0986
vn 0 -1 -0
vn 0 -1 -0
vn 0 -1 -0
vt 0.3119 0.3379
vt 0.2509 0.3601
vt 0.248 0.3491
f 1162/1162/1162 1163/1163/1163 1164/1164/1164
v -0.0324 -0.2084 -0.0986
v -0.015 -0.2084 -0.0001
v -0.015 -0.2084 -0.0001
vn 0 -1 -0
vn 0 -1 -0
vn 0 -1 -0
vt 0.248 0.3491
vt 0.3119 0.3379
vt 0.3119 0.3379
f 1165/1165/1165 1166/1166/1166 1167/1167/1167
v -0.0324 -0.2084 -0.0986
v -0.0492 -0.2084 -0.0941
v -0.0492 -0.1884 -0.0941
vn -0.1736 0 -0.9848
vn -0.342 0 -0.9397
vn -0.342 0 -0.9397
vt 0.0988 0.4027
vt 0.1097 0.4027
vt 0.1097 0.4157
f 1168/1168/1168 1169/1169/1169 1170/1170/1170
v -0.0492 -0.1884 -0.0941
v -0.0324 -0.1884 -0.0986
v -0.0324 -0.2084 -0.0986
vn -0.342 0 -0.9397
vn -0.1736 0 -0.9848
vn -0.1736 0 -0.9848
vt 0.1097 0.4157
vt 0.0988 0.4157
vt 0.0988 0.4027
f 1171/1171/1171 1172/1172/1172 1173/1173/1173
v -0.031 -0.1847 -0.091
v -0.0466 -0.1847 -0.0868
v -0.015 -0.1847 -0.0001
vn -0.0405 0.9724 -0.2299
vn -0.0798 0.9724 -0.2194
vn 0 1 -0
vt 0.8303 0.4181
vt 0.8276 0.4181
vt 0.7713 0.4181
f 1174/1174/1174 1175/1175/1175 1176/1176/1176
v -0.015 -0.1847 -0.0001
v -0.015 -0.1847 -0.0001
v -0.031 -0.1847 -0.091
vn 0 1 -0
vn 0 1 -0
vn -0.0405 0.9724 -0.2299
vt 0.7713 0.4181
vt 0.7713 0.4181
vt 0.8303 0.4181
f 1177/1177/1177 1178/1178/1178 1179/1179/1179
v -0.015 -0.1884 -0.0001
v -0.015 -0.2084 -0.0001
v -0.015 -0.2084 -0.0001
vn 1 0 -0
vn 1 0 -0
vn 1 0 -0
vt 0.7713 0.4157
vt 0.7713 0.4027
vt 0.7713 0.4027
f 1180/1180/1180 1181/1181/1181 1182/1182/1182
v -0.015 -0.2084 -0.0001
v -0.015 -0.1884 -0.0001
v -0.015 -0.1884 -0.0001
vn 1 0 -0
vn 1 0 -0
vn 1 0 -0
vt 0.7713 0.4027
vt 0.7713 0.4157
vt 0.7713 0.4157
f 1183/1183/1183 1184/1184/1184 1185/1185/1185
v -0.015 -0.2084 -0.0001
v -0.065 -0.2084 -0.0867
v -0.0492 -0.2084 -0.0941
vn 0 -1 -0
vn 0 -1 -0
vn 0 -1 -0
vt 0.3119 0.3379
vt 0.2557 0.3703
vt 0.2509 0.3601
f 1186/1186/1186 1187/1187/1187 1188/1188/1188
v -0.0492 -0.2084 -0.0941
v -0.015 -0.2084 -0.0001
v -0.015 -0.2084 -0.0001
vn 0 -1 -0
vn 0 -1 -0
vn 0 -1 -0
vt 0.2509 0.3601
vt 0.3119 0.3379
vt 0.3119 0.3379
f 1189/1189/1189 1190/1190/1190 1191/1191/1191
v -0.0492 -0.2084 -0.0941
v -0.065 -0.2084 -0.0867
v -0.065 -0.1884 -0.0867
vn -0.342 0 -0.9397
vn -0.5 0 -0.866
vn -0.5 0 -0.866
vt 0.2509 0.4027
vt 0.2557 0.4027
vt 0.2557 0.4157
f 1192/1192/1192 1193/1193/1193 1194/1194/1194
v -0.065 -0.1884 -0.0867
v -0.0492 -0.1884 -0.0941
v -0.0492 -0.2084 -0.0941
vn -0.5 0 -0.866
vn -0.342 0 -0.9397
vn -0.342 0 -0.9397
vt 0.2557 0.4157
vt 0.2509 0.4157
vt 0.2509 0.4027
f 1195/1195/1195 1196/1196/1196 1197/1197/1197
v -0.0466 -0.1847 -0.0868
v -0.0612 -0.1847 -0.08
v -0.015 -0.1847 -0.0001
vn -0.0798 0.9724 -0.2194
vn -0.1167 0.9724 -0.2022
vn 0 1 -0
vt 0.8276 0.4181
vt 0.8232 0.4181
vt 0.7713 0.4181
f 1198/1198/1198 1199/1199/1199 1200/1200/1200
v -0.015 -0.1847 -0.0001
v -0.015 -0.1847 -0.0001
v -0.0466 -0.1847 -0.0868
vn 0 1 -0
vn 0 1 -0
vn -0.0798 0.9724 -0.2194
vt 0.7713 0.4181
vt 0.7713 0.4181
vt 0.8276 0.4181
f 1201/1201/1201 1202/1202/1202 1203/1203/1203
v -0.015 -0.1884 -0.0001
v -0.015 -0.2084 -0.0001
v -0.015 -0.2084 -0.0001
vn 1 0 -0
vn 1 0 -0
vn 1 0 -0
vt 0.7713 0.4157
vt 0.7713 0.4027
vt 0.7713 0.4027
f 1204/1204/1204 1205/1205/1205 1206/1206/1206
v -0.015 -0.2084 -0.0001
v -0.015 -0.1884 -0.0001
v -0.015 -0.1884 -0.0001
vn 1 0 -0
vn 1 0 -0
vn 1 0 -0
vt 0.7713 0.4027
vt 0.7713 0.4157
vt 0.7713 0.4157
f 1207/1207/1207 1208/1208/1208 1209/1209/1209
v -0.015 -0.2084 -0.0001
v -0.0793 -0.2084 -0.0767
v -0.065 -0.2084 -0.0867
vn 0 -1 -0
vn 0 -1 -0
vn 0 -1 -0
vt 0.3119 0.3379
vt 0.2622 0.3796
vt 0.2557 0.3703
f 1210/1210/1210 1211/1211/1211 1212/1212/1212
v -0.065 -0.2084 -0.0867
v -0.015 -0.2084 -0.0001
v -0.015 -0.2084 -0.0001
vn 0 -1 -0
vn 0 -1 -0
vn 0 -1 -0
vt 0.2557 0.3703
vt 0.3119 0.3379
vt 0.3119 0.3379
f 1213/1213/1213 1214/1214/1214 1215/1215/1215
v -0.065 -0.2084 -0.0867
v -0.0793 -0.2084 -0.0767
v -0.0793 -0.1884 -0.0767
vn -0.5 0 -0.866
vn -0.6428 0 -0.766
vn -0.6428 0 -0.766
vt 0.2557 0.4027
vt 0.2622 0.4027
vt 0.2622 0.4157
f 1216/1216/1216 1217/1217/1217 1218/1218/1218
v -0.0793 -0.1884 -0.0767
v -0.065 -0.1884 -0.0867
v -0.065 -0.2084 -0.0867
vn -0.6428 0 -0.766
vn -0.5 0 -0.866
vn -0.5 0 -0.866
vt 0.2622 0.4157
vt 0.2557 0.4157
vt 0.2557 0.4027
f 1219/1219/1219 1220/1220/1220 1221/1221/1221
v -0.0612 -0.1847 -0.08
v -0.0743 -0.1847 -0.0708
v -0.015 -0.1847 -0.0001
vn -0.1167 0.9724 -0.2022
vn -0.1501 0.9724 -0.1788
vn 0 1 -0
vt 0.8232 0.4181
vt 0.8172 0.4181
vt 0.7713 0.4181
f 1222/1222/1222 1223/1223/1223 1224/1224/1224
v -0.015 -0.1847 -0.0001
v -0.015 -0.1847 -0.0001
v -0.0612 -0.1847 -0.08
vn 0 1 -0
vn 0 1 -0
vn -0.1167 0.9724 -0.2022
vt 0.7713 0.4181
vt 0.7713 0.4181
vt 0.8232 0.4181
f 1225/1225/1225 1226/1226/1226 1227/1227/1227
v -0.015 -0.1884 -0.0001
v -0.015 -0.2084 -0.0001
v -0.015 -0.2084 -0.0001
vn 1 0 -0
vn 1 0 -0
vn 1 0 -0
vt 0.7713 0.4157
vt 0.7713 0.4027
vt 0.7713 0.4027
f 1228/1228/1228 1229/1229/1229 1230/1230/1230
v -0.015 -0.2084 -0.0001
v -0.015 -0.1884 -0.0001
v -0.015 -0.1884 -0.0001
vn 1 0 -0
vn 1 0 -0
vn 1 0 -0
vt 0.7713 0.4027
vt 0.7713 0.4157
vt 0.7713 0.4157
f 1231/1231/1231 1232/1232/1232 1233/1233/1233
v -0.015 -0.2084 -0.0001
v -0.0916 -0.2084 -0.0644
v -0.0793 -0.2084 -0.0767
vn 0 -1 -0
vn 0 -1 -0
vn 0 -1 -0
vt 0.3119 0.3379
vt 0.2702 0.3876
vt 0.2622 0.3796
f 1234/1234/1234 1235/1235/1235 1236/1236/1236
v -0.0793 -0.2084 -0.0767
v -0.015 -0.2084 -0.0001
v -0.015 -0.2084 -0.0001
vn 0 -1 -0
vn 0 -1 -0
vn 0 -1 -0
vt 0.2622 0.3796
vt 0.3119 0.3379
vt 0.3119 0.3379
f 1237/1237/1237 1238/1238/1238 1239/1239/1239
v -0.0793 -0.2084 -0.0767
v -0.0916 -0.2084 -0.0644
v -0.0916 -0.1884 -0.0644
vn -0.6428 0 -0.766
vn -0.766 0 -0.6428
vn -0.766 0 -0.6428
vt 0.2622 0.4027
vt 0.2702 0.4027
vt 0.2702 0.4157
f 1240/1240/1240 1241/1241/1241 1242/1242/1242
v -0.0916 -0.1884 -0.0644
v -0.0793 -0.1884 -0.0767
v -0.0793 -0.2084 -0.0767
vn -0.766 0 -0.6428
vn -0.6428 0 -0.766
vn -0.6428 0 -0.766
vt 0.2702 0.4157
vt 0.2622 0.4157
vt 0.2622 0.4027
f 1243/1243/1243 1244/1244/1244 1245/1245/1245
v -0.0743 -0.1847 -0.0708
v -0.0857 -0.1847 -0.0594
v -0.015 -0.1847 -0.0001
vn -0.1501 0.9724 -0.1788
vn -0.1788 0.9724 -0.1501
vn 0 1 -0
vt 0.8172 0.4181
vt 0.8098 0.4181
vt 0.7713 0.4181
f 1246/1246/1246 1247/1247/1247 1248/1248/1248
v -0.015 -0.1847 -0.0001
v -0.015 -0.1847 -0.0001
v -0.0743 -0.1847 -0.0708
vn 0 1 -0
vn 0 1 -0
vn -0.1501 0.9724 -0.1788
vt 0.7713 0.4181
vt 0.7713 0.4181
vt 0.8172 0.4181
f 1249/1249/1249 1250/1250/1250 1251/1251/1251
v -0.015 -0.1884 -0.0001
v -0.015 -0.2084 -0.0001
v -0.015 -0.2084 -0.0001
vn 1 0 -0
vn 1 0 -0
vn 1 0 -0
vt 0.7713 0.4157
vt 0.7713 0.4027
vt 0.7713 0.4027
f 1252/1252/1252 1253/1253/1253 1254/1254/1254
v -0.015 -0.2084 -0.0001
v -0.015 -0.1884 -0.0001
v -0.015 -0.1884 -0.0001
vn 1 0 -0
vn 1 0 -0
vn 1 0 -0
vt 0.7713 0.4027
vt 0.7713 0.4157
vt 0.7713 0.4157
f 1255/1255/1255 1256/1256/1256 1257/1257/1257
v -0.015 -0.2084 -0.0001
v -0.1016 -0.2084 -0.0501
v -0.0916 -0.2084 -0.0644
vn 0 -1 -0
vn 0 -1 -0
vn 0 -1 -0
vt 0.3119 0.3379
vt 0.2795 0.3941
vt 0.2702 0.3876
f 1258/1258/1258 1259/1259/1259 1260/1260/1260
v -0.0916 -0.2084 -0.0644
v -0.015 -0.2084 -0.0001
v -0.015 -0.2084 -0.0001
vn 0 -1 -0
vn 0 -1 -0
vn 0 -1 -0
vt 0.2702 0.3876
vt 0.3119 0.3379
vt 0.3119 0.3379
f 1261/1261/1261 1262/1262/1262 1263/1263/1263
v -0.0916 -0.2084 -0.0644
v -0.1016 -0.2084 -0.0501
v -0.1016 -0.1884 -0.0501
vn -0.766 0 -0.6428
vn -0.866 0 -0.5
vn -0.866 0 -0.5
vt 0.2702 0.4027
vt 0.2795 0.4027
vt 0.2795 0.4157
f 1264/1264/1264 1265/1265/1265 1266/1266/1266
v -0.1016 -0.1884 -0.0501
v -0.0916 -0.1884 -0.0644
v -0.0916 -0.2084 -0.0644
vn -0.866 0 -0.5
vn -0.766 0 -0.6428
vn -0.766 0 -0.6428
vt 0.2795 0.4157
vt 0.2702 0.4157
vt 0.2702 0.4027
f 1267/1267/1267 1268/1268/1268 1269/1269/1269
v -0.0857 -0.1847 -0.0594
v -0.0949 -0.1847 -0.0462
v -0.015 -0.1847 -0.0001
vn -0.1788 0.9724 -0.1501
vn -0.2022 0.9724 -0.1167
vn 0 1 -0
vt 0.8098 0.4181
vt 0.8013 0.4181
vt 0.7713 0.4181
f 1270/1270/1270 1271/1271/1271 1272/1272/1272
v -0.015 -0.1847 -0.0001
v -0.015 -0.1847 -0.0001
v -0.0857 -0.1847 -0.0594
vn 0 1 -0
vn 0 1 -0
vn -0.1788 0.9724 -0.1501
vt 0.7713 0.4181
vt 0.7713 0.4181
vt 0.8098 0.4181
f 1273/1273/1273 1274/1274/1274 1275/1275/1275
v -0.015 -0.1884 -0.0001
v -0.015 -0.2084 -0.0001
v -0.015 -0.2084 -0.0001
vn 1 0 -0
vn 1 0 -0
vn 1 0 -0
vt 0.7713 0.4157
vt 0.7713 0.4027
vt 0.7713 0.4027
f 1276/1276/1276 1277/1277/1277 1278/1278/1278
v -0.015 -0.2084 -0.0001
v -0.015 -0.1884 -0.0001
v -0.015 -0.1884 -0.0001
vn 1 0 -0
vn 1 0 -0
vn 1 0 -0
vt 0.7713 0.4027
vt 0.7713 0.4157
vt 0.7713 0.4157
f 1279/1279/1279 1280/1280/1280 1281/1281/1281
v -0.015 -0.2084 -0.0001
v -0.109 -0.2084 -0.0343
v -0.1016 -0.2084 -0.0501
vn 0 -1 -0
vn 0 -1 -0
vn 0 -1 -0
vt 0.3119 0.3379
vt 0.2897 0.3988
vt 0.2795 0.3941
f 1282/1282/1282 1283/1283/1283 1284/1284/1284
v -0.1016 -0.2084 -0.0501
v -0.015 -0.2084 -0.0001
v -0.015 -0.2084 -0.0001
vn 0 -1 -0
vn 0 -1 -0
vn 0 -1 -0
vt 0.2795 0.3941
vt 0.3119 0.3379
vt 0.3119 0.3379
f 1285/1285/1285 1286/1286/1286 1287/1287/1287
v -0.1016 -0.2084 -0.0501
v -0.109 -0.2084 -0.0343
v -0.109 -0.1884 -0.0343
vn -0.866 0 -0.5
vn -0.9397 0 -0.342
vn -0.9397 0 -0.342
vt 0.2795 0.4027
vt 0.2897 0.4027
vt 0.2897 0.4157
f 1288/1288/1288 1289/1289/1289 1290/1290/1290
v -0.109 -0.1884 -0.0343
v -0.1016 -0.1884 -0.0501
v -0.1016 -0.2084 -0.0501
vn -0.9397 0 -0.342
vn -0.866 0 -0.5
vn -0.866 0 -0.5
vt 0.2897 0.4157
vt 0.2795 0.4157
vt 0.2795 0.4027
f 1291/1291/1291 1292/1292/1292 1293/1293/1293
v -0.0949 -0.1847 -0.0462
v -0.1018 -0.1847 -0.0317
v -0.015 -0.1847 -0.0001
vn -0.2022 0.9724 -0.1167
vn -0.2194 0.9724 -0.0798
vn 0 1 -0
vt 0.8013 0.4181
vt 0.7918 0.4181
vt 0.7713 0.4181
f 1294/1294/1294 1295/1295/1295 1296/1296/1296
v -0.015 -0.1847 -0.0001
v -0.015 -0.1847 -0.0001
v -0.0949 -0.1847 -0.0462
vn 0 1 -0
vn 0 1 -0
vn -0.2022 0.9724 -0.1167
vt 0.7713 0.4181
vt 0.7713 0.4181
vt 0.8013 0.4181
f 1297/1297/1297 1298/1298/1298 1299/1299/1299
v -0.015 -0.1884 -0.0001
v -0.015 -0.2084 -0.0001
v -0.015 -0.2084 -0.0001
vn 1 0 -0
vn 1 0 -0
vn 1 0 -0
vt 0.7713 0.4157
vt 0.7713 0.4027
vt 0.7713 0.4027
f 1300/1300/1300 1301/1301/1301 1302/1302/1302
v -0.015 -0.2084 -0.0001
v -0.015 -0.1884 -0.0001
v -0.015 -0.1884 -0.0001
vn 1 0 -0
vn 1 0 -0
vn 1 0 -0
vt 0.7713 0.4027
vt 0.7713 0.4157
vt 0.7713 0.4157
f 1303/1303/1303 1304/1304/1304 1305/1305/1305
v -0.015 -0.2084 -0.0001
v -0.1135 -0.2084 -0.0174
v -0.109 -0.2084 -0.0343
vn 0 -1 -0
vn 0 -1 -0
vn 0 -1 -0
vt 0.3119 0.3379
vt 0.3006 0.4018
vt 0.2897 0.3988
f 1306/1306/1306 1307/1307/1307 1308/1308/1308
v -0.109 -0.2084 -0.0343
v -0.015 -0.2084 -0.0001
v -0.015 -0.2084 -0.0001
vn 0 -1 -0
vn 0 -1 -0
vn 0 -1 -0
vt 0.2897 0.3988
vt 0.3119 0.3379
vt 0.3119 0.3379
f 1309/1309/1309 1310/1310/1310 1311/1311/1311
v -0.109 -0.2084 -0.0343
v -0.1135 -0.2084 -0.0174
v -0.1135 -0.1884 -0.0174
vn -0.9397 0 -0.342
vn -0.9848 0 -0.1736
vn -0.9848 0 -0.1736
vt 0.2897 0.4027
vt 0.3006 0.4027
vt 0.3006 0.4157
f 1312/1312/1312 1313/1313/1313 1314/1314/1314
v -0.1135 -0.1884 -0.0174
v -0.109 -0.1884 -0.0343
v -0.109 -0.2084 -0.0343
vn -0.9848 0 -0.1736
vn -0.9397 0 -0.342
vn -0.9397 0 -0.342
vt 0.3006 0.4157
vt 0.2897 0.4157
vt 0.2897 0.4027
f 1315/1315/1315 1316/1316/1316 1317/1317/1317
v -0.1018 -0.1847 -0.0317
v -0.1059 -0.1847 -0.0161
v -0.015 -0.1847 -0.0001
vn -0.2194 0.9724 -0.0798
vn -0.2299 0.9724 -0.0405
vn 0 1 -0
vt 0.7918 0.4181
vt 0.7817 0.4181
vt 0.7713 0.4181
f 1318/1318/1318 1319/1319/1319 1320/1320/1320
v -0.015 -0.1847 -0.0001
v -0.015 -0.1847 -0.0001
v -0.1018 -0.1847 -0.0317
vn 0 1 -0
vn 0 1 -0
vn -0.2194 0.9724 -0.0798
vt 0.7713 0.4181
vt 0.7713 0.4181
vt 0.7918 0.4181
f 1321/1321/1321 1322/1322/1322 1323/1323/1323
v -0.015 -0.1884 -0.0001
v -0.015 -0.2084 -0.0001
v -0.015 -0.2084 -0.0001
vn 1 0 -0
vn 1 0 -0
vn 1 0 -0
vt 0.7713 0.4157
vt 0.7713 0.4027
vt 0.7713 0.4027
f 1324/1324/1324 1325/1325/1325 1326/1326/1326
v -0.015 -0.2084 -0.0001
v -0.015 -0.1884 -0.0001
v -0.015 -0.1884 -0.0001
vn 1 0 -0
vn 1 0 -0
vn 1 0 -0
vt 0.7713 0.4027
vt 0.7713 0.4157
vt 0.7713 0.4157
f 1327/1327/1327 1328/1328/1328 1329/1329/1329
v -0.015 -0.2084 -0.0001
v -0.115 -0.2084 -0.0001
v -0.1135 -0.2084 -0.0174
vn 0 -1 -0
vn 0 -1 -0
vn 0 -1 -0
vt 0.3119 0.3379
vt 0.3119 0.4027
vt 0.3006 0.4018
f 1330/1330/1330 1331/1331/1331 1332/1332/1332
v -0.1135 -0.2084 -0.0174
v -0.015 -0.2084 -0.0001
v -0.015 -0.2084 -0.0001
vn 0 -1 -0
vn 0 -1 -0
vn 0 -1 -0
vt 0.3006 0.4018
vt 0.3119 0.3379
vt 0.3119 0.3379
f 1333/1333/1333 1334/1334/1334 1335/1335/1335
v -0.1135 -0.2084 -0.0174
v -0.115 -0.2084 -0.0001
v -0.115 -0.1884 -0.0001
vn -0.9848 0 -0.1736
vn -1 0 0
vn -1 0 0
vt 0.3006 0.4027
vt 0.3119 0.4027
vt 0.3119 0.4157
f 1336/1336/1336 1337/1337/1337 1338/1338/1338
v -0.115 -0.1884 -0.0001
v -0.1135 -0.1884 -0.0174
v -0.1135 -0.2084 -0.0174
vn -1 0 0
vn -0.9848 0 -0.1736
vn -0.9848 0 -0.1736
vt 0.3119 0.4157
vt 0.3006 0.4157
vt 0.3006 0.4027
f 1339/1339/1339 1340/1340/1340 1341/1341/1341
v -0.1059 -0.1847 -0.0161
v -0.1073 -0.1847 -0.0001
v -0.015 -0.1847 -0.0001
vn -0.2299 0.9724 -0.0405
vn -0.2334 0.9724 -0
vn 0 1 -0
vt 0.7817 0.4181
vt 0.7713 0.4181
vt 0.7713 0.4181
f 1342/1342/1342 1343/1343/1343 1344/1344/1344
v -0.015 -0.1847 -0.0001
v -0.015 -0.1847 -0.0001
v -0.1059 -0.1847 -0.0161
vn 0 1 -0
vn 0 1 -0
vn -0.2299 0.9724 -0.0405
vt 0.7713 0.4181
vt 0.7713 0.4181
vt 0.7817 0.4181
f 1345/1345/1345 1346/1346/1346 1347/1347/1347
v -0.015 -0.1884 -0.0001
v -0.015 -0.2084 -0.0001
v -0.015 -0.2084 -0.0001
vn 1 0 -0
vn 1 0 -0
vn 1 0 -0
vt 0.7713 0.4157
vt 0.7713 0.4027
vt 0.7713 0.4027
f 1348/1348/1348 1349/1349/1349 1350/1350/1350
v -0.015 -0.2084 -0.0001
v -0.015 -0.1884 -0.0001
v -0.015 -0.1884 -0.0001
vn 1 0 -0
vn 1 0 -0
vn 1 0 -0
vt 0.7713 0.4027
vt 0.7713 0.4157
vt 0.7713 0.4157
f 1351/1351/1351 1352/1352/1352 1353/1353/1353
v -0.015 -0.2084 -0.0001
v -0.1135 -0.2084 0.0173
v -0.115 -0.2084 -0.0001
vn 0 -1 -0
vn 0 -1 -0
vn 0 -1 -0
vt 0.3119 0.3379
vt 0.3231 0.4018
vt 0.3119 0.4027
f 1354/1354/1354 1355/1355/1355 1356/1356/1356
v -0.115 -0.2084 -0.0001
v -0.015 -0.2084 -0.0001
v -0.015 -0.2084 -0.0001
vn 0 -1 -0
vn 0 -1 -0
vn 0 -1 -0
vt 0.3119 0.4027
vt 0.3119 0.3379
vt 0.3119 0.3379
f 1357/1357/1357 1358/1358/1358 1359/1359/1359
v -0.115 -0.2084 -0.0001
v -0.1135 -0.2084 0.0173
v -0.1135 -0.1884 0.0173
vn -1 0 0
vn -0.9848 0 0.1736
vn -0.9848 0 0.1736
vt 0.3119 0.4027
vt 0.3231 0.4027
vt 0.3231 0.4157
f 1360/1360/1360 1361/1361/1361 1362/1362/1362
v -0.1135 -0.1884 0.0173
v -0.115 -0.1884 -0.0001
v -0.115 -0.2084 -0.0001
vn -0.9848 0 0.1736
vn -1 0 0
vn -1 0 0
vt 0.3231 0.4157
vt 0.3119 0.4157
vt 0.3119 0.4027
f 1363/1363/1363 1364/1364/1364 1365/1365/1365
v -0.1073 -0.1847 -0.0001
v -0.1059 -0.1847 0.0159
v -0.015 -0.1847 -0.0001
vn -0.2334 0.9724 -0
vn -0.2299 0.9724 0.0405
vn 0 1 -0
vt 0.7713 0.4181
vt 0.7609 0.4181
vt 0.7713 0.4181
f 1366/1366/1366 1367/1367/1367 1368/1368/1368
v -0.015 -0.1847 -0.0001
v -0.015 -0.1847 -0.0001
v -0.1073 -0.1847 -0.0001
vn 0 1 -0
vn 0 1 -0
vn -0.2334 0.9724 -0
vt 0.7713 0.4181
vt 0.7713 0.4181
vt 0.7713 0.4181
f 1369/1369/1369 1370/1370/1370 1371/1371/1371
v -0.015 -0.1884 -0.0001
v -0.015 -0.2084 -0.0001
v -0.015 -0.2084 -0.0001
vn 1 0 -0
vn 1 0 -0
vn 1 0 -0
vt 0.7713 0.4157
vt 0.7713 0.4027
vt 0.7713 0.4027
f 1372/1372/1372 1373/1373/1373 1374/1374/1374
v -0.015 -0.2084 -0.0001
v -0.015 -0.1884 -0.0001
v -0.015 -0.1884 -0.0001
vn 1 0 -0
vn 1 0 -0
vn 1 0 -0
vt 0.7713 0.4027
vt 0.7713 0.4157
vt 0.7713 0.4157
f 1375/1375/1375 1376/1376/1376 1377/1377/1377
v -0.015 -0.2084 -0.0001
v -0.109 -0.2084 0.0341
v -0.1135 -0.2084 0.0173
vn 0 -1 -0
vn 0 -1 -0
vn 0 -1 -0
vt 0.3119 0.3379
vt 0.3341 0.3988
vt 0.3231 0.4018
f 1378/1378/1378 1379/1379/1379 1380/1380/1380
v -0.1135 -0.2084 0.0173
v -0.015 -0.2084 -0.0001
v -0.015 -0.2084 -0.0001
vn 0 -1 -0
vn 0 -1 -0
vn 0 -1 -0
vt 0.3231 0.4018
vt 0.3119 0.3379
vt 0.3119 0.3379
f 1381/1381/1381 1382/1382/1382 1383/1383/1383
v -0.1135 -0.2084 0.0173
v -0.109 -0.2084 0.0341
v -0.109 -0.1884 0.0341
vn -0.9848 0 0.1736
vn -0.9397 0 0.342
vn -0.9397 0 0.342
vt 0.3231 0.4027
vt 0.3341 0.4027
vt 0.3341 0.4157
f 1384/1384/1384 1385/1385/1385 1386/1386/1386
v -0.109 -0.1884 0.0341
v -0.1135 -0.1884 0.0173
v -0.1135 -0.2084 0.0173
vn -0.9397 0 0.342
vn -0.9848 0 0.1736
vn -0.9848 0 0.1736
vt 0.3341 0.4157
vt 0.3231 0.4157
vt 0.3231 0.4027
f 1387/1387/1387 1388/1388/1388 1389/1389/1389
v -0.1059 -0.1847 0.0159
v -0.1018 -0.1847 0.0315
v -0.015 -0.1847 -0.0001
vn -0.2299 0.9724 0.0405
vn -0.2194 0.9724 0.0798
vn 0 1 -0
vt 0.7609 0.4181
vt 0.7508 0.4181
vt 0.7713 0.4181
f 1390/1390/1390 1391/1391/1391 1392/1392/1392
v -0.015 -0.1847 -0.0001
v -0.015 -0.1847 -0.0001
v -0.1059 -0.1847 0.0159
vn 0 1 -0
vn 0 1 -0
vn -0.2299 0.9724 0.0405
vt 0.7713 0.4181
vt 0.7713 0.4181
vt 0.7609 0.4181
f 1393/1393/1393 1394/1394/1394 1395/1395/1395
v -0.015 -0.1884 -0.0001
v -0.015 -0.2084 -0.0001
v -0.015 -0.2084 -0.0001
vn 1 0 -0
vn 1 0 -0
vn 1 0 -0
vt 0.7713 0.4157
vt 0.7713 0.4027
vt 0.7713 0.4027
f 1396/1396/1396 1397/1397/1397 1398/1398/1398
v -0.015 -0.2084 -0.0001
v -0.015 -0.1884 -0.0001
v -0.015 -0.1884 -0.0001
vn 1 0 -0
vn 1 0 -0
vn 1 0 -0
vt 0.7713 0.4027
vt 0.7713 0.4157
vt 0.7713 0.4157
f 1399/1399/1399 1400/1400/1400 1401/1401/1401
v -0.015 -0.2084 -0.0001
v -0.1016 -0.2084 0.0499
v -0.109 -0.2084 0.0341
vn 0 -1 -0
vn 0 -1 -0
vn 0 -1 -0
vt 0.3119 0.3379
vt 0.3443 0.3941
vt 0.3341 0.3988
f 1402/1402/1402 1403/1403/1403 1404/1404/1404
v -0.109 -0.2084 0.0341
v -0.015 -0.2084 -0.0001
v -0.015 -0.2084 -0.0001
vn 0 -1 -0
vn 0 -1 -0
vn 0 -1 -0
vt 0.3341 0.3988
vt 0.3119 0.3379
vt 0.3119 0.3379
f 1405/1405/1405 1406/1406/1406 1407/1407/1407
v -0.109 -0.2084 0.0341
v -0.1016 -0.2084 0.0499
v -0.1016 -0.1884 0.0499
vn -0.9397 0 0.342
vn -0.866 0 0.5
vn -0.866 0 0.5
vt 0.3341 0.4027
vt 0.3443 0.4027
vt 0.3443 0.4157
f 1408/1408/1408 1409/1409/1409 1410/1410/1410
v -0.1016 -0.1884 0.0499
v -0.109 -0.1884 0.0341
v -0.109 -0.2084 0.0341
vn -0.866 0 0.5
vn -0.9397 0 0.342
vn -0.9397 0 0.342
vt 0.3443 0.4157
vt 0.3341 0.4157
vt 0.3341 0.4027
f 1411/1411/1411 1412/1412/1412 1413/1413/1413
v -0.1018 -0.1847 0.0315
v -0.0949 -0.1847 0.0461
v -0.015 -0.1847 -0.0001
vn -0.2194 0.9724 0.0798
vn -0.2022 0.9724 0.1167
vn 0 1 -0
vt 0.7508 0.4181
vt 0.7414 0.4181
vt 0.7713 0.4181
f 1414/1414/1414 1415/1415/1415 1416/1416/1416
v -0.015 -0.1847 -0.0001
v -0.015 -0.1847 -0.0001
v -0.1018 -0.1847 0.0315
vn 0 1 -0
vn 0 1 -0
vn -0.2194 0.9724 0.0798
vt 0.7713 0.4181
vt 0.7713 0.4181
vt 0.7508 0.4181
f 1417/1417/1417 1418/1418/1418 1419/1419/1419
v -0.015 -0.1884 -0.0001
v -0.015 -0.2084 -0.0001
v -0.015 -0.2084 -0.0001
vn 1 0 -0
vn 1 0 -0
vn 1 0 -0
vt 0.7713 0.4157
vt 0.7713 0.4027
vt 0.7713 0.4027
f 1420/1420/1420 1421/1421/1421 1422/1422/1422
v -0.015 -0.2084 -0.0001
v -0.015 -0.1884 -0.0001
v -0.015 -0.1884 -0.0001
vn 1 0 -0
vn 1 0 -0
vn 1 0 -0
vt 0.7713 0.4027
vt 0.7713 0.4157
vt 0.7713 0.4157
f 1423/1423/1423 1424/1424/1424 1425/1425/1425
v -0.015 -0.2084 -0.0001
v -0.0916 -0.2084 0.0642
v -0.1016 -0.2084 0.0499
vn 0 -1 -0
vn 0 -1 -0
vn 0 -1 -0
vt 0.3119 0.3379
vt 0.3536 0.3876
vt 0.3443 0.3941
f 1426/1426/1426 1427/1427/1427 1428/1428/1428
v -0.1016 -0.2084 0.0499
v -0.015 -0.2084 -0.0001
v -0.015 -0.2084 -0.0001
vn 0 -1 -0
vn 0 -1 -0
vn 0 -1 -0
vt 0.3443 0.3941
vt 0.3119 0.3379
vt 0.3119 0.3379
f 1429/1429/1429 1430/1430/1430 1431/1431/1431
v -0.1016 -0.2084 0.0499
v -0.0916 -0.2084 0.0642
v -0.0916 -0.1884 0.0642
vn -0.866 0 0.5
vn -0.766 0 0.6428
vn -0.766 0 0.6428
vt 0.3443 0.4027
vt 0.3536 0.4027
vt 0.3536 0.4157
f 1432/1432/1432 1433/1433/1433 1434/1434/1434
v -0.0916 -0.1884 0.0642
v -0.1016 -0.1884 0.0499
v -0.1016 -0.2084 0.0499
vn -0.766 0 0.6428
vn -0.866 0 0.5
vn -0.866 0 0.5
vt 0.3536 0.4157
vt 0.3443 0.4157
vt 0.3443 0.4027
f 1435/1435/1435 1436/1436/1436 1437/1437/1437
v -0.0949 -0.1847 0.0461
v -0.0857 -0.1847 0.0593
v -0.015 -0.1847 -0.0001
vn -0.2022 0.9724 0.1167
vn -0.1788 0.9724 0.1501
vn 0 1 -0
vt 0.7414 0.4181
vt 0.7328 0.4181
vt 0.7713 0.4181
f 1438/1438/1438 1439/1439/1439 1440/1440/1440
v -0.015 -0.1847 -0.0001
v -0.015 -0.1847 -0.0001
v -0.0949 -0.1847 0.0461
vn 0 1 -0
vn 0 1 -0
vn -0.2022 0.9724 0.1167
vt 0.7713 0.4181
vt 0.7713 0.4181
vt 0.7414 0.4181
f 1441/1441/1441 1442/1442/1442 1443/1443/1443
v -0.015 -0.1884 -0.0001
v -0.015 -0.2084 -0.0001
v -0.015 -0.2084 -0.0001
vn 1 0 -0
vn 1 0 -0
vn 1 0 -0
vt 0.7713 0.4157
vt 0.7713 0.4027
vt 0.7713 0.4027
f 1444/1444/1444 1445/1445/1445 1446/1446/1446
v -0.015 -0.2084 -0.0001
v -0.015 -0.1884 -0.0001
v -0.015 -0.1884 -0.0001
vn 1 0 -0
vn 1 0 -0
vn 1 0 -0
vt 0.7713 0.4027
vt 0.7713 0.4157
vt 0.7713 0.4157
f 1447/1447/1447 1448/1448/1448 1449/1449/1449
v -0.015 -0.2084 -0.0001
v -0.0793 -0.2084 0.0765
v -0.0916 -0.2084 0.0642
vn 0 -1 -0
vn 0 -1 -0
vn 0 -1 -0
vt 0.3119 0.3379
vt 0.3616 0.3796
vt 0.3536 0.3876
f 1450/1450/1450 1451/1451/1451 1452/1452/1452
v -0.0916 -0.2084 0.0642
v -0.015 -0.2084 -0.0001
v -0.015 -0.2084 -0.0001
vn 0 -1 -0
vn 0 -1 -0
vn 0 -1 -0
vt 0.3536 0.3876
vt 0.3119 0.3379
vt 0.3119 0.3379
f 1453/1453/1453 1454/1454/1454 1455/1455/1455
v -0.0916 -0.2084 0.0642
v -0.0793 -0.2084 0.0765
v -0.0793 -0.1884 0.0765
vn -0.766 0 0.6428
vn -0.6428 0 0.766
vn -0.6428 0 0.766
vt 0.3536 0.4027
vt 0.3616 0.4027
vt 0.3616 0.4157
f 1456/1456/1456 1457/1457/1457 1458/1458/1458
v -0.0793 -0.1884 0.0765
v -0.0916 -0.1884 0.0642
v -0.0916 -0.2084 0.0642
vn -0.6428 0 0.766
vn -0.766 0 0.6428
vn -0.766 0 0.6428
vt 0.3616 0.4157
vt 0.3536 0.4157
vt 0.3536 0.4027
f 1459/1459/1459 1460/1460/1460 1461/1461/1461
v -0.0857 -0.1847 0.0593
v -0.0743 -0.1847 0.0706
v -0.015 -0.1847 -0.0001
vn -0.1788 0.9724 0.1501
vn -0.1501 0.9724 0.1788
vn 0 1 -0
vt 0.7328 0.4181
vt 0.7254 0.4181
vt 0.7713 0.4181
f 1462/1462/1462 1463/1463/1463 1464/1464/1464
v -0.015 -0.1847 -0.0001
v -0.015 -0.1847 -0.0001
v -0.0857 -0.1847 0.0593
vn 0 1 -0
vn 0 1 -0
vn -0.1788 0.9724 0.1501
vt 0.7713 0.4181
vt 0.7713 0.4181
vt 0.7328 0.4181
f 1465/1465/1465 1466/1466/1466 1467/1467/1467
v -0.015 -0.1884 -0.0001
v -0.015 -0.2084 -0.0001
v -0.015 -0.2084 -0.0001
vn 1 0 -0
vn 1 0 -0
vn 1 0 -0
vt 0.7713 0.4157
vt 0.7713 0.4027
vt 0.7713 0.4027
f 1468/1468/1468 1469/1469/1469 1470/1470/1470
v -0.015 -0.2084 -0.0001
v -0.015 -0.1884 -0.0001
v -0.015 -0.1884 -0.0001
vn 1 0 -0
vn 1 0 -0
vn 1 0 -0
vt 0.7713 0.4027
vt 0.7713 0.4157
vt 0.7713 0.4157
f 1471/1471/1471 1472/1472/1472 1473/1473/1473
v -0.015 -0.2084 -0.0001
v -0.065 -0.2084 0.0865
v -0.0793 -0.2084 0.0765
vn 0 -1 -0
vn 0 -1 -0
vn 0 -1 -0
vt 0.3119 0.3379
vt 0.3681 0.3703
vt 0.3616 0.3796
f 1474/1474/1474 1475/1475/1475 1476/1476/1476
v -0.0793 -0.2084 0.0765
v -0.015 -0.2084 -0.0001
v -0.015 -0.2084 -0.0001
vn 0 -1 -0
vn 0 -1 -0
vn 0 -1 -0
vt 0.3616 0.3796
vt 0.3119 0.3379
vt 0.3119 0.3379
f 1477/1477/1477 1478/1478/1478 1479/1479/1479
v -0.0793 -0.2084 0.0765
v -0.065 -0.2084 0.0865
v -0.065 -0.1884 0.0865
vn -0.6428 0 0.766
vn -0.5 0 0.866
vn -0.5 0 0.866
vt 0.3616 0.4027
vt 0.3681 0.4027
vt 0.3681 0.4157
f 1480/1480/1480 1481/1481/1481 1482/1482/1482
v -0.065 -0.1884 0.0865
v -0.0793 -0.1884 0.0765
v -0.0793 -0.2084 0.0765
vn -0.5 0 0.866
vn -0.6428 0 0.766
vn -0.6428 0 0.766
vt 0.3681 0.4157
vt 0.3616 0.4157
vt 0.3616 0.4027
f 1483/1483/1483 1484/1484/1484 1485/1485/1485
v -0.0743 -0.1847 0.0706
v -0.0612 -0.1847 0.0799
v -0.015 -0.1847 -0.0001
vn -0.1501 0.9724 0.1788
vn -0.1167 0.9724 0.2022
vn 0 1 -0
vt 0.7254 0.4181
vt 0.7195 0.4181
vt 0.7713 0.4181
f 1486/1486/1486 1487/1487/1487 1488/1488/1488
v -0.015 -0.1847 -0.0001
v -0.015 -0.1847 -0.0001
v -0.0743 -0.1847 0.0706
vn 0 1 -0
vn 0 1 -0
vn -0.1501 0.9724 0.1788
vt 0.7713 0.4181
vt 0.7713 0.4181
vt 0.7254 0.4181
f 1489/1489/1489 1490/1490/1490 1491/1491/1491
v -0.015 -0.1884 -0.0001
v -0.015 -0.2084 -0.0001
v -0.015 -0.2084 -0.0001
vn 1 0 -0
vn 1 0 -0
vn 1 0 -0
vt 0.7713 0.4157
vt 0.7713 0.4027
vt 0.7713 0.4027
f 1492/1492/1492 1493/1493/1493 1494/1494/1494
v -0.015 -0.2084 -0.0001
v -0.015 -0.1884 -0.0001
v -0.015 -0.1884 -0.0001
vn 1 0 -0
vn 1 0 -0
vn 1 0 -0
vt 0.7713 0.4027
vt 0.7713 0.4157
vt 0.7713 0.4157
f 1495/1495/1495 1496/1496/1496 1497/1497/1497
v -0.015 -0.2084 -0.0001
v -0.0492 -0.2084 0.0939
v -0.065 -0.2084 0.0865
vn 0 -1 -0
vn 0 -1 -0
vn 0 -1 -0
vt 0.3119 0.3379
vt 0.3728 0.3601
vt 0.3681 0.3703
f 1498/1498/1498 1499/1499/1499 1500/1500/1500
v -0.065 -0.2084 0.0865
v -0.015 -0.2084 -0.0001
v -0.015 -0.2084 -0.0001
vn 0 -1 -0
vn 0 -1 -0
vn 0 -1 -0
vt 0.3681 0.3703
vt 0.3119 0.3379
vt 0.3119 0.3379
f 1501/1501/1501 1502/1502/1502 1503/1503/1503
v -0.065 -0.2084 0.0865
v -0.0492 -0.2084 0.0939
v -0.0492 -0.1884 0.0939
vn -0.5 0 0.866
vn -0.342 0 0.9397
vn -0.342 0 0.9397
vt 0.3681 0.4027
vt 0.3728 0.4027
vt 0.3728 0.4157
f 1504/1504/1504 1505/1505/1505 1506/1506/1506
v -0.0492 -0.1884 0.0939
v -0.065 -0.1884 0.0865
v -0.065 -0.2084 0.0865
vn -0.342 0 0.9397
vn -0.5 0 0.866
vn -0.5 0 0.866
vt 0.3728 0.4157
vt 0.3681 0.4157
vt 0.3681 0.4027
f 1507/1507/1507 1508/1508/1508 1509/1509/1509
v -0.0612 -0.1847 0.0799
v -0.0466 -0.1847 0.0867
v -0.015 -0.1847 -0.0001
vn -0.1167 0.9724 0.2022
vn -0.0798 0.9724 0.2194
vn 0 1 -0
vt 0.7195 0.4181
vt 0.715 0.4181
vt 0.7713 0.4181
f 1510/1510/1510 1511/1511/1511 1512/1512/1512
v -0.015 -0.1847 -0.0001
v -0.015 -0.1847 -0.0001
v -0.0612 -0.1847 0.0799
vn 0 1 -0
vn 0 1 -0
vn -0.1167 0.9724 0.2022
vt 0.7713 0.4181
vt 0.7713 0.4181
vt 0.7195 0.4181
f 1513/1513/1513 1514/1514/1514 1515/1515/1515
v -0.015 -0.1884 -0.0001
v -0.015 -0.2084 -0.0001
v -0.015 -0.2084 -0.0001
vn 1 0 -0
vn 1 0 -0
vn 1 0 -0
vt 0.7713 0.4157
vt 0.7713 0.4027
vt 0.7713 0.4027
f 1516/1516/1516 1517/1517/1517 1518/1518/1518
v -0.015 -0.2084 -0.0001
v -0.015 -0.1884 -0.0001
v -0.015 -0.1884 -0.0001
vn 1 0 -0
vn 1 0 -0
vn 1 0 -0
vt 0.7713 0.4027
vt 0.7713 0.4157
vt 0.7713 0.4157
f 1519/1519/1519 1520/1520/1520 1521/1521/1521
v -0.015 -0.2084 -0.0001
v -0.0324 -0.2084 0.0984
v -0.0492 -0.2084 0.0939
vn 0 -1 -0
vn 0 -1 -0
vn 0 -1 -0
vt 0.3119 0.3379
vt 0.3758 0.3491
vt 0.3728 0.3601
f 1522/1522/1522 1523/1523/1523 1524/1524/1524
v -0.0492 -0.2084 0.0939
v -0.015 -0.2084 -0.0001
v -0.015 -0.2084 -0.0001
vn 0 -1 -0
vn 0 -1 -0
vn 0 -1 -0
vt 0.3728 0.3601
vt 0.3119 0.3379
vt 0.3119 0.3379
f 1525/1525/1525 1526/1526/1526 1527/1527/1527
v -0.0492 -0.2084 0.0939
v -0.0324 -0.2084 0.0984
v -0.0324 -0.1884 0.0984
vn -0.342 0 0.9397
vn -0.1736 0 0.9848
vn -0.1736 0 0.9848
vt 0.5194 0.4027
vt 0.5303 0.4027
vt 0.5303 0.4157
f 1528/1528/1528 1529/1529/1529 1530/1530/1530
v -0.0324 -0.1884 0.0984
v -0.0492 -0.1884 0.0939
v -0.0492 -0.2084 0.0939
vn -0.1736 0 0.9848
vn -0.342 0 0.9397
vn -0.342 0 0.9397
vt 0.5303 0.4157
vt 0.5194 0.4156
vt 0.5194 0.4027
f 1531/1531/1531 1532/1532/1532 1533/1533/1533
v -0.0466 -0.1847 0.0867
v -0.031 -0.1847 0.0908
v -0.015 -0.1847 -0.0001
vn -0.0798 0.9724 0.2194
vn -0.0405 0.9724 0.2299
vn 0 1 -0
vt 0.715 0.4181
vt 0.7123 0.4181
vt 0.7713 0.4181
f 1534/1534/1534 1535/1535/1535 1536/1536/1536
v -0.015 -0.1847 -0.0001
v -0.015 -0.1847 -0.0001
v -0.0466 -0.1847 0.0867
vn 0 1 -0
vn 0 1 -0
vn -0.0798 0.9724 0.2194
vt 0.7713 0.4181
vt 0.7713 0.4181
vt 0.715 0.4181
f 1537/1537/1537 1538/1538/1538 1539/1539/1539
v -0.015 -0.1884 -0.0001
v -0.015 -0.2084 -0.0001
v -0.015 -0.2084 -0.0001
vn 1 0 -0
vn 1 0 -0
vn 1 0 -0
vt 0.7713 0.4157
vt 0.7713 0.4027
vt 0.7713 0.4027
f 1540/1540/1540 1541/1541/1541 1542/1542/1542
v -0.015 -0.2084 -0.0001
v -0.015 -0.1884 -0.0001
v -0.015 -0.1884 -0.0001
vn 1 0 -0
vn 1 0 -0
vn 1 0 -0
vt 0.7713 0.4027
vt 0.7713 0.4157
vt 0.7713 0.4157
f 1543/1543/1543 1544/1544/1544 1545/1545/1545
v -0.015 -0.2084 -0.0001
v -0.015 -0.2084 0.0999
v -0.0324 -0.2084 0.0984
vn 0 -1 -0
vn 0 -1 -0
vn 0 -1 -0
vt 0.3119 0.3379
vt 0.3768 0.3379
vt 0.3758 0.3491
f 1546/1546/1546 1547/1547/1547 1548/1548/1548
v -0.0324 -0.2084 0.0984
v -0.015 -0.2084 -0.0001
v -0.015 -0.2084 -0.0001
vn 0 -1 -0
vn 0 -1 -0
vn 0 -1 -0
vt 0.3758 0.3491
vt 0.3119 0.3379
vt 0.3119 0.3379
f 1549/1549/1549 1550/1550/1550 1551/1551/1551
v -0.0324 -0.2084 0.0984
v -0.015 -0.2084 0.0999
v -0.015 -0.1884 0.0999
vn -0.1736 0 0.9848
vn 0 0 1
vn 0 0 1
vt 0.5303 0.4027
vt 0.5416 0.4027
vt 0.5416 0.4157
f 1552/1552/1552 1553/1553/1553 1554/1554/1554
v -0.015 -0.1884 0.0999
v -0.0324 -0.1884 0.0984
v -0.0324 -0.2084 0.0984
vn 0 0 1
vn -0.1736 0 0.9848
vn -0.1736 0 0.9848
vt 0.5416 0.4157
vt 0.5303 0.4157
vt 0.5303 0.4027
f 1555/1555/1555 1556/1556/1556 1557/1557/1557
v -0.031 -0.1847 0.0908
v -0.015 -0.1847 0.0922
v -0.015 -0.1847 -0.0001
vn -0.0405 0.9724 0.2299
vn -0 0.9724 0.2335
vn 0 1 -0
vt 0.7123 0.4181
vt 0.7114 0.4181
vt 0.7713 0.4181
f 1558/1558/1558 1559/1559/1559 1560/1560/1560
v -0.015 -0.1847 -0.0001
v -0.015 -0.1847 -0.0001
v -0.031 -0.1847 0.0908
vn 0 1 -0
vn 0 1 -0
vn -0.0405 0.9724 0.2299
vt 0.7713 0.4181
vt 0.7713 0.4181
vt 0.7123 0.4181
f 1561/1561/1561 1562/1562/1562 1563/1563/1563
v -0.015 -0.1884 -0.0001
v -0.015 -0.2084 -0.0001
v -0.015 -0.2084 -0.0001
vn 1 0 -0
vn 1 0 -0
vn 1 0 -0
vt 0.7713 0.4157
vt 0.7713 0.4027
vt 0.7713 0.4027
f 1564/1564/1564 1565/1565/1565 1566/1566/1566
v -0.015 -0.2084 -0.0001
v -0.015 -0.1884 -0.0001
v -0.015 -0.1884 -0.0001
vn 1 0 -0
vn 1 0 -0
vn 1 0 -0
vt 0.7713 0.4027
vt 0.7713 0.4157
vt 0.7713 0.4157
f 1567/1567/1567 1568/1568/1568 1569/1569/1569
v -0.015 -0.1884 -0.0001
v -0.015 -0.1884 -0.0001
v -0.015 -0.1847 -0.0001
vn 1 0 -0
vn 1 0 -0
vn 0 1 -0
vt 0.7713 0.4157
vt 0.7713 0.4157
vt 0.7713 0.4181
f 1570/1570/1570 1571/1571/1571 1572/1572/1572
v -0.015 -0.1847 -0.0001
v -0.015 -0.1847 -0.0001
v -0.015 -0.1884 -0.0001
vn 0 1 -0
vn 0 1 -0
vn 1 0 -0
vt 0.7713 0.4181
vt 0.7713 0.4181
vt 0.7713 0.4157
f 1573/1573/1573 1574/1574/1574 1575/1575/1575
v -0.015 -0.1884 0.0999
v 0.0024 -0.1884 0.0984
v 0.001 -0.1847 0.0908
vn -0 0.9016 0.4326
vn 0.0751 0.9016 0.426
vn 0.0405 0.9724 0.2299
vt 0.3768 0.7111
vt 0.3758 0.7223
vt 0.3709 0.7215
f 1576/1576/1576 1577/1577/1577 1578/1578/1578
v 0.001 -0.1847 0.0908
v -0.015 -0.1847 0.0922
v -0.015 -0.1884 0.0999
vn 0.0405 0.9724 0.2299
vn -0 0.9724 0.2335
vn -0 0.9016 0.4326
vt 0.3709 0.7215
vt 0.3718 0.7111
vt 0.3768 0.7111
f 1579/1579/1579 1580/1580/1580 1581/1581/1581
v -0.015 -0.1884 -0.0001
v -0.015 -0.1884 -0.0001
v -0.015 -0.1847 -0.0001
vn 1 0 -0
vn 1 0 -0
vn 0 1 -0
vt 0.7713 0.4157
vt 0.7713 0.4157
vt 0.7713 0.4181
f 1582/1582/1582 1583/1583/1583 1584/1584/1584
v -0.015 -0.1847 -0.0001
v -0.015 -0.1847 -0.0001
v -0.015 -0.1884 -0.0001
vn 0 1 -0
vn 0 1 -0
vn 1 0 -0
vt 0.7713 0.4181
vt 0.7713 0.4181
vt 0.7713 0.4157
f 1585/1585/1585 1586/1586/1586 1587/1587/1587
v 0.0024 -0.1884 0.0984
v 0.0192 -0.1884 0.0939
v 0.0166 -0.1847 0.0867
vn 0.0751 0.9016 0.426
vn 0.1479 0.9016 0.4064
vn 0.0798 0.9724 0.2194
vt 0.3758 0.7223
vt 0.3728 0.7333
vt 0.3682 0.7316
f 1588/1588/1588 1589/1589/1589 1590/1590/1590
v 0.0166 -0.1847 0.0867
v 0.001 -0.1847 0.0908
v 0.0024 -0.1884 0.0984
vn 0.0798 0.9724 0.2194
vn 0.0405 0.9724 0.2299
vn 0.0751 0.9016 0.426
vt 0.3682 0.7316
vt 0.3709 0.7215
vt 0.3758 0.7223
f 1591/1591/1591 1592/1592/1592 1593/1593/1593
v -0.015 -0.1884 -0.0001
v -0.015 -0.1884 -0.0001
v -0.015 -0.1847 -0.0001
vn 1 0 -0
vn 1 0 -0
vn 0 1 -0
vt 0.7713 0.4157
vt 0.7713 0.4157
vt 0.7713 0.4181
f 1594/1594/1594 1595/1595/1595 1596/1596/1596
v -0.015 -0.1847 -0.0001
v -0.015 -0.1847 -0.0001
v -0.015 -0.1884 -0.0001
vn 0 1 -0
vn 0 1 -0
vn 1 0 -0
vt 0.7713 0.4181
vt 0.7713 0.4181
vt 0.7713 0.4157
f 1597/1597/1597 1598/1598/1598 1599/1599/1599
v 0.0192 -0.1884 0.0939
v 0.035 -0.1884 0.0865
v 0.0312 -0.1847 0.0799
vn 0.1479 0.9016 0.4064
vn 0.2163 0.9016 0.3746
vn 0.1167 0.9724 0.2022
vt 0.3728 0.7333
vt 0.3681 0.7435
vt 0.3637 0.741
f 1600/1600/1600 1601/1601/1601 1602/1602/1602
v 0.0312 -0.1847 0.0799
v 0.0166 -0.1847 0.0867
v 0.0192 -0.1884 0.0939
vn 0.1167 0.9724 0.2022
vn 0.0798 0.9724 0.2194
vn 0.1479 0.9016 0.4064
vt 0.3637 0.741
vt 0.3682 0.7316
vt 0.3728 0.7333
f 1603/1603/1603 1604/1604/1604 1605/1605/1605
v -0.015 -0.1884 -0.0001
v -0.015 -0.1884 -0.0001
v -0.015 -0.1847 -0.0001
vn 1 0 -0
vn 1 0 -0
vn 0 1 -0
vt 0.7713 0.4157
vt 0.7713 0.4157
vt 0.7713 0.4181
f 1606/1606/1606 1607/1607/1607 1608/1608/1608
v -0.015 -0.1847 -0.0001
v -0.015 -0.1847 -0.0001
v -0.015 -0.1884 -0.0001
vn 0 1 -0
vn 0 1 -0
vn 1 0 -0
vt 0.7713 0.4181
vt 0.7713 0.4181
vt 0.7713 0.4157
f 1609/1609/1609 1610/1610/1610 1611/1611/1611
v 0.035 -0.1884 0.0865
v 0.0493 -0.1884 0.0765
v 0.0443 -0.1847 0.0706
vn 0.2163 0.9016 0.3746
vn 0.278 0.9016 0.3314
vn 0.1501 0.9724 0.1788
vt 0.3681 0.7435
vt 0.3616 0.7528
vt 0.3578 0.7496
f 1612/1612/1612 1613/1613/1613 1614/1614/1614
v 0.0443 -0.1847 0.0706
v 0.0312 -0.1847 0.0799
v 0.035 -0.1884 0.0865
vn 0.1501 0.9724 0.1788
vn 0.1167 0.9724 0.2022
vn 0.2163 0.9016 0.3746
vt 0.3578 0.7496
vt 0.3637 0.741
vt 0.3681 0.7435
f 1615/1615/1615 1616/1616/1616 1617/1617/1617
v -0.015 -0.1884 -0.0001
v -0.015 -0.1884 -0.0001
v -0.015 -0.1847 -0.0001
vn 1 0 -0
vn 1 0 -0
vn 0 1 -0
vt 0.7713 0.4157
vt 0.7713 0.4157
vt 0.7713 0.4181
f 1618/1618/1618 1619/1619/1619 1620/1620/1620
v -0.015 -0.1847 -0.0001
v -0.015 -0.1847 -0.0001
v -0.015 -0.1884 -0.0001
vn 0 1 -0
vn 0 1 -0
vn 1 0 -0
vt 0.7713 0.4181
vt 0.7713 0.4181
vt 0.7713 0.4157
f 1621/1621/1621 1622/1622/1622 1623/1623/1623
v 0.0493 -0.1884 0.0765
v 0.0616 -0.1884 0.0642
v 0.0557 -0.1847 0.0593
vn 0.278 0.9016 0.3314
vn 0.3314 0.9016 0.278
vn 0.1788 0.9724 0.1501
vt 0.3616 0.7528
vt 0.3536 0.7608
vt 0.3504 0.757
f 1624/1624/1624 1625/1625/1625 1626/1626/1626
v 0.0557 -0.1847 0.0593
v 0.0443 -0.1847 0.0706
v 0.0493 -0.1884 0.0765
vn 0.1788 0.9724 0.1501
vn 0.1501 0.9724 0.1788
vn 0.278 0.9016 0.3314
vt 0.3504 0.757
vt 0.3578 0.7496
vt 0.3616 0.7528
f 1627/1627/1627 1628/1628/1628 1629/1629/1629
v -0.015 -0.1884 -0.0001
v -0.015 -0.1884 -0.0001
v -0.015 -0.1847 -0.0001
vn 1 0 -0
vn 1 0 -0
vn 0 1 -0
vt 0.7713 0.4157
vt 0.7713 0.4157
vt 0.7713 0.4181
f 1630/1630/1630 1631/1631/1631 1632/1632/1632
v -0.015 -0.1847 -0.0001
v -0.015 -0.1847 -0.0001
v -0.015 -0.1884 -0.0001
vn 0 1 -0
vn 0 1 -0
vn 1 0 -0
vt 0.7713 0.4181
vt 0.7713 0.4181
vt 0.7713 0.4157
f 1633/1633/1633 1634/1634/1634 1635/1635/1635
v 0.0616 -0.1884 0.0642
v 0.0716 -0.1884 0.0499
v 0.065 -0.1847 0.0461
vn 0.3314 0.9016 0.278
vn 0.3746 0.9016 0.2163
vn 0.2022 0.9724 0.1167
vt 0.3536 0.7608
vt 0.3443 0.7673
vt 0.3418 0.7629
f 1636/1636/1636 1637/1637/1637 1638/1638/1638
v 0.065 -0.1847 0.0461
v 0.0557 -0.1847 0.0593
v 0.0616 -0.1884 0.0642
vn 0.2022 0.9724 0.1167
vn 0.1788 0.9724 0.1501
vn 0.3314 0.9016 0.278
vt 0.3418 0.7629
vt 0.3504 0.757
vt 0.3536 0.7608
f 1639/1639/1639 1640/1640/1640 1641/1641/1641
v -0.015 -0.1884 -0.0001
v -0.015 -0.1884 -0.0001
v -0.015 -0.1847 -0.0001
vn 1 0 -0
vn 1 0 -0
vn 0 1 -0
vt 0.7713 0.4157
vt 0.7713 0.4157
vt 0.7713 0.4181
f 1642/1642/1642 1643/1643/1643 1644/1644/1644
v -0.015 -0.1847 -0.0001
v -0.015 -0.1847 -0.0001
v -0.015 -0.1884 -0.0001
vn 0 1 -0
vn 0 1 -0
vn 1 0 -0
vt 0.7713 0.4181
vt 0.7713 0.4181
vt 0.7713 0.4157
f 1645/1645/1645 1646/1646/1646 1647/1647/1647
v 0.0716 -0.1884 0.0499
v 0.079 -0.1884 0.0341
v 0.0718 -0.1847 0.0315
vn 0.3746 0.9016 0.2163
vn 0.4065 0.9016 0.1479
vn 0.2194 0.9724 0.0798
vt 0.3443 0.7673
vt 0.3341 0.772
vt 0.3324 0.7674
f 1648/1648/1648 1649/1649/1649 1650/1650/1650
v 0.0718 -0.1847 0.0315
v 0.065 -0.1847 0.0461
v 0.0716 -0.1884 0.0499
vn 0.2194 0.9724 0.0798
vn 0.2022 0.9724 0.1167
vn 0.3746 0.9016 0.2163
vt 0.3324 0.7674
vt 0.3418 0.7629
vt 0.3443 0.7673
f 1651/1651/1651 1652/1652/1652 1653/1653/1653
v -0.015 -0.1884 -0.0001
v -0.015 -0.1884 -0.0001
v -0.015 -0.1847 -0.0001
vn 1 0 -0
vn 1 0 -0
vn 0 1 -0
vt 0.7713 0.4157
vt 0.7713 0.4157
vt 0.7713 0.4181
f 1654/1654/1654 1655/1655/1655 1656/1656/1656
v -0.015 -0.1847 -0.0001
v -0.015 -0.1847 -0.0001
v -0.015 -0.1884 -0.0001
vn 0 1 -0
vn 0 1 -0
vn 1 0 -0
vt 0.7713 0.4181
vt 0.7713 0.4181
vt 0.7713 0.4157
f 1657/1657/1657 1658/1658/1658 1659/1659/1659
v 0.079 -0.1884 0.0341
v 0.0835 -0.1884 0.0173
v 0.0759 -0.1847 0.0159
vn 0.4065 0.9016 0.1479
vn 0.426 0.9016 0.0751
vn 0.2299 0.9724 0.0405
vt 0.3341 0.772
vt 0.3231 0.775
vt 0.3223 0.7701
f 1660/1660/1660 1661/1661/1661 1662/1662/1662
v 0.0759 -0.1847 0.0159
v 0.0718 -0.1847 0.0315
v 0.079 -0.1884 0.0341
vn 0.2299 0.9724 0.0405
vn 0.2194 0.9724 0.0798
vn 0.4065 0.9016 0.1479
vt 0.3223 0.7701
vt 0.3324 0.7674
vt 0.3341 0.772
f 1663/1663/1663 1664/1664/1664 1665/1665/1665
v -0.015 -0.1884 -0.0001
v -0.015 -0.1884 -0.0001
v -0.015 -0.1847 -0.0001
vn 1 0 -0
vn 1 0 -0
vn 0 1 -0
vt 0.7713 0.4157
vt 0.7713 0.4157
vt 0.7713 0.4181
f 1666/1666/1666 1667/1667/1667 1668/1668/1668
v -0.015 -0.1847 -0.0001
v -0.015 -0.1847 -0.0001
v -0.015 -0.1884 -0.0001
vn 0 1 -0
vn 0 1 -0
vn 1 0 -0
vt 0.7713 0.4181
vt 0.7713 0.4181
vt 0.7713 0.4157
f 1669/1669/1669 1670/1670/1670 1671/1671/1671
v 0.0835 -0.1884 0.0173
v 0.085 -0.1884 -0.0001
v 0.0773 -0.1847 -0.0001
vn 0.426 0.9016 0.0751
vn 0.4325 0.9016 0
vn 0.2334 0.9724 0
vt 0.3231 0.775
vt 0.3119 0.7759
vt 0.3119 0.771
f 1672/1672/1672 1673/1673/1673 1674/1674/1674
v 0.0773 -0.1847 -0.0001
v 0.0759 -0.1847 0.0159
v 0.0835 -0.1884 0.0173
vn 0.2334 0.9724 0
vn 0.2299 0.9724 0.0405
vn 0.426 0.9016 0.0751
vt 0.3119 0.771
vt 0.3223 0.7701
vt 0.3231 0.775
f 1675/1675/1675 1676/1676/1676 1677/1677/1677
v -0.015 -0.1884 -0.0001
v -0.015 -0.1884 -0.0001
v -0.015 -0.1847 -0.0001
vn 1 0 -0
vn 1 0 -0
vn 0 1 -0
vt 0.7713 0.4157
vt 0.7713 0.4157
vt 0.7713 0.4181
f 1678/1678/1678 1679/1679/1679 1680/1680/1680
v -0.015 -0.1847 -0.0001
v -0.015 -0.1847 -0.0001
v -0.015 -0.1884 -0.0001
vn 0 1 -0
vn 0 1 -0
vn 1 0 -0
vt 0.7713 0.4181
vt 0.7713 0.4181
vt 0.7713 0.4157
f 1681/1681/1681 1682/1682/1682 1683/1683/1683
v 0.085 -0.1884 -0.0001
v 0.0835 -0.1884 -0.0174
v 0.0759 -0.1847 -0.0161
vn 0.4325 0.9016 0
vn 0.426 0.9016 -0.0751
vn 0.2299 0.9724 -0.0405
vt 0.3119 0.7759
vt 0.3006 0.775
vt 0.3015 0.7701
f 1684/1684/1684 1685/1685/1685 1686/1686/1686
v 0.0759 -0.1847 -0.0161
v 0.0773 -0.1847 -0.0001
v 0.085 -0.1884 -0.0001
vn 0.2299 0.9724 -0.0405
vn 0.2334 0.9724 0
vn 0.4325 0.9016 0
vt 0.3015 0.7701
vt 0.3119 0.771
vt 0.3119 0.7759
f 1687/1687/1687 1688/1688/1688 1689/1689/1689
v -0.015 -0.1884 -0.0001
v -0.015 -0.1884 -0.0001
v -0.015 -0.1847 -0.0001
vn 1 0 -0
vn 1 0 -0
vn 0 1 -0
vt 0.7713 0.4157
vt 0.7713 0.4157
vt 0.7713 0.4181
f 1690/1690/1690 1691/1691/1691 1692/1692/1692
v -0.015 -0.1847 -0.0001
v -0.015 -0.1847 -0.0001
v -0.015 -0.1884 -0.0001
vn 0 1 -0
vn 0 1 -0
vn 1 0 -0
vt 0.7713 0.4181
vt 0.7713 0.4181
vt 0.7713 0.4157
f 1693/1693/1693 1694/1694/1694 1695/1695/1695
v 0.0835 -0.1884 -0.0174
v 0.079 -0.1884 -0.0343
v 0.0718 -0.1847 -0.0317
vn 0.426 0.9016 -0.0751
vn 0.4065 0.9016 -0.1479
vn 0.2194 0.9724 -0.0798
vt 0.3006 0.775
vt 0.2897 0.772
vt 0.2914 0.7674
f 1696/1696/1696 1697/1697/1697 1698/1698/1698
v 0.0718 -0.1847 -0.0317
v 0.0759 -0.1847 -0.0161
v 0.0835 -0.1884 -0.0174
vn 0.2194 0.9724 -0.0798
vn 0.2299 0.9724 -0.0405
vn 0.426 0.9016 -0.0751
vt 0.2914 0.7674
vt 0.3015 0.7701
vt 0.3006 0.775
f 1699/1699/1699 1700/1700/1700 1701/1701/1701
v -0.015 -0.1884 -0.0001
v -0.015 -0.1884 -0.0001
v -0.015 -0.1847 -0.0001
vn 1 0 -0
vn 1 0 -0
vn 0 1 -0
vt 0.7713 0.4157
vt 0.7713 0.4157
vt 0.7713 0.4181
f 1702/1702/1702 1703/1703/1703 1704/1704/1704
v -0.015 -0.1847 -0.0001
v -0.015 -0.1847 -0.0001
v -0.015 -0.1884 -0.0001
vn 0 1 -0
vn 0 1 -0
vn 1 0 -0
vt 0.7713 0.4181
vt 0.7713 0.4181
vt 0.7713 0.4157
f 1705/1705/1705 1706/1706/1706 1707/1707/1707
v 0.079 -0.1884 -0.0343
v 0.0716 -0.1884 -0.0501
v 0.065 -0.1847 -0.0462
vn 0.4065 0.9016 -0.1479
vn 0.3746 0.9016 -0.2163
vn 0.2022 0.9724 -0.1167
vt 0.2897 0.772
vt 0.2795 0.7673
vt 0.2819 0.7629
f 1708/1708/1708 1709/1709/1709 1710/1710/1710
v 0.065 -0.1847 -0.0462
v 0.0718 -0.1847 -0.0317
v 0.079 -0.1884 -0.0343
vn 0.2022 0.9724 -0.1167
vn 0.2194 0.9724 -0.0798
vn 0.4065 0.9016 -0.1479
vt 0.2819 0.7629
vt 0.2914 0.7674
vt 0.2897 0.772
f 1711/1711/1711 1712/1712/1712 1713/1713/1713
v -0.015 -0.1884 -0.0001
v -0.015 -0.1884 -0.0001
v -0.015 -0.1847 -0.0001
vn 1 0 -0
vn 1 0 -0
vn 0 1 -0
vt 0.7713 0.4157
vt 0.7713 0.4157
vt 0.7713 0.4181
f 1714/1714/1714 1715/1715/1715 1716/1716/1716
v -0.015 -0.1847 -0.0001
v -0.015 -0.1847 -0.0001
v -0.015 -0.1884 -0.0001
vn 0 1 -0
vn 0 1 -0
vn 1 0 -0
vt 0.7713 0.4181
vt 0.7713 0.4181
vt 0.7713 0.4157
f 1717/1717/1717 1718/1718/1718 1719/1719/1719
v 0.0716 -0.1884 -0.0501
v 0.0616 -0.1884 -0.0644
v 0.0557 -0.1847 -0.0594
vn 0.3746 0.9016 -0.2163
vn 0.3314 0.9016 -0.278
vn 0.1788 0.9724 -0.1501
vt 0.2795 0.7673
vt 0.2702 0.7608
vt 0.2734 0.757
f 1720/1720/1720 1721/1721/1721 1722/1722/1722
v 0.0557 -0.1847 -0.0594
v 0.065 -0.1847 -0.0462
v 0.0716 -0.1884 -0.0501
vn 0.1788 0.9724 -0.1501
vn 0.2022 0.9724 -0.1167
vn 0.3746 0.9016 -0.2163
vt 0.2734 0.757
vt 0.2819 0.7629
vt 0.2795 0.7673
f 1723/1723/1723 1724/1724/1724 1725/1725/1725
v -0.015 -0.1884 -0.0001
v -0.015 -0.1884 -0.0001
v -0.015 -0.1847 -0.0001
vn 1 0 -0
vn 1 0 -0
vn 0 1 -0
vt 0.7713 0.4157
vt 0.7713 0.4157
vt 0.7713 0.4181
f 1726/1726/1726 1727/1727/1727 1728/1728/1728
v -0.015 -0.1847 -0.0001
v -0.015 -0.1847 -0.0001
v -0.015 -0.1884 -0.0001
vn 0 1 -0
vn 0 1 -0
vn 1 0 -0
vt 0.7713 0.4181
vt 0.7713 0.4181
vt 0.7713 0.4157
f 1729/1729/1729 1730/1730/1730 1731/1731/1731
v 0.0616 -0.1884 -0.0644
v 0.0493 -0.1884 -0.0767
v 0.0443 -0.1847 -0.0708
vn 0.3314 0.9016 -0.278
vn 0.278 0.9016 -0.3314
vn 0.1501 0.9724 -0.1788
vt 0.2702 0.7608
vt 0.2622 0.7528
vt 0.266 0.7496
f 1732/1732/1732 1733/1733/1733 1734/1734/1734
v 0.0443 -0.1847 -0.0708
v 0.0557 -0.1847 -0.0594
v 0.0616 -0.1884 -0.0644
vn 0.1501 0.9724 -0.1788
vn 0.1788 0.9724 -0.1501
vn 0.3314 0.9016 -0.278
vt 0.266 0.7496
vt 0.2734 0.757
vt 0.2702 0.7608
f 1735/1735/1735 1736/1736/1736 1737/1737/1737
v -0.015 -0.1884 -0.0001
v -0.015 -0.1884 -0.0001
v -0.015 -0.1847 -0.0001
vn 1 0 -0
vn 1 0 -0
vn 0 1 -0
vt 0.7713 0.4157
vt 0.7713 0.4157
vt 0.7713 0.4181
f 1738/1738/1738 1739/1739/1739 1740/1740/1740
v -0.015 -0.1847 -0.0001
v -0.015 -0.1847 -0.0001
v -0.015 -0.1884 -0.0001
vn 0 1 -0
vn 0 1 -0
vn 1 0 -0
vt 0.7713 0.4181
vt 0.7713 0.4181
vt 0.7713 0.4157
f 1741/1741/1741 1742/1742/1742 1743/1743/1743
v 0.0493 -0.1884 -0.0767
v 0.035 -0.1884 -0.0867
v 0.0312 -0.1847 -0.08
vn 0.278 0.9016 -0.3314
vn 0.2163 0.9016 -0.3746
vn 0.1167 0.9724 -0.2022
vt 0.2622 0.7528
vt 0.2557 0.7435
vt 0.26 0.741
f 1744/1744/1744 1745/1745/1745 1746/1746/1746
v 0.0312 -0.1847 -0.08
v 0.0443 -0.1847 -0.0708
v 0.0493 -0.1884 -0.0767
vn 0.1167 0.9724 -0.2022
vn 0.1501 0.9724 -0.1788
vn 0.278 0.9016 -0.3314
vt 0.26 0.741
vt 0.266 0.7496
vt 0.2622 0.7528
f 1747/1747/1747 1748/1748/1748 1749/1749/1749
v -0.015 -0.1884 -0.0001
v -0.015 -0.1884 -0.0001
v -0.015 -0.1847 -0.0001
vn 1 0 -0
vn 1 0 -0
vn 0 1 -0
vt 0.7713 0.4157
vt 0.7713 0.4157
vt 0.7713 0.4181
f 1750/1750/1750 1751/1751/1751 1752/1752/1752
v -0.015 -0.1847 -0.0001
v -0.015 -0.1847 -0.0001
v -0.015 -0.1884 -0.0001
vn 0 1 -0
vn 0 1 -0
vn 1 0 -0
vt 0.7713 0.4181
vt 0.7713 0.4181
vt 0.7713 0.4157
f 1753/1753/1753 1754/1754/1754 1755/1755/1755
v 0.035 -0.1884 -0.0867
v 0.0192 -0.1884 -0.0941
v 0.0166 -0.1847 -0.0868
vn 0.2163 0.9016 -0.3746
vn 0.1479 0.9016 -0.4064
vn 0.0798 0.9724 -0.2194
vt 0.2557 0.7435
vt 0.2509 0.7333
vt 0.2556 0.7316
f 1756/1756/1756 1757/1757/1757 1758/1758/1758
v 0.0166 -0.1847 -0.0868
v 0.0312 -0.1847 -0.08
v 0.035 -0.1884 -0.0867
vn 0.0798 0.9724 -0.2194
vn 0.1167 0.9724 -0.2022
vn 0.2163 0.9016 -0.3746
vt 0.2556 0.7316
vt 0.26 0.741
vt 0.2557 0.7435
f 1759/1759/1759 1760/1760/1760 1761/1761/1761
v -0.015 -0.1884 -0.0001
v -0.015 -0.1884 -0.0001
v -0.015 -0.1847 -0.0001
vn 1 0 -0
vn 1 0 -0
vn 0 1 -0
vt 0.7713 0.4157
vt 0.7713 0.4157
vt 0.7713 0.4181
f 1762/1762/1762 1763/1763/1763 1764/1764/1764
v -0.015 -0.1847 -0.0001
v -0.015 -0.1847 -0.0001
v -0.015 -0.1884 -0.0001
vn 0 1 -0
vn 0 1 -0
vn 1 0 -0
vt 0.7713 0.4181
vt 0.7713 0.4181
vt 0.7713 0.4157
f 1765/1765/1765 1766/1766/1766 1767/1767/1767
v 0.0192 -0.1884 -0.0941
v 0.0024 -0.1884 -0.0986
v 0.001 -0.1847 -0.091
vn 0.1479 0.9016 -0.4064
vn 0.0751 0.9016 -0.426
vn 0.0405 0.9724 -0.2299
vt 0.2509 0.7333
vt 0.248 0.7223
vt 0.2529 0.7215
f 1768/1768/1768 1769/1769/1769 1770/1770/1770
v 0.001 -0.1847 -0.091
v 0.0166 -0.1847 -0.0868
v 0.0192 -0.1884 -0.0941
vn 0.0405 0.9724 -0.2299
vn 0.0798 0.9724 -0.2194
vn 0.1479 0.9016 -0.4064
vt 0.2529 0.7215
vt 0.2556 0.7316
vt 0.2509 0.7333
f 1771/1771/1771 1772/1772/1772 1773/1773/1773
v -0.015 -0.1884 -0.0001
v -0.015 -0.1884 -0.0001
v -0.015 -0.1847 -0.0001
vn 1 0 -0
vn 1 0 -0
vn 0 1 -0
vt 0.7713 0.4157
vt 0.7713 0.4157
vt 0.7713 0.4181
f 1774/1774/1774 1775/1775/1775 1776/1776/1776
v -0.015 -0.1847 -0.0001
v -0.015 -0.1847 -0.0001
v -0.015 -0.1884 -0.0001
vn 0 1 -0
vn 0 1 -0
vn 1 0 -0
vt 0.7713 0.4181
vt 0.7713 0.4181
vt 0.7713 0.4157
f 1777/1777/1777 1778/1778/1778 1779/1779/1779
v 0.0024 -0.1884 -0.0986
v -0.015 -0.1884 -0.1001
v -0.015 -0.1847 -0.0924
vn 0.0751 0.9016 -0.426
vn 0 0.9016 -0.4326
vn 0 0.9724 -0.2334
vt 0.248 0.7223
vt 0.247 0.7111
vt 0.252 0.7111
f 1780/1780/1780 1781/1781/1781 1782/1782/1782
v -0.015 -0.1847 -0.0924
v 0.001 -0.1847 -0.091
v 0.0024 -0.1884 -0.0986
vn 0 0.9724 -0.2334
vn 0.0405 0.9724 -0.2299
vn 0.0751 0.9016 -0.426
vt 0.252 0.7111
vt 0.2529 0.7215
vt 0.248 0.7223
f 1783/1783/1783 1784/1784/1784 1785/1785/1785
v -0.015 -0.1884 -0.0001
v -0.015 -0.1884 -0.0001
v -0.015 -0.1847 -0.0001
vn 1 0 -0
vn 1 0 -0
vn 0 1 -0
vt 0.7713 0.4157
vt 0.7713 0.4157
vt 0.7713 0.4181
f 1786/1786/1786 1787/1787/1787 1788/1788/1788
v -0.015 -0.1847 -0.0001
v -0.015 -0.1847 -0.0001
v -0.015 -0.1884 -0.0001
vn 0 1 -0
vn 0 1 -0
vn 1 0 -0
vt 0.7713 0.4181
vt 0.7713 0.4181
vt 0.7713 0.4157
f 1789/1789/1789 1790/1790/1790 1791/1791/1791
v -0.015 -0.1884 -0.1001
v -0.0324 -0.1884 -0.0986
v -0.031 -0.1847 -0.091
vn 0 0.9016 -0.4326
vn -0.0751 0.9016 -0.426
vn -0.0405 0.9724 -0.2299
vt 0.247 0.7111
vt 0.248 0.6998
vt 0.2529 0.7007
f 1792/1792/1792 1793/1793/1793 1794/1794/1794
v -0.031 -0.1847 -0.091
v -0.015 -0.1847 -0.0924
v -0.015 -0.1884 -0.1001
vn -0.0405 0.9724 -0.2299
vn 0 0.9724 -0.2334
vn 0 0.9016 -0.4326
vt 0.2529 0.7007
vt 0.252 0.7111
vt 0.247 0.7111
f 1795/1795/1795 1796/1796/1796 1797/1797/1797
v -0.015 -0.1884 -0.0001
v -0.015 -0.1884 -0.0001
v -0.015 -0.1847 -0.0001
vn 1 0 -0
vn 1 0 -0
vn 0 1 -0
vt 0.7713 0.4157
vt 0.7713 0.4157
vt 0.7713 0.4181
f 1798/1798/1798 1799/1799/1799 1800/1800/1800
v -0.015 -0.1847 -0.0001
v -0.015 -0.1847 -0.0001
v -0.015 -0.1884 -0.0001
vn 0 1 -0
vn 0 1 -0
vn 1 0 -0
vt 0.7713 0.4181
vt 0.7713 0.4181
vt 0.7713 0.4157
f 1801/1801/1801 1802/1802/1802 1803/1803/1803
v -0.0324 -0.1884 -0.0986
v -0.0492 -0.1884 -0.0941
v -0.0466 -0.1847 -0.0868
vn -0.0751 0.9016 -0.426
vn -0.1479 0.9016 -0.4064
vn -0.0798 0.9724 -0.2194
vt 0.248 0.6998
vt 0.2509 0.6889
vt 0.2556 0.6906
f 1804/1804/1804 1805/1805/1805 1806/1806/1806
v -0.0466 -0.1847 -0.0868
v -0.031 -0.1847 -0.091
v -0.0324 -0.1884 -0.0986
vn -0.0798 0.9724 -0.2194
vn -0.0405 0.9724 -0.2299
vn -0.0751 0.9016 -0.426
vt 0.2556 0.6906
vt 0.2529 0.7007
vt 0.248 0.6998
f 1807/1807/1807 1808/1808/1808 1809/1809/1809
v -0.015 -0.1884 -0.0001
v -0.015 -0.1884 -0.0001
v -0.015 -0.1847 -0.0001
vn 1 0 -0
vn 1 0 -0
vn 0 1 -0
vt 0.7713 0.4157
vt 0.7713 0.4157
vt 0.7713 0.4181
f 1810/1810/1810 1811/1811/1811 1812/1812/1812
v -0.015 -0.1847 -0.0001
v -0.015 -0.1847 -0.0001
v -0.015 -0.1884 -0.0001
vn 0 1 -0
vn 0 1 -0
vn 1 0 -0
vt 0.7713 0.4181
vt 0.7713 0.4181
vt 0.7713 0.4157
f 1813/1813/1813 1814/1814/1814 1815/1815/1815
v -0.0492 -0.1884 -0.0941
v -0.065 -0.1884 -0.0867
v -0.0612 -0.1847 -0.08
vn -0.1479 0.9016 -0.4064
vn -0.2163 0.9016 -0.3746
vn -0.1167 0.9724 -0.2022
vt 0.2509 0.6889
vt 0.2557 0.6786
vt 0.26 0.6811
f 1816/1816/1816 1817/1817/1817 1818/1818/1818
v -0.0612 -0.1847 -0.08
v -0.0466 -0.1847 -0.0868
v -0.0492 -0.1884 -0.0941
vn -0.1167 0.9724 -0.2022
vn -0.0798 0.9724 -0.2194
vn -0.1479 0.9016 -0.4064
vt 0.26 0.6811
vt 0.2556 0.6906
vt 0.2509 0.6889
f 1819/1819/1819 1820/1820/1820 1821/1821/1821
v -0.015 -0.1884 -0.0001
v -0.015 -0.1884 -0.0001
v -0.015 -0.1847 -0.0001
vn 1 0 -0
vn 1 0 -0
vn 0 1 -0
vt 0.7713 0.4157
vt 0.7713 0.4157
vt 0.7713 0.4181
f 1822/1822/1822 1823/1823/1823 1824/1824/1824
v -0.015 -0.1847 -0.0001
v -0.015 -0.1847 -0.0001
v -0.015 -0.1884 -0.0001
vn 0 1 -0
vn 0 1 -0
vn 1 0 -0
vt 0.7713 0.4181
vt 0.7713 0.4181
vt 0.7713 0.4157
f 1825/1825/1825 1826/1826/1826 1827/1827/1827
v -0.065 -0.1884 -0.0867
v -0.0793 -0.1884 -0.0767
v -0.0743 -0.1847 -0.0708
vn -0.2163 0.9016 -0.3746
vn -0.278 0.9016 -0.3314
vn -0.1501 0.9724 -0.1788
vt 0.2557 0.6786
vt 0.2622 0.6694
vt 0.266 0.6726
f 1828/1828/1828 1829/1829/1829 1830/1830/1830
v -0.0743 -0.1847 -0.0708
v -0.0612 -0.1847 -0.08
v -0.065 -0.1884 -0.0867
vn -0.1501 0.9724 -0.1788
vn -0.1167 0.9724 -0.2022
vn -0.2163 0.9016 -0.3746
vt 0.266 0.6726
vt 0.26 0.6811
vt 0.2557 0.6786
f 1831/1831/1831 1832/1832/1832 1833/1833/1833
v -0.015 -0.1884 -0.0001
v -0.015 -0.1884 -0.0001
v -0.015 -0.1847 -0.0001
vn 1 0 -0
vn 1 0 -0
vn 0 1 -0
vt 0.7713 0.4157
vt 0.7713 0.4157
vt 0.7713 0.4181
f 1834/1834/1834 1835/1835/1835 1836/1836/1836
v -0.015 -0.1847 -0.0001
v -0.015 -0.1847 -0.0001
v -0.015 -0.1884 -0.0001
vn 0 1 -0
vn 0 1 -0
vn 1 0 -0
vt 0.7713 0.4181
vt 0.7713 0.4181
vt 0.7713 0.4157
f 1837/1837/1837 1838/1838/1838 1839/1839/1839
v -0.0793 -0.1884 -0.0767
v -0.0916 -0.1884 -0.0644
v -0.0857 -0.1847 -0.0594
vn -0.278 0.9016 -0.3314
vn -0.3314 0.9016 -0.278
vn -0.1788 0.9724 -0.1501
vt 0.2622 0.6694
vt 0.2702 0.6614
vt 0.2734 0.6652
f 1840/1840/1840 1841/1841/1841 1842/1842/1842
v -0.0857 -0.1847 -0.0594
v -0.0743 -0.1847 -0.0708
v -0.0793 -0.1884 -0.0767
vn -0.1788 0.9724 -0.1501
vn -0.1501 0.9724 -0.1788
vn -0.278 0.9016 -0.3314
vt 0.2734 0.6652
vt 0.266 0.6726
vt 0.2622 0.6694
f 1843/1843/1843 1844/1844/1844 1845/1845/1845
v -0.015 -0.1884 -0.0001
v -0.015 -0.1884 -0.0001
v -0.015 -0.1847 -0.0001
vn 1 0 -0
vn 1 0 -0
vn 0 1 -0
vt 0.7713 0.4157
vt 0.7713 0.4157
vt 0.7713 0.4181
f 1846/1846/1846 1847/1847/1847 1848/1848/1848
v -0.015 -0.1847 -0.0001
v -0.015 -0.1847 -0.0001
v -0.015 -0.1884 -0.0001
vn 0 1 -0
vn 0 1 -0
vn 1 0 -0
vt 0.7713 0.4181
vt 0.7713 0.4181
vt 0.7713 0.4157
f 1849/1849/1849 1850/1850/1850 1851/1851/1851
v -0.0916 -0.1884 -0.0644
v -0.1016 -0.1884 -0.0501
v -0.0949 -0.1847 -0.0462
vn -0.3314 0.9016 -0.278
vn -0.3746 0.9016 -0.2163
vn -0.2022 0.9724 -0.1167
vt 0.2702 0.6614
vt 0.2795 0.6549
vt 0.2819 0.6592
f 1852/1852/1852 1853/1853/1853 1854/1854/1854
v -0.0949 -0.1847 -0.0462
v -0.0857 -0.1847 -0.0594
v -0.0916 -0.1884 -0.0644
vn -0.2022 0.9724 -0.1167
vn -0.1788 0.9724 -0.1501
vn -0.3314 0.9016 -0.278
vt 0.2819 0.6592
vt 0.2734 0.6652
vt 0.2702 0.6614
f 1855/1855/1855 1856/1856/1856 1857/1857/1857
v -0.015 -0.1884 -0.0001
v -0.015 -0.1884 -0.0001
v -0.015 -0.1847 -0.0001
vn 1 0 -0
vn 1 0 -0
vn 0 1 -0
vt 0.7713 0.4157
vt 0.7713 0.4157
vt 0.7713 0.4181
f 1858/1858/1858 1859/1859/1859 1860/1860/1860
v -0.015 -0.1847 -0.0001
v -0.015 -0.1847 -0.0001
v -0.015 -0.1884 -0.0001
vn 0 1 -0
vn 0 1 -0
vn 1 0 -0
vt 0.7713 0.4181
vt 0.7713 0.4181
vt 0.7713 0.4157
f 1861/1861/1861 1862/1862/1862 1863/1863/1863
v -0.1016 -0.1884 -0.0501
v -0.109 -0.1884 -0.0343
v -0.1018 -0.1847 -0.0317
vn -0.3746 0.9016 -0.2163
vn -0.4065 0.9016 -0.1479
vn -0.2194 0.9724 -0.0798
vt 0.2795 0.6549
vt 0.2897 0.6501
vt 0.2914 0.6548
f 1864/1864/1864 1865/1865/1865 1866/1866/1866
v -0.1018 -0.1847 -0.0317
v -0.0949 -0.1847 -0.0462
v -0.1016 -0.1884 -0.0501
vn -0.2194 0.9724 -0.0798
vn -0.2022 0.9724 -0.1167
vn -0.3746 0.9016 -0.2163
vt 0.2914 0.6548
vt 0.2819 0.6592
vt 0.2795 0.6549
f 1867/1867/1867 1868/1868/1868 1869/1869/1869
v -0.015 -0.1884 -0.0001
v -0.015 -0.1884 -0.0001
v -0.015 -0.1847 -0.0001
vn 1 0 -0
vn 1 0 -0
vn 0 1 -0
vt 0.7713 0.4157
vt 0.7713 0.4157
vt 0.7713 0.4181
f 1870/1870/1870 1871/1871/1871 1872/1872/1872
v -0.015 -0.1847 -0.0001
v -0.015 -0.1847 -0.0001
v -0.015 -0.1884 -0.0001
vn 0 1 -0
vn 0 1 -0
vn 1 0 -0
vt 0.7713 0.4181
vt 0.7713 0.4181
vt 0.7713 0.4157
f 1873/1873/1873 1874/1874/1874 1875/1875/1875
v -0.109 -0.1884 -0.0343
v -0.1135 -0.1884 -0.0174
v -0.1059 -0.1847 -0.0161
vn -0.4065 0.9016 -0.1479
vn -0.426 0.9016 -0.0751
vn -0.2299 0.9724 -0.0405
vt 0.2897 0.6501
vt 0.3006 0.6472
vt 0.3015 0.6521
f 1876/1876/1876 1877/1877/1877 1878/1878/1878
v -0.1059 -0.1847 -0.0161
v -0.1018 -0.1847 -0.0317
v -0.109 -0.1884 -0.0343
vn -0.2299 0.9724 -0.0405
vn -0.2194 0.9724 -0.0798
vn -0.4065 0.9016 -0.1479
vt 0.3015 0.6521
vt 0.2914 0.6548
vt 0.2897 0.6501
f 1879/1879/1879 1880/1880/1880 1881/1881/1881
v -0.015 -0.1884 -0.0001
v -0.015 -0.1884 -0.0001
v -0.015 -0.1847 -0.0001
vn 1 0 -0
vn 1 0 -0
vn 0 1 -0
vt 0.7713 0.4157
vt 0.7713 0.4157
vt 0.7713 0.4181
f 1882/1882/1882 1883/1883/1883 1884/1884/1884
v -0.015 -0.1847 -0.0001
v -0.015 -0.1847 -0.0001
v -0.015 -0.1884 -0.0001
vn 0 1 -0
vn 0 1 -0
vn 1 0 -0
vt 0.7713 0.4181
vt 0.7713 0.4181
vt 0.7713 0.4157
f 1885/1885/1885 1886/1886/1886 1887/1887/1887
v -0.1135 -0.1884 -0.0174
v -0.115 -0.1884 -0.0001
v -0.1073 -0.1847 -0.0001
vn -0.426 0.9016 -0.0751
vn -0.4326 0.9016 -0
vn -0.2334 0.9724 -0
vt 0.3006 0.6472
vt 0.3119 0.6462
vt 0.3119 0.6512
f 1888/1888/1888 1889/1889/1889 1890/1890/1890
v -0.1073 -0.1847 -0.0001
v -0.1059 -0.1847 -0.0161
v -0.1135 -0.1884 -0.0174
vn -0.2334 0.9724 -0
vn -0.2299 0.9724 -0.0405
vn -0.426 0.9016 -0.0751
vt 0.3119 0.6512
vt 0.3015 0.6521
vt 0.3006 0.6472
f 1891/1891/1891 1892/1892/1892 1893/1893/1893
v -0.015 -0.1884 -0.0001
v -0.015 -0.1884 -0.0001
v -0.015 -0.1847 -0.0001
vn 1 0 -0
vn 1 0 -0
vn 0 1 -0
vt 0.7713 0.4157
vt 0.7713 0.4157
vt 0.7713 0.4181
f 1894/1894/1894 1895/1895/1895 1896/1896/1896
v -0.015 -0.1847 -0.0001
v -0.015 -0.1847 -0.0001
v -0.015 -0.1884 -0.0001
vn 0 1 -0
vn 0 1 -0
vn 1 0 -0
vt 0.7713 0.4181
vt 0.7713 0.4181
vt 0.7713 0.4157
f 1897/1897/1897 1898/1898/1898 1899/1899/1899
v -0.115 -0.1884 -0.0001
v -0.1135 -0.1884 0.0173
v -0.1059 -0.1847 0.0159
vn -0.4326 0.9016 -0
vn -0.426 0.9016 0.0751
vn -0.2299 0.9724 0.0405
vt 0.3119 0.6462
vt 0.3231 0.6472
vt 0.3223 0.6521
f 1900/1900/1900 1901/1901/1901 1902/1902/1902
v -0.1059 -0.1847 0.0159
v -0.1073 -0.1847 -0.0001
v -0.115 -0.1884 -0.0001
vn -0.2299 0.9724 0.0405
vn -0.2334 0.9724 -0
vn -0.4326 0.9016 -0
vt 0.3223 0.6521
vt 0.3119 0.6512
vt 0.3119 0.6462
f 1903/1903/1903 1904/1904/1904 1905/1905/1905
v -0.015 -0.1884 -0.0001
v -0.015 -0.1884 -0.0001
v -0.015 -0.1847 -0.0001
vn 1 0 -0
vn 1 0 -0
vn 0 1 -0
vt 0.7713 0.4157
vt 0.7713 0.4157
vt 0.7713 0.4181
f 1906/1906/1906 1907/1907/1907 1908/1908/1908
v -0.015 -0.1847 -0.0001
v -0.015 -0.1847 -0.0001
v -0.015 -0.1884 -0.0001
vn 0 1 -0
vn 0 1 -0
vn 1 0 -0
vt 0.7713 0.4181
vt 0.7713 0.4181
vt 0.7713 0.4157
f 1909/1909/1909 1910/1910/1910 1911/1911/1911
v -0.1135 -0.1884 0.0173
v -0.109 -0.1884 0.0341
v -0.1018 -0.1847 0.0315
vn -0.426 0.9016 0.0751
vn -0.4065 0.9016 0.1479
vn -0.2194 0.9724 0.0798
vt 0.3231 0.6472
vt 0.3341 0.6501
vt 0.3324 0.6548
f 1912/1912/1912 1913/1913/1913 1914/1914/1914
v -0.1018 -0.1847 0.0315
v -0.1059 -0.1847 0.0159
v -0.1135 -0.1884 0.0173
vn -0.2194 0.9724 0.0798
vn -0.2299 0.9724 0.0405
vn -0.426 0.9016 0.0751
vt 0.3324 0.6548
vt 0.3223 0.6521
vt 0.3231 0.6472
f 1915/1915/1915 1916/1916/1916 1917/1917/1917
v -0.015 -0.1884 -0.0001
v -0.015 -0.1884 -0.0001
v -0.015 -0.1847 -0.0001
vn 1 0 -0
vn 1 0 -0
vn 0 1 -0
vt 0.7713 0.4157
vt 0.7713 0.4157
vt 0.7713 0.4181
f 1918/1918/1918 1919/1919/1919 1920/1920/1920
v -0.015 -0.1847 -0.0001
v -0.015 -0.1847 -0.0001
v -0.015 -0.1884 -0.0001
vn 0 1 -0
vn 0 1 -0
vn 1 0 -0
vt 0.7713 0.4181
vt 0.7713 0.4181
vt 0.7713 0.4157
f 1921/1921/1921 1922/1922/1922 1923/1923/1923
v -0.109 -0.1884 0.0341
v -0.1016 -0.1884 0.0499
v -0.0949 -0.1847 0.0461
vn -0.4065 0.9016 0.1479
vn -0.3746 0.9016 0.2163
vn -0.2022 0.9724 0.1167
vt 0.3341 0.6501
vt 0.3443 0.6549
vt 0.3418 0.6592
f 1924/1924/1924 1925/1925/1925 1926/1926/1926
v -0.0949 -0.1847 0.0461
v -0.1018 -0.1847 0.0315
v -0.109 -0.1884 0.0341
vn -0.2022 0.9724 0.1167
vn -0.2194 0.9724 0.0798
vn -0.4065 0.9016 0.1479
vt 0.3418 0.6592
vt 0.3324 0.6548
vt 0.3341 0.6501
f 1927/1927/1927 1928/1928/1928 1929/1929/1929
v -0.015 -0.1884 -0.0001
v -0.015 -0.1884 -0.0001
v -0.015 -0.1847 -0.0001
vn 1 0 -0
vn 1 0 -0
vn 0 1 -0
vt 0.7713 0.4157
vt 0.7713 0.4157
vt 0.7713 0.4181
f 1930/1930/1930 1931/1931/1931 1932/1932/1932
v -0.015 -0.1847 -0.0001
v -0.015 -0.1847 -0.0001
v -0.015 -0.1884 -0.0001
vn 0 1 -0
vn 0 1 -0
vn 1 0 -0
vt 0.7713 0.4181
vt 0.7713 0.4181
vt 0.7713 0.4157
f 1933/1933/1933 1934/1934/1934 1935/1935/1935
v -0.1016 -0.1884 0.0499
v -0.0916 -0.1884 0.0642
v -0.0857 -0.1847 0.0593
vn -0.3746 0.9016 0.2163
vn -0.3314 0.9016 0.278
vn -0.1788 0.9724 0.1501
vt 0.3443 0.6549
vt 0.3536 0.6614
vt 0.3504 0.6652
f 1936/1936/1936 1937/1937/1937 1938/1938/1938
v -0.0857 -0.1847 0.0593
v -0.0949 -0.1847 0.0461
v -0.1016 -0.1884 0.0499
vn -0.1788 0.9724 0.1501
vn -0.2022 0.9724 0.1167
vn -0.3746 0.9016 0.2163
vt 0.3504 0.6652
vt 0.3418 0.6592
vt 0.3443 0.6549
f 1939/1939/1939 1940/1940/1940 1941/1941/1941
v -0.015 -0.1884 -0.0001
v -0.015 -0.1884 -0.0001
v -0.015 -0.1847 -0.0001
vn 1 0 -0
vn 1 0 -0
vn 0 1 -0
vt 0.7713 0.4157
vt 0.7713 0.4157
vt 0.7713 0.4181
f 1942/1942/1942 1943/1943/1943 1944/1944/1944
v -0.015 -0.1847 -0.0001
v -0.015 -0.1847 -0.0001
v -0.015 -0.1884 -0.0001
vn 0 1 -0
vn 0 1 -0
vn 1 0 -0
vt 0.7713 0.4181
vt 0.7713 0.4181
vt 0.7713 0.4157
f 1945/1945/1945 1946/1946/1946 1947/1947/1947
v -0.0916 -0.1884 0.0642
v -0.0793 -0.1884 0.0765
v -0.0743 -0.1847 0.0706
vn -0.3314 0.9016 0.278
vn -0.278 0.9016 0.3314
vn -0.1501 0.9724 0.1788
vt 0.3536 0.6614
vt 0.3616 0.6694
vt 0.3578 0.6726
f 1948/1948/1948 1949/1949/1949 1950/1950/1950
v -0.0743 -0.1847 0.0706
v -0.0857 -0.1847 0.0593
v -0.0916 -0.1884 0.0642
vn -0.1501 0.9724 0.1788
vn -0.1788 0.9724 0.1501
vn -0.3314 0.9016 0.278
vt 0.3578 0.6726
vt 0.3504 0.6652
vt 0.3536 0.6614
f 1951/1951/1951 1952/1952/1952 1953/1953/1953
v -0.015 -0.1884 -0.0001
v -0.015 -0.1884 -0.0001
v -0.015 -0.1847 -0.0001
vn 1 0 -0
vn 1 0 -0
vn 0 1 -0
vt 0.7713 0.4157
vt 0.7713 0.4157
vt 0.7713 0.4181
f 1954/1954/1954 1955/1955/1955 1956/1956/1956
v -0.015 -0.1847 -0.0001
v -0.015 -0.1847 -0.0001
v -0.015 -0.1884 -0.0001
vn 0 1 -0
vn 0 1 -0
vn 1 0 -0
vt 0.7713 0.4181
vt 0.7713 0.4181
vt 0.7713 0.4157
f 1957/1957/1957 1958/1958/1958 1959/1959/1959
v -0.0793 -0.1884 0.0765
v -0.065 -0.1884 0.0865
v -0.0612 -0.1847 0.0799
vn -0.278 0.9016 0.3314
vn -0.2163 0.9016 0.3746
vn -0.1167 0.9724 0.2022
vt 0.3616 0.6694
vt 0.3681 0.6786
vt 0.3637 0.6811
f 1960/1960/1960 1961/1961/1961 1962/1962/1962
v -0.0612 -0.1847 0.0799
v -0.0743 -0.1847 0.0706
v -0.0793 -0.1884 0.0765
vn -0.1167 0.9724 0.2022
vn -0.1501 0.9724 0.1788
vn -0.278 0.9016 0.3314
vt 0.3637 0.6811
vt 0.3578 0.6726
vt 0.3616 0.6694
f 1963/1963/1963 1964/1964/1964 1965/1965/1965
v -0.015 -0.1884 -0.0001
v -0.015 -0.1884 -0.0001
v -0.015 -0.1847 -0.0001
vn 1 0 -0
vn 1 0 -0
vn 0 1 -0
vt 0.7713 0.4157
vt 0.7713 0.4157
vt 0.7713 0.4181
f 1966/1966/1966 1967/1967/1967 1968/1968/1968
v -0.015 -0.1847 -0.0001
v -0.015 -0.1847 -0.0001
v -0.015 -0.1884 -0.0001
vn 0 1 -0
vn 0 1 -0
vn 1 0 -0
vt 0.7713 0.4181
vt 0.7713 0.4181
vt 0.7713 0.4157
f 1969/1969/1969 1970/1970/1970 1971/1971/1971
v -0.065 -0.1884 0.0865
v -0.0492 -0.1884 0.0939
v -0.0466 -0.1847 0.0867
vn -0.2163 0.9016 0.3746
vn -0.1479 0.9016 0.4064
vn -0.0798 0.9724 0.2194
vt 0.3681 0.6786
vt 0.3728 0.6889
vt 0.3682 0.6906
f 1972/1972/1972 1973/1973/1973 1974/1974/1974
v -0.0466 -0.1847 0.0867
v -0.0612 -0.1847 0.0799
v -0.065 -0.1884 0.0865
vn -0.0798 0.9724 0.2194
vn -0.1167 0.9724 0.2022
vn -0.2163 0.9016 0.3746
vt 0.3682 0.6906
vt 0.3637 0.6811
vt 0.3681 0.6786
f 1975/1975/1975 1976/1976/1976 1977/1977/1977
v -0.015 -0.1884 -0.0001
v -0.015 -0.1884 -0.0001
v -0.015 -0.1847 -0.0001
vn 1 0 -0
vn 1 0 -0
vn 0 1 -0
vt 0.7713 0.4157
vt 0.7713 0.4157
vt 0.7713 0.4181
f 1978/1978/1978 1979/1979/1979 1980/1980/1980
v -0.015 -0.1847 -0.0001
v -0.015 -0.1847 -0.0001
v -0.015 -0.1884 -0.0001
vn 0 1 -0
vn 0 1 -0
vn 1 0 -0
vt 0.7713 0.4181
vt 0.7713 0.4181
vt 0.7713 0.4157
f 1981/1981/1981 1982/1982/1982 1983/1983/1983
v -0.0492 -0.1884 0.0939
v -0.0324 -0.1884 0.0984
v -0.031 -0.1847 0.0908
vn -0.1479 0.9016 0.4064
vn -0.0751 0.9016 0.426
vn -0.0405 0.9724 0.2299
vt 0.3728 0.6889
vt 0.3758 0.6998
vt 0.3709 0.7007
f 1984/1984/1984 1985/1985/1985 1986/1986/1986
v -0.031 -0.1847 0.0908
v -0.0466 -0.1847 0.0867
v -0.0492 -0.1884 0.0939
vn -0.0405 0.9724 0.2299
vn -0.0798 0.9724 0.2194
vn -0.1479 0.9016 0.4064
vt 0.3709 0.7007
vt 0.3682 0.6906
vt 0.3728 0.6889
f 1987/1987/1987 1988/1988/1988 1989/1989/1989
v -0.015 -0.1884 -0.0001
v -0.015 -0.1884 -0.0001
v -0.015 -0.1847 -0.0001
vn 1 0 -0
vn 1 0 -0
vn 0 1 -0
vt 0.7713 0.4157
vt 0.7713 0.4157
vt 0.7713 0.4181
f 1990/1990/1990 1991/1991/1991 1992/1992/1992
v -0.015 -0.1847 -0.0001
v -0.015 -0.1847 -0.0001
v -0.015 -0.1884 -0.0001
vn 0 1 -0
vn 0 1 -0
vn 1 0 -0
vt 0.7713 0.4181
vt 0.7713 0.4181
vt 0.7713 0.4157
f 1993/1993/1993 1994/1994/1994 1995/1995/1995
v -0.0324 -0.1884 0.0984
v -0.015 -0.1884 0.0999
v -0.015 -0.1847 0.0922
vn -0.0751 0.9016 0.426
vn -0 0.9016 0.4326
vn -0 0.9724 0.2335
vt 0.3758 0.6998
vt 0.3768 0.7111
vt 0.3718 0.7111
f 1996/1996/1996 1997/1997/1997 1998/1998/1998
v -0.015 -0.1847 0.0922
v -0.031 -0.1847 0.0908
v -0.0324 -0.1884 0.0984
vn -0 0.9724 0.2335
vn -0.0405 0.9724 0.2299
vn -0.0751 0.9016 0.426
vt 0.3718 0.7111
vt 0.3709 0.7007
vt 0.3758 0.6998
f 1999/1999/1999 2000/2000/2000 2001/2001/2001
v -0.0471 -0.1259 0.254
v -0.0104 -0.1259 0.254
v -0.0104 0.1597 0.254
vn -0.6795 -0.0935 0.7277
vn 0.1256 -0.101 0.9869
vn 0.1388 0.1383 0.9806
vt 0.5207 0.4552
vt 0.5445 0.4553
vt 0.5441 0.6405
f 2002/2002/2002 2003/2003/2003 2004/2004/2004
v -0.0104 0.1597 0.254
v -0.0471 0.1597 0.254
v -0.0471 -0.1259 0.254
vn 0.1388 0.1383 0.9806
vn -0.6795 0.0935 0.7277
vn -0.6795 -0.0935 0.7277
vt 0.5441 0.6405
vt 0.5203 0.6405
vt 0.5207 0.4552
f 2005/2005/2005 2006/2006/2006 2007/2007/2007
v -0.0017 -0.1226 0.2435
v -0.0017 -0.1226 -0.2354
v -0.0017 0.1563 -0.2354
vn 0.9937 -0.0791 0.0791
vn 0.9937 -0.0791 -0.0791
vn 0.9937 0.0791 -0.0791
vt 0.6133 0.4584
vt 0.924 0.4584
vt 0.924 0.6394
f 2008/2008/2008 2009/2009/2009 2010/2010/2010
v -0.0017 0.1563 -0.2354
v -0.0017 0.1563 0.2435
v -0.0017 -0.1226 0.2435
vn 0.9937 0.0791 -0.0791
vn 0.9937 0.0791 0.0791
vn 0.9937 -0.0791 0.0791
vt 0.924 0.6394
vt 0.6133 0.6394
vt 0.6133 0.4584
f 2011/2011/2011 2012/2012/2012 2013/2013/2013
v -0.0104 -0.1259 -0.246
v -0.0471 -0.1259 -0.246
v -0.0471 0.1597 -0.246
vn 0.1389 -0.1382 -0.9806
vn -0.6795 -0.0934 -0.7277
vn -0.6795 0.0934 -0.7277
vt 0.0845 0.4563
vt 0.1083 0.4563
vt 0.1083 0.6415
f 2014/2014/2014 2015/2015/2015 2016/2016/2016
v -0.0471 0.1597 -0.246
v -0.0104 0.1597 -0.246
v -0.0104 -0.1259 -0.246
vn -0.6795 0.0934 -0.7277
vn 0.1256 0.1009 -0.9869
vn 0.1389 -0.1382 -0.9806
vt 0.1083 0.6415
vt 0.0845 0.6415
vt 0.0845 0.4563
f 2017/2017/2017 2018/2018/2018 2019/2019/2019
v -0.0471 0.1669 -0.2388
v -0.0471 0.1669 0.2468
v -0.0104 0.1669 0.2468
vn -0.6795 0.7277 -0.0935
vn -0.6795 0.7277 0.0935
vn 0.1256 0.9869 0.101
vt 0.1571 0.6903
vt 0.4721 0.6903
vt 0.4721 0.7141
f 2020/2020/2020 2021/2021/2021 2022/2022/2022
v -0.0104 0.1669 0.2468
v -0.0104 0.1669 -0.2388
v -0.0471 0.1669 -0.2388
vn 0.1256 0.9869 0.101
vn 0.1388 0.9806 -0.1383
vn -0.6795 0.7277 -0.0935
vt 0.4721 0.7141
vt 0.1571 0.7141
vt 0.1571 0.6903
f 2023/2023/2023 2024/2024/2024 2025/2025/2025
v -0.0104 -0.1331 -0.2388
v -0.0104 -0.1331 0.2468
v -0.0471 -0.1331 0.2468
vn 0.1256 -0.9869 -0.101
vn 0.1256 -0.9869 0.101
vn -0.6795 -0.7277 0.0935
vt 0.1571 0.3349
vt 0.4721 0.3349
vt 0.4721 0.3587
f 2026/2026/2026 2027/2027/2027 2028/2028/2028
v -0.0471 -0.1331 0.2468
v -0.0471 -0.1331 -0.2388
v -0.0104 -0.1331 -0.2388
vn -0.6795 -0.7277 0.0935
vn -0.6795 -0.7277 -0.0935
vn 0.1256 -0.9869 -0.101
vt 0.4721 0.3587
vt 0.1571 0.3587
vt 0.1571 0.3349
f 2029/2029/2029 2030/2030/2030 2031/2031/2031
v -0.0438 0.1522 0.2389
v -0.0438 -0.1184 0.2389
v -0.0474 -0.1184 0.2389
vn 0.7069 0.7069 -0.0238
vn 0.7069 -0.7069 -0.0238
vn -0.7069 -0.7069 -0.0238
vt 0.1062 0.6367
vt 0.1062 0.4611
vt 0.1086 0.4611
f 2032/2032/2032 2033/2033/2033 2034/2034/2034
v -0.0474 -0.1184 0.2389
v -0.0474 0.1522 0.2389
v -0.0438 0.1522 0.2389
vn -0.7069 -0.7069 -0.0238
vn -0.7069 0.7069 -0.0238
vn 0.7069 0.7069 -0.0238
vt 0.1086 0.4611
vt 0.1086 0.6367
vt 0.1062 0.6367
f 2035/2035/2035 2036/2036/2036 2037/2037/2037
v -0.0441 0.1519 0.239
v -0.0441 0.1519 -0.231
v -0.0441 -0.1181 -0.231
vn 0.0427 0.0527 0.9977
vn -0.5774 -0.5774 0.5774
vn -0.5774 0.5774 0.5774
vt 0.467 0.6365
vt 0.1621 0.6365
vt 0.1621 0.4613
f 2038/2038/2038 2039/2039/2039 2040/2040/2040
v -0.0441 -0.1181 -0.231
v -0.0441 -0.1181 0.239
v -0.0441 0.1519 0.239
vn -0.5774 0.5774 0.5774
vn 0.0455 -0.0455 0.9979
vn 0.0427 0.0527 0.9977
vt 0.1621 0.4613
vt 0.467 0.4613
vt 0.467 0.6365
f 2041/2041/2041 2042/2042/2042 2043/2043/2043
v -0.0441 -0.1181 -0.231
v -0.0441 0.1519 -0.231
v -0.0471 0.1519 -0.231
vn -0.5774 0.5774 0.5774
vn -0.5774 -0.5774 0.5774
vn -0.9045 -0.3015 0.3015
vt 0.5226 0.4603
vt 0.5223 0.6354
vt 0.5203 0.6354
f 2044/2044/2044 2045/2045/2045 2046/2046/2046
v -0.0471 0.1519 -0.231
v -0.0471 -0.1181 -0.231
v -0.0441 -0.1181 -0.231
vn -0.9045 -0.3015 0.3015
vn -0.9045 0.3015 0.3015
vn -0.5774 0.5774 0.5774
vt 0.5203 0.6354
vt 0.5207 0.4603
vt 0.5226 0.4603
f 2047/2047/2047 2048/2048/2048 2049/2049/2049
v -0.0441 0.1519 -0.231
v -0.0441 0.1519 0.239
v -0.0471 0.1519 0.239
vn -0.5774 -0.5774 0.5774
vn 0.0427 0.0527 0.9977
vn -0.9315 0.0181 0.3632
vt 0.1621 0.3567
vt 0.467 0.3567
vt 0.467 0.3587
f 2050/2050/2050 2051/2051/2051 2052/2052/2052
v -0.0471 0.1519 0.239
v -0.0471 0.1519 -0.231
v -0.0441 0.1519 -0.231
vn -0.9315 0.0181 0.3632
vn -0.9045 -0.3015 0.3015
vn -0.5774 -0.5774 0.5774
vt 0.467 0.3587
vt 0.1621 0.3587
vt 0.1621 0.3567
f 2053/2053/2053 2054/2054/2054 2055/2055/2055
v -0.0441 -0.1181 0.239
v -0.0441 -0.1181 -0.231
v -0.0471 -0.1181 -0.231
vn 0.0455 -0.0455 0.9979
vn -0.5774 0.5774 0.5774
vn -0.9045 0.3015 0.3015
vt 0.467 0.6922
vt 0.1621 0.6922
vt 0.1621 0.6903
f 2056/2056/2056 2057/2057/2057 2058/2058/2058
v -0.0471 -0.1181 -0.231
v -0.0471 -0.1181 0.239
v -0.0441 -0.1181 0.239
vn -0.9045 0.3015 0.3015
vn -0.9306 -0.0156 0.3657
vn 0.0455 -0.0455 0.9979
vt 0.1621 0.6903
vt 0.467 0.6903
vt 0.467 0.6922
f 2059/2059/2059 2060/2060/2060 2061/2061/2061
v -0.0061 0.1655 0.2527
v -0.0061 -0.1318 0.2527
v -0.0028 -0.1277 0.2487
vn 0.5768 -0.5776 -0.5776
vn 0.5767 0.5778 -0.5775
vn 0.9133 -0.288 0.288
vt 0.6073 0.6453
vt 0.6073 0.4525
vt 0.61 0.4551
f 2062/2062/2062 2063/2063/2063 2064/2064/2064
v -0.0028 -0.1277 0.2487
v -0.0028 0.1615 0.2487
v -0.0061 0.1655 0.2527
vn 0.9133 -0.288 0.288
vn 0.9133 0.288 0.288
vn 0.5768 -0.5776 -0.5776
vt 0.61 0.4551
vt 0.61 0.6427
vt 0.6073 0.6453
f 2065/2065/2065 2066/2066/2066 2067/2067/2067
v -0.0028 0.1615 0.2487
v -0.0028 -0.1277 0.2487
v -0.0017 -0.1226 0.2435
vn 0.9133 0.288 0.288
vn 0.9133 -0.288 0.288
vn 0.9937 -0.0791 0.0791
vt 0.61 0.6427
vt 0.61 0.4551
vt 0.6133 0.4584
f 2068/2068/2068 2069/2069/2069 2070/2070/2070
v -0.0017 -0.1226 0.2435
v -0.0017 0.1563 0.2435
v -0.0028 0.1615 0.2487
vn 0.9937 -0.0791 0.0791
vn 0.9937 0.0791 0.0791
vn 0.9133 0.288 0.288
vt 0.6133 0.4584
vt 0.6133 0.6394
vt 0.61 0.6427
f 2071/2071/2071 2072/2072/2072 2073/2073/2073
v -0.0061 0.1655 -0.2446
v -0.0061 0.1655 0.2527
v -0.0028 0.1615 0.2487
vn 0.5767 -0.5775 0.5778
vn 0.5768 -0.5776 -0.5776
vn 0.9133 0.288 0.288
vt 0.9299 0.6453
vt 0.6073 0.6453
vt 0.61 0.6427
f 2074/2074/2074 2075/2075/2075 2076/2076/2076
v -0.0028 0.1615 0.2487
v -0.0028 0.1615 -0.2406
v -0.0061 0.1655 -0.2446
vn 0.9133 0.288 0.288
vn 0.9133 0.288 -0.288
vn 0.5767 -0.5775 0.5778
vt 0.61 0.6427
vt 0.9273 0.6427
vt 0.9299 0.6453
f 2077/2077/2077 2078/2078/2078 2079/2079/2079
v -0.0028 0.1615 -0.2406
v -0.0028 0.1615 0.2487
v -0.0017 0.1563 0.2435
vn 0.9133 0.288 -0.288
vn 0.9133 0.288 0.288
vn 0.9937 0.0791 0.0791
vt 0.9273 0.6427
vt 0.61 0.6427
vt 0.6133 0.6394
f 2080/2080/2080 2081/2081/2081 2082/2082/2082
v -0.0017 0.1563 0.2435
v -0.0017 0.1563 -0.2354
v -0.0028 0.1615 -0.2406
vn 0.9937 0.0791 0.0791
vn 0.9937 0.0791 -0.0791
vn 0.9133 0.288 -0.288
vt 0.6133 0.6394
vt 0.924 0.6394
vt 0.9273 0.6427
f 2083/2083/2083 2084/2084/2084 2085/2085/2085
v -0.0061 -0.1318 -0.2446
v -0.0061 0.1655 -0.2446
v -0.0028 0.1615 -0.2406
vn 0.5767 0.5777 0.5777
vn 0.5767 -0.5775 0.5778
vn 0.9133 0.288 -0.288
vt 0.9299 0.4525
vt 0.9299 0.6453
vt 0.9273 0.6427
f 2086/2086/2086 2087/2087/2087 2088/2088/2088
v -0.0028 0.1615 -0.2406
v -0.0028 -0.1277 -0.2406
v -0.0061 -0.1318 -0.2446
vn 0.9133 0.288 -0.288
vn 0.9133 -0.288 -0.288
vn 0.5767 0.5777 0.5777
vt 0.9273 0.6427
vt 0.9273 0.4551
vt 0.9299 0.4525
f 2089/2089/2089 2090/2090/2090 2091/2091/2091
v -0.0028 -0.1277 -0.2406
v -0.0028 0.1615 -0.2406
v -0.0017 0.1563 -0.2354
vn 0.9133 -0.288 -0.288
vn 0.9133 0.288 -0.288
vn 0.9937 0.0791 -0.0791
vt 0.9273 0.4551
vt 0.9273 0.6427
vt 0.924 0.6394
f 2092/2092/2092 2093/2093/2093 2094/2094/2094
v -0.0017 0.1563 -0.2354
v -0.0017 -0.1226 -0.2354
v -0.0028 -0.1277 -0.2406
vn 0.9937 0.0791 -0.0791
vn 0.9937 -0.0791 -0.0791
vn 0.9133 -0.288 -0.288
vt 0.924 0.6394
vt 0.924 0.4584
vt 0.9273 0.4551
f 2095/2095/2095 2096/2096/2096 2097/2097/2097
v -0.0061 -0.1318 0.2527
v -0.0061 -0.1318 -0.2446
v -0.0028 -0.1277 -0.2406
vn 0.5767 0.5778 -0.5775
vn 0.5767 0.5777 0.5777
vn 0.9133 -0.288 -0.288
vt 0.6073 0.4525
vt 0.9299 0.4525
vt 0.9273 0.4551
f 2098/2098/2098 2099/2099/2099 2100/2100/2100
v -0.0028 -0.1277 -0.2406
v -0.0028 -0.1277 0.2487
v -0.0061 -0.1318 0.2527
vn 0.9133 -0.288 -0.288
vn 0.9133 -0.288 0.288
vn 0.5767 0.5778 -0.5775
vt 0.9273 0.4551
vt 0.61 0.4551
vt 0.6073 0.4525
f 2101/2101/2101 2102/2102/2102 2103/2103/2103
v -0.0028 -0.1277 0.2487
v -0.0028 -0.1277 -0.2406
v -0.0017 -0.1226 -0.2354
vn 0.9133 -0.288 0.288
vn 0.9133 -0.288 -0.288
vn 0.9937 -0.0791 -0.0791
vt 0.61 0.4551
vt 0.9273 0.4551
vt 0.924 0.4584
f 2104/2104/2104 2105/2105/2105 2106/2106/2106
v -0.0017 -0.1226 -0.2354
v -0.0017 -0.1226 0.2435
v -0.0028 -0.1277 0.2487
vn 0.9937 -0.0791 -0.0791
vn 0.9937 -0.0791 0.0791
vn 0.9133 -0.288 0.288
vt 0.924 0.4584
vt 0.6133 0.4584
vt 0.61 0.4551
f 2107/2107/2107 2108/2108/2108 2109/2109/2109
v -0.0104 0.1669 0.2468
v -0.0471 0.1669 0.2468
v -0.0471 0.166 0.2504
vn 0.1256 0.9869 0.101
vn -0.6795 0.7277 0.0935
vn -0.6526 0.6573 0.3768
vt 0.4721 0.7141
vt 0.4721 0.6903
vt 0.4743 0.6903
f 2110/2110/2110 2111/2111/2111 2112/2112/2112
v -0.0471 0.166 0.2504
v -0.0104 0.166 0.2504
v -0.0104 0.1669 0.2468
vn -0.6526 0.6573 0.3768
vn 0.0518 0.8523 0.5205
vn 0.1256 0.9869 0.101
vt 0.4743 0.6903
vt 0.4743 0.7141
vt 0.4721 0.7141
f 2113/2113/2113 2114/2114/2114 2115/2115/2115
v -0.0104 -0.1259 0.254
v -0.0471 -0.1259 0.254
v -0.0471 -0.1294 0.2531
vn 0.1256 -0.101 0.9869
vn -0.6795 -0.0935 0.7277
vn -0.6526 -0.3768 0.6573
vt 0.5445 0.4562
vt 0.5207 0.4562
vt 0.5207 0.4539
f 2116/2116/2116 2117/2117/2117 2118/2118/2118
v -0.0471 -0.1294 0.2531
v -0.0104 -0.1294 0.2531
v -0.0104 -0.1259 0.254
vn -0.6526 -0.3768 0.6573
vn 0.0244 -0.4764 0.8789
vn 0.1256 -0.101 0.9869
vt 0.5207 0.4539
vt 0.5445 0.454
vt 0.5445 0.4562
f 2119/2119/2119 2120/2120/2120 2121/2121/2121
v -0.0104 0.1597 -0.246
v -0.0471 0.1597 -0.246
v -0.0471 0.1632 -0.245
vn 0.1256 0.1009 -0.9869
vn -0.6795 0.0934 -0.7277
vn -0.6526 0.3768 -0.6574
vt 0.0845 0.6415
vt 0.1083 0.6415
vt 0.1083 0.6438
f 2122/2122/2122 2123/2123/2123 2124/2124/2124
v -0.0471 0.1632 -0.245
v -0.0104 0.1632 -0.245
v -0.0104 0.1597 -0.246
vn -0.6526 0.3768 -0.6574
vn 0.0519 0.5204 -0.8523
vn 0.1256 0.1009 -0.9869
vt 0.1083 0.6438
vt 0.0845 0.6438
vt 0.0845 0.6415
f 2125/2125/2125 2126/2126/2126 2127/2127/2127
v -0.0104 -0.1331 -0.2388
v -0.0471 -0.1331 -0.2388
v -0.0471 -0.1322 -0.2423
vn 0.1256 -0.9869 -0.101
vn -0.6795 -0.7277 -0.0935
vn -0.6527 -0.6574 -0.3767
vt 0.1571 0.3349
vt 0.1571 0.3587
vt 0.1548 0.3587
f 2128/2128/2128 2129/2129/2129 2130/2130/2130
v -0.0471 -0.1322 -0.2423
v -0.0104 -0.1322 -0.2423
v -0.0104 -0.1331 -0.2388
vn -0.6527 -0.6574 -0.3767
vn 0.0518 -0.8523 -0.5204
vn 0.1256 -0.9869 -0.101
vt 0.1548 0.3587
vt 0.1548 0.3349
vt 0.1571 0.3349
f 2131/2131/2131 2132/2132/2132 2133/2133/2133
v -0.0104 0.166 0.2504
v -0.0471 0.166 0.2504
v -0.0471 0.1632 0.2531
vn 0.0518 0.8523 0.5205
vn -0.6526 0.6573 0.3768
vn -0.6526 0.3768 0.6573
vt 0.4743 0.7141
vt 0.4743 0.6903
vt 0.4761 0.6903
f 2134/2134/2134 2135/2135/2135 2136/2136/2136
v -0.0471 0.1632 0.2531
v -0.0104 0.1632 0.2531
v -0.0104 0.166 0.2504
vn -0.6526 0.3768 0.6573
vn 0.6526 0.3768 0.6573
vn 0.0518 0.8523 0.5205
vt 0.4761 0.6903
vt 0.4761 0.7141
vt 0.4743 0.7141
f 2137/2137/2137 2138/2138/2138 2139/2139/2139
v -0.0104 0.1632 0.2531
v -0.0471 0.1632 0.2531
v -0.0471 0.1597 0.254
vn 0.6526 0.3768 0.6573
vn -0.6526 0.3768 0.6573
vn -0.6795 0.0935 0.7277
vt 0.5441 0.6438
vt 0.5203 0.6437
vt 0.5203 0.6415
f 2140/2140/2140 2141/2141/2141 2142/2142/2142
v -0.0471 0.1597 0.254
v -0.0104 0.1597 0.254
v -0.0104 0.1632 0.2531
vn -0.6795 0.0935 0.7277
vn 0.1388 0.1383 0.9806
vn 0.6526 0.3768 0.6573
vt 0.5203 0.6415
vt 0.5441 0.6415
vt 0.5441 0.6438
f 2143/2143/2143 2144/2144/2144 2145/2145/2145
v -0.0104 -0.1294 0.2531
v -0.0471 -0.1294 0.2531
v -0.0471 -0.1322 0.2504
vn 0.0244 -0.4764 0.8789
vn -0.6526 -0.3768 0.6573
vn -0.6526 -0.6573 0.3768
vt 0.4761 0.3349
vt 0.4761 0.3587
vt 0.4743 0.3587
f 2146/2146/2146 2147/2147/2147 2148/2148/2148
v -0.0471 -0.1322 0.2504
v -0.0104 -0.1322 0.2504
v -0.0104 -0.1294 0.2531
vn -0.6526 -0.6573 0.3768
vn 0.0244 -0.8789 0.4764
vn 0.0244 -0.4764 0.8789
vt 0.4743 0.3587
vt 0.4743 0.3349
vt 0.4761 0.3349
f 2149/2149/2149 2150/2150/2150 2151/2151/2151
v -0.0104 -0.1322 0.2504
v -0.0471 -0.1322 0.2504
v -0.0471 -0.1331 0.2468
vn 0.0244 -0.8789 0.4764
vn -0.6526 -0.6573 0.3768
vn -0.6795 -0.7277 0.0935
vt 0.4743 0.3349
vt 0.4743 0.3587
vt 0.4721 0.3587
f 2152/2152/2152 2153/2153/2153 2154/2154/2154
v -0.0471 -0.1331 0.2468
v -0.0104 -0.1331 0.2468
v -0.0104 -0.1322 0.2504
vn -0.6795 -0.7277 0.0935
vn 0.1256 -0.9869 0.101
vn 0.0244 -0.8789 0.4764
vt 0.4721 0.3587
vt 0.4721 0.3349
vt 0.4743 0.3349
f 2155/2155/2155 2156/2156/2156 2157/2157/2157
v -0.0104 0.1632 -0.245
v -0.0471 0.1632 -0.245
v -0.0471 0.166 -0.2423
vn 0.0519 0.5204 -0.8523
vn -0.6526 0.3768 -0.6574
vn -0.6527 0.6574 -0.3767
vt 0.153 0.7141
vt 0.153 0.6903
vt 0.1548 0.6903
f 2158/2158/2158 2159/2159/2159 2160/2160/2160
v -0.0471 0.166 -0.2423
v -0.0104 0.166 -0.2423
v -0.0104 0.1632 -0.245
vn -0.6527 0.6574 -0.3767
vn 0.6527 0.6574 -0.3767
vn 0.0519 0.5204 -0.8523
vt 0.1548 0.6903
vt 0.1548 0.7141
vt 0.153 0.7141
f 2161/2161/2161 2162/2162/2162 2163/2163/2163
v -0.0104 0.166 -0.2423
v -0.0471 0.166 -0.2423
v -0.0471 0.1669 -0.2388
vn 0.6527 0.6574 -0.3767
vn -0.6527 0.6574 -0.3767
vn -0.6795 0.7277 -0.0935
vt 0.1548 0.7141
vt 0.1548 0.6903
vt 0.1571 0.6903
f 2164/2164/2164 2165/2165/2165 2166/2166/2166
v -0.0471 0.1669 -0.2388
v -0.0104 0.1669 -0.2388
v -0.0104 0.166 -0.2423
vn -0.6795 0.7277 -0.0935
vn 0.1388 0.9806 -0.1383
vn 0.6527 0.6574 -0.3767
vt 0.1571 0.6903
vt 0.1571 0.7141
vt 0.1548 0.7141
f 2167/2167/2167 2168/2168/2168 2169/2169/2169
v -0.0104 -0.1322 -0.2423
v -0.0471 -0.1322 -0.2423
v -0.0471 -0.1294 -0.245
vn 0.0518 -0.8523 -0.5204
vn -0.6527 -0.6574 -0.3767
vn -0.6526 -0.3768 -0.6574
vt 0.1548 0.3349
vt 0.1548 0.3587
vt 0.153 0.3587
f 2170/2170/2170 2171/2171/2171 2172/2172/2172
v -0.0471 -0.1294 -0.245
v -0.0104 -0.1294 -0.245
v -0.0104 -0.1322 -0.2423
vn -0.6526 -0.3768 -0.6574
vn 0.6526 -0.3768 -0.6574
vn 0.0518 -0.8523 -0.5204
vt 0.153 0.3587
vt 0.153 0.3349
vt 0.1548 0.3349
f 2173/2173/2173 2174/2174/2174 2175/2175/2175
v -0.0104 -0.1294 -0.245
v -0.0471 -0.1294 -0.245
v -0.0471 -0.1259 -0.246
vn 0.6526 -0.3768 -0.6574
vn -0.6526 -0.3768 -0.6574
vn -0.6795 -0.0934 -0.7277
vt 0.0845 0.454
vt 0.1083 0.454
vt 0.1083 0.4563
f 2176/2176/2176 2177/2177/2177 2178/2178/2178
v -0.0471 -0.1259 -0.246
v -0.0104 -0.1259 -0.246
v -0.0104 -0.1294 -0.245
vn -0.6795 -0.0934 -0.7277
vn 0.1389 -0.1382 -0.9806
vn 0.6526 -0.3768 -0.6574
vt 0.1083 0.4563
vt 0.0845 0.4563
vt 0.0845 0.454
f 2179/2179/2179 2180/2180/2180 2181/2181/2181
v -0.0441 0.1519 0.239
v -0.044 0.1519 0.239
v -0.0471 0.1519 0.239
vn 0.0427 0.0527 0.9977
vn 0.2624 0.2617 0.9288
vn -0.2631 0.2631 0.9282
vt 0.467 0.6922
vt 0.467 0.6922
vt 0.467 0.6902
f 2182/2182/2182 2183/2183/2183 2184/2184/2184
v -0.0471 0.1519 0.239
v -0.0471 0.1519 0.239
v -0.0441 0.1519 0.239
vn -0.2631 0.2631 0.9282
vn -0.9315 0.0181 0.3632
vn 0.0427 0.0527 0.9977
vt 0.467 0.6902
vt 0.467 0.6903
vt 0.467 0.6922
f 2185/2185/2185 2186/2186/2186 2187/2187/2187
v -0.0471 0.1519 0.239
v -0.0471 0.1519 0.239
v -0.0471 -0.1181 0.239
vn -0.9315 0.0181 0.3632
vn -0.2631 0.2631 0.9282
vn -0.2615 -0.2635 0.9285
vt 0.467 0.6365
vt 0.467 0.6365
vt 0.467 0.4613
f 2188/2188/2188 2189/2189/2189 2190/2190/2190
v -0.0471 -0.1181 0.239
v -0.0471 -0.1181 0.239
v -0.0471 0.1519 0.239
vn -0.2615 -0.2635 0.9285
vn -0.9306 -0.0156 0.3657
vn -0.9315 0.0181 0.3632
vt 0.467 0.4613
vt 0.467 0.4613
vt 0.467 0.6365
f 2191/2191/2191 2192/2192/2192 2193/2193/2193
v -0.0471 -0.1181 0.239
v -0.0471 -0.1181 0.239
v -0.044 -0.1181 0.239
vn -0.9306 -0.0156 0.3657
vn -0.2615 -0.2635 0.9285
vn 0.2608 -0.2621 0.9291
vt 0.467 0.3587
vt 0.467 0.3587
vt 0.467 0.3567
f 2194/2194/2194 2195/2195/2195 2196/2196/2196
v -0.044 -0.1181 0.239
v -0.0441 -0.1181 0.239
v -0.0471 -0.1181 0.239
vn 0.2608 -0.2621 0.9291
vn 0.0455 -0.0455 0.9979
vn -0.9306 -0.0156 0.3657
vt 0.467 0.3567
vt 0.467 0.3567
vt 0.467 0.3587
f 2197/2197/2197 2198/2198/2198 2199/2199/2199
v -0.0441 -0.1181 0.239
v -0.044 -0.1181 0.239
v -0.044 0.1519 0.239
vn 0.0455 -0.0455 0.9979
vn 0.2608 -0.2621 0.9291
vn 0.2624 0.2617 0.9288
vt 0.6162 0.4613
vt 0.6162 0.4613
vt 0.6162 0.6365
f 2200/2200/2200 2201/2201/2201 2202/2202/2202
v -0.044 0.1519 0.239
v -0.0441 0.1519 0.239
v -0.0441 -0.1181 0.239
vn 0.2624 0.2617 0.9288
vn 0.0427 0.0527 0.9977
vn 0.0455 -0.0455 0.9979
vt 0.6162 0.6365
vt 0.6162 0.6365
vt 0.6162 0.4613
f 2203/2203/2203 2204/2204/2204 2205/2205/2205
v -0.044 0.1519 0.239
v -0.0439 0.1521 0.2389
v -0.0473 0.1521 0.2389
vn 0.2624 0.2617 0.9288
vn 0.0772 0.0772 0.994
vn -0.0772 0.0772 0.994
vt 0.5223 0.6364
vt 0.5224 0.6365
vt 0.5202 0.6365
f 2206/2206/2206 2207/2207/2207 2208/2208/2208
v -0.0473 0.1521 0.2389
v -0.0471 0.1519 0.239
v -0.044 0.1519 0.239
vn -0.0772 0.0772 0.994
vn -0.2631 0.2631 0.9282
vn 0.2624 0.2617 0.9288
vt 0.5202 0.6365
vt 0.5203 0.6364
vt 0.5223 0.6364
f 2209/2209/2209 2210/2210/2210 2211/2211/2211
v -0.0439 0.1521 0.2389
v -0.0438 0.1522 0.2389
v -0.0474 0.1522 0.2389
vn 0.0772 0.0772 0.994
vn 0.7069 0.7069 -0.0238
vn -0.7069 0.7069 -0.0238
vt 0.5224 0.6365
vt 0.5225 0.6366
vt 0.5201 0.6366
f 2212/2212/2212 2213/2213/2213 2214/2214/2214
v -0.0474 0.1522 0.2389
v -0.0473 0.1521 0.2389
v -0.0439 0.1521 0.2389
vn -0.7069 0.7069 -0.0238
vn -0.0772 0.0772 0.994
vn 0.0772 0.0772 0.994
vt 0.5201 0.6366
vt 0.5202 0.6365
vt 0.5224 0.6365
f 2215/2215/2215 2216/2216/2216 2217/2217/2217
v -0.0471 0.1519 0.239
v -0.0473 0.1521 0.2389
v -0.0473 -0.1183 0.2389
vn -0.2631 0.2631 0.9282
vn -0.0772 0.0772 0.994
vn -0.0774 -0.0773 0.994
vt 0.5203 0.6364
vt 0.5202 0.6365
vt 0.5206 0.4611
f 2218/2218/2218 2219/2219/2219 2220/2220/2220
v -0.0473 -0.1183 0.2389
v -0.0471 -0.1181 0.239
v -0.0471 0.1519 0.239
vn -0.0774 -0.0773 0.994
vn -0.2615 -0.2635 0.9285
vn -0.2631 0.2631 0.9282
vt 0.5206 0.4611
vt 0.5206 0.4612
vt 0.5203 0.6364
f 2221/2221/2221 2222/2222/2222 2223/2223/2223
v -0.0473 0.1521 0.2389
v -0.0474 0.1522 0.2389
v -0.0474 -0.1184 0.2389
vn -0.0772 0.0772 0.994
vn -0.7069 0.7069 -0.0238
vn -0.7069 -0.7069 -0.0238
vt 0.5202 0.6365
vt 0.5201 0.6366
vt 0.5205 0.461
f 2224/2224/2224 2225/2225/2225 2226/2226/2226
v -0.0474 -0.1184 0.2389
v -0.0473 -0.1183 0.2389
v -0.0473 0.1521 0.2389
vn -0.7069 -0.7069 -0.0238
vn -0.0774 -0.0773 0.994
vn -0.0772 0.0772 0.994
vt 0.5205 0.461
vt 0.5206 0.4611
vt 0.5202 0.6365
f 2227/2227/2227 2228/2228/2228 2229/2229/2229
v -0.0471 -0.1181 0.239
v -0.0473 -0.1183 0.2389
v -0.0439 -0.1183 0.2389
vn -0.2615 -0.2635 0.9285
vn -0.0774 -0.0773 0.994
vn 0.0774 -0.0773 0.994
vt 0.5206 0.4612
vt 0.5206 0.4611
vt 0.5227 0.4611
f 2230/2230/2230 2231/2231/2231 2232/2232/2232
v -0.0439 -0.1183 0.2389
v -0.044 -0.1181 0.239
v -0.0471 -0.1181 0.239
vn 0.0774 -0.0773 0.994
vn 0.2608 -0.2621 0.9291
vn -0.2615 -0.2635 0.9285
vt 0.5227 0.4611
vt 0.5226 0.4612
vt 0.5206 0.4612
f 2233/2233/2233 2234/2234/2234 2235/2235/2235
v -0.0473 -0.1183 0.2389
v -0.0474 -0.1184 0.2389
v -0.0438 -0.1184 0.2389
vn -0.0774 -0.0773 0.994
vn -0.7069 -0.7069 -0.0238
vn 0.7069 -0.7069 -0.0238
vt 0.5206 0.4611
vt 0.5205 0.461
vt 0.5228 0.461
f 2236/2236/2236 2237/2237/2237 2238/2238/2238
v -0.0438 -0.1184 0.2389
v -0.0439 -0.1183 0.2389
v -0.0473 -0.1183 0.2389
vn 0.7069 -0.7069 -0.0238
vn 0.0774 -0.0773 0.994
vn -0.0774 -0.0773 0.994
vt 0.5228 0.461
vt 0.5227 0.4611
vt 0.5206 0.4611
f 2239/2239/2239 2240/2240/2240 2241/2241/2241
v -0.044 -0.1181 0.239
v -0.0439 -0.1183 0.2389
v -0.0439 0.1521 0.2389
vn 0.2608 -0.2621 0.9291
vn 0.0774 -0.0773 0.994
vn 0.0772 0.0772 0.994
vt 0.5226 0.4603
vt 0.5227 0.4602
vt 0.5224 0.6355
f 2242/2242/2242 2243/2243/2243 2244/2244/2244
v -0.0439 0.1521 0.2389
v -0.044 0.1519 0.239
v -0.044 -0.1181 0.239
vn 0.0772 0.0772 0.994
vn 0.2624 0.2617 0.9288
vn 0.2608 -0.2621 0.9291
vt 0.5224 0.6355
vt 0.5223 0.6355
vt 0.5226 0.4603
f 2245/2245/2245 2246/2246/2246 2247/2247/2247
v -0.0439 -0.1183 0.2389
v -0.0438 -0.1184 0.2389
v -0.0438 0.1522 0.2389
vn 0.0774 -0.0773 0.994
vn 0.7069 -0.7069 -0.0238
vn 0.7069 0.7069 -0.0238
vt 0.5227 0.4602
vt 0.5228 0.4601
vt 0.5225 0.6356
f 2248/2248/2248 2249/2249/2249 2250/2250/2250
v -0.0438 0.1522 0.2389
v -0.0439 0.1521 0.2389
v -0.0439 -0.1183 0.2389
vn 0.7069 0.7069 -0.0238
vn 0.0772 0.0772 0.994
vn 0.0774 -0.0773 0.994
vt 0.5225 0.6356
vt 0.5224 0.6355
vt 0.5227 0.4602
f 2251/2251/2251 2252/2252/2252 2253/2253/2253
