o data/uid/01011857/s/000009.obj
//1
usemtl mat0
v -0.0011 0 0.0031
v -0.0123 0.0008 -0.0008
v -0.0123 0 -0.0008
vn -0.3289 0.0011 0.9444
vn -0.3289 0.0004 0.9444
vn -0.3289 0 0.9444
vt 0.2534 0.458
vt 0.3499 0.458
vt 0.3502 0.458
f 1/1/1 2/2/2 3/3/3
v -0.0123 0 -0.0008
v -0.0011 0 0.0031
v -0.0011 0 0.0031
vn -0.3289 0 0.9444
vn -0.3289 -0.0011 0.9444
vn -0.3289 0.0011 0.9444
vt 0.3502 0.458
vt 0.2534 0.458
vt 0.2534 0.458
f 4/4/4 5/5/5 6/6/6
v -0.0123 0.0008 -0.0008
v -0.0101 0.0008 -0.007
v -0.0101 0 -0.007
vn -0.9397 0.0996 -0.3273
vn -0.9396 0.0998 -0.3273
vn -0.9444 -0 -0.3289
vt 0.3499 0.458
vt 0.3499 0.542
vt 0.3502 0.542
f 7/7/7 8/8/8 9/9/9
v -0.0101 0 -0.007
v -0.0123 0 -0.0008
v -0.0123 0.0008 -0.0008
vn -0.9444 -0 -0.3289
vn -0.9444 -0 -0.3289
vn -0.9397 0.0996 -0.3273
vt 0.3502 0.542
vt 0.3502 0.458
vt 0.3499 0.458
f 10/10/10 11/11/11 12/12/12
v -0.0101 0.0008 -0.007
v 0.0011 0 -0.0031
v 0.0011 0 -0.0031
vn 0.3289 0.0002 -0.9443
vn 0.329 0.0003 -0.9443
vn 0.3289 0.0001 -0.9444
vt 0.3499 0.542
vt 0.2534 0.542
vt 0.2534 0.542
f 13/13/13 14/14/14 15/15/15
v 0.0011 0 -0.0031
v -0.0101 0 -0.007
v -0.0101 0.0008 -0.007
vn 0.3289 0.0001 -0.9444
vn 0.3289 -0 -0.9444
vn 0.3289 0.0002 -0.9443
vt 0.2534 0.542
vt 0.3502 0.542
vt 0.3499 0.542
f 16/16/16 17/17/17 18/18/18
v 0.0011 0 -0.0031
v -0.0011 0 0.0031
v -0.0011 0 0.0031
vn 1 0 -0
vn 1 0 -0
vn 1 0 -0
vt 0.2534 0.542
vt 0.2534 0.458
vt 0.2534 0.458
f 19/19/19 20/20/20 21/21/21
v -0.0011 0 0.0031
v 0.0011 0 -0.0031
v 0.0011 0 -0.0031
vn 1 0 -0
vn 1 0 -0
vn 1 0 -0
vt 0.2534 0.458
vt 0.2534 0.542
vt 0.2534 0.542
f 22/22/22 23/23/23 24/24/24
v -0.0011 0 0.0031
v -0.0121 0.0017 -0.0007
v -0.0123 0.0008 -0.0008
vn -0.329 -0.0003 0.9443
vn -0.329 -0.0002 0.9443
vn -0.3289 0.0004 0.9444
vt 0.2534 0.458
vt 0.3489 0.458
vt 0.3499 0.458
f 25/25/25 26/26/26 27/27/27
v -0.0123 0.0008 -0.0008
v -0.0011 0 0.0031
v -0.0011 0 0.0031
vn -0.3289 0.0004 0.9444
vn -0.3289 0.0011 0.9444
vn -0.329 -0.0003 0.9443
vt 0.3499 0.458
vt 0.2534 0.458
vt 0.2534 0.458
f 28/28/28 29/29/29 30/30/30
v -0.0121 0.0017 -0.0007
v -0.01 0.0017 -0.007
v -0.0101 0.0008 -0.007
vn -0.9257 0.1976 -0.3225
vn -0.9257 0.1976 -0.3225
vn -0.9396 0.0998 -0.3273
vt 0.3489 0.458
vt 0.3489 0.542
vt 0.3499 0.542
f 31/31/31 32/32/32 33/33/33
v -0.0101 0.0008 -0.007
v -0.0123 0.0008 -0.0008
v -0.0121 0.0017 -0.0007
vn -0.9396 0.0998 -0.3273
vn -0.9397 0.0996 -0.3273
vn -0.9257 0.1976 -0.3225
vt 0.3499 0.542
vt 0.3499 0.458
vt 0.3489 0.458
f 34/34/34 35/35/35 36/36/36
v -0.01 0.0017 -0.007
v 0.0011 0 -0.0031
v 0.0011 0 -0.0031
vn 0.3289 0.0002 -0.9444
vn 0.3289 0.0001 -0.9444
vn 0.329 0.0003 -0.9443
vt 0.3489 0.542
vt 0.2534 0.542
vt 0.2534 0.542
f 37/37/37 38/38/38 39/39/39
v 0.0011 0 -0.0031
v -0.0101 0.0008 -0.007
v -0.01 0.0017 -0.007
vn 0.329 0.0003 -0.9443
vn 0.3289 0.0002 -0.9443
vn 0.3289 0.0002 -0.9444
vt 0.2534 0.542
vt 0.3499 0.542
vt 0.3489 0.542
f 40/40/40 41/41/41 42/42/42
v 0.0011 0 -0.0031
v -0.0011 0 0.0031
v -0.0011 0 0.0031
vn 1 0 -0
vn 1 0 -0
vn 1 0 -0
vt 0.2534 0.542
vt 0.2534 0.458
vt 0.2534 0.458
f 43/43/43 44/44/44 45/45/45
v -0.0011 0 0.0031
v 0.0011 0 -0.0031
v 0.0011 0 -0.0031
vn 1 0 -0
vn 1 0 -0
vn 1 0 -0
vt 0.2534 0.458
vt 0.2534 0.542
vt 0.2534 0.542
f 46/46/46 47/47/47 48/48/48
v -0.0011 0 0.0031
v -0.0119 0.0025 -0.0007
v -0.0121 0.0017 -0.0007
vn -0.329 -0.0001 0.9443
vn -0.329 -0.0002 0.9443
vn -0.329 -0.0002 0.9443
vt 0.2534 0.458
vt 0.3472 0.458
vt 0.3489 0.458
f 49/49/49 50/50/50 51/51/51
v -0.0121 0.0017 -0.0007
v -0.0011 0 0.0031
v -0.0011 0 0.0031
vn -0.329 -0.0002 0.9443
vn -0.329 -0.0003 0.9443
vn -0.329 -0.0001 0.9443
vt 0.3489 0.458
vt 0.2534 0.458
vt 0.2534 0.458
f 52/52/52 53/53/53 54/54/54
v -0.0119 0.0025 -0.0007
v -0.0098 0.0025 -0.0069
v -0.01 0.0017 -0.007
vn -0.9028 0.2934 -0.3145
vn -0.9028 0.2933 -0.3145
vn -0.9257 0.1976 -0.3225
vt 0.3472 0.458
vt 0.3472 0.542
vt 0.3489 0.542
f 55/55/55 56/56/56 57/57/57
v -0.01 0.0017 -0.007
v -0.0121 0.0017 -0.0007
v -0.0119 0.0025 -0.0007
vn -0.9257 0.1976 -0.3225
vn -0.9257 0.1976 -0.3225
vn -0.9028 0.2934 -0.3145
vt 0.3489 0.542
vt 0.3489 0.458
vt 0.3472 0.458
f 58/58/58 59/59/59 60/60/60
v -0.0098 0.0025 -0.0069
v 0.0011 0 -0.0031
v 0.0011 0 -0.0031
vn 0.3288 -0.0003 -0.9444
vn 0.3287 -0.0008 -0.9444
vn 0.3289 0.0001 -0.9444
vt 0.3472 0.542
vt 0.2534 0.542
vt 0.2534 0.542
f 61/61/61 62/62/62 63/63/63
v 0.0011 0 -0.0031
v -0.01 0.0017 -0.007
v -0.0098 0.0025 -0.0069
vn 0.3289 0.0001 -0.9444
vn 0.3289 0.0002 -0.9444
vn 0.3288 -0.0003 -0.9444
vt 0.2534 0.542
vt 0.3489 0.542
vt 0.3472 0.542
f 64/64/64 65/65/65 66/66/66
v 0.0011 0 -0.0031
v -0.0011 0 0.0031
v -0.0011 0 0.0031
vn 1 0 -0
vn 1 0 -0
vn 1 0 -0
vt 0.2534 0.542
vt 0.2534 0.458
vt 0.2534 0.458
f 67/67/67 68/68/68 69/69/69
v -0.0011 0 0.0031
v 0.0011 0 -0.0031
v 0.0011 0 -0.0031
vn 1 0 -0
vn 1 0 -0
vn 1 0 -0
vt 0.2534 0.458
vt 0.2534 0.542
vt 0.2534 0.542
f 70/70/70 71/71/71 72/72/72
v -0.0011 0 0.0031
v -0.0117 0.0033 -0.0006
v -0.0119 0.0025 -0.0007
vn -0.329 -0.0003 0.9443
vn -0.3289 -0.0001 0.9444
vn -0.329 -0.0002 0.9443
vt 0.2534 0.458
vt 0.3448 0.458
vt 0.3472 0.458
f 73/73/73 74/74/74 75/75/75
v -0.0119 0.0025 -0.0007
v -0.0011 0 0.0031
v -0.0011 0 0.0031
vn -0.329 -0.0002 0.9443
vn -0.329 -0.0001 0.9443
vn -0.329 -0.0003 0.9443
vt 0.3472 0.458
vt 0.2534 0.458
vt 0.2534 0.458
f 76/76/76 77/77/77 78/78/78
v -0.0117 0.0033 -0.0006
v -0.0095 0.0033 -0.0068
v -0.0098 0.0025 -0.0069
vn -0.8719 0.384 -0.3037
vn -0.872 0.384 -0.3037
vn -0.9028 0.2933 -0.3145
vt 0.3448 0.458
vt 0.3448 0.542
vt 0.3472 0.542
f 79/79/79 80/80/80 81/81/81
v -0.0098 0.0025 -0.0069
v -0.0119 0.0025 -0.0007
v -0.0117 0.0033 -0.0006
vn -0.9028 0.2933 -0.3145
vn -0.9028 0.2934 -0.3145
vn -0.8719 0.384 -0.3037
vt 0.3472 0.542
vt 0.3472 0.458
vt 0.3448 0.458
f 82/82/82 83/83/83 84/84/84
v -0.0095 0.0033 -0.0068
v 0.0011 0 -0.0031
v 0.0011 0 -0.0031
vn 0.329 -0 -0.9443
vn 0.3292 0.0009 -0.9443
vn 0.3287 -0.0008 -0.9444
vt 0.3448 0.542
vt 0.2534 0.542
vt 0.2534 0.542
f 85/85/85 86/86/86 87/87/87
v 0.0011 0 -0.0031
v -0.0098 0.0025 -0.0069
v -0.0095 0.0033 -0.0068
vn 0.3287 -0.0008 -0.9444
vn 0.3288 -0.0003 -0.9444
vn 0.329 -0 -0.9443
vt 0.2534 0.542
vt 0.3472 0.542
vt 0.3448 0.542
f 88/88/88 89/89/89 90/90/90
v 0.0011 0 -0.0031
v -0.0011 0 0.0031
v -0.0011 0 0.0031
vn 1 0 -0
vn 1 0 -0
vn 1 0 -0
vt 0.2534 0.542
vt 0.2534 0.458
vt 0.2534 0.458
f 91/91/91 92/92/92 93/93/93
v -0.0011 0 0.0031
v 0.0011 0 -0.0031
v 0.0011 0 -0.0031
vn 1 0 -0
vn 1 0 -0
vn 1 0 -0
vt 0.2534 0.458
vt 0.2534 0.542
vt 0.2534 0.542
f 94/94/94 95/95/95 96/96/96
v -0.0011 0 0.0031
v -0.0113 0.004 -0.0004
v -0.0117 0.0033 -0.0006
vn -0.3289 0.0002 0.9444
vn -0.329 -0.0003 0.9443
vn -0.3289 -0.0001 0.9444
vt 0.2534 0.458
vt 0.3419 0.458
vt 0.3448 0.458
f 97/97/97 98/98/98 99/99/99
v -0.0117 0.0033 -0.0006
v -0.0011 0 0.0031
v -0.0011 0 0.0031
vn -0.3289 -0.0001 0.9444
vn -0.329 -0.0003 0.9443
vn -0.3289 0.0002 0.9444
vt 0.3448 0.458
vt 0.2534 0.458
vt 0.2534 0.458
f 100/100/100 101/101/101 102/102/102
v -0.0113 0.004 -0.0004
v -0.0092 0.004 -0.0067
v -0.0095 0.0033 -0.0068
vn -0.834 0.4692 -0.2905
vn -0.8337 0.4696 -0.2905
vn -0.872 0.384 -0.3037
vt 0.3419 0.458
vt 0.3419 0.542
vt 0.3448 0.542
f 103/103/103 104/104/104 105/105/105
v -0.0095 0.0033 -0.0068
v -0.0117 0.0033 -0.0006
v -0.0113 0.004 -0.0004
vn -0.872 0.384 -0.3037
vn -0.8719 0.384 -0.3037
vn -0.834 0.4692 -0.2905
vt 0.3448 0.542
vt 0.3448 0.458
vt 0.3419 0.458
f 106/106/106 107/107/107 108/108/108
v -0.0092 0.004 -0.0067
v 0.0011 0 -0.0031
v 0.0011 0 -0.0031
vn 0.329 0.0002 -0.9443
vn 0.3287 -0.0006 -0.9444
vn 0.3292 0.0009 -0.9443
vt 0.3419 0.542
vt 0.2534 0.542
vt 0.2534 0.542
f 109/109/109 110/110/110 111/111/111
v 0.0011 0 -0.0031
v -0.0095 0.0033 -0.0068
v -0.0092 0.004 -0.0067
vn 0.3292 0.0009 -0.9443
vn 0.329 -0 -0.9443
vn 0.329 0.0002 -0.9443
vt 0.2534 0.542
vt 0.3448 0.542
vt 0.3419 0.542
f 112/112/112 113/113/113 114/114/114
v 0.0011 0 -0.0031
v -0.0011 0 0.0031
v -0.0011 0 0.0031
vn 1 0 -0
vn 1 0 -0
vn 1 0 -0
vt 0.2534 0.542
vt 0.2534 0.458
vt 0.2534 0.458
f 115/115/115 116/116/116 117/117/117
v -0.0011 0 0.0031
v 0.0011 0 -0.0031
v 0.0011 0 -0.0031
vn 1 0 -0
vn 1 0 -0
vn 1 0 -0
vt 0.2534 0.458
vt 0.2534 0.542
vt 0.2534 0.542
f 118/118/118 119/119/119 120/120/120
v -0.0011 0 0.0031
v -0.0109 0.0048 -0.0003
v -0.0113 0.004 -0.0004
vn -0.3292 -0.0008 0.9443
vn -0.3289 -0.0002 0.9444
vn -0.329 -0.0003 0.9443
vt 0.2534 0.458
vt 0.3383 0.458
vt 0.3419 0.458
f 121/121/121 122/122/122 123/123/123
v -0.0113 0.004 -0.0004
v -0.0011 0 0.0031
v -0.0011 0 0.0031
vn -0.329 -0.0003 0.9443
vn -0.3289 0.0002 0.9444
vn -0.3292 -0.0008 0.9443
vt 0.3419 0.458
vt 0.2534 0.458
vt 0.2534 0.458
f 124/124/124 125/125/125 126/126/126
v -0.0109 0.0048 -0.0003
v -0.0087 0.0048 -0.0065
v -0.0092 0.004 -0.0067
vn -0.7894 0.5489 -0.275
vn -0.7894 0.5488 -0.275
vn -0.8337 0.4696 -0.2905
vt 0.3383 0.458
vt 0.3383 0.542
vt 0.3419 0.542
f 127/127/127 128/128/128 129/129/129
v -0.0092 0.004 -0.0067
v -0.0113 0.004 -0.0004
v -0.0109 0.0048 -0.0003
vn -0.8337 0.4696 -0.2905
vn -0.834 0.4692 -0.2905
vn -0.7894 0.5489 -0.275
vt 0.3419 0.542
vt 0.3419 0.458
vt 0.3383 0.458
f 130/130/130 131/131/131 132/132/132
v -0.0087 0.0048 -0.0065
v 0.0011 0 -0.0031
v 0.0011 0 -0.0031
vn 0.3287 -0.0005 -0.9444
vn 0.3288 -0.0003 -0.9444
vn 0.3287 -0.0006 -0.9444
vt 0.3383 0.542
vt 0.2534 0.542
vt 0.2534 0.542
f 133/133/133 134/134/134 135/135/135
v 0.0011 0 -0.0031
v -0.0092 0.004 -0.0067
v -0.0087 0.0048 -0.0065
vn 0.3287 -0.0006 -0.9444
vn 0.329 0.0002 -0.9443
vn 0.3287 -0.0005 -0.9444
vt 0.2534 0.542
vt 0.3419 0.542
vt 0.3383 0.542
f 136/136/136 137/137/137 138/138/138
v 0.0011 0 -0.0031
v -0.0011 0 0.0031
v -0.0011 0 0.0031
vn 1 0 -0
vn 1 0 -0
vn 1 0 -0
vt 0.2534 0.542
vt 0.2534 0.458
vt 0.2534 0.458
f 139/139/139 140/140/140 141/141/141
v -0.0011 0 0.0031
v 0.0011 0 -0.0031
v 0.0011 0 -0.0031
vn 1 0 -0
vn 1 0 -0
vn 1 0 -0
vt 0.2534 0.458
vt 0.2534 0.542
vt 0.2534 0.542
f 142/142/142 143/143/143 144/144/144
v -0.0011 0 0.0031
v -0.0104 0.0055 -0.0001
v -0.0109 0.0048 -0.0003
vn -0.3286 0.0006 0.9445
vn -0.3288 0.0003 0.9444
vn -0.3289 -0.0002 0.9444
vt 0.2534 0.458
vt 0.3341 0.458
vt 0.3383 0.458
f 145/145/145 146/146/146 147/147/147
v -0.0109 0.0048 -0.0003
v -0.0011 0 0.0031
v -0.0011 0 0.0031
vn -0.3289 -0.0002 0.9444
vn -0.3292 -0.0008 0.9443
vn -0.3286 0.0006 0.9445
vt 0.3383 0.458
vt 0.2534 0.458
vt 0.2534 0.458
f 148/148/148 149/149/149 150/150/150
v -0.0104 0.0055 -0.0001
v -0.0082 0.0055 -0.0064
v -0.0087 0.0048 -0.0065
vn -0.7399 0.6213 -0.2578
vn -0.7402 0.621 -0.2578
vn -0.7894 0.5488 -0.275
vt 0.3341 0.458
vt 0.3341 0.542
vt 0.3383 0.542
f 151/151/151 152/152/152 153/153/153
v -0.0087 0.0048 -0.0065
v -0.0109 0.0048 -0.0003
v -0.0104 0.0055 -0.0001
vn -0.7894 0.5488 -0.275
vn -0.7894 0.5489 -0.275
vn -0.7399 0.6213 -0.2578
vt 0.3383 0.542
vt 0.3383 0.458
vt 0.3341 0.458
f 154/154/154 155/155/155 156/156/156
v -0.0082 0.0055 -0.0064
v 0.0011 0 -0.0031
v 0.0011 0 -0.0031
vn 0.3289 -0.0001 -0.9444
vn 0.329 0 -0.9443
vn 0.3288 -0.0003 -0.9444
vt 0.3341 0.542
vt 0.2534 0.542
vt 0.2534 0.542
f 157/157/157 158/158/158 159/159/159
v 0.0011 0 -0.0031
v -0.0087 0.0048 -0.0065
v -0.0082 0.0055 -0.0064
vn 0.3288 -0.0003 -0.9444
vn 0.3287 -0.0005 -0.9444
vn 0.3289 -0.0001 -0.9444
vt 0.2534 0.542
vt 0.3383 0.542
vt 0.3341 0.542
f 160/160/160 161/161/161 162/162/162
v 0.0011 0 -0.0031
v -0.0011 0 0.0031
v -0.0011 0 0.0031
vn 1 0 -0
vn 1 0 -0
vn 1 0 -0
vt 0.2534 0.542
vt 0.2534 0.458
vt 0.2534 0.458
f 163/163/163 164/164/164 165/165/165
v -0.0011 0 0.0031
v 0.0011 0 -0.0031
v 0.0011 0 -0.0031
vn 1 0 -0
vn 1 0 -0
vn 1 0 -0
vt 0.2534 0.458
vt 0.2534 0.542
vt 0.2534 0.542
f 166/166/166 167/167/167 168/168/168
v -0.0011 0 0.0031
v -0.0099 0.0062 0.0001
v -0.0104 0.0055 -0.0001
vn -0.329 -0.0001 0.9443
vn -0.329 -0.0001 0.9443
vn -0.3288 0.0003 0.9444
vt 0.2534 0.458
vt 0.3293 0.458
vt 0.3341 0.458
f 169/169/169 170/170/170 171/171/171
v -0.0104 0.0055 -0.0001
v -0.0011 0 0.0031
v -0.0011 0 0.0031
vn -0.3288 0.0003 0.9444
vn -0.3286 0.0006 0.9445
vn -0.329 -0.0001 0.9443
vt 0.3341 0.458
vt 0.2534 0.458
vt 0.2534 0.458
f 172/172/172 173/173/173 174/174/174
v -0.0099 0.0062 0.0001
v -0.0077 0.0062 -0.0062
v -0.0082 0.0055 -0.0064
vn -0.686 0.6873 -0.2389
vn -0.686 0.6873 -0.2389
vn -0.7402 0.621 -0.2578
vt 0.3293 0.458
vt 0.3293 0.542
vt 0.3341 0.542
f 175/175/175 176/176/176 177/177/177
v -0.0082 0.0055 -0.0064
v -0.0104 0.0055 -0.0001
v -0.0099 0.0062 0.0001
vn -0.7402 0.621 -0.2578
vn -0.7399 0.6213 -0.2578
vn -0.686 0.6873 -0.2389
vt 0.3341 0.542
vt 0.3341 0.458
vt 0.3293 0.458
f 178/178/178 179/179/179 180/180/180
v -0.0077 0.0062 -0.0062
v 0.0011 0 -0.0031
v 0.0011 0 -0.0031
vn 0.329 0.0001 -0.9443
vn 0.329 0.0001 -0.9443
vn 0.329 0 -0.9443
vt 0.3293 0.542
vt 0.2534 0.542
vt 0.2534 0.542
f 181/181/181 182/182/182 183/183/183
v 0.0011 0 -0.0031
v -0.0082 0.0055 -0.0064
v -0.0077 0.0062 -0.0062
vn 0.329 0 -0.9443
vn 0.3289 -0.0001 -0.9444
vn 0.329 0.0001 -0.9443
vt 0.2534 0.542
vt 0.3341 0.542
vt 0.3293 0.542
f 184/184/184 185/185/185 186/186/186
v 0.0011 0 -0.0031
v -0.0011 0 0.0031
v -0.0011 0 0.0031
vn 1 0 -0
vn 1 0 -0
vn 1 0 -0
vt 0.2534 0.542
vt 0.2534 0.458
vt 0.2534 0.458
f 187/187/187 188/188/188 189/189/189
v -0.0011 0 0.0031
v 0.0011 0 -0.0031
v 0.0011 0 -0.0031
vn 1 0 -0
vn 1 0 -0
vn 1 0 -0
vt 0.2534 0.458
vt 0.2534 0.542
vt 0.2534 0.542
f 190/190/190 191/191/191 192/192/192
v -0.0011 0 0.0031
v -0.0093 0.0068 0.0003
v -0.0099 0.0062 0.0001
vn -0.329 -0.0001 0.9443
vn -0.3289 0 0.9444
vn -0.329 -0.0001 0.9443
vt 0.2534 0.458
vt 0.324 0.458
vt 0.3293 0.458
f 193/193/193 194/194/194 195/195/195
v -0.0099 0.0062 0.0001
v -0.0011 0 0.0031
v -0.0011 0 0.0031
vn -0.329 -0.0001 0.9443
vn -0.329 -0.0001 0.9443
vn -0.329 -0.0001 0.9443
vt 0.3293 0.458
vt 0.2534 0.458
vt 0.2534 0.458
f 196/196/196 197/197/197 198/198/198
v -0.0093 0.0068 0.0003
v -0.0071 0.0068 -0.006
v -0.0077 0.0062 -0.0062
vn 0.1442 0.8569 -0.4949
vn -0.1946 0.8569 0.4773
vn -0.686 0.6873 -0.2389
vt 0.324 0.458
vt 0.324 0.542
vt 0.3293 0.542
f 199/199/199 200/200/200 201/201/201
v -0.0077 0.0062 -0.0062
v -0.0099 0.0062 0.0001
v -0.0093 0.0068 0.0003
vn -0.686 0.6873 -0.2389
vn -0.686 0.6873 -0.2389
vn 0.1442 0.8569 -0.4949
vt 0.3293 0.542
vt 0.3293 0.458
vt 0.324 0.458
f 202/202/202 203/203/203 204/204/204
v -0.0071 0.0068 -0.006
v 0.0011 0 -0.0031
v 0.0011 0 -0.0031
vn 0.3292 0.0003 -0.9443
vn 0.3293 0.0005 -0.9442
vn 0.329 0.0001 -0.9443
vt 0.324 0.542
vt 0.2534 0.542
vt 0.2534 0.542
f 205/205/205 206/206/206 207/207/207
v 0.0011 0 -0.0031
v -0.0077 0.0062 -0.0062
v -0.0071 0.0068 -0.006
vn 0.329 0.0001 -0.9443
vn 0.329 0.0001 -0.9443
vn 0.3292 0.0003 -0.9443
vt 0.2534 0.542
vt 0.3293 0.542
vt 0.324 0.542
f 208/208/208 209/209/209 210/210/210
v 0.0011 0 -0.0031
v -0.0011 0 0.0031
v -0.0011 0 0.0031
vn 1 0 -0
vn 1 0 -0
vn 1 0 -0
vt 0.2534 0.542
vt 0.2534 0.458
vt 0.2534 0.458
f 211/211/211 212/212/212 213/213/213
v -0.0011 0 0.0031
v 0.0011 0 -0.0031
v 0.0011 0 -0.0031
vn 1 0 -0
vn 1 0 -0
vn 1 0 -0
vt 0.2534 0.458
vt 0.2534 0.542
vt 0.2534 0.542
f 214/214/214 215/215/215 216/216/216
v -0.0011 0 0.0031
v -0.0086 0.0074 0.0005
v -0.0093 0.0068 0.0003
vn -0.3287 0.0003 0.9444
vn -0.3287 0.0002 0.9444
vn -0.3289 0 0.9444
vt 0.2534 0.458
vt 0.3182 0.458
vt 0.324 0.458
f 217/217/217 218/218/218 219/219/219
v -0.0093 0.0068 0.0003
v -0.0011 0 0.0031
v -0.0011 0 0.0031
vn -0.3289 0 0.9444
vn -0.329 -0.0001 0.9443
vn -0.3287 0.0003 0.9444
vt 0.324 0.458
vt 0.2534 0.458
vt 0.2534 0.458
f 220/220/220 221/221/221 222/222/222
v -0.0076 0.0065 0.0009
v -0.0054 0.0065 -0.0054
v -0.0061 0.0059 -0.0056
vn -0.59 0.0085 -0.8073
vn -0.9639 0.0086 0.2663
vn -0.1851 0.8093 0.5575
vt 0.3094 0.458
vt 0.3094 0.542
vt 0.3152 0.542
f 223/223/223 224/224/224 225/225/225
v -0.0061 0.0059 -0.0056
v -0.0082 0.0059 0.0006
v -0.0076 0.0065 0.0009
vn -0.1851 0.8093 0.5575
vn 0.2012 0.8092 -0.552
vn -0.59 0.0085 -0.8073
vt 0.3152 0.542
vt 0.3152 0.458
vt 0.3094 0.458
f 226/226/226 227/227/227 228/228/228
v -0.0064 0.0074 -0.0057
v 0.0011 0 -0.0031
v 0.0011 0 -0.0031
vn 0.3291 0.0002 -0.9443
vn 0.3288 -0.0001 -0.9444
vn 0.3293 0.0005 -0.9442
vt 0.3182 0.542
vt 0.2534 0.542
vt 0.2534 0.542
f 229/229/229 230/230/230 231/231/231
v 0.0011 0 -0.0031
v -0.0071 0.0068 -0.006
v -0.0064 0.0074 -0.0057
vn 0.3293 0.0005 -0.9442
vn 0.3292 0.0003 -0.9443
vn 0.3291 0.0002 -0.9443
vt 0.2534 0.542
vt 0.324 0.542
vt 0.3182 0.542
f 232/232/232 233/233/233 234/234/234
v 0.0011 0 -0.0031
v -0.0011 0 0.0031
v -0.0011 0 0.0031
vn 1 0 -0
vn 1 0 -0
vn 1 0 -0
vt 0.2534 0.542
vt 0.2534 0.458
vt 0.2534 0.458
f 235/235/235 236/236/236 237/237/237
v -0.0011 0 0.0031
v 0.0011 0 -0.0031
v 0.0011 0 -0.0031
vn 1 0 -0
vn 1 0 -0
vn 1 0 -0
vt 0.2534 0.458
vt 0.2534 0.542
vt 0.2534 0.542
f 238/238/238 239/239/239 240/240/240
v -0.0011 0 0.0031
v -0.0079 0.0079 0.0008
v -0.0086 0.0074 0.0005
vn -0.3288 0.0001 0.9444
vn -0.3291 -0.0002 0.9443
vn -0.3287 0.0002 0.9444
vt 0.2534 0.458
vt 0.3119 0.458
vt 0.3182 0.458
f 241/241/241 242/242/242 243/243/243
v -0.0086 0.0074 0.0005
v -0.0011 0 0.0031
v -0.0011 0 0.0031
vn -0.3287 0.0002 0.9444
vn -0.3287 0.0003 0.9444
vn -0.3288 0.0001 0.9444
vt 0.3182 0.458
vt 0.2534 0.458
vt 0.2534 0.458
f 244/244/244 245/245/245 246/246/246
v -0.0079 0.0079 0.0008
v -0.0057 0.0079 -0.0055
v -0.0064 0.0074 -0.0057
vn 0.2808 0.8471 -0.4512
vn -0.0606 0.847 0.5281
vn -0.9186 0.0373 0.3934
vt 0.3119 0.458
vt 0.3119 0.542
vt 0.3182 0.542
f 247/247/247 248/248/248 249/249/249
v -0.0064 0.0074 -0.0057
v -0.0086 0.0074 0.0005
v -0.0079 0.0079 0.0008
vn -0.9186 0.0373 0.3934
vn -0.4754 0.0375 -0.879
vn 0.2808 0.8471 -0.4512
vt 0.3182 0.542
vt 0.3182 0.458
vt 0.3119 0.458
f 250/250/250 251/251/251 252/252/252
v -0.0057 0.0079 -0.0055
v 0.0011 0 -0.0031
v 0.0011 0 -0.0031
vn 0.3288 -0.0001 -0.9444
vn 0.3288 -0.0001 -0.9444
vn 0.3288 -0.0001 -0.9444
vt 0.3119 0.542
vt 0.2534 0.542
vt 0.2534 0.542
f 253/253/253 254/254/254 255/255/255
v 0.0011 0 -0.0031
v -0.0064 0.0074 -0.0057
v -0.0057 0.0079 -0.0055
vn 0.3288 -0.0001 -0.9444
vn 0.3291 0.0002 -0.9443
vn 0.3288 -0.0001 -0.9444
vt 0.2534 0.542
vt 0.3182 0.542
vt 0.3119 0.542
f 256/256/256 257/257/257 258/258/258
v 0.0011 0 -0.0031
v -0.0011 0 0.0031
v -0.0011 0 0.0031
vn 1 0 -0
vn 1 0 -0
vn 1 0 -0
vt 0.2534 0.542
vt 0.2534 0.458
vt 0.2534 0.458
f 259/259/259 260/260/260 261/261/261
v -0.0011 0 0.0031
v 0.0011 0 -0.0031
v 0.0011 0 -0.0031
vn 1 0 -0
vn 1 0 -0
vn 1 0 -0
vt 0.2534 0.458
vt 0.2534 0.542
vt 0.2534 0.542
f 262/262/262 263/263/263 264/264/264
v -0.0011 0 0.0031
v -0.0071 0.0084 0.001
v -0.0079 0.0079 0.0008
vn -0.3295 -0.0005 0.9442
vn -0.3292 -0.0003 0.9443
vn -0.3291 -0.0002 0.9443
vt 0.2534 0.458
vt 0.3053 0.458
vt 0.3119 0.458
f 265/265/265 266/266/266 267/267/267
v -0.0079 0.0079 0.0008
v -0.0011 0 0.0031
v -0.0011 0 0.0031
vn -0.3291 -0.0002 0.9443
vn -0.3288 0.0001 0.9444
vn -0.3295 -0.0005 0.9442
vt 0.3119 0.458
vt 0.2534 0.458
vt 0.2534 0.458
f 268/268/268 269/269/269 270/270/270
v -0.0063 0.0073 0.0013
v -0.0041 0.0073 -0.0049
v -0.0049 0.0069 -0.0052
vn -0.5777 0.1439 -0.8035
vn -0.9518 0.1439 0.271
vn -0.0592 0.7972 0.6009
vt 0.2981 0.458
vt 0.2981 0.542
vt 0.3048 0.542
f 271/271/271 272/272/272 273/273/273
v -0.0049 0.0069 -0.0052
v -0.007 0.0069 0.0011
v -0.0063 0.0073 0.0013
vn -0.0592 0.7972 0.6009
vn 0.3267 0.7973 -0.5075
vn -0.5777 0.1439 -0.8035
vt 0.3048 0.542
vt 0.3048 0.458
vt 0.2981 0.458
f 274/274/274 275/275/275 276/276/276
v -0.0049 0.0084 -0.0052
v 0.0011 0 -0.0031
v 0.0011 0 -0.0031
vn 0.3288 -0.0001 -0.9444
vn 0.3288 -0.0001 -0.9444
vn 0.3288 -0.0001 -0.9444
vt 0.3053 0.542
vt 0.2534 0.542
vt 0.2534 0.542
f 277/277/277 278/278/278 279/279/279
v 0.0011 0 -0.0031
v -0.0057 0.0079 -0.0055
v -0.0049 0.0084 -0.0052
vn 0.3288 -0.0001 -0.9444
vn 0.3288 -0.0001 -0.9444
vn 0.3288 -0.0001 -0.9444
vt 0.2534 0.542
vt 0.3119 0.542
vt 0.3053 0.542
f 280/280/280 281/281/281 282/282/282
v 0.0011 0 -0.0031
v -0.0011 0 0.0031
v -0.0011 0 0.0031
vn 1 0 -0
vn 1 0 -0
vn 1 0 -0
vt 0.2534 0.542
vt 0.2534 0.458
vt 0.2534 0.458
f 283/283/283 284/284/284 285/285/285
v -0.0011 0 0.0031
v 0.0011 0 -0.0031
v 0.0011 0 -0.0031
vn 1 0 -0
vn 1 0 -0
vn 1 0 -0
vt 0.2534 0.458
vt 0.2534 0.542
vt 0.2534 0.542
f 286/286/286 287/287/287 288/288/288
v -0.0011 0 0.0031
v -0.0063 0.0088 0.0013
v -0.0071 0.0084 0.001
vn -0.3288 0.0001 0.9444
vn -0.3289 -0.0001 0.9444
vn -0.3292 -0.0003 0.9443
vt 0.2534 0.458
vt 0.2983 0.458
vt 0.3053 0.458
f 289/289/289 290/290/290 291/291/291
v -0.0071 0.0084 0.001
v -0.0011 0 0.0031
v -0.0011 0 0.0031
vn -0.3292 -0.0003 0.9443
vn -0.3295 -0.0005 0.9442
vn -0.3288 0.0001 0.9444
vt 0.3053 0.458
vt 0.2534 0.458
vt 0.2534 0.458
f 292/292/292 293/293/293 294/294/294
v -0.0063 0.0088 0.0013
v -0.0041 0.0088 -0.0049
v -0.0049 0.0084 -0.0052
vn 0.4142 0.8087 -0.4176
vn 0.0653 0.8087 0.5846
vn -0.9066 0.1582 0.3912
vt 0.2983 0.458
vt 0.2983 0.542
vt 0.3053 0.542
f 295/295/295 296/296/296 297/297/297
v -0.0049 0.0084 -0.0052
v -0.0071 0.0084 0.001
v -0.0063 0.0088 0.0013
vn -0.9066 0.1582 0.3912
vn -0.4672 0.1583 -0.8699
vn 0.4142 0.8087 -0.4176
vt 0.3053 0.542
vt 0.3053 0.458
vt 0.2983 0.458
f 298/298/298 299/299/299 300/300/300
v -0.0041 0.0088 -0.0049
v 0.0011 0 -0.0031
v 0.0011 0 -0.0031
vn 0.3288 -0.0001 -0.9444
vn 0.3289 -0.0001 -0.9444
vn 0.3288 -0.0001 -0.9444
vt 0.2983 0.542
vt 0.2534 0.542
vt 0.2534 0.542
f 301/301/301 302/302/302 303/303/303
v 0.0011 0 -0.0031
v -0.0049 0.0084 -0.0052
v -0.0041 0.0088 -0.0049
vn 0.3288 -0.0001 -0.9444
vn 0.3288 -0.0001 -0.9444
vn 0.3288 -0.0001 -0.9444
vt 0.2534 0.542
vt 0.3053 0.542
vt 0.2983 0.542
f 304/304/304 305/305/305 306/306/306
v 0.0011 0 -0.0031
v -0.0011 0 0.0031
v -0.0011 0 0.0031
vn 1 0 -0
vn 1 0 -0
vn 1 0 -0
vt 0.2534 0.542
vt 0.2534 0.458
vt 0.2534 0.458
f 307/307/307 308/308/308 309/309/309
v -0.0011 0 0.0031
v 0.0011 0 -0.0031
v 0.0011 0 -0.0031
vn 1 0 -0
vn 1 0 -0
vn 1 0 -0
vt 0.2534 0.458
vt 0.2534 0.542
vt 0.2534 0.542
f 310/310/310 311/311/311 312/312/312
v -0.0011 0 0.0031
v -0.0054 0.0092 0.0016
v -0.0063 0.0088 0.0013
vn -0.3291 -0.0002 0.9443
vn -0.3288 -0 0.9444
vn -0.3289 -0.0001 0.9444
vt 0.2534 0.458
vt 0.2909 0.458
vt 0.2983 0.458
f 313/313/313 314/314/314 315/315/315
v -0.0063 0.0088 0.0013
v -0.0011 0 0.0031
v -0.0011 0 0.0031
vn -0.3289 -0.0001 0.9444
vn -0.3288 0.0001 0.9444
vn -0.3291 -0.0002 0.9443
vt 0.2983 0.458
vt 0.2534 0.458
vt 0.2534 0.458
f 316/316/316 317/317/317 318/318/318
v -0.0048 0.008 0.0018
v -0.0026 0.008 -0.0044
v -0.0035 0.0076 -0.0047
vn -0.5432 0.2748 -0.7934
vn -0.9185 0.2749 0.2842
vn 0.0639 0.7643 0.6417
vt 0.2856 0.458
vt 0.2856 0.542
vt 0.2929 0.542
f 319/319/319 320/320/320 321/321/321
v -0.0035 0.0076 -0.0047
v -0.0057 0.0076 0.0015
v -0.0048 0.008 0.0018
vn 0.0639 0.7643 0.6417
vn 0.4487 0.7645 -0.4629
vn -0.5432 0.2748 -0.7934
vt 0.2929 0.542
vt 0.2929 0.458
vt 0.2856 0.458
f 322/322/322 323/323/323 324/324/324
v -0.0033 0.0092 -0.0046
v 0.0011 0 -0.0031
v 0.0011 0 -0.0031
vn 0.3288 -0.0001 -0.9444
vn 0.3288 -0.0001 -0.9444
vn 0.3289 -0.0001 -0.9444
vt 0.2909 0.542
vt 0.2534 0.542
vt 0.2534 0.542
f 325/325/325 326/326/326 327/327/327
v 0.0011 0 -0.0031
v -0.0041 0.0088 -0.0049
v -0.0033 0.0092 -0.0046
vn 0.3289 -0.0001 -0.9444
vn 0.3288 -0.0001 -0.9444
vn 0.3288 -0.0001 -0.9444
vt 0.2534 0.542
vt 0.2983 0.542
vt 0.2909 0.542
f 328/328/328 329/329/329 330/330/330
v 0.0011 0 -0.0031
v -0.0011 0 0.0031
v -0.0011 0 0.0031
vn 1 0 -0
vn 1 0 -0
vn 1 0 -0
vt 0.2534 0.542
vt 0.2534 0.458
vt 0.2534 0.458
f 331/331/331 332/332/332 333/333/333
v -0.0011 0 0.0031
v 0.0011 0 -0.0031
v 0.0011 0 -0.0031
vn 1 0 -0
vn 1 0 -0
vn 1 0 -0
vt 0.2534 0.458
vt 0.2534 0.542
vt 0.2534 0.542
f 334/334/334 335/335/335 336/336/336
v -0.0011 0 0.0031
v -0.0046 0.0094 0.0019
v -0.0054 0.0092 0.0016
vn -0.3285 0.0002 0.9445
vn -0.3287 0.0001 0.9444
vn -0.3288 -0 0.9444
vt 0.2534 0.458
vt 0.2833 0.458
vt 0.2909 0.458
f 337/337/337 338/338/338 339/339/339
v -0.0054 0.0092 0.0016
v -0.0011 0 0.0031
v -0.0011 0 0.0031
vn -0.3288 -0 0.9444
vn -0.3291 -0.0002 0.9443
vn -0.3285 0.0002 0.9445
vt 0.2909 0.458
vt 0.2534 0.458
vt 0.2534 0.458
f 340/340/340 341/341/341 342/342/342
v -0.0046 0.0094 0.0019
v -0.0024 0.0094 -0.0043
v -0.0033 0.0092 -0.0046
vn 0.5403 0.7433 -0.3944
vn 0.1783 0.7433 0.6448
vn -0.879 0.2795 0.3863
vt 0.2833 0.458
vt 0.2833 0.542
vt 0.2909 0.542
f 343/343/343 344/344/344 345/345/345
v -0.0033 0.0092 -0.0046
v -0.0054 0.0092 0.0016
v -0.0046 0.0094 0.0019
vn -0.879 0.2795 0.3863
vn -0.4484 0.2793 -0.8491
vn 0.5403 0.7433 -0.3944
vt 0.2909 0.542
vt 0.2909 0.458
vt 0.2833 0.458
f 346/346/346 347/347/347 348/348/348
v -0.0024 0.0094 -0.0043
v 0.0011 0 -0.0031
v 0.0011 0 -0.0031
vn 0.3289 -0.0001 -0.9444
vn 0.329 0 -0.9443
vn 0.3288 -0.0001 -0.9444
vt 0.2833 0.542
vt 0.2534 0.542
vt 0.2534 0.542
f 349/349/349 350/350/350 351/351/351
v 0.0011 0 -0.0031
v -0.0033 0.0092 -0.0046
v -0.0024 0.0094 -0.0043
vn 0.3288 -0.0001 -0.9444
vn 0.3288 -0.0001 -0.9444
vn 0.3289 -0.0001 -0.9444
vt 0.2534 0.542
vt 0.2909 0.542
vt 0.2833 0.542
f 352/352/352 353/353/353 354/354/354
v 0.0011 0 -0.0031
v -0.0011 0 0.0031
v -0.0011 0 0.0031
vn 1 0 -0
vn 1 0 -0
vn 1 0 -0
vt 0.2534 0.542
vt 0.2534 0.458
vt 0.2534 0.458
f 355/355/355 356/356/356 357/357/357
v -0.0011 0 0.0031
v 0.0011 0 -0.0031
v 0.0011 0 -0.0031
vn 1 0 -0
vn 1 0 -0
vn 1 0 -0
vt 0.2534 0.458
vt 0.2534 0.542
vt 0.2534 0.542
f 358/358/358 359/359/359 360/360/360
v -0.0011 0 0.0031
v -0.0036 0.0097 0.0022
v -0.0046 0.0094 0.0019
vn -0.329 -0.0001 0.9443
vn -0.3289 -0 0.9444
vn -0.3287 0.0001 0.9444
vt 0.2534 0.458
vt 0.2755 0.458
vt 0.2833 0.458
f 361/361/361 362/362/362 363/363/363
v -0.0046 0.0094 0.0019
v -0.0011 0 0.0031
v -0.0011 0 0.0031
vn -0.3287 0.0001 0.9444
vn -0.3285 0.0002 0.9445
vn -0.329 -0.0001 0.9443
vt 0.2833 0.458
vt 0.2534 0.458
vt 0.2534 0.458
f 364/364/364 365/365/365 366/366/366
v -0.0033 0.0084 0.0024
v -0.0011 0.0084 -0.0039
v -0.002 0.0082 -0.0042
vn -0.4875 0.3999 -0.7761
vn -0.8643 0.3998 0.3052
vn 0.1828 0.7098 0.6803
vt 0.2721 0.458
vt 0.2721 0.542
vt 0.2799 0.542
f 367/367/367 368/368/368 369/369/369
v -0.002 0.0082 -0.0042
v -0.0042 0.0082 0.0021
v -0.0033 0.0084 0.0024
vn 0.1828 0.7098 0.6803
vn 0.566 0.7098 -0.4193
vn -0.4875 0.3999 -0.7761
vt 0.2799 0.542
vt 0.2799 0.458
vt 0.2721 0.458
f 370/370/370 371/371/371 372/372/372
v -0.0015 0.0097 -0.004
v 0.0011 0 -0.0031
v 0.0011 0 -0.0031
vn 0.3289 -0 -0.9444
vn 0.3288 -0.0001 -0.9444
vn 0.329 0 -0.9443
vt 0.2755 0.542
vt 0.2534 0.542
vt 0.2534 0.542
f 373/373/373 374/374/374 375/375/375
v 0.0011 0 -0.0031
v -0.0024 0.0094 -0.0043
v -0.0015 0.0097 -0.004
vn 0.329 0 -0.9443
vn 0.3289 -0.0001 -0.9444
vn 0.3289 -0 -0.9444
vt 0.2534 0.542
vt 0.2833 0.542
vt 0.2755 0.542
f 376/376/376 377/377/377 378/378/378
v 0.0011 0 -0.0031
v -0.0011 0 0.0031
v -0.0011 0 0.0031
vn 1 0 -0
vn 1 0 -0
vn 1 0 -0
vt 0.2534 0.542
vt 0.2534 0.458
vt 0.2534 0.458
f 379/379/379 380/380/380 381/381/381
v -0.0011 0 0.0031
v 0.0011 0 -0.0031
v 0.0011 0 -0.0031
vn 1 0 -0
vn 1 0 -0
vn 1 0 -0
vt 0.2534 0.458
vt 0.2534 0.542
vt 0.2534 0.542
f 382/382/382 383/383/383 384/384/384
v -0.0011 0 0.0031
v -0.0027 0.0098 0.0026
v -0.0036 0.0097 0.0022
vn -0.3288 0 0.9444
vn -0.3287 0 0.9444
vn -0.3289 -0 0.9444
vt 0.2534 0.458
vt 0.2675 0.458
vt 0.2755 0.458
f 385/385/385 386/386/386 387/387/387
v -0.0036 0.0097 0.0022
v -0.0011 0 0.0031
v -0.0011 0 0.0031
vn -0.3289 -0 0.9444
vn -0.329 -0.0001 0.9443
vn -0.3288 0 0.9444
vt 0.2755 0.458
vt 0.2534 0.458
vt 0.2534 0.458
f 388/388/388 389/389/389 390/390/390
v -0.0027 0.0098 0.0026
v -0.0005 0.0098 -0.0037
v -0.0015 0.0097 -0.004
vn 0.6528 0.6549 -0.3808
vn 0.275 0.6548 0.704
vn -0.8329 0.4017 0.3807
vt 0.2675 0.458
vt 0.2675 0.542
vt 0.2755 0.542
f 391/391/391 392/392/392 393/393/393
v -0.0015 0.0097 -0.004
v -0.0036 0.0097 0.0022
v -0.0027 0.0098 0.0026
vn -0.8329 0.4017 0.3807
vn -0.4161 0.4019 -0.8157
vn 0.6528 0.6549 -0.3808
vt 0.2755 0.542
vt 0.2755 0.458
vt 0.2675 0.458
f 394/394/394 395/395/395 396/396/396
v -0.0005 0.0098 -0.0037
v 0.0011 0 -0.0031
v 0.0011 0 -0.0031
vn 0.3292 -0 -0.9443
vn 0.3295 0.0001 -0.9441
vn 0.3288 -0.0001 -0.9444
vt 0.2675 0.542
vt 0.2534 0.542
vt 0.2534 0.542
f 397/397/397 398/398/398 399/399/399
v 0.0011 0 -0.0031
v -0.0015 0.0097 -0.004
v -0.0005 0.0098 -0.0037
vn 0.3288 -0.0001 -0.9444
vn 0.3289 -0 -0.9444
vn 0.3292 -0 -0.9443
vt 0.2534 0.542
vt 0.2755 0.542
vt 0.2675 0.542
f 400/400/400 401/401/401 402/402/402
v 0.0011 0 -0.0031
v -0.0011 0 0.0031
v -0.0011 0 0.0031
vn 1 0 -0
vn 1 0 -0
vn 1 0 -0
vt 0.2534 0.542
vt 0.2534 0.458
vt 0.2534 0.458
f 403/403/403 404/404/404 405/405/405
v -0.0011 0 0.0031
v 0.0011 0 -0.0031
v 0.0011 0 -0.0031
vn 1 0 -0
vn 1 0 -0
vn 1 0 -0
vt 0.2534 0.458
vt 0.2534 0.542
vt 0.2534 0.542
f 406/406/406 407/407/407 408/408/408
v -0.0011 0 0.0031
v -0.0018 0.0099 0.0029
v -0.0027 0.0098 0.0026
vn -0.3286 0 0.9445
vn -0.3289 0 0.9444
vn -0.3287 0 0.9444
vt 0.2534 0.458
vt 0.2595 0.458
vt 0.2675 0.458
f 409/409/409 410/410/410 411/411/411
v -0.0027 0.0098 0.0026
v -0.0011 0 0.0031
v -0.0011 0 0.0031
vn -0.3287 0 0.9444
vn -0.3288 0 0.9444
vn -0.3286 0 0.9445
vt 0.2675 0.458
vt 0.2534 0.458
vt 0.2534 0.458
f 412/412/412 413/413/413 414/414/414
v -0.0016 0.0086 0.0029
v 0.0005 0.0086 -0.0033
v -0.0004 0.0085 -0.0036
vn -0.4117 0.5137 -0.7528
vn -0.7904 0.5137 0.3338
vn 0.2923 0.6343 0.7157
vt 0.2582 0.458
vt 0.2582 0.542
vt 0.2662 0.542
f 415/415/415 416/416/416 417/417/417
v -0.0004 0.0085 -0.0036
v -0.0026 0.0085 0.0026
v -0.0016 0.0086 0.0029
vn 0.2923 0.6343 0.7157
vn 0.6738 0.6344 -0.3788
vn -0.4117 0.5137 -0.7528
vt 0.2662 0.542
vt 0.2662 0.458
vt 0.2582 0.458
f 418/418/418 419/419/419 420/420/420
v 0.0004 0.0099 -0.0034
v 0.0011 0 -0.0031
v 0.0011 0 -0.0031
vn 0.3289 0 -0.9444
vn 0.3283 -0 -0.9446
vn 0.3295 0.0001 -0.9441
vt 0.2595 0.542
vt 0.2534 0.542
vt 0.2534 0.542
f 421/421/421 422/422/422 423/423/423
v 0.0011 0 -0.0031
v -0.0005 0.0098 -0.0037
v 0.0004 0.0099 -0.0034
vn 0.3295 0.0001 -0.9441
vn 0.3292 -0 -0.9443
vn 0.3289 0 -0.9444
vt 0.2534 0.542
vt 0.2675 0.542
vt 0.2595 0.542
f 424/424/424 425/425/425 426/426/426
v 0.0011 0 -0.0031
v -0.0011 0 0.0031
v -0.0011 0 0.0031
vn 1 0 -0
vn 1 0 -0
vn 1 0 -0
vt 0.2534 0.542
vt 0.2534 0.458
vt 0.2534 0.458
f 427/427/427 428/428/428 429/429/429
v -0.0011 0 0.0031
v 0.0011 0 -0.0031
v 0.0011 0 -0.0031
vn 1 0 -0
vn 1 0 -0
vn 1 0 -0
vt 0.2534 0.458
vt 0.2534 0.542
vt 0.2534 0.542
f 430/430/430 431/431/431 432/432/432
v -0.0011 0 0.0031
v -0.0009 0.0099 0.0032
v -0.0018 0.0099 0.0029
vn -0.3292 -0 0.9443
vn -0.3289 -0 0.9444
vn -0.3289 0 0.9444
vt 0.2534 0.458
vt 0.2514 0.458
vt 0.2595 0.458
f 433/433/433 434/434/434 435/435/435
v -0.0018 0.0099 0.0029
v -0.0011 0 0.0031
v -0.0011 0 0.0031
vn -0.3289 0 0.9444
vn -0.3286 0 0.9445
vn -0.3292 -0 0.9443
vt 0.2595 0.458
vt 0.2534 0.458
vt 0.2534 0.458
f 436/436/436 437/437/437 438/438/438
v -0.0009 0.0099 0.0032
v 0.0013 0.0099 -0.003
v 0.0004 0.0099 -0.0034
vn 0.746 0.5488 -0.3772
vn 0.3503 0.5488 0.759
vn -0.7667 0.52 0.3764
vt 0.2514 0.458
vt 0.2514 0.542
vt 0.2595 0.542
f 439/439/439 440/440/440 441/441/441
v 0.0004 0.0099 -0.0034
v -0.0018 0.0099 0.0029
v -0.0009 0.0099 0.0032
vn -0.7667 0.52 0.3764
vn -0.3668 0.52 -0.7714
vn 0.746 0.5488 -0.3772
vt 0.2595 0.542
vt 0.2595 0.458
vt 0.2514 0.458
f 442/442/442 443/443/443 444/444/444
v 0.0013 0.0099 -0.003
v 0.0011 0 -0.0031
v 0.0011 0 -0.0031
vn 0.3289 -0 -0.9444
vn 0.3295 -0.0001 -0.9442
vn 0.3283 -0 -0.9446
vt 0.2514 0.542
vt 0.2534 0.542
vt 0.2534 0.542
f 445/445/445 446/446/446 447/447/447
v 0.0011 0 -0.0031
v 0.0004 0.0099 -0.0034
v 0.0013 0.0099 -0.003
vn 0.3283 -0 -0.9446
vn 0.3289 0 -0.9444
vn 0.3289 -0 -0.9444
vt 0.2534 0.542
vt 0.2595 0.542
vt 0.2514 0.542
f 448/448/448 449/449/449 450/450/450
v 0.0011 0 -0.0031
v -0.0011 0 0.0031
v -0.0011 0 0.0031
vn 1 0 -0
vn 1 0 -0
vn 1 0 -0
vt 0.2534 0.542
vt 0.2534 0.458
vt 0.2534 0.458
f 451/451/451 452/452/452 453/453/453
v -0.0011 0 0.0031
v 0.0011 0 -0.0031
v 0.0011 0 -0.0031
vn 1 0 -0
vn 1 0 -0
vn 1 0 -0
vt 0.2534 0.458
vt 0.2534 0.542
vt 0.2534 0.542
f 454/454/454 455/455/455 456/456/456
v -0.0011 0 0.0031
v 0.0001 0.0099 0.0035
v -0.0009 0.0099 0.0032
vn -0.3286 -0 0.9445
vn -0.3291 0 0.9443
vn -0.3289 -0 0.9444
vt 0.2534 0.458
vt 0.2433 0.458
vt 0.2514 0.458
f 457/457/457 458/458/458 459/459/459
v -0.0009 0.0099 0.0032
v -0.0011 0 0.0031
v -0.0011 0 0.0031
vn -0.3289 -0 0.9444
vn -0.3292 -0 0.9443
vn -0.3286 -0 0.9445
vt 0.2514 0.458
vt 0.2534 0.458
vt 0.2534 0.458
f 460/460/460 461/461/461 462/462/462
v -0 0.0086 0.0035
v 0.0022 0.0086 -0.0027
v 0.0012 0.0086 -0.0031
vn -0.3184 0.6124 -0.7236
vn -0.6993 0.6122 0.369
vn 0.3899 0.5403 0.7457
vt 0.2441 0.458
vt 0.2441 0.542
vt 0.2522 0.542
f 463/463/463 464/464/464 465/465/465
v 0.0012 0.0086 -0.0031
v -0.0009 0.0086 0.0032
v -0 0.0086 0.0035
vn 0.3899 0.5403 0.7457
vn 0.7688 0.5401 -0.3423
vn -0.3184 0.6124 -0.7236
vt 0.2522 0.542
vt 0.2522 0.458
vt 0.2441 0.458
f 466/466/466 467/467/467 468/468/468
v 0.0023 0.0099 -0.0027
v 0.0011 0 -0.0031
v 0.0011 0 -0.0031
vn 0.3289 0 -0.9444
vn 0.3284 0.0001 -0.9445
vn 0.3295 -0.0001 -0.9442
vt 0.2433 0.542
vt 0.2534 0.542
vt 0.2534 0.542
f 469/469/469 470/470/470 471/471/471
v 0.0011 0 -0.0031
v 0.0013 0.0099 -0.003
v 0.0023 0.0099 -0.0027
vn 0.3295 -0.0001 -0.9442
vn 0.3289 -0 -0.9444
vn 0.3289 0 -0.9444
vt 0.2534 0.542
vt 0.2514 0.542
vt 0.2433 0.542
f 472/472/472 473/473/473 474/474/474
v 0.0011 0 -0.0031
v -0.0011 0 0.0031
v -0.0011 0 0.0031
vn 1 0 -0
vn 1 0 -0
vn 1 0 -0
vt 0.2534 0.542
vt 0.2534 0.458
vt 0.2534 0.458
f 475/475/475 476/476/476 477/477/477
v -0.0011 0 0.0031
v 0.0011 0 -0.0031
v 0.0011 0 -0.0031
vn 1 0 -0
vn 1 0 -0
vn 1 0 -0
vt 0.2534 0.458
vt 0.2534 0.542
vt 0.2534 0.542
f 478/478/478 479/479/479 480/480/480
v -0.0011 0 0.0031
v 0.001 0.0098 0.0039
v 0.0001 0.0099 0.0035
vn -0.3296 0.0001 0.9441
vn -0.3291 -0 0.9443
vn -0.3291 0 0.9443
vt 0.2534 0.458
vt 0.2352 0.458
vt 0.2433 0.458
f 481/481/481 482/482/482 483/483/483
v 0.0001 0.0099 0.0035
v -0.0011 0 0.0031
v -0.0011 0 0.0031
vn -0.3291 0 0.9443
vn -0.3286 -0 0.9445
vn -0.3296 0.0001 0.9441
vt 0.2433 0.458
vt 0.2534 0.458
vt 0.2534 0.458
f 484/484/484 485/485/485 486/486/486
v 0.001 0.0098 0.0039
v 0.0032 0.0098 -0.0024
v 0.0023 0.0099 -0.0027
vn 0.8185 0.4317 -0.379
vn 0.4059 0.4313 0.8058
vn -0.6783 0.6294 0.3792
vt 0.2352 0.458
vt 0.2352 0.542
vt 0.2433 0.542
f 487/487/487 488/488/488 489/489/489
v 0.0023 0.0099 -0.0027
v 0.0001 0.0099 0.0035
v 0.001 0.0098 0.0039
vn -0.6783 0.6294 0.3792
vn -0.2956 0.6299 -0.7182
vn 0.8185 0.4317 -0.379
vt 0.2433 0.542
vt 0.2433 0.458
vt 0.2352 0.458
f 490/490/490 491/491/491 492/492/492
v 0.0032 0.0098 -0.0024
v 0.0011 0 -0.0031
v 0.0011 0 -0.0031
vn 0.3287 0 -0.9444
vn 0.3289 -0 -0.9444
vn 0.3284 0.0001 -0.9445
vt 0.2352 0.542
vt 0.2534 0.542
vt 0.2534 0.542
f 493/493/493 494/494/494 495/495/495
v 0.0011 0 -0.0031
v 0.0023 0.0099 -0.0027
v 0.0032 0.0098 -0.0024
vn 0.3284 0.0001 -0.9445
vn 0.3289 0 -0.9444
vn 0.3287 0 -0.9444
vt 0.2534 0.542
vt 0.2433 0.542
vt 0.2352 0.542
f 496/496/496 497/497/497 498/498/498
v 0.0011 0 -0.0031
v -0.0011 0 0.0031
v -0.0011 0 0.0031
vn 1 0 -0
vn 1 0 -0
vn 1 0 -0
vt 0.2534 0.542
vt 0.2534 0.458
vt 0.2534 0.458
f 499/499/499 500/500/500 501/501/501
v -0.0011 0 0.0031
v 0.0011 0 -0.0031
v 0.0011 0 -0.0031
vn 1 0 -0
vn 1 0 -0
vn 1 0 -0
vt 0.2534 0.458
vt 0.2534 0.542
vt 0.2534 0.542
f 502/502/502 503/503/503 504/504/504
v -0.0011 0 0.0031
v 0.0019 0.0096 0.0042
v 0.001 0.0098 0.0039
vn -0.3286 -0.0001 0.9445
vn -0.3288 -0.0001 0.9444
vn -0.3291 -0 0.9443
vt 0.2534 0.458
vt 0.2273 0.458
vt 0.2352 0.458
f 505/505/505 506/506/506 507/507/507
v 0.001 0.0098 0.0039
v -0.0011 0 0.0031
v -0.0011 0 0.0031
vn -0.3291 -0 0.9443
vn -0.3296 0.0001 0.9441
vn -0.3286 -0.0001 0.9445
vt 0.2352 0.458
vt 0.2534 0.458
vt 0.2534 0.458
f 508/508/508 509/509/509 510/510/510
v 0.0016 0.0083 0.0041
v 0.0038 0.0083 -0.0022
v 0.0029 0.0085 -0.0025
vn -0.2117 0.6927 -0.6894
vn -0.5943 0.6927 0.4086
vn 0.4701 0.4295 0.771
vt 0.2302 0.458
vt 0.2302 0.542
vt 0.2381 0.542
f 511/511/511 512/512/512 513/513/513
v 0.0029 0.0085 -0.0025
v 0.0007 0.0085 0.0037
v 0.0016 0.0083 0.0041
vn 0.4701 0.4295 0.771
vn 0.8473 0.4298 -0.312
vn -0.2117 0.6927 -0.6894
vt 0.2381 0.542
vt 0.2381 0.458
vt 0.2302 0.458
f 514/514/514 515/515/515 516/516/516
v 0.0041 0.0096 -0.0021
v 0.0011 0 -0.0031
v 0.0011 0 -0.0031
vn 0.3289 -0 -0.9444
vn 0.3289 -0 -0.9444
vn 0.3289 -0 -0.9444
vt 0.2273 0.542
vt 0.2534 0.542
vt 0.2534 0.542
f 517/517/517 518/518/518 519/519/519
v 0.0011 0 -0.0031
v 0.0032 0.0098 -0.0024
v 0.0041 0.0096 -0.0021
vn 0.3289 -0 -0.9444
vn 0.3287 0 -0.9444
vn 0.3289 -0 -0.9444
vt 0.2534 0.542
vt 0.2352 0.542
vt 0.2273 0.542
f 520/520/520 521/521/521 522/522/522
v 0.0011 0 -0.0031
v -0.0011 0 0.0031
v -0.0011 0 0.0031
vn 1 0 -0
vn 1 0 -0
vn 1 0 -0
vt 0.2534 0.542
vt 0.2534 0.458
vt 0.2534 0.458
f 523/523/523 524/524/524 525/525/525
v -0.0011 0 0.0031
v 0.0011 0 -0.0031
v 0.0011 0 -0.0031
vn 1 0 -0
vn 1 0 -0
vn 1 0 -0
vt 0.2534 0.458
vt 0.2534 0.542
vt 0.2534 0.542
f 526/526/526 527/527/527 528/528/528
v -0.0011 0 0.0031
v 0.0028 0.0093 0.0045
v 0.0019 0.0096 0.0042
vn -0.3289 -0 0.9444
vn -0.3288 -0.0001 0.9444
vn -0.3288 -0.0001 0.9444
vt 0.2534 0.458
vt 0.2196 0.458
vt 0.2273 0.458
f 529/529/529 530/530/530 531/531/531
v 0.0019 0.0096 0.0042
v -0.0011 0 0.0031
v -0.0011 0 0.0031
vn -0.3288 -0.0001 0.9444
vn -0.3286 -0.0001 0.9445
vn -0.3289 -0 0.9444
vt 0.2273 0.458
vt 0.2534 0.458
vt 0.2534 0.458
f 532/532/532 533/533/533 534/534/534
v 0.0028 0.0093 0.0045
v 0.005 0.0093 -0.0018
v 0.0041 0.0096 -0.0021
vn 0.8692 0.3101 -0.3852
vn 0.4418 0.3101 0.8418
vn -0.5702 0.7228 0.3904
vt 0.2196 0.458
vt 0.2196 0.542
vt 0.2273 0.542
f 535/535/535 536/536/536 537/537/537
v 0.0041 0.0096 -0.0021
v 0.0019 0.0096 0.0042
v 0.0028 0.0093 0.0045
vn -0.5702 0.7228 0.3904
vn -0.2046 0.7228 -0.66
vn 0.8692 0.3101 -0.3852
vt 0.2273 0.542
vt 0.2273 0.458
vt 0.2196 0.458
f 538/538/538 539/539/539 540/540/540
v 0.005 0.0093 -0.0018
v 0.0011 0 -0.0031
v 0.0011 0 -0.0031
vn 0.3292 -0.0002 -0.9443
vn 0.3295 -0.0003 -0.9442
vn 0.3289 -0 -0.9444
vt 0.2196 0.542
vt 0.2534 0.542
vt 0.2534 0.542
f 541/541/541 542/542/542 543/543/543
v 0.0011 0 -0.0031
v 0.0041 0.0096 -0.0021
v 0.005 0.0093 -0.0018
vn 0.3289 -0 -0.9444
vn 0.3289 -0 -0.9444
vn 0.3292 -0.0002 -0.9443
vt 0.2534 0.542
vt 0.2273 0.542
vt 0.2196 0.542
f 544/544/544 545/545/545 546/546/546
v 0.0011 0 -0.0031
v -0.0011 0 0.0031
v -0.0011 0 0.0031
vn 1 0 -0
vn 1 0 -0
vn 1 0 -0
vt 0.2534 0.542
vt 0.2534 0.458
vt 0.2534 0.458
f 547/547/547 548/548/548 549/549/549
v -0.0011 0 0.0031
v 0.0011 0 -0.0031
v 0.0011 0 -0.0031
vn 1 0 -0
vn 1 0 -0
vn 1 0 -0
vt 0.2534 0.458
vt 0.2534 0.542
vt 0.2534 0.542
f 550/550/550 551/551/551 552/552/552
v -0.0011 0 0.0031
v 0.0037 0.009 0.0048
v 0.0028 0.0093 0.0045
vn -0.3287 -0.0001 0.9444
vn -0.3289 0 0.9444
vn -0.3288 -0.0001 0.9444
vt 0.2534 0.458
vt 0.2122 0.458
vt 0.2196 0.458
f 553/553/553 554/554/554 555/555/555
v 0.0028 0.0093 0.0045
v -0.0011 0 0.0031
v -0.0011 0 0.0031
vn -0.3288 -0.0001 0.9444
vn -0.3289 -0 0.9444
vn -0.3287 -0.0001 0.9444
vt 0.2196 0.458
vt 0.2534 0.458
vt 0.2534 0.458
f 556/556/556 557/557/557 558/558/558
v 0.0031 0.0078 0.0046
v 0.0053 0.0078 -0.0017
v 0.0044 0.0081 -0.002
vn -0.0946 0.7524 -0.6519
vn -0.4789 0.7525 0.452
vn 0.5316 0.307 0.7894
vt 0.217 0.458
vt 0.217 0.542
vt 0.2245 0.542
f 559/559/559 560/560/560 561/561/561
v 0.0044 0.0081 -0.002
v 0.0023 0.0081 0.0043
v 0.0031 0.0078 0.0046
vn 0.5316 0.307 0.7894
vn 0.9069 0.3069 -0.2886
vn -0.0946 0.7524 -0.6519
vt 0.2245 0.542
vt 0.2245 0.458
vt 0.217 0.458
f 562/562/562 563/563/563 564/564/564
v 0.0059 0.009 -0.0015
v 0.0011 0 -0.0031
v 0.0011 0 -0.0031
vn 0.3293 -0.0002 -0.9442
vn 0.3291 -0.0001 -0.9443
vn 0.3295 -0.0003 -0.9442
vt 0.2122 0.542
vt 0.2534 0.542
vt 0.2534 0.542
f 565/565/565 566/566/566 567/567/567
v 0.0011 0 -0.0031
v 0.005 0.0093 -0.0018
v 0.0059 0.009 -0.0015
vn 0.3295 -0.0003 -0.9442
vn 0.3292 -0.0002 -0.9443
vn 0.3293 -0.0002 -0.9442
vt 0.2534 0.542
vt 0.2196 0.542
vt 0.2122 0.542
f 568/568/568 569/569/569 570/570/570
v 0.0011 0 -0.0031
v -0.0011 0 0.0031
v -0.0011 0 0.0031
vn 1 0 -0
vn 1 0 -0
vn 1 0 -0
vt 0.2534 0.542
vt 0.2534 0.458
vt 0.2534 0.458
f 571/571/571 572/572/572 573/573/573
v -0.0011 0 0.0031
v 0.0011 0 -0.0031
v 0.0011 0 -0.0031
vn 1 0 -0
vn 1 0 -0
vn 1 0 -0
vt 0.2534 0.458
vt 0.2534 0.542
vt 0.2534 0.542
f 574/574/574 575/575/575 576/576/576
v -0.0011 0 0.0031
v 0.0045 0.0086 0.0051
v 0.0037 0.009 0.0048
vn -0.3291 0.0001 0.9443
vn -0.3289 -0 0.9444
vn -0.3289 0 0.9444
vt 0.2534 0.458
vt 0.205 0.458
vt 0.2122 0.458
f 577/577/577 578/578/578 579/579/579
v 0.0037 0.009 0.0048
v -0.0011 0 0.0031
v -0.0011 0 0.0031
vn -0.3289 0 0.9444
vn -0.3287 -0.0001 0.9444
vn -0.3291 0.0001 0.9443
vt 0.2122 0.458
vt 0.2534 0.458
vt 0.2534 0.458
f 580/580/580 581/581/581 582/582/582
v 0.0045 0.0086 0.0051
v 0.0067 0.0086 -0.0012
v 0.0059 0.009 -0.0015
vn 0.9011 0.1879 -0.3907
vn 0.4636 0.1879 0.8659
vn -0.4474 0.7943 0.4109
vt 0.205 0.458
vt 0.205 0.542
vt 0.2122 0.542
f 583/583/583 584/584/584 585/585/585
v 0.0059 0.009 -0.0015
v 0.0037 0.009 0.0048
v 0.0045 0.0086 0.0051
vn -0.4474 0.7943 0.4109
vn -0.0949 0.7944 -0.5999
vn 0.9011 0.1879 -0.3907
vt 0.2122 0.542
vt 0.2122 0.458
vt 0.205 0.458
f 586/586/586 587/587/587 588/588/588
v 0.0067 0.0086 -0.0012
v 0.0011 0 -0.0031
v 0.0011 0 -0.0031
vn 0.3289 0 -0.9444
vn 0.3288 0.0002 -0.9444
vn 0.3291 -0.0001 -0.9443
vt 0.205 0.542
vt 0.2534 0.542
vt 0.2534 0.542
f 589/589/589 590/590/590 591/591/591
v 0.0011 0 -0.0031
v 0.0059 0.009 -0.0015
v 0.0067 0.0086 -0.0012
vn 0.3291 -0.0001 -0.9443
vn 0.3293 -0.0002 -0.9442
vn 0.3289 0 -0.9444
vt 0.2534 0.542
vt 0.2122 0.542
vt 0.205 0.542
f 592/592/592 593/593/593 594/594/594
v 0.0011 0 -0.0031
v -0.0011 0 0.0031
v -0.0011 0 0.0031
vn 1 0 -0
vn 1 0 -0
vn 1 0 -0
vt 0.2534 0.542
vt 0.2534 0.458
vt 0.2534 0.458
f 595/595/595 596/596/596 597/597/597
v -0.0011 0 0.0031
v 0.0011 0 -0.0031
v 0.0011 0 -0.0031
vn 1 0 -0
vn 1 0 -0
vn 1 0 -0
vt 0.2534 0.458
vt 0.2534 0.542
vt 0.2534 0.542
f 598/598/598 599/599/599 600/600/600
v -0.0011 0 0.0031
v 0.0053 0.0082 0.0054
v 0.0045 0.0086 0.0051
vn -0.3288 -0.0001 0.9444
vn -0.3292 0.0002 0.9443
vn -0.3289 -0 0.9444
vt 0.2534 0.458
vt 0.1981 0.458
vt 0.205 0.458
f 601/601/601 602/602/602 603/603/603
v 0.0045 0.0086 0.0051
v -0.0011 0 0.0031
v -0.0011 0 0.0031
vn -0.3289 -0 0.9444
vn -0.3291 0.0001 0.9443
vn -0.3288 -0.0001 0.9444
vt 0.205 0.458
vt 0.2534 0.458
vt 0.2534 0.458
f 604/604/604 605/605/605 606/606/606
v 0.0045 0.0071 0.0051
v 0.0067 0.0071 -0.0012
v 0.0059 0.0075 -0.0014
vn 0.0281 0.7912 -0.6109
vn -0.3575 0.7911 0.4963
vn 0.571 0.1768 0.8017
vt 0.2049 0.458
vt 0.2049 0.542
vt 0.2117 0.542
f 607/607/607 608/608/608 609/609/609
v 0.0059 0.0075 -0.0014
v 0.0037 0.0075 0.0048
v 0.0045 0.0071 0.0051
vn 0.571 0.1768 0.8017
vn 0.9454 0.1768 -0.2737
vn 0.0281 0.7912 -0.6109
vt 0.2117 0.542
vt 0.2117 0.458
vt 0.2049 0.458
f 610/610/610 611/611/611 612/612/612
v 0.0075 0.0082 -0.0009
v 0.0011 0 -0.0031
v 0.0011 0 -0.0031
vn 0.3288 0.0001 -0.9444
vn 0.3288 0.0001 -0.9444
vn 0.3288 0.0002 -0.9444
vt 0.1981 0.542
vt 0.2534 0.542
vt 0.2534 0.542
f 613/613/613 614/614/614 615/615/615
v 0.0011 0 -0.0031
v 0.0067 0.0086 -0.0012
v 0.0075 0.0082 -0.0009
vn 0.3288 0.0002 -0.9444
vn 0.3289 0 -0.9444
vn 0.3288 0.0001 -0.9444
vt 0.2534 0.542
vt 0.205 0.542
vt 0.1981 0.542
f 616/616/616 617/617/617 618/618/618
v 0.0011 0 -0.0031
v -0.0011 0 0.0031
v -0.0011 0 0.0031
vn 1 0 -0
vn 1 0 -0
vn 1 0 -0
vt 0.2534 0.542
vt 0.2534 0.458
vt 0.2534 0.458
f 619/619/619 620/620/620 621/621/621
v -0.0011 0 0.0031
v 0.0011 0 -0.0031
v 0.0011 0 -0.0031
vn 1 0 -0
vn 1 0 -0
vn 1 0 -0
vt 0.2534 0.458
vt 0.2534 0.542
vt 0.2534 0.542
f 622/622/622 623/623/623 624/624/624
v -0.0011 0 0.0031
v 0.0061 0.0077 0.0056
v 0.0053 0.0082 0.0054
vn -0.3295 0.0005 0.9441
vn -0.3292 0.0002 0.9443
vn -0.3292 0.0002 0.9443
vt 0.2534 0.458
vt 0.1917 0.458
vt 0.1981 0.458
f 625/625/625 626/626/626 627/627/627
v 0.0053 0.0082 0.0054
v -0.0011 0 0.0031
v -0.0011 0 0.0031
vn -0.3292 0.0002 0.9443
vn -0.3288 -0.0001 0.9444
vn -0.3295 0.0005 0.9441
vt 0.1981 0.458
vt 0.2534 0.458
vt 0.2534 0.458
f 628/628/628 629/629/629 630/630/630
v 0.0061 0.0077 0.0056
v 0.0082 0.0077 -0.0006
v 0.0075 0.0082 -0.0009
vn 0.9169 0.0675 -0.3933
vn 0.4744 0.0671 0.8778
vn -0.3138 0.8403 0.4421
vt 0.1917 0.458
vt 0.1917 0.542
vt 0.1981 0.542
f 631/631/631 632/632/632 633/633/633
v 0.0075 0.0082 -0.0009
v 0.0053 0.0082 0.0054
v 0.0061 0.0077 0.0056
vn -0.3138 0.8403 0.4421
vn 0.0286 0.8404 -0.5413
vn 0.9169 0.0675 -0.3933
vt 0.1981 0.542
vt 0.1981 0.458
vt 0.1917 0.458
f 634/634/634 635/635/635 636/636/636
v 0.0082 0.0077 -0.0006
v 0.0011 0 -0.0031
v 0.0011 0 -0.0031
vn 0.3288 0.0001 -0.9444
vn 0.3288 0.0001 -0.9444
vn 0.3288 0.0001 -0.9444
vt 0.1917 0.542
vt 0.2534 0.542
vt 0.2534 0.542
f 637/637/637 638/638/638 639/639/639
v 0.0011 0 -0.0031
v 0.0075 0.0082 -0.0009
v 0.0082 0.0077 -0.0006
vn 0.3288 0.0001 -0.9444
vn 0.3288 0.0001 -0.9444
vn 0.3288 0.0001 -0.9444
vt 0.2534 0.542
vt 0.1981 0.542
vt 0.1917 0.542
f 640/640/640 641/641/641 642/642/642
v 0.0011 0 -0.0031
v -0.0011 0 0.0031
v -0.0011 0 0.0031
vn 1 0 -0
vn 1 0 -0
vn 1 0 -0
vt 0.2534 0.542
vt 0.2534 0.458
vt 0.2534 0.458
f 643/643/643 644/644/644 645/645/645
v -0.0011 0 0.0031
v 0.0011 0 -0.0031
v 0.0011 0 -0.0031
vn 1 0 -0
vn 1 0 -0
vn 1 0 -0
vt 0.2534 0.458
vt 0.2534 0.542
vt 0.2534 0.542
f 646/646/646 647/647/647 648/648/648
v -0.0011 0 0.0031
v 0.0068 0.0071 0.0059
v 0.0061 0.0077 0.0056
vn -0.3289 -0.0001 0.9444
vn -0.3287 -0.0004 0.9444
vn -0.3292 0.0002 0.9443
vt 0.2534 0.458
vt 0.1856 0.458
vt 0.1917 0.458
f 649/649/649 650/650/650 651/651/651
v 0.0061 0.0077 0.0056
v -0.0011 0 0.0031
v -0.0011 0 0.0031
vn -0.3292 0.0002 0.9443
vn -0.3295 0.0005 0.9441
vn -0.3289 -0.0001 0.9444
vt 0.1917 0.458
vt 0.2534 0.458
vt 0.2534 0.458
f 652/652/652 653/653/653 654/654/654
v 0.0058 0.0061 0.0055
v 0.008 0.0061 -0.0007
v 0.0073 0.0067 -0.001
vn 0.1537 0.8085 -0.5681
vn -0.2326 0.8083 0.5409
vn 0.5887 0.0424 0.8072
vt 0.1941 0.458
vt 0.1941 0.542
vt 0.2001 0.542
f 655/655/655 656/656/656 657/657/657
v 0.0073 0.0067 -0.001
v 0.0051 0.0067 0.0053
v 0.0058 0.0061 0.0055
vn 0.5887 0.0424 0.8072
vn 0.9628 0.0425 -0.2668
vn 0.1537 0.8085 -0.5681
vt 0.2001 0.542
vt 0.2001 0.458
vt 0.1941 0.458
f 658/658/658 659/659/659 660/660/660
v 0.0089 0.0071 -0.0004
v 0.0011 0 -0.0031
v 0.0011 0 -0.0031
vn 0.329 -0.0001 -0.9443
vn 0.3292 -0.0003 -0.9443
vn 0.3288 0.0001 -0.9444
vt 0.1856 0.542
vt 0.2534 0.542
vt 0.2534 0.542
f 661/661/661 662/662/662 663/663/663
v 0.0011 0 -0.0031
v 0.0082 0.0077 -0.0006
v 0.0089 0.0071 -0.0004
vn 0.3288 0.0001 -0.9444
vn 0.3288 0.0001 -0.9444
vn 0.329 -0.0001 -0.9443
vt 0.2534 0.542
vt 0.1917 0.542
vt 0.1856 0.542
f 664/664/664 665/665/665 666/666/666
v 0.0011 0 -0.0031
v -0.0011 0 0.0031
v -0.0011 0 0.0031
vn 1 0 -0
vn 1 0 -0
vn 1 0 -0
vt 0.2534 0.542
vt 0.2534 0.458
vt 0.2534 0.458
f 667/667/667 668/668/668 669/669/669
v -0.0011 0 0.0031
v 0.0011 0 -0.0031
v 0.0011 0 -0.0031
vn 1 0 -0
vn 1 0 -0
vn 1 0 -0
vt 0.2534 0.458
vt 0.2534 0.542
vt 0.2534 0.542
f 670/670/670 671/671/671 672/672/672
v -0.0011 0 0.0031
v 0.0074 0.0065 0.0061
v 0.0068 0.0071 0.0059
vn -0.3286 -0.0005 0.9445
vn -0.3287 -0.0003 0.9444
vn -0.3287 -0.0004 0.9444
vt 0.2534 0.458
vt 0.1801 0.458
vt 0.1856 0.458
f 673/673/673 674/674/674 675/675/675
v 0.0068 0.0071 0.0059
v -0.0011 0 0.0031
v -0.0011 0 0.0031
vn -0.3287 -0.0004 0.9444
vn -0.3289 -0.0001 0.9444
vn -0.3286 -0.0005 0.9445
vt 0.1856 0.458
vt 0.2534 0.458
vt 0.2534 0.458
f 676/676/676 677/677/677 678/678/678
v 0.0074 0.0065 0.0061
v 0.0096 0.0065 -0.0002
v 0.0089 0.0071 -0.0004
vn 0.9184 -0.0531 -0.3922
vn 0.4761 -0.053 0.8778
vn -0.1778 0.8572 0.4834
vt 0.1801 0.458
vt 0.1801 0.542
vt 0.1856 0.542
f 679/679/679 680/680/680 681/681/681
v 0.0089 0.0071 -0.0004
v 0.0068 0.0071 0.0059
v 0.0074 0.0065 0.0061
vn -0.1778 0.8572 0.4834
vn 0.1613 0.8572 -0.4891
vn 0.9184 -0.0531 -0.3922
vt 0.1856 0.542
vt 0.1856 0.458
vt 0.1801 0.458
f 682/682/682 683/683/683 684/684/684
v 0.0096 0.0065 -0.0002
v 0.0011 0 -0.0031
v 0.0011 0 -0.0031
vn 0.329 -0.0001 -0.9443
vn 0.3289 0.0001 -0.9444
vn 0.3292 -0.0003 -0.9443
vt 0.1801 0.542
vt 0.2534 0.542
vt 0.2534 0.542
f 685/685/685 686/686/686 687/687/687
v 0.0011 0 -0.0031
v 0.0089 0.0071 -0.0004
v 0.0096 0.0065 -0.0002
vn 0.3292 -0.0003 -0.9443
vn 0.329 -0.0001 -0.9443
vn 0.329 -0.0001 -0.9443
vt 0.2534 0.542
vt 0.1856 0.542
vt 0.1801 0.542
f 688/688/688 689/689/689 690/690/690
v 0.0011 0 -0.0031
v -0.0011 0 0.0031
v -0.0011 0 0.0031
vn 1 0 -0
vn 1 0 -0
vn 1 0 -0
vt 0.2534 0.542
vt 0.2534 0.458
vt 0.2534 0.458
f 691/691/691 692/692/692 693/693/693
v -0.0011 0 0.0031
v 0.0011 0 -0.0031
v 0.0011 0 -0.0031
vn 1 0 -0
vn 1 0 -0
vn 1 0 -0
vt 0.2534 0.458
vt 0.2534 0.542
vt 0.2534 0.542
f 694/694/694 695/695/695 696/696/696
v -0.0011 0 0.0031
v 0.008 0.0058 0.0063
v 0.0074 0.0065 0.0061
vn -0.3289 -0.0001 0.9444
vn -0.3289 -0.0001 0.9444
vn -0.3287 -0.0003 0.9444
vt 0.2534 0.458
vt 0.175 0.458
vt 0.1801 0.458
f 697/697/697 698/698/698 699/699/699
v 0.0074 0.0065 0.0061
v -0.0011 0 0.0031
v -0.0011 0 0.0031
vn -0.3287 -0.0003 0.9444
vn -0.3286 -0.0005 0.9445
vn -0.3289 -0.0001 0.9444
vt 0.1801 0.458
vt 0.2534 0.458
vt 0.2534 0.458
f 700/700/700 701/701/701 702/702/702
v 0.0068 0.005 0.0059
v 0.009 0.005 -0.0004
v 0.0084 0.0057 -0.0006
vn 0.2789 0.8046 -0.5243
vn -0.1069 0.8044 0.5844
vn 0.5845 -0.0931 0.806
vt 0.1849 0.458
vt 0.1849 0.542
vt 0.1899 0.542
f 703/703/703 704/704/704 705/705/705
v 0.0084 0.0057 -0.0006
v 0.0063 0.0057 0.0057
v 0.0068 0.005 0.0059
vn 0.5845 -0.0931 0.806
vn 0.9588 -0.0928 -0.2685
vn 0.2789 0.8046 -0.5243
vt 0.1899 0.542
vt 0.1899 0.458
vt 0.1849 0.458
f 706/706/706 707/707/707 708/708/708
v 0.0102 0.0058 0
v 0.0011 0 -0.0031
v 0.0011 0 -0.0031
vn 0.3289 0.0001 -0.9444
vn 0.3289 0.0001 -0.9444
vn 0.3289 0.0001 -0.9444
vt 0.175 0.542
vt 0.2534 0.542
vt 0.2534 0.542
f 709/709/709 710/710/710 711/711/711
v 0.0011 0 -0.0031
v 0.0096 0.0065 -0.0002
v 0.0102 0.0058 0
vn 0.3289 0.0001 -0.9444
vn 0.329 -0.0001 -0.9443
vn 0.3289 0.0001 -0.9444
vt 0.2534 0.542
vt 0.1801 0.542
vt 0.175 0.542
f 712/712/712 713/713/713 714/714/714
v 0.0011 0 -0.0031
v -0.0011 0 0.0031
v -0.0011 0 0.0031
vn 1 0 -0
vn 1 0 -0
vn 1 0 -0
vt 0.2534 0.542
vt 0.2534 0.458
vt 0.2534 0.458
f 715/715/715 716/716/716 717/717/717
v -0.0011 0 0.0031
v 0.0011 0 -0.0031
v 0.0011 0 -0.0031
vn 1 0 -0
vn 1 0 -0
vn 1 0 -0
vt 0.2534 0.458
vt 0.2534 0.542
vt 0.2534 0.542
f 718/718/718 719/719/719 720/720/720
v -0.0011 0 0.0031
v 0.0085 0.0051 0.0065
v 0.008 0.0058 0.0063
vn -0.3289 -0.0001 0.9444
vn -0.329 0.0003 0.9443
vn -0.3289 -0.0001 0.9444
vt 0.2534 0.458
vt 0.1706 0.458
vt 0.175 0.458
f 721/721/721 722/722/722 723/723/723
v 0.008 0.0058 0.0063
v -0.0011 0 0.0031
v -0.0011 0 0.0031
vn -0.3289 -0.0001 0.9444
vn -0.3289 -0.0001 0.9444
vn -0.3289 -0.0001 0.9444
vt 0.175 0.458
vt 0.2534 0.458
vt 0.2534 0.458
f 724/724/724 725/725/725 726/726/726
v 0.0085 0.0051 0.0065
v 0.0107 0.0051 0.0002
v 0.0102 0.0058 0
vn 0.9053 -0.1742 -0.3874
vn 0.4689 -0.1736 0.866
vn -0.0444 0.8454 0.5323
vt 0.1706 0.458
vt 0.1706 0.542
vt 0.175 0.542
f 727/727/727 728/728/728 729/729/729
v 0.0102 0.0058 0
v 0.008 0.0058 0.0063
v 0.0085 0.0051 0.0065
vn -0.0444 0.8454 0.5323
vn 0.2958 0.8454 -0.4448
vn 0.9053 -0.1742 -0.3874
vt 0.175 0.542
vt 0.175 0.458
vt 0.1706 0.458
f 730/730/730 731/731/731 732/732/732
v 0.0107 0.0051 0.0002
v 0.0011 0 -0.0031
v 0.0011 0 -0.0031
vn 0.3288 0.0003 -0.9444
vn 0.3287 0.0004 -0.9444
vn 0.3289 0.0001 -0.9444
vt 0.1706 0.542
vt 0.2534 0.542
vt 0.2534 0.542
f 733/733/733 734/734/734 735/735/735
v 0.0011 0 -0.0031
v 0.0102 0.0058 0
v 0.0107 0.0051 0.0002
vn 0.3289 0.0001 -0.9444
vn 0.3289 0.0001 -0.9444
vn 0.3288 0.0003 -0.9444
vt 0.2534 0.542
vt 0.175 0.542
vt 0.1706 0.542
f 736/736/736 737/737/737 738/738/738
v 0.0011 0 -0.0031
v -0.0011 0 0.0031
v -0.0011 0 0.0031
vn 1 0 -0
vn 1 0 -0
vn 1 0 -0
vt 0.2534 0.542
vt 0.2534 0.458
vt 0.2534 0.458
f 739/739/739 740/740/740 741/741/741
v -0.0011 0 0.0031
v 0.0011 0 -0.0031
v 0.0011 0 -0.0031
vn 1 0 -0
vn 1 0 -0
vn 1 0 -0
vt 0.2534 0.458
vt 0.2534 0.542
vt 0.2534 0.542
f 742/742/742 743/743/743 744/744/744
v -0.0011 0 0.0031
v 0.009 0.0044 0.0066
v 0.0085 0.0051 0.0065
vn -0.3292 0.0006 0.9443
vn -0.329 0.0002 0.9443
vn -0.329 0.0003 0.9443
vt 0.2534 0.458
vt 0.1666 0.458
vt 0.1706 0.458
f 745/745/745 746/746/746 747/747/747
v 0.0085 0.0051 0.0065
v -0.0011 0 0.0031
v -0.0011 0 0.0031
vn -0.329 0.0003 0.9443
vn -0.3289 -0.0001 0.9444
vn -0.3292 0.0006 0.9443
vt 0.1706 0.458
vt 0.2534 0.458
vt 0.2534 0.458
f 748/748/748 749/749/749 750/750/750
v 0.0077 0.0038 0.0062
v 0.0098 0.0038 -0.0001
v 0.0094 0.0045 -0.0002
vn 0.4037 0.7793 -0.4793
vn 0.0184 0.7794 0.6263
vn 0.5582 -0.2267 0.7981
vt 0.1777 0.458
vt 0.1777 0.542
vt 0.1816 0.542
f 751/751/751 752/752/752 753/753/753
v 0.0094 0.0045 -0.0002
v 0.0072 0.0045 0.006
v 0.0077 0.0038 0.0062
vn 0.5582 -0.2267 0.7981
vn 0.9332 -0.2268 -0.2786
vn 0.4037 0.7793 -0.4793
vt 0.1816 0.542
vt 0.1816 0.458
vt 0.1777 0.458
f 754/754/754 755/755/755 756/756/756
v 0.0111 0.0044 0.0004
v 0.0011 0 -0.0031
v 0.0011 0 -0.0031
vn 0.3288 0.0002 -0.9444
vn 0.3289 0 -0.9444
vn 0.3287 0.0004 -0.9444
vt 0.1666 0.542
vt 0.2534 0.542
vt 0.2534 0.542
f 757/757/757 758/758/758 759/759/759
v 0.0011 0 -0.0031
v 0.0107 0.0051 0.0002
v 0.0111 0.0044 0.0004
vn 0.3287 0.0004 -0.9444
vn 0.3288 0.0003 -0.9444
vn 0.3288 0.0002 -0.9444
vt 0.2534 0.542
vt 0.1706 0.542
vt 0.1666 0.542
f 760/760/760 761/761/761 762/762/762
v 0.0011 0 -0.0031
v -0.0011 0 0.0031
v -0.0011 0 0.0031
vn 1 0 -0
vn 1 0 -0
vn 1 0 -0
vt 0.2534 0.542
vt 0.2534 0.458
vt 0.2534 0.458
f 763/763/763 764/764/764 765/765/765
v -0.0011 0 0.0031
v 0.0011 0 -0.0031
v 0.0011 0 -0.0031
vn 1 0 -0
vn 1 0 -0
vn 1 0 -0
vt 0.2534 0.458
vt 0.2534 0.542
vt 0.2534 0.542
f 766/766/766 767/767/767 768/768/768
v -0.0011 0 0.0031
v 0.0093 0.0037 0.0068
v 0.009 0.0044 0.0066
vn -0.3289 -0.0001 0.9444
vn -0.3289 -0.0002 0.9444
vn -0.329 0.0002 0.9443
vt 0.2534 0.458
vt 0.1633 0.458
vt 0.1666 0.458
f 769/769/769 770/770/770 771/771/771
v 0.009 0.0044 0.0066
v -0.0011 0 0.0031
v -0.0011 0 0.0031
vn -0.329 0.0002 0.9443
vn -0.3292 0.0006 0.9443
vn -0.3289 -0.0001 0.9444
vt 0.1666 0.458
vt 0.2534 0.458
vt 0.2534 0.458
f 772/772/772 773/773/773 774/774/774
v 0.0093 0.0037 0.0068
v 0.0115 0.0037 0.0005
v 0.0111 0.0044 0.0004
vn 0.8765 -0.2962 -0.3795
vn 0.4509 -0.2962 0.842
vn 0.0826 0.8044 0.5884
vt 0.1633 0.458
vt 0.1633 0.542
vt 0.1666 0.542
f 775/775/775 776/776/776 777/777/777
v 0.0111 0.0044 0.0004
v 0.009 0.0044 0.0066
v 0.0093 0.0037 0.0068
vn 0.0826 0.8044 0.5884
vn 0.4298 0.8045 -0.4099
vn 0.8765 -0.2962 -0.3795
vt 0.1666 0.542
vt 0.1666 0.458
vt 0.1633 0.458
f 778/778/778 779/779/779 780/780/780
v 0.0115 0.0037 0.0005
v 0.0011 0 -0.0031
v 0.0011 0 -0.0031
vn 0.329 -0.0004 -0.9443
vn 0.3291 -0.0008 -0.9443
vn 0.3289 0 -0.9444
vt 0.1633 0.542
vt 0.2534 0.542
vt 0.2534 0.542
f 781/781/781 782/782/782 783/783/783
v 0.0011 0 -0.0031
v 0.0111 0.0044 0.0004
v 0.0115 0.0037 0.0005
vn 0.3289 0 -0.9444
vn 0.3288 0.0002 -0.9444
vn 0.329 -0.0004 -0.9443
vt 0.2534 0.542
vt 0.1666 0.542
vt 0.1633 0.542
f 784/784/784 785/785/785 786/786/786
v 0.0011 0 -0.0031
v -0.0011 0 0.0031
v -0.0011 0 0.0031
vn 1 0 -0
vn 1 0 -0
vn 1 0 -0
vt 0.2534 0.542
vt 0.2534 0.458
vt 0.2534 0.458
f 787/787/787 788/788/788 789/789/789
v -0.0011 0 0.0031
v 0.0011 0 -0.0031
v 0.0011 0 -0.0031
vn 1 0 -0
vn 1 0 -0
vn 1 0 -0
vt 0.2534 0.458
vt 0.2534 0.542
vt 0.2534 0.542
f 790/790/790 791/791/791 792/792/792
v -0.0011 0 0.0031
v 0.0096 0.0029 0.0069
v 0.0093 0.0037 0.0068
vn -0.3289 -0.0003 0.9444
vn -0.329 0.0001 0.9443
vn -0.3289 -0.0002 0.9444
vt 0.2534 0.458
vt 0.1607 0.458
vt 0.1633 0.458
f 793/793/793 794/794/794 795/795/795
v 0.0093 0.0037 0.0068
v -0.0011 0 0.0031
v -0.0011 0 0.0031
vn -0.3289 -0.0002 0.9444
vn -0.3289 -0.0001 0.9444
vn -0.3289 -0.0003 0.9444
vt 0.1633 0.458
vt 0.2534 0.458
vt 0.2534 0.458
f 796/796/796 797/797/797 798/798/798
v 0.0083 0.0024 0.0064
v 0.0104 0.0024 0.0001
v 0.0101 0.0032 0
vn 0.5233 0.7325 -0.4354
vn 0.139 0.7325 0.6664
vn 0.511 -0.3543 0.7832
vt 0.1726 0.458
vt 0.1726 0.542
vt 0.1752 0.542
f 799/799/799 800/800/800 801/801/801
v 0.0101 0.0032 0
v 0.008 0.0032 0.0063
v 0.0083 0.0024 0.0064
vn 0.511 -0.3543 0.7832
vn 0.8867 -0.3545 -0.2968
vn 0.5233 0.7325 -0.4354
vt 0.1752 0.542
vt 0.1752 0.458
vt 0.1726 0.458
f 802/802/802 803/803/803 804/804/804
v 0.0118 0.0029 0.0006
v 0.0011 0 -0.0031
v 0.0011 0 -0.0031
vn 0.329 -0.0001 -0.9443
vn 0.3288 0.0006 -0.9444
vn 0.3291 -0.0008 -0.9443
vt 0.1607 0.542
vt 0.2534 0.542
vt 0.2534 0.542
f 805/805/805 806/806/806 807/807/807
v 0.0011 0 -0.0031
v 0.0115 0.0037 0.0005
v 0.0118 0.0029 0.0006
vn 0.3291 -0.0008 -0.9443
vn 0.329 -0.0004 -0.9443
vn 0.329 -0.0001 -0.9443
vt 0.2534 0.542
vt 0.1633 0.542
vt 0.1607 0.542
f 808/808/808 809/809/809 810/810/810
v 0.0011 0 -0.0031
v -0.0011 0 0.0031
v -0.0011 0 0.0031
vn 1 0 -0
vn 1 0 -0
vn 1 0 -0
vt 0.2534 0.542
vt 0.2534 0.458
vt 0.2534 0.458
f 811/811/811 812/812/812 813/813/813
v -0.0011 0 0.0031
v 0.0011 0 -0.0031
v 0.0011 0 -0.0031
vn 1 0 -0
vn 1 0 -0
vn 1 0 -0
vt 0.2534 0.458
vt 0.2534 0.542
vt 0.2534 0.542
f 814/814/814 815/815/815 816/816/816
v -0.0011 0 0.0031
v 0.0099 0.0021 0.0069
v 0.0096 0.0029 0.0069
vn -0.3291 0.0005 0.9443
vn -0.329 0.0001 0.9443
vn -0.329 0.0001 0.9443
vt 0.2534 0.458
vt 0.1587 0.458
vt 0.1607 0.458
f 817/817/817 818/818/818 819/819/819
v 0.0096 0.0029 0.0069
v -0.0011 0 0.0031
v -0.0011 0 0.0031
vn -0.329 0.0001 0.9443
vn -0.3289 -0.0003 0.9444
vn -0.3291 0.0005 0.9443
vt 0.1607 0.458
vt 0.2534 0.458
vt 0.2534 0.458
f 820/820/820 821/821/821 822/822/822
v 0.0099 0.0021 0.0069
v 0.012 0.0021 0.0007
v 0.0118 0.0029 0.0006
vn 0.8281 -0.4187 -0.3726
vn 0.4171 -0.419 0.8065
vn 0.1949 0.7374 0.6468
vt 0.1587 0.458
vt 0.1587 0.542
vt 0.1607 0.542
f 823/823/823 824/824/824 825/825/825
v 0.0118 0.0029 0.0006
v 0.0096 0.0029 0.0069
v 0.0099 0.0021 0.0069
vn 0.1949 0.7374 0.6468
vn 0.5549 0.7372 -0.3856
vn 0.8281 -0.4187 -0.3726
vt 0.1607 0.542
vt 0.1607 0.458
vt 0.1587 0.458
f 826/826/826 827/827/827 828/828/828
v 0.012 0.0021 0.0007
v 0.0011 0 -0.0031
v 0.0011 0 -0.0031
vn 0.3289 -0.0001 -0.9444
vn 0.329 -0.0007 -0.9443
vn 0.3288 0.0006 -0.9444
vt 0.1587 0.542
vt 0.2534 0.542
vt 0.2534 0.542
f 829/829/829 830/830/830 831/831/831
v 0.0011 0 -0.0031
v 0.0118 0.0029 0.0006
v 0.012 0.0021 0.0007
vn 0.3288 0.0006 -0.9444
vn 0.329 -0.0001 -0.9443
vn 0.3289 -0.0001 -0.9444
vt 0.2534 0.542
vt 0.1607 0.542
vt 0.1587 0.542
f 832/832/832 833/833/833 834/834/834
v 0.0011 0 -0.0031
v -0.0011 0 0.0031
v -0.0011 0 0.0031
vn 1 0 -0
vn 1 0 -0
vn 1 0 -0
vt 0.2534 0.542
vt 0.2534 0.458
vt 0.2534 0.458
f 835/835/835 836/836/836 837/837/837
v -0.0011 0 0.0031
v 0.0011 0 -0.0031
v 0.0011 0 -0.0031
vn 1 0 -0
vn 1 0 -0
vn 1 0 -0
vt 0.2534 0.458
vt 0.2534 0.542
vt 0.2534 0.542
f 838/838/838 839/839/839 840/840/840
v -0.0011 0 0.0031
v 0.01 0.0012 0.007
v 0.0099 0.0021 0.0069
vn -0.3289 -0.0004 0.9444
vn -0.3289 0.0001 0.9443
vn -0.329 0.0001 0.9443
vt 0.2534 0.458
vt 0.1573 0.458
vt 0.1587 0.458
f 841/841/841 842/842/842 843/843/843
v 0.0099 0.0021 0.0069
v -0.0011 0 0.0031
v -0.0011 0 0.0031
vn -0.329 0.0001 0.9443
vn -0.3291 0.0005 0.9443
vn -0.3289 -0.0004 0.9444
vt 0.1587 0.458
vt 0.2534 0.458
vt 0.2534 0.458
f 844/844/844 845/845/845 846/846/846
v 0.0086 0.001 0.0065
v 0.0108 0.001 0.0002
v 0.0106 0.0019 0.0002
vn 0.6347 0.6649 -0.3939
vn 0.2528 0.6647 0.703
vn 0.4427 -0.4727 0.762
vt 0.1697 0.458
vt 0.1697 0.542
vt 0.1711 0.542
f 847/847/847 848/848/848 849/849/849
v 0.0106 0.0019 0.0002
v 0.0084 0.0019 0.0064
v 0.0086 0.001 0.0065
vn 0.4427 -0.4727 0.762
vn 0.8203 -0.4725 -0.3223
vn 0.6347 0.6649 -0.3939
vt 0.1711 0.542
vt 0.1711 0.458
vt 0.1697 0.458
f 850/850/850 851/851/851 852/852/852
v 0.0122 0.0012 0.0008
v 0.0011 0 -0.0031
v 0.0011 0 -0.0031
vn 0.329 -0.0001 -0.9443
vn 0.3289 0.0006 -0.9444
vn 0.329 -0.0007 -0.9443
vt 0.1573 0.542
vt 0.2534 0.542
vt 0.2534 0.542
f 853/853/853 854/854/854 855/855/855
v 0.0011 0 -0.0031
v 0.012 0.0021 0.0007
v 0.0122 0.0012 0.0008
vn 0.329 -0.0007 -0.9443
vn 0.3289 -0.0001 -0.9444
vn 0.329 -0.0001 -0.9443
vt 0.2534 0.542
vt 0.1587 0.542
vt 0.1573 0.542
f 856/856/856 857/857/857 858/858/858
v 0.0011 0 -0.0031
v -0.0011 0 0.0031
v -0.0011 0 0.0031
vn 1 0 -0
vn 1 0 -0
vn 1 0 -0
vt 0.2534 0.542
vt 0.2534 0.458
vt 0.2534 0.458
f 859/859/859 860/860/860 861/861/861
v -0.0011 0 0.0031
v 0.0011 0 -0.0031
v 0.0011 0 -0.0031
vn 1 0 -0
vn 1 0 -0
vn 1 0 -0
vt 0.2534 0.458
vt 0.2534 0.542
vt 0.2534 0.542
f 862/862/862 863/863/863 864/864/864
v -0.0011 0 0.0031
v 0.0101 0.0004 0.007
v 0.01 0.0012 0.007
vn -0.329 0.0005 0.9443
vn -0.329 0.0003 0.9443
vn -0.3289 0.0001 0.9443
vt 0.2534 0.458
vt 0.1566 0.458
vt 0.1573 0.458
f 865/865/865 866/866/866 867/867/867
v 0.01 0.0012 0.007
v -0.0011 0 0.0031
v -0.0011 0 0.0031
vn -0.3289 0.0001 0.9443
vn -0.3289 -0.0004 0.9444
vn -0.329 0.0005 0.9443
vt 0.1573 0.458
vt 0.2534 0.458
vt 0.2534 0.458
f 868/868/868 869/869/869 870/870/870
v 0.0101 0.0004 0.007
v 0.0123 0.0004 0.0008
v 0.0122 0.0012 0.0008
vn 0.9432 0.0503 0.3285
vn 0.9432 0.0502 0.3285
vn 0.2906 0.6466 0.7052
vt 0.1566 0.458
vt 0.1566 0.542
vt 0.1573 0.542
f 871/871/871 872/872/872 873/873/873
v 0.0122 0.0012 0.0008
v 0.01 0.0012 0.007
v 0.0101 0.0004 0.007
vn 0.2906 0.6466 0.7052
vn 0.6662 0.6464 -0.372
vn 0.9432 0.0503 0.3285
vt 0.1573 0.542
vt 0.1573 0.458
vt 0.1566 0.458
f 874/874/874 875/875/875 876/876/876
v 0.0123 0.0004 0.0008
v 0.0011 0 -0.0031
v 0.0011 0 -0.0031
vn 0.3289 0.0003 -0.9444
vn 0.3289 0 -0.9444
vn 0.3289 0.0006 -0.9444
vt 0.1566 0.542
vt 0.2534 0.542
vt 0.2534 0.542
f 877/877/877 878/878/878 879/879/879
v 0.0011 0 -0.0031
v 0.0122 0.0012 0.0008
v 0.0123 0.0004 0.0008
vn 0.3289 0.0006 -0.9444
vn 0.329 -0.0001 -0.9443
vn 0.3289 0.0003 -0.9444
vt 0.2534 0.542
vt 0.1573 0.542
vt 0.1566 0.542
f 880/880/880 881/881/881 882/882/882
v 0.0011 0 -0.0031
v -0.0011 0 0.0031
v -0.0011 0 0.0031
vn 1 0 -0
vn 1 0 -0
vn 1 0 -0
vt 0.2534 0.542
vt 0.2534 0.458
vt 0.2534 0.458
f 883/883/883 884/884/884 885/885/885
v -0.0011 0 0.0031
v 0.0011 0 -0.0031
v 0.0011 0 -0.0031
vn 1 0 -0
vn 1 0 -0
vn 1 0 -0
vt 0.2534 0.458
vt 0.2534 0.542
vt 0.2534 0.542
f 886/886/886 887/887/887 888/888/888
v -0.0011 0 0.0031
v 0.0101 -0.0004 0.007
v 0.0101 0.0004 0.007
vn -0.329 0 0.9443
vn -0.329 -0.0003 0.9443
vn -0.329 0.0003 0.9443
vt 0.2534 0.458
vt 0.1566 0.458
vt 0.1566 0.458
f 889/889/889 890/890/890 891/891/891
v 0.0101 0.0004 0.007
v -0.0011 0 0.0031
v -0.0011 0 0.0031
vn -0.329 0.0003 0.9443
vn -0.329 0.0005 0.9443
vn -0.329 0 0.9443
vt 0.1566 0.458
vt 0.2534 0.458
vt 0.2534 0.458
f 892/892/892 893/893/893 894/894/894
v 0.0101 -0.0004 0.007
v 0.0123 -0.0004 0.0008
v 0.0123 0.0004 0.0008
vn 0.9432 -0.0504 0.3285
vn 0.9432 -0.0502 0.3285
vn 0.9432 0.0502 0.3285
vt 0.1566 0.458
vt 0.1566 0.542
vt 0.1566 0.542
f 895/895/895 896/896/896 897/897/897
v 0.0123 0.0004 0.0008
v 0.0101 0.0004 0.007
v 0.0101 -0.0004 0.007
vn 0.9432 0.0502 0.3285
vn 0.9432 0.0503 0.3285
vn 0.9432 -0.0504 0.3285
vt 0.1566 0.542
vt 0.1566 0.458
vt 0.1566 0.458
f 898/898/898 899/899/899 900/900/900
v 0.0123 -0.0004 0.0008
v 0.0011 0 -0.0031
v 0.0011 0 -0.0031
vn 0.3289 -0.0003 -0.9444
vn 0.3289 -0.0006 -0.9444
vn 0.3289 0 -0.9444
vt 0.1566 0.542
vt 0.2534 0.542
vt 0.2534 0.542
f 901/901/901 902/902/902 903/903/903
v 0.0011 0 -0.0031
v 0.0123 0.0004 0.0008
v 0.0123 -0.0004 0.0008
vn 0.3289 0 -0.9444
vn 0.3289 0.0003 -0.9444
vn 0.3289 -0.0003 -0.9444
vt 0.2534 0.542
vt 0.1566 0.542
vt 0.1566 0.542
f 904/904/904 905/905/905 906/906/906
v 0.0011 0 -0.0031
v -0.0011 0 0.0031
v -0.0011 0 0.0031
vn 1 0 -0
vn 1 0 -0
vn 1 0 -0
vt 0.2534 0.542
vt 0.2534 0.458
vt 0.2534 0.458
f 907/907/907 908/908/908 909/909/909
v -0.0011 0 0.0031
v 0.0011 0 -0.0031
v 0.0011 0 -0.0031
vn 1 0 -0
vn 1 0 -0
vn 1 0 -0
vt 0.2534 0.458
vt 0.2534 0.542
vt 0.2534 0.542
f 910/910/910 911/911/911 912/912/912
v -0.0011 0 0.0031
v 0.01 -0.0012 0.007
v 0.0101 -0.0004 0.007
vn -0.329 -0.0005 0.9443
vn -0.3289 -0.0001 0.9443
vn -0.329 -0.0003 0.9443
vt 0.2534 0.458
vt 0.1573 0.458
vt 0.1566 0.458
f 913/913/913 914/914/914 915/915/915
v 0.0101 -0.0004 0.007
v -0.0011 0 0.0031
v -0.0011 0 0.0031
vn -0.329 -0.0003 0.9443
vn -0.329 0 0.9443
vn -0.329 -0.0005 0.9443
vt 0.1566 0.458
vt 0.2534 0.458
vt 0.2534 0.458
f 916/916/916 917/917/917 918/918/918
v 0.01 -0.0012 0.007
v 0.0122 -0.0012 0.0008
v 0.0123 -0.0004 0.0008
vn 0.9338 -0.1491 0.3252
vn 0.9338 -0.1491 0.3252
vn 0.9432 -0.0502 0.3285
vt 0.1573 0.458
vt 0.1573 0.542
vt 0.1566 0.542
f 919/919/919 920/920/920 921/921/921
v 0.0123 -0.0004 0.0008
v 0.0101 -0.0004 0.007
v 0.01 -0.0012 0.007
vn 0.9432 -0.0502 0.3285
vn 0.9432 -0.0504 0.3285
vn 0.9338 -0.1491 0.3252
vt 0.1566 0.542
vt 0.1566 0.458
vt 0.1573 0.458
f 922/922/922 923/923/923 924/924/924
v 0.0122 -0.0012 0.0008
v 0.0011 0 -0.0031
v 0.0011 0 -0.0031
vn 0.329 0.0001 -0.9443
vn 0.329 0.0007 -0.9443
vn 0.3289 -0.0006 -0.9444
vt 0.1573 0.542
vt 0.2534 0.542
vt 0.2534 0.542
f 925/925/925 926/926/926 927/927/927
v 0.0011 0 -0.0031
v 0.0123 -0.0004 0.0008
v 0.0122 -0.0012 0.0008
vn 0.3289 -0.0006 -0.9444
vn 0.3289 -0.0003 -0.9444
vn 0.329 0.0001 -0.9443
vt 0.2534 0.542
vt 0.1566 0.542
vt 0.1573 0.542
f 928/928/928 929/929/929 930/930/930
v 0.0011 0 -0.0031
v -0.0011 0 0.0031
v -0.0011 0 0.0031
vn 1 0 -0
vn 1 0 -0
vn 1 0 -0
vt 0.2534 0.542
vt 0.2534 0.458
vt 0.2534 0.458
f 931/931/931 932/932/932 933/933/933
v -0.0011 0 0.0031
v 0.0011 0 -0.0031
v 0.0011 0 -0.0031
vn 1 0 -0
vn 1 0 -0
vn 1 0 -0
vt 0.2534 0.458
vt 0.2534 0.542
vt 0.2534 0.542
f 934/934/934 935/935/935 936/936/936
v -0.0011 0 0.0031
v 0.0099 -0.0021 0.0069
v 0.01 -0.0012 0.007
vn -0.3289 0.0004 0.9444
vn -0.329 -0.0001 0.9443
vn -0.3289 -0.0001 0.9443
vt 0.2534 0.458
vt 0.1587 0.458
vt 0.1573 0.458
f 937/937/937 938/938/938 939/939/939
v 0.01 -0.0012 0.007
v -0.0011 0 0.0031
v -0.0011 0 0.0031
vn -0.3289 -0.0001 0.9443
vn -0.329 -0.0005 0.9443
vn -0.3289 0.0004 0.9444
vt 0.1573 0.458
vt 0.2534 0.458
vt 0.2534 0.458
f 940/940/940 941/941/941 942/942/942
v 0.0099 -0.0021 0.0069
v 0.012 -0.0021 0.0007
v 0.0122 -0.0012 0.0008
vn 0.9153 -0.246 0.3188
vn 0.9153 -0.246 0.3188
vn 0.9338 -0.1491 0.3252
vt 0.1587 0.458
vt 0.1587 0.542
vt 0.1573 0.542
f 943/943/943 944/944/944 945/945/945
v 0.0122 -0.0012 0.0008
v 0.01 -0.0012 0.007
v 0.0099 -0.0021 0.0069
vn 0.9338 -0.1491 0.3252
vn 0.9338 -0.1491 0.3252
vn 0.9153 -0.246 0.3188
vt 0.1573 0.542
vt 0.1573 0.458
vt 0.1587 0.458
f 946/946/946 947/947/947 948/948/948
v 0.012 -0.0021 0.0007
v 0.0011 0 -0.0031
v 0.0011 0 -0.0031
vn 0.3289 0.0001 -0.9444
vn 0.3288 -0.0006 -0.9444
vn 0.329 0.0007 -0.9443
vt 0.1587 0.542
vt 0.2534 0.542
vt 0.2534 0.542
f 949/949/949 950/950/950 951/951/951
v 0.0011 0 -0.0031
v 0.0122 -0.0012 0.0008
v 0.012 -0.0021 0.0007
vn 0.329 0.0007 -0.9443
vn 0.329 0.0001 -0.9443
vn 0.3289 0.0001 -0.9444
vt 0.2534 0.542
vt 0.1573 0.542
vt 0.1587 0.542
f 952/952/952 953/953/953 954/954/954
v 0.0011 0 -0.0031
v -0.0011 0 0.0031
v -0.0011 0 0.0031
vn 1 0 -0
vn 1 0 -0
vn 1 0 -0
vt 0.2534 0.542
vt 0.2534 0.458
vt 0.2534 0.458
f 955/955/955 956/956/956 957/957/957
v -0.0011 0 0.0031
v 0.0011 0 -0.0031
v 0.0011 0 -0.0031
vn 1 0 -0
vn 1 0 -0
vn 1 0 -0
vt 0.2534 0.458
vt 0.2534 0.542
vt 0.2534 0.542
f 958/958/958 959/959/959 960/960/960
v -0.0011 0 0.0031
v 0.0096 -0.0029 0.0069
v 0.0099 -0.0021 0.0069
vn -0.3291 -0.0005 0.9443
vn -0.329 -0.0001 0.9443
vn -0.329 -0.0001 0.9443
vt 0.2534 0.458
vt 0.1607 0.458
vt 0.1587 0.458
f 961/961/961 962/962/962 963/963/963
v 0.0099 -0.0021 0.0069
v -0.0011 0 0.0031
v -0.0011 0 0.0031
vn -0.329 -0.0001 0.9443
vn -0.3289 0.0004 0.9444
vn -0.3291 -0.0005 0.9443
vt 0.1587 0.458
vt 0.2534 0.458
vt 0.2534 0.458
f 964/964/964 965/965/965 966/966/966
v 0.0096 -0.0029 0.0069
v 0.0118 -0.0029 0.0006
v 0.012 -0.0021 0.0007
vn 0.8884 -0.339 0.3095
vn 0.8884 -0.339 0.3095
vn 0.9153 -0.246 0.3188
vt 0.1607 0.458
vt 0.1607 0.542
vt 0.1587 0.542
f 967/967/967 968/968/968 969/969/969
v 0.012 -0.0021 0.0007
v 0.0099 -0.0021 0.0069
v 0.0096 -0.0029 0.0069
vn 0.9153 -0.246 0.3188
vn 0.9153 -0.246 0.3188
vn 0.8884 -0.339 0.3095
vt 0.1587 0.542
vt 0.1587 0.458
vt 0.1607 0.458
f 970/970/970 971/971/971 972/972/972
v 0.0118 -0.0029 0.0006
v 0.0011 0 -0.0031
v 0.0011 0 -0.0031
vn 0.329 0.0001 -0.9443
vn 0.3291 0.0008 -0.9443
vn 0.3288 -0.0006 -0.9444
vt 0.1607 0.542
vt 0.2534 0.542
vt 0.2534 0.542
f 973/973/973 974/974/974 975/975/975
v 0.0011 0 -0.0031
v 0.012 -0.0021 0.0007
v 0.0118 -0.0029 0.0006
vn 0.3288 -0.0006 -0.9444
vn 0.3289 0.0001 -0.9444
vn 0.329 0.0001 -0.9443
vt 0.2534 0.542
vt 0.1587 0.542
vt 0.1607 0.542
f 976/976/976 977/977/977 978/978/978
v 0.0011 0 -0.0031
v -0.0011 0 0.0031
v -0.0011 0 0.0031
vn 1 0 -0
vn 1 0 -0
vn 1 0 -0
vt 0.2534 0.542
vt 0.2534 0.458
vt 0.2534 0.458
f 979/979/979 980/980/980 981/981/981
v -0.0011 0 0.0031
v 0.0011 0 -0.0031
v 0.0011 0 -0.0031
vn 1 0 -0
vn 1 0 -0
vn 1 0 -0
vt 0.2534 0.458
vt 0.2534 0.542
vt 0.2534 0.542
f 982/982/982 983/983/983 984/984/984
v -0.0011 0 0.0031
v 0.0093 -0.0037 0.0068
v 0.0096 -0.0029 0.0069
vn -0.3289 0.0003 0.9444
vn -0.3289 0.0002 0.9444
vn -0.329 -0.0001 0.9443
vt 0.2534 0.458
vt 0.1633 0.458
vt 0.1607 0.458
f 985/985/985 986/986/986 987/987/987
v 0.0096 -0.0029 0.0069
v -0.0011 0 0.0031
v -0.0011 0 0.0031
vn -0.329 -0.0001 0.9443
vn -0.3291 -0.0005 0.9443
vn -0.3289 0.0003 0.9444
vt 0.1607 0.458
vt 0.2534 0.458
vt 0.2534 0.458
f 988/988/988 989/989/989 990/990/990
v 0.0093 -0.0037 0.0068
v 0.0115 -0.0037 0.0005
v 0.0118 -0.0029 0.0006
vn 0.8539 -0.427 0.2974
vn 0.8539 -0.4272 0.2974
vn 0.8884 -0.339 0.3095
vt 0.1633 0.458
vt 0.1633 0.542
vt 0.1607 0.542
f 991/991/991 992/992/992 993/993/993
v 0.0118 -0.0029 0.0006
v 0.0096 -0.0029 0.0069
v 0.0093 -0.0037 0.0068
vn 0.8884 -0.339 0.3095
vn 0.8884 -0.339 0.3095
vn 0.8539 -0.427 0.2974
vt 0.1607 0.542
vt 0.1607 0.458
vt 0.1633 0.458
f 994/994/994 995/995/995 996/996/996
v 0.0115 -0.0037 0.0005
v 0.0011 0 -0.0031
v 0.0011 0 -0.0031
vn 0.329 0.0004 -0.9443
vn 0.3289 -0 -0.9444
vn 0.3291 0.0008 -0.9443
vt 0.1633 0.542
vt 0.2534 0.542
vt 0.2534 0.542
f 997/997/997 998/998/998 999/999/999
v 0.0011 0 -0.0031
v 0.0118 -0.0029 0.0006
v 0.0115 -0.0037 0.0005
vn 0.3291 0.0008 -0.9443
vn 0.329 0.0001 -0.9443
vn 0.329 0.0004 -0.9443
vt 0.2534 0.542
vt 0.1607 0.542
vt 0.1633 0.542
f 1000/1000/1000 1001/1001/1001 1002/1002/1002
v 0.0011 0 -0.0031
v -0.0011 0 0.0031
v -0.0011 0 0.0031
vn 1 0 -0
vn 1 0 -0
vn 1 0 -0
vt 0.2534 0.542
vt 0.2534 0.458
vt 0.2534 0.458
f 1003/1003/1003 1004/1004/1004 1005/1005/1005
v -0.0011 0 0.0031
v 0.0011 0 -0.0031
v 0.0011 0 -0.0031
vn 1 0 -0
vn 1 0 -0
vn 1 0 -0
vt 0.2534 0.458
vt 0.2534 0.542
vt 0.2534 0.542
f 1006/1006/1006 1007/1007/1007 1008/1008/1008
v -0.0011 0 0.0031
v 0.009 -0.0044 0.0066
v 0.0093 -0.0037 0.0068
vn -0.3289 0.0001 0.9444
vn -0.329 -0.0002 0.9443
vn -0.3289 0.0002 0.9444
vt 0.2534 0.458
vt 0.1666 0.458
vt 0.1633 0.458
f 1009/1009/1009 1010/1010/1010 1011/1011/1011
v 0.0093 -0.0037 0.0068
v -0.0011 0 0.0031
v -0.0011 0 0.0031
vn -0.3289 0.0002 0.9444
vn -0.3289 0.0003 0.9444
vn -0.3289 0.0001 0.9444
vt 0.1633 0.458
vt 0.2534 0.458
vt 0.2534 0.458
f 1012/1012/1012 1013/1013/1013 1014/1014/1014
v 0.009 -0.0044 0.0066
v 0.0111 -0.0044 0.0004
v 0.0115 -0.0037 0.0005
vn 0.8124 -0.5099 0.2829
vn 0.8124 -0.5098 0.283
vn 0.8539 -0.4272 0.2974
vt 0.1666 0.458
vt 0.1666 0.542
vt 0.1633 0.542
f 1015/1015/1015 1016/1016/1016 1017/1017/1017
v 0.0115 -0.0037 0.0005
v 0.0093 -0.0037 0.0068
v 0.009 -0.0044 0.0066
vn 0.8539 -0.4272 0.2974
vn 0.8539 -0.427 0.2974
vn 0.8124 -0.5099 0.2829
vt 0.1633 0.542
vt 0.1633 0.458
vt 0.1666 0.458
f 1018/1018/1018 1019/1019/1019 1020/1020/1020
v 0.0111 -0.0044 0.0004
v 0.0011 0 -0.0031
v 0.0011 0 -0.0031
vn 0.3288 -0.0002 -0.9444
vn 0.3287 -0.0004 -0.9444
vn 0.3289 -0 -0.9444
vt 0.1666 0.542
vt 0.2534 0.542
vt 0.2534 0.542
f 1021/1021/1021 1022/1022/1022 1023/1023/1023
v 0.0011 0 -0.0031
v 0.0115 -0.0037 0.0005
v 0.0111 -0.0044 0.0004
vn 0.3289 -0 -0.9444
vn 0.329 0.0004 -0.9443
vn 0.3288 -0.0002 -0.9444
vt 0.2534 0.542
vt 0.1633 0.542
vt 0.1666 0.542
f 1024/1024/1024 1025/1025/1025 1026/1026/1026
v 0.0011 0 -0.0031
v -0.0011 0 0.0031
v -0.0011 0 0.0031
vn 1 0 -0
vn 1 0 -0
vn 1 0 -0
vt 0.2534 0.542
vt 0.2534 0.458
vt 0.2534 0.458
f 1027/1027/1027 1028/1028/1028 1029/1029/1029
v -0.0011 0 0.0031
v 0.0011 0 -0.0031
v 0.0011 0 -0.0031
vn 1 0 -0
vn 1 0 -0
vn 1 0 -0
vt 0.2534 0.458
vt 0.2534 0.542
vt 0.2534 0.542
f 1030/1030/1030 1031/1031/1031 1032/1032/1032
v -0.0011 0 0.0031
v 0.0085 -0.0051 0.0065
v 0.009 -0.0044 0.0066
vn -0.3292 -0.0006 0.9443
vn -0.329 -0.0003 0.9443
vn -0.329 -0.0002 0.9443
vt 0.2534 0.458
vt 0.1706 0.458
vt 0.1666 0.458
f 1033/1033/1033 1034/1034/1034 1035/1035/1035
v 0.009 -0.0044 0.0066
v -0.0011 0 0.0031
v -0.0011 0 0.0031
vn -0.329 -0.0002 0.9443
vn -0.3289 0.0001 0.9444
vn -0.3292 -0.0006 0.9443
vt 0.1666 0.458
vt 0.2534 0.458
vt 0.2534 0.458
f 1036/1036/1036 1037/1037/1037 1038/1038/1038
v 0.0085 -0.0051 0.0065
v 0.0107 -0.0051 0.0002
v 0.0111 -0.0044 0.0004
vn 0.7651 -0.5861 0.2665
vn 0.7652 -0.586 0.2666
vn 0.8124 -0.5098 0.283
vt 0.1706 0.458
vt 0.1706 0.542
vt 0.1666 0.542
f 1039/1039/1039 1040/1040/1040 1041/1041/1041
v 0.0111 -0.0044 0.0004
v 0.009 -0.0044 0.0066
v 0.0085 -0.0051 0.0065
vn 0.8124 -0.5098 0.283
vn 0.8124 -0.5099 0.2829
vn 0.7651 -0.5861 0.2665
vt 0.1666 0.542
vt 0.1666 0.458
vt 0.1706 0.458
f 1042/1042/1042 1043/1043/1043 1044/1044/1044
v 0.0107 -0.0051 0.0002
v 0.0011 0 -0.0031
v 0.0011 0 -0.0031
vn 0.3288 -0.0003 -0.9444
vn 0.3289 -0.0001 -0.9444
vn 0.3287 -0.0004 -0.9444
vt 0.1706 0.542
vt 0.2534 0.542
vt 0.2534 0.542
f 1045/1045/1045 1046/1046/1046 1047/1047/1047
v 0.0011 0 -0.0031
v 0.0111 -0.0044 0.0004
v 0.0107 -0.0051 0.0002
vn 0.3287 -0.0004 -0.9444
vn 0.3288 -0.0002 -0.9444
vn 0.3288 -0.0003 -0.9444
vt 0.2534 0.542
vt 0.1666 0.542
vt 0.1706 0.542
f 1048/1048/1048 1049/1049/1049 1050/1050/1050
v 0.0011 0 -0.0031
v -0.0011 0 0.0031
v -0.0011 0 0.0031
vn 1 0 -0
vn 1 0 -0
vn 1 0 -0
vt 0.2534 0.542
vt 0.2534 0.458
vt 0.2534 0.458
f 1051/1051/1051 1052/1052/1052 1053/1053/1053
v -0.0011 0 0.0031
v 0.0011 0 -0.0031
v 0.0011 0 -0.0031
vn 1 0 -0
vn 1 0 -0
vn 1 0 -0
vt 0.2534 0.458
vt 0.2534 0.542
vt 0.2534 0.542
f 1054/1054/1054 1055/1055/1055 1056/1056/1056
v -0.0011 0 0.0031
v 0.008 -0.0058 0.0063
v 0.0085 -0.0051 0.0065
vn -0.3289 0.0001 0.9444
vn -0.3289 0.0001 0.9444
vn -0.329 -0.0003 0.9443
vt 0.2534 0.458
vt 0.175 0.458
vt 0.1706 0.458
f 1057/1057/1057 1058/1058/1058 1059/1059/1059
v 0.0085 -0.0051 0.0065
v -0.0011 0 0.0031
v -0.0011 0 0.0031
vn -0.329 -0.0003 0.9443
vn -0.3292 -0.0006 0.9443
vn -0.3289 0.0001 0.9444
vt 0.1706 0.458
vt 0.2534 0.458
vt 0.2534 0.458
f 1060/1060/1060 1061/1061/1061 1062/1062/1062
v 0.008 -0.0058 0.0063
v 0.0102 -0.0058 0
v 0.0107 -0.0051 0.0002
vn 0.713 -0.6557 0.2484
vn 0.713 -0.6557 0.2484
vn 0.7652 -0.586 0.2666
vt 0.175 0.458
vt 0.175 0.542
vt 0.1706 0.542
f 1063/1063/1063 1064/1064/1064 1065/1065/1065
v 0.0107 -0.0051 0.0002
v 0.0085 -0.0051 0.0065
v 0.008 -0.0058 0.0063
vn 0.7652 -0.586 0.2666
vn 0.7651 -0.5861 0.2665
vn 0.713 -0.6557 0.2484
vt 0.1706 0.542
vt 0.1706 0.458
vt 0.175 0.458
f 1066/1066/1066 1067/1067/1067 1068/1068/1068
v 0.0102 -0.0058 0
v 0.0011 0 -0.0031
v 0.0011 0 -0.0031
vn 0.3289 -0.0001 -0.9444
vn 0.3289 -0.0001 -0.9444
vn 0.3289 -0.0001 -0.9444
vt 0.175 0.542
vt 0.2534 0.542
vt 0.2534 0.542
f 1069/1069/1069 1070/1070/1070 1071/1071/1071
v 0.0011 0 -0.0031
v 0.0107 -0.0051 0.0002
v 0.0102 -0.0058 0
vn 0.3289 -0.0001 -0.9444
vn 0.3288 -0.0003 -0.9444
vn 0.3289 -0.0001 -0.9444
vt 0.2534 0.542
vt 0.1706 0.542
vt 0.175 0.542
f 1072/1072/1072 1073/1073/1073 1074/1074/1074
v 0.0011 0 -0.0031
v -0.0011 0 0.0031
v -0.0011 0 0.0031
vn 1 0 -0
vn 1 0 -0
vn 1 0 -0
vt 0.2534 0.542
vt 0.2534 0.458
vt 0.2534 0.458
f 1075/1075/1075 1076/1076/1076 1077/1077/1077
v -0.0011 0 0.0031
v 0.0011 0 -0.0031
v 0.0011 0 -0.0031
vn 1 0 -0
vn 1 0 -0
vn 1 0 -0
vt 0.2534 0.458
vt 0.2534 0.542
vt 0.2534 0.542
f 1078/1078/1078 1079/1079/1079 1080/1080/1080
v -0.0011 0 0.0031
v 0.0074 -0.0065 0.0061
v 0.008 -0.0058 0.0063
vn -0.3289 0.0001 0.9444
vn -0.3287 0.0003 0.9444
vn -0.3289 0.0001 0.9444
vt 0.2534 0.458
vt 0.1801 0.458
vt 0.175 0.458
f 1081/1081/1081 1082/1082/1082 1083/1083/1083
v 0.008 -0.0058 0.0063
v -0.0011 0 0.0031
v -0.0011 0 0.0031
vn -0.3289 0.0001 0.9444
vn -0.3289 0.0001 0.9444
vn -0.3289 0.0001 0.9444
vt 0.175 0.458
vt 0.2534 0.458
vt 0.2534 0.458
f 1084/1084/1084 1085/1085/1085 1086/1086/1086
v 0.0074 -0.0065 0.0061
v 0.0096 -0.0065 -0.0002
v 0.0102 -0.0058 0
vn 0.6577 -0.7176 0.2291
vn 0.6576 -0.7177 0.2291
vn 0.713 -0.6557 0.2484
vt 0.1801 0.458
vt 0.1801 0.542
vt 0.175 0.542
f 1087/1087/1087 1088/1088/1088 1089/1089/1089
v 0.0102 -0.0058 0
v 0.008 -0.0058 0.0063
v 0.0074 -0.0065 0.0061
vn 0.713 -0.6557 0.2484
vn 0.713 -0.6557 0.2484
vn 0.6577 -0.7176 0.2291
vt 0.175 0.542
vt 0.175 0.458
vt 0.1801 0.458
f 1090/1090/1090 1091/1091/1091 1092/1092/1092
v 0.0096 -0.0065 -0.0002
v 0.0011 0 -0.0031
v 0.0011 0 -0.0031
vn 0.329 0.0001 -0.9443
vn 0.3292 0.0003 -0.9443
vn 0.3289 -0.0001 -0.9444
vt 0.1801 0.542
vt 0.2534 0.542
vt 0.2534 0.542
f 1093/1093/1093 1094/1094/1094 1095/1095/1095
v 0.0011 0 -0.0031
v 0.0102 -0.0058 0
v 0.0096 -0.0065 -0.0002
vn 0.3289 -0.0001 -0.9444
vn 0.3289 -0.0001 -0.9444
vn 0.329 0.0001 -0.9443
vt 0.2534 0.542
vt 0.175 0.542
vt 0.1801 0.542
f 1096/1096/1096 1097/1097/1097 1098/1098/1098
v 0.0011 0 -0.0031
v -0.0011 0 0.0031
v -0.0011 0 0.0031
vn 1 0 -0
vn 1 0 -0
vn 1 0 -0
vt 0.2534 0.542
vt 0.2534 0.458
vt 0.2534 0.458
f 1099/1099/1099 1100/1100/1100 1101/1101/1101
v -0.0011 0 0.0031
v 0.0011 0 -0.0031
v 0.0011 0 -0.0031
vn 1 0 -0
vn 1 0 -0
vn 1 0 -0
vt 0.2534 0.458
vt 0.2534 0.542
vt 0.2534 0.542
f 1102/1102/1102 1103/1103/1103 1104/1104/1104
v -0.0011 0 0.0031
v 0.0068 -0.0071 0.0059
v 0.0074 -0.0065 0.0061
vn -0.3286 0.0005 0.9445
vn -0.3287 0.0004 0.9444
vn -0.3287 0.0003 0.9444
vt 0.2534 0.458
vt 0.1856 0.458
vt 0.1801 0.458
f 1105/1105/1105 1106/1106/1106 1107/1107/1107
v 0.0074 -0.0065 0.0061
v -0.0011 0 0.0031
v -0.0011 0 0.0031
vn -0.3287 0.0003 0.9444
vn -0.3289 0.0001 0.9444
vn -0.3286 0.0005 0.9445
vt 0.1801 0.458
vt 0.2534 0.458
vt 0.2534 0.458
f 1108/1108/1108 1109/1109/1109 1110/1110/1110
v 0.0068 -0.0071 0.0059
v 0.0089 -0.0071 -0.0004
v 0.0096 -0.0065 -0.0002
vn 0.5992 -0.7729 0.2087
vn 0.5991 -0.773 0.2087
vn 0.6576 -0.7177 0.2291
vt 0.1856 0.458
vt 0.1856 0.542
vt 0.1801 0.542
f 1111/1111/1111 1112/1112/1112 1113/1113/1113
v 0.0096 -0.0065 -0.0002
v 0.0074 -0.0065 0.0061
v 0.0068 -0.0071 0.0059
vn 0.6576 -0.7177 0.2291
vn 0.6577 -0.7176 0.2291
vn 0.5992 -0.7729 0.2087
vt 0.1801 0.542
vt 0.1801 0.458
vt 0.1856 0.458
f 1114/1114/1114 1115/1115/1115 1116/1116/1116
v 0.0089 -0.0071 -0.0004
v 0.0011 0 -0.0031
v 0.0011 0 -0.0031
vn 0.329 0.0001 -0.9443
vn 0.3288 -0.0001 -0.9444
vn 0.3292 0.0003 -0.9443
vt 0.1856 0.542
vt 0.2534 0.542
vt 0.2534 0.542
f 1117/1117/1117 1118/1118/1118 1119/1119/1119
v 0.0011 0 -0.0031
v 0.0096 -0.0065 -0.0002
v 0.0089 -0.0071 -0.0004
vn 0.3292 0.0003 -0.9443
vn 0.329 0.0001 -0.9443
vn 0.329 0.0001 -0.9443
vt 0.2534 0.542
vt 0.1801 0.542
vt 0.1856 0.542
f 1120/1120/1120 1121/1121/1121 1122/1122/1122
v 0.0011 0 -0.0031
v -0.0011 0 0.0031
v -0.0011 0 0.0031
vn 1 0 -0
vn 1 0 -0
vn 1 0 -0
vt 0.2534 0.542
vt 0.2534 0.458
vt 0.2534 0.458
f 1123/1123/1123 1124/1124/1124 1125/1125/1125
v -0.0011 0 0.0031
v 0.0011 0 -0.0031
v 0.0011 0 -0.0031
vn 1 0 -0
vn 1 0 -0
vn 1 0 -0
vt 0.2534 0.458
vt 0.2534 0.542
vt 0.2534 0.542
f 1126/1126/1126 1127/1127/1127 1128/1128/1128
v -0.0011 0 0.0031
v 0.0061 -0.0077 0.0056
v 0.0068 -0.0071 0.0059
vn -0.3289 0.0001 0.9444
vn -0.3292 -0.0002 0.9443
vn -0.3287 0.0004 0.9444
vt 0.2534 0.458
vt 0.1917 0.458
vt 0.1856 0.458
f 1129/1129/1129 1130/1130/1130 1131/1131/1131
v 0.0068 -0.0071 0.0059
v -0.0011 0 0.0031
v -0.0011 0 0.0031
vn -0.3287 0.0004 0.9444
vn -0.3286 0.0005 0.9445
vn -0.3289 0.0001 0.9444
vt 0.1856 0.458
vt 0.2534 0.458
vt 0.2534 0.458
f 1132/1132/1132 1133/1133/1133 1134/1134/1134
v 0.0061 -0.0077 0.0056
v 0.0082 -0.0077 -0.0006
v 0.0089 -0.0071 -0.0004
vn 0.5379 -0.8219 0.1873
vn 0.538 -0.8219 0.1874
vn 0.5991 -0.773 0.2087
vt 0.1917 0.458
vt 0.1917 0.542
vt 0.1856 0.542
f 1135/1135/1135 1136/1136/1136 1137/1137/1137
v 0.0089 -0.0071 -0.0004
v 0.0068 -0.0071 0.0059
v 0.0061 -0.0077 0.0056
vn 0.5991 -0.773 0.2087
vn 0.5992 -0.7729 0.2087
vn 0.5379 -0.8219 0.1873
vt 0.1856 0.542
vt 0.1856 0.458
vt 0.1917 0.458
f 1138/1138/1138 1139/1139/1139 1140/1140/1140
v 0.0082 -0.0077 -0.0006
v 0.0011 0 -0.0031
v 0.0011 0 -0.0031
vn 0.3288 -0.0001 -0.9444
vn 0.3288 -0.0001 -0.9444
vn 0.3288 -0.0001 -0.9444
vt 0.1917 0.542
vt 0.2534 0.542
vt 0.2534 0.542
f 1141/1141/1141 1142/1142/1142 1143/1143/1143
v 0.0011 0 -0.0031
v 0.0089 -0.0071 -0.0004
v 0.0082 -0.0077 -0.0006
vn 0.3288 -0.0001 -0.9444
vn 0.329 0.0001 -0.9443
vn 0.3288 -0.0001 -0.9444
vt 0.2534 0.542
vt 0.1856 0.542
vt 0.1917 0.542
f 1144/1144/1144 1145/1145/1145 1146/1146/1146
v 0.0011 0 -0.0031
v -0.0011 0 0.0031
v -0.0011 0 0.0031
vn 1 0 -0
vn 1 0 -0
vn 1 0 -0
vt 0.2534 0.542
vt 0.2534 0.458
vt 0.2534 0.458
f 1147/1147/1147 1148/1148/1148 1149/1149/1149
v -0.0011 0 0.0031
v 0.0011 0 -0.0031
v 0.0011 0 -0.0031
vn 1 0 -0
vn 1 0 -0
vn 1 0 -0
vt 0.2534 0.458
vt 0.2534 0.542
vt 0.2534 0.542
f 1150/1150/1150 1151/1151/1151 1152/1152/1152
v -0.0011 0 0.0031
v 0.0053 -0.0082 0.0054
v 0.0061 -0.0077 0.0056
vn -0.3295 -0.0005 0.9441
vn -0.3292 -0.0002 0.9443
vn -0.3292 -0.0002 0.9443
vt 0.2534 0.458
vt 0.1981 0.458
vt 0.1917 0.458
f 1153/1153/1153 1154/1154/1154 1155/1155/1155
v 0.0061 -0.0077 0.0056
v -0.0011 0 0.0031
v -0.0011 0 0.0031
vn -0.3292 -0.0002 0.9443
vn -0.3289 0.0001 0.9444
vn -0.3295 -0.0005 0.9441
vt 0.1917 0.458
vt 0.2534 0.458
vt 0.2534 0.458
f 1156/1156/1156 1157/1157/1157 1158/1158/1158
v 0.0053 -0.0082 0.0054
v 0.0075 -0.0082 -0.0009
v 0.0082 -0.0077 -0.0006
vn 0.4748 -0.8644 0.1654
vn 0.4749 -0.8644 0.1654
vn 0.538 -0.8219 0.1874
vt 0.1981 0.458
vt 0.1981 0.542
vt 0.1917 0.542
f 1159/1159/1159 1160/1160/1160 1161/1161/1161
v 0.0082 -0.0077 -0.0006
v 0.0061 -0.0077 0.0056
v 0.0053 -0.0082 0.0054
vn 0.538 -0.8219 0.1874
vn 0.5379 -0.8219 0.1873
vn 0.4748 -0.8644 0.1654
vt 0.1917 0.542
vt 0.1917 0.458
vt 0.1981 0.458
f 1162/1162/1162 1163/1163/1163 1164/1164/1164
v 0.0075 -0.0082 -0.0009
v 0.0011 0 -0.0031
v 0.0011 0 -0.0031
vn 0.3288 -0.0001 -0.9444
vn 0.3288 -0.0002 -0.9444
vn 0.3288 -0.0001 -0.9444
vt 0.1981 0.542
vt 0.2534 0.542
vt 0.2534 0.542
f 1165/1165/1165 1166/1166/1166 1167/1167/1167
v 0.0011 0 -0.0031
v 0.0082 -0.0077 -0.0006
v 0.0075 -0.0082 -0.0009
vn 0.3288 -0.0001 -0.9444
vn 0.3288 -0.0001 -0.9444
vn 0.3288 -0.0001 -0.9444
vt 0.2534 0.542
vt 0.1917 0.542
vt 0.1981 0.542
f 1168/1168/1168 1169/1169/1169 1170/1170/1170
v 0.0011 0 -0.0031
v -0.0011 0 0.0031
v -0.0011 0 0.0031
vn 1 0 -0
vn 1 0 -0
vn 1 0 -0
vt 0.2534 0.542
vt 0.2534 0.458
vt 0.2534 0.458
f 1171/1171/1171 1172/1172/1172 1173/1173/1173
v -0.0011 0 0.0031
v 0.0011 0 -0.0031
v 0.0011 0 -0.0031
vn 1 0 -0
vn 1 0 -0
vn 1 0 -0
vt 0.2534 0.458
vt 0.2534 0.542
vt 0.2534 0.542
f 1174/1174/1174 1175/1175/1175 1176/1176/1176
v -0.0011 0 0.0031
v 0.0045 -0.0086 0.0051
v 0.0053 -0.0082 0.0054
vn -0.3288 0.0001 0.9444
vn -0.3289 0 0.9444
vn -0.3292 -0.0002 0.9443
vt 0.2534 0.458
vt 0.205 0.458
vt 0.1981 0.458
f 1177/1177/1177 1178/1178/1178 1179/1179/1179
v 0.0053 -0.0082 0.0054
v -0.0011 0 0.0031
v -0.0011 0 0.0031
vn -0.3292 -0.0002 0.9443
vn -0.3295 -0.0005 0.9441
vn -0.3288 0.0001 0.9444
vt 0.1981 0.458
vt 0.2534 0.458
vt 0.2534 0.458
f 1180/1180/1180 1181/1181/1181 1182/1182/1182
v 0.0045 -0.0086 0.0051
v 0.0067 -0.0086 -0.0012
v 0.0075 -0.0082 -0.0009
vn 0.4109 -0.9004 0.1431
vn 0.4109 -0.9004 0.1431
vn 0.4749 -0.8644 0.1654
vt 0.205 0.458
vt 0.205 0.542
vt 0.1981 0.542
f 1183/1183/1183 1184/1184/1184 1185/1185/1185
v 0.0075 -0.0082 -0.0009
v 0.0053 -0.0082 0.0054
v 0.0045 -0.0086 0.0051
vn 0.4749 -0.8644 0.1654
vn 0.4748 -0.8644 0.1654
vn 0.4109 -0.9004 0.1431
vt 0.1981 0.542
vt 0.1981 0.458
vt 0.205 0.458
f 1186/1186/1186 1187/1187/1187 1188/1188/1188
v 0.0067 -0.0086 -0.0012
v 0.0011 0 -0.0031
v 0.0011 0 -0.0031
vn 0.3289 -0 -0.9444
vn 0.3291 0.0001 -0.9443
vn 0.3288 -0.0002 -0.9444
vt 0.205 0.542
vt 0.2534 0.542
vt 0.2534 0.542
f 1189/1189/1189 1190/1190/1190 1191/1191/1191
v 0.0011 0 -0.0031
v 0.0075 -0.0082 -0.0009
v 0.0067 -0.0086 -0.0012
vn 0.3288 -0.0002 -0.9444
vn 0.3288 -0.0001 -0.9444
vn 0.3289 -0 -0.9444
vt 0.2534 0.542
vt 0.1981 0.542
vt 0.205 0.542
f 1192/1192/1192 1193/1193/1193 1194/1194/1194
v 0.0011 0 -0.0031
v -0.0011 0 0.0031
v -0.0011 0 0.0031
vn 1 0 -0
vn 1 0 -0
vn 1 0 -0
vt 0.2534 0.542
vt 0.2534 0.458
vt 0.2534 0.458
f 1195/1195/1195 1196/1196/1196 1197/1197/1197
v -0.0011 0 0.0031
v 0.0011 0 -0.0031
v 0.0011 0 -0.0031
vn 1 0 -0
vn 1 0 -0
vn 1 0 -0
vt 0.2534 0.458
vt 0.2534 0.542
vt 0.2534 0.542
f 1198/1198/1198 1199/1199/1199 1200/1200/1200
v -0.0011 0 0.0031
v 0.0037 -0.009 0.0048
v 0.0045 -0.0086 0.0051
vn -0.3291 -0.0001 0.9443
vn -0.3289 -0 0.9444
vn -0.3289 0 0.9444
vt 0.2534 0.458
vt 0.2122 0.458
vt 0.205 0.458
f 1201/1201/1201 1202/1202/1202 1203/1203/1203
v 0.0045 -0.0086 0.0051
v -0.0011 0 0.0031
v -0.0011 0 0.0031
vn -0.3289 0 0.9444
vn -0.3288 0.0001 0.9444
vn -0.3291 -0.0001 0.9443
vt 0.205 0.458
vt 0.2534 0.458
vt 0.2534 0.458
f 1204/1204/1204 1205/1205/1205 1206/1206/1206
v 0.0037 -0.009 0.0048
v 0.0059 -0.009 -0.0015
v 0.0067 -0.0086 -0.0012
vn 0.3463 -0.9303 0.1206
vn 0.3463 -0.9303 0.1206
vn 0.4109 -0.9004 0.1431
vt 0.2122 0.458
vt 0.2122 0.542
vt 0.205 0.542
f 1207/1207/1207 1208/1208/1208 1209/1209/1209
v 0.0067 -0.0086 -0.0012
v 0.0045 -0.0086 0.0051
v 0.0037 -0.009 0.0048
vn 0.4109 -0.9004 0.1431
vn 0.4109 -0.9004 0.1431
vn 0.3463 -0.9303 0.1206
vt 0.205 0.542
vt 0.205 0.458
vt 0.2122 0.458
f 1210/1210/1210 1211/1211/1211 1212/1212/1212
v 0.0059 -0.009 -0.0015
v 0.0011 0 -0.0031
v 0.0011 0 -0.0031
vn 0.3293 0.0002 -0.9442
vn 0.3295 0.0003 -0.9442
vn 0.3291 0.0001 -0.9443
vt 0.2122 0.542
vt 0.2534 0.542
vt 0.2534 0.542
f 1213/1213/1213 1214/1214/1214 1215/1215/1215
v 0.0011 0 -0.0031
v 0.0067 -0.0086 -0.0012
v 0.0059 -0.009 -0.0015
vn 0.3291 0.0001 -0.9443
vn 0.3289 -0 -0.9444
vn 0.3293 0.0002 -0.9442
vt 0.2534 0.542
vt 0.205 0.542
vt 0.2122 0.542
f 1216/1216/1216 1217/1217/1217 1218/1218/1218
v 0.0011 0 -0.0031
v -0.0011 0 0.0031
v -0.0011 0 0.0031
vn 1 0 -0
vn 1 0 -0
vn 1 0 -0
vt 0.2534 0.542
vt 0.2534 0.458
vt 0.2534 0.458
f 1219/1219/1219 1220/1220/1220 1221/1221/1221
v -0.0011 0 0.0031
v 0.0011 0 -0.0031
v 0.0011 0 -0.0031
vn 1 0 -0
vn 1 0 -0
vn 1 0 -0
vt 0.2534 0.458
vt 0.2534 0.542
vt 0.2534 0.542
f 1222/1222/1222 1223/1223/1223 1224/1224/1224
v -0.0011 0 0.0031
v 0.0028 -0.0093 0.0045
v 0.0037 -0.009 0.0048
vn -0.3287 0.0001 0.9444
vn -0.3288 0.0001 0.9444
vn -0.3289 -0 0.9444
vt 0.2534 0.458
vt 0.2196 0.458
vt 0.2122 0.458
f 1225/1225/1225 1226/1226/1226 1227/1227/1227
v 0.0037 -0.009 0.0048
v -0.0011 0 0.0031
v -0.0011 0 0.0031
vn -0.3289 -0 0.9444
vn -0.3291 -0.0001 0.9443
vn -0.3287 0.0001 0.9444
vt 0.2122 0.458
vt 0.2534 0.458
vt 0.2534 0.458
f 1228/1228/1228 1229/1229/1229 1230/1230/1230
v 0.0028 -0.0093 0.0045
v 0.005 -0.0093 -0.0018
v 0.0059 -0.009 -0.0015
vn 0.2806 -0.9548 0.0977
vn 0.2806 -0.9548 0.0977
vn 0.3463 -0.9303 0.1206
vt 0.2196 0.458
vt 0.2196 0.542
vt 0.2122 0.542
f 1231/1231/1231 1232/1232/1232 1233/1233/1233
v 0.0059 -0.009 -0.0015
v 0.0037 -0.009 0.0048
v 0.0028 -0.0093 0.0045
vn 0.3463 -0.9303 0.1206
vn 0.3463 -0.9303 0.1206
vn 0.2806 -0.9548 0.0977
vt 0.2122 0.542
vt 0.2122 0.458
vt 0.2196 0.458
f 1234/1234/1234 1235/1235/1235 1236/1236/1236
v 0.005 -0.0093 -0.0018
v 0.0011 0 -0.0031
v 0.0011 0 -0.0031
vn 0.3292 0.0002 -0.9443
vn 0.3289 0 -0.9444
vn 0.3295 0.0003 -0.9442
vt 0.2196 0.542
vt 0.2534 0.542
vt 0.2534 0.542
f 1237/1237/1237 1238/1238/1238 1239/1239/1239
v 0.0011 0 -0.0031
v 0.0059 -0.009 -0.0015
v 0.005 -0.0093 -0.0018
vn 0.3295 0.0003 -0.9442
vn 0.3293 0.0002 -0.9442
vn 0.3292 0.0002 -0.9443
vt 0.2534 0.542
vt 0.2122 0.542
vt 0.2196 0.542
f 1240/1240/1240 1241/1241/1241 1242/1242/1242
v 0.0011 0 -0.0031
v -0.0011 0 0.0031
v -0.0011 0 0.0031
vn 1 0 -0
vn 1 0 -0
vn 1 0 -0
vt 0.2534 0.542
vt 0.2534 0.458
vt 0.2534 0.458
f 1243/1243/1243 1244/1244/1244 1245/1245/1245
v -0.0011 0 0.0031
v 0.0011 0 -0.0031
v 0.0011 0 -0.0031
vn 1 0 -0
vn 1 0 -0
vn 1 0 -0
vt 0.2534 0.458
vt 0.2534 0.542
vt 0.2534 0.542
f 1246/1246/1246 1247/1247/1247 1248/1248/1248
v -0.0011 0 0.0031
v 0.0019 -0.0096 0.0042
v 0.0028 -0.0093 0.0045
vn -0.3289 0 0.9444
vn -0.3288 0.0001 0.9444
vn -0.3288 0.0001 0.9444
vt 0.2534 0.458
vt 0.2273 0.458
vt 0.2196 0.458
f 1249/1249/1249 1250/1250/1250 1251/1251/1251
v 0.0028 -0.0093 0.0045
v -0.0011 0 0.0031
v -0.0011 0 0.0031
vn -0.3288 0.0001 0.9444
vn -0.3287 0.0001 0.9444
vn -0.3289 0 0.9444
vt 0.2196 0.458
vt 0.2534 0.458
vt 0.2534 0.458
f 1252/1252/1252 1253/1253/1253 1254/1254/1254
v 0.0019 -0.0096 0.0042
v 0.0041 -0.0096 -0.0021
v 0.005 -0.0093 -0.0018
vn 0.2149 -0.9738 0.0749
vn 0.215 -0.9737 0.0749
vn 0.2806 -0.9548 0.0977
vt 0.2273 0.458
vt 0.2273 0.542
vt 0.2196 0.542
f 1255/1255/1255 1256/1256/1256 1257/1257/1257
v 0.005 -0.0093 -0.0018
v 0.0028 -0.0093 0.0045
v 0.0019 -0.0096 0.0042
vn 0.2806 -0.9548 0.0977
vn 0.2806 -0.9548 0.0977
vn 0.2149 -0.9738 0.0749
vt 0.2196 0.542
vt 0.2196 0.458
vt 0.2273 0.458
f 1258/1258/1258 1259/1259/1259 1260/1260/1260
v 0.0041 -0.0096 -0.0021
v 0.0011 0 -0.0031
v 0.0011 0 -0.0031
vn 0.3289 0 -0.9444
vn 0.3289 0 -0.9444
vn 0.3289 0 -0.9444
vt 0.2273 0.542
vt 0.2534 0.542
vt 0.2534 0.542
f 1261/1261/1261 1262/1262/1262 1263/1263/1263
v 0.0011 0 -0.0031
v 0.005 -0.0093 -0.0018
v 0.0041 -0.0096 -0.0021
vn 0.3289 0 -0.9444
vn 0.3292 0.0002 -0.9443
vn 0.3289 0 -0.9444
vt 0.2534 0.542
vt 0.2196 0.542
vt 0.2273 0.542
f 1264/1264/1264 1265/1265/1265 1266/1266/1266
v 0.0011 0 -0.0031
v -0.0011 0 0.0031
v -0.0011 0 0.0031
vn 1 0 -0
vn 1 0 -0
vn 1 0 -0
vt 0.2534 0.542
vt 0.2534 0.458
vt 0.2534 0.458
f 1267/1267/1267 1268/1268/1268 1269/1269/1269
v -0.0011 0 0.0031
v 0.0011 0 -0.0031
v 0.0011 0 -0.0031
vn 1 0 -0
vn 1 0 -0
vn 1 0 -0
vt 0.2534 0.458
vt 0.2534 0.542
vt 0.2534 0.542
f 1270/1270/1270 1271/1271/1271 1272/1272/1272
v -0.0011 0 0.0031
v 0.001 -0.0098 0.0039
v 0.0019 -0.0096 0.0042
vn -0.3286 0.0001 0.9445
vn -0.3291 0 0.9443
vn -0.3288 0.0001 0.9444
vt 0.2534 0.458
vt 0.2352 0.458
vt 0.2273 0.458
f 1273/1273/1273 1274/1274/1274 1275/1275/1275
v 0.0019 -0.0096 0.0042
v -0.0011 0 0.0031
v -0.0011 0 0.0031
vn -0.3288 0.0001 0.9444
vn -0.3289 0 0.9444
vn -0.3286 0.0001 0.9445
vt 0.2273 0.458
vt 0.2534 0.458
vt 0.2534 0.458
f 1276/1276/1276 1277/1277/1277 1278/1278/1278
v 0.001 -0.0098 0.0039
v 0.0032 -0.0098 -0.0024
v 0.0041 -0.0096 -0.0021
vn 0.1492 -0.9874 0.052
vn 0.1493 -0.9874 0.052
vn 0.215 -0.9737 0.0749
vt 0.2352 0.458
vt 0.2352 0.542
vt 0.2273 0.542
f 1279/1279/1279 1280/1280/1280 1281/1281/1281
v 0.0041 -0.0096 -0.0021
v 0.0019 -0.0096 0.0042
v 0.001 -0.0098 0.0039
vn 0.215 -0.9737 0.0749
vn 0.2149 -0.9738 0.0749
vn 0.1492 -0.9874 0.052
vt 0.2273 0.542
vt 0.2273 0.458
vt 0.2352 0.458
f 1282/1282/1282 1283/1283/1283 1284/1284/1284
v 0.0032 -0.0098 -0.0024
v 0.0011 0 -0.0031
v 0.0011 0 -0.0031
vn 0.3287 -0 -0.9444
vn 0.3284 -0.0001 -0.9445
vn 0.3289 0 -0.9444
vt 0.2352 0.542
vt 0.2534 0.542
vt 0.2534 0.542
f 1285/1285/1285 1286/1286/1286 1287/1287/1287
v 0.0011 0 -0.0031
v 0.0041 -0.0096 -0.0021
v 0.0032 -0.0098 -0.0024
vn 0.3289 0 -0.9444
vn 0.3289 0 -0.9444
vn 0.3287 -0 -0.9444
vt 0.2534 0.542
vt 0.2273 0.542
vt 0.2352 0.542
f 1288/1288/1288 1289/1289/1289 1290/1290/1290
v 0.0011 0 -0.0031
v -0.0011 0 0.0031
v -0.0011 0 0.0031
vn 1 0 -0
vn 1 0 -0
vn 1 0 -0
vt 0.2534 0.542
vt 0.2534 0.458
vt 0.2534 0.458
f 1291/1291/1291 1292/1292/1292 1293/1293/1293
v -0.0011 0 0.0031
v 0.0011 0 -0.0031
v 0.0011 0 -0.0031
vn 1 0 -0
vn 1 0 -0
vn 1 0 -0
vt 0.2534 0.458
vt 0.2534 0.542
vt 0.2534 0.542
f 1294/1294/1294 1295/1295/1295 1296/1296/1296
v -0.0011 0 0.0031
v 0.0001 -0.0099 0.0035
v 0.001 -0.0098 0.0039
vn -0.3296 -0.0001 0.9441
vn -0.3291 -0 0.9443
vn -0.3291 0 0.9443
vt 0.2534 0.458
vt 0.2433 0.458
vt 0.2352 0.458
f 1297/1297/1297 1298/1298/1298 1299/1299/1299
v 0.001 -0.0098 0.0039
v -0.0011 0 0.0031
v -0.0011 0 0.0031
vn -0.3291 0 0.9443
vn -0.3286 0.0001 0.9445
vn -0.3296 -0.0001 0.9441
vt 0.2352 0.458
vt 0.2534 0.458
vt 0.2534 0.458
f 1300/1300/1300 1301/1301/1301 1302/1302/1302
v 0.0001 -0.0099 0.0035
v 0.0023 -0.0099 -0.0027
v 0.0032 -0.0098 -0.0024
vn 0.0829 -0.9961 0.0289
vn 0.0829 -0.9961 0.0289
vn 0.1493 -0.9874 0.052
vt 0.2433 0.458
vt 0.2433 0.542
vt 0.2352 0.542
f 1303/1303/1303 1304/1304/1304 1305/1305/1305
v 0.0032 -0.0098 -0.0024
v 0.001 -0.0098 0.0039
v 0.0001 -0.0099 0.0035
vn 0.1493 -0.9874 0.052
vn 0.1492 -0.9874 0.052
vn 0.0829 -0.9961 0.0289
vt 0.2352 0.542
vt 0.2352 0.458
vt 0.2433 0.458
f 1306/1306/1306 1307/1307/1307 1308/1308/1308
v 0.0023 -0.0099 -0.0027
v 0.0011 0 -0.0031
v 0.0011 0 -0.0031
vn 0.3289 -0 -0.9444
vn 0.3295 0.0001 -0.9442
vn 0.3284 -0.0001 -0.9445
vt 0.2433 0.542
vt 0.2534 0.542
vt 0.2534 0.542
f 1309/1309/1309 1310/1310/1310 1311/1311/1311
v 0.0011 0 -0.0031
v 0.0032 -0.0098 -0.0024
v 0.0023 -0.0099 -0.0027
vn 0.3284 -0.0001 -0.9445
vn 0.3287 -0 -0.9444
vn 0.3289 -0 -0.9444
vt 0.2534 0.542
vt 0.2352 0.542
vt 0.2433 0.542
f 1312/1312/1312 1313/1313/1313 1314/1314/1314
v 0.0011 0 -0.0031
v -0.0011 0 0.0031
v -0.0011 0 0.0031
vn 1 0 -0
vn 1 0 -0
vn 1 0 -0
vt 0.2534 0.542
vt 0.2534 0.458
vt 0.2534 0.458
f 1315/1315/1315 1316/1316/1316 1317/1317/1317
v -0.0011 0 0.0031
v 0.0011 0 -0.0031
v 0.0011 0 -0.0031
vn 1 0 -0
vn 1 0 -0
vn 1 0 -0
vt 0.2534 0.458
vt 0.2534 0.542
vt 0.2534 0.542
f 1318/1318/1318 1319/1319/1319 1320/1320/1320
v -0.0011 0 0.0031
v -0.0009 -0.0099 0.0032
v 0.0001 -0.0099 0.0035
vn -0.3286 0 0.9445
vn -0.3289 0 0.9444
vn -0.3291 -0 0.9443
vt 0.2534 0.458
vt 0.2514 0.458
vt 0.2433 0.458
f 1321/1321/1321 1322/1322/1322 1323/1323/1323
v 0.0001 -0.0099 0.0035
v -0.0011 0 0.0031
v -0.0011 0 0.0031
vn -0.3291 -0 0.9443
vn -0.3296 -0.0001 0.9441
vn -0.3286 0 0.9445
vt 0.2433 0.458
vt 0.2534 0.458
vt 0.2534 0.458
f 1324/1324/1324 1325/1325/1325 1326/1326/1326
v -0.0009 -0.0099 0.0032
v 0.0013 -0.0099 -0.003
v 0.0023 -0.0099 -0.0027
vn 0.0162 -0.9999 0.0056
vn 0.0162 -0.9999 0.0056
vn 0.0829 -0.9961 0.0289
vt 0.2514 0.458
vt 0.2514 0.542
vt 0.2433 0.542
f 1327/1327/1327 1328/1328/1328 1329/1329/1329
v 0.0023 -0.0099 -0.0027
v 0.0001 -0.0099 0.0035
v -0.0009 -0.0099 0.0032
vn 0.0829 -0.9961 0.0289
vn 0.0829 -0.9961 0.0289
vn 0.0162 -0.9999 0.0056
vt 0.2433 0.542
vt 0.2433 0.458
vt 0.2514 0.458
f 1330/1330/1330 1331/1331/1331 1332/1332/1332
v 0.0013 -0.0099 -0.003
v 0.0011 0 -0.0031
v 0.0011 0 -0.0031
vn 0.3289 0 -0.9444
vn 0.3283 0 -0.9446
vn 0.3295 0.0001 -0.9442
vt 0.2514 0.542
vt 0.2534 0.542
vt 0.2534 0.542
f 1333/1333/1333 1334/1334/1334 1335/1335/1335
v 0.0011 0 -0.0031
v 0.0023 -0.0099 -0.0027
v 0.0013 -0.0099 -0.003
vn 0.3295 0.0001 -0.9442
vn 0.3289 -0 -0.9444
vn 0.3289 0 -0.9444
vt 0.2534 0.542
vt 0.2433 0.542
vt 0.2514 0.542
f 1336/1336/1336 1337/1337/1337 1338/1338/1338
v 0.0011 0 -0.0031
v -0.0011 0 0.0031
v -0.0011 0 0.0031
vn 1 0 -0
vn 1 0 -0
vn 1 0 -0
vt 0.2534 0.542
vt 0.2534 0.458
vt 0.2534 0.458
f 1339/1339/1339 1340/1340/1340 1341/1341/1341
v -0.0011 0 0.0031
v 0.0011 0 -0.0031
v 0.0011 0 -0.0031
vn 1 0 -0
vn 1 0 -0
vn 1 0 -0
vt 0.2534 0.458
vt 0.2534 0.542
vt 0.2534 0.542
f 1342/1342/1342 1343/1343/1343 1344/1344/1344
v -0.0011 0 0.0031
v -0.0018 -0.0099 0.0029
v -0.0009 -0.0099 0.0032
vn -0.3292 0 0.9443
vn -0.3289 -0 0.9444
vn -0.3289 0 0.9444
vt 0.2534 0.458
vt 0.2595 0.458
vt 0.2514 0.458
f 1345/1345/1345 1346/1346/1346 1347/1347/1347
v -0.0009 -0.0099 0.0032
v -0.0011 0 0.0031
v -0.0011 0 0.0031
vn -0.3289 0 0.9444
vn -0.3286 0 0.9445
vn -0.3292 0 0.9443
vt 0.2514 0.458
vt 0.2534 0.458
vt 0.2534 0.458
f 1348/1348/1348 1349/1349/1349 1350/1350/1350
v -0.0018 -0.0099 0.0029
v 0.0004 -0.0099 -0.0034
v 0.0013 -0.0099 -0.003
vn -0.05 -0.9986 -0.0174
vn -0.05 -0.9986 -0.0174
vn 0.0162 -0.9999 0.0056
vt 0.2595 0.458
vt 0.2595 0.542
vt 0.2514 0.542
f 1351/1351/1351 1352/1352/1352 1353/1353/1353
v 0.0013 -0.0099 -0.003
v -0.0009 -0.0099 0.0032
v -0.0018 -0.0099 0.0029
vn 0.0162 -0.9999 0.0056
vn 0.0162 -0.9999 0.0056
vn -0.05 -0.9986 -0.0174
vt 0.2514 0.542
vt 0.2514 0.458
vt 0.2595 0.458
f 1354/1354/1354 1355/1355/1355 1356/1356/1356
v 0.0004 -0.0099 -0.0034
v 0.0011 0 -0.0031
v 0.0011 0 -0.0031
vn 0.3289 -0 -0.9444
vn 0.3295 -0.0001 -0.9441
vn 0.3283 0 -0.9446
vt 0.2595 0.542
vt 0.2534 0.542
vt 0.2534 0.542
f 1357/1357/1357 1358/1358/1358 1359/1359/1359
v 0.0011 0 -0.0031
v 0.0013 -0.0099 -0.003
v 0.0004 -0.0099 -0.0034
vn 0.3283 0 -0.9446
vn 0.3289 0 -0.9444
vn 0.3289 -0 -0.9444
vt 0.2534 0.542
vt 0.2514 0.542
vt 0.2595 0.542
f 1360/1360/1360 1361/1361/1361 1362/1362/1362
v 0.0011 0 -0.0031
v -0.0011 0 0.0031
v -0.0011 0 0.0031
vn 1 0 -0
vn 1 0 -0
vn 1 0 -0
vt 0.2534 0.542
vt 0.2534 0.458
vt 0.2534 0.458
f 1363/1363/1363 1364/1364/1364 1365/1365/1365
v -0.0011 0 0.0031
v 0.0011 0 -0.0031
v 0.0011 0 -0.0031
vn 1 0 -0
vn 1 0 -0
vn 1 0 -0
vt 0.2534 0.458
vt 0.2534 0.542
vt 0.2534 0.542
f 1366/1366/1366 1367/1367/1367 1368/1368/1368
v -0.0011 0 0.0031
v -0.0027 -0.0098 0.0026
v -0.0018 -0.0099 0.0029
vn -0.3286 -0 0.9445
vn -0.3287 -0 0.9444
vn -0.3289 -0 0.9444
vt 0.2534 0.458
vt 0.2675 0.458
vt 0.2595 0.458
f 1369/1369/1369 1370/1370/1370 1371/1371/1371
v -0.0018 -0.0099 0.0029
v -0.0011 0 0.0031
v -0.0011 0 0.0031
vn -0.3289 -0 0.9444
vn -0.3292 0 0.9443
vn -0.3286 -0 0.9445
vt 0.2595 0.458
vt 0.2534 0.458
vt 0.2534 0.458
f 1372/1372/1372 1373/1373/1373 1374/1374/1374
v -0.0027 -0.0098 0.0026
v -0.0005 -0.0098 -0.0037
v 0.0004 -0.0099 -0.0034
vn -0.1155 -0.9925 -0.0402
vn -0.1155 -0.9925 -0.0402
vn -0.05 -0.9986 -0.0174
vt 0.2675 0.458
vt 0.2675 0.542
vt 0.2595 0.542
f 1375/1375/1375 1376/1376/1376 1377/1377/1377
v 0.0004 -0.0099 -0.0034
v -0.0018 -0.0099 0.0029
v -0.0027 -0.0098 0.0026
vn -0.05 -0.9986 -0.0174
vn -0.05 -0.9986 -0.0174
vn -0.1155 -0.9925 -0.0402
vt 0.2595 0.542
vt 0.2595 0.458
vt 0.2675 0.458
f 1378/1378/1378 1379/1379/1379 1380/1380/1380
v -0.0005 -0.0098 -0.0037
v 0.0011 0 -0.0031
v 0.0011 0 -0.0031
vn 0.3292 0 -0.9443
vn 0.3288 0.0001 -0.9444
vn 0.3295 -0.0001 -0.9441
vt 0.2675 0.542
vt 0.2534 0.542
vt 0.2534 0.542
f 1381/1381/1381 1382/1382/1382 1383/1383/1383
v 0.0011 0 -0.0031
v 0.0004 -0.0099 -0.0034
v -0.0005 -0.0098 -0.0037
vn 0.3295 -0.0001 -0.9441
vn 0.3289 -0 -0.9444
vn 0.3292 0 -0.9443
vt 0.2534 0.542
vt 0.2595 0.542
vt 0.2675 0.542
f 1384/1384/1384 1385/1385/1385 1386/1386/1386
v 0.0011 0 -0.0031
v -0.0011 0 0.0031
v -0.0011 0 0.0031
vn 1 0 -0
vn 1 0 -0
vn 1 0 -0
vt 0.2534 0.542
vt 0.2534 0.458
vt 0.2534 0.458
f 1387/1387/1387 1388/1388/1388 1389/1389/1389
v -0.0011 0 0.0031
v 0.0011 0 -0.0031
v 0.0011 0 -0.0031
vn 1 0 -0
vn 1 0 -0
vn 1 0 -0
vt 0.2534 0.458
vt 0.2534 0.542
vt 0.2534 0.542
f 1390/1390/1390 1391/1391/1391 1392/1392/1392
v -0.0011 0 0.0031
v -0.0036 -0.0097 0.0022
v -0.0027 -0.0098 0.0026
vn -0.3288 -0 0.9444
vn -0.3289 0 0.9444
vn -0.3287 -0 0.9444
vt 0.2534 0.458
vt 0.2755 0.458
vt 0.2675 0.458
f 1393/1393/1393 1394/1394/1394 1395/1395/1395
v -0.0027 -0.0098 0.0026
v -0.0011 0 0.0031
v -0.0011 0 0.0031
vn -0.3287 -0 0.9444
vn -0.3286 -0 0.9445
vn -0.3288 -0 0.9444
vt 0.2675 0.458
vt 0.2534 0.458
vt 0.2534 0.458
f 1396/1396/1396 1397/1397/1397 1398/1398/1398
v -0.0036 -0.0097 0.0022
v -0.0015 -0.0097 -0.004
v -0.0005 -0.0098 -0.0037
vn -0.1817 -0.9813 -0.0633
vn -0.1817 -0.9813 -0.0633
vn -0.1155 -0.9925 -0.0402
vt 0.2755 0.458
vt 0.2755 0.542
vt 0.2675 0.542
f 1399/1399/1399 1400/1400/1400 1401/1401/1401
v -0.0005 -0.0098 -0.0037
v -0.0027 -0.0098 0.0026
v -0.0036 -0.0097 0.0022
vn -0.1155 -0.9925 -0.0402
vn -0.1155 -0.9925 -0.0402
vn -0.1817 -0.9813 -0.0633
vt 0.2675 0.542
vt 0.2675 0.458
vt 0.2755 0.458
f 1402/1402/1402 1403/1403/1403 1404/1404/1404
v -0.0015 -0.0097 -0.004
v 0.0011 0 -0.0031
v 0.0011 0 -0.0031
vn 0.3289 0 -0.9444
vn 0.329 -0 -0.9443
vn 0.3288 0.0001 -0.9444
vt 0.2755 0.542
vt 0.2534 0.542
vt 0.2534 0.542
f 1405/1405/1405 1406/1406/1406 1407/1407/1407
v 0.0011 0 -0.0031
v -0.0005 -0.0098 -0.0037
v -0.0015 -0.0097 -0.004
vn 0.3288 0.0001 -0.9444
vn 0.3292 0 -0.9443
vn 0.3289 0 -0.9444
vt 0.2534 0.542
vt 0.2675 0.542
vt 0.2755 0.542
f 1408/1408/1408 1409/1409/1409 1410/1410/1410
v 0.0011 0 -0.0031
v -0.0011 0 0.0031
v -0.0011 0 0.0031
vn 1 0 -0
vn 1 0 -0
vn 1 0 -0
vt 0.2534 0.542
vt 0.2534 0.458
vt 0.2534 0.458
f 1411/1411/1411 1412/1412/1412 1413/1413/1413
v -0.0011 0 0.0031
v 0.0011 0 -0.0031
v 0.0011 0 -0.0031
vn 1 0 -0
vn 1 0 -0
vn 1 0 -0
vt 0.2534 0.458
vt 0.2534 0.542
vt 0.2534 0.542
f 1414/1414/1414 1415/1415/1415 1416/1416/1416
v -0.0011 0 0.0031
v -0.0046 -0.0094 0.0019
v -0.0036 -0.0097 0.0022
vn -0.329 0.0001 0.9443
vn -0.3287 -0.0001 0.9444
vn -0.3289 0 0.9444
vt 0.2534 0.458
vt 0.2833 0.458
vt 0.2755 0.458
f 1417/1417/1417 1418/1418/1418 1419/1419/1419
v -0.0036 -0.0097 0.0022
v -0.0011 0 0.0031
v -0.0011 0 0.0031
vn -0.3289 0 0.9444
vn -0.3288 -0 0.9444
vn -0.329 0.0001 0.9443
vt 0.2755 0.458
vt 0.2534 0.458
vt 0.2534 0.458
f 1420/1420/1420 1421/1421/1421 1422/1422/1422
v -0.0046 -0.0094 0.0019
v -0.0024 -0.0094 -0.0043
v -0.0015 -0.0097 -0.004
vn -0.2481 -0.9649 -0.0864
vn -0.2482 -0.9648 -0.0865
vn -0.1817 -0.9813 -0.0633
vt 0.2833 0.458
vt 0.2833 0.542
vt 0.2755 0.542
f 1423/1423/1423 1424/1424/1424 1425/1425/1425
v -0.0015 -0.0097 -0.004
v -0.0036 -0.0097 0.0022
v -0.0046 -0.0094 0.0019
vn -0.1817 -0.9813 -0.0633
vn -0.1817 -0.9813 -0.0633
vn -0.2481 -0.9649 -0.0864
vt 0.2755 0.542
vt 0.2755 0.458
vt 0.2833 0.458
f 1426/1426/1426 1427/1427/1427 1428/1428/1428
v -0.0024 -0.0094 -0.0043
v 0.0011 0 -0.0031
v 0.0011 0 -0.0031
vn 0.3289 0.0001 -0.9444
vn 0.3288 0.0001 -0.9444
vn 0.329 -0 -0.9443
vt 0.2833 0.542
vt 0.2534 0.542
vt 0.2534 0.542
f 1429/1429/1429 1430/1430/1430 1431/1431/1431
v 0.0011 0 -0.0031
v -0.0015 -0.0097 -0.004
v -0.0024 -0.0094 -0.0043
vn 0.329 -0 -0.9443
vn 0.3289 0 -0.9444
vn 0.3289 0.0001 -0.9444
vt 0.2534 0.542
vt 0.2755 0.542
vt 0.2833 0.542
f 1432/1432/1432 1433/1433/1433 1434/1434/1434
v 0.0011 0 -0.0031
v -0.0011 0 0.0031
v -0.0011 0 0.0031
vn 1 0 -0
vn 1 0 -0
vn 1 0 -0
vt 0.2534 0.542
vt 0.2534 0.458
vt 0.2534 0.458
f 1435/1435/1435 1436/1436/1436 1437/1437/1437
v -0.0011 0 0.0031
v 0.0011 0 -0.0031
v 0.0011 0 -0.0031
vn 1 0 -0
vn 1 0 -0
vn 1 0 -0
vt 0.2534 0.458
vt 0.2534 0.542
vt 0.2534 0.542
f 1438/1438/1438 1439/1439/1439 1440/1440/1440
v -0.0011 0 0.0031
v -0.0054 -0.0092 0.0016
v -0.0046 -0.0094 0.0019
vn -0.3285 -0.0002 0.9445
vn -0.3288 0 0.9444
vn -0.3287 -0.0001 0.9444
vt 0.2534 0.458
vt 0.2909 0.458
vt 0.2833 0.458
f 1441/1441/1441 1442/1442/1442 1443/1443/1443
v -0.0046 -0.0094 0.0019
v -0.0011 0 0.0031
v -0.0011 0 0.0031
vn -0.3287 -0.0001 0.9444
vn -0.329 0.0001 0.9443
vn -0.3285 -0.0002 0.9445
vt 0.2833 0.458
vt 0.2534 0.458
vt 0.2534 0.458
f 1444/1444/1444 1445/1445/1445 1446/1446/1446
v -0.0054 -0.0092 0.0016
v -0.0033 -0.0092 -0.0046
v -0.0024 -0.0094 -0.0043
vn -0.3135 -0.9433 -0.1092
vn -0.3135 -0.9433 -0.1092
vn -0.2482 -0.9648 -0.0865
vt 0.2909 0.458
vt 0.2909 0.542
vt 0.2833 0.542
f 1447/1447/1447 1448/1448/1448 1449/1449/1449
v -0.0024 -0.0094 -0.0043
v -0.0046 -0.0094 0.0019
v -0.0054 -0.0092 0.0016
vn -0.2482 -0.9648 -0.0865
vn -0.2481 -0.9649 -0.0864
vn -0.3135 -0.9433 -0.1092
vt 0.2833 0.542
vt 0.2833 0.458
vt 0.2909 0.458
f 1450/1450/1450 1451/1451/1451 1452/1452/1452
v -0.0033 -0.0092 -0.0046
v 0.0011 0 -0.0031
v 0.0011 0 -0.0031
vn 0.3288 0.0001 -0.9444
vn 0.3289 0.0001 -0.9444
vn 0.3288 0.0001 -0.9444
vt 0.2909 0.542
vt 0.2534 0.542
vt 0.2534 0.542
f 1453/1453/1453 1454/1454/1454 1455/1455/1455
v 0.0011 0 -0.0031
v -0.0024 -0.0094 -0.0043
v -0.0033 -0.0092 -0.0046
vn 0.3288 0.0001 -0.9444
vn 0.3289 0.0001 -0.9444
vn 0.3288 0.0001 -0.9444
vt 0.2534 0.542
vt 0.2833 0.542
vt 0.2909 0.542
f 1456/1456/1456 1457/1457/1457 1458/1458/1458
v 0.0011 0 -0.0031
v -0.0011 0 0.0031
v -0.0011 0 0.0031
vn 1 0 -0
vn 1 0 -0
vn 1 0 -0
vt 0.2534 0.542
vt 0.2534 0.458
vt 0.2534 0.458
f 1459/1459/1459 1460/1460/1460 1461/1461/1461
v -0.0011 0 0.0031
v 0.0011 0 -0.0031
v 0.0011 0 -0.0031
vn 1 0 -0
vn 1 0 -0
vn 1 0 -0
vt 0.2534 0.458
vt 0.2534 0.542
vt 0.2534 0.542
f 1462/1462/1462 1463/1463/1463 1464/1464/1464
v -0.0011 0 0.0031
v -0.0063 -0.0088 0.0013
v -0.0054 -0.0092 0.0016
vn -0.3291 0.0002 0.9443
vn -0.3289 0.0001 0.9444
vn -0.3288 0 0.9444
vt 0.2534 0.458
vt 0.2983 0.458
vt 0.2909 0.458
f 1465/1465/1465 1466/1466/1466 1467/1467/1467
v -0.0054 -0.0092 0.0016
v -0.0011 0 0.0031
v -0.0011 0 0.0031
vn -0.3288 0 0.9444
vn -0.3285 -0.0002 0.9445
vn -0.3291 0.0002 0.9443
vt 0.2909 0.458
vt 0.2534 0.458
vt 0.2534 0.458
f 1468/1468/1468 1469/1469/1469 1470/1470/1470
v -0.0063 -0.0088 0.0013
v -0.0041 -0.0088 -0.0049
v -0.0033 -0.0092 -0.0046
vn -0.3787 -0.9161 -0.1319
vn -0.3785 -0.9161 -0.1318
vn -0.3135 -0.9433 -0.1092
vt 0.2983 0.458
vt 0.2983 0.542
vt 0.2909 0.542
f 1471/1471/1471 1472/1472/1472 1473/1473/1473
v -0.0033 -0.0092 -0.0046
v -0.0054 -0.0092 0.0016
v -0.0063 -0.0088 0.0013
vn -0.3135 -0.9433 -0.1092
vn -0.3135 -0.9433 -0.1092
vn -0.3787 -0.9161 -0.1319
vt 0.2909 0.542
vt 0.2909 0.458
vt 0.2983 0.458
f 1474/1474/1474 1475/1475/1475 1476/1476/1476
v -0.0041 -0.0088 -0.0049
v 0.0011 0 -0.0031
v 0.0011 0 -0.0031
vn 0.3288 0.0001 -0.9444
vn 0.3288 0.0001 -0.9444
vn 0.3289 0.0001 -0.9444
vt 0.2983 0.542
vt 0.2534 0.542
vt 0.2534 0.542
f 1477/1477/1477 1478/1478/1478 1479/1479/1479
v 0.0011 0 -0.0031
v -0.0033 -0.0092 -0.0046
v -0.0041 -0.0088 -0.0049
vn 0.3289 0.0001 -0.9444
vn 0.3288 0.0001 -0.9444
vn 0.3288 0.0001 -0.9444
vt 0.2534 0.542
vt 0.2909 0.542
vt 0.2983 0.542
f 1480/1480/1480 1481/1481/1481 1482/1482/1482
v 0.0011 0 -0.0031
v -0.0011 0 0.0031
v -0.0011 0 0.0031
vn 1 0 -0
vn 1 0 -0
vn 1 0 -0
vt 0.2534 0.542
vt 0.2534 0.458
vt 0.2534 0.458
f 1483/1483/1483 1484/1484/1484 1485/1485/1485
v -0.0011 0 0.0031
v 0.0011 0 -0.0031
v 0.0011 0 -0.0031
vn 1 0 -0
vn 1 0 -0
vn 1 0 -0
vt 0.2534 0.458
vt 0.2534 0.542
vt 0.2534 0.542
f 1486/1486/1486 1487/1487/1487 1488/1488/1488
v -0.0011 0 0.0031
v -0.0071 -0.0084 0.001
v -0.0063 -0.0088 0.0013
vn -0.3288 -0.0001 0.9444
vn -0.3292 0.0003 0.9443
vn -0.3289 0.0001 0.9444
vt 0.2534 0.458
vt 0.3053 0.458
vt 0.2983 0.458
f 1489/1489/1489 1490/1490/1490 1491/1491/1491
v -0.0063 -0.0088 0.0013
v -0.0011 0 0.0031
v -0.0011 0 0.0031
vn -0.3289 0.0001 0.9444
vn -0.3291 0.0002 0.9443
vn -0.3288 -0.0001 0.9444
vt 0.2983 0.458
vt 0.2534 0.458
vt 0.2534 0.458
f 1492/1492/1492 1493/1493/1493 1494/1494/1494
v -0.0071 -0.0084 0.001
v -0.0049 -0.0084 -0.0052
v -0.0041 -0.0088 -0.0049
vn -0.4434 -0.8829 -0.1544
vn -0.4435 -0.8829 -0.1545
vn -0.3785 -0.9161 -0.1318
vt 0.3053 0.458
vt 0.3053 0.542
vt 0.2983 0.542
f 1495/1495/1495 1496/1496/1496 1497/1497/1497
v -0.0041 -0.0088 -0.0049
v -0.0063 -0.0088 0.0013
v -0.0071 -0.0084 0.001
vn -0.3785 -0.9161 -0.1318
vn -0.3787 -0.9161 -0.1319
vn -0.4434 -0.8829 -0.1544
vt 0.2983 0.542
vt 0.2983 0.458
vt 0.3053 0.458
f 1498/1498/1498 1499/1499/1499 1500/1500/1500
v -0.0049 -0.0084 -0.0052
v 0.0011 0 -0.0031
v 0.0011 0 -0.0031
vn 0.3288 0.0001 -0.9444
vn 0.3288 0.0001 -0.9444
vn 0.3288 0.0001 -0.9444
vt 0.3053 0.542
vt 0.2534 0.542
vt 0.2534 0.542
f 1501/1501/1501 1502/1502/1502 1503/1503/1503
v 0.0011 0 -0.0031
v -0.0041 -0.0088 -0.0049
v -0.0049 -0.0084 -0.0052
vn 0.3288 0.0001 -0.9444
vn 0.3288 0.0001 -0.9444
vn 0.3288 0.0001 -0.9444
vt 0.2534 0.542
vt 0.2983 0.542
vt 0.3053 0.542
f 1504/1504/1504 1505/1505/1505 1506/1506/1506
v 0.0011 0 -0.0031
v -0.0011 0 0.0031
v -0.0011 0 0.0031
vn 1 0 -0
vn 1 0 -0
vn 1 0 -0
vt 0.2534 0.542
vt 0.2534 0.458
vt 0.2534 0.458
f 1507/1507/1507 1508/1508/1508 1509/1509/1509
v -0.0011 0 0.0031
v 0.0011 0 -0.0031
v 0.0011 0 -0.0031
vn 1 0 -0
vn 1 0 -0
vn 1 0 -0
vt 0.2534 0.458
vt 0.2534 0.542
vt 0.2534 0.542
f 1510/1510/1510 1511/1511/1511 1512/1512/1512
v -0.0011 0 0.0031
v -0.0079 -0.0079 0.0008
v -0.0071 -0.0084 0.001
vn -0.3295 0.0005 0.9442
vn -0.3291 0.0002 0.9443
vn -0.3292 0.0003 0.9443
vt 0.2534 0.458
vt 0.3119 0.458
vt 0.3053 0.458
f 1513/1513/1513 1514/1514/1514 1515/1515/1515
v -0.0071 -0.0084 0.001
v -0.0011 0 0.0031
v -0.0011 0 0.0031
vn -0.3292 0.0003 0.9443
vn -0.3288 -0.0001 0.9444
vn -0.3295 0.0005 0.9442
vt 0.3053 0.458
vt 0.2534 0.458
vt 0.2534 0.458
f 1516/1516/1516 1517/1517/1517 1518/1518/1518
v -0.0079 -0.0079 0.0008
v -0.0057 -0.0079 -0.0055
v -0.0049 -0.0084 -0.0052
vn -0.5065 -0.844 -0.1764
vn -0.5066 -0.8439 -0.1765
vn -0.4435 -0.8829 -0.1545
vt 0.3119 0.458
vt 0.3119 0.542
vt 0.3053 0.542
f 1519/1519/1519 1520/1520/1520 1521/1521/1521
v -0.0049 -0.0084 -0.0052
v -0.0071 -0.0084 0.001
v -0.0079 -0.0079 0.0008
vn -0.4435 -0.8829 -0.1545
vn -0.4434 -0.8829 -0.1544
vn -0.5065 -0.844 -0.1764
vt 0.3053 0.542
vt 0.3053 0.458
vt 0.3119 0.458
f 1522/1522/1522 1523/1523/1523 1524/1524/1524
v -0.0057 -0.0079 -0.0055
v 0.0011 0 -0.0031
v 0.0011 0 -0.0031
vn 0.3288 0.0001 -0.9444
vn 0.3288 0.0001 -0.9444
vn 0.3288 0.0001 -0.9444
vt 0.3119 0.542
vt 0.2534 0.542
vt 0.2534 0.542
f 1525/1525/1525 1526/1526/1526 1527/1527/1527
v 0.0011 0 -0.0031
v -0.0049 -0.0084 -0.0052
v -0.0057 -0.0079 -0.0055
vn 0.3288 0.0001 -0.9444
vn 0.3288 0.0001 -0.9444
vn 0.3288 0.0001 -0.9444
vt 0.2534 0.542
vt 0.3053 0.542
vt 0.3119 0.542
f 1528/1528/1528 1529/1529/1529 1530/1530/1530
v 0.0011 0 -0.0031
v -0.0011 0 0.0031
v -0.0011 0 0.0031
vn 1 0 -0
vn 1 0 -0
vn 1 0 -0
vt 0.2534 0.542
vt 0.2534 0.458
vt 0.2534 0.458
f 1531/1531/1531 1532/1532/1532 1533/1533/1533
v -0.0011 0 0.0031
v 0.0011 0 -0.0031
v 0.0011 0 -0.0031
vn 1 0 -0
vn 1 0 -0
vn 1 0 -0
vt 0.2534 0.458
vt 0.2534 0.542
vt 0.2534 0.542
f 1534/1534/1534 1535/1535/1535 1536/1536/1536
v -0.0011 0 0.0031
v -0.0086 -0.0074 0.0005
v -0.0079 -0.0079 0.0008
vn -0.3288 -0.0001 0.9444
vn -0.3287 -0.0002 0.9444
vn -0.3291 0.0002 0.9443
vt 0.2534 0.458
vt 0.3182 0.458
vt 0.3119 0.458
f 1537/1537/1537 1538/1538/1538 1539/1539/1539
v -0.0079 -0.0079 0.0008
v -0.0011 0 0.0031
v -0.0011 0 0.0031
vn -0.3291 0.0002 0.9443
vn -0.3295 0.0005 0.9442
vn -0.3288 -0.0001 0.9444
vt 0.3119 0.458
vt 0.2534 0.458
vt 0.2534 0.458
f 1540/1540/1540 1541/1541/1541 1542/1542/1542
v -0.0086 -0.0074 0.0005
v -0.0064 -0.0074 -0.0057
v -0.0057 -0.0079 -0.0055
vn -0.5685 -0.7985 -0.198
vn -0.5684 -0.7986 -0.198
vn -0.5066 -0.8439 -0.1765
vt 0.3182 0.458
vt 0.3182 0.542
vt 0.3119 0.542
f 1543/1543/1543 1544/1544/1544 1545/1545/1545
v -0.0057 -0.0079 -0.0055
v -0.0079 -0.0079 0.0008
v -0.0086 -0.0074 0.0005
vn -0.5066 -0.8439 -0.1765
vn -0.5065 -0.844 -0.1764
vn -0.5685 -0.7985 -0.198
vt 0.3119 0.542
vt 0.3119 0.458
vt 0.3182 0.458
f 1546/1546/1546 1547/1547/1547 1548/1548/1548
v -0.0064 -0.0074 -0.0057
v 0.0011 0 -0.0031
v 0.0011 0 -0.0031
vn 0.3291 -0.0002 -0.9443
vn 0.3293 -0.0005 -0.9442
vn 0.3288 0.0001 -0.9444
vt 0.3182 0.542
vt 0.2534 0.542
vt 0.2534 0.542
f 1549/1549/1549 1550/1550/1550 1551/1551/1551
v 0.0011 0 -0.0031
v -0.0057 -0.0079 -0.0055
v -0.0064 -0.0074 -0.0057
vn 0.3288 0.0001 -0.9444
vn 0.3288 0.0001 -0.9444
vn 0.3291 -0.0002 -0.9443
vt 0.2534 0.542
vt 0.3119 0.542
vt 0.3182 0.542
f 1552/1552/1552 1553/1553/1553 1554/1554/1554
v 0.0011 0 -0.0031
v -0.0011 0 0.0031
v -0.0011 0 0.0031
vn 1 0 -0
vn 1 0 -0
vn 1 0 -0
vt 0.2534 0.542
vt 0.2534 0.458
vt 0.2534 0.458
f 1555/1555/1555 1556/1556/1556 1557/1557/1557
v -0.0011 0 0.0031
v 0.0011 0 -0.0031
v 0.0011 0 -0.0031
vn 1 0 -0
vn 1 0 -0
vn 1 0 -0
vt 0.2534 0.458
vt 0.2534 0.542
vt 0.2534 0.542
f 1558/1558/1558 1559/1559/1559 1560/1560/1560
v -0.0011 0 0.0031
v -0.0093 -0.0068 0.0003
v -0.0086 -0.0074 0.0005
vn -0.3287 -0.0003 0.9444
vn -0.3289 -0 0.9444
vn -0.3287 -0.0002 0.9444
vt 0.2534 0.458
vt 0.324 0.458
vt 0.3182 0.458
f 1561/1561/1561 1562/1562/1562 1563/1563/1563
v -0.0086 -0.0074 0.0005
v -0.0011 0 0.0031
v -0.0011 0 0.0031
vn -0.3287 -0.0002 0.9444
vn -0.3288 -0.0001 0.9444
vn -0.3287 -0.0003 0.9444
vt 0.3182 0.458
vt 0.2534 0.458
vt 0.2534 0.458
f 1564/1564/1564 1565/1565/1565 1566/1566/1566
v -0.0093 -0.0068 0.0003
v -0.0071 -0.0068 -0.006
v -0.0064 -0.0074 -0.0057
vn -0.6286 -0.7463 -0.2189
vn -0.6285 -0.7463 -0.2189
vn -0.5684 -0.7986 -0.198
vt 0.324 0.458
vt 0.324 0.542
vt 0.3182 0.542
f 1567/1567/1567 1568/1568/1568 1569/1569/1569
v -0.0064 -0.0074 -0.0057
v -0.0086 -0.0074 0.0005
v -0.0093 -0.0068 0.0003
vn -0.5684 -0.7986 -0.198
vn -0.5685 -0.7985 -0.198
vn -0.6286 -0.7463 -0.2189
vt 0.3182 0.542
vt 0.3182 0.458
vt 0.324 0.458
f 1570/1570/1570 1571/1571/1571 1572/1572/1572
v -0.0071 -0.0068 -0.006
v 0.0011 0 -0.0031
v 0.0011 0 -0.0031
vn 0.3292 -0.0003 -0.9443
vn 0.329 -0.0001 -0.9443
vn 0.3293 -0.0005 -0.9442
vt 0.324 0.542
vt 0.2534 0.542
vt 0.2534 0.542
f 1573/1573/1573 1574/1574/1574 1575/1575/1575
v 0.0011 0 -0.0031
v -0.0064 -0.0074 -0.0057
v -0.0071 -0.0068 -0.006
vn 0.3293 -0.0005 -0.9442
vn 0.3291 -0.0002 -0.9443
vn 0.3292 -0.0003 -0.9443
vt 0.2534 0.542
vt 0.3182 0.542
vt 0.324 0.542
f 1576/1576/1576 1577/1577/1577 1578/1578/1578
v 0.0011 0 -0.0031
v -0.0011 0 0.0031
v -0.0011 0 0.0031
vn 1 0 -0
vn 1 0 -0
vn 1 0 -0
vt 0.2534 0.542
vt 0.2534 0.458
vt 0.2534 0.458
f 1579/1579/1579 1580/1580/1580 1581/1581/1581
v -0.0011 0 0.0031
v 0.0011 0 -0.0031
v 0.0011 0 -0.0031
vn 1 0 -0
vn 1 0 -0
vn 1 0 -0
vt 0.2534 0.458
vt 0.2534 0.542
vt 0.2534 0.542
f 1582/1582/1582 1583/1583/1583 1584/1584/1584
v -0.0011 0 0.0031
v -0.0099 -0.0062 0.0001
v -0.0093 -0.0068 0.0003
vn -0.329 0.0001 0.9443
vn -0.329 0.0001 0.9443
vn -0.3289 -0 0.9444
vt 0.2534 0.458
vt 0.3293 0.458
vt 0.324 0.458
f 1585/1585/1585 1586/1586/1586 1587/1587/1587
v -0.0093 -0.0068 0.0003
v -0.0011 0 0.0031
v -0.0011 0 0.0031
vn -0.3289 -0 0.9444
vn -0.3287 -0.0003 0.9444
vn -0.329 0.0001 0.9443
vt 0.324 0.458
vt 0.2534 0.458
vt 0.2534 0.458
f 1588/1588/1588 1589/1589/1589 1590/1590/1590
v -0.0099 -0.0062 0.0001
v -0.0077 -0.0062 -0.0062
v -0.0071 -0.0068 -0.006
vn -0.686 -0.6873 -0.2389
vn -0.686 -0.6873 -0.2389
vn -0.6285 -0.7463 -0.2189
vt 0.3293 0.458
vt 0.3293 0.542
vt 0.324 0.542
f 1591/1591/1591 1592/1592/1592 1593/1593/1593
v -0.0071 -0.0068 -0.006
v -0.0093 -0.0068 0.0003
v -0.0099 -0.0062 0.0001
vn -0.6285 -0.7463 -0.2189
vn -0.6286 -0.7463 -0.2189
vn -0.686 -0.6873 -0.2389
vt 0.324 0.542
vt 0.324 0.458
vt 0.3293 0.458
f 1594/1594/1594 1595/1595/1595 1596/1596/1596
v -0.0077 -0.0062 -0.0062
v 0.0011 0 -0.0031
v 0.0011 0 -0.0031
vn 0.329 -0.0001 -0.9443
vn 0.329 -0 -0.9443
vn 0.329 -0.0001 -0.9443
vt 0.3293 0.542
vt 0.2534 0.542
vt 0.2534 0.542
f 1597/1597/1597 1598/1598/1598 1599/1599/1599
v 0.0011 0 -0.0031
v -0.0071 -0.0068 -0.006
v -0.0077 -0.0062 -0.0062
vn 0.329 -0.0001 -0.9443
vn 0.3292 -0.0003 -0.9443
vn 0.329 -0.0001 -0.9443
vt 0.2534 0.542
vt 0.324 0.542
vt 0.3293 0.542
f 1600/1600/1600 1601/1601/1601 1602/1602/1602
v 0.0011 0 -0.0031
v -0.0011 0 0.0031
v -0.0011 0 0.0031
vn 1 0 -0
vn 1 0 -0
vn 1 0 -0
vt 0.2534 0.542
vt 0.2534 0.458
vt 0.2534 0.458
f 1603/1603/1603 1604/1604/1604 1605/1605/1605
v -0.0011 0 0.0031
v 0.0011 0 -0.0031
v 0.0011 0 -0.0031
vn 1 0 -0
vn 1 0 -0
vn 1 0 -0
vt 0.2534 0.458
vt 0.2534 0.542
vt 0.2534 0.542
f 1606/1606/1606 1607/1607/1607 1608/1608/1608
v -0.0011 0 0.0031
v -0.0104 -0.0055 -0.0001
v -0.0099 -0.0062 0.0001
vn -0.329 0.0001 0.9443
vn -0.3288 -0.0003 0.9444
vn -0.329 0.0001 0.9443
vt 0.2534 0.458
vt 0.3341 0.458
vt 0.3293 0.458
f 1609/1609/1609 1610/1610/1610 1611/1611/1611
v -0.0099 -0.0062 0.0001
v -0.0011 0 0.0031
v -0.0011 0 0.0031
vn -0.329 0.0001 0.9443
vn -0.329 0.0001 0.9443
vn -0.329 0.0001 0.9443
vt 0.3293 0.458
vt 0.2534 0.458
vt 0.2534 0.458
f 1612/1612/1612 1613/1613/1613 1614/1614/1614
v -0.0104 -0.0055 -0.0001
v -0.0082 -0.0055 -0.0064
v -0.0077 -0.0062 -0.0062
vn -0.7399 -0.6213 -0.2577
vn -0.7402 -0.621 -0.2578
vn -0.686 -0.6873 -0.2389
vt 0.3341 0.458
vt 0.3341 0.542
vt 0.3293 0.542
f 1615/1615/1615 1616/1616/1616 1617/1617/1617
v -0.0077 -0.0062 -0.0062
v -0.0099 -0.0062 0.0001
v -0.0104 -0.0055 -0.0001
vn -0.686 -0.6873 -0.2389
vn -0.686 -0.6873 -0.2389
vn -0.7399 -0.6213 -0.2577
vt 0.3293 0.542
vt 0.3293 0.458
vt 0.3341 0.458
f 1618/1618/1618 1619/1619/1619 1620/1620/1620
v -0.0082 -0.0055 -0.0064
v 0.0011 0 -0.0031
v 0.0011 0 -0.0031
vn 0.3289 0.0001 -0.9444
vn 0.3288 0.0003 -0.9444
vn 0.329 -0 -0.9443
vt 0.3341 0.542
vt 0.2534 0.542
vt 0.2534 0.542
f 1621/1621/1621 1622/1622/1622 1623/1623/1623
v 0.0011 0 -0.0031
v -0.0077 -0.0062 -0.0062
v -0.0082 -0.0055 -0.0064
vn 0.329 -0 -0.9443
vn 0.329 -0.0001 -0.9443
vn 0.3289 0.0001 -0.9444
vt 0.2534 0.542
vt 0.3293 0.542
vt 0.3341 0.542
f 1624/1624/1624 1625/1625/1625 1626/1626/1626
v 0.0011 0 -0.0031
v -0.0011 0 0.0031
v -0.0011 0 0.0031
vn 1 0 -0
vn 1 0 -0
vn 1 0 -0
vt 0.2534 0.542
vt 0.2534 0.458
vt 0.2534 0.458
f 1627/1627/1627 1628/1628/1628 1629/1629/1629
v -0.0011 0 0.0031
v 0.0011 0 -0.0031
v 0.0011 0 -0.0031
vn 1 0 -0
vn 1 0 -0
vn 1 0 -0
vt 0.2534 0.458
vt 0.2534 0.542
vt 0.2534 0.542
f 1630/1630/1630 1631/1631/1631 1632/1632/1632
v -0.0011 0 0.0031
v -0.0109 -0.0048 -0.0003
v -0.0104 -0.0055 -0.0001
vn -0.3286 -0.0006 0.9445
vn -0.3289 0.0002 0.9444
vn -0.3288 -0.0003 0.9444
vt 0.2534 0.458
vt 0.3383 0.458
vt 0.3341 0.458
f 1633/1633/1633 1634/1634/1634 1635/1635/1635
v -0.0104 -0.0055 -0.0001
v -0.0011 0 0.0031
v -0.0011 0 0.0031
vn -0.3288 -0.0003 0.9444
vn -0.329 0.0001 0.9443
vn -0.3286 -0.0006 0.9445
vt 0.3341 0.458
vt 0.2534 0.458
vt 0.2534 0.458
f 1636/1636/1636 1637/1637/1637 1638/1638/1638
v -0.0109 -0.0048 -0.0003
v -0.0087 -0.0048 -0.0065
v -0.0082 -0.0055 -0.0064
vn -0.7894 -0.5488 -0.275
vn -0.7895 -0.5487 -0.275
vn -0.7402 -0.621 -0.2578
vt 0.3383 0.458
vt 0.3383 0.542
vt 0.3341 0.542
f 1639/1639/1639 1640/1640/1640 1641/1641/1641
v -0.0082 -0.0055 -0.0064
v -0.0104 -0.0055 -0.0001
v -0.0109 -0.0048 -0.0003
vn -0.7402 -0.621 -0.2578
vn -0.7399 -0.6213 -0.2577
vn -0.7894 -0.5488 -0.275
vt 0.3341 0.542
vt 0.3341 0.458
vt 0.3383 0.458
f 1642/1642/1642 1643/1643/1643 1644/1644/1644
v -0.0087 -0.0048 -0.0065
v 0.0011 0 -0.0031
v 0.0011 0 -0.0031
vn 0.3287 0.0005 -0.9444
vn 0.3287 0.0006 -0.9444
vn 0.3288 0.0003 -0.9444
vt 0.3383 0.542
vt 0.2534 0.542
vt 0.2534 0.542
f 1645/1645/1645 1646/1646/1646 1647/1647/1647
v 0.0011 0 -0.0031
v -0.0082 -0.0055 -0.0064
v -0.0087 -0.0048 -0.0065
vn 0.3288 0.0003 -0.9444
vn 0.3289 0.0001 -0.9444
vn 0.3287 0.0005 -0.9444
vt 0.2534 0.542
vt 0.3341 0.542
vt 0.3383 0.542
f 1648/1648/1648 1649/1649/1649 1650/1650/1650
v 0.0011 0 -0.0031
v -0.0011 0 0.0031
v -0.0011 0 0.0031
vn 1 0 -0
vn 1 0 -0
vn 1 0 -0
vt 0.2534 0.542
vt 0.2534 0.458
vt 0.2534 0.458
f 1651/1651/1651 1652/1652/1652 1653/1653/1653
v -0.0011 0 0.0031
v 0.0011 0 -0.0031
v 0.0011 0 -0.0031
vn 1 0 -0
vn 1 0 -0
vn 1 0 -0
vt 0.2534 0.458
vt 0.2534 0.542
vt 0.2534 0.542
f 1654/1654/1654 1655/1655/1655 1656/1656/1656
v -0.0011 0 0.0031
v -0.0113 -0.004 -0.0004
v -0.0109 -0.0048 -0.0003
vn -0.3292 0.0008 0.9443
vn -0.329 0.0003 0.9443
vn -0.3289 0.0002 0.9444
vt 0.2534 0.458
vt 0.3419 0.458
vt 0.3383 0.458
f 1657/1657/1657 1658/1658/1658 1659/1659/1659
v -0.0109 -0.0048 -0.0003
v -0.0011 0 0.0031
v -0.0011 0 0.0031
vn -0.3289 0.0002 0.9444
vn -0.3286 -0.0006 0.9445
vn -0.3292 0.0008 0.9443
vt 0.3383 0.458
vt 0.2534 0.458
vt 0.2534 0.458
f 1660/1660/1660 1661/1661/1661 1662/1662/1662
v -0.0113 -0.004 -0.0004
v -0.0092 -0.004 -0.0067
v -0.0087 -0.0048 -0.0065
vn -0.8339 -0.4692 -0.2905
vn -0.8338 -0.4696 -0.2904
vn -0.7895 -0.5487 -0.275
vt 0.3419 0.458
vt 0.3419 0.542
vt 0.3383 0.542
f 1663/1663/1663 1664/1664/1664 1665/1665/1665
v -0.0087 -0.0048 -0.0065
v -0.0109 -0.0048 -0.0003
v -0.0113 -0.004 -0.0004
vn -0.7895 -0.5487 -0.275
vn -0.7894 -0.5488 -0.275
vn -0.8339 -0.4692 -0.2905
vt 0.3383 0.542
vt 0.3383 0.458
vt 0.3419 0.458
f 1666/1666/1666 1667/1667/1667 1668/1668/1668
v -0.0092 -0.004 -0.0067
v 0.0011 0 -0.0031
v 0.0011 0 -0.0031
vn 0.329 -0.0002 -0.9443
vn 0.3292 -0.0009 -0.9443
vn 0.3287 0.0006 -0.9444
vt 0.3419 0.542
vt 0.2534 0.542
vt 0.2534 0.542
f 1669/1669/1669 1670/1670/1670 1671/1671/1671
v 0.0011 0 -0.0031
v -0.0087 -0.0048 -0.0065
v -0.0092 -0.004 -0.0067
vn 0.3287 0.0006 -0.9444
vn 0.3287 0.0005 -0.9444
vn 0.329 -0.0002 -0.9443
vt 0.2534 0.542
vt 0.3383 0.542
vt 0.3419 0.542
f 1672/1672/1672 1673/1673/1673 1674/1674/1674
v 0.0011 0 -0.0031
v -0.0011 0 0.0031
v -0.0011 0 0.0031
vn 1 0 -0
vn 1 0 -0
vn 1 0 -0
vt 0.2534 0.542
vt 0.2534 0.458
vt 0.2534 0.458
f 1675/1675/1675 1676/1676/1676 1677/1677/1677
v -0.0011 0 0.0031
v 0.0011 0 -0.0031
v 0.0011 0 -0.0031
vn 1 0 -0
vn 1 0 -0
vn 1 0 -0
vt 0.2534 0.458
vt 0.2534 0.542
vt 0.2534 0.542
f 1678/1678/1678 1679/1679/1679 1680/1680/1680
v -0.0011 0 0.0031
v -0.0117 -0.0033 -0.0006
v -0.0113 -0.004 -0.0004
vn -0.3289 -0.0002 0.9444
vn -0.3289 0.0001 0.9444
vn -0.329 0.0003 0.9443
vt 0.2534 0.458
vt 0.3448 0.458
vt 0.3419 0.458
f 1681/1681/1681 1682/1682/1682 1683/1683/1683
v -0.0113 -0.004 -0.0004
v -0.0011 0 0.0031
v -0.0011 0 0.0031
vn -0.329 0.0003 0.9443
vn -0.3292 0.0008 0.9443
vn -0.3289 -0.0002 0.9444
vt 0.3419 0.458
vt 0.2534 0.458
vt 0.2534 0.458
f 1684/1684/1684 1685/1685/1685 1686/1686/1686
v -0.0117 -0.0033 -0.0006
v -0.0095 -0.0033 -0.0068
v -0.0092 -0.004 -0.0067
vn -0.8719 -0.384 -0.3037
vn -0.8719 -0.384 -0.3037
vn -0.8338 -0.4696 -0.2904
vt 0.3448 0.458
vt 0.3448 0.542
vt 0.3419 0.542
f 1687/1687/1687 1688/1688/1688 1689/1689/1689
v -0.0092 -0.004 -0.0067
v -0.0113 -0.004 -0.0004
v -0.0117 -0.0033 -0.0006
vn -0.8338 -0.4696 -0.2904
vn -0.8339 -0.4692 -0.2905
vn -0.8719 -0.384 -0.3037
vt 0.3419 0.542
vt 0.3419 0.458
vt 0.3448 0.458
f 1690/1690/1690 1691/1691/1691 1692/1692/1692
v -0.0095 -0.0033 -0.0068
v 0.0011 0 -0.0031
v 0.0011 0 -0.0031
vn 0.329 0 -0.9443
vn 0.3287 0.0008 -0.9444
vn 0.3292 -0.0009 -0.9443
vt 0.3448 0.542
vt 0.2534 0.542
vt 0.2534 0.542
f 1693/1693/1693 1694/1694/1694 1695/1695/1695
v 0.0011 0 -0.0031
v -0.0092 -0.004 -0.0067
v -0.0095 -0.0033 -0.0068
vn 0.3292 -0.0009 -0.9443
vn 0.329 -0.0002 -0.9443
vn 0.329 0 -0.9443
vt 0.2534 0.542
vt 0.3419 0.542
vt 0.3448 0.542
f 1696/1696/1696 1697/1697/1697 1698/1698/1698
v 0.0011 0 -0.0031
v -0.0011 0 0.0031
v -0.0011 0 0.0031
vn 1 0 -0
vn 1 0 -0
vn 1 0 -0
vt 0.2534 0.542
vt 0.2534 0.458
vt 0.2534 0.458
f 1699/1699/1699 1700/1700/1700 1701/1701/1701
v -0.0011 0 0.0031
v 0.0011 0 -0.0031
v 0.0011 0 -0.0031
vn 1 0 -0
vn 1 0 -0
vn 1 0 -0
vt 0.2534 0.458
vt 0.2534 0.542
vt 0.2534 0.542
f 1702/1702/1702 1703/1703/1703 1704/1704/1704
v -0.0011 0 0.0031
v -0.0119 -0.0025 -0.0007
v -0.0117 -0.0033 -0.0006
vn -0.329 0.0003 0.9443
vn -0.329 0.0002 0.9443
vn -0.3289 0.0001 0.9444
vt 0.2534 0.458
vt 0.3472 0.458
vt 0.3448 0.458
f 1705/1705/1705 1706/1706/1706 1707/1707/1707
v -0.0117 -0.0033 -0.0006
v -0.0011 0 0.0031
v -0.0011 0 0.0031
vn -0.3289 0.0001 0.9444
vn -0.3289 -0.0002 0.9444
vn -0.329 0.0003 0.9443
vt 0.3448 0.458
vt 0.2534 0.458
vt 0.2534 0.458
f 1708/1708/1708 1709/1709/1709 1710/1710/1710
v -0.0119 -0.0025 -0.0007
v -0.0098 -0.0025 -0.0069
v -0.0095 -0.0033 -0.0068
vn -0.9028 -0.2934 -0.3144
vn -0.9028 -0.2933 -0.3145
vn -0.8719 -0.384 -0.3037
vt 0.3472 0.458
vt 0.3472 0.542
vt 0.3448 0.542
f 1711/1711/1711 1712/1712/1712 1713/1713/1713
v -0.0095 -0.0033 -0.0068
v -0.0117 -0.0033 -0.0006
v -0.0119 -0.0025 -0.0007
vn -0.8719 -0.384 -0.3037
vn -0.8719 -0.384 -0.3037
vn -0.9028 -0.2934 -0.3144
vt 0.3448 0.542
vt 0.3448 0.458
vt 0.3472 0.458
f 1714/1714/1714 1715/1715/1715 1716/1716/1716
v -0.0098 -0.0025 -0.0069
v 0.0011 0 -0.0031
v 0.0011 0 -0.0031
vn 0.3288 0.0003 -0.9444
vn 0.3289 -0.0001 -0.9444
vn 0.3287 0.0008 -0.9444
vt 0.3472 0.542
vt 0.2534 0.542
vt 0.2534 0.542
f 1717/1717/1717 1718/1718/1718 1719/1719/1719
v 0.0011 0 -0.0031
v -0.0095 -0.0033 -0.0068
v -0.0098 -0.0025 -0.0069
vn 0.3287 0.0008 -0.9444
vn 0.329 0 -0.9443
vn 0.3288 0.0003 -0.9444
vt 0.2534 0.542
vt 0.3448 0.542
vt 0.3472 0.542
f 1720/1720/1720 1721/1721/1721 1722/1722/1722
v 0.0011 0 -0.0031
v -0.0011 0 0.0031
v -0.0011 0 0.0031
vn 1 0 -0
vn 1 0 -0
vn 1 0 -0
vt 0.2534 0.542
vt 0.2534 0.458
vt 0.2534 0.458
f 1723/1723/1723 1724/1724/1724 1725/1725/1725
v -0.0011 0 0.0031
v 0.0011 0 -0.0031
v 0.0011 0 -0.0031
vn 1 0 -0
vn 1 0 -0
vn 1 0 -0
vt 0.2534 0.458
vt 0.2534 0.542
vt 0.2534 0.542
f 1726/1726/1726 1727/1727/1727 1728/1728/1728
v -0.0011 0 0.0031
v -0.0121 -0.0017 -0.0007
v -0.0119 -0.0025 -0.0007
vn -0.329 0.0001 0.9443
vn -0.329 0.0002 0.9443
vn -0.329 0.0002 0.9443
vt 0.2534 0.458
vt 0.3489 0.458
vt 0.3472 0.458
f 1729/1729/1729 1730/1730/1730 1731/1731/1731
v -0.0119 -0.0025 -0.0007
v -0.0011 0 0.0031
v -0.0011 0 0.0031
vn -0.329 0.0002 0.9443
vn -0.329 0.0003 0.9443
vn -0.329 0.0001 0.9443
vt 0.3472 0.458
vt 0.2534 0.458
vt 0.2534 0.458
f 1732/1732/1732 1733/1733/1733 1734/1734/1734
v -0.0121 -0.0017 -0.0007
v -0.01 -0.0017 -0.007
v -0.0098 -0.0025 -0.0069
vn -0.9257 -0.1976 -0.3225
vn -0.9257 -0.1976 -0.3225
vn -0.9028 -0.2933 -0.3145
vt 0.3489 0.458
vt 0.3489 0.542
vt 0.3472 0.542
f 1735/1735/1735 1736/1736/1736 1737/1737/1737
v -0.0098 -0.0025 -0.0069
v -0.0119 -0.0025 -0.0007
v -0.0121 -0.0017 -0.0007
vn -0.9028 -0.2933 -0.3145
vn -0.9028 -0.2934 -0.3144
vn -0.9257 -0.1976 -0.3225
vt 0.3472 0.542
vt 0.3472 0.458
vt 0.3489 0.458
f 1738/1738/1738 1739/1739/1739 1740/1740/1740
v -0.01 -0.0017 -0.007
v 0.0011 0 -0.0031
v 0.0011 0 -0.0031
vn 0.3289 -0.0002 -0.9444
vn 0.329 -0.0003 -0.9443
vn 0.3289 -0.0001 -0.9444
vt 0.3489 0.542
vt 0.2534 0.542
vt 0.2534 0.542
f 1741/1741/1741 1742/1742/1742 1743/1743/1743
v 0.0011 0 -0.0031
v -0.0098 -0.0025 -0.0069
v -0.01 -0.0017 -0.007
vn 0.3289 -0.0001 -0.9444
vn 0.3288 0.0003 -0.9444
vn 0.3289 -0.0002 -0.9444
vt 0.2534 0.542
vt 0.3472 0.542
vt 0.3489 0.542
f 1744/1744/1744 1745/1745/1745 1746/1746/1746
v 0.0011 0 -0.0031
v -0.0011 0 0.0031
v -0.0011 0 0.0031
vn 1 0 -0
vn 1 0 -0
vn 1 0 -0
vt 0.2534 0.542
vt 0.2534 0.458
vt 0.2534 0.458
f 1747/1747/1747 1748/1748/1748 1749/1749/1749
v -0.0011 0 0.0031
v 0.0011 0 -0.0031
v 0.0011 0 -0.0031
vn 1 0 -0
vn 1 0 -0
vn 1 0 -0
vt 0.2534 0.458
vt 0.2534 0.542
vt 0.2534 0.542
f 1750/1750/1750 1751/1751/1751 1752/1752/1752
v -0.0011 0 0.0031
v -0.0123 -0.0008 -0.0008
v -0.0121 -0.0017 -0.0007
vn -0.329 0.0003 0.9443
vn -0.3289 -0.0004 0.9444
vn -0.329 0.0002 0.9443
vt 0.2534 0.458
vt 0.3499 0.458
vt 0.3489 0.458
f 1753/1753/1753 1754/1754/1754 1755/1755/1755
v -0.0121 -0.0017 -0.0007
v -0.0011 0 0.0031
v -0.0011 0 0.0031
vn -0.329 0.0002 0.9443
vn -0.329 0.0001 0.9443
vn -0.329 0.0003 0.9443
vt 0.3489 0.458
vt 0.2534 0.458
vt 0.2534 0.458
f 1756/1756/1756 1757/1757/1757 1758/1758/1758
v -0.0123 -0.0008 -0.0008
v -0.0101 -0.0008 -0.007
v -0.01 -0.0017 -0.007
vn -0.9397 -0.0996 -0.3273
vn -0.9396 -0.0998 -0.3273
vn -0.9257 -0.1976 -0.3225
vt 0.3499 0.458
vt 0.3499 0.542
vt 0.3489 0.542
f 1759/1759/1759 1760/1760/1760 1761/1761/1761
v -0.01 -0.0017 -0.007
v -0.0121 -0.0017 -0.0007
v -0.0123 -0.0008 -0.0008
vn -0.9257 -0.1976 -0.3225
vn -0.9257 -0.1976 -0.3225
vn -0.9397 -0.0996 -0.3273
vt 0.3489 0.542
vt 0.3489 0.458
vt 0.3499 0.458
f 1762/1762/1762 1763/1763/1763 1764/1764/1764
v -0.0101 -0.0008 -0.007
v 0.0011 0 -0.0031
v 0.0011 0 -0.0031
vn 0.3289 -0.0002 -0.9443
vn 0.3289 -0.0001 -0.9444
vn 0.329 -0.0003 -0.9443
vt 0.3499 0.542
vt 0.2534 0.542
vt 0.2534 0.542
f 1765/1765/1765 1766/1766/1766 1767/1767/1767
v 0.0011 0 -0.0031
v -0.01 -0.0017 -0.007
v -0.0101 -0.0008 -0.007
vn 0.329 -0.0003 -0.9443
vn 0.3289 -0.0002 -0.9444
vn 0.3289 -0.0002 -0.9443
vt 0.2534 0.542
vt 0.3489 0.542
vt 0.3499 0.542
f 1768/1768/1768 1769/1769/1769 1770/1770/1770
v 0.0011 0 -0.0031
v -0.0011 0 0.0031
v -0.0011 0 0.0031
vn 1 0 -0
vn 1 0 -0
vn 1 0 -0
vt 0.2534 0.542
vt 0.2534 0.458
vt 0.2534 0.458
f 1771/1771/1771 1772/1772/1772 1773/1773/1773
v -0.0011 0 0.0031
v 0.0011 0 -0.0031
v 0.0011 0 -0.0031
vn 1 0 -0
vn 1 0 -0
vn 1 0 -0
vt 0.2534 0.458
vt 0.2534 0.542
vt 0.2534 0.542
f 1774/1774/1774 1775/1775/1775 1776/1776/1776
v -0.0011 0 0.0031
v -0.0123 0 -0.0008
v -0.0123 -0.0008 -0.0008
vn -0.3289 -0.0011 0.9444
vn -0.3289 0 0.9444
vn -0.3289 -0.0004 0.9444
vt 0.2534 0.458
vt 0.3502 0.458
vt 0.3499 0.458
f 1777/1777/1777 1778/1778/1778 1779/1779/1779
v -0.0123 -0.0008 -0.0008
v -0.0011 0 0.0031
v -0.0011 0 0.0031
vn -0.3289 -0.0004 0.9444
vn -0.329 0.0003 0.9443
vn -0.3289 -0.0011 0.9444
vt 0.3499 0.458
vt 0.2534 0.458
vt 0.2534 0.458
f 1780/1780/1780 1781/1781/1781 1782/1782/1782
v -0.0123 0 -0.0008
v -0.0101 0 -0.007
v -0.0101 -0.0008 -0.007
vn -0.9444 -0 -0.3289
vn -0.9444 -0 -0.3289
vn -0.9396 -0.0998 -0.3273
vt 0.3502 0.458
vt 0.3502 0.542
vt 0.3499 0.542
f 1783/1783/1783 1784/1784/1784 1785/1785/1785
v -0.0101 -0.0008 -0.007
v -0.0123 -0.0008 -0.0008
v -0.0123 0 -0.0008
vn -0.9396 -0.0998 -0.3273
vn -0.9397 -0.0996 -0.3273
vn -0.9444 -0 -0.3289
vt 0.3499 0.542
vt 0.3499 0.458
vt 0.3502 0.458
f 1786/1786/1786 1787/1787/1787 1788/1788/1788
v -0.0101 0 -0.007
v 0.0011 0 -0.0031
v 0.0011 0 -0.0031
vn 0.3289 -0 -0.9444
vn 0.3289 0.0001 -0.9444
vn 0.3289 -0.0001 -0.9444
vt 0.3502 0.542
vt 0.2534 0.542
vt 0.2534 0.542
f 1789/1789/1789 1790/1790/1790 1791/1791/1791
v 0.0011 0 -0.0031
v -0.0101 -0.0008 -0.007
v -0.0101 0 -0.007
vn 0.3289 -0.0001 -0.9444
vn 0.3289 -0.0002 -0.9443
vn 0.3289 -0 -0.9444
vt 0.2534 0.542
vt 0.3499 0.542
vt 0.3502 0.542
f 1792/1792/1792 1793/1793/1793 1794/1794/1794
v 0.0011 0 -0.0031
v -0.0011 0 0.0031
v -0.0011 0 0.0031
vn 1 0 -0
vn 1 0 -0
vn 1 0 -0
vt 0.2534 0.542
vt 0.2534 0.458
vt 0.2534 0.458
f 1795/1795/1795 1796/1796/1796 1797/1797/1797
v -0.0011 0 0.0031
v 0.0011 0 -0.0031
v 0.0011 0 -0.0031
vn 1 0 -0
vn 1 0 -0
vn 1 0 -0
vt 0.2534 0.458
vt 0.2534 0.542
vt 0.2534 0.542
f 1798/1798/1798 1799/1799/1799 1800/1800/1800
v -0.0086 0.0074 0.0005
v -0.0076 0.0065 0.0009
v -0.0082 0.0059 0.0006
vn -0.4754 0.0375 -0.879
vn -0.59 0.0085 -0.8073
vn 0.2012 0.8092 -0.552
vt 0.3182 0.458
vt 0.3094 0.458
vt 0.3152 0.458
f 1801/1801/1801 1802/1802/1802 1803/1803/1803
v -0.0082 0.0059 0.0006
v -0.0093 0.0068 0.0003
v -0.0086 0.0074 0.0005
vn 0.2012 0.8092 -0.552
vn 0.1442 0.8569 -0.4949
vn -0.4754 0.0375 -0.879
vt 0.3152 0.458
vt 0.324 0.458
vt 0.3182 0.458
f 1804/1804/1804 1805/1805/1805 1806/1806/1806
v -0.0064 0.0074 -0.0057
v -0.0054 0.0065 -0.0054
v -0.0076 0.0065 0.0009
vn -0.9186 0.0373 0.3934
vn -0.9639 0.0086 0.2663
vn -0.59 0.0085 -0.8073
vt 0.3182 0.542
vt 0.3094 0.542
vt 0.3094 0.458
f 1807/1807/1807 1808/1808/1808 1809/1809/1809
v -0.0076 0.0065 0.0009
v -0.0086 0.0074 0.0005
v -0.0064 0.0074 -0.0057
vn -0.59 0.0085 -0.8073
vn -0.4754 0.0375 -0.879
vn -0.9186 0.0373 0.3934
vt 0.3094 0.458
vt 0.3182 0.458
vt 0.3182 0.542
f 1810/1810/1810 1811/1811/1811 1812/1812/1812
v -0.0071 0.0068 -0.006
v -0.0061 0.0059 -0.0056
v -0.0054 0.0065 -0.0054
vn -0.1946 0.8569 0.4773
vn -0.1851 0.8093 0.5575
vn -0.9639 0.0086 0.2663
vt 0.324 0.542
vt 0.3152 0.542
vt 0.3094 0.542
f 1813/1813/1813 1814/1814/1814 1815/1815/1815
v -0.0054 0.0065 -0.0054
v -0.0064 0.0074 -0.0057
v -0.0071 0.0068 -0.006
vn -0.9639 0.0086 0.2663
vn -0.9186 0.0373 0.3934
vn -0.1946 0.8569 0.4773
vt 0.3094 0.542
vt 0.3182 0.542
vt 0.324 0.542
f 1816/1816/1816 1817/1817/1817 1818/1818/1818
v -0.0093 0.0068 0.0003
v -0.0082 0.0059 0.0006
v -0.0061 0.0059 -0.0056
vn 0.1442 0.8569 -0.4949
vn 0.2012 0.8092 -0.552
vn -0.1851 0.8093 0.5575
vt 0.324 0.458
vt 0.3152 0.458
vt 0.3152 0.542
f 1819/1819/1819 1820/1820/1820 1821/1821/1821
v -0.0061 0.0059 -0.0056
v -0.0071 0.0068 -0.006
v -0.0093 0.0068 0.0003
vn -0.1851 0.8093 0.5575
vn -0.1946 0.8569 0.4773
vn 0.1442 0.8569 -0.4949
vt 0.3152 0.542
vt 0.324 0.542
vt 0.324 0.458
f 1822/1822/1822 1823/1823/1823 1824/1824/1824
v -0.0071 0.0084 0.001
v -0.0063 0.0073 0.0013
v -0.007 0.0069 0.0011
vn -0.4672 0.1583 -0.8699
vn -0.5777 0.1439 -0.8035
vn 0.3267 0.7973 -0.5075
vt 0.3053 0.458
vt 0.2981 0.458
vt 0.3048 0.458
f 1825/1825/1825 1826/1826/1826 1827/1827/1827
v -0.007 0.0069 0.0011
v -0.0079 0.0079 0.0008
v -0.0071 0.0084 0.001
vn 0.3267 0.7973 -0.5075
vn 0.2808 0.8471 -0.4512
vn -0.4672 0.1583 -0.8699
vt 0.3048 0.458
vt 0.3119 0.458
vt 0.3053 0.458
f 1828/1828/1828 1829/1829/1829 1830/1830/1830
v -0.0049 0.0084 -0.0052
v -0.0041 0.0073 -0.0049
v -0.0063 0.0073 0.0013
vn -0.9066 0.1582 0.3912
vn -0.9518 0.1439 0.271
vn -0.5777 0.1439 -0.8035
vt 0.3053 0.542
vt 0.2981 0.542
vt 0.2981 0.458
f 1831/1831/1831 1832/1832/1832 1833/1833/1833
v -0.0063 0.0073 0.0013
v -0.0071 0.0084 0.001
v -0.0049 0.0084 -0.0052
vn -0.5777 0.1439 -0.8035
vn -0.4672 0.1583 -0.8699
vn -0.9066 0.1582 0.3912
vt 0.2981 0.458
vt 0.3053 0.458
vt 0.3053 0.542
f 1834/1834/1834 1835/1835/1835 1836/1836/1836
v -0.0057 0.0079 -0.0055
v -0.0049 0.0069 -0.0052
v -0.0041 0.0073 -0.0049
vn -0.0606 0.847 0.5281
vn -0.0592 0.7972 0.6009
vn -0.9518 0.1439 0.271
vt 0.3119 0.542
vt 0.3048 0.542
vt 0.2981 0.542
f 1837/1837/1837 1838/1838/1838 1839/1839/1839
v -0.0041 0.0073 -0.0049
v -0.0049 0.0084 -0.0052
v -0.0057 0.0079 -0.0055
vn -0.9518 0.1439 0.271
vn -0.9066 0.1582 0.3912
vn -0.0606 0.847 0.5281
vt 0.2981 0.542
vt 0.3053 0.542
vt 0.3119 0.542
f 1840/1840/1840 1841/1841/1841 1842/1842/1842
v -0.0079 0.0079 0.0008
v -0.007 0.0069 0.0011
v -0.0049 0.0069 -0.0052
vn 0.2808 0.8471 -0.4512
vn 0.3267 0.7973 -0.5075
vn -0.0592 0.7972 0.6009
vt 0.3119 0.458
vt 0.3048 0.458
vt 0.3048 0.542
f 1843/1843/1843 1844/1844/1844 1845/1845/1845
v -0.0049 0.0069 -0.0052
v -0.0057 0.0079 -0.0055
v -0.0079 0.0079 0.0008
vn -0.0592 0.7972 0.6009
vn -0.0606 0.847 0.5281
vn 0.2808 0.8471 -0.4512
vt 0.3048 0.542
vt 0.3119 0.542
vt 0.3119 0.458
f 1846/1846/1846 1847/1847/1847 1848/1848/1848
v -0.0054 0.0092 0.0016
v -0.0048 0.008 0.0018
v -0.0057 0.0076 0.0015
vn -0.4484 0.2793 -0.8491
vn -0.5432 0.2748 -0.7934
vn 0.4487 0.7645 -0.4629
vt 0.2909 0.458
vt 0.2856 0.458
vt 0.2929 0.458
f 1849/1849/1849 1850/1850/1850 1851/1851/1851
v -0.0057 0.0076 0.0015
v -0.0063 0.0088 0.0013
v -0.0054 0.0092 0.0016
vn 0.4487 0.7645 -0.4629
vn 0.4142 0.8087 -0.4176
vn -0.4484 0.2793 -0.8491
vt 0.2929 0.458
vt 0.2983 0.458
vt 0.2909 0.458
f 1852/1852/1852 1853/1853/1853 1854/1854/1854
v -0.0033 0.0092 -0.0046
v -0.0026 0.008 -0.0044
v -0.0048 0.008 0.0018
vn -0.879 0.2795 0.3863
vn -0.9185 0.2749 0.2842
vn -0.5432 0.2748 -0.7934
vt 0.2909 0.542
vt 0.2856 0.542
vt 0.2856 0.458
f 1855/1855/1855 1856/1856/1856 1857/1857/1857
v -0.0048 0.008 0.0018
v -0.0054 0.0092 0.0016
v -0.0033 0.0092 -0.0046
vn -0.5432 0.2748 -0.7934
vn -0.4484 0.2793 -0.8491
vn -0.879 0.2795 0.3863
vt 0.2856 0.458
vt 0.2909 0.458
vt 0.2909 0.542
f 1858/1858/1858 1859/1859/1859 1860/1860/1860
v -0.0041 0.0088 -0.0049
v -0.0035 0.0076 -0.0047
v -0.0026 0.008 -0.0044
vn 0.0653 0.8087 0.5846
vn 0.0639 0.7643 0.6417
vn -0.9185 0.2749 0.2842
vt 0.2983 0.542
vt 0.2929 0.542
vt 0.2856 0.542
f 1861/1861/1861 1862/1862/1862 1863/1863/1863
v -0.0026 0.008 -0.0044
v -0.0033 0.0092 -0.0046
v -0.0041 0.0088 -0.0049
vn -0.9185 0.2749 0.2842
vn -0.879 0.2795 0.3863
vn 0.0653 0.8087 0.5846
vt 0.2856 0.542
vt 0.2909 0.542
vt 0.2983 0.542
f 1864/1864/1864 1865/1865/1865 1866/1866/1866
v -0.0063 0.0088 0.0013
v -0.0057 0.0076 0.0015
v -0.0035 0.0076 -0.0047
vn 0.4142 0.8087 -0.4176
vn 0.4487 0.7645 -0.4629
vn 0.0639 0.7643 0.6417
vt 0.2983 0.458
vt 0.2929 0.458
vt 0.2929 0.542
f 1867/1867/1867 1868/1868/1868 1869/1869/1869
v -0.0035 0.0076 -0.0047
v -0.0041 0.0088 -0.0049
v -0.0063 0.0088 0.0013
vn 0.0639 0.7643 0.6417
vn 0.0653 0.8087 0.5846
vn 0.4142 0.8087 -0.4176
vt 0.2929 0.542
vt 0.2983 0.542
vt 0.2983 0.458
f 1870/1870/1870 1871/1871/1871 1872/1872/1872
v -0.0036 0.0097 0.0022
v -0.0033 0.0084 0.0024
v -0.0042 0.0082 0.0021
vn -0.4161 0.4019 -0.8157
vn -0.4875 0.3999 -0.7761
vn 0.566 0.7098 -0.4193
vt 0.2755 0.458
vt 0.2721 0.458
vt 0.2799 0.458
f 1873/1873/1873 1874/1874/1874 1875/1875/1875
v -0.0042 0.0082 0.0021
v -0.0046 0.0094 0.0019
v -0.0036 0.0097 0.0022
vn 0.566 0.7098 -0.4193
vn 0.5403 0.7433 -0.3944
vn -0.4161 0.4019 -0.8157
vt 0.2799 0.458
vt 0.2833 0.458
vt 0.2755 0.458
f 1876/1876/1876 1877/1877/1877 1878/1878/1878
v -0.0015 0.0097 -0.004
v -0.0011 0.0084 -0.0039
v -0.0033 0.0084 0.0024
vn -0.8329 0.4017 0.3807
vn -0.8643 0.3998 0.3052
vn -0.4875 0.3999 -0.7761
vt 0.2755 0.542
vt 0.2721 0.542
vt 0.2721 0.458
f 1879/1879/1879 1880/1880/1880 1881/1881/1881
v -0.0033 0.0084 0.0024
v -0.0036 0.0097 0.0022
v -0.0015 0.0097 -0.004
vn -0.4875 0.3999 -0.7761
vn -0.4161 0.4019 -0.8157
vn -0.8329 0.4017 0.3807
vt 0.2721 0.458
vt 0.2755 0.458
vt 0.2755 0.542
f 1882/1882/1882 1883/1883/1883 1884/1884/1884
v -0.0024 0.0094 -0.0043
v -0.002 0.0082 -0.0042
v -0.0011 0.0084 -0.0039
vn 0.1783 0.7433 0.6448
vn 0.1828 0.7098 0.6803
vn -0.8643 0.3998 0.3052
vt 0.2833 0.542
vt 0.2799 0.542
vt 0.2721 0.542
f 1885/1885/1885 1886/1886/1886 1887/1887/1887
v -0.0011 0.0084 -0.0039
v -0.0015 0.0097 -0.004
v -0.0024 0.0094 -0.0043
vn -0.8643 0.3998 0.3052
vn -0.8329 0.4017 0.3807
vn 0.1783 0.7433 0.6448
vt 0.2721 0.542
vt 0.2755 0.542
vt 0.2833 0.542
f 1888/1888/1888 1889/1889/1889 1890/1890/1890
v -0.0046 0.0094 0.0019
v -0.0042 0.0082 0.0021
v -0.002 0.0082 -0.0042
vn 0.5403 0.7433 -0.3944
vn 0.566 0.7098 -0.4193
vn 0.1828 0.7098 0.6803
vt 0.2833 0.458
vt 0.2799 0.458
vt 0.2799 0.542
f 1891/1891/1891 1892/1892/1892 1893/1893/1893
v -0.002 0.0082 -0.0042
v -0.0024 0.0094 -0.0043
v -0.0046 0.0094 0.0019
vn 0.1828 0.7098 0.6803
vn 0.1783 0.7433 0.6448
vn 0.5403 0.7433 -0.3944
vt 0.2799 0.542
vt 0.2833 0.542
vt 0.2833 0.458
f 1894/1894/1894 1895/1895/1895 1896/1896/1896
v -0.0018 0.0099 0.0029
v -0.0016 0.0086 0.0029
v -0.0026 0.0085 0.0026
vn -0.3668 0.52 -0.7714
vn -0.4117 0.5137 -0.7528
vn 0.6738 0.6344 -0.3788
vt 0.2595 0.458
vt 0.2582 0.458
vt 0.2662 0.458
f 1897/1897/1897 1898/1898/1898 1899/1899/1899
v -0.0026 0.0085 0.0026
v -0.0027 0.0098 0.0026
v -0.0018 0.0099 0.0029
vn 0.6738 0.6344 -0.3788
vn 0.6528 0.6549 -0.3808
vn -0.3668 0.52 -0.7714
vt 0.2662 0.458
vt 0.2675 0.458
vt 0.2595 0.458
f 1900/1900/1900 1901/1901/1901 1902/1902/1902
v 0.0004 0.0099 -0.0034
v 0.0005 0.0086 -0.0033
v -0.0016 0.0086 0.0029
vn -0.7667 0.52 0.3764
vn -0.7904 0.5137 0.3338
vn -0.4117 0.5137 -0.7528
vt 0.2595 0.542
vt 0.2582 0.542
vt 0.2582 0.458
f 1903/1903/1903 1904/1904/1904 1905/1905/1905
v -0.0016 0.0086 0.0029
v -0.0018 0.0099 0.0029
v 0.0004 0.0099 -0.0034
vn -0.4117 0.5137 -0.7528
vn -0.3668 0.52 -0.7714
vn -0.7667 0.52 0.3764
vt 0.2582 0.458
vt 0.2595 0.458
vt 0.2595 0.542
f 1906/1906/1906 1907/1907/1907 1908/1908/1908
v -0.0005 0.0098 -0.0037
v -0.0004 0.0085 -0.0036
v 0.0005 0.0086 -0.0033
vn 0.275 0.6548 0.704
vn 0.2923 0.6343 0.7157
vn -0.7904 0.5137 0.3338
vt 0.2675 0.542
vt 0.2662 0.542
vt 0.2582 0.542
f 1909/1909/1909 1910/1910/1910 1911/1911/1911
v 0.0005 0.0086 -0.0033
v 0.0004 0.0099 -0.0034
v -0.0005 0.0098 -0.0037
vn -0.7904 0.5137 0.3338
vn -0.7667 0.52 0.3764
vn 0.275 0.6548 0.704
vt 0.2582 0.542
vt 0.2595 0.542
vt 0.2675 0.542
f 1912/1912/1912 1913/1913/1913 1914/1914/1914
v -0.0027 0.0098 0.0026
v -0.0026 0.0085 0.0026
v -0.0004 0.0085 -0.0036
vn 0.6528 0.6549 -0.3808
vn 0.6738 0.6344 -0.3788
vn 0.2923 0.6343 0.7157
vt 0.2675 0.458
vt 0.2662 0.458
vt 0.2662 0.542
f 1915/1915/1915 1916/1916/1916 1917/1917/1917
v -0.0004 0.0085 -0.0036
v -0.0005 0.0098 -0.0037
v -0.0027 0.0098 0.0026
vn 0.2923 0.6343 0.7157
vn 0.275 0.6548 0.704
vn 0.6528 0.6549 -0.3808
vt 0.2662 0.542
vt 0.2675 0.542
vt 0.2675 0.458
f 1918/1918/1918 1919/1919/1919 1920/1920/1920
v 0.0001 0.0099 0.0035
v -0 0.0086 0.0035
v -0.0009 0.0086 0.0032
vn -0.2956 0.6299 -0.7182
vn -0.3184 0.6124 -0.7236
vn 0.7688 0.5401 -0.3423
vt 0.2433 0.458
vt 0.2441 0.458
vt 0.2522 0.458
f 1921/1921/1921 1922/1922/1922 1923/1923/1923
v -0.0009 0.0086 0.0032
v -0.0009 0.0099 0.0032
v 0.0001 0.0099 0.0035
vn 0.7688 0.5401 -0.3423
vn 0.746 0.5488 -0.3772
vn -0.2956 0.6299 -0.7182
vt 0.2522 0.458
vt 0.2514 0.458
vt 0.2433 0.458
f 1924/1924/1924 1925/1925/1925 1926/1926/1926
v 0.0023 0.0099 -0.0027
v 0.0022 0.0086 -0.0027
v -0 0.0086 0.0035
vn -0.6783 0.6294 0.3792
vn -0.6993 0.6122 0.369
vn -0.3184 0.6124 -0.7236
vt 0.2433 0.542
vt 0.2441 0.542
vt 0.2441 0.458
f 1927/1927/1927 1928/1928/1928 1929/1929/1929
v -0 0.0086 0.0035
v 0.0001 0.0099 0.0035
v 0.0023 0.0099 -0.0027
vn -0.3184 0.6124 -0.7236
vn -0.2956 0.6299 -0.7182
vn -0.6783 0.6294 0.3792
vt 0.2441 0.458
vt 0.2433 0.458
vt 0.2433 0.542
f 1930/1930/1930 1931/1931/1931 1932/1932/1932
v 0.0013 0.0099 -0.003
v 0.0012 0.0086 -0.0031
v 0.0022 0.0086 -0.0027
vn 0.3503 0.5488 0.759
vn 0.3899 0.5403 0.7457
vn -0.6993 0.6122 0.369
vt 0.2514 0.542
vt 0.2522 0.542
vt 0.2441 0.542
f 1933/1933/1933 1934/1934/1934 1935/1935/1935
v 0.0022 0.0086 -0.0027
v 0.0023 0.0099 -0.0027
v 0.0013 0.0099 -0.003
vn -0.6993 0.6122 0.369
vn -0.6783 0.6294 0.3792
vn 0.3503 0.5488 0.759
vt 0.2441 0.542
vt 0.2433 0.542
vt 0.2514 0.542
f 1936/1936/1936 1937/1937/1937 1938/1938/1938
v -0.0009 0.0099 0.0032
v -0.0009 0.0086 0.0032
v 0.0012 0.0086 -0.0031
vn 0.746 0.5488 -0.3772
vn 0.7688 0.5401 -0.3423
vn 0.3899 0.5403 0.7457
vt 0.2514 0.458
vt 0.2522 0.458
vt 0.2522 0.542
f 1939/1939/1939 1940/1940/1940 1941/1941/1941
v 0.0012 0.0086 -0.0031
v 0.0013 0.0099 -0.003
v -0.0009 0.0099 0.0032
vn 0.3899 0.5403 0.7457
vn 0.3503 0.5488 0.759
vn 0.746 0.5488 -0.3772
vt 0.2522 0.542
vt 0.2514 0.542
vt 0.2514 0.458
f 1942/1942/1942 1943/1943/1943 1944/1944/1944
v 0.0019 0.0096 0.0042
v 0.0016 0.0083 0.0041
v 0.0007 0.0085 0.0037
vn -0.2046 0.7228 -0.66
vn -0.2117 0.6927 -0.6894
vn 0.8473 0.4298 -0.312
vt 0.2273 0.458
vt 0.2302 0.458
vt 0.2381 0.458
f 1945/1945/1945 1946/1946/1946 1947/1947/1947
v 0.0007 0.0085 0.0037
v 0.001 0.0098 0.0039
v 0.0019 0.0096 0.0042
vn 0.8473 0.4298 -0.312
vn 0.8185 0.4317 -0.379
vn -0.2046 0.7228 -0.66
vt 0.2381 0.458
vt 0.2352 0.458
vt 0.2273 0.458
f 1948/1948/1948 1949/1949/1949 1950/1950/1950
v 0.0041 0.0096 -0.0021
v 0.0038 0.0083 -0.0022
v 0.0016 0.0083 0.0041
vn -0.5702 0.7228 0.3904
vn -0.5943 0.6927 0.4086
vn -0.2117 0.6927 -0.6894
vt 0.2273 0.542
vt 0.2302 0.542
vt 0.2302 0.458
f 1951/1951/1951 1952/1952/1952 1953/1953/1953
v 0.0016 0.0083 0.0041
v 0.0019 0.0096 0.0042
v 0.0041 0.0096 -0.0021
vn -0.2117 0.6927 -0.6894
vn -0.2046 0.7228 -0.66
vn -0.5702 0.7228 0.3904
vt 0.2302 0.458
vt 0.2273 0.458
vt 0.2273 0.542
f 1954/1954/1954 1955/1955/1955 1956/1956/1956
v 0.0032 0.0098 -0.0024
v 0.0029 0.0085 -0.0025
v 0.0038 0.0083 -0.0022
vn 0.4059 0.4313 0.8058
vn 0.4701 0.4295 0.771
vn -0.5943 0.6927 0.4086
vt 0.2352 0.542
vt 0.2381 0.542
vt 0.2302 0.542
f 1957/1957/1957 1958/1958/1958 1959/1959/1959
v 0.0038 0.0083 -0.0022
v 0.0041 0.0096 -0.0021
v 0.0032 0.0098 -0.0024
vn -0.5943 0.6927 0.4086
vn -0.5702 0.7228 0.3904
vn 0.4059 0.4313 0.8058
vt 0.2302 0.542
vt 0.2273 0.542
vt 0.2352 0.542
f 1960/1960/1960 1961/1961/1961 1962/1962/1962
v 0.001 0.0098 0.0039
v 0.0007 0.0085 0.0037
v 0.0029 0.0085 -0.0025
vn 0.8185 0.4317 -0.379
vn 0.8473 0.4298 -0.312
vn 0.4701 0.4295 0.771
vt 0.2352 0.458
vt 0.2381 0.458
vt 0.2381 0.542
f 1963/1963/1963 1964/1964/1964 1965/1965/1965
v 0.0029 0.0085 -0.0025
v 0.0032 0.0098 -0.0024
v 0.001 0.0098 0.0039
vn 0.4701 0.4295 0.771
vn 0.4059 0.4313 0.8058
vn 0.8185 0.4317 -0.379
vt 0.2381 0.542
vt 0.2352 0.542
vt 0.2352 0.458
f 1966/1966/1966 1967/1967/1967 1968/1968/1968
v 0.0037 0.009 0.0048
v 0.0031 0.0078 0.0046
v 0.0023 0.0081 0.0043
vn -0.0949 0.7944 -0.5999
vn -0.0946 0.7524 -0.6519
vn 0.9069 0.3069 -0.2886
vt 0.2122 0.458
vt 0.217 0.458
vt 0.2245 0.458
f 1969/1969/1969 1970/1970/1970 1971/1971/1971
v 0.0023 0.0081 0.0043
v 0.0028 0.0093 0.0045
v 0.0037 0.009 0.0048
vn 0.9069 0.3069 -0.2886
vn 0.8692 0.3101 -0.3852
vn -0.0949 0.7944 -0.5999
vt 0.2245 0.458
vt 0.2196 0.458
vt 0.2122 0.458
f 1972/1972/1972 1973/1973/1973 1974/1974/1974
v 0.0059 0.009 -0.0015
v 0.0053 0.0078 -0.0017
v 0.0031 0.0078 0.0046
vn -0.4474 0.7943 0.4109
vn -0.4789 0.7525 0.452
vn -0.0946 0.7524 -0.6519
vt 0.2122 0.542
vt 0.217 0.542
vt 0.217 0.458
f 1975/1975/1975 1976/1976/1976 1977/1977/1977
v 0.0031 0.0078 0.0046
v 0.0037 0.009 0.0048
v 0.0059 0.009 -0.0015
vn -0.0946 0.7524 -0.6519
vn -0.0949 0.7944 -0.5999
vn -0.4474 0.7943 0.4109
vt 0.217 0.458
vt 0.2122 0.458
vt 0.2122 0.542
f 1978/1978/1978 1979/1979/1979 1980/1980/1980
v 0.005 0.0093 -0.0018
v 0.0044 0.0081 -0.002
v 0.0053 0.0078 -0.0017
vn 0.4418 0.3101 0.8418
vn 0.5316 0.307 0.7894
vn -0.4789 0.7525 0.452
vt 0.2196 0.542
vt 0.2245 0.542
vt 0.217 0.542
f 1981/1981/1981 1982/1982/1982 1983/1983/1983
v 0.0053 0.0078 -0.0017
v 0.0059 0.009 -0.0015
v 0.005 0.0093 -0.0018
vn -0.4789 0.7525 0.452
vn -0.4474 0.7943 0.4109
vn 0.4418 0.3101 0.8418
vt 0.217 0.542
vt 0.2122 0.542
vt 0.2196 0.542
f 1984/1984/1984 1985/1985/1985 1986/1986/1986
v 0.0028 0.0093 0.0045
v 0.0023 0.0081 0.0043
v 0.0044 0.0081 -0.002
vn 0.8692 0.3101 -0.3852
vn 0.9069 0.3069 -0.2886
vn 0.5316 0.307 0.7894
vt 0.2196 0.458
vt 0.2245 0.458
vt 0.2245 0.542
f 1987/1987/1987 1988/1988/1988 1989/1989/1989
v 0.0044 0.0081 -0.002
v 0.005 0.0093 -0.0018
v 0.0028 0.0093 0.0045
vn 0.5316 0.307 0.7894
vn 0.4418 0.3101 0.8418
vn 0.8692 0.3101 -0.3852
vt 0.2245 0.542
vt 0.2196 0.542
vt 0.2196 0.458
f 1990/1990/1990 1991/1991/1991 1992/1992/1992
v 0.0053 0.0082 0.0054
v 0.0045 0.0071 0.0051
v 0.0037 0.0075 0.0048
vn 0.0286 0.8404 -0.5413
vn 0.0281 0.7912 -0.6109
vn 0.9454 0.1768 -0.2737
vt 0.1981 0.458
vt 0.2049 0.458
vt 0.2117 0.458
f 1993/1993/1993 1994/1994/1994 1995/1995/1995
v 0.0037 0.0075 0.0048
v 0.0045 0.0086 0.0051
v 0.0053 0.0082 0.0054
vn 0.9454 0.1768 -0.2737
vn 0.9011 0.1879 -0.3907
vn 0.0286 0.8404 -0.5413
vt 0.2117 0.458
vt 0.205 0.458
vt 0.1981 0.458
f 1996/1996/1996 1997/1997/1997 1998/1998/1998
v 0.0075 0.0082 -0.0009
v 0.0067 0.0071 -0.0012
v 0.0045 0.0071 0.0051
vn -0.3138 0.8403 0.4421
vn -0.3575 0.7911 0.4963
vn 0.0281 0.7912 -0.6109
vt 0.1981 0.542
vt 0.2049 0.542
vt 0.2049 0.458
f 1999/1999/1999 2000/2000/2000 2001/2001/2001
v 0.0045 0.0071 0.0051
v 0.0053 0.0082 0.0054
v 0.0075 0.0082 -0.0009
vn 0.0281 0.7912 -0.6109
vn 0.0286 0.8404 -0.5413
vn -0.3138 0.8403 0.4421
vt 0.2049 0.458
vt 0.1981 0.458
vt 0.1981 0.542
f 2002/2002/2002 2003/2003/2003 2004/2004/2004
v 0.0067 0.0086 -0.0012
v 0.0059 0.0075 -0.0014
v 0.0067 0.0071 -0.0012
vn 0.4636 0.1879 0.8659
vn 0.571 0.1768 0.8017
vn -0.3575 0.7911 0.4963
vt 0.205 0.542
vt 0.2117 0.542
vt 0.2049 0.542
f 2005/2005/2005 2006/2006/2006 2007/2007/2007
v 0.0067 0.0071 -0.0012
v 0.0075 0.0082 -0.0009
v 0.0067 0.0086 -0.0012
vn -0.3575 0.7911 0.4963
vn -0.3138 0.8403 0.4421
vn 0.4636 0.1879 0.8659
vt 0.2049 0.542
vt 0.1981 0.542
vt 0.205 0.542
f 2008/2008/2008 2009/2009/2009 2010/2010/2010
v 0.0045 0.0086 0.0051
v 0.0037 0.0075 0.0048
v 0.0059 0.0075 -0.0014
vn 0.9011 0.1879 -0.3907
vn 0.9454 0.1768 -0.2737
vn 0.571 0.1768 0.8017
vt 0.205 0.458
vt 0.2117 0.458
vt 0.2117 0.542
f 2011/2011/2011 2012/2012/2012 2013/2013/2013
v 0.0059 0.0075 -0.0014
v 0.0067 0.0086 -0.0012
v 0.0045 0.0086 0.0051
vn 0.571 0.1768 0.8017
vn 0.4636 0.1879 0.8659
vn 0.9011 0.1879 -0.3907
vt 0.2117 0.542
vt 0.205 0.542
vt 0.205 0.458
f 2014/2014/2014 2015/2015/2015 2016/2016/2016
v 0.0068 0.0071 0.0059
v 0.0058 0.0061 0.0055
v 0.0051 0.0067 0.0053
vn 0.1613 0.8572 -0.4891
vn 0.1537 0.8085 -0.5681
vn 0.9628 0.0425 -0.2668
vt 0.1856 0.458
vt 0.1941 0.458
vt 0.2001 0.458
f 2017/2017/2017 2018/2018/2018 2019/2019/2019
v 0.0051 0.0067 0.0053
v 0.0061 0.0077 0.0056
v 0.0068 0.0071 0.0059
vn 0.9628 0.0425 -0.2668
vn 0.9169 0.0675 -0.3933
vn 0.1613 0.8572 -0.4891
vt 0.2001 0.458
vt 0.1917 0.458
vt 0.1856 0.458
f 2020/2020/2020 2021/2021/2021 2022/2022/2022
v 0.0089 0.0071 -0.0004
v 0.008 0.0061 -0.0007
v 0.0058 0.0061 0.0055
vn -0.1778 0.8572 0.4834
vn -0.2326 0.8083 0.5409
vn 0.1537 0.8085 -0.5681
vt 0.1856 0.542
vt 0.1941 0.542
vt 0.1941 0.458
f 2023/2023/2023 2024/2024/2024 2025/2025/2025
v 0.0058 0.0061 0.0055
v 0.0068 0.0071 0.0059
v 0.0089 0.0071 -0.0004
vn 0.1537 0.8085 -0.5681
vn 0.1613 0.8572 -0.4891
vn -0.1778 0.8572 0.4834
vt 0.1941 0.458
vt 0.1856 0.458
vt 0.1856 0.542
f 2026/2026/2026 2027/2027/2027 2028/2028/2028
v 0.0082 0.0077 -0.0006
v 0.0073 0.0067 -0.001
v 0.008 0.0061 -0.0007
vn 0.4744 0.0671 0.8778
vn 0.5887 0.0424 0.8072
vn -0.2326 0.8083 0.5409
vt 0.1917 0.542
vt 0.2001 0.542
vt 0.1941 0.542
f 2029/2029/2029 2030/2030/2030 2031/2031/2031
v 0.008 0.0061 -0.0007
v 0.0089 0.0071 -0.0004
v 0.0082 0.0077 -0.0006
vn -0.2326 0.8083 0.5409
vn -0.1778 0.8572 0.4834
vn 0.4744 0.0671 0.8778
vt 0.1941 0.542
vt 0.1856 0.542
vt 0.1917 0.542
f 2032/2032/2032 2033/2033/2033 2034/2034/2034
v 0.0061 0.0077 0.0056
v 0.0051 0.0067 0.0053
v 0.0073 0.0067 -0.001
vn 0.9169 0.0675 -0.3933
vn 0.9628 0.0425 -0.2668
vn 0.5887 0.0424 0.8072
vt 0.1917 0.458
vt 0.2001 0.458
vt 0.2001 0.542
f 2035/2035/2035 2036/2036/2036 2037/2037/2037
v 0.0073 0.0067 -0.001
v 0.0082 0.0077 -0.0006
v 0.0061 0.0077 0.0056
vn 0.5887 0.0424 0.8072
vn 0.4744 0.0671 0.8778
vn 0.9169 0.0675 -0.3933
vt 0.2001 0.542
vt 0.1917 0.542
vt 0.1917 0.458
f 2038/2038/2038 2039/2039/2039 2040/2040/2040
v 0.008 0.0058 0.0063
v 0.0068 0.005 0.0059
v 0.0063 0.0057 0.0057
vn 0.2958 0.8454 -0.4448
vn 0.2789 0.8046 -0.5243
vn 0.9588 -0.0928 -0.2685
vt 0.175 0.458
vt 0.1849 0.458
vt 0.1899 0.458
f 2041/2041/2041 2042/2042/2042 2043/2043/2043
v 0.0063 0.0057 0.0057
v 0.0074 0.0065 0.0061
v 0.008 0.0058 0.0063
vn 0.9588 -0.0928 -0.2685
vn 0.9184 -0.0531 -0.3922
vn 0.2958 0.8454 -0.4448
vt 0.1899 0.458
vt 0.1801 0.458
vt 0.175 0.458
f 2044/2044/2044 2045/2045/2045 2046/2046/2046
v 0.0102 0.0058 0
v 0.009 0.005 -0.0004
v 0.0068 0.005 0.0059
vn -0.0444 0.8454 0.5323
vn -0.1069 0.8044 0.5844
vn 0.2789 0.8046 -0.5243
vt 0.175 0.542
vt 0.1849 0.542
vt 0.1849 0.458
f 2047/2047/2047 2048/2048/2048 2049/2049/2049
v 0.0068 0.005 0.0059
v 0.008 0.0058 0.0063
v 0.0102 0.0058 0
vn 0.2789 0.8046 -0.5243
vn 0.2958 0.8454 -0.4448
vn -0.0444 0.8454 0.5323
vt 0.1849 0.458
vt 0.175 0.458
vt 0.175 0.542
f 2050/2050/2050 2051/2051/2051 2052/2052/2052
v 0.0096 0.0065 -0.0002
v 0.0084 0.0057 -0.0006
v 0.009 0.005 -0.0004
vn 0.4761 -0.053 0.8778
vn 0.5845 -0.0931 0.806
vn -0.1069 0.8044 0.5844
vt 0.1801 0.542
vt 0.1899 0.542
vt 0.1849 0.542
f 2053/2053/2053 2054/2054/2054 2055/2055/2055
v 0.009 0.005 -0.0004
v 0.0102 0.0058 0
v 0.0096 0.0065 -0.0002
vn -0.1069 0.8044 0.5844
vn -0.0444 0.8454 0.5323
vn 0.4761 -0.053 0.8778
vt 0.1849 0.542
vt 0.175 0.542
vt 0.1801 0.542
f 2056/2056/2056 2057/2057/2057 2058/2058/2058
v 0.0074 0.0065 0.0061
v 0.0063 0.0057 0.0057
v 0.0084 0.0057 -0.0006
vn 0.9184 -0.0531 -0.3922
vn 0.9588 -0.0928 -0.2685
vn 0.5845 -0.0931 0.806
vt 0.1801 0.458
vt 0.1899 0.458
vt 0.1899 0.542
f 2059/2059/2059 2060/2060/2060 2061/2061/2061
v 0.0084 0.0057 -0.0006
v 0.0096 0.0065 -0.0002
v 0.0074 0.0065 0.0061
vn 0.5845 -0.0931 0.806
vn 0.4761 -0.053 0.8778
vn 0.9184 -0.0531 -0.3922
vt 0.1899 0.542
vt 0.1801 0.542
vt 0.1801 0.458
f 2062/2062/2062 2063/2063/2063 2064/2064/2064
v 0.009 0.0044 0.0066
v 0.0077 0.0038 0.0062
v 0.0072 0.0045 0.006
vn 0.4298 0.8045 -0.4099
vn 0.4037 0.7793 -0.4793
vn 0.9332 -0.2268 -0.2786
vt 0.1666 0.458
vt 0.1777 0.458
vt 0.1816 0.458
f 2065/2065/2065 2066/2066/2066 2067/2067/2067
v 0.0072 0.0045 0.006
v 0.0085 0.0051 0.0065
v 0.009 0.0044 0.0066
vn 0.9332 -0.2268 -0.2786
vn 0.9053 -0.1742 -0.3874
vn 0.4298 0.8045 -0.4099
vt 0.1816 0.458
vt 0.1706 0.458
vt 0.1666 0.458
f 2068/2068/2068 2069/2069/2069 2070/2070/2070
v 0.0111 0.0044 0.0004
v 0.0098 0.0038 -0.0001
v 0.0077 0.0038 0.0062
vn 0.0826 0.8044 0.5884
vn 0.0184 0.7794 0.6263
vn 0.4037 0.7793 -0.4793
vt 0.1666 0.542
vt 0.1777 0.542
vt 0.1777 0.458
f 2071/2071/2071 2072/2072/2072 2073/2073/2073
v 0.0077 0.0038 0.0062
v 0.009 0.0044 0.0066
v 0.0111 0.0044 0.0004
vn 0.4037 0.7793 -0.4793
vn 0.4298 0.8045 -0.4099
vn 0.0826 0.8044 0.5884
vt 0.1777 0.458
vt 0.1666 0.458
vt 0.1666 0.542
f 2074/2074/2074 2075/2075/2075 2076/2076/2076
v 0.0107 0.0051 0.0002
v 0.0094 0.0045 -0.0002
v 0.0098 0.0038 -0.0001
vn 0.4689 -0.1736 0.866
vn 0.5582 -0.2267 0.7981
vn 0.0184 0.7794 0.6263
vt 0.1706 0.542
vt 0.1816 0.542
vt 0.1777 0.542
f 2077/2077/2077 2078/2078/2078 2079/2079/2079
v 0.0098 0.0038 -0.0001
v 0.0111 0.0044 0.0004
v 0.0107 0.0051 0.0002
vn 0.0184 0.7794 0.6263
vn 0.0826 0.8044 0.5884
vn 0.4689 -0.1736 0.866
vt 0.1777 0.542
vt 0.1666 0.542
vt 0.1706 0.542
f 2080/2080/2080 2081/2081/2081 2082/2082/2082
v 0.0085 0.0051 0.0065
v 0.0072 0.0045 0.006
v 0.0094 0.0045 -0.0002
vn 0.9053 -0.1742 -0.3874
vn 0.9332 -0.2268 -0.2786
vn 0.5582 -0.2267 0.7981
vt 0.1706 0.458
vt 0.1816 0.458
vt 0.1816 0.542
f 2083/2083/2083 2084/2084/2084 2085/2085/2085
v 0.0094 0.0045 -0.0002
v 0.0107 0.0051 0.0002
v 0.0085 0.0051 0.0065
vn 0.5582 -0.2267 0.7981
vn 0.4689 -0.1736 0.866
vn 0.9053 -0.1742 -0.3874
vt 0.1816 0.542
vt 0.1706 0.542
vt 0.1706 0.458
f 2086/2086/2086 2087/2087/2087 2088/2088/2088
v 0.0096 0.0029 0.0069
v 0.0083 0.0024 0.0064
v 0.008 0.0032 0.0063
vn 0.5549 0.7372 -0.3856
vn 0.5233 0.7325 -0.4354
vn 0.8867 -0.3545 -0.2968
vt 0.1607 0.458
vt 0.1726 0.458
vt 0.1752 0.458
f 2089/2089/2089 2090/2090/2090 2091/2091/2091
v 0.008 0.0032 0.0063
v 0.0093 0.0037 0.0068
v 0.0096 0.0029 0.0069
vn 0.8867 -0.3545 -0.2968
vn 0.8765 -0.2962 -0.3795
vn 0.5549 0.7372 -0.3856
vt 0.1752 0.458
vt 0.1633 0.458
vt 0.1607 0.458
f 2092/2092/2092 2093/2093/2093 2094/2094/2094
v 0.0118 0.0029 0.0006
v 0.0104 0.0024 0.0001
v 0.0083 0.0024 0.0064
vn 0.1949 0.7374 0.6468
vn 0.139 0.7325 0.6664
vn 0.5233 0.7325 -0.4354
vt 0.1607 0.542
vt 0.1726 0.542
vt 0.1726 0.458
f 2095/2095/2095 2096/2096/2096 2097/2097/2097
v 0.0083 0.0024 0.0064
v 0.0096 0.0029 0.0069
v 0.0118 0.0029 0.0006
vn 0.5233 0.7325 -0.4354
vn 0.5549 0.7372 -0.3856
vn 0.1949 0.7374 0.6468
vt 0.1726 0.458
vt 0.1607 0.458
vt 0.1607 0.542
f 2098/2098/2098 2099/2099/2099 2100/2100/2100
v 0.0115 0.0037 0.0005
v 0.0101 0.0032 0
v 0.0104 0.0024 0.0001
vn 0.4509 -0.2962 0.842
vn 0.511 -0.3543 0.7832
vn 0.139 0.7325 0.6664
vt 0.1633 0.542
vt 0.1752 0.542
vt 0.1726 0.542
f 2101/2101/2101 2102/2102/2102 2103/2103/2103
v 0.0104 0.0024 0.0001
v 0.0118 0.0029 0.0006
v 0.0115 0.0037 0.0005
vn 0.139 0.7325 0.6664
vn 0.1949 0.7374 0.6468
vn 0.4509 -0.2962 0.842
vt 0.1726 0.542
vt 0.1607 0.542
vt 0.1633 0.542
f 2104/2104/2104 2105/2105/2105 2106/2106/2106
v 0.0093 0.0037 0.0068
v 0.008 0.0032 0.0063
v 0.0101 0.0032 0
vn 0.8765 -0.2962 -0.3795
vn 0.8867 -0.3545 -0.2968
vn 0.511 -0.3543 0.7832
vt 0.1633 0.458
vt 0.1752 0.458
vt 0.1752 0.542
f 2107/2107/2107 2108/2108/2108 2109/2109/2109
v 0.0101 0.0032 0
v 0.0115 0.0037 0.0005
v 0.0093 0.0037 0.0068
vn 0.511 -0.3543 0.7832
vn 0.4509 -0.2962 0.842
vn 0.8765 -0.2962 -0.3795
vt 0.1752 0.542
vt 0.1633 0.542
vt 0.1633 0.458
f 2110/2110/2110 2111/2111/2111 2112/2112/2112
v 0.01 0.0012 0.007
v 0.0086 0.001 0.0065
v 0.0084 0.0019 0.0064
vn 0.6662 0.6464 -0.372
vn 0.6347 0.6649 -0.3939
vn 0.8203 -0.4725 -0.3223
vt 0.1573 0.458
vt 0.1697 0.458
vt 0.1711 0.458
f 2113/2113/2113 2114/2114/2114 2115/2115/2115
v 0.0084 0.0019 0.0064
v 0.0099 0.0021 0.0069
v 0.01 0.0012 0.007
vn 0.8203 -0.4725 -0.3223
vn 0.8281 -0.4187 -0.3726
vn 0.6662 0.6464 -0.372
vt 0.1711 0.458
vt 0.1587 0.458
vt 0.1573 0.458
f 2116/2116/2116 2117/2117/2117 2118/2118/2118
v 0.0122 0.0012 0.0008
v 0.0108 0.001 0.0002
v 0.0086 0.001 0.0065
vn 0.2906 0.6466 0.7052
vn 0.2528 0.6647 0.703
vn 0.6347 0.6649 -0.3939
vt 0.1573 0.542
vt 0.1697 0.542
vt 0.1697 0.458
f 2119/2119/2119 2120/2120/2120 2121/2121/2121
v 0.0086 0.001 0.0065
v 0.01 0.0012 0.007
v 0.0122 0.0012 0.0008
vn 0.6347 0.6649 -0.3939
vn 0.6662 0.6464 -0.372
vn 0.2906 0.6466 0.7052
vt 0.1697 0.458
vt 0.1573 0.458
vt 0.1573 0.542
f 2122/2122/2122 2123/2123/2123 2124/2124/2124
v 0.012 0.0021 0.0007
v 0.0106 0.0019 0.0002
v 0.0108 0.001 0.0002
vn 0.4171 -0.419 0.8065
vn 0.4427 -0.4727 0.762
vn 0.2528 0.6647 0.703
vt 0.1587 0.542
vt 0.1711 0.542
vt 0.1697 0.542
f 2125/2125/2125 2126/2126/2126 2127/2127/2127
v 0.0108 0.001 0.0002
v 0.0122 0.0012 0.0008
v 0.012 0.0021 0.0007
vn 0.2528 0.6647 0.703
vn 0.2906 0.6466 0.7052
vn 0.4171 -0.419 0.8065
vt 0.1697 0.542
vt 0.1573 0.542
vt 0.1587 0.542
f 2128/2128/2128 2129/2129/2129 2130/2130/2130
v 0.0099 0.0021 0.0069
v 0.0084 0.0019 0.0064
v 0.0106 0.0019 0.0002
vn 0.8281 -0.4187 -0.3726
vn 0.8203 -0.4725 -0.3223
vn 0.4427 -0.4727 0.762
vt 0.1587 0.458
vt 0.1711 0.458
vt 0.1711 0.542
f 2131/2131/2131 2132/2132/2132 2133/2133/2133
v 0.0106 0.0019 0.0002
v 0.012 0.0021 0.0007
v 0.0099 0.0021 0.0069
vn 0.4427 -0.4727 0.762
vn 0.4171 -0.419 0.8065
vn 0.8281 -0.4187 -0.3726
vt 0.1711 0.542
vt 0.1587 0.542
vt 0.1587 0.458
f 2134/2134/2134 2135/2135/2135 2136/2136/2136
v -0.0864 -0.0245 -0.0301
v 0.0291 -0.0234 0.0101
v 0.0232 -0.0234 0.0199
vn 0.0089 -1 0.0034
vn 0.0086 -1 0.0031
vn 0.0072 -1 0.0061
vt 1 0.5
vt 0.0021 0.5
vt 0.0211 0.3589
f 2137/2137/2137 2138/2138/2138 2139/2139/2139
v -0.0864 -0.0245 -0.0301
v -0.0804 -0.0245 -0.0388
v 0.0291 -0.0234 0.0101
vn 0.0089 -1 0.0034
vn 0.0063 -0.9999 0.0098
vn 0.0086 -1 0.0031
vt 1 0.5
vt 0.9771 0.6294
vt 0.0021 0.5
f 2140/2140/2140 2141/2141/2141 2142/2142/2142
v -0.0804 -0.0245 -0.0388
v 0.0305 -0.0234 -0.0011
v 0.0291 -0.0234 0.0101
vn 0.0063 -0.9999 0.0098
vn 0.0105 -0.9999 0.0002
vn 0.0086 -1 0.0031
vt 0.9771 0.6294
vt 0.0211 0.6411
vt 0.0021 0.5
f 2143/2143/2143 2144/2144/2144 2145/2145/2145
v -0.0804 -0.0245 -0.0388
v -0.0715 -0.0246 -0.0457
v 0.0305 -0.0234 -0.0011
vn 0.0063 -0.9999 0.0098
vn 0.005 -0.9999 0.0164
vn 0.0105 -0.9999 0.0002
vt 0.9771 0.6294
vt 0.9266 0.7491
vt 0.0211 0.6411
f 2146/2146/2146 2147/2147/2147 2148/2148/2148
v -0.0715 -0.0246 -0.0457
v 0.0275 -0.0234 -0.0132
v 0.0305 -0.0234 -0.0011
vn 0.005 -0.9999 0.0164
vn 0.0141 -0.9999 -0.0045
vn 0.0105 -0.9999 0.0002
vt 0.9266 0.7491
vt 0.0769 0.7726
vt 0.0211 0.6411
f 2149/2149/2149 2150/2150/2150 2151/2151/2151
v -0.0715 -0.0246 -0.0457
v -0.0619 -0.0246 -0.0511
v 0.0275 -0.0234 -0.0132
vn 0.005 -0.9999 0.0164
vn 0.0087 -0.9999 0.0119
vn 0.0141 -0.9999 -0.0045
vt 0.9266 0.7491
vt 0.8674 0.8547
vt 0.0769 0.7726
f 2152/2152/2152 2153/2153/2153 2154/2154/2154
v -0.0619 -0.0246 -0.0511
v 0.0201 -0.0234 -0.0251
v 0.0275 -0.0234 -0.0132
vn 0.0087 -0.9999 0.0119
vn 0.0198 -0.9997 -0.0152
vn 0.0141 -0.9999 -0.0045
vt 0.8674 0.8547
vt 0.1656 0.8855
vt 0.0769 0.7726
f 2155/2155/2155 2156/2156/2156 2157/2157/2157
v -0.0619 -0.0246 -0.0511
v -0.0511 -0.0245 -0.0539
v 0.0201 -0.0234 -0.0251
vn 0.0087 -0.9999 0.0119
vn 0.01 -0.9999 0.0136
vn 0.0198 -0.9997 -0.0152
vt 0.8674 0.8547
vt 0.792 0.933
vt 0.1656 0.8855
f 2158/2158/2158 2159/2159/2159 2160/2160/2160
v -0.0511 -0.0245 -0.0539
v 0.017 -0.0234 -0.0266
v 0.0201 -0.0234 -0.0251
vn 0.01 -0.9999 0.0136
vn 0.0958 -0.9753 -0.199
vn 0.0198 -0.9997 -0.0152
vt 0.792 0.933
vt 0.1936 0.8903
vt 0.1656 0.8855
f 2161/2161/2161 2162/2162/2162 2163/2163/2163
v -0.0511 -0.0245 -0.0539
v -0.0396 -0.0245 -0.0541
v 0.017 -0.0234 -0.0266
vn 0.01 -0.9999 0.0136
vn 0.0026 -0.9991 0.0429
vn 0.0958 -0.9753 -0.199
vt 0.792 0.933
vt 0.7037 0.983
vt 0.1936 0.8903
f 2164/2164/2164 2165/2165/2165 2166/2166/2166
v -0.0396 -0.0245 -0.0541
v -0.0089 -0.0234 -0.0391
v 0.017 -0.0234 -0.0266
vn 0.0026 -0.9991 0.0429
vn 0.4321 0.1196 -0.8938
vn 0.0958 -0.9753 -0.199
vt 0.7037 0.983
vt 0.4266 0.9314
vt 0.1936 0.8903
f 2167/2167/2167 2168/2168/2168 2169/2169/2169
v -0.0396 -0.0245 -0.0541
v -0.0178 -0.0234 -0.0463
v -0.0089 -0.0234 -0.0391
vn 0.0026 -0.9991 0.0429
vn 0.0953 -0.9885 -0.1172
vn 0.4321 0.1196 -0.8938
vt 0.7037 0.983
vt 0.5146 0.9812
vt 0.4266 0.9314
f 2170/2170/2170 2171/2171/2171 2172/2172/2172
v -0.0396 -0.0245 -0.0541
v -0.0282 -0.0245 -0.0515
v -0.0178 -0.0234 -0.0463
vn 0.0026 -0.9991 0.0429
vn -0.0924 -0.9206 0.3795
vn 0.0953 -0.9885 -0.1172
vt 0.7037 0.983
vt 0.609 1
vt 0.5146 0.9812
f 2173/2173/2173 2174/2174/2174 2175/2175/2175
v -0.0282 -0.0245 -0.0515
v -0.0283 -0.0234 -0.0514
v -0.0178 -0.0234 -0.0463
vn -0.0924 -0.9206 0.3795
vn 0.1004 -0.9041 -0.4154
vn 0.0953 -0.9885 -0.1172
vt 0.609 1
vt 0.609 0.9981
vt 0.5146 0.9812
f 2176/2176/2176 2177/2177/2177 2178/2178/2178
v -0.0282 -0.0245 -0.0515
v -0.0177 -0.0245 -0.0464
v -0.0283 -0.0234 -0.0514
vn -0.0924 -0.9206 0.3795
vn -0.0921 -0.9893 0.1134
vn 0.1004 -0.9041 -0.4154
vt 0.609 1
vt 0.5142 0.983
vt 0.609 0.9981
f 2179/2179/2179 2180/2180/2180 2181/2181/2181
v -0.0177 -0.0245 -0.0464
v -0.0396 -0.0234 -0.0539
v -0.0283 -0.0234 -0.0514
vn -0.0921 -0.9893 0.1134
vn -0.0008 -0.9969 -0.0782
vn 0.1004 -0.9041 -0.4154
vt 0.5142 0.983
vt 0.7034 0.9812
vt 0.609 0.9981
f 2182/2182/2182 2183/2183/2183 2184/2184/2184
v -0.0177 -0.0245 -0.0464
v -0.0088 -0.0245 -0.0391
v -0.0396 -0.0234 -0.0539
vn -0.0921 -0.9893 0.1134
vn -0.0869 -0.9811 0.1731
vn -0.0008 -0.9969 -0.0782
vt 0.5142 0.983
vt 0.4259 0.933
vt 0.7034 0.9812
f 2185/2185/2185 2186/2186/2186 2187/2187/2187
v -0.0088 -0.0245 -0.0391
v -0.0511 -0.0234 -0.0538
v -0.0396 -0.0234 -0.0539
vn -0.0869 -0.9811 0.1731
vn -0.0069 -0.9997 -0.0255
vn -0.0008 -0.9969 -0.0782
vt 0.4259 0.933
vt 0.7913 0.9314
vt 0.7034 0.9812
f 2188/2188/2188 2189/2189/2189 2190/2190/2190
v -0.0088 -0.0245 -0.0391
v 0.0203 -0.0245 -0.0252
v -0.0511 -0.0234 -0.0538
vn -0.0869 -0.9811 0.1731
vn -0.0217 -0.9996 0.0168
vn -0.0069 -0.9997 -0.0255
vt 0.4259 0.933
vt 0.1641 0.8869
vt 0.7913 0.9314
f 2191/2191/2191 2192/2192/2192 2193/2193/2193
v 0.0203 -0.0245 -0.0252
v -0.0522 -0.0234 -0.0535
v -0.0511 -0.0234 -0.0538
vn -0.0217 -0.9996 0.0168
vn -0.0054 -0.9998 -0.0181
vn -0.0069 -0.9997 -0.0255
vt 0.1641 0.8869
vt 0.7992 0.9232
vt 0.7913 0.9314
f 2194/2194/2194 2195/2195/2195 2196/2196/2196
v 0.0203 -0.0245 -0.0252
v 0.0277 -0.0245 -0.0132
v -0.0522 -0.0234 -0.0535
vn -0.0217 -0.9996 0.0168
vn -0.0133 -0.9999 0.0039
vn -0.0054 -0.9998 -0.0181
vt 0.1641 0.8869
vt 0.0751 0.7736
vt 0.7992 0.9232
f 2197/2197/2197 2198/2198/2198 2199/2199/2199
v 0.0277 -0.0245 -0.0132
v -0.0618 -0.0234 -0.051
v -0.0522 -0.0234 -0.0535
vn -0.0133 -0.9999 0.0039
vn -0.0065 -0.9999 -0.0136
vn -0.0054 -0.9998 -0.0181
vt 0.0751 0.7736
vt 0.8663 0.8532
vt 0.7992 0.9232
f 2200/2200/2200 2201/2201/2201 2202/2202/2202
v 0.0277 -0.0245 -0.0132
v -0.0713 -0.0234 -0.0455
v -0.0618 -0.0234 -0.051
vn -0.0133 -0.9999 0.0039
vn -0.0074 -0.9999 -0.0088
vn -0.0065 -0.9999 -0.0136
vt 0.0751 0.7736
vt 0.9254 0.7481
vt 0.8663 0.8532
f 2203/2203/2203 2204/2204/2204 2205/2205/2205
v 0.0277 -0.0245 -0.0132
v 0.0308 -0.0245 -0.0011
v -0.0713 -0.0234 -0.0455
vn -0.0133 -0.9999 0.0039
vn -0.0107 -0.9999 0.0001
vn -0.0074 -0.9999 -0.0088
vt 0.0751 0.7736
vt 0.0191 0.6416
vt 0.9254 0.7481
f 2206/2206/2206 2207/2207/2207 2208/2208/2208
v 0.0308 -0.0245 -0.0011
v -0.0722 -0.0234 -0.0447
v -0.0713 -0.0234 -0.0455
vn -0.0107 -0.9999 0.0001
vn -0.0068 -0.9999 -0.0079
vn -0.0074 -0.9999 -0.0088
vt 0.0191 0.6416
vt 0.93 0.7345
vt 0.9254 0.7481
f 2209/2209/2209 2210/2210/2210 2211/2211/2211
v 0.0308 -0.0245 -0.0011
v 0.0293 -0.0245 0.0102
v -0.0722 -0.0234 -0.0447
vn -0.0107 -0.9999 0.0001
vn -0.0088 -1 -0.0033
vn -0.0068 -0.9999 -0.0079
vt 0.0191 0.6416
vt 0 0.5
vt 0.93 0.7345
f 2212/2212/2212 2213/2213/2213 2214/2214/2214
v 0.0293 -0.0245 0.0102
v -0.0801 -0.0234 -0.0387
v -0.0722 -0.0234 -0.0447
vn -0.0088 -1 -0.0033
vn -0.0071 -1 -0.0064
vn -0.0068 -0.9999 -0.0079
vt 0 0.5
vt 0.9747 0.6289
vt 0.93 0.7345
f 2215/2215/2215 2216/2216/2216 2217/2217/2217
v 0.0293 -0.0245 0.0102
v 0.0234 -0.0245 0.02
v -0.0801 -0.0234 -0.0387
vn -0.0088 -1 -0.0033
vn -0.0073 -1 -0.0061
vn -0.0071 -1 -0.0064
vt 0 0.5
vt 0.0191 0.3584
vt 0.9747 0.6289
f 2218/2218/2218 2219/2219/2219 2220/2220/2220
v 0.0234 -0.0245 0.02
v -0.0861 -0.0234 -0.03
v -0.0801 -0.0234 -0.0387
vn -0.0073 -1 -0.0061
vn -0.0089 -1 -0.0034
vn -0.0071 -1 -0.0064
vt 0.0191 0.3584
vt 0.9975 0.5
vt 0.9747 0.6289
f 2221/2221/2221 2222/2222/2222 2223/2223/2223
v 0.0234 -0.0245 0.02
v 0.0136 -0.0245 0.0275
v -0.0861 -0.0234 -0.03
vn -0.0073 -1 -0.0061
vn -0.006 -0.9999 -0.0094
vn -0.0089 -1 -0.0034
vt 0.0191 0.3584
vt 0.0751 0.2264
vt 0.9975 0.5
f 2224/2224/2224 2225/2225/2225 2226/2226/2226
v 0.0136 -0.0245 0.0275
v -0.0868 -0.0234 -0.0195
v -0.0861 -0.0234 -0.03
vn -0.006 -0.9999 -0.0094
vn -0.0114 -0.9999 -0.0003
vn -0.0089 -1 -0.0034
vt 0.0751 0.2264
vt 0.9747 0.3711
vt 0.9975 0.5
f 2227/2227/2227 2228/2228/2228 2229/2229/2229
v 0.0136 -0.0245 0.0275
v 0.0003 -0.0245 0.0324
v -0.0868 -0.0234 -0.0195
vn -0.006 -0.9999 -0.0094
vn -0.0037 -0.9999 -0.0159
vn -0.0114 -0.9999 -0.0003
vt 0.0751 0.2264
vt 0.1641 0.1131
vt 0.9747 0.3711
f 2230/2230/2230 2231/2231/2231 2232/2232/2232
v 0.0003 -0.0245 0.0324
v -0.0866 -0.0234 -0.0184
v -0.0868 -0.0234 -0.0195
vn -0.0037 -0.9999 -0.0159
vn -0.0141 -0.9999 0.0026
vn -0.0114 -0.9999 -0.0003
vt 0.1641 0.1131
vt 0.9703 0.3583
vt 0.9747 0.3711
f 2233/2233/2233 2234/2234/2234 2235/2235/2235
v 0.0003 -0.0245 0.0324
v -0.0842 -0.0234 -0.0085
v -0.0866 -0.0234 -0.0184
vn -0.0037 -0.9999 -0.0159
vn -0.0165 -0.9999 0.0032
vn -0.0141 -0.9999 0.0026
vt 0.1641 0.1131
vt 0.9248 0.2509
vt 0.9703 0.3583
f 2236/2236/2236 2237/2237/2237 2238/2238/2238
v 0.0003 -0.0245 0.0324
v -0.0312 -0.0245 0.0252
v -0.0842 -0.0234 -0.0085
vn -0.0037 -0.9999 -0.0159
vn 0.0084 -0.9988 -0.0474
vn -0.0165 -0.9999 0.0032
vt 0.1641 0.1131
vt 0.4259 0.067
vt 0.9248 0.2509
f 2239/2239/2239 2240/2240/2240 2241/2241/2241
v -0.0312 -0.0245 0.0252
v -0.0801 -0.0234 0.0015
v -0.0842 -0.0234 -0.0085
vn 0.0084 -0.9988 -0.0474
vn -0.0303 -0.9995 0.0128
vn -0.0165 -0.9999 0.0032
vt 0.4259 0.067
vt 0.8669 0.1478
vt 0.9248 0.2509
f 2242/2242/2242 2243/2243/2243 2244/2244/2244
v -0.0312 -0.0245 0.0252
v -0.0427 -0.0245 0.0254
v -0.0801 -0.0234 0.0015
vn 0.0084 -0.9988 -0.0474
vn -0.0003 -0.9988 -0.0487
vn -0.0303 -0.9995 0.0128
vt 0.4259 0.067
vt 0.5142 0.017
vt 0.8669 0.1478
f 2245/2245/2245 2246/2246/2246 2247/2247/2247
v -0.0427 -0.0245 0.0254
v -0.0734 -0.0234 0.0104
v -0.0801 -0.0234 0.0015
vn -0.0003 -0.9988 -0.0487
vn -0.0609 -0.9971 0.046
vn -0.0303 -0.9995 0.0128
vt 0.5142 0.017
vt 0.7913 0.0686
vt 0.8669 0.1478
f 2248/2248/2248 2249/2249/2249 2250/2250/2250
v -0.0427 -0.0245 0.0254
v -0.0541 -0.0245 0.0228
v -0.0734 -0.0234 0.0104
vn -0.0003 -0.9988 -0.0487
vn 0.0325 -0.989 -0.1446
vn -0.0609 -0.9971 0.046
vt 0.5142 0.017
vt 0.609 0
vt 0.7913 0.0686
f 2251/2251/2251 2252/2252/2252 2253/2253/2253
v -0.0541 -0.0245 0.0228
v -0.0645 -0.0234 0.0176
v -0.0734 -0.0234 0.0104
vn 0.0325 -0.989 -0.1446
vn -0.2609 -0.9065 0.3318
vn -0.0609 -0.9971 0.046
vt 0.609 0
vt 0.7034 0.0188
vt 0.7913 0.0686
f 2254/2254/2254 2255/2255/2255 2256/2256/2256
v -0.0541 -0.0245 0.0228
v -0.0646 -0.0245 0.0178
v -0.0645 -0.0234 0.0176
vn 0.0325 -0.989 -0.1446
vn 0.2379 -0.9226 -0.3036
vn -0.2609 -0.9065 0.3318
vt 0.609 0
vt 0.7037 0.017
vt 0.7034 0.0188
f 2257/2257/2257 2258/2258/2258 2259/2259/2259
v -0.0646 -0.0245 0.0178
v -0.0541 -0.0234 0.0227
v -0.0645 -0.0234 0.0176
vn 0.2379 -0.9226 -0.3036
vn -0.0336 -0.9882 0.1494
vn -0.2609 -0.9065 0.3318
vt 0.7037 0.017
vt 0.609 0.0019
vt 0.7034 0.0188
f 2260/2260/2260 2261/2261/2261 2262/2262/2262
v -0.0646 -0.0245 0.0178
v -0.0735 -0.0245 0.0105
v -0.0541 -0.0234 0.0227
vn 0.2379 -0.9226 -0.3036
vn 0.0399 -0.9988 -0.0275
vn -0.0336 -0.9882 0.1494
vt 0.7037 0.017
vt 0.792 0.067
vt 0.609 0.0019
f 2263/2263/2263 2264/2264/2264 2265/2265/2265
v -0.0735 -0.0245 0.0105
v -0.0427 -0.0234 0.0252
v -0.0541 -0.0234 0.0227
vn 0.0399 -0.9988 -0.0275
vn -0.0015 -0.997 0.0774
vn -0.0336 -0.9882 0.1494
vt 0.792 0.067
vt 0.5146 0.0188
vt 0.609 0.0019
f 2266/2266/2266 2267/2267/2267 2268/2268/2268
v -0.0735 -0.0245 0.0105
v -0.0312 -0.0234 0.0251
v -0.0427 -0.0234 0.0252
vn 0.0399 -0.9988 -0.0275
vn -0.0159 -0.9965 0.0824
vn -0.0015 -0.997 0.0774
vt 0.792 0.067
vt 0.4266 0.0686
vt 0.5146 0.0188
f 2269/2269/2269 2270/2270/2270 2271/2271/2271
v -0.0735 -0.0245 0.0105
v -0.0803 -0.0245 0.0015
v -0.0312 -0.0234 0.0251
vn 0.0399 -0.9988 -0.0275
vn 0.0271 -0.9996 -0.0126
vn -0.0159 -0.9965 0.0824
vt 0.792 0.067
vt 0.8678 0.1464
vt 0.4266 0.0686
f 2272/2272/2272 2273/2273/2273 2274/2274/2274
v -0.0803 -0.0245 0.0015
v -0.0279 -0.0234 0.0259
v -0.0312 -0.0234 0.0251
vn 0.0271 -0.9996 -0.0126
vn -0.0107 -0.9986 0.0511
vn -0.0159 -0.9965 0.0824
vt 0.8678 0.1464
vt 0.3987 0.0735
vt 0.4266 0.0686
f 2275/2275/2275 2276/2276/2276 2277/2277/2277
v -0.0803 -0.0245 0.0015
v -0.0843 -0.0245 -0.0085
v -0.0279 -0.0234 0.0259
vn 0.0271 -0.9996 -0.0126
vn 0.0163 -0.9999 -0.0034
vn -0.0107 -0.9986 0.0511
vt 0.8678 0.1464
vt 0.926 0.25
vt 0.3987 0.0735
f 2278/2278/2278 2279/2279/2279 2280/2280/2280
v -0.0843 -0.0245 -0.0085
v 0.0002 -0.0234 0.0322
v -0.0279 -0.0234 0.0259
vn 0.0163 -0.9999 -0.0034
vn 0.0037 -0.9999 0.0159
vn -0.0107 -0.9986 0.0511
vt 0.926 0.25
vt 0.1656 0.1145
vt 0.3987 0.0735
f 2281/2281/2281 2282/2282/2282 2283/2283/2283
v -0.0843 -0.0245 -0.0085
v -0.0871 -0.0245 -0.0196
v 0.0002 -0.0234 0.0322
vn 0.0163 -0.9999 -0.0034
vn 0.0116 -0.9999 -0.0001
vn 0.0037 -0.9999 0.0159
vt 0.926 0.25
vt 0.9771 0.3706
vt 0.1656 0.1145
f 2284/2284/2284 2285/2285/2285 2286/2286/2286
v -0.0871 -0.0245 -0.0196
v 0.0134 -0.0234 0.0274
v 0.0002 -0.0234 0.0322
vn 0.0116 -0.9999 -0.0001
vn 0.006 -0.9999 0.0094
vn 0.0037 -0.9999 0.0159
vt 0.9771 0.3706
vt 0.0769 0.2274
vt 0.1656 0.1145
f 2287/2287/2287 2288/2288/2288 2289/2289/2289
v -0.0871 -0.0245 -0.0196
v -0.0864 -0.0245 -0.0301
v 0.0134 -0.0234 0.0274
vn 0.0116 -0.9999 -0.0001
vn 0.0089 -1 0.0034
vn 0.006 -0.9999 0.0094
vt 0.9771 0.3706
vt 1 0.5
vt 0.0769 0.2274
f 2290/2290/2290 2291/2291/2291 2292/2292/2292
v -0.0864 -0.0245 -0.0301
v 0.0232 -0.0234 0.0199
v 0.0134 -0.0234 0.0274
vn 0.0089 -1 0.0034
vn 0.0072 -1 0.0061
vn 0.006 -0.9999 0.0094
vt 1 0.5
vt 0.0211 0.3589
vt 0.0769 0.2274
f 2293/2293/2293 2294/2294/2294 2295/2295/2295
v -0.0282 -0.0245 -0.0515
v -0.0396 -0.0245 -0.0541
v -0.0397 -0.0145 -0.0527
vn 0.326 0.1329 -0.936
vn 0.1016 0.134 -0.9858
vn 0.099 0.2626 -0.9598
vt 0.609 1
vt 0.7037 0.983
vt 0.7005 0.9665
f 2296/2296/2296 2297/2297/2297 2298/2298/2298
v -0.0397 -0.0145 -0.0527
v -0.0286 -0.0145 -0.0502
v -0.0282 -0.0245 -0.0515
vn 0.099 0.2626 -0.9598
vn 0.3175 0.2608 -0.9117
vn 0.326 0.1329 -0.936
vt 0.7005 0.9665
vt 0.609 0.983
vt 0.609 1
f 2299/2299/2299 2300/2300/2300 2301/2301/2301
v -0.0396 -0.0245 -0.0541
v -0.0511 -0.0245 -0.0539
v -0.0508 -0.0145 -0.0526
vn 0.1016 0.134 -0.9858
vn -0.134 0.1369 -0.9815
vn -0.1292 0.2673 -0.9549
vt 0.7037 0.983
vt 0.792 0.933
vt 0.7858 0.9183
f 2302/2302/2302 2303/2303/2303 2304/2304/2304
v -0.0508 -0.0145 -0.0526
v -0.0397 -0.0145 -0.0527
v -0.0396 -0.0245 -0.0541
vn -0.1292 0.2673 -0.9549
vn 0.099 0.2626 -0.9598
vn 0.1016 0.134 -0.9858
vt 0.7858 0.9183
vt 0.7005 0.9665
vt 0.7037 0.983
f 2305/2305/2305 2306/2306/2306 2307/2307/2307
v -0.0511 -0.0245 -0.0539
v -0.0619 -0.0246 -0.0511
v -0.0611 -0.0144 -0.0498
vn -0.134 0.1369 -0.9815
vn -0.3745 0.1412 -0.9164
vn -0.3625 0.2766 -0.89
vt 0.792 0.933
vt 0.8674 0.8547
vt 0.8584 0.8424
f 2308/2308/2308 2309/2309/2309 2310/2310/2310
v -0.0611 -0.0144 -0.0498
v -0.0508 -0.0145 -0.0526
v -0.0511 -0.0245 -0.0539
vn -0.3625 0.2766 -0.89
vn -0.1292 0.2673 -0.9549
vn -0.134 0.1369 -0.9815
vt 0.8584 0.8424
vt 0.7858 0.9183
vt 0.792 0.933
f 2311/2311/2311 2312/2312/2312 2313/2313/2313
v -0.0619 -0.0246 -0.0511
v -0.0715 -0.0246 -0.0457
v -0.0704 -0.0144 -0.0446
vn -0.3745 0.1412 -0.9164
vn -0.5647 0.1687 -0.8079
vn -0.5686 0.2851 -0.7716
vt 0.8674 0.8547
vt 0.9266 0.7491
vt 0.9156 0.7405
f 2314/2314/2314 2315/2315/2315 2316/2316/2316
v -0.0704 -0.0144 -0.0446
v -0.0611 -0.0144 -0.0498
v -0.0619 -0.0246 -0.0511
vn -0.5686 0.2851 -0.7716
vn -0.3625 0.2766 -0.89
vn -0.3745 0.1412 -0.9164
vt 0.9156 0.7405
vt 0.8584 0.8424
vt 0.8674 0.8547
f 2317/2317/2317 2318/2318/2318 2319/2319/2319
v -0.0715 -0.0246 -0.0457
v -0.0804 -0.0245 -0.0388
v -0.078 -0.0145 -0.0376
vn -0.5647 0.1687 -0.8079
vn -0.7053 0.253 -0.6622
vn -0.6968 0.4181 -0.5828
vt 0.9266 0.7491
vt 0.9771 0.6294
vt 0.955 0.625
f 2320/2320/2320 2321/2321/2321 2322/2322/2322
v -0.078 -0.0145 -0.0376
v -0.0704 -0.0144 -0.0446
v -0.0715 -0.0246 -0.0457
vn -0.6968 0.4181 -0.5828
vn -0.5686 0.2851 -0.7716
vn -0.5647 0.1687 -0.8079
vt 0.955 0.625
vt 0.9156 0.7405
vt 0.9266 0.7491
f 2323/2323/2323 2324/2324/2324 2325/2325/2325
v -0.0804 -0.0245 -0.0388
v -0.0864 -0.0245 -0.0301
v -0.0838 -0.0145 -0.0292
vn -0.7053 0.253 -0.6622
vn -0.9093 0.2699 -0.3167
vn -0.8373 0.4625 -0.2916
vt 0.9771 0.6294
vt 1 0.5
vt 0.9771 0.5
f 2326/2326/2326 2327/2327/2327 2328/2328/2328
v -0.0838 -0.0145 -0.0292
v -0.078 -0.0145 -0.0376
v -0.0804 -0.0245 -0.0388
vn -0.8373 0.4625 -0.2916
vn -0.6968 0.4181 -0.5828
vn -0.7053 0.253 -0.6622
vt 0.9771 0.5
vt 0.955 0.625
vt 0.9771 0.6294
f 2329/2329/2329 2330/2330/2330 2331/2331/2331
v -0.0838 -0.0145 -0.0292
v -0.0864 -0.0245 -0.0301
v -0.0871 -0.0245 -0.0196
vn -0.8373 0.4625 -0.2916
vn -0.9093 0.2699 -0.3167
vn -0.9641 0.253 0.0805
vt 0.9771 0.5
vt 1 0.5
vt 0.9771 0.3706
f 2332/2332/2332 2333/2333/2333 2334/2334/2334
v -0.0871 -0.0245 -0.0196
v -0.0844 -0.0145 -0.019
v -0.0838 -0.0145 -0.0292
vn -0.9641 0.253 0.0805
vn -0.8962 0.4408 0.0514
vn -0.8373 0.4625 -0.2916
vt 0.9771 0.3706
vt 0.955 0.375
vt 0.9771 0.5
f 2335/2335/2335 2336/2336/2336 2337/2337/2337
v -0.0844 -0.0145 -0.019
v -0.0871 -0.0245 -0.0196
v -0.0843 -0.0245 -0.0085
vn -0.8962 0.4408 0.0514
vn -0.9641 0.253 0.0805
vn -0.9443 0.1686 0.2824
vt 0.955 0.375
vt 0.9771 0.3706
vt 0.926 0.25
f 2338/2338/2338 2339/2339/2339 2340/2340/2340
v -0.0843 -0.0245 -0.0085
v -0.0828 -0.0145 -0.0087
v -0.0844 -0.0145 -0.019
vn -0.9443 0.1686 0.2824
vn -0.9216 0.3208 0.2185
vn -0.8962 0.4408 0.0514
vt 0.926 0.25
vt 0.9152 0.2585
vt 0.955 0.375
f 2341/2341/2341 2342/2342/2342 2343/2343/2343
v -0.0828 -0.0145 -0.0087
v -0.0843 -0.0245 -0.0085
v -0.0803 -0.0245 0.0015
vn -0.9216 0.3208 0.2185
vn -0.9443 0.1686 0.2824
vn -0.8632 0.1412 0.4847
vt 0.9152 0.2585
vt 0.926 0.25
vt 0.8678 0.1464
f 2344/2344/2344 2345/2345/2345 2346/2346/2346
v -0.0803 -0.0245 0.0015
v -0.0789 -0.0145 0.001
v -0.0828 -0.0145 -0.0087
vn -0.8632 0.1412 0.4847
vn -0.8381 0.2751 0.471
vn -0.9216 0.3208 0.2185
vt 0.8678 0.1464
vt 0.859 0.1585
vt 0.9152 0.2585
f 2347/2347/2347 2348/2348/2348 2349/2349/2349
v -0.0789 -0.0145 0.001
v -0.0803 -0.0245 0.0015
v -0.0735 -0.0245 0.0105
vn -0.8381 0.2751 0.471
vn -0.8632 0.1412 0.4847
vn -0.7154 0.1369 0.6852
vt 0.859 0.1585
vt 0.8678 0.1464
vt 0.792 0.067
f 2350/2350/2350 2351/2351/2351 2352/2352/2352
v -0.0735 -0.0245 0.0105
v -0.0724 -0.0145 0.0096
v -0.0789 -0.0145 0.001
vn -0.7154 0.1369 0.6852
vn -0.6957 0.2677 0.6666
vn -0.8381 0.2751 0.471
vt 0.792 0.067
vt 0.7858 0.0817
vt 0.859 0.1585
f 2353/2353/2353 2354/2354/2354 2355/2355/2355
v -0.0724 -0.0145 0.0096
v -0.0735 -0.0245 0.0105
v -0.0646 -0.0245 0.0178
vn -0.6957 0.2677 0.6666
vn -0.7154 0.1369 0.6852
vn -0.5328 0.134 0.8356
vt 0.7858 0.0817
vt 0.792 0.067
vt 0.7037 0.017
f 2356/2356/2356 2357/2357/2357 2358/2358/2358
v -0.0646 -0.0245 0.0178
v -0.0638 -0.0145 0.0167
v -0.0724 -0.0145 0.0096
vn -0.5328 0.134 0.8356
vn -0.5187 0.2626 0.8136
vn -0.6957 0.2677 0.6666
vt 0.7037 0.017
vt 0.7005 0.0335
vt 0.7858 0.0817
f 2359/2359/2359 2360/2360/2360 2361/2361/2361
v -0.0646 -0.0245 0.0178
v -0.0541 -0.0245 0.0228
v -0.0537 -0.0145 0.0216
vn -0.5328 0.134 0.8356
vn -0.326 0.1329 0.936
vn -0.3175 0.2607 0.9117
vt 0.7037 0.017
vt 0.609 0
vt 0.609 0.017
f 2362/2362/2362 2363/2363/2363 2364/2364/2364
v -0.0537 -0.0145 0.0216
v -0.0638 -0.0145 0.0167
v -0.0646 -0.0245 0.0178
vn -0.3175 0.2607 0.9117
vn -0.5187 0.2626 0.8136
vn -0.5328 0.134 0.8356
vt 0.609 0.017
vt 0.7005 0.0335
vt 0.7037 0.017
f 2365/2365/2365 2366/2366/2366 2367/2367/2367
v -0.0541 -0.0245 0.0228
v -0.0427 -0.0245 0.0254
v -0.0426 -0.0145 0.024
vn -0.326 0.1329 0.936
vn -0.1017 0.134 0.9858
vn -0.0991 0.2626 0.9598
vt 0.609 0
vt 0.5142 0.017
vt 0.5175 0.0335
f 2368/2368/2368 2369/2369/2369 2370/2370/2370
v -0.0426 -0.0145 0.024
v -0.0537 -0.0145 0.0216
v -0.0541 -0.0245 0.0228
vn -0.0991 0.2626 0.9598
vn -0.3175 0.2607 0.9117
vn -0.326 0.1329 0.936
vt 0.5175 0.0335
vt 0.609 0.017
vt 0.609 0
f 2371/2371/2371 2372/2372/2372 2373/2373/2373
v -0.0427 -0.0245 0.0254
v -0.0312 -0.0245 0.0252
v -0.0315 -0.0145 0.0239
vn -0.1017 0.134 0.9858
vn -0.1073 0.129 0.9858
vn -0.1051 0.2583 0.9603
vt 0.5142 0.017
vt 0.4259 0.067
vt 0.4322 0.0817
f 2374/2374/2374 2375/2375/2375 2376/2376/2376
v -0.0315 -0.0145 0.0239
v -0.0426 -0.0145 0.024
v -0.0427 -0.0245 0.0254
vn -0.1051 0.2583 0.9603
vn -0.0991 0.2626 0.9598
vn -0.1017 0.134 0.9858
vt 0.4322 0.0817
vt 0.5175 0.0335
vt 0.5142 0.017
f 2377/2377/2377 2378/2378/2378 2379/2379/2379
v -0.0312 -0.0245 0.0252
v 0.0003 -0.0245 0.0324
v -0.0009 -0.0145 0.0308
vn -0.1073 0.129 0.9858
vn 0.0817 0.16 0.9837
vn 0.0705 0.3045 0.9499
vt 0.4259 0.067
vt 0.1641 0.1131
vt 0.1776 0.1263
f 2380/2380/2380 2381/2381/2381 2382/2382/2382
v -0.0009 -0.0145 0.0308
v -0.0315 -0.0145 0.0239
v -0.0312 -0.0245 0.0252
vn 0.0705 0.3045 0.9499
vn -0.1051 0.2583 0.9603
vn -0.1073 0.129 0.9858
vt 0.1776 0.1263
vt 0.4322 0.0817
vt 0.4259 0.067
f 2383/2383/2383 2384/2384/2384 2385/2385/2385
v 0.0003 -0.0245 0.0324
v 0.0136 -0.0245 0.0275
v 0.0119 -0.0145 0.0262
vn 0.0817 0.16 0.9837
vn 0.4774 0.1962 0.8565
vn 0.4506 0.3653 0.8146
vt 0.1641 0.1131
vt 0.0751 0.2264
vt 0.0916 0.2357
f 2386/2386/2386 2387/2387/2387 2388/2388/2388
v 0.0119 -0.0145 0.0262
v -0.0009 -0.0145 0.0308
v 0.0003 -0.0245 0.0324
vn 0.4506 0.3653 0.8146
vn 0.0705 0.3045 0.9499
vn 0.0817 0.16 0.9837
vt 0.0916 0.2357
vt 0.1776 0.1263
vt 0.1641 0.1131
f 2389/2389/2389 2390/2390/2390 2391/2391/2391
v 0.0136 -0.0245 0.0275
v 0.0234 -0.0245 0.02
v 0.0214 -0.0145 0.0189
vn 0.4774 0.1962 0.8565
vn 0.7307 0.2181 0.6469
vn 0.6856 0.3962 0.6107
vt 0.0751 0.2264
vt 0.0191 0.3584
vt 0.0375 0.3632
f 2392/2392/2392 2393/2393/2393 2394/2394/2394
v 0.0214 -0.0145 0.0189
v 0.0119 -0.0145 0.0262
v 0.0136 -0.0245 0.0275
vn 0.6856 0.3962 0.6107
vn 0.4506 0.3653 0.8146
vn 0.4774 0.1962 0.8565
vt 0.0375 0.3632
vt 0.0916 0.2357
vt 0.0751 0.2264
f 2395/2395/2395 2396/2396/2396 2397/2397/2397
v 0.0234 -0.0245 0.02
v 0.0293 -0.0245 0.0102
v 0.0271 -0.0145 0.0094
vn 0.7307 0.2181 0.6469
vn 0.9195 0.2279 0.3203
vn 0.8617 0.4092 0.3001
vt 0.0191 0.3584
vt 0 0.5
vt 0.0191 0.5
f 2398/2398/2398 2399/2399/2399 2400/2400/2400
v 0.0271 -0.0145 0.0094
v 0.0214 -0.0145 0.0189
v 0.0234 -0.0245 0.02
vn 0.8617 0.4092 0.3001
vn 0.6856 0.3962 0.6107
vn 0.7307 0.2181 0.6469
vt 0.0191 0.5
vt 0.0375 0.3632
vt 0.0191 0.3584
f 2401/2401/2401 2402/2402/2402 2403/2403/2403
v 0.0271 -0.0145 0.0094
v 0.0293 -0.0245 0.0102
v 0.0308 -0.0245 -0.0011
vn 0.8617 0.4092 0.3001
vn 0.9195 0.2279 0.3203
vn 0.9745 0.2181 -0.0529
vt 0.0191 0.5
vt 0 0.5
vt 0.0191 0.6416
f 2404/2404/2404 2405/2405/2405 2406/2406/2406
v 0.0308 -0.0245 -0.0011
v 0.0285 -0.0145 -0.0015
v 0.0271 -0.0145 0.0094
vn 0.9745 0.2181 -0.0529
vn 0.9166 0.3962 -0.0527
vn 0.8617 0.4092 0.3001
vt 0.0191 0.6416
vt 0.0375 0.6368
vt 0.0191 0.5
f 2407/2407/2407 2408/2408/2408 2409/2409/2409
v 0.0285 -0.0145 -0.0015
v 0.0308 -0.0245 -0.0011
v 0.0277 -0.0245 -0.0132
vn 0.9166 0.3962 -0.0527
vn 0.9745 0.2181 -0.0529
vn 0.9062 0.1962 -0.3746
vt 0.0375 0.6368
vt 0.0191 0.6416
vt 0.0751 0.7736
f 2410/2410/2410 2411/2411/2411 2412/2412/2412
v 0.0277 -0.0245 -0.0132
v 0.0256 -0.0145 -0.0131
v 0.0285 -0.0145 -0.0015
vn 0.9062 0.1962 -0.3746
vn 0.8591 0.3653 -0.3584
vn 0.9166 0.3962 -0.0527
vt 0.0751 0.7736
vt 0.0916 0.7643
vt 0.0375 0.6368
f 2413/2413/2413 2414/2414/2414 2415/2415/2415
v 0.0256 -0.0145 -0.0131
v 0.0277 -0.0245 -0.0132
v 0.0203 -0.0245 -0.0252
vn 0.8591 0.3653 -0.3584
vn 0.9062 0.1962 -0.3746
vn 0.6752 0.1599 -0.7201
vt 0.0916 0.7643
vt 0.0751 0.7736
vt 0.1641 0.8869
f 2416/2416/2416 2417/2417/2417 2418/2418/2418
v 0.0203 -0.0245 -0.0252
v 0.0184 -0.0145 -0.0247
v 0.0256 -0.0145 -0.0131
vn 0.6752 0.1599 -0.7201
vn 0.6454 0.3045 -0.7005
vn 0.8591 0.3653 -0.3584
vt 0.1641 0.8869
vt 0.1776 0.8737
vt 0.0916 0.7643
f 2419/2419/2419 2420/2420/2420 2421/2421/2421
v 0.0184 -0.0145 -0.0247
v 0.0203 -0.0245 -0.0252
v -0.0088 -0.0245 -0.0391
vn 0.6454 0.3045 -0.7005
vn 0.6752 0.1599 -0.7201
vn 0.5284 0.1291 -0.8391
vt 0.1776 0.8737
vt 0.1641 0.8869
vt 0.4259 0.933
f 2422/2422/2422 2423/2423/2423 2424/2424/2424
v -0.0088 -0.0245 -0.0391
v -0.0099 -0.0145 -0.0383
v 0.0184 -0.0145 -0.0247
vn 0.5284 0.1291 -0.8391
vn 0.5143 0.2583 -0.8178
vn 0.6454 0.3045 -0.7005
vt 0.4259 0.933
vt 0.4322 0.9183
vt 0.1776 0.8737
f 2425/2425/2425 2426/2426/2426 2427/2427/2427
v -0.0099 -0.0145 -0.0383
v -0.0088 -0.0245 -0.0391
v -0.0177 -0.0245 -0.0464
vn 0.5143 0.2583 -0.8178
vn 0.5284 0.1291 -0.8391
vn 0.5328 0.134 -0.8356
vt 0.4322 0.9183
vt 0.4259 0.933
vt 0.5142 0.983
f 2428/2428/2428 2429/2429/2429 2430/2430/2430
v -0.0177 -0.0245 -0.0464
v -0.0185 -0.0145 -0.0453
v -0.0099 -0.0145 -0.0383
vn 0.5328 0.134 -0.8356
vn 0.5187 0.2626 -0.8136
vn 0.5143 0.2583 -0.8178
vt 0.5142 0.983
vt 0.5175 0.9665
vt 0.4322 0.9183
f 2431/2431/2431 2432/2432/2432 2433/2433/2433
v -0.0177 -0.0245 -0.0464
v -0.0282 -0.0245 -0.0515
v -0.0286 -0.0145 -0.0502
vn 0.5328 0.134 -0.8356
vn 0.326 0.1329 -0.936
vn 0.3175 0.2608 -0.9117
vt 0.5142 0.983
vt 0.609 1
vt 0.609 0.983
f 2434/2434/2434 2435/2435/2435 2436/2436/2436
v -0.0286 -0.0145 -0.0502
v -0.0185 -0.0145 -0.0453
v -0.0177 -0.0245 -0.0464
vn 0.3175 0.2608 -0.9117
vn 0.5187 0.2626 -0.8136
vn 0.5328 0.134 -0.8356
vt 0.609 0.983
vt 0.5175 0.9665
vt 0.5142 0.983
f 2437/2437/2437 2438/2438/2438 2439/2439/2439
v -0.0286 -0.0145 -0.0502
v -0.0397 -0.0145 -0.0527
v -0.0398 -0.0051 -0.0487
vn 0.3175 0.2608 -0.9117
vn 0.099 0.2626 -0.9598
vn 0.0889 0.5053 -0.8583
vt 0.609 0.983
vt 0.7005 0.9665
vt 0.691 0.9183
f 2440/2440/2440 2441/2441/2441 2442/2442/2442
v -0.0398 -0.0051 -0.0487
v -0.0299 -0.0051 -0.0465
v -0.0286 -0.0145 -0.0502
vn 0.0889 0.5053 -0.8583
vn 0.2844 0.5026 -0.8164
vn 0.3175 0.2608 -0.9117
vt 0.691 0.9183
vt 0.609 0.933
vt 0.609 0.983
f 2443/2443/2443 2444/2444/2444 2445/2445/2445
v -0.0397 -0.0145 -0.0527
v -0.0508 -0.0145 -0.0526
v -0.0498 -0.0051 -0.0486
vn 0.099 0.2626 -0.9598
vn -0.1292 0.2673 -0.9549
vn -0.1154 0.5136 -0.8502
vt 0.7005 0.9665
vt 0.7858 0.9183
vt 0.7675 0.875
f 2446/2446/2446 2447/2447/2447 2448/2448/2448
v -0.0498 -0.0051 -0.0486
v -0.0398 -0.0051 -0.0487
v -0.0397 -0.0145 -0.0527
vn -0.1154 0.5136 -0.8502
vn 0.0889 0.5053 -0.8583
vn 0.099 0.2626 -0.9598
vt 0.7675 0.875
vt 0.691 0.9183
vt 0.7005 0.9665
f 2449/2449/2449 2450/2450/2450 2451/2451/2451
v -0.0611 -0.0144 -0.0498
v -0.0592 -0.0051 -0.0461
v -0.0498 -0.0051 -0.0486
vn -0.3625 0.2766 -0.89
vn -0.3217 0.526 -0.7873
vn -0.1154 0.5136 -0.8502
vt 0.8584 0.8424
vt 0.8332 0.8062
vt 0.7675 0.875
f 2452/2452/2452 2453/2453/2453 2454/2454/2454
v -0.0498 -0.0051 -0.0486
v -0.0508 -0.0145 -0.0526
v -0.0611 -0.0144 -0.0498
vn -0.1154 0.5136 -0.8502
vn -0.1292 0.2673 -0.9549
vn -0.3625 0.2766 -0.89
vt 0.7675 0.875
vt 0.7858 0.9183
vt 0.8584 0.8424
f 2455/2455/2455 2456/2456/2456 2457/2457/2457
v -0.0704 -0.0144 -0.0446
v -0.0673 -0.0051 -0.0415
v -0.0592 -0.0051 -0.0461
vn -0.5686 0.2851 -0.7716
vn -0.5679 0.5718 -0.5921
vn -0.3217 0.526 -0.7873
vt 0.9156 0.7405
vt 0.8835 0.7165
vt 0.8332 0.8062
f 2458/2458/2458 2459/2459/2459 2460/2460/2460
v -0.0592 -0.0051 -0.0461
v -0.0611 -0.0144 -0.0498
v -0.0704 -0.0144 -0.0446
vn -0.3217 0.526 -0.7873
vn -0.3625 0.2766 -0.89
vn -0.5686 0.2851 -0.7716
vt 0.8332 0.8062
vt 0.8584 0.8424
vt 0.9156 0.7405
f 2461/2461/2461 2462/2462/2462 2463/2463/2463
v -0.078 -0.0145 -0.0376
v -0.0708 -0.0051 -0.034
v -0.0673 -0.0051 -0.0415
vn -0.6968 0.4181 -0.5828
vn -0.6881 0.5851 -0.4291
vn -0.5679 0.5718 -0.5921
vt 0.955 0.625
vt 0.8903 0.6121
vt 0.8835 0.7165
f 2464/2464/2464 2465/2465/2465 2466/2466/2466
v -0.0673 -0.0051 -0.0415
v -0.0704 -0.0144 -0.0446
v -0.078 -0.0145 -0.0376
vn -0.5679 0.5718 -0.5921
vn -0.5686 0.2851 -0.7716
vn -0.6968 0.4181 -0.5828
vt 0.8835 0.7165
vt 0.9156 0.7405
vt 0.955 0.625
f 2467/2467/2467 2468/2468/2468 2469/2469/2469
v -0.078 -0.0145 -0.0376
v -0.0838 -0.0145 -0.0292
v -0.076 -0.0051 -0.0265
vn -0.6968 0.4181 -0.5828
vn -0.8373 0.4625 -0.2916
vn -0.7572 0.6015 -0.2547
vt 0.955 0.625
vt 0.9771 0.5
vt 0.9101 0.5
f 2470/2470/2470 2471/2471/2471 2472/2472/2472
v -0.076 -0.0051 -0.0265
v -0.0708 -0.0051 -0.034
v -0.078 -0.0145 -0.0376
vn -0.7572 0.6015 -0.2547
vn -0.6881 0.5851 -0.4291
vn -0.6968 0.4181 -0.5828
vt 0.9101 0.5
vt 0.8903 0.6121
vt 0.955 0.625
f 2473/2473/2473 2474/2474/2474 2475/2475/2475
v -0.076 -0.0051 -0.0265
v -0.0838 -0.0145 -0.0292
v -0.0844 -0.0145 -0.019
vn -0.7572 0.6015 -0.2547
vn -0.8373 0.4625 -0.2916
vn -0.8962 0.4408 0.0514
vt 0.9101 0.5
vt 0.9771 0.5
vt 0.955 0.375
f 2476/2476/2476 2477/2477/2477 2478/2478/2478
v -0.0844 -0.0145 -0.019
v -0.0766 -0.0051 -0.0173
v -0.076 -0.0051 -0.0265
vn -0.8962 0.4408 0.0514
vn -0.8424 0.5282 -0.1065
vn -0.7572 0.6015 -0.2547
vt 0.955 0.375
vt 0.8903 0.3879
vt 0.9101 0.5
f 2479/2479/2479 2480/2480/2480 2481/2481/2481
v -0.0828 -0.0145 -0.0087
v -0.0785 -0.0051 -0.0093
v -0.0766 -0.0051 -0.0173
vn -0.9216 0.3208 0.2185
vn -0.8563 0.5095 0.084
vn -0.8424 0.5282 -0.1065
vt 0.9152 0.2585
vt 0.8835 0.2835
vt 0.8903 0.3879
f 2482/2482/2482 2483/2483/2483 2484/2484/2484
v -0.0766 -0.0051 -0.0173
v -0.0844 -0.0145 -0.019
v -0.0828 -0.0145 -0.0087
vn -0.8424 0.5282 -0.1065
vn -0.8962 0.4408 0.0514
vn -0.9216 0.3208 0.2185
vt 0.8903 0.3879
vt 0.955 0.375
vt 0.9152 0.2585
f 2485/2485/2485 2486/2486/2486 2487/2487/2487
v -0.0789 -0.0145 0.001
v -0.075 -0.0051 -0.0006
v -0.0785 -0.0051 -0.0093
vn -0.8381 0.2751 0.471
vn -0.7419 0.5243 0.418
vn -0.8563 0.5095 0.084
vt 0.859 0.1585
vt 0.8332 0.1938
vt 0.8835 0.2835
f 2488/2488/2488 2489/2489/2489 2490/2490/2490
v -0.0785 -0.0051 -0.0093
v -0.0828 -0.0145 -0.0087
v -0.0789 -0.0145 0.001
vn -0.8563 0.5095 0.084
vn -0.9216 0.3208 0.2185
vn -0.8381 0.2751 0.471
vt 0.8835 0.2835
vt 0.9152 0.2585
vt 0.859 0.1585
f 2491/2491/2491 2492/2492/2492 2493/2493/2493
v -0.0724 -0.0145 0.0096
v -0.0692 -0.0051 0.0072
v -0.075 -0.0051 -0.0006
vn -0.6957 0.2677 0.6666
vn -0.6193 0.5131 0.5943
vn -0.7419 0.5243 0.418
vt 0.7858 0.0817
vt 0.7675 0.125
vt 0.8332 0.1938
f 2494/2494/2494 2495/2495/2495 2496/2496/2496
v -0.075 -0.0051 -0.0006
v -0.0789 -0.0145 0.001
v -0.0724 -0.0145 0.0096
vn -0.7419 0.5243 0.418
vn -0.8381 0.2751 0.471
vn -0.6957 0.2677 0.6666
vt 0.8332 0.1938
vt 0.859 0.1585
vt 0.7858 0.0817
f 2497/2497/2497 2498/2498/2498 2499/2499/2499
v -0.0692 -0.0051 0.0072
v -0.0724 -0.0145 0.0096
v -0.0638 -0.0145 0.0167
vn -0.6193 0.5131 0.5943
vn -0.6957 0.2677 0.6666
vn -0.5187 0.2626 0.8136
vt 0.7675 0.125
vt 0.7858 0.0817
vt 0.7005 0.0335
f 2500/2500/2500 2501/2501/2501 2502/2502/2502
v -0.0638 -0.0145 0.0167
v -0.0615 -0.0051 0.0135
v -0.0692 -0.0051 0.0072
vn -0.5187 0.2626 0.8136
vn -0.4636 0.5053 0.7278
vn -0.6193 0.5131 0.5943
vt 0.7005 0.0335
vt 0.691 0.0817
vt 0.7675 0.125
f 2503/2503/2503 2504/2504/2504 2505/2505/2505
v -0.0615 -0.0051 0.0135
v -0.0638 -0.0145 0.0167
v -0.0537 -0.0145 0.0216
vn -0.4636 0.5053 0.7278
vn -0.5187 0.2626 0.8136
vn -0.3175 0.2607 0.9117
vt 0.691 0.0817
vt 0.7005 0.0335
vt 0.609 0.017
f 2506/2506/2506 2507/2507/2507 2508/2508/2508
v -0.0537 -0.0145 0.0216
v -0.0524 -0.0051 0.0179
v -0.0615 -0.0051 0.0135
vn -0.3175 0.2607 0.9117
vn -0.2843 0.5026 0.8164
vn -0.4636 0.5053 0.7278
vt 0.609 0.017
vt 0.609 0.067
vt 0.691 0.0817
f 2509/2509/2509 2510/2510/2510 2511/2511/2511
v -0.0537 -0.0145 0.0216
v -0.0426 -0.0145 0.024
v -0.0425 -0.0051 0.0201
vn -0.3175 0.2607 0.9117
vn -0.0991 0.2626 0.9598
vn -0.0889 0.5053 0.8583
vt 0.609 0.017
vt 0.5175 0.0335
vt 0.5269 0.0817
f 2512/2512/2512 2513/2513/2513 2514/2514/2514
v -0.0425 -0.0051 0.0201
v -0.0524 -0.0051 0.0179
v -0.0537 -0.0145 0.0216
vn -0.0889 0.5053 0.8583
vn -0.2843 0.5026 0.8164
vn -0.3175 0.2607 0.9117
vt 0.5269 0.0817
vt 0.609 0.067
vt 0.609 0.017
f 2515/2515/2515 2516/2516/2516 2517/2517/2517
v -0.0426 -0.0145 0.024
v -0.0315 -0.0145 0.0239
v -0.0325 -0.0051 0.0199
vn -0.0991 0.2626 0.9598
vn -0.1051 0.2583 0.9603
vn -0.0807 0.5108 0.8559
vt 0.5175 0.0335
vt 0.4322 0.0817
vt 0.4505 0.125
f 2518/2518/2518 2519/2519/2519 2520/2520/2520
v -0.0325 -0.0051 0.0199
v -0.0425 -0.0051 0.0201
v -0.0426 -0.0145 0.024
vn -0.0807 0.5108 0.8559
vn -0.0889 0.5053 0.8583
vn -0.0991 0.2626 0.9598
vt 0.4505 0.125
vt 0.5269 0.0817
vt 0.5175 0.0335
f 2521/2521/2521 2522/2522/2522 2523/2523/2523
v -0.0315 -0.0145 0.0239
v -0.0009 -0.0145 0.0308
v -0.0045 -0.0051 0.0264
vn -0.1051 0.2583 0.9603
vn 0.0705 0.3045 0.9499
vn 0.0329 0.5899 0.8068
vt 0.4322 0.0817
vt 0.1776 0.1263
vt 0.2172 0.1649
f 2524/2524/2524 2525/2525/2525 2526/2526/2526
v -0.0045 -0.0051 0.0264
v -0.0325 -0.0051 0.0199
v -0.0315 -0.0145 0.0239
vn 0.0329 0.5899 0.8068
vn -0.0807 0.5108 0.8559
vn -0.1051 0.2583 0.9603
vt 0.2172 0.1649
vt 0.4505 0.125
vt 0.4322 0.0817
f 2527/2527/2527 2528/2528/2528 2529/2529/2529
v -0.0009 -0.0145 0.0308
v 0.0119 -0.0145 0.0262
v 0.007 -0.0051 0.0222
vn 0.0705 0.3045 0.9499
vn 0.4506 0.3653 0.8146
vn 0.3559 0.6577 0.6639
vt 0.1776 0.1263
vt 0.0916 0.2357
vt 0.1401 0.2631
f 2530/2530/2530 2531/2531/2531 2532/2532/2532
v 0.007 -0.0051 0.0222
v -0.0045 -0.0051 0.0264
v -0.0009 -0.0145 0.0308
vn 0.3559 0.6577 0.6639
vn 0.0329 0.5899 0.8068
vn 0.0705 0.3045 0.9499
vt 0.1401 0.2631
vt 0.2172 0.1649
vt 0.1776 0.1263
f 2533/2533/2533 2534/2534/2534 2535/2535/2535
v 0.0119 -0.0145 0.0262
v 0.0214 -0.0145 0.0189
v 0.0155 -0.0051 0.0156
vn 0.4506 0.3653 0.8146
vn 0.6856 0.3962 0.6107
vn 0.5391 0.6864 0.4881
vt 0.0916 0.2357
vt 0.0375 0.3632
vt 0.0916 0.3774
f 2536/2536/2536 2537/2537/2537 2538/2538/2538
v 0.0155 -0.0051 0.0156
v 0.007 -0.0051 0.0222
v 0.0119 -0.0145 0.0262
vn 0.5391 0.6864 0.4881
vn 0.3559 0.6577 0.6639
vn 0.4506 0.3653 0.8146
vt 0.0916 0.3774
vt 0.1401 0.2631
vt 0.0916 0.2357
f 2539/2539/2539 2540/2540/2540 2541/2541/2541
v 0.0214 -0.0145 0.0189
v 0.0271 -0.0145 0.0094
v 0.0206 -0.0051 0.0072
vn 0.6856 0.3962 0.6107
vn 0.8617 0.4092 0.3001
vn 0.6754 0.6987 0.236
vt 0.0375 0.3632
vt 0.0191 0.5
vt 0.0751 0.5
f 2542/2542/2542 2543/2543/2543 2544/2544/2544
v 0.0206 -0.0051 0.0072
v 0.0155 -0.0051 0.0156
v 0.0214 -0.0145 0.0189
vn 0.6754 0.6987 0.236
vn 0.5391 0.6864 0.4881
vn 0.6856 0.3962 0.6107
vt 0.0751 0.5
vt 0.0916 0.3774
vt 0.0375 0.3632
f 2545/2545/2545 2546/2546/2546 2547/2547/2547
v 0.0206 -0.0051 0.0072
v 0.0271 -0.0145 0.0094
v 0.0285 -0.0145 -0.0015
vn 0.6754 0.6987 0.236
vn 0.8617 0.4092 0.3001
vn 0.9166 0.3962 -0.0527
vt 0.0751 0.5
vt 0.0191 0.5
vt 0.0375 0.6368
f 2548/2548/2548 2549/2549/2549 2550/2550/2550
v 0.0285 -0.0145 -0.0015
v 0.0219 -0.0051 -0.0026
v 0.0206 -0.0051 0.0072
vn 0.9166 0.3962 -0.0527
vn 0.7264 0.6856 -0.0485
vn 0.6754 0.6987 0.236
vt 0.0375 0.6368
vt 0.0916 0.6226
vt 0.0751 0.5
f 2551/2551/2551 2552/2552/2552 2553/2553/2553
v 0.0219 -0.0051 -0.0026
v 0.0285 -0.0145 -0.0015
v 0.0256 -0.0145 -0.0131
vn 0.7264 0.6856 -0.0485
vn 0.9166 0.3962 -0.0527
vn 0.8591 0.3653 -0.3584
vt 0.0916 0.6226
vt 0.0375 0.6368
vt 0.0916 0.7643
f 2554/2554/2554 2555/2555/2555 2556/2556/2556
v 0.0256 -0.0145 -0.0131
v 0.0192 -0.0051 -0.013
v 0.0219 -0.0051 -0.0026
vn 0.8591 0.3653 -0.3584
vn 0.6913 0.6577 -0.2992
vn 0.7264 0.6856 -0.0485
vt 0.0916 0.7643
vt 0.1401 0.7369
vt 0.0916 0.6226
f 2557/2557/2557 2558/2558/2558 2559/2559/2559
v 0.0192 -0.0051 -0.013
v 0.0256 -0.0145 -0.0131
v 0.0184 -0.0145 -0.0247
vn 0.6913 0.6577 -0.2992
vn 0.8591 0.3653 -0.3584
vn 0.6454 0.3045 -0.7005
vt 0.1401 0.7369
vt 0.0916 0.7643
vt 0.1776 0.8737
f 2560/2560/2560 2561/2561/2561 2562/2562/2562
v 0.0184 -0.0145 -0.0247
v 0.0129 -0.0051 -0.0235
v 0.0192 -0.0051 -0.013
vn 0.6454 0.3045 -0.7005
vn 0.527 0.5899 -0.6118
vn 0.6913 0.6577 -0.2992
vt 0.1776 0.8737
vt 0.2172 0.8351
vt 0.1401 0.7369
f 2563/2563/2563 2564/2564/2564 2565/2565/2565
v 0.0129 -0.0051 -0.0235
v 0.0184 -0.0145 -0.0247
v -0.0099 -0.0145 -0.0383
vn 0.527 0.5899 -0.6118
vn 0.6454 0.3045 -0.7005
vn 0.5143 0.2583 -0.8178
vt 0.2172 0.8351
vt 0.1776 0.8737
vt 0.4322 0.9183
f 2566/2566/2566 2567/2567/2567 2568/2568/2568
v -0.0099 -0.0145 -0.0383
v -0.0131 -0.0051 -0.0358
v 0.0129 -0.0051 -0.0235
vn 0.5143 0.2583 -0.8178
vn 0.4686 0.5108 -0.7208
vn 0.527 0.5899 -0.6118
vt 0.4322 0.9183
vt 0.4505 0.875
vt 0.2172 0.8351
f 2569/2569/2569 2570/2570/2570 2571/2571/2571
v -0.0131 -0.0051 -0.0358
v -0.0099 -0.0145 -0.0383
v -0.0185 -0.0145 -0.0453
vn 0.4686 0.5108 -0.7208
vn 0.5143 0.2583 -0.8178
vn 0.5187 0.2626 -0.8136
vt 0.4505 0.875
vt 0.4322 0.9183
vt 0.5175 0.9665
f 2572/2572/2572 2573/2573/2573 2574/2574/2574
v -0.0185 -0.0145 -0.0453
v -0.0208 -0.0051 -0.0421
v -0.0131 -0.0051 -0.0358
vn 0.5187 0.2626 -0.8136
vn 0.4636 0.5053 -0.7278
vn 0.4686 0.5108 -0.7208
vt 0.5175 0.9665
vt 0.5269 0.9183
vt 0.4505 0.875
f 2575/2575/2575 2576/2576/2576 2577/2577/2577
v -0.0208 -0.0051 -0.0421
v -0.0185 -0.0145 -0.0453
v -0.0286 -0.0145 -0.0502
vn 0.4636 0.5053 -0.7278
vn 0.5187 0.2626 -0.8136
vn 0.3175 0.2608 -0.9117
vt 0.5269 0.9183
vt 0.5175 0.9665
vt 0.609 0.983
f 2578/2578/2578 2579/2579/2579 2580/2580/2580
v -0.0286 -0.0145 -0.0502
v -0.0299 -0.0051 -0.0465
v -0.0208 -0.0051 -0.0421
vn 0.3175 0.2608 -0.9117
vn 0.2844 0.5026 -0.8164
vn 0.4636 0.5053 -0.7278
vt 0.609 0.983
vt 0.609 0.933
vt 0.5269 0.9183
f 2581/2581/2581 2582/2582/2582 2583/2583/2583
v -0.0398 -0.0051 -0.0487
v -0.0401 0.0029 -0.0424
v -0.032 0.0029 -0.0406
vn 0.0889 0.5053 -0.8583
vn 0.0728 0.7112 -0.6992
vn 0.2321 0.7087 -0.6663
vt 0.691 0.9183
vt 0.676 0.8415
vt 0.609 0.8536
f 2584/2584/2584 2585/2585/2585 2586/2586/2586
v -0.032 0.0029 -0.0406
v -0.0299 -0.0051 -0.0465
v -0.0398 -0.0051 -0.0487
vn 0.2321 0.7087 -0.6663
vn 0.2844 0.5026 -0.8164
vn 0.0889 0.5053 -0.8583
vt 0.609 0.8536
vt 0.609 0.933
vt 0.691 0.9183
f 2587/2587/2587 2588/2588/2588 2589/2589/2589
v -0.0498 -0.0051 -0.0486
v -0.0482 0.0029 -0.0423
v -0.0401 0.0029 -0.0424
vn -0.1154 0.5136 -0.8502
vn -0.0933 0.7184 -0.6894
vn 0.0728 0.7112 -0.6992
vt 0.7675 0.875
vt 0.7384 0.8062
vt 0.676 0.8415
f 2590/2590/2590 2591/2591/2591 2592/2592/2592
v -0.0401 0.0029 -0.0424
v -0.0398 -0.0051 -0.0487
v -0.0498 -0.0051 -0.0486
vn 0.0728 0.7112 -0.6992
vn 0.0889 0.5053 -0.8583
vn -0.1154 0.5136 -0.8502
vt 0.676 0.8415
vt 0.691 0.9183
vt 0.7675 0.875
f 2593/2593/2593 2594/2594/2594 2595/2595/2595
v -0.0592 -0.0051 -0.0461
v -0.0559 0.0029 -0.0403
v -0.0482 0.0029 -0.0423
vn -0.3217 0.526 -0.7873
vn -0.2579 0.7285 -0.6347
vn -0.0933 0.7184 -0.6894
vt 0.8332 0.8062
vt 0.792 0.75
vt 0.7384 0.8062
f 2596/2596/2596 2597/2597/2597 2598/2598/2598
v -0.0482 0.0029 -0.0423
v -0.0498 -0.0051 -0.0486
v -0.0592 -0.0051 -0.0461
vn -0.0933 0.7184 -0.6894
vn -0.1154 0.5136 -0.8502
vn -0.3217 0.526 -0.7873
vt 0.7384 0.8062
vt 0.7675 0.875
vt 0.8332 0.8062
f 2599/2599/2599 2600/2600/2600 2601/2601/2601
v -0.0673 -0.0051 -0.0415
v -0.0625 0.0029 -0.0365
v -0.0559 0.0029 -0.0403
vn -0.5679 0.5718 -0.5921
vn -0.4504 0.7183 -0.5303
vn -0.2579 0.7285 -0.6347
vt 0.8835 0.7165
vt 0.8332 0.6768
vt 0.792 0.75
f 2602/2602/2602 2603/2603/2603 2604/2604/2604
v -0.0559 0.0029 -0.0403
v -0.0592 -0.0051 -0.0461
v -0.0673 -0.0051 -0.0415
vn -0.2579 0.7285 -0.6347
vn -0.3217 0.526 -0.7873
vn -0.5679 0.5718 -0.5921
vt 0.792 0.75
vt 0.8332 0.8062
vt 0.8835 0.7165
f 2605/2605/2605 2606/2606/2606 2607/2607/2607
v -0.0708 -0.0051 -0.034
v -0.0677 0.0029 -0.0312
v -0.0625 0.0029 -0.0365
vn -0.6881 0.5851 -0.4291
vn -0.6111 0.6202 -0.4918
vn -0.4504 0.7183 -0.5303
vt 0.8903 0.6121
vt 0.859 0.5915
vt 0.8332 0.6768
f 2608/2608/2608 2609/2609/2609 2610/2610/2610
v -0.0625 0.0029 -0.0365
v -0.0673 -0.0051 -0.0415
v -0.0708 -0.0051 -0.034
vn -0.4504 0.7183 -0.5303
vn -0.5679 0.5718 -0.5921
vn -0.6881 0.5851 -0.4291
vt 0.8332 0.6768
vt 0.8835 0.7165
vt 0.8903 0.6121
f 2611/2611/2611 2612/2612/2612 2613/2613/2613
v -0.076 -0.0051 -0.0265
v -0.0711 0.0029 -0.0248
v -0.0677 0.0029 -0.0312
vn -0.7572 0.6015 -0.2547
vn -0.7563 0.6032 -0.2533
vn -0.6111 0.6202 -0.4918
vt 0.9101 0.5
vt 0.8678 0.5
vt 0.859 0.5915
f 2614/2614/2614 2615/2615/2615 2616/2616/2616
v -0.0677 0.0029 -0.0312
v -0.0708 -0.0051 -0.034
v -0.076 -0.0051 -0.0265
vn -0.6111 0.6202 -0.4918
vn -0.6881 0.5851 -0.4291
vn -0.7572 0.6015 -0.2547
vt 0.859 0.5915
vt 0.8903 0.6121
vt 0.9101 0.5
f 2617/2617/2617 2618/2618/2618 2619/2619/2619
v -0.0766 -0.0051 -0.0173
v -0.0725 0.0029 -0.0176
v -0.0711 0.0029 -0.0248
vn -0.8424 0.5282 -0.1065
vn -0.792 0.6072 -0.0638
vn -0.7563 0.6032 -0.2533
vt 0.8903 0.3879
vt 0.859 0.4085
vt 0.8678 0.5
f 2620/2620/2620 2621/2621/2621 2622/2622/2622
v -0.0711 0.0029 -0.0248
v -0.076 -0.0051 -0.0265
v -0.0766 -0.0051 -0.0173
vn -0.7563 0.6032 -0.2533
vn -0.7572 0.6015 -0.2547
vn -0.8424 0.5282 -0.1065
vt 0.8678 0.5
vt 0.9101 0.5
vt 0.8903 0.3879
f 2623/2623/2623 2624/2624/2624 2625/2625/2625
v -0.0785 -0.0051 -0.0093
v -0.0717 0.0029 -0.0102
v -0.0725 0.0029 -0.0176
vn -0.8563 0.5095 0.084
vn -0.6681 0.7193 0.1904
vn -0.792 0.6072 -0.0638
vt 0.8835 0.2835
vt 0.8332 0.3232
vt 0.859 0.4085
f 2626/2626/2626 2627/2627/2627 2628/2628/2628
v -0.0725 0.0029 -0.0176
v -0.0766 -0.0051 -0.0173
v -0.0785 -0.0051 -0.0093
vn -0.792 0.6072 -0.0638
vn -0.8424 0.5282 -0.1065
vn -0.8563 0.5095 0.084
vt 0.859 0.4085
vt 0.8903 0.3879
vt 0.8835 0.2835
f 2629/2629/2629 2630/2630/2630 2631/2631/2631
v -0.075 -0.0051 -0.0006
v -0.0688 0.0029 -0.0031
v -0.0717 0.0029 -0.0102
vn -0.7419 0.5243 0.418
vn -0.5964 0.7285 0.3371
vn -0.6681 0.7193 0.1904
vt 0.8332 0.1938
vt 0.792 0.25
vt 0.8332 0.3232
f 2632/2632/2632 2633/2633/2633 2634/2634/2634
v -0.0717 0.0029 -0.0102
v -0.0785 -0.0051 -0.0093
v -0.075 -0.0051 -0.0006
vn -0.6681 0.7193 0.1904
vn -0.8563 0.5095 0.084
vn -0.7419 0.5243 0.418
vt 0.8332 0.3232
vt 0.8835 0.2835
vt 0.8332 0.1938
f 2635/2635/2635 2636/2636/2636 2637/2637/2637
v -0.0692 -0.0051 0.0072
v -0.0641 0.0029 0.0032
v -0.0688 0.0029 -0.0031
vn -0.6193 0.5131 0.5943
vn -0.5014 0.7184 0.4822
vn -0.5964 0.7285 0.3371
vt 0.7675 0.125
vt 0.7384 0.1938
vt 0.792 0.25
f 2638/2638/2638 2639/2639/2639 2640/2640/2640
v -0.0688 0.0029 -0.0031
v -0.075 -0.0051 -0.0006
v -0.0692 -0.0051 0.0072
vn -0.5964 0.7285 0.3371
vn -0.7419 0.5243 0.418
vn -0.6193 0.5131 0.5943
vt 0.792 0.25
vt 0.8332 0.1938
vt 0.7675 0.125
f 2641/2641/2641 2642/2642/2642 2643/2643/2643
v -0.0615 -0.0051 0.0135
v -0.0577 0.0029 0.0084
v -0.0641 0.0029 0.0032
vn -0.4636 0.5053 0.7278
vn -0.3773 0.7112 0.5931
vn -0.5014 0.7184 0.4822
vt 0.691 0.0817
vt 0.676 0.1585
vt 0.7384 0.1938
f 2644/2644/2644 2645/2645/2645 2646/2646/2646
v -0.0641 0.0029 0.0032
v -0.0692 -0.0051 0.0072
v -0.0615 -0.0051 0.0135
vn -0.5014 0.7184 0.4822
vn -0.6193 0.5131 0.5943
vn -0.4636 0.5053 0.7278
vt 0.7384 0.1938
vt 0.7675 0.125
vt 0.691 0.0817
f 2647/2647/2647 2648/2648/2648 2649/2649/2649
v -0.0524 -0.0051 0.0179
v -0.0503 0.0029 0.012
v -0.0577 0.0029 0.0084
vn -0.2843 0.5026 0.8164
vn -0.2321 0.7087 0.6663
vn -0.3773 0.7112 0.5931
vt 0.609 0.067
vt 0.609 0.1464
vt 0.676 0.1585
f 2650/2650/2650 2651/2651/2651 2652/2652/2652
v -0.0577 0.0029 0.0084
v -0.0615 -0.0051 0.0135
v -0.0524 -0.0051 0.0179
vn -0.3773 0.7112 0.5931
vn -0.4636 0.5053 0.7278
vn -0.2843 0.5026 0.8164
vt 0.676 0.1585
vt 0.691 0.0817
vt 0.609 0.067
f 2653/2653/2653 2654/2654/2654 2655/2655/2655
v -0.0425 -0.0051 0.0201
v -0.0422 0.0029 0.0138
v -0.0503 0.0029 0.012
vn -0.0889 0.5053 0.8583
vn -0.0728 0.7112 0.6992
vn -0.2321 0.7087 0.6663
vt 0.5269 0.0817
vt 0.542 0.1585
vt 0.609 0.1464
f 2656/2656/2656 2657/2657/2657 2658/2658/2658
v -0.0503 0.0029 0.012
v -0.0524 -0.0051 0.0179
v -0.0425 -0.0051 0.0201
vn -0.2321 0.7087 0.6663
vn -0.2843 0.5026 0.8164
vn -0.0889 0.5053 0.8583
vt 0.609 0.1464
vt 0.609 0.067
vt 0.5269 0.0817
f 2659/2659/2659 2660/2660/2660 2661/2661/2661
v -0.0325 -0.0051 0.0199
v -0.0341 0.0029 0.0136
v -0.0422 0.0029 0.0138
vn -0.0807 0.5108 0.8559
vn -0.0533 0.7098 0.7024
vn -0.0728 0.7112 0.6992
vt 0.4505 0.125
vt 0.4796 0.1938
vt 0.542 0.1585
f 2662/2662/2662 2663/2663/2663 2664/2664/2664
v -0.0422 0.0029 0.0138
v -0.0425 -0.0051 0.0201
v -0.0325 -0.0051 0.0199
vn -0.0728 0.7112 0.6992
vn -0.0889 0.5053 0.8583
vn -0.0807 0.5108 0.8559
vt 0.542 0.1585
vt 0.5269 0.0817
vt 0.4505 0.125
f 2665/2665/2665 2666/2666/2666 2667/2667/2667
v -0.0325 -0.0051 0.0199
v -0.0045 -0.0051 0.0264
v -0.0096 0.0029 0.0175
vn -0.0807 0.5108 0.8559
vn 0.0329 0.5899 0.8068
vn 0.0243 0.784 0.6203
vt 0.4505 0.125
vt 0.2172 0.1649
vt 0.2802 0.25
f 2668/2668/2668 2669/2669/2669 2670/2670/2670
v -0.0096 0.0029 0.0175
v -0.0341 0.0029 0.0136
v -0.0325 -0.0051 0.0199
vn 0.0243 0.784 0.6203
vn -0.0533 0.7098 0.7024
vn -0.0807 0.5108 0.8559
vt 0.2802 0.25
vt 0.4796 0.1938
vt 0.4505 0.125
f 2671/2671/2671 2672/2672/2672 2673/2673/2673
v -0.0045 -0.0051 0.0264
v 0.007 -0.0051 0.0222
v -0.0004 0.0029 0.0146
vn 0.0329 0.5899 0.8068
vn 0.3559 0.6577 0.6639
vn 0.2451 0.8365 0.49
vt 0.2172 0.1649
vt 0.1401 0.2631
vt 0.2172 0.3232
f 2674/2674/2674 2675/2675/2675 2676/2676/2676
v -0.0004 0.0029 0.0146
v -0.0096 0.0029 0.0175
v -0.0045 -0.0051 0.0264
vn 0.2451 0.8365 0.49
vn 0.0243 0.784 0.6203
vn 0.0329 0.5899 0.8068
vt 0.2172 0.3232
vt 0.2802 0.25
vt 0.2172 0.1649
f 2677/2677/2677 2678/2678/2678 2679/2679/2679
v 0.007 -0.0051 0.0222
v 0.0155 -0.0051 0.0156
v 0.0064 0.0029 0.0099
vn 0.3559 0.6577 0.6639
vn 0.5391 0.6864 0.4881
vn 0.3781 0.8543 0.3566
vt 0.1401 0.2631
vt 0.0916 0.3774
vt 0.1776 0.4085
f 2680/2680/2680 2681/2681/2681 2682/2682/2682
v 0.0064 0.0029 0.0099
v -0.0004 0.0029 0.0146
v 0.007 -0.0051 0.0222
vn 0.3781 0.8543 0.3566
vn 0.2451 0.8365 0.49
vn 0.3559 0.6577 0.6639
vt 0.1776 0.4085
vt 0.2172 0.3232
vt 0.1401 0.2631
f 2683/2683/2683 2684/2684/2684 2685/2685/2685
v 0.0206 -0.0051 0.0072
v 0.0103 0.0029 0.0036
v 0.0064 0.0029 0.0099
vn 0.6754 0.6987 0.236
vn 0.479 0.8615 0.1685
vn 0.3781 0.8543 0.3566
vt 0.0751 0.5
vt 0.1641 0.5
vt 0.1776 0.4085
f 2686/2686/2686 2687/2687/2687 2688/2688/2688
v 0.0064 0.0029 0.0099
v 0.0155 -0.0051 0.0156
v 0.0206 -0.0051 0.0072
vn 0.3781 0.8543 0.3566
vn 0.5391 0.6864 0.4881
vn 0.6754 0.6987 0.236
vt 0.1776 0.4085
vt 0.0916 0.3774
vt 0.0751 0.5
f 2689/2689/2689 2690/2690/2690 2691/2691/2691
v 0.0219 -0.0051 -0.0026
v 0.0111 0.0029 -0.0038
v 0.0103 0.0029 0.0036
vn 0.7264 0.6856 -0.0485
vn 0.5168 0.8549 -0.0458
vn 0.479 0.8615 0.1685
vt 0.0916 0.6226
vt 0.1776 0.5915
vt 0.1641 0.5
f 2692/2692/2692 2693/2693/2693 2694/2694/2694
v 0.0103 0.0029 0.0036
v 0.0206 -0.0051 0.0072
v 0.0219 -0.0051 -0.0026
vn 0.479 0.8615 0.1685
vn 0.6754 0.6987 0.236
vn 0.7264 0.6856 -0.0485
vt 0.1641 0.5
vt 0.0751 0.5
vt 0.0916 0.6226
f 2695/2695/2695 2696/2696/2696 2697/2697/2697
v 0.0111 0.0029 -0.0038
v 0.0219 -0.0051 -0.0026
v 0.0192 -0.0051 -0.013
vn 0.5168 0.8549 -0.0458
vn 0.7264 0.6856 -0.0485
vn 0.6913 0.6577 -0.2992
vt 0.1776 0.5915
vt 0.0916 0.6226
vt 0.1401 0.7369
f 2698/2698/2698 2699/2699/2699 2700/2700/2700
v 0.0192 -0.0051 -0.013
v 0.0088 0.0029 -0.0117
v 0.0111 0.0029 -0.0038
vn 0.6913 0.6577 -0.2992
vn 0.4965 0.8365 -0.2317
vn 0.5168 0.8549 -0.0458
vt 0.1401 0.7369
vt 0.2172 0.6768
vt 0.1776 0.5915
f 2701/2701/2701 2702/2702/2702 2703/2703/2703
v 0.0088 0.0029 -0.0117
v 0.0192 -0.0051 -0.013
v 0.0129 -0.0051 -0.0235
vn 0.4965 0.8365 -0.2317
vn 0.6913 0.6577 -0.2992
vn 0.527 0.5899 -0.6118
vt 0.2172 0.6768
vt 0.1401 0.7369
vt 0.2172 0.8351
f 2704/2704/2704 2705/2705/2705 2706/2706/2706
v 0.0129 -0.0051 -0.0235
v 0.0034 0.0029 -0.0197
v 0.0088 0.0029 -0.0117
vn 0.527 0.5899 -0.6118
vn 0.4044 0.784 -0.471
vn 0.4965 0.8365 -0.2317
vt 0.2172 0.8351
vt 0.2802 0.75
vt 0.2172 0.6768
f 2707/2707/2707 2708/2708/2708 2709/2709/2709
v 0.0034 0.0029 -0.0197
v 0.0129 -0.0051 -0.0235
v -0.0131 -0.0051 -0.0358
vn 0.4044 0.784 -0.471
vn 0.527 0.5899 -0.6118
vn 0.4686 0.5108 -0.7208
vt 0.2802 0.75
vt 0.2172 0.8351
vt 0.4505 0.875
f 2710/2710/2710 2711/2711/2711 2712/2712/2712
v -0.0131 -0.0051 -0.0358
v -0.0182 0.0029 -0.0319
v 0.0034 0.0029 -0.0197
vn 0.4686 0.5108 -0.7208
vn 0.3947 0.7097 -0.5835
vn 0.4044 0.784 -0.471
vt 0.4505 0.875
vt 0.4796 0.8062
vt 0.2802 0.75
f 2713/2713/2713 2714/2714/2714 2715/2715/2715
v -0.0208 -0.0051 -0.0421
v -0.0246 0.0029 -0.037
v -0.0182 0.0029 -0.0319
vn 0.4636 0.5053 -0.7278
vn 0.3773 0.7112 -0.5931
vn 0.3947 0.7097 -0.5835
vt 0.5269 0.9183
vt 0.542 0.8415
vt 0.4796 0.8062
f 2716/2716/2716 2717/2717/2717 2718/2718/2718
v -0.0182 0.0029 -0.0319
v -0.0131 -0.0051 -0.0358
v -0.0208 -0.0051 -0.0421
vn 0.3947 0.7097 -0.5835
vn 0.4686 0.5108 -0.7208
vn 0.4636 0.5053 -0.7278
vt 0.4796 0.8062
vt 0.4505 0.875
vt 0.5269 0.9183
f 2719/2719/2719 2720/2720/2720 2721/2721/2721
v -0.0299 -0.0051 -0.0465
v -0.032 0.0029 -0.0406
v -0.0246 0.0029 -0.037
vn 0.2844 0.5026 -0.8164
vn 0.2321 0.7087 -0.6663
vn 0.3773 0.7112 -0.5931
vt 0.609 0.933
vt 0.609 0.8536
vt 0.542 0.8415
f 2722/2722/2722 2723/2723/2723 2724/2724/2724
v -0.0246 0.0029 -0.037
v -0.0208 -0.0051 -0.0421
v -0.0299 -0.0051 -0.0465
vn 0.3773 0.7112 -0.5931
vn 0.4636 0.5053 -0.7278
vn 0.2844 0.5026 -0.8164
vt 0.542 0.8415
vt 0.5269 0.9183
vt 0.609 0.933
f 2725/2725/2725 2726/2726/2726 2727/2727/2727
v -0.0401 0.0029 -0.0424
v -0.0404 0.009 -0.0342
v -0.0347 0.009 -0.0329
vn 0.0728 0.7112 -0.6992
vn 0.052 0.8674 -0.495
vn 0.1646 0.8658 -0.4725
vt 0.676 0.8415
vt 0.6564 0.7415
vt 0.609 0.75
f 2728/2728/2728 2729/2729/2729 2730/2730/2730
v -0.0347 0.009 -0.0329
v -0.032 0.0029 -0.0406
v -0.0401 0.0029 -0.0424
vn 0.1646 0.8658 -0.4725
vn 0.2321 0.7087 -0.6663
vn 0.0728 0.7112 -0.6992
vt 0.609 0.75
vt 0.609 0.8536
vt 0.676 0.8415
f 2731/2731/2731 2732/2732/2732 2733/2733/2733
v -0.0482 0.0029 -0.0423
v -0.0461 0.009 -0.0341
v -0.0404 0.009 -0.0342
vn -0.0933 0.7184 -0.6894
vn -0.065 0.8716 -0.4859
vn 0.052 0.8674 -0.495
vt 0.7384 0.8062
vt 0.7005 0.7165
vt 0.6564 0.7415
f 2734/2734/2734 2735/2735/2735 2736/2736/2736
v -0.0404 0.009 -0.0342
v -0.0401 0.0029 -0.0424
v -0.0482 0.0029 -0.0423
vn 0.052 0.8674 -0.495
vn 0.0728 0.7112 -0.6992
vn -0.0933 0.7184 -0.6894
vt 0.6564 0.7415
vt 0.676 0.8415
vt 0.7384 0.8062
f 2737/2737/2737 2738/2738/2738 2739/2739/2739
v -0.0559 0.0029 -0.0403
v -0.0516 0.009 -0.0327
v -0.0461 0.009 -0.0341
vn -0.2579 0.7285 -0.6347
vn -0.1797 0.8776 -0.4445
vn -0.065 0.8716 -0.4859
vt 0.792 0.75
vt 0.7384 0.6768
vt 0.7005 0.7165
f 2740/2740/2740 2741/2741/2741 2742/2742/2742
v -0.0461 0.009 -0.0341
v -0.0482 0.0029 -0.0423
v -0.0559 0.0029 -0.0403
vn -0.065 0.8716 -0.4859
vn -0.0933 0.7184 -0.6894
vn -0.2579 0.7285 -0.6347
vt 0.7005 0.7165
vt 0.7384 0.8062
vt 0.792 0.75
f 2743/2743/2743 2744/2744/2744 2745/2745/2745
v -0.0625 0.0029 -0.0365
v -0.0563 0.009 -0.03
v -0.0516 0.009 -0.0327
vn -0.4504 0.7183 -0.5303
vn -0.2316 0.8738 -0.4276
vn -0.1797 0.8776 -0.4445
vt 0.8332 0.6768
vt 0.7675 0.625
vt 0.7384 0.6768
f 2746/2746/2746 2747/2747/2747 2748/2748/2748
v -0.0516 0.009 -0.0327
v -0.0559 0.0029 -0.0403
v -0.0625 0.0029 -0.0365
vn -0.1797 0.8776 -0.4445
vn -0.2579 0.7285 -0.6347
vn -0.4504 0.7183 -0.5303
vt 0.7384 0.6768
vt 0.792 0.75
vt 0.8332 0.6768
f 2749/2749/2749 2750/2750/2750 2751/2751/2751
v -0.0677 0.0029 -0.0312
v -0.0629 0.009 -0.0273
v -0.0563 0.009 -0.03
vn -0.6111 0.6202 -0.4918
vn -0.3508 0.8416 -0.4106
vn -0.2316 0.8738 -0.4276
vt 0.859 0.5915
vt 0.8113 0.5647
vt 0.7675 0.625
f 2752/2752/2752 2753/2753/2753 2754/2754/2754
v -0.0563 0.009 -0.03
v -0.0625 0.0029 -0.0365
v -0.0677 0.0029 -0.0312
vn -0.2316 0.8738 -0.4276
vn -0.4504 0.7183 -0.5303
vn -0.6111 0.6202 -0.4918
vt 0.7675 0.625
vt 0.8332 0.6768
vt 0.859 0.5915
f 2755/2755/2755 2756/2756/2756 2757/2757/2757
v -0.0711 0.0029 -0.0248
v -0.0658 0.009 -0.0229
v -0.0629 0.009 -0.0273
vn -0.7563 0.6032 -0.2533
vn -0.4898 0.8527 -0.1818
vn -0.3508 0.8416 -0.4106
vt 0.8678 0.5
vt 0.8216 0.5
vt 0.8113 0.5647
f 2758/2758/2758 2759/2759/2759 2760/2760/2760
v -0.0629 0.009 -0.0273
v -0.0677 0.0029 -0.0312
v -0.0711 0.0029 -0.0248
vn -0.3508 0.8416 -0.4106
vn -0.6111 0.6202 -0.4918
vn -0.7563 0.6032 -0.2533
vt 0.8113 0.5647
vt 0.859 0.5915
vt 0.8678 0.5
f 2761/2761/2761 2762/2762/2762 2763/2763/2763
v -0.0725 0.0029 -0.0176
v -0.0662 0.009 -0.0177
v -0.0658 0.009 -0.0229
vn -0.792 0.6072 -0.0638
vn -0.4863 0.8713 0.0655
vn -0.4898 0.8527 -0.1818
vt 0.859 0.4085
vt 0.8113 0.4353
vt 0.8216 0.5
f 2764/2764/2764 2765/2765/2765 2766/2766/2766
v -0.0658 0.009 -0.0229
v -0.0711 0.0029 -0.0248
v -0.0725 0.0029 -0.0176
vn -0.4898 0.8527 -0.1818
vn -0.7563 0.6032 -0.2533
vn -0.792 0.6072 -0.0638
vt 0.8216 0.5
vt 0.8678 0.5
vt 0.859 0.4085
f 2767/2767/2767 2768/2768/2768 2769/2769/2769
v -0.0717 0.0029 -0.0102
v -0.0627 0.009 -0.0114
v -0.0662 0.009 -0.0177
vn -0.6681 0.7193 0.1904
vn -0.4061 0.8964 0.1775
vn -0.4863 0.8713 0.0655
vt 0.8332 0.3232
vt 0.7675 0.375
vt 0.8113 0.4353
f 2770/2770/2770 2771/2771/2771 2772/2772/2772
v -0.0662 0.009 -0.0177
v -0.0725 0.0029 -0.0176
v -0.0717 0.0029 -0.0102
vn -0.4863 0.8713 0.0655
vn -0.792 0.6072 -0.0638
vn -0.6681 0.7193 0.1904
vt 0.8113 0.4353
vt 0.859 0.4085
vt 0.8332 0.3232
f 2773/2773/2773 2774/2774/2774 2775/2775/2775
v -0.0688 0.0029 -0.0031
v -0.0607 0.009 -0.0064
v -0.0627 0.009 -0.0114
vn -0.5964 0.7285 0.3371
vn -0.4169 0.8776 0.2367
vn -0.4061 0.8964 0.1775
vt 0.792 0.25
vt 0.7384 0.3232
vt 0.7675 0.375
f 2776/2776/2776 2777/2777/2777 2778/2778/2778
v -0.0627 0.009 -0.0114
v -0.0717 0.0029 -0.0102
v -0.0688 0.0029 -0.0031
vn -0.4061 0.8964 0.1775
vn -0.6681 0.7193 0.1904
vn -0.5964 0.7285 0.3371
vt 0.7675 0.375
vt 0.8332 0.3232
vt 0.792 0.25
f 2779/2779/2779 2780/2780/2780 2781/2781/2781
v -0.0641 0.0029 0.0032
v -0.0573 0.009 -0.0019
v -0.0607 0.009 -0.0064
vn -0.5014 0.7184 0.4822
vn -0.3528 0.8716 0.3403
vn -0.4169 0.8776 0.2367
vt 0.7384 0.1938
vt 0.7005 0.2835
vt 0.7384 0.3232
f 2782/2782/2782 2783/2783/2783 2784/2784/2784
v -0.0607 0.009 -0.0064
v -0.0688 0.0029 -0.0031
v -0.0641 0.0029 0.0032
vn -0.4169 0.8776 0.2367
vn -0.5964 0.7285 0.3371
vn -0.5014 0.7184 0.4822
vt 0.7384 0.3232
vt 0.792 0.25
vt 0.7384 0.1938
f 2785/2785/2785 2786/2786/2786 2787/2787/2787
v -0.0577 0.0029 0.0084
v -0.0529 0.009 0.0017
v -0.0573 0.009 -0.0019
vn -0.3773 0.7112 0.5931
vn -0.2668 0.8674 0.4202
vn -0.3528 0.8716 0.3403
vt 0.676 0.1585
vt 0.6564 0.2585
vt 0.7005 0.2835
f 2788/2788/2788 2789/2789/2789 2790/2790/2790
v -0.0573 0.009 -0.0019
v -0.0641 0.0029 0.0032
v -0.0577 0.0029 0.0084
vn -0.3528 0.8716 0.3403
vn -0.5014 0.7184 0.4822
vn -0.3773 0.7112 0.5931
vt 0.7005 0.2835
vt 0.7384 0.1938
vt 0.676 0.1585
f 2791/2791/2791 2792/2792/2792 2793/2793/2793
v -0.0503 0.0029 0.012
v -0.0476 0.009 0.0043
v -0.0529 0.009 0.0017
vn -0.2321 0.7087 0.6663
vn -0.1646 0.8658 0.4725
vn -0.2668 0.8674 0.4202
vt 0.609 0.1464
vt 0.609 0.25
vt 0.6564 0.2585
f 2794/2794/2794 2795/2795/2795 2796/2796/2796
v -0.0529 0.009 0.0017
v -0.0577 0.0029 0.0084
v -0.0503 0.0029 0.012
vn -0.2668 0.8674 0.4202
vn -0.3773 0.7112 0.5931
vn -0.2321 0.7087 0.6663
vt 0.6564 0.2585
vt 0.676 0.1585
vt 0.609 0.1464
f 2797/2797/2797 2798/2798/2798 2799/2799/2799
v -0.0422 0.0029 0.0138
v -0.0419 0.009 0.0055
v -0.0476 0.009 0.0043
vn -0.0728 0.7112 0.6992
vn -0.052 0.8674 0.495
vn -0.1646 0.8658 0.4725
vt 0.542 0.1585
vt 0.5616 0.2585
vt 0.609 0.25
f 2800/2800/2800 2801/2801/2801 2802/2802/2802
v -0.0476 0.009 0.0043
v -0.0503 0.0029 0.012
v -0.0422 0.0029 0.0138
vn -0.1646 0.8658 0.4725
vn -0.2321 0.7087 0.6663
vn -0.0728 0.7112 0.6992
vt 0.609 0.25
vt 0.609 0.1464
vt 0.542 0.1585
f 2803/2803/2803 2804/2804/2804 2805/2805/2805
v -0.0341 0.0029 0.0136
v -0.0362 0.009 0.0055
v -0.0419 0.009 0.0055
vn -0.0533 0.7098 0.7024
vn -0.0389 0.8694 0.4926
vn -0.052 0.8674 0.495
vt 0.4796 0.1938
vt 0.5175 0.2835
vt 0.5616 0.2585
f 2806/2806/2806 2807/2807/2807 2808/2808/2808
v -0.0419 0.009 0.0055
v -0.0422 0.0029 0.0138
v -0.0341 0.0029 0.0136
vn -0.052 0.8674 0.495
vn -0.0728 0.7112 0.6992
vn -0.0533 0.7098 0.7024
vt 0.5616 0.2585
vt 0.542 0.1585
vt 0.4796 0.1938
f 2809/2809/2809 2810/2810/2810 2811/2811/2811
v -0.0341 0.0029 0.0136
v -0.0096 0.0029 0.0175
v -0.0172 0.009 0.0088
vn -0.0533 0.7098 0.7024
vn 0.0243 0.784 0.6203
vn 0.0102 0.9008 0.4342
vt 0.4796 0.1938
vt 0.2802 0.25
vt 0.3623 0.3232
f 2812/2812/2812 2813/2813/2813 2814/2814/2814
v -0.0172 0.009 0.0088
v -0.0362 0.009 0.0055
v -0.0341 0.0029 0.0136
vn 0.0102 0.9008 0.4342
vn -0.0389 0.8694 0.4926
vn -0.0533 0.7098 0.7024
vt 0.3623 0.3232
vt 0.5175 0.2835
vt 0.4796 0.1938
f 2815/2815/2815 2816/2816/2816 2817/2817/2817
v -0.0004 0.0029 0.0146
v -0.0107 0.009 0.0067
v -0.0172 0.009 0.0088
vn 0.2451 0.8365 0.49
vn 0.1441 0.94 0.3091
vn 0.0102 0.9008 0.4342
vt 0.2172 0.3232
vt 0.3177 0.375
vt 0.3623 0.3232
f 2818/2818/2818 2819/2819/2819 2820/2820/2820
v -0.0172 0.009 0.0088
v -0.0096 0.0029 0.0175
v -0.0004 0.0029 0.0146
vn 0.0102 0.9008 0.4342
vn 0.0243 0.784 0.6203
vn 0.2451 0.8365 0.49
vt 0.3623 0.3232
vt 0.2802 0.25
vt 0.2172 0.3232
f 2821/2821/2821 2822/2822/2822 2823/2823/2823
v 0.0064 0.0029 0.0099
v -0.0059 0.009 0.0033
v -0.0107 0.009 0.0067
vn 0.3781 0.8543 0.3566
vn 0.2142 0.9533 0.2128
vn 0.1441 0.94 0.3091
vt 0.1776 0.4085
vt 0.2897 0.4353
vt 0.3177 0.375
f 2824/2824/2824 2825/2825/2825 2826/2826/2826
v -0.0107 0.009 0.0067
v -0.0004 0.0029 0.0146
v 0.0064 0.0029 0.0099
vn 0.1441 0.94 0.3091
vn 0.2451 0.8365 0.49
vn 0.3781 0.8543 0.3566
vt 0.3177 0.375
vt 0.2172 0.3232
vt 0.1776 0.4085
f 2827/2827/2827 2828/2828/2828 2829/2829/2829
v 0.0103 0.0029 0.0036
v -0.0031 0.009 -0.0011
v -0.0059 0.009 0.0033
vn 0.479 0.8615 0.1685
vn 0.2697 0.9584 0.0938
vn 0.2142 0.9533 0.2128
vt 0.1641 0.5
vt 0.2802 0.5
vt 0.2897 0.4353
f 2830/2830/2830 2831/2831/2831 2832/2832/2832
v -0.0059 0.009 0.0033
v 0.0064 0.0029 0.0099
v 0.0103 0.0029 0.0036
vn 0.2142 0.9533 0.2128
vn 0.3781 0.8543 0.3566
vn 0.479 0.8615 0.1685
vt 0.2897 0.4353
vt 0.1776 0.4085
vt 0.1641 0.5
f 2833/2833/2833 2834/2834/2834 2835/2835/2835
v 0.0111 0.0029 -0.0038
v -0.0025 0.009 -0.0063
v -0.0031 0.009 -0.0011
vn 0.5168 0.8549 -0.0458
vn 0.2994 0.9535 -0.0339
vn 0.2697 0.9584 0.0938
vt 0.1776 0.5915
vt 0.2897 0.5647
vt 0.2802 0.5
f 2836/2836/2836 2837/2837/2837 2838/2838/2838
v -0.0031 0.009 -0.0011
v 0.0103 0.0029 0.0036
v 0.0111 0.0029 -0.0038
vn 0.2697 0.9584 0.0938
vn 0.479 0.8615 0.1685
vn 0.5168 0.8549 -0.0458
vt 0.2802 0.5
vt 0.1641 0.5
vt 0.1776 0.5915
f 2839/2839/2839 2840/2840/2840 2841/2841/2841
v 0.0088 0.0029 -0.0117
v -0.0042 0.009 -0.0119
v -0.0025 0.009 -0.0063
vn 0.4965 0.8365 -0.2317
vn 0.3035 0.9406 -0.1522
vn 0.2994 0.9535 -0.0339
vt 0.2172 0.6768
vt 0.3177 0.625
vt 0.2897 0.5647
f 2842/2842/2842 2843/2843/2843 2844/2844/2844
v -0.0025 0.009 -0.0063
v 0.0111 0.0029 -0.0038
v 0.0088 0.0029 -0.0117
vn 0.2994 0.9535 -0.0339
vn 0.5168 0.8549 -0.0458
vn 0.4965 0.8365 -0.2317
vt 0.2897 0.5647
vt 0.1776 0.5915
vt 0.2172 0.6768
f 2845/2845/2845 2846/2846/2846 2847/2847/2847
v 0.0034 0.0029 -0.0197
v -0.008 0.009 -0.0175
v -0.0042 0.009 -0.0119
vn 0.4044 0.784 -0.471
vn 0.2749 0.9022 -0.3325
vn 0.3035 0.9406 -0.1522
vt 0.2802 0.75
vt 0.3623 0.6768
vt 0.3177 0.625
f 2848/2848/2848 2849/2849/2849 2850/2850/2850
v -0.0042 0.009 -0.0119
v 0.0088 0.0029 -0.0117
v 0.0034 0.0029 -0.0197
vn 0.3035 0.9406 -0.1522
vn 0.4965 0.8365 -0.2317
vn 0.4044 0.784 -0.471
vt 0.3177 0.625
vt 0.2172 0.6768
vt 0.2802 0.75
f 2851/2851/2851 2852/2852/2852 2853/2853/2853
v -0.008 0.009 -0.0175
v 0.0034 0.0029 -0.0197
v -0.0182 0.0029 -0.0319
vn 0.2749 0.9022 -0.3325
vn 0.4044 0.784 -0.471
vn 0.3947 0.7097 -0.5835
vt 0.3623 0.6768
vt 0.2802 0.75
vt 0.4796 0.8062
f 2854/2854/2854 2855/2855/2855 2856/2856/2856
v -0.0182 0.0029 -0.0319
v -0.025 0.009 -0.0267
v -0.008 0.009 -0.0175
vn 0.3947 0.7097 -0.5835
vn 0.2752 0.8761 -0.3958
vn 0.2749 0.9022 -0.3325
vt 0.4796 0.8062
vt 0.5175 0.7165
vt 0.3623 0.6768
f 2857/2857/2857 2858/2858/2858 2859/2859/2859
v -0.0246 0.0029 -0.037
v -0.0294 0.009 -0.0304
v -0.025 0.009 -0.0267
vn 0.3773 0.7112 -0.5931
vn 0.2668 0.8674 -0.4202
vn 0.2752 0.8761 -0.3958
vt 0.542 0.8415
vt 0.5616 0.7415
vt 0.5175 0.7165
f 2860/2860/2860 2861/2861/2861 2862/2862/2862
v -0.025 0.009 -0.0267
v -0.0182 0.0029 -0.0319
v -0.0246 0.0029 -0.037
vn 0.2752 0.8761 -0.3958
vn 0.3947 0.7097 -0.5835
vn 0.3773 0.7112 -0.5931
vt 0.5175 0.7165
vt 0.4796 0.8062
vt 0.542 0.8415
f 2863/2863/2863 2864/2864/2864 2865/2865/2865
v -0.032 0.0029 -0.0406
v -0.0347 0.009 -0.0329
v -0.0294 0.009 -0.0304
vn 0.2321 0.7087 -0.6663
vn 0.1646 0.8658 -0.4725
vn 0.2668 0.8674 -0.4202
vt 0.609 0.8536
vt 0.609 0.75
vt 0.5616 0.7415
f 2866/2866/2866 2867/2867/2867 2868/2868/2868
v -0.0294 0.009 -0.0304
v -0.0246 0.0029 -0.037
v -0.032 0.0029 -0.0406
vn 0.2668 0.8674 -0.4202
vn 0.3773 0.7112 -0.5931
vn 0.2321 0.7087 -0.6663
vt 0.5616 0.7415
vt 0.542 0.8415
vt 0.609 0.8536
f 2869/2869/2869 2870/2870/2870 2871/2871/2871
v -0.0404 0.009 -0.0342
v -0.0408 0.0129 -0.0246
v -0.0378 0.0129 -0.024
vn 0.052 0.8674 -0.495
vn 0.0277 0.9652 -0.2601
vn 0.0866 0.9647 -0.2486
vt 0.6564 0.7415
vt 0.6335 0.625
vt 0.609 0.6294
f 2872/2872/2872 2873/2873/2873 2874/2874/2874
v -0.0378 0.0129 -0.024
v -0.0347 0.009 -0.0329
v -0.0404 0.009 -0.0342
vn 0.0866 0.9647 -0.2486
vn 0.1646 0.8658 -0.4725
vn 0.052 0.8674 -0.495
vt 0.609 0.6294
vt 0.609 0.75
vt 0.6564 0.7415
f 2875/2875/2875 2876/2876/2876 2877/2877/2877
v -0.0461 0.009 -0.0341
v -0.0437 0.0129 -0.0246
v -0.0408 0.0129 -0.0246
vn -0.065 0.8716 -0.4859
vn -0.0334 0.9664 -0.2547
vn 0.0277 0.9652 -0.2601
vt 0.7005 0.7165
vt 0.6564 0.6121
vt 0.6335 0.625
f 2878/2878/2878 2879/2879/2879 2880/2880/2880
v -0.0408 0.0129 -0.0246
v -0.0404 0.009 -0.0342
v -0.0461 0.009 -0.0341
vn 0.0277 0.9652 -0.2601
vn 0.052 0.8674 -0.495
vn -0.065 0.8716 -0.4859
vt 0.6335 0.625
vt 0.6564 0.7415
vt 0.7005 0.7165
f 2881/2881/2881 2882/2882/2882 2883/2883/2883
v -0.0516 0.009 -0.0327
v -0.0465 0.0129 -0.0238
v -0.0437 0.0129 -0.0246
vn -0.1797 0.8776 -0.4445
vn -0.093 0.9682 -0.2323
vn -0.0334 0.9664 -0.2547
vt 0.7384 0.6768
vt 0.676 0.5915
vt 0.6564 0.6121
f 2884/2884/2884 2885/2885/2885 2886/2886/2886
v -0.0437 0.0129 -0.0246
v -0.0461 0.009 -0.0341
v -0.0516 0.009 -0.0327
vn -0.0334 0.9664 -0.2547
vn -0.065 0.8716 -0.4859
vn -0.1797 0.8776 -0.4445
vt 0.6564 0.6121
vt 0.7005 0.7165
vt 0.7384 0.6768
f 2887/2887/2887 2888/2888/2888 2889/2889/2889
v -0.0563 0.009 -0.03
v -0.049 0.0129 -0.0225
v -0.0465 0.0129 -0.0238
vn -0.2316 0.8738 -0.4276
vn -0.2127 0.9744 -0.0732
vn -0.093 0.9682 -0.2323
vt 0.7675 0.625
vt 0.691 0.5647
vt 0.676 0.5915
f 2890/2890/2890 2891/2891/2891 2892/2892/2892
v -0.0465 0.0129 -0.0238
v -0.0516 0.009 -0.0327
v -0.0563 0.009 -0.03
vn -0.093 0.9682 -0.2323
vn -0.1797 0.8776 -0.4445
vn -0.2316 0.8738 -0.4276
vt 0.676 0.5915
vt 0.7384 0.6768
vt 0.7675 0.625
f 2893/2893/2893 2894/2894/2894 2895/2895/2895
v -0.0629 0.009 -0.0273
v -0.0474 0.0129 -0.0193
v -0.049 0.0129 -0.0225
vn -0.3508 0.8416 -0.4106
vn -0.2457 0.9688 0.0333
vn -0.2127 0.9744 -0.0732
vt 0.8113 0.5647
vt 0.6709 0.5335
vt 0.691 0.5647
f 2896/2896/2896 2897/2897/2897 2898/2898/2898
v -0.049 0.0129 -0.0225
v -0.0563 0.009 -0.03
v -0.0629 0.009 -0.0273
vn -0.2127 0.9744 -0.0732
vn -0.2316 0.8738 -0.4276
vn -0.3508 0.8416 -0.4106
vt 0.691 0.5647
vt 0.7675 0.625
vt 0.8113 0.5647
f 2899/2899/2899 2900/2900/2900 2901/2901/2901
v -0.0658 0.009 -0.0229
v -0.0489 0.0129 -0.017
v -0.0474 0.0129 -0.0193
vn -0.4898 0.8527 -0.1818
vn -0.1784 0.982 -0.0621
vn -0.2457 0.9688 0.0333
vt 0.8216 0.5
vt 0.6762 0.5
vt 0.6709 0.5335
f 2902/2902/2902 2903/2903/2903 2904/2904/2904
v -0.0474 0.0129 -0.0193
v -0.0629 0.009 -0.0273
v -0.0658 0.009 -0.0229
vn -0.2457 0.9688 0.0333
vn -0.3508 0.8416 -0.4106
vn -0.4898 0.8527 -0.1818
vt 0.6709 0.5335
vt 0.8113 0.5647
vt 0.8216 0.5
f 2905/2905/2905 2906/2906/2906 2907/2907/2907
v -0.0662 0.009 -0.0177
v -0.0492 0.0129 -0.0143
v -0.0489 0.0129 -0.017
vn -0.4863 0.8713 0.0655
vn -0.1902 0.9659 -0.1758
vn -0.1784 0.982 -0.0621
vt 0.8113 0.4353
vt 0.6709 0.4665
vt 0.6762 0.5
f 2908/2908/2908 2909/2909/2909 2910/2910/2910
v -0.0489 0.0129 -0.017
v -0.0658 0.009 -0.0229
v -0.0662 0.009 -0.0177
vn -0.1784 0.982 -0.0621
vn -0.4898 0.8527 -0.1818
vn -0.4863 0.8713 0.0655
vt 0.6762 0.5
vt 0.8216 0.5
vt 0.8113 0.4353
f 2911/2911/2911 2912/2912/2912 2913/2913/2913
v -0.0627 0.009 -0.0114
v -0.0523 0.0129 -0.0128
v -0.0492 0.0129 -0.0143
vn -0.4061 0.8964 0.1775
vn -0.3019 0.9059 -0.297
vn -0.1902 0.9659 -0.1758
vt 0.7675 0.375
vt 0.691 0.4353
vt 0.6709 0.4665
f 2914/2914/2914 2915/2915/2915 2916/2916/2916
v -0.0492 0.0129 -0.0143
v -0.0662 0.009 -0.0177
v -0.0627 0.009 -0.0114
vn -0.1902 0.9659 -0.1758
vn -0.4863 0.8713 0.0655
vn -0.4061 0.8964 0.1775
vt 0.6709 0.4665
vt 0.8113 0.4353
vt 0.7675 0.375
f 2917/2917/2917 2918/2918/2918 2919/2919/2919
v -0.0607 0.009 -0.0064
v -0.0513 0.0129 -0.0102
v -0.0523 0.0129 -0.0128
vn -0.4169 0.8776 0.2367
vn -0.2173 0.9682 0.1243
vn -0.3019 0.9059 -0.297
vt 0.7384 0.3232
vt 0.676 0.4085
vt 0.691 0.4353
f 2920/2920/2920 2921/2921/2921 2922/2922/2922
v -0.0523 0.0129 -0.0128
v -0.0627 0.009 -0.0114
v -0.0607 0.009 -0.0064
vn -0.3019 0.9059 -0.297
vn -0.4061 0.8964 0.1775
vn -0.4169 0.8776 0.2367
vt 0.691 0.4353
vt 0.7675 0.375
vt 0.7384 0.3232
f 2923/2923/2923 2924/2924/2924 2925/2925/2925
v -0.0573 0.009 -0.0019
v -0.0495 0.0129 -0.0079
v -0.0513 0.0129 -0.0102
vn -0.3528 0.8716 0.3403
vn -0.1844 0.9664 0.1789
vn -0.2173 0.9682 0.1243
vt 0.7005 0.2835
vt 0.6564 0.3879
vt 0.676 0.4085
f 2926/2926/2926 2927/2927/2927 2928/2928/2928
v -0.0513 0.0129 -0.0102
v -0.0607 0.009 -0.0064
v -0.0573 0.009 -0.0019
vn -0.2173 0.9682 0.1243
vn -0.4169 0.8776 0.2367
vn -0.3528 0.8716 0.3403
vt 0.676 0.4085
vt 0.7384 0.3232
vt 0.7005 0.2835
f 2929/2929/2929 2930/2930/2930 2931/2931/2931
v -0.0529 0.009 0.0017
v -0.0472 0.0129 -0.006
v -0.0495 0.0129 -0.0079
vn -0.2668 0.8674 0.4202
vn -0.1398 0.9652 0.2211
vn -0.1844 0.9664 0.1789
vt 0.6564 0.2585
vt 0.6335 0.375
vt 0.6564 0.3879
f 2932/2932/2932 2933/2933/2933 2934/2934/2934
v -0.0495 0.0129 -0.0079
v -0.0573 0.009 -0.0019
v -0.0529 0.009 0.0017
vn -0.1844 0.9664 0.1789
vn -0.3528 0.8716 0.3403
vn -0.2668 0.8674 0.4202
vt 0.6564 0.3879
vt 0.7005 0.2835
vt 0.6564 0.2585
f 2935/2935/2935 2936/2936/2936 2937/2937/2937
v -0.0476 0.009 0.0043
v -0.0445 0.0129 -0.0047
v -0.0472 0.0129 -0.006
vn -0.1646 0.8658 0.4725
vn -0.0866 0.9647 0.2486
vn -0.1398 0.9652 0.2211
vt 0.609 0.25
vt 0.609 0.3706
vt 0.6335 0.375
f 2938/2938/2938 2939/2939/2939 2940/2940/2940
v -0.0472 0.0129 -0.006
v -0.0529 0.009 0.0017
v -0.0476 0.009 0.0043
vn -0.1398 0.9652 0.2211
vn -0.2668 0.8674 0.4202
vn -0.1646 0.8658 0.4725
vt 0.6335 0.375
vt 0.6564 0.2585
vt 0.609 0.25
f 2941/2941/2941 2942/2942/2942 2943/2943/2943
v -0.0419 0.009 0.0055
v -0.0415 0.0129 -0.0041
v -0.0445 0.0129 -0.0047
vn -0.052 0.8674 0.495
vn -0.0277 0.9652 0.2601
vn -0.0866 0.9647 0.2486
vt 0.5616 0.2585
vt 0.5845 0.375
vt 0.609 0.3706
f 2944/2944/2944 2945/2945/2945 2946/2946/2946
v -0.0445 0.0129 -0.0047
v -0.0476 0.009 0.0043
v -0.0419 0.009 0.0055
vn -0.0866 0.9647 0.2486
vn -0.1646 0.8658 0.4725
vn -0.052 0.8674 0.495
vt 0.609 0.3706
vt 0.609 0.25
vt 0.5616 0.2585
f 2947/2947/2947 2948/2948/2948 2949/2949/2949
v -0.0362 0.009 0.0055
v -0.0386 0.0129 -0.0041
v -0.0415 0.0129 -0.0041
vn -0.0389 0.8694 0.4926
vn 0.0082 0.9707 0.24
vn -0.0277 0.9652 0.2601
vt 0.5175 0.2835
vt 0.5616 0.3879
vt 0.5845 0.375
f 2950/2950/2950 2951/2951/2951 2952/2952/2952
v -0.0415 0.0129 -0.0041
v -0.0419 0.009 0.0055
v -0.0362 0.009 0.0055
vn -0.0277 0.9652 0.2601
vn -0.052 0.8674 0.495
vn -0.0389 0.8694 0.4926
vt 0.5845 0.375
vt 0.5616 0.2585
vt 0.5175 0.2835
f 2953/2953/2953 2954/2954/2954 2955/2955/2955
v -0.0172 0.009 0.0088
v -0.0358 0.0129 -0.0048
v -0.0386 0.0129 -0.0041
vn 0.0102 0.9008 0.4342
vn 0.0553 0.9867 0.1527
vn 0.0082 0.9707 0.24
vt 0.3623 0.3232
vt 0.542 0.4085
vt 0.5616 0.3879
f 2956/2956/2956 2957/2957/2957 2958/2958/2958
v -0.0386 0.0129 -0.0041
v -0.0362 0.009 0.0055
v -0.0172 0.009 0.0088
vn 0.0082 0.9707 0.24
vn -0.0389 0.8694 0.4926
vn 0.0102 0.9008 0.4342
vt 0.5616 0.3879
vt 0.5175 0.2835
vt 0.3623 0.3232
f 2959/2959/2959 2960/2960/2960 2961/2961/2961
v -0.0107 0.009 0.0067
v -0.0333 0.0129 -0.0062
v -0.0358 0.0129 -0.0048
vn 0.1441 0.94 0.3091
vn 0.0823 0.9901 0.1134
vn 0.0553 0.9867 0.1527
vt 0.3177 0.375
vt 0.5269 0.4353
vt 0.542 0.4085
f 2962/2962/2962 2963/2963/2963 2964/2964/2964
v -0.0358 0.0129 -0.0048
v -0.0172 0.009 0.0088
v -0.0107 0.009 0.0067
vn 0.0553 0.9867 0.1527
vn 0.0102 0.9008 0.4342
vn 0.1441 0.94 0.3091
vt 0.542 0.4085
vt 0.3623 0.3232
vt 0.3177 0.375
f 2965/2965/2965 2966/2966/2966 2967/2967/2967
v -0.0059 0.009 0.0033
v -0.0314 0.0129 -0.0082
v -0.0333 0.0129 -0.0062
vn 0.2142 0.9533 0.2128
vn 0.1022 0.9918 0.0767
vn 0.0823 0.9901 0.1134
vt 0.2897 0.4353
vt 0.5175 0.4665
vt 0.5269 0.4353
f 2968/2968/2968 2969/2969/2969 2970/2970/2970
v -0.0333 0.0129 -0.0062
v -0.0107 0.009 0.0067
v -0.0059 0.009 0.0033
vn 0.0823 0.9901 0.1134
vn 0.1441 0.94 0.3091
vn 0.2142 0.9533 0.2128
vt 0.5269 0.4353
vt 0.3177 0.375
vt 0.2897 0.4353
f 2971/2971/2971 2972/2972/2972 2973/2973/2973
v -0.0031 0.009 -0.0011
v -0.0302 0.0129 -0.0105
v -0.0314 0.0129 -0.0082
vn 0.2697 0.9584 0.0938
vn 0.1177 0.9922 0.0406
vn 0.1022 0.9918 0.0767
vt 0.2802 0.5
vt 0.5142 0.5
vt 0.5175 0.4665
f 2974/2974/2974 2975/2975/2975 2976/2976/2976
v -0.0314 0.0129 -0.0082
v -0.0059 0.009 0.0033
v -0.0031 0.009 -0.0011
vn 0.1022 0.9918 0.0767
vn 0.2142 0.9533 0.2128
vn 0.2697 0.9584 0.0938
vt 0.5175 0.4665
vt 0.2897 0.4353
vt 0.2802 0.5
f 2977/2977/2977 2978/2978/2978 2979/2979/2979
v -0.0025 0.009 -0.0063
v -0.0297 0.0129 -0.0131
v -0.0302 0.0129 -0.0105
vn 0.2994 0.9535 -0.0339
vn 0.1299 0.9915 0.0026
vn 0.1177 0.9922 0.0406
vt 0.2897 0.5647
vt 0.5175 0.5335
vt 0.5142 0.5
f 2980/2980/2980 2981/2981/2981 2982/2982/2982
v -0.0302 0.0129 -0.0105
v -0.0031 0.009 -0.0011
v -0.0025 0.009 -0.0063
vn 0.1177 0.9922 0.0406
vn 0.2697 0.9584 0.0938
vn 0.2994 0.9535 -0.0339
vt 0.5142 0.5
vt 0.2802 0.5
vt 0.2897 0.5647
f 2983/2983/2983 2984/2984/2984 2985/2985/2985
v -0.0042 0.009 -0.0119
v -0.03 0.0129 -0.0158
v -0.0297 0.0129 -0.0131
vn 0.3035 0.9406 -0.1522
vn 0.1392 0.9895 -0.04
vn 0.1299 0.9915 0.0026
vt 0.3177 0.625
vt 0.5269 0.5647
vt 0.5175 0.5335
f 2986/2986/2986 2987/2987/2987 2988/2988/2988
v -0.0297 0.0129 -0.0131
v -0.0025 0.009 -0.0063
v -0.0042 0.009 -0.0119
vn 0.1299 0.9915 0.0026
vn 0.2994 0.9535 -0.0339
vn 0.3035 0.9406 -0.1522
vt 0.5175 0.5335
vt 0.2897 0.5647
vt 0.3177 0.625
f 2989/2989/2989 2990/2990/2990 2991/2991/2991
v -0.008 0.009 -0.0175
v -0.031 0.0129 -0.0184
v -0.03 0.0129 -0.0158
vn 0.2749 0.9022 -0.3325
vn 0.1663 0.9771 -0.1325
vn 0.1392 0.9895 -0.04
vt 0.3623 0.6768
vt 0.542 0.5915
vt 0.5269 0.5647
f 2992/2992/2992 2993/2993/2993 2994/2994/2994
v -0.03 0.0129 -0.0158
v -0.0042 0.009 -0.0119
v -0.008 0.009 -0.0175
vn 0.1392 0.9895 -0.04
vn 0.3035 0.9406 -0.1522
vn 0.2749 0.9022 -0.3325
vt 0.5269 0.5647
vt 0.3177 0.625
vt 0.3623 0.6768
f 2995/2995/2995 2996/2996/2996 2997/2997/2997
v -0.025 0.009 -0.0267
v -0.0328 0.0129 -0.0208
v -0.031 0.0129 -0.0184
vn 0.2752 0.8761 -0.3958
vn 0.1844 0.9664 -0.1789
vn 0.1663 0.9771 -0.1325
vt 0.5175 0.7165
vt 0.5616 0.6121
vt 0.542 0.5915
f 2998/2998/2998 2999/2999/2999 3000/3000/3000
v -0.031 0.0129 -0.0184
v -0.008 0.009 -0.0175
v -0.025 0.009 -0.0267
vn 0.1663 0.9771 -0.1325
vn 0.2749 0.9022 -0.3325
vn 0.2752 0.8761 -0.3958
vt 0.542 0.5915
vt 0.3623 0.6768
vt 0.5175 0.7165
f 3001/3001/3001 3002/3002/3002 3003/3003/3003
v -0.0294 0.009 -0.0304
v -0.0351 0.0129 -0.0226
v -0.0328 0.0129 -0.0208
vn 0.2668 0.8674 -0.4202
vn 0.1399 0.9652 -0.221
vn 0.1844 0.9664 -0.1789
vt 0.5616 0.7415
vt 0.5845 0.625
vt 0.5616 0.6121
f 3004/3004/3004 3005/3005/3005 3006/3006/3006
v -0.0328 0.0129 -0.0208
v -0.025 0.009 -0.0267
v -0.0294 0.009 -0.0304
vn 0.1844 0.9664 -0.1789
vn 0.2752 0.8761 -0.3958
vn 0.2668 0.8674 -0.4202
vt 0.5616 0.6121
vt 0.5175 0.7165
vt 0.5616 0.7415
f 3007/3007/3007 3008/3008/3008 3009/3009/3009
v -0.0347 0.009 -0.0329
v -0.0378 0.0129 -0.024
v -0.0351 0.0129 -0.0226
vn 0.1646 0.8658 -0.4725
vn 0.0866 0.9647 -0.2486
vn 0.1399 0.9652 -0.221
vt 0.609 0.75
vt 0.609 0.6294
vt 0.5845 0.625
f 3010/3010/3010 3011/3011/3011 3012/3012/3012
v -0.0351 0.0129 -0.0226
v -0.0294 0.009 -0.0304
v -0.0347 0.009 -0.0329
vn 0.1399 0.9652 -0.221
vn 0.2668 0.8674 -0.4202
vn 0.1646 0.8658 -0.4725
vt 0.5845 0.625
vt 0.5616 0.7415
vt 0.609 0.75
f 3013/3013/3013 3014/3014/3014 3015/3015/3015
v -0.0412 0.0142 -0.0143
v -0.0378 0.0129 -0.024
v -0.0408 0.0129 -0.0246
vn -0.0112 0.9999 -0.0039
vn 0.0866 0.9647 -0.2486
vn 0.0277 0.9652 -0.2601
vt 0.609 0.5
vt 0.609 0.6294
vt 0.6335 0.625
f 3016/3016/3016 3017/3017/3017 3018/3018/3018
v -0.0412 0.0142 -0.0143
v -0.0408 0.0129 -0.0246
v -0.0437 0.0129 -0.0246
vn -0.0112 0.9999 -0.0039
vn 0.0277 0.9652 -0.2601
vn -0.0334 0.9664 -0.2547
vt 0.609 0.5
vt 0.6335 0.625
vt 0.6564 0.6121
f 3019/3019/3019 3020/3020/3020 3021/3021/3021
v -0.0412 0.0142 -0.0143
v -0.0437 0.0129 -0.0246
v -0.0465 0.0129 -0.0238
vn -0.0112 0.9999 -0.0039
vn -0.0334 0.9664 -0.2547
vn -0.093 0.9682 -0.2323
vt 0.609 0.5
vt 0.6564 0.6121
vt 0.676 0.5915
f 3022/3022/3022 3023/3023/3023 3024/3024/3024
v -0.0412 0.0142 -0.0143
v -0.0465 0.0129 -0.0238
v -0.049 0.0129 -0.0225
vn -0.0112 0.9999 -0.0039
vn -0.093 0.9682 -0.2323
vn -0.2127 0.9744 -0.0732
vt 0.609 0.5
vt 0.676 0.5915
vt 0.691 0.5647
f 3025/3025/3025 3026/3026/3026 3027/3027/3027
v -0.0412 0.0142 -0.0143
v -0.049 0.0129 -0.0225
v -0.0474 0.0129 -0.0193
vn -0.0112 0.9999 -0.0039
vn -0.2127 0.9744 -0.0732
vn -0.2457 0.9688 0.0333
vt 0.609 0.5
vt 0.691 0.5647
vt 0.6709 0.5335
f 3028/3028/3028 3029/3029/3029 3030/3030/3030
v -0.0412 0.0142 -0.0143
v -0.0474 0.0129 -0.0193
v -0.0489 0.0129 -0.017
vn -0.0112 0.9999 -0.0039
vn -0.2457 0.9688 0.0333
vn -0.1784 0.982 -0.0621
vt 0.609 0.5
vt 0.6709 0.5335
vt 0.6762 0.5
f 3031/3031/3031 3032/3032/3032 3033/3033/3033
v -0.0412 0.0142 -0.0143
v -0.0489 0.0129 -0.017
v -0.0492 0.0129 -0.0143
vn -0.0112 0.9999 -0.0039
vn -0.1784 0.982 -0.0621
vn -0.1902 0.9659 -0.1758
vt 0.609 0.5
vt 0.6762 0.5
vt 0.6709 0.4665
f 3034/3034/3034 3035/3035/3035 3036/3036/3036
v -0.0412 0.0142 -0.0143
v -0.0492 0.0129 -0.0143
v -0.0523 0.0129 -0.0128
vn -0.0112 0.9999 -0.0039
vn -0.1902 0.9659 -0.1758
vn -0.3019 0.9059 -0.297
vt 0.609 0.5
vt 0.6709 0.4665
vt 0.691 0.4353
f 3037/3037/3037 3038/3038/3038 3039/3039/3039
v -0.0412 0.0142 -0.0143
v -0.0523 0.0129 -0.0128
v -0.0513 0.0129 -0.0102
vn -0.0112 0.9999 -0.0039
vn -0.3019 0.9059 -0.297
vn -0.2173 0.9682 0.1243
vt 0.609 0.5
vt 0.691 0.4353
vt 0.676 0.4085
f 3040/3040/3040 3041/3041/3041 3042/3042/3042
v -0.0412 0.0142 -0.0143
v -0.0513 0.0129 -0.0102
v -0.0495 0.0129 -0.0079
vn -0.0112 0.9999 -0.0039
vn -0.2173 0.9682 0.1243
vn -0.1844 0.9664 0.1789
vt 0.609 0.5
vt 0.676 0.4085
vt 0.6564 0.3879
f 3043/3043/3043 3044/3044/3044 3045/3045/3045
v -0.0412 0.0142 -0.0143
v -0.0495 0.0129 -0.0079
v -0.0472 0.0129 -0.006
vn -0.0112 0.9999 -0.0039
vn -0.1844 0.9664 0.1789
vn -0.1398 0.9652 0.2211
vt 0.609 0.5
vt 0.6564 0.3879
vt 0.6335 0.375
f 3046/3046/3046 3047/3047/3047 3048/3048/3048
v -0.0412 0.0142 -0.0143
v -0.0472 0.0129 -0.006
v -0.0445 0.0129 -0.0047
vn -0.0112 0.9999 -0.0039
vn -0.1398 0.9652 0.2211
vn -0.0866 0.9647 0.2486
vt 0.609 0.5
vt 0.6335 0.375
vt 0.609 0.3706
f 3049/3049/3049 3050/3050/3050 3051/3051/3051
v -0.0412 0.0142 -0.0143
v -0.0445 0.0129 -0.0047
v -0.0415 0.0129 -0.0041
vn -0.0112 0.9999 -0.0039
vn -0.0866 0.9647 0.2486
vn -0.0277 0.9652 0.2601
vt 0.609 0.5
vt 0.609 0.3706
vt 0.5845 0.375
f 3052/3052/3052 3053/3053/3053 3054/3054/3054
v -0.0412 0.0142 -0.0143
v -0.0415 0.0129 -0.0041
v -0.0386 0.0129 -0.0041
vn -0.0112 0.9999 -0.0039
vn -0.0277 0.9652 0.2601
vn 0.0082 0.9707 0.24
vt 0.609 0.5
vt 0.5845 0.375
vt 0.5616 0.3879
f 3055/3055/3055 3056/3056/3056 3057/3057/3057
v -0.0412 0.0142 -0.0143
v -0.0386 0.0129 -0.0041
v -0.0358 0.0129 -0.0048
vn -0.0112 0.9999 -0.0039
vn 0.0082 0.9707 0.24
vn 0.0553 0.9867 0.1527
vt 0.609 0.5
vt 0.5616 0.3879
vt 0.542 0.4085
f 3058/3058/3058 3059/3059/3059 3060/3060/3060
v -0.0412 0.0142 -0.0143
v -0.0358 0.0129 -0.0048
v -0.0333 0.0129 -0.0062
vn -0.0112 0.9999 -0.0039
vn 0.0553 0.9867 0.1527
vn 0.0823 0.9901 0.1134
vt 0.609 0.5
vt 0.542 0.4085
vt 0.5269 0.4353
f 3061/3061/3061 3062/3062/3062 3063/3063/3063
v -0.0412 0.0142 -0.0143
v -0.0333 0.0129 -0.0062
v -0.0314 0.0129 -0.0082
vn -0.0112 0.9999 -0.0039
vn 0.0823 0.9901 0.1134
vn 0.1022 0.9918 0.0767
vt 0.609 0.5
vt 0.5269 0.4353
vt 0.5175 0.4665
f 3064/3064/3064 3065/3065/3065 3066/3066/3066
v -0.0412 0.0142 -0.0143
v -0.0314 0.0129 -0.0082
v -0.0302 0.0129 -0.0105
vn -0.0112 0.9999 -0.0039
vn 0.1022 0.9918 0.0767
vn 0.1177 0.9922 0.0406
vt 0.609 0.5
vt 0.5175 0.4665
vt 0.5142 0.5
f 3067/3067/3067 3068/3068/3068 3069/3069/3069
v -0.0412 0.0142 -0.0143
v -0.0302 0.0129 -0.0105
v -0.0297 0.0129 -0.0131
vn -0.0112 0.9999 -0.0039
vn 0.1177 0.9922 0.0406
vn 0.1299 0.9915 0.0026
vt 0.609 0.5
vt 0.5142 0.5
vt 0.5175 0.5335
f 3070/3070/3070 3071/3071/3071 3072/3072/3072
v -0.0412 0.0142 -0.0143
v -0.0297 0.0129 -0.0131
v -0.03 0.0129 -0.0158
vn -0.0112 0.9999 -0.0039
vn 0.1299 0.9915 0.0026
vn 0.1392 0.9895 -0.04
vt 0.609 0.5
vt 0.5175 0.5335
vt 0.5269 0.5647
f 3073/3073/3073 3074/3074/3074 3075/3075/3075
v -0.0412 0.0142 -0.0143
v -0.03 0.0129 -0.0158
v -0.031 0.0129 -0.0184
vn -0.0112 0.9999 -0.0039
vn 0.1392 0.9895 -0.04
vn 0.1663 0.9771 -0.1325
vt 0.609 0.5
vt 0.5269 0.5647
vt 0.542 0.5915
f 3076/3076/3076 3077/3077/3077 3078/3078/3078
v -0.0412 0.0142 -0.0143
v -0.031 0.0129 -0.0184
v -0.0328 0.0129 -0.0208
vn -0.0112 0.9999 -0.0039
vn 0.1663 0.9771 -0.1325
vn 0.1844 0.9664 -0.1789
vt 0.609 0.5
vt 0.542 0.5915
vt 0.5616 0.6121
f 3079/3079/3079 3080/3080/3080 3081/3081/3081
v -0.0412 0.0142 -0.0143
v -0.0328 0.0129 -0.0208
v -0.0351 0.0129 -0.0226
vn -0.0112 0.9999 -0.0039
vn 0.1844 0.9664 -0.1789
vn 0.1399 0.9652 -0.221
vt 0.609 0.5
vt 0.5616 0.6121
vt 0.5845 0.625
f 3082/3082/3082 3083/3083/3083 3084/3084/3084
v -0.0412 0.0142 -0.0143
v -0.0351 0.0129 -0.0226
v -0.0378 0.0129 -0.024
vn -0.0112 0.9999 -0.0039
vn 0.1399 0.9652 -0.221
vn 0.0866 0.9647 -0.2486
vt 0.609 0.5
vt 0.5845 0.625
vt 0.609 0.6294
f 3085/3085/3085 3086/3086/3086 3087/3087/3087
