####
#
#	OBJ File Generated by LightWave3D
#	LightWave3D OBJ Export v2.2
#
####
#	Object: 1
#
#	                Vertices: 11496
#	                  Points: 0
#	                   Lines: 0
#	                   Faces: 3832
#	               Materials: 1
#
####

o 1

#	             Vertex list

v 0.526564 0.620014 0.0875294
v 0.526564 0.620014 0.0825324
v 0.628699 0.620014 0.0825324
v 0.628699 0.620014 0.0825324
v 0.628699 0.620014 0.0875294
v 0.526564 0.620014 0.0875294
v 0.526564 0.649196 0.0875294
v 0.628699 0.649196 0.0875294
v 0.628699 0.649196 0.0825324
v 0.628699 0.649196 0.0825324
v 0.526564 0.649196 0.0825324
v 0.526564 0.649196 0.0875294
v 0.526564 0.620014 0.0875294
v 0.628699 0.620014 0.0875294
v 0.628699 0.649196 0.0875294
v 0.628699 0.649196 0.0875294
v 0.526564 0.649196 0.0875294
v 0.526564 0.620014 0.0875294
v 0.628699 0.620014 0.0875294
v 0.628699 0.620014 0.0825324
v 0.628699 0.649196 0.0825324
v 0.628699 0.649196 0.0825324
v 0.628699 0.649196 0.0875294
v 0.628699 0.620014 0.0875294
v 0.628699 0.620014 0.0825324
v 0.526564 0.620014 0.0825324
v 0.526564 0.649196 0.0825324
v 0.526564 0.649196 0.0825324
v 0.628699 0.649196 0.0825324
v 0.628699 0.620014 0.0825324
v 0.526564 0.620014 0.0825324
v 0.526564 0.620014 0.0875294
v 0.526564 0.649196 0.0875294
v 0.526564 0.649196 0.0875294
v 0.526564 0.649196 0.0825324
v 0.526564 0.620014 0.0825324
v -0.696251 0.0673596 -0.0956018
v -0.712138 0.0673596 -0.0956018
v -0.712138 0.0348352 -0.0956018
v -0.712138 0.0348352 -0.0956018
v -0.696251 0.0348352 -0.0956018
v -0.696251 0.0673596 -0.0956018
v -0.680363 0.0673596 -0.0956018
v -0.696251 0.0673596 -0.0956018
v -0.696251 0.0348352 -0.0956018
v -0.696251 0.0348352 -0.0956018
v -0.680363 0.0348352 -0.0956018
v -0.680363 0.0673596 -0.0956018
v -0.664475 0.0673596 -0.0956018
v -0.680363 0.0673596 -0.0956018
v -0.680363 0.0348352 -0.0956018
v -0.680363 0.0348352 -0.0956018
v -0.664475 0.0348352 -0.0956018
v -0.664475 0.0673596 -0.0956018
v -0.648588 0.0673596 -0.0956018
v -0.664475 0.0673596 -0.0956018
v -0.664475 0.0348352 -0.0956018
v -0.664475 0.0348352 -0.0956018
v -0.648588 0.0348352 -0.0956018
v -0.648588 0.0673596 -0.0956018
v -0.6327 0.0673596 -0.0956018
v -0.648588 0.0673596 -0.0956018
v -0.648588 0.0348352 -0.0956018
v -0.648588 0.0348352 -0.0956018
v -0.6327 0.0348352 -0.0956018
v -0.6327 0.0673596 -0.0956018
v -0.616812 0.0673596 -0.0956018
v -0.6327 0.0673596 -0.0956018
v -0.6327 0.0348352 -0.0956018
v -0.6327 0.0348352 -0.0956018
v -0.616812 0.0348352 -0.0956018
v -0.616812 0.0673596 -0.0956018
v -0.600925 0.0673596 -0.0956018
v -0.616812 0.0673596 -0.0956018
v -0.616812 0.0348352 -0.0956018
v -0.616812 0.0348352 -0.0956018
v -0.600925 0.0348352 -0.0956018
v -0.600925 0.0673596 -0.0956018
v -0.585037 0.0673596 -0.0956018
v -0.600925 0.0673596 -0.0956018
v -0.600925 0.0348352 -0.0956018
v -0.600925 0.0348352 -0.0956018
v -0.585037 0.0348352 -0.0956018
v -0.585037 0.0673596 -0.0956018
v -0.569149 0.0673596 -0.0956018
v -0.585037 0.0673596 -0.0956018
v -0.585037 0.0348352 -0.0956018
v -0.585037 0.0348352 -0.0956018
v -0.569149 0.0348352 -0.0956018
v -0.569149 0.0673596 -0.0956018
v -0.553262 0.0673596 -0.0956018
v -0.569149 0.0673596 -0.0956018
v -0.569149 0.0348352 -0.0956018
v -0.569149 0.0348352 -0.0956018
v -0.553262 0.0348352 -0.0956018
v -0.553262 0.0673596 -0.0956018
v -0.537374 0.0673596 -0.0956018
v -0.553262 0.0673596 -0.0956018
v -0.553262 0.0348352 -0.0956018
v -0.553262 0.0348352 -0.0956018
v -0.537374 0.0348352 -0.0956018
v -0.537374 0.0673596 -0.0956018
v -0.521487 0.0673596 -0.0956018
v -0.537374 0.0673596 -0.0956018
v -0.537374 0.0348352 -0.0956018
v -0.537374 0.0348352 -0.0956018
v -0.521487 0.0348352 -0.0956018
v -0.521487 0.0673596 -0.0956018
v -0.505599 0.0673596 -0.0956018
v -0.521487 0.0673596 -0.0956018
v -0.521487 0.0348352 -0.0956018
v -0.521487 0.0348352 -0.0956018
v -0.505599 0.0348352 -0.0956018
v -0.505599 0.0673596 -0.0956018
v -0.489711 0.0673596 -0.0956018
v -0.505599 0.0673596 -0.0956018
v -0.505599 0.0348352 -0.0956018
v -0.505599 0.0348352 -0.0956018
v -0.489711 0.0348352 -0.0956018
v -0.489711 0.0673596 -0.0956018
v -0.473824 0.0673596 -0.0956018
v -0.489711 0.0673596 -0.0956018
v -0.489711 0.0348352 -0.0956018
v -0.489711 0.0348352 -0.0956018
v -0.473824 0.0348352 -0.0956018
v -0.473824 0.0673596 -0.0956018
v -0.457936 0.0673596 -0.0956018
v -0.473824 0.0673596 -0.0956018
v -0.473824 0.0348352 -0.0956018
v -0.473824 0.0348352 -0.0956018
v -0.457936 0.0348352 -0.0956018
v -0.457936 0.0673596 -0.0956018
v -0.442048 0.0673596 -0.0956018
v -0.457936 0.0673596 -0.0956018
v -0.457936 0.0348352 -0.0956018
v -0.457936 0.0348352 -0.0956018
v -0.442048 0.0348352 -0.0956018
v -0.442048 0.0673596 -0.0956018
v -0.426161 0.0673596 -0.0956018
v -0.442048 0.0673596 -0.0956018
v -0.442048 0.0348352 -0.0956018
v -0.442048 0.0348352 -0.0956018
v -0.426161 0.0348352 -0.0956018
v -0.426161 0.0673596 -0.0956018
v -0.410273 0.0673596 -0.0956018
v -0.426161 0.0673596 -0.0956018
v -0.426161 0.0348352 -0.0956018
v -0.426161 0.0348352 -0.0956018
v -0.410273 0.0348352 -0.0956018
v -0.410273 0.0673596 -0.0956018
v -0.394386 0.0673596 -0.0956018
v -0.410273 0.0673596 -0.0956018
v -0.410273 0.0348352 -0.0956018
v -0.410273 0.0348352 -0.0956018
v -0.394386 0.0348352 -0.0956018
v -0.394386 0.0673596 -0.0956018
v -0.378498 0.0673596 -0.0956018
v -0.394386 0.0673596 -0.0956018
v -0.394386 0.0348352 -0.0956018
v -0.394386 0.0348352 -0.0956018
v -0.378498 0.0348352 -0.0956018
v -0.378498 0.0673596 -0.0956018
v -0.36261 0.0673596 -0.0956018
v -0.378498 0.0673596 -0.0956018
v -0.378498 0.0348352 -0.0956018
v -0.378498 0.0348352 -0.0956018
v -0.36261 0.0348352 -0.0956018
v -0.36261 0.0673596 -0.0956018
v -0.346723 0.0673596 -0.0956018
v -0.36261 0.0673596 -0.0956018
v -0.36261 0.0348352 -0.0956018
v -0.36261 0.0348352 -0.0956018
v -0.346723 0.0348352 -0.0956018
v -0.346723 0.0673596 -0.0956018
v -0.330835 0.0673596 -0.0956018
v -0.346723 0.0673596 -0.0956018
v -0.346723 0.0348352 -0.0956018
v -0.346723 0.0348352 -0.0956018
v -0.330835 0.0348352 -0.0956018
v -0.330835 0.0673596 -0.0956018
v -0.314948 0.0673596 -0.0956018
v -0.330835 0.0673596 -0.0956018
v -0.330835 0.0348352 -0.0956018
v -0.330835 0.0348352 -0.0956018
v -0.314948 0.0348352 -0.0956018
v -0.314948 0.0673596 -0.0956018
v -0.29906 0.0673596 -0.0956018
v -0.314948 0.0673596 -0.0956018
v -0.314948 0.0348352 -0.0956018
v -0.314948 0.0348352 -0.0956018
v -0.29906 0.0348352 -0.0956018
v -0.29906 0.0673596 -0.0956018
v -0.283172 0.0673596 -0.0956018
v -0.29906 0.0673596 -0.0956018
v -0.29906 0.0348352 -0.0956018
v -0.29906 0.0348352 -0.0956018
v -0.283172 0.0348352 -0.0956018
v -0.283172 0.0673596 -0.0956018
v -0.267285 0.0673596 -0.0956018
v -0.283172 0.0673596 -0.0956018
v -0.283172 0.0348352 -0.0956018
v -0.283172 0.0348352 -0.0956018
v -0.267285 0.0348352 -0.0956018
v -0.267285 0.0673596 -0.0956018
v -0.251397 0.0673596 -0.0956018
v -0.267285 0.0673596 -0.0956018
v -0.267285 0.0348352 -0.0956018
v -0.267285 0.0348352 -0.0956018
v -0.251397 0.0348352 -0.0956018
v -0.251397 0.0673596 -0.0956018
v -0.23551 0.0673596 -0.0956018
v -0.251397 0.0673596 -0.0956018
v -0.251397 0.0348352 -0.0956018
v -0.251397 0.0348352 -0.0956018
v -0.23551 0.0348352 -0.0956018
v -0.23551 0.0673596 -0.0956018
v -0.219622 0.0673596 -0.0956018
v -0.23551 0.0673596 -0.0956018
v -0.23551 0.0348352 -0.0956018
v -0.23551 0.0348352 -0.0956018
v -0.219622 0.0348352 -0.0956018
v -0.219622 0.0673596 -0.0956018
v -0.203734 0.0673596 -0.0956018
v -0.219622 0.0673596 -0.0956018
v -0.219622 0.0348352 -0.0956018
v -0.219622 0.0348352 -0.0956018
v -0.203734 0.0348352 -0.0956018
v -0.203734 0.0673596 -0.0956018
v -0.187847 0.0673596 -0.0956018
v -0.203734 0.0673596 -0.0956018
v -0.203734 0.0348352 -0.0956018
v -0.203734 0.0348352 -0.0956018
v -0.187847 0.0348352 -0.0956018
v -0.187847 0.0673596 -0.0956018
v -0.171959 0.0673596 -0.0956018
v -0.187847 0.0673596 -0.0956018
v -0.187847 0.0348352 -0.0956018
v -0.187847 0.0348352 -0.0956018
v -0.171959 0.0348352 -0.0956018
v -0.171959 0.0673596 -0.0956018
v -0.156071 0.0673596 -0.0956018
v -0.171959 0.0673596 -0.0956018
v -0.171959 0.0348352 -0.0956018
v -0.171959 0.0348352 -0.0956018
v -0.156071 0.0348352 -0.0956018
v -0.156071 0.0673596 -0.0956018
v -0.140184 0.0673596 -0.0956018
v -0.156071 0.0673596 -0.0956018
v -0.156071 0.0348352 -0.0956018
v -0.156071 0.0348352 -0.0956018
v -0.140184 0.0348352 -0.0956018
v -0.140184 0.0673596 -0.0956018
v -0.124296 0.0673596 -0.0956018
v -0.140184 0.0673596 -0.0956018
v -0.140184 0.0348352 -0.0956018
v -0.140184 0.0348352 -0.0956018
v -0.124296 0.0348352 -0.0956018
v -0.124296 0.0673596 -0.0956018
v -0.108409 0.0673596 -0.0956018
v -0.124296 0.0673596 -0.0956018
v -0.124296 0.0348352 -0.0956018
v -0.124296 0.0348352 -0.0956018
v -0.108409 0.0348352 -0.0956018
v -0.108409 0.0673596 -0.0956018
v -0.092521 0.0673596 -0.0956018
v -0.108409 0.0673596 -0.0956018
v -0.108409 0.0348352 -0.0956018
v -0.108409 0.0348352 -0.0956018
v -0.092521 0.0348352 -0.0956018
v -0.092521 0.0673596 -0.0956018
v -0.0766333 0.0673596 -0.0956018
v -0.092521 0.0673596 -0.0956018
v -0.092521 0.0348352 -0.0956018
v -0.092521 0.0348352 -0.0956018
v -0.0766333 0.0348352 -0.0956018
v -0.0766333 0.0673596 -0.0956018
v -0.0607457 0.0673596 -0.0956018
v -0.0766333 0.0673596 -0.0956018
v -0.0766333 0.0348352 -0.0956018
v -0.0766333 0.0348352 -0.0956018
v -0.0607457 0.0348352 -0.0956018
v -0.0607457 0.0673596 -0.0956018
v -0.0448581 0.0673596 -0.0956018
v -0.0607457 0.0673596 -0.0956018
v -0.0607457 0.0348352 -0.0956018
v -0.0607457 0.0348352 -0.0956018
v -0.0448581 0.0348352 -0.0956018
v -0.0448581 0.0673596 -0.0956018
v -0.0289705 0.0673596 -0.0956018
v -0.0448581 0.0673596 -0.0956018
v -0.0448581 0.0348352 -0.0956018
v -0.0448581 0.0348352 -0.0956018
v -0.0289705 0.0348352 -0.0956018
v -0.0289705 0.0673596 -0.0956018
v -0.0130829 0.0673596 -0.0956018
v -0.0289705 0.0673596 -0.0956018
v -0.0289705 0.0348352 -0.0956018
v -0.0289705 0.0348352 -0.0956018
v -0.0130829 0.0348352 -0.0956018
v -0.0130829 0.0673596 -0.0956018
v 0.0028047 0.0673596 -0.0956018
v -0.0130829 0.0673596 -0.0956018
v -0.0130829 0.0348352 -0.0956018
v -0.0130829 0.0348352 -0.0956018
v 0.0028047 0.0348352 -0.0956018
v 0.0028047 0.0673596 -0.0956018
v -0.696251 0.140313 -0.0956018
v -0.712138 0.140313 -0.0956018
v -0.712138 0.0673596 -0.0956018
v -0.712138 0.0673596 -0.0956018
v -0.696251 0.0673596 -0.0956018
v -0.696251 0.140313 -0.0956018
v -0.680363 0.140313 -0.0956018
v -0.696251 0.140313 -0.0956018
v -0.696251 0.0673596 -0.0956018
v -0.696251 0.0673596 -0.0956018
v -0.680363 0.0673596 -0.0956018
v -0.680363 0.140313 -0.0956018
v -0.664475 0.140313 -0.0956018
v -0.680363 0.140313 -0.0956018
v -0.680363 0.0673596 -0.0956018
v -0.680363 0.0673596 -0.0956018
v -0.664475 0.0673596 -0.0956018
v -0.664475 0.140313 -0.0956018
v -0.648588 0.140313 -0.0956018
v -0.664475 0.140313 -0.0956018
v -0.664475 0.0673596 -0.0956018
v -0.664475 0.0673596 -0.0956018
v -0.648588 0.0673596 -0.0956018
v -0.648588 0.140313 -0.0956018
v -0.6327 0.140313 -0.0956018
v -0.648588 0.140313 -0.0956018
v -0.648588 0.0673596 -0.0956018
v -0.648588 0.0673596 -0.0956018
v -0.6327 0.0673596 -0.0956018
v -0.6327 0.140313 -0.0956018
v -0.616812 0.140313 -0.0956018
v -0.6327 0.140313 -0.0956018
v -0.6327 0.0673596 -0.0956018
v -0.6327 0.0673596 -0.0956018
v -0.616812 0.0673596 -0.0956018
v -0.616812 0.140313 -0.0956018
v -0.600925 0.140313 -0.0956018
v -0.616812 0.140313 -0.0956018
v -0.616812 0.0673596 -0.0956018
v -0.616812 0.0673596 -0.0956018
v -0.600925 0.0673596 -0.0956018
v -0.600925 0.140313 -0.0956018
v -0.585037 0.140313 -0.0956018
v -0.600925 0.140313 -0.0956018
v -0.600925 0.0673596 -0.0956018
v -0.600925 0.0673596 -0.0956018
v -0.585037 0.0673596 -0.0956018
v -0.585037 0.140313 -0.0956018
v -0.569149 0.140313 -0.0956018
v -0.585037 0.140313 -0.0956018
v -0.585037 0.0673596 -0.0956018
v -0.585037 0.0673596 -0.0956018
v -0.569149 0.0673596 -0.0956018
v -0.569149 0.140313 -0.0956018
v -0.553262 0.140313 -0.0956018
v -0.569149 0.140313 -0.0956018
v -0.569149 0.0673596 -0.0956018
v -0.569149 0.0673596 -0.0956018
v -0.553262 0.0673596 -0.0956018
v -0.553262 0.140313 -0.0956018
v -0.537374 0.140313 -0.0956018
v -0.553262 0.140313 -0.0956018
v -0.553262 0.0673596 -0.0956018
v -0.553262 0.0673596 -0.0956018
v -0.537374 0.0673596 -0.0956018
v -0.537374 0.140313 -0.0956018
v -0.521487 0.140313 -0.0956018
v -0.537374 0.140313 -0.0956018
v -0.537374 0.0673596 -0.0956018
v -0.537374 0.0673596 -0.0956018
v -0.521487 0.0673596 -0.0956018
v -0.521487 0.140313 -0.0956018
v -0.505599 0.140313 -0.0956018
v -0.521487 0.140313 -0.0956018
v -0.521487 0.0673596 -0.0956018
v -0.521487 0.0673596 -0.0956018
v -0.505599 0.0673596 -0.0956018
v -0.505599 0.140313 -0.0956018
v -0.489711 0.140313 -0.0956018
v -0.505599 0.140313 -0.0956018
v -0.505599 0.0673596 -0.0956018
v -0.505599 0.0673596 -0.0956018
v -0.489711 0.0673596 -0.0956018
v -0.489711 0.140313 -0.0956018
v -0.473824 0.140313 -0.0956018
v -0.489711 0.140313 -0.0956018
v -0.489711 0.0673596 -0.0956018
v -0.489711 0.0673596 -0.0956018
v -0.473824 0.0673596 -0.0956018
v -0.473824 0.140313 -0.0956018
v -0.457936 0.140313 -0.0956018
v -0.473824 0.140313 -0.0956018
v -0.473824 0.0673596 -0.0956018
v -0.473824 0.0673596 -0.0956018
v -0.457936 0.0673596 -0.0956018
v -0.457936 0.140313 -0.0956018
v -0.442048 0.140313 -0.0956018
v -0.457936 0.140313 -0.0956018
v -0.457936 0.0673596 -0.0956018
v -0.457936 0.0673596 -0.0956018
v -0.442048 0.0673596 -0.0956018
v -0.442048 0.140313 -0.0956018
v -0.426161 0.140313 -0.0956018
v -0.442048 0.140313 -0.0956018
v -0.442048 0.0673596 -0.0956018
v -0.442048 0.0673596 -0.0956018
v -0.426161 0.0673596 -0.0956018
v -0.426161 0.140313 -0.0956018
v -0.410273 0.140313 -0.0956018
v -0.426161 0.140313 -0.0956018
v -0.426161 0.0673596 -0.0956018
v -0.426161 0.0673596 -0.0956018
v -0.410273 0.0673596 -0.0956018
v -0.410273 0.140313 -0.0956018
v -0.394386 0.140313 -0.0956018
v -0.410273 0.140313 -0.0956018
v -0.410273 0.0673596 -0.0956018
v -0.410273 0.0673596 -0.0956018
v -0.394386 0.0673596 -0.0956018
v -0.394386 0.140313 -0.0956018
v -0.378498 0.140313 -0.0956018
v -0.394386 0.140313 -0.0956018
v -0.394386 0.0673596 -0.0956018
v -0.394386 0.0673596 -0.0956018
v -0.378498 0.0673596 -0.0956018
v -0.378498 0.140313 -0.0956018
v -0.36261 0.140313 -0.0956018
v -0.378498 0.140313 -0.0956018
v -0.378498 0.0673596 -0.0956018
v -0.378498 0.0673596 -0.0956018
v -0.36261 0.0673596 -0.0956018
v -0.36261 0.140313 -0.0956018
v -0.346723 0.140313 -0.0956018
v -0.36261 0.140313 -0.0956018
v -0.36261 0.0673596 -0.0956018
v -0.36261 0.0673596 -0.0956018
v -0.346723 0.0673596 -0.0956018
v -0.346723 0.140313 -0.0956018
v -0.330835 0.140313 -0.0956018
v -0.346723 0.140313 -0.0956018
v -0.346723 0.0673596 -0.0956018
v -0.346723 0.0673596 -0.0956018
v -0.330835 0.0673596 -0.0956018
v -0.330835 0.140313 -0.0956018
v -0.314948 0.140313 -0.0956018
v -0.330835 0.140313 -0.0956018
v -0.330835 0.0673596 -0.0956018
v -0.330835 0.0673596 -0.0956018
v -0.314948 0.0673596 -0.0956018
v -0.314948 0.140313 -0.0956018
v -0.29906 0.140313 -0.0956018
v -0.314948 0.140313 -0.0956018
v -0.314948 0.0673596 -0.0956018
v -0.314948 0.0673596 -0.0956018
v -0.29906 0.0673596 -0.0956018
v -0.29906 0.140313 -0.0956018
v -0.283172 0.140313 -0.0956018
v -0.29906 0.140313 -0.0956018
v -0.29906 0.0673596 -0.0956018
v -0.29906 0.0673596 -0.0956018
v -0.283172 0.0673596 -0.0956018
v -0.283172 0.140313 -0.0956018
v -0.267285 0.140313 -0.0956018
v -0.283172 0.140313 -0.0956018
v -0.283172 0.0673596 -0.0956018
v -0.283172 0.0673596 -0.0956018
v -0.267285 0.0673596 -0.0956018
v -0.267285 0.140313 -0.0956018
v -0.251397 0.140313 -0.0956018
v -0.267285 0.140313 -0.0956018
v -0.267285 0.0673596 -0.0956018
v -0.267285 0.0673596 -0.0956018
v -0.251397 0.0673596 -0.0956018
v -0.251397 0.140313 -0.0956018
v -0.23551 0.140313 -0.0956018
v -0.251397 0.140313 -0.0956018
v -0.251397 0.0673596 -0.0956018
v -0.251397 0.0673596 -0.0956018
v -0.23551 0.0673596 -0.0956018
v -0.23551 0.140313 -0.0956018
v -0.219622 0.140313 -0.0956018
v -0.23551 0.140313 -0.0956018
v -0.23551 0.0673596 -0.0956018
v -0.23551 0.0673596 -0.0956018
v -0.219622 0.0673596 -0.0956018
v -0.219622 0.140313 -0.0956018
v -0.203734 0.140313 -0.0956018
v -0.219622 0.140313 -0.0956018
v -0.219622 0.0673596 -0.0956018
v -0.219622 0.0673596 -0.0956018
v -0.203734 0.0673596 -0.0956018
v -0.203734 0.140313 -0.0956018
v -0.187847 0.140313 -0.0956018
v -0.203734 0.140313 -0.0956018
v -0.203734 0.0673596 -0.0956018
v -0.203734 0.0673596 -0.0956018
v -0.187847 0.0673596 -0.0956018
v -0.187847 0.140313 -0.0956018
v -0.171959 0.140313 -0.0956018
v -0.187847 0.140313 -0.0956018
v -0.187847 0.0673596 -0.0956018
v -0.187847 0.0673596 -0.0956018
v -0.171959 0.0673596 -0.0956018
v -0.171959 0.140313 -0.0956018
v -0.156071 0.140313 -0.0956018
v -0.171959 0.140313 -0.0956018
v -0.171959 0.0673596 -0.0956018
v -0.171959 0.0673596 -0.0956018
v -0.156071 0.0673596 -0.0956018
v -0.156071 0.140313 -0.0956018
v -0.140184 0.140313 -0.0956018
v -0.156071 0.140313 -0.0956018
v -0.156071 0.0673596 -0.0956018
v -0.156071 0.0673596 -0.0956018
v -0.140184 0.0673596 -0.0956018
v -0.140184 0.140313 -0.0956018
v -0.124296 0.140313 -0.0956018
v -0.140184 0.140313 -0.0956018
v -0.140184 0.0673596 -0.0956018
v -0.140184 0.0673596 -0.0956018
v -0.124296 0.0673596 -0.0956018
v -0.124296 0.140313 -0.0956018
v -0.108409 0.140313 -0.0956018
v -0.124296 0.140313 -0.0956018
v -0.124296 0.0673596 -0.0956018
v -0.124296 0.0673596 -0.0956018
v -0.108409 0.0673596 -0.0956018
v -0.108409 0.140313 -0.0956018
v -0.092521 0.140313 -0.0956018
v -0.108409 0.140313 -0.0956018
v -0.108409 0.0673596 -0.0956018
v -0.108409 0.0673596 -0.0956018
v -0.092521 0.0673596 -0.0956018
v -0.092521 0.140313 -0.0956018
v -0.0766333 0.140313 -0.0956018
v -0.092521 0.140313 -0.0956018
v -0.092521 0.0673596 -0.0956018
v -0.092521 0.0673596 -0.0956018
v -0.0766333 0.0673596 -0.0956018
v -0.0766333 0.140313 -0.0956018
v -0.0607457 0.140313 -0.0956018
v -0.0766333 0.140313 -0.0956018
v -0.0766333 0.0673596 -0.0956018
v -0.0766333 0.0673596 -0.0956018
v -0.0607457 0.0673596 -0.0956018
v -0.0607457 0.140313 -0.0956018
v -0.0448581 0.140313 -0.0956018
v -0.0607457 0.140313 -0.0956018
v -0.0607457 0.0673596 -0.0956018
v -0.0607457 0.0673596 -0.0956018
v -0.0448581 0.0673596 -0.0956018
v -0.0448581 0.140313 -0.0956018
v -0.0289705 0.140313 -0.0956018
v -0.0448581 0.140313 -0.0956018
v -0.0448581 0.0673596 -0.0956018
v -0.0448581 0.0673596 -0.0956018
v -0.0289705 0.0673596 -0.0956018
v -0.0289705 0.140313 -0.0956018
v -0.0130829 0.140313 -0.0956018
v -0.0289705 0.140313 -0.0956018
v -0.0289705 0.0673596 -0.0956018
v -0.0289705 0.0673596 -0.0956018
v -0.0130829 0.0673596 -0.0956018
v -0.0130829 0.140313 -0.0956018
v 0.0028047 0.140313 -0.0956018
v -0.0130829 0.140313 -0.0956018
v -0.0130829 0.0673596 -0.0956018
v -0.0130829 0.0673596 -0.0956018
v 0.0028047 0.0673596 -0.0956018
v 0.0028047 0.140313 -0.0956018
v -0.696251 0.213266 -0.0956018
v -0.712138 0.213266 -0.0956018
v -0.712138 0.140313 -0.0956018
v -0.712138 0.140313 -0.0956018
v -0.696251 0.140313 -0.0956018
v -0.696251 0.213266 -0.0956018
v -0.680363 0.213266 -0.0956018
v -0.696251 0.213266 -0.0956018
v -0.696251 0.140313 -0.0956018
v -0.696251 0.140313 -0.0956018
v -0.680363 0.140313 -0.0956018
v -0.680363 0.213266 -0.0956018
v -0.664475 0.213266 -0.0956018
v -0.680363 0.213266 -0.0956018
v -0.680363 0.140313 -0.0956018
v -0.680363 0.140313 -0.0956018
v -0.664475 0.140313 -0.0956018
v -0.664475 0.213266 -0.0956018
v -0.648588 0.213266 -0.0956018
v -0.664475 0.213266 -0.0956018
v -0.664475 0.140313 -0.0956018
v -0.664475 0.140313 -0.0956018
v -0.648588 0.140313 -0.0956018
v -0.648588 0.213266 -0.0956018
v -0.6327 0.213266 -0.0956018
v -0.648588 0.213266 -0.0956018
v -0.648588 0.140313 -0.0956018
v -0.648588 0.140313 -0.0956018
v -0.6327 0.140313 -0.0956018
v -0.6327 0.213266 -0.0956018
v -0.616812 0.213266 -0.0956018
v -0.6327 0.213266 -0.0956018
v -0.6327 0.140313 -0.0956018
v -0.6327 0.140313 -0.0956018
v -0.616812 0.140313 -0.0956018
v -0.616812 0.213266 -0.0956018
v -0.600925 0.213266 -0.0956018
v -0.616812 0.213266 -0.0956018
v -0.616812 0.140313 -0.0956018
v -0.616812 0.140313 -0.0956018
v -0.600925 0.140313 -0.0956018
v -0.600925 0.213266 -0.0956018
v -0.585037 0.213266 -0.0956018
v -0.600925 0.213266 -0.0956018
v -0.600925 0.140313 -0.0956018
v -0.600925 0.140313 -0.0956018
v -0.585037 0.140313 -0.0956018
v -0.585037 0.213266 -0.0956018
v -0.569149 0.213266 -0.0956018
v -0.585037 0.213266 -0.0956018
v -0.585037 0.140313 -0.0956018
v -0.585037 0.140313 -0.0956018
v -0.569149 0.140313 -0.0956018
v -0.569149 0.213266 -0.0956018
v -0.553262 0.213266 -0.0956018
v -0.569149 0.213266 -0.0956018
v -0.569149 0.140313 -0.0956018
v -0.569149 0.140313 -0.0956018
v -0.553262 0.140313 -0.0956018
v -0.553262 0.213266 -0.0956018
v -0.537374 0.213266 -0.0956018
v -0.553262 0.213266 -0.0956018
v -0.553262 0.140313 -0.0956018
v -0.553262 0.140313 -0.0956018
v -0.537374 0.140313 -0.0956018
v -0.537374 0.213266 -0.0956018
v -0.521487 0.213266 -0.0956018
v -0.537374 0.213266 -0.0956018
v -0.537374 0.140313 -0.0956018
v -0.537374 0.140313 -0.0956018
v -0.521487 0.140313 -0.0956018
v -0.521487 0.213266 -0.0956018
v -0.505599 0.213266 -0.0956018
v -0.521487 0.213266 -0.0956018
v -0.521487 0.140313 -0.0956018
v -0.521487 0.140313 -0.0956018
v -0.505599 0.140313 -0.0956018
v -0.505599 0.213266 -0.0956018
v -0.489711 0.213266 -0.0956018
v -0.505599 0.213266 -0.0956018
v -0.505599 0.140313 -0.0956018
v -0.505599 0.140313 -0.0956018
v -0.489711 0.140313 -0.0956018
v -0.489711 0.213266 -0.0956018
v -0.473824 0.213266 -0.0956018
v -0.489711 0.213266 -0.0956018
v -0.489711 0.140313 -0.0956018
v -0.489711 0.140313 -0.0956018
v -0.473824 0.140313 -0.0956018
v -0.473824 0.213266 -0.0956018
v -0.457936 0.213266 -0.0956018
v -0.473824 0.213266 -0.0956018
v -0.473824 0.140313 -0.0956018
v -0.473824 0.140313 -0.0956018
v -0.457936 0.140313 -0.0956018
v -0.457936 0.213266 -0.0956018
v -0.442048 0.213266 -0.0956018
v -0.457936 0.213266 -0.0956018
v -0.457936 0.140313 -0.0956018
v -0.457936 0.140313 -0.0956018
v -0.442048 0.140313 -0.0956018
v -0.442048 0.213266 -0.0956018
v -0.426161 0.213266 -0.0956018
v -0.442048 0.213266 -0.0956018
v -0.442048 0.140313 -0.0956018
v -0.442048 0.140313 -0.0956018
v -0.426161 0.140313 -0.0956018
v -0.426161 0.213266 -0.0956018
v -0.410273 0.213266 -0.0956018
v -0.426161 0.213266 -0.0956018
v -0.426161 0.140313 -0.0956018
v -0.426161 0.140313 -0.0956018
v -0.410273 0.140313 -0.0956018
v -0.410273 0.213266 -0.0956018
v -0.394386 0.213266 -0.0956018
v -0.410273 0.213266 -0.0956018
v -0.410273 0.140313 -0.0956018
v -0.410273 0.140313 -0.0956018
v -0.394386 0.140313 -0.0956018
v -0.394386 0.213266 -0.0956018
v -0.378498 0.213266 -0.0956018
v -0.394386 0.213266 -0.0956018
v -0.394386 0.140313 -0.0956018
v -0.394386 0.140313 -0.0956018
v -0.378498 0.140313 -0.0956018
v -0.378498 0.213266 -0.0956018
v -0.36261 0.213266 -0.0956018
v -0.378498 0.213266 -0.0956018
v -0.378498 0.140313 -0.0956018
v -0.378498 0.140313 -0.0956018
v -0.36261 0.140313 -0.0956018
v -0.36261 0.213266 -0.0956018
v -0.346723 0.213266 -0.0956018
v -0.36261 0.213266 -0.0956018
v -0.36261 0.140313 -0.0956018
v -0.36261 0.140313 -0.0956018
v -0.346723 0.140313 -0.0956018
v -0.346723 0.213266 -0.0956018
v -0.330835 0.213266 -0.0956018
v -0.346723 0.213266 -0.0956018
v -0.346723 0.140313 -0.0956018
v -0.346723 0.140313 -0.0956018
v -0.330835 0.140313 -0.0956018
v -0.330835 0.213266 -0.0956018
v -0.314948 0.213266 -0.0956018
v -0.330835 0.213266 -0.0956018
v -0.330835 0.140313 -0.0956018
v -0.330835 0.140313 -0.0956018
v -0.314948 0.140313 -0.0956018
v -0.314948 0.213266 -0.0956018
v -0.29906 0.213266 -0.0956018
v -0.314948 0.213266 -0.0956018
v -0.314948 0.140313 -0.0956018
v -0.314948 0.140313 -0.0956018
v -0.29906 0.140313 -0.0956018
v -0.29906 0.213266 -0.0956018
v -0.283172 0.213266 -0.0956018
v -0.29906 0.213266 -0.0956018
v -0.29906 0.140313 -0.0956018
v -0.29906 0.140313 -0.0956018
v -0.283172 0.140313 -0.0956018
v -0.283172 0.213266 -0.0956018
v -0.267285 0.213266 -0.0956018
v -0.283172 0.213266 -0.0956018
v -0.283172 0.140313 -0.0956018
v -0.283172 0.140313 -0.0956018
v -0.267285 0.140313 -0.0956018
v -0.267285 0.213266 -0.0956018
v -0.251397 0.213266 -0.0956018
v -0.267285 0.213266 -0.0956018
v -0.267285 0.140313 -0.0956018
v -0.267285 0.140313 -0.0956018
v -0.251397 0.140313 -0.0956018
v -0.251397 0.213266 -0.0956018
v -0.23551 0.213266 -0.0956018
v -0.251397 0.213266 -0.0956018
v -0.251397 0.140313 -0.0956018
v -0.251397 0.140313 -0.0956018
v -0.23551 0.140313 -0.0956018
v -0.23551 0.213266 -0.0956018
v -0.219622 0.213266 -0.0956018
v -0.23551 0.213266 -0.0956018
v -0.23551 0.140313 -0.0956018
v -0.23551 0.140313 -0.0956018
v -0.219622 0.140313 -0.0956018
v -0.219622 0.213266 -0.0956018
v -0.203734 0.213266 -0.0956018
v -0.219622 0.213266 -0.0956018
v -0.219622 0.140313 -0.0956018
v -0.219622 0.140313 -0.0956018
v -0.203734 0.140313 -0.0956018
v -0.203734 0.213266 -0.0956018
v -0.187847 0.213266 -0.0956018
v -0.203734 0.213266 -0.0956018
v -0.203734 0.140313 -0.0956018
v -0.203734 0.140313 -0.0956018
v -0.187847 0.140313 -0.0956018
v -0.187847 0.213266 -0.0956018
v -0.171959 0.213266 -0.0956018
v -0.187847 0.213266 -0.0956018
v -0.187847 0.140313 -0.0956018
v -0.187847 0.140313 -0.0956018
v -0.171959 0.140313 -0.0956018
v -0.171959 0.213266 -0.0956018
v -0.156071 0.213266 -0.0956018
v -0.171959 0.213266 -0.0956018
v -0.171959 0.140313 -0.0956018
v -0.171959 0.140313 -0.0956018
v -0.156071 0.140313 -0.0956018
v -0.156071 0.213266 -0.0956018
v -0.140184 0.213266 -0.0956018
v -0.156071 0.213266 -0.0956018
v -0.156071 0.140313 -0.0956018
v -0.156071 0.140313 -0.0956018
v -0.140184 0.140313 -0.0956018
v -0.140184 0.213266 -0.0956018
v -0.124296 0.213266 -0.0956018
v -0.140184 0.213266 -0.0956018
v -0.140184 0.140313 -0.0956018
v -0.140184 0.140313 -0.0956018
v -0.124296 0.140313 -0.0956018
v -0.124296 0.213266 -0.0956018
v -0.108409 0.213266 -0.0956018
v -0.124296 0.213266 -0.0956018
v -0.124296 0.140313 -0.0956018
v -0.124296 0.140313 -0.0956018
v -0.108409 0.140313 -0.0956018
v -0.108409 0.213266 -0.0956018
v -0.092521 0.213266 -0.0956018
v -0.108409 0.213266 -0.0956018
v -0.108409 0.140313 -0.0956018
v -0.108409 0.140313 -0.0956018
v -0.092521 0.140313 -0.0956018
v -0.092521 0.213266 -0.0956018
v -0.0766333 0.213266 -0.0956018
v -0.092521 0.213266 -0.0956018
v -0.092521 0.140313 -0.0956018
v -0.092521 0.140313 -0.0956018
v -0.0766333 0.140313 -0.0956018
v -0.0766333 0.213266 -0.0956018
v -0.0607457 0.213266 -0.0956018
v -0.0766333 0.213266 -0.0956018
v -0.0766333 0.140313 -0.0956018
v -0.0766333 0.140313 -0.0956018
v -0.0607457 0.140313 -0.0956018
v -0.0607457 0.213266 -0.0956018
v -0.0448581 0.213266 -0.0956018
v -0.0607457 0.213266 -0.0956018
v -0.0607457 0.140313 -0.0956018
v -0.0607457 0.140313 -0.0956018
v -0.0448581 0.140313 -0.0956018
v -0.0448581 0.213266 -0.0956018
v -0.0289705 0.213266 -0.0956018
v -0.0448581 0.213266 -0.0956018
v -0.0448581 0.140313 -0.0956018
v -0.0448581 0.140313 -0.0956018
v -0.0289705 0.140313 -0.0956018
v -0.0289705 0.213266 -0.0956018
v -0.0130829 0.213266 -0.0956018
v -0.0289705 0.213266 -0.0956018
v -0.0289705 0.140313 -0.0956018
v -0.0289705 0.140313 -0.0956018
v -0.0130829 0.140313 -0.0956018
v -0.0130829 0.213266 -0.0956018
v 0.0028047 0.213266 -0.0956018
v -0.0130829 0.213266 -0.0956018
v -0.0130829 0.140313 -0.0956018
v -0.0130829 0.140313 -0.0956018
v 0.0028047 0.140313 -0.0956018
v 0.0028047 0.213266 -0.0956018
v -0.696251 0.28622 -0.0956018
v -0.712138 0.28622 -0.0956018
v -0.712138 0.213266 -0.0956018
v -0.712138 0.213266 -0.0956018
v -0.696251 0.213266 -0.0956018
v -0.696251 0.28622 -0.0956018
v -0.680363 0.28622 -0.0956018
v -0.696251 0.28622 -0.0956018
v -0.696251 0.213266 -0.0956018
v -0.696251 0.213266 -0.0956018
v -0.680363 0.213266 -0.0956018
v -0.680363 0.28622 -0.0956018
v -0.664475 0.28622 -0.0956018
v -0.680363 0.28622 -0.0956018
v -0.680363 0.213266 -0.0956018
v -0.680363 0.213266 -0.0956018
v -0.664475 0.213266 -0.0956018
v -0.664475 0.28622 -0.0956018
v -0.648588 0.28622 -0.0956018
v -0.664475 0.28622 -0.0956018
v -0.664475 0.213266 -0.0956018
v -0.664475 0.213266 -0.0956018
v -0.648588 0.213266 -0.0956018
v -0.648588 0.28622 -0.0956018
v -0.6327 0.28622 -0.0956018
v -0.648588 0.28622 -0.0956018
v -0.648588 0.213266 -0.0956018
v -0.648588 0.213266 -0.0956018
v -0.6327 0.213266 -0.0956018
v -0.6327 0.28622 -0.0956018
v -0.616812 0.28622 -0.0956018
v -0.6327 0.28622 -0.0956018
v -0.6327 0.213266 -0.0956018
v -0.6327 0.213266 -0.0956018
v -0.616812 0.213266 -0.0956018
v -0.616812 0.28622 -0.0956018
v -0.600925 0.28622 -0.0956018
v -0.616812 0.28622 -0.0956018
v -0.616812 0.213266 -0.0956018
v -0.616812 0.213266 -0.0956018
v -0.600925 0.213266 -0.0956018
v -0.600925 0.28622 -0.0956018
v -0.585037 0.28622 -0.0956018
v -0.600925 0.28622 -0.0956018
v -0.600925 0.213266 -0.0956018
v -0.600925 0.213266 -0.0956018
v -0.585037 0.213266 -0.0956018
v -0.585037 0.28622 -0.0956018
v -0.569149 0.28622 -0.0956018
v -0.585037 0.28622 -0.0956018
v -0.585037 0.213266 -0.0956018
v -0.585037 0.213266 -0.0956018
v -0.569149 0.213266 -0.0956018
v -0.569149 0.28622 -0.0956018
v -0.553262 0.28622 -0.0956018
v -0.569149 0.28622 -0.0956018
v -0.569149 0.213266 -0.0956018
v -0.569149 0.213266 -0.0956018
v -0.553262 0.213266 -0.0956018
v -0.553262 0.28622 -0.0956018
v -0.537374 0.28622 -0.0956018
v -0.553262 0.28622 -0.0956018
v -0.553262 0.213266 -0.0956018
v -0.553262 0.213266 -0.0956018
v -0.537374 0.213266 -0.0956018
v -0.537374 0.28622 -0.0956018
v -0.521487 0.28622 -0.0956018
v -0.537374 0.28622 -0.0956018
v -0.537374 0.213266 -0.0956018
v -0.537374 0.213266 -0.0956018
v -0.521487 0.213266 -0.0956018
v -0.521487 0.28622 -0.0956018
v -0.505599 0.28622 -0.0956018
v -0.521487 0.28622 -0.0956018
v -0.521487 0.213266 -0.0956018
v -0.521487 0.213266 -0.0956018
v -0.505599 0.213266 -0.0956018
v -0.505599 0.28622 -0.0956018
v -0.489711 0.28622 -0.0956018
v -0.505599 0.28622 -0.0956018
v -0.505599 0.213266 -0.0956018
v -0.505599 0.213266 -0.0956018
v -0.489711 0.213266 -0.0956018
v -0.489711 0.28622 -0.0956018
v -0.473824 0.28622 -0.0956018
v -0.489711 0.28622 -0.0956018
v -0.489711 0.213266 -0.0956018
v -0.489711 0.213266 -0.0956018
v -0.473824 0.213266 -0.0956018
v -0.473824 0.28622 -0.0956018
v -0.457936 0.28622 -0.0956018
v -0.473824 0.28622 -0.0956018
v -0.473824 0.213266 -0.0956018
v -0.473824 0.213266 -0.0956018
v -0.457936 0.213266 -0.0956018
v -0.457936 0.28622 -0.0956018
v -0.442048 0.28622 -0.0956018
v -0.457936 0.28622 -0.0956018
v -0.457936 0.213266 -0.0956018
v -0.457936 0.213266 -0.0956018
v -0.442048 0.213266 -0.0956018
v -0.442048 0.28622 -0.0956018
v -0.426161 0.28622 -0.0956018
v -0.442048 0.28622 -0.0956018
v -0.442048 0.213266 -0.0956018
v -0.442048 0.213266 -0.0956018
v -0.426161 0.213266 -0.0956018
v -0.426161 0.28622 -0.0956018
v -0.410273 0.28622 -0.0956018
v -0.426161 0.28622 -0.0956018
v -0.426161 0.213266 -0.0956018
v -0.426161 0.213266 -0.0956018
v -0.410273 0.213266 -0.0956018
v -0.410273 0.28622 -0.0956018
v -0.394386 0.28622 -0.0956018
v -0.410273 0.28622 -0.0956018
v -0.410273 0.213266 -0.0956018
v -0.410273 0.213266 -0.0956018
v -0.394386 0.213266 -0.0956018
v -0.394386 0.28622 -0.0956018
v -0.378498 0.28622 -0.0956018
v -0.394386 0.28622 -0.0956018
v -0.394386 0.213266 -0.0956018
v -0.394386 0.213266 -0.0956018
v -0.378498 0.213266 -0.0956018
v -0.378498 0.28622 -0.0956018
v -0.36261 0.28622 -0.0956018
v -0.378498 0.28622 -0.0956018
v -0.378498 0.213266 -0.0956018
v -0.378498 0.213266 -0.0956018
v -0.36261 0.213266 -0.0956018
v -0.36261 0.28622 -0.0956018
v -0.346723 0.28622 -0.0956018
v -0.36261 0.28622 -0.0956018
v -0.36261 0.213266 -0.0956018
v -0.36261 0.213266 -0.0956018
v -0.346723 0.213266 -0.0956018
v -0.346723 0.28622 -0.0956018
v -0.330835 0.28622 -0.0956018
v -0.346723 0.28622 -0.0956018
v -0.346723 0.213266 -0.0956018
v -0.346723 0.213266 -0.0956018
v -0.330835 0.213266 -0.0956018
v -0.330835 0.28622 -0.0956018
v -0.314948 0.28622 -0.0956018
v -0.330835 0.28622 -0.0956018
v -0.330835 0.213266 -0.0956018
v -0.330835 0.213266 -0.0956018
v -0.314948 0.213266 -0.0956018
v -0.314948 0.28622 -0.0956018
v -0.29906 0.28622 -0.0956018
v -0.314948 0.28622 -0.0956018
v -0.314948 0.213266 -0.0956018
v -0.314948 0.213266 -0.0956018
v -0.29906 0.213266 -0.0956018
v -0.29906 0.28622 -0.0956018
v -0.283172 0.28622 -0.0956018
v -0.29906 0.28622 -0.0956018
v -0.29906 0.213266 -0.0956018
v -0.29906 0.213266 -0.0956018
v -0.283172 0.213266 -0.0956018
v -0.283172 0.28622 -0.0956018
v -0.267285 0.28622 -0.0956018
v -0.283172 0.28622 -0.0956018
v -0.283172 0.213266 -0.0956018
v -0.283172 0.213266 -0.0956018
v -0.267285 0.213266 -0.0956018
v -0.267285 0.28622 -0.0956018
v -0.251397 0.28622 -0.0956018
v -0.267285 0.28622 -0.0956018
v -0.267285 0.213266 -0.0956018
v -0.267285 0.213266 -0.0956018
v -0.251397 0.213266 -0.0956018
v -0.251397 0.28622 -0.0956018
v -0.23551 0.28622 -0.0956018
v -0.251397 0.28622 -0.0956018
v -0.251397 0.213266 -0.0956018
v -0.251397 0.213266 -0.0956018
v -0.23551 0.213266 -0.0956018
v -0.23551 0.28622 -0.0956018
v -0.219622 0.28622 -0.0956018
v -0.23551 0.28622 -0.0956018
v -0.23551 0.213266 -0.0956018
v -0.23551 0.213266 -0.0956018
v -0.219622 0.213266 -0.0956018
v -0.219622 0.28622 -0.0956018
v -0.203734 0.28622 -0.0956018
v -0.219622 0.28622 -0.0956018
v -0.219622 0.213266 -0.0956018
v -0.219622 0.213266 -0.0956018
v -0.203734 0.213266 -0.0956018
v -0.203734 0.28622 -0.0956018
v -0.187847 0.28622 -0.0956018
v -0.203734 0.28622 -0.0956018
v -0.203734 0.213266 -0.0956018
v -0.203734 0.213266 -0.0956018
v -0.187847 0.213266 -0.0956018
v -0.187847 0.28622 -0.0956018
v -0.171959 0.28622 -0.0956018
v -0.187847 0.28622 -0.0956018
v -0.187847 0.213266 -0.0956018
v -0.187847 0.213266 -0.0956018
v -0.171959 0.213266 -0.0956018
v -0.171959 0.28622 -0.0956018
v -0.156071 0.28622 -0.0956018
v -0.171959 0.28622 -0.0956018
v -0.171959 0.213266 -0.0956018
v -0.171959 0.213266 -0.0956018
v -0.156071 0.213266 -0.0956018
v -0.156071 0.28622 -0.0956018
v -0.140184 0.28622 -0.0956018
v -0.156071 0.28622 -0.0956018
v -0.156071 0.213266 -0.0956018
v -0.156071 0.213266 -0.0956018
v -0.140184 0.213266 -0.0956018
v -0.140184 0.28622 -0.0956018
v -0.124296 0.28622 -0.0956018
v -0.140184 0.28622 -0.0956018
v -0.140184 0.213266 -0.0956018
v -0.140184 0.213266 -0.0956018
v -0.124296 0.213266 -0.0956018
v -0.124296 0.28622 -0.0956018
v -0.108409 0.28622 -0.0956018
v -0.124296 0.28622 -0.0956018
v -0.124296 0.213266 -0.0956018
v -0.124296 0.213266 -0.0956018
v -0.108409 0.213266 -0.0956018
v -0.108409 0.28622 -0.0956018
v -0.092521 0.28622 -0.0956018
v -0.108409 0.28622 -0.0956018
v -0.108409 0.213266 -0.0956018
v -0.108409 0.213266 -0.0956018
v -0.092521 0.213266 -0.0956018
v -0.092521 0.28622 -0.0956018
v -0.0766333 0.28622 -0.0956018
v -0.092521 0.28622 -0.0956018
v -0.092521 0.213266 -0.0956018
v -0.092521 0.213266 -0.0956018
v -0.0766333 0.213266 -0.0956018
v -0.0766333 0.28622 -0.0956018
v -0.0607457 0.28622 -0.0956018
v -0.0766333 0.28622 -0.0956018
v -0.0766333 0.213266 -0.0956018
v -0.0766333 0.213266 -0.0956018
v -0.0607457 0.213266 -0.0956018
v -0.0607457 0.28622 -0.0956018
v -0.0448581 0.28622 -0.0956018
v -0.0607457 0.28622 -0.0956018
v -0.0607457 0.213266 -0.0956018
v -0.0607457 0.213266 -0.0956018
v -0.0448581 0.213266 -0.0956018
v -0.0448581 0.28622 -0.0956018
v -0.0289705 0.28622 -0.0956018
v -0.0448581 0.28622 -0.0956018
v -0.0448581 0.213266 -0.0956018
v -0.0448581 0.213266 -0.0956018
v -0.0289705 0.213266 -0.0956018
v -0.0289705 0.28622 -0.0956018
v -0.0130829 0.28622 -0.0956018
v -0.0289705 0.28622 -0.0956018
v -0.0289705 0.213266 -0.0956018
v -0.0289705 0.213266 -0.0956018
v -0.0130829 0.213266 -0.0956018
v -0.0130829 0.28622 -0.0956018
v 0.0028047 0.28622 -0.0956018
v -0.0130829 0.28622 -0.0956018
v -0.0130829 0.213266 -0.0956018
v -0.0130829 0.213266 -0.0956018
v 0.0028047 0.213266 -0.0956018
v 0.0028047 0.28622 -0.0956018
v -0.696251 0.359173 -0.0956018
v -0.712138 0.359173 -0.0956018
v -0.712138 0.28622 -0.0956018
v -0.712138 0.28622 -0.0956018
v -0.696251 0.28622 -0.0956018
v -0.696251 0.359173 -0.0956018
v -0.680363 0.359173 -0.0956018
v -0.696251 0.359173 -0.0956018
v -0.696251 0.28622 -0.0956018
v -0.696251 0.28622 -0.0956018
v -0.680363 0.28622 -0.0956018
v -0.680363 0.359173 -0.0956018
v -0.664475 0.359173 -0.0956018
v -0.680363 0.359173 -0.0956018
v -0.680363 0.28622 -0.0956018
v -0.680363 0.28622 -0.0956018
v -0.664475 0.28622 -0.0956018
v -0.664475 0.359173 -0.0956018
v -0.648588 0.359173 -0.0956018
v -0.664475 0.359173 -0.0956018
v -0.664475 0.28622 -0.0956018
v -0.664475 0.28622 -0.0956018
v -0.648588 0.28622 -0.0956018
v -0.648588 0.359173 -0.0956018
v -0.6327 0.359173 -0.0956018
v -0.648588 0.359173 -0.0956018
v -0.648588 0.28622 -0.0956018
v -0.648588 0.28622 -0.0956018
v -0.6327 0.28622 -0.0956018
v -0.6327 0.359173 -0.0956018
v -0.616812 0.359173 -0.0956018
v -0.6327 0.359173 -0.0956018
v -0.6327 0.28622 -0.0956018
v -0.6327 0.28622 -0.0956018
v -0.616812 0.28622 -0.0956018
v -0.616812 0.359173 -0.0956018
v -0.600925 0.359173 -0.0956018
v -0.616812 0.359173 -0.0956018
v -0.616812 0.28622 -0.0956018
v -0.616812 0.28622 -0.0956018
v -0.600925 0.28622 -0.0956018
v -0.600925 0.359173 -0.0956018
v -0.585037 0.359173 -0.0956018
v -0.600925 0.359173 -0.0956018
v -0.600925 0.28622 -0.0956018
v -0.600925 0.28622 -0.0956018
v -0.585037 0.28622 -0.0956018
v -0.585037 0.359173 -0.0956018
v -0.569149 0.359173 -0.0956018
v -0.585037 0.359173 -0.0956018
v -0.585037 0.28622 -0.0956018
v -0.585037 0.28622 -0.0956018
v -0.569149 0.28622 -0.0956018
v -0.569149 0.359173 -0.0956018
v -0.553262 0.359173 -0.0956018
v -0.569149 0.359173 -0.0956018
v -0.569149 0.28622 -0.0956018
v -0.569149 0.28622 -0.0956018
v -0.553262 0.28622 -0.0956018
v -0.553262 0.359173 -0.0956018
v -0.537374 0.359173 -0.0956018
v -0.553262 0.359173 -0.0956018
v -0.553262 0.28622 -0.0956018
v -0.553262 0.28622 -0.0956018
v -0.537374 0.28622 -0.0956018
v -0.537374 0.359173 -0.0956018
v -0.521487 0.359173 -0.0956018
v -0.537374 0.359173 -0.0956018
v -0.537374 0.28622 -0.0956018
v -0.537374 0.28622 -0.0956018
v -0.521487 0.28622 -0.0956018
v -0.521487 0.359173 -0.0956018
v -0.505599 0.359173 -0.0956018
v -0.521487 0.359173 -0.0956018
v -0.521487 0.28622 -0.0956018
v -0.521487 0.28622 -0.0956018
v -0.505599 0.28622 -0.0956018
v -0.505599 0.359173 -0.0956018
v -0.489711 0.359173 -0.0956018
v -0.505599 0.359173 -0.0956018
v -0.505599 0.28622 -0.0956018
v -0.505599 0.28622 -0.0956018
v -0.489711 0.28622 -0.0956018
v -0.489711 0.359173 -0.0956018
v -0.473824 0.359173 -0.0956018
v -0.489711 0.359173 -0.0956018
v -0.489711 0.28622 -0.0956018
v -0.489711 0.28622 -0.0956018
v -0.473824 0.28622 -0.0956018
v -0.473824 0.359173 -0.0956018
v -0.457936 0.359173 -0.0956018
v -0.473824 0.359173 -0.0956018
v -0.473824 0.28622 -0.0956018
v -0.473824 0.28622 -0.0956018
v -0.457936 0.28622 -0.0956018
v -0.457936 0.359173 -0.0956018
v -0.442048 0.359173 -0.0956018
v -0.457936 0.359173 -0.0956018
v -0.457936 0.28622 -0.0956018
v -0.457936 0.28622 -0.0956018
v -0.442048 0.28622 -0.0956018
v -0.442048 0.359173 -0.0956018
v -0.426161 0.359173 -0.0956018
v -0.442048 0.359173 -0.0956018
v -0.442048 0.28622 -0.0956018
v -0.442048 0.28622 -0.0956018
v -0.426161 0.28622 -0.0956018
v -0.426161 0.359173 -0.0956018
v -0.410273 0.359173 -0.0956018
v -0.426161 0.359173 -0.0956018
v -0.426161 0.28622 -0.0956018
v -0.426161 0.28622 -0.0956018
v -0.410273 0.28622 -0.0956018
v -0.410273 0.359173 -0.0956018
v -0.394386 0.359173 -0.0956018
v -0.410273 0.359173 -0.0956018
v -0.410273 0.28622 -0.0956018
v -0.410273 0.28622 -0.0956018
v -0.394386 0.28622 -0.0956018
v -0.394386 0.359173 -0.0956018
v -0.378498 0.359173 -0.0956018
v -0.394386 0.359173 -0.0956018
v -0.394386 0.28622 -0.0956018
v -0.394386 0.28622 -0.0956018
v -0.378498 0.28622 -0.0956018
v -0.378498 0.359173 -0.0956018
v -0.36261 0.359173 -0.0956018
v -0.378498 0.359173 -0.0956018
v -0.378498 0.28622 -0.0956018
v -0.378498 0.28622 -0.0956018
v -0.36261 0.28622 -0.0956018
v -0.36261 0.359173 -0.0956018
v -0.346723 0.359173 -0.0956018
v -0.36261 0.359173 -0.0956018
v -0.36261 0.28622 -0.0956018
v -0.36261 0.28622 -0.0956018
v -0.346723 0.28622 -0.0956018
v -0.346723 0.359173 -0.0956018
v -0.330835 0.359173 -0.0956018
v -0.346723 0.359173 -0.0956018
v -0.346723 0.28622 -0.0956018
v -0.346723 0.28622 -0.0956018
v -0.330835 0.28622 -0.0956018
v -0.330835 0.359173 -0.0956018
v -0.314948 0.359173 -0.0956018
v -0.330835 0.359173 -0.0956018
v -0.330835 0.28622 -0.0956018
v -0.330835 0.28622 -0.0956018
v -0.314948 0.28622 -0.0956018
v -0.314948 0.359173 -0.0956018
v -0.29906 0.359173 -0.0956018
v -0.314948 0.359173 -0.0956018
v -0.314948 0.28622 -0.0956018
v -0.314948 0.28622 -0.0956018
v -0.29906 0.28622 -0.0956018
v -0.29906 0.359173 -0.0956018
v -0.283172 0.359173 -0.0956018
v -0.29906 0.359173 -0.0956018
v -0.29906 0.28622 -0.0956018
v -0.29906 0.28622 -0.0956018
v -0.283172 0.28622 -0.0956018
v -0.283172 0.359173 -0.0956018
v -0.267285 0.359173 -0.0956018
v -0.283172 0.359173 -0.0956018
v -0.283172 0.28622 -0.0956018
v -0.283172 0.28622 -0.0956018
v -0.267285 0.28622 -0.0956018
v -0.267285 0.359173 -0.0956018
v -0.251397 0.359173 -0.0956018
v -0.267285 0.359173 -0.0956018
v -0.267285 0.28622 -0.0956018
v -0.267285 0.28622 -0.0956018
v -0.251397 0.28622 -0.0956018
v -0.251397 0.359173 -0.0956018
v -0.23551 0.359173 -0.0956018
v -0.251397 0.359173 -0.0956018
v -0.251397 0.28622 -0.0956018
v -0.251397 0.28622 -0.0956018
v -0.23551 0.28622 -0.0956018
v -0.23551 0.359173 -0.0956018
v -0.219622 0.359173 -0.0956018
v -0.23551 0.359173 -0.0956018
v -0.23551 0.28622 -0.0956018
v -0.23551 0.28622 -0.0956018
v -0.219622 0.28622 -0.0956018
v -0.219622 0.359173 -0.0956018
v -0.203734 0.359173 -0.0956018
v -0.219622 0.359173 -0.0956018
v -0.219622 0.28622 -0.0956018
v -0.219622 0.28622 -0.0956018
v -0.203734 0.28622 -0.0956018
v -0.203734 0.359173 -0.0956018
v -0.187847 0.359173 -0.0956018
v -0.203734 0.359173 -0.0956018
v -0.203734 0.28622 -0.0956018
v -0.203734 0.28622 -0.0956018
v -0.187847 0.28622 -0.0956018
v -0.187847 0.359173 -0.0956018
v -0.171959 0.359173 -0.0956018
v -0.187847 0.359173 -0.0956018
v -0.187847 0.28622 -0.0956018
v -0.187847 0.28622 -0.0956018
v -0.171959 0.28622 -0.0956018
v -0.171959 0.359173 -0.0956018
v -0.156071 0.359173 -0.0956018
v -0.171959 0.359173 -0.0956018
v -0.171959 0.28622 -0.0956018
v -0.171959 0.28622 -0.0956018
v -0.156071 0.28622 -0.0956018
v -0.156071 0.359173 -0.0956018
v -0.140184 0.359173 -0.0956018
v -0.156071 0.359173 -0.0956018
v -0.156071 0.28622 -0.0956018
v -0.156071 0.28622 -0.0956018
v -0.140184 0.28622 -0.0956018
v -0.140184 0.359173 -0.0956018
v -0.124296 0.359173 -0.0956018
v -0.140184 0.359173 -0.0956018
v -0.140184 0.28622 -0.0956018
v -0.140184 0.28622 -0.0956018
v -0.124296 0.28622 -0.0956018
v -0.124296 0.359173 -0.0956018
v -0.108409 0.359173 -0.0956018
v -0.124296 0.359173 -0.0956018
v -0.124296 0.28622 -0.0956018
v -0.124296 0.28622 -0.0956018
v -0.108409 0.28622 -0.0956018
v -0.108409 0.359173 -0.0956018
v -0.092521 0.359173 -0.0956018
v -0.108409 0.359173 -0.0956018
v -0.108409 0.28622 -0.0956018
v -0.108409 0.28622 -0.0956018
v -0.092521 0.28622 -0.0956018
v -0.092521 0.359173 -0.0956018
v -0.0766333 0.359173 -0.0956018
v -0.092521 0.359173 -0.0956018
v -0.092521 0.28622 -0.0956018
v -0.092521 0.28622 -0.0956018
v -0.0766333 0.28622 -0.0956018
v -0.0766333 0.359173 -0.0956018
v -0.0607457 0.359173 -0.0956018
v -0.0766333 0.359173 -0.0956018
v -0.0766333 0.28622 -0.0956018
v -0.0766333 0.28622 -0.0956018
v -0.0607457 0.28622 -0.0956018
v -0.0607457 0.359173 -0.0956018
v -0.0448581 0.359173 -0.0956018
v -0.0607457 0.359173 -0.0956018
v -0.0607457 0.28622 -0.0956018
v -0.0607457 0.28622 -0.0956018
v -0.0448581 0.28622 -0.0956018
v -0.0448581 0.359173 -0.0956018
v -0.0289705 0.359173 -0.0956018
v -0.0448581 0.359173 -0.0956018
v -0.0448581 0.28622 -0.0956018
v -0.0448581 0.28622 -0.0956018
v -0.0289705 0.28622 -0.0956018
v -0.0289705 0.359173 -0.0956018
v -0.0130829 0.359173 -0.0956018
v -0.0289705 0.359173 -0.0956018
v -0.0289705 0.28622 -0.0956018
v -0.0289705 0.28622 -0.0956018
v -0.0130829 0.28622 -0.0956018
v -0.0130829 0.359173 -0.0956018
v 0.0028047 0.359173 -0.0956018
v -0.0130829 0.359173 -0.0956018
v -0.0130829 0.28622 -0.0956018
v -0.0130829 0.28622 -0.0956018
v 0.0028047 0.28622 -0.0956018
v 0.0028047 0.359173 -0.0956018
v -0.696251 0.432126 -0.0956017
v -0.712138 0.432126 -0.0956017
v -0.712138 0.359173 -0.0956018
v -0.712138 0.359173 -0.0956018
v -0.696251 0.359173 -0.0956018
v -0.696251 0.432126 -0.0956017
v -0.680363 0.432126 -0.0956017
v -0.696251 0.432126 -0.0956017
v -0.696251 0.359173 -0.0956018
v -0.696251 0.359173 -0.0956018
v -0.680363 0.359173 -0.0956018
v -0.680363 0.432126 -0.0956017
v -0.664475 0.432126 -0.0956017
v -0.680363 0.432126 -0.0956017
v -0.680363 0.359173 -0.0956018
v -0.680363 0.359173 -0.0956018
v -0.664475 0.359173 -0.0956018
v -0.664475 0.432126 -0.0956017
v -0.648588 0.432126 -0.0956017
v -0.664475 0.432126 -0.0956017
v -0.664475 0.359173 -0.0956018
v -0.664475 0.359173 -0.0956018
v -0.648588 0.359173 -0.0956018
v -0.648588 0.432126 -0.0956017
v -0.6327 0.432126 -0.0956017
v -0.648588 0.432126 -0.0956017
v -0.648588 0.359173 -0.0956018
v -0.648588 0.359173 -0.0956018
v -0.6327 0.359173 -0.0956018
v -0.6327 0.432126 -0.0956017
v -0.616812 0.432126 -0.0956017
v -0.6327 0.432126 -0.0956017
v -0.6327 0.359173 -0.0956018
v -0.6327 0.359173 -0.0956018
v -0.616812 0.359173 -0.0956018
v -0.616812 0.432126 -0.0956017
v -0.600925 0.432126 -0.0956017
v -0.616812 0.432126 -0.0956017
v -0.616812 0.359173 -0.0956018
v -0.616812 0.359173 -0.0956018
v -0.600925 0.359173 -0.0956018
v -0.600925 0.432126 -0.0956017
v -0.585037 0.432126 -0.0956017
v -0.600925 0.432126 -0.0956017
v -0.600925 0.359173 -0.0956018
v -0.600925 0.359173 -0.0956018
v -0.585037 0.359173 -0.0956018
v -0.585037 0.432126 -0.0956017
v -0.569149 0.432126 -0.0956017
v -0.585037 0.432126 -0.0956017
v -0.585037 0.359173 -0.0956018
v -0.585037 0.359173 -0.0956018
v -0.569149 0.359173 -0.0956018
v -0.569149 0.432126 -0.0956017
v -0.553262 0.432126 -0.0956017
v -0.569149 0.432126 -0.0956017
v -0.569149 0.359173 -0.0956018
v -0.569149 0.359173 -0.0956018
v -0.553262 0.359173 -0.0956018
v -0.553262 0.432126 -0.0956017
v -0.537374 0.432126 -0.0956017
v -0.553262 0.432126 -0.0956017
v -0.553262 0.359173 -0.0956018
v -0.553262 0.359173 -0.0956018
v -0.537374 0.359173 -0.0956018
v -0.537374 0.432126 -0.0956017
v -0.521487 0.432126 -0.0956017
v -0.537374 0.432126 -0.0956017
v -0.537374 0.359173 -0.0956018
v -0.537374 0.359173 -0.0956018
v -0.521487 0.359173 -0.0956018
v -0.521487 0.432126 -0.0956017
v -0.505599 0.432126 -0.0956017
v -0.521487 0.432126 -0.0956017
v -0.521487 0.359173 -0.0956018
v -0.521487 0.359173 -0.0956018
v -0.505599 0.359173 -0.0956018
v -0.505599 0.432126 -0.0956017
v -0.489711 0.432126 -0.0956017
v -0.505599 0.432126 -0.0956017
v -0.505599 0.359173 -0.0956018
v -0.505599 0.359173 -0.0956018
v -0.489711 0.359173 -0.0956018
v -0.489711 0.432126 -0.0956017
v -0.473824 0.432126 -0.0956017
v -0.489711 0.432126 -0.0956017
v -0.489711 0.359173 -0.0956018
v -0.489711 0.359173 -0.0956018
v -0.473824 0.359173 -0.0956018
v -0.473824 0.432126 -0.0956017
v -0.457936 0.432126 -0.0956017
v -0.473824 0.432126 -0.0956017
v -0.473824 0.359173 -0.0956018
v -0.473824 0.359173 -0.0956018
v -0.457936 0.359173 -0.0956018
v -0.457936 0.432126 -0.0956017
v -0.442048 0.432126 -0.0956017
v -0.457936 0.432126 -0.0956017
v -0.457936 0.359173 -0.0956018
v -0.457936 0.359173 -0.0956018
v -0.442048 0.359173 -0.0956018
v -0.442048 0.432126 -0.0956017
v -0.426161 0.432126 -0.0956017
v -0.442048 0.432126 -0.0956017
v -0.442048 0.359173 -0.0956018
v -0.442048 0.359173 -0.0956018
v -0.426161 0.359173 -0.0956018
v -0.426161 0.432126 -0.0956017
v -0.410273 0.432126 -0.0956017
v -0.426161 0.432126 -0.0956017
v -0.426161 0.359173 -0.0956018
v -0.426161 0.359173 -0.0956018
v -0.410273 0.359173 -0.0956018
v -0.410273 0.432126 -0.0956017
v -0.394386 0.432126 -0.0956017
v -0.410273 0.432126 -0.0956017
v -0.410273 0.359173 -0.0956018
v -0.410273 0.359173 -0.0956018
v -0.394386 0.359173 -0.0956018
v -0.394386 0.432126 -0.0956017
v -0.378498 0.432126 -0.0956017
v -0.394386 0.432126 -0.0956017
v -0.394386 0.359173 -0.0956018
v -0.394386 0.359173 -0.0956018
v -0.378498 0.359173 -0.0956018
v -0.378498 0.432126 -0.0956017
v -0.36261 0.432126 -0.0956017
v -0.378498 0.432126 -0.0956017
v -0.378498 0.359173 -0.0956018
v -0.378498 0.359173 -0.0956018
v -0.36261 0.359173 -0.0956018
v -0.36261 0.432126 -0.0956017
v -0.346723 0.432126 -0.0956017
v -0.36261 0.432126 -0.0956017
v -0.36261 0.359173 -0.0956018
v -0.36261 0.359173 -0.0956018
v -0.346723 0.359173 -0.0956018
v -0.346723 0.432126 -0.0956017
v -0.330835 0.432126 -0.0956017
v -0.346723 0.432126 -0.0956017
v -0.346723 0.359173 -0.0956018
v -0.346723 0.359173 -0.0956018
v -0.330835 0.359173 -0.0956018
v -0.330835 0.432126 -0.0956017
v -0.314948 0.432126 -0.0956017
v -0.330835 0.432126 -0.0956017
v -0.330835 0.359173 -0.0956018
v -0.330835 0.359173 -0.0956018
v -0.314948 0.359173 -0.0956018
v -0.314948 0.432126 -0.0956017
v -0.29906 0.432126 -0.0956017
v -0.314948 0.432126 -0.0956017
v -0.314948 0.359173 -0.0956018
v -0.314948 0.359173 -0.0956018
v -0.29906 0.359173 -0.0956018
v -0.29906 0.432126 -0.0956017
v -0.283172 0.432126 -0.0956017
v -0.29906 0.432126 -0.0956017
v -0.29906 0.359173 -0.0956018
v -0.29906 0.359173 -0.0956018
v -0.283172 0.359173 -0.0956018
v -0.283172 0.432126 -0.0956017
v -0.267285 0.432126 -0.0956017
v -0.283172 0.432126 -0.0956017
v -0.283172 0.359173 -0.0956018
v -0.283172 0.359173 -0.0956018
v -0.267285 0.359173 -0.0956018
v -0.267285 0.432126 -0.0956017
v -0.251397 0.432126 -0.0956017
v -0.267285 0.432126 -0.0956017
v -0.267285 0.359173 -0.0956018
v -0.267285 0.359173 -0.0956018
v -0.251397 0.359173 -0.0956018
v -0.251397 0.432126 -0.0956017
v -0.23551 0.432126 -0.0956017
v -0.251397 0.432126 -0.0956017
v -0.251397 0.359173 -0.0956018
v -0.251397 0.359173 -0.0956018
v -0.23551 0.359173 -0.0956018
v -0.23551 0.432126 -0.0956017
v -0.219622 0.432126 -0.0956017
v -0.23551 0.432126 -0.0956017
v -0.23551 0.359173 -0.0956018
v -0.23551 0.359173 -0.0956018
v -0.219622 0.359173 -0.0956018
v -0.219622 0.432126 -0.0956017
v -0.203734 0.432126 -0.0956017
v -0.219622 0.432126 -0.0956017
v -0.219622 0.359173 -0.0956018
v -0.219622 0.359173 -0.0956018
v -0.203734 0.359173 -0.0956018
v -0.203734 0.432126 -0.0956017
v -0.187847 0.432126 -0.0956017
v -0.203734 0.432126 -0.0956017
v -0.203734 0.359173 -0.0956018
v -0.203734 0.359173 -0.0956018
v -0.187847 0.359173 -0.0956018
v -0.187847 0.432126 -0.0956017
v -0.171959 0.432126 -0.0956017
v -0.187847 0.432126 -0.0956017
v -0.187847 0.359173 -0.0956018
v -0.187847 0.359173 -0.0956018
v -0.171959 0.359173 -0.0956018
v -0.171959 0.432126 -0.0956017
v -0.156071 0.432126 -0.0956017
v -0.171959 0.432126 -0.0956017
v -0.171959 0.359173 -0.0956018
v -0.171959 0.359173 -0.0956018
v -0.156071 0.359173 -0.0956018
v -0.156071 0.432126 -0.0956017
v -0.140184 0.432126 -0.0956017
v -0.156071 0.432126 -0.0956017
v -0.156071 0.359173 -0.0956018
v -0.156071 0.359173 -0.0956018
v -0.140184 0.359173 -0.0956018
v -0.140184 0.432126 -0.0956017
v -0.124296 0.432126 -0.0956017
v -0.140184 0.432126 -0.0956017
v -0.140184 0.359173 -0.0956018
v -0.140184 0.359173 -0.0956018
v -0.124296 0.359173 -0.0956018
v -0.124296 0.432126 -0.0956017
v -0.108409 0.432126 -0.0956017
v -0.124296 0.432126 -0.0956017
v -0.124296 0.359173 -0.0956018
v -0.124296 0.359173 -0.0956018
v -0.108409 0.359173 -0.0956018
v -0.108409 0.432126 -0.0956017
v -0.092521 0.432126 -0.0956017
v -0.108409 0.432126 -0.0956017
v -0.108409 0.359173 -0.0956018
v -0.108409 0.359173 -0.0956018
v -0.092521 0.359173 -0.0956018
v -0.092521 0.432126 -0.0956017
v -0.0766333 0.432126 -0.0956017
v -0.092521 0.432126 -0.0956017
v -0.092521 0.359173 -0.0956018
v -0.092521 0.359173 -0.0956018
v -0.0766333 0.359173 -0.0956018
v -0.0766333 0.432126 -0.0956017
v -0.0607457 0.432126 -0.0956017
v -0.0766333 0.432126 -0.0956017
v -0.0766333 0.359173 -0.0956018
v -0.0766333 0.359173 -0.0956018
v -0.0607457 0.359173 -0.0956018
v -0.0607457 0.432126 -0.0956017
v -0.0448581 0.432126 -0.0956017
v -0.0607457 0.432126 -0.0956017
v -0.0607457 0.359173 -0.0956018
v -0.0607457 0.359173 -0.0956018
v -0.0448581 0.359173 -0.0956018
v -0.0448581 0.432126 -0.0956017
v -0.0289705 0.432126 -0.0956017
v -0.0448581 0.432126 -0.0956017
v -0.0448581 0.359173 -0.0956018
v -0.0448581 0.359173 -0.0956018
v -0.0289705 0.359173 -0.0956018
v -0.0289705 0.432126 -0.0956017
v -0.0130829 0.432126 -0.0956017
v -0.0289705 0.432126 -0.0956017
v -0.0289705 0.359173 -0.0956018
v -0.0289705 0.359173 -0.0956018
v -0.0130829 0.359173 -0.0956018
v -0.0130829 0.432126 -0.0956017
v 0.0028047 0.432126 -0.0956017
v -0.0130829 0.432126 -0.0956017
v -0.0130829 0.359173 -0.0956018
v -0.0130829 0.359173 -0.0956018
v 0.0028047 0.359173 -0.0956018
v 0.0028047 0.432126 -0.0956017
v -0.696251 0.50508 -0.0956017
v -0.712138 0.50508 -0.0956017
v -0.712138 0.432126 -0.0956017
v -0.712138 0.432126 -0.0956017
v -0.696251 0.432126 -0.0956017
v -0.696251 0.50508 -0.0956017
v -0.680363 0.50508 -0.0956017
v -0.696251 0.50508 -0.0956017
v -0.696251 0.432126 -0.0956017
v -0.696251 0.432126 -0.0956017
v -0.680363 0.432126 -0.0956017
v -0.680363 0.50508 -0.0956017
v -0.664475 0.50508 -0.0956017
v -0.680363 0.50508 -0.0956017
v -0.680363 0.432126 -0.0956017
v -0.680363 0.432126 -0.0956017
v -0.664475 0.432126 -0.0956017
v -0.664475 0.50508 -0.0956017
v -0.648588 0.50508 -0.0956017
v -0.664475 0.50508 -0.0956017
v -0.664475 0.432126 -0.0956017
v -0.664475 0.432126 -0.0956017
v -0.648588 0.432126 -0.0956017
v -0.648588 0.50508 -0.0956017
v -0.6327 0.50508 -0.0956017
v -0.648588 0.50508 -0.0956017
v -0.648588 0.432126 -0.0956017
v -0.648588 0.432126 -0.0956017
v -0.6327 0.432126 -0.0956017
v -0.6327 0.50508 -0.0956017
v -0.616812 0.50508 -0.0956017
v -0.6327 0.50508 -0.0956017
v -0.6327 0.432126 -0.0956017
v -0.6327 0.432126 -0.0956017
v -0.616812 0.432126 -0.0956017
v -0.616812 0.50508 -0.0956017
v -0.600925 0.50508 -0.0956017
v -0.616812 0.50508 -0.0956017
v -0.616812 0.432126 -0.0956017
v -0.616812 0.432126 -0.0956017
v -0.600925 0.432126 -0.0956017
v -0.600925 0.50508 -0.0956017
v -0.585037 0.50508 -0.0956017
v -0.600925 0.50508 -0.0956017
v -0.600925 0.432126 -0.0956017
v -0.600925 0.432126 -0.0956017
v -0.585037 0.432126 -0.0956017
v -0.585037 0.50508 -0.0956017
v -0.569149 0.50508 -0.0956017
v -0.585037 0.50508 -0.0956017
v -0.585037 0.432126 -0.0956017
v -0.585037 0.432126 -0.0956017
v -0.569149 0.432126 -0.0956017
v -0.569149 0.50508 -0.0956017
v -0.553262 0.50508 -0.0956017
v -0.569149 0.50508 -0.0956017
v -0.569149 0.432126 -0.0956017
v -0.569149 0.432126 -0.0956017
v -0.553262 0.432126 -0.0956017
v -0.553262 0.50508 -0.0956017
v -0.537374 0.50508 -0.0956017
v -0.553262 0.50508 -0.0956017
v -0.553262 0.432126 -0.0956017
v -0.553262 0.432126 -0.0956017
v -0.537374 0.432126 -0.0956017
v -0.537374 0.50508 -0.0956017
v -0.521487 0.50508 -0.0956017
v -0.537374 0.50508 -0.0956017
v -0.537374 0.432126 -0.0956017
v -0.537374 0.432126 -0.0956017
v -0.521487 0.432126 -0.0956017
v -0.521487 0.50508 -0.0956017
v -0.505599 0.50508 -0.0956017
v -0.521487 0.50508 -0.0956017
v -0.521487 0.432126 -0.0956017
v -0.521487 0.432126 -0.0956017
v -0.505599 0.432126 -0.0956017
v -0.505599 0.50508 -0.0956017
v -0.489711 0.50508 -0.0956017
v -0.505599 0.50508 -0.0956017
v -0.505599 0.432126 -0.0956017
v -0.505599 0.432126 -0.0956017
v -0.489711 0.432126 -0.0956017
v -0.489711 0.50508 -0.0956017
v -0.473824 0.50508 -0.0956017
v -0.489711 0.50508 -0.0956017
v -0.489711 0.432126 -0.0956017
v -0.489711 0.432126 -0.0956017
v -0.473824 0.432126 -0.0956017
v -0.473824 0.50508 -0.0956017
v -0.457936 0.50508 -0.0956017
v -0.473824 0.50508 -0.0956017
v -0.473824 0.432126 -0.0956017
v -0.473824 0.432126 -0.0956017
v -0.457936 0.432126 -0.0956017
v -0.457936 0.50508 -0.0956017
v -0.442048 0.50508 -0.0956017
v -0.457936 0.50508 -0.0956017
v -0.457936 0.432126 -0.0956017
v -0.457936 0.432126 -0.0956017
v -0.442048 0.432126 -0.0956017
v -0.442048 0.50508 -0.0956017
v -0.426161 0.50508 -0.0956017
v -0.442048 0.50508 -0.0956017
v -0.442048 0.432126 -0.0956017
v -0.442048 0.432126 -0.0956017
v -0.426161 0.432126 -0.0956017
v -0.426161 0.50508 -0.0956017
v -0.410273 0.50508 -0.0956017
v -0.426161 0.50508 -0.0956017
v -0.426161 0.432126 -0.0956017
v -0.426161 0.432126 -0.0956017
v -0.410273 0.432126 -0.0956017
v -0.410273 0.50508 -0.0956017
v -0.394386 0.50508 -0.0956017
v -0.410273 0.50508 -0.0956017
v -0.410273 0.432126 -0.0956017
v -0.410273 0.432126 -0.0956017
v -0.394386 0.432126 -0.0956017
v -0.394386 0.50508 -0.0956017
v -0.378498 0.50508 -0.0956017
v -0.394386 0.50508 -0.0956017
v -0.394386 0.432126 -0.0956017
v -0.394386 0.432126 -0.0956017
v -0.378498 0.432126 -0.0956017
v -0.378498 0.50508 -0.0956017
v -0.36261 0.50508 -0.0956017
v -0.378498 0.50508 -0.0956017
v -0.378498 0.432126 -0.0956017
v -0.378498 0.432126 -0.0956017
v -0.36261 0.432126 -0.0956017
v -0.36261 0.50508 -0.0956017
v -0.346723 0.50508 -0.0956017
v -0.36261 0.50508 -0.0956017
v -0.36261 0.432126 -0.0956017
v -0.36261 0.432126 -0.0956017
v -0.346723 0.432126 -0.0956017
v -0.346723 0.50508 -0.0956017
v -0.330835 0.50508 -0.0956017
v -0.346723 0.50508 -0.0956017
v -0.346723 0.432126 -0.0956017
v -0.346723 0.432126 -0.0956017
v -0.330835 0.432126 -0.0956017
v -0.330835 0.50508 -0.0956017
v -0.314948 0.50508 -0.0956017
v -0.330835 0.50508 -0.0956017
v -0.330835 0.432126 -0.0956017
v -0.330835 0.432126 -0.0956017
v -0.314948 0.432126 -0.0956017
v -0.314948 0.50508 -0.0956017
v -0.29906 0.50508 -0.0956017
v -0.314948 0.50508 -0.0956017
v -0.314948 0.432126 -0.0956017
v -0.314948 0.432126 -0.0956017
v -0.29906 0.432126 -0.0956017
v -0.29906 0.50508 -0.0956017
v -0.283172 0.50508 -0.0956017
v -0.29906 0.50508 -0.0956017
v -0.29906 0.432126 -0.0956017
v -0.29906 0.432126 -0.0956017
v -0.283172 0.432126 -0.0956017
v -0.283172 0.50508 -0.0956017
v -0.267285 0.50508 -0.0956017
v -0.283172 0.50508 -0.0956017
v -0.283172 0.432126 -0.0956017
v -0.283172 0.432126 -0.0956017
v -0.267285 0.432126 -0.0956017
v -0.267285 0.50508 -0.0956017
v -0.251397 0.50508 -0.0956017
v -0.267285 0.50508 -0.0956017
v -0.267285 0.432126 -0.0956017
v -0.267285 0.432126 -0.0956017
v -0.251397 0.432126 -0.0956017
v -0.251397 0.50508 -0.0956017
v -0.23551 0.50508 -0.0956017
v -0.251397 0.50508 -0.0956017
v -0.251397 0.432126 -0.0956017
v -0.251397 0.432126 -0.0956017
v -0.23551 0.432126 -0.0956017
v -0.23551 0.50508 -0.0956017
v -0.219622 0.50508 -0.0956017
v -0.23551 0.50508 -0.0956017
v -0.23551 0.432126 -0.0956017
v -0.23551 0.432126 -0.0956017
v -0.219622 0.432126 -0.0956017
v -0.219622 0.50508 -0.0956017
v -0.203734 0.50508 -0.0956017
v -0.219622 0.50508 -0.0956017
v -0.219622 0.432126 -0.0956017
v -0.219622 0.432126 -0.0956017
v -0.203734 0.432126 -0.0956017
v -0.203734 0.50508 -0.0956017
v -0.187847 0.50508 -0.0956017
v -0.203734 0.50508 -0.0956017
v -0.203734 0.432126 -0.0956017
v -0.203734 0.432126 -0.0956017
v -0.187847 0.432126 -0.0956017
v -0.187847 0.50508 -0.0956017
v -0.171959 0.50508 -0.0956017
v -0.187847 0.50508 -0.0956017
v -0.187847 0.432126 -0.0956017
v -0.187847 0.432126 -0.0956017
v -0.171959 0.432126 -0.0956017
v -0.171959 0.50508 -0.0956017
v -0.156071 0.50508 -0.0956017
v -0.171959 0.50508 -0.0956017
v -0.171959 0.432126 -0.0956017
v -0.171959 0.432126 -0.0956017
v -0.156071 0.432126 -0.0956017
v -0.156071 0.50508 -0.0956017
v -0.140184 0.50508 -0.0956017
v -0.156071 0.50508 -0.0956017
v -0.156071 0.432126 -0.0956017
v -0.156071 0.432126 -0.0956017
v -0.140184 0.432126 -0.0956017
v -0.140184 0.50508 -0.0956017
v -0.124296 0.50508 -0.0956017
v -0.140184 0.50508 -0.0956017
v -0.140184 0.432126 -0.0956017
v -0.140184 0.432126 -0.0956017
v -0.124296 0.432126 -0.0956017
v -0.124296 0.50508 -0.0956017
v -0.108409 0.50508 -0.0956017
v -0.124296 0.50508 -0.0956017
v -0.124296 0.432126 -0.0956017
v -0.124296 0.432126 -0.0956017
v -0.108409 0.432126 -0.0956017
v -0.108409 0.50508 -0.0956017
v -0.092521 0.50508 -0.0956017
v -0.108409 0.50508 -0.0956017
v -0.108409 0.432126 -0.0956017
v -0.108409 0.432126 -0.0956017
v -0.092521 0.432126 -0.0956017
v -0.092521 0.50508 -0.0956017
v -0.0766333 0.50508 -0.0956017
v -0.092521 0.50508 -0.0956017
v -0.092521 0.432126 -0.0956017
v -0.092521 0.432126 -0.0956017
v -0.0766333 0.432126 -0.0956017
v -0.0766333 0.50508 -0.0956017
v -0.0607457 0.50508 -0.0956017
v -0.0766333 0.50508 -0.0956017
v -0.0766333 0.432126 -0.0956017
v -0.0766333 0.432126 -0.0956017
v -0.0607457 0.432126 -0.0956017
v -0.0607457 0.50508 -0.0956017
v -0.0448581 0.50508 -0.0956017
v -0.0607457 0.50508 -0.0956017
v -0.0607457 0.432126 -0.0956017
v -0.0607457 0.432126 -0.0956017
v -0.0448581 0.432126 -0.0956017
v -0.0448581 0.50508 -0.0956017
v -0.0289705 0.50508 -0.0956017
v -0.0448581 0.50508 -0.0956017
v -0.0448581 0.432126 -0.0956017
v -0.0448581 0.432126 -0.0956017
v -0.0289705 0.432126 -0.0956017
v -0.0289705 0.50508 -0.0956017
v -0.0130829 0.50508 -0.0956017
v -0.0289705 0.50508 -0.0956017
v -0.0289705 0.432126 -0.0956017
v -0.0289705 0.432126 -0.0956017
v -0.0130829 0.432126 -0.0956017
v -0.0130829 0.50508 -0.0956017
v 0.0028047 0.50508 -0.0956017
v -0.0130829 0.50508 -0.0956017
v -0.0130829 0.432126 -0.0956017
v -0.0130829 0.432126 -0.0956017
v 0.0028047 0.432126 -0.0956017
v 0.0028047 0.50508 -0.0956017
v -0.696251 0.578033 -0.0956017
v -0.712138 0.578033 -0.0956017
v -0.712138 0.50508 -0.0956017
v -0.712138 0.50508 -0.0956017
v -0.696251 0.50508 -0.0956017
v -0.696251 0.578033 -0.0956017
v -0.680363 0.578033 -0.0956017
v -0.696251 0.578033 -0.0956017
v -0.696251 0.50508 -0.0956017
v -0.696251 0.50508 -0.0956017
v -0.680363 0.50508 -0.0956017
v -0.680363 0.578033 -0.0956017
v -0.664475 0.578033 -0.0956017
v -0.680363 0.578033 -0.0956017
v -0.680363 0.50508 -0.0956017
v -0.680363 0.50508 -0.0956017
v -0.664475 0.50508 -0.0956017
v -0.664475 0.578033 -0.0956017
v -0.648588 0.578033 -0.0956017
v -0.664475 0.578033 -0.0956017
v -0.664475 0.50508 -0.0956017
v -0.664475 0.50508 -0.0956017
v -0.648588 0.50508 -0.0956017
v -0.648588 0.578033 -0.0956017
v -0.6327 0.578033 -0.0956017
v -0.648588 0.578033 -0.0956017
v -0.648588 0.50508 -0.0956017
v -0.648588 0.50508 -0.0956017
v -0.6327 0.50508 -0.0956017
v -0.6327 0.578033 -0.0956017
v -0.616812 0.578033 -0.0956017
v -0.6327 0.578033 -0.0956017
v -0.6327 0.50508 -0.0956017
v -0.6327 0.50508 -0.0956017
v -0.616812 0.50508 -0.0956017
v -0.616812 0.578033 -0.0956017
v -0.600925 0.578033 -0.0956017
v -0.616812 0.578033 -0.0956017
v -0.616812 0.50508 -0.0956017
v -0.616812 0.50508 -0.0956017
v -0.600925 0.50508 -0.0956017
v -0.600925 0.578033 -0.0956017
v -0.585037 0.578033 -0.0956017
v -0.600925 0.578033 -0.0956017
v -0.600925 0.50508 -0.0956017
v -0.600925 0.50508 -0.0956017
v -0.585037 0.50508 -0.0956017
v -0.585037 0.578033 -0.0956017
v -0.569149 0.578033 -0.0956017
v -0.585037 0.578033 -0.0956017
v -0.585037 0.50508 -0.0956017
v -0.585037 0.50508 -0.0956017
v -0.569149 0.50508 -0.0956017
v -0.569149 0.578033 -0.0956017
v -0.553262 0.578033 -0.0956017
v -0.569149 0.578033 -0.0956017
v -0.569149 0.50508 -0.0956017
v -0.569149 0.50508 -0.0956017
v -0.553262 0.50508 -0.0956017
v -0.553262 0.578033 -0.0956017
v -0.537374 0.578033 -0.0956017
v -0.553262 0.578033 -0.0956017
v -0.553262 0.50508 -0.0956017
v -0.553262 0.50508 -0.0956017
v -0.537374 0.50508 -0.0956017
v -0.537374 0.578033 -0.0956017
v -0.521487 0.578033 -0.0956017
v -0.537374 0.578033 -0.0956017
v -0.537374 0.50508 -0.0956017
v -0.537374 0.50508 -0.0956017
v -0.521487 0.50508 -0.0956017
v -0.521487 0.578033 -0.0956017
v -0.505599 0.578033 -0.0956017
v -0.521487 0.578033 -0.0956017
v -0.521487 0.50508 -0.0956017
v -0.521487 0.50508 -0.0956017
v -0.505599 0.50508 -0.0956017
v -0.505599 0.578033 -0.0956017
v -0.489711 0.578033 -0.0956017
v -0.505599 0.578033 -0.0956017
v -0.505599 0.50508 -0.0956017
v -0.505599 0.50508 -0.0956017
v -0.489711 0.50508 -0.0956017
v -0.489711 0.578033 -0.0956017
v -0.473824 0.578033 -0.0956017
v -0.489711 0.578033 -0.0956017
v -0.489711 0.50508 -0.0956017
v -0.489711 0.50508 -0.0956017
v -0.473824 0.50508 -0.0956017
v -0.473824 0.578033 -0.0956017
v -0.457936 0.578033 -0.0956017
v -0.473824 0.578033 -0.0956017
v -0.473824 0.50508 -0.0956017
v -0.473824 0.50508 -0.0956017
v -0.457936 0.50508 -0.0956017
v -0.457936 0.578033 -0.0956017
v -0.442048 0.578033 -0.0956017
v -0.457936 0.578033 -0.0956017
v -0.457936 0.50508 -0.0956017
v -0.457936 0.50508 -0.0956017
v -0.442048 0.50508 -0.0956017
v -0.442048 0.578033 -0.0956017
v -0.426161 0.578033 -0.0956017
v -0.442048 0.578033 -0.0956017
v -0.442048 0.50508 -0.0956017
v -0.442048 0.50508 -0.0956017
v -0.426161 0.50508 -0.0956017
v -0.426161 0.578033 -0.0956017
v -0.410273 0.578033 -0.0956017
v -0.426161 0.578033 -0.0956017
v -0.426161 0.50508 -0.0956017
v -0.426161 0.50508 -0.0956017
v -0.410273 0.50508 -0.0956017
v -0.410273 0.578033 -0.0956017
v -0.394386 0.578033 -0.0956017
v -0.410273 0.578033 -0.0956017
v -0.410273 0.50508 -0.0956017
v -0.410273 0.50508 -0.0956017
v -0.394386 0.50508 -0.0956017
v -0.394386 0.578033 -0.0956017
v -0.378498 0.578033 -0.0956017
v -0.394386 0.578033 -0.0956017
v -0.394386 0.50508 -0.0956017
v -0.394386 0.50508 -0.0956017
v -0.378498 0.50508 -0.0956017
v -0.378498 0.578033 -0.0956017
v -0.36261 0.578033 -0.0956017
v -0.378498 0.578033 -0.0956017
v -0.378498 0.50508 -0.0956017
v -0.378498 0.50508 -0.0956017
v -0.36261 0.50508 -0.0956017
v -0.36261 0.578033 -0.0956017
v -0.346723 0.578033 -0.0956017
v -0.36261 0.578033 -0.0956017
v -0.36261 0.50508 -0.0956017
v -0.36261 0.50508 -0.0956017
v -0.346723 0.50508 -0.0956017
v -0.346723 0.578033 -0.0956017
v -0.330835 0.578033 -0.0956017
v -0.346723 0.578033 -0.0956017
v -0.346723 0.50508 -0.0956017
v -0.346723 0.50508 -0.0956017
v -0.330835 0.50508 -0.0956017
v -0.330835 0.578033 -0.0956017
v -0.314948 0.578033 -0.0956017
v -0.330835 0.578033 -0.0956017
v -0.330835 0.50508 -0.0956017
v -0.330835 0.50508 -0.0956017
v -0.314948 0.50508 -0.0956017
v -0.314948 0.578033 -0.0956017
v -0.29906 0.578033 -0.0956017
v -0.314948 0.578033 -0.0956017
v -0.314948 0.50508 -0.0956017
v -0.314948 0.50508 -0.0956017
v -0.29906 0.50508 -0.0956017
v -0.29906 0.578033 -0.0956017
v -0.283172 0.578033 -0.0956017
v -0.29906 0.578033 -0.0956017
v -0.29906 0.50508 -0.0956017
v -0.29906 0.50508 -0.0956017
v -0.283172 0.50508 -0.0956017
v -0.283172 0.578033 -0.0956017
v -0.267285 0.578033 -0.0956017
v -0.283172 0.578033 -0.0956017
v -0.283172 0.50508 -0.0956017
v -0.283172 0.50508 -0.0956017
v -0.267285 0.50508 -0.0956017
v -0.267285 0.578033 -0.0956017
v -0.251397 0.578033 -0.0956017
v -0.267285 0.578033 -0.0956017
v -0.267285 0.50508 -0.0956017
v -0.267285 0.50508 -0.0956017
v -0.251397 0.50508 -0.0956017
v -0.251397 0.578033 -0.0956017
v -0.23551 0.578033 -0.0956017
v -0.251397 0.578033 -0.0956017
v -0.251397 0.50508 -0.0956017
v -0.251397 0.50508 -0.0956017
v -0.23551 0.50508 -0.0956017
v -0.23551 0.578033 -0.0956017
v -0.219622 0.578033 -0.0956017
v -0.23551 0.578033 -0.0956017
v -0.23551 0.50508 -0.0956017
v -0.23551 0.50508 -0.0956017
v -0.219622 0.50508 -0.0956017
v -0.219622 0.578033 -0.0956017
v -0.203734 0.578033 -0.0956017
v -0.219622 0.578033 -0.0956017
v -0.219622 0.50508 -0.0956017
v -0.219622 0.50508 -0.0956017
v -0.203734 0.50508 -0.0956017
v -0.203734 0.578033 -0.0956017
v -0.187847 0.578033 -0.0956017
v -0.203734 0.578033 -0.0956017
v -0.203734 0.50508 -0.0956017
v -0.203734 0.50508 -0.0956017
v -0.187847 0.50508 -0.0956017
v -0.187847 0.578033 -0.0956017
v -0.171959 0.578033 -0.0956017
v -0.187847 0.578033 -0.0956017
v -0.187847 0.50508 -0.0956017
v -0.187847 0.50508 -0.0956017
v -0.171959 0.50508 -0.0956017
v -0.171959 0.578033 -0.0956017
v -0.156071 0.578033 -0.0956017
v -0.171959 0.578033 -0.0956017
v -0.171959 0.50508 -0.0956017
v -0.171959 0.50508 -0.0956017
v -0.156071 0.50508 -0.0956017
v -0.156071 0.578033 -0.0956017
v -0.140184 0.578033 -0.0956017
v -0.156071 0.578033 -0.0956017
v -0.156071 0.50508 -0.0956017
v -0.156071 0.50508 -0.0956017
v -0.140184 0.50508 -0.0956017
v -0.140184 0.578033 -0.0956017
v -0.124296 0.578033 -0.0956017
v -0.140184 0.578033 -0.0956017
v -0.140184 0.50508 -0.0956017
v -0.140184 0.50508 -0.0956017
v -0.124296 0.50508 -0.0956017
v -0.124296 0.578033 -0.0956017
v -0.108409 0.578033 -0.0956017
v -0.124296 0.578033 -0.0956017
v -0.124296 0.50508 -0.0956017
v -0.124296 0.50508 -0.0956017
v -0.108409 0.50508 -0.0956017
v -0.108409 0.578033 -0.0956017
v -0.092521 0.578033 -0.0956017
v -0.108409 0.578033 -0.0956017
v -0.108409 0.50508 -0.0956017
v -0.108409 0.50508 -0.0956017
v -0.092521 0.50508 -0.0956017
v -0.092521 0.578033 -0.0956017
v -0.0766333 0.578033 -0.0956017
v -0.092521 0.578033 -0.0956017
v -0.092521 0.50508 -0.0956017
v -0.092521 0.50508 -0.0956017
v -0.0766333 0.50508 -0.0956017
v -0.0766333 0.578033 -0.0956017
v -0.0607457 0.578033 -0.0956017
v -0.0766333 0.578033 -0.0956017
v -0.0766333 0.50508 -0.0956017
v -0.0766333 0.50508 -0.0956017
v -0.0607457 0.50508 -0.0956017
v -0.0607457 0.578033 -0.0956017
v -0.0448581 0.578033 -0.0956017
v -0.0607457 0.578033 -0.0956017
v -0.0607457 0.50508 -0.0956017
v -0.0607457 0.50508 -0.0956017
v -0.0448581 0.50508 -0.0956017
v -0.0448581 0.578033 -0.0956017
v -0.0289705 0.578033 -0.0956017
v -0.0448581 0.578033 -0.0956017
v -0.0448581 0.50508 -0.0956017
v -0.0448581 0.50508 -0.0956017
v -0.0289705 0.50508 -0.0956017
v -0.0289705 0.578033 -0.0956017
v -0.0130829 0.578033 -0.0956017
v -0.0289705 0.578033 -0.0956017
v -0.0289705 0.50508 -0.0956017
v -0.0289705 0.50508 -0.0956017
v -0.0130829 0.50508 -0.0956017
v -0.0130829 0.578033 -0.0956017
v 0.0028047 0.578033 -0.0956017
v -0.0130829 0.578033 -0.0956017
v -0.0130829 0.50508 -0.0956017
v -0.0130829 0.50508 -0.0956017
v 0.0028047 0.50508 -0.0956017
v 0.0028047 0.578033 -0.0956017
v -0.696251 0.650986 -0.0956017
v -0.712138 0.650986 -0.0956017
v -0.712138 0.578033 -0.0956017
v -0.712138 0.578033 -0.0956017
v -0.696251 0.578033 -0.0956017
v -0.696251 0.650986 -0.0956017
v -0.680363 0.650986 -0.0956017
v -0.696251 0.650986 -0.0956017
v -0.696251 0.578033 -0.0956017
v -0.696251 0.578033 -0.0956017
v -0.680363 0.578033 -0.0956017
v -0.680363 0.650986 -0.0956017
v -0.664475 0.650986 -0.0956017
v -0.680363 0.650986 -0.0956017
v -0.680363 0.578033 -0.0956017
v -0.680363 0.578033 -0.0956017
v -0.664475 0.578033 -0.0956017
v -0.664475 0.650986 -0.0956017
v -0.648588 0.650986 -0.0956017
v -0.664475 0.650986 -0.0956017
v -0.664475 0.578033 -0.0956017
v -0.664475 0.578033 -0.0956017
v -0.648588 0.578033 -0.0956017
v -0.648588 0.650986 -0.0956017
v -0.6327 0.650986 -0.0956017
v -0.648588 0.650986 -0.0956017
v -0.648588 0.578033 -0.0956017
v -0.648588 0.578033 -0.0956017
v -0.6327 0.578033 -0.0956017
v -0.6327 0.650986 -0.0956017
v -0.616812 0.650986 -0.0956017
v -0.6327 0.650986 -0.0956017
v -0.6327 0.578033 -0.0956017
v -0.6327 0.578033 -0.0956017
v -0.616812 0.578033 -0.0956017
v -0.616812 0.650986 -0.0956017
v -0.600925 0.650986 -0.0956017
v -0.616812 0.650986 -0.0956017
v -0.616812 0.578033 -0.0956017
v -0.616812 0.578033 -0.0956017
v -0.600925 0.578033 -0.0956017
v -0.600925 0.650986 -0.0956017
v -0.585037 0.650986 -0.0956017
v -0.600925 0.650986 -0.0956017
v -0.600925 0.578033 -0.0956017
v -0.600925 0.578033 -0.0956017
v -0.585037 0.578033 -0.0956017
v -0.585037 0.650986 -0.0956017
v -0.569149 0.650986 -0.0956017
v -0.585037 0.650986 -0.0956017
v -0.585037 0.578033 -0.0956017
v -0.585037 0.578033 -0.0956017
v -0.569149 0.578033 -0.0956017
v -0.569149 0.650986 -0.0956017
v -0.553262 0.650986 -0.0956017
v -0.569149 0.650986 -0.0956017
v -0.569149 0.578033 -0.0956017
v -0.569149 0.578033 -0.0956017
v -0.553262 0.578033 -0.0956017
v -0.553262 0.650986 -0.0956017
v -0.537374 0.650986 -0.0956017
v -0.553262 0.650986 -0.0956017
v -0.553262 0.578033 -0.0956017
v -0.553262 0.578033 -0.0956017
v -0.537374 0.578033 -0.0956017
v -0.537374 0.650986 -0.0956017
v -0.521487 0.650986 -0.0956017
v -0.537374 0.650986 -0.0956017
v -0.537374 0.578033 -0.0956017
v -0.537374 0.578033 -0.0956017
v -0.521487 0.578033 -0.0956017
v -0.521487 0.650986 -0.0956017
v -0.505599 0.650986 -0.0956017
v -0.521487 0.650986 -0.0956017
v -0.521487 0.578033 -0.0956017
v -0.521487 0.578033 -0.0956017
v -0.505599 0.578033 -0.0956017
v -0.505599 0.650986 -0.0956017
v -0.489711 0.650986 -0.0956017
v -0.505599 0.650986 -0.0956017
v -0.505599 0.578033 -0.0956017
v -0.505599 0.578033 -0.0956017
v -0.489711 0.578033 -0.0956017
v -0.489711 0.650986 -0.0956017
v -0.473824 0.650986 -0.0956017
v -0.489711 0.650986 -0.0956017
v -0.489711 0.578033 -0.0956017
v -0.489711 0.578033 -0.0956017
v -0.473824 0.578033 -0.0956017
v -0.473824 0.650986 -0.0956017
v -0.457936 0.650986 -0.0956017
v -0.473824 0.650986 -0.0956017
v -0.473824 0.578033 -0.0956017
v -0.473824 0.578033 -0.0956017
v -0.457936 0.578033 -0.0956017
v -0.457936 0.650986 -0.0956017
v -0.442048 0.650986 -0.0956017
v -0.457936 0.650986 -0.0956017
v -0.457936 0.578033 -0.0956017
v -0.457936 0.578033 -0.0956017
v -0.442048 0.578033 -0.0956017
v -0.442048 0.650986 -0.0956017
v -0.426161 0.650986 -0.0956017
v -0.442048 0.650986 -0.0956017
v -0.442048 0.578033 -0.0956017
v -0.442048 0.578033 -0.0956017
v -0.426161 0.578033 -0.0956017
v -0.426161 0.650986 -0.0956017
v -0.410273 0.650986 -0.0956017
v -0.426161 0.650986 -0.0956017
v -0.426161 0.578033 -0.0956017
v -0.426161 0.578033 -0.0956017
v -0.410273 0.578033 -0.0956017
v -0.410273 0.650986 -0.0956017
v -0.394386 0.650986 -0.0956017
v -0.410273 0.650986 -0.0956017
v -0.410273 0.578033 -0.0956017
v -0.410273 0.578033 -0.0956017
v -0.394386 0.578033 -0.0956017
v -0.394386 0.650986 -0.0956017
v -0.378498 0.650986 -0.0956017
v -0.394386 0.650986 -0.0956017
v -0.394386 0.578033 -0.0956017
v -0.394386 0.578033 -0.0956017
v -0.378498 0.578033 -0.0956017
v -0.378498 0.650986 -0.0956017
v -0.36261 0.650986 -0.0956017
v -0.378498 0.650986 -0.0956017
v -0.378498 0.578033 -0.0956017
v -0.378498 0.578033 -0.0956017
v -0.36261 0.578033 -0.0956017
v -0.36261 0.650986 -0.0956017
v -0.346723 0.650986 -0.0956017
v -0.36261 0.650986 -0.0956017
v -0.36261 0.578033 -0.0956017
v -0.36261 0.578033 -0.0956017
v -0.346723 0.578033 -0.0956017
v -0.346723 0.650986 -0.0956017
v -0.330835 0.650986 -0.0956017
v -0.346723 0.650986 -0.0956017
v -0.346723 0.578033 -0.0956017
v -0.346723 0.578033 -0.0956017
v -0.330835 0.578033 -0.0956017
v -0.330835 0.650986 -0.0956017
v -0.314948 0.650986 -0.0956017
v -0.330835 0.650986 -0.0956017
v -0.330835 0.578033 -0.0956017
v -0.330835 0.578033 -0.0956017
v -0.314948 0.578033 -0.0956017
v -0.314948 0.650986 -0.0956017
v -0.29906 0.650986 -0.0956017
v -0.314948 0.650986 -0.0956017
v -0.314948 0.578033 -0.0956017
v -0.314948 0.578033 -0.0956017
v -0.29906 0.578033 -0.0956017
v -0.29906 0.650986 -0.0956017
v -0.283172 0.650986 -0.0956017
v -0.29906 0.650986 -0.0956017
v -0.29906 0.578033 -0.0956017
v -0.29906 0.578033 -0.0956017
v -0.283172 0.578033 -0.0956017
v -0.283172 0.650986 -0.0956017
v -0.267285 0.650986 -0.0956017
v -0.283172 0.650986 -0.0956017
v -0.283172 0.578033 -0.0956017
v -0.283172 0.578033 -0.0956017
v -0.267285 0.578033 -0.0956017
v -0.267285 0.650986 -0.0956017
v -0.251397 0.650986 -0.0956017
v -0.267285 0.650986 -0.0956017
v -0.267285 0.578033 -0.0956017
v -0.267285 0.578033 -0.0956017
v -0.251397 0.578033 -0.0956017
v -0.251397 0.650986 -0.0956017
v -0.23551 0.650986 -0.0956017
v -0.251397 0.650986 -0.0956017
v -0.251397 0.578033 -0.0956017
v -0.251397 0.578033 -0.0956017
v -0.23551 0.578033 -0.0956017
v -0.23551 0.650986 -0.0956017
v -0.219622 0.650986 -0.0956017
v -0.23551 0.650986 -0.0956017
v -0.23551 0.578033 -0.0956017
v -0.23551 0.578033 -0.0956017
v -0.219622 0.578033 -0.0956017
v -0.219622 0.650986 -0.0956017
v -0.203734 0.650986 -0.0956017
v -0.219622 0.650986 -0.0956017
v -0.219622 0.578033 -0.0956017
v -0.219622 0.578033 -0.0956017
v -0.203734 0.578033 -0.0956017
v -0.203734 0.650986 -0.0956017
v -0.187847 0.650986 -0.0956017
v -0.203734 0.650986 -0.0956017
v -0.203734 0.578033 -0.0956017
v -0.203734 0.578033 -0.0956017
v -0.187847 0.578033 -0.0956017
v -0.187847 0.650986 -0.0956017
v -0.171959 0.650986 -0.0956017
v -0.187847 0.650986 -0.0956017
v -0.187847 0.578033 -0.0956017
v -0.187847 0.578033 -0.0956017
v -0.171959 0.578033 -0.0956017
v -0.171959 0.650986 -0.0956017
v -0.156071 0.650986 -0.0956017
v -0.171959 0.650986 -0.0956017
v -0.171959 0.578033 -0.0956017
v -0.171959 0.578033 -0.0956017
v -0.156071 0.578033 -0.0956017
v -0.156071 0.650986 -0.0956017
v -0.140184 0.650986 -0.0956017
v -0.156071 0.650986 -0.0956017
v -0.156071 0.578033 -0.0956017
v -0.156071 0.578033 -0.0956017
v -0.140184 0.578033 -0.0956017
v -0.140184 0.650986 -0.0956017
v -0.124296 0.650986 -0.0956017
v -0.140184 0.650986 -0.0956017
v -0.140184 0.578033 -0.0956017
v -0.140184 0.578033 -0.0956017
v -0.124296 0.578033 -0.0956017
v -0.124296 0.650986 -0.0956017
v -0.108409 0.650986 -0.0956017
v -0.124296 0.650986 -0.0956017
v -0.124296 0.578033 -0.0956017
v -0.124296 0.578033 -0.0956017
v -0.108409 0.578033 -0.0956017
v -0.108409 0.650986 -0.0956017
v -0.092521 0.650986 -0.0956017
v -0.108409 0.650986 -0.0956017
v -0.108409 0.578033 -0.0956017
v -0.108409 0.578033 -0.0956017
v -0.092521 0.578033 -0.0956017
v -0.092521 0.650986 -0.0956017
v -0.0766333 0.650986 -0.0956017
v -0.092521 0.650986 -0.0956017
v -0.092521 0.578033 -0.0956017
v -0.092521 0.578033 -0.0956017
v -0.0766333 0.578033 -0.0956017
v -0.0766333 0.650986 -0.0956017
v -0.0607457 0.650986 -0.0956017
v -0.0766333 0.650986 -0.0956017
v -0.0766333 0.578033 -0.0956017
v -0.0766333 0.578033 -0.0956017
v -0.0607457 0.578033 -0.0956017
v -0.0607457 0.650986 -0.0956017
v -0.0448581 0.650986 -0.0956017
v -0.0607457 0.650986 -0.0956017
v -0.0607457 0.578033 -0.0956017
v -0.0607457 0.578033 -0.0956017
v -0.0448581 0.578033 -0.0956017
v -0.0448581 0.650986 -0.0956017
v -0.0289705 0.650986 -0.0956017
v -0.0448581 0.650986 -0.0956017
v -0.0448581 0.578033 -0.0956017
v -0.0448581 0.578033 -0.0956017
v -0.0289705 0.578033 -0.0956017
v -0.0289705 0.650986 -0.0956017
v -0.0130829 0.650986 -0.0956017
v -0.0289705 0.650986 -0.0956017
v -0.0289705 0.578033 -0.0956017
v -0.0289705 0.578033 -0.0956017
v -0.0130829 0.578033 -0.0956017
v -0.0130829 0.650986 -0.0956017
v 0.0028047 0.650986 -0.0956017
v -0.0130829 0.650986 -0.0956017
v -0.0130829 0.578033 -0.0956017
v -0.0130829 0.578033 -0.0956017
v 0.0028047 0.578033 -0.0956017
v 0.0028047 0.650986 -0.0956017
v -0.696251 0.72394 -0.0956017
v -0.712138 0.72394 -0.0956017
v -0.712138 0.650986 -0.0956017
v -0.712138 0.650986 -0.0956017
v -0.696251 0.650986 -0.0956017
v -0.696251 0.72394 -0.0956017
v -0.680363 0.72394 -0.0956017
v -0.696251 0.72394 -0.0956017
v -0.696251 0.650986 -0.0956017
v -0.696251 0.650986 -0.0956017
v -0.680363 0.650986 -0.0956017
v -0.680363 0.72394 -0.0956017
v -0.664475 0.72394 -0.0956017
v -0.680363 0.72394 -0.0956017
v -0.680363 0.650986 -0.0956017
v -0.680363 0.650986 -0.0956017
v -0.664475 0.650986 -0.0956017
v -0.664475 0.72394 -0.0956017
v -0.648588 0.72394 -0.0956017
v -0.664475 0.72394 -0.0956017
v -0.664475 0.650986 -0.0956017
v -0.664475 0.650986 -0.0956017
v -0.648588 0.650986 -0.0956017
v -0.648588 0.72394 -0.0956017
v -0.6327 0.72394 -0.0956017
v -0.648588 0.72394 -0.0956017
v -0.648588 0.650986 -0.0956017
v -0.648588 0.650986 -0.0956017
v -0.6327 0.650986 -0.0956017
v -0.6327 0.72394 -0.0956017
v -0.616812 0.72394 -0.0956017
v -0.6327 0.72394 -0.0956017
v -0.6327 0.650986 -0.0956017
v -0.6327 0.650986 -0.0956017
v -0.616812 0.650986 -0.0956017
v -0.616812 0.72394 -0.0956017
v -0.600925 0.72394 -0.0956017
v -0.616812 0.72394 -0.0956017
v -0.616812 0.650986 -0.0956017
v -0.616812 0.650986 -0.0956017
v -0.600925 0.650986 -0.0956017
v -0.600925 0.72394 -0.0956017
v -0.585037 0.72394 -0.0956017
v -0.600925 0.72394 -0.0956017
v -0.600925 0.650986 -0.0956017
v -0.600925 0.650986 -0.0956017
v -0.585037 0.650986 -0.0956017
v -0.585037 0.72394 -0.0956017
v -0.569149 0.72394 -0.0956017
v -0.585037 0.72394 -0.0956017
v -0.585037 0.650986 -0.0956017
v -0.585037 0.650986 -0.0956017
v -0.569149 0.650986 -0.0956017
v -0.569149 0.72394 -0.0956017
v -0.553262 0.72394 -0.0956017
v -0.569149 0.72394 -0.0956017
v -0.569149 0.650986 -0.0956017
v -0.569149 0.650986 -0.0956017
v -0.553262 0.650986 -0.0956017
v -0.553262 0.72394 -0.0956017
v -0.537374 0.72394 -0.0956017
v -0.553262 0.72394 -0.0956017
v -0.553262 0.650986 -0.0956017
v -0.553262 0.650986 -0.0956017
v -0.537374 0.650986 -0.0956017
v -0.537374 0.72394 -0.0956017
v -0.521487 0.72394 -0.0956017
v -0.537374 0.72394 -0.0956017
v -0.537374 0.650986 -0.0956017
v -0.537374 0.650986 -0.0956017
v -0.521487 0.650986 -0.0956017
v -0.521487 0.72394 -0.0956017
v -0.505599 0.72394 -0.0956017
v -0.521487 0.72394 -0.0956017
v -0.521487 0.650986 -0.0956017
v -0.521487 0.650986 -0.0956017
v -0.505599 0.650986 -0.0956017
v -0.505599 0.72394 -0.0956017
v -0.489711 0.72394 -0.0956017
v -0.505599 0.72394 -0.0956017
v -0.505599 0.650986 -0.0956017
v -0.505599 0.650986 -0.0956017
v -0.489711 0.650986 -0.0956017
v -0.489711 0.72394 -0.0956017
v -0.473824 0.72394 -0.0956017
v -0.489711 0.72394 -0.0956017
v -0.489711 0.650986 -0.0956017
v -0.489711 0.650986 -0.0956017
v -0.473824 0.650986 -0.0956017
v -0.473824 0.72394 -0.0956017
v -0.457936 0.72394 -0.0956017
v -0.473824 0.72394 -0.0956017
v -0.473824 0.650986 -0.0956017
v -0.473824 0.650986 -0.0956017
v -0.457936 0.650986 -0.0956017
v -0.457936 0.72394 -0.0956017
v -0.442048 0.72394 -0.0956017
v -0.457936 0.72394 -0.0956017
v -0.457936 0.650986 -0.0956017
v -0.457936 0.650986 -0.0956017
v -0.442048 0.650986 -0.0956017
v -0.442048 0.72394 -0.0956017
v -0.426161 0.72394 -0.0956017
v -0.442048 0.72394 -0.0956017
v -0.442048 0.650986 -0.0956017
v -0.442048 0.650986 -0.0956017
v -0.426161 0.650986 -0.0956017
v -0.426161 0.72394 -0.0956017
v -0.410273 0.72394 -0.0956017
v -0.426161 0.72394 -0.0956017
v -0.426161 0.650986 -0.0956017
v -0.426161 0.650986 -0.0956017
v -0.410273 0.650986 -0.0956017
v -0.410273 0.72394 -0.0956017
v -0.394386 0.72394 -0.0956017
v -0.410273 0.72394 -0.0956017
v -0.410273 0.650986 -0.0956017
v -0.410273 0.650986 -0.0956017
v -0.394386 0.650986 -0.0956017
v -0.394386 0.72394 -0.0956017
v -0.378498 0.72394 -0.0956017
v -0.394386 0.72394 -0.0956017
v -0.394386 0.650986 -0.0956017
v -0.394386 0.650986 -0.0956017
v -0.378498 0.650986 -0.0956017
v -0.378498 0.72394 -0.0956017
v -0.36261 0.72394 -0.0956017
v -0.378498 0.72394 -0.0956017
v -0.378498 0.650986 -0.0956017
v -0.378498 0.650986 -0.0956017
v -0.36261 0.650986 -0.0956017
v -0.36261 0.72394 -0.0956017
v -0.346723 0.72394 -0.0956017
v -0.36261 0.72394 -0.0956017
v -0.36261 0.650986 -0.0956017
v -0.36261 0.650986 -0.0956017
v -0.346723 0.650986 -0.0956017
v -0.346723 0.72394 -0.0956017
v -0.330835 0.72394 -0.0956017
v -0.346723 0.72394 -0.0956017
v -0.346723 0.650986 -0.0956017
v -0.346723 0.650986 -0.0956017
v -0.330835 0.650986 -0.0956017
v -0.330835 0.72394 -0.0956017
v -0.314948 0.72394 -0.0956017
v -0.330835 0.72394 -0.0956017
v -0.330835 0.650986 -0.0956017
v -0.330835 0.650986 -0.0956017
v -0.314948 0.650986 -0.0956017
v -0.314948 0.72394 -0.0956017
v -0.29906 0.72394 -0.0956017
v -0.314948 0.72394 -0.0956017
v -0.314948 0.650986 -0.0956017
v -0.314948 0.650986 -0.0956017
v -0.29906 0.650986 -0.0956017
v -0.29906 0.72394 -0.0956017
v -0.283172 0.72394 -0.0956017
v -0.29906 0.72394 -0.0956017
v -0.29906 0.650986 -0.0956017
v -0.29906 0.650986 -0.0956017
v -0.283172 0.650986 -0.0956017
v -0.283172 0.72394 -0.0956017
v -0.267285 0.72394 -0.0956017
v -0.283172 0.72394 -0.0956017
v -0.283172 0.650986 -0.0956017
v -0.283172 0.650986 -0.0956017
v -0.267285 0.650986 -0.0956017
v -0.267285 0.72394 -0.0956017
v -0.251397 0.72394 -0.0956017
v -0.267285 0.72394 -0.0956017
v -0.267285 0.650986 -0.0956017
v -0.267285 0.650986 -0.0956017
v -0.251397 0.650986 -0.0956017
v -0.251397 0.72394 -0.0956017
v -0.23551 0.72394 -0.0956017
v -0.251397 0.72394 -0.0956017
v -0.251397 0.650986 -0.0956017
v -0.251397 0.650986 -0.0956017
v -0.23551 0.650986 -0.0956017
v -0.23551 0.72394 -0.0956017
v -0.219622 0.72394 -0.0956017
v -0.23551 0.72394 -0.0956017
v -0.23551 0.650986 -0.0956017
v -0.23551 0.650986 -0.0956017
v -0.219622 0.650986 -0.0956017
v -0.219622 0.72394 -0.0956017
v -0.203734 0.72394 -0.0956017
v -0.219622 0.72394 -0.0956017
v -0.219622 0.650986 -0.0956017
v -0.219622 0.650986 -0.0956017
v -0.203734 0.650986 -0.0956017
v -0.203734 0.72394 -0.0956017
v -0.187847 0.72394 -0.0956017
v -0.203734 0.72394 -0.0956017
v -0.203734 0.650986 -0.0956017
v -0.203734 0.650986 -0.0956017
v -0.187847 0.650986 -0.0956017
v -0.187847 0.72394 -0.0956017
v -0.171959 0.72394 -0.0956017
v -0.187847 0.72394 -0.0956017
v -0.187847 0.650986 -0.0956017
v -0.187847 0.650986 -0.0956017
v -0.171959 0.650986 -0.0956017
v -0.171959 0.72394 -0.0956017
v -0.156071 0.72394 -0.0956017
v -0.171959 0.72394 -0.0956017
v -0.171959 0.650986 -0.0956017
v -0.171959 0.650986 -0.0956017
v -0.156071 0.650986 -0.0956017
v -0.156071 0.72394 -0.0956017
v -0.140184 0.72394 -0.0956017
v -0.156071 0.72394 -0.0956017
v -0.156071 0.650986 -0.0956017
v -0.156071 0.650986 -0.0956017
v -0.140184 0.650986 -0.0956017
v -0.140184 0.72394 -0.0956017
v -0.124296 0.72394 -0.0956017
v -0.140184 0.72394 -0.0956017
v -0.140184 0.650986 -0.0956017
v -0.140184 0.650986 -0.0956017
v -0.124296 0.650986 -0.0956017
v -0.124296 0.72394 -0.0956017
v -0.108409 0.72394 -0.0956017
v -0.124296 0.72394 -0.0956017
v -0.124296 0.650986 -0.0956017
v -0.124296 0.650986 -0.0956017
v -0.108409 0.650986 -0.0956017
v -0.108409 0.72394 -0.0956017
v -0.092521 0.72394 -0.0956017
v -0.108409 0.72394 -0.0956017
v -0.108409 0.650986 -0.0956017
v -0.108409 0.650986 -0.0956017
v -0.092521 0.650986 -0.0956017
v -0.092521 0.72394 -0.0956017
v -0.0766333 0.72394 -0.0956017
v -0.092521 0.72394 -0.0956017
v -0.092521 0.650986 -0.0956017
v -0.092521 0.650986 -0.0956017
v -0.0766333 0.650986 -0.0956017
v -0.0766333 0.72394 -0.0956017
v -0.0607457 0.72394 -0.0956017
v -0.0766333 0.72394 -0.0956017
v -0.0766333 0.650986 -0.0956017
v -0.0766333 0.650986 -0.0956017
v -0.0607457 0.650986 -0.0956017
v -0.0607457 0.72394 -0.0956017
v -0.0448581 0.72394 -0.0956017
v -0.0607457 0.72394 -0.0956017
v -0.0607457 0.650986 -0.0956017
v -0.0607457 0.650986 -0.0956017
v -0.0448581 0.650986 -0.0956017
v -0.0448581 0.72394 -0.0956017
v -0.0289705 0.72394 -0.0956017
v -0.0448581 0.72394 -0.0956017
v -0.0448581 0.650986 -0.0956017
v -0.0448581 0.650986 -0.0956017
v -0.0289705 0.650986 -0.0956017
v -0.0289705 0.72394 -0.0956017
v -0.0130829 0.72394 -0.0956017
v -0.0289705 0.72394 -0.0956017
v -0.0289705 0.650986 -0.0956017
v -0.0289705 0.650986 -0.0956017
v -0.0130829 0.650986 -0.0956017
v -0.0130829 0.72394 -0.0956017
v 0.0028047 0.72394 -0.0956017
v -0.0130829 0.72394 -0.0956017
v -0.0130829 0.650986 -0.0956017
v -0.0130829 0.650986 -0.0956017
v 0.0028047 0.650986 -0.0956017
v 0.0028047 0.72394 -0.0956017
v -0.696251 0.72394 -0.0270568
v -0.712139 0.72394 -0.027118
v -0.712138 0.72394 -0.0956017
v -0.712138 0.72394 -0.0956017
v -0.696251 0.72394 -0.0956017
v -0.696251 0.72394 -0.0270568
v -0.680363 0.72394 -0.0270568
v -0.696251 0.72394 -0.0270568
v -0.696251 0.72394 -0.0956017
v -0.696251 0.72394 -0.0956017
v -0.680363 0.72394 -0.0956017
v -0.680363 0.72394 -0.0270568
v -0.664475 0.72394 -0.0270568
v -0.680363 0.72394 -0.0270568
v -0.680363 0.72394 -0.0956017
v -0.680363 0.72394 -0.0956017
v -0.664475 0.72394 -0.0956017
v -0.664475 0.72394 -0.0270568
v -0.648588 0.72394 -0.0270568
v -0.664475 0.72394 -0.0270568
v -0.664475 0.72394 -0.0956017
v -0.664475 0.72394 -0.0956017
v -0.648588 0.72394 -0.0956017
v -0.648588 0.72394 -0.0270568
v -0.6327 0.72394 -0.0270568
v -0.648588 0.72394 -0.0270568
v -0.648588 0.72394 -0.0956017
v -0.648588 0.72394 -0.0956017
v -0.6327 0.72394 -0.0956017
v -0.6327 0.72394 -0.0270568
v -0.616812 0.72394 -0.0270568
v -0.6327 0.72394 -0.0270568
v -0.6327 0.72394 -0.0956017
v -0.6327 0.72394 -0.0956017
v -0.616812 0.72394 -0.0956017
v -0.616812 0.72394 -0.0270568
v -0.600925 0.72394 -0.0270568
v -0.616812 0.72394 -0.0270568
v -0.616812 0.72394 -0.0956017
v -0.616812 0.72394 -0.0956017
v -0.600925 0.72394 -0.0956017
v -0.600925 0.72394 -0.0270568
v -0.585037 0.72394 -0.0270568
v -0.600925 0.72394 -0.0270568
v -0.600925 0.72394 -0.0956017
v -0.600925 0.72394 -0.0956017
v -0.585037 0.72394 -0.0956017
v -0.585037 0.72394 -0.0270568
v -0.569149 0.72394 -0.0270568
v -0.585037 0.72394 -0.0270568
v -0.585037 0.72394 -0.0956017
v -0.585037 0.72394 -0.0956017
v -0.569149 0.72394 -0.0956017
v -0.569149 0.72394 -0.0270568
v -0.553262 0.72394 -0.0270568
v -0.569149 0.72394 -0.0270568
v -0.569149 0.72394 -0.0956017
v -0.569149 0.72394 -0.0956017
v -0.553262 0.72394 -0.0956017
v -0.553262 0.72394 -0.0270568
v -0.537374 0.72394 -0.0270568
v -0.553262 0.72394 -0.0270568
v -0.553262 0.72394 -0.0956017
v -0.553262 0.72394 -0.0956017
v -0.537374 0.72394 -0.0956017
v -0.537374 0.72394 -0.0270568
v -0.521487 0.72394 -0.0270568
v -0.537374 0.72394 -0.0270568
v -0.537374 0.72394 -0.0956017
v -0.537374 0.72394 -0.0956017
v -0.521487 0.72394 -0.0956017
v -0.521487 0.72394 -0.0270568
v -0.505599 0.72394 -0.0270568
v -0.521487 0.72394 -0.0270568
v -0.521487 0.72394 -0.0956017
v -0.521487 0.72394 -0.0956017
v -0.505599 0.72394 -0.0956017
v -0.505599 0.72394 -0.0270568
v -0.489711 0.72394 -0.0270568
v -0.505599 0.72394 -0.0270568
v -0.505599 0.72394 -0.0956017
v -0.505599 0.72394 -0.0956017
v -0.489711 0.72394 -0.0956017
v -0.489711 0.72394 -0.0270568
v -0.473824 0.72394 -0.0270568
v -0.489711 0.72394 -0.0270568
v -0.489711 0.72394 -0.0956017
v -0.489711 0.72394 -0.0956017
v -0.473824 0.72394 -0.0956017
v -0.473824 0.72394 -0.0270568
v -0.457936 0.72394 -0.0270568
v -0.473824 0.72394 -0.0270568
v -0.473824 0.72394 -0.0956017
v -0.473824 0.72394 -0.0956017
v -0.457936 0.72394 -0.0956017
v -0.457936 0.72394 -0.0270568
v -0.442048 0.72394 -0.0270568
v -0.457936 0.72394 -0.0270568
v -0.457936 0.72394 -0.0956017
v -0.457936 0.72394 -0.0956017
v -0.442048 0.72394 -0.0956017
v -0.442048 0.72394 -0.0270568
v -0.426161 0.72394 -0.0270568
v -0.442048 0.72394 -0.0270568
v -0.442048 0.72394 -0.0956017
v -0.442048 0.72394 -0.0956017
v -0.426161 0.72394 -0.0956017
v -0.426161 0.72394 -0.0270568
v -0.410273 0.72394 -0.0270568
v -0.426161 0.72394 -0.0270568
v -0.426161 0.72394 -0.0956017
v -0.426161 0.72394 -0.0956017
v -0.410273 0.72394 -0.0956017
v -0.410273 0.72394 -0.0270568
v -0.394386 0.72394 -0.0270568
v -0.410273 0.72394 -0.0270568
v -0.410273 0.72394 -0.0956017
v -0.410273 0.72394 -0.0956017
v -0.394386 0.72394 -0.0956017
v -0.394386 0.72394 -0.0270568
v -0.378498 0.72394 -0.0270568
v -0.394386 0.72394 -0.0270568
v -0.394386 0.72394 -0.0956017
v -0.394386 0.72394 -0.0956017
v -0.378498 0.72394 -0.0956017
v -0.378498 0.72394 -0.0270568
v -0.36261 0.72394 -0.0270568
v -0.378498 0.72394 -0.0270568
v -0.378498 0.72394 -0.0956017
v -0.378498 0.72394 -0.0956017
v -0.36261 0.72394 -0.0956017
v -0.36261 0.72394 -0.0270568
v -0.346723 0.72394 -0.0270568
v -0.36261 0.72394 -0.0270568
v -0.36261 0.72394 -0.0956017
v -0.36261 0.72394 -0.0956017
v -0.346723 0.72394 -0.0956017
v -0.346723 0.72394 -0.0270568
v -0.330835 0.72394 -0.0270568
v -0.346723 0.72394 -0.0270568
v -0.346723 0.72394 -0.0956017
v -0.346723 0.72394 -0.0956017
v -0.330835 0.72394 -0.0956017
v -0.330835 0.72394 -0.0270568
v -0.314948 0.72394 -0.0270568
v -0.330835 0.72394 -0.0270568
v -0.330835 0.72394 -0.0956017
v -0.330835 0.72394 -0.0956017
v -0.314948 0.72394 -0.0956017
v -0.314948 0.72394 -0.0270568
v -0.29906 0.72394 -0.0270568
v -0.314948 0.72394 -0.0270568
v -0.314948 0.72394 -0.0956017
v -0.314948 0.72394 -0.0956017
v -0.29906 0.72394 -0.0956017
v -0.29906 0.72394 -0.0270568
v -0.283172 0.72394 -0.0270568
v -0.29906 0.72394 -0.0270568
v -0.29906 0.72394 -0.0956017
v -0.29906 0.72394 -0.0956017
v -0.283172 0.72394 -0.0956017
v -0.283172 0.72394 -0.0270568
v -0.267285 0.72394 -0.0270568
v -0.283172 0.72394 -0.0270568
v -0.283172 0.72394 -0.0956017
v -0.283172 0.72394 -0.0956017
v -0.267285 0.72394 -0.0956017
v -0.267285 0.72394 -0.0270568
v -0.251397 0.72394 -0.0270568
v -0.267285 0.72394 -0.0270568
v -0.267285 0.72394 -0.0956017
v -0.267285 0.72394 -0.0956017
v -0.251397 0.72394 -0.0956017
v -0.251397 0.72394 -0.0270568
v -0.23551 0.72394 -0.0270568
v -0.251397 0.72394 -0.0270568
v -0.251397 0.72394 -0.0956017
v -0.251397 0.72394 -0.0956017
v -0.23551 0.72394 -0.0956017
v -0.23551 0.72394 -0.0270568
v -0.219622 0.72394 -0.0270568
v -0.23551 0.72394 -0.0270568
v -0.23551 0.72394 -0.0956017
v -0.23551 0.72394 -0.0956017
v -0.219622 0.72394 -0.0956017
v -0.219622 0.72394 -0.0270568
v -0.203734 0.72394 -0.0270568
v -0.219622 0.72394 -0.0270568
v -0.219622 0.72394 -0.0956017
v -0.219622 0.72394 -0.0956017
v -0.203734 0.72394 -0.0956017
v -0.203734 0.72394 -0.0270568
v -0.187847 0.72394 -0.0270568
v -0.203734 0.72394 -0.0270568
v -0.203734 0.72394 -0.0956017
v -0.203734 0.72394 -0.0956017
v -0.187847 0.72394 -0.0956017
v -0.187847 0.72394 -0.0270568
v -0.171959 0.72394 -0.0270568
v -0.187847 0.72394 -0.0270568
v -0.187847 0.72394 -0.0956017
v -0.187847 0.72394 -0.0956017
v -0.171959 0.72394 -0.0956017
v -0.171959 0.72394 -0.0270568
v -0.156071 0.72394 -0.0270568
v -0.171959 0.72394 -0.0270568
v -0.171959 0.72394 -0.0956017
v -0.171959 0.72394 -0.0956017
v -0.156071 0.72394 -0.0956017
v -0.156071 0.72394 -0.0270568
v -0.140184 0.72394 -0.0270568
v -0.156071 0.72394 -0.0270568
v -0.156071 0.72394 -0.0956017
v -0.156071 0.72394 -0.0956017
v -0.140184 0.72394 -0.0956017
v -0.140184 0.72394 -0.0270568
v -0.124296 0.72394 -0.0270568
v -0.140184 0.72394 -0.0270568
v -0.140184 0.72394 -0.0956017
v -0.140184 0.72394 -0.0956017
v -0.124296 0.72394 -0.0956017
v -0.124296 0.72394 -0.0270568
v -0.108409 0.72394 -0.0270568
v -0.124296 0.72394 -0.0270568
v -0.124296 0.72394 -0.0956017
v -0.124296 0.72394 -0.0956017
v -0.108409 0.72394 -0.0956017
v -0.108409 0.72394 -0.0270568
v -0.092521 0.72394 -0.0270568
v -0.108409 0.72394 -0.0270568
v -0.108409 0.72394 -0.0956017
v -0.108409 0.72394 -0.0956017
v -0.092521 0.72394 -0.0956017
v -0.092521 0.72394 -0.0270568
v -0.0766333 0.72394 -0.0270568
v -0.092521 0.72394 -0.0270568
v -0.092521 0.72394 -0.0956017
v -0.092521 0.72394 -0.0956017
v -0.0766333 0.72394 -0.0956017
v -0.0766333 0.72394 -0.0270568
v -0.0607457 0.72394 -0.0270568
v -0.0766333 0.72394 -0.0270568
v -0.0766333 0.72394 -0.0956017
v -0.0766333 0.72394 -0.0956017
v -0.0607457 0.72394 -0.0956017
v -0.0607457 0.72394 -0.0270568
v -0.0448581 0.72394 -0.0270568
v -0.0607457 0.72394 -0.0270568
v -0.0607457 0.72394 -0.0956017
v -0.0607457 0.72394 -0.0956017
v -0.0448581 0.72394 -0.0956017
v -0.0448581 0.72394 -0.0270568
v -0.0289705 0.72394 -0.0270568
v -0.0448581 0.72394 -0.0270568
v -0.0448581 0.72394 -0.0956017
v -0.0448581 0.72394 -0.0956017
v -0.0289705 0.72394 -0.0956017
v -0.0289705 0.72394 -0.0270568
v -0.0130829 0.72394 -0.0270568
v -0.0289705 0.72394 -0.0270568
v -0.0289705 0.72394 -0.0956017
v -0.0289705 0.72394 -0.0956017
v -0.0130829 0.72394 -0.0956017
v -0.0130829 0.72394 -0.0270568
v 0.0028047 0.72394 -0.0270256
v -0.0130829 0.72394 -0.0270568
v -0.0130829 0.72394 -0.0956017
v -0.0130829 0.72394 -0.0956017
v 0.0028047 0.72394 -0.0956017
v 0.0028047 0.72394 -0.0270256
v -0.696251 0.649677 -0.0270568
v -0.712138 0.649677 -0.0270568
v -0.712139 0.72394 -0.027118
v -0.712139 0.72394 -0.027118
v -0.696251 0.72394 -0.0270568
v -0.696251 0.649677 -0.0270568
v -0.680363 0.649677 -0.0270568
v -0.696251 0.649677 -0.0270568
v -0.696251 0.72394 -0.0270568
v -0.696251 0.72394 -0.0270568
v -0.680363 0.72394 -0.0270568
v -0.680363 0.649677 -0.0270568
v -0.664475 0.649677 -0.0270568
v -0.680363 0.649677 -0.0270568
v -0.680363 0.72394 -0.0270568
v -0.680363 0.72394 -0.0270568
v -0.664475 0.72394 -0.0270568
v -0.664475 0.649677 -0.0270568
v -0.648588 0.649677 -0.0270568
v -0.664475 0.649677 -0.0270568
v -0.664475 0.72394 -0.0270568
v -0.664475 0.72394 -0.0270568
v -0.648588 0.72394 -0.0270568
v -0.648588 0.649677 -0.0270568
v -0.6327 0.649677 -0.0270568
v -0.648588 0.649677 -0.0270568
v -0.648588 0.72394 -0.0270568
v -0.648588 0.72394 -0.0270568
v -0.6327 0.72394 -0.0270568
v -0.6327 0.649677 -0.0270568
v -0.616812 0.649677 -0.0270568
v -0.6327 0.649677 -0.0270568
v -0.6327 0.72394 -0.0270568
v -0.6327 0.72394 -0.0270568
v -0.616812 0.72394 -0.0270568
v -0.616812 0.649677 -0.0270568
v -0.600925 0.649677 -0.0270568
v -0.616812 0.649677 -0.0270568
v -0.616812 0.72394 -0.0270568
v -0.616812 0.72394 -0.0270568
v -0.600925 0.72394 -0.0270568
v -0.600925 0.649677 -0.0270568
v -0.585037 0.649677 -0.0270568
v -0.600925 0.649677 -0.0270568
v -0.600925 0.72394 -0.0270568
v -0.600925 0.72394 -0.0270568
v -0.585037 0.72394 -0.0270568
v -0.585037 0.649677 -0.0270568
v -0.569149 0.649677 -0.0270568
v -0.585037 0.649677 -0.0270568
v -0.585037 0.72394 -0.0270568
v -0.585037 0.72394 -0.0270568
v -0.569149 0.72394 -0.0270568
v -0.569149 0.649677 -0.0270568
v -0.553262 0.649677 -0.0270568
v -0.569149 0.649677 -0.0270568
v -0.569149 0.72394 -0.0270568
v -0.569149 0.72394 -0.0270568
v -0.553262 0.72394 -0.0270568
v -0.553262 0.649677 -0.0270568
v -0.537374 0.649677 -0.0270568
v -0.553262 0.649677 -0.0270568
v -0.553262 0.72394 -0.0270568
v -0.553262 0.72394 -0.0270568
v -0.537374 0.72394 -0.0270568
v -0.537374 0.649677 -0.0270568
v -0.521487 0.649677 -0.0270568
v -0.537374 0.649677 -0.0270568
v -0.537374 0.72394 -0.0270568
v -0.537374 0.72394 -0.0270568
v -0.521487 0.72394 -0.0270568
v -0.521487 0.649677 -0.0270568
v -0.505599 0.649677 -0.0270568
v -0.521487 0.649677 -0.0270568
v -0.521487 0.72394 -0.0270568
v -0.521487 0.72394 -0.0270568
v -0.505599 0.72394 -0.0270568
v -0.505599 0.649677 -0.0270568
v -0.489711 0.649677 -0.0270568
v -0.505599 0.649677 -0.0270568
v -0.505599 0.72394 -0.0270568
v -0.505599 0.72394 -0.0270568
v -0.489711 0.72394 -0.0270568
v -0.489711 0.649677 -0.0270568
v -0.473824 0.649677 -0.0270568
v -0.489711 0.649677 -0.0270568
v -0.489711 0.72394 -0.0270568
v -0.489711 0.72394 -0.0270568
v -0.473824 0.72394 -0.0270568
v -0.473824 0.649677 -0.0270568
v -0.457936 0.649677 -0.0270568
v -0.473824 0.649677 -0.0270568
v -0.473824 0.72394 -0.0270568
v -0.473824 0.72394 -0.0270568
v -0.457936 0.72394 -0.0270568
v -0.457936 0.649677 -0.0270568
v -0.442048 0.649677 -0.0270568
v -0.457936 0.649677 -0.0270568
v -0.457936 0.72394 -0.0270568
v -0.457936 0.72394 -0.0270568
v -0.442048 0.72394 -0.0270568
v -0.442048 0.649677 -0.0270568
v -0.426161 0.649677 -0.0270568
v -0.442048 0.649677 -0.0270568
v -0.442048 0.72394 -0.0270568
v -0.442048 0.72394 -0.0270568
v -0.426161 0.72394 -0.0270568
v -0.426161 0.649677 -0.0270568
v -0.410273 0.649677 -0.0270568
v -0.426161 0.649677 -0.0270568
v -0.426161 0.72394 -0.0270568
v -0.426161 0.72394 -0.0270568
v -0.410273 0.72394 -0.0270568
v -0.410273 0.649677 -0.0270568
v -0.394386 0.649677 -0.0270568
v -0.410273 0.649677 -0.0270568
v -0.410273 0.72394 -0.0270568
v -0.410273 0.72394 -0.0270568
v -0.394386 0.72394 -0.0270568
v -0.394386 0.649677 -0.0270568
v -0.378498 0.649677 -0.0270568
v -0.394386 0.649677 -0.0270568
v -0.394386 0.72394 -0.0270568
v -0.394386 0.72394 -0.0270568
v -0.378498 0.72394 -0.0270568
v -0.378498 0.649677 -0.0270568
v -0.36261 0.649677 -0.0270568
v -0.378498 0.649677 -0.0270568
v -0.378498 0.72394 -0.0270568
v -0.378498 0.72394 -0.0270568
v -0.36261 0.72394 -0.0270568
v -0.36261 0.649677 -0.0270568
v -0.346723 0.649677 -0.0270568
v -0.36261 0.649677 -0.0270568
v -0.36261 0.72394 -0.0270568
v -0.36261 0.72394 -0.0270568
v -0.346723 0.72394 -0.0270568
v -0.346723 0.649677 -0.0270568
v -0.330835 0.649677 -0.0270568
v -0.346723 0.649677 -0.0270568
v -0.346723 0.72394 -0.0270568
v -0.346723 0.72394 -0.0270568
v -0.330835 0.72394 -0.0270568
v -0.330835 0.649677 -0.0270568
v -0.314948 0.649677 -0.0270568
v -0.330835 0.649677 -0.0270568
v -0.330835 0.72394 -0.0270568
v -0.330835 0.72394 -0.0270568
v -0.314948 0.72394 -0.0270568
v -0.314948 0.649677 -0.0270568
v -0.29906 0.649677 -0.0270568
v -0.314948 0.649677 -0.0270568
v -0.314948 0.72394 -0.0270568
v -0.314948 0.72394 -0.0270568
v -0.29906 0.72394 -0.0270568
v -0.29906 0.649677 -0.0270568
v -0.283172 0.649677 -0.0270568
v -0.29906 0.649677 -0.0270568
v -0.29906 0.72394 -0.0270568
v -0.29906 0.72394 -0.0270568
v -0.283172 0.72394 -0.0270568
v -0.283172 0.649677 -0.0270568
v -0.267285 0.649677 -0.0270568
v -0.283172 0.649677 -0.0270568
v -0.283172 0.72394 -0.0270568
v -0.283172 0.72394 -0.0270568
v -0.267285 0.72394 -0.0270568
v -0.267285 0.649677 -0.0270568
v -0.251397 0.649677 -0.0270568
v -0.267285 0.649677 -0.0270568
v -0.267285 0.72394 -0.0270568
v -0.267285 0.72394 -0.0270568
v -0.251397 0.72394 -0.0270568
v -0.251397 0.649677 -0.0270568
v -0.23551 0.649677 -0.0270568
v -0.251397 0.649677 -0.0270568
v -0.251397 0.72394 -0.0270568
v -0.251397 0.72394 -0.0270568
v -0.23551 0.72394 -0.0270568
v -0.23551 0.649677 -0.0270568
v -0.219622 0.649677 -0.0270568
v -0.23551 0.649677 -0.0270568
v -0.23551 0.72394 -0.0270568
v -0.23551 0.72394 -0.0270568
v -0.219622 0.72394 -0.0270568
v -0.219622 0.649677 -0.0270568
v -0.203734 0.649677 -0.0270568
v -0.219622 0.649677 -0.0270568
v -0.219622 0.72394 -0.0270568
v -0.219622 0.72394 -0.0270568
v -0.203734 0.72394 -0.0270568
v -0.203734 0.649677 -0.0270568
v -0.187847 0.649677 -0.0270568
v -0.203734 0.649677 -0.0270568
v -0.203734 0.72394 -0.0270568
v -0.203734 0.72394 -0.0270568
v -0.187847 0.72394 -0.0270568
v -0.187847 0.649677 -0.0270568
v -0.171959 0.649677 -0.0270568
v -0.187847 0.649677 -0.0270568
v -0.187847 0.72394 -0.0270568
v -0.187847 0.72394 -0.0270568
v -0.171959 0.72394 -0.0270568
v -0.171959 0.649677 -0.0270568
v -0.156071 0.649677 -0.0270568
v -0.171959 0.649677 -0.0270568
v -0.171959 0.72394 -0.0270568
v -0.171959 0.72394 -0.0270568
v -0.156071 0.72394 -0.0270568
v -0.156071 0.649677 -0.0270568
v -0.140184 0.649677 -0.0270568
v -0.156071 0.649677 -0.0270568
v -0.156071 0.72394 -0.0270568
v -0.156071 0.72394 -0.0270568
v -0.140184 0.72394 -0.0270568
v -0.140184 0.649677 -0.0270568
v -0.124296 0.649677 -0.0270568
v -0.140184 0.649677 -0.0270568
v -0.140184 0.72394 -0.0270568
v -0.140184 0.72394 -0.0270568
v -0.124296 0.72394 -0.0270568
v -0.124296 0.649677 -0.0270568
v -0.108409 0.649677 -0.0270568
v -0.124296 0.649677 -0.0270568
v -0.124296 0.72394 -0.0270568
v -0.124296 0.72394 -0.0270568
v -0.108409 0.72394 -0.0270568
v -0.108409 0.649677 -0.0270568
v -0.092521 0.649677 -0.0270568
v -0.108409 0.649677 -0.0270568
v -0.108409 0.72394 -0.0270568
v -0.108409 0.72394 -0.0270568
v -0.092521 0.72394 -0.0270568
v -0.092521 0.649677 -0.0270568
v -0.0766333 0.649677 -0.0270568
v -0.092521 0.649677 -0.0270568
v -0.092521 0.72394 -0.0270568
v -0.092521 0.72394 -0.0270568
v -0.0766333 0.72394 -0.0270568
v -0.0766333 0.649677 -0.0270568
v -0.0607457 0.649677 -0.0270568
v -0.0766333 0.649677 -0.0270568
v -0.0766333 0.72394 -0.0270568
v -0.0766333 0.72394 -0.0270568
v -0.0607457 0.72394 -0.0270568
v -0.0607457 0.649677 -0.0270568
v -0.0448581 0.649677 -0.0270568
v -0.0607457 0.649677 -0.0270568
v -0.0607457 0.72394 -0.0270568
v -0.0607457 0.72394 -0.0270568
v -0.0448581 0.72394 -0.0270568
v -0.0448581 0.649677 -0.0270568
v -0.0289705 0.649677 -0.0270568
v -0.0448581 0.649677 -0.0270568
v -0.0448581 0.72394 -0.0270568
v -0.0448581 0.72394 -0.0270568
v -0.0289705 0.72394 -0.0270568
v -0.0289705 0.649677 -0.0270568
v -0.0130829 0.649677 -0.0270568
v -0.0289705 0.649677 -0.0270568
v -0.0289705 0.72394 -0.0270568
v -0.0289705 0.72394 -0.0270568
v -0.0130829 0.72394 -0.0270568
v -0.0130829 0.649677 -0.0270568
v 0.0028047 0.649677 -0.0270256
v -0.0130829 0.649677 -0.0270568
v -0.0130829 0.72394 -0.0270568
v -0.0130829 0.72394 -0.0270568
v 0.0028047 0.72394 -0.0270256
v 0.0028047 0.649677 -0.0270256
v -0.712138 0.0673596 -0.0271793
v -0.712138 0.0348352 -0.0271793
v -0.712138 0.0348352 -0.0956018
v -0.712138 0.0348352 -0.0956018
v -0.712138 0.0673596 -0.0956018
v -0.712138 0.0673596 -0.0271793
v -0.712138 0.140313 -0.0271793
v -0.712138 0.0673596 -0.0271793
v -0.712138 0.0673596 -0.0956018
v -0.712138 0.0673596 -0.0956018
v -0.712138 0.140313 -0.0956018
v -0.712138 0.140313 -0.0271793
v -0.712138 0.213266 -0.0271793
v -0.712138 0.140313 -0.0271793
v -0.712138 0.140313 -0.0956018
v -0.712138 0.140313 -0.0956018
v -0.712138 0.213266 -0.0956018
v -0.712138 0.213266 -0.0271793
v -0.712138 0.28622 -0.0271793
v -0.712138 0.213266 -0.0271793
v -0.712138 0.213266 -0.0956018
v -0.712138 0.213266 -0.0956018
v -0.712138 0.28622 -0.0956018
v -0.712138 0.28622 -0.0271793
v -0.712138 0.359173 -0.0271793
v -0.712138 0.28622 -0.0271793
v -0.712138 0.28622 -0.0956018
v -0.712138 0.28622 -0.0956018
v -0.712138 0.359173 -0.0956018
v -0.712138 0.359173 -0.0271793
v -0.712138 0.432126 -0.0271792
v -0.712138 0.359173 -0.0271793
v -0.712138 0.359173 -0.0956018
v -0.712138 0.359173 -0.0956018
v -0.712138 0.432126 -0.0956017
v -0.712138 0.432126 -0.0271792
v -0.712138 0.50508 -0.0271792
v -0.712138 0.432126 -0.0271792
v -0.712138 0.432126 -0.0956017
v -0.712138 0.432126 -0.0956017
v -0.712138 0.50508 -0.0956017
v -0.712138 0.50508 -0.0271792
v -0.712138 0.578033 -0.0271792
v -0.712138 0.50508 -0.0271792
v -0.712138 0.50508 -0.0956017
v -0.712138 0.50508 -0.0956017
v -0.712138 0.578033 -0.0956017
v -0.712138 0.578033 -0.0271792
v -0.712138 0.650986 -0.0271792
v -0.712138 0.578033 -0.0271792
v -0.712138 0.578033 -0.0956017
v -0.712138 0.578033 -0.0956017
v -0.712138 0.650986 -0.0956017
v -0.712138 0.650986 -0.0271792
v -0.712138 0.650986 -0.0956017
v -0.712138 0.72394 -0.0956017
v -0.712139 0.72394 -0.027118
v -0.712138 0.650986 -0.0956017
v -0.712139 0.72394 -0.027118
v -0.712139 0.717087 -0.0271196
v -0.712138 0.650986 -0.0956017
v -0.712139 0.717087 -0.0271196
v -0.712138 0.650986 -0.0271792
v -0.712138 0.0673596 -0.0071911
v -0.712138 0.0348352 -0.0071912
v -0.712138 0.0348352 -0.0271793
v -0.712138 0.0348352 -0.0271793
v -0.712138 0.0673596 -0.0271793
v -0.712138 0.0673596 -0.0071911
v -0.712138 0.140313 -0.0071911
v -0.712138 0.0673596 -0.0071911
v -0.712138 0.0673596 -0.0271793
v -0.712138 0.0673596 -0.0271793
v -0.712138 0.140313 -0.0271793
v -0.712138 0.140313 -0.0071911
v -0.712138 0.213266 -0.0071911
v -0.712138 0.140313 -0.0071911
v -0.712138 0.140313 -0.0271793
v -0.712138 0.140313 -0.0271793
v -0.712138 0.213266 -0.0271793
v -0.712138 0.213266 -0.0071911
v -0.712138 0.28622 -0.0071911
v -0.712138 0.213266 -0.0071911
v -0.712138 0.213266 -0.0271793
v -0.712138 0.213266 -0.0271793
v -0.712138 0.28622 -0.0271793
v -0.712138 0.28622 -0.0071911
v -0.712138 0.359173 -0.0071911
v -0.712138 0.28622 -0.0071911
v -0.712138 0.28622 -0.0271793
v -0.712138 0.28622 -0.0271793
v -0.712138 0.359173 -0.0271793
v -0.712138 0.359173 -0.0071911
v -0.712138 0.432126 -0.0071911
v -0.712138 0.359173 -0.0071911
v -0.712138 0.359173 -0.0271793
v -0.712138 0.359173 -0.0271793
v -0.712138 0.432126 -0.0271792
v -0.712138 0.432126 -0.0071911
v -0.712138 0.50508 -0.0071911
v -0.712138 0.432126 -0.0071911
v -0.712138 0.432126 -0.0271792
v -0.712138 0.432126 -0.0271792
v -0.712138 0.50508 -0.0271792
v -0.712138 0.50508 -0.0071911
v -0.712138 0.578033 -0.0071911
v -0.712138 0.50508 -0.0071911
v -0.712138 0.50508 -0.0271792
v -0.712138 0.50508 -0.0271792
v -0.712138 0.578033 -0.0271792
v -0.712138 0.578033 -0.0071911
v -0.712138 0.650986 -0.007191
v -0.712138 0.578033 -0.0071911
v -0.712138 0.578033 -0.0271792
v -0.712138 0.578033 -0.0271792
v -0.712138 0.650986 -0.0271792
v -0.712138 0.650986 -0.007191
v -0.712138 0.650986 -0.0271792
v -0.712139 0.717087 -0.0271196
v -0.712138 0.717082 -0.007191
v -0.712138 0.717082 -0.007191
v -0.712138 0.650986 -0.007191
v -0.712138 0.650986 -0.0271792
v -0.712138 0.0673596 0.0101481
v -0.712138 0.0348352 0.0101481
v -0.712138 0.0348352 -0.0071912
v -0.712138 0.0348352 -0.0071912
v -0.712138 0.0673596 -0.0071911
v -0.712138 0.0673596 0.0101481
v -0.712138 0.140313 0.0101481
v -0.712138 0.0673596 0.0101481
v -0.712138 0.0673596 -0.0071911
v -0.712138 0.0673596 -0.0071911
v -0.712138 0.140313 -0.0071911
v -0.712138 0.140313 0.0101481
v -0.712138 0.213266 0.0101481
v -0.712138 0.140313 0.0101481
v -0.712138 0.140313 -0.0071911
v -0.712138 0.140313 -0.0071911
v -0.712138 0.213266 -0.0071911
v -0.712138 0.213266 0.0101481
v -0.712138 0.28622 0.0101482
v -0.712138 0.213266 0.0101481
v -0.712138 0.213266 -0.0071911
v -0.712138 0.213266 -0.0071911
v -0.712138 0.28622 -0.0071911
v -0.712138 0.28622 0.0101482
v -0.712138 0.359173 0.0101482
v -0.712138 0.28622 0.0101482
v -0.712138 0.28622 -0.0071911
v -0.712138 0.28622 -0.0071911
v -0.712138 0.359173 -0.0071911
v -0.712138 0.359173 0.0101482
v -0.712138 0.432126 0.0101482
v -0.712138 0.359173 0.0101482
v -0.712138 0.359173 -0.0071911
v -0.712138 0.359173 -0.0071911
v -0.712138 0.432126 -0.0071911
v -0.712138 0.432126 0.0101482
v -0.712138 0.50508 0.0101482
v -0.712138 0.432126 0.0101482
v -0.712138 0.432126 -0.0071911
v -0.712138 0.432126 -0.0071911
v -0.712138 0.50508 -0.0071911
v -0.712138 0.50508 0.0101482
v -0.712138 0.578033 0.0101482
v -0.712138 0.50508 0.0101482
v -0.712138 0.50508 -0.0071911
v -0.712138 0.50508 -0.0071911
v -0.712138 0.578033 -0.0071911
v -0.712138 0.578033 0.0101482
v -0.712138 0.650986 0.0101482
v -0.712138 0.578033 0.0101482
v -0.712138 0.578033 -0.0071911
v -0.712138 0.578033 -0.0071911
v -0.712138 0.650986 -0.007191
v -0.712138 0.650986 0.0101482
v -0.712138 0.717082 0.0101483
v -0.712138 0.650986 0.0101482
v -0.712138 0.650986 -0.007191
v -0.712138 0.650986 -0.007191
v -0.712138 0.717082 -0.007191
v -0.712138 0.717082 0.0101483
v -0.712138 0.0673596 0.0278913
v -0.712138 0.0348352 0.0278913
v -0.712138 0.0348352 0.0101481
v -0.712138 0.0348352 0.0101481
v -0.712138 0.0673596 0.0101481
v -0.712138 0.0673596 0.0278913
v -0.712138 0.140313 0.0278914
v -0.712138 0.0673596 0.0278913
v -0.712138 0.0673596 0.0101481
v -0.712138 0.0673596 0.0101481
v -0.712138 0.140313 0.0101481
v -0.712138 0.140313 0.0278914
v -0.712138 0.213266 0.0278914
v -0.712138 0.140313 0.0278914
v -0.712138 0.140313 0.0101481
v -0.712138 0.140313 0.0101481
v -0.712138 0.213266 0.0101481
v -0.712138 0.213266 0.0278914
v -0.712138 0.28622 0.0278914
v -0.712138 0.213266 0.0278914
v -0.712138 0.213266 0.0101481
v -0.712138 0.213266 0.0101481
v -0.712138 0.28622 0.0101482
v -0.712138 0.28622 0.0278914
v -0.712138 0.359173 0.0278914
v -0.712138 0.28622 0.0278914
v -0.712138 0.28622 0.0101482
v -0.712138 0.28622 0.0101482
v -0.712138 0.359173 0.0101482
v -0.712138 0.359173 0.0278914
v -0.712138 0.432126 0.0278914
v -0.712138 0.359173 0.0278914
v -0.712138 0.359173 0.0101482
v -0.712138 0.359173 0.0101482
v -0.712138 0.432126 0.0101482
v -0.712138 0.432126 0.0278914
v -0.712138 0.50508 0.0278914
v -0.712138 0.432126 0.0278914
v -0.712138 0.432126 0.0101482
v -0.712138 0.432126 0.0101482
v -0.712138 0.50508 0.0101482
v -0.712138 0.50508 0.0278914
v -0.712138 0.578033 0.0278914
v -0.712138 0.50508 0.0278914
v -0.712138 0.50508 0.0101482
v -0.712138 0.50508 0.0101482
v -0.712138 0.578033 0.0101482
v -0.712138 0.578033 0.0278914
v -0.712138 0.650986 0.0278914
v -0.712138 0.578033 0.0278914
v -0.712138 0.578033 0.0101482
v -0.712138 0.578033 0.0101482
v -0.712138 0.650986 0.0101482
v -0.712138 0.650986 0.0278914
v -0.712138 0.717082 0.0278914
v -0.712138 0.650986 0.0278914
v -0.712138 0.650986 0.0101482
v -0.712138 0.650986 0.0101482
v -0.712138 0.717082 0.0101483
v -0.712138 0.717082 0.0278914
v -0.710069 0.0673596 0.0490755
v -0.710069 0.0348352 0.0490754
v -0.712138 0.0348352 0.0278913
v -0.712138 0.0348352 0.0278913
v -0.712138 0.0673596 0.0278913
v -0.710069 0.0673596 0.0490755
v -0.710069 0.140313 0.0490755
v -0.710069 0.0673596 0.0490755
v -0.712138 0.0673596 0.0278913
v -0.712138 0.0673596 0.0278913
v -0.712138 0.140313 0.0278914
v -0.710069 0.140313 0.0490755
v -0.710069 0.213266 0.0490755
v -0.710069 0.140313 0.0490755
v -0.712138 0.140313 0.0278914
v -0.712138 0.140313 0.0278914
v -0.712138 0.213266 0.0278914
v -0.710069 0.213266 0.0490755
v -0.710069 0.28622 0.0490755
v -0.710069 0.213266 0.0490755
v -0.712138 0.213266 0.0278914
v -0.712138 0.213266 0.0278914
v -0.712138 0.28622 0.0278914
v -0.710069 0.28622 0.0490755
v -0.710069 0.359173 0.0490755
v -0.710069 0.28622 0.0490755
v -0.712138 0.28622 0.0278914
v -0.712138 0.28622 0.0278914
v -0.712138 0.359173 0.0278914
v -0.710069 0.359173 0.0490755
v -0.710069 0.432126 0.0490755
v -0.710069 0.359173 0.0490755
v -0.712138 0.359173 0.0278914
v -0.712138 0.359173 0.0278914
v -0.712138 0.432126 0.0278914
v -0.710069 0.432126 0.0490755
v -0.710069 0.50508 0.0490755
v -0.710069 0.432126 0.0490755
v -0.712138 0.432126 0.0278914
v -0.712138 0.432126 0.0278914
v -0.712138 0.50508 0.0278914
v -0.710069 0.50508 0.0490755
v -0.710069 0.578033 0.0490755
v -0.710069 0.50508 0.0490755
v -0.712138 0.50508 0.0278914
v -0.712138 0.50508 0.0278914
v -0.712138 0.578033 0.0278914
v -0.710069 0.578033 0.0490755
v -0.710069 0.650986 0.0490756
v -0.710069 0.578033 0.0490755
v -0.712138 0.578033 0.0278914
v -0.712138 0.578033 0.0278914
v -0.712138 0.650986 0.0278914
v -0.710069 0.650986 0.0490756
v -0.710069 0.717082 0.0490756
v -0.710069 0.650986 0.0490756
v -0.712138 0.650986 0.0278914
v -0.712138 0.650986 0.0278914
v -0.712138 0.717082 0.0278914
v -0.710069 0.717082 0.0490756
v -0.701078 0.0673596 0.0684014
v -0.701078 0.0348352 0.0684014
v -0.710069 0.0348352 0.0490754
v -0.710069 0.0348352 0.0490754
v -0.710069 0.0673596 0.0490755
v -0.701078 0.0673596 0.0684014
v -0.701078 0.140313 0.0684014
v -0.701078 0.0673596 0.0684014
v -0.710069 0.0673596 0.0490755
v -0.710069 0.0673596 0.0490755
v -0.710069 0.140313 0.0490755
v -0.701078 0.140313 0.0684014
v -0.701078 0.213266 0.0684014
v -0.701078 0.140313 0.0684014
v -0.710069 0.140313 0.0490755
v -0.710069 0.140313 0.0490755
v -0.710069 0.213266 0.0490755
v -0.701078 0.213266 0.0684014
v -0.701078 0.28622 0.0684014
v -0.701078 0.213266 0.0684014
v -0.710069 0.213266 0.0490755
v -0.710069 0.213266 0.0490755
v -0.710069 0.28622 0.0490755
v -0.701078 0.28622 0.0684014
v -0.701078 0.359173 0.0684014
v -0.701078 0.28622 0.0684014
v -0.710069 0.28622 0.0490755
v -0.710069 0.28622 0.0490755
v -0.710069 0.359173 0.0490755
v -0.701078 0.359173 0.0684014
v -0.701078 0.432126 0.0684014
v -0.701078 0.359173 0.0684014
v -0.710069 0.359173 0.0490755
v -0.710069 0.359173 0.0490755
v -0.710069 0.432126 0.0490755
v -0.701078 0.432126 0.0684014
v -0.701078 0.50508 0.0684014
v -0.701078 0.432126 0.0684014
v -0.710069 0.432126 0.0490755
v -0.710069 0.432126 0.0490755
v -0.710069 0.50508 0.0490755
v -0.701078 0.50508 0.0684014
v -0.701078 0.578033 0.0684015
v -0.701078 0.50508 0.0684014
v -0.710069 0.50508 0.0490755
v -0.710069 0.50508 0.0490755
v -0.710069 0.578033 0.0490755
v -0.701078 0.578033 0.0684015
v -0.701078 0.650986 0.0684014
v -0.701078 0.578033 0.0684015
v -0.710069 0.578033 0.0490755
v -0.710069 0.578033 0.0490755
v -0.710069 0.650986 0.0490756
v -0.701078 0.650986 0.0684014
v -0.701078 0.717082 0.0684015
v -0.701078 0.650986 0.0684014
v -0.710069 0.650986 0.0490756
v -0.710069 0.650986 0.0490756
v -0.710069 0.717082 0.0490756
v -0.701078 0.717082 0.0684015
v -0.683505 0.0673596 0.0803072
v -0.683505 0.0348352 0.0803072
v -0.701078 0.0348352 0.0684014
v -0.701078 0.0348352 0.0684014
v -0.701078 0.0673596 0.0684014
v -0.683505 0.0673596 0.0803072
v -0.683505 0.140313 0.0803072
v -0.683505 0.0673596 0.0803072
v -0.701078 0.0673596 0.0684014
v -0.701078 0.0673596 0.0684014
v -0.701078 0.140313 0.0684014
v -0.683505 0.140313 0.0803072
v -0.683505 0.213266 0.0803073
v -0.683505 0.140313 0.0803072
v -0.701078 0.140313 0.0684014
v -0.701078 0.140313 0.0684014
v -0.701078 0.213266 0.0684014
v -0.683505 0.213266 0.0803073
v -0.683505 0.28622 0.0803073
v -0.683505 0.213266 0.0803073
v -0.701078 0.213266 0.0684014
v -0.701078 0.213266 0.0684014
v -0.701078 0.28622 0.0684014
v -0.683505 0.28622 0.0803073
v -0.683505 0.359173 0.0803073
v -0.683505 0.28622 0.0803073
v -0.701078 0.28622 0.0684014
v -0.701078 0.28622 0.0684014
v -0.701078 0.359173 0.0684014
v -0.683505 0.359173 0.0803073
v -0.683505 0.432126 0.0803073
v -0.683505 0.359173 0.0803073
v -0.701078 0.359173 0.0684014
v -0.701078 0.359173 0.0684014
v -0.701078 0.432126 0.0684014
v -0.683505 0.432126 0.0803073
v -0.683505 0.50508 0.0803073
v -0.683505 0.432126 0.0803073
v -0.701078 0.432126 0.0684014
v -0.701078 0.432126 0.0684014
v -0.701078 0.50508 0.0684014
v -0.683505 0.50508 0.0803073
v -0.683505 0.578033 0.0803073
v -0.683505 0.50508 0.0803073
v -0.701078 0.50508 0.0684014
v -0.701078 0.50508 0.0684014
v -0.701078 0.578033 0.0684015
v -0.683505 0.578033 0.0803073
v -0.683505 0.650986 0.0803073
v -0.683505 0.578033 0.0803073
v -0.701078 0.578033 0.0684015
v -0.701078 0.578033 0.0684015
v -0.701078 0.650986 0.0684014
v -0.683505 0.650986 0.0803073
v -0.683505 0.717082 0.0803073
v -0.683505 0.650986 0.0803073
v -0.701078 0.650986 0.0684014
v -0.701078 0.650986 0.0684014
v -0.701078 0.717082 0.0684015
v -0.683505 0.717082 0.0803073
v -0.655963 0.0673596 0.085029
v -0.655963 0.0348352 0.085029
v -0.683505 0.0348352 0.0803072
v -0.683505 0.0348352 0.0803072
v -0.683505 0.0673596 0.0803072
v -0.655963 0.0673596 0.085029
v -0.655963 0.140313 0.0850291
v -0.655963 0.0673596 0.085029
v -0.683505 0.0673596 0.0803072
v -0.683505 0.0673596 0.0803072
v -0.683505 0.140313 0.0803072
v -0.655963 0.140313 0.0850291
v -0.655963 0.213266 0.0850291
v -0.655963 0.140313 0.0850291
v -0.683505 0.140313 0.0803072
v -0.683505 0.140313 0.0803072
v -0.683505 0.213266 0.0803073
v -0.655963 0.213266 0.0850291
v -0.655963 0.28622 0.0850291
v -0.655963 0.213266 0.0850291
v -0.683505 0.213266 0.0803073
v -0.683505 0.213266 0.0803073
v -0.683505 0.28622 0.0803073
v -0.655963 0.28622 0.0850291
v -0.655963 0.359173 0.0850291
v -0.655963 0.28622 0.0850291
v -0.683505 0.28622 0.0803073
v -0.683505 0.28622 0.0803073
v -0.683505 0.359173 0.0803073
v -0.655963 0.359173 0.0850291
v -0.655963 0.432126 0.085029
v -0.655963 0.359173 0.0850291
v -0.683505 0.359173 0.0803073
v -0.683505 0.359173 0.0803073
v -0.683505 0.432126 0.0803073
v -0.655963 0.432126 0.085029
v -0.655963 0.50508 0.0850291
v -0.655963 0.432126 0.085029
v -0.683505 0.432126 0.0803073
v -0.683505 0.432126 0.0803073
v -0.683505 0.50508 0.0803073
v -0.655963 0.50508 0.0850291
v -0.655963 0.578033 0.0850291
v -0.655963 0.50508 0.0850291
v -0.683505 0.50508 0.0803073
v -0.683505 0.50508 0.0803073
v -0.683505 0.578033 0.0803073
v -0.655963 0.578033 0.0850291
v -0.655963 0.650986 0.0850291
v -0.655963 0.578033 0.0850291
v -0.683505 0.578033 0.0803073
v -0.683505 0.578033 0.0803073
v -0.683505 0.650986 0.0803073
v -0.655963 0.650986 0.0850291
v -0.655963 0.717082 0.0850291
v -0.655963 0.650986 0.0850291
v -0.683505 0.650986 0.0803073
v -0.683505 0.650986 0.0803073
v -0.683505 0.717082 0.0803073
v -0.655963 0.717082 0.0850291
v -0.542019 0.0673596 0.0851438
v -0.542019 0.0348352 0.0851438
v -0.655963 0.0348352 0.085029
v -0.655963 0.0348352 0.085029
v -0.655963 0.0673596 0.085029
v -0.542019 0.0673596 0.0851438
v -0.542019 0.140313 0.0851438
v -0.542019 0.0673596 0.0851438
v -0.655963 0.0673596 0.085029
v -0.655963 0.0673596 0.085029
v -0.655963 0.140313 0.0850291
v -0.542019 0.140313 0.0851438
v -0.542019 0.213266 0.0851438
v -0.542019 0.140313 0.0851438
v -0.655963 0.140313 0.0850291
v -0.655963 0.140313 0.0850291
v -0.655963 0.213266 0.0850291
v -0.542019 0.213266 0.0851438
v -0.542019 0.28622 0.0851438
v -0.542019 0.213266 0.0851438
v -0.655963 0.213266 0.0850291
v -0.655963 0.213266 0.0850291
v -0.655963 0.28622 0.0850291
v -0.542019 0.28622 0.0851438
v -0.542019 0.359173 0.0851439
v -0.542019 0.28622 0.0851438
v -0.655963 0.28622 0.0850291
v -0.655963 0.28622 0.0850291
v -0.655963 0.359173 0.0850291
v -0.542019 0.359173 0.0851439
v -0.542019 0.432126 0.0851438
v -0.542019 0.359173 0.0851439
v -0.655963 0.359173 0.0850291
v -0.655963 0.359173 0.0850291
v -0.655963 0.432126 0.085029
v -0.542019 0.432126 0.0851438
v -0.542019 0.50508 0.0851439
v -0.542019 0.432126 0.0851438
v -0.655963 0.432126 0.085029
v -0.655963 0.432126 0.085029
v -0.655963 0.50508 0.0850291
v -0.542019 0.50508 0.0851439
v -0.542019 0.578033 0.0851439
v -0.542019 0.50508 0.0851439
v -0.655963 0.50508 0.0850291
v -0.655963 0.50508 0.0850291
v -0.655963 0.578033 0.0850291
v -0.542019 0.578033 0.0851439
v -0.542019 0.650986 0.0851439
v -0.542019 0.578033 0.0851439
v -0.655963 0.578033 0.0850291
v -0.655963 0.578033 0.0850291
v -0.655963 0.650986 0.0850291
v -0.542019 0.650986 0.0851439
v -0.542019 0.717082 0.0851439
v -0.542019 0.650986 0.0851439
v -0.655963 0.650986 0.0850291
v -0.655963 0.650986 0.0850291
v -0.655963 0.717082 0.0850291
v -0.542019 0.717082 0.0851439
v -0.405918 0.0673596 0.0851438
v -0.405918 0.0348352 0.0851438
v -0.542019 0.0348352 0.0851438
v -0.542019 0.0348352 0.0851438
v -0.542019 0.0673596 0.0851438
v -0.405918 0.0673596 0.0851438
v -0.405918 0.140313 0.0851438
v -0.405918 0.0673596 0.0851438
v -0.542019 0.0673596 0.0851438
v -0.542019 0.0673596 0.0851438
v -0.542019 0.140313 0.0851438
v -0.405918 0.140313 0.0851438
v -0.405918 0.213266 0.0851438
v -0.405918 0.140313 0.0851438
v -0.542019 0.140313 0.0851438
v -0.542019 0.140313 0.0851438
v -0.542019 0.213266 0.0851438
v -0.405918 0.213266 0.0851438
v -0.405918 0.28622 0.0851438
v -0.405918 0.213266 0.0851438
v -0.542019 0.213266 0.0851438
v -0.542019 0.213266 0.0851438
v -0.542019 0.28622 0.0851438
v -0.405918 0.28622 0.0851438
v -0.405918 0.359173 0.0851439
v -0.405918 0.28622 0.0851438
v -0.542019 0.28622 0.0851438
v -0.542019 0.28622 0.0851438
v -0.542019 0.359173 0.0851439
v -0.405918 0.359173 0.0851439
v -0.405918 0.432126 0.0851438
v -0.405918 0.359173 0.0851439
v -0.542019 0.359173 0.0851439
v -0.542019 0.359173 0.0851439
v -0.542019 0.432126 0.0851438
v -0.405918 0.432126 0.0851438
v -0.405918 0.50508 0.0851439
v -0.405918 0.432126 0.0851438
v -0.542019 0.432126 0.0851438
v -0.542019 0.432126 0.0851438
v -0.542019 0.50508 0.0851439
v -0.405918 0.50508 0.0851439
v -0.405918 0.578033 0.0851439
v -0.405918 0.50508 0.0851439
v -0.542019 0.50508 0.0851439
v -0.542019 0.50508 0.0851439
v -0.542019 0.578033 0.0851439
v -0.405918 0.578033 0.0851439
v -0.405918 0.650986 0.0851439
v -0.405918 0.578033 0.0851439
v -0.542019 0.578033 0.0851439
v -0.542019 0.578033 0.0851439
v -0.542019 0.650986 0.0851439
v -0.405918 0.650986 0.0851439
v -0.405918 0.717082 0.0851439
v -0.405918 0.650986 0.0851439
v -0.542019 0.650986 0.0851439
v -0.542019 0.650986 0.0851439
v -0.542019 0.717082 0.0851439
v -0.405918 0.717082 0.0851439
v -0.288359 0.0673596 0.0851438
v -0.288359 0.0348352 0.0851438
v -0.405918 0.0348352 0.0851438
v -0.405918 0.0348352 0.0851438
v -0.405918 0.0673596 0.0851438
v -0.288359 0.0673596 0.0851438
v -0.288359 0.140313 0.0851438
v -0.288359 0.0673596 0.0851438
v -0.405918 0.0673596 0.0851438
v -0.405918 0.0673596 0.0851438
v -0.405918 0.140313 0.0851438
v -0.288359 0.140313 0.0851438
v -0.288359 0.213266 0.0851438
v -0.288359 0.140313 0.0851438
v -0.405918 0.140313 0.0851438
v -0.405918 0.140313 0.0851438
v -0.405918 0.213266 0.0851438
v -0.288359 0.213266 0.0851438
v -0.288359 0.28622 0.0851438
v -0.288359 0.213266 0.0851438
v -0.405918 0.213266 0.0851438
v -0.405918 0.213266 0.0851438
v -0.405918 0.28622 0.0851438
v -0.288359 0.28622 0.0851438
v -0.288359 0.359173 0.0851439
v -0.288359 0.28622 0.0851438
v -0.405918 0.28622 0.0851438
v -0.405918 0.28622 0.0851438
v -0.405918 0.359173 0.0851439
v -0.288359 0.359173 0.0851439
v -0.288359 0.432126 0.0851438
v -0.288359 0.359173 0.0851439
v -0.405918 0.359173 0.0851439
v -0.405918 0.359173 0.0851439
v -0.405918 0.432126 0.0851438
v -0.288359 0.432126 0.0851438
v -0.288359 0.50508 0.0851439
v -0.288359 0.432126 0.0851438
v -0.405918 0.432126 0.0851438
v -0.405918 0.432126 0.0851438
v -0.405918 0.50508 0.0851439
v -0.288359 0.50508 0.0851439
v -0.288359 0.578033 0.0851439
v -0.288359 0.50508 0.0851439
v -0.405918 0.50508 0.0851439
v -0.405918 0.50508 0.0851439
v -0.405918 0.578033 0.0851439
v -0.288359 0.578033 0.0851439
v -0.288359 0.650986 0.0851439
v -0.288359 0.578033 0.0851439
v -0.405918 0.578033 0.0851439
v -0.405918 0.578033 0.0851439
v -0.405918 0.650986 0.0851439
v -0.288359 0.650986 0.0851439
v -0.288359 0.717082 0.0851439
v -0.288359 0.650986 0.0851439
v -0.405918 0.650986 0.0851439
v -0.405918 0.650986 0.0851439
v -0.405918 0.717082 0.0851439
v -0.288359 0.717082 0.0851439
v -0.174615 0.0673596 0.0851438
v -0.174615 0.0348352 0.0851438
v -0.288359 0.0348352 0.0851438
v -0.288359 0.0348352 0.0851438
v -0.288359 0.0673596 0.0851438
v -0.174615 0.0673596 0.0851438
v -0.174615 0.140313 0.0851438
v -0.174615 0.0673596 0.0851438
v -0.288359 0.0673596 0.0851438
v -0.288359 0.0673596 0.0851438
v -0.288359 0.140313 0.0851438
v -0.174615 0.140313 0.0851438
v -0.174615 0.213266 0.0851438
v -0.174615 0.140313 0.0851438
v -0.288359 0.140313 0.0851438
v -0.288359 0.140313 0.0851438
v -0.288359 0.213266 0.0851438
v -0.174615 0.213266 0.0851438
v -0.174615 0.28622 0.0851438
v -0.174615 0.213266 0.0851438
v -0.288359 0.213266 0.0851438
v -0.288359 0.213266 0.0851438
v -0.288359 0.28622 0.0851438
v -0.174615 0.28622 0.0851438
v -0.174615 0.359173 0.0851439
v -0.174615 0.28622 0.0851438
v -0.288359 0.28622 0.0851438
v -0.288359 0.28622 0.0851438
v -0.288359 0.359173 0.0851439
v -0.174615 0.359173 0.0851439
v -0.174615 0.432126 0.0851438
v -0.174615 0.359173 0.0851439
v -0.288359 0.359173 0.0851439
v -0.288359 0.359173 0.0851439
v -0.288359 0.432126 0.0851438
v -0.174615 0.432126 0.0851438
v -0.174615 0.50508 0.0851439
v -0.174615 0.432126 0.0851438
v -0.288359 0.432126 0.0851438
v -0.288359 0.432126 0.0851438
v -0.288359 0.50508 0.0851439
v -0.174615 0.50508 0.0851439
v -0.174615 0.578033 0.0851439
v -0.174615 0.50508 0.0851439
v -0.288359 0.50508 0.0851439
v -0.288359 0.50508 0.0851439
v -0.288359 0.578033 0.0851439
v -0.174615 0.578033 0.0851439
v -0.174615 0.650986 0.0851439
v -0.174615 0.578033 0.0851439
v -0.288359 0.578033 0.0851439
v -0.288359 0.578033 0.0851439
v -0.288359 0.650986 0.0851439
v -0.174615 0.650986 0.0851439
v -0.174615 0.717082 0.0851439
v -0.174615 0.650986 0.0851439
v -0.288359 0.650986 0.0851439
v -0.288359 0.650986 0.0851439
v -0.288359 0.717082 0.0851439
v -0.174615 0.717082 0.0851439
v -0.0667889 0.0673596 0.0851438
v -0.0667888 0.0348352 0.0851438
v -0.174615 0.0348352 0.0851438
v -0.174615 0.0348352 0.0851438
v -0.174615 0.0673596 0.0851438
v -0.0667889 0.0673596 0.0851438
v -0.0667889 0.140313 0.0851438
v -0.0667889 0.0673596 0.0851438
v -0.174615 0.0673596 0.0851438
v -0.174615 0.0673596 0.0851438
v -0.174615 0.140313 0.0851438
v -0.0667889 0.140313 0.0851438
v -0.0667889 0.213266 0.0851438
v -0.0667889 0.140313 0.0851438
v -0.174615 0.140313 0.0851438
v -0.174615 0.140313 0.0851438
v -0.174615 0.213266 0.0851438
v -0.0667889 0.213266 0.0851438
v -0.0667889 0.28622 0.0851438
v -0.0667889 0.213266 0.0851438
v -0.174615 0.213266 0.0851438
v -0.174615 0.213266 0.0851438
v -0.174615 0.28622 0.0851438
v -0.0667889 0.28622 0.0851438
v -0.0667889 0.359173 0.0851439
v -0.0667889 0.28622 0.0851438
v -0.174615 0.28622 0.0851438
v -0.174615 0.28622 0.0851438
v -0.174615 0.359173 0.0851439
v -0.0667889 0.359173 0.0851439
v -0.0667889 0.432126 0.0851438
v -0.0667889 0.359173 0.0851439
v -0.174615 0.359173 0.0851439
v -0.174615 0.359173 0.0851439
v -0.174615 0.432126 0.0851438
v -0.0667889 0.432126 0.0851438
v -0.0667889 0.50508 0.0851439
v -0.0667889 0.432126 0.0851438
v -0.174615 0.432126 0.0851438
v -0.174615 0.432126 0.0851438
v -0.174615 0.50508 0.0851439
v -0.0667889 0.50508 0.0851439
v -0.0667889 0.578033 0.0851439
v -0.0667889 0.50508 0.0851439
v -0.174615 0.50508 0.0851439
v -0.174615 0.50508 0.0851439
v -0.174615 0.578033 0.0851439
v -0.0667889 0.578033 0.0851439
v -0.0667889 0.650986 0.0851439
v -0.0667889 0.578033 0.0851439
v -0.174615 0.578033 0.0851439
v -0.174615 0.578033 0.0851439
v -0.174615 0.650986 0.0851439
v -0.0667889 0.650986 0.0851439
v -0.0667888 0.717082 0.0851439
v -0.0667889 0.650986 0.0851439
v -0.174615 0.650986 0.0851439
v -0.174615 0.650986 0.0851439
v -0.174615 0.717082 0.0851439
v -0.0667888 0.717082 0.0851439
v 0.0028046 0.0673596 0.0851438
v 0.0028046 0.0348352 0.0851438
v -0.0667888 0.0348352 0.0851438
v -0.0667888 0.0348352 0.0851438
v -0.0667889 0.0673596 0.0851438
v 0.0028046 0.0673596 0.0851438
v 0.0028046 0.140313 0.0851438
v 0.0028046 0.0673596 0.0851438
v -0.0667889 0.0673596 0.0851438
v -0.0667889 0.0673596 0.0851438
v -0.0667889 0.140313 0.0851438
v 0.0028046 0.140313 0.0851438
v 0.0028046 0.213266 0.0851438
v 0.0028046 0.140313 0.0851438
v -0.0667889 0.140313 0.0851438
v -0.0667889 0.140313 0.0851438
v -0.0667889 0.213266 0.0851438
v 0.0028046 0.213266 0.0851438
v 0.0028046 0.28622 0.0851438
v 0.0028046 0.213266 0.0851438
v -0.0667889 0.213266 0.0851438
v -0.0667889 0.213266 0.0851438
v -0.0667889 0.28622 0.0851438
v 0.0028046 0.28622 0.0851438
v 0.0028046 0.359173 0.0851439
v 0.0028046 0.28622 0.0851438
v -0.0667889 0.28622 0.0851438
v -0.0667889 0.28622 0.0851438
v -0.0667889 0.359173 0.0851439
v 0.0028046 0.359173 0.0851439
v 0.0028046 0.432126 0.0851438
v 0.0028046 0.359173 0.0851439
v -0.0667889 0.359173 0.0851439
v -0.0667889 0.359173 0.0851439
v -0.0667889 0.432126 0.0851438
v 0.0028046 0.432126 0.0851438
v 0.0028046 0.50508 0.0851439
v 0.0028046 0.432126 0.0851438
v -0.0667889 0.432126 0.0851438
v -0.0667889 0.432126 0.0851438
v -0.0667889 0.50508 0.0851439
v 0.0028046 0.50508 0.0851439
v 0.0028046 0.578033 0.0851439
v 0.0028046 0.50508 0.0851439
v -0.0667889 0.50508 0.0851439
v -0.0667889 0.50508 0.0851439
v -0.0667889 0.578033 0.0851439
v 0.0028046 0.578033 0.0851439
v 0.0028046 0.650986 0.0851439
v 0.0028046 0.578033 0.0851439
v -0.0667889 0.578033 0.0851439
v -0.0667889 0.578033 0.0851439
v -0.0667889 0.650986 0.0851439
v 0.0028046 0.650986 0.0851439
v 0.0028046 0.717082 0.0851439
v 0.0028046 0.650986 0.0851439
v -0.0667889 0.650986 0.0851439
v -0.0667889 0.650986 0.0851439
v -0.0667888 0.717082 0.0851439
v 0.0028046 0.717082 0.0851439
v -0.702865 0.0331946 -0.0956018
v -0.687425 0.0331946 -0.0956018
v -0.696251 0.0348352 -0.0956018
v -0.696251 0.0348352 -0.0956018
v -0.712138 0.0348352 -0.0956018
v -0.702865 0.0331946 -0.0956018
v -0.687425 0.0331946 -0.0956018
v -0.671986 0.0331946 -0.0956018
v -0.680363 0.0348352 -0.0956018
v -0.680363 0.0348352 -0.0956018
v -0.696251 0.0348352 -0.0956018
v -0.687425 0.0331946 -0.0956018
v -0.671986 0.0331946 -0.0956018
v -0.656546 0.0331946 -0.0956018
v -0.664475 0.0348352 -0.0956018
v -0.664475 0.0348352 -0.0956018
v -0.680363 0.0348352 -0.0956018
v -0.671986 0.0331946 -0.0956018
v -0.656546 0.0331946 -0.0956018
v -0.641107 0.0331946 -0.0956018
v -0.648588 0.0348352 -0.0956018
v -0.648588 0.0348352 -0.0956018
v -0.664475 0.0348352 -0.0956018
v -0.656546 0.0331946 -0.0956018
v -0.641107 0.0331946 -0.0956018
v -0.625668 0.0331946 -0.0956018
v -0.6327 0.0348352 -0.0956018
v -0.6327 0.0348352 -0.0956018
v -0.648588 0.0348352 -0.0956018
v -0.641107 0.0331946 -0.0956018
v -0.625668 0.0331946 -0.0956018
v -0.610228 0.0331946 -0.0956018
v -0.616812 0.0348352 -0.0956018
v -0.616812 0.0348352 -0.0956018
v -0.6327 0.0348352 -0.0956018
v -0.625668 0.0331946 -0.0956018
v -0.610228 0.0331946 -0.0956018
v -0.594788 0.0331946 -0.0956018
v -0.600925 0.0348352 -0.0956018
v -0.600925 0.0348352 -0.0956018
v -0.616812 0.0348352 -0.0956018
v -0.610228 0.0331946 -0.0956018
v -0.594788 0.0331946 -0.0956018
v -0.579349 0.0331946 -0.0956018
v -0.585037 0.0348352 -0.0956018
v -0.585037 0.0348352 -0.0956018
v -0.600925 0.0348352 -0.0956018
v -0.594788 0.0331946 -0.0956018
v -0.579349 0.0331946 -0.0956018
v -0.563909 0.0331946 -0.0956018
v -0.569149 0.0348352 -0.0956018
v -0.569149 0.0348352 -0.0956018
v -0.585037 0.0348352 -0.0956018
v -0.579349 0.0331946 -0.0956018
v -0.563909 0.0331946 -0.0956018
v -0.54847 0.0331946 -0.0956018
v -0.553262 0.0348352 -0.0956018
v -0.553262 0.0348352 -0.0956018
v -0.569149 0.0348352 -0.0956018
v -0.563909 0.0331946 -0.0956018
v -0.54847 0.0331946 -0.0956018
v -0.533031 0.0331946 -0.0956018
v -0.537374 0.0348352 -0.0956018
v -0.537374 0.0348352 -0.0956018
v -0.553262 0.0348352 -0.0956018
v -0.54847 0.0331946 -0.0956018
v -0.533031 0.0331946 -0.0956018
v -0.517591 0.0331946 -0.0956018
v -0.521487 0.0348352 -0.0956018
v -0.521487 0.0348352 -0.0956018
v -0.537374 0.0348352 -0.0956018
v -0.533031 0.0331946 -0.0956018
v -0.517591 0.0331946 -0.0956018
v -0.502151 0.0331946 -0.0956018
v -0.505599 0.0348352 -0.0956018
v -0.505599 0.0348352 -0.0956018
v -0.521487 0.0348352 -0.0956018
v -0.517591 0.0331946 -0.0956018
v -0.502151 0.0331946 -0.0956018
v -0.486712 0.0331946 -0.0956018
v -0.489711 0.0348352 -0.0956018
v -0.489711 0.0348352 -0.0956018
v -0.505599 0.0348352 -0.0956018
v -0.502151 0.0331946 -0.0956018
v -0.486712 0.0331946 -0.0956018
v -0.471272 0.0331946 -0.0956018
v -0.473824 0.0348352 -0.0956018
v -0.473824 0.0348352 -0.0956018
v -0.489711 0.0348352 -0.0956018
v -0.486712 0.0331946 -0.0956018
v -0.471272 0.0331946 -0.0956018
v -0.455833 0.0331946 -0.0956018
v -0.457936 0.0348352 -0.0956018
v -0.457936 0.0348352 -0.0956018
v -0.473824 0.0348352 -0.0956018
v -0.471272 0.0331946 -0.0956018
v -0.455833 0.0331946 -0.0956018
v -0.440394 0.0331946 -0.0956018
v -0.442048 0.0348352 -0.0956018
v -0.442048 0.0348352 -0.0956018
v -0.457936 0.0348352 -0.0956018
v -0.455833 0.0331946 -0.0956018
v -0.440394 0.0331946 -0.0956018
v -0.424954 0.0331946 -0.0956018
v -0.426161 0.0348352 -0.0956018
v -0.426161 0.0348352 -0.0956018
v -0.442048 0.0348352 -0.0956018
v -0.440394 0.0331946 -0.0956018
v -0.424954 0.0331946 -0.0956018
v -0.409514 0.0331946 -0.0956018
v -0.410273 0.0348352 -0.0956018
v -0.410273 0.0348352 -0.0956018
v -0.426161 0.0348352 -0.0956018
v -0.424954 0.0331946 -0.0956018
v -0.409514 0.0331946 -0.0956018
v -0.394075 0.0331946 -0.0956018
v -0.394386 0.0348352 -0.0956018
v -0.394386 0.0348352 -0.0956018
v -0.410273 0.0348352 -0.0956018
v -0.409514 0.0331946 -0.0956018
v -0.394075 0.0331946 -0.0956018
v -0.378636 0.0331946 -0.0956018
v -0.378498 0.0348352 -0.0956018
v -0.378498 0.0348352 -0.0956018
v -0.394386 0.0348352 -0.0956018
v -0.394075 0.0331946 -0.0956018
v -0.378636 0.0331946 -0.0956018
v -0.363196 0.0331946 -0.0956018
v -0.36261 0.0348352 -0.0956018
v -0.36261 0.0348352 -0.0956018
v -0.378498 0.0348352 -0.0956018
v -0.378636 0.0331946 -0.0956018
v -0.363196 0.0331946 -0.0956018
v -0.347757 0.0331946 -0.0956018
v -0.346723 0.0348352 -0.0956018
v -0.346723 0.0348352 -0.0956018
v -0.36261 0.0348352 -0.0956018
v -0.363196 0.0331946 -0.0956018
v -0.347757 0.0331946 -0.0956018
v -0.332317 0.0331946 -0.0956018
v -0.330835 0.0348352 -0.0956018
v -0.330835 0.0348352 -0.0956018
v -0.346723 0.0348352 -0.0956018
v -0.347757 0.0331946 -0.0956018
v -0.332317 0.0331946 -0.0956018
v -0.316878 0.0331946 -0.0956018
v -0.314948 0.0348352 -0.0956018
v -0.314948 0.0348352 -0.0956018
v -0.330835 0.0348352 -0.0956018
v -0.332317 0.0331946 -0.0956018
v -0.316878 0.0331946 -0.0956018
v -0.301438 0.0331946 -0.0956018
v -0.29906 0.0348352 -0.0956018
v -0.29906 0.0348352 -0.0956018
v -0.314948 0.0348352 -0.0956018
v -0.316878 0.0331946 -0.0956018
v -0.301438 0.0331946 -0.0956018
v -0.285999 0.0331946 -0.0956018
v -0.283172 0.0348352 -0.0956018
v -0.283172 0.0348352 -0.0956018
v -0.29906 0.0348352 -0.0956018
v -0.301438 0.0331946 -0.0956018
v -0.285999 0.0331946 -0.0956018
v -0.270559 0.0331946 -0.0956018
v -0.267285 0.0348352 -0.0956018
v -0.267285 0.0348352 -0.0956018
v -0.283172 0.0348352 -0.0956018
v -0.285999 0.0331946 -0.0956018
v -0.270559 0.0331946 -0.0956018
v -0.25512 0.0331946 -0.0956018
v -0.251397 0.0348352 -0.0956018
v -0.251397 0.0348352 -0.0956018
v -0.267285 0.0348352 -0.0956018
v -0.270559 0.0331946 -0.0956018
v -0.25512 0.0331946 -0.0956018
v -0.23968 0.0331946 -0.0956018
v -0.23551 0.0348352 -0.0956018
v -0.23551 0.0348352 -0.0956018
v -0.251397 0.0348352 -0.0956018
v -0.25512 0.0331946 -0.0956018
v -0.23968 0.0331946 -0.0956018
v -0.224241 0.0331946 -0.0956018
v -0.219622 0.0348352 -0.0956018
v -0.219622 0.0348352 -0.0956018
v -0.23551 0.0348352 -0.0956018
v -0.23968 0.0331946 -0.0956018
v -0.224241 0.0331946 -0.0956018
v -0.208801 0.0331946 -0.0956018
v -0.203734 0.0348352 -0.0956018
v -0.203734 0.0348352 -0.0956018
v -0.219622 0.0348352 -0.0956018
v -0.224241 0.0331946 -0.0956018
v -0.208801 0.0331946 -0.0956018
v -0.193362 0.0331946 -0.0956018
v -0.187847 0.0348352 -0.0956018
v -0.187847 0.0348352 -0.0956018
v -0.203734 0.0348352 -0.0956018
v -0.208801 0.0331946 -0.0956018
v -0.193362 0.0331946 -0.0956018
v -0.177922 0.0331946 -0.0956018
v -0.171959 0.0348352 -0.0956018
v -0.171959 0.0348352 -0.0956018
v -0.187847 0.0348352 -0.0956018
v -0.193362 0.0331946 -0.0956018
v -0.177922 0.0331946 -0.0956018
v -0.162483 0.0331946 -0.0956018
v -0.156071 0.0348352 -0.0956018
v -0.156071 0.0348352 -0.0956018
v -0.171959 0.0348352 -0.0956018
v -0.177922 0.0331946 -0.0956018
v -0.162483 0.0331946 -0.0956018
v -0.147043 0.0331946 -0.0956018
v -0.140184 0.0348352 -0.0956018
v -0.140184 0.0348352 -0.0956018
v -0.156071 0.0348352 -0.0956018
v -0.162483 0.0331946 -0.0956018
v -0.147043 0.0331946 -0.0956018
v -0.131604 0.0331946 -0.0956018
v -0.124296 0.0348352 -0.0956018
v -0.124296 0.0348352 -0.0956018
v -0.140184 0.0348352 -0.0956018
v -0.147043 0.0331946 -0.0956018
v -0.131604 0.0331946 -0.0956018
v -0.116164 0.0331946 -0.0956018
v -0.108409 0.0348352 -0.0956018
v -0.108409 0.0348352 -0.0956018
v -0.124296 0.0348352 -0.0956018
v -0.131604 0.0331946 -0.0956018
v -0.116164 0.0331946 -0.0956018
v -0.100725 0.0331946 -0.0956018
v -0.092521 0.0348352 -0.0956018
v -0.092521 0.0348352 -0.0956018
v -0.108409 0.0348352 -0.0956018
v -0.116164 0.0331946 -0.0956018
v -0.100725 0.0331946 -0.0956018
v -0.0852854 0.0331946 -0.0956018
v -0.0766333 0.0348352 -0.0956018
v -0.0766333 0.0348352 -0.0956018
v -0.092521 0.0348352 -0.0956018
v -0.100725 0.0331946 -0.0956018
v -0.0852854 0.0331946 -0.0956018
v -0.0698459 0.0331946 -0.0956018
v -0.0607457 0.0348352 -0.0956018
v -0.0607457 0.0348352 -0.0956018
v -0.0766333 0.0348352 -0.0956018
v -0.0852854 0.0331946 -0.0956018
v -0.0698459 0.0331946 -0.0956018
v -0.0544064 0.0331946 -0.0956018
v -0.0448581 0.0348352 -0.0956018
v -0.0448581 0.0348352 -0.0956018
v -0.0607457 0.0348352 -0.0956018
v -0.0698459 0.0331946 -0.0956018
v -0.0544064 0.0331946 -0.0956018
v -0.038967 0.0331946 -0.0956018
v -0.0289705 0.0348352 -0.0956018
v -0.0289705 0.0348352 -0.0956018
v -0.0448581 0.0348352 -0.0956018
v -0.0544064 0.0331946 -0.0956018
v -0.038967 0.0331946 -0.0956018
v -0.0235274 0.0331946 -0.0956018
v -0.0130829 0.0348352 -0.0956018
v -0.0130829 0.0348352 -0.0956018
v -0.0289705 0.0348352 -0.0956018
v -0.038967 0.0331946 -0.0956018
v -0.0235274 0.0331946 -0.0956018
v -0.008088 0.0331946 -0.0956018
v 0.0028047 0.0348352 -0.0956018
v 0.0028047 0.0348352 -0.0956018
v -0.0130829 0.0348352 -0.0956018
v -0.0235274 0.0331946 -0.0956018
v -0.702865 0.0331946 -0.0280799
v -0.702865 0.0331946 -0.0956018
v -0.712138 0.0348352 -0.0956018
v -0.712138 0.0348352 -0.0956018
v -0.712138 0.0348352 -0.0271793
v -0.702865 0.0331946 -0.0280799
v -0.702865 0.0331945 -0.0086555
v -0.702865 0.0331946 -0.0280799
v -0.712138 0.0348352 -0.0271793
v -0.712138 0.0348352 -0.0271793
v -0.712138 0.0348352 -0.0071912
v -0.702865 0.0331945 -0.0086555
v -0.702865 0.0331945 0.0081946
v -0.702865 0.0331945 -0.0086555
v -0.712138 0.0348352 -0.0071912
v -0.712138 0.0348352 -0.0071912
v -0.712138 0.0348352 0.0101481
v -0.702865 0.0331945 0.0081946
v -0.702865 0.0331944 0.0254374
v -0.702865 0.0331945 0.0081946
v -0.712138 0.0348352 0.0101481
v -0.712138 0.0348352 0.0101481
v -0.712138 0.0348352 0.0278913
v -0.702865 0.0331944 0.0254374
v -0.700854 0.0331945 0.046024
v -0.702865 0.0331944 0.0254374
v -0.712138 0.0348352 0.0278913
v -0.712138 0.0348352 0.0278913
v -0.710069 0.0348352 0.0490754
v -0.700854 0.0331945 0.046024
v -0.692117 0.0331945 0.0648048
v -0.700854 0.0331945 0.046024
v -0.710069 0.0348352 0.0490754
v -0.710069 0.0348352 0.0490754
v -0.701078 0.0348352 0.0684014
v -0.692117 0.0331945 0.0648048
v -0.67504 0.0331945 0.0763749
v -0.692117 0.0331945 0.0648048
v -0.701078 0.0348352 0.0684014
v -0.701078 0.0348352 0.0684014
v -0.683505 0.0348352 0.0803072
v -0.67504 0.0331945 0.0763749
v -0.648274 0.0331945 0.0809635
v -0.67504 0.0331945 0.0763749
v -0.683505 0.0348352 0.0803072
v -0.683505 0.0348352 0.0803072
v -0.655963 0.0348352 0.085029
v -0.648274 0.0331945 0.0809635
v -0.537544 0.0331945 0.081075
v -0.648274 0.0331945 0.0809635
v -0.655963 0.0348352 0.085029
v -0.655963 0.0348352 0.085029
v -0.542019 0.0348352 0.0851438
v -0.537544 0.0331945 0.081075
v -0.405282 0.0331945 0.081075
v -0.537544 0.0331945 0.081075
v -0.542019 0.0348352 0.0851438
v -0.542019 0.0348352 0.0851438
v -0.405918 0.0348352 0.0851438
v -0.405282 0.0331945 0.081075
v -0.291039 0.0331945 0.081075
v -0.405282 0.0331945 0.081075
v -0.405918 0.0348352 0.0851438
v -0.405918 0.0348352 0.0851438
v -0.288359 0.0348352 0.0851438
v -0.291039 0.0331945 0.081075
v -0.180503 0.0331945 0.081075
v -0.291039 0.0331945 0.081075
v -0.288359 0.0348352 0.0851438
v -0.288359 0.0348352 0.0851438
v -0.174615 0.0348352 0.0851438
v -0.180503 0.0331945 0.081075
v -0.0757186 0.0331945 0.081075
v -0.180503 0.0331945 0.081075
v -0.174615 0.0348352 0.0851438
v -0.174615 0.0348352 0.0851438
v -0.0667888 0.0348352 0.0851438
v -0.0757186 0.0331945 0.081075
v 0.0028046 0.0331945 0.081075
v -0.0757186 0.0331945 0.081075
v -0.0667888 0.0348352 0.0851438
v -0.0667888 0.0348352 0.0851438
v 0.0028046 0.0348352 0.0851438
v 0.0028046 0.0331945 0.081075
v -0.008088 0.008208 -0.0956018
v 0.0028047 0.0098487 -0.0956018
v 0.0028047 0.0348352 -0.0956018
v 0.0028047 0.0348352 -0.0956018
v -0.008088 0.0331946 -0.0956018
v -0.008088 0.008208 -0.0956018
v -0.702865 0.008208 -0.0956018
v -0.687425 0.008208 -0.0956018
v -0.687425 0.0331946 -0.0956018
v -0.687425 0.0331946 -0.0956018
v -0.702865 0.0331946 -0.0956018
v -0.702865 0.008208 -0.0956018
v -0.687425 0.008208 -0.0956018
v -0.671986 0.008208 -0.0956017
v -0.671986 0.0331946 -0.0956018
v -0.671986 0.0331946 -0.0956018
v -0.687425 0.0331946 -0.0956018
v -0.687425 0.008208 -0.0956018
v -0.671986 0.008208 -0.0956017
v -0.656546 0.008208 -0.0956018
v -0.656546 0.0331946 -0.0956018
v -0.656546 0.0331946 -0.0956018
v -0.671986 0.0331946 -0.0956018
v -0.671986 0.008208 -0.0956017
v -0.656546 0.008208 -0.0956018
v -0.641107 0.008208 -0.0956018
v -0.641107 0.0331946 -0.0956018
v -0.641107 0.0331946 -0.0956018
v -0.656546 0.0331946 -0.0956018
v -0.656546 0.008208 -0.0956018
v -0.641107 0.008208 -0.0956018
v -0.625668 0.008208 -0.0956018
v -0.625668 0.0331946 -0.0956018
v -0.625668 0.0331946 -0.0956018
v -0.641107 0.0331946 -0.0956018
v -0.641107 0.008208 -0.0956018
v -0.625668 0.008208 -0.0956018
v -0.610228 0.008208 -0.0956018
v -0.610228 0.0331946 -0.0956018
v -0.610228 0.0331946 -0.0956018
v -0.625668 0.0331946 -0.0956018
v -0.625668 0.008208 -0.0956018
v -0.610228 0.008208 -0.0956018
v -0.594788 0.008208 -0.0956017
v -0.594788 0.0331946 -0.0956018
v -0.594788 0.0331946 -0.0956018
v -0.610228 0.0331946 -0.0956018
v -0.610228 0.008208 -0.0956018
v -0.594788 0.008208 -0.0956017
v -0.579349 0.008208 -0.0956018
v -0.579349 0.0331946 -0.0956018
v -0.579349 0.0331946 -0.0956018
v -0.594788 0.0331946 -0.0956018
v -0.594788 0.008208 -0.0956017
v -0.579349 0.008208 -0.0956018
v -0.563909 0.008208 -0.0956018
v -0.563909 0.0331946 -0.0956018
v -0.563909 0.0331946 -0.0956018
v -0.579349 0.0331946 -0.0956018
v -0.579349 0.008208 -0.0956018
v -0.563909 0.008208 -0.0956018
v -0.54847 0.008208 -0.0956018
v -0.54847 0.0331946 -0.0956018
v -0.54847 0.0331946 -0.0956018
v -0.563909 0.0331946 -0.0956018
v -0.563909 0.008208 -0.0956018
v -0.54847 0.008208 -0.0956018
v -0.533031 0.008208 -0.0956018
v -0.533031 0.0331946 -0.0956018
v -0.533031 0.0331946 -0.0956018
v -0.54847 0.0331946 -0.0956018
v -0.54847 0.008208 -0.0956018
v -0.533031 0.008208 -0.0956018
v -0.517591 0.008208 -0.0956017
v -0.517591 0.0331946 -0.0956018
v -0.517591 0.0331946 -0.0956018
v -0.533031 0.0331946 -0.0956018
v -0.533031 0.008208 -0.0956018
v -0.517591 0.008208 -0.0956017
v -0.502151 0.008208 -0.0956018
v -0.502151 0.0331946 -0.0956018
v -0.502151 0.0331946 -0.0956018
v -0.517591 0.0331946 -0.0956018
v -0.517591 0.008208 -0.0956017
v -0.502151 0.008208 -0.0956018
v -0.486712 0.008208 -0.0956018
v -0.486712 0.0331946 -0.0956018
v -0.486712 0.0331946 -0.0956018
v -0.502151 0.0331946 -0.0956018
v -0.502151 0.008208 -0.0956018
v -0.486712 0.008208 -0.0956018
v -0.471272 0.008208 -0.0956018
v -0.471272 0.0331946 -0.0956018
v -0.471272 0.0331946 -0.0956018
v -0.486712 0.0331946 -0.0956018
v -0.486712 0.008208 -0.0956018
v -0.471272 0.008208 -0.0956018
v -0.455833 0.008208 -0.0956018
v -0.455833 0.0331946 -0.0956018
v -0.455833 0.0331946 -0.0956018
v -0.471272 0.0331946 -0.0956018
v -0.471272 0.008208 -0.0956018
v -0.455833 0.008208 -0.0956018
v -0.440394 0.008208 -0.0956017
v -0.440394 0.0331946 -0.0956018
v -0.440394 0.0331946 -0.0956018
v -0.455833 0.0331946 -0.0956018
v -0.455833 0.008208 -0.0956018
v -0.440394 0.008208 -0.0956017
v -0.424954 0.008208 -0.0956017
v -0.424954 0.0331946 -0.0956018
v -0.424954 0.0331946 -0.0956018
v -0.440394 0.0331946 -0.0956018
v -0.440394 0.008208 -0.0956017
v -0.424954 0.008208 -0.0956017
v -0.409514 0.008208 -0.0956018
v -0.409514 0.0331946 -0.0956018
v -0.409514 0.0331946 -0.0956018
v -0.424954 0.0331946 -0.0956018
v -0.424954 0.008208 -0.0956017
v -0.409514 0.008208 -0.0956018
v -0.394075 0.008208 -0.0956018
v -0.394075 0.0331946 -0.0956018
v -0.394075 0.0331946 -0.0956018
v -0.409514 0.0331946 -0.0956018
v -0.409514 0.008208 -0.0956018
v -0.394075 0.008208 -0.0956018
v -0.378636 0.008208 -0.0956018
v -0.378636 0.0331946 -0.0956018
v -0.378636 0.0331946 -0.0956018
v -0.394075 0.0331946 -0.0956018
v -0.394075 0.008208 -0.0956018
v -0.378636 0.008208 -0.0956018
v -0.363196 0.008208 -0.0956018
v -0.363196 0.0331946 -0.0956018
v -0.363196 0.0331946 -0.0956018
v -0.378636 0.0331946 -0.0956018
v -0.378636 0.008208 -0.0956018
v -0.363196 0.008208 -0.0956018
v -0.347757 0.008208 -0.0956017
v -0.347757 0.0331946 -0.0956018
v -0.347757 0.0331946 -0.0956018
v -0.363196 0.0331946 -0.0956018
v -0.363196 0.008208 -0.0956018
v -0.347757 0.008208 -0.0956017
v -0.332317 0.008208 -0.0956018
v -0.332317 0.0331946 -0.0956018
v -0.332317 0.0331946 -0.0956018
v -0.347757 0.0331946 -0.0956018
v -0.347757 0.008208 -0.0956017
v -0.332317 0.008208 -0.0956018
v -0.316878 0.008208 -0.0956018
v -0.316878 0.0331946 -0.0956018
v -0.316878 0.0331946 -0.0956018
v -0.332317 0.0331946 -0.0956018
v -0.332317 0.008208 -0.0956018
v -0.316878 0.008208 -0.0956018
v -0.301438 0.008208 -0.0956018
v -0.301438 0.0331946 -0.0956018
v -0.301438 0.0331946 -0.0956018
v -0.316878 0.0331946 -0.0956018
v -0.316878 0.008208 -0.0956018
v -0.301438 0.008208 -0.0956018
v -0.285999 0.008208 -0.0956018
v -0.285999 0.0331946 -0.0956018
v -0.285999 0.0331946 -0.0956018
v -0.301438 0.0331946 -0.0956018
v -0.301438 0.008208 -0.0956018
v -0.285999 0.008208 -0.0956018
v -0.270559 0.008208 -0.0956017
v -0.270559 0.0331946 -0.0956018
v -0.270559 0.0331946 -0.0956018
v -0.285999 0.0331946 -0.0956018
v -0.285999 0.008208 -0.0956018
v -0.270559 0.008208 -0.0956017
v -0.25512 0.008208 -0.0956018
v -0.25512 0.0331946 -0.0956018
v -0.25512 0.0331946 -0.0956018
v -0.270559 0.0331946 -0.0956018
v -0.270559 0.008208 -0.0956017
v -0.25512 0.008208 -0.0956018
v -0.23968 0.008208 -0.0956018
v -0.23968 0.0331946 -0.0956018
v -0.23968 0.0331946 -0.0956018
v -0.25512 0.0331946 -0.0956018
v -0.25512 0.008208 -0.0956018
v -0.23968 0.008208 -0.0956018
v -0.224241 0.008208 -0.0956018
v -0.224241 0.0331946 -0.0956018
v -0.224241 0.0331946 -0.0956018
v -0.23968 0.0331946 -0.0956018
v -0.23968 0.008208 -0.0956018
v -0.224241 0.008208 -0.0956018
v -0.208801 0.008208 -0.0956018
v -0.208801 0.0331946 -0.0956018
v -0.208801 0.0331946 -0.0956018
v -0.224241 0.0331946 -0.0956018
v -0.224241 0.008208 -0.0956018
v -0.208801 0.008208 -0.0956018
v -0.193362 0.008208 -0.0956017
v -0.193362 0.0331946 -0.0956018
v -0.193362 0.0331946 -0.0956018
v -0.208801 0.0331946 -0.0956018
v -0.208801 0.008208 -0.0956018
v -0.193362 0.008208 -0.0956017
v -0.177922 0.008208 -0.0956018
v -0.177922 0.0331946 -0.0956018
v -0.177922 0.0331946 -0.0956018
v -0.193362 0.0331946 -0.0956018
v -0.193362 0.008208 -0.0956017
v -0.177922 0.008208 -0.0956018
v -0.162483 0.008208 -0.0956018
v -0.162483 0.0331946 -0.0956018
v -0.162483 0.0331946 -0.0956018
v -0.177922 0.0331946 -0.0956018
v -0.177922 0.008208 -0.0956018
v -0.162483 0.008208 -0.0956018
v -0.147043 0.008208 -0.0956018
v -0.147043 0.0331946 -0.0956018
v -0.147043 0.0331946 -0.0956018
v -0.162483 0.0331946 -0.0956018
v -0.162483 0.008208 -0.0956018
v -0.147043 0.008208 -0.0956018
v -0.131604 0.008208 -0.0956018
v -0.131604 0.0331946 -0.0956018
v -0.131604 0.0331946 -0.0956018
v -0.147043 0.0331946 -0.0956018
v -0.147043 0.008208 -0.0956018
v -0.131604 0.008208 -0.0956018
v -0.116164 0.008208 -0.0956017
v -0.116164 0.0331946 -0.0956018
v -0.116164 0.0331946 -0.0956018
v -0.131604 0.0331946 -0.0956018
v -0.131604 0.008208 -0.0956018
v -0.116164 0.008208 -0.0956017
v -0.100725 0.008208 -0.0956018
v -0.100725 0.0331946 -0.0956018
v -0.100725 0.0331946 -0.0956018
v -0.116164 0.0331946 -0.0956018
v -0.116164 0.008208 -0.0956017
v -0.100725 0.008208 -0.0956018
v -0.0852854 0.008208 -0.0956018
v -0.0852854 0.0331946 -0.0956018
v -0.0852854 0.0331946 -0.0956018
v -0.100725 0.0331946 -0.0956018
v -0.100725 0.008208 -0.0956018
v -0.0852854 0.008208 -0.0956018
v -0.0698459 0.008208 -0.0956018
v -0.0698459 0.0331946 -0.0956018
v -0.0698459 0.0331946 -0.0956018
v -0.0852854 0.0331946 -0.0956018
v -0.0852854 0.008208 -0.0956018
v -0.0698459 0.008208 -0.0956018
v -0.0544064 0.008208 -0.0956018
v -0.0544064 0.0331946 -0.0956018
v -0.0544064 0.0331946 -0.0956018
v -0.0698459 0.0331946 -0.0956018
v -0.0698459 0.008208 -0.0956018
v -0.0544064 0.008208 -0.0956018
v -0.038967 0.008208 -0.0956017
v -0.038967 0.0331946 -0.0956018
v -0.038967 0.0331946 -0.0956018
v -0.0544064 0.0331946 -0.0956018
v -0.0544064 0.008208 -0.0956018
v -0.038967 0.008208 -0.0956017
v -0.0235274 0.008208 -0.0956018
v -0.0235274 0.0331946 -0.0956018
v -0.0235274 0.0331946 -0.0956018
v -0.038967 0.0331946 -0.0956018
v -0.038967 0.008208 -0.0956017
v -0.0235274 0.008208 -0.0956018
v -0.008088 0.008208 -0.0956018
v -0.008088 0.0331946 -0.0956018
v -0.008088 0.0331946 -0.0956018
v -0.0235274 0.0331946 -0.0956018
v -0.0235274 0.008208 -0.0956018
v -0.702865 0.008208 -0.0280799
v -0.702865 0.008208 -0.0956018
v -0.702865 0.0331946 -0.0956018
v -0.702865 0.0331946 -0.0956018
v -0.702865 0.0331946 -0.0280799
v -0.702865 0.008208 -0.0280799
v -0.702865 0.008208 -0.0086556
v -0.702865 0.008208 -0.0280799
v -0.702865 0.0331946 -0.0280799
v -0.702865 0.0331946 -0.0280799
v -0.702865 0.0331945 -0.0086555
v -0.702865 0.008208 -0.0086556
v -0.702865 0.008208 0.0081946
v -0.702865 0.008208 -0.0086556
v -0.702865 0.0331945 -0.0086555
v -0.702865 0.0331945 -0.0086555
v -0.702865 0.0331945 0.0081946
v -0.702865 0.008208 0.0081946
v -0.702865 0.0082079 0.0254374
v -0.702865 0.008208 0.0081946
v -0.702865 0.0331945 0.0081946
v -0.702865 0.0331945 0.0081946
v -0.702865 0.0331944 0.0254374
v -0.702865 0.0082079 0.0254374
v -0.700854 0.0082079 0.046024
v -0.702865 0.0082079 0.0254374
v -0.702865 0.0331944 0.0254374
v -0.702865 0.0331944 0.0254374
v -0.700854 0.0331945 0.046024
v -0.700854 0.0082079 0.046024
v -0.692117 0.008208 0.0648048
v -0.700854 0.0082079 0.046024
v -0.700854 0.0331945 0.046024
v -0.700854 0.0331945 0.046024
v -0.692117 0.0331945 0.0648048
v -0.692117 0.008208 0.0648048
v -0.67504 0.008208 0.0763749
v -0.692117 0.008208 0.0648048
v -0.692117 0.0331945 0.0648048
v -0.692117 0.0331945 0.0648048
v -0.67504 0.0331945 0.0763749
v -0.67504 0.008208 0.0763749
v -0.648274 0.008208 0.0809635
v -0.67504 0.008208 0.0763749
v -0.67504 0.0331945 0.0763749
v -0.67504 0.0331945 0.0763749
v -0.648274 0.0331945 0.0809635
v -0.648274 0.008208 0.0809635
v -0.537544 0.008208 0.081075
v -0.648274 0.008208 0.0809635
v -0.648274 0.0331945 0.0809635
v -0.648274 0.0331945 0.0809635
v -0.537544 0.0331945 0.081075
v -0.537544 0.008208 0.081075
v -0.405282 0.008208 0.081075
v -0.537544 0.008208 0.081075
v -0.537544 0.0331945 0.081075
v -0.537544 0.0331945 0.081075
v -0.405282 0.0331945 0.081075
v -0.405282 0.008208 0.081075
v -0.291039 0.008208 0.081075
v -0.405282 0.008208 0.081075
v -0.405282 0.0331945 0.081075
v -0.405282 0.0331945 0.081075
v -0.291039 0.0331945 0.081075
v -0.291039 0.008208 0.081075
v -0.180503 0.008208 0.081075
v -0.291039 0.008208 0.081075
v -0.291039 0.0331945 0.081075
v -0.291039 0.0331945 0.081075
v -0.180503 0.0331945 0.081075
v -0.180503 0.008208 0.081075
v -0.0757186 0.008208 0.081075
v -0.180503 0.008208 0.081075
v -0.180503 0.0331945 0.081075
v -0.180503 0.0331945 0.081075
v -0.0757186 0.0331945 0.081075
v -0.0757186 0.008208 0.081075
v 0.0028046 0.008208 0.081075
v -0.0757186 0.008208 0.081075
v -0.0757186 0.0331945 0.081075
v -0.0757186 0.0331945 0.081075
v 0.0028046 0.0331945 0.081075
v 0.0028046 0.008208 0.081075
v 0.0028047 0.0098487 -0.0956018
v -0.008088 0.008208 -0.0956018
v 0.0028046 -0.0015526 -0.0956018
v -0.685317 -0.0015527 -0.0956018
v -0.670724 -0.0015527 -0.0956018
v -0.687425 0.008208 -0.0956018
v -0.687425 0.008208 -0.0956018
v -0.702865 0.008208 -0.0956018
v -0.685317 -0.0015527 -0.0956018
v -0.670724 -0.0015527 -0.0956018
v -0.656132 -0.0015527 -0.0956018
v -0.671986 0.008208 -0.0956017
v -0.671986 0.008208 -0.0956017
v -0.687425 0.008208 -0.0956018
v -0.670724 -0.0015527 -0.0956018
v -0.656132 -0.0015527 -0.0956018
v -0.64154 -0.0015527 -0.0956018
v -0.656546 0.008208 -0.0956018
v -0.656546 0.008208 -0.0956018
v -0.671986 0.008208 -0.0956017
v -0.656132 -0.0015527 -0.0956018
v -0.64154 -0.0015527 -0.0956018
v -0.626947 -0.0015527 -0.0956018
v -0.641107 0.008208 -0.0956018
v -0.641107 0.008208 -0.0956018
v -0.656546 0.008208 -0.0956018
v -0.64154 -0.0015527 -0.0956018
v -0.626947 -0.0015527 -0.0956018
v -0.612355 -0.0015527 -0.0956018
v -0.625668 0.008208 -0.0956018
v -0.625668 0.008208 -0.0956018
v -0.641107 0.008208 -0.0956018
v -0.626947 -0.0015527 -0.0956018
v -0.612355 -0.0015527 -0.0956018
v -0.597762 -0.0015527 -0.0956018
v -0.610228 0.008208 -0.0956018
v -0.610228 0.008208 -0.0956018
v -0.625668 0.008208 -0.0956018
v -0.612355 -0.0015527 -0.0956018
v -0.597762 -0.0015527 -0.0956018
v -0.58317 -0.0015527 -0.0956017
v -0.594788 0.008208 -0.0956017
v -0.594788 0.008208 -0.0956017
v -0.610228 0.008208 -0.0956018
v -0.597762 -0.0015527 -0.0956018
v -0.58317 -0.0015527 -0.0956017
v -0.568577 -0.0015527 -0.0956018
v -0.579349 0.008208 -0.0956018
v -0.579349 0.008208 -0.0956018
v -0.594788 0.008208 -0.0956017
v -0.58317 -0.0015527 -0.0956017
v -0.568577 -0.0015527 -0.0956018
v -0.553985 -0.0015527 -0.0956018
v -0.563909 0.008208 -0.0956018
v -0.563909 0.008208 -0.0956018
v -0.579349 0.008208 -0.0956018
v -0.568577 -0.0015527 -0.0956018
v -0.553985 -0.0015527 -0.0956018
v -0.539392 -0.0015527 -0.0956018
v -0.54847 0.008208 -0.0956018
v -0.54847 0.008208 -0.0956018
v -0.563909 0.008208 -0.0956018
v -0.553985 -0.0015527 -0.0956018
v -0.539392 -0.0015527 -0.0956018
v -0.5248 -0.0015527 -0.0956018
v -0.533031 0.008208 -0.0956018
v -0.533031 0.008208 -0.0956018
v -0.54847 0.008208 -0.0956018
v -0.539392 -0.0015527 -0.0956018
v -0.5248 -0.0015527 -0.0956018
v -0.510208 -0.0015527 -0.0956017
v -0.517591 0.008208 -0.0956017
v -0.517591 0.008208 -0.0956017
v -0.533031 0.008208 -0.0956018
v -0.5248 -0.0015527 -0.0956018
v -0.510208 -0.0015527 -0.0956017
v -0.495615 -0.0015527 -0.0956018
v -0.502151 0.008208 -0.0956018
v -0.502151 0.008208 -0.0956018
v -0.517591 0.008208 -0.0956017
v -0.510208 -0.0015527 -0.0956017
v -0.495615 -0.0015527 -0.0956018
v -0.481023 -0.0015527 -0.0956018
v -0.486712 0.008208 -0.0956018
v -0.486712 0.008208 -0.0956018
v -0.502151 0.008208 -0.0956018
v -0.495615 -0.0015527 -0.0956018
v -0.481023 -0.0015527 -0.0956018
v -0.46643 -0.0015527 -0.0956018
v -0.471272 0.008208 -0.0956018
v -0.471272 0.008208 -0.0956018
v -0.486712 0.008208 -0.0956018
v -0.481023 -0.0015527 -0.0956018
v -0.46643 -0.0015527 -0.0956018
v -0.451838 -0.0015527 -0.0956018
v -0.455833 0.008208 -0.0956018
v -0.455833 0.008208 -0.0956018
v -0.471272 0.008208 -0.0956018
v -0.46643 -0.0015527 -0.0956018
v -0.451838 -0.0015527 -0.0956018
v -0.437246 -0.0015527 -0.0956017
v -0.440394 0.008208 -0.0956017
v -0.440394 0.008208 -0.0956017
v -0.455833 0.008208 -0.0956018
v -0.451838 -0.0015527 -0.0956018
v -0.437246 -0.0015527 -0.0956017
v -0.422653 -0.0015527 -0.0956017
v -0.424954 0.008208 -0.0956017
v -0.424954 0.008208 -0.0956017
v -0.440394 0.008208 -0.0956017
v -0.437246 -0.0015527 -0.0956017
v -0.422653 -0.0015527 -0.0956017
v -0.408061 -0.0015527 -0.0956018
v -0.409514 0.008208 -0.0956018
v -0.409514 0.008208 -0.0956018
v -0.424954 0.008208 -0.0956017
v -0.422653 -0.0015527 -0.0956017
v -0.408061 -0.0015527 -0.0956018
v -0.393468 -0.0015527 -0.0956018
v -0.394075 0.008208 -0.0956018
v -0.394075 0.008208 -0.0956018
v -0.409514 0.008208 -0.0956018
v -0.408061 -0.0015527 -0.0956018
v -0.393468 -0.0015527 -0.0956018
v -0.378876 -0.0015527 -0.0956018
v -0.378636 0.008208 -0.0956018
v -0.378636 0.008208 -0.0956018
v -0.394075 0.008208 -0.0956018
v -0.393468 -0.0015527 -0.0956018
v -0.378876 -0.0015527 -0.0956018
v -0.364284 -0.0015527 -0.0956018
v -0.363196 0.008208 -0.0956018
v -0.363196 0.008208 -0.0956018
v -0.378636 0.008208 -0.0956018
v -0.378876 -0.0015527 -0.0956018
v -0.364284 -0.0015527 -0.0956018
v -0.349691 -0.0015527 -0.0956017
v -0.347757 0.008208 -0.0956017
v -0.347757 0.008208 -0.0956017
v -0.363196 0.008208 -0.0956018
v -0.364284 -0.0015527 -0.0956018
v -0.349691 -0.0015527 -0.0956017
v -0.335099 -0.0015527 -0.0956018
v -0.332317 0.008208 -0.0956018
v -0.332317 0.008208 -0.0956018
v -0.347757 0.008208 -0.0956017
v -0.349691 -0.0015527 -0.0956017
v -0.335099 -0.0015527 -0.0956018
v -0.320507 -0.0015527 -0.0956018
v -0.316878 0.008208 -0.0956018
v -0.316878 0.008208 -0.0956018
v -0.332317 0.008208 -0.0956018
v -0.335099 -0.0015527 -0.0956018
v -0.320507 -0.0015527 -0.0956018
v -0.305914 -0.0015527 -0.0956018
v -0.301438 0.008208 -0.0956018
v -0.301438 0.008208 -0.0956018
v -0.316878 0.008208 -0.0956018
v -0.320507 -0.0015527 -0.0956018
v -0.305914 -0.0015527 -0.0956018
v -0.291322 -0.0015527 -0.0956018
v -0.285999 0.008208 -0.0956018
v -0.285999 0.008208 -0.0956018
v -0.301438 0.008208 -0.0956018
v -0.305914 -0.0015527 -0.0956018
v -0.291322 -0.0015527 -0.0956018
v -0.276729 -0.0015527 -0.0956017
v -0.270559 0.008208 -0.0956017
v -0.270559 0.008208 -0.0956017
v -0.285999 0.008208 -0.0956018
v -0.291322 -0.0015527 -0.0956018
v -0.276729 -0.0015527 -0.0956017
v -0.262137 -0.0015527 -0.0956018
v -0.25512 0.008208 -0.0956018
v -0.25512 0.008208 -0.0956018
v -0.270559 0.008208 -0.0956017
v -0.276729 -0.0015527 -0.0956017
v -0.262137 -0.0015527 -0.0956018
v -0.247545 -0.0015527 -0.0956018
v -0.23968 0.008208 -0.0956018
v -0.23968 0.008208 -0.0956018
v -0.25512 0.008208 -0.0956018
v -0.262137 -0.0015527 -0.0956018
v -0.247545 -0.0015527 -0.0956018
v -0.232952 -0.0015527 -0.0956018
v -0.224241 0.008208 -0.0956018
v -0.224241 0.008208 -0.0956018
v -0.23968 0.008208 -0.0956018
v -0.247545 -0.0015527 -0.0956018
v -0.232952 -0.0015527 -0.0956018
v -0.21836 -0.0015527 -0.0956018
v -0.208801 0.008208 -0.0956018
v -0.208801 0.008208 -0.0956018
v -0.224241 0.008208 -0.0956018
v -0.232952 -0.0015527 -0.0956018
v -0.21836 -0.0015527 -0.0956018
v -0.203767 -0.0015527 -0.0956017
v -0.193362 0.008208 -0.0956017
v -0.193362 0.008208 -0.0956017
v -0.208801 0.008208 -0.0956018
v -0.21836 -0.0015527 -0.0956018
v -0.203767 -0.0015527 -0.0956017
v -0.189175 -0.0015527 -0.0956018
v -0.177922 0.008208 -0.0956018
v -0.177922 0.008208 -0.0956018
v -0.193362 0.008208 -0.0956017
v -0.203767 -0.0015527 -0.0956017
v -0.189175 -0.0015527 -0.0956018
v -0.174583 -0.0015527 -0.0956018
v -0.162483 0.008208 -0.0956018
v -0.162483 0.008208 -0.0956018
v -0.177922 0.008208 -0.0956018
v -0.189175 -0.0015527 -0.0956018
v -0.174583 -0.0015527 -0.0956018
v -0.15999 -0.0015527 -0.0956018
v -0.147043 0.008208 -0.0956018
v -0.147043 0.008208 -0.0956018
v -0.162483 0.008208 -0.0956018
v -0.174583 -0.0015527 -0.0956018
v -0.15999 -0.0015527 -0.0956018
v -0.145398 -0.0015527 -0.0956018
v -0.131604 0.008208 -0.0956018
v -0.131604 0.008208 -0.0956018
v -0.147043 0.008208 -0.0956018
v -0.15999 -0.0015527 -0.0956018
v -0.145398 -0.0015527 -0.0956018
v -0.130805 -0.0015527 -0.0956017
v -0.116164 0.008208 -0.0956017
v -0.116164 0.008208 -0.0956017
v -0.131604 0.008208 -0.0956018
v -0.145398 -0.0015527 -0.0956018
v -0.130805 -0.0015527 -0.0956017
v -0.116213 -0.0015527 -0.0956018
v -0.100725 0.008208 -0.0956018
v -0.100725 0.008208 -0.0956018
v -0.116164 0.008208 -0.0956017
v -0.130805 -0.0015527 -0.0956017
v -0.116213 -0.0015527 -0.0956018
v -0.101621 -0.0015527 -0.0956018
v -0.0852854 0.008208 -0.0956018
v -0.0852854 0.008208 -0.0956018
v -0.100725 0.008208 -0.0956018
v -0.116213 -0.0015527 -0.0956018
v -0.101621 -0.0015527 -0.0956018
v -0.0870282 -0.0015527 -0.0956018
v -0.0698459 0.008208 -0.0956018
v -0.0698459 0.008208 -0.0956018
v -0.0852854 0.008208 -0.0956018
v -0.101621 -0.0015527 -0.0956018
v -0.0870282 -0.0015527 -0.0956018
v -0.0724358 -0.0015527 -0.0956018
v -0.0544064 0.008208 -0.0956018
v -0.0544064 0.008208 -0.0956018
v -0.0698459 0.008208 -0.0956018
v -0.0870282 -0.0015527 -0.0956018
v -0.0724358 -0.0015527 -0.0956018
v -0.0578434 -0.0015527 -0.0956017
v -0.038967 0.008208 -0.0956017
v -0.038967 0.008208 -0.0956017
v -0.0544064 0.008208 -0.0956018
v -0.0724358 -0.0015527 -0.0956018
v -0.0578434 -0.0015527 -0.0956017
v -0.043251 -0.0015527 -0.0956018
v -0.0235274 0.008208 -0.0956018
v -0.0235274 0.008208 -0.0956018
v -0.038967 0.008208 -0.0956017
v -0.0578434 -0.0015527 -0.0956017
v -0.043251 -0.0015527 -0.0956018
v 0.0028046 -0.0015526 -0.0956018
v -0.008088 0.008208 -0.0956018
v -0.008088 0.008208 -0.0956018
v -0.0235274 0.008208 -0.0956018
v -0.043251 -0.0015527 -0.0956018
v -0.685317 -0.0015527 -0.0298235
v -0.685317 -0.0015527 -0.0956018
v -0.702865 0.008208 -0.0956018
v -0.702865 0.008208 -0.0956018
v -0.702865 0.008208 -0.0280799
v -0.685317 -0.0015527 -0.0298235
v -0.685317 -0.0015528 -0.0114648
v -0.685317 -0.0015527 -0.0298235
v -0.702865 0.008208 -0.0280799
v -0.702865 0.008208 -0.0280799
v -0.702865 0.008208 -0.0086556
v -0.685317 -0.0015528 -0.0114648
v -0.685317 -0.0015528 0.0044609
v -0.685317 -0.0015528 -0.0114648
v -0.702865 0.008208 -0.0086556
v -0.702865 0.008208 -0.0086556
v -0.702865 0.008208 0.0081946
v -0.685317 -0.0015528 0.0044609
v -0.685317 -0.0015529 0.0207576
v -0.685317 -0.0015528 0.0044609
v -0.702865 0.008208 0.0081946
v -0.702865 0.008208 0.0081946
v -0.702865 0.0082079 0.0254374
v -0.685317 -0.0015529 0.0207576
v -0.683416 -0.0015529 0.0402147
v -0.685317 -0.0015529 0.0207576
v -0.702865 0.0082079 0.0254374
v -0.702865 0.0082079 0.0254374
v -0.700854 0.0082079 0.046024
v -0.683416 -0.0015529 0.0402147
v -0.675158 -0.0015527 0.0579651
v -0.683416 -0.0015529 0.0402147
v -0.700854 0.0082079 0.046024
v -0.700854 0.0082079 0.046024
v -0.692117 0.008208 0.0648048
v -0.675158 -0.0015527 0.0579651
v -0.659018 -0.0015527 0.0689004
v -0.675158 -0.0015527 0.0579651
v -0.692117 0.008208 0.0648048
v -0.692117 0.008208 0.0648048
v -0.67504 0.008208 0.0763749
v -0.659018 -0.0015527 0.0689004
v -0.633721 -0.0015527 0.0732372
v -0.659018 -0.0015527 0.0689004
v -0.67504 0.008208 0.0763749
v -0.67504 0.008208 0.0763749
v -0.648274 0.008208 0.0809635
v -0.633721 -0.0015527 0.0732372
v -0.529066 -0.0015528 0.0733426
v -0.633721 -0.0015527 0.0732372
v -0.648274 0.008208 0.0809635
v -0.648274 0.008208 0.0809635
v -0.537544 0.008208 0.081075
v -0.529066 -0.0015528 0.0733426
v -0.404061 -0.0015528 0.0733426
v -0.529066 -0.0015528 0.0733426
v -0.537544 0.008208 0.081075
v -0.537544 0.008208 0.081075
v -0.405282 0.008208 0.081075
v -0.404061 -0.0015528 0.0733426
v -0.296085 -0.0015528 0.0733426
v -0.404061 -0.0015528 0.0733426
v -0.405282 0.008208 0.081075
v -0.405282 0.008208 0.081075
v -0.291039 0.008208 0.081075
v -0.296085 -0.0015528 0.0733426
v -0.191614 -0.0015528 0.0733426
v -0.296085 -0.0015528 0.0733426
v -0.291039 0.008208 0.081075
v -0.291039 0.008208 0.081075
v -0.180503 0.008208 0.081075
v -0.191614 -0.0015528 0.0733426
v -0.0925786 -0.0015528 0.0733426
v -0.191614 -0.0015528 0.0733426
v -0.180503 0.008208 0.081075
v -0.180503 0.008208 0.081075
v -0.0757186 0.008208 0.081075
v -0.0925786 -0.0015528 0.0733426
v 0.0028046 -0.0015528 0.0733426
v -0.0925786 -0.0015528 0.0733426
v -0.0757186 0.008208 0.081075
v -0.0757186 0.008208 0.081075
v 0.0028046 0.008208 0.081075
v 0.0028046 -0.0015528 0.0733426
v -0.670724 -0.0015527 -0.0956018
v -0.685317 -0.0015527 -0.0956018
v -0.685317 -0.0015527 -0.0298235
v -0.685317 -0.0015528 0.0044609
v -0.685317 -0.0015529 0.0207576
v -0.683416 -0.0015529 0.0402147
v -0.685317 -0.0015528 -0.0114648
v -0.685317 -0.0015528 0.0044609
v -0.683416 -0.0015529 0.0402147
v -0.685317 -0.0015527 -0.0298235
v -0.685317 -0.0015528 -0.0114648
v -0.683416 -0.0015529 0.0402147
v -0.683416 -0.0015529 0.0402147
v -0.675158 -0.0015527 0.0579651
v -0.659018 -0.0015527 0.0689004
v -0.659018 -0.0015527 0.0689004
v -0.633721 -0.0015527 0.0732372
v -0.529066 -0.0015528 0.0733426
v -0.683416 -0.0015529 0.0402147
v -0.659018 -0.0015527 0.0689004
v -0.529066 -0.0015528 0.0733426
v -0.683416 -0.0015529 0.0402147
v -0.529066 -0.0015528 0.0733426
v -0.404061 -0.0015528 0.0733426
v -0.685317 -0.0015527 -0.0298235
v -0.683416 -0.0015529 0.0402147
v -0.404061 -0.0015528 0.0733426
v -0.0925786 -0.0015528 0.0733426
v 0.0028046 -0.0015528 0.0733426
v 0.0028046 -0.0015526 -0.0956018
v -0.191614 -0.0015528 0.0733426
v -0.0925786 -0.0015528 0.0733426
v 0.0028046 -0.0015526 -0.0956018
v -0.296085 -0.0015528 0.0733426
v -0.191614 -0.0015528 0.0733426
v 0.0028046 -0.0015526 -0.0956018
v -0.404061 -0.0015528 0.0733426
v -0.296085 -0.0015528 0.0733426
v 0.0028046 -0.0015526 -0.0956018
v -0.404061 -0.0015528 0.0733426
v 0.0028046 -0.0015526 -0.0956018
v -0.043251 -0.0015527 -0.0956018
v -0.685317 -0.0015527 -0.0298235
v -0.404061 -0.0015528 0.0733426
v -0.043251 -0.0015527 -0.0956018
v -0.685317 -0.0015527 -0.0298235
v -0.043251 -0.0015527 -0.0956018
v -0.0578434 -0.0015527 -0.0956017
v -0.685317 -0.0015527 -0.0298235
v -0.0578434 -0.0015527 -0.0956017
v -0.0724358 -0.0015527 -0.0956018
v -0.685317 -0.0015527 -0.0298235
v -0.0724358 -0.0015527 -0.0956018
v -0.0870282 -0.0015527 -0.0956018
v -0.685317 -0.0015527 -0.0298235
v -0.0870282 -0.0015527 -0.0956018
v -0.101621 -0.0015527 -0.0956018
v -0.685317 -0.0015527 -0.0298235
v -0.101621 -0.0015527 -0.0956018
v -0.116213 -0.0015527 -0.0956018
v -0.685317 -0.0015527 -0.0298235
v -0.116213 -0.0015527 -0.0956018
v -0.130805 -0.0015527 -0.0956017
v -0.685317 -0.0015527 -0.0298235
v -0.130805 -0.0015527 -0.0956017
v -0.145398 -0.0015527 -0.0956018
v -0.685317 -0.0015527 -0.0298235
v -0.145398 -0.0015527 -0.0956018
v -0.15999 -0.0015527 -0.0956018
v -0.685317 -0.0015527 -0.0298235
v -0.15999 -0.0015527 -0.0956018
v -0.174583 -0.0015527 -0.0956018
v -0.685317 -0.0015527 -0.0298235
v -0.174583 -0.0015527 -0.0956018
v -0.189175 -0.0015527 -0.0956018
v -0.685317 -0.0015527 -0.0298235
v -0.189175 -0.0015527 -0.0956018
v -0.203767 -0.0015527 -0.0956017
v -0.685317 -0.0015527 -0.0298235
v -0.203767 -0.0015527 -0.0956017
v -0.21836 -0.0015527 -0.0956018
v -0.685317 -0.0015527 -0.0298235
v -0.21836 -0.0015527 -0.0956018
v -0.232952 -0.0015527 -0.0956018
v -0.685317 -0.0015527 -0.0298235
v -0.232952 -0.0015527 -0.0956018
v -0.247545 -0.0015527 -0.0956018
v -0.685317 -0.0015527 -0.0298235
v -0.247545 -0.0015527 -0.0956018
v -0.262137 -0.0015527 -0.0956018
v -0.685317 -0.0015527 -0.0298235
v -0.262137 -0.0015527 -0.0956018
v -0.276729 -0.0015527 -0.0956017
v -0.685317 -0.0015527 -0.0298235
v -0.276729 -0.0015527 -0.0956017
v -0.291322 -0.0015527 -0.0956018
v -0.685317 -0.0015527 -0.0298235
v -0.291322 -0.0015527 -0.0956018
v -0.305914 -0.0015527 -0.0956018
v -0.685317 -0.0015527 -0.0298235
v -0.305914 -0.0015527 -0.0956018
v -0.320507 -0.0015527 -0.0956018
v -0.685317 -0.0015527 -0.0298235
v -0.320507 -0.0015527 -0.0956018
v -0.335099 -0.0015527 -0.0956018
v -0.685317 -0.0015527 -0.0298235
v -0.335099 -0.0015527 -0.0956018
v -0.349691 -0.0015527 -0.0956017
v -0.685317 -0.0015527 -0.0298235
v -0.349691 -0.0015527 -0.0956017
v -0.364284 -0.0015527 -0.0956018
v -0.685317 -0.0015527 -0.0298235
v -0.364284 -0.0015527 -0.0956018
v -0.378876 -0.0015527 -0.0956018
v -0.685317 -0.0015527 -0.0298235
v -0.378876 -0.0015527 -0.0956018
v -0.393468 -0.0015527 -0.0956018
v -0.685317 -0.0015527 -0.0298235
v -0.393468 -0.0015527 -0.0956018
v -0.408061 -0.0015527 -0.0956018
v -0.685317 -0.0015527 -0.0298235
v -0.408061 -0.0015527 -0.0956018
v -0.422653 -0.0015527 -0.0956017
v -0.685317 -0.0015527 -0.0298235
v -0.422653 -0.0015527 -0.0956017
v -0.437246 -0.0015527 -0.0956017
v -0.685317 -0.0015527 -0.0298235
v -0.437246 -0.0015527 -0.0956017
v -0.451838 -0.0015527 -0.0956018
v -0.685317 -0.0015527 -0.0298235
v -0.451838 -0.0015527 -0.0956018
v -0.46643 -0.0015527 -0.0956018
v -0.685317 -0.0015527 -0.0298235
v -0.46643 -0.0015527 -0.0956018
v -0.481023 -0.0015527 -0.0956018
v -0.685317 -0.0015527 -0.0298235
v -0.481023 -0.0015527 -0.0956018
v -0.495615 -0.0015527 -0.0956018
v -0.685317 -0.0015527 -0.0298235
v -0.495615 -0.0015527 -0.0956018
v -0.510208 -0.0015527 -0.0956017
v -0.685317 -0.0015527 -0.0298235
v -0.510208 -0.0015527 -0.0956017
v -0.5248 -0.0015527 -0.0956018
v -0.685317 -0.0015527 -0.0298235
v -0.5248 -0.0015527 -0.0956018
v -0.539392 -0.0015527 -0.0956018
v -0.685317 -0.0015527 -0.0298235
v -0.539392 -0.0015527 -0.0956018
v -0.553985 -0.0015527 -0.0956018
v -0.685317 -0.0015527 -0.0298235
v -0.553985 -0.0015527 -0.0956018
v -0.568577 -0.0015527 -0.0956018
v -0.685317 -0.0015527 -0.0298235
v -0.568577 -0.0015527 -0.0956018
v -0.58317 -0.0015527 -0.0956017
v -0.685317 -0.0015527 -0.0298235
v -0.58317 -0.0015527 -0.0956017
v -0.597762 -0.0015527 -0.0956018
v -0.685317 -0.0015527 -0.0298235
v -0.597762 -0.0015527 -0.0956018
v -0.612355 -0.0015527 -0.0956018
v -0.685317 -0.0015527 -0.0298235
v -0.612355 -0.0015527 -0.0956018
v -0.626947 -0.0015527 -0.0956018
v -0.685317 -0.0015527 -0.0298235
v -0.626947 -0.0015527 -0.0956018
v -0.64154 -0.0015527 -0.0956018
v -0.685317 -0.0015527 -0.0298235
v -0.64154 -0.0015527 -0.0956018
v -0.656132 -0.0015527 -0.0956018
v -0.670724 -0.0015527 -0.0956018
v -0.685317 -0.0015527 -0.0298235
v -0.656132 -0.0015527 -0.0956018
v -0.238687 0.723521 0.0851682
v 0.0028046 0.723521 0.0851682
v 0.0028046 0.717063 0.0851682
v 0.0028046 0.717063 0.0851682
v -0.238687 0.717063 0.0851682
v -0.238687 0.723521 0.0851682
v -0.238687 0.723521 0.0851682
v -0.238687 0.717063 0.0851682
v -0.490902 0.717063 0.0851682
v -0.490902 0.717063 0.0851682
v -0.490902 0.723521 0.0851682
v -0.238687 0.723521 0.0851682
v -0.501973 0.723521 0.0851682
v -0.501973 0.717063 0.0851682
v -0.655963 0.717063 0.0850535
v -0.655963 0.717063 0.0850535
v -0.655963 0.723521 0.0850535
v -0.501973 0.723521 0.0851682
v -0.683505 0.717063 0.0803317
v -0.683505 0.723521 0.0803316
v -0.655963 0.723521 0.0850535
v -0.655963 0.723521 0.0850535
v -0.655963 0.717063 0.0850535
v -0.683505 0.717063 0.0803317
v -0.701078 0.723521 0.0684258
v -0.683505 0.723521 0.0803316
v -0.683505 0.717063 0.0803317
v -0.683505 0.717063 0.0803317
v -0.701078 0.717063 0.0684258
v -0.701078 0.723521 0.0684258
v -0.710069 0.717063 0.0490999
v -0.710069 0.723521 0.0490999
v -0.701078 0.723521 0.0684258
v -0.701078 0.723521 0.0684258
v -0.701078 0.717063 0.0684258
v -0.710069 0.717063 0.0490999
v -0.712138 0.717063 0.0279158
v -0.712138 0.723521 0.0279158
v -0.710069 0.723521 0.0490999
v -0.710069 0.723521 0.0490999
v -0.710069 0.717063 0.0490999
v -0.712138 0.717063 0.0279158
v -0.712138 0.717063 0.0101726
v -0.712138 0.723521 0.0101726
v -0.712138 0.723521 0.0279158
v -0.712138 0.723521 0.0279158
v -0.712138 0.717063 0.0279158
v -0.712138 0.717063 0.0101726
v -0.712138 0.717063 -0.0071667
v -0.712138 0.723521 -0.0071667
v -0.712138 0.723521 0.0101726
v -0.712138 0.723521 0.0101726
v -0.712138 0.717063 0.0101726
v -0.712138 0.717063 -0.0071667
v -0.71191 0.717063 -0.0270324
v -0.71191 0.723521 -0.0270325
v -0.712138 0.723521 -0.0071667
v -0.712138 0.723521 -0.0071667
v -0.712138 0.717063 -0.0071667
v -0.71191 0.717063 -0.0270324
v -0.71191 0.723521 -0.0270325
v -0.71191 0.717063 -0.0270324
v -0.501974 0.717067 -0.0270305
v -0.501974 0.717067 -0.0270305
v -0.501972 0.72352 -0.0270318
v -0.71191 0.723521 -0.0270325
v 0.0028046 0.717063 0.0851682
v 0.0028046 0.723521 0.0851682
v 0.0028046 0.723521 0.0803277
v 0.0028046 0.717063 0.0851682
v 0.0028046 0.723521 0.0803277
v 0.0028046 0.723521 0.0684217
v 0.0028046 0.717063 0.0851682
v 0.0028046 0.723521 0.0684217
v 0.0028046 0.717063 0.0684217
v 0.0028047 0.717063 -0.0270324
v 0.0028047 0.723521 -0.0270325
v -0.238686 0.723521 -0.0270325
v -0.238686 0.723521 -0.0270325
v -0.238686 0.717063 -0.0270324
v 0.0028047 0.717063 -0.0270324
v -0.238686 0.717063 -0.0270324
v -0.238686 0.723521 -0.0270325
v -0.4909 0.72352 -0.0270324
v -0.4909 0.72352 -0.0270324
v -0.4909 0.71699 -0.0270324
v -0.238686 0.717063 -0.0270324
v -0.238671 0.723521 0.080329
v 0.0028046 0.723521 0.0803277
v 0.0028046 0.723521 0.0851682
v 0.0028046 0.723521 0.0851682
v -0.238687 0.723521 0.0851682
v -0.238671 0.723521 0.080329
v -0.501974 0.723519 0.0803306
v -0.501973 0.723521 0.0851682
v -0.655963 0.723521 0.0850535
v -0.655963 0.723521 0.0850535
v -0.683505 0.723521 0.0803316
v -0.501974 0.723519 0.0803306
v -0.4909 0.717181 0.0803305
v -0.490902 0.717181 0.0851682
v -0.501973 0.717181 0.0851682
v -0.501973 0.717181 0.0851682
v -0.501974 0.717181 0.0803306
v -0.4909 0.717181 0.0803305
v -0.501974 0.717181 0.0803306
v -0.501973 0.717181 0.0851682
v -0.501973 0.723521 0.0851682
v -0.501973 0.723521 0.0851682
v -0.501974 0.723519 0.0803306
v -0.501974 0.717181 0.0803306
v -0.490902 0.717181 0.0851682
v -0.4909 0.717181 0.0803305
v -0.4909 0.723519 0.0803305
v -0.4909 0.723519 0.0803305
v -0.490902 0.723521 0.0851682
v -0.490902 0.717181 0.0851682
v -0.238671 0.723521 0.080329
v -0.238687 0.723521 0.0851682
v -0.490902 0.723521 0.0851682
v -0.490902 0.723521 0.0851682
v -0.4909 0.723519 0.0803305
v -0.238671 0.723521 0.080329
v -0.501974 0.717067 -0.0270305
v -0.4909 0.71699 -0.0270324
v -0.4909 0.717039 -0.0071726
v -0.4909 0.717039 -0.0071726
v -0.501974 0.717081 -0.0071726
v -0.501974 0.717067 -0.0270305
v -0.4909 0.72352 -0.0270324
v -0.501972 0.72352 -0.0270318
v -0.501974 0.717067 -0.0270305
v -0.501974 0.717067 -0.0270305
v -0.4909 0.71699 -0.0270324
v -0.4909 0.72352 -0.0270324
v -0.4909 0.723519 0.0803305
v -0.4909 0.717181 0.0803305
v -0.4909 0.717162 0.0684217
v -0.4909 0.717162 0.0684217
v -0.4909 0.723519 0.0684217
v -0.4909 0.723519 0.0803305
v -0.501972 0.72352 -0.0270318
v -0.501974 0.717067 -0.0270305
v -0.501974 0.717081 -0.0071726
v -0.501974 0.717081 -0.0071726
v -0.501972 0.72352 -0.0071726
v -0.501972 0.72352 -0.0270318
v -0.501972 0.72352 -0.0071726
v -0.501974 0.717081 -0.0071726
v -0.501974 0.7171 0.0101757
v -0.501974 0.7171 0.0101757
v -0.501973 0.72352 0.0101757
v -0.501972 0.72352 -0.0071726
v -0.501973 0.72352 0.0101757
v -0.501974 0.7171 0.0101757
v -0.501974 0.717117 0.027918
v -0.501974 0.717117 0.027918
v -0.501973 0.72352 0.027918
v -0.501973 0.72352 0.0101757
v -0.501973 0.72352 0.027918
v -0.501974 0.717117 0.027918
v -0.501974 0.717128 0.0491036
v -0.501974 0.717128 0.0491036
v -0.501973 0.723519 0.0491036
v -0.501973 0.72352 0.027918
v -0.501973 0.723519 0.0491036
v -0.501974 0.717128 0.0491036
v -0.501974 0.717151 0.0684217
v -0.501974 0.717151 0.0684217
v -0.501974 0.723519 0.0684217
v -0.501973 0.723519 0.0491036
v -0.501974 0.723519 0.0684217
v -0.501974 0.717151 0.0684217
v -0.501974 0.717181 0.0803306
v -0.501974 0.717181 0.0803306
v -0.501974 0.723519 0.0803306
v -0.501974 0.723519 0.0684217
v -0.4909 0.723519 0.0684217
v -0.4909 0.717162 0.0684217
v -0.4909 0.717131 0.0491036
v -0.4909 0.717131 0.0491036
v -0.4909 0.723519 0.0491036
v -0.4909 0.723519 0.0684217
v -0.4909 0.723519 0.0491036
v -0.4909 0.717131 0.0491036
v -0.4909 0.717104 0.027918
v -0.4909 0.717104 0.027918
v -0.4909 0.723519 0.027918
v -0.4909 0.723519 0.0491036
v -0.4909 0.723519 0.027918
v -0.4909 0.717104 0.027918
v -0.4909 0.71707 0.0101757
v -0.4909 0.71707 0.0101757
v -0.4909 0.72352 0.0101757
v -0.4909 0.723519 0.027918
v -0.4909 0.72352 0.0101757
v -0.4909 0.71707 0.0101757
v -0.4909 0.717039 -0.0071726
v -0.4909 0.717039 -0.0071726
v -0.4909 0.72352 -0.0071726
v -0.4909 0.72352 0.0101757
v -0.4909 0.72352 -0.0071726
v -0.4909 0.717039 -0.0071726
v -0.4909 0.71699 -0.0270324
v -0.4909 0.71699 -0.0270324
v -0.4909 0.72352 -0.0270324
v -0.4909 0.72352 -0.0071726
v -0.501974 0.717151 0.0684217
v -0.4909 0.717162 0.0684217
v -0.4909 0.717181 0.0803305
v -0.4909 0.717181 0.0803305
v -0.501974 0.717181 0.0803306
v -0.501974 0.717151 0.0684217
v -0.501974 0.717128 0.0491036
v -0.4909 0.717131 0.0491036
v -0.4909 0.717162 0.0684217
v -0.4909 0.717162 0.0684217
v -0.501974 0.717151 0.0684217
v -0.501974 0.717128 0.0491036
v -0.501974 0.717117 0.027918
v -0.4909 0.717104 0.027918
v -0.4909 0.717131 0.0491036
v -0.4909 0.717131 0.0491036
v -0.501974 0.717128 0.0491036
v -0.501974 0.717117 0.027918
v -0.501974 0.7171 0.0101757
v -0.4909 0.71707 0.0101757
v -0.4909 0.717104 0.027918
v -0.4909 0.717104 0.027918
v -0.501974 0.717117 0.027918
v -0.501974 0.7171 0.0101757
v -0.501974 0.717081 -0.0071726
v -0.4909 0.717039 -0.0071726
v -0.4909 0.71707 0.0101757
v -0.4909 0.71707 0.0101757
v -0.501974 0.7171 0.0101757
v -0.501974 0.717081 -0.0071726
v -0.238671 0.723521 0.080329
v -0.238687 0.723521 0.0851682
v -0.238687 0.717063 0.0851682
v -0.238686 0.723521 -0.0270325
v -0.238687 0.717063 0.0851682
v -0.238686 0.717063 0.0684217
v -0.238686 0.723521 -0.0270325
v -0.238686 0.717063 0.0684217
v -0.238686 0.717063 0.0491036
v -0.238686 0.723521 -0.0270325
v -0.238686 0.717063 0.0491036
v -0.238686 0.717063 0.027918
v -0.238686 0.717063 0.027918
v -0.238686 0.717063 -0.0071726
v -0.238686 0.717063 0.0101757
v -0.238686 0.723521 -0.0270325
v -0.238686 0.717063 0.027918
v -0.238686 0.717063 0.0101757
v -0.238686 0.723521 -0.0270325
v -0.238686 0.717063 0.0101757
v -0.238686 0.717063 -0.0270324
v -0.238672 0.723521 0.0684217
v -0.238671 0.723521 0.080329
v -0.238687 0.717063 0.0851682
v -0.238687 0.717063 0.0851682
v -0.238686 0.723521 -0.0270325
v -0.238677 0.723521 0.027918
v -0.238677 0.723521 0.027918
v -0.238676 0.723521 0.0101757
v -0.238675 0.723521 -0.0071726
v -0.238677 0.723521 0.027918
v -0.238675 0.723521 -0.0071726
v -0.238673 0.723521 0.0491036
v -0.238687 0.717063 0.0851682
v -0.238677 0.723521 0.027918
v -0.238673 0.723521 0.0491036
v -0.238672 0.723521 0.0684217
v -0.238687 0.717063 0.0851682
v -0.238673 0.723521 0.0491036
v -0.501974 0.717081 -0.0071726
v -0.712138 0.717063 -0.0071667
v -0.712138 0.723521 -0.0071667
v -0.501974 0.717081 -0.0071726
v -0.712138 0.723521 -0.0071667
v -0.501972 0.72352 -0.0071726
v -0.501973 0.72352 0.0101757
v -0.501974 0.7171 0.0101757
v -0.712138 0.717063 0.0101726
v -0.501973 0.72352 0.0101757
v -0.712138 0.717063 0.0101726
v -0.712138 0.723521 0.0101726
v -0.501974 0.717117 0.027918
v -0.712138 0.717063 0.0279158
v -0.712138 0.723521 0.0279158
v -0.501974 0.717117 0.027918
v -0.712138 0.723521 0.0279158
v -0.501973 0.72352 0.027918
v -0.501973 0.723519 0.0491036
v -0.501974 0.717128 0.0491036
v -0.710069 0.717063 0.0490999
v -0.501973 0.723519 0.0491036
v -0.710069 0.717063 0.0490999
v -0.710069 0.723521 0.0490999
v -0.501974 0.723519 0.0684217
v -0.501974 0.717151 0.0684217
v -0.701078 0.717063 0.0684258
v -0.501974 0.723519 0.0684217
v -0.701078 0.717063 0.0684258
v -0.701078 0.723521 0.0684258
v -0.4909 0.717181 0.0803305
v -0.4909 0.723519 0.0803305
v -0.501974 0.723519 0.0803306
v -0.4909 0.717181 0.0803305
v -0.501974 0.723519 0.0803306
v -0.501974 0.717181 0.0803306
v -0.4909 0.723519 0.0684217
v -0.4909 0.717162 0.0684217
v -0.238686 0.717063 0.0684217
v -0.4909 0.723519 0.0684217
v -0.238686 0.717063 0.0684217
v -0.238672 0.723521 0.0684217
v -0.4909 0.717131 0.0491036
v -0.4909 0.723519 0.0491036
v -0.238673 0.723521 0.0491036
v -0.4909 0.717131 0.0491036
v -0.238673 0.723521 0.0491036
v -0.238686 0.717063 0.0491036
v -0.4909 0.717104 0.027918
v -0.4909 0.723519 0.027918
v -0.238677 0.723521 0.027918
v -0.4909 0.717104 0.027918
v -0.238677 0.723521 0.027918
v -0.238686 0.717063 0.027918
v -0.4909 0.71707 0.0101757
v -0.4909 0.72352 0.0101757
v -0.238676 0.723521 0.0101757
v -0.4909 0.71707 0.0101757
v -0.238676 0.723521 0.0101757
v -0.238686 0.717063 0.0101757
v -0.4909 0.717039 -0.0071726
v -0.4909 0.72352 -0.0071726
v -0.238675 0.723521 -0.0071726
v -0.4909 0.717039 -0.0071726
v -0.238675 0.723521 -0.0071726
v -0.238686 0.717063 -0.0071726
v 0.0028046 0.717063 0.0684217
v 0.0028046 0.723521 0.0684217
v 0.0028047 0.723521 0.0491036
v 0.0028047 0.723521 0.0491036
v 0.0028046 0.717063 0.0491036
v 0.0028046 0.717063 0.0684217
v 0.0028046 0.717063 0.0491036
v 0.0028047 0.723521 0.0491036
v 0.0028047 0.723521 0.027918
v 0.0028047 0.723521 0.027918
v 0.0028047 0.717063 0.027918
v 0.0028046 0.717063 0.0491036
v 0.0028047 0.717063 0.027918
v 0.0028047 0.723521 0.027918
v 0.0028047 0.723521 0.0101757
v 0.0028047 0.723521 0.0101757
v 0.0028047 0.717063 0.0101757
v 0.0028047 0.717063 0.027918
v 0.0028047 0.717063 0.0101757
v 0.0028047 0.723521 0.0101757
v 0.0028047 0.723521 -0.0071726
v 0.0028047 0.723521 -0.0071726
v 0.0028047 0.717063 -0.0071726
v 0.0028047 0.717063 0.0101757
v 0.0028047 0.717063 -0.0071726
v 0.0028047 0.723521 -0.0071726
v 0.0028047 0.723521 -0.0270325
v 0.0028047 0.723521 -0.0270325
v 0.0028047 0.717063 -0.0270324
v 0.0028047 0.717063 -0.0071726
v -0.238673 0.723521 0.0491036
v -0.238686 0.717063 0.0491036
v 0.0028046 0.717063 0.0491036
v -0.238673 0.723521 0.0491036
v 0.0028046 0.717063 0.0491036
v 0.0028046 0.723521 0.0491036
v -0.238672 0.723521 0.0684217
v -0.238686 0.717063 0.0684217
v 0.0028046 0.717063 0.0684217
v -0.238672 0.723521 0.0684217
v 0.0028046 0.717063 0.0684217
v 0.0028046 0.723521 0.0684217
v -0.238686 0.717063 0.027918
v -0.238677 0.723521 0.027918
v 0.0028047 0.723521 0.027918
v -0.238686 0.717063 0.027918
v 0.0028047 0.723521 0.027918
v 0.0028047 0.717063 0.027918
v -0.238676 0.723521 0.0101757
v -0.238686 0.717063 0.0101757
v 0.0028047 0.717063 0.0101757
v -0.238676 0.723521 0.0101757
v 0.0028047 0.717063 0.0101757
v 0.0028047 0.723521 0.0101757
v -0.238686 0.717063 -0.0071726
v -0.238675 0.723521 -0.0071726
v 0.0028047 0.723521 -0.0071726
v -0.238686 0.717063 -0.0071726
v 0.0028047 0.723521 -0.0071726
v 0.0028047 0.717063 -0.0071726
v 0.701871 0.0673596 -0.0956018
v 0.701871 0.0348352 -0.0956018
v 0.717759 0.0348352 -0.0956018
v 0.717759 0.0348352 -0.0956018
v 0.717759 0.0673596 -0.0956018
v 0.701871 0.0673596 -0.0956018
v 0.685984 0.0673596 -0.0956018
v 0.685984 0.0348352 -0.0956018
v 0.701871 0.0348352 -0.0956018
v 0.701871 0.0348352 -0.0956018
v 0.701871 0.0673596 -0.0956018
v 0.685984 0.0673596 -0.0956018
v 0.670096 0.0673596 -0.0956018
v 0.670096 0.0348352 -0.0956018
v 0.685984 0.0348352 -0.0956018
v 0.685984 0.0348352 -0.0956018
v 0.685984 0.0673596 -0.0956018
v 0.670096 0.0673596 -0.0956018
v 0.654208 0.0673596 -0.0956018
v 0.654208 0.0348352 -0.0956018
v 0.670096 0.0348352 -0.0956018
v 0.670096 0.0348352 -0.0956018
v 0.670096 0.0673596 -0.0956018
v 0.654208 0.0673596 -0.0956018
v 0.638321 0.0673596 -0.0956018
v 0.638321 0.0348352 -0.0956018
v 0.654208 0.0348352 -0.0956018
v 0.654208 0.0348352 -0.0956018
v 0.654208 0.0673596 -0.0956018
v 0.638321 0.0673596 -0.0956018
v 0.622433 0.0673596 -0.0956018
v 0.622433 0.0348352 -0.0956018
v 0.638321 0.0348352 -0.0956018
v 0.638321 0.0348352 -0.0956018
v 0.638321 0.0673596 -0.0956018
v 0.622433 0.0673596 -0.0956018
v 0.606546 0.0673596 -0.0956018
v 0.606546 0.0348352 -0.0956018
v 0.622433 0.0348352 -0.0956018
v 0.622433 0.0348352 -0.0956018
v 0.622433 0.0673596 -0.0956018
v 0.606546 0.0673596 -0.0956018
v 0.590658 0.0673596 -0.0956018
v 0.590658 0.0348352 -0.0956018
v 0.606546 0.0348352 -0.0956018
v 0.606546 0.0348352 -0.0956018
v 0.606546 0.0673596 -0.0956018
v 0.590658 0.0673596 -0.0956018
v 0.57477 0.0673596 -0.0956018
v 0.57477 0.0348352 -0.0956018
v 0.590658 0.0348352 -0.0956018
v 0.590658 0.0348352 -0.0956018
v 0.590658 0.0673596 -0.0956018
v 0.57477 0.0673596 -0.0956018
v 0.558883 0.0673596 -0.0956018
v 0.558883 0.0348352 -0.0956018
v 0.57477 0.0348352 -0.0956018
v 0.57477 0.0348352 -0.0956018
v 0.57477 0.0673596 -0.0956018
v 0.558883 0.0673596 -0.0956018
v 0.542995 0.0673596 -0.0956018
v 0.542995 0.0348352 -0.0956018
v 0.558883 0.0348352 -0.0956018
v 0.558883 0.0348352 -0.0956018
v 0.558883 0.0673596 -0.0956018
v 0.542995 0.0673596 -0.0956018
v 0.527107 0.0673596 -0.0956018
v 0.527107 0.0348352 -0.0956018
v 0.542995 0.0348352 -0.0956018
v 0.542995 0.0348352 -0.0956018
v 0.542995 0.0673596 -0.0956018
v 0.527107 0.0673596 -0.0956018
v 0.51122 0.0673596 -0.0956018
v 0.51122 0.0348352 -0.0956018
v 0.527107 0.0348352 -0.0956018
v 0.527107 0.0348352 -0.0956018
v 0.527107 0.0673596 -0.0956018
v 0.51122 0.0673596 -0.0956018
v 0.495332 0.0673596 -0.0956018
v 0.495332 0.0348352 -0.0956018
v 0.51122 0.0348352 -0.0956018
v 0.51122 0.0348352 -0.0956018
v 0.51122 0.0673596 -0.0956018
v 0.495332 0.0673596 -0.0956018
v 0.479444 0.0673596 -0.0956018
v 0.479444 0.0348352 -0.0956018
v 0.495332 0.0348352 -0.0956018
v 0.495332 0.0348352 -0.0956018
v 0.495332 0.0673596 -0.0956018
v 0.479444 0.0673596 -0.0956018
v 0.463557 0.0673596 -0.0956018
v 0.463557 0.0348352 -0.0956018
v 0.479444 0.0348352 -0.0956018
v 0.479444 0.0348352 -0.0956018
v 0.479444 0.0673596 -0.0956018
v 0.463557 0.0673596 -0.0956018
v 0.447669 0.0673596 -0.0956018
v 0.447669 0.0348352 -0.0956018
v 0.463557 0.0348352 -0.0956018
v 0.463557 0.0348352 -0.0956018
v 0.463557 0.0673596 -0.0956018
v 0.447669 0.0673596 -0.0956018
v 0.431782 0.0673596 -0.0956018
v 0.431782 0.0348352 -0.0956018
v 0.447669 0.0348352 -0.0956018
v 0.447669 0.0348352 -0.0956018
v 0.447669 0.0673596 -0.0956018
v 0.431782 0.0673596 -0.0956018
v 0.415894 0.0673596 -0.0956018
v 0.415894 0.0348352 -0.0956018
v 0.431782 0.0348352 -0.0956018
v 0.431782 0.0348352 -0.0956018
v 0.431782 0.0673596 -0.0956018
v 0.415894 0.0673596 -0.0956018
v 0.400006 0.0673596 -0.0956018
v 0.400006 0.0348352 -0.0956018
v 0.415894 0.0348352 -0.0956018
v 0.415894 0.0348352 -0.0956018
v 0.415894 0.0673596 -0.0956018
v 0.400006 0.0673596 -0.0956018
v 0.384119 0.0673596 -0.0956018
v 0.384119 0.0348352 -0.0956018
v 0.400006 0.0348352 -0.0956018
v 0.400006 0.0348352 -0.0956018
v 0.400006 0.0673596 -0.0956018
v 0.384119 0.0673596 -0.0956018
v 0.368231 0.0673596 -0.0956018
v 0.368231 0.0348352 -0.0956018
v 0.384119 0.0348352 -0.0956018
v 0.384119 0.0348352 -0.0956018
v 0.384119 0.0673596 -0.0956018
v 0.368231 0.0673596 -0.0956018
v 0.352343 0.0673596 -0.0956018
v 0.352343 0.0348352 -0.0956018
v 0.368231 0.0348352 -0.0956018
v 0.368231 0.0348352 -0.0956018
v 0.368231 0.0673596 -0.0956018
v 0.352343 0.0673596 -0.0956018
v 0.336456 0.0673596 -0.0956018
v 0.336456 0.0348352 -0.0956018
v 0.352343 0.0348352 -0.0956018
v 0.352343 0.0348352 -0.0956018
v 0.352343 0.0673596 -0.0956018
v 0.336456 0.0673596 -0.0956018
v 0.320568 0.0673596 -0.0956018
v 0.320568 0.0348352 -0.0956018
v 0.336456 0.0348352 -0.0956018
v 0.336456 0.0348352 -0.0956018
v 0.336456 0.0673596 -0.0956018
v 0.320568 0.0673596 -0.0956018
v 0.304681 0.0673596 -0.0956018
v 0.304681 0.0348352 -0.0956018
v 0.320568 0.0348352 -0.0956018
v 0.320568 0.0348352 -0.0956018
v 0.320568 0.0673596 -0.0956018
v 0.304681 0.0673596 -0.0956018
v 0.288793 0.0673596 -0.0956018
v 0.288793 0.0348352 -0.0956018
v 0.304681 0.0348352 -0.0956018
v 0.304681 0.0348352 -0.0956018
v 0.304681 0.0673596 -0.0956018
v 0.288793 0.0673596 -0.0956018
v 0.272905 0.0673596 -0.0956018
v 0.272905 0.0348352 -0.0956018
v 0.288793 0.0348352 -0.0956018
v 0.288793 0.0348352 -0.0956018
v 0.288793 0.0673596 -0.0956018
v 0.272905 0.0673596 -0.0956018
v 0.257018 0.0673596 -0.0956018
v 0.257018 0.0348352 -0.0956018
v 0.272905 0.0348352 -0.0956018
v 0.272905 0.0348352 -0.0956018
v 0.272905 0.0673596 -0.0956018
v 0.257018 0.0673596 -0.0956018
v 0.24113 0.0673596 -0.0956018
v 0.24113 0.0348352 -0.0956018
v 0.257018 0.0348352 -0.0956018
v 0.257018 0.0348352 -0.0956018
v 0.257018 0.0673596 -0.0956018
v 0.24113 0.0673596 -0.0956018
v 0.225243 0.0673596 -0.0956018
v 0.225243 0.0348352 -0.0956018
v 0.24113 0.0348352 -0.0956018
v 0.24113 0.0348352 -0.0956018
v 0.24113 0.0673596 -0.0956018
v 0.225243 0.0673596 -0.0956018
v 0.209355 0.0673596 -0.0956018
v 0.209355 0.0348352 -0.0956018
v 0.225243 0.0348352 -0.0956018
v 0.225243 0.0348352 -0.0956018
v 0.225243 0.0673596 -0.0956018
v 0.209355 0.0673596 -0.0956018
v 0.193467 0.0673596 -0.0956018
v 0.193467 0.0348352 -0.0956018
v 0.209355 0.0348352 -0.0956018
v 0.209355 0.0348352 -0.0956018
v 0.209355 0.0673596 -0.0956018
v 0.193467 0.0673596 -0.0956018
v 0.17758 0.0673596 -0.0956018
v 0.17758 0.0348352 -0.0956018
v 0.193467 0.0348352 -0.0956018
v 0.193467 0.0348352 -0.0956018
v 0.193467 0.0673596 -0.0956018
v 0.17758 0.0673596 -0.0956018
v 0.161692 0.0673596 -0.0956018
v 0.161692 0.0348352 -0.0956018
v 0.17758 0.0348352 -0.0956018
v 0.17758 0.0348352 -0.0956018
v 0.17758 0.0673596 -0.0956018
v 0.161692 0.0673596 -0.0956018
v 0.145805 0.0673596 -0.0956018
v 0.145805 0.0348352 -0.0956018
v 0.161692 0.0348352 -0.0956018
v 0.161692 0.0348352 -0.0956018
v 0.161692 0.0673596 -0.0956018
v 0.145805 0.0673596 -0.0956018
v 0.129917 0.0673596 -0.0956018
v 0.129917 0.0348352 -0.0956018
v 0.145805 0.0348352 -0.0956018
v 0.145805 0.0348352 -0.0956018
v 0.145805 0.0673596 -0.0956018
v 0.129917 0.0673596 -0.0956018
v 0.114029 0.0673596 -0.0956018
v 0.114029 0.0348352 -0.0956018
v 0.129917 0.0348352 -0.0956018
v 0.129917 0.0348352 -0.0956018
v 0.129917 0.0673596 -0.0956018
v 0.114029 0.0673596 -0.0956018
v 0.0981417 0.0673596 -0.0956018
v 0.0981417 0.0348352 -0.0956018
v 0.114029 0.0348352 -0.0956018
v 0.114029 0.0348352 -0.0956018
v 0.114029 0.0673596 -0.0956018
v 0.0981417 0.0673596 -0.0956018
v 0.0822541 0.0673596 -0.0956018
v 0.0822541 0.0348352 -0.0956018
v 0.0981417 0.0348352 -0.0956018
v 0.0981417 0.0348352 -0.0956018
v 0.0981417 0.0673596 -0.0956018
v 0.0822541 0.0673596 -0.0956018
v 0.0663665 0.0673596 -0.0956018
v 0.0663665 0.0348352 -0.0956018
v 0.0822541 0.0348352 -0.0956018
v 0.0822541 0.0348352 -0.0956018
v 0.0822541 0.0673596 -0.0956018
v 0.0663665 0.0673596 -0.0956018
v 0.0504789 0.0673596 -0.0956018
v 0.0504789 0.0348352 -0.0956018
v 0.0663665 0.0348352 -0.0956018
v 0.0663665 0.0348352 -0.0956018
v 0.0663665 0.0673596 -0.0956018
v 0.0504789 0.0673596 -0.0956018
v 0.0345912 0.0673596 -0.0956018
v 0.0345912 0.0348352 -0.0956018
v 0.0504789 0.0348352 -0.0956018
v 0.0504789 0.0348352 -0.0956018
v 0.0504789 0.0673596 -0.0956018
v 0.0345912 0.0673596 -0.0956018
v 0.0187036 0.0673596 -0.0956018
v 0.0187036 0.0348352 -0.0956018
v 0.0345912 0.0348352 -0.0956018
v 0.0345912 0.0348352 -0.0956018
v 0.0345912 0.0673596 -0.0956018
v 0.0187036 0.0673596 -0.0956018
v 0.002816 0.0673596 -0.0956018
v 0.002816 0.0348352 -0.0956018
v 0.0187036 0.0348352 -0.0956018
v 0.0187036 0.0348352 -0.0956018
v 0.0187036 0.0673596 -0.0956018
v 0.002816 0.0673596 -0.0956018
v 0.701871 0.140313 -0.0956018
v 0.701871 0.0673596 -0.0956018
v 0.717759 0.0673596 -0.0956018
v 0.717759 0.0673596 -0.0956018
v 0.717759 0.140313 -0.0956018
v 0.701871 0.140313 -0.0956018
v 0.685984 0.140313 -0.0956018
v 0.685984 0.0673596 -0.0956018
v 0.701871 0.0673596 -0.0956018
v 0.701871 0.0673596 -0.0956018
v 0.701871 0.140313 -0.0956018
v 0.685984 0.140313 -0.0956018
v 0.670096 0.140313 -0.0956018
v 0.670096 0.0673596 -0.0956018
v 0.685984 0.0673596 -0.0956018
v 0.685984 0.0673596 -0.0956018
v 0.685984 0.140313 -0.0956018
v 0.670096 0.140313 -0.0956018
v 0.654208 0.140313 -0.0956018
v 0.654208 0.0673596 -0.0956018
v 0.670096 0.0673596 -0.0956018
v 0.670096 0.0673596 -0.0956018
v 0.670096 0.140313 -0.0956018
v 0.654208 0.140313 -0.0956018
v 0.638321 0.140313 -0.0956018
v 0.638321 0.0673596 -0.0956018
v 0.654208 0.0673596 -0.0956018
v 0.654208 0.0673596 -0.0956018
v 0.654208 0.140313 -0.0956018
v 0.638321 0.140313 -0.0956018
v 0.622433 0.140313 -0.0956018
v 0.622433 0.0673596 -0.0956018
v 0.638321 0.0673596 -0.0956018
v 0.638321 0.0673596 -0.0956018
v 0.638321 0.140313 -0.0956018
v 0.622433 0.140313 -0.0956018
v 0.606546 0.140313 -0.0956018
v 0.606546 0.0673596 -0.0956018
v 0.622433 0.0673596 -0.0956018
v 0.622433 0.0673596 -0.0956018
v 0.622433 0.140313 -0.0956018
v 0.606546 0.140313 -0.0956018
v 0.590658 0.140313 -0.0956018
v 0.590658 0.0673596 -0.0956018
v 0.606546 0.0673596 -0.0956018
v 0.606546 0.0673596 -0.0956018
v 0.606546 0.140313 -0.0956018
v 0.590658 0.140313 -0.0956018
v 0.57477 0.140313 -0.0956018
v 0.57477 0.0673596 -0.0956018
v 0.590658 0.0673596 -0.0956018
v 0.590658 0.0673596 -0.0956018
v 0.590658 0.140313 -0.0956018
v 0.57477 0.140313 -0.0956018
v 0.558883 0.140313 -0.0956018
v 0.558883 0.0673596 -0.0956018
v 0.57477 0.0673596 -0.0956018
v 0.57477 0.0673596 -0.0956018
v 0.57477 0.140313 -0.0956018
v 0.558883 0.140313 -0.0956018
v 0.542995 0.140313 -0.0956018
v 0.542995 0.0673596 -0.0956018
v 0.558883 0.0673596 -0.0956018
v 0.558883 0.0673596 -0.0956018
v 0.558883 0.140313 -0.0956018
v 0.542995 0.140313 -0.0956018
v 0.527107 0.140313 -0.0956018
v 0.527107 0.0673596 -0.0956018
v 0.542995 0.0673596 -0.0956018
v 0.542995 0.0673596 -0.0956018
v 0.542995 0.140313 -0.0956018
v 0.527107 0.140313 -0.0956018
v 0.51122 0.140313 -0.0956018
v 0.51122 0.0673596 -0.0956018
v 0.527107 0.0673596 -0.0956018
v 0.527107 0.0673596 -0.0956018
v 0.527107 0.140313 -0.0956018
v 0.51122 0.140313 -0.0956018
v 0.495332 0.140313 -0.0956018
v 0.495332 0.0673596 -0.0956018
v 0.51122 0.0673596 -0.0956018
v 0.51122 0.0673596 -0.0956018
v 0.51122 0.140313 -0.0956018
v 0.495332 0.140313 -0.0956018
v 0.479444 0.140313 -0.0956018
v 0.479444 0.0673596 -0.0956018
v 0.495332 0.0673596 -0.0956018
v 0.495332 0.0673596 -0.0956018
v 0.495332 0.140313 -0.0956018
v 0.479444 0.140313 -0.0956018
v 0.463557 0.140313 -0.0956018
v 0.463557 0.0673596 -0.0956018
v 0.479444 0.0673596 -0.0956018
v 0.479444 0.0673596 -0.0956018
v 0.479444 0.140313 -0.0956018
v 0.463557 0.140313 -0.0956018
v 0.447669 0.140313 -0.0956018
v 0.447669 0.0673596 -0.0956018
v 0.463557 0.0673596 -0.0956018
v 0.463557 0.0673596 -0.0956018
v 0.463557 0.140313 -0.0956018
v 0.447669 0.140313 -0.0956018
v 0.431782 0.140313 -0.0956018
v 0.431782 0.0673596 -0.0956018
v 0.447669 0.0673596 -0.0956018
v 0.447669 0.0673596 -0.0956018
v 0.447669 0.140313 -0.0956018
v 0.431782 0.140313 -0.0956018
v 0.415894 0.140313 -0.0956018
v 0.415894 0.0673596 -0.0956018
v 0.431782 0.0673596 -0.0956018
v 0.431782 0.0673596 -0.0956018
v 0.431782 0.140313 -0.0956018
v 0.415894 0.140313 -0.0956018
v 0.400006 0.140313 -0.0956018
v 0.400006 0.0673596 -0.0956018
v 0.415894 0.0673596 -0.0956018
v 0.415894 0.0673596 -0.0956018
v 0.415894 0.140313 -0.0956018
v 0.400006 0.140313 -0.0956018
v 0.384119 0.140313 -0.0956018
v 0.384119 0.0673596 -0.0956018
v 0.400006 0.0673596 -0.0956018
v 0.400006 0.0673596 -0.0956018
v 0.400006 0.140313 -0.0956018
v 0.384119 0.140313 -0.0956018
v 0.368231 0.140313 -0.0956018
v 0.368231 0.0673596 -0.0956018
v 0.384119 0.0673596 -0.0956018
v 0.384119 0.0673596 -0.0956018
v 0.384119 0.140313 -0.0956018
v 0.368231 0.140313 -0.0956018
v 0.352343 0.140313 -0.0956018
v 0.352343 0.0673596 -0.0956018
v 0.368231 0.0673596 -0.0956018
v 0.368231 0.0673596 -0.0956018
v 0.368231 0.140313 -0.0956018
v 0.352343 0.140313 -0.0956018
v 0.336456 0.140313 -0.0956018
v 0.336456 0.0673596 -0.0956018
v 0.352343 0.0673596 -0.0956018
v 0.352343 0.0673596 -0.0956018
v 0.352343 0.140313 -0.0956018
v 0.336456 0.140313 -0.0956018
v 0.320568 0.140313 -0.0956018
v 0.320568 0.0673596 -0.0956018
v 0.336456 0.0673596 -0.0956018
v 0.336456 0.0673596 -0.0956018
v 0.336456 0.140313 -0.0956018
v 0.320568 0.140313 -0.0956018
v 0.304681 0.140313 -0.0956018
v 0.304681 0.0673596 -0.0956018
v 0.320568 0.0673596 -0.0956018
v 0.320568 0.0673596 -0.0956018
v 0.320568 0.140313 -0.0956018
v 0.304681 0.140313 -0.0956018
v 0.288793 0.140313 -0.0956018
v 0.288793 0.0673596 -0.0956018
v 0.304681 0.0673596 -0.0956018
v 0.304681 0.0673596 -0.0956018
v 0.304681 0.140313 -0.0956018
v 0.288793 0.140313 -0.0956018
v 0.272905 0.140313 -0.0956018
v 0.272905 0.0673596 -0.0956018
v 0.288793 0.0673596 -0.0956018
v 0.288793 0.0673596 -0.0956018
v 0.288793 0.140313 -0.0956018
v 0.272905 0.140313 -0.0956018
v 0.257018 0.140313 -0.0956018
v 0.257018 0.0673596 -0.0956018
v 0.272905 0.0673596 -0.0956018
v 0.272905 0.0673596 -0.0956018
v 0.272905 0.140313 -0.0956018
v 0.257018 0.140313 -0.0956018
v 0.24113 0.140313 -0.0956018
v 0.24113 0.0673596 -0.0956018
v 0.257018 0.0673596 -0.0956018
v 0.257018 0.0673596 -0.0956018
v 0.257018 0.140313 -0.0956018
v 0.24113 0.140313 -0.0956018
v 0.225243 0.140313 -0.0956018
v 0.225243 0.0673596 -0.0956018
v 0.24113 0.0673596 -0.0956018
v 0.24113 0.0673596 -0.0956018
v 0.24113 0.140313 -0.0956018
v 0.225243 0.140313 -0.0956018
v 0.209355 0.140313 -0.0956018
v 0.209355 0.0673596 -0.0956018
v 0.225243 0.0673596 -0.0956018
v 0.225243 0.0673596 -0.0956018
v 0.225243 0.140313 -0.0956018
v 0.209355 0.140313 -0.0956018
v 0.193467 0.140313 -0.0956018
v 0.193467 0.0673596 -0.0956018
v 0.209355 0.0673596 -0.0956018
v 0.209355 0.0673596 -0.0956018
v 0.209355 0.140313 -0.0956018
v 0.193467 0.140313 -0.0956018
v 0.17758 0.140313 -0.0956018
v 0.17758 0.0673596 -0.0956018
v 0.193467 0.0673596 -0.0956018
v 0.193467 0.0673596 -0.0956018
v 0.193467 0.140313 -0.0956018
v 0.17758 0.140313 -0.0956018
v 0.161692 0.140313 -0.0956018
v 0.161692 0.0673596 -0.0956018
v 0.17758 0.0673596 -0.0956018
v 0.17758 0.0673596 -0.0956018
v 0.17758 0.140313 -0.0956018
v 0.161692 0.140313 -0.0956018
v 0.145805 0.140313 -0.0956018
v 0.145805 0.0673596 -0.0956018
v 0.161692 0.0673596 -0.0956018
v 0.161692 0.0673596 -0.0956018
v 0.161692 0.140313 -0.0956018
v 0.145805 0.140313 -0.0956018
v 0.129917 0.140313 -0.0956018
v 0.129917 0.0673596 -0.0956018
v 0.145805 0.0673596 -0.0956018
v 0.145805 0.0673596 -0.0956018
v 0.145805 0.140313 -0.0956018
v 0.129917 0.140313 -0.0956018
v 0.114029 0.140313 -0.0956018
v 0.114029 0.0673596 -0.0956018
v 0.129917 0.0673596 -0.0956018
v 0.129917 0.0673596 -0.0956018
v 0.129917 0.140313 -0.0956018
v 0.114029 0.140313 -0.0956018
v 0.0981417 0.140313 -0.0956018
v 0.0981417 0.0673596 -0.0956018
v 0.114029 0.0673596 -0.0956018
v 0.114029 0.0673596 -0.0956018
v 0.114029 0.140313 -0.0956018
v 0.0981417 0.140313 -0.0956018
v 0.0822541 0.140313 -0.0956018
v 0.0822541 0.0673596 -0.0956018
v 0.0981417 0.0673596 -0.0956018
v 0.0981417 0.0673596 -0.0956018
v 0.0981417 0.140313 -0.0956018
v 0.0822541 0.140313 -0.0956018
v 0.0663665 0.140313 -0.0956018
v 0.0663665 0.0673596 -0.0956018
v 0.0822541 0.0673596 -0.0956018
v 0.0822541 0.0673596 -0.0956018
v 0.0822541 0.140313 -0.0956018
v 0.0663665 0.140313 -0.0956018
v 0.0504789 0.140313 -0.0956018
v 0.0504789 0.0673596 -0.0956018
v 0.0663665 0.0673596 -0.0956018
v 0.0663665 0.0673596 -0.0956018
v 0.0663665 0.140313 -0.0956018
v 0.0504789 0.140313 -0.0956018
v 0.0345912 0.140313 -0.0956018
v 0.0345912 0.0673596 -0.0956018
v 0.0504789 0.0673596 -0.0956018
v 0.0504789 0.0673596 -0.0956018
v 0.0504789 0.140313 -0.0956018
v 0.0345912 0.140313 -0.0956018
v 0.0187036 0.140313 -0.0956018
v 0.0187036 0.0673596 -0.0956018
v 0.0345912 0.0673596 -0.0956018
v 0.0345912 0.0673596 -0.0956018
v 0.0345912 0.140313 -0.0956018
v 0.0187036 0.140313 -0.0956018
v 0.002816 0.140313 -0.0956018
v 0.002816 0.0673596 -0.0956018
v 0.0187036 0.0673596 -0.0956018
v 0.0187036 0.0673596 -0.0956018
v 0.0187036 0.140313 -0.0956018
v 0.002816 0.140313 -0.0956018
v 0.701871 0.213266 -0.0956018
v 0.701871 0.140313 -0.0956018
v 0.717759 0.140313 -0.0956018
v 0.717759 0.140313 -0.0956018
v 0.717759 0.213266 -0.0956018
v 0.701871 0.213266 -0.0956018
v 0.685984 0.213266 -0.0956018
v 0.685984 0.140313 -0.0956018
v 0.701871 0.140313 -0.0956018
v 0.701871 0.140313 -0.0956018
v 0.701871 0.213266 -0.0956018
v 0.685984 0.213266 -0.0956018
v 0.670096 0.213266 -0.0956018
v 0.670096 0.140313 -0.0956018
v 0.685984 0.140313 -0.0956018
v 0.685984 0.140313 -0.0956018
v 0.685984 0.213266 -0.0956018
v 0.670096 0.213266 -0.0956018
v 0.654208 0.213266 -0.0956018
v 0.654208 0.140313 -0.0956018
v 0.670096 0.140313 -0.0956018
v 0.670096 0.140313 -0.0956018
v 0.670096 0.213266 -0.0956018
v 0.654208 0.213266 -0.0956018
v 0.638321 0.213266 -0.0956018
v 0.638321 0.140313 -0.0956018
v 0.654208 0.140313 -0.0956018
v 0.654208 0.140313 -0.0956018
v 0.654208 0.213266 -0.0956018
v 0.638321 0.213266 -0.0956018
v 0.622433 0.213266 -0.0956018
v 0.622433 0.140313 -0.0956018
v 0.638321 0.140313 -0.0956018
v 0.638321 0.140313 -0.0956018
v 0.638321 0.213266 -0.0956018
v 0.622433 0.213266 -0.0956018
v 0.606546 0.213266 -0.0956018
v 0.606546 0.140313 -0.0956018
v 0.622433 0.140313 -0.0956018
v 0.622433 0.140313 -0.0956018
v 0.622433 0.213266 -0.0956018
v 0.606546 0.213266 -0.0956018
v 0.590658 0.213266 -0.0956018
v 0.590658 0.140313 -0.0956018
v 0.606546 0.140313 -0.0956018
v 0.606546 0.140313 -0.0956018
v 0.606546 0.213266 -0.0956018
v 0.590658 0.213266 -0.0956018
v 0.57477 0.213266 -0.0956018
v 0.57477 0.140313 -0.0956018
v 0.590658 0.140313 -0.0956018
v 0.590658 0.140313 -0.0956018
v 0.590658 0.213266 -0.0956018
v 0.57477 0.213266 -0.0956018
v 0.558883 0.213266 -0.0956018
v 0.558883 0.140313 -0.0956018
v 0.57477 0.140313 -0.0956018
v 0.57477 0.140313 -0.0956018
v 0.57477 0.213266 -0.0956018
v 0.558883 0.213266 -0.0956018
v 0.542995 0.213266 -0.0956018
v 0.542995 0.140313 -0.0956018
v 0.558883 0.140313 -0.0956018
v 0.558883 0.140313 -0.0956018
v 0.558883 0.213266 -0.0956018
v 0.542995 0.213266 -0.0956018
v 0.527107 0.213266 -0.0956018
v 0.527107 0.140313 -0.0956018
v 0.542995 0.140313 -0.0956018
v 0.542995 0.140313 -0.0956018
v 0.542995 0.213266 -0.0956018
v 0.527107 0.213266 -0.0956018
v 0.51122 0.213266 -0.0956018
v 0.51122 0.140313 -0.0956018
v 0.527107 0.140313 -0.0956018
v 0.527107 0.140313 -0.0956018
v 0.527107 0.213266 -0.0956018
v 0.51122 0.213266 -0.0956018
v 0.495332 0.213266 -0.0956018
v 0.495332 0.140313 -0.0956018
v 0.51122 0.140313 -0.0956018
v 0.51122 0.140313 -0.0956018
v 0.51122 0.213266 -0.0956018
v 0.495332 0.213266 -0.0956018
v 0.479444 0.213266 -0.0956018
v 0.479444 0.140313 -0.0956018
v 0.495332 0.140313 -0.0956018
v 0.495332 0.140313 -0.0956018
v 0.495332 0.213266 -0.0956018
v 0.479444 0.213266 -0.0956018
v 0.463557 0.213266 -0.0956018
v 0.463557 0.140313 -0.0956018
v 0.479444 0.140313 -0.0956018
v 0.479444 0.140313 -0.0956018
v 0.479444 0.213266 -0.0956018
v 0.463557 0.213266 -0.0956018
v 0.447669 0.213266 -0.0956018
v 0.447669 0.140313 -0.0956018
v 0.463557 0.140313 -0.0956018
v 0.463557 0.140313 -0.0956018
v 0.463557 0.213266 -0.0956018
v 0.447669 0.213266 -0.0956018
v 0.431782 0.213266 -0.0956018
v 0.431782 0.140313 -0.0956018
v 0.447669 0.140313 -0.0956018
v 0.447669 0.140313 -0.0956018
v 0.447669 0.213266 -0.0956018
v 0.431782 0.213266 -0.0956018
v 0.415894 0.213266 -0.0956018
v 0.415894 0.140313 -0.0956018
v 0.431782 0.140313 -0.0956018
v 0.431782 0.140313 -0.0956018
v 0.431782 0.213266 -0.0956018
v 0.415894 0.213266 -0.0956018
v 0.400006 0.213266 -0.0956018
v 0.400006 0.140313 -0.0956018
v 0.415894 0.140313 -0.0956018
v 0.415894 0.140313 -0.0956018
v 0.415894 0.213266 -0.0956018
v 0.400006 0.213266 -0.0956018
v 0.384119 0.213266 -0.0956018
v 0.384119 0.140313 -0.0956018
v 0.400006 0.140313 -0.0956018
v 0.400006 0.140313 -0.0956018
v 0.400006 0.213266 -0.0956018
v 0.384119 0.213266 -0.0956018
v 0.368231 0.213266 -0.0956018
v 0.368231 0.140313 -0.0956018
v 0.384119 0.140313 -0.0956018
v 0.384119 0.140313 -0.0956018
v 0.384119 0.213266 -0.0956018
v 0.368231 0.213266 -0.0956018
v 0.352343 0.213266 -0.0956018
v 0.352343 0.140313 -0.0956018
v 0.368231 0.140313 -0.0956018
v 0.368231 0.140313 -0.0956018
v 0.368231 0.213266 -0.0956018
v 0.352343 0.213266 -0.0956018
v 0.336456 0.213266 -0.0956018
v 0.336456 0.140313 -0.0956018
v 0.352343 0.140313 -0.0956018
v 0.352343 0.140313 -0.0956018
v 0.352343 0.213266 -0.0956018
v 0.336456 0.213266 -0.0956018
v 0.320568 0.213266 -0.0956018
v 0.320568 0.140313 -0.0956018
v 0.336456 0.140313 -0.0956018
v 0.336456 0.140313 -0.0956018
v 0.336456 0.213266 -0.0956018
v 0.320568 0.213266 -0.0956018
v 0.304681 0.213266 -0.0956018
v 0.304681 0.140313 -0.0956018
v 0.320568 0.140313 -0.0956018
v 0.320568 0.140313 -0.0956018
v 0.320568 0.213266 -0.0956018
v 0.304681 0.213266 -0.0956018
v 0.288793 0.213266 -0.0956018
v 0.288793 0.140313 -0.0956018
v 0.304681 0.140313 -0.0956018
v 0.304681 0.140313 -0.0956018
v 0.304681 0.213266 -0.0956018
v 0.288793 0.213266 -0.0956018
v 0.272905 0.213266 -0.0956018
v 0.272905 0.140313 -0.0956018
v 0.288793 0.140313 -0.0956018
v 0.288793 0.140313 -0.0956018
v 0.288793 0.213266 -0.0956018
v 0.272905 0.213266 -0.0956018
v 0.257018 0.213266 -0.0956018
v 0.257018 0.140313 -0.0956018
v 0.272905 0.140313 -0.0956018
v 0.272905 0.140313 -0.0956018
v 0.272905 0.213266 -0.0956018
v 0.257018 0.213266 -0.0956018
v 0.24113 0.213266 -0.0956018
v 0.24113 0.140313 -0.0956018
v 0.257018 0.140313 -0.0956018
v 0.257018 0.140313 -0.0956018
v 0.257018 0.213266 -0.0956018
v 0.24113 0.213266 -0.0956018
v 0.225243 0.213266 -0.0956018
v 0.225243 0.140313 -0.0956018
v 0.24113 0.140313 -0.0956018
v 0.24113 0.140313 -0.0956018
v 0.24113 0.213266 -0.0956018
v 0.225243 0.213266 -0.0956018
v 0.209355 0.213266 -0.0956018
v 0.209355 0.140313 -0.0956018
v 0.225243 0.140313 -0.0956018
v 0.225243 0.140313 -0.0956018
v 0.225243 0.213266 -0.0956018
v 0.209355 0.213266 -0.0956018
v 0.193467 0.213266 -0.0956018
v 0.193467 0.140313 -0.0956018
v 0.209355 0.140313 -0.0956018
v 0.209355 0.140313 -0.0956018
v 0.209355 0.213266 -0.0956018
v 0.193467 0.213266 -0.0956018
v 0.17758 0.213266 -0.0956018
v 0.17758 0.140313 -0.0956018
v 0.193467 0.140313 -0.0956018
v 0.193467 0.140313 -0.0956018
v 0.193467 0.213266 -0.0956018
v 0.17758 0.213266 -0.0956018
v 0.161692 0.213266 -0.0956018
v 0.161692 0.140313 -0.0956018
v 0.17758 0.140313 -0.0956018
v 0.17758 0.140313 -0.0956018
v 0.17758 0.213266 -0.0956018
v 0.161692 0.213266 -0.0956018
v 0.145805 0.213266 -0.0956018
v 0.145805 0.140313 -0.0956018
v 0.161692 0.140313 -0.0956018
v 0.161692 0.140313 -0.0956018
v 0.161692 0.213266 -0.0956018
v 0.145805 0.213266 -0.0956018
v 0.129917 0.213266 -0.0956018
v 0.129917 0.140313 -0.0956018
v 0.145805 0.140313 -0.0956018
v 0.145805 0.140313 -0.0956018
v 0.145805 0.213266 -0.0956018
v 0.129917 0.213266 -0.0956018
v 0.114029 0.213266 -0.0956018
v 0.114029 0.140313 -0.0956018
v 0.129917 0.140313 -0.0956018
v 0.129917 0.140313 -0.0956018
v 0.129917 0.213266 -0.0956018
v 0.114029 0.213266 -0.0956018
v 0.0981417 0.213266 -0.0956018
v 0.0981417 0.140313 -0.0956018
v 0.114029 0.140313 -0.0956018
v 0.114029 0.140313 -0.0956018
v 0.114029 0.213266 -0.0956018
v 0.0981417 0.213266 -0.0956018
v 0.0822541 0.213266 -0.0956018
v 0.0822541 0.140313 -0.0956018
v 0.0981417 0.140313 -0.0956018
v 0.0981417 0.140313 -0.0956018
v 0.0981417 0.213266 -0.0956018
v 0.0822541 0.213266 -0.0956018
v 0.0663665 0.213266 -0.0956018
v 0.0663665 0.140313 -0.0956018
v 0.0822541 0.140313 -0.0956018
v 0.0822541 0.140313 -0.0956018
v 0.0822541 0.213266 -0.0956018
v 0.0663665 0.213266 -0.0956018
v 0.0504789 0.213266 -0.0956018
v 0.0504789 0.140313 -0.0956018
v 0.0663665 0.140313 -0.0956018
v 0.0663665 0.140313 -0.0956018
v 0.0663665 0.213266 -0.0956018
v 0.0504789 0.213266 -0.0956018
v 0.0345912 0.213266 -0.0956018
v 0.0345912 0.140313 -0.0956018
v 0.0504789 0.140313 -0.0956018
v 0.0504789 0.140313 -0.0956018
v 0.0504789 0.213266 -0.0956018
v 0.0345912 0.213266 -0.0956018
v 0.0187036 0.213266 -0.0956018
v 0.0187036 0.140313 -0.0956018
v 0.0345912 0.140313 -0.0956018
v 0.0345912 0.140313 -0.0956018
v 0.0345912 0.213266 -0.0956018
v 0.0187036 0.213266 -0.0956018
v 0.002816 0.213266 -0.0956018
v 0.002816 0.140313 -0.0956018
v 0.0187036 0.140313 -0.0956018
v 0.0187036 0.140313 -0.0956018
v 0.0187036 0.213266 -0.0956018
v 0.002816 0.213266 -0.0956018
v 0.701871 0.28622 -0.0956018
v 0.701871 0.213266 -0.0956018
v 0.717759 0.213266 -0.0956018
v 0.717759 0.213266 -0.0956018
v 0.717759 0.28622 -0.0956018
v 0.701871 0.28622 -0.0956018
v 0.685984 0.28622 -0.0956018
v 0.685984 0.213266 -0.0956018
v 0.701871 0.213266 -0.0956018
v 0.701871 0.213266 -0.0956018
v 0.701871 0.28622 -0.0956018
v 0.685984 0.28622 -0.0956018
v 0.670096 0.28622 -0.0956018
v 0.670096 0.213266 -0.0956018
v 0.685984 0.213266 -0.0956018
v 0.685984 0.213266 -0.0956018
v 0.685984 0.28622 -0.0956018
v 0.670096 0.28622 -0.0956018
v 0.654208 0.28622 -0.0956018
v 0.654208 0.213266 -0.0956018
v 0.670096 0.213266 -0.0956018
v 0.670096 0.213266 -0.0956018
v 0.670096 0.28622 -0.0956018
v 0.654208 0.28622 -0.0956018
v 0.638321 0.28622 -0.0956018
v 0.638321 0.213266 -0.0956018
v 0.654208 0.213266 -0.0956018
v 0.654208 0.213266 -0.0956018
v 0.654208 0.28622 -0.0956018
v 0.638321 0.28622 -0.0956018
v 0.622433 0.28622 -0.0956018
v 0.622433 0.213266 -0.0956018
v 0.638321 0.213266 -0.0956018
v 0.638321 0.213266 -0.0956018
v 0.638321 0.28622 -0.0956018
v 0.622433 0.28622 -0.0956018
v 0.606546 0.28622 -0.0956018
v 0.606546 0.213266 -0.0956018
v 0.622433 0.213266 -0.0956018
v 0.622433 0.213266 -0.0956018
v 0.622433 0.28622 -0.0956018
v 0.606546 0.28622 -0.0956018
v 0.590658 0.28622 -0.0956018
v 0.590658 0.213266 -0.0956018
v 0.606546 0.213266 -0.0956018
v 0.606546 0.213266 -0.0956018
v 0.606546 0.28622 -0.0956018
v 0.590658 0.28622 -0.0956018
v 0.57477 0.28622 -0.0956018
v 0.57477 0.213266 -0.0956018
v 0.590658 0.213266 -0.0956018
v 0.590658 0.213266 -0.0956018
v 0.590658 0.28622 -0.0956018
v 0.57477 0.28622 -0.0956018
v 0.558883 0.28622 -0.0956018
v 0.558883 0.213266 -0.0956018
v 0.57477 0.213266 -0.0956018
v 0.57477 0.213266 -0.0956018
v 0.57477 0.28622 -0.0956018
v 0.558883 0.28622 -0.0956018
v 0.542995 0.28622 -0.0956018
v 0.542995 0.213266 -0.0956018
v 0.558883 0.213266 -0.0956018
v 0.558883 0.213266 -0.0956018
v 0.558883 0.28622 -0.0956018
v 0.542995 0.28622 -0.0956018
v 0.527107 0.28622 -0.0956018
v 0.527107 0.213266 -0.0956018
v 0.542995 0.213266 -0.0956018
v 0.542995 0.213266 -0.0956018
v 0.542995 0.28622 -0.0956018
v 0.527107 0.28622 -0.0956018
v 0.51122 0.28622 -0.0956018
v 0.51122 0.213266 -0.0956018
v 0.527107 0.213266 -0.0956018
v 0.527107 0.213266 -0.0956018
v 0.527107 0.28622 -0.0956018
v 0.51122 0.28622 -0.0956018
v 0.495332 0.28622 -0.0956018
v 0.495332 0.213266 -0.0956018
v 0.51122 0.213266 -0.0956018
v 0.51122 0.213266 -0.0956018
v 0.51122 0.28622 -0.0956018
v 0.495332 0.28622 -0.0956018
v 0.479444 0.28622 -0.0956018
v 0.479444 0.213266 -0.0956018
v 0.495332 0.213266 -0.0956018
v 0.495332 0.213266 -0.0956018
v 0.495332 0.28622 -0.0956018
v 0.479444 0.28622 -0.0956018
v 0.463557 0.28622 -0.0956018
v 0.463557 0.213266 -0.0956018
v 0.479444 0.213266 -0.0956018
v 0.479444 0.213266 -0.0956018
v 0.479444 0.28622 -0.0956018
v 0.463557 0.28622 -0.0956018
v 0.447669 0.28622 -0.0956018
v 0.447669 0.213266 -0.0956018
v 0.463557 0.213266 -0.0956018
v 0.463557 0.213266 -0.0956018
v 0.463557 0.28622 -0.0956018
v 0.447669 0.28622 -0.0956018
v 0.431782 0.28622 -0.0956018
v 0.431782 0.213266 -0.0956018
v 0.447669 0.213266 -0.0956018
v 0.447669 0.213266 -0.0956018
v 0.447669 0.28622 -0.0956018
v 0.431782 0.28622 -0.0956018
v 0.415894 0.28622 -0.0956018
v 0.415894 0.213266 -0.0956018
v 0.431782 0.213266 -0.0956018
v 0.431782 0.213266 -0.0956018
v 0.431782 0.28622 -0.0956018
v 0.415894 0.28622 -0.0956018
v 0.400006 0.28622 -0.0956018
v 0.400006 0.213266 -0.0956018
v 0.415894 0.213266 -0.0956018
v 0.415894 0.213266 -0.0956018
v 0.415894 0.28622 -0.0956018
v 0.400006 0.28622 -0.0956018
v 0.384119 0.28622 -0.0956018
v 0.384119 0.213266 -0.0956018
v 0.400006 0.213266 -0.0956018
v 0.400006 0.213266 -0.0956018
v 0.400006 0.28622 -0.0956018
v 0.384119 0.28622 -0.0956018
v 0.368231 0.28622 -0.0956018
v 0.368231 0.213266 -0.0956018
v 0.384119 0.213266 -0.0956018
v 0.384119 0.213266 -0.0956018
v 0.384119 0.28622 -0.0956018
v 0.368231 0.28622 -0.0956018
v 0.352343 0.28622 -0.0956018
v 0.352343 0.213266 -0.0956018
v 0.368231 0.213266 -0.0956018
v 0.368231 0.213266 -0.0956018
v 0.368231 0.28622 -0.0956018
v 0.352343 0.28622 -0.0956018
v 0.336456 0.28622 -0.0956018
v 0.336456 0.213266 -0.0956018
v 0.352343 0.213266 -0.0956018
v 0.352343 0.213266 -0.0956018
v 0.352343 0.28622 -0.0956018
v 0.336456 0.28622 -0.0956018
v 0.320568 0.28622 -0.0956018
v 0.320568 0.213266 -0.0956018
v 0.336456 0.213266 -0.0956018
v 0.336456 0.213266 -0.0956018
v 0.336456 0.28622 -0.0956018
v 0.320568 0.28622 -0.0956018
v 0.304681 0.28622 -0.0956018
v 0.304681 0.213266 -0.0956018
v 0.320568 0.213266 -0.0956018
v 0.320568 0.213266 -0.0956018
v 0.320568 0.28622 -0.0956018
v 0.304681 0.28622 -0.0956018
v 0.288793 0.28622 -0.0956018
v 0.288793 0.213266 -0.0956018
v 0.304681 0.213266 -0.0956018
v 0.304681 0.213266 -0.0956018
v 0.304681 0.28622 -0.0956018
v 0.288793 0.28622 -0.0956018
v 0.272905 0.28622 -0.0956018
v 0.272905 0.213266 -0.0956018
v 0.288793 0.213266 -0.0956018
v 0.288793 0.213266 -0.0956018
v 0.288793 0.28622 -0.0956018
v 0.272905 0.28622 -0.0956018
v 0.257018 0.28622 -0.0956018
v 0.257018 0.213266 -0.0956018
v 0.272905 0.213266 -0.0956018
v 0.272905 0.213266 -0.0956018
v 0.272905 0.28622 -0.0956018
v 0.257018 0.28622 -0.0956018
v 0.24113 0.28622 -0.0956018
v 0.24113 0.213266 -0.0956018
v 0.257018 0.213266 -0.0956018
v 0.257018 0.213266 -0.0956018
v 0.257018 0.28622 -0.0956018
v 0.24113 0.28622 -0.0956018
v 0.225243 0.28622 -0.0956018
v 0.225243 0.213266 -0.0956018
v 0.24113 0.213266 -0.0956018
v 0.24113 0.213266 -0.0956018
v 0.24113 0.28622 -0.0956018
v 0.225243 0.28622 -0.0956018
v 0.209355 0.28622 -0.0956018
v 0.209355 0.213266 -0.0956018
v 0.225243 0.213266 -0.0956018
v 0.225243 0.213266 -0.0956018
v 0.225243 0.28622 -0.0956018
v 0.209355 0.28622 -0.0956018
v 0.193467 0.28622 -0.0956018
v 0.193467 0.213266 -0.0956018
v 0.209355 0.213266 -0.0956018
v 0.209355 0.213266 -0.0956018
v 0.209355 0.28622 -0.0956018
v 0.193467 0.28622 -0.0956018
v 0.17758 0.28622 -0.0956018
v 0.17758 0.213266 -0.0956018
v 0.193467 0.213266 -0.0956018
v 0.193467 0.213266 -0.0956018
v 0.193467 0.28622 -0.0956018
v 0.17758 0.28622 -0.0956018
v 0.161692 0.28622 -0.0956018
v 0.161692 0.213266 -0.0956018
v 0.17758 0.213266 -0.0956018
v 0.17758 0.213266 -0.0956018
v 0.17758 0.28622 -0.0956018
v 0.161692 0.28622 -0.0956018
v 0.145805 0.28622 -0.0956018
v 0.145805 0.213266 -0.0956018
v 0.161692 0.213266 -0.0956018
v 0.161692 0.213266 -0.0956018
v 0.161692 0.28622 -0.0956018
v 0.145805 0.28622 -0.0956018
v 0.129917 0.28622 -0.0956018
v 0.129917 0.213266 -0.0956018
v 0.145805 0.213266 -0.0956018
v 0.145805 0.213266 -0.0956018
v 0.145805 0.28622 -0.0956018
v 0.129917 0.28622 -0.0956018
v 0.114029 0.28622 -0.0956018
v 0.114029 0.213266 -0.0956018
v 0.129917 0.213266 -0.0956018
v 0.129917 0.213266 -0.0956018
v 0.129917 0.28622 -0.0956018
v 0.114029 0.28622 -0.0956018
v 0.0981417 0.28622 -0.0956018
v 0.0981417 0.213266 -0.0956018
v 0.114029 0.213266 -0.0956018
v 0.114029 0.213266 -0.0956018
v 0.114029 0.28622 -0.0956018
v 0.0981417 0.28622 -0.0956018
v 0.0822541 0.28622 -0.0956018
v 0.0822541 0.213266 -0.0956018
v 0.0981417 0.213266 -0.0956018
v 0.0981417 0.213266 -0.0956018
v 0.0981417 0.28622 -0.0956018
v 0.0822541 0.28622 -0.0956018
v 0.0663665 0.28622 -0.0956018
v 0.0663665 0.213266 -0.0956018
v 0.0822541 0.213266 -0.0956018
v 0.0822541 0.213266 -0.0956018
v 0.0822541 0.28622 -0.0956018
v 0.0663665 0.28622 -0.0956018
v 0.0504789 0.28622 -0.0956018
v 0.0504789 0.213266 -0.0956018
v 0.0663665 0.213266 -0.0956018
v 0.0663665 0.213266 -0.0956018
v 0.0663665 0.28622 -0.0956018
v 0.0504789 0.28622 -0.0956018
v 0.0345912 0.28622 -0.0956018
v 0.0345912 0.213266 -0.0956018
v 0.0504789 0.213266 -0.0956018
v 0.0504789 0.213266 -0.0956018
v 0.0504789 0.28622 -0.0956018
v 0.0345912 0.28622 -0.0956018
v 0.0187036 0.28622 -0.0956018
v 0.0187036 0.213266 -0.0956018
v 0.0345912 0.213266 -0.0956018
v 0.0345912 0.213266 -0.0956018
v 0.0345912 0.28622 -0.0956018
v 0.0187036 0.28622 -0.0956018
v 0.002816 0.28622 -0.0956018
v 0.002816 0.213266 -0.0956018
v 0.0187036 0.213266 -0.0956018
v 0.0187036 0.213266 -0.0956018
v 0.0187036 0.28622 -0.0956018
v 0.002816 0.28622 -0.0956018
v 0.701871 0.359173 -0.0956018
v 0.701871 0.28622 -0.0956018
v 0.717759 0.28622 -0.0956018
v 0.717759 0.28622 -0.0956018
v 0.717759 0.359173 -0.0956018
v 0.701871 0.359173 -0.0956018
v 0.685984 0.359173 -0.0956018
v 0.685984 0.28622 -0.0956018
v 0.701871 0.28622 -0.0956018
v 0.701871 0.28622 -0.0956018
v 0.701871 0.359173 -0.0956018
v 0.685984 0.359173 -0.0956018
v 0.670096 0.359173 -0.0956018
v 0.670096 0.28622 -0.0956018
v 0.685984 0.28622 -0.0956018
v 0.685984 0.28622 -0.0956018
v 0.685984 0.359173 -0.0956018
v 0.670096 0.359173 -0.0956018
v 0.654208 0.359173 -0.0956018
v 0.654208 0.28622 -0.0956018
v 0.670096 0.28622 -0.0956018
v 0.670096 0.28622 -0.0956018
v 0.670096 0.359173 -0.0956018
v 0.654208 0.359173 -0.0956018
v 0.638321 0.359173 -0.0956018
v 0.638321 0.28622 -0.0956018
v 0.654208 0.28622 -0.0956018
v 0.654208 0.28622 -0.0956018
v 0.654208 0.359173 -0.0956018
v 0.638321 0.359173 -0.0956018
v 0.622433 0.359173 -0.0956018
v 0.622433 0.28622 -0.0956018
v 0.638321 0.28622 -0.0956018
v 0.638321 0.28622 -0.0956018
v 0.638321 0.359173 -0.0956018
v 0.622433 0.359173 -0.0956018
v 0.606546 0.359173 -0.0956018
v 0.606546 0.28622 -0.0956018
v 0.622433 0.28622 -0.0956018
v 0.622433 0.28622 -0.0956018
v 0.622433 0.359173 -0.0956018
v 0.606546 0.359173 -0.0956018
v 0.590658 0.359173 -0.0956018
v 0.590658 0.28622 -0.0956018
v 0.606546 0.28622 -0.0956018
v 0.606546 0.28622 -0.0956018
v 0.606546 0.359173 -0.0956018
v 0.590658 0.359173 -0.0956018
v 0.57477 0.359173 -0.0956018
v 0.57477 0.28622 -0.0956018
v 0.590658 0.28622 -0.0956018
v 0.590658 0.28622 -0.0956018
v 0.590658 0.359173 -0.0956018
v 0.57477 0.359173 -0.0956018
v 0.558883 0.359173 -0.0956018
v 0.558883 0.28622 -0.0956018
v 0.57477 0.28622 -0.0956018
v 0.57477 0.28622 -0.0956018
v 0.57477 0.359173 -0.0956018
v 0.558883 0.359173 -0.0956018
v 0.542995 0.359173 -0.0956018
v 0.542995 0.28622 -0.0956018
v 0.558883 0.28622 -0.0956018
v 0.558883 0.28622 -0.0956018
v 0.558883 0.359173 -0.0956018
v 0.542995 0.359173 -0.0956018
v 0.527107 0.359173 -0.0956018
v 0.527107 0.28622 -0.0956018
v 0.542995 0.28622 -0.0956018
v 0.542995 0.28622 -0.0956018
v 0.542995 0.359173 -0.0956018
v 0.527107 0.359173 -0.0956018
v 0.51122 0.359173 -0.0956018
v 0.51122 0.28622 -0.0956018
v 0.527107 0.28622 -0.0956018
v 0.527107 0.28622 -0.0956018
v 0.527107 0.359173 -0.0956018
v 0.51122 0.359173 -0.0956018
v 0.495332 0.359173 -0.0956018
v 0.495332 0.28622 -0.0956018
v 0.51122 0.28622 -0.0956018
v 0.51122 0.28622 -0.0956018
v 0.51122 0.359173 -0.0956018
v 0.495332 0.359173 -0.0956018
v 0.479444 0.359173 -0.0956018
v 0.479444 0.28622 -0.0956018
v 0.495332 0.28622 -0.0956018
v 0.495332 0.28622 -0.0956018
v 0.495332 0.359173 -0.0956018
v 0.479444 0.359173 -0.0956018
v 0.463557 0.359173 -0.0956018
v 0.463557 0.28622 -0.0956018
v 0.479444 0.28622 -0.0956018
v 0.479444 0.28622 -0.0956018
v 0.479444 0.359173 -0.0956018
v 0.463557 0.359173 -0.0956018
v 0.447669 0.359173 -0.0956018
v 0.447669 0.28622 -0.0956018
v 0.463557 0.28622 -0.0956018
v 0.463557 0.28622 -0.0956018
v 0.463557 0.359173 -0.0956018
v 0.447669 0.359173 -0.0956018
v 0.431782 0.359173 -0.0956018
v 0.431782 0.28622 -0.0956018
v 0.447669 0.28622 -0.0956018
v 0.447669 0.28622 -0.0956018
v 0.447669 0.359173 -0.0956018
v 0.431782 0.359173 -0.0956018
v 0.415894 0.359173 -0.0956018
v 0.415894 0.28622 -0.0956018
v 0.431782 0.28622 -0.0956018
v 0.431782 0.28622 -0.0956018
v 0.431782 0.359173 -0.0956018
v 0.415894 0.359173 -0.0956018
v 0.400006 0.359173 -0.0956018
v 0.400006 0.28622 -0.0956018
v 0.415894 0.28622 -0.0956018
v 0.415894 0.28622 -0.0956018
v 0.415894 0.359173 -0.0956018
v 0.400006 0.359173 -0.0956018
v 0.384119 0.359173 -0.0956018
v 0.384119 0.28622 -0.0956018
v 0.400006 0.28622 -0.0956018
v 0.400006 0.28622 -0.0956018
v 0.400006 0.359173 -0.0956018
v 0.384119 0.359173 -0.0956018
v 0.368231 0.359173 -0.0956018
v 0.368231 0.28622 -0.0956018
v 0.384119 0.28622 -0.0956018
v 0.384119 0.28622 -0.0956018
v 0.384119 0.359173 -0.0956018
v 0.368231 0.359173 -0.0956018
v 0.352343 0.359173 -0.0956018
v 0.352343 0.28622 -0.0956018
v 0.368231 0.28622 -0.0956018
v 0.368231 0.28622 -0.0956018
v 0.368231 0.359173 -0.0956018
v 0.352343 0.359173 -0.0956018
v 0.336456 0.359173 -0.0956018
v 0.336456 0.28622 -0.0956018
v 0.352343 0.28622 -0.0956018
v 0.352343 0.28622 -0.0956018
v 0.352343 0.359173 -0.0956018
v 0.336456 0.359173 -0.0956018
v 0.320568 0.359173 -0.0956018
v 0.320568 0.28622 -0.0956018
v 0.336456 0.28622 -0.0956018
v 0.336456 0.28622 -0.0956018
v 0.336456 0.359173 -0.0956018
v 0.320568 0.359173 -0.0956018
v 0.304681 0.359173 -0.0956018
v 0.304681 0.28622 -0.0956018
v 0.320568 0.28622 -0.0956018
v 0.320568 0.28622 -0.0956018
v 0.320568 0.359173 -0.0956018
v 0.304681 0.359173 -0.0956018
v 0.288793 0.359173 -0.0956018
v 0.288793 0.28622 -0.0956018
v 0.304681 0.28622 -0.0956018
v 0.304681 0.28622 -0.0956018
v 0.304681 0.359173 -0.0956018
v 0.288793 0.359173 -0.0956018
v 0.272905 0.359173 -0.0956018
v 0.272905 0.28622 -0.0956018
v 0.288793 0.28622 -0.0956018
v 0.288793 0.28622 -0.0956018
v 0.288793 0.359173 -0.0956018
v 0.272905 0.359173 -0.0956018
v 0.257018 0.359173 -0.0956018
v 0.257018 0.28622 -0.0956018
v 0.272905 0.28622 -0.0956018
v 0.272905 0.28622 -0.0956018
v 0.272905 0.359173 -0.0956018
v 0.257018 0.359173 -0.0956018
v 0.24113 0.359173 -0.0956018
v 0.24113 0.28622 -0.0956018
v 0.257018 0.28622 -0.0956018
v 0.257018 0.28622 -0.0956018
v 0.257018 0.359173 -0.0956018
v 0.24113 0.359173 -0.0956018
v 0.225243 0.359173 -0.0956018
v 0.225243 0.28622 -0.0956018
v 0.24113 0.28622 -0.0956018
v 0.24113 0.28622 -0.0956018
v 0.24113 0.359173 -0.0956018
v 0.225243 0.359173 -0.0956018
v 0.209355 0.359173 -0.0956018
v 0.209355 0.28622 -0.0956018
v 0.225243 0.28622 -0.0956018
v 0.225243 0.28622 -0.0956018
v 0.225243 0.359173 -0.0956018
v 0.209355 0.359173 -0.0956018
v 0.193467 0.359173 -0.0956018
v 0.193467 0.28622 -0.0956018
v 0.209355 0.28622 -0.0956018
v 0.209355 0.28622 -0.0956018
v 0.209355 0.359173 -0.0956018
v 0.193467 0.359173 -0.0956018
v 0.17758 0.359173 -0.0956018
v 0.17758 0.28622 -0.0956018
v 0.193467 0.28622 -0.0956018
v 0.193467 0.28622 -0.0956018
v 0.193467 0.359173 -0.0956018
v 0.17758 0.359173 -0.0956018
v 0.161692 0.359173 -0.0956018
v 0.161692 0.28622 -0.0956018
v 0.17758 0.28622 -0.0956018
v 0.17758 0.28622 -0.0956018
v 0.17758 0.359173 -0.0956018
v 0.161692 0.359173 -0.0956018
v 0.145805 0.359173 -0.0956018
v 0.145805 0.28622 -0.0956018
v 0.161692 0.28622 -0.0956018
v 0.161692 0.28622 -0.0956018
v 0.161692 0.359173 -0.0956018
v 0.145805 0.359173 -0.0956018
v 0.129917 0.359173 -0.0956018
v 0.129917 0.28622 -0.0956018
v 0.145805 0.28622 -0.0956018
v 0.145805 0.28622 -0.0956018
v 0.145805 0.359173 -0.0956018
v 0.129917 0.359173 -0.0956018
v 0.114029 0.359173 -0.0956018
v 0.114029 0.28622 -0.0956018
v 0.129917 0.28622 -0.0956018
v 0.129917 0.28622 -0.0956018
v 0.129917 0.359173 -0.0956018
v 0.114029 0.359173 -0.0956018
v 0.0981417 0.359173 -0.0956018
v 0.0981417 0.28622 -0.0956018
v 0.114029 0.28622 -0.0956018
v 0.114029 0.28622 -0.0956018
v 0.114029 0.359173 -0.0956018
v 0.0981417 0.359173 -0.0956018
v 0.0822541 0.359173 -0.0956018
v 0.0822541 0.28622 -0.0956018
v 0.0981417 0.28622 -0.0956018
v 0.0981417 0.28622 -0.0956018
v 0.0981417 0.359173 -0.0956018
v 0.0822541 0.359173 -0.0956018
v 0.0663665 0.359173 -0.0956018
v 0.0663665 0.28622 -0.0956018
v 0.0822541 0.28622 -0.0956018
v 0.0822541 0.28622 -0.0956018
v 0.0822541 0.359173 -0.0956018
v 0.0663665 0.359173 -0.0956018
v 0.0504789 0.359173 -0.0956018
v 0.0504789 0.28622 -0.0956018
v 0.0663665 0.28622 -0.0956018
v 0.0663665 0.28622 -0.0956018
v 0.0663665 0.359173 -0.0956018
v 0.0504789 0.359173 -0.0956018
v 0.0345912 0.359173 -0.0956018
v 0.0345912 0.28622 -0.0956018
v 0.0504789 0.28622 -0.0956018
v 0.0504789 0.28622 -0.0956018
v 0.0504789 0.359173 -0.0956018
v 0.0345912 0.359173 -0.0956018
v 0.0187036 0.359173 -0.0956018
v 0.0187036 0.28622 -0.0956018
v 0.0345912 0.28622 -0.0956018
v 0.0345912 0.28622 -0.0956018
v 0.0345912 0.359173 -0.0956018
v 0.0187036 0.359173 -0.0956018
v 0.002816 0.359173 -0.0956018
v 0.002816 0.28622 -0.0956018
v 0.0187036 0.28622 -0.0956018
v 0.0187036 0.28622 -0.0956018
v 0.0187036 0.359173 -0.0956018
v 0.002816 0.359173 -0.0956018
v 0.701871 0.432126 -0.0956017
v 0.701871 0.359173 -0.0956018
v 0.717759 0.359173 -0.0956018
v 0.717759 0.359173 -0.0956018
v 0.717759 0.432126 -0.0956017
v 0.701871 0.432126 -0.0956017
v 0.685984 0.432126 -0.0956017
v 0.685984 0.359173 -0.0956018
v 0.701871 0.359173 -0.0956018
v 0.701871 0.359173 -0.0956018
v 0.701871 0.432126 -0.0956017
v 0.685984 0.432126 -0.0956017
v 0.670096 0.432126 -0.0956017
v 0.670096 0.359173 -0.0956018
v 0.685984 0.359173 -0.0956018
v 0.685984 0.359173 -0.0956018
v 0.685984 0.432126 -0.0956017
v 0.670096 0.432126 -0.0956017
v 0.654208 0.432126 -0.0956017
v 0.654208 0.359173 -0.0956018
v 0.670096 0.359173 -0.0956018
v 0.670096 0.359173 -0.0956018
v 0.670096 0.432126 -0.0956017
v 0.654208 0.432126 -0.0956017
v 0.638321 0.432126 -0.0956017
v 0.638321 0.359173 -0.0956018
v 0.654208 0.359173 -0.0956018
v 0.654208 0.359173 -0.0956018
v 0.654208 0.432126 -0.0956017
v 0.638321 0.432126 -0.0956017
v 0.622433 0.432126 -0.0956017
v 0.622433 0.359173 -0.0956018
v 0.638321 0.359173 -0.0956018
v 0.638321 0.359173 -0.0956018
v 0.638321 0.432126 -0.0956017
v 0.622433 0.432126 -0.0956017
v 0.606546 0.432126 -0.0956017
v 0.606546 0.359173 -0.0956018
v 0.622433 0.359173 -0.0956018
v 0.622433 0.359173 -0.0956018
v 0.622433 0.432126 -0.0956017
v 0.606546 0.432126 -0.0956017
v 0.590658 0.432126 -0.0956017
v 0.590658 0.359173 -0.0956018
v 0.606546 0.359173 -0.0956018
v 0.606546 0.359173 -0.0956018
v 0.606546 0.432126 -0.0956017
v 0.590658 0.432126 -0.0956017
v 0.57477 0.432126 -0.0956017
v 0.57477 0.359173 -0.0956018
v 0.590658 0.359173 -0.0956018
v 0.590658 0.359173 -0.0956018
v 0.590658 0.432126 -0.0956017
v 0.57477 0.432126 -0.0956017
v 0.558883 0.432126 -0.0956017
v 0.558883 0.359173 -0.0956018
v 0.57477 0.359173 -0.0956018
v 0.57477 0.359173 -0.0956018
v 0.57477 0.432126 -0.0956017
v 0.558883 0.432126 -0.0956017
v 0.542995 0.432126 -0.0956017
v 0.542995 0.359173 -0.0956018
v 0.558883 0.359173 -0.0956018
v 0.558883 0.359173 -0.0956018
v 0.558883 0.432126 -0.0956017
v 0.542995 0.432126 -0.0956017
v 0.527107 0.432126 -0.0956017
v 0.527107 0.359173 -0.0956018
v 0.542995 0.359173 -0.0956018
v 0.542995 0.359173 -0.0956018
v 0.542995 0.432126 -0.0956017
v 0.527107 0.432126 -0.0956017
v 0.51122 0.432126 -0.0956017
v 0.51122 0.359173 -0.0956018
v 0.527107 0.359173 -0.0956018
v 0.527107 0.359173 -0.0956018
v 0.527107 0.432126 -0.0956017
v 0.51122 0.432126 -0.0956017
v 0.495332 0.432126 -0.0956017
v 0.495332 0.359173 -0.0956018
v 0.51122 0.359173 -0.0956018
v 0.51122 0.359173 -0.0956018
v 0.51122 0.432126 -0.0956017
v 0.495332 0.432126 -0.0956017
v 0.479444 0.432126 -0.0956017
v 0.479444 0.359173 -0.0956018
v 0.495332 0.359173 -0.0956018
v 0.495332 0.359173 -0.0956018
v 0.495332 0.432126 -0.0956017
v 0.479444 0.432126 -0.0956017
v 0.463557 0.432126 -0.0956017
v 0.463557 0.359173 -0.0956018
v 0.479444 0.359173 -0.0956018
v 0.479444 0.359173 -0.0956018
v 0.479444 0.432126 -0.0956017
v 0.463557 0.432126 -0.0956017
v 0.447669 0.432126 -0.0956017
v 0.447669 0.359173 -0.0956018
v 0.463557 0.359173 -0.0956018
v 0.463557 0.359173 -0.0956018
v 0.463557 0.432126 -0.0956017
v 0.447669 0.432126 -0.0956017
v 0.431782 0.432126 -0.0956017
v 0.431782 0.359173 -0.0956018
v 0.447669 0.359173 -0.0956018
v 0.447669 0.359173 -0.0956018
v 0.447669 0.432126 -0.0956017
v 0.431782 0.432126 -0.0956017
v 0.415894 0.432126 -0.0956017
v 0.415894 0.359173 -0.0956018
v 0.431782 0.359173 -0.0956018
v 0.431782 0.359173 -0.0956018
v 0.431782 0.432126 -0.0956017
v 0.415894 0.432126 -0.0956017
v 0.400006 0.432126 -0.0956017
v 0.400006 0.359173 -0.0956018
v 0.415894 0.359173 -0.0956018
v 0.415894 0.359173 -0.0956018
v 0.415894 0.432126 -0.0956017
v 0.400006 0.432126 -0.0956017
v 0.384119 0.432126 -0.0956017
v 0.384119 0.359173 -0.0956018
v 0.400006 0.359173 -0.0956018
v 0.400006 0.359173 -0.0956018
v 0.400006 0.432126 -0.0956017
v 0.384119 0.432126 -0.0956017
v 0.368231 0.432126 -0.0956017
v 0.368231 0.359173 -0.0956018
v 0.384119 0.359173 -0.0956018
v 0.384119 0.359173 -0.0956018
v 0.384119 0.432126 -0.0956017
v 0.368231 0.432126 -0.0956017
v 0.352343 0.432126 -0.0956017
v 0.352343 0.359173 -0.0956018
v 0.368231 0.359173 -0.0956018
v 0.368231 0.359173 -0.0956018
v 0.368231 0.432126 -0.0956017
v 0.352343 0.432126 -0.0956017
v 0.336456 0.432126 -0.0956017
v 0.336456 0.359173 -0.0956018
v 0.352343 0.359173 -0.0956018
v 0.352343 0.359173 -0.0956018
v 0.352343 0.432126 -0.0956017
v 0.336456 0.432126 -0.0956017
v 0.320568 0.432126 -0.0956017
v 0.320568 0.359173 -0.0956018
v 0.336456 0.359173 -0.0956018
v 0.336456 0.359173 -0.0956018
v 0.336456 0.432126 -0.0956017
v 0.320568 0.432126 -0.0956017
v 0.304681 0.432126 -0.0956017
v 0.304681 0.359173 -0.0956018
v 0.320568 0.359173 -0.0956018
v 0.320568 0.359173 -0.0956018
v 0.320568 0.432126 -0.0956017
v 0.304681 0.432126 -0.0956017
v 0.288793 0.432126 -0.0956017
v 0.288793 0.359173 -0.0956018
v 0.304681 0.359173 -0.0956018
v 0.304681 0.359173 -0.0956018
v 0.304681 0.432126 -0.0956017
v 0.288793 0.432126 -0.0956017
v 0.272905 0.432126 -0.0956017
v 0.272905 0.359173 -0.0956018
v 0.288793 0.359173 -0.0956018
v 0.288793 0.359173 -0.0956018
v 0.288793 0.432126 -0.0956017
v 0.272905 0.432126 -0.0956017
v 0.257018 0.432126 -0.0956017
v 0.257018 0.359173 -0.0956018
v 0.272905 0.359173 -0.0956018
v 0.272905 0.359173 -0.0956018
v 0.272905 0.432126 -0.0956017
v 0.257018 0.432126 -0.0956017
v 0.24113 0.432126 -0.0956017
v 0.24113 0.359173 -0.0956018
v 0.257018 0.359173 -0.0956018
v 0.257018 0.359173 -0.0956018
v 0.257018 0.432126 -0.0956017
v 0.24113 0.432126 -0.0956017
v 0.225243 0.432126 -0.0956017
v 0.225243 0.359173 -0.0956018
v 0.24113 0.359173 -0.0956018
v 0.24113 0.359173 -0.0956018
v 0.24113 0.432126 -0.0956017
v 0.225243 0.432126 -0.0956017
v 0.209355 0.432126 -0.0956017
v 0.209355 0.359173 -0.0956018
v 0.225243 0.359173 -0.0956018
v 0.225243 0.359173 -0.0956018
v 0.225243 0.432126 -0.0956017
v 0.209355 0.432126 -0.0956017
v 0.193467 0.432126 -0.0956017
v 0.193467 0.359173 -0.0956018
v 0.209355 0.359173 -0.0956018
v 0.209355 0.359173 -0.0956018
v 0.209355 0.432126 -0.0956017
v 0.193467 0.432126 -0.0956017
v 0.17758 0.432126 -0.0956017
v 0.17758 0.359173 -0.0956018
v 0.193467 0.359173 -0.0956018
v 0.193467 0.359173 -0.0956018
v 0.193467 0.432126 -0.0956017
v 0.17758 0.432126 -0.0956017
v 0.161692 0.432126 -0.0956017
v 0.161692 0.359173 -0.0956018
v 0.17758 0.359173 -0.0956018
v 0.17758 0.359173 -0.0956018
v 0.17758 0.432126 -0.0956017
v 0.161692 0.432126 -0.0956017
v 0.145805 0.432126 -0.0956017
v 0.145805 0.359173 -0.0956018
v 0.161692 0.359173 -0.0956018
v 0.161692 0.359173 -0.0956018
v 0.161692 0.432126 -0.0956017
v 0.145805 0.432126 -0.0956017
v 0.129917 0.432126 -0.0956017
v 0.129917 0.359173 -0.0956018
v 0.145805 0.359173 -0.0956018
v 0.145805 0.359173 -0.0956018
v 0.145805 0.432126 -0.0956017
v 0.129917 0.432126 -0.0956017
v 0.114029 0.432126 -0.0956017
v 0.114029 0.359173 -0.0956018
v 0.129917 0.359173 -0.0956018
v 0.129917 0.359173 -0.0956018
v 0.129917 0.432126 -0.0956017
v 0.114029 0.432126 -0.0956017
v 0.0981417 0.432126 -0.0956017
v 0.0981417 0.359173 -0.0956018
v 0.114029 0.359173 -0.0956018
v 0.114029 0.359173 -0.0956018
v 0.114029 0.432126 -0.0956017
v 0.0981417 0.432126 -0.0956017
v 0.0822541 0.432126 -0.0956017
v 0.0822541 0.359173 -0.0956018
v 0.0981417 0.359173 -0.0956018
v 0.0981417 0.359173 -0.0956018
v 0.0981417 0.432126 -0.0956017
v 0.0822541 0.432126 -0.0956017
v 0.0663665 0.432126 -0.0956017
v 0.0663665 0.359173 -0.0956018
v 0.0822541 0.359173 -0.0956018
v 0.0822541 0.359173 -0.0956018
v 0.0822541 0.432126 -0.0956017
v 0.0663665 0.432126 -0.0956017
v 0.0504789 0.432126 -0.0956017
v 0.0504789 0.359173 -0.0956018
v 0.0663665 0.359173 -0.0956018
v 0.0663665 0.359173 -0.0956018
v 0.0663665 0.432126 -0.0956017
v 0.0504789 0.432126 -0.0956017
v 0.0345912 0.432126 -0.0956017
v 0.0345912 0.359173 -0.0956018
v 0.0504789 0.359173 -0.0956018
v 0.0504789 0.359173 -0.0956018
v 0.0504789 0.432126 -0.0956017
v 0.0345912 0.432126 -0.0956017
v 0.0187036 0.432126 -0.0956017
v 0.0187036 0.359173 -0.0956018
v 0.0345912 0.359173 -0.0956018
v 0.0345912 0.359173 -0.0956018
v 0.0345912 0.432126 -0.0956017
v 0.0187036 0.432126 -0.0956017
v 0.002816 0.432126 -0.0956017
v 0.002816 0.359173 -0.0956018
v 0.0187036 0.359173 -0.0956018
v 0.0187036 0.359173 -0.0956018
v 0.0187036 0.432126 -0.0956017
v 0.002816 0.432126 -0.0956017
v 0.701871 0.50508 -0.0956017
v 0.701871 0.432126 -0.0956017
v 0.717759 0.432126 -0.0956017
v 0.717759 0.432126 -0.0956017
v 0.717759 0.50508 -0.0956017
v 0.701871 0.50508 -0.0956017
v 0.685984 0.50508 -0.0956017
v 0.685984 0.432126 -0.0956017
v 0.701871 0.432126 -0.0956017
v 0.701871 0.432126 -0.0956017
v 0.701871 0.50508 -0.0956017
v 0.685984 0.50508 -0.0956017
v 0.670096 0.50508 -0.0956017
v 0.670096 0.432126 -0.0956017
v 0.685984 0.432126 -0.0956017
v 0.685984 0.432126 -0.0956017
v 0.685984 0.50508 -0.0956017
v 0.670096 0.50508 -0.0956017
v 0.654208 0.50508 -0.0956017
v 0.654208 0.432126 -0.0956017
v 0.670096 0.432126 -0.0956017
v 0.670096 0.432126 -0.0956017
v 0.670096 0.50508 -0.0956017
v 0.654208 0.50508 -0.0956017
v 0.638321 0.50508 -0.0956017
v 0.638321 0.432126 -0.0956017
v 0.654208 0.432126 -0.0956017
v 0.654208 0.432126 -0.0956017
v 0.654208 0.50508 -0.0956017
v 0.638321 0.50508 -0.0956017
v 0.622433 0.50508 -0.0956017
v 0.622433 0.432126 -0.0956017
v 0.638321 0.432126 -0.0956017
v 0.638321 0.432126 -0.0956017
v 0.638321 0.50508 -0.0956017
v 0.622433 0.50508 -0.0956017
v 0.606546 0.50508 -0.0956017
v 0.606546 0.432126 -0.0956017
v 0.622433 0.432126 -0.0956017
v 0.622433 0.432126 -0.0956017
v 0.622433 0.50508 -0.0956017
v 0.606546 0.50508 -0.0956017
v 0.590658 0.50508 -0.0956017
v 0.590658 0.432126 -0.0956017
v 0.606546 0.432126 -0.0956017
v 0.606546 0.432126 -0.0956017
v 0.606546 0.50508 -0.0956017
v 0.590658 0.50508 -0.0956017
v 0.57477 0.50508 -0.0956017
v 0.57477 0.432126 -0.0956017
v 0.590658 0.432126 -0.0956017
v 0.590658 0.432126 -0.0956017
v 0.590658 0.50508 -0.0956017
v 0.57477 0.50508 -0.0956017
v 0.558883 0.50508 -0.0956017
v 0.558883 0.432126 -0.0956017
v 0.57477 0.432126 -0.0956017
v 0.57477 0.432126 -0.0956017
v 0.57477 0.50508 -0.0956017
v 0.558883 0.50508 -0.0956017
v 0.542995 0.50508 -0.0956017
v 0.542995 0.432126 -0.0956017
v 0.558883 0.432126 -0.0956017
v 0.558883 0.432126 -0.0956017
v 0.558883 0.50508 -0.0956017
v 0.542995 0.50508 -0.0956017
v 0.527107 0.50508 -0.0956017
v 0.527107 0.432126 -0.0956017
v 0.542995 0.432126 -0.0956017
v 0.542995 0.432126 -0.0956017
v 0.542995 0.50508 -0.0956017
v 0.527107 0.50508 -0.0956017
v 0.51122 0.50508 -0.0956017
v 0.51122 0.432126 -0.0956017
v 0.527107 0.432126 -0.0956017
v 0.527107 0.432126 -0.0956017
v 0.527107 0.50508 -0.0956017
v 0.51122 0.50508 -0.0956017
v 0.495332 0.50508 -0.0956017
v 0.495332 0.432126 -0.0956017
v 0.51122 0.432126 -0.0956017
v 0.51122 0.432126 -0.0956017
v 0.51122 0.50508 -0.0956017
v 0.495332 0.50508 -0.0956017
v 0.479444 0.50508 -0.0956017
v 0.479444 0.432126 -0.0956017
v 0.495332 0.432126 -0.0956017
v 0.495332 0.432126 -0.0956017
v 0.495332 0.50508 -0.0956017
v 0.479444 0.50508 -0.0956017
v 0.463557 0.50508 -0.0956017
v 0.463557 0.432126 -0.0956017
v 0.479444 0.432126 -0.0956017
v 0.479444 0.432126 -0.0956017
v 0.479444 0.50508 -0.0956017
v 0.463557 0.50508 -0.0956017
v 0.447669 0.50508 -0.0956017
v 0.447669 0.432126 -0.0956017
v 0.463557 0.432126 -0.0956017
v 0.463557 0.432126 -0.0956017
v 0.463557 0.50508 -0.0956017
v 0.447669 0.50508 -0.0956017
v 0.431782 0.50508 -0.0956017
v 0.431782 0.432126 -0.0956017
v 0.447669 0.432126 -0.0956017
v 0.447669 0.432126 -0.0956017
v 0.447669 0.50508 -0.0956017
v 0.431782 0.50508 -0.0956017
v 0.415894 0.50508 -0.0956017
v 0.415894 0.432126 -0.0956017
v 0.431782 0.432126 -0.0956017
v 0.431782 0.432126 -0.0956017
v 0.431782 0.50508 -0.0956017
v 0.415894 0.50508 -0.0956017
v 0.400006 0.50508 -0.0956017
v 0.400006 0.432126 -0.0956017
v 0.415894 0.432126 -0.0956017
v 0.415894 0.432126 -0.0956017
v 0.415894 0.50508 -0.0956017
v 0.400006 0.50508 -0.0956017
v 0.384119 0.50508 -0.0956017
v 0.384119 0.432126 -0.0956017
v 0.400006 0.432126 -0.0956017
v 0.400006 0.432126 -0.0956017
v 0.400006 0.50508 -0.0956017
v 0.384119 0.50508 -0.0956017
v 0.368231 0.50508 -0.0956017
v 0.368231 0.432126 -0.0956017
v 0.384119 0.432126 -0.0956017
v 0.384119 0.432126 -0.0956017
v 0.384119 0.50508 -0.0956017
v 0.368231 0.50508 -0.0956017
v 0.352343 0.50508 -0.0956017
v 0.352343 0.432126 -0.0956017
v 0.368231 0.432126 -0.0956017
v 0.368231 0.432126 -0.0956017
v 0.368231 0.50508 -0.0956017
v 0.352343 0.50508 -0.0956017
v 0.336456 0.50508 -0.0956017
v 0.336456 0.432126 -0.0956017
v 0.352343 0.432126 -0.0956017
v 0.352343 0.432126 -0.0956017
v 0.352343 0.50508 -0.0956017
v 0.336456 0.50508 -0.0956017
v 0.320568 0.50508 -0.0956017
v 0.320568 0.432126 -0.0956017
v 0.336456 0.432126 -0.0956017
v 0.336456 0.432126 -0.0956017
v 0.336456 0.50508 -0.0956017
v 0.320568 0.50508 -0.0956017
v 0.304681 0.50508 -0.0956017
v 0.304681 0.432126 -0.0956017
v 0.320568 0.432126 -0.0956017
v 0.320568 0.432126 -0.0956017
v 0.320568 0.50508 -0.0956017
v 0.304681 0.50508 -0.0956017
v 0.288793 0.50508 -0.0956017
v 0.288793 0.432126 -0.0956017
v 0.304681 0.432126 -0.0956017
v 0.304681 0.432126 -0.0956017
v 0.304681 0.50508 -0.0956017
v 0.288793 0.50508 -0.0956017
v 0.272905 0.50508 -0.0956017
v 0.272905 0.432126 -0.0956017
v 0.288793 0.432126 -0.0956017
v 0.288793 0.432126 -0.0956017
v 0.288793 0.50508 -0.0956017
v 0.272905 0.50508 -0.0956017
v 0.257018 0.50508 -0.0956017
v 0.257018 0.432126 -0.0956017
v 0.272905 0.432126 -0.0956017
v 0.272905 0.432126 -0.0956017
v 0.272905 0.50508 -0.0956017
v 0.257018 0.50508 -0.0956017
v 0.24113 0.50508 -0.0956017
v 0.24113 0.432126 -0.0956017
v 0.257018 0.432126 -0.0956017
v 0.257018 0.432126 -0.0956017
v 0.257018 0.50508 -0.0956017
v 0.24113 0.50508 -0.0956017
v 0.225243 0.50508 -0.0956017
v 0.225243 0.432126 -0.0956017
v 0.24113 0.432126 -0.0956017
v 0.24113 0.432126 -0.0956017
v 0.24113 0.50508 -0.0956017
v 0.225243 0.50508 -0.0956017
v 0.209355 0.50508 -0.0956017
v 0.209355 0.432126 -0.0956017
v 0.225243 0.432126 -0.0956017
v 0.225243 0.432126 -0.0956017
v 0.225243 0.50508 -0.0956017
v 0.209355 0.50508 -0.0956017
v 0.193467 0.50508 -0.0956017
v 0.193467 0.432126 -0.0956017
v 0.209355 0.432126 -0.0956017
v 0.209355 0.432126 -0.0956017
v 0.209355 0.50508 -0.0956017
v 0.193467 0.50508 -0.0956017
v 0.17758 0.50508 -0.0956017
v 0.17758 0.432126 -0.0956017
v 0.193467 0.432126 -0.0956017
v 0.193467 0.432126 -0.0956017
v 0.193467 0.50508 -0.0956017
v 0.17758 0.50508 -0.0956017
v 0.161692 0.50508 -0.0956017
v 0.161692 0.432126 -0.0956017
v 0.17758 0.432126 -0.0956017
v 0.17758 0.432126 -0.0956017
v 0.17758 0.50508 -0.0956017
v 0.161692 0.50508 -0.0956017
v 0.145805 0.50508 -0.0956017
v 0.145805 0.432126 -0.0956017
v 0.161692 0.432126 -0.0956017
v 0.161692 0.432126 -0.0956017
v 0.161692 0.50508 -0.0956017
v 0.145805 0.50508 -0.0956017
v 0.129917 0.50508 -0.0956017
v 0.129917 0.432126 -0.0956017
v 0.145805 0.432126 -0.0956017
v 0.145805 0.432126 -0.0956017
v 0.145805 0.50508 -0.0956017
v 0.129917 0.50508 -0.0956017
v 0.114029 0.50508 -0.0956017
v 0.114029 0.432126 -0.0956017
v 0.129917 0.432126 -0.0956017
v 0.129917 0.432126 -0.0956017
v 0.129917 0.50508 -0.0956017
v 0.114029 0.50508 -0.0956017
v 0.0981417 0.50508 -0.0956017
v 0.0981417 0.432126 -0.0956017
v 0.114029 0.432126 -0.0956017
v 0.114029 0.432126 -0.0956017
v 0.114029 0.50508 -0.0956017
v 0.0981417 0.50508 -0.0956017
v 0.0822541 0.50508 -0.0956017
v 0.0822541 0.432126 -0.0956017
v 0.0981417 0.432126 -0.0956017
v 0.0981417 0.432126 -0.0956017
v 0.0981417 0.50508 -0.0956017
v 0.0822541 0.50508 -0.0956017
v 0.0663665 0.50508 -0.0956017
v 0.0663665 0.432126 -0.0956017
v 0.0822541 0.432126 -0.0956017
v 0.0822541 0.432126 -0.0956017
v 0.0822541 0.50508 -0.0956017
v 0.0663665 0.50508 -0.0956017
v 0.0504789 0.50508 -0.0956017
v 0.0504789 0.432126 -0.0956017
v 0.0663665 0.432126 -0.0956017
v 0.0663665 0.432126 -0.0956017
v 0.0663665 0.50508 -0.0956017
v 0.0504789 0.50508 -0.0956017
v 0.0345912 0.50508 -0.0956017
v 0.0345912 0.432126 -0.0956017
v 0.0504789 0.432126 -0.0956017
v 0.0504789 0.432126 -0.0956017
v 0.0504789 0.50508 -0.0956017
v 0.0345912 0.50508 -0.0956017
v 0.0187036 0.50508 -0.0956017
v 0.0187036 0.432126 -0.0956017
v 0.0345912 0.432126 -0.0956017
v 0.0345912 0.432126 -0.0956017
v 0.0345912 0.50508 -0.0956017
v 0.0187036 0.50508 -0.0956017
v 0.002816 0.50508 -0.0956017
v 0.002816 0.432126 -0.0956017
v 0.0187036 0.432126 -0.0956017
v 0.0187036 0.432126 -0.0956017
v 0.0187036 0.50508 -0.0956017
v 0.002816 0.50508 -0.0956017
v 0.701871 0.578033 -0.0956017
v 0.701871 0.50508 -0.0956017
v 0.717759 0.50508 -0.0956017
v 0.717759 0.50508 -0.0956017
v 0.717759 0.578033 -0.0956017
v 0.701871 0.578033 -0.0956017
v 0.685984 0.578033 -0.0956017
v 0.685984 0.50508 -0.0956017
v 0.701871 0.50508 -0.0956017
v 0.701871 0.50508 -0.0956017
v 0.701871 0.578033 -0.0956017
v 0.685984 0.578033 -0.0956017
v 0.670096 0.578033 -0.0956017
v 0.670096 0.50508 -0.0956017
v 0.685984 0.50508 -0.0956017
v 0.685984 0.50508 -0.0956017
v 0.685984 0.578033 -0.0956017
v 0.670096 0.578033 -0.0956017
v 0.654208 0.578033 -0.0956017
v 0.654208 0.50508 -0.0956017
v 0.670096 0.50508 -0.0956017
v 0.670096 0.50508 -0.0956017
v 0.670096 0.578033 -0.0956017
v 0.654208 0.578033 -0.0956017
v 0.638321 0.578033 -0.0956017
v 0.638321 0.50508 -0.0956017
v 0.654208 0.50508 -0.0956017
v 0.654208 0.50508 -0.0956017
v 0.654208 0.578033 -0.0956017
v 0.638321 0.578033 -0.0956017
v 0.622433 0.578033 -0.0956017
v 0.622433 0.50508 -0.0956017
v 0.638321 0.50508 -0.0956017
v 0.638321 0.50508 -0.0956017
v 0.638321 0.578033 -0.0956017
v 0.622433 0.578033 -0.0956017
v 0.606546 0.578033 -0.0956017
v 0.606546 0.50508 -0.0956017
v 0.622433 0.50508 -0.0956017
v 0.622433 0.50508 -0.0956017
v 0.622433 0.578033 -0.0956017
v 0.606546 0.578033 -0.0956017
v 0.590658 0.578033 -0.0956017
v 0.590658 0.50508 -0.0956017
v 0.606546 0.50508 -0.0956017
v 0.606546 0.50508 -0.0956017
v 0.606546 0.578033 -0.0956017
v 0.590658 0.578033 -0.0956017
v 0.57477 0.578033 -0.0956017
v 0.57477 0.50508 -0.0956017
v 0.590658 0.50508 -0.0956017
v 0.590658 0.50508 -0.0956017
v 0.590658 0.578033 -0.0956017
v 0.57477 0.578033 -0.0956017
v 0.558883 0.578033 -0.0956017
v 0.558883 0.50508 -0.0956017
v 0.57477 0.50508 -0.0956017
v 0.57477 0.50508 -0.0956017
v 0.57477 0.578033 -0.0956017
v 0.558883 0.578033 -0.0956017
v 0.542995 0.578033 -0.0956017
v 0.542995 0.50508 -0.0956017
v 0.558883 0.50508 -0.0956017
v 0.558883 0.50508 -0.0956017
v 0.558883 0.578033 -0.0956017
v 0.542995 0.578033 -0.0956017
v 0.527107 0.578033 -0.0956017
v 0.527107 0.50508 -0.0956017
v 0.542995 0.50508 -0.0956017
v 0.542995 0.50508 -0.0956017
v 0.542995 0.578033 -0.0956017
v 0.527107 0.578033 -0.0956017
v 0.51122 0.578033 -0.0956017
v 0.51122 0.50508 -0.0956017
v 0.527107 0.50508 -0.0956017
v 0.527107 0.50508 -0.0956017
v 0.527107 0.578033 -0.0956017
v 0.51122 0.578033 -0.0956017
v 0.495332 0.578033 -0.0956017
v 0.495332 0.50508 -0.0956017
v 0.51122 0.50508 -0.0956017
v 0.51122 0.50508 -0.0956017
v 0.51122 0.578033 -0.0956017
v 0.495332 0.578033 -0.0956017
v 0.479444 0.578033 -0.0956017
v 0.479444 0.50508 -0.0956017
v 0.495332 0.50508 -0.0956017
v 0.495332 0.50508 -0.0956017
v 0.495332 0.578033 -0.0956017
v 0.479444 0.578033 -0.0956017
v 0.463557 0.578033 -0.0956017
v 0.463557 0.50508 -0.0956017
v 0.479444 0.50508 -0.0956017
v 0.479444 0.50508 -0.0956017
v 0.479444 0.578033 -0.0956017
v 0.463557 0.578033 -0.0956017
v 0.447669 0.578033 -0.0956017
v 0.447669 0.50508 -0.0956017
v 0.463557 0.50508 -0.0956017
v 0.463557 0.50508 -0.0956017
v 0.463557 0.578033 -0.0956017
v 0.447669 0.578033 -0.0956017
v 0.431782 0.578033 -0.0956017
v 0.431782 0.50508 -0.0956017
v 0.447669 0.50508 -0.0956017
v 0.447669 0.50508 -0.0956017
v 0.447669 0.578033 -0.0956017
v 0.431782 0.578033 -0.0956017
v 0.415894 0.578033 -0.0956017
v 0.415894 0.50508 -0.0956017
v 0.431782 0.50508 -0.0956017
v 0.431782 0.50508 -0.0956017
v 0.431782 0.578033 -0.0956017
v 0.415894 0.578033 -0.0956017
v 0.400006 0.578033 -0.0956017
v 0.400006 0.50508 -0.0956017
v 0.415894 0.50508 -0.0956017
v 0.415894 0.50508 -0.0956017
v 0.415894 0.578033 -0.0956017
v 0.400006 0.578033 -0.0956017
v 0.384119 0.578033 -0.0956017
v 0.384119 0.50508 -0.0956017
v 0.400006 0.50508 -0.0956017
v 0.400006 0.50508 -0.0956017
v 0.400006 0.578033 -0.0956017
v 0.384119 0.578033 -0.0956017
v 0.368231 0.578033 -0.0956017
v 0.368231 0.50508 -0.0956017
v 0.384119 0.50508 -0.0956017
v 0.384119 0.50508 -0.0956017
v 0.384119 0.578033 -0.0956017
v 0.368231 0.578033 -0.0956017
v 0.352343 0.578033 -0.0956017
v 0.352343 0.50508 -0.0956017
v 0.368231 0.50508 -0.0956017
v 0.368231 0.50508 -0.0956017
v 0.368231 0.578033 -0.0956017
v 0.352343 0.578033 -0.0956017
v 0.336456 0.578033 -0.0956017
v 0.336456 0.50508 -0.0956017
v 0.352343 0.50508 -0.0956017
v 0.352343 0.50508 -0.0956017
v 0.352343 0.578033 -0.0956017
v 0.336456 0.578033 -0.0956017
v 0.320568 0.578033 -0.0956017
v 0.320568 0.50508 -0.0956017
v 0.336456 0.50508 -0.0956017
v 0.336456 0.50508 -0.0956017
v 0.336456 0.578033 -0.0956017
v 0.320568 0.578033 -0.0956017
v 0.304681 0.578033 -0.0956017
v 0.304681 0.50508 -0.0956017
v 0.320568 0.50508 -0.0956017
v 0.320568 0.50508 -0.0956017
v 0.320568 0.578033 -0.0956017
v 0.304681 0.578033 -0.0956017
v 0.288793 0.578033 -0.0956017
v 0.288793 0.50508 -0.0956017
v 0.304681 0.50508 -0.0956017
v 0.304681 0.50508 -0.0956017
v 0.304681 0.578033 -0.0956017
v 0.288793 0.578033 -0.0956017
v 0.272905 0.578033 -0.0956017
v 0.272905 0.50508 -0.0956017
v 0.288793 0.50508 -0.0956017
v 0.288793 0.50508 -0.0956017
v 0.288793 0.578033 -0.0956017
v 0.272905 0.578033 -0.0956017
v 0.257018 0.578033 -0.0956017
v 0.257018 0.50508 -0.0956017
v 0.272905 0.50508 -0.0956017
v 0.272905 0.50508 -0.0956017
v 0.272905 0.578033 -0.0956017
v 0.257018 0.578033 -0.0956017
v 0.24113 0.578033 -0.0956017
v 0.24113 0.50508 -0.0956017
v 0.257018 0.50508 -0.0956017
v 0.257018 0.50508 -0.0956017
v 0.257018 0.578033 -0.0956017
v 0.24113 0.578033 -0.0956017
v 0.225243 0.578033 -0.0956017
v 0.225243 0.50508 -0.0956017
v 0.24113 0.50508 -0.0956017
v 0.24113 0.50508 -0.0956017
v 0.24113 0.578033 -0.0956017
v 0.225243 0.578033 -0.0956017
v 0.209355 0.578033 -0.0956017
v 0.209355 0.50508 -0.0956017
v 0.225243 0.50508 -0.0956017
v 0.225243 0.50508 -0.0956017
v 0.225243 0.578033 -0.0956017
v 0.209355 0.578033 -0.0956017
v 0.193467 0.578033 -0.0956017
v 0.193467 0.50508 -0.0956017
v 0.209355 0.50508 -0.0956017
v 0.209355 0.50508 -0.0956017
v 0.209355 0.578033 -0.0956017
v 0.193467 0.578033 -0.0956017
v 0.17758 0.578033 -0.0956017
v 0.17758 0.50508 -0.0956017
v 0.193467 0.50508 -0.0956017
v 0.193467 0.50508 -0.0956017
v 0.193467 0.578033 -0.0956017
v 0.17758 0.578033 -0.0956017
v 0.161692 0.578033 -0.0956017
v 0.161692 0.50508 -0.0956017
v 0.17758 0.50508 -0.0956017
v 0.17758 0.50508 -0.0956017
v 0.17758 0.578033 -0.0956017
v 0.161692 0.578033 -0.0956017
v 0.145805 0.578033 -0.0956017
v 0.145805 0.50508 -0.0956017
v 0.161692 0.50508 -0.0956017
v 0.161692 0.50508 -0.0956017
v 0.161692 0.578033 -0.0956017
v 0.145805 0.578033 -0.0956017
v 0.129917 0.578033 -0.0956017
v 0.129917 0.50508 -0.0956017
v 0.145805 0.50508 -0.0956017
v 0.145805 0.50508 -0.0956017
v 0.145805 0.578033 -0.0956017
v 0.129917 0.578033 -0.0956017
v 0.114029 0.578033 -0.0956017
v 0.114029 0.50508 -0.0956017
v 0.129917 0.50508 -0.0956017
v 0.129917 0.50508 -0.0956017
v 0.129917 0.578033 -0.0956017
v 0.114029 0.578033 -0.0956017
v 0.0981417 0.578033 -0.0956017
v 0.0981417 0.50508 -0.0956017
v 0.114029 0.50508 -0.0956017
v 0.114029 0.50508 -0.0956017
v 0.114029 0.578033 -0.0956017
v 0.0981417 0.578033 -0.0956017
v 0.0822541 0.578033 -0.0956017
v 0.0822541 0.50508 -0.0956017
v 0.0981417 0.50508 -0.0956017
v 0.0981417 0.50508 -0.0956017
v 0.0981417 0.578033 -0.0956017
v 0.0822541 0.578033 -0.0956017
v 0.0663665 0.578033 -0.0956017
v 0.0663665 0.50508 -0.0956017
v 0.0822541 0.50508 -0.0956017
v 0.0822541 0.50508 -0.0956017
v 0.0822541 0.578033 -0.0956017
v 0.0663665 0.578033 -0.0956017
v 0.0504789 0.578033 -0.0956017
v 0.0504789 0.50508 -0.0956017
v 0.0663665 0.50508 -0.0956017
v 0.0663665 0.50508 -0.0956017
v 0.0663665 0.578033 -0.0956017
v 0.0504789 0.578033 -0.0956017
v 0.0345912 0.578033 -0.0956017
v 0.0345912 0.50508 -0.0956017
v 0.0504789 0.50508 -0.0956017
v 0.0504789 0.50508 -0.0956017
v 0.0504789 0.578033 -0.0956017
v 0.0345912 0.578033 -0.0956017
v 0.0187036 0.578033 -0.0956017
v 0.0187036 0.50508 -0.0956017
v 0.0345912 0.50508 -0.0956017
v 0.0345912 0.50508 -0.0956017
v 0.0345912 0.578033 -0.0956017
v 0.0187036 0.578033 -0.0956017
v 0.002816 0.578033 -0.0956017
v 0.002816 0.50508 -0.0956017
v 0.0187036 0.50508 -0.0956017
v 0.0187036 0.50508 -0.0956017
v 0.0187036 0.578033 -0.0956017
v 0.002816 0.578033 -0.0956017
v 0.701871 0.650986 -0.0956017
v 0.701871 0.578033 -0.0956017
v 0.717759 0.578033 -0.0956017
v 0.717759 0.578033 -0.0956017
v 0.717759 0.650986 -0.0956017
v 0.701871 0.650986 -0.0956017
v 0.685984 0.650986 -0.0956017
v 0.685984 0.578033 -0.0956017
v 0.701871 0.578033 -0.0956017
v 0.701871 0.578033 -0.0956017
v 0.701871 0.650986 -0.0956017
v 0.685984 0.650986 -0.0956017
v 0.670096 0.650986 -0.0956017
v 0.670096 0.578033 -0.0956017
v 0.685984 0.578033 -0.0956017
v 0.685984 0.578033 -0.0956017
v 0.685984 0.650986 -0.0956017
v 0.670096 0.650986 -0.0956017
v 0.654208 0.650986 -0.0956017
v 0.654208 0.578033 -0.0956017
v 0.670096 0.578033 -0.0956017
v 0.670096 0.578033 -0.0956017
v 0.670096 0.650986 -0.0956017
v 0.654208 0.650986 -0.0956017
v 0.638321 0.650986 -0.0956017
v 0.638321 0.578033 -0.0956017
v 0.654208 0.578033 -0.0956017
v 0.654208 0.578033 -0.0956017
v 0.654208 0.650986 -0.0956017
v 0.638321 0.650986 -0.0956017
v 0.622433 0.650986 -0.0956017
v 0.622433 0.578033 -0.0956017
v 0.638321 0.578033 -0.0956017
v 0.638321 0.578033 -0.0956017
v 0.638321 0.650986 -0.0956017
v 0.622433 0.650986 -0.0956017
v 0.606546 0.650986 -0.0956017
v 0.606546 0.578033 -0.0956017
v 0.622433 0.578033 -0.0956017
v 0.622433 0.578033 -0.0956017
v 0.622433 0.650986 -0.0956017
v 0.606546 0.650986 -0.0956017
v 0.590658 0.650986 -0.0956017
v 0.590658 0.578033 -0.0956017
v 0.606546 0.578033 -0.0956017
v 0.606546 0.578033 -0.0956017
v 0.606546 0.650986 -0.0956017
v 0.590658 0.650986 -0.0956017
v 0.57477 0.650986 -0.0956017
v 0.57477 0.578033 -0.0956017
v 0.590658 0.578033 -0.0956017
v 0.590658 0.578033 -0.0956017
v 0.590658 0.650986 -0.0956017
v 0.57477 0.650986 -0.0956017
v 0.558883 0.650986 -0.0956017
v 0.558883 0.578033 -0.0956017
v 0.57477 0.578033 -0.0956017
v 0.57477 0.578033 -0.0956017
v 0.57477 0.650986 -0.0956017
v 0.558883 0.650986 -0.0956017
v 0.542995 0.650986 -0.0956017
v 0.542995 0.578033 -0.0956017
v 0.558883 0.578033 -0.0956017
v 0.558883 0.578033 -0.0956017
v 0.558883 0.650986 -0.0956017
v 0.542995 0.650986 -0.0956017
v 0.527107 0.650986 -0.0956017
v 0.527107 0.578033 -0.0956017
v 0.542995 0.578033 -0.0956017
v 0.542995 0.578033 -0.0956017
v 0.542995 0.650986 -0.0956017
v 0.527107 0.650986 -0.0956017
v 0.51122 0.650986 -0.0956017
v 0.51122 0.578033 -0.0956017
v 0.527107 0.578033 -0.0956017
v 0.527107 0.578033 -0.0956017
v 0.527107 0.650986 -0.0956017
v 0.51122 0.650986 -0.0956017
v 0.495332 0.650986 -0.0956017
v 0.495332 0.578033 -0.0956017
v 0.51122 0.578033 -0.0956017
v 0.51122 0.578033 -0.0956017
v 0.51122 0.650986 -0.0956017
v 0.495332 0.650986 -0.0956017
v 0.479444 0.650986 -0.0956017
v 0.479444 0.578033 -0.0956017
v 0.495332 0.578033 -0.0956017
v 0.495332 0.578033 -0.0956017
v 0.495332 0.650986 -0.0956017
v 0.479444 0.650986 -0.0956017
v 0.463557 0.650986 -0.0956017
v 0.463557 0.578033 -0.0956017
v 0.479444 0.578033 -0.0956017
v 0.479444 0.578033 -0.0956017
v 0.479444 0.650986 -0.0956017
v 0.463557 0.650986 -0.0956017
v 0.447669 0.650986 -0.0956017
v 0.447669 0.578033 -0.0956017
v 0.463557 0.578033 -0.0956017
v 0.463557 0.578033 -0.0956017
v 0.463557 0.650986 -0.0956017
v 0.447669 0.650986 -0.0956017
v 0.431782 0.650986 -0.0956017
v 0.431782 0.578033 -0.0956017
v 0.447669 0.578033 -0.0956017
v 0.447669 0.578033 -0.0956017
v 0.447669 0.650986 -0.0956017
v 0.431782 0.650986 -0.0956017
v 0.415894 0.650986 -0.0956017
v 0.415894 0.578033 -0.0956017
v 0.431782 0.578033 -0.0956017
v 0.431782 0.578033 -0.0956017
v 0.431782 0.650986 -0.0956017
v 0.415894 0.650986 -0.0956017
v 0.400006 0.650986 -0.0956017
v 0.400006 0.578033 -0.0956017
v 0.415894 0.578033 -0.0956017
v 0.415894 0.578033 -0.0956017
v 0.415894 0.650986 -0.0956017
v 0.400006 0.650986 -0.0956017
v 0.384119 0.650986 -0.0956017
v 0.384119 0.578033 -0.0956017
v 0.400006 0.578033 -0.0956017
v 0.400006 0.578033 -0.0956017
v 0.400006 0.650986 -0.0956017
v 0.384119 0.650986 -0.0956017
v 0.368231 0.650986 -0.0956017
v 0.368231 0.578033 -0.0956017
v 0.384119 0.578033 -0.0956017
v 0.384119 0.578033 -0.0956017
v 0.384119 0.650986 -0.0956017
v 0.368231 0.650986 -0.0956017
v 0.352343 0.650986 -0.0956017
v 0.352343 0.578033 -0.0956017
v 0.368231 0.578033 -0.0956017
v 0.368231 0.578033 -0.0956017
v 0.368231 0.650986 -0.0956017
v 0.352343 0.650986 -0.0956017
v 0.336456 0.650986 -0.0956017
v 0.336456 0.578033 -0.0956017
v 0.352343 0.578033 -0.0956017
v 0.352343 0.578033 -0.0956017
v 0.352343 0.650986 -0.0956017
v 0.336456 0.650986 -0.0956017
v 0.320568 0.650986 -0.0956017
v 0.320568 0.578033 -0.0956017
v 0.336456 0.578033 -0.0956017
v 0.336456 0.578033 -0.0956017
v 0.336456 0.650986 -0.0956017
v 0.320568 0.650986 -0.0956017
v 0.304681 0.650986 -0.0956017
v 0.304681 0.578033 -0.0956017
v 0.320568 0.578033 -0.0956017
v 0.320568 0.578033 -0.0956017
v 0.320568 0.650986 -0.0956017
v 0.304681 0.650986 -0.0956017
v 0.288793 0.650986 -0.0956017
v 0.288793 0.578033 -0.0956017
v 0.304681 0.578033 -0.0956017
v 0.304681 0.578033 -0.0956017
v 0.304681 0.650986 -0.0956017
v 0.288793 0.650986 -0.0956017
v 0.272905 0.650986 -0.0956017
v 0.272905 0.578033 -0.0956017
v 0.288793 0.578033 -0.0956017
v 0.288793 0.578033 -0.0956017
v 0.288793 0.650986 -0.0956017
v 0.272905 0.650986 -0.0956017
v 0.257018 0.650986 -0.0956017
v 0.257018 0.578033 -0.0956017
v 0.272905 0.578033 -0.0956017
v 0.272905 0.578033 -0.0956017
v 0.272905 0.650986 -0.0956017
v 0.257018 0.650986 -0.0956017
v 0.24113 0.650986 -0.0956017
v 0.24113 0.578033 -0.0956017
v 0.257018 0.578033 -0.0956017
v 0.257018 0.578033 -0.0956017
v 0.257018 0.650986 -0.0956017
v 0.24113 0.650986 -0.0956017
v 0.225243 0.650986 -0.0956017
v 0.225243 0.578033 -0.0956017
v 0.24113 0.578033 -0.0956017
v 0.24113 0.578033 -0.0956017
v 0.24113 0.650986 -0.0956017
v 0.225243 0.650986 -0.0956017
v 0.209355 0.650986 -0.0956017
v 0.209355 0.578033 -0.0956017
v 0.225243 0.578033 -0.0956017
v 0.225243 0.578033 -0.0956017
v 0.225243 0.650986 -0.0956017
v 0.209355 0.650986 -0.0956017
v 0.193467 0.650986 -0.0956017
v 0.193467 0.578033 -0.0956017
v 0.209355 0.578033 -0.0956017
v 0.209355 0.578033 -0.0956017
v 0.209355 0.650986 -0.0956017
v 0.193467 0.650986 -0.0956017
v 0.17758 0.650986 -0.0956017
v 0.17758 0.578033 -0.0956017
v 0.193467 0.578033 -0.0956017
v 0.193467 0.578033 -0.0956017
v 0.193467 0.650986 -0.0956017
v 0.17758 0.650986 -0.0956017
v 0.161692 0.650986 -0.0956017
v 0.161692 0.578033 -0.0956017
v 0.17758 0.578033 -0.0956017
v 0.17758 0.578033 -0.0956017
v 0.17758 0.650986 -0.0956017
v 0.161692 0.650986 -0.0956017
v 0.145805 0.650986 -0.0956017
v 0.145805 0.578033 -0.0956017
v 0.161692 0.578033 -0.0956017
v 0.161692 0.578033 -0.0956017
v 0.161692 0.650986 -0.0956017
v 0.145805 0.650986 -0.0956017
v 0.129917 0.650986 -0.0956017
v 0.129917 0.578033 -0.0956017
v 0.145805 0.578033 -0.0956017
v 0.145805 0.578033 -0.0956017
v 0.145805 0.650986 -0.0956017
v 0.129917 0.650986 -0.0956017
v 0.114029 0.650986 -0.0956017
v 0.114029 0.578033 -0.0956017
v 0.129917 0.578033 -0.0956017
v 0.129917 0.578033 -0.0956017
v 0.129917 0.650986 -0.0956017
v 0.114029 0.650986 -0.0956017
v 0.0981417 0.650986 -0.0956017
v 0.0981417 0.578033 -0.0956017
v 0.114029 0.578033 -0.0956017
v 0.114029 0.578033 -0.0956017
v 0.114029 0.650986 -0.0956017
v 0.0981417 0.650986 -0.0956017
v 0.0822541 0.650986 -0.0956017
v 0.0822541 0.578033 -0.0956017
v 0.0981417 0.578033 -0.0956017
v 0.0981417 0.578033 -0.0956017
v 0.0981417 0.650986 -0.0956017
v 0.0822541 0.650986 -0.0956017
v 0.0663665 0.650986 -0.0956017
v 0.0663665 0.578033 -0.0956017
v 0.0822541 0.578033 -0.0956017
v 0.0822541 0.578033 -0.0956017
v 0.0822541 0.650986 -0.0956017
v 0.0663665 0.650986 -0.0956017
v 0.0504789 0.650986 -0.0956017
v 0.0504789 0.578033 -0.0956017
v 0.0663665 0.578033 -0.0956017
v 0.0663665 0.578033 -0.0956017
v 0.0663665 0.650986 -0.0956017
v 0.0504789 0.650986 -0.0956017
v 0.0345912 0.650986 -0.0956017
v 0.0345912 0.578033 -0.0956017
v 0.0504789 0.578033 -0.0956017
v 0.0504789 0.578033 -0.0956017
v 0.0504789 0.650986 -0.0956017
v 0.0345912 0.650986 -0.0956017
v 0.0187036 0.650986 -0.0956017
v 0.0187036 0.578033 -0.0956017
v 0.0345912 0.578033 -0.0956017
v 0.0345912 0.578033 -0.0956017
v 0.0345912 0.650986 -0.0956017
v 0.0187036 0.650986 -0.0956017
v 0.002816 0.650986 -0.0956017
v 0.002816 0.578033 -0.0956017
v 0.0187036 0.578033 -0.0956017
v 0.0187036 0.578033 -0.0956017
v 0.0187036 0.650986 -0.0956017
v 0.002816 0.650986 -0.0956017
v 0.701871 0.72394 -0.0956017
v 0.701871 0.650986 -0.0956017
v 0.717759 0.650986 -0.0956017
v 0.717759 0.650986 -0.0956017
v 0.717759 0.72394 -0.0956017
v 0.701871 0.72394 -0.0956017
v 0.685984 0.72394 -0.0956017
v 0.685984 0.650986 -0.0956017
v 0.701871 0.650986 -0.0956017
v 0.701871 0.650986 -0.0956017
v 0.701871 0.72394 -0.0956017
v 0.685984 0.72394 -0.0956017
v 0.670096 0.72394 -0.0956017
v 0.670096 0.650986 -0.0956017
v 0.685984 0.650986 -0.0956017
v 0.685984 0.650986 -0.0956017
v 0.685984 0.72394 -0.0956017
v 0.670096 0.72394 -0.0956017
v 0.654208 0.72394 -0.0956017
v 0.654208 0.650986 -0.0956017
v 0.670096 0.650986 -0.0956017
v 0.670096 0.650986 -0.0956017
v 0.670096 0.72394 -0.0956017
v 0.654208 0.72394 -0.0956017
v 0.638321 0.72394 -0.0956017
v 0.638321 0.650986 -0.0956017
v 0.654208 0.650986 -0.0956017
v 0.654208 0.650986 -0.0956017
v 0.654208 0.72394 -0.0956017
v 0.638321 0.72394 -0.0956017
v 0.622433 0.72394 -0.0956017
v 0.622433 0.650986 -0.0956017
v 0.638321 0.650986 -0.0956017
v 0.638321 0.650986 -0.0956017
v 0.638321 0.72394 -0.0956017
v 0.622433 0.72394 -0.0956017
v 0.606546 0.72394 -0.0956017
v 0.606546 0.650986 -0.0956017
v 0.622433 0.650986 -0.0956017
v 0.622433 0.650986 -0.0956017
v 0.622433 0.72394 -0.0956017
v 0.606546 0.72394 -0.0956017
v 0.590658 0.72394 -0.0956017
v 0.590658 0.650986 -0.0956017
v 0.606546 0.650986 -0.0956017
v 0.606546 0.650986 -0.0956017
v 0.606546 0.72394 -0.0956017
v 0.590658 0.72394 -0.0956017
v 0.57477 0.72394 -0.0956017
v 0.57477 0.650986 -0.0956017
v 0.590658 0.650986 -0.0956017
v 0.590658 0.650986 -0.0956017
v 0.590658 0.72394 -0.0956017
v 0.57477 0.72394 -0.0956017
v 0.558883 0.72394 -0.0956017
v 0.558883 0.650986 -0.0956017
v 0.57477 0.650986 -0.0956017
v 0.57477 0.650986 -0.0956017
v 0.57477 0.72394 -0.0956017
v 0.558883 0.72394 -0.0956017
v 0.542995 0.72394 -0.0956017
v 0.542995 0.650986 -0.0956017
v 0.558883 0.650986 -0.0956017
v 0.558883 0.650986 -0.0956017
v 0.558883 0.72394 -0.0956017
v 0.542995 0.72394 -0.0956017
v 0.527107 0.72394 -0.0956017
v 0.527107 0.650986 -0.0956017
v 0.542995 0.650986 -0.0956017
v 0.542995 0.650986 -0.0956017
v 0.542995 0.72394 -0.0956017
v 0.527107 0.72394 -0.0956017
v 0.51122 0.72394 -0.0956017
v 0.51122 0.650986 -0.0956017
v 0.527107 0.650986 -0.0956017
v 0.527107 0.650986 -0.0956017
v 0.527107 0.72394 -0.0956017
v 0.51122 0.72394 -0.0956017
v 0.495332 0.72394 -0.0956017
v 0.495332 0.650986 -0.0956017
v 0.51122 0.650986 -0.0956017
v 0.51122 0.650986 -0.0956017
v 0.51122 0.72394 -0.0956017
v 0.495332 0.72394 -0.0956017
v 0.479444 0.72394 -0.0956017
v 0.479444 0.650986 -0.0956017
v 0.495332 0.650986 -0.0956017
v 0.495332 0.650986 -0.0956017
v 0.495332 0.72394 -0.0956017
v 0.479444 0.72394 -0.0956017
v 0.463557 0.72394 -0.0956017
v 0.463557 0.650986 -0.0956017
v 0.479444 0.650986 -0.0956017
v 0.479444 0.650986 -0.0956017
v 0.479444 0.72394 -0.0956017
v 0.463557 0.72394 -0.0956017
v 0.447669 0.72394 -0.0956017
v 0.447669 0.650986 -0.0956017
v 0.463557 0.650986 -0.0956017
v 0.463557 0.650986 -0.0956017
v 0.463557 0.72394 -0.0956017
v 0.447669 0.72394 -0.0956017
v 0.431782 0.72394 -0.0956017
v 0.431782 0.650986 -0.0956017
v 0.447669 0.650986 -0.0956017
v 0.447669 0.650986 -0.0956017
v 0.447669 0.72394 -0.0956017
v 0.431782 0.72394 -0.0956017
v 0.415894 0.72394 -0.0956017
v 0.415894 0.650986 -0.0956017
v 0.431782 0.650986 -0.0956017
v 0.431782 0.650986 -0.0956017
v 0.431782 0.72394 -0.0956017
v 0.415894 0.72394 -0.0956017
v 0.400006 0.72394 -0.0956017
v 0.400006 0.650986 -0.0956017
v 0.415894 0.650986 -0.0956017
v 0.415894 0.650986 -0.0956017
v 0.415894 0.72394 -0.0956017
v 0.400006 0.72394 -0.0956017
v 0.384119 0.72394 -0.0956017
v 0.384119 0.650986 -0.0956017
v 0.400006 0.650986 -0.0956017
v 0.400006 0.650986 -0.0956017
v 0.400006 0.72394 -0.0956017
v 0.384119 0.72394 -0.0956017
v 0.368231 0.72394 -0.0956017
v 0.368231 0.650986 -0.0956017
v 0.384119 0.650986 -0.0956017
v 0.384119 0.650986 -0.0956017
v 0.384119 0.72394 -0.0956017
v 0.368231 0.72394 -0.0956017
v 0.352343 0.72394 -0.0956017
v 0.352343 0.650986 -0.0956017
v 0.368231 0.650986 -0.0956017
v 0.368231 0.650986 -0.0956017
v 0.368231 0.72394 -0.0956017
v 0.352343 0.72394 -0.0956017
v 0.336456 0.72394 -0.0956017
v 0.336456 0.650986 -0.0956017
v 0.352343 0.650986 -0.0956017
v 0.352343 0.650986 -0.0956017
v 0.352343 0.72394 -0.0956017
v 0.336456 0.72394 -0.0956017
v 0.320568 0.72394 -0.0956017
v 0.320568 0.650986 -0.0956017
v 0.336456 0.650986 -0.0956017
v 0.336456 0.650986 -0.0956017
v 0.336456 0.72394 -0.0956017
v 0.320568 0.72394 -0.0956017
v 0.304681 0.72394 -0.0956017
v 0.304681 0.650986 -0.0956017
v 0.320568 0.650986 -0.0956017
v 0.320568 0.650986 -0.0956017
v 0.320568 0.72394 -0.0956017
v 0.304681 0.72394 -0.0956017
v 0.288793 0.72394 -0.0956017
v 0.288793 0.650986 -0.0956017
v 0.304681 0.650986 -0.0956017
v 0.304681 0.650986 -0.0956017
v 0.304681 0.72394 -0.0956017
v 0.288793 0.72394 -0.0956017
v 0.272905 0.72394 -0.0956017
v 0.272905 0.650986 -0.0956017
v 0.288793 0.650986 -0.0956017
v 0.288793 0.650986 -0.0956017
v 0.288793 0.72394 -0.0956017
v 0.272905 0.72394 -0.0956017
v 0.257018 0.72394 -0.0956017
v 0.257018 0.650986 -0.0956017
v 0.272905 0.650986 -0.0956017
v 0.272905 0.650986 -0.0956017
v 0.272905 0.72394 -0.0956017
v 0.257018 0.72394 -0.0956017
v 0.24113 0.72394 -0.0956017
v 0.24113 0.650986 -0.0956017
v 0.257018 0.650986 -0.0956017
v 0.257018 0.650986 -0.0956017
v 0.257018 0.72394 -0.0956017
v 0.24113 0.72394 -0.0956017
v 0.225243 0.72394 -0.0956017
v 0.225243 0.650986 -0.0956017
v 0.24113 0.650986 -0.0956017
v 0.24113 0.650986 -0.0956017
v 0.24113 0.72394 -0.0956017
v 0.225243 0.72394 -0.0956017
v 0.209355 0.72394 -0.0956017
v 0.209355 0.650986 -0.0956017
v 0.225243 0.650986 -0.0956017
v 0.225243 0.650986 -0.0956017
v 0.225243 0.72394 -0.0956017
v 0.209355 0.72394 -0.0956017
v 0.193467 0.72394 -0.0956017
v 0.193467 0.650986 -0.0956017
v 0.209355 0.650986 -0.0956017
v 0.209355 0.650986 -0.0956017
v 0.209355 0.72394 -0.0956017
v 0.193467 0.72394 -0.0956017
v 0.17758 0.72394 -0.0956017
v 0.17758 0.650986 -0.0956017
v 0.193467 0.650986 -0.0956017
v 0.193467 0.650986 -0.0956017
v 0.193467 0.72394 -0.0956017
v 0.17758 0.72394 -0.0956017
v 0.161692 0.72394 -0.0956017
v 0.161692 0.650986 -0.0956017
v 0.17758 0.650986 -0.0956017
v 0.17758 0.650986 -0.0956017
v 0.17758 0.72394 -0.0956017
v 0.161692 0.72394 -0.0956017
v 0.145805 0.72394 -0.0956017
v 0.145805 0.650986 -0.0956017
v 0.161692 0.650986 -0.0956017
v 0.161692 0.650986 -0.0956017
v 0.161692 0.72394 -0.0956017
v 0.145805 0.72394 -0.0956017
v 0.129917 0.72394 -0.0956017
v 0.129917 0.650986 -0.0956017
v 0.145805 0.650986 -0.0956017
v 0.145805 0.650986 -0.0956017
v 0.145805 0.72394 -0.0956017
v 0.129917 0.72394 -0.0956017
v 0.114029 0.72394 -0.0956017
v 0.114029 0.650986 -0.0956017
v 0.129917 0.650986 -0.0956017
v 0.129917 0.650986 -0.0956017
v 0.129917 0.72394 -0.0956017
v 0.114029 0.72394 -0.0956017
v 0.0981417 0.72394 -0.0956017
v 0.0981417 0.650986 -0.0956017
v 0.114029 0.650986 -0.0956017
v 0.114029 0.650986 -0.0956017
v 0.114029 0.72394 -0.0956017
v 0.0981417 0.72394 -0.0956017
v 0.0822541 0.72394 -0.0956017
v 0.0822541 0.650986 -0.0956017
v 0.0981417 0.650986 -0.0956017
v 0.0981417 0.650986 -0.0956017
v 0.0981417 0.72394 -0.0956017
v 0.0822541 0.72394 -0.0956017
v 0.0663665 0.72394 -0.0956017
v 0.0663665 0.650986 -0.0956017
v 0.0822541 0.650986 -0.0956017
v 0.0822541 0.650986 -0.0956017
v 0.0822541 0.72394 -0.0956017
v 0.0663665 0.72394 -0.0956017
v 0.0504789 0.72394 -0.0956017
v 0.0504789 0.650986 -0.0956017
v 0.0663665 0.650986 -0.0956017
v 0.0663665 0.650986 -0.0956017
v 0.0663665 0.72394 -0.0956017
v 0.0504789 0.72394 -0.0956017
v 0.0345912 0.72394 -0.0956017
v 0.0345912 0.650986 -0.0956017
v 0.0504789 0.650986 -0.0956017
v 0.0504789 0.650986 -0.0956017
v 0.0504789 0.72394 -0.0956017
v 0.0345912 0.72394 -0.0956017
v 0.0187036 0.72394 -0.0956017
v 0.0187036 0.650986 -0.0956017
v 0.0345912 0.650986 -0.0956017
v 0.0345912 0.650986 -0.0956017
v 0.0345912 0.72394 -0.0956017
v 0.0187036 0.72394 -0.0956017
v 0.002816 0.72394 -0.0956017
v 0.002816 0.650986 -0.0956017
v 0.0187036 0.650986 -0.0956017
v 0.0187036 0.650986 -0.0956017
v 0.0187036 0.72394 -0.0956017
v 0.002816 0.72394 -0.0956017
v 0.701871 0.72394 -0.0270568
v 0.701871 0.72394 -0.0956017
v 0.717759 0.72394 -0.0956017
v 0.717759 0.72394 -0.0956017
v 0.71776 0.72394 -0.027118
v 0.701871 0.72394 -0.0270568
v 0.685984 0.72394 -0.0270568
v 0.685984 0.72394 -0.0956017
v 0.701871 0.72394 -0.0956017
v 0.701871 0.72394 -0.0956017
v 0.701871 0.72394 -0.0270568
v 0.685984 0.72394 -0.0270568
v 0.670096 0.72394 -0.0270568
v 0.670096 0.72394 -0.0956017
v 0.685984 0.72394 -0.0956017
v 0.685984 0.72394 -0.0956017
v 0.685984 0.72394 -0.0270568
v 0.670096 0.72394 -0.0270568
v 0.654208 0.72394 -0.0270568
v 0.654208 0.72394 -0.0956017
v 0.670096 0.72394 -0.0956017
v 0.670096 0.72394 -0.0956017
v 0.670096 0.72394 -0.0270568
v 0.654208 0.72394 -0.0270568
v 0.638321 0.72394 -0.0270568
v 0.638321 0.72394 -0.0956017
v 0.654208 0.72394 -0.0956017
v 0.654208 0.72394 -0.0956017
v 0.654208 0.72394 -0.0270568
v 0.638321 0.72394 -0.0270568
v 0.622433 0.72394 -0.0270568
v 0.622433 0.72394 -0.0956017
v 0.638321 0.72394 -0.0956017
v 0.638321 0.72394 -0.0956017
v 0.638321 0.72394 -0.0270568
v 0.622433 0.72394 -0.0270568
v 0.606546 0.72394 -0.0270568
v 0.606546 0.72394 -0.0956017
v 0.622433 0.72394 -0.0956017
v 0.622433 0.72394 -0.0956017
v 0.622433 0.72394 -0.0270568
v 0.606546 0.72394 -0.0270568
v 0.590658 0.72394 -0.0270568
v 0.590658 0.72394 -0.0956017
v 0.606546 0.72394 -0.0956017
v 0.606546 0.72394 -0.0956017
v 0.606546 0.72394 -0.0270568
v 0.590658 0.72394 -0.0270568
v 0.57477 0.72394 -0.0270568
v 0.57477 0.72394 -0.0956017
v 0.590658 0.72394 -0.0956017
v 0.590658 0.72394 -0.0956017
v 0.590658 0.72394 -0.0270568
v 0.57477 0.72394 -0.0270568
v 0.558883 0.72394 -0.0270568
v 0.558883 0.72394 -0.0956017
v 0.57477 0.72394 -0.0956017
v 0.57477 0.72394 -0.0956017
v 0.57477 0.72394 -0.0270568
v 0.558883 0.72394 -0.0270568
v 0.542995 0.72394 -0.0270568
v 0.542995 0.72394 -0.0956017
v 0.558883 0.72394 -0.0956017
v 0.558883 0.72394 -0.0956017
v 0.558883 0.72394 -0.0270568
v 0.542995 0.72394 -0.0270568
v 0.527107 0.72394 -0.0270568
v 0.527107 0.72394 -0.0956017
v 0.542995 0.72394 -0.0956017
v 0.542995 0.72394 -0.0956017
v 0.542995 0.72394 -0.0270568
v 0.527107 0.72394 -0.0270568
v 0.51122 0.72394 -0.0270568
v 0.51122 0.72394 -0.0956017
v 0.527107 0.72394 -0.0956017
v 0.527107 0.72394 -0.0956017
v 0.527107 0.72394 -0.0270568
v 0.51122 0.72394 -0.0270568
v 0.495332 0.72394 -0.0270568
v 0.495332 0.72394 -0.0956017
v 0.51122 0.72394 -0.0956017
v 0.51122 0.72394 -0.0956017
v 0.51122 0.72394 -0.0270568
v 0.495332 0.72394 -0.0270568
v 0.479444 0.72394 -0.0270568
v 0.479444 0.72394 -0.0956017
v 0.495332 0.72394 -0.0956017
v 0.495332 0.72394 -0.0956017
v 0.495332 0.72394 -0.0270568
v 0.479444 0.72394 -0.0270568
v 0.463557 0.72394 -0.0270568
v 0.463557 0.72394 -0.0956017
v 0.479444 0.72394 -0.0956017
v 0.479444 0.72394 -0.0956017
v 0.479444 0.72394 -0.0270568
v 0.463557 0.72394 -0.0270568
v 0.447669 0.72394 -0.0270568
v 0.447669 0.72394 -0.0956017
v 0.463557 0.72394 -0.0956017
v 0.463557 0.72394 -0.0956017
v 0.463557 0.72394 -0.0270568
v 0.447669 0.72394 -0.0270568
v 0.431782 0.72394 -0.0270568
v 0.431782 0.72394 -0.0956017
v 0.447669 0.72394 -0.0956017
v 0.447669 0.72394 -0.0956017
v 0.447669 0.72394 -0.0270568
v 0.431782 0.72394 -0.0270568
v 0.415894 0.72394 -0.0270568
v 0.415894 0.72394 -0.0956017
v 0.431782 0.72394 -0.0956017
v 0.431782 0.72394 -0.0956017
v 0.431782 0.72394 -0.0270568
v 0.415894 0.72394 -0.0270568
v 0.400006 0.72394 -0.0270568
v 0.400006 0.72394 -0.0956017
v 0.415894 0.72394 -0.0956017
v 0.415894 0.72394 -0.0956017
v 0.415894 0.72394 -0.0270568
v 0.400006 0.72394 -0.0270568
v 0.384119 0.72394 -0.0270568
v 0.384119 0.72394 -0.0956017
v 0.400006 0.72394 -0.0956017
v 0.400006 0.72394 -0.0956017
v 0.400006 0.72394 -0.0270568
v 0.384119 0.72394 -0.0270568
v 0.368231 0.72394 -0.0270568
v 0.368231 0.72394 -0.0956017
v 0.384119 0.72394 -0.0956017
v 0.384119 0.72394 -0.0956017
v 0.384119 0.72394 -0.0270568
v 0.368231 0.72394 -0.0270568
v 0.352343 0.72394 -0.0270568
v 0.352343 0.72394 -0.0956017
v 0.368231 0.72394 -0.0956017
v 0.368231 0.72394 -0.0956017
v 0.368231 0.72394 -0.0270568
v 0.352343 0.72394 -0.0270568
v 0.336456 0.72394 -0.0270568
v 0.336456 0.72394 -0.0956017
v 0.352343 0.72394 -0.0956017
v 0.352343 0.72394 -0.0956017
v 0.352343 0.72394 -0.0270568
v 0.336456 0.72394 -0.0270568
v 0.320568 0.72394 -0.0270568
v 0.320568 0.72394 -0.0956017
v 0.336456 0.72394 -0.0956017
v 0.336456 0.72394 -0.0956017
v 0.336456 0.72394 -0.0270568
v 0.320568 0.72394 -0.0270568
v 0.304681 0.72394 -0.0270568
v 0.304681 0.72394 -0.0956017
v 0.320568 0.72394 -0.0956017
v 0.320568 0.72394 -0.0956017
v 0.320568 0.72394 -0.0270568
v 0.304681 0.72394 -0.0270568
v 0.288793 0.72394 -0.0270568
v 0.288793 0.72394 -0.0956017
v 0.304681 0.72394 -0.0956017
v 0.304681 0.72394 -0.0956017
v 0.304681 0.72394 -0.0270568
v 0.288793 0.72394 -0.0270568
v 0.272905 0.72394 -0.0270568
v 0.272905 0.72394 -0.0956017
v 0.288793 0.72394 -0.0956017
v 0.288793 0.72394 -0.0956017
v 0.288793 0.72394 -0.0270568
v 0.272905 0.72394 -0.0270568
v 0.257018 0.72394 -0.0270568
v 0.257018 0.72394 -0.0956017
v 0.272905 0.72394 -0.0956017
v 0.272905 0.72394 -0.0956017
v 0.272905 0.72394 -0.0270568
v 0.257018 0.72394 -0.0270568
v 0.24113 0.72394 -0.0270568
v 0.24113 0.72394 -0.0956017
v 0.257018 0.72394 -0.0956017
v 0.257018 0.72394 -0.0956017
v 0.257018 0.72394 -0.0270568
v 0.24113 0.72394 -0.0270568
v 0.225243 0.72394 -0.0270568
v 0.225243 0.72394 -0.0956017
v 0.24113 0.72394 -0.0956017
v 0.24113 0.72394 -0.0956017
v 0.24113 0.72394 -0.0270568
v 0.225243 0.72394 -0.0270568
v 0.209355 0.72394 -0.0270568
v 0.209355 0.72394 -0.0956017
v 0.225243 0.72394 -0.0956017
v 0.225243 0.72394 -0.0956017
v 0.225243 0.72394 -0.0270568
v 0.209355 0.72394 -0.0270568
v 0.193467 0.72394 -0.0270568
v 0.193467 0.72394 -0.0956017
v 0.209355 0.72394 -0.0956017
v 0.209355 0.72394 -0.0956017
v 0.209355 0.72394 -0.0270568
v 0.193467 0.72394 -0.0270568
v 0.17758 0.72394 -0.0270568
v 0.17758 0.72394 -0.0956017
v 0.193467 0.72394 -0.0956017
v 0.193467 0.72394 -0.0956017
v 0.193467 0.72394 -0.0270568
v 0.17758 0.72394 -0.0270568
v 0.161692 0.72394 -0.0270568
v 0.161692 0.72394 -0.0956017
v 0.17758 0.72394 -0.0956017
v 0.17758 0.72394 -0.0956017
v 0.17758 0.72394 -0.0270568
v 0.161692 0.72394 -0.0270568
v 0.145805 0.72394 -0.0270568
v 0.145805 0.72394 -0.0956017
v 0.161692 0.72394 -0.0956017
v 0.161692 0.72394 -0.0956017
v 0.161692 0.72394 -0.0270568
v 0.145805 0.72394 -0.0270568
v 0.129917 0.72394 -0.0270568
v 0.129917 0.72394 -0.0956017
v 0.145805 0.72394 -0.0956017
v 0.145805 0.72394 -0.0956017
v 0.145805 0.72394 -0.0270568
v 0.129917 0.72394 -0.0270568
v 0.114029 0.72394 -0.0270568
v 0.114029 0.72394 -0.0956017
v 0.129917 0.72394 -0.0956017
v 0.129917 0.72394 -0.0956017
v 0.129917 0.72394 -0.0270568
v 0.114029 0.72394 -0.0270568
v 0.0981417 0.72394 -0.0270568
v 0.0981417 0.72394 -0.0956017
v 0.114029 0.72394 -0.0956017
v 0.114029 0.72394 -0.0956017
v 0.114029 0.72394 -0.0270568
v 0.0981417 0.72394 -0.0270568
v 0.0822541 0.72394 -0.0270568
v 0.0822541 0.72394 -0.0956017
v 0.0981417 0.72394 -0.0956017
v 0.0981417 0.72394 -0.0956017
v 0.0981417 0.72394 -0.0270568
v 0.0822541 0.72394 -0.0270568
v 0.0663665 0.72394 -0.0270568
v 0.0663665 0.72394 -0.0956017
v 0.0822541 0.72394 -0.0956017
v 0.0822541 0.72394 -0.0956017
v 0.0822541 0.72394 -0.0270568
v 0.0663665 0.72394 -0.0270568
v 0.0504789 0.72394 -0.0270568
v 0.0504789 0.72394 -0.0956017
v 0.0663665 0.72394 -0.0956017
v 0.0663665 0.72394 -0.0956017
v 0.0663665 0.72394 -0.0270568
v 0.0504789 0.72394 -0.0270568
v 0.0345912 0.72394 -0.0270568
v 0.0345912 0.72394 -0.0956017
v 0.0504789 0.72394 -0.0956017
v 0.0504789 0.72394 -0.0956017
v 0.0504789 0.72394 -0.0270568
v 0.0345912 0.72394 -0.0270568
v 0.0187036 0.72394 -0.0270568
v 0.0187036 0.72394 -0.0956017
v 0.0345912 0.72394 -0.0956017
v 0.0345912 0.72394 -0.0956017
v 0.0345912 0.72394 -0.0270568
v 0.0187036 0.72394 -0.0270568
v 0.002816 0.72394 -0.0270256
v 0.002816 0.72394 -0.0956017
v 0.0187036 0.72394 -0.0956017
v 0.0187036 0.72394 -0.0956017
v 0.0187036 0.72394 -0.0270568
v 0.002816 0.72394 -0.0270256
v 0.701871 0.649677 -0.0270568
v 0.701871 0.72394 -0.0270568
v 0.71776 0.72394 -0.027118
v 0.71776 0.72394 -0.027118
v 0.717759 0.649677 -0.0270568
v 0.701871 0.649677 -0.0270568
v 0.685984 0.649677 -0.0270568
v 0.685984 0.72394 -0.0270568
v 0.701871 0.72394 -0.0270568
v 0.701871 0.72394 -0.0270568
v 0.701871 0.649677 -0.0270568
v 0.685984 0.649677 -0.0270568
v 0.670096 0.649677 -0.0270568
v 0.670096 0.72394 -0.0270568
v 0.685984 0.72394 -0.0270568
v 0.685984 0.72394 -0.0270568
v 0.685984 0.649677 -0.0270568
v 0.670096 0.649677 -0.0270568
v 0.654208 0.649677 -0.0270568
v 0.654208 0.72394 -0.0270568
v 0.670096 0.72394 -0.0270568
v 0.670096 0.72394 -0.0270568
v 0.670096 0.649677 -0.0270568
v 0.654208 0.649677 -0.0270568
v 0.638321 0.649677 -0.0270568
v 0.638321 0.72394 -0.0270568
v 0.654208 0.72394 -0.0270568
v 0.654208 0.72394 -0.0270568
v 0.654208 0.649677 -0.0270568
v 0.638321 0.649677 -0.0270568
v 0.622433 0.649677 -0.0270568
v 0.622433 0.72394 -0.0270568
v 0.638321 0.72394 -0.0270568
v 0.638321 0.72394 -0.0270568
v 0.638321 0.649677 -0.0270568
v 0.622433 0.649677 -0.0270568
v 0.606546 0.649677 -0.0270568
v 0.606546 0.72394 -0.0270568
v 0.622433 0.72394 -0.0270568
v 0.622433 0.72394 -0.0270568
v 0.622433 0.649677 -0.0270568
v 0.606546 0.649677 -0.0270568
v 0.590658 0.649677 -0.0270568
v 0.590658 0.72394 -0.0270568
v 0.606546 0.72394 -0.0270568
v 0.606546 0.72394 -0.0270568
v 0.606546 0.649677 -0.0270568
v 0.590658 0.649677 -0.0270568
v 0.57477 0.649677 -0.0270568
v 0.57477 0.72394 -0.0270568
v 0.590658 0.72394 -0.0270568
v 0.590658 0.72394 -0.0270568
v 0.590658 0.649677 -0.0270568
v 0.57477 0.649677 -0.0270568
v 0.558883 0.649677 -0.0270568
v 0.558883 0.72394 -0.0270568
v 0.57477 0.72394 -0.0270568
v 0.57477 0.72394 -0.0270568
v 0.57477 0.649677 -0.0270568
v 0.558883 0.649677 -0.0270568
v 0.542995 0.649677 -0.0270568
v 0.542995 0.72394 -0.0270568
v 0.558883 0.72394 -0.0270568
v 0.558883 0.72394 -0.0270568
v 0.558883 0.649677 -0.0270568
v 0.542995 0.649677 -0.0270568
v 0.527107 0.649677 -0.0270568
v 0.527107 0.72394 -0.0270568
v 0.542995 0.72394 -0.0270568
v 0.542995 0.72394 -0.0270568
v 0.542995 0.649677 -0.0270568
v 0.527107 0.649677 -0.0270568
v 0.51122 0.649677 -0.0270568
v 0.51122 0.72394 -0.0270568
v 0.527107 0.72394 -0.0270568
v 0.527107 0.72394 -0.0270568
v 0.527107 0.649677 -0.0270568
v 0.51122 0.649677 -0.0270568
v 0.495332 0.649677 -0.0270568
v 0.495332 0.72394 -0.0270568
v 0.51122 0.72394 -0.0270568
v 0.51122 0.72394 -0.0270568
v 0.51122 0.649677 -0.0270568
v 0.495332 0.649677 -0.0270568
v 0.479444 0.649677 -0.0270568
v 0.479444 0.72394 -0.0270568
v 0.495332 0.72394 -0.0270568
v 0.495332 0.72394 -0.0270568
v 0.495332 0.649677 -0.0270568
v 0.479444 0.649677 -0.0270568
v 0.463557 0.649677 -0.0270568
v 0.463557 0.72394 -0.0270568
v 0.479444 0.72394 -0.0270568
v 0.479444 0.72394 -0.0270568
v 0.479444 0.649677 -0.0270568
v 0.463557 0.649677 -0.0270568
v 0.447669 0.649677 -0.0270568
v 0.447669 0.72394 -0.0270568
v 0.463557 0.72394 -0.0270568
v 0.463557 0.72394 -0.0270568
v 0.463557 0.649677 -0.0270568
v 0.447669 0.649677 -0.0270568
v 0.431782 0.649677 -0.0270568
v 0.431782 0.72394 -0.0270568
v 0.447669 0.72394 -0.0270568
v 0.447669 0.72394 -0.0270568
v 0.447669 0.649677 -0.0270568
v 0.431782 0.649677 -0.0270568
v 0.415894 0.649677 -0.0270568
v 0.415894 0.72394 -0.0270568
v 0.431782 0.72394 -0.0270568
v 0.431782 0.72394 -0.0270568
v 0.431782 0.649677 -0.0270568
v 0.415894 0.649677 -0.0270568
v 0.400006 0.649677 -0.0270568
v 0.400006 0.72394 -0.0270568
v 0.415894 0.72394 -0.0270568
v 0.415894 0.72394 -0.0270568
v 0.415894 0.649677 -0.0270568
v 0.400006 0.649677 -0.0270568
v 0.384119 0.649677 -0.0270568
v 0.384119 0.72394 -0.0270568
v 0.400006 0.72394 -0.0270568
v 0.400006 0.72394 -0.0270568
v 0.400006 0.649677 -0.0270568
v 0.384119 0.649677 -0.0270568
v 0.368231 0.649677 -0.0270568
v 0.368231 0.72394 -0.0270568
v 0.384119 0.72394 -0.0270568
v 0.384119 0.72394 -0.0270568
v 0.384119 0.649677 -0.0270568
v 0.368231 0.649677 -0.0270568
v 0.352343 0.649677 -0.0270568
v 0.352343 0.72394 -0.0270568
v 0.368231 0.72394 -0.0270568
v 0.368231 0.72394 -0.0270568
v 0.368231 0.649677 -0.0270568
v 0.352343 0.649677 -0.0270568
v 0.336456 0.649677 -0.0270568
v 0.336456 0.72394 -0.0270568
v 0.352343 0.72394 -0.0270568
v 0.352343 0.72394 -0.0270568
v 0.352343 0.649677 -0.0270568
v 0.336456 0.649677 -0.0270568
v 0.320568 0.649677 -0.0270568
v 0.320568 0.72394 -0.0270568
v 0.336456 0.72394 -0.0270568
v 0.336456 0.72394 -0.0270568
v 0.336456 0.649677 -0.0270568
v 0.320568 0.649677 -0.0270568
v 0.304681 0.649677 -0.0270568
v 0.304681 0.72394 -0.0270568
v 0.320568 0.72394 -0.0270568
v 0.320568 0.72394 -0.0270568
v 0.320568 0.649677 -0.0270568
v 0.304681 0.649677 -0.0270568
v 0.288793 0.649677 -0.0270568
v 0.288793 0.72394 -0.0270568
v 0.304681 0.72394 -0.0270568
v 0.304681 0.72394 -0.0270568
v 0.304681 0.649677 -0.0270568
v 0.288793 0.649677 -0.0270568
v 0.272905 0.649677 -0.0270568
v 0.272905 0.72394 -0.0270568
v 0.288793 0.72394 -0.0270568
v 0.288793 0.72394 -0.0270568
v 0.288793 0.649677 -0.0270568
v 0.272905 0.649677 -0.0270568
v 0.257018 0.649677 -0.0270568
v 0.257018 0.72394 -0.0270568
v 0.272905 0.72394 -0.0270568
v 0.272905 0.72394 -0.0270568
v 0.272905 0.649677 -0.0270568
v 0.257018 0.649677 -0.0270568
v 0.24113 0.649677 -0.0270568
v 0.24113 0.72394 -0.0270568
v 0.257018 0.72394 -0.0270568
v 0.257018 0.72394 -0.0270568
v 0.257018 0.649677 -0.0270568
v 0.24113 0.649677 -0.0270568
v 0.225243 0.649677 -0.0270568
v 0.225243 0.72394 -0.0270568
v 0.24113 0.72394 -0.0270568
v 0.24113 0.72394 -0.0270568
v 0.24113 0.649677 -0.0270568
v 0.225243 0.649677 -0.0270568
v 0.209355 0.649677 -0.0270568
v 0.209355 0.72394 -0.0270568
v 0.225243 0.72394 -0.0270568
v 0.225243 0.72394 -0.0270568
v 0.225243 0.649677 -0.0270568
v 0.209355 0.649677 -0.0270568
v 0.193467 0.649677 -0.0270568
v 0.193467 0.72394 -0.0270568
v 0.209355 0.72394 -0.0270568
v 0.209355 0.72394 -0.0270568
v 0.209355 0.649677 -0.0270568
v 0.193467 0.649677 -0.0270568
v 0.17758 0.649677 -0.0270568
v 0.17758 0.72394 -0.0270568
v 0.193467 0.72394 -0.0270568
v 0.193467 0.72394 -0.0270568
v 0.193467 0.649677 -0.0270568
v 0.17758 0.649677 -0.0270568
v 0.161692 0.649677 -0.0270568
v 0.161692 0.72394 -0.0270568
v 0.17758 0.72394 -0.0270568
v 0.17758 0.72394 -0.0270568
v 0.17758 0.649677 -0.0270568
v 0.161692 0.649677 -0.0270568
v 0.145805 0.649677 -0.0270568
v 0.145805 0.72394 -0.0270568
v 0.161692 0.72394 -0.0270568
v 0.161692 0.72394 -0.0270568
v 0.161692 0.649677 -0.0270568
v 0.145805 0.649677 -0.0270568
v 0.129917 0.649677 -0.0270568
v 0.129917 0.72394 -0.0270568
v 0.145805 0.72394 -0.0270568
v 0.145805 0.72394 -0.0270568
v 0.145805 0.649677 -0.0270568
v 0.129917 0.649677 -0.0270568
v 0.114029 0.649677 -0.0270568
v 0.114029 0.72394 -0.0270568
v 0.129917 0.72394 -0.0270568
v 0.129917 0.72394 -0.0270568
v 0.129917 0.649677 -0.0270568
v 0.114029 0.649677 -0.0270568
v 0.0981417 0.649677 -0.0270568
v 0.0981417 0.72394 -0.0270568
v 0.114029 0.72394 -0.0270568
v 0.114029 0.72394 -0.0270568
v 0.114029 0.649677 -0.0270568
v 0.0981417 0.649677 -0.0270568
v 0.0822541 0.649677 -0.0270568
v 0.0822541 0.72394 -0.0270568
v 0.0981417 0.72394 -0.0270568
v 0.0981417 0.72394 -0.0270568
v 0.0981417 0.649677 -0.0270568
v 0.0822541 0.649677 -0.0270568
v 0.0663665 0.649677 -0.0270568
v 0.0663665 0.72394 -0.0270568
v 0.0822541 0.72394 -0.0270568
v 0.0822541 0.72394 -0.0270568
v 0.0822541 0.649677 -0.0270568
v 0.0663665 0.649677 -0.0270568
v 0.0504789 0.649677 -0.0270568
v 0.0504789 0.72394 -0.0270568
v 0.0663665 0.72394 -0.0270568
v 0.0663665 0.72394 -0.0270568
v 0.0663665 0.649677 -0.0270568
v 0.0504789 0.649677 -0.0270568
v 0.0345912 0.649677 -0.0270568
v 0.0345912 0.72394 -0.0270568
v 0.0504789 0.72394 -0.0270568
v 0.0504789 0.72394 -0.0270568
v 0.0504789 0.649677 -0.0270568
v 0.0345912 0.649677 -0.0270568
v 0.0187036 0.649677 -0.0270568
v 0.0187036 0.72394 -0.0270568
v 0.0345912 0.72394 -0.0270568
v 0.0345912 0.72394 -0.0270568
v 0.0345912 0.649677 -0.0270568
v 0.0187036 0.649677 -0.0270568
v 0.002816 0.649677 -0.0270256
v 0.002816 0.72394 -0.0270256
v 0.0187036 0.72394 -0.0270568
v 0.0187036 0.72394 -0.0270568
v 0.0187036 0.649677 -0.0270568
v 0.002816 0.649677 -0.0270256
v 0.717759 0.0673596 -0.0271793
v 0.717759 0.0673596 -0.0956018
v 0.717759 0.0348352 -0.0956018
v 0.717759 0.0348352 -0.0956018
v 0.717759 0.0348352 -0.0271793
v 0.717759 0.0673596 -0.0271793
v 0.717759 0.140313 -0.0271793
v 0.717759 0.140313 -0.0956018
v 0.717759 0.0673596 -0.0956018
v 0.717759 0.0673596 -0.0956018
v 0.717759 0.0673596 -0.0271793
v 0.717759 0.140313 -0.0271793
v 0.717759 0.213266 -0.0271793
v 0.717759 0.213266 -0.0956018
v 0.717759 0.140313 -0.0956018
v 0.717759 0.140313 -0.0956018
v 0.717759 0.140313 -0.0271793
v 0.717759 0.213266 -0.0271793
v 0.717759 0.28622 -0.0271793
v 0.717759 0.28622 -0.0956018
v 0.717759 0.213266 -0.0956018
v 0.717759 0.213266 -0.0956018
v 0.717759 0.213266 -0.0271793
v 0.717759 0.28622 -0.0271793
v 0.717759 0.359173 -0.0271793
v 0.717759 0.359173 -0.0956018
v 0.717759 0.28622 -0.0956018
v 0.717759 0.28622 -0.0956018
v 0.717759 0.28622 -0.0271793
v 0.717759 0.359173 -0.0271793
v 0.717759 0.432126 -0.0271792
v 0.717759 0.432126 -0.0956017
v 0.717759 0.359173 -0.0956018
v 0.717759 0.359173 -0.0956018
v 0.717759 0.359173 -0.0271793
v 0.717759 0.432126 -0.0271792
v 0.717759 0.50508 -0.0271792
v 0.717759 0.50508 -0.0956017
v 0.717759 0.432126 -0.0956017
v 0.717759 0.432126 -0.0956017
v 0.717759 0.432126 -0.0271792
v 0.717759 0.50508 -0.0271792
v 0.717759 0.578033 -0.0271792
v 0.717759 0.578033 -0.0956017
v 0.717759 0.50508 -0.0956017
v 0.717759 0.50508 -0.0956017
v 0.717759 0.50508 -0.0271792
v 0.717759 0.578033 -0.0271792
v 0.717759 0.650986 -0.0271792
v 0.717759 0.650986 -0.0956017
v 0.717759 0.578033 -0.0956017
v 0.717759 0.578033 -0.0956017
v 0.717759 0.578033 -0.0271792
v 0.717759 0.650986 -0.0271792
v 0.717759 0.650986 -0.0956017
v 0.717759 0.650986 -0.0271792
v 0.71776 0.717087 -0.0271196
v 0.717759 0.650986 -0.0956017
v 0.71776 0.717087 -0.0271196
v 0.71776 0.72394 -0.027118
v 0.717759 0.650986 -0.0956017
v 0.71776 0.72394 -0.027118
v 0.717759 0.72394 -0.0956017
v 0.717759 0.0673596 -0.0071911
v 0.717759 0.0673596 -0.0271793
v 0.717759 0.0348352 -0.0271793
v 0.717759 0.0348352 -0.0271793
v 0.717759 0.0348352 -0.0071912
v 0.717759 0.0673596 -0.0071911
v 0.717759 0.140313 -0.0071911
v 0.717759 0.140313 -0.0271793
v 0.717759 0.0673596 -0.0271793
v 0.717759 0.0673596 -0.0271793
v 0.717759 0.0673596 -0.0071911
v 0.717759 0.140313 -0.0071911
v 0.717759 0.213266 -0.0071911
v 0.717759 0.213266 -0.0271793
v 0.717759 0.140313 -0.0271793
v 0.717759 0.140313 -0.0271793
v 0.717759 0.140313 -0.0071911
v 0.717759 0.213266 -0.0071911
v 0.717759 0.28622 -0.0071911
v 0.717759 0.28622 -0.0271793
v 0.717759 0.213266 -0.0271793
v 0.717759 0.213266 -0.0271793
v 0.717759 0.213266 -0.0071911
v 0.717759 0.28622 -0.0071911
v 0.717759 0.359173 -0.0071911
v 0.717759 0.359173 -0.0271793
v 0.717759 0.28622 -0.0271793
v 0.717759 0.28622 -0.0271793
v 0.717759 0.28622 -0.0071911
v 0.717759 0.359173 -0.0071911
v 0.717759 0.432126 -0.0071911
v 0.717759 0.432126 -0.0271792
v 0.717759 0.359173 -0.0271793
v 0.717759 0.359173 -0.0271793
v 0.717759 0.359173 -0.0071911
v 0.717759 0.432126 -0.0071911
v 0.717759 0.50508 -0.0071911
v 0.717759 0.50508 -0.0271792
v 0.717759 0.432126 -0.0271792
v 0.717759 0.432126 -0.0271792
v 0.717759 0.432126 -0.0071911
v 0.717759 0.50508 -0.0071911
v 0.717759 0.578033 -0.0071911
v 0.717759 0.578033 -0.0271792
v 0.717759 0.50508 -0.0271792
v 0.717759 0.50508 -0.0271792
v 0.717759 0.50508 -0.0071911
v 0.717759 0.578033 -0.0071911
v 0.717759 0.650986 -0.007191
v 0.717759 0.650986 -0.0271792
v 0.717759 0.578033 -0.0271792
v 0.717759 0.578033 -0.0271792
v 0.717759 0.578033 -0.0071911
v 0.717759 0.650986 -0.007191
v 0.717759 0.650986 -0.0271792
v 0.717759 0.650986 -0.007191
v 0.717759 0.717082 -0.007191
v 0.717759 0.717082 -0.007191
v 0.71776 0.717087 -0.0271196
v 0.717759 0.650986 -0.0271792
v 0.717759 0.0673596 0.0101481
v 0.717759 0.0673596 -0.0071911
v 0.717759 0.0348352 -0.0071912
v 0.717759 0.0348352 -0.0071912
v 0.717759 0.0348352 0.0101481
v 0.717759 0.0673596 0.0101481
v 0.717759 0.140313 0.0101481
v 0.717759 0.140313 -0.0071911
v 0.717759 0.0673596 -0.0071911
v 0.717759 0.0673596 -0.0071911
v 0.717759 0.0673596 0.0101481
v 0.717759 0.140313 0.0101481
v 0.717759 0.213266 0.0101481
v 0.717759 0.213266 -0.0071911
v 0.717759 0.140313 -0.0071911
v 0.717759 0.140313 -0.0071911
v 0.717759 0.140313 0.0101481
v 0.717759 0.213266 0.0101481
v 0.717759 0.28622 0.0101482
v 0.717759 0.28622 -0.0071911
v 0.717759 0.213266 -0.0071911
v 0.717759 0.213266 -0.0071911
v 0.717759 0.213266 0.0101481
v 0.717759 0.28622 0.0101482
v 0.717759 0.359173 0.0101482
v 0.717759 0.359173 -0.0071911
v 0.717759 0.28622 -0.0071911
v 0.717759 0.28622 -0.0071911
v 0.717759 0.28622 0.0101482
v 0.717759 0.359173 0.0101482
v 0.717759 0.432126 0.0101482
v 0.717759 0.432126 -0.0071911
v 0.717759 0.359173 -0.0071911
v 0.717759 0.359173 -0.0071911
v 0.717759 0.359173 0.0101482
v 0.717759 0.432126 0.0101482
v 0.717759 0.50508 0.0101482
v 0.717759 0.50508 -0.0071911
v 0.717759 0.432126 -0.0071911
v 0.717759 0.432126 -0.0071911
v 0.717759 0.432126 0.0101482
v 0.717759 0.50508 0.0101482
v 0.717759 0.578033 0.0101482
v 0.717759 0.578033 -0.0071911
v 0.717759 0.50508 -0.0071911
v 0.717759 0.50508 -0.0071911
v 0.717759 0.50508 0.0101482
v 0.717759 0.578033 0.0101482
v 0.717759 0.650986 0.0101482
v 0.717759 0.650986 -0.007191
v 0.717759 0.578033 -0.0071911
v 0.717759 0.578033 -0.0071911
v 0.717759 0.578033 0.0101482
v 0.717759 0.650986 0.0101482
v 0.717759 0.717082 0.0101483
v 0.717759 0.717082 -0.007191
v 0.717759 0.650986 -0.007191
v 0.717759 0.650986 -0.007191
v 0.717759 0.650986 0.0101482
v 0.717759 0.717082 0.0101483
v 0.717759 0.0673596 0.0278913
v 0.717759 0.0673596 0.0101481
v 0.717759 0.0348352 0.0101481
v 0.717759 0.0348352 0.0101481
v 0.717759 0.0348352 0.0278913
v 0.717759 0.0673596 0.0278913
v 0.717759 0.140313 0.0278914
v 0.717759 0.140313 0.0101481
v 0.717759 0.0673596 0.0101481
v 0.717759 0.0673596 0.0101481
v 0.717759 0.0673596 0.0278913
v 0.717759 0.140313 0.0278914
v 0.717759 0.213266 0.0278914
v 0.717759 0.213266 0.0101481
v 0.717759 0.140313 0.0101481
v 0.717759 0.140313 0.0101481
v 0.717759 0.140313 0.0278914
v 0.717759 0.213266 0.0278914
v 0.717759 0.28622 0.0278914
v 0.717759 0.28622 0.0101482
v 0.717759 0.213266 0.0101481
v 0.717759 0.213266 0.0101481
v 0.717759 0.213266 0.0278914
v 0.717759 0.28622 0.0278914
v 0.717759 0.359173 0.0278914
v 0.717759 0.359173 0.0101482
v 0.717759 0.28622 0.0101482
v 0.717759 0.28622 0.0101482
v 0.717759 0.28622 0.0278914
v 0.717759 0.359173 0.0278914
v 0.717759 0.432126 0.0278914
v 0.717759 0.432126 0.0101482
v 0.717759 0.359173 0.0101482
v 0.717759 0.359173 0.0101482
v 0.717759 0.359173 0.0278914
v 0.717759 0.432126 0.0278914
v 0.717759 0.50508 0.0278914
v 0.717759 0.50508 0.0101482
v 0.717759 0.432126 0.0101482
v 0.717759 0.432126 0.0101482
v 0.717759 0.432126 0.0278914
v 0.717759 0.50508 0.0278914
v 0.717759 0.578033 0.0278914
v 0.717759 0.578033 0.0101482
v 0.717759 0.50508 0.0101482
v 0.717759 0.50508 0.0101482
v 0.717759 0.50508 0.0278914
v 0.717759 0.578033 0.0278914
v 0.717759 0.650986 0.0278914
v 0.717759 0.650986 0.0101482
v 0.717759 0.578033 0.0101482
v 0.717759 0.578033 0.0101482
v 0.717759 0.578033 0.0278914
v 0.717759 0.650986 0.0278914
v 0.717759 0.717082 0.0278914
v 0.717759 0.717082 0.0101483
v 0.717759 0.650986 0.0101482
v 0.717759 0.650986 0.0101482
v 0.717759 0.650986 0.0278914
v 0.717759 0.717082 0.0278914
v 0.715689 0.0673596 0.0490755
v 0.717759 0.0673596 0.0278913
v 0.717759 0.0348352 0.0278913
v 0.717759 0.0348352 0.0278913
v 0.715689 0.0348352 0.0490754
v 0.715689 0.0673596 0.0490755
v 0.715689 0.140313 0.0490755
v 0.717759 0.140313 0.0278914
v 0.717759 0.0673596 0.0278913
v 0.717759 0.0673596 0.0278913
v 0.715689 0.0673596 0.0490755
v 0.715689 0.140313 0.0490755
v 0.715689 0.213266 0.0490755
v 0.717759 0.213266 0.0278914
v 0.717759 0.140313 0.0278914
v 0.717759 0.140313 0.0278914
v 0.715689 0.140313 0.0490755
v 0.715689 0.213266 0.0490755
v 0.715689 0.28622 0.0490755
v 0.717759 0.28622 0.0278914
v 0.717759 0.213266 0.0278914
v 0.717759 0.213266 0.0278914
v 0.715689 0.213266 0.0490755
v 0.715689 0.28622 0.0490755
v 0.715689 0.359173 0.0490755
v 0.717759 0.359173 0.0278914
v 0.717759 0.28622 0.0278914
v 0.717759 0.28622 0.0278914
v 0.715689 0.28622 0.0490755
v 0.715689 0.359173 0.0490755
v 0.715689 0.432126 0.0490755
v 0.717759 0.432126 0.0278914
v 0.717759 0.359173 0.0278914
v 0.717759 0.359173 0.0278914
v 0.715689 0.359173 0.0490755
v 0.715689 0.432126 0.0490755
v 0.715689 0.50508 0.0490755
v 0.717759 0.50508 0.0278914
v 0.717759 0.432126 0.0278914
v 0.717759 0.432126 0.0278914
v 0.715689 0.432126 0.0490755
v 0.715689 0.50508 0.0490755
v 0.715689 0.578033 0.0490755
v 0.717759 0.578033 0.0278914
v 0.717759 0.50508 0.0278914
v 0.717759 0.50508 0.0278914
v 0.715689 0.50508 0.0490755
v 0.715689 0.578033 0.0490755
v 0.715689 0.650986 0.0490756
v 0.717759 0.650986 0.0278914
v 0.717759 0.578033 0.0278914
v 0.717759 0.578033 0.0278914
v 0.715689 0.578033 0.0490755
v 0.715689 0.650986 0.0490756
v 0.715689 0.717082 0.0490756
v 0.717759 0.717082 0.0278914
v 0.717759 0.650986 0.0278914
v 0.717759 0.650986 0.0278914
v 0.715689 0.650986 0.0490756
v 0.715689 0.717082 0.0490756
v 0.706699 0.0673596 0.0684014
v 0.715689 0.0673596 0.0490755
v 0.715689 0.0348352 0.0490754
v 0.715689 0.0348352 0.0490754
v 0.706699 0.0348352 0.0684014
v 0.706699 0.0673596 0.0684014
v 0.706699 0.140313 0.0684014
v 0.715689 0.140313 0.0490755
v 0.715689 0.0673596 0.0490755
v 0.715689 0.0673596 0.0490755
v 0.706699 0.0673596 0.0684014
v 0.706699 0.140313 0.0684014
v 0.706699 0.213266 0.0684014
v 0.715689 0.213266 0.0490755
v 0.715689 0.140313 0.0490755
v 0.715689 0.140313 0.0490755
v 0.706699 0.140313 0.0684014
v 0.706699 0.213266 0.0684014
v 0.706699 0.28622 0.0684014
v 0.715689 0.28622 0.0490755
v 0.715689 0.213266 0.0490755
v 0.715689 0.213266 0.0490755
v 0.706699 0.213266 0.0684014
v 0.706699 0.28622 0.0684014
v 0.706699 0.359173 0.0684014
v 0.715689 0.359173 0.0490755
v 0.715689 0.28622 0.0490755
v 0.715689 0.28622 0.0490755
v 0.706699 0.28622 0.0684014
v 0.706699 0.359173 0.0684014
v 0.706699 0.432126 0.0684014
v 0.715689 0.432126 0.0490755
v 0.715689 0.359173 0.0490755
v 0.715689 0.359173 0.0490755
v 0.706699 0.359173 0.0684014
v 0.706699 0.432126 0.0684014
v 0.706699 0.50508 0.0684014
v 0.715689 0.50508 0.0490755
v 0.715689 0.432126 0.0490755
v 0.715689 0.432126 0.0490755
v 0.706699 0.432126 0.0684014
v 0.706699 0.50508 0.0684014
v 0.706699 0.578033 0.0684015
v 0.715689 0.578033 0.0490755
v 0.715689 0.50508 0.0490755
v 0.715689 0.50508 0.0490755
v 0.706699 0.50508 0.0684014
v 0.706699 0.578033 0.0684015
v 0.706699 0.650986 0.0684014
v 0.715689 0.650986 0.0490756
v 0.715689 0.578033 0.0490755
v 0.715689 0.578033 0.0490755
v 0.706699 0.578033 0.0684015
v 0.706699 0.650986 0.0684014
v 0.706699 0.717082 0.0684015
v 0.715689 0.717082 0.0490756
v 0.715689 0.650986 0.0490756
v 0.715689 0.650986 0.0490756
v 0.706699 0.650986 0.0684014
v 0.706699 0.717082 0.0684015
v 0.689126 0.0673596 0.0803072
v 0.706699 0.0673596 0.0684014
v 0.706699 0.0348352 0.0684014
v 0.706699 0.0348352 0.0684014
v 0.689126 0.0348352 0.0803072
v 0.689126 0.0673596 0.0803072
v 0.689126 0.140313 0.0803072
v 0.706699 0.140313 0.0684014
v 0.706699 0.0673596 0.0684014
v 0.706699 0.0673596 0.0684014
v 0.689126 0.0673596 0.0803072
v 0.689126 0.140313 0.0803072
v 0.689126 0.213266 0.0803073
v 0.706699 0.213266 0.0684014
v 0.706699 0.140313 0.0684014
v 0.706699 0.140313 0.0684014
v 0.689126 0.140313 0.0803072
v 0.689126 0.213266 0.0803073
v 0.689126 0.28622 0.0803073
v 0.706699 0.28622 0.0684014
v 0.706699 0.213266 0.0684014
v 0.706699 0.213266 0.0684014
v 0.689126 0.213266 0.0803073
v 0.689126 0.28622 0.0803073
v 0.689126 0.359173 0.0803073
v 0.706699 0.359173 0.0684014
v 0.706699 0.28622 0.0684014
v 0.706699 0.28622 0.0684014
v 0.689126 0.28622 0.0803073
v 0.689126 0.359173 0.0803073
v 0.689126 0.432126 0.0803073
v 0.706699 0.432126 0.0684014
v 0.706699 0.359173 0.0684014
v 0.706699 0.359173 0.0684014
v 0.689126 0.359173 0.0803073
v 0.689126 0.432126 0.0803073
v 0.689126 0.50508 0.0803073
v 0.706699 0.50508 0.0684014
v 0.706699 0.432126 0.0684014
v 0.706699 0.432126 0.0684014
v 0.689126 0.432126 0.0803073
v 0.689126 0.50508 0.0803073
v 0.689126 0.578033 0.0803073
v 0.706699 0.578033 0.0684015
v 0.706699 0.50508 0.0684014
v 0.706699 0.50508 0.0684014
v 0.689126 0.50508 0.0803073
v 0.689126 0.578033 0.0803073
v 0.689126 0.650986 0.0803073
v 0.706699 0.650986 0.0684014
v 0.706699 0.578033 0.0684015
v 0.706699 0.578033 0.0684015
v 0.689126 0.578033 0.0803073
v 0.689126 0.650986 0.0803073
v 0.689126 0.717082 0.0803073
v 0.706699 0.717082 0.0684015
v 0.706699 0.650986 0.0684014
v 0.706699 0.650986 0.0684014
v 0.689126 0.650986 0.0803073
v 0.689126 0.717082 0.0803073
v 0.661584 0.0673596 0.085029
v 0.689126 0.0673596 0.0803072
v 0.689126 0.0348352 0.0803072
v 0.689126 0.0348352 0.0803072
v 0.661584 0.0348352 0.085029
v 0.661584 0.0673596 0.085029
v 0.661584 0.140313 0.0850291
v 0.689126 0.140313 0.0803072
v 0.689126 0.0673596 0.0803072
v 0.689126 0.0673596 0.0803072
v 0.661584 0.0673596 0.085029
v 0.661584 0.140313 0.0850291
v 0.661584 0.213266 0.0850291
v 0.689126 0.213266 0.0803073
v 0.689126 0.140313 0.0803072
v 0.689126 0.140313 0.0803072
v 0.661584 0.140313 0.0850291
v 0.661584 0.213266 0.0850291
v 0.661584 0.28622 0.0850291
v 0.689126 0.28622 0.0803073
v 0.689126 0.213266 0.0803073
v 0.689126 0.213266 0.0803073
v 0.661584 0.213266 0.0850291
v 0.661584 0.28622 0.0850291
v 0.661584 0.359173 0.0850291
v 0.689126 0.359173 0.0803073
v 0.689126 0.28622 0.0803073
v 0.689126 0.28622 0.0803073
v 0.661584 0.28622 0.0850291
v 0.661584 0.359173 0.0850291
v 0.661584 0.432126 0.085029
v 0.689126 0.432126 0.0803073
v 0.689126 0.359173 0.0803073
v 0.689126 0.359173 0.0803073
v 0.661584 0.359173 0.0850291
v 0.661584 0.432126 0.085029
v 0.661584 0.50508 0.0850291
v 0.689126 0.50508 0.0803073
v 0.689126 0.432126 0.0803073
v 0.689126 0.432126 0.0803073
v 0.661584 0.432126 0.085029
v 0.661584 0.50508 0.0850291
v 0.661584 0.578033 0.0850291
v 0.689126 0.578033 0.0803073
v 0.689126 0.50508 0.0803073
v 0.689126 0.50508 0.0803073
v 0.661584 0.50508 0.0850291
v 0.661584 0.578033 0.0850291
v 0.661584 0.650986 0.0850291
v 0.689126 0.650986 0.0803073
v 0.689126 0.578033 0.0803073
v 0.689126 0.578033 0.0803073
v 0.661584 0.578033 0.0850291
v 0.661584 0.650986 0.0850291
v 0.661584 0.717082 0.0850291
v 0.689126 0.717082 0.0803073
v 0.689126 0.650986 0.0803073
v 0.689126 0.650986 0.0803073
v 0.661584 0.650986 0.0850291
v 0.661584 0.717082 0.0850291
v 0.54764 0.0673596 0.0851438
v 0.661584 0.0673596 0.085029
v 0.661584 0.0348352 0.085029
v 0.661584 0.0348352 0.085029
v 0.54764 0.0348352 0.0851438
v 0.54764 0.0673596 0.0851438
v 0.54764 0.140313 0.0851438
v 0.661584 0.140313 0.0850291
v 0.661584 0.0673596 0.085029
v 0.661584 0.0673596 0.085029
v 0.54764 0.0673596 0.0851438
v 0.54764 0.140313 0.0851438
v 0.54764 0.213266 0.0851438
v 0.661584 0.213266 0.0850291
v 0.661584 0.140313 0.0850291
v 0.661584 0.140313 0.0850291
v 0.54764 0.140313 0.0851438
v 0.54764 0.213266 0.0851438
v 0.54764 0.28622 0.0851438
v 0.661584 0.28622 0.0850291
v 0.661584 0.213266 0.0850291
v 0.661584 0.213266 0.0850291
v 0.54764 0.213266 0.0851438
v 0.54764 0.28622 0.0851438
v 0.54764 0.359173 0.0851439
v 0.661584 0.359173 0.0850291
v 0.661584 0.28622 0.0850291
v 0.661584 0.28622 0.0850291
v 0.54764 0.28622 0.0851438
v 0.54764 0.359173 0.0851439
v 0.54764 0.432126 0.0851438
v 0.661584 0.432126 0.085029
v 0.661584 0.359173 0.0850291
v 0.661584 0.359173 0.0850291
v 0.54764 0.359173 0.0851439
v 0.54764 0.432126 0.0851438
v 0.54764 0.50508 0.0851439
v 0.661584 0.50508 0.0850291
v 0.661584 0.432126 0.085029
v 0.661584 0.432126 0.085029
v 0.54764 0.432126 0.0851438
v 0.54764 0.50508 0.0851439
v 0.54764 0.578033 0.0851439
v 0.661584 0.578033 0.0850291
v 0.661584 0.50508 0.0850291
v 0.661584 0.50508 0.0850291
v 0.54764 0.50508 0.0851439
v 0.54764 0.578033 0.0851439
v 0.54764 0.650986 0.0851439
v 0.661584 0.650986 0.0850291
v 0.661584 0.578033 0.0850291
v 0.661584 0.578033 0.0850291
v 0.54764 0.578033 0.0851439
v 0.54764 0.650986 0.0851439
v 0.54764 0.717082 0.0851439
v 0.661584 0.717082 0.0850291
v 0.661584 0.650986 0.0850291
v 0.661584 0.650986 0.0850291
v 0.54764 0.650986 0.0851439
v 0.54764 0.717082 0.0851439
v 0.411539 0.0673596 0.0851438
v 0.54764 0.0673596 0.0851438
v 0.54764 0.0348352 0.0851438
v 0.54764 0.0348352 0.0851438
v 0.411539 0.0348352 0.0851438
v 0.411539 0.0673596 0.0851438
v 0.411539 0.140313 0.0851438
v 0.54764 0.140313 0.0851438
v 0.54764 0.0673596 0.0851438
v 0.54764 0.0673596 0.0851438
v 0.411539 0.0673596 0.0851438
v 0.411539 0.140313 0.0851438
v 0.411539 0.213266 0.0851438
v 0.54764 0.213266 0.0851438
v 0.54764 0.140313 0.0851438
v 0.54764 0.140313 0.0851438
v 0.411539 0.140313 0.0851438
v 0.411539 0.213266 0.0851438
v 0.411539 0.28622 0.0851438
v 0.54764 0.28622 0.0851438
v 0.54764 0.213266 0.0851438
v 0.54764 0.213266 0.0851438
v 0.411539 0.213266 0.0851438
v 0.411539 0.28622 0.0851438
v 0.411539 0.359173 0.0851439
v 0.54764 0.359173 0.0851439
v 0.54764 0.28622 0.0851438
v 0.54764 0.28622 0.0851438
v 0.411539 0.28622 0.0851438
v 0.411539 0.359173 0.0851439
v 0.411539 0.432126 0.0851438
v 0.54764 0.432126 0.0851438
v 0.54764 0.359173 0.0851439
v 0.54764 0.359173 0.0851439
v 0.411539 0.359173 0.0851439
v 0.411539 0.432126 0.0851438
v 0.411539 0.50508 0.0851439
v 0.54764 0.50508 0.0851439
v 0.54764 0.432126 0.0851438
v 0.54764 0.432126 0.0851438
v 0.411539 0.432126 0.0851438
v 0.411539 0.50508 0.0851439
v 0.411539 0.578033 0.0851439
v 0.54764 0.578033 0.0851439
v 0.54764 0.50508 0.0851439
v 0.54764 0.50508 0.0851439
v 0.411539 0.50508 0.0851439
v 0.411539 0.578033 0.0851439
v 0.411539 0.650986 0.0851439
v 0.54764 0.650986 0.0851439
v 0.54764 0.578033 0.0851439
v 0.54764 0.578033 0.0851439
v 0.411539 0.578033 0.0851439
v 0.411539 0.650986 0.0851439
v 0.411539 0.717082 0.0851439
v 0.54764 0.717082 0.0851439
v 0.54764 0.650986 0.0851439
v 0.54764 0.650986 0.0851439
v 0.411539 0.650986 0.0851439
v 0.411539 0.717082 0.0851439
v 0.293979 0.0673596 0.0851438
v 0.411539 0.0673596 0.0851438
v 0.411539 0.0348352 0.0851438
v 0.411539 0.0348352 0.0851438
v 0.293979 0.0348352 0.0851438
v 0.293979 0.0673596 0.0851438
v 0.293979 0.140313 0.0851438
v 0.411539 0.140313 0.0851438
v 0.411539 0.0673596 0.0851438
v 0.411539 0.0673596 0.0851438
v 0.293979 0.0673596 0.0851438
v 0.293979 0.140313 0.0851438
v 0.293979 0.213266 0.0851438
v 0.411539 0.213266 0.0851438
v 0.411539 0.140313 0.0851438
v 0.411539 0.140313 0.0851438
v 0.293979 0.140313 0.0851438
v 0.293979 0.213266 0.0851438
v 0.293979 0.28622 0.0851438
v 0.411539 0.28622 0.0851438
v 0.411539 0.213266 0.0851438
v 0.411539 0.213266 0.0851438
v 0.293979 0.213266 0.0851438
v 0.293979 0.28622 0.0851438
v 0.293979 0.359173 0.0851439
v 0.411539 0.359173 0.0851439
v 0.411539 0.28622 0.0851438
v 0.411539 0.28622 0.0851438
v 0.293979 0.28622 0.0851438
v 0.293979 0.359173 0.0851439
v 0.293979 0.432126 0.0851438
v 0.411539 0.432126 0.0851438
v 0.411539 0.359173 0.0851439
v 0.411539 0.359173 0.0851439
v 0.293979 0.359173 0.0851439
v 0.293979 0.432126 0.0851438
v 0.293979 0.50508 0.0851439
v 0.411539 0.50508 0.0851439
v 0.411539 0.432126 0.0851438
v 0.411539 0.432126 0.0851438
v 0.293979 0.432126 0.0851438
v 0.293979 0.50508 0.0851439
v 0.293979 0.578033 0.0851439
v 0.411539 0.578033 0.0851439
v 0.411539 0.50508 0.0851439
v 0.411539 0.50508 0.0851439
v 0.293979 0.50508 0.0851439
v 0.293979 0.578033 0.0851439
v 0.293979 0.650986 0.0851439
v 0.411539 0.650986 0.0851439
v 0.411539 0.578033 0.0851439
v 0.411539 0.578033 0.0851439
v 0.293979 0.578033 0.0851439
v 0.293979 0.650986 0.0851439
v 0.293979 0.717082 0.0851439
v 0.411539 0.717082 0.0851439
v 0.411539 0.650986 0.0851439
v 0.411539 0.650986 0.0851439
v 0.293979 0.650986 0.0851439
v 0.293979 0.717082 0.0851439
v 0.180235 0.0673596 0.0851438
v 0.293979 0.0673596 0.0851438
v 0.293979 0.0348352 0.0851438
v 0.293979 0.0348352 0.0851438
v 0.180235 0.0348352 0.0851438
v 0.180235 0.0673596 0.0851438
v 0.180235 0.140313 0.0851438
v 0.293979 0.140313 0.0851438
v 0.293979 0.0673596 0.0851438
v 0.293979 0.0673596 0.0851438
v 0.180235 0.0673596 0.0851438
v 0.180235 0.140313 0.0851438
v 0.180235 0.213266 0.0851438
v 0.293979 0.213266 0.0851438
v 0.293979 0.140313 0.0851438
v 0.293979 0.140313 0.0851438
v 0.180235 0.140313 0.0851438
v 0.180235 0.213266 0.0851438
v 0.180235 0.28622 0.0851438
v 0.293979 0.28622 0.0851438
v 0.293979 0.213266 0.0851438
v 0.293979 0.213266 0.0851438
v 0.180235 0.213266 0.0851438
v 0.180235 0.28622 0.0851438
v 0.180235 0.359173 0.0851439
v 0.293979 0.359173 0.0851439
v 0.293979 0.28622 0.0851438
v 0.293979 0.28622 0.0851438
v 0.180235 0.28622 0.0851438
v 0.180235 0.359173 0.0851439
v 0.180235 0.432126 0.0851438
v 0.293979 0.432126 0.0851438
v 0.293979 0.359173 0.0851439
v 0.293979 0.359173 0.0851439
v 0.180235 0.359173 0.0851439
v 0.180235 0.432126 0.0851438
v 0.180235 0.50508 0.0851439
v 0.293979 0.50508 0.0851439
v 0.293979 0.432126 0.0851438
v 0.293979 0.432126 0.0851438
v 0.180235 0.432126 0.0851438
v 0.180235 0.50508 0.0851439
v 0.180235 0.578033 0.0851439
v 0.293979 0.578033 0.0851439
v 0.293979 0.50508 0.0851439
v 0.293979 0.50508 0.0851439
v 0.180235 0.50508 0.0851439
v 0.180235 0.578033 0.0851439
v 0.180235 0.650986 0.0851439
v 0.293979 0.650986 0.0851439
v 0.293979 0.578033 0.0851439
v 0.293979 0.578033 0.0851439
v 0.180235 0.578033 0.0851439
v 0.180235 0.650986 0.0851439
v 0.180235 0.717082 0.0851439
v 0.293979 0.717082 0.0851439
v 0.293979 0.650986 0.0851439
v 0.293979 0.650986 0.0851439
v 0.180235 0.650986 0.0851439
v 0.180235 0.717082 0.0851439
v 0.0724096 0.0673596 0.0851438
v 0.180235 0.0673596 0.0851438
v 0.180235 0.0348352 0.0851438
v 0.180235 0.0348352 0.0851438
v 0.0724096 0.0348352 0.0851438
v 0.0724096 0.0673596 0.0851438
v 0.0724096 0.140313 0.0851438
v 0.180235 0.140313 0.0851438
v 0.180235 0.0673596 0.0851438
v 0.180235 0.0673596 0.0851438
v 0.0724096 0.0673596 0.0851438
v 0.0724096 0.140313 0.0851438
v 0.0724096 0.213266 0.0851438
v 0.180235 0.213266 0.0851438
v 0.180235 0.140313 0.0851438
v 0.180235 0.140313 0.0851438
v 0.0724096 0.140313 0.0851438
v 0.0724096 0.213266 0.0851438
v 0.0724096 0.28622 0.0851438
v 0.180235 0.28622 0.0851438
v 0.180235 0.213266 0.0851438
v 0.180235 0.213266 0.0851438
v 0.0724096 0.213266 0.0851438
v 0.0724096 0.28622 0.0851438
v 0.0724096 0.359173 0.0851439
v 0.180235 0.359173 0.0851439
v 0.180235 0.28622 0.0851438
v 0.180235 0.28622 0.0851438
v 0.0724096 0.28622 0.0851438
v 0.0724096 0.359173 0.0851439
v 0.0724096 0.432126 0.0851438
v 0.180235 0.432126 0.0851438
v 0.180235 0.359173 0.0851439
v 0.180235 0.359173 0.0851439
v 0.0724096 0.359173 0.0851439
v 0.0724096 0.432126 0.0851438
v 0.0724096 0.50508 0.0851439
v 0.180235 0.50508 0.0851439
v 0.180235 0.432126 0.0851438
v 0.180235 0.432126 0.0851438
v 0.0724096 0.432126 0.0851438
v 0.0724096 0.50508 0.0851439
v 0.0724096 0.578033 0.0851439
v 0.180235 0.578033 0.0851439
v 0.180235 0.50508 0.0851439
v 0.180235 0.50508 0.0851439
v 0.0724096 0.50508 0.0851439
v 0.0724096 0.578033 0.0851439
v 0.0724096 0.650986 0.0851439
v 0.180235 0.650986 0.0851439
v 0.180235 0.578033 0.0851439
v 0.180235 0.578033 0.0851439
v 0.0724096 0.578033 0.0851439
v 0.0724096 0.650986 0.0851439
v 0.0724096 0.717082 0.0851439
v 0.180235 0.717082 0.0851439
v 0.180235 0.650986 0.0851439
v 0.180235 0.650986 0.0851439
v 0.0724096 0.650986 0.0851439
v 0.0724096 0.717082 0.0851439
v 0.0028161 0.0673596 0.0851438
v 0.0724096 0.0673596 0.0851438
v 0.0724096 0.0348352 0.0851438
v 0.0724096 0.0348352 0.0851438
v 0.0028161 0.0348352 0.0851438
v 0.0028161 0.0673596 0.0851438
v 0.0028161 0.140313 0.0851438
v 0.0724096 0.140313 0.0851438
v 0.0724096 0.0673596 0.0851438
v 0.0724096 0.0673596 0.0851438
v 0.0028161 0.0673596 0.0851438
v 0.0028161 0.140313 0.0851438
v 0.0028161 0.213266 0.0851438
v 0.0724096 0.213266 0.0851438
v 0.0724096 0.140313 0.0851438
v 0.0724096 0.140313 0.0851438
v 0.0028161 0.140313 0.0851438
v 0.0028161 0.213266 0.0851438
v 0.0028161 0.28622 0.0851438
v 0.0724096 0.28622 0.0851438
v 0.0724096 0.213266 0.0851438
v 0.0724096 0.213266 0.0851438
v 0.0028161 0.213266 0.0851438
v 0.0028161 0.28622 0.0851438
v 0.0028161 0.359173 0.0851439
v 0.0724096 0.359173 0.0851439
v 0.0724096 0.28622 0.0851438
v 0.0724096 0.28622 0.0851438
v 0.0028161 0.28622 0.0851438
v 0.0028161 0.359173 0.0851439
v 0.0028161 0.432126 0.0851438
v 0.0724096 0.432126 0.0851438
v 0.0724096 0.359173 0.0851439
v 0.0724096 0.359173 0.0851439
v 0.0028161 0.359173 0.0851439
v 0.0028161 0.432126 0.0851438
v 0.0028161 0.50508 0.0851439
v 0.0724096 0.50508 0.0851439
v 0.0724096 0.432126 0.0851438
v 0.0724096 0.432126 0.0851438
v 0.0028161 0.432126 0.0851438
v 0.0028161 0.50508 0.0851439
v 0.0028161 0.578033 0.0851439
v 0.0724096 0.578033 0.0851439
v 0.0724096 0.50508 0.0851439
v 0.0724096 0.50508 0.0851439
v 0.0028161 0.50508 0.0851439
v 0.0028161 0.578033 0.0851439
v 0.0028161 0.650986 0.0851439
v 0.0724096 0.650986 0.0851439
v 0.0724096 0.578033 0.0851439
v 0.0724096 0.578033 0.0851439
v 0.0028161 0.578033 0.0851439
v 0.0028161 0.650986 0.0851439
v 0.0028161 0.717082 0.0851439
v 0.0724096 0.717082 0.0851439
v 0.0724096 0.650986 0.0851439
v 0.0724096 0.650986 0.0851439
v 0.0028161 0.650986 0.0851439
v 0.0028161 0.717082 0.0851439
v 0.708486 0.0331946 -0.0956018
v 0.717759 0.0348352 -0.0956018
v 0.701871 0.0348352 -0.0956018
v 0.701871 0.0348352 -0.0956018
v 0.693046 0.0331946 -0.0956018
v 0.708486 0.0331946 -0.0956018
v 0.693046 0.0331946 -0.0956018
v 0.701871 0.0348352 -0.0956018
v 0.685984 0.0348352 -0.0956018
v 0.685984 0.0348352 -0.0956018
v 0.677607 0.0331946 -0.0956018
v 0.693046 0.0331946 -0.0956018
v 0.677607 0.0331946 -0.0956018
v 0.685984 0.0348352 -0.0956018
v 0.670096 0.0348352 -0.0956018
v 0.670096 0.0348352 -0.0956018
v 0.662167 0.0331946 -0.0956018
v 0.677607 0.0331946 -0.0956018
v 0.662167 0.0331946 -0.0956018
v 0.670096 0.0348352 -0.0956018
v 0.654208 0.0348352 -0.0956018
v 0.654208 0.0348352 -0.0956018
v 0.646728 0.0331946 -0.0956018
v 0.662167 0.0331946 -0.0956018
v 0.646728 0.0331946 -0.0956018
v 0.654208 0.0348352 -0.0956018
v 0.638321 0.0348352 -0.0956018
v 0.638321 0.0348352 -0.0956018
v 0.631288 0.0331946 -0.0956018
v 0.646728 0.0331946 -0.0956018
v 0.631288 0.0331946 -0.0956018
v 0.638321 0.0348352 -0.0956018
v 0.622433 0.0348352 -0.0956018
v 0.622433 0.0348352 -0.0956018
v 0.615849 0.0331946 -0.0956018
v 0.631288 0.0331946 -0.0956018
v 0.615849 0.0331946 -0.0956018
v 0.622433 0.0348352 -0.0956018
v 0.606546 0.0348352 -0.0956018
v 0.606546 0.0348352 -0.0956018
v 0.600409 0.0331946 -0.0956018
v 0.615849 0.0331946 -0.0956018
v 0.600409 0.0331946 -0.0956018
v 0.606546 0.0348352 -0.0956018
v 0.590658 0.0348352 -0.0956018
v 0.590658 0.0348352 -0.0956018
v 0.58497 0.0331946 -0.0956018
v 0.600409 0.0331946 -0.0956018
v 0.58497 0.0331946 -0.0956018
v 0.590658 0.0348352 -0.0956018
v 0.57477 0.0348352 -0.0956018
v 0.57477 0.0348352 -0.0956018
v 0.56953 0.0331946 -0.0956018
v 0.58497 0.0331946 -0.0956018
v 0.56953 0.0331946 -0.0956018
v 0.57477 0.0348352 -0.0956018
v 0.558883 0.0348352 -0.0956018
v 0.558883 0.0348352 -0.0956018
v 0.554091 0.0331946 -0.0956018
v 0.56953 0.0331946 -0.0956018
v 0.554091 0.0331946 -0.0956018
v 0.558883 0.0348352 -0.0956018
v 0.542995 0.0348352 -0.0956018
v 0.542995 0.0348352 -0.0956018
v 0.538651 0.0331946 -0.0956018
v 0.554091 0.0331946 -0.0956018
v 0.538651 0.0331946 -0.0956018
v 0.542995 0.0348352 -0.0956018
v 0.527107 0.0348352 -0.0956018
v 0.527107 0.0348352 -0.0956018
v 0.523212 0.0331946 -0.0956018
v 0.538651 0.0331946 -0.0956018
v 0.523212 0.0331946 -0.0956018
v 0.527107 0.0348352 -0.0956018
v 0.51122 0.0348352 -0.0956018
v 0.51122 0.0348352 -0.0956018
v 0.507772 0.0331946 -0.0956018
v 0.523212 0.0331946 -0.0956018
v 0.507772 0.0331946 -0.0956018
v 0.51122 0.0348352 -0.0956018
v 0.495332 0.0348352 -0.0956018
v 0.495332 0.0348352 -0.0956018
v 0.492333 0.0331946 -0.0956018
v 0.507772 0.0331946 -0.0956018
v 0.492333 0.0331946 -0.0956018
v 0.495332 0.0348352 -0.0956018
v 0.479444 0.0348352 -0.0956018
v 0.479444 0.0348352 -0.0956018
v 0.476893 0.0331946 -0.0956018
v 0.492333 0.0331946 -0.0956018
v 0.476893 0.0331946 -0.0956018
v 0.479444 0.0348352 -0.0956018
v 0.463557 0.0348352 -0.0956018
v 0.463557 0.0348352 -0.0956018
v 0.461454 0.0331946 -0.0956018
v 0.476893 0.0331946 -0.0956018
v 0.461454 0.0331946 -0.0956018
v 0.463557 0.0348352 -0.0956018
v 0.447669 0.0348352 -0.0956018
v 0.447669 0.0348352 -0.0956018
v 0.446014 0.0331946 -0.0956018
v 0.461454 0.0331946 -0.0956018
v 0.446014 0.0331946 -0.0956018
v 0.447669 0.0348352 -0.0956018
v 0.431782 0.0348352 -0.0956018
v 0.431782 0.0348352 -0.0956018
v 0.430575 0.0331946 -0.0956018
v 0.446014 0.0331946 -0.0956018
v 0.430575 0.0331946 -0.0956018
v 0.431782 0.0348352 -0.0956018
v 0.415894 0.0348352 -0.0956018
v 0.415894 0.0348352 -0.0956018
v 0.415135 0.0331946 -0.0956018
v 0.430575 0.0331946 -0.0956018
v 0.415135 0.0331946 -0.0956018
v 0.415894 0.0348352 -0.0956018
v 0.400006 0.0348352 -0.0956018
v 0.400006 0.0348352 -0.0956018
v 0.399696 0.0331946 -0.0956018
v 0.415135 0.0331946 -0.0956018
v 0.399696 0.0331946 -0.0956018
v 0.400006 0.0348352 -0.0956018
v 0.384119 0.0348352 -0.0956018
v 0.384119 0.0348352 -0.0956018
v 0.384256 0.0331946 -0.0956018
v 0.399696 0.0331946 -0.0956018
v 0.384256 0.0331946 -0.0956018
v 0.384119 0.0348352 -0.0956018
v 0.368231 0.0348352 -0.0956018
v 0.368231 0.0348352 -0.0956018
v 0.368817 0.0331946 -0.0956018
v 0.384256 0.0331946 -0.0956018
v 0.368817 0.0331946 -0.0956018
v 0.368231 0.0348352 -0.0956018
v 0.352343 0.0348352 -0.0956018
v 0.352343 0.0348352 -0.0956018
v 0.353377 0.0331946 -0.0956018
v 0.368817 0.0331946 -0.0956018
v 0.353377 0.0331946 -0.0956018
v 0.352343 0.0348352 -0.0956018
v 0.336456 0.0348352 -0.0956018
v 0.336456 0.0348352 -0.0956018
v 0.337938 0.0331946 -0.0956018
v 0.353377 0.0331946 -0.0956018
v 0.337938 0.0331946 -0.0956018
v 0.336456 0.0348352 -0.0956018
v 0.320568 0.0348352 -0.0956018
v 0.320568 0.0348352 -0.0956018
v 0.322498 0.0331946 -0.0956018
v 0.337938 0.0331946 -0.0956018
v 0.322498 0.0331946 -0.0956018
v 0.320568 0.0348352 -0.0956018
v 0.304681 0.0348352 -0.0956018
v 0.304681 0.0348352 -0.0956018
v 0.307059 0.0331946 -0.0956018
v 0.322498 0.0331946 -0.0956018
v 0.307059 0.0331946 -0.0956018
v 0.304681 0.0348352 -0.0956018
v 0.288793 0.0348352 -0.0956018
v 0.288793 0.0348352 -0.0956018
v 0.29162 0.0331946 -0.0956018
v 0.307059 0.0331946 -0.0956018
v 0.29162 0.0331946 -0.0956018
v 0.288793 0.0348352 -0.0956018
v 0.272905 0.0348352 -0.0956018
v 0.272905 0.0348352 -0.0956018
v 0.27618 0.0331946 -0.0956018
v 0.29162 0.0331946 -0.0956018
v 0.27618 0.0331946 -0.0956018
v 0.272905 0.0348352 -0.0956018
v 0.257018 0.0348352 -0.0956018
v 0.257018 0.0348352 -0.0956018
v 0.26074 0.0331946 -0.0956018
v 0.27618 0.0331946 -0.0956018
v 0.26074 0.0331946 -0.0956018
v 0.257018 0.0348352 -0.0956018
v 0.24113 0.0348352 -0.0956018
v 0.24113 0.0348352 -0.0956018
v 0.245301 0.0331946 -0.0956018
v 0.26074 0.0331946 -0.0956018
v 0.245301 0.0331946 -0.0956018
v 0.24113 0.0348352 -0.0956018
v 0.225243 0.0348352 -0.0956018
v 0.225243 0.0348352 -0.0956018
v 0.229862 0.0331946 -0.0956018
v 0.245301 0.0331946 -0.0956018
v 0.229862 0.0331946 -0.0956018
v 0.225243 0.0348352 -0.0956018
v 0.209355 0.0348352 -0.0956018
v 0.209355 0.0348352 -0.0956018
v 0.214422 0.0331946 -0.0956018
v 0.229862 0.0331946 -0.0956018
v 0.214422 0.0331946 -0.0956018
v 0.209355 0.0348352 -0.0956018
v 0.193467 0.0348352 -0.0956018
v 0.193467 0.0348352 -0.0956018
v 0.198983 0.0331946 -0.0956018
v 0.214422 0.0331946 -0.0956018
v 0.198983 0.0331946 -0.0956018
v 0.193467 0.0348352 -0.0956018
v 0.17758 0.0348352 -0.0956018
v 0.17758 0.0348352 -0.0956018
v 0.183543 0.0331946 -0.0956018
v 0.198983 0.0331946 -0.0956018
v 0.183543 0.0331946 -0.0956018
v 0.17758 0.0348352 -0.0956018
v 0.161692 0.0348352 -0.0956018
v 0.161692 0.0348352 -0.0956018
v 0.168104 0.0331946 -0.0956018
v 0.183543 0.0331946 -0.0956018
v 0.168104 0.0331946 -0.0956018
v 0.161692 0.0348352 -0.0956018
v 0.145805 0.0348352 -0.0956018
v 0.145805 0.0348352 -0.0956018
v 0.152664 0.0331946 -0.0956018
v 0.168104 0.0331946 -0.0956018
v 0.152664 0.0331946 -0.0956018
v 0.145805 0.0348352 -0.0956018
v 0.129917 0.0348352 -0.0956018
v 0.129917 0.0348352 -0.0956018
v 0.137225 0.0331946 -0.0956018
v 0.152664 0.0331946 -0.0956018
v 0.137225 0.0331946 -0.0956018
v 0.129917 0.0348352 -0.0956018
v 0.114029 0.0348352 -0.0956018
v 0.114029 0.0348352 -0.0956018
v 0.121785 0.0331946 -0.0956018
v 0.137225 0.0331946 -0.0956018
v 0.121785 0.0331946 -0.0956018
v 0.114029 0.0348352 -0.0956018
v 0.0981417 0.0348352 -0.0956018
v 0.0981417 0.0348352 -0.0956018
v 0.106346 0.0331946 -0.0956018
v 0.121785 0.0331946 -0.0956018
v 0.106346 0.0331946 -0.0956018
v 0.0981417 0.0348352 -0.0956018
v 0.0822541 0.0348352 -0.0956018
v 0.0822541 0.0348352 -0.0956018
v 0.0909062 0.0331946 -0.0956018
v 0.106346 0.0331946 -0.0956018
v 0.0909062 0.0331946 -0.0956018
v 0.0822541 0.0348352 -0.0956018
v 0.0663665 0.0348352 -0.0956018
v 0.0663665 0.0348352 -0.0956018
v 0.0754667 0.0331946 -0.0956018
v 0.0909062 0.0331946 -0.0956018
v 0.0754667 0.0331946 -0.0956018
v 0.0663665 0.0348352 -0.0956018
v 0.0504789 0.0348352 -0.0956018
v 0.0504789 0.0348352 -0.0956018
v 0.0600272 0.0331946 -0.0956018
v 0.0754667 0.0331946 -0.0956018
v 0.0600272 0.0331946 -0.0956018
v 0.0504789 0.0348352 -0.0956018
v 0.0345912 0.0348352 -0.0956018
v 0.0345912 0.0348352 -0.0956018
v 0.0445877 0.0331946 -0.0956018
v 0.0600272 0.0331946 -0.0956018
v 0.0445877 0.0331946 -0.0956018
v 0.0345912 0.0348352 -0.0956018
v 0.0187036 0.0348352 -0.0956018
v 0.0187036 0.0348352 -0.0956018
v 0.0291482 0.0331946 -0.0956018
v 0.0445877 0.0331946 -0.0956018
v 0.0291482 0.0331946 -0.0956018
v 0.0187036 0.0348352 -0.0956018
v 0.002816 0.0348352 -0.0956018
v 0.002816 0.0348352 -0.0956018
v 0.0137087 0.0331946 -0.0956018
v 0.0291482 0.0331946 -0.0956018
v 0.708486 0.0331946 -0.0280799
v 0.717759 0.0348352 -0.0271793
v 0.717759 0.0348352 -0.0956018
v 0.717759 0.0348352 -0.0956018
v 0.708486 0.0331946 -0.0956018
v 0.708486 0.0331946 -0.0280799
v 0.708486 0.0331945 -0.0086555
v 0.717759 0.0348352 -0.0071912
v 0.717759 0.0348352 -0.0271793
v 0.717759 0.0348352 -0.0271793
v 0.708486 0.0331946 -0.0280799
v 0.708486 0.0331945 -0.0086555
v 0.708486 0.0331945 0.0081946
v 0.717759 0.0348352 0.0101481
v 0.717759 0.0348352 -0.0071912
v 0.717759 0.0348352 -0.0071912
v 0.708486 0.0331945 -0.0086555
v 0.708486 0.0331945 0.0081946
v 0.708486 0.0331944 0.0254374
v 0.717759 0.0348352 0.0278913
v 0.717759 0.0348352 0.0101481
v 0.717759 0.0348352 0.0101481
v 0.708486 0.0331945 0.0081946
v 0.708486 0.0331944 0.0254374
v 0.706474 0.0331945 0.046024
v 0.715689 0.0348352 0.0490754
v 0.717759 0.0348352 0.0278913
v 0.717759 0.0348352 0.0278913
v 0.708486 0.0331944 0.0254374
v 0.706474 0.0331945 0.046024
v 0.697738 0.0331945 0.0648048
v 0.706699 0.0348352 0.0684014
v 0.715689 0.0348352 0.0490754
v 0.715689 0.0348352 0.0490754
v 0.706474 0.0331945 0.046024
v 0.697738 0.0331945 0.0648048
v 0.680661 0.0331945 0.0763749
v 0.689126 0.0348352 0.0803072
v 0.706699 0.0348352 0.0684014
v 0.706699 0.0348352 0.0684014
v 0.697738 0.0331945 0.0648048
v 0.680661 0.0331945 0.0763749
v 0.653895 0.0331945 0.0809635
v 0.661584 0.0348352 0.085029
v 0.689126 0.0348352 0.0803072
v 0.689126 0.0348352 0.0803072
v 0.680661 0.0331945 0.0763749
v 0.653895 0.0331945 0.0809635
v 0.543165 0.0331945 0.081075
v 0.54764 0.0348352 0.0851438
v 0.661584 0.0348352 0.085029
v 0.661584 0.0348352 0.085029
v 0.653895 0.0331945 0.0809635
v 0.543165 0.0331945 0.081075
v 0.410903 0.0331945 0.081075
v 0.411539 0.0348352 0.0851438
v 0.54764 0.0348352 0.0851438
v 0.54764 0.0348352 0.0851438
v 0.543165 0.0331945 0.081075
v 0.410903 0.0331945 0.081075
v 0.296659 0.0331945 0.081075
v 0.293979 0.0348352 0.0851438
v 0.411539 0.0348352 0.0851438
v 0.411539 0.0348352 0.0851438
v 0.410903 0.0331945 0.081075
v 0.296659 0.0331945 0.081075
v 0.186124 0.0331945 0.081075
v 0.180235 0.0348352 0.0851438
v 0.293979 0.0348352 0.0851438
v 0.293979 0.0348352 0.0851438
v 0.296659 0.0331945 0.081075
v 0.186124 0.0331945 0.081075
v 0.0813393 0.0331945 0.081075
v 0.0724096 0.0348352 0.0851438
v 0.180235 0.0348352 0.0851438
v 0.180235 0.0348352 0.0851438
v 0.186124 0.0331945 0.081075
v 0.0813393 0.0331945 0.081075
v 0.0028161 0.0331945 0.081075
v 0.0028161 0.0348352 0.0851438
v 0.0724096 0.0348352 0.0851438
v 0.0724096 0.0348352 0.0851438
v 0.0813393 0.0331945 0.081075
v 0.0028161 0.0331945 0.081075
v 0.0137087 0.008208 -0.0956018
v 0.0137087 0.0331946 -0.0956018
v 0.002816 0.0348352 -0.0956018
v 0.002816 0.0348352 -0.0956018
v 0.002816 0.0098487 -0.0956018
v 0.0137087 0.008208 -0.0956018
v 0.708486 0.008208 -0.0956018
v 0.708486 0.0331946 -0.0956018
v 0.693046 0.0331946 -0.0956018
v 0.693046 0.0331946 -0.0956018
v 0.693046 0.008208 -0.0956018
v 0.708486 0.008208 -0.0956018
v 0.693046 0.008208 -0.0956018
v 0.693046 0.0331946 -0.0956018
v 0.677607 0.0331946 -0.0956018
v 0.677607 0.0331946 -0.0956018
v 0.677607 0.008208 -0.0956017
v 0.693046 0.008208 -0.0956018
v 0.677607 0.008208 -0.0956017
v 0.677607 0.0331946 -0.0956018
v 0.662167 0.0331946 -0.0956018
v 0.662167 0.0331946 -0.0956018
v 0.662167 0.008208 -0.0956018
v 0.677607 0.008208 -0.0956017
v 0.662167 0.008208 -0.0956018
v 0.662167 0.0331946 -0.0956018
v 0.646728 0.0331946 -0.0956018
v 0.646728 0.0331946 -0.0956018
v 0.646728 0.008208 -0.0956018
v 0.662167 0.008208 -0.0956018
v 0.646728 0.008208 -0.0956018
v 0.646728 0.0331946 -0.0956018
v 0.631288 0.0331946 -0.0956018
v 0.631288 0.0331946 -0.0956018
v 0.631288 0.008208 -0.0956018
v 0.646728 0.008208 -0.0956018
v 0.631288 0.008208 -0.0956018
v 0.631288 0.0331946 -0.0956018
v 0.615849 0.0331946 -0.0956018
v 0.615849 0.0331946 -0.0956018
v 0.615849 0.008208 -0.0956018
v 0.631288 0.008208 -0.0956018
v 0.615849 0.008208 -0.0956018
v 0.615849 0.0331946 -0.0956018
v 0.600409 0.0331946 -0.0956018
v 0.600409 0.0331946 -0.0956018
v 0.600409 0.008208 -0.0956017
v 0.615849 0.008208 -0.0956018
v 0.600409 0.008208 -0.0956017
v 0.600409 0.0331946 -0.0956018
v 0.58497 0.0331946 -0.0956018
v 0.58497 0.0331946 -0.0956018
v 0.58497 0.008208 -0.0956018
v 0.600409 0.008208 -0.0956017
v 0.58497 0.008208 -0.0956018
v 0.58497 0.0331946 -0.0956018
v 0.56953 0.0331946 -0.0956018
v 0.56953 0.0331946 -0.0956018
v 0.56953 0.008208 -0.0956018
v 0.58497 0.008208 -0.0956018
v 0.56953 0.008208 -0.0956018
v 0.56953 0.0331946 -0.0956018
v 0.554091 0.0331946 -0.0956018
v 0.554091 0.0331946 -0.0956018
v 0.554091 0.008208 -0.0956018
v 0.56953 0.008208 -0.0956018
v 0.554091 0.008208 -0.0956018
v 0.554091 0.0331946 -0.0956018
v 0.538651 0.0331946 -0.0956018
v 0.538651 0.0331946 -0.0956018
v 0.538651 0.008208 -0.0956018
v 0.554091 0.008208 -0.0956018
v 0.538651 0.008208 -0.0956018
v 0.538651 0.0331946 -0.0956018
v 0.523212 0.0331946 -0.0956018
v 0.523212 0.0331946 -0.0956018
v 0.523212 0.008208 -0.0956017
v 0.538651 0.008208 -0.0956018
v 0.523212 0.008208 -0.0956017
v 0.523212 0.0331946 -0.0956018
v 0.507772 0.0331946 -0.0956018
v 0.507772 0.0331946 -0.0956018
v 0.507772 0.008208 -0.0956018
v 0.523212 0.008208 -0.0956017
v 0.507772 0.008208 -0.0956018
v 0.507772 0.0331946 -0.0956018
v 0.492333 0.0331946 -0.0956018
v 0.492333 0.0331946 -0.0956018
v 0.492333 0.008208 -0.0956018
v 0.507772 0.008208 -0.0956018
v 0.492333 0.008208 -0.0956018
v 0.492333 0.0331946 -0.0956018
v 0.476893 0.0331946 -0.0956018
v 0.476893 0.0331946 -0.0956018
v 0.476893 0.008208 -0.0956018
v 0.492333 0.008208 -0.0956018
v 0.476893 0.008208 -0.0956018
v 0.476893 0.0331946 -0.0956018
v 0.461454 0.0331946 -0.0956018
v 0.461454 0.0331946 -0.0956018
v 0.461454 0.008208 -0.0956018
v 0.476893 0.008208 -0.0956018
v 0.461454 0.008208 -0.0956018
v 0.461454 0.0331946 -0.0956018
v 0.446014 0.0331946 -0.0956018
v 0.446014 0.0331946 -0.0956018
v 0.446014 0.008208 -0.0956017
v 0.461454 0.008208 -0.0956018
v 0.446014 0.008208 -0.0956017
v 0.446014 0.0331946 -0.0956018
v 0.430575 0.0331946 -0.0956018
v 0.430575 0.0331946 -0.0956018
v 0.430575 0.008208 -0.0956017
v 0.446014 0.008208 -0.0956017
v 0.430575 0.008208 -0.0956017
v 0.430575 0.0331946 -0.0956018
v 0.415135 0.0331946 -0.0956018
v 0.415135 0.0331946 -0.0956018
v 0.415135 0.008208 -0.0956018
v 0.430575 0.008208 -0.0956017
v 0.415135 0.008208 -0.0956018
v 0.415135 0.0331946 -0.0956018
v 0.399696 0.0331946 -0.0956018
v 0.399696 0.0331946 -0.0956018
v 0.399696 0.008208 -0.0956018
v 0.415135 0.008208 -0.0956018
v 0.399696 0.008208 -0.0956018
v 0.399696 0.0331946 -0.0956018
v 0.384256 0.0331946 -0.0956018
v 0.384256 0.0331946 -0.0956018
v 0.384256 0.008208 -0.0956018
v 0.399696 0.008208 -0.0956018
v 0.384256 0.008208 -0.0956018
v 0.384256 0.0331946 -0.0956018
v 0.368817 0.0331946 -0.0956018
v 0.368817 0.0331946 -0.0956018
v 0.368817 0.008208 -0.0956018
v 0.384256 0.008208 -0.0956018
v 0.368817 0.008208 -0.0956018
v 0.368817 0.0331946 -0.0956018
v 0.353377 0.0331946 -0.0956018
v 0.353377 0.0331946 -0.0956018
v 0.353377 0.008208 -0.0956017
v 0.368817 0.008208 -0.0956018
v 0.353377 0.008208 -0.0956017
v 0.353377 0.0331946 -0.0956018
v 0.337938 0.0331946 -0.0956018
v 0.337938 0.0331946 -0.0956018
v 0.337938 0.008208 -0.0956018
v 0.353377 0.008208 -0.0956017
v 0.337938 0.008208 -0.0956018
v 0.337938 0.0331946 -0.0956018
v 0.322498 0.0331946 -0.0956018
v 0.322498 0.0331946 -0.0956018
v 0.322498 0.008208 -0.0956018
v 0.337938 0.008208 -0.0956018
v 0.322498 0.008208 -0.0956018
v 0.322498 0.0331946 -0.0956018
v 0.307059 0.0331946 -0.0956018
v 0.307059 0.0331946 -0.0956018
v 0.307059 0.008208 -0.0956018
v 0.322498 0.008208 -0.0956018
v 0.307059 0.008208 -0.0956018
v 0.307059 0.0331946 -0.0956018
v 0.29162 0.0331946 -0.0956018
v 0.29162 0.0331946 -0.0956018
v 0.29162 0.008208 -0.0956018
v 0.307059 0.008208 -0.0956018
v 0.29162 0.008208 -0.0956018
v 0.29162 0.0331946 -0.0956018
v 0.27618 0.0331946 -0.0956018
v 0.27618 0.0331946 -0.0956018
v 0.27618 0.008208 -0.0956017
v 0.29162 0.008208 -0.0956018
v 0.27618 0.008208 -0.0956017
v 0.27618 0.0331946 -0.0956018
v 0.26074 0.0331946 -0.0956018
v 0.26074 0.0331946 -0.0956018
v 0.26074 0.008208 -0.0956018
v 0.27618 0.008208 -0.0956017
v 0.26074 0.008208 -0.0956018
v 0.26074 0.0331946 -0.0956018
v 0.245301 0.0331946 -0.0956018
v 0.245301 0.0331946 -0.0956018
v 0.245301 0.008208 -0.0956018
v 0.26074 0.008208 -0.0956018
v 0.245301 0.008208 -0.0956018
v 0.245301 0.0331946 -0.0956018
v 0.229862 0.0331946 -0.0956018
v 0.229862 0.0331946 -0.0956018
v 0.229862 0.008208 -0.0956018
v 0.245301 0.008208 -0.0956018
v 0.229862 0.008208 -0.0956018
v 0.229862 0.0331946 -0.0956018
v 0.214422 0.0331946 -0.0956018
v 0.214422 0.0331946 -0.0956018
v 0.214422 0.008208 -0.0956018
v 0.229862 0.008208 -0.0956018
v 0.214422 0.008208 -0.0956018
v 0.214422 0.0331946 -0.0956018
v 0.198983 0.0331946 -0.0956018
v 0.198983 0.0331946 -0.0956018
v 0.198983 0.008208 -0.0956017
v 0.214422 0.008208 -0.0956018
v 0.198983 0.008208 -0.0956017
v 0.198983 0.0331946 -0.0956018
v 0.183543 0.0331946 -0.0956018
v 0.183543 0.0331946 -0.0956018
v 0.183543 0.008208 -0.0956018
v 0.198983 0.008208 -0.0956017
v 0.183543 0.008208 -0.0956018
v 0.183543 0.0331946 -0.0956018
v 0.168104 0.0331946 -0.0956018
v 0.168104 0.0331946 -0.0956018
v 0.168104 0.008208 -0.0956018
v 0.183543 0.008208 -0.0956018
v 0.168104 0.008208 -0.0956018
v 0.168104 0.0331946 -0.0956018
v 0.152664 0.0331946 -0.0956018
v 0.152664 0.0331946 -0.0956018
v 0.152664 0.008208 -0.0956018
v 0.168104 0.008208 -0.0956018
v 0.152664 0.008208 -0.0956018
v 0.152664 0.0331946 -0.0956018
v 0.137225 0.0331946 -0.0956018
v 0.137225 0.0331946 -0.0956018
v 0.137225 0.008208 -0.0956018
v 0.152664 0.008208 -0.0956018
v 0.137225 0.008208 -0.0956018
v 0.137225 0.0331946 -0.0956018
v 0.121785 0.0331946 -0.0956018
v 0.121785 0.0331946 -0.0956018
v 0.121785 0.008208 -0.0956017
v 0.137225 0.008208 -0.0956018
v 0.121785 0.008208 -0.0956017
v 0.121785 0.0331946 -0.0956018
v 0.106346 0.0331946 -0.0956018
v 0.106346 0.0331946 -0.0956018
v 0.106346 0.008208 -0.0956018
v 0.121785 0.008208 -0.0956017
v 0.106346 0.008208 -0.0956018
v 0.106346 0.0331946 -0.0956018
v 0.0909062 0.0331946 -0.0956018
v 0.0909062 0.0331946 -0.0956018
v 0.0909062 0.008208 -0.0956018
v 0.106346 0.008208 -0.0956018
v 0.0909062 0.008208 -0.0956018
v 0.0909062 0.0331946 -0.0956018
v 0.0754667 0.0331946 -0.0956018
v 0.0754667 0.0331946 -0.0956018
v 0.0754667 0.008208 -0.0956018
v 0.0909062 0.008208 -0.0956018
v 0.0754667 0.008208 -0.0956018
v 0.0754667 0.0331946 -0.0956018
v 0.0600272 0.0331946 -0.0956018
v 0.0600272 0.0331946 -0.0956018
v 0.0600272 0.008208 -0.0956018
v 0.0754667 0.008208 -0.0956018
v 0.0600272 0.008208 -0.0956018
v 0.0600272 0.0331946 -0.0956018
v 0.0445877 0.0331946 -0.0956018
v 0.0445877 0.0331946 -0.0956018
v 0.0445877 0.008208 -0.0956017
v 0.0600272 0.008208 -0.0956018
v 0.0445877 0.008208 -0.0956017
v 0.0445877 0.0331946 -0.0956018
v 0.0291482 0.0331946 -0.0956018
v 0.0291482 0.0331946 -0.0956018
v 0.0291482 0.008208 -0.0956018
v 0.0445877 0.008208 -0.0956017
v 0.0291482 0.008208 -0.0956018
v 0.0291482 0.0331946 -0.0956018
v 0.0137087 0.0331946 -0.0956018
v 0.0137087 0.0331946 -0.0956018
v 0.0137087 0.008208 -0.0956018
v 0.0291482 0.008208 -0.0956018
v 0.708486 0.008208 -0.0280799
v 0.708486 0.0331946 -0.0280799
v 0.708486 0.0331946 -0.0956018
v 0.708486 0.0331946 -0.0956018
v 0.708486 0.008208 -0.0956018
v 0.708486 0.008208 -0.0280799
v 0.708486 0.008208 -0.0086556
v 0.708486 0.0331945 -0.0086555
v 0.708486 0.0331946 -0.0280799
v 0.708486 0.0331946 -0.0280799
v 0.708486 0.008208 -0.0280799
v 0.708486 0.008208 -0.0086556
v 0.708486 0.008208 0.0081946
v 0.708486 0.0331945 0.0081946
v 0.708486 0.0331945 -0.0086555
v 0.708486 0.0331945 -0.0086555
v 0.708486 0.008208 -0.0086556
v 0.708486 0.008208 0.0081946
v 0.708486 0.0082079 0.0254374
v 0.708486 0.0331944 0.0254374
v 0.708486 0.0331945 0.0081946
v 0.708486 0.0331945 0.0081946
v 0.708486 0.008208 0.0081946
v 0.708486 0.0082079 0.0254374
v 0.706474 0.0082079 0.046024
v 0.706474 0.0331945 0.046024
v 0.708486 0.0331944 0.0254374
v 0.708486 0.0331944 0.0254374
v 0.708486 0.0082079 0.0254374
v 0.706474 0.0082079 0.046024
v 0.697738 0.008208 0.0648048
v 0.697738 0.0331945 0.0648048
v 0.706474 0.0331945 0.046024
v 0.706474 0.0331945 0.046024
v 0.706474 0.0082079 0.046024
v 0.697738 0.008208 0.0648048
v 0.680661 0.008208 0.0763749
v 0.680661 0.0331945 0.0763749
v 0.697738 0.0331945 0.0648048
v 0.697738 0.0331945 0.0648048
v 0.697738 0.008208 0.0648048
v 0.680661 0.008208 0.0763749
v 0.653895 0.008208 0.0809635
v 0.653895 0.0331945 0.0809635
v 0.680661 0.0331945 0.0763749
v 0.680661 0.0331945 0.0763749
v 0.680661 0.008208 0.0763749
v 0.653895 0.008208 0.0809635
v 0.543165 0.008208 0.081075
v 0.543165 0.0331945 0.081075
v 0.653895 0.0331945 0.0809635
v 0.653895 0.0331945 0.0809635
v 0.653895 0.008208 0.0809635
v 0.543165 0.008208 0.081075
v 0.410903 0.008208 0.081075
v 0.410903 0.0331945 0.081075
v 0.543165 0.0331945 0.081075
v 0.543165 0.0331945 0.081075
v 0.543165 0.008208 0.081075
v 0.410903 0.008208 0.081075
v 0.296659 0.008208 0.081075
v 0.296659 0.0331945 0.081075
v 0.410903 0.0331945 0.081075
v 0.410903 0.0331945 0.081075
v 0.410903 0.008208 0.081075
v 0.296659 0.008208 0.081075
v 0.186124 0.008208 0.081075
v 0.186124 0.0331945 0.081075
v 0.296659 0.0331945 0.081075
v 0.296659 0.0331945 0.081075
v 0.296659 0.008208 0.081075
v 0.186124 0.008208 0.081075
v 0.0813393 0.008208 0.081075
v 0.0813393 0.0331945 0.081075
v 0.186124 0.0331945 0.081075
v 0.186124 0.0331945 0.081075
v 0.186124 0.008208 0.081075
v 0.0813393 0.008208 0.081075
v 0.0028161 0.008208 0.081075
v 0.0028161 0.0331945 0.081075
v 0.0813393 0.0331945 0.081075
v 0.0813393 0.0331945 0.081075
v 0.0813393 0.008208 0.081075
v 0.0028161 0.008208 0.081075
v 0.002816 0.0098487 -0.0956018
v 0.0028161 -0.0015526 -0.0956018
v 0.0137087 0.008208 -0.0956018
v 0.690938 -0.0015527 -0.0956018
v 0.708486 0.008208 -0.0956018
v 0.693046 0.008208 -0.0956018
v 0.693046 0.008208 -0.0956018
v 0.676345 -0.0015527 -0.0956018
v 0.690938 -0.0015527 -0.0956018
v 0.676345 -0.0015527 -0.0956018
v 0.693046 0.008208 -0.0956018
v 0.677607 0.008208 -0.0956017
v 0.677607 0.008208 -0.0956017
v 0.661753 -0.0015527 -0.0956018
v 0.676345 -0.0015527 -0.0956018
v 0.661753 -0.0015527 -0.0956018
v 0.677607 0.008208 -0.0956017
v 0.662167 0.008208 -0.0956018
v 0.662167 0.008208 -0.0956018
v 0.64716 -0.0015527 -0.0956018
v 0.661753 -0.0015527 -0.0956018
v 0.64716 -0.0015527 -0.0956018
v 0.662167 0.008208 -0.0956018
v 0.646728 0.008208 -0.0956018
v 0.646728 0.008208 -0.0956018
v 0.632568 -0.0015527 -0.0956018
v 0.64716 -0.0015527 -0.0956018
v 0.632568 -0.0015527 -0.0956018
v 0.646728 0.008208 -0.0956018
v 0.631288 0.008208 -0.0956018
v 0.631288 0.008208 -0.0956018
v 0.617975 -0.0015527 -0.0956018
v 0.632568 -0.0015527 -0.0956018
v 0.617975 -0.0015527 -0.0956018
v 0.631288 0.008208 -0.0956018
v 0.615849 0.008208 -0.0956018
v 0.615849 0.008208 -0.0956018
v 0.603383 -0.0015527 -0.0956018
v 0.617975 -0.0015527 -0.0956018
v 0.603383 -0.0015527 -0.0956018
v 0.615849 0.008208 -0.0956018
v 0.600409 0.008208 -0.0956017
v 0.600409 0.008208 -0.0956017
v 0.58879 -0.0015527 -0.0956017
v 0.603383 -0.0015527 -0.0956018
v 0.58879 -0.0015527 -0.0956017
v 0.600409 0.008208 -0.0956017
v 0.58497 0.008208 -0.0956018
v 0.58497 0.008208 -0.0956018
v 0.574198 -0.0015527 -0.0956018
v 0.58879 -0.0015527 -0.0956017
v 0.574198 -0.0015527 -0.0956018
v 0.58497 0.008208 -0.0956018
v 0.56953 0.008208 -0.0956018
v 0.56953 0.008208 -0.0956018
v 0.559606 -0.0015527 -0.0956018
v 0.574198 -0.0015527 -0.0956018
v 0.559606 -0.0015527 -0.0956018
v 0.56953 0.008208 -0.0956018
v 0.554091 0.008208 -0.0956018
v 0.554091 0.008208 -0.0956018
v 0.545013 -0.0015527 -0.0956018
v 0.559606 -0.0015527 -0.0956018
v 0.545013 -0.0015527 -0.0956018
v 0.554091 0.008208 -0.0956018
v 0.538651 0.008208 -0.0956018
v 0.538651 0.008208 -0.0956018
v 0.530421 -0.0015527 -0.0956018
v 0.545013 -0.0015527 -0.0956018
v 0.530421 -0.0015527 -0.0956018
v 0.538651 0.008208 -0.0956018
v 0.523212 0.008208 -0.0956017
v 0.523212 0.008208 -0.0956017
v 0.515828 -0.0015527 -0.0956017
v 0.530421 -0.0015527 -0.0956018
v 0.515828 -0.0015527 -0.0956017
v 0.523212 0.008208 -0.0956017
v 0.507772 0.008208 -0.0956018
v 0.507772 0.008208 -0.0956018
v 0.501236 -0.0015527 -0.0956018
v 0.515828 -0.0015527 -0.0956017
v 0.501236 -0.0015527 -0.0956018
v 0.507772 0.008208 -0.0956018
v 0.492333 0.008208 -0.0956018
v 0.492333 0.008208 -0.0956018
v 0.486644 -0.0015527 -0.0956018
v 0.501236 -0.0015527 -0.0956018
v 0.486644 -0.0015527 -0.0956018
v 0.492333 0.008208 -0.0956018
v 0.476893 0.008208 -0.0956018
v 0.476893 0.008208 -0.0956018
v 0.472051 -0.0015527 -0.0956018
v 0.486644 -0.0015527 -0.0956018
v 0.472051 -0.0015527 -0.0956018
v 0.476893 0.008208 -0.0956018
v 0.461454 0.008208 -0.0956018
v 0.461454 0.008208 -0.0956018
v 0.457459 -0.0015527 -0.0956018
v 0.472051 -0.0015527 -0.0956018
v 0.457459 -0.0015527 -0.0956018
v 0.461454 0.008208 -0.0956018
v 0.446014 0.008208 -0.0956017
v 0.446014 0.008208 -0.0956017
v 0.442866 -0.0015527 -0.0956017
v 0.457459 -0.0015527 -0.0956018
v 0.442866 -0.0015527 -0.0956017
v 0.446014 0.008208 -0.0956017
v 0.430575 0.008208 -0.0956017
v 0.430575 0.008208 -0.0956017
v 0.428274 -0.0015527 -0.0956017
v 0.442866 -0.0015527 -0.0956017
v 0.428274 -0.0015527 -0.0956017
v 0.430575 0.008208 -0.0956017
v 0.415135 0.008208 -0.0956018
v 0.415135 0.008208 -0.0956018
v 0.413682 -0.0015527 -0.0956018
v 0.428274 -0.0015527 -0.0956017
v 0.413682 -0.0015527 -0.0956018
v 0.415135 0.008208 -0.0956018
v 0.399696 0.008208 -0.0956018
v 0.399696 0.008208 -0.0956018
v 0.399089 -0.0015527 -0.0956018
v 0.413682 -0.0015527 -0.0956018
v 0.399089 -0.0015527 -0.0956018
v 0.399696 0.008208 -0.0956018
v 0.384256 0.008208 -0.0956018
v 0.384256 0.008208 -0.0956018
v 0.384497 -0.0015527 -0.0956018
v 0.399089 -0.0015527 -0.0956018
v 0.384497 -0.0015527 -0.0956018
v 0.384256 0.008208 -0.0956018
v 0.368817 0.008208 -0.0956018
v 0.368817 0.008208 -0.0956018
v 0.369904 -0.0015527 -0.0956018
v 0.384497 -0.0015527 -0.0956018
v 0.369904 -0.0015527 -0.0956018
v 0.368817 0.008208 -0.0956018
v 0.353377 0.008208 -0.0956017
v 0.353377 0.008208 -0.0956017
v 0.355312 -0.0015527 -0.0956017
v 0.369904 -0.0015527 -0.0956018
v 0.355312 -0.0015527 -0.0956017
v 0.353377 0.008208 -0.0956017
v 0.337938 0.008208 -0.0956018
v 0.337938 0.008208 -0.0956018
v 0.34072 -0.0015527 -0.0956018
v 0.355312 -0.0015527 -0.0956017
v 0.34072 -0.0015527 -0.0956018
v 0.337938 0.008208 -0.0956018
v 0.322498 0.008208 -0.0956018
v 0.322498 0.008208 -0.0956018
v 0.326127 -0.0015527 -0.0956018
v 0.34072 -0.0015527 -0.0956018
v 0.326127 -0.0015527 -0.0956018
v 0.322498 0.008208 -0.0956018
v 0.307059 0.008208 -0.0956018
v 0.307059 0.008208 -0.0956018
v 0.311535 -0.0015527 -0.0956018
v 0.326127 -0.0015527 -0.0956018
v 0.311535 -0.0015527 -0.0956018
v 0.307059 0.008208 -0.0956018
v 0.29162 0.008208 -0.0956018
v 0.29162 0.008208 -0.0956018
v 0.296943 -0.0015527 -0.0956018
v 0.311535 -0.0015527 -0.0956018
v 0.296943 -0.0015527 -0.0956018
v 0.29162 0.008208 -0.0956018
v 0.27618 0.008208 -0.0956017
v 0.27618 0.008208 -0.0956017
v 0.28235 -0.0015527 -0.0956017
v 0.296943 -0.0015527 -0.0956018
v 0.28235 -0.0015527 -0.0956017
v 0.27618 0.008208 -0.0956017
v 0.26074 0.008208 -0.0956018
v 0.26074 0.008208 -0.0956018
v 0.267758 -0.0015527 -0.0956018
v 0.28235 -0.0015527 -0.0956017
v 0.267758 -0.0015527 -0.0956018
v 0.26074 0.008208 -0.0956018
v 0.245301 0.008208 -0.0956018
v 0.245301 0.008208 -0.0956018
v 0.253165 -0.0015527 -0.0956018
v 0.267758 -0.0015527 -0.0956018
v 0.253165 -0.0015527 -0.0956018
v 0.245301 0.008208 -0.0956018
v 0.229862 0.008208 -0.0956018
v 0.229862 0.008208 -0.0956018
v 0.238573 -0.0015527 -0.0956018
v 0.253165 -0.0015527 -0.0956018
v 0.238573 -0.0015527 -0.0956018
v 0.229862 0.008208 -0.0956018
v 0.214422 0.008208 -0.0956018
v 0.214422 0.008208 -0.0956018
v 0.223981 -0.0015527 -0.0956018
v 0.238573 -0.0015527 -0.0956018
v 0.223981 -0.0015527 -0.0956018
v 0.214422 0.008208 -0.0956018
v 0.198983 0.008208 -0.0956017
v 0.198983 0.008208 -0.0956017
v 0.209388 -0.0015527 -0.0956017
v 0.223981 -0.0015527 -0.0956018
v 0.209388 -0.0015527 -0.0956017
v 0.198983 0.008208 -0.0956017
v 0.183543 0.008208 -0.0956018
v 0.183543 0.008208 -0.0956018
v 0.194796 -0.0015527 -0.0956018
v 0.209388 -0.0015527 -0.0956017
v 0.194796 -0.0015527 -0.0956018
v 0.183543 0.008208 -0.0956018
v 0.168104 0.008208 -0.0956018
v 0.168104 0.008208 -0.0956018
v 0.180203 -0.0015527 -0.0956018
v 0.194796 -0.0015527 -0.0956018
v 0.180203 -0.0015527 -0.0956018
v 0.168104 0.008208 -0.0956018
v 0.152664 0.008208 -0.0956018
v 0.152664 0.008208 -0.0956018
v 0.165611 -0.0015527 -0.0956018
v 0.180203 -0.0015527 -0.0956018
v 0.165611 -0.0015527 -0.0956018
v 0.152664 0.008208 -0.0956018
v 0.137225 0.008208 -0.0956018
v 0.137225 0.008208 -0.0956018
v 0.151019 -0.0015527 -0.0956018
v 0.165611 -0.0015527 -0.0956018
v 0.151019 -0.0015527 -0.0956018
v 0.137225 0.008208 -0.0956018
v 0.121785 0.008208 -0.0956017
v 0.121785 0.008208 -0.0956017
v 0.136426 -0.0015527 -0.0956017
v 0.151019 -0.0015527 -0.0956018
v 0.136426 -0.0015527 -0.0956017
v 0.121785 0.008208 -0.0956017
v 0.106346 0.008208 -0.0956018
v 0.106346 0.008208 -0.0956018
v 0.121834 -0.0015527 -0.0956018
v 0.136426 -0.0015527 -0.0956017
v 0.121834 -0.0015527 -0.0956018
v 0.106346 0.008208 -0.0956018
v 0.0909062 0.008208 -0.0956018
v 0.0909062 0.008208 -0.0956018
v 0.107241 -0.0015527 -0.0956018
v 0.121834 -0.0015527 -0.0956018
v 0.107241 -0.0015527 -0.0956018
v 0.0909062 0.008208 -0.0956018
v 0.0754667 0.008208 -0.0956018
v 0.0754667 0.008208 -0.0956018
v 0.0926489 -0.0015527 -0.0956018
v 0.107241 -0.0015527 -0.0956018
v 0.0926489 -0.0015527 -0.0956018
v 0.0754667 0.008208 -0.0956018
v 0.0600272 0.008208 -0.0956018
v 0.0600272 0.008208 -0.0956018
v 0.0780566 -0.0015527 -0.0956018
v 0.0926489 -0.0015527 -0.0956018
v 0.0780566 -0.0015527 -0.0956018
v 0.0600272 0.008208 -0.0956018
v 0.0445877 0.008208 -0.0956017
v 0.0445877 0.008208 -0.0956017
v 0.0634642 -0.0015527 -0.0956017
v 0.0780566 -0.0015527 -0.0956018
v 0.0634642 -0.0015527 -0.0956017
v 0.0445877 0.008208 -0.0956017
v 0.0291482 0.008208 -0.0956018
v 0.0291482 0.008208 -0.0956018
v 0.0488717 -0.0015527 -0.0956018
v 0.0634642 -0.0015527 -0.0956017
v 0.0488717 -0.0015527 -0.0956018
v 0.0291482 0.008208 -0.0956018
v 0.0137087 0.008208 -0.0956018
v 0.0137087 0.008208 -0.0956018
v 0.0028161 -0.0015526 -0.0956018
v 0.0488717 -0.0015527 -0.0956018
v 0.690938 -0.0015527 -0.0298235
v 0.708486 0.008208 -0.0280799
v 0.708486 0.008208 -0.0956018
v 0.708486 0.008208 -0.0956018
v 0.690938 -0.0015527 -0.0956018
v 0.690938 -0.0015527 -0.0298235
v 0.690938 -0.0015528 -0.0114648
v 0.708486 0.008208 -0.0086556
v 0.708486 0.008208 -0.0280799
v 0.708486 0.008208 -0.0280799
v 0.690938 -0.0015527 -0.0298235
v 0.690938 -0.0015528 -0.0114648
v 0.690938 -0.0015528 0.0044609
v 0.708486 0.008208 0.0081946
v 0.708486 0.008208 -0.0086556
v 0.708486 0.008208 -0.0086556
v 0.690938 -0.0015528 -0.0114648
v 0.690938 -0.0015528 0.0044609
v 0.690938 -0.0015529 0.0207576
v 0.708486 0.0082079 0.0254374
v 0.708486 0.008208 0.0081946
v 0.708486 0.008208 0.0081946
v 0.690938 -0.0015528 0.0044609
v 0.690938 -0.0015529 0.0207576
v 0.689036 -0.0015529 0.0402147
v 0.706474 0.0082079 0.046024
v 0.708486 0.0082079 0.0254374
v 0.708486 0.0082079 0.0254374
v 0.690938 -0.0015529 0.0207576
v 0.689036 -0.0015529 0.0402147
v 0.680779 -0.0015527 0.0579651
v 0.697738 0.008208 0.0648048
v 0.706474 0.0082079 0.046024
v 0.706474 0.0082079 0.046024
v 0.689036 -0.0015529 0.0402147
v 0.680779 -0.0015527 0.0579651
v 0.664639 -0.0015527 0.0689004
v 0.680661 0.008208 0.0763749
v 0.697738 0.008208 0.0648048
v 0.697738 0.008208 0.0648048
v 0.680779 -0.0015527 0.0579651
v 0.664639 -0.0015527 0.0689004
v 0.639342 -0.0015527 0.0732372
v 0.653895 0.008208 0.0809635
v 0.680661 0.008208 0.0763749
v 0.680661 0.008208 0.0763749
v 0.664639 -0.0015527 0.0689004
v 0.639342 -0.0015527 0.0732372
v 0.534687 -0.0015528 0.0733426
v 0.543165 0.008208 0.081075
v 0.653895 0.008208 0.0809635
v 0.653895 0.008208 0.0809635
v 0.639342 -0.0015527 0.0732372
v 0.534687 -0.0015528 0.0733426
v 0.409681 -0.0015528 0.0733426
v 0.410903 0.008208 0.081075
v 0.543165 0.008208 0.081075
v 0.543165 0.008208 0.081075
v 0.534687 -0.0015528 0.0733426
v 0.409681 -0.0015528 0.0733426
v 0.301706 -0.0015528 0.0733426
v 0.296659 0.008208 0.081075
v 0.410903 0.008208 0.081075
v 0.410903 0.008208 0.081075
v 0.409681 -0.0015528 0.0733426
v 0.301706 -0.0015528 0.0733426
v 0.197235 -0.0015528 0.0733426
v 0.186124 0.008208 0.081075
v 0.296659 0.008208 0.081075
v 0.296659 0.008208 0.081075
v 0.301706 -0.0015528 0.0733426
v 0.197235 -0.0015528 0.0733426
v 0.0981994 -0.0015528 0.0733426
v 0.0813393 0.008208 0.081075
v 0.186124 0.008208 0.081075
v 0.186124 0.008208 0.081075
v 0.197235 -0.0015528 0.0733426
v 0.0981994 -0.0015528 0.0733426
v 0.0028161 -0.0015528 0.0733426
v 0.0028161 0.008208 0.081075
v 0.0813393 0.008208 0.081075
v 0.0813393 0.008208 0.081075
v 0.0981994 -0.0015528 0.0733426
v 0.0028161 -0.0015528 0.0733426
v 0.0028161 -0.0015526 -0.0956018
v 0.0028161 -0.0015528 0.0733426
v 0.0981994 -0.0015528 0.0733426
v 0.0028161 -0.0015526 -0.0956018
v 0.0981994 -0.0015528 0.0733426
v 0.197235 -0.0015528 0.0733426
v 0.0028161 -0.0015526 -0.0956018
v 0.197235 -0.0015528 0.0733426
v 0.301706 -0.0015528 0.0733426
v 0.0028161 -0.0015526 -0.0956018
v 0.301706 -0.0015528 0.0733426
v 0.409681 -0.0015528 0.0733426
v 0.0488717 -0.0015527 -0.0956018
v 0.0028161 -0.0015526 -0.0956018
v 0.409681 -0.0015528 0.0733426
v 0.534687 -0.0015528 0.0733426
v 0.639342 -0.0015527 0.0732372
v 0.664639 -0.0015527 0.0689004
v 0.664639 -0.0015527 0.0689004
v 0.680779 -0.0015527 0.0579651
v 0.689036 -0.0015529 0.0402147
v 0.534687 -0.0015528 0.0733426
v 0.664639 -0.0015527 0.0689004
v 0.689036 -0.0015529 0.0402147
v 0.409681 -0.0015528 0.0733426
v 0.534687 -0.0015528 0.0733426
v 0.689036 -0.0015529 0.0402147
v 0.689036 -0.0015529 0.0402147
v 0.690938 -0.0015529 0.0207576
v 0.690938 -0.0015528 0.0044609
v 0.689036 -0.0015529 0.0402147
v 0.690938 -0.0015528 0.0044609
v 0.690938 -0.0015528 -0.0114648
v 0.689036 -0.0015529 0.0402147
v 0.690938 -0.0015528 -0.0114648
v 0.690938 -0.0015527 -0.0298235
v 0.409681 -0.0015528 0.0733426
v 0.689036 -0.0015529 0.0402147
v 0.690938 -0.0015527 -0.0298235
v 0.0488717 -0.0015527 -0.0956018
v 0.409681 -0.0015528 0.0733426
v 0.690938 -0.0015527 -0.0298235
v 0.0634642 -0.0015527 -0.0956017
v 0.0488717 -0.0015527 -0.0956018
v 0.690938 -0.0015527 -0.0298235
v 0.0780566 -0.0015527 -0.0956018
v 0.0634642 -0.0015527 -0.0956017
v 0.690938 -0.0015527 -0.0298235
v 0.0926489 -0.0015527 -0.0956018
v 0.0780566 -0.0015527 -0.0956018
v 0.690938 -0.0015527 -0.0298235
v 0.107241 -0.0015527 -0.0956018
v 0.0926489 -0.0015527 -0.0956018
v 0.690938 -0.0015527 -0.0298235
v 0.121834 -0.0015527 -0.0956018
v 0.107241 -0.0015527 -0.0956018
v 0.690938 -0.0015527 -0.0298235
v 0.136426 -0.0015527 -0.0956017
v 0.121834 -0.0015527 -0.0956018
v 0.690938 -0.0015527 -0.0298235
v 0.151019 -0.0015527 -0.0956018
v 0.136426 -0.0015527 -0.0956017
v 0.690938 -0.0015527 -0.0298235
v 0.165611 -0.0015527 -0.0956018
v 0.151019 -0.0015527 -0.0956018
v 0.690938 -0.0015527 -0.0298235
v 0.180203 -0.0015527 -0.0956018
v 0.165611 -0.0015527 -0.0956018
v 0.690938 -0.0015527 -0.0298235
v 0.194796 -0.0015527 -0.0956018
v 0.180203 -0.0015527 -0.0956018
v 0.690938 -0.0015527 -0.0298235
v 0.209388 -0.0015527 -0.0956017
v 0.194796 -0.0015527 -0.0956018
v 0.690938 -0.0015527 -0.0298235
v 0.223981 -0.0015527 -0.0956018
v 0.209388 -0.0015527 -0.0956017
v 0.690938 -0.0015527 -0.0298235
v 0.238573 -0.0015527 -0.0956018
v 0.223981 -0.0015527 -0.0956018
v 0.690938 -0.0015527 -0.0298235
v 0.253165 -0.0015527 -0.0956018
v 0.238573 -0.0015527 -0.0956018
v 0.690938 -0.0015527 -0.0298235
v 0.267758 -0.0015527 -0.0956018
v 0.253165 -0.0015527 -0.0956018
v 0.690938 -0.0015527 -0.0298235
v 0.28235 -0.0015527 -0.0956017
v 0.267758 -0.0015527 -0.0956018
v 0.690938 -0.0015527 -0.0298235
v 0.296943 -0.0015527 -0.0956018
v 0.28235 -0.0015527 -0.0956017
v 0.690938 -0.0015527 -0.0298235
v 0.311535 -0.0015527 -0.0956018
v 0.296943 -0.0015527 -0.0956018
v 0.690938 -0.0015527 -0.0298235
v 0.326127 -0.0015527 -0.0956018
v 0.311535 -0.0015527 -0.0956018
v 0.690938 -0.0015527 -0.0298235
v 0.34072 -0.0015527 -0.0956018
v 0.326127 -0.0015527 -0.0956018
v 0.690938 -0.0015527 -0.0298235
v 0.355312 -0.0015527 -0.0956017
v 0.34072 -0.0015527 -0.0956018
v 0.690938 -0.0015527 -0.0298235
v 0.369904 -0.0015527 -0.0956018
v 0.355312 -0.0015527 -0.0956017
v 0.690938 -0.0015527 -0.0298235
v 0.384497 -0.0015527 -0.0956018
v 0.369904 -0.0015527 -0.0956018
v 0.690938 -0.0015527 -0.0298235
v 0.399089 -0.0015527 -0.0956018
v 0.384497 -0.0015527 -0.0956018
v 0.690938 -0.0015527 -0.0298235
v 0.413682 -0.0015527 -0.0956018
v 0.399089 -0.0015527 -0.0956018
v 0.690938 -0.0015527 -0.0298235
v 0.428274 -0.0015527 -0.0956017
v 0.413682 -0.0015527 -0.0956018
v 0.690938 -0.0015527 -0.0298235
v 0.442866 -0.0015527 -0.0956017
v 0.428274 -0.0015527 -0.0956017
v 0.690938 -0.0015527 -0.0298235
v 0.457459 -0.0015527 -0.0956018
v 0.442866 -0.0015527 -0.0956017
v 0.690938 -0.0015527 -0.0298235
v 0.472051 -0.0015527 -0.0956018
v 0.457459 -0.0015527 -0.0956018
v 0.690938 -0.0015527 -0.0298235
v 0.486644 -0.0015527 -0.0956018
v 0.472051 -0.0015527 -0.0956018
v 0.690938 -0.0015527 -0.0298235
v 0.501236 -0.0015527 -0.0956018
v 0.486644 -0.0015527 -0.0956018
v 0.690938 -0.0015527 -0.0298235
v 0.515828 -0.0015527 -0.0956017
v 0.501236 -0.0015527 -0.0956018
v 0.690938 -0.0015527 -0.0298235
v 0.530421 -0.0015527 -0.0956018
v 0.515828 -0.0015527 -0.0956017
v 0.690938 -0.0015527 -0.0298235
v 0.545013 -0.0015527 -0.0956018
v 0.530421 -0.0015527 -0.0956018
v 0.690938 -0.0015527 -0.0298235
v 0.559606 -0.0015527 -0.0956018
v 0.545013 -0.0015527 -0.0956018
v 0.690938 -0.0015527 -0.0298235
v 0.574198 -0.0015527 -0.0956018
v 0.559606 -0.0015527 -0.0956018
v 0.690938 -0.0015527 -0.0298235
v 0.58879 -0.0015527 -0.0956017
v 0.574198 -0.0015527 -0.0956018
v 0.690938 -0.0015527 -0.0298235
v 0.603383 -0.0015527 -0.0956018
v 0.58879 -0.0015527 -0.0956017
v 0.690938 -0.0015527 -0.0298235
v 0.617975 -0.0015527 -0.0956018
v 0.603383 -0.0015527 -0.0956018
v 0.690938 -0.0015527 -0.0298235
v 0.632568 -0.0015527 -0.0956018
v 0.617975 -0.0015527 -0.0956018
v 0.690938 -0.0015527 -0.0298235
v 0.64716 -0.0015527 -0.0956018
v 0.632568 -0.0015527 -0.0956018
v 0.690938 -0.0015527 -0.0298235
v 0.661753 -0.0015527 -0.0956018
v 0.64716 -0.0015527 -0.0956018
v 0.690938 -0.0015527 -0.0298235
v 0.676345 -0.0015527 -0.0956018
v 0.661753 -0.0015527 -0.0956018
v 0.690938 -0.0015527 -0.0298235
v 0.676345 -0.0015527 -0.0956018
v 0.690938 -0.0015527 -0.0298235
v 0.690938 -0.0015527 -0.0956018
v 0.244308 0.723521 0.0851682
v 0.244308 0.717063 0.0851682
v 0.0028161 0.717063 0.0851682
v 0.0028161 0.717063 0.0851682
v 0.0028161 0.723521 0.0851682
v 0.244308 0.723521 0.0851682
v 0.244308 0.723521 0.0851682
v 0.496523 0.723521 0.0851682
v 0.496523 0.717063 0.0851682
v 0.496523 0.717063 0.0851682
v 0.244308 0.717063 0.0851682
v 0.244308 0.723521 0.0851682
v 0.507594 0.723521 0.0851682
v 0.661584 0.723521 0.0850535
v 0.661584 0.717063 0.0850535
v 0.661584 0.717063 0.0850535
v 0.507594 0.717063 0.0851682
v 0.507594 0.723521 0.0851682
v 0.689126 0.717063 0.0803317
v 0.661584 0.717063 0.0850535
v 0.661584 0.723521 0.0850535
v 0.661584 0.723521 0.0850535
v 0.689126 0.723521 0.0803316
v 0.689126 0.717063 0.0803317
v 0.706699 0.723521 0.0684258
v 0.706699 0.717063 0.0684258
v 0.689126 0.717063 0.0803317
v 0.689126 0.717063 0.0803317
v 0.689126 0.723521 0.0803316
v 0.706699 0.723521 0.0684258
v 0.715689 0.717063 0.0490999
v 0.706699 0.717063 0.0684258
v 0.706699 0.723521 0.0684258
v 0.706699 0.723521 0.0684258
v 0.715689 0.723521 0.0490999
v 0.715689 0.717063 0.0490999
v 0.717759 0.717063 0.0279158
v 0.715689 0.717063 0.0490999
v 0.715689 0.723521 0.0490999
v 0.715689 0.723521 0.0490999
v 0.717759 0.723521 0.0279158
v 0.717759 0.717063 0.0279158
v 0.717759 0.717063 0.0101726
v 0.717759 0.717063 0.0279158
v 0.717759 0.723521 0.0279158
v 0.717759 0.723521 0.0279158
v 0.717759 0.723521 0.0101726
v 0.717759 0.717063 0.0101726
v 0.717759 0.717063 -0.0071667
v 0.717759 0.717063 0.0101726
v 0.717759 0.723521 0.0101726
v 0.717759 0.723521 0.0101726
v 0.717759 0.723521 -0.0071667
v 0.717759 0.717063 -0.0071667
v 0.71753 0.717063 -0.0270324
v 0.717759 0.717063 -0.0071667
v 0.717759 0.723521 -0.0071667
v 0.717759 0.723521 -0.0071667
v 0.71753 0.723521 -0.0270325
v 0.71753 0.717063 -0.0270324
v 0.71753 0.723521 -0.0270325
v 0.507593 0.72352 -0.0270318
v 0.507595 0.717067 -0.0270305
v 0.507595 0.717067 -0.0270305
v 0.71753 0.717063 -0.0270324
v 0.71753 0.723521 -0.0270325
v 0.0028161 0.717063 0.0851682
v 0.0028161 0.717063 0.0684217
v 0.0028161 0.723521 0.0684217
v 0.0028161 0.717063 0.0851682
v 0.0028161 0.723521 0.0684217
v 0.0028161 0.723521 0.0803277
v 0.0028161 0.717063 0.0851682
v 0.0028161 0.723521 0.0803277
v 0.0028161 0.723521 0.0851682
v 0.002816 0.717063 -0.0270324
v 0.244306 0.717063 -0.0270324
v 0.244306 0.723521 -0.0270325
v 0.244306 0.723521 -0.0270325
v 0.002816 0.723521 -0.0270325
v 0.002816 0.717063 -0.0270324
v 0.244306 0.717063 -0.0270324
v 0.496521 0.71699 -0.0270324
v 0.496521 0.72352 -0.0270324
v 0.496521 0.72352 -0.0270324
v 0.244306 0.723521 -0.0270325
v 0.244306 0.717063 -0.0270324
v 0.244292 0.723521 0.080329
v 0.244308 0.723521 0.0851682
v 0.0028161 0.723521 0.0851682
v 0.0028161 0.723521 0.0851682
v 0.0028161 0.723521 0.0803277
v 0.244292 0.723521 0.080329
v 0.507595 0.723519 0.0803306
v 0.689126 0.723521 0.0803316
v 0.661584 0.723521 0.0850535
v 0.661584 0.723521 0.0850535
v 0.507594 0.723521 0.0851682
v 0.507595 0.723519 0.0803306
v 0.496521 0.717181 0.0803305
v 0.507595 0.717181 0.0803306
v 0.507594 0.717181 0.0851682
v 0.507594 0.717181 0.0851682
v 0.496523 0.717181 0.0851682
v 0.496521 0.717181 0.0803305
v 0.507595 0.717181 0.0803306
v 0.507595 0.723519 0.0803306
v 0.507594 0.723521 0.0851682
v 0.507594 0.723521 0.0851682
v 0.507594 0.717181 0.0851682
v 0.507595 0.717181 0.0803306
v 0.496523 0.717181 0.0851682
v 0.496523 0.723521 0.0851682
v 0.496521 0.723519 0.0803305
v 0.496521 0.723519 0.0803305
v 0.496521 0.717181 0.0803305
v 0.496523 0.717181 0.0851682
v 0.244292 0.723521 0.080329
v 0.496521 0.723519 0.0803305
v 0.496523 0.723521 0.0851682
v 0.496523 0.723521 0.0851682
v 0.244308 0.723521 0.0851682
v 0.244292 0.723521 0.080329
v 0.507595 0.717067 -0.0270305
v 0.507595 0.717081 -0.0071726
v 0.496521 0.717039 -0.0071726
v 0.496521 0.717039 -0.0071726
v 0.496521 0.71699 -0.0270324
v 0.507595 0.717067 -0.0270305
v 0.496521 0.72352 -0.0270324
v 0.496521 0.71699 -0.0270324
v 0.507595 0.717067 -0.0270305
v 0.507595 0.717067 -0.0270305
v 0.507593 0.72352 -0.0270318
v 0.496521 0.72352 -0.0270324
v 0.496521 0.723519 0.0803305
v 0.496521 0.723519 0.0684217
v 0.496521 0.717162 0.0684217
v 0.496521 0.717162 0.0684217
v 0.496521 0.717181 0.0803305
v 0.496521 0.723519 0.0803305
v 0.507593 0.72352 -0.0270318
v 0.507593 0.72352 -0.0071726
v 0.507595 0.717081 -0.0071726
v 0.507595 0.717081 -0.0071726
v 0.507595 0.717067 -0.0270305
v 0.507593 0.72352 -0.0270318
v 0.507593 0.72352 -0.0071726
v 0.507594 0.72352 0.0101757
v 0.507595 0.7171 0.0101757
v 0.507595 0.7171 0.0101757
v 0.507595 0.717081 -0.0071726
v 0.507593 0.72352 -0.0071726
v 0.507594 0.72352 0.0101757
v 0.507594 0.72352 0.027918
v 0.507595 0.717117 0.027918
v 0.507595 0.717117 0.027918
v 0.507595 0.7171 0.0101757
v 0.507594 0.72352 0.0101757
v 0.507594 0.72352 0.027918
v 0.507594 0.723519 0.0491036
v 0.507595 0.717128 0.0491036
v 0.507595 0.717128 0.0491036
v 0.507595 0.717117 0.027918
v 0.507594 0.72352 0.027918
v 0.507594 0.723519 0.0491036
v 0.507594 0.723519 0.0684217
v 0.507595 0.717151 0.0684217
v 0.507595 0.717151 0.0684217
v 0.507595 0.717128 0.0491036
v 0.507594 0.723519 0.0491036
v 0.507594 0.723519 0.0684217
v 0.507595 0.723519 0.0803306
v 0.507595 0.717181 0.0803306
v 0.507595 0.717181 0.0803306
v 0.507595 0.717151 0.0684217
v 0.507594 0.723519 0.0684217
v 0.496521 0.723519 0.0684217
v 0.496521 0.723519 0.0491036
v 0.496521 0.717131 0.0491036
v 0.496521 0.717131 0.0491036
v 0.496521 0.717162 0.0684217
v 0.496521 0.723519 0.0684217
v 0.496521 0.723519 0.0491036
v 0.496521 0.723519 0.027918
v 0.496521 0.717104 0.027918
v 0.496521 0.717104 0.027918
v 0.496521 0.717131 0.0491036
v 0.496521 0.723519 0.0491036
v 0.496521 0.723519 0.027918
v 0.496521 0.72352 0.0101757
v 0.496521 0.71707 0.0101757
v 0.496521 0.71707 0.0101757
v 0.496521 0.717104 0.027918
v 0.496521 0.723519 0.027918
v 0.496521 0.72352 0.0101757
v 0.496521 0.72352 -0.0071726
v 0.496521 0.717039 -0.0071726
v 0.496521 0.717039 -0.0071726
v 0.496521 0.71707 0.0101757
v 0.496521 0.72352 0.0101757
v 0.496521 0.72352 -0.0071726
v 0.496521 0.72352 -0.0270324
v 0.496521 0.71699 -0.0270324
v 0.496521 0.71699 -0.0270324
v 0.496521 0.717039 -0.0071726
v 0.496521 0.72352 -0.0071726
v 0.507595 0.717151 0.0684217
v 0.507595 0.717181 0.0803306
v 0.496521 0.717181 0.0803305
v 0.496521 0.717181 0.0803305
v 0.496521 0.717162 0.0684217
v 0.507595 0.717151 0.0684217
v 0.507595 0.717128 0.0491036
v 0.507595 0.717151 0.0684217
v 0.496521 0.717162 0.0684217
v 0.496521 0.717162 0.0684217
v 0.496521 0.717131 0.0491036
v 0.507595 0.717128 0.0491036
v 0.507595 0.717117 0.027918
v 0.507595 0.717128 0.0491036
v 0.496521 0.717131 0.0491036
v 0.496521 0.717131 0.0491036
v 0.496521 0.717104 0.027918
v 0.507595 0.717117 0.027918
v 0.507595 0.7171 0.0101757
v 0.507595 0.717117 0.027918
v 0.496521 0.717104 0.027918
v 0.496521 0.717104 0.027918
v 0.496521 0.71707 0.0101757
v 0.507595 0.7171 0.0101757
v 0.507595 0.717081 -0.0071726
v 0.507595 0.7171 0.0101757
v 0.496521 0.71707 0.0101757
v 0.496521 0.71707 0.0101757
v 0.496521 0.717039 -0.0071726
v 0.507595 0.717081 -0.0071726
v 0.244292 0.723521 0.080329
v 0.244308 0.717063 0.0851682
v 0.244308 0.723521 0.0851682
v 0.244306 0.723521 -0.0270325
v 0.244306 0.717063 -0.0270324
v 0.244307 0.717063 0.0101757
v 0.244307 0.717063 0.0101757
v 0.244307 0.717063 -0.0071726
v 0.244307 0.717063 0.027918
v 0.244306 0.723521 -0.0270325
v 0.244307 0.717063 0.0101757
v 0.244307 0.717063 0.027918
v 0.244306 0.723521 -0.0270325
v 0.244307 0.717063 0.027918
v 0.244307 0.717063 0.0491036
v 0.244306 0.723521 -0.0270325
v 0.244307 0.717063 0.0491036
v 0.244307 0.717063 0.0684217
v 0.244306 0.723521 -0.0270325
v 0.244307 0.717063 0.0684217
v 0.244308 0.717063 0.0851682
v 0.244295 0.723521 -0.0071726
v 0.244297 0.723521 0.0101757
v 0.244298 0.723521 0.027918
v 0.244294 0.723521 0.0491036
v 0.244295 0.723521 -0.0071726
v 0.244298 0.723521 0.027918
v 0.244298 0.723521 0.027918
v 0.244306 0.723521 -0.0270325
v 0.244308 0.717063 0.0851682
v 0.244294 0.723521 0.0491036
v 0.244298 0.723521 0.027918
v 0.244308 0.717063 0.0851682
v 0.244293 0.723521 0.0684217
v 0.244294 0.723521 0.0491036
v 0.244308 0.717063 0.0851682
v 0.244293 0.723521 0.0684217
v 0.244308 0.717063 0.0851682
v 0.244292 0.723521 0.080329
v 0.507595 0.717081 -0.0071726
v 0.717759 0.723521 -0.0071667
v 0.717759 0.717063 -0.0071667
v 0.507595 0.717081 -0.0071726
v 0.507593 0.72352 -0.0071726
v 0.717759 0.723521 -0.0071667
v 0.507594 0.72352 0.0101757
v 0.717759 0.717063 0.0101726
v 0.507595 0.7171 0.0101757
v 0.507594 0.72352 0.0101757
v 0.717759 0.723521 0.0101726
v 0.717759 0.717063 0.0101726
v 0.507595 0.717117 0.027918
v 0.717759 0.723521 0.0279158
v 0.717759 0.717063 0.0279158
v 0.507595 0.717117 0.027918
v 0.507594 0.72352 0.027918
v 0.717759 0.723521 0.0279158
v 0.507594 0.723519 0.0491036
v 0.715689 0.717063 0.0490999
v 0.507595 0.717128 0.0491036
v 0.507594 0.723519 0.0491036
v 0.715689 0.723521 0.0490999
v 0.715689 0.717063 0.0490999
v 0.507594 0.723519 0.0684217
v 0.706699 0.717063 0.0684258
v 0.507595 0.717151 0.0684217
v 0.507594 0.723519 0.0684217
v 0.706699 0.723521 0.0684258
v 0.706699 0.717063 0.0684258
v 0.496521 0.717181 0.0803305
v 0.507595 0.723519 0.0803306
v 0.496521 0.723519 0.0803305
v 0.496521 0.717181 0.0803305
v 0.507595 0.717181 0.0803306
v 0.507595 0.723519 0.0803306
v 0.496521 0.723519 0.0684217
v 0.244307 0.717063 0.0684217
v 0.496521 0.717162 0.0684217
v 0.496521 0.723519 0.0684217
v 0.244293 0.723521 0.0684217
v 0.244307 0.717063 0.0684217
v 0.496521 0.717131 0.0491036
v 0.244294 0.723521 0.0491036
v 0.496521 0.723519 0.0491036
v 0.496521 0.717131 0.0491036
v 0.244307 0.717063 0.0491036
v 0.244294 0.723521 0.0491036
v 0.496521 0.717104 0.027918
v 0.244298 0.723521 0.027918
v 0.496521 0.723519 0.027918
v 0.496521 0.717104 0.027918
v 0.244307 0.717063 0.027918
v 0.244298 0.723521 0.027918
v 0.496521 0.71707 0.0101757
v 0.244297 0.723521 0.0101757
v 0.496521 0.72352 0.0101757
v 0.496521 0.71707 0.0101757
v 0.244307 0.717063 0.0101757
v 0.244297 0.723521 0.0101757
v 0.496521 0.717039 -0.0071726
v 0.244295 0.723521 -0.0071726
v 0.496521 0.72352 -0.0071726
v 0.496521 0.717039 -0.0071726
v 0.244307 0.717063 -0.0071726
v 0.244295 0.723521 -0.0071726
v 0.0028161 0.717063 0.0684217
v 0.0028161 0.717063 0.0491036
v 0.0028161 0.723521 0.0491036
v 0.0028161 0.723521 0.0491036
v 0.0028161 0.723521 0.0684217
v 0.0028161 0.717063 0.0684217
v 0.0028161 0.717063 0.0491036
v 0.0028161 0.717063 0.027918
v 0.0028161 0.723521 0.027918
v 0.0028161 0.723521 0.027918
v 0.0028161 0.723521 0.0491036
v 0.0028161 0.717063 0.0491036
v 0.0028161 0.717063 0.027918
v 0.0028161 0.717063 0.0101757
v 0.0028161 0.723521 0.0101757
v 0.0028161 0.723521 0.0101757
v 0.0028161 0.723521 0.027918
v 0.0028161 0.717063 0.027918
v 0.0028161 0.717063 0.0101757
v 0.0028161 0.717063 -0.0071726
v 0.002816 0.723521 -0.0071726
v 0.002816 0.723521 -0.0071726
v 0.0028161 0.723521 0.0101757
v 0.0028161 0.717063 0.0101757
v 0.0028161 0.717063 -0.0071726
v 0.002816 0.717063 -0.0270324
v 0.002816 0.723521 -0.0270325
v 0.002816 0.723521 -0.0270325
v 0.002816 0.723521 -0.0071726
v 0.0028161 0.717063 -0.0071726
v 0.244294 0.723521 0.0491036
v 0.0028161 0.717063 0.0491036
v 0.244307 0.717063 0.0491036
v 0.244294 0.723521 0.0491036
v 0.0028161 0.723521 0.0491036
v 0.0028161 0.717063 0.0491036
v 0.244293 0.723521 0.0684217
v 0.0028161 0.717063 0.0684217
v 0.244307 0.717063 0.0684217
v 0.244293 0.723521 0.0684217
v 0.0028161 0.723521 0.0684217
v 0.0028161 0.717063 0.0684217
v 0.244307 0.717063 0.027918
v 0.0028161 0.723521 0.027918
v 0.244298 0.723521 0.027918
v 0.244307 0.717063 0.027918
v 0.0028161 0.717063 0.027918
v 0.0028161 0.723521 0.027918
v 0.244297 0.723521 0.0101757
v 0.0028161 0.717063 0.0101757
v 0.244307 0.717063 0.0101757
v 0.244297 0.723521 0.0101757
v 0.0028161 0.723521 0.0101757
v 0.0028161 0.717063 0.0101757
v 0.244307 0.717063 -0.0071726
v 0.002816 0.723521 -0.0071726
v 0.244295 0.723521 -0.0071726
v 0.244307 0.717063 -0.0071726
v 0.0028161 0.717063 -0.0071726
v 0.002816 0.723521 -0.0071726

#	    Point/Line/Face list

usemtl mat0
vt 0.344044 0.175772
vt 0.297262 0.178061
vt 0.297262 0.175772
f 2/-1 1/-2 3/-3
vt 0.297262 0.178061
vt 0.344044 0.175772
vt 0.344044 0.178061
f 5/-1 4/-2 6/-3
vt 0.297262 0.173480
vt 0.344044 0.175769
vt 0.297262 0.175769
f 8/-1 7/-2 9/-3
vt 0.344044 0.175769
vt 0.297262 0.173480
vt 0.344044 0.173480
f 11/-1 10/-2 12/-3
vt 0.317217 0.542482
vt 0.303851 0.589264
vt 0.303851 0.542482
f 14/-1 13/-2 15/-3
vt 0.303851 0.589264
vt 0.317217 0.542482
vt 0.317217 0.589264
f 17/-1 16/-2 18/-3
vt 0.323989 0.171187
vt 0.310623 0.173476
vt 0.310623 0.171187
f 20/-1 19/-2 21/-3
vt 0.310623 0.173476
vt 0.323989 0.171187
vt 0.323989 0.173476
f 23/-1 22/-2 24/-3
vt 0.297262 0.178074
vt 0.344044 0.191440
vt 0.297262 0.191440
f 26/-1 25/-2 27/-3
vt 0.344044 0.191440
vt 0.297262 0.178074
vt 0.344044 0.178074
f 29/-1 28/-2 30/-3
vt 0.297235 0.173476
vt 0.310601 0.171187
vt 0.310601 0.173476
f 32/-1 31/-2 33/-3
vt 0.310601 0.171187
vt 0.297235 0.173476
vt 0.297235 0.171187
f 35/-1 34/-2 36/-3
vt 0.344731 0.633107
vt 0.352008 0.648004
vt 0.344731 0.648004
f 38/-1 37/-2 39/-3
vt 0.352008 0.648004
vt 0.344731 0.633107
vt 0.352008 0.633107
f 41/-1 40/-2 42/-3
vt 0.352008 0.633107
vt 0.359286 0.648004
vt 0.352008 0.648004
f 44/-1 43/-2 45/-3
vt 0.359286 0.648004
vt 0.352008 0.633107
vt 0.359286 0.633107
f 47/-1 46/-2 48/-3
vt 0.359286 0.633107
vt 0.366563 0.648004
vt 0.359286 0.648004
f 50/-1 49/-2 51/-3
vt 0.366563 0.648004
vt 0.359286 0.633107
vt 0.366563 0.633107
f 53/-1 52/-2 54/-3
vt 0.366563 0.633107
vt 0.373840 0.648004
vt 0.366563 0.648004
f 56/-1 55/-2 57/-3
vt 0.373840 0.648004
vt 0.366563 0.633107
vt 0.373840 0.633107
f 59/-1 58/-2 60/-3
vt 0.373840 0.633107
vt 0.381117 0.648004
vt 0.373840 0.648004
f 62/-1 61/-2 63/-3
vt 0.381117 0.648004
vt 0.373840 0.633107
vt 0.381117 0.633107
f 65/-1 64/-2 66/-3
vt 0.381117 0.633107
vt 0.388395 0.648004
vt 0.381117 0.648004
f 68/-1 67/-2 69/-3
vt 0.388395 0.648004
vt 0.381117 0.633107
vt 0.388395 0.633107
f 71/-1 70/-2 72/-3
vt 0.388395 0.633107
vt 0.395672 0.648004
vt 0.388395 0.648004
f 74/-1 73/-2 75/-3
vt 0.395672 0.648004
vt 0.388395 0.633107
vt 0.395672 0.633107
f 77/-1 76/-2 78/-3
vt 0.395672 0.633107
vt 0.402949 0.648004
vt 0.395672 0.648004
f 80/-1 79/-2 81/-3
vt 0.402949 0.648004
vt 0.395672 0.633107
vt 0.402949 0.633107
f 83/-1 82/-2 84/-3
vt 0.402949 0.633107
vt 0.410226 0.648004
vt 0.402949 0.648004
f 86/-1 85/-2 87/-3
vt 0.410226 0.648004
vt 0.402949 0.633107
vt 0.410226 0.633107
f 89/-1 88/-2 90/-3
vt 0.410226 0.633107
vt 0.417504 0.648004
vt 0.410226 0.648004
f 92/-1 91/-2 93/-3
vt 0.417504 0.648004
vt 0.410226 0.633107
vt 0.417504 0.633107
f 95/-1 94/-2 96/-3
vt 0.417504 0.633107
vt 0.424781 0.648004
vt 0.417504 0.648004
f 98/-1 97/-2 99/-3
vt 0.424781 0.648004
vt 0.417504 0.633107
vt 0.424781 0.633107
f 101/-1 100/-2 102/-3
vt 0.424781 0.633107
vt 0.432058 0.648004
vt 0.424781 0.648004
f 104/-1 103/-2 105/-3
vt 0.432058 0.648004
vt 0.424781 0.633107
vt 0.432058 0.633107
f 107/-1 106/-2 108/-3
vt 0.432058 0.633107
vt 0.439335 0.648004
vt 0.432058 0.648004
f 110/-1 109/-2 111/-3
vt 0.439335 0.648004
vt 0.432058 0.633107
vt 0.439335 0.633107
f 113/-1 112/-2 114/-3
vt 0.439335 0.633107
vt 0.446612 0.648004
vt 0.439335 0.648004
f 116/-1 115/-2 117/-3
vt 0.446612 0.648004
vt 0.439335 0.633107
vt 0.446612 0.633107
f 119/-1 118/-2 120/-3
vt 0.446612 0.633107
vt 0.453890 0.648004
vt 0.446612 0.648004
f 122/-1 121/-2 123/-3
vt 0.453890 0.648004
vt 0.446612 0.633107
vt 0.453890 0.633107
f 125/-1 124/-2 126/-3
vt 0.453890 0.633107
vt 0.461167 0.648004
vt 0.453890 0.648004
f 128/-1 127/-2 129/-3
vt 0.461167 0.648004
vt 0.453890 0.633107
vt 0.461167 0.633107
f 131/-1 130/-2 132/-3
vt 0.461167 0.633107
vt 0.468444 0.648004
vt 0.461167 0.648004
f 134/-1 133/-2 135/-3
vt 0.468444 0.648004
vt 0.461167 0.633107
vt 0.468444 0.633107
f 137/-1 136/-2 138/-3
vt 0.468444 0.633107
vt 0.475721 0.648004
vt 0.468444 0.648004
f 140/-1 139/-2 141/-3
vt 0.475721 0.648004
vt 0.468444 0.633107
vt 0.475721 0.633107
f 143/-1 142/-2 144/-3
vt 0.475721 0.633107
vt 0.482999 0.648004
vt 0.475721 0.648004
f 146/-1 145/-2 147/-3
vt 0.482999 0.648004
vt 0.475721 0.633107
vt 0.482999 0.633107
f 149/-1 148/-2 150/-3
vt 0.482999 0.633107
vt 0.490276 0.648004
vt 0.482999 0.648004
f 152/-1 151/-2 153/-3
vt 0.490276 0.648004
vt 0.482999 0.633107
vt 0.490276 0.633107
f 155/-1 154/-2 156/-3
vt 0.490276 0.633107
vt 0.497553 0.648004
vt 0.490276 0.648004
f 158/-1 157/-2 159/-3
vt 0.497553 0.648004
vt 0.490276 0.633107
vt 0.497553 0.633107
f 161/-1 160/-2 162/-3
vt 0.497553 0.633107
vt 0.504830 0.648004
vt 0.497553 0.648004
f 164/-1 163/-2 165/-3
vt 0.504830 0.648004
vt 0.497553 0.633107
vt 0.504830 0.633107
f 167/-1 166/-2 168/-3
vt 0.504830 0.633107
vt 0.512108 0.648004
vt 0.504830 0.648004
f 170/-1 169/-2 171/-3
vt 0.512108 0.648004
vt 0.504830 0.633107
vt 0.512108 0.633107
f 173/-1 172/-2 174/-3
vt 0.512108 0.633107
vt 0.519385 0.648004
vt 0.512108 0.648004
f 176/-1 175/-2 177/-3
vt 0.519385 0.648004
vt 0.512108 0.633107
vt 0.519385 0.633107
f 179/-1 178/-2 180/-3
vt 0.519385 0.633107
vt 0.526662 0.648004
vt 0.519385 0.648004
f 182/-1 181/-2 183/-3
vt 0.526662 0.648004
vt 0.519385 0.633107
vt 0.526662 0.633107
f 185/-1 184/-2 186/-3
vt 0.526662 0.633107
vt 0.533939 0.648004
vt 0.526662 0.648004
f 188/-1 187/-2 189/-3
vt 0.533939 0.648004
vt 0.526662 0.633107
vt 0.533939 0.633107
f 191/-1 190/-2 192/-3
vt 0.533939 0.633107
vt 0.541216 0.648004
vt 0.533939 0.648004
f 194/-1 193/-2 195/-3
vt 0.541216 0.648004
vt 0.533939 0.633107
vt 0.541216 0.633107
f 197/-1 196/-2 198/-3
vt 0.541216 0.633107
vt 0.548494 0.648004
vt 0.541216 0.648004
f 200/-1 199/-2 201/-3
vt 0.548494 0.648004
vt 0.541216 0.633107
vt 0.548494 0.633107
f 203/-1 202/-2 204/-3
vt 0.548494 0.633107
vt 0.555771 0.648004
vt 0.548494 0.648004
f 206/-1 205/-2 207/-3
vt 0.555771 0.648004
vt 0.548494 0.633107
vt 0.555771 0.633107
f 209/-1 208/-2 210/-3
vt 0.555771 0.633107
vt 0.563048 0.648004
vt 0.555771 0.648004
f 212/-1 211/-2 213/-3
vt 0.563048 0.648004
vt 0.555771 0.633107
vt 0.563048 0.633107
f 215/-1 214/-2 216/-3
vt 0.563048 0.633107
vt 0.570325 0.648004
vt 0.563048 0.648004
f 218/-1 217/-2 219/-3
vt 0.570325 0.648004
vt 0.563048 0.633107
vt 0.570325 0.633107
f 221/-1 220/-2 222/-3
vt 0.570325 0.633107
vt 0.577603 0.648004
vt 0.570325 0.648004
f 224/-1 223/-2 225/-3
vt 0.577603 0.648004
vt 0.570325 0.633107
vt 0.577603 0.633107
f 227/-1 226/-2 228/-3
vt 0.577603 0.633107
vt 0.584880 0.648004
vt 0.577603 0.648004
f 230/-1 229/-2 231/-3
vt 0.584880 0.648004
vt 0.577603 0.633107
vt 0.584880 0.633107
f 233/-1 232/-2 234/-3
vt 0.584880 0.633107
vt 0.592157 0.648004
vt 0.584880 0.648004
f 236/-1 235/-2 237/-3
vt 0.592157 0.648004
vt 0.584880 0.633107
vt 0.592157 0.633107
f 239/-1 238/-2 240/-3
vt 0.592157 0.633107
vt 0.599434 0.648004
vt 0.592157 0.648004
f 242/-1 241/-2 243/-3
vt 0.599434 0.648004
vt 0.592157 0.633107
vt 0.599434 0.633107
f 245/-1 244/-2 246/-3
vt 0.599434 0.633107
vt 0.606712 0.648004
vt 0.599434 0.648004
f 248/-1 247/-2 249/-3
vt 0.606712 0.648004
vt 0.599434 0.633107
vt 0.606712 0.633107
f 251/-1 250/-2 252/-3
vt 0.606712 0.633107
vt 0.613989 0.648004
vt 0.606712 0.648004
f 254/-1 253/-2 255/-3
vt 0.613989 0.648004
vt 0.606712 0.633107
vt 0.613989 0.633107
f 257/-1 256/-2 258/-3
vt 0.613989 0.633107
vt 0.621266 0.648004
vt 0.613989 0.648004
f 260/-1 259/-2 261/-3
vt 0.621266 0.648004
vt 0.613989 0.633107
vt 0.621266 0.633107
f 263/-1 262/-2 264/-3
vt 0.621266 0.633107
vt 0.628543 0.648004
vt 0.621266 0.648004
f 266/-1 265/-2 267/-3
vt 0.628543 0.648004
vt 0.621266 0.633107
vt 0.628543 0.633107
f 269/-1 268/-2 270/-3
vt 0.628543 0.633107
vt 0.635821 0.648004
vt 0.628543 0.648004
f 272/-1 271/-2 273/-3
vt 0.635821 0.648004
vt 0.628543 0.633107
vt 0.635821 0.633107
f 275/-1 274/-2 276/-3
vt 0.635821 0.633107
vt 0.643098 0.648004
vt 0.635821 0.648004
f 278/-1 277/-2 279/-3
vt 0.643098 0.648004
vt 0.635821 0.633107
vt 0.643098 0.633107
f 281/-1 280/-2 282/-3
vt 0.643098 0.633107
vt 0.650375 0.648004
vt 0.643098 0.648004
f 284/-1 283/-2 285/-3
vt 0.650375 0.648004
vt 0.643098 0.633107
vt 0.650375 0.633107
f 287/-1 286/-2 288/-3
vt 0.650375 0.633107
vt 0.657652 0.648004
vt 0.650375 0.648004
f 290/-1 289/-2 291/-3
vt 0.657652 0.648004
vt 0.650375 0.633107
vt 0.657652 0.633107
f 293/-1 292/-2 294/-3
vt 0.657652 0.633107
vt 0.664930 0.648004
vt 0.657652 0.648004
f 296/-1 295/-2 297/-3
vt 0.664930 0.648004
vt 0.657652 0.633107
vt 0.664930 0.633107
f 299/-1 298/-2 300/-3
vt 0.664930 0.633107
vt 0.672207 0.648004
vt 0.664930 0.648004
f 302/-1 301/-2 303/-3
vt 0.672207 0.648004
vt 0.664930 0.633107
vt 0.672207 0.633107
f 305/-1 304/-2 306/-3
vt 0.344731 0.648004
vt 0.352008 0.681420
vt 0.344731 0.681420
f 308/-1 307/-2 309/-3
vt 0.352008 0.681420
vt 0.344731 0.648004
vt 0.352008 0.648004
f 311/-1 310/-2 312/-3
vt 0.352008 0.648004
vt 0.359286 0.681420
vt 0.352008 0.681420
f 314/-1 313/-2 315/-3
vt 0.359286 0.681420
vt 0.352008 0.648004
vt 0.359286 0.648004
f 317/-1 316/-2 318/-3
vt 0.359286 0.648004
vt 0.366563 0.681420
vt 0.359286 0.681420
f 320/-1 319/-2 321/-3
vt 0.366563 0.681420
vt 0.359286 0.648004
vt 0.366563 0.648004
f 323/-1 322/-2 324/-3
vt 0.366563 0.648004
vt 0.373840 0.681420
vt 0.366563 0.681420
f 326/-1 325/-2 327/-3
vt 0.373840 0.681420
vt 0.366563 0.648004
vt 0.373840 0.648004
f 329/-1 328/-2 330/-3
vt 0.373840 0.648004
vt 0.381117 0.681420
vt 0.373840 0.681420
f 332/-1 331/-2 333/-3
vt 0.381117 0.681420
vt 0.373840 0.648004
vt 0.381117 0.648004
f 335/-1 334/-2 336/-3
vt 0.381117 0.648004
vt 0.388395 0.681420
vt 0.381117 0.681420
f 338/-1 337/-2 339/-3
vt 0.388395 0.681420
vt 0.381117 0.648004
vt 0.388395 0.648004
f 341/-1 340/-2 342/-3
vt 0.388395 0.648004
vt 0.395672 0.681420
vt 0.388395 0.681420
f 344/-1 343/-2 345/-3
vt 0.395672 0.681420
vt 0.388395 0.648004
vt 0.395672 0.648004
f 347/-1 346/-2 348/-3
vt 0.395672 0.648004
vt 0.402949 0.681420
vt 0.395672 0.681420
f 350/-1 349/-2 351/-3
vt 0.402949 0.681420
vt 0.395672 0.648004
vt 0.402949 0.648004
f 353/-1 352/-2 354/-3
vt 0.402949 0.648004
vt 0.410226 0.681420
vt 0.402949 0.681420
f 356/-1 355/-2 357/-3
vt 0.410226 0.681420
vt 0.402949 0.648004
vt 0.410226 0.648004
f 359/-1 358/-2 360/-3
vt 0.410226 0.648004
vt 0.417504 0.681420
vt 0.410226 0.681420
f 362/-1 361/-2 363/-3
vt 0.417504 0.681420
vt 0.410226 0.648004
vt 0.417504 0.648004
f 365/-1 364/-2 366/-3
vt 0.417504 0.648004
vt 0.424781 0.681420
vt 0.417504 0.681420
f 368/-1 367/-2 369/-3
vt 0.424781 0.681420
vt 0.417504 0.648004
vt 0.424781 0.648004
f 371/-1 370/-2 372/-3
vt 0.424781 0.648004
vt 0.432058 0.681420
vt 0.424781 0.681420
f 374/-1 373/-2 375/-3
vt 0.432058 0.681420
vt 0.424781 0.648004
vt 0.432058 0.648004
f 377/-1 376/-2 378/-3
vt 0.432058 0.648004
vt 0.439335 0.681420
vt 0.432058 0.681420
f 380/-1 379/-2 381/-3
vt 0.439335 0.681420
vt 0.432058 0.648004
vt 0.439335 0.648004
f 383/-1 382/-2 384/-3
vt 0.439335 0.648004
vt 0.446612 0.681420
vt 0.439335 0.681420
f 386/-1 385/-2 387/-3
vt 0.446612 0.681420
vt 0.439335 0.648004
vt 0.446612 0.648004
f 389/-1 388/-2 390/-3
vt 0.446612 0.648004
vt 0.453890 0.681420
vt 0.446612 0.681420
f 392/-1 391/-2 393/-3
vt 0.453890 0.681420
vt 0.446612 0.648004
vt 0.453890 0.648004
f 395/-1 394/-2 396/-3
vt 0.453890 0.648004
vt 0.461167 0.681420
vt 0.453890 0.681420
f 398/-1 397/-2 399/-3
vt 0.461167 0.681420
vt 0.453890 0.648004
vt 0.461167 0.648004
f 401/-1 400/-2 402/-3
vt 0.461167 0.648004
vt 0.468444 0.681420
vt 0.461167 0.681420
f 404/-1 403/-2 405/-3
vt 0.468444 0.681420
vt 0.461167 0.648004
vt 0.468444 0.648004
f 407/-1 406/-2 408/-3
vt 0.468444 0.648004
vt 0.475721 0.681420
vt 0.468444 0.681420
f 410/-1 409/-2 411/-3
vt 0.475721 0.681420
vt 0.468444 0.648004
vt 0.475721 0.648004
f 413/-1 412/-2 414/-3
vt 0.475721 0.648004
vt 0.482999 0.681420
vt 0.475721 0.681420
f 416/-1 415/-2 417/-3
vt 0.482999 0.681420
vt 0.475721 0.648004
vt 0.482999 0.648004
f 419/-1 418/-2 420/-3
vt 0.482999 0.648004
vt 0.490276 0.681420
vt 0.482999 0.681420
f 422/-1 421/-2 423/-3
vt 0.490276 0.681420
vt 0.482999 0.648004
vt 0.490276 0.648004
f 425/-1 424/-2 426/-3
vt 0.490276 0.648004
vt 0.497553 0.681420
vt 0.490276 0.681420
f 428/-1 427/-2 429/-3
vt 0.497553 0.681420
vt 0.490276 0.648004
vt 0.497553 0.648004
f 431/-1 430/-2 432/-3
vt 0.497553 0.648004
vt 0.504830 0.681420
vt 0.497553 0.681420
f 434/-1 433/-2 435/-3
vt 0.504830 0.681420
vt 0.497553 0.648004
vt 0.504830 0.648004
f 437/-1 436/-2 438/-3
vt 0.504830 0.648004
vt 0.512108 0.681420
vt 0.504830 0.681420
f 440/-1 439/-2 441/-3
vt 0.512108 0.681420
vt 0.504830 0.648004
vt 0.512108 0.648004
f 443/-1 442/-2 444/-3
vt 0.512108 0.648004
vt 0.519385 0.681420
vt 0.512108 0.681420
f 446/-1 445/-2 447/-3
vt 0.519385 0.681420
vt 0.512108 0.648004
vt 0.519385 0.648004
f 449/-1 448/-2 450/-3
vt 0.519385 0.648004
vt 0.526662 0.681420
vt 0.519385 0.681420
f 452/-1 451/-2 453/-3
vt 0.526662 0.681420
vt 0.519385 0.648004
vt 0.526662 0.648004
f 455/-1 454/-2 456/-3
vt 0.526662 0.648004
vt 0.533939 0.681420
vt 0.526662 0.681420
f 458/-1 457/-2 459/-3
vt 0.533939 0.681420
vt 0.526662 0.648004
vt 0.533939 0.648004
f 461/-1 460/-2 462/-3
vt 0.533939 0.648004
vt 0.541216 0.681420
vt 0.533939 0.681420
f 464/-1 463/-2 465/-3
vt 0.541216 0.681420
vt 0.533939 0.648004
vt 0.541216 0.648004
f 467/-1 466/-2 468/-3
vt 0.541216 0.648004
vt 0.548494 0.681420
vt 0.541216 0.681420
f 470/-1 469/-2 471/-3
vt 0.548494 0.681420
vt 0.541216 0.648004
vt 0.548494 0.648004
f 473/-1 472/-2 474/-3
vt 0.548494 0.648004
vt 0.555771 0.681420
vt 0.548494 0.681420
f 476/-1 475/-2 477/-3
vt 0.555771 0.681420
vt 0.548494 0.648004
vt 0.555771 0.648004
f 479/-1 478/-2 480/-3
vt 0.555771 0.648004
vt 0.563048 0.681420
vt 0.555771 0.681420
f 482/-1 481/-2 483/-3
vt 0.563048 0.681420
vt 0.555771 0.648004
vt 0.563048 0.648004
f 485/-1 484/-2 486/-3
vt 0.563048 0.648004
vt 0.570325 0.681420
vt 0.563048 0.681420
f 488/-1 487/-2 489/-3
vt 0.570325 0.681420
vt 0.563048 0.648004
vt 0.570325 0.648004
f 491/-1 490/-2 492/-3
vt 0.570325 0.648004
vt 0.577603 0.681420
vt 0.570325 0.681420
f 494/-1 493/-2 495/-3
vt 0.577603 0.681420
vt 0.570325 0.648004
vt 0.577603 0.648004
f 497/-1 496/-2 498/-3
vt 0.577603 0.648004
vt 0.584880 0.681420
vt 0.577603 0.681420
f 500/-1 499/-2 501/-3
vt 0.584880 0.681420
vt 0.577603 0.648004
vt 0.584880 0.648004
f 503/-1 502/-2 504/-3
vt 0.584880 0.648004
vt 0.592157 0.681420
vt 0.584880 0.681420
f 506/-1 505/-2 507/-3
vt 0.592157 0.681420
vt 0.584880 0.648004
vt 0.592157 0.648004
f 509/-1 508/-2 510/-3
vt 0.592157 0.648004
vt 0.599434 0.681420
vt 0.592157 0.681420
f 512/-1 511/-2 513/-3
vt 0.599434 0.681420
vt 0.592157 0.648004
vt 0.599434 0.648004
f 515/-1 514/-2 516/-3
vt 0.599434 0.648004
vt 0.606712 0.681420
vt 0.599434 0.681420
f 518/-1 517/-2 519/-3
vt 0.606712 0.681420
vt 0.599434 0.648004
vt 0.606712 0.648004
f 521/-1 520/-2 522/-3
vt 0.606712 0.648004
vt 0.613989 0.681420
vt 0.606712 0.681420
f 524/-1 523/-2 525/-3
vt 0.613989 0.681420
vt 0.606712 0.648004
vt 0.613989 0.648004
f 527/-1 526/-2 528/-3
vt 0.613989 0.648004
vt 0.621266 0.681420
vt 0.613989 0.681420
f 530/-1 529/-2 531/-3
vt 0.621266 0.681420
vt 0.613989 0.648004
vt 0.621266 0.648004
f 533/-1 532/-2 534/-3
vt 0.621266 0.648004
vt 0.628543 0.681420
vt 0.621266 0.681420
f 536/-1 535/-2 537/-3
vt 0.628543 0.681420
vt 0.621266 0.648004
vt 0.628543 0.648004
f 539/-1 538/-2 540/-3
vt 0.628543 0.648004
vt 0.635821 0.681420
vt 0.628543 0.681420
f 542/-1 541/-2 543/-3
vt 0.635821 0.681420
vt 0.628543 0.648004
vt 0.635821 0.648004
f 545/-1 544/-2 546/-3
vt 0.635821 0.648004
vt 0.643098 0.681420
vt 0.635821 0.681420
f 548/-1 547/-2 549/-3
vt 0.643098 0.681420
vt 0.635821 0.648004
vt 0.643098 0.648004
f 551/-1 550/-2 552/-3
vt 0.643098 0.648004
vt 0.650375 0.681420
vt 0.643098 0.681420
f 554/-1 553/-2 555/-3
vt 0.650375 0.681420
vt 0.643098 0.648004
vt 0.650375 0.648004
f 557/-1 556/-2 558/-3
vt 0.650375 0.648004
vt 0.657652 0.681420
vt 0.650375 0.681420
f 560/-1 559/-2 561/-3
vt 0.657652 0.681420
vt 0.650375 0.648004
vt 0.657652 0.648004
f 563/-1 562/-2 564/-3
vt 0.657652 0.648004
vt 0.664930 0.681420
vt 0.657652 0.681420
f 566/-1 565/-2 567/-3
vt 0.664930 0.681420
vt 0.657652 0.648004
vt 0.664930 0.648004
f 569/-1 568/-2 570/-3
vt 0.664930 0.648004
vt 0.672207 0.681420
vt 0.664930 0.681420
f 572/-1 571/-2 573/-3
vt 0.672207 0.681420
vt 0.664930 0.648004
vt 0.672207 0.648004
f 575/-1 574/-2 576/-3
vt 0.344731 0.681420
vt 0.352008 0.714836
vt 0.344731 0.714836
f 578/-1 577/-2 579/-3
vt 0.352008 0.714836
vt 0.344731 0.681420
vt 0.352008 0.681420
f 581/-1 580/-2 582/-3
vt 0.352008 0.681420
vt 0.359286 0.714836
vt 0.352008 0.714836
f 584/-1 583/-2 585/-3
vt 0.359286 0.714836
vt 0.352008 0.681420
vt 0.359286 0.681420
f 587/-1 586/-2 588/-3
vt 0.359286 0.681420
vt 0.366563 0.714836
vt 0.359286 0.714836
f 590/-1 589/-2 591/-3
vt 0.366563 0.714836
vt 0.359286 0.681420
vt 0.366563 0.681420
f 593/-1 592/-2 594/-3
vt 0.366563 0.681420
vt 0.373840 0.714836
vt 0.366563 0.714836
f 596/-1 595/-2 597/-3
vt 0.373840 0.714836
vt 0.366563 0.681420
vt 0.373840 0.681420
f 599/-1 598/-2 600/-3
vt 0.373840 0.681420
vt 0.381117 0.714836
vt 0.373840 0.714836
f 602/-1 601/-2 603/-3
vt 0.381117 0.714836
vt 0.373840 0.681420
vt 0.381117 0.681420
f 605/-1 604/-2 606/-3
vt 0.381117 0.681420
vt 0.388395 0.714836
vt 0.381117 0.714836
f 608/-1 607/-2 609/-3
vt 0.388395 0.714836
vt 0.381117 0.681420
vt 0.388395 0.681420
f 611/-1 610/-2 612/-3
vt 0.388395 0.681420
vt 0.395672 0.714836
vt 0.388395 0.714836
f 614/-1 613/-2 615/-3
vt 0.395672 0.714836
vt 0.388395 0.681420
vt 0.395672 0.681420
f 617/-1 616/-2 618/-3
vt 0.395672 0.681420
vt 0.402949 0.714836
vt 0.395672 0.714836
f 620/-1 619/-2 621/-3
vt 0.402949 0.714836
vt 0.395672 0.681420
vt 0.402949 0.681420
f 623/-1 622/-2 624/-3
vt 0.402949 0.681420
vt 0.410226 0.714836
vt 0.402949 0.714836
f 626/-1 625/-2 627/-3
vt 0.410226 0.714836
vt 0.402949 0.681420
vt 0.410226 0.681420
f 629/-1 628/-2 630/-3
vt 0.410226 0.681420
vt 0.417504 0.714836
vt 0.410226 0.714836
f 632/-1 631/-2 633/-3
vt 0.417504 0.714836
vt 0.410226 0.681420
vt 0.417504 0.681420
f 635/-1 634/-2 636/-3
vt 0.417504 0.681420
vt 0.424781 0.714836
vt 0.417504 0.714836
f 638/-1 637/-2 639/-3
vt 0.424781 0.714836
vt 0.417504 0.681420
vt 0.424781 0.681420
f 641/-1 640/-2 642/-3
vt 0.424781 0.681420
vt 0.432058 0.714836
vt 0.424781 0.714836
f 644/-1 643/-2 645/-3
vt 0.432058 0.714836
vt 0.424781 0.681420
vt 0.432058 0.681420
f 647/-1 646/-2 648/-3
vt 0.432058 0.681420
vt 0.439335 0.714836
vt 0.432058 0.714836
f 650/-1 649/-2 651/-3
vt 0.439335 0.714836
vt 0.432058 0.681420
vt 0.439335 0.681420
f 653/-1 652/-2 654/-3
vt 0.439335 0.681420
vt 0.446612 0.714836
vt 0.439335 0.714836
f 656/-1 655/-2 657/-3
vt 0.446612 0.714836
vt 0.439335 0.681420
vt 0.446612 0.681420
f 659/-1 658/-2 660/-3
vt 0.446612 0.681420
vt 0.453890 0.714836
vt 0.446612 0.714836
f 662/-1 661/-2 663/-3
vt 0.453890 0.714836
vt 0.446612 0.681420
vt 0.453890 0.681420
f 665/-1 664/-2 666/-3
vt 0.453890 0.681420
vt 0.461167 0.714836
vt 0.453890 0.714836
f 668/-1 667/-2 669/-3
vt 0.461167 0.714836
vt 0.453890 0.681420
vt 0.461167 0.681420
f 671/-1 670/-2 672/-3
vt 0.461167 0.681420
vt 0.468444 0.714836
vt 0.461167 0.714836
f 674/-1 673/-2 675/-3
vt 0.468444 0.714836
vt 0.461167 0.681420
vt 0.468444 0.681420
f 677/-1 676/-2 678/-3
vt 0.468444 0.681420
vt 0.475721 0.714836
vt 0.468444 0.714836
f 680/-1 679/-2 681/-3
vt 0.475721 0.714836
vt 0.468444 0.681420
vt 0.475721 0.681420
f 683/-1 682/-2 684/-3
vt 0.475721 0.681420
vt 0.482999 0.714836
vt 0.475721 0.714836
f 686/-1 685/-2 687/-3
vt 0.482999 0.714836
vt 0.475721 0.681420
vt 0.482999 0.681420
f 689/-1 688/-2 690/-3
vt 0.482999 0.681420
vt 0.490276 0.714836
vt 0.482999 0.714836
f 692/-1 691/-2 693/-3
vt 0.490276 0.714836
vt 0.482999 0.681420
vt 0.490276 0.681420
f 695/-1 694/-2 696/-3
vt 0.490276 0.681420
vt 0.497553 0.714836
vt 0.490276 0.714836
f 698/-1 697/-2 699/-3
vt 0.497553 0.714836
vt 0.490276 0.681420
vt 0.497553 0.681420
f 701/-1 700/-2 702/-3
vt 0.497553 0.681420
vt 0.504830 0.714836
vt 0.497553 0.714836
f 704/-1 703/-2 705/-3
vt 0.504830 0.714836
vt 0.497553 0.681420
vt 0.504830 0.681420
f 707/-1 706/-2 708/-3
vt 0.504830 0.681420
vt 0.512108 0.714836
vt 0.504830 0.714836
f 710/-1 709/-2 711/-3
vt 0.512108 0.714836
vt 0.504830 0.681420
vt 0.512108 0.681420
f 713/-1 712/-2 714/-3
vt 0.512108 0.681420
vt 0.519385 0.714836
vt 0.512108 0.714836
f 716/-1 715/-2 717/-3
vt 0.519385 0.714836
vt 0.512108 0.681420
vt 0.519385 0.681420
f 719/-1 718/-2 720/-3
vt 0.519385 0.681420
vt 0.526662 0.714836
vt 0.519385 0.714836
f 722/-1 721/-2 723/-3
vt 0.526662 0.714836
vt 0.519385 0.681420
vt 0.526662 0.681420
f 725/-1 724/-2 726/-3
vt 0.526662 0.681420
vt 0.533939 0.714836
vt 0.526662 0.714836
f 728/-1 727/-2 729/-3
vt 0.533939 0.714836
vt 0.526662 0.681420
vt 0.533939 0.681420
f 731/-1 730/-2 732/-3
vt 0.533939 0.681420
vt 0.541216 0.714836
vt 0.533939 0.714836
f 734/-1 733/-2 735/-3
vt 0.541216 0.714836
vt 0.533939 0.681420
vt 0.541216 0.681420
f 737/-1 736/-2 738/-3
vt 0.541216 0.681420
vt 0.548494 0.714836
vt 0.541216 0.714836
f 740/-1 739/-2 741/-3
vt 0.548494 0.714836
vt 0.541216 0.681420
vt 0.548494 0.681420
f 743/-1 742/-2 744/-3
vt 0.548494 0.681420
vt 0.555771 0.714836
vt 0.548494 0.714836
f 746/-1 745/-2 747/-3
vt 0.555771 0.714836
vt 0.548494 0.681420
vt 0.555771 0.681420
f 749/-1 748/-2 750/-3
vt 0.555771 0.681420
vt 0.563048 0.714836
vt 0.555771 0.714836
f 752/-1 751/-2 753/-3
vt 0.563048 0.714836
vt 0.555771 0.681420
vt 0.563048 0.681420
f 755/-1 754/-2 756/-3
vt 0.563048 0.681420
vt 0.570325 0.714836
vt 0.563048 0.714836
f 758/-1 757/-2 759/-3
vt 0.570325 0.714836
vt 0.563048 0.681420
vt 0.570325 0.681420
f 761/-1 760/-2 762/-3
vt 0.570325 0.681420
vt 0.577603 0.714836
vt 0.570325 0.714836
f 764/-1 763/-2 765/-3
vt 0.577603 0.714836
vt 0.570325 0.681420
vt 0.577603 0.681420
f 767/-1 766/-2 768/-3
vt 0.577603 0.681420
vt 0.584880 0.714836
vt 0.577603 0.714836
f 770/-1 769/-2 771/-3
vt 0.584880 0.714836
vt 0.577603 0.681420
vt 0.584880 0.681420
f 773/-1 772/-2 774/-3
vt 0.584880 0.681420
vt 0.592157 0.714836
vt 0.584880 0.714836
f 776/-1 775/-2 777/-3
vt 0.592157 0.714836
vt 0.584880 0.681420
vt 0.592157 0.681420
f 779/-1 778/-2 780/-3
vt 0.592157 0.681420
vt 0.599434 0.714836
vt 0.592157 0.714836
f 782/-1 781/-2 783/-3
vt 0.599434 0.714836
vt 0.592157 0.681420
vt 0.599434 0.681420
f 785/-1 784/-2 786/-3
vt 0.599434 0.681420
vt 0.606712 0.714836
vt 0.599434 0.714836
f 788/-1 787/-2 789/-3
vt 0.606712 0.714836
vt 0.599434 0.681420
vt 0.606712 0.681420
f 791/-1 790/-2 792/-3
vt 0.606712 0.681420
vt 0.613989 0.714836
vt 0.606712 0.714836
f 794/-1 793/-2 795/-3
vt 0.613989 0.714836
vt 0.606712 0.681420
vt 0.613989 0.681420
f 797/-1 796/-2 798/-3
vt 0.613989 0.681420
vt 0.621266 0.714836
vt 0.613989 0.714836
f 800/-1 799/-2 801/-3
vt 0.621266 0.714836
vt 0.613989 0.681420
vt 0.621266 0.681420
f 803/-1 802/-2 804/-3
vt 0.621266 0.681420
vt 0.628543 0.714836
vt 0.621266 0.714836
f 806/-1 805/-2 807/-3
vt 0.628543 0.714836
vt 0.621266 0.681420
vt 0.628543 0.681420
f 809/-1 808/-2 810/-3
vt 0.628543 0.681420
vt 0.635821 0.714836
vt 0.628543 0.714836
f 812/-1 811/-2 813/-3
vt 0.635821 0.714836
vt 0.628543 0.681420
vt 0.635821 0.681420
f 815/-1 814/-2 816/-3
vt 0.635821 0.681420
vt 0.643098 0.714836
vt 0.635821 0.714836
f 818/-1 817/-2 819/-3
vt 0.643098 0.714836
vt 0.635821 0.681420
vt 0.643098 0.681420
f 821/-1 820/-2 822/-3
vt 0.643098 0.681420
vt 0.650375 0.714836
vt 0.643098 0.714836
f 824/-1 823/-2 825/-3
vt 0.650375 0.714836
vt 0.643098 0.681420
vt 0.650375 0.681420
f 827/-1 826/-2 828/-3
vt 0.650375 0.681420
vt 0.657652 0.714836
vt 0.650375 0.714836
f 830/-1 829/-2 831/-3
vt 0.657652 0.714836
vt 0.650375 0.681420
vt 0.657652 0.681420
f 833/-1 832/-2 834/-3
vt 0.657652 0.681420
vt 0.664930 0.714836
vt 0.657652 0.714836
f 836/-1 835/-2 837/-3
vt 0.664930 0.714836
vt 0.657652 0.681420
vt 0.664930 0.681420
f 839/-1 838/-2 840/-3
vt 0.664930 0.681420
vt 0.672207 0.714836
vt 0.664930 0.714836
f 842/-1 841/-2 843/-3
vt 0.672207 0.714836
vt 0.664930 0.681420
vt 0.672207 0.681420
f 845/-1 844/-2 846/-3
vt 0.344731 0.714836
vt 0.352008 0.748252
vt 0.344731 0.748252
f 848/-1 847/-2 849/-3
vt 0.352008 0.748252
vt 0.344731 0.714836
vt 0.352008 0.714836
f 851/-1 850/-2 852/-3
vt 0.352008 0.714836
vt 0.359286 0.748252
vt 0.352008 0.748252
f 854/-1 853/-2 855/-3
vt 0.359286 0.748252
vt 0.352008 0.714836
vt 0.359286 0.714836
f 857/-1 856/-2 858/-3
vt 0.359286 0.714836
vt 0.366563 0.748252
vt 0.359286 0.748252
f 860/-1 859/-2 861/-3
vt 0.366563 0.748252
vt 0.359286 0.714836
vt 0.366563 0.714836
f 863/-1 862/-2 864/-3
vt 0.366563 0.714836
vt 0.373840 0.748252
vt 0.366563 0.748252
f 866/-1 865/-2 867/-3
vt 0.373840 0.748252
vt 0.366563 0.714836
vt 0.373840 0.714836
f 869/-1 868/-2 870/-3
vt 0.373840 0.714836
vt 0.381117 0.748252
vt 0.373840 0.748252
f 872/-1 871/-2 873/-3
vt 0.381117 0.748252
vt 0.373840 0.714836
vt 0.381117 0.714836
f 875/-1 874/-2 876/-3
vt 0.381117 0.714836
vt 0.388395 0.748252
vt 0.381117 0.748252
f 878/-1 877/-2 879/-3
vt 0.388395 0.748252
vt 0.381117 0.714836
vt 0.388395 0.714836
f 881/-1 880/-2 882/-3
vt 0.388395 0.714836
vt 0.395672 0.748252
vt 0.388395 0.748252
f 884/-1 883/-2 885/-3
vt 0.395672 0.748252
vt 0.388395 0.714836
vt 0.395672 0.714836
f 887/-1 886/-2 888/-3
vt 0.395672 0.714836
vt 0.402949 0.748252
vt 0.395672 0.748252
f 890/-1 889/-2 891/-3
vt 0.402949 0.748252
vt 0.395672 0.714836
vt 0.402949 0.714836
f 893/-1 892/-2 894/-3
vt 0.402949 0.714836
vt 0.410226 0.748252
vt 0.402949 0.748252
f 896/-1 895/-2 897/-3
vt 0.410226 0.748252
vt 0.402949 0.714836
vt 0.410226 0.714836
f 899/-1 898/-2 900/-3
vt 0.410226 0.714836
vt 0.417504 0.748252
vt 0.410226 0.748252
f 902/-1 901/-2 903/-3
vt 0.417504 0.748252
vt 0.410226 0.714836
vt 0.417504 0.714836
f 905/-1 904/-2 906/-3
vt 0.417504 0.714836
vt 0.424781 0.748252
vt 0.417504 0.748252
f 908/-1 907/-2 909/-3
vt 0.424781 0.748252
vt 0.417504 0.714836
vt 0.424781 0.714836
f 911/-1 910/-2 912/-3
vt 0.424781 0.714836
vt 0.432058 0.748252
vt 0.424781 0.748252
f 914/-1 913/-2 915/-3
vt 0.432058 0.748252
vt 0.424781 0.714836
vt 0.432058 0.714836
f 917/-1 916/-2 918/-3
vt 0.432058 0.714836
vt 0.439335 0.748252
vt 0.432058 0.748252
f 920/-1 919/-2 921/-3
vt 0.439335 0.748252
vt 0.432058 0.714836
vt 0.439335 0.714836
f 923/-1 922/-2 924/-3
vt 0.439335 0.714836
vt 0.446612 0.748252
vt 0.439335 0.748252
f 926/-1 925/-2 927/-3
vt 0.446612 0.748252
vt 0.439335 0.714836
vt 0.446612 0.714836
f 929/-1 928/-2 930/-3
vt 0.446612 0.714836
vt 0.453890 0.748252
vt 0.446612 0.748252
f 932/-1 931/-2 933/-3
vt 0.453890 0.748252
vt 0.446612 0.714836
vt 0.453890 0.714836
f 935/-1 934/-2 936/-3
vt 0.453890 0.714836
vt 0.461167 0.748252
vt 0.453890 0.748252
f 938/-1 937/-2 939/-3
vt 0.461167 0.748252
vt 0.453890 0.714836
vt 0.461167 0.714836
f 941/-1 940/-2 942/-3
vt 0.461167 0.714836
vt 0.468444 0.748252
vt 0.461167 0.748252
f 944/-1 943/-2 945/-3
vt 0.468444 0.748252
vt 0.461167 0.714836
vt 0.468444 0.714836
f 947/-1 946/-2 948/-3
vt 0.468444 0.714836
vt 0.475721 0.748252
vt 0.468444 0.748252
f 950/-1 949/-2 951/-3
vt 0.475721 0.748252
vt 0.468444 0.714836
vt 0.475721 0.714836
f 953/-1 952/-2 954/-3
vt 0.475721 0.714836
vt 0.482999 0.748252
vt 0.475721 0.748252
f 956/-1 955/-2 957/-3
vt 0.482999 0.748252
vt 0.475721 0.714836
vt 0.482999 0.714836
f 959/-1 958/-2 960/-3
vt 0.482999 0.714836
vt 0.490276 0.748252
vt 0.482999 0.748252
f 962/-1 961/-2 963/-3
vt 0.490276 0.748252
vt 0.482999 0.714836
vt 0.490276 0.714836
f 965/-1 964/-2 966/-3
vt 0.490276 0.714836
vt 0.497553 0.748252
vt 0.490276 0.748252
f 968/-1 967/-2 969/-3
vt 0.497553 0.748252
vt 0.490276 0.714836
vt 0.497553 0.714836
f 971/-1 970/-2 972/-3
vt 0.497553 0.714836
vt 0.504830 0.748252
vt 0.497553 0.748252
f 974/-1 973/-2 975/-3
vt 0.504830 0.748252
vt 0.497553 0.714836
vt 0.504830 0.714836
f 977/-1 976/-2 978/-3
vt 0.504830 0.714836
vt 0.512108 0.748252
vt 0.504830 0.748252
f 980/-1 979/-2 981/-3
vt 0.512108 0.748252
vt 0.504830 0.714836
vt 0.512108 0.714836
f 983/-1 982/-2 984/-3
vt 0.512108 0.714836
vt 0.519385 0.748252
vt 0.512108 0.748252
f 986/-1 985/-2 987/-3
vt 0.519385 0.748252
vt 0.512108 0.714836
vt 0.519385 0.714836
f 989/-1 988/-2 990/-3
vt 0.519385 0.714836
vt 0.526662 0.748252
vt 0.519385 0.748252
f 992/-1 991/-2 993/-3
vt 0.526662 0.748252
vt 0.519385 0.714836
vt 0.526662 0.714836
f 995/-1 994/-2 996/-3
vt 0.526662 0.714836
vt 0.533939 0.748252
vt 0.526662 0.748252
f 998/-1 997/-2 999/-3
vt 0.533939 0.748252
vt 0.526662 0.714836
vt 0.533939 0.714836
f 1001/-1 1000/-2 1002/-3
vt 0.533939 0.714836
vt 0.541216 0.748252
vt 0.533939 0.748252
f 1004/-1 1003/-2 1005/-3
vt 0.541216 0.748252
vt 0.533939 0.714836
vt 0.541216 0.714836
f 1007/-1 1006/-2 1008/-3
vt 0.541216 0.714836
vt 0.548494 0.748252
vt 0.541216 0.748252
f 1010/-1 1009/-2 1011/-3
vt 0.548494 0.748252
vt 0.541216 0.714836
vt 0.548494 0.714836
f 1013/-1 1012/-2 1014/-3
vt 0.548494 0.714836
vt 0.555771 0.748252
vt 0.548494 0.748252
f 1016/-1 1015/-2 1017/-3
vt 0.555771 0.748252
vt 0.548494 0.714836
vt 0.555771 0.714836
f 1019/-1 1018/-2 1020/-3
vt 0.555771 0.714836
vt 0.563048 0.748252
vt 0.555771 0.748252
f 1022/-1 1021/-2 1023/-3
vt 0.563048 0.748252
vt 0.555771 0.714836
vt 0.563048 0.714836
f 1025/-1 1024/-2 1026/-3
vt 0.563048 0.714836
vt 0.570325 0.748252
vt 0.563048 0.748252
f 1028/-1 1027/-2 1029/-3
vt 0.570325 0.748252
vt 0.563048 0.714836
vt 0.570325 0.714836
f 1031/-1 1030/-2 1032/-3
vt 0.570325 0.714836
vt 0.577603 0.748252
vt 0.570325 0.748252
f 1034/-1 1033/-2 1035/-3
vt 0.577603 0.748252
vt 0.570325 0.714836
vt 0.577603 0.714836
f 1037/-1 1036/-2 1038/-3
vt 0.577603 0.714836
vt 0.584880 0.748252
vt 0.577603 0.748252
f 1040/-1 1039/-2 1041/-3
vt 0.584880 0.748252
vt 0.577603 0.714836
vt 0.584880 0.714836
f 1043/-1 1042/-2 1044/-3
vt 0.584880 0.714836
vt 0.592157 0.748252
vt 0.584880 0.748252
f 1046/-1 1045/-2 1047/-3
vt 0.592157 0.748252
vt 0.584880 0.714836
vt 0.592157 0.714836
f 1049/-1 1048/-2 1050/-3
vt 0.592157 0.714836
vt 0.599434 0.748252
vt 0.592157 0.748252
f 1052/-1 1051/-2 1053/-3
vt 0.599434 0.748252
vt 0.592157 0.714836
vt 0.599434 0.714836
f 1055/-1 1054/-2 1056/-3
vt 0.599434 0.714836
vt 0.606712 0.748252
vt 0.599434 0.748252
f 1058/-1 1057/-2 1059/-3
vt 0.606712 0.748252
vt 0.599434 0.714836
vt 0.606712 0.714836
f 1061/-1 1060/-2 1062/-3
vt 0.606712 0.714836
vt 0.613989 0.748252
vt 0.606712 0.748252
f 1064/-1 1063/-2 1065/-3
vt 0.613989 0.748252
vt 0.606712 0.714836
vt 0.613989 0.714836
f 1067/-1 1066/-2 1068/-3
vt 0.613989 0.714836
vt 0.621266 0.748252
vt 0.613989 0.748252
f 1070/-1 1069/-2 1071/-3
vt 0.621266 0.748252
vt 0.613989 0.714836
vt 0.621266 0.714836
f 1073/-1 1072/-2 1074/-3
vt 0.621266 0.714836
vt 0.628543 0.748252
vt 0.621266 0.748252
f 1076/-1 1075/-2 1077/-3
vt 0.628543 0.748252
vt 0.621266 0.714836
vt 0.628543 0.714836
f 1079/-1 1078/-2 1080/-3
vt 0.628543 0.714836
vt 0.635821 0.748252
vt 0.628543 0.748252
f 1082/-1 1081/-2 1083/-3
vt 0.635821 0.748252
vt 0.628543 0.714836
vt 0.635821 0.714836
f 1085/-1 1084/-2 1086/-3
vt 0.635821 0.714836
vt 0.643098 0.748252
vt 0.635821 0.748252
f 1088/-1 1087/-2 1089/-3
vt 0.643098 0.748252
vt 0.635821 0.714836
vt 0.643098 0.714836
f 1091/-1 1090/-2 1092/-3
vt 0.643098 0.714836
vt 0.650375 0.748252
vt 0.643098 0.748252
f 1094/-1 1093/-2 1095/-3
vt 0.650375 0.748252
vt 0.643098 0.714836
vt 0.650375 0.714836
f 1097/-1 1096/-2 1098/-3
vt 0.650375 0.714836
vt 0.657652 0.748252
vt 0.650375 0.748252
f 1100/-1 1099/-2 1101/-3
vt 0.657652 0.748252
vt 0.650375 0.714836
vt 0.657652 0.714836
f 1103/-1 1102/-2 1104/-3
vt 0.657652 0.714836
vt 0.664930 0.748252
vt 0.657652 0.748252
f 1106/-1 1105/-2 1107/-3
vt 0.664930 0.748252
vt 0.657652 0.714836
vt 0.664930 0.714836
f 1109/-1 1108/-2 1110/-3
vt 0.664930 0.714836
vt 0.672207 0.748252
vt 0.664930 0.748252
f 1112/-1 1111/-2 1113/-3
vt 0.672207 0.748252
vt 0.664930 0.714836
vt 0.672207 0.714836
f 1115/-1 1114/-2 1116/-3
vt 0.344731 0.748252
vt 0.352008 0.781668
vt 0.344731 0.781668
f 1118/-1 1117/-2 1119/-3
vt 0.352008 0.781668
vt 0.344731 0.748252
vt 0.352008 0.748252
f 1121/-1 1120/-2 1122/-3
vt 0.352008 0.748252
vt 0.359286 0.781668
vt 0.352008 0.781668
f 1124/-1 1123/-2 1125/-3
vt 0.359286 0.781668
vt 0.352008 0.748252
vt 0.359286 0.748252
f 1127/-1 1126/-2 1128/-3
vt 0.359286 0.748252
vt 0.366563 0.781668
vt 0.359286 0.781668
f 1130/-1 1129/-2 1131/-3
vt 0.366563 0.781668
vt 0.359286 0.748252
vt 0.366563 0.748252
f 1133/-1 1132/-2 1134/-3
vt 0.366563 0.748252
vt 0.373840 0.781668
vt 0.366563 0.781668
f 1136/-1 1135/-2 1137/-3
vt 0.373840 0.781668
vt 0.366563 0.748252
vt 0.373840 0.748252
f 1139/-1 1138/-2 1140/-3
vt 0.373840 0.748252
vt 0.381117 0.781668
vt 0.373840 0.781668
f 1142/-1 1141/-2 1143/-3
vt 0.381117 0.781668
vt 0.373840 0.748252
vt 0.381117 0.748252
f 1145/-1 1144/-2 1146/-3
vt 0.381117 0.748252
vt 0.388395 0.781668
vt 0.381117 0.781668
f 1148/-1 1147/-2 1149/-3
vt 0.388395 0.781668
vt 0.381117 0.748252
vt 0.388395 0.748252
f 1151/-1 1150/-2 1152/-3
vt 0.388395 0.748252
vt 0.395672 0.781668
vt 0.388395 0.781668
f 1154/-1 1153/-2 1155/-3
vt 0.395672 0.781668
vt 0.388395 0.748252
vt 0.395672 0.748252
f 1157/-1 1156/-2 1158/-3
vt 0.395672 0.748252
vt 0.402949 0.781668
vt 0.395672 0.781668
f 1160/-1 1159/-2 1161/-3
vt 0.402949 0.781668
vt 0.395672 0.748252
vt 0.402949 0.748252
f 1163/-1 1162/-2 1164/-3
vt 0.402949 0.748252
vt 0.410226 0.781668
vt 0.402949 0.781668
f 1166/-1 1165/-2 1167/-3
vt 0.410226 0.781668
vt 0.402949 0.748252
vt 0.410226 0.748252
f 1169/-1 1168/-2 1170/-3
vt 0.410226 0.748252
vt 0.417504 0.781668
vt 0.410226 0.781668
f 1172/-1 1171/-2 1173/-3
vt 0.417504 0.781668
vt 0.410226 0.748252
vt 0.417504 0.748252
f 1175/-1 1174/-2 1176/-3
vt 0.417504 0.748252
vt 0.424781 0.781668
vt 0.417504 0.781668
f 1178/-1 1177/-2 1179/-3
vt 0.424781 0.781668
vt 0.417504 0.748252
vt 0.424781 0.748252
f 1181/-1 1180/-2 1182/-3
vt 0.424781 0.748252
vt 0.432058 0.781668
vt 0.424781 0.781668
f 1184/-1 1183/-2 1185/-3
vt 0.432058 0.781668
vt 0.424781 0.748252
vt 0.432058 0.748252
f 1187/-1 1186/-2 1188/-3
vt 0.432058 0.748252
vt 0.439335 0.781668
vt 0.432058 0.781668
f 1190/-1 1189/-2 1191/-3
vt 0.439335 0.781668
vt 0.432058 0.748252
vt 0.439335 0.748252
f 1193/-1 1192/-2 1194/-3
vt 0.439335 0.748252
vt 0.446612 0.781668
vt 0.439335 0.781668
f 1196/-1 1195/-2 1197/-3
vt 0.446612 0.781668
vt 0.439335 0.748252
vt 0.446612 0.748252
f 1199/-1 1198/-2 1200/-3
vt 0.446612 0.748252
vt 0.453890 0.781668
vt 0.446612 0.781668
f 1202/-1 1201/-2 1203/-3
vt 0.453890 0.781668
vt 0.446612 0.748252
vt 0.453890 0.748252
f 1205/-1 1204/-2 1206/-3
vt 0.453890 0.748252
vt 0.461167 0.781668
vt 0.453890 0.781668
f 1208/-1 1207/-2 1209/-3
vt 0.461167 0.781668
vt 0.453890 0.748252
vt 0.461167 0.748252
f 1211/-1 1210/-2 1212/-3
vt 0.461167 0.748252
vt 0.468444 0.781668
vt 0.461167 0.781668
f 1214/-1 1213/-2 1215/-3
vt 0.468444 0.781668
vt 0.461167 0.748252
vt 0.468444 0.748252
f 1217/-1 1216/-2 1218/-3
vt 0.468444 0.748252
vt 0.475721 0.781668
vt 0.468444 0.781668
f 1220/-1 1219/-2 1221/-3
vt 0.475721 0.781668
vt 0.468444 0.748252
vt 0.475721 0.748252
f 1223/-1 1222/-2 1224/-3
vt 0.475721 0.748252
vt 0.482999 0.781668
vt 0.475721 0.781668
f 1226/-1 1225/-2 1227/-3
vt 0.482999 0.781668
vt 0.475721 0.748252
vt 0.482999 0.748252
f 1229/-1 1228/-2 1230/-3
vt 0.482999 0.748252
vt 0.490276 0.781668
vt 0.482999 0.781668
f 1232/-1 1231/-2 1233/-3
vt 0.490276 0.781668
vt 0.482999 0.748252
vt 0.490276 0.748252
f 1235/-1 1234/-2 1236/-3
vt 0.490276 0.748252
vt 0.497553 0.781668
vt 0.490276 0.781668
f 1238/-1 1237/-2 1239/-3
vt 0.497553 0.781668
vt 0.490276 0.748252
vt 0.497553 0.748252
f 1241/-1 1240/-2 1242/-3
vt 0.497553 0.748252
vt 0.504830 0.781668
vt 0.497553 0.781668
f 1244/-1 1243/-2 1245/-3
vt 0.504830 0.781668
vt 0.497553 0.748252
vt 0.504830 0.748252
f 1247/-1 1246/-2 1248/-3
vt 0.504830 0.748252
vt 0.512108 0.781668
vt 0.504830 0.781668
f 1250/-1 1249/-2 1251/-3
vt 0.512108 0.781668
vt 0.504830 0.748252
vt 0.512108 0.748252
f 1253/-1 1252/-2 1254/-3
vt 0.512108 0.748252
vt 0.519385 0.781668
vt 0.512108 0.781668
f 1256/-1 1255/-2 1257/-3
vt 0.519385 0.781668
vt 0.512108 0.748252
vt 0.519385 0.748252
f 1259/-1 1258/-2 1260/-3
vt 0.519385 0.748252
vt 0.526662 0.781668
vt 0.519385 0.781668
f 1262/-1 1261/-2 1263/-3
vt 0.526662 0.781668
vt 0.519385 0.748252
vt 0.526662 0.748252
f 1265/-1 1264/-2 1266/-3
vt 0.526662 0.748252
vt 0.533939 0.781668
vt 0.526662 0.781668
f 1268/-1 1267/-2 1269/-3
vt 0.533939 0.781668
vt 0.526662 0.748252
vt 0.533939 0.748252
f 1271/-1 1270/-2 1272/-3
vt 0.533939 0.748252
vt 0.541216 0.781668
vt 0.533939 0.781668
f 1274/-1 1273/-2 1275/-3
vt 0.541216 0.781668
vt 0.533939 0.748252
vt 0.541216 0.748252
f 1277/-1 1276/-2 1278/-3
vt 0.541216 0.748252
vt 0.548494 0.781668
vt 0.541216 0.781668
f 1280/-1 1279/-2 1281/-3
vt 0.548494 0.781668
vt 0.541216 0.748252
vt 0.548494 0.748252
f 1283/-1 1282/-2 1284/-3
vt 0.548494 0.748252
vt 0.555771 0.781668
vt 0.548494 0.781668
f 1286/-1 1285/-2 1287/-3
vt 0.555771 0.781668
vt 0.548494 0.748252
vt 0.555771 0.748252
f 1289/-1 1288/-2 1290/-3
vt 0.555771 0.748252
vt 0.563048 0.781668
vt 0.555771 0.781668
f 1292/-1 1291/-2 1293/-3
vt 0.563048 0.781668
vt 0.555771 0.748252
vt 0.563048 0.748252
f 1295/-1 1294/-2 1296/-3
vt 0.563048 0.748252
vt 0.570325 0.781668
vt 0.563048 0.781668
f 1298/-1 1297/-2 1299/-3
vt 0.570325 0.781668
vt 0.563048 0.748252
vt 0.570325 0.748252
f 1301/-1 1300/-2 1302/-3
vt 0.570325 0.748252
vt 0.577603 0.781668
vt 0.570325 0.781668
f 1304/-1 1303/-2 1305/-3
vt 0.577603 0.781668
vt 0.570325 0.748252
vt 0.577603 0.748252
f 1307/-1 1306/-2 1308/-3
vt 0.577603 0.748252
vt 0.584880 0.781668
vt 0.577603 0.781668
f 1310/-1 1309/-2 1311/-3
vt 0.584880 0.781668
vt 0.577603 0.748252
vt 0.584880 0.748252
f 1313/-1 1312/-2 1314/-3
vt 0.584880 0.748252
vt 0.592157 0.781668
vt 0.584880 0.781668
f 1316/-1 1315/-2 1317/-3
vt 0.592157 0.781668
vt 0.584880 0.748252
vt 0.592157 0.748252
f 1319/-1 1318/-2 1320/-3
vt 0.592157 0.748252
vt 0.599434 0.781668
vt 0.592157 0.781668
f 1322/-1 1321/-2 1323/-3
vt 0.599434 0.781668
vt 0.592157 0.748252
vt 0.599434 0.748252
f 1325/-1 1324/-2 1326/-3
vt 0.599434 0.748252
vt 0.606712 0.781668
vt 0.599434 0.781668
f 1328/-1 1327/-2 1329/-3
vt 0.606712 0.781668
vt 0.599434 0.748252
vt 0.606712 0.748252
f 1331/-1 1330/-2 1332/-3
vt 0.606712 0.748252
vt 0.613989 0.781668
vt 0.606712 0.781668
f 1334/-1 1333/-2 1335/-3
vt 0.613989 0.781668
vt 0.606712 0.748252
vt 0.613989 0.748252
f 1337/-1 1336/-2 1338/-3
vt 0.613989 0.748252
vt 0.621266 0.781668
vt 0.613989 0.781668
f 1340/-1 1339/-2 1341/-3
vt 0.621266 0.781668
vt 0.613989 0.748252
vt 0.621266 0.748252
f 1343/-1 1342/-2 1344/-3
vt 0.621266 0.748252
vt 0.628543 0.781668
vt 0.621266 0.781668
f 1346/-1 1345/-2 1347/-3
vt 0.628543 0.781668
vt 0.621266 0.748252
vt 0.628543 0.748252
f 1349/-1 1348/-2 1350/-3
vt 0.628543 0.748252
vt 0.635821 0.781668
vt 0.628543 0.781668
f 1352/-1 1351/-2 1353/-3
vt 0.635821 0.781668
vt 0.628543 0.748252
vt 0.635821 0.748252
f 1355/-1 1354/-2 1356/-3
vt 0.635821 0.748252
vt 0.643098 0.781668
vt 0.635821 0.781668
f 1358/-1 1357/-2 1359/-3
vt 0.643098 0.781668
vt 0.635821 0.748252
vt 0.643098 0.748252
f 1361/-1 1360/-2 1362/-3
vt 0.643098 0.748252
vt 0.650375 0.781668
vt 0.643098 0.781668
f 1364/-1 1363/-2 1365/-3
vt 0.650375 0.781668
vt 0.643098 0.748252
vt 0.650375 0.748252
f 1367/-1 1366/-2 1368/-3
vt 0.650375 0.748252
vt 0.657652 0.781668
vt 0.650375 0.781668
f 1370/-1 1369/-2 1371/-3
vt 0.657652 0.781668
vt 0.650375 0.748252
vt 0.657652 0.748252
f 1373/-1 1372/-2 1374/-3
vt 0.657652 0.748252
vt 0.664930 0.781668
vt 0.657652 0.781668
f 1376/-1 1375/-2 1377/-3
vt 0.664930 0.781668
vt 0.657652 0.748252
vt 0.664930 0.748252
f 1379/-1 1378/-2 1380/-3
vt 0.664930 0.748252
vt 0.672207 0.781668
vt 0.664930 0.781668
f 1382/-1 1381/-2 1383/-3
vt 0.672207 0.781668
vt 0.664930 0.748252
vt 0.672207 0.748252
f 1385/-1 1384/-2 1386/-3
vt 0.344731 0.781668
vt 0.352008 0.815084
vt 0.344731 0.815084
f 1388/-1 1387/-2 1389/-3
vt 0.352008 0.815084
vt 0.344731 0.781668
vt 0.352008 0.781668
f 1391/-1 1390/-2 1392/-3
vt 0.352008 0.781668
vt 0.359286 0.815084
vt 0.352008 0.815084
f 1394/-1 1393/-2 1395/-3
vt 0.359286 0.815084
vt 0.352008 0.781668
vt 0.359286 0.781668
f 1397/-1 1396/-2 1398/-3
vt 0.359286 0.781668
vt 0.366563 0.815084
vt 0.359286 0.815084
f 1400/-1 1399/-2 1401/-3
vt 0.366563 0.815084
vt 0.359286 0.781668
vt 0.366563 0.781668
f 1403/-1 1402/-2 1404/-3
vt 0.366563 0.781668
vt 0.373840 0.815084
vt 0.366563 0.815084
f 1406/-1 1405/-2 1407/-3
vt 0.373840 0.815084
vt 0.366563 0.781668
vt 0.373840 0.781668
f 1409/-1 1408/-2 1410/-3
vt 0.373840 0.781668
vt 0.381117 0.815084
vt 0.373840 0.815084
f 1412/-1 1411/-2 1413/-3
vt 0.381117 0.815084
vt 0.373840 0.781668
vt 0.381117 0.781668
f 1415/-1 1414/-2 1416/-3
vt 0.381117 0.781668
vt 0.388395 0.815084
vt 0.381117 0.815084
f 1418/-1 1417/-2 1419/-3
vt 0.388395 0.815084
vt 0.381117 0.781668
vt 0.388395 0.781668
f 1421/-1 1420/-2 1422/-3
vt 0.388395 0.781668
vt 0.395672 0.815084
vt 0.388395 0.815084
f 1424/-1 1423/-2 1425/-3
vt 0.395672 0.815084
vt 0.388395 0.781668
vt 0.395672 0.781668
f 1427/-1 1426/-2 1428/-3
vt 0.395672 0.781668
vt 0.402949 0.815084
vt 0.395672 0.815084
f 1430/-1 1429/-2 1431/-3
vt 0.402949 0.815084
vt 0.395672 0.781668
vt 0.402949 0.781668
f 1433/-1 1432/-2 1434/-3
vt 0.402949 0.781668
vt 0.410226 0.815084
vt 0.402949 0.815084
f 1436/-1 1435/-2 1437/-3
vt 0.410226 0.815084
vt 0.402949 0.781668
vt 0.410226 0.781668
f 1439/-1 1438/-2 1440/-3
vt 0.410226 0.781668
vt 0.417504 0.815084
vt 0.410226 0.815084
f 1442/-1 1441/-2 1443/-3
vt 0.417504 0.815084
vt 0.410226 0.781668
vt 0.417504 0.781668
f 1445/-1 1444/-2 1446/-3
vt 0.417504 0.781668
vt 0.424781 0.815084
vt 0.417504 0.815084
f 1448/-1 1447/-2 1449/-3
vt 0.424781 0.815084
vt 0.417504 0.781668
vt 0.424781 0.781668
f 1451/-1 1450/-2 1452/-3
vt 0.424781 0.781668
vt 0.432058 0.815084
vt 0.424781 0.815084
f 1454/-1 1453/-2 1455/-3
vt 0.432058 0.815084
vt 0.424781 0.781668
vt 0.432058 0.781668
f 1457/-1 1456/-2 1458/-3
vt 0.432058 0.781668
vt 0.439335 0.815084
vt 0.432058 0.815084
f 1460/-1 1459/-2 1461/-3
vt 0.439335 0.815084
vt 0.432058 0.781668
vt 0.439335 0.781668
f 1463/-1 1462/-2 1464/-3
vt 0.439335 0.781668
vt 0.446612 0.815084
vt 0.439335 0.815084
f 1466/-1 1465/-2 1467/-3
vt 0.446612 0.815084
vt 0.439335 0.781668
vt 0.446612 0.781668
f 1469/-1 1468/-2 1470/-3
vt 0.446612 0.781668
vt 0.453890 0.815084
vt 0.446612 0.815084
f 1472/-1 1471/-2 1473/-3
vt 0.453890 0.815084
vt 0.446612 0.781668
vt 0.453890 0.781668
f 1475/-1 1474/-2 1476/-3
vt 0.453890 0.781668
vt 0.461167 0.815084
vt 0.453890 0.815084
f 1478/-1 1477/-2 1479/-3
vt 0.461167 0.815084
vt 0.453890 0.781668
vt 0.461167 0.781668
f 1481/-1 1480/-2 1482/-3
vt 0.461167 0.781668
vt 0.468444 0.815084
vt 0.461167 0.815084
f 1484/-1 1483/-2 1485/-3
vt 0.468444 0.815084
vt 0.461167 0.781668
vt 0.468444 0.781668
f 1487/-1 1486/-2 1488/-3
vt 0.468444 0.781668
vt 0.475721 0.815084
vt 0.468444 0.815084
f 1490/-1 1489/-2 1491/-3
vt 0.475721 0.815084
vt 0.468444 0.781668
vt 0.475721 0.781668
f 1493/-1 1492/-2 1494/-3
vt 0.475721 0.781668
vt 0.482999 0.815084
vt 0.475721 0.815084
f 1496/-1 1495/-2 1497/-3
vt 0.482999 0.815084
vt 0.475721 0.781668
vt 0.482999 0.781668
f 1499/-1 1498/-2 1500/-3
vt 0.482999 0.781668
vt 0.490276 0.815084
vt 0.482999 0.815084
f 1502/-1 1501/-2 1503/-3
vt 0.490276 0.815084
vt 0.482999 0.781668
vt 0.490276 0.781668
f 1505/-1 1504/-2 1506/-3
vt 0.490276 0.781668
vt 0.497553 0.815084
vt 0.490276 0.815084
f 1508/-1 1507/-2 1509/-3
vt 0.497553 0.815084
vt 0.490276 0.781668
vt 0.497553 0.781668
f 1511/-1 1510/-2 1512/-3
vt 0.497553 0.781668
vt 0.504830 0.815084
vt 0.497553 0.815084
f 1514/-1 1513/-2 1515/-3
vt 0.504830 0.815084
vt 0.497553 0.781668
vt 0.504830 0.781668
f 1517/-1 1516/-2 1518/-3
vt 0.504830 0.781668
vt 0.512108 0.815084
vt 0.504830 0.815084
f 1520/-1 1519/-2 1521/-3
vt 0.512108 0.815084
vt 0.504830 0.781668
vt 0.512108 0.781668
f 1523/-1 1522/-2 1524/-3
vt 0.512108 0.781668
vt 0.519385 0.815084
vt 0.512108 0.815084
f 1526/-1 1525/-2 1527/-3
vt 0.519385 0.815084
vt 0.512108 0.781668
vt 0.519385 0.781668
f 1529/-1 1528/-2 1530/-3
vt 0.519385 0.781668
vt 0.526662 0.815084
vt 0.519385 0.815084
f 1532/-1 1531/-2 1533/-3
vt 0.526662 0.815084
vt 0.519385 0.781668
vt 0.526662 0.781668
f 1535/-1 1534/-2 1536/-3
vt 0.526662 0.781668
vt 0.533939 0.815084
vt 0.526662 0.815084
f 1538/-1 1537/-2 1539/-3
vt 0.533939 0.815084
vt 0.526662 0.781668
vt 0.533939 0.781668
f 1541/-1 1540/-2 1542/-3
vt 0.533939 0.781668
vt 0.541216 0.815084
vt 0.533939 0.815084
f 1544/-1 1543/-2 1545/-3
vt 0.541216 0.815084
vt 0.533939 0.781668
vt 0.541216 0.781668
f 1547/-1 1546/-2 1548/-3
vt 0.541216 0.781668
vt 0.548494 0.815084
vt 0.541216 0.815084
f 1550/-1 1549/-2 1551/-3
vt 0.548494 0.815084
vt 0.541216 0.781668
vt 0.548494 0.781668
f 1553/-1 1552/-2 1554/-3
vt 0.548494 0.781668
vt 0.555771 0.815084
vt 0.548494 0.815084
f 1556/-1 1555/-2 1557/-3
vt 0.555771 0.815084
vt 0.548494 0.781668
vt 0.555771 0.781668
f 1559/-1 1558/-2 1560/-3
vt 0.555771 0.781668
vt 0.563048 0.815084
vt 0.555771 0.815084
f 1562/-1 1561/-2 1563/-3
vt 0.563048 0.815084
vt 0.555771 0.781668
vt 0.563048 0.781668
f 1565/-1 1564/-2 1566/-3
vt 0.563048 0.781668
vt 0.570325 0.815084
vt 0.563048 0.815084
f 1568/-1 1567/-2 1569/-3
vt 0.570325 0.815084
vt 0.563048 0.781668
vt 0.570325 0.781668
f 1571/-1 1570/-2 1572/-3
vt 0.570325 0.781668
vt 0.577603 0.815084
vt 0.570325 0.815084
f 1574/-1 1573/-2 1575/-3
vt 0.577603 0.815084
vt 0.570325 0.781668
vt 0.577603 0.781668
f 1577/-1 1576/-2 1578/-3
vt 0.577603 0.781668
vt 0.584880 0.815084
vt 0.577603 0.815084
f 1580/-1 1579/-2 1581/-3
vt 0.584880 0.815084
vt 0.577603 0.781668
vt 0.584880 0.781668
f 1583/-1 1582/-2 1584/-3
vt 0.584880 0.781668
vt 0.592157 0.815084
vt 0.584880 0.815084
f 1586/-1 1585/-2 1587/-3
vt 0.592157 0.815084
vt 0.584880 0.781668
vt 0.592157 0.781668
f 1589/-1 1588/-2 1590/-3
vt 0.592157 0.781668
vt 0.599434 0.815084
vt 0.592157 0.815084
f 1592/-1 1591/-2 1593/-3
vt 0.599434 0.815084
vt 0.592157 0.781668
vt 0.599434 0.781668
f 1595/-1 1594/-2 1596/-3
vt 0.599434 0.781668
vt 0.606712 0.815084
vt 0.599434 0.815084
f 1598/-1 1597/-2 1599/-3
vt 0.606712 0.815084
vt 0.599434 0.781668
vt 0.606712 0.781668
f 1601/-1 1600/-2 1602/-3
vt 0.606712 0.781668
vt 0.613989 0.815084
vt 0.606712 0.815084
f 1604/-1 1603/-2 1605/-3
vt 0.613989 0.815084
vt 0.606712 0.781668
vt 0.613989 0.781668
f 1607/-1 1606/-2 1608/-3
vt 0.613989 0.781668
vt 0.621266 0.815084
vt 0.613989 0.815084
f 1610/-1 1609/-2 1611/-3
vt 0.621266 0.815084
vt 0.613989 0.781668
vt 0.621266 0.781668
f 1613/-1 1612/-2 1614/-3
vt 0.621266 0.781668
vt 0.628543 0.815084
vt 0.621266 0.815084
f 1616/-1 1615/-2 1617/-3
vt 0.628543 0.815084
vt 0.621266 0.781668
vt 0.628543 0.781668
f 1619/-1 1618/-2 1620/-3
vt 0.628543 0.781668
vt 0.635821 0.815084
vt 0.628543 0.815084
f 1622/-1 1621/-2 1623/-3
vt 0.635821 0.815084
vt 0.628543 0.781668
vt 0.635821 0.781668
f 1625/-1 1624/-2 1626/-3
vt 0.635821 0.781668
vt 0.643098 0.815084
vt 0.635821 0.815084
f 1628/-1 1627/-2 1629/-3
vt 0.643098 0.815084
vt 0.635821 0.781668
vt 0.643098 0.781668
f 1631/-1 1630/-2 1632/-3
vt 0.643098 0.781668
vt 0.650375 0.815084
vt 0.643098 0.815084
f 1634/-1 1633/-2 1635/-3
vt 0.650375 0.815084
vt 0.643098 0.781668
vt 0.650375 0.781668
f 1637/-1 1636/-2 1638/-3
vt 0.650375 0.781668
vt 0.657652 0.815084
vt 0.650375 0.815084
f 1640/-1 1639/-2 1641/-3
vt 0.657652 0.815084
vt 0.650375 0.781668
vt 0.657652 0.781668
f 1643/-1 1642/-2 1644/-3
vt 0.657652 0.781668
vt 0.664930 0.815084
vt 0.657652 0.815084
f 1646/-1 1645/-2 1647/-3
vt 0.664930 0.815084
vt 0.657652 0.781668
vt 0.664930 0.781668
f 1649/-1 1648/-2 1650/-3
vt 0.664930 0.781668
vt 0.672207 0.815084
vt 0.664930 0.815084
f 1652/-1 1651/-2 1653/-3
vt 0.672207 0.815084
vt 0.664930 0.781668
vt 0.672207 0.781668
f 1655/-1 1654/-2 1656/-3
vt 0.344731 0.815084
vt 0.352008 0.848500
vt 0.344731 0.848500
f 1658/-1 1657/-2 1659/-3
vt 0.352008 0.848500
vt 0.344731 0.815084
vt 0.352008 0.815084
f 1661/-1 1660/-2 1662/-3
vt 0.352008 0.815084
vt 0.359286 0.848500
vt 0.352008 0.848500
f 1664/-1 1663/-2 1665/-3
vt 0.359286 0.848500
vt 0.352008 0.815084
vt 0.359286 0.815084
f 1667/-1 1666/-2 1668/-3
vt 0.359286 0.815084
vt 0.366563 0.848500
vt 0.359286 0.848500
f 1670/-1 1669/-2 1671/-3
vt 0.366563 0.848500
vt 0.359286 0.815084
vt 0.366563 0.815084
f 1673/-1 1672/-2 1674/-3
vt 0.366563 0.815084
vt 0.373840 0.848500
vt 0.366563 0.848500
f 1676/-1 1675/-2 1677/-3
vt 0.373840 0.848500
vt 0.366563 0.815084
vt 0.373840 0.815084
f 1679/-1 1678/-2 1680/-3
vt 0.373840 0.815084
vt 0.381117 0.848500
vt 0.373840 0.848500
f 1682/-1 1681/-2 1683/-3
vt 0.381117 0.848500
vt 0.373840 0.815084
vt 0.381117 0.815084
f 1685/-1 1684/-2 1686/-3
vt 0.381117 0.815084
vt 0.388395 0.848500
vt 0.381117 0.848500
f 1688/-1 1687/-2 1689/-3
vt 0.388395 0.848500
vt 0.381117 0.815084
vt 0.388395 0.815084
f 1691/-1 1690/-2 1692/-3
vt 0.388395 0.815084
vt 0.395672 0.848500
vt 0.388395 0.848500
f 1694/-1 1693/-2 1695/-3
vt 0.395672 0.848500
vt 0.388395 0.815084
vt 0.395672 0.815084
f 1697/-1 1696/-2 1698/-3
vt 0.395672 0.815084
vt 0.402949 0.848500
vt 0.395672 0.848500
f 1700/-1 1699/-2 1701/-3
vt 0.402949 0.848500
vt 0.395672 0.815084
vt 0.402949 0.815084
f 1703/-1 1702/-2 1704/-3
vt 0.402949 0.815084
vt 0.410226 0.848500
vt 0.402949 0.848500
f 1706/-1 1705/-2 1707/-3
vt 0.410226 0.848500
vt 0.402949 0.815084
vt 0.410226 0.815084
f 1709/-1 1708/-2 1710/-3
vt 0.410226 0.815084
vt 0.417504 0.848500
vt 0.410226 0.848500
f 1712/-1 1711/-2 1713/-3
vt 0.417504 0.848500
vt 0.410226 0.815084
vt 0.417504 0.815084
f 1715/-1 1714/-2 1716/-3
vt 0.417504 0.815084
vt 0.424781 0.848500
vt 0.417504 0.848500
f 1718/-1 1717/-2 1719/-3
vt 0.424781 0.848500
vt 0.417504 0.815084
vt 0.424781 0.815084
f 1721/-1 1720/-2 1722/-3
vt 0.424781 0.815084
vt 0.432058 0.848500
vt 0.424781 0.848500
f 1724/-1 1723/-2 1725/-3
vt 0.432058 0.848500
vt 0.424781 0.815084
vt 0.432058 0.815084
f 1727/-1 1726/-2 1728/-3
vt 0.432058 0.815084
vt 0.439335 0.848500
vt 0.432058 0.848500
f 1730/-1 1729/-2 1731/-3
vt 0.439335 0.848500
vt 0.432058 0.815084
vt 0.439335 0.815084
f 1733/-1 1732/-2 1734/-3
vt 0.439335 0.815084
vt 0.446612 0.848500
vt 0.439335 0.848500
f 1736/-1 1735/-2 1737/-3
vt 0.446612 0.848500
vt 0.439335 0.815084
vt 0.446612 0.815084
f 1739/-1 1738/-2 1740/-3
vt 0.446612 0.815084
vt 0.453890 0.848500
vt 0.446612 0.848500
f 1742/-1 1741/-2 1743/-3
vt 0.453890 0.848500
vt 0.446612 0.815084
vt 0.453890 0.815084
f 1745/-1 1744/-2 1746/-3
vt 0.453890 0.815084
vt 0.461167 0.848500
vt 0.453890 0.848500
f 1748/-1 1747/-2 1749/-3
vt 0.461167 0.848500
vt 0.453890 0.815084
vt 0.461167 0.815084
f 1751/-1 1750/-2 1752/-3
vt 0.461167 0.815084
vt 0.468444 0.848500
vt 0.461167 0.848500
f 1754/-1 1753/-2 1755/-3
vt 0.468444 0.848500
vt 0.461167 0.815084
vt 0.468444 0.815084
f 1757/-1 1756/-2 1758/-3
vt 0.468444 0.815084
vt 0.475721 0.848500
vt 0.468444 0.848500
f 1760/-1 1759/-2 1761/-3
vt 0.475721 0.848500
vt 0.468444 0.815084
vt 0.475721 0.815084
f 1763/-1 1762/-2 1764/-3
vt 0.475721 0.815084
vt 0.482999 0.848500
vt 0.475721 0.848500
f 1766/-1 1765/-2 1767/-3
vt 0.482999 0.848500
vt 0.475721 0.815084
vt 0.482999 0.815084
f 1769/-1 1768/-2 1770/-3
vt 0.482999 0.815084
vt 0.490276 0.848500
vt 0.482999 0.848500
f 1772/-1 1771/-2 1773/-3
vt 0.490276 0.848500
vt 0.482999 0.815084
vt 0.490276 0.815084
f 1775/-1 1774/-2 1776/-3
vt 0.490276 0.815084
vt 0.497553 0.848500
vt 0.490276 0.848500
f 1778/-1 1777/-2 1779/-3
vt 0.497553 0.848500
vt 0.490276 0.815084
vt 0.497553 0.815084
f 1781/-1 1780/-2 1782/-3
vt 0.497553 0.815084
vt 0.504830 0.848500
vt 0.497553 0.848500
f 1784/-1 1783/-2 1785/-3
vt 0.504830 0.848500
vt 0.497553 0.815084
vt 0.504830 0.815084
f 1787/-1 1786/-2 1788/-3
vt 0.504830 0.815084
vt 0.512108 0.848500
vt 0.504830 0.848500
f 1790/-1 1789/-2 1791/-3
vt 0.512108 0.848500
vt 0.504830 0.815084
vt 0.512108 0.815084
f 1793/-1 1792/-2 1794/-3
vt 0.512108 0.815084
vt 0.519385 0.848500
vt 0.512108 0.848500
f 1796/-1 1795/-2 1797/-3
vt 0.519385 0.848500
vt 0.512108 0.815084
vt 0.519385 0.815084
f 1799/-1 1798/-2 1800/-3
vt 0.519385 0.815084
vt 0.526662 0.848500
vt 0.519385 0.848500
f 1802/-1 1801/-2 1803/-3
vt 0.526662 0.848500
vt 0.519385 0.815084
vt 0.526662 0.815084
f 1805/-1 1804/-2 1806/-3
vt 0.526662 0.815084
vt 0.533939 0.848500
vt 0.526662 0.848500
f 1808/-1 1807/-2 1809/-3
vt 0.533939 0.848500
vt 0.526662 0.815084
vt 0.533939 0.815084
f 1811/-1 1810/-2 1812/-3
vt 0.533939 0.815084
vt 0.541216 0.848500
vt 0.533939 0.848500
f 1814/-1 1813/-2 1815/-3
vt 0.541216 0.848500
vt 0.533939 0.815084
vt 0.541216 0.815084
f 1817/-1 1816/-2 1818/-3
vt 0.541216 0.815084
vt 0.548494 0.848500
vt 0.541216 0.848500
f 1820/-1 1819/-2 1821/-3
vt 0.548494 0.848500
vt 0.541216 0.815084
vt 0.548494 0.815084
f 1823/-1 1822/-2 1824/-3
vt 0.548494 0.815084
vt 0.555771 0.848500
vt 0.548494 0.848500
f 1826/-1 1825/-2 1827/-3
vt 0.555771 0.848500
vt 0.548494 0.815084
vt 0.555771 0.815084
f 1829/-1 1828/-2 1830/-3
vt 0.555771 0.815084
vt 0.563048 0.848500
vt 0.555771 0.848500
f 1832/-1 1831/-2 1833/-3
vt 0.563048 0.848500
vt 0.555771 0.815084
vt 0.563048 0.815084
f 1835/-1 1834/-2 1836/-3
vt 0.563048 0.815084
vt 0.570325 0.848500
vt 0.563048 0.848500
f 1838/-1 1837/-2 1839/-3
vt 0.570325 0.848500
vt 0.563048 0.815084
vt 0.570325 0.815084
f 1841/-1 1840/-2 1842/-3
vt 0.570325 0.815084
vt 0.577603 0.848500
vt 0.570325 0.848500
f 1844/-1 1843/-2 1845/-3
vt 0.577603 0.848500
vt 0.570325 0.815084
vt 0.577603 0.815084
f 1847/-1 1846/-2 1848/-3
vt 0.577603 0.815084
vt 0.584880 0.848500
vt 0.577603 0.848500
f 1850/-1 1849/-2 1851/-3
vt 0.584880 0.848500
vt 0.577603 0.815084
vt 0.584880 0.815084
f 1853/-1 1852/-2 1854/-3
vt 0.584880 0.815084
vt 0.592157 0.848500
vt 0.584880 0.848500
f 1856/-1 1855/-2 1857/-3
vt 0.592157 0.848500
vt 0.584880 0.815084
vt 0.592157 0.815084
f 1859/-1 1858/-2 1860/-3
vt 0.592157 0.815084
vt 0.599434 0.848500
vt 0.592157 0.848500
f 1862/-1 1861/-2 1863/-3
vt 0.599434 0.848500
vt 0.592157 0.815084
vt 0.599434 0.815084
f 1865/-1 1864/-2 1866/-3
vt 0.599434 0.815084
vt 0.606712 0.848500
vt 0.599434 0.848500
f 1868/-1 1867/-2 1869/-3
vt 0.606712 0.848500
vt 0.599434 0.815084
vt 0.606712 0.815084
f 1871/-1 1870/-2 1872/-3
vt 0.606712 0.815084
vt 0.613989 0.848500
vt 0.606712 0.848500
f 1874/-1 1873/-2 1875/-3
vt 0.613989 0.848500
vt 0.606712 0.815084
vt 0.613989 0.815084
f 1877/-1 1876/-2 1878/-3
vt 0.613989 0.815084
vt 0.621266 0.848500
vt 0.613989 0.848500
f 1880/-1 1879/-2 1881/-3
vt 0.621266 0.848500
vt 0.613989 0.815084
vt 0.621266 0.815084
f 1883/-1 1882/-2 1884/-3
vt 0.621266 0.815084
vt 0.628543 0.848500
vt 0.621266 0.848500
f 1886/-1 1885/-2 1887/-3
vt 0.628543 0.848500
vt 0.621266 0.815084
vt 0.628543 0.815084
f 1889/-1 1888/-2 1890/-3
vt 0.628543 0.815084
vt 0.635821 0.848500
vt 0.628543 0.848500
f 1892/-1 1891/-2 1893/-3
vt 0.635821 0.848500
vt 0.628543 0.815084
vt 0.635821 0.815084
f 1895/-1 1894/-2 1896/-3
vt 0.635821 0.815084
vt 0.643098 0.848500
vt 0.635821 0.848500
f 1898/-1 1897/-2 1899/-3
vt 0.643098 0.848500
vt 0.635821 0.815084
vt 0.643098 0.815084
f 1901/-1 1900/-2 1902/-3
vt 0.643098 0.815084
vt 0.650375 0.848500
vt 0.643098 0.848500
f 1904/-1 1903/-2 1905/-3
vt 0.650375 0.848500
vt 0.643098 0.815084
vt 0.650375 0.815084
f 1907/-1 1906/-2 1908/-3
vt 0.650375 0.815084
vt 0.657652 0.848500
vt 0.650375 0.848500
f 1910/-1 1909/-2 1911/-3
vt 0.657652 0.848500
vt 0.650375 0.815084
vt 0.657652 0.815084
f 1913/-1 1912/-2 1914/-3
vt 0.657652 0.815084
vt 0.664930 0.848500
vt 0.657652 0.848500
f 1916/-1 1915/-2 1917/-3
vt 0.664930 0.848500
vt 0.657652 0.815084
vt 0.664930 0.815084
f 1919/-1 1918/-2 1920/-3
vt 0.664930 0.815084
vt 0.672207 0.848500
vt 0.664930 0.848500
f 1922/-1 1921/-2 1923/-3
vt 0.672207 0.848500
vt 0.664930 0.815084
vt 0.672207 0.815084
f 1925/-1 1924/-2 1926/-3
vt 0.344731 0.848500
vt 0.352008 0.881916
vt 0.344731 0.881916
f 1928/-1 1927/-2 1929/-3
vt 0.352008 0.881916
vt 0.344731 0.848500
vt 0.352008 0.848500
f 1931/-1 1930/-2 1932/-3
vt 0.352008 0.848500
vt 0.359286 0.881916
vt 0.352008 0.881916
f 1934/-1 1933/-2 1935/-3
vt 0.359286 0.881916
vt 0.352008 0.848500
vt 0.359286 0.848500
f 1937/-1 1936/-2 1938/-3
vt 0.359286 0.848500
vt 0.366563 0.881916
vt 0.359286 0.881916
f 1940/-1 1939/-2 1941/-3
vt 0.366563 0.881916
vt 0.359286 0.848500
vt 0.366563 0.848500
f 1943/-1 1942/-2 1944/-3
vt 0.366563 0.848500
vt 0.373840 0.881916
vt 0.366563 0.881916
f 1946/-1 1945/-2 1947/-3
vt 0.373840 0.881916
vt 0.366563 0.848500
vt 0.373840 0.848500
f 1949/-1 1948/-2 1950/-3
vt 0.373840 0.848500
vt 0.381117 0.881916
vt 0.373840 0.881916
f 1952/-1 1951/-2 1953/-3
vt 0.381117 0.881916
vt 0.373840 0.848500
vt 0.381117 0.848500
f 1955/-1 1954/-2 1956/-3
vt 0.381117 0.848500
vt 0.388395 0.881916
vt 0.381117 0.881916
f 1958/-1 1957/-2 1959/-3
vt 0.388395 0.881916
vt 0.381117 0.848500
vt 0.388395 0.848500
f 1961/-1 1960/-2 1962/-3
vt 0.388395 0.848500
vt 0.395672 0.881916
vt 0.388395 0.881916
f 1964/-1 1963/-2 1965/-3
vt 0.395672 0.881916
vt 0.388395 0.848500
vt 0.395672 0.848500
f 1967/-1 1966/-2 1968/-3
vt 0.395672 0.848500
vt 0.402949 0.881916
vt 0.395672 0.881916
f 1970/-1 1969/-2 1971/-3
vt 0.402949 0.881916
vt 0.395672 0.848500
vt 0.402949 0.848500
f 1973/-1 1972/-2 1974/-3
vt 0.402949 0.848500
vt 0.410226 0.881916
vt 0.402949 0.881916
f 1976/-1 1975/-2 1977/-3
vt 0.410226 0.881916
vt 0.402949 0.848500
vt 0.410226 0.848500
f 1979/-1 1978/-2 1980/-3
vt 0.410226 0.848500
vt 0.417504 0.881916
vt 0.410226 0.881916
f 1982/-1 1981/-2 1983/-3
vt 0.417504 0.881916
vt 0.410226 0.848500
vt 0.417504 0.848500
f 1985/-1 1984/-2 1986/-3
vt 0.417504 0.848500
vt 0.424781 0.881916
vt 0.417504 0.881916
f 1988/-1 1987/-2 1989/-3
vt 0.424781 0.881916
vt 0.417504 0.848500
vt 0.424781 0.848500
f 1991/-1 1990/-2 1992/-3
vt 0.424781 0.848500
vt 0.432058 0.881916
vt 0.424781 0.881916
f 1994/-1 1993/-2 1995/-3
vt 0.432058 0.881916
vt 0.424781 0.848500
vt 0.432058 0.848500
f 1997/-1 1996/-2 1998/-3
vt 0.432058 0.848500
vt 0.439335 0.881916
vt 0.432058 0.881916
f 2000/-1 1999/-2 2001/-3
vt 0.439335 0.881916
vt 0.432058 0.848500
vt 0.439335 0.848500
f 2003/-1 2002/-2 2004/-3
vt 0.439335 0.848500
vt 0.446612 0.881916
vt 0.439335 0.881916
f 2006/-1 2005/-2 2007/-3
vt 0.446612 0.881916
vt 0.439335 0.848500
vt 0.446612 0.848500
f 2009/-1 2008/-2 2010/-3
vt 0.446612 0.848500
vt 0.453890 0.881916
vt 0.446612 0.881916
f 2012/-1 2011/-2 2013/-3
vt 0.453890 0.881916
vt 0.446612 0.848500
vt 0.453890 0.848500
f 2015/-1 2014/-2 2016/-3
vt 0.453890 0.848500
vt 0.461167 0.881916
vt 0.453890 0.881916
f 2018/-1 2017/-2 2019/-3
vt 0.461167 0.881916
vt 0.453890 0.848500
vt 0.461167 0.848500
f 2021/-1 2020/-2 2022/-3
vt 0.461167 0.848500
vt 0.468444 0.881916
vt 0.461167 0.881916
f 2024/-1 2023/-2 2025/-3
vt 0.468444 0.881916
vt 0.461167 0.848500
vt 0.468444 0.848500
f 2027/-1 2026/-2 2028/-3
vt 0.468444 0.848500
vt 0.475721 0.881916
vt 0.468444 0.881916
f 2030/-1 2029/-2 2031/-3
vt 0.475721 0.881916
vt 0.468444 0.848500
vt 0.475721 0.848500
f 2033/-1 2032/-2 2034/-3
vt 0.475721 0.848500
vt 0.482999 0.881916
vt 0.475721 0.881916
f 2036/-1 2035/-2 2037/-3
vt 0.482999 0.881916
vt 0.475721 0.848500
vt 0.482999 0.848500
f 2039/-1 2038/-2 2040/-3
vt 0.482999 0.848500
vt 0.490276 0.881916
vt 0.482999 0.881916
f 2042/-1 2041/-2 2043/-3
vt 0.490276 0.881916
vt 0.482999 0.848500
vt 0.490276 0.848500
f 2045/-1 2044/-2 2046/-3
vt 0.490276 0.848500
vt 0.497553 0.881916
vt 0.490276 0.881916
f 2048/-1 2047/-2 2049/-3
vt 0.497553 0.881916
vt 0.490276 0.848500
vt 0.497553 0.848500
f 2051/-1 2050/-2 2052/-3
vt 0.497553 0.848500
vt 0.504830 0.881916
vt 0.497553 0.881916
f 2054/-1 2053/-2 2055/-3
vt 0.504830 0.881916
vt 0.497553 0.848500
vt 0.504830 0.848500
f 2057/-1 2056/-2 2058/-3
vt 0.504830 0.848500
vt 0.512108 0.881916
vt 0.504830 0.881916
f 2060/-1 2059/-2 2061/-3
vt 0.512108 0.881916
vt 0.504830 0.848500
vt 0.512108 0.848500
f 2063/-1 2062/-2 2064/-3
vt 0.512108 0.848500
vt 0.519385 0.881916
vt 0.512108 0.881916
f 2066/-1 2065/-2 2067/-3
vt 0.519385 0.881916
vt 0.512108 0.848500
vt 0.519385 0.848500
f 2069/-1 2068/-2 2070/-3
vt 0.519385 0.848500
vt 0.526662 0.881916
vt 0.519385 0.881916
f 2072/-1 2071/-2 2073/-3
vt 0.526662 0.881916
vt 0.519385 0.848500
vt 0.526662 0.848500
f 2075/-1 2074/-2 2076/-3
vt 0.526662 0.848500
vt 0.533939 0.881916
vt 0.526662 0.881916
f 2078/-1 2077/-2 2079/-3
vt 0.533939 0.881916
vt 0.526662 0.848500
vt 0.533939 0.848500
f 2081/-1 2080/-2 2082/-3
vt 0.533939 0.848500
vt 0.541216 0.881916
vt 0.533939 0.881916
f 2084/-1 2083/-2 2085/-3
vt 0.541216 0.881916
vt 0.533939 0.848500
vt 0.541216 0.848500
f 2087/-1 2086/-2 2088/-3
vt 0.541216 0.848500
vt 0.548494 0.881916
vt 0.541216 0.881916
f 2090/-1 2089/-2 2091/-3
vt 0.548494 0.881916
vt 0.541216 0.848500
vt 0.548494 0.848500
f 2093/-1 2092/-2 2094/-3
vt 0.548494 0.848500
vt 0.555771 0.881916
vt 0.548494 0.881916
f 2096/-1 2095/-2 2097/-3
vt 0.555771 0.881916
vt 0.548494 0.848500
vt 0.555771 0.848500
f 2099/-1 2098/-2 2100/-3
vt 0.555771 0.848500
vt 0.563048 0.881916
vt 0.555771 0.881916
f 2102/-1 2101/-2 2103/-3
vt 0.563048 0.881916
vt 0.555771 0.848500
vt 0.563048 0.848500
f 2105/-1 2104/-2 2106/-3
vt 0.563048 0.848500
vt 0.570325 0.881916
vt 0.563048 0.881916
f 2108/-1 2107/-2 2109/-3
vt 0.570325 0.881916
vt 0.563048 0.848500
vt 0.570325 0.848500
f 2111/-1 2110/-2 2112/-3
vt 0.570325 0.848500
vt 0.577603 0.881916
vt 0.570325 0.881916
f 2114/-1 2113/-2 2115/-3
vt 0.577603 0.881916
vt 0.570325 0.848500
vt 0.577603 0.848500
f 2117/-1 2116/-2 2118/-3
vt 0.577603 0.848500
vt 0.584880 0.881916
vt 0.577603 0.881916
f 2120/-1 2119/-2 2121/-3
vt 0.584880 0.881916
vt 0.577603 0.848500
vt 0.584880 0.848500
f 2123/-1 2122/-2 2124/-3
vt 0.584880 0.848500
vt 0.592157 0.881916
vt 0.584880 0.881916
f 2126/-1 2125/-2 2127/-3
vt 0.592157 0.881916
vt 0.584880 0.848500
vt 0.592157 0.848500
f 2129/-1 2128/-2 2130/-3
vt 0.592157 0.848500
vt 0.599434 0.881916
vt 0.592157 0.881916
f 2132/-1 2131/-2 2133/-3
vt 0.599434 0.881916
vt 0.592157 0.848500
vt 0.599434 0.848500
f 2135/-1 2134/-2 2136/-3
vt 0.599434 0.848500
vt 0.606712 0.881916
vt 0.599434 0.881916
f 2138/-1 2137/-2 2139/-3
vt 0.606712 0.881916
vt 0.599434 0.848500
vt 0.606712 0.848500
f 2141/-1 2140/-2 2142/-3
vt 0.606712 0.848500
vt 0.613989 0.881916
vt 0.606712 0.881916
f 2144/-1 2143/-2 2145/-3
vt 0.613989 0.881916
vt 0.606712 0.848500
vt 0.613989 0.848500
f 2147/-1 2146/-2 2148/-3
vt 0.613989 0.848500
vt 0.621266 0.881916
vt 0.613989 0.881916
f 2150/-1 2149/-2 2151/-3
vt 0.621266 0.881916
vt 0.613989 0.848500
vt 0.621266 0.848500
f 2153/-1 2152/-2 2154/-3
vt 0.621266 0.848500
vt 0.628543 0.881916
vt 0.621266 0.881916
f 2156/-1 2155/-2 2157/-3
vt 0.628543 0.881916
vt 0.621266 0.848500
vt 0.628543 0.848500
f 2159/-1 2158/-2 2160/-3
vt 0.628543 0.848500
vt 0.635821 0.881916
vt 0.628543 0.881916
f 2162/-1 2161/-2 2163/-3
vt 0.635821 0.881916
vt 0.628543 0.848500
vt 0.635821 0.848500
f 2165/-1 2164/-2 2166/-3
vt 0.635821 0.848500
vt 0.643098 0.881916
vt 0.635821 0.881916
f 2168/-1 2167/-2 2169/-3
vt 0.643098 0.881916
vt 0.635821 0.848500
vt 0.643098 0.848500
f 2171/-1 2170/-2 2172/-3
vt 0.643098 0.848500
vt 0.650375 0.881916
vt 0.643098 0.881916
f 2174/-1 2173/-2 2175/-3
vt 0.650375 0.881916
vt 0.643098 0.848500
vt 0.650375 0.848500
f 2177/-1 2176/-2 2178/-3
vt 0.650375 0.848500
vt 0.657652 0.881916
vt 0.650375 0.881916
f 2180/-1 2179/-2 2181/-3
vt 0.657652 0.881916
vt 0.650375 0.848500
vt 0.657652 0.848500
f 2183/-1 2182/-2 2184/-3
vt 0.657652 0.848500
vt 0.664930 0.881916
vt 0.657652 0.881916
f 2186/-1 2185/-2 2187/-3
vt 0.664930 0.881916
vt 0.657652 0.848500
vt 0.664930 0.848500
f 2189/-1 2188/-2 2190/-3
vt 0.664930 0.848500
vt 0.672207 0.881916
vt 0.664930 0.881916
f 2192/-1 2191/-2 2193/-3
vt 0.672207 0.881916
vt 0.664930 0.848500
vt 0.672207 0.848500
f 2195/-1 2194/-2 2196/-3
vt 0.344731 0.881916
vt 0.352008 0.915331
vt 0.344731 0.915331
f 2198/-1 2197/-2 2199/-3
vt 0.352008 0.915331
vt 0.344731 0.881916
vt 0.352008 0.881916
f 2201/-1 2200/-2 2202/-3
vt 0.352008 0.881916
vt 0.359286 0.915331
vt 0.352008 0.915331
f 2204/-1 2203/-2 2205/-3
vt 0.359286 0.915331
vt 0.352008 0.881916
vt 0.359286 0.881916
f 2207/-1 2206/-2 2208/-3
vt 0.359286 0.881916
vt 0.366563 0.915331
vt 0.359286 0.915331
f 2210/-1 2209/-2 2211/-3
vt 0.366563 0.915331
vt 0.359286 0.881916
vt 0.366563 0.881916
f 2213/-1 2212/-2 2214/-3
vt 0.366563 0.881916
vt 0.373840 0.915331
vt 0.366563 0.915331
f 2216/-1 2215/-2 2217/-3
vt 0.373840 0.915331
vt 0.366563 0.881916
vt 0.373840 0.881916
f 2219/-1 2218/-2 2220/-3
vt 0.373840 0.881916
vt 0.381117 0.915331
vt 0.373840 0.915331
f 2222/-1 2221/-2 2223/-3
vt 0.381117 0.915331
vt 0.373840 0.881916
vt 0.381117 0.881916
f 2225/-1 2224/-2 2226/-3
vt 0.381117 0.881916
vt 0.388395 0.915331
vt 0.381117 0.915331
f 2228/-1 2227/-2 2229/-3
vt 0.388395 0.915331
vt 0.381117 0.881916
vt 0.388395 0.881916
f 2231/-1 2230/-2 2232/-3
vt 0.388395 0.881916
vt 0.395672 0.915331
vt 0.388395 0.915331
f 2234/-1 2233/-2 2235/-3
vt 0.395672 0.915331
vt 0.388395 0.881916
vt 0.395672 0.881916
f 2237/-1 2236/-2 2238/-3
vt 0.395672 0.881916
vt 0.402949 0.915331
vt 0.395672 0.915331
f 2240/-1 2239/-2 2241/-3
vt 0.402949 0.915331
vt 0.395672 0.881916
vt 0.402949 0.881916
f 2243/-1 2242/-2 2244/-3
vt 0.402949 0.881916
vt 0.410226 0.915331
vt 0.402949 0.915331
f 2246/-1 2245/-2 2247/-3
vt 0.410226 0.915331
vt 0.402949 0.881916
vt 0.410226 0.881916
f 2249/-1 2248/-2 2250/-3
vt 0.410226 0.881916
vt 0.417504 0.915331
vt 0.410226 0.915331
f 2252/-1 2251/-2 2253/-3
vt 0.417504 0.915331
vt 0.410226 0.881916
vt 0.417504 0.881916
f 2255/-1 2254/-2 2256/-3
vt 0.417504 0.881916
vt 0.424781 0.915331
vt 0.417504 0.915331
f 2258/-1 2257/-2 2259/-3
vt 0.424781 0.915331
vt 0.417504 0.881916
vt 0.424781 0.881916
f 2261/-1 2260/-2 2262/-3
vt 0.424781 0.881916
vt 0.432058 0.915331
vt 0.424781 0.915331
f 2264/-1 2263/-2 2265/-3
vt 0.432058 0.915331
vt 0.424781 0.881916
vt 0.432058 0.881916
f 2267/-1 2266/-2 2268/-3
vt 0.432058 0.881916
vt 0.439335 0.915331
vt 0.432058 0.915331
f 2270/-1 2269/-2 2271/-3
vt 0.439335 0.915331
vt 0.432058 0.881916
vt 0.439335 0.881916
f 2273/-1 2272/-2 2274/-3
vt 0.439335 0.881916
vt 0.446612 0.915331
vt 0.439335 0.915331
f 2276/-1 2275/-2 2277/-3
vt 0.446612 0.915331
vt 0.439335 0.881916
vt 0.446612 0.881916
f 2279/-1 2278/-2 2280/-3
vt 0.446612 0.881916
vt 0.453890 0.915331
vt 0.446612 0.915331
f 2282/-1 2281/-2 2283/-3
vt 0.453890 0.915331
vt 0.446612 0.881916
vt 0.453890 0.881916
f 2285/-1 2284/-2 2286/-3
vt 0.453890 0.881916
vt 0.461167 0.915331
vt 0.453890 0.915331
f 2288/-1 2287/-2 2289/-3
vt 0.461167 0.915331
vt 0.453890 0.881916
vt 0.461167 0.881916
f 2291/-1 2290/-2 2292/-3
vt 0.461167 0.881916
vt 0.468444 0.915331
vt 0.461167 0.915331
f 2294/-1 2293/-2 2295/-3
vt 0.468444 0.915331
vt 0.461167 0.881916
vt 0.468444 0.881916
f 2297/-1 2296/-2 2298/-3
vt 0.468444 0.881916
vt 0.475721 0.915331
vt 0.468444 0.915331
f 2300/-1 2299/-2 2301/-3
vt 0.475721 0.915331
vt 0.468444 0.881916
vt 0.475721 0.881916
f 2303/-1 2302/-2 2304/-3
vt 0.475721 0.881916
vt 0.482999 0.915331
vt 0.475721 0.915331
f 2306/-1 2305/-2 2307/-3
vt 0.482999 0.915331
vt 0.475721 0.881916
vt 0.482999 0.881916
f 2309/-1 2308/-2 2310/-3
vt 0.482999 0.881916
vt 0.490276 0.915331
vt 0.482999 0.915331
f 2312/-1 2311/-2 2313/-3
vt 0.490276 0.915331
vt 0.482999 0.881916
vt 0.490276 0.881916
f 2315/-1 2314/-2 2316/-3
vt 0.490276 0.881916
vt 0.497553 0.915331
vt 0.490276 0.915331
f 2318/-1 2317/-2 2319/-3
vt 0.497553 0.915331
vt 0.490276 0.881916
vt 0.497553 0.881916
f 2321/-1 2320/-2 2322/-3
vt 0.497553 0.881916
vt 0.504830 0.915331
vt 0.497553 0.915331
f 2324/-1 2323/-2 2325/-3
vt 0.504830 0.915331
vt 0.497553 0.881916
vt 0.504830 0.881916
f 2327/-1 2326/-2 2328/-3
vt 0.504830 0.881916
vt 0.512108 0.915331
vt 0.504830 0.915331
f 2330/-1 2329/-2 2331/-3
vt 0.512108 0.915331
vt 0.504830 0.881916
vt 0.512108 0.881916
f 2333/-1 2332/-2 2334/-3
vt 0.512108 0.881916
vt 0.519385 0.915331
vt 0.512108 0.915331
f 2336/-1 2335/-2 2337/-3
vt 0.519385 0.915331
vt 0.512108 0.881916
vt 0.519385 0.881916
f 2339/-1 2338/-2 2340/-3
vt 0.519385 0.881916
vt 0.526662 0.915331
vt 0.519385 0.915331
f 2342/-1 2341/-2 2343/-3
vt 0.526662 0.915331
vt 0.519385 0.881916
vt 0.526662 0.881916
f 2345/-1 2344/-2 2346/-3
vt 0.526662 0.881916
vt 0.533939 0.915331
vt 0.526662 0.915331
f 2348/-1 2347/-2 2349/-3
vt 0.533939 0.915331
vt 0.526662 0.881916
vt 0.533939 0.881916
f 2351/-1 2350/-2 2352/-3
vt 0.533939 0.881916
vt 0.541216 0.915331
vt 0.533939 0.915331
f 2354/-1 2353/-2 2355/-3
vt 0.541216 0.915331
vt 0.533939 0.881916
vt 0.541216 0.881916
f 2357/-1 2356/-2 2358/-3
vt 0.541216 0.881916
vt 0.548494 0.915331
vt 0.541216 0.915331
f 2360/-1 2359/-2 2361/-3
vt 0.548494 0.915331
vt 0.541216 0.881916
vt 0.548494 0.881916
f 2363/-1 2362/-2 2364/-3
vt 0.548494 0.881916
vt 0.555771 0.915331
vt 0.548494 0.915331
f 2366/-1 2365/-2 2367/-3
vt 0.555771 0.915331
vt 0.548494 0.881916
vt 0.555771 0.881916
f 2369/-1 2368/-2 2370/-3
vt 0.555771 0.881916
vt 0.563048 0.915331
vt 0.555771 0.915331
f 2372/-1 2371/-2 2373/-3
vt 0.563048 0.915331
vt 0.555771 0.881916
vt 0.563048 0.881916
f 2375/-1 2374/-2 2376/-3
vt 0.563048 0.881916
vt 0.570325 0.915331
vt 0.563048 0.915331
f 2378/-1 2377/-2 2379/-3
vt 0.570325 0.915331
vt 0.563048 0.881916
vt 0.570325 0.881916
f 2381/-1 2380/-2 2382/-3
vt 0.570325 0.881916
vt 0.577603 0.915331
vt 0.570325 0.915331
f 2384/-1 2383/-2 2385/-3
vt 0.577603 0.915331
vt 0.570325 0.881916
vt 0.577603 0.881916
f 2387/-1 2386/-2 2388/-3
vt 0.577603 0.881916
vt 0.584880 0.915331
vt 0.577603 0.915331
f 2390/-1 2389/-2 2391/-3
vt 0.584880 0.915331
vt 0.577603 0.881916
vt 0.584880 0.881916
f 2393/-1 2392/-2 2394/-3
vt 0.584880 0.881916
vt 0.592157 0.915331
vt 0.584880 0.915331
f 2396/-1 2395/-2 2397/-3
vt 0.592157 0.915331
vt 0.584880 0.881916
vt 0.592157 0.881916
f 2399/-1 2398/-2 2400/-3
vt 0.592157 0.881916
vt 0.599434 0.915331
vt 0.592157 0.915331
f 2402/-1 2401/-2 2403/-3
vt 0.599434 0.915331
vt 0.592157 0.881916
vt 0.599434 0.881916
f 2405/-1 2404/-2 2406/-3
vt 0.599434 0.881916
vt 0.606712 0.915331
vt 0.599434 0.915331
f 2408/-1 2407/-2 2409/-3
vt 0.606712 0.915331
vt 0.599434 0.881916
vt 0.606712 0.881916
f 2411/-1 2410/-2 2412/-3
vt 0.606712 0.881916
vt 0.613989 0.915331
vt 0.606712 0.915331
f 2414/-1 2413/-2 2415/-3
vt 0.613989 0.915331
vt 0.606712 0.881916
vt 0.613989 0.881916
f 2417/-1 2416/-2 2418/-3
vt 0.613989 0.881916
vt 0.621266 0.915331
vt 0.613989 0.915331
f 2420/-1 2419/-2 2421/-3
vt 0.621266 0.915331
vt 0.613989 0.881916
vt 0.621266 0.881916
f 2423/-1 2422/-2 2424/-3
vt 0.621266 0.881916
vt 0.628543 0.915331
vt 0.621266 0.915331
f 2426/-1 2425/-2 2427/-3
vt 0.628543 0.915331
vt 0.621266 0.881916
vt 0.628543 0.881916
f 2429/-1 2428/-2 2430/-3
vt 0.628543 0.881916
vt 0.635821 0.915331
vt 0.628543 0.915331
f 2432/-1 2431/-2 2433/-3
vt 0.635821 0.915331
vt 0.628543 0.881916
vt 0.635821 0.881916
f 2435/-1 2434/-2 2436/-3
vt 0.635821 0.881916
vt 0.643098 0.915331
vt 0.635821 0.915331
f 2438/-1 2437/-2 2439/-3
vt 0.643098 0.915331
vt 0.635821 0.881916
vt 0.643098 0.881916
f 2441/-1 2440/-2 2442/-3
vt 0.643098 0.881916
vt 0.650375 0.915331
vt 0.643098 0.915331
f 2444/-1 2443/-2 2445/-3
vt 0.650375 0.915331
vt 0.643098 0.881916
vt 0.650375 0.881916
f 2447/-1 2446/-2 2448/-3
vt 0.650375 0.881916
vt 0.657652 0.915331
vt 0.650375 0.915331
f 2450/-1 2449/-2 2451/-3
vt 0.657652 0.915331
vt 0.650375 0.881916
vt 0.657652 0.881916
f 2453/-1 2452/-2 2454/-3
vt 0.657652 0.881916
vt 0.664930 0.915331
vt 0.657652 0.915331
f 2456/-1 2455/-2 2457/-3
vt 0.664930 0.915331
vt 0.657652 0.881916
vt 0.664930 0.881916
f 2459/-1 2458/-2 2460/-3
vt 0.664930 0.881916
vt 0.672207 0.915331
vt 0.664930 0.915331
f 2462/-1 2461/-2 2463/-3
vt 0.672207 0.915331
vt 0.664930 0.881916
vt 0.672207 0.881916
f 2465/-1 2464/-2 2466/-3
vt 0.344731 0.915331
vt 0.352008 0.948747
vt 0.344731 0.948747
f 2468/-1 2467/-2 2469/-3
vt 0.352008 0.948747
vt 0.344731 0.915331
vt 0.352008 0.915331
f 2471/-1 2470/-2 2472/-3
vt 0.352008 0.915331
vt 0.359286 0.948747
vt 0.352008 0.948747
f 2474/-1 2473/-2 2475/-3
vt 0.359286 0.948747
vt 0.352008 0.915331
vt 0.359286 0.915331
f 2477/-1 2476/-2 2478/-3
vt 0.359286 0.915331
vt 0.366563 0.948747
vt 0.359286 0.948747
f 2480/-1 2479/-2 2481/-3
vt 0.366563 0.948747
vt 0.359286 0.915331
vt 0.366563 0.915331
f 2483/-1 2482/-2 2484/-3
vt 0.366563 0.915331
vt 0.373840 0.948747
vt 0.366563 0.948747
f 2486/-1 2485/-2 2487/-3
vt 0.373840 0.948747
vt 0.366563 0.915331
vt 0.373840 0.915331
f 2489/-1 2488/-2 2490/-3
vt 0.373840 0.915331
vt 0.381117 0.948747
vt 0.373840 0.948747
f 2492/-1 2491/-2 2493/-3
vt 0.381117 0.948747
vt 0.373840 0.915331
vt 0.381117 0.915331
f 2495/-1 2494/-2 2496/-3
vt 0.381117 0.915331
vt 0.388395 0.948747
vt 0.381117 0.948747
f 2498/-1 2497/-2 2499/-3
vt 0.388395 0.948747
vt 0.381117 0.915331
vt 0.388395 0.915331
f 2501/-1 2500/-2 2502/-3
vt 0.388395 0.915331
vt 0.395672 0.948747
vt 0.388395 0.948747
f 2504/-1 2503/-2 2505/-3
vt 0.395672 0.948747
vt 0.388395 0.915331
vt 0.395672 0.915331
f 2507/-1 2506/-2 2508/-3
vt 0.395672 0.915331
vt 0.402949 0.948747
vt 0.395672 0.948747
f 2510/-1 2509/-2 2511/-3
vt 0.402949 0.948747
vt 0.395672 0.915331
vt 0.402949 0.915331
f 2513/-1 2512/-2 2514/-3
vt 0.402949 0.915331
vt 0.410226 0.948747
vt 0.402949 0.948747
f 2516/-1 2515/-2 2517/-3
vt 0.410226 0.948747
vt 0.402949 0.915331
vt 0.410226 0.915331
f 2519/-1 2518/-2 2520/-3
vt 0.410226 0.915331
vt 0.417504 0.948747
vt 0.410226 0.948747
f 2522/-1 2521/-2 2523/-3
vt 0.417504 0.948747
vt 0.410226 0.915331
vt 0.417504 0.915331
f 2525/-1 2524/-2 2526/-3
vt 0.417504 0.915331
vt 0.424781 0.948747
vt 0.417504 0.948747
f 2528/-1 2527/-2 2529/-3
vt 0.424781 0.948747
vt 0.417504 0.915331
vt 0.424781 0.915331
f 2531/-1 2530/-2 2532/-3
vt 0.424781 0.915331
vt 0.432058 0.948747
vt 0.424781 0.948747
f 2534/-1 2533/-2 2535/-3
vt 0.432058 0.948747
vt 0.424781 0.915331
vt 0.432058 0.915331
f 2537/-1 2536/-2 2538/-3
vt 0.432058 0.915331
vt 0.439335 0.948747
vt 0.432058 0.948747
f 2540/-1 2539/-2 2541/-3
vt 0.439335 0.948747
vt 0.432058 0.915331
vt 0.439335 0.915331
f 2543/-1 2542/-2 2544/-3
vt 0.439335 0.915331
vt 0.446612 0.948747
vt 0.439335 0.948747
f 2546/-1 2545/-2 2547/-3
vt 0.446612 0.948747
vt 0.439335 0.915331
vt 0.446612 0.915331
f 2549/-1 2548/-2 2550/-3
vt 0.446612 0.915331
vt 0.453890 0.948747
vt 0.446612 0.948747
f 2552/-1 2551/-2 2553/-3
vt 0.453890 0.948747
vt 0.446612 0.915331
vt 0.453890 0.915331
f 2555/-1 2554/-2 2556/-3
vt 0.453890 0.915331
vt 0.461167 0.948747
vt 0.453890 0.948747
f 2558/-1 2557/-2 2559/-3
vt 0.461167 0.948747
vt 0.453890 0.915331
vt 0.461167 0.915331
f 2561/-1 2560/-2 2562/-3
vt 0.461167 0.915331
vt 0.468444 0.948747
vt 0.461167 0.948747
f 2564/-1 2563/-2 2565/-3
vt 0.468444 0.948747
vt 0.461167 0.915331
vt 0.468444 0.915331
f 2567/-1 2566/-2 2568/-3
vt 0.468444 0.915331
vt 0.475721 0.948747
vt 0.468444 0.948747
f 2570/-1 2569/-2 2571/-3
vt 0.475721 0.948747
vt 0.468444 0.915331
vt 0.475721 0.915331
f 2573/-1 2572/-2 2574/-3
vt 0.475721 0.915331
vt 0.482999 0.948747
vt 0.475721 0.948747
f 2576/-1 2575/-2 2577/-3
vt 0.482999 0.948747
vt 0.475721 0.915331
vt 0.482999 0.915331
f 2579/-1 2578/-2 2580/-3
vt 0.482999 0.915331
vt 0.490276 0.948747
vt 0.482999 0.948747
f 2582/-1 2581/-2 2583/-3
vt 0.490276 0.948747
vt 0.482999 0.915331
vt 0.490276 0.915331
f 2585/-1 2584/-2 2586/-3
vt 0.490276 0.915331
vt 0.497553 0.948747
vt 0.490276 0.948747
f 2588/-1 2587/-2 2589/-3
vt 0.497553 0.948747
vt 0.490276 0.915331
vt 0.497553 0.915331
f 2591/-1 2590/-2 2592/-3
vt 0.497553 0.915331
vt 0.504830 0.948747
vt 0.497553 0.948747
f 2594/-1 2593/-2 2595/-3
vt 0.504830 0.948747
vt 0.497553 0.915331
vt 0.504830 0.915331
f 2597/-1 2596/-2 2598/-3
vt 0.504830 0.915331
vt 0.512108 0.948747
vt 0.504830 0.948747
f 2600/-1 2599/-2 2601/-3
vt 0.512108 0.948747
vt 0.504830 0.915331
vt 0.512108 0.915331
f 2603/-1 2602/-2 2604/-3
vt 0.512108 0.915331
vt 0.519385 0.948747
vt 0.512108 0.948747
f 2606/-1 2605/-2 2607/-3
vt 0.519385 0.948747
vt 0.512108 0.915331
vt 0.519385 0.915331
f 2609/-1 2608/-2 2610/-3
vt 0.519385 0.915331
vt 0.526662 0.948747
vt 0.519385 0.948747
f 2612/-1 2611/-2 2613/-3
vt 0.526662 0.948747
vt 0.519385 0.915331
vt 0.526662 0.915331
f 2615/-1 2614/-2 2616/-3
vt 0.526662 0.915331
vt 0.533939 0.948747
vt 0.526662 0.948747
f 2618/-1 2617/-2 2619/-3
vt 0.533939 0.948747
vt 0.526662 0.915331
vt 0.533939 0.915331
f 2621/-1 2620/-2 2622/-3
vt 0.533939 0.915331
vt 0.541216 0.948747
vt 0.533939 0.948747
f 2624/-1 2623/-2 2625/-3
vt 0.541216 0.948747
vt 0.533939 0.915331
vt 0.541216 0.915331
f 2627/-1 2626/-2 2628/-3
vt 0.541216 0.915331
vt 0.548494 0.948747
vt 0.541216 0.948747
f 2630/-1 2629/-2 2631/-3
vt 0.548494 0.948747
vt 0.541216 0.915331
vt 0.548494 0.915331
f 2633/-1 2632/-2 2634/-3
vt 0.548494 0.915331
vt 0.555771 0.948747
vt 0.548494 0.948747
f 2636/-1 2635/-2 2637/-3
vt 0.555771 0.948747
vt 0.548494 0.915331
vt 0.555771 0.915331
f 2639/-1 2638/-2 2640/-3
vt 0.555771 0.915331
vt 0.563048 0.948747
vt 0.555771 0.948747
f 2642/-1 2641/-2 2643/-3
vt 0.563048 0.948747
vt 0.555771 0.915331
vt 0.563048 0.915331
f 2645/-1 2644/-2 2646/-3
vt 0.563048 0.915331
vt 0.570325 0.948747
vt 0.563048 0.948747
f 2648/-1 2647/-2 2649/-3
vt 0.570325 0.948747
vt 0.563048 0.915331
vt 0.570325 0.915331
f 2651/-1 2650/-2 2652/-3
vt 0.570325 0.915331
vt 0.577603 0.948747
vt 0.570325 0.948747
f 2654/-1 2653/-2 2655/-3
vt 0.577603 0.948747
vt 0.570325 0.915331
vt 0.577603 0.915331
f 2657/-1 2656/-2 2658/-3
vt 0.577603 0.915331
vt 0.584880 0.948747
vt 0.577603 0.948747
f 2660/-1 2659/-2 2661/-3
vt 0.584880 0.948747
vt 0.577603 0.915331
vt 0.584880 0.915331
f 2663/-1 2662/-2 2664/-3
vt 0.584880 0.915331
vt 0.592157 0.948747
vt 0.584880 0.948747
f 2666/-1 2665/-2 2667/-3
vt 0.592157 0.948747
vt 0.584880 0.915331
vt 0.592157 0.915331
f 2669/-1 2668/-2 2670/-3
vt 0.592157 0.915331
vt 0.599434 0.948747
vt 0.592157 0.948747
f 2672/-1 2671/-2 2673/-3
vt 0.599434 0.948747
vt 0.592157 0.915331
vt 0.599434 0.915331
f 2675/-1 2674/-2 2676/-3
vt 0.599434 0.915331
vt 0.606712 0.948747
vt 0.599434 0.948747
f 2678/-1 2677/-2 2679/-3
vt 0.606712 0.948747
vt 0.599434 0.915331
vt 0.606712 0.915331
f 2681/-1 2680/-2 2682/-3
vt 0.606712 0.915331
vt 0.613989 0.948747
vt 0.606712 0.948747
f 2684/-1 2683/-2 2685/-3
vt 0.613989 0.948747
vt 0.606712 0.915331
vt 0.613989 0.915331
f 2687/-1 2686/-2 2688/-3
vt 0.613989 0.915331
vt 0.621266 0.948747
vt 0.613989 0.948747
f 2690/-1 2689/-2 2691/-3
vt 0.621266 0.948747
vt 0.613989 0.915331
vt 0.621266 0.915331
f 2693/-1 2692/-2 2694/-3
vt 0.621266 0.915331
vt 0.628543 0.948747
vt 0.621266 0.948747
f 2696/-1 2695/-2 2697/-3
vt 0.628543 0.948747
vt 0.621266 0.915331
vt 0.628543 0.915331
f 2699/-1 2698/-2 2700/-3
vt 0.628543 0.915331
vt 0.635821 0.948747
vt 0.628543 0.948747
f 2702/-1 2701/-2 2703/-3
vt 0.635821 0.948747
vt 0.628543 0.915331
vt 0.635821 0.915331
f 2705/-1 2704/-2 2706/-3
vt 0.635821 0.915331
vt 0.643098 0.948747
vt 0.635821 0.948747
f 2708/-1 2707/-2 2709/-3
vt 0.643098 0.948747
vt 0.635821 0.915331
vt 0.643098 0.915331
f 2711/-1 2710/-2 2712/-3
vt 0.643098 0.915331
vt 0.650375 0.948747
vt 0.643098 0.948747
f 2714/-1 2713/-2 2715/-3
vt 0.650375 0.948747
vt 0.643098 0.915331
vt 0.650375 0.915331
f 2717/-1 2716/-2 2718/-3
vt 0.650375 0.915331
vt 0.657652 0.948747
vt 0.650375 0.948747
f 2720/-1 2719/-2 2721/-3
vt 0.657652 0.948747
vt 0.650375 0.915331
vt 0.657652 0.915331
f 2723/-1 2722/-2 2724/-3
vt 0.657652 0.915331
vt 0.664930 0.948747
vt 0.657652 0.948747
f 2726/-1 2725/-2 2727/-3
vt 0.664930 0.948747
vt 0.657652 0.915331
vt 0.664930 0.915331
f 2729/-1 2728/-2 2730/-3
vt 0.664930 0.915331
vt 0.672207 0.948747
vt 0.664930 0.948747
f 2732/-1 2731/-2 2733/-3
vt 0.672207 0.948747
vt 0.664930 0.915331
vt 0.672207 0.915331
f 2735/-1 2734/-2 2736/-3
vt 0.016729 0.196502
vt 0.024006 0.227899
vt 0.016728 0.227871
f 2738/-1 2737/-2 2739/-3
vt 0.024006 0.227899
vt 0.016729 0.196502
vt 0.024006 0.196502
f 2741/-1 2740/-2 2742/-3
vt 0.024006 0.196502
vt 0.031283 0.227899
vt 0.024006 0.227899
f 2744/-1 2743/-2 2745/-3
vt 0.031283 0.227899
vt 0.024006 0.196502
vt 0.031283 0.196502
f 2747/-1 2746/-2 2748/-3
vt 0.031283 0.196502
vt 0.038560 0.227899
vt 0.031283 0.227899
f 2750/-1 2749/-2 2751/-3
vt 0.038560 0.227899
vt 0.031283 0.196502
vt 0.038560 0.196502
f 2753/-1 2752/-2 2754/-3
vt 0.038560 0.196502
vt 0.045838 0.227899
vt 0.038560 0.227899
f 2756/-1 2755/-2 2757/-3
vt 0.045838 0.227899
vt 0.038560 0.196502
vt 0.045838 0.196502
f 2759/-1 2758/-2 2760/-3
vt 0.045838 0.196502
vt 0.053115 0.227899
vt 0.045838 0.227899
f 2762/-1 2761/-2 2763/-3
vt 0.053115 0.227899
vt 0.045838 0.196502
vt 0.053115 0.196502
f 2765/-1 2764/-2 2766/-3
vt 0.053115 0.196502
vt 0.060392 0.227899
vt 0.053115 0.227899
f 2768/-1 2767/-2 2769/-3
vt 0.060392 0.227899
vt 0.053115 0.196502
vt 0.060392 0.196502
f 2771/-1 2770/-2 2772/-3
vt 0.060392 0.196502
vt 0.067670 0.227899
vt 0.060392 0.227899
f 2774/-1 2773/-2 2775/-3
vt 0.067670 0.227899
vt 0.060392 0.196502
vt 0.067670 0.196502
f 2777/-1 2776/-2 2778/-3
vt 0.067670 0.196502
vt 0.074947 0.227899
vt 0.067670 0.227899
f 2780/-1 2779/-2 2781/-3
vt 0.074947 0.227899
vt 0.067670 0.196502
vt 0.074947 0.196502
f 2783/-1 2782/-2 2784/-3
vt 0.074947 0.196502
vt 0.082224 0.227899
vt 0.074947 0.227899
f 2786/-1 2785/-2 2787/-3
vt 0.082224 0.227899
vt 0.074947 0.196502
vt 0.082224 0.196502
f 2789/-1 2788/-2 2790/-3
vt 0.082224 0.196502
vt 0.089501 0.227899
vt 0.082224 0.227899
f 2792/-1 2791/-2 2793/-3
vt 0.089501 0.227899
vt 0.082224 0.196502
vt 0.089501 0.196502
f 2795/-1 2794/-2 2796/-3
vt 0.089501 0.196502
vt 0.096778 0.227899
vt 0.089501 0.227899
f 2798/-1 2797/-2 2799/-3
vt 0.096778 0.227899
vt 0.089501 0.196502
vt 0.096778 0.196502
f 2801/-1 2800/-2 2802/-3
vt 0.096778 0.196502
vt 0.104056 0.227899
vt 0.096778 0.227899
f 2804/-1 2803/-2 2805/-3
vt 0.104056 0.227899
vt 0.096778 0.196502
vt 0.104056 0.196502
f 2807/-1 2806/-2 2808/-3
vt 0.104056 0.196502
vt 0.111333 0.227899
vt 0.104056 0.227899
f 2810/-1 2809/-2 2811/-3
vt 0.111333 0.227899
vt 0.104056 0.196502
vt 0.111333 0.196502
f 2813/-1 2812/-2 2814/-3
vt 0.111333 0.196502
vt 0.118610 0.227899
vt 0.111333 0.227899
f 2816/-1 2815/-2 2817/-3
vt 0.118610 0.227899
vt 0.111333 0.196502
vt 0.118610 0.196502
f 2819/-1 2818/-2 2820/-3
vt 0.118610 0.196502
vt 0.125887 0.227899
vt 0.118610 0.227899
f 2822/-1 2821/-2 2823/-3
vt 0.125887 0.227899
vt 0.118610 0.196502
vt 0.125887 0.196502
f 2825/-1 2824/-2 2826/-3
vt 0.125887 0.196502
vt 0.133165 0.227899
vt 0.125887 0.227899
f 2828/-1 2827/-2 2829/-3
vt 0.133165 0.227899
vt 0.125887 0.196502
vt 0.133165 0.196502
f 2831/-1 2830/-2 2832/-3
vt 0.133165 0.196502
vt 0.140442 0.227899
vt 0.133165 0.227899
f 2834/-1 2833/-2 2835/-3
vt 0.140442 0.227899
vt 0.133165 0.196502
vt 0.140442 0.196502
f 2837/-1 2836/-2 2838/-3
vt 0.140442 0.196502
vt 0.147719 0.227899
vt 0.140442 0.227899
f 2840/-1 2839/-2 2841/-3
vt 0.147719 0.227899
vt 0.140442 0.196502
vt 0.147719 0.196502
f 2843/-1 2842/-2 2844/-3
vt 0.147719 0.196502
vt 0.154996 0.227899
vt 0.147719 0.227899
f 2846/-1 2845/-2 2847/-3
vt 0.154996 0.227899
vt 0.147719 0.196502
vt 0.154996 0.196502
f 2849/-1 2848/-2 2850/-3
vt 0.154996 0.196502
vt 0.162274 0.227899
vt 0.154996 0.227899
f 2852/-1 2851/-2 2853/-3
vt 0.162274 0.227899
vt 0.154996 0.196502
vt 0.162274 0.196502
f 2855/-1 2854/-2 2856/-3
vt 0.162274 0.196502
vt 0.169551 0.227899
vt 0.162274 0.227899
f 2858/-1 2857/-2 2859/-3
vt 0.169551 0.227899
vt 0.162274 0.196502
vt 0.169551 0.196502
f 2861/-1 2860/-2 2862/-3
vt 0.169551 0.196502
vt 0.176828 0.227899
vt 0.169551 0.227899
f 2864/-1 2863/-2 2865/-3
vt 0.176828 0.227899
vt 0.169551 0.196502
vt 0.176828 0.196502
f 2867/-1 2866/-2 2868/-3
vt 0.176828 0.196502
vt 0.184105 0.227899
vt 0.176828 0.227899
f 2870/-1 2869/-2 2871/-3
vt 0.184105 0.227899
vt 0.176828 0.196502
vt 0.184105 0.196502
f 2873/-1 2872/-2 2874/-3
vt 0.184105 0.196502
vt 0.191383 0.227899
vt 0.184105 0.227899
f 2876/-1 2875/-2 2877/-3
vt 0.191383 0.227899
vt 0.184105 0.196502
vt 0.191383 0.196502
f 2879/-1 2878/-2 2880/-3
vt 0.191383 0.196502
vt 0.198660 0.227899
vt 0.191383 0.227899
f 2882/-1 2881/-2 2883/-3
vt 0.198660 0.227899
vt 0.191383 0.196502
vt 0.198660 0.196502
f 2885/-1 2884/-2 2886/-3
vt 0.198660 0.196502
vt 0.205937 0.227899
vt 0.198660 0.227899
f 2888/-1 2887/-2 2889/-3
vt 0.205937 0.227899
vt 0.198660 0.196502
vt 0.205937 0.196502
f 2891/-1 2890/-2 2892/-3
vt 0.205937 0.196502
vt 0.213214 0.227899
vt 0.205937 0.227899
f 2894/-1 2893/-2 2895/-3
vt 0.213214 0.227899
vt 0.205937 0.196502
vt 0.213214 0.196502
f 2897/-1 2896/-2 2898/-3
vt 0.213214 0.196502
vt 0.220492 0.227899
vt 0.213214 0.227899
f 2900/-1 2899/-2 2901/-3
vt 0.220492 0.227899
vt 0.213214 0.196502
vt 0.220492 0.196502
f 2903/-1 2902/-2 2904/-3
vt 0.220492 0.196502
vt 0.227769 0.227899
vt 0.220492 0.227899
f 2906/-1 2905/-2 2907/-3
vt 0.227769 0.227899
vt 0.220492 0.196502
vt 0.227769 0.196502
f 2909/-1 2908/-2 2910/-3
vt 0.227769 0.196502
vt 0.235046 0.227899
vt 0.227769 0.227899
f 2912/-1 2911/-2 2913/-3
vt 0.235046 0.227899
vt 0.227769 0.196502
vt 0.235046 0.196502
f 2915/-1 2914/-2 2916/-3
vt 0.235046 0.196502
vt 0.242323 0.227899
vt 0.235046 0.227899
f 2918/-1 2917/-2 2919/-3
vt 0.242323 0.227899
vt 0.235046 0.196502
vt 0.242323 0.196502
f 2921/-1 2920/-2 2922/-3
vt 0.242323 0.196502
vt 0.249600 0.227899
vt 0.242323 0.227899
f 2924/-1 2923/-2 2925/-3
vt 0.249600 0.227899
vt 0.242323 0.196502
vt 0.249600 0.196502
f 2927/-1 2926/-2 2928/-3
vt 0.249600 0.196502
vt 0.256878 0.227899
vt 0.249600 0.227899
f 2930/-1 2929/-2 2931/-3
vt 0.256878 0.227899
vt 0.249600 0.196502
vt 0.256878 0.196502
f 2933/-1 2932/-2 2934/-3
vt 0.256878 0.196502
vt 0.264155 0.227899
vt 0.256878 0.227899
f 2936/-1 2935/-2 2937/-3
vt 0.264155 0.227899
vt 0.256878 0.196502
vt 0.264155 0.196502
f 2939/-1 2938/-2 2940/-3
vt 0.264155 0.196502
vt 0.271432 0.227899
vt 0.264155 0.227899
f 2942/-1 2941/-2 2943/-3
vt 0.271432 0.227899
vt 0.264155 0.196502
vt 0.271432 0.196502
f 2945/-1 2944/-2 2946/-3
vt 0.271432 0.196502
vt 0.278710 0.227899
vt 0.271432 0.227899
f 2948/-1 2947/-2 2949/-3
vt 0.278710 0.227899
vt 0.271432 0.196502
vt 0.278710 0.196502
f 2951/-1 2950/-2 2952/-3
vt 0.278710 0.196502
vt 0.285987 0.227899
vt 0.278710 0.227899
f 2954/-1 2953/-2 2955/-3
vt 0.285987 0.227899
vt 0.278710 0.196502
vt 0.285987 0.196502
f 2957/-1 2956/-2 2958/-3
vt 0.285987 0.196502
vt 0.293264 0.227899
vt 0.285987 0.227899
f 2960/-1 2959/-2 2961/-3
vt 0.293264 0.227899
vt 0.285987 0.196502
vt 0.293264 0.196502
f 2963/-1 2962/-2 2964/-3
vt 0.293264 0.196502
vt 0.300541 0.227899
vt 0.293264 0.227899
f 2966/-1 2965/-2 2967/-3
vt 0.300541 0.227899
vt 0.293264 0.196502
vt 0.300541 0.196502
f 2969/-1 2968/-2 2970/-3
vt 0.300541 0.196502
vt 0.307819 0.227899
vt 0.300541 0.227899
f 2972/-1 2971/-2 2973/-3
vt 0.307819 0.227899
vt 0.300541 0.196502
vt 0.307819 0.196502
f 2975/-1 2974/-2 2976/-3
vt 0.307819 0.196502
vt 0.315096 0.227899
vt 0.307819 0.227899
f 2978/-1 2977/-2 2979/-3
vt 0.315096 0.227899
vt 0.307819 0.196502
vt 0.315096 0.196502
f 2981/-1 2980/-2 2982/-3
vt 0.315096 0.196502
vt 0.322373 0.227899
vt 0.315096 0.227899
f 2984/-1 2983/-2 2985/-3
vt 0.322373 0.227899
vt 0.315096 0.196502
vt 0.322373 0.196502
f 2987/-1 2986/-2 2988/-3
vt 0.322373 0.196502
vt 0.329650 0.227899
vt 0.322373 0.227899
f 2990/-1 2989/-2 2991/-3
vt 0.329650 0.227899
vt 0.322373 0.196502
vt 0.329650 0.196502
f 2993/-1 2992/-2 2994/-3
vt 0.329650 0.196502
vt 0.336927 0.227899
vt 0.329650 0.227899
f 2996/-1 2995/-2 2997/-3
vt 0.336927 0.227899
vt 0.329650 0.196502
vt 0.336927 0.196502
f 2999/-1 2998/-2 3000/-3
vt 0.336927 0.196502
vt 0.344205 0.227913
vt 0.336927 0.227899
f 3002/-1 3001/-2 3003/-3
vt 0.344205 0.227913
vt 0.336927 0.196502
vt 0.344205 0.196502
f 3005/-1 3004/-2 3006/-3
vt 0.016728 0.259427
vt 0.024006 0.293443
vt 0.016729 0.293443
f 3008/-1 3007/-2 3009/-3
vt 0.024006 0.293443
vt 0.016728 0.259427
vt 0.024006 0.259427
f 3011/-1 3010/-2 3012/-3
vt 0.024006 0.259427
vt 0.031283 0.293443
vt 0.024006 0.293443
f 3014/-1 3013/-2 3015/-3
vt 0.031283 0.293443
vt 0.024006 0.259427
vt 0.031283 0.259427
f 3017/-1 3016/-2 3018/-3
vt 0.031283 0.259427
vt 0.038560 0.293443
vt 0.031283 0.293443
f 3020/-1 3019/-2 3021/-3
vt 0.038560 0.293443
vt 0.031283 0.259427
vt 0.038560 0.259427
f 3023/-1 3022/-2 3024/-3
vt 0.038560 0.259427
vt 0.045838 0.293443
vt 0.038560 0.293443
f 3026/-1 3025/-2 3027/-3
vt 0.045838 0.293443
vt 0.038560 0.259427
vt 0.045838 0.259427
f 3029/-1 3028/-2 3030/-3
vt 0.045838 0.259427
vt 0.053115 0.293443
vt 0.045838 0.293443
f 3032/-1 3031/-2 3033/-3
vt 0.053115 0.293443
vt 0.045838 0.259427
vt 0.053115 0.259427
f 3035/-1 3034/-2 3036/-3
vt 0.053115 0.259427
vt 0.060392 0.293443
vt 0.053115 0.293443
f 3038/-1 3037/-2 3039/-3
vt 0.060392 0.293443
vt 0.053115 0.259427
vt 0.060392 0.259427
f 3041/-1 3040/-2 3042/-3
vt 0.060392 0.259427
vt 0.067669 0.293443
vt 0.060392 0.293443
f 3044/-1 3043/-2 3045/-3
vt 0.067669 0.293443
vt 0.060392 0.259427
vt 0.067669 0.259427
f 3047/-1 3046/-2 3048/-3
vt 0.067669 0.259427
vt 0.074947 0.293443
vt 0.067669 0.293443
f 3050/-1 3049/-2 3051/-3
vt 0.074947 0.293443
vt 0.067669 0.259427
vt 0.074947 0.259427
f 3053/-1 3052/-2 3054/-3
vt 0.074947 0.259427
vt 0.082224 0.293443
vt 0.074947 0.293443
f 3056/-1 3055/-2 3057/-3
vt 0.082224 0.293443
vt 0.074947 0.259427
vt 0.082224 0.259427
f 3059/-1 3058/-2 3060/-3
vt 0.082224 0.259427
vt 0.089501 0.293443
vt 0.082224 0.293443
f 3062/-1 3061/-2 3063/-3
vt 0.089501 0.293443
vt 0.082224 0.259427
vt 0.089501 0.259427
f 3065/-1 3064/-2 3066/-3
vt 0.089501 0.259427
vt 0.096778 0.293443
vt 0.089501 0.293443
f 3068/-1 3067/-2 3069/-3
vt 0.096778 0.293443
vt 0.089501 0.259427
vt 0.096778 0.259427
f 3071/-1 3070/-2 3072/-3
vt 0.096778 0.259427
vt 0.104056 0.293443
vt 0.096778 0.293443
f 3074/-1 3073/-2 3075/-3
vt 0.104056 0.293443
vt 0.096778 0.259427
vt 0.104056 0.259427
f 3077/-1 3076/-2 3078/-3
vt 0.104056 0.259427
vt 0.111333 0.293443
vt 0.104056 0.293443
f 3080/-1 3079/-2 3081/-3
vt 0.111333 0.293443
vt 0.104056 0.259427
vt 0.111333 0.259427
f 3083/-1 3082/-2 3084/-3
vt 0.111333 0.259427
vt 0.118610 0.293443
vt 0.111333 0.293443
f 3086/-1 3085/-2 3087/-3
vt 0.118610 0.293443
vt 0.111333 0.259427
vt 0.118610 0.259427
f 3089/-1 3088/-2 3090/-3
vt 0.118610 0.259427
vt 0.125887 0.293443
vt 0.118610 0.293443
f 3092/-1 3091/-2 3093/-3
vt 0.125887 0.293443
vt 0.118610 0.259427
vt 0.125887 0.259427
f 3095/-1 3094/-2 3096/-3
vt 0.125887 0.259427
vt 0.133165 0.293443
vt 0.125887 0.293443
f 3098/-1 3097/-2 3099/-3
vt 0.133165 0.293443
vt 0.125887 0.259427
vt 0.133165 0.259427
f 3101/-1 3100/-2 3102/-3
vt 0.133165 0.259427
vt 0.140442 0.293443
vt 0.133165 0.293443
f 3104/-1 3103/-2 3105/-3
vt 0.140442 0.293443
vt 0.133165 0.259427
vt 0.140442 0.259427
f 3107/-1 3106/-2 3108/-3
vt 0.140442 0.259427
vt 0.147719 0.293443
vt 0.140442 0.293443
f 3110/-1 3109/-2 3111/-3
vt 0.147719 0.293443
vt 0.140442 0.259427
vt 0.147719 0.259427
f 3113/-1 3112/-2 3114/-3
vt 0.147719 0.259427
vt 0.154996 0.293443
vt 0.147719 0.293443
f 3116/-1 3115/-2 3117/-3
vt 0.154996 0.293443
vt 0.147719 0.259427
vt 0.154996 0.259427
f 3119/-1 3118/-2 3120/-3
vt 0.154996 0.259427
vt 0.162274 0.293443
vt 0.154996 0.293443
f 3122/-1 3121/-2 3123/-3
vt 0.162274 0.293443
vt 0.154996 0.259427
vt 0.162274 0.259427
f 3125/-1 3124/-2 3126/-3
vt 0.162274 0.259427
vt 0.169551 0.293443
vt 0.162274 0.293443
f 3128/-1 3127/-2 3129/-3
vt 0.169551 0.293443
vt 0.162274 0.259427
vt 0.169551 0.259427
f 3131/-1 3130/-2 3132/-3
vt 0.169551 0.259427
vt 0.176828 0.293443
vt 0.169551 0.293443
f 3134/-1 3133/-2 3135/-3
vt 0.176828 0.293443
vt 0.169551 0.259427
vt 0.176828 0.259427
f 3137/-1 3136/-2 3138/-3
vt 0.176828 0.259427
vt 0.184105 0.293443
vt 0.176828 0.293443
f 3140/-1 3139/-2 3141/-3
vt 0.184105 0.293443
vt 0.176828 0.259427
vt 0.184105 0.259427
f 3143/-1 3142/-2 3144/-3
vt 0.184105 0.259427
vt 0.191383 0.293443
vt 0.184105 0.293443
f 3146/-1 3145/-2 3147/-3
vt 0.191383 0.293443
vt 0.184105 0.259427
vt 0.191383 0.259427
f 3149/-1 3148/-2 3150/-3
vt 0.191383 0.259427
vt 0.198660 0.293443
vt 0.191383 0.293443
f 3152/-1 3151/-2 3153/-3
vt 0.198660 0.293443
vt 0.191383 0.259427
vt 0.198660 0.259427
f 3155/-1 3154/-2 3156/-3
vt 0.198660 0.259427
vt 0.205937 0.293443
vt 0.198660 0.293443
f 3158/-1 3157/-2 3159/-3
vt 0.205937 0.293443
vt 0.198660 0.259427
vt 0.205937 0.259427
f 3161/-1 3160/-2 3162/-3
vt 0.205937 0.259427
vt 0.213214 0.293443
vt 0.205937 0.293443
f 3164/-1 3163/-2 3165/-3
vt 0.213214 0.293443
vt 0.205937 0.259427
vt 0.213214 0.259427
f 3167/-1 3166/-2 3168/-3
vt 0.213214 0.259427
vt 0.220492 0.293443
vt 0.213214 0.293443
f 3170/-1 3169/-2 3171/-3
vt 0.220492 0.293443
vt 0.213214 0.259427
vt 0.220492 0.259427
f 3173/-1 3172/-2 3174/-3
vt 0.220492 0.259427
vt 0.227769 0.293443
vt 0.220492 0.293443
f 3176/-1 3175/-2 3177/-3
vt 0.227769 0.293443
vt 0.220492 0.259427
vt 0.227769 0.259427
f 3179/-1 3178/-2 3180/-3
vt 0.227769 0.259427
vt 0.235046 0.293443
vt 0.227769 0.293443
f 3182/-1 3181/-2 3183/-3
vt 0.235046 0.293443
vt 0.227769 0.259427
vt 0.235046 0.259427
f 3185/-1 3184/-2 3186/-3
vt 0.235046 0.259427
vt 0.242323 0.293443
vt 0.235046 0.293443
f 3188/-1 3187/-2 3189/-3
vt 0.242323 0.293443
vt 0.235046 0.259427
vt 0.242323 0.259427
f 3191/-1 3190/-2 3192/-3
vt 0.242323 0.259427
vt 0.249600 0.293443
vt 0.242323 0.293443
f 3194/-1 3193/-2 3195/-3
vt 0.249600 0.293443
vt 0.242323 0.259427
vt 0.249600 0.259427
f 3197/-1 3196/-2 3198/-3
vt 0.249600 0.259427
vt 0.256878 0.293443
vt 0.249600 0.293443
f 3200/-1 3199/-2 3201/-3
vt 0.256878 0.293443
vt 0.249600 0.259427
vt 0.256878 0.259427
f 3203/-1 3202/-2 3204/-3
vt 0.256878 0.259427
vt 0.264155 0.293443
vt 0.256878 0.293443
f 3206/-1 3205/-2 3207/-3
vt 0.264155 0.293443
vt 0.256878 0.259427
vt 0.264155 0.259427
f 3209/-1 3208/-2 3210/-3
vt 0.264155 0.259427
vt 0.271432 0.293443
vt 0.264155 0.293443
f 3212/-1 3211/-2 3213/-3
vt 0.271432 0.293443
vt 0.264155 0.259427
vt 0.271432 0.259427
f 3215/-1 3214/-2 3216/-3
vt 0.271432 0.259427
vt 0.278710 0.293443
vt 0.271432 0.293443
f 3218/-1 3217/-2 3219/-3
vt 0.278710 0.293443
vt 0.271432 0.259427
vt 0.278710 0.259427
f 3221/-1 3220/-2 3222/-3
vt 0.278710 0.259427
vt 0.285987 0.293443
vt 0.278710 0.293443
f 3224/-1 3223/-2 3225/-3
vt 0.285987 0.293443
vt 0.278710 0.259427
vt 0.285987 0.259427
f 3227/-1 3226/-2 3228/-3
vt 0.285987 0.259427
vt 0.293264 0.293443
vt 0.285987 0.293443
f 3230/-1 3229/-2 3231/-3
vt 0.293264 0.293443
vt 0.285987 0.259427
vt 0.293264 0.259427
f 3233/-1 3232/-2 3234/-3
vt 0.293264 0.259427
vt 0.300541 0.293443
vt 0.293264 0.293443
f 3236/-1 3235/-2 3237/-3
vt 0.300541 0.293443
vt 0.293264 0.259427
vt 0.300541 0.259427
f 3239/-1 3238/-2 3240/-3
vt 0.300541 0.259427
vt 0.307819 0.293443
vt 0.300541 0.293443
f 3242/-1 3241/-2 3243/-3
vt 0.307819 0.293443
vt 0.300541 0.259427
vt 0.307819 0.259427
f 3245/-1 3244/-2 3246/-3
vt 0.307819 0.259427
vt 0.315096 0.293443
vt 0.307819 0.293443
f 3248/-1 3247/-2 3249/-3
vt 0.315096 0.293443
vt 0.307819 0.259427
vt 0.315096 0.259427
f 3251/-1 3250/-2 3252/-3
vt 0.315096 0.259427
vt 0.322373 0.293443
vt 0.315096 0.293443
f 3254/-1 3253/-2 3255/-3
vt 0.322373 0.293443
vt 0.315096 0.259427
vt 0.322373 0.259427
f 3257/-1 3256/-2 3258/-3
vt 0.322373 0.259427
vt 0.329650 0.293443
vt 0.322373 0.293443
f 3260/-1 3259/-2 3261/-3
vt 0.329650 0.293443
vt 0.322373 0.259427
vt 0.329650 0.259427
f 3263/-1 3262/-2 3264/-3
vt 0.329650 0.259427
vt 0.336928 0.293443
vt 0.329650 0.293443
f 3266/-1 3265/-2 3267/-3
vt 0.336928 0.293443
vt 0.329650 0.259427
vt 0.336928 0.259427
f 3269/-1 3268/-2 3270/-3
vt 0.336928 0.259427
vt 0.344205 0.293443
vt 0.336928 0.293443
f 3272/-1 3271/-2 3273/-3
vt 0.344205 0.293443
vt 0.336928 0.259427
vt 0.344205 0.259427
f 3275/-1 3274/-2 3276/-3
vt 0.027575 0.402605
vt 0.042567 0.434143
vt 0.027575 0.434143
f 3278/-1 3277/-2 3279/-3
vt 0.042567 0.434143
vt 0.027575 0.402605
vt 0.042567 0.402605
f 3281/-1 3280/-2 3282/-3
vt 0.042567 0.402605
vt 0.076194 0.434143
vt 0.042567 0.434143
f 3284/-1 3283/-2 3285/-3
vt 0.076194 0.434143
vt 0.042567 0.402605
vt 0.076194 0.402605
f 3287/-1 3286/-2 3288/-3
vt 0.076194 0.402605
vt 0.109822 0.434143
vt 0.076194 0.434143
f 3290/-1 3289/-2 3291/-3
vt 0.109822 0.434143
vt 0.076194 0.402605
vt 0.109822 0.402605
f 3293/-1 3292/-2 3294/-3
vt 0.109822 0.402605
vt 0.143449 0.434143
vt 0.109822 0.434143
f 3296/-1 3295/-2 3297/-3
vt 0.143449 0.434143
vt 0.109822 0.402605
vt 0.143449 0.402605
f 3299/-1 3298/-2 3300/-3
vt 0.143449 0.402605
vt 0.177076 0.434143
vt 0.143449 0.434143
f 3302/-1 3301/-2 3303/-3
vt 0.177076 0.434143
vt 0.143449 0.402605
vt 0.177076 0.402605
f 3305/-1 3304/-2 3306/-3
vt 0.177076 0.402605
vt 0.210703 0.434143
vt 0.177076 0.434143
f 3308/-1 3307/-2 3309/-3
vt 0.210703 0.434143
vt 0.177076 0.402605
vt 0.210703 0.402605
f 3311/-1 3310/-2 3312/-3
vt 0.210703 0.402605
vt 0.244331 0.434143
vt 0.210703 0.434143
f 3314/-1 3313/-2 3315/-3
vt 0.244331 0.434143
vt 0.210703 0.402605
vt 0.244331 0.402605
f 3317/-1 3316/-2 3318/-3
vt 0.244331 0.402605
vt 0.277958 0.434143
vt 0.244331 0.434143
f 3320/-1 3319/-2 3321/-3
vt 0.277958 0.434143
vt 0.244331 0.402605
vt 0.277958 0.402605
f 3323/-1 3322/-2 3324/-3
vt 0.277958 0.402605
vt 0.311585 0.434143
vt 0.277958 0.434143
f 3326/-1 3325/-2 3327/-3
vt 0.311585 0.434143
vt 0.277958 0.402605
vt 0.311585 0.402605
f 3329/-1 3328/-2 3330/-3
vt 0.345212 0.434172
vt 0.311585 0.402605
vt 0.345212 0.402605
f 3332/-1 3331/-2 3333/-3
vt 0.342054 0.434171
vt 0.311585 0.402605
vt 0.345212 0.434172
f 3335/-1 3334/-2 3336/-3
vt 0.311585 0.434143
vt 0.311585 0.402605
vt 0.342054 0.434171
f 3338/-1 3337/-2 3339/-3
vt 0.027575 0.434143
vt 0.042567 0.443357
vt 0.027575 0.443357
f 3341/-1 3340/-2 3342/-3
vt 0.042567 0.443357
vt 0.027575 0.434143
vt 0.042567 0.434143
f 3344/-1 3343/-2 3345/-3
vt 0.042567 0.434143
vt 0.076194 0.443357
vt 0.042567 0.443357
f 3347/-1 3346/-2 3348/-3
vt 0.076194 0.443357
vt 0.042567 0.434143
vt 0.076194 0.434143
f 3350/-1 3349/-2 3351/-3
vt 0.076194 0.434143
vt 0.109822 0.443357
vt 0.076194 0.443357
f 3353/-1 3352/-2 3354/-3
vt 0.109822 0.443357
vt 0.076194 0.434143
vt 0.109822 0.434143
f 3356/-1 3355/-2 3357/-3
vt 0.109822 0.434143
vt 0.143449 0.443357
vt 0.109822 0.443357
f 3359/-1 3358/-2 3360/-3
vt 0.143449 0.443357
vt 0.109822 0.434143
vt 0.143449 0.434143
f 3362/-1 3361/-2 3363/-3
vt 0.143449 0.434143
vt 0.177076 0.443357
vt 0.143449 0.443357
f 3365/-1 3364/-2 3366/-3
vt 0.177076 0.443357
vt 0.143449 0.434143
vt 0.177076 0.434143
f 3368/-1 3367/-2 3369/-3
vt 0.177076 0.434143
vt 0.210703 0.443357
vt 0.177076 0.443357
f 3371/-1 3370/-2 3372/-3
vt 0.210703 0.443357
vt 0.177076 0.434143
vt 0.210703 0.434143
f 3374/-1 3373/-2 3375/-3
vt 0.210703 0.434143
vt 0.244331 0.443357
vt 0.210703 0.443357
f 3377/-1 3376/-2 3378/-3
vt 0.244331 0.443357
vt 0.210703 0.434143
vt 0.244331 0.434143
f 3380/-1 3379/-2 3381/-3
vt 0.244331 0.434143
vt 0.277958 0.443357
vt 0.244331 0.443357
f 3383/-1 3382/-2 3384/-3
vt 0.277958 0.443357
vt 0.244331 0.434143
vt 0.277958 0.434143
f 3386/-1 3385/-2 3387/-3
vt 0.277958 0.434143
vt 0.311585 0.443357
vt 0.277958 0.443357
f 3389/-1 3388/-2 3390/-3
vt 0.311585 0.443357
vt 0.277958 0.434143
vt 0.311585 0.434143
f 3392/-1 3391/-2 3393/-3
vt 0.342051 0.443357
vt 0.311585 0.434143
vt 0.342054 0.434171
f 3395/-1 3394/-2 3396/-3
vt 0.311585 0.434143
vt 0.342051 0.443357
vt 0.311585 0.443357
f 3398/-1 3397/-2 3399/-3
vt 0.027575 0.443357
vt 0.042567 0.451349
vt 0.027575 0.451349
f 3401/-1 3400/-2 3402/-3
vt 0.042567 0.451349
vt 0.027575 0.443357
vt 0.042567 0.443357
f 3404/-1 3403/-2 3405/-3
vt 0.042567 0.443357
vt 0.076194 0.451349
vt 0.042567 0.451349
f 3407/-1 3406/-2 3408/-3
vt 0.076194 0.451349
vt 0.042567 0.443357
vt 0.076194 0.443357
f 3410/-1 3409/-2 3411/-3
vt 0.076194 0.443357
vt 0.109822 0.451349
vt 0.076194 0.451349
f 3413/-1 3412/-2 3414/-3
vt 0.109822 0.451349
vt 0.076194 0.443357
vt 0.109822 0.443357
f 3416/-1 3415/-2 3417/-3
vt 0.109822 0.443357
vt 0.143449 0.451349
vt 0.109822 0.451349
f 3419/-1 3418/-2 3420/-3
vt 0.143449 0.451349
vt 0.109822 0.443357
vt 0.143449 0.443357
f 3422/-1 3421/-2 3423/-3
vt 0.143449 0.443357
vt 0.177076 0.451349
vt 0.143449 0.451349
f 3425/-1 3424/-2 3426/-3
vt 0.177076 0.451349
vt 0.143449 0.443357
vt 0.177076 0.443357
f 3428/-1 3427/-2 3429/-3
vt 0.177076 0.443357
vt 0.210703 0.451349
vt 0.177076 0.451349
f 3431/-1 3430/-2 3432/-3
vt 0.210703 0.451349
vt 0.177076 0.443357
vt 0.210703 0.443357
f 3434/-1 3433/-2 3435/-3
vt 0.210703 0.443357
vt 0.244331 0.451349
vt 0.210703 0.451349
f 3437/-1 3436/-2 3438/-3
vt 0.244331 0.451349
vt 0.210703 0.443357
vt 0.244331 0.443357
f 3440/-1 3439/-2 3441/-3
vt 0.244331 0.443357
vt 0.277958 0.451349
vt 0.244331 0.451349
f 3443/-1 3442/-2 3444/-3
vt 0.277958 0.451349
vt 0.244331 0.443357
vt 0.277958 0.443357
f 3446/-1 3445/-2 3447/-3
vt 0.277958 0.443357
vt 0.311585 0.451349
vt 0.277958 0.451349
f 3449/-1 3448/-2 3450/-3
vt 0.311585 0.451349
vt 0.277958 0.443357
vt 0.311585 0.443357
f 3452/-1 3451/-2 3453/-3
vt 0.311585 0.443357
vt 0.342051 0.451349
vt 0.311585 0.451349
f 3455/-1 3454/-2 3456/-3
vt 0.342051 0.451349
vt 0.311585 0.443357
vt 0.342051 0.443357
f 3458/-1 3457/-2 3459/-3
vt 0.027575 0.451349
vt 0.042567 0.459528
vt 0.027575 0.459528
f 3461/-1 3460/-2 3462/-3
vt 0.042567 0.459528
vt 0.027575 0.451349
vt 0.042567 0.451349
f 3464/-1 3463/-2 3465/-3
vt 0.042567 0.451349
vt 0.076194 0.459528
vt 0.042567 0.459528
f 3467/-1 3466/-2 3468/-3
vt 0.076194 0.459528
vt 0.042567 0.451349
vt 0.076194 0.451349
f 3470/-1 3469/-2 3471/-3
vt 0.076194 0.451349
vt 0.109822 0.459528
vt 0.076194 0.459528
f 3473/-1 3472/-2 3474/-3
vt 0.109822 0.459528
vt 0.076194 0.451349
vt 0.109822 0.451349
f 3476/-1 3475/-2 3477/-3
vt 0.109822 0.451349
vt 0.143449 0.459528
vt 0.109822 0.459528
f 3479/-1 3478/-2 3480/-3
vt 0.143449 0.459528
vt 0.109822 0.451349
vt 0.143449 0.451349
f 3482/-1 3481/-2 3483/-3
vt 0.143449 0.451349
vt 0.177076 0.459528
vt 0.143449 0.459528
f 3485/-1 3484/-2 3486/-3
vt 0.177076 0.459528
vt 0.143449 0.451349
vt 0.177076 0.451349
f 3488/-1 3487/-2 3489/-3
vt 0.177076 0.451349
vt 0.210703 0.459528
vt 0.177076 0.459528
f 3491/-1 3490/-2 3492/-3
vt 0.210703 0.459528
vt 0.177076 0.451349
vt 0.210703 0.451349
f 3494/-1 3493/-2 3495/-3
vt 0.210703 0.451349
vt 0.244331 0.459528
vt 0.210703 0.459528
f 3497/-1 3496/-2 3498/-3
vt 0.244331 0.459528
vt 0.210703 0.451349
vt 0.244331 0.451349
f 3500/-1 3499/-2 3501/-3
vt 0.244331 0.451349
vt 0.277958 0.459528
vt 0.244331 0.459528
f 3503/-1 3502/-2 3504/-3
vt 0.277958 0.459528
vt 0.244331 0.451349
vt 0.277958 0.451349
f 3506/-1 3505/-2 3507/-3
vt 0.277958 0.451349
vt 0.311585 0.459528
vt 0.277958 0.459528
f 3509/-1 3508/-2 3510/-3
vt 0.311585 0.459528
vt 0.277958 0.451349
vt 0.311585 0.451349
f 3512/-1 3511/-2 3513/-3
vt 0.311585 0.451349
vt 0.342051 0.459528
vt 0.311585 0.459528
f 3515/-1 3514/-2 3516/-3
vt 0.342051 0.459528
vt 0.311585 0.451349
vt 0.342051 0.451349
f 3518/-1 3517/-2 3519/-3
vt 0.027575 0.459528
vt 0.042567 0.469292
vt 0.027575 0.469292
f 3521/-1 3520/-2 3522/-3
vt 0.042567 0.469292
vt 0.027575 0.459528
vt 0.042567 0.459528
f 3524/-1 3523/-2 3525/-3
vt 0.042567 0.459528
vt 0.076194 0.469292
vt 0.042567 0.469292
f 3527/-1 3526/-2 3528/-3
vt 0.076194 0.469292
vt 0.042567 0.459528
vt 0.076194 0.459528
f 3530/-1 3529/-2 3531/-3
vt 0.076194 0.459528
vt 0.109822 0.469292
vt 0.076194 0.469292
f 3533/-1 3532/-2 3534/-3
vt 0.109822 0.469292
vt 0.076194 0.459528
vt 0.109822 0.459528
f 3536/-1 3535/-2 3537/-3
vt 0.109822 0.459528
vt 0.143449 0.469292
vt 0.109822 0.469292
f 3539/-1 3538/-2 3540/-3
vt 0.143449 0.469292
vt 0.109822 0.459528
vt 0.143449 0.459528
f 3542/-1 3541/-2 3543/-3
vt 0.143449 0.459528
vt 0.177076 0.469292
vt 0.143449 0.469292
f 3545/-1 3544/-2 3546/-3
vt 0.177076 0.469292
vt 0.143449 0.459528
vt 0.177076 0.459528
f 3548/-1 3547/-2 3549/-3
vt 0.177076 0.459528
vt 0.210703 0.469292
vt 0.177076 0.469292
f 3551/-1 3550/-2 3552/-3
vt 0.210703 0.469292
vt 0.177076 0.459528
vt 0.210703 0.459528
f 3554/-1 3553/-2 3555/-3
vt 0.210703 0.459528
vt 0.244331 0.469292
vt 0.210703 0.469292
f 3557/-1 3556/-2 3558/-3
vt 0.244331 0.469292
vt 0.210703 0.459528
vt 0.244331 0.459528
f 3560/-1 3559/-2 3561/-3
vt 0.244331 0.459528
vt 0.277958 0.469292
vt 0.244331 0.469292
f 3563/-1 3562/-2 3564/-3
vt 0.277958 0.469292
vt 0.244331 0.459528
vt 0.277958 0.459528
f 3566/-1 3565/-2 3567/-3
vt 0.277958 0.459528
vt 0.311585 0.469292
vt 0.277958 0.469292
f 3569/-1 3568/-2 3570/-3
vt 0.311585 0.469292
vt 0.277958 0.459528
vt 0.311585 0.459528
f 3572/-1 3571/-2 3573/-3
vt 0.311585 0.459528
vt 0.342051 0.469292
vt 0.311585 0.469292
f 3575/-1 3574/-2 3576/-3
vt 0.342051 0.469292
vt 0.311585 0.459528
vt 0.342051 0.459528
f 3578/-1 3577/-2 3579/-3
vt 0.027575 0.469292
vt 0.042567 0.478201
vt 0.027575 0.478201
f 3581/-1 3580/-2 3582/-3
vt 0.042567 0.478201
vt 0.027575 0.469292
vt 0.042567 0.469292
f 3584/-1 3583/-2 3585/-3
vt 0.042567 0.469292
vt 0.076194 0.478201
vt 0.042567 0.478201
f 3587/-1 3586/-2 3588/-3
vt 0.076194 0.478201
vt 0.042567 0.469292
vt 0.076194 0.469292
f 3590/-1 3589/-2 3591/-3
vt 0.076194 0.469292
vt 0.109822 0.478201
vt 0.076194 0.478201
f 3593/-1 3592/-2 3594/-3
vt 0.109822 0.478201
vt 0.076194 0.469292
vt 0.109822 0.469292
f 3596/-1 3595/-2 3597/-3
vt 0.109822 0.469292
vt 0.143449 0.478201
vt 0.109822 0.478201
f 3599/-1 3598/-2 3600/-3
vt 0.143449 0.478201
vt 0.109822 0.469292
vt 0.143449 0.469292
f 3602/-1 3601/-2 3603/-3
vt 0.143449 0.469292
vt 0.177076 0.478201
vt 0.143449 0.478201
f 3605/-1 3604/-2 3606/-3
vt 0.177076 0.478201
vt 0.143449 0.469292
vt 0.177076 0.469292
f 3608/-1 3607/-2 3609/-3
vt 0.177076 0.469292
vt 0.210703 0.478201
vt 0.177076 0.478201
f 3611/-1 3610/-2 3612/-3
vt 0.210703 0.478201
vt 0.177076 0.469292
vt 0.210703 0.469292
f 3614/-1 3613/-2 3615/-3
vt 0.210703 0.469292
vt 0.244331 0.478201
vt 0.210703 0.478201
f 3617/-1 3616/-2 3618/-3
vt 0.244331 0.478201
vt 0.210703 0.469292
vt 0.244331 0.469292
f 3620/-1 3619/-2 3621/-3
vt 0.244331 0.469292
vt 0.277958 0.478201
vt 0.244331 0.478201
f 3623/-1 3622/-2 3624/-3
vt 0.277958 0.478201
vt 0.244331 0.469292
vt 0.277958 0.469292
f 3626/-1 3625/-2 3627/-3
vt 0.277958 0.469292
vt 0.311585 0.478200
vt 0.277958 0.478201
f 3629/-1 3628/-2 3630/-3
vt 0.311585 0.478200
vt 0.277958 0.469292
vt 0.311585 0.469292
f 3632/-1 3631/-2 3633/-3
vt 0.311585 0.469292
vt 0.342051 0.478201
vt 0.311585 0.478200
f 3635/-1 3634/-2 3636/-3
vt 0.342051 0.478201
vt 0.311585 0.469292
vt 0.342051 0.469292
f 3638/-1 3637/-2 3639/-3
vt 0.021335 0.949200
vt 0.029408 0.934259
vt 0.029408 0.949200
f 3641/-1 3640/-2 3642/-3
vt 0.029408 0.934259
vt 0.021335 0.949200
vt 0.021335 0.934259
f 3644/-1 3643/-2 3645/-3
vt 0.021335 0.934259
vt 0.029408 0.900747
vt 0.029408 0.934259
f 3647/-1 3646/-2 3648/-3
vt 0.029408 0.900747
vt 0.021335 0.934259
vt 0.021335 0.900747
f 3650/-1 3649/-2 3651/-3
vt 0.021335 0.900747
vt 0.029408 0.867235
vt 0.029408 0.900747
f 3653/-1 3652/-2 3654/-3
vt 0.029408 0.867235
vt 0.021335 0.900747
vt 0.021335 0.867235
f 3656/-1 3655/-2 3657/-3
vt 0.021335 0.867235
vt 0.029408 0.833723
vt 0.029408 0.867235
f 3659/-1 3658/-2 3660/-3
vt 0.029408 0.833723
vt 0.021335 0.867235
vt 0.021335 0.833723
f 3662/-1 3661/-2 3663/-3
vt 0.021335 0.833723
vt 0.029408 0.800211
vt 0.029408 0.833723
f 3665/-1 3664/-2 3666/-3
vt 0.029408 0.800211
vt 0.021335 0.833723
vt 0.021335 0.800211
f 3668/-1 3667/-2 3669/-3
vt 0.021335 0.800211
vt 0.029408 0.766699
vt 0.029408 0.800211
f 3671/-1 3670/-2 3672/-3
vt 0.029408 0.766699
vt 0.021335 0.800211
vt 0.021335 0.766699
f 3674/-1 3673/-2 3675/-3
vt 0.021335 0.766699
vt 0.029408 0.733187
vt 0.029408 0.766699
f 3677/-1 3676/-2 3678/-3
vt 0.029408 0.733187
vt 0.021335 0.766699
vt 0.021335 0.733187
f 3680/-1 3679/-2 3681/-3
vt 0.021335 0.733187
vt 0.029408 0.699675
vt 0.029408 0.733187
f 3683/-1 3682/-2 3684/-3
vt 0.029408 0.699675
vt 0.021335 0.733187
vt 0.021335 0.699675
f 3686/-1 3685/-2 3687/-3
vt 0.021335 0.699675
vt 0.029408 0.666163
vt 0.029408 0.699675
f 3689/-1 3688/-2 3690/-3
vt 0.029408 0.666163
vt 0.021335 0.699675
vt 0.021335 0.666163
f 3692/-1 3691/-2 3693/-3
vt 0.021335 0.666163
vt 0.029408 0.635801
vt 0.029408 0.666163
f 3695/-1 3694/-2 3696/-3
vt 0.029408 0.635801
vt 0.021335 0.666163
vt 0.021335 0.635801
f 3698/-1 3697/-2 3699/-3
vt 0.029408 0.949200
vt 0.042059 0.934259
vt 0.042059 0.949200
f 3701/-1 3700/-2 3702/-3
vt 0.042059 0.934259
vt 0.029408 0.949200
vt 0.029408 0.934259
f 3704/-1 3703/-2 3705/-3
vt 0.029408 0.934259
vt 0.042059 0.900747
vt 0.042059 0.934259
f 3707/-1 3706/-2 3708/-3
vt 0.042059 0.900747
vt 0.029408 0.934259
vt 0.029408 0.900747
f 3710/-1 3709/-2 3711/-3
vt 0.029408 0.900747
vt 0.042059 0.867235
vt 0.042059 0.900747
f 3713/-1 3712/-2 3714/-3
vt 0.042059 0.867235
vt 0.029408 0.900747
vt 0.029408 0.867235
f 3716/-1 3715/-2 3717/-3
vt 0.029408 0.867235
vt 0.042059 0.833723
vt 0.042059 0.867235
f 3719/-1 3718/-2 3720/-3
vt 0.042059 0.833723
vt 0.029408 0.867235
vt 0.029408 0.833723
f 3722/-1 3721/-2 3723/-3
vt 0.029408 0.833723
vt 0.042059 0.800211
vt 0.042059 0.833723
f 3725/-1 3724/-2 3726/-3
vt 0.042059 0.800211
vt 0.029408 0.833723
vt 0.029408 0.800211
f 3728/-1 3727/-2 3729/-3
vt 0.029408 0.800211
vt 0.042059 0.766699
vt 0.042059 0.800211
f 3731/-1 3730/-2 3732/-3
vt 0.042059 0.766699
vt 0.029408 0.800211
vt 0.029408 0.766699
f 3734/-1 3733/-2 3735/-3
vt 0.029408 0.766699
vt 0.042059 0.733187
vt 0.042059 0.766699
f 3737/-1 3736/-2 3738/-3
vt 0.042059 0.733187
vt 0.029408 0.766699
vt 0.029408 0.733187
f 3740/-1 3739/-2 3741/-3
vt 0.029408 0.733187
vt 0.042059 0.699675
vt 0.042059 0.733187
f 3743/-1 3742/-2 3744/-3
vt 0.042059 0.699675
vt 0.029408 0.733187
vt 0.029408 0.699675
f 3746/-1 3745/-2 3747/-3
vt 0.029408 0.699675
vt 0.042059 0.666163
vt 0.042059 0.699675
f 3749/-1 3748/-2 3750/-3
vt 0.042059 0.666163
vt 0.029408 0.699675
vt 0.029408 0.666163
f 3752/-1 3751/-2 3753/-3
vt 0.029408 0.666163
vt 0.042059 0.635801
vt 0.042059 0.666163
f 3755/-1 3754/-2 3756/-3
vt 0.042059 0.635801
vt 0.029408 0.666163
vt 0.029408 0.635801
f 3758/-1 3757/-2 3759/-3
vt 0.042059 0.949200
vt 0.094401 0.934259
vt 0.094401 0.949200
f 3761/-1 3760/-2 3762/-3
vt 0.094401 0.934259
vt 0.042059 0.949200
vt 0.042059 0.934259
f 3764/-1 3763/-2 3765/-3
vt 0.042059 0.934259
vt 0.094401 0.900747
vt 0.094401 0.934259
f 3767/-1 3766/-2 3768/-3
vt 0.094401 0.900747
vt 0.042059 0.934259
vt 0.042059 0.900747
f 3770/-1 3769/-2 3771/-3
vt 0.042059 0.900747
vt 0.094401 0.867235
vt 0.094401 0.900747
f 3773/-1 3772/-2 3774/-3
vt 0.094401 0.867235
vt 0.042059 0.900747
vt 0.042059 0.867235
f 3776/-1 3775/-2 3777/-3
vt 0.042059 0.867235
vt 0.094401 0.833723
vt 0.094401 0.867235
f 3779/-1 3778/-2 3780/-3
vt 0.094401 0.833723
vt 0.042059 0.867235
vt 0.042059 0.833723
f 3782/-1 3781/-2 3783/-3
vt 0.042059 0.833723
vt 0.094401 0.800211
vt 0.094401 0.833723
f 3785/-1 3784/-2 3786/-3
vt 0.094401 0.800211
vt 0.042059 0.833723
vt 0.042059 0.800211
f 3788/-1 3787/-2 3789/-3
vt 0.042059 0.800211
vt 0.094401 0.766699
vt 0.094401 0.800211
f 3791/-1 3790/-2 3792/-3
vt 0.094401 0.766699
vt 0.042059 0.800211
vt 0.042059 0.766699
f 3794/-1 3793/-2 3795/-3
vt 0.042059 0.766699
vt 0.094401 0.733187
vt 0.094401 0.766699
f 3797/-1 3796/-2 3798/-3
vt 0.094401 0.733187
vt 0.042059 0.766699
vt 0.042059 0.733187
f 3800/-1 3799/-2 3801/-3
vt 0.042059 0.733187
vt 0.094401 0.699675
vt 0.094401 0.733187
f 3803/-1 3802/-2 3804/-3
vt 0.094401 0.699675
vt 0.042059 0.733187
vt 0.042059 0.699675
f 3806/-1 3805/-2 3807/-3
vt 0.042059 0.699675
vt 0.094401 0.666163
vt 0.094401 0.699675
f 3809/-1 3808/-2 3810/-3
vt 0.094401 0.666163
vt 0.042059 0.699675
vt 0.042059 0.666163
f 3812/-1 3811/-2 3813/-3
vt 0.042059 0.666163
vt 0.094401 0.635801
vt 0.094401 0.666163
f 3815/-1 3814/-2 3816/-3
vt 0.094401 0.635801
vt 0.042059 0.666163
vt 0.042059 0.635801
f 3818/-1 3817/-2 3819/-3
vt 0.094401 0.949200
vt 0.156921 0.934259
vt 0.156921 0.949200
f 3821/-1 3820/-2 3822/-3
vt 0.156921 0.934259
vt 0.094401 0.949200
vt 0.094401 0.934259
f 3824/-1 3823/-2 3825/-3
vt 0.094401 0.934259
vt 0.156921 0.900747
vt 0.156921 0.934259
f 3827/-1 3826/-2 3828/-3
vt 0.156921 0.900747
vt 0.094401 0.934259
vt 0.094401 0.900747
f 3830/-1 3829/-2 3831/-3
vt 0.094401 0.900747
vt 0.156921 0.867235
vt 0.156921 0.900747
f 3833/-1 3832/-2 3834/-3
vt 0.156921 0.867235
vt 0.094401 0.900747
vt 0.094401 0.867235
f 3836/-1 3835/-2 3837/-3
vt 0.094401 0.867235
vt 0.156921 0.833723
vt 0.156921 0.867235
f 3839/-1 3838/-2 3840/-3
vt 0.156921 0.833723
vt 0.094401 0.867235
vt 0.094401 0.833723
f 3842/-1 3841/-2 3843/-3
vt 0.094401 0.833723
vt 0.156921 0.800211
vt 0.156921 0.833723
f 3845/-1 3844/-2 3846/-3
vt 0.156921 0.800211
vt 0.094401 0.833723
vt 0.094401 0.800211
f 3848/-1 3847/-2 3849/-3
vt 0.094401 0.800211
vt 0.156921 0.766699
vt 0.156921 0.800211
f 3851/-1 3850/-2 3852/-3
vt 0.156921 0.766699
vt 0.094401 0.800211
vt 0.094401 0.766699
f 3854/-1 3853/-2 3855/-3
vt 0.094401 0.766699
vt 0.156921 0.733187
vt 0.156921 0.766699
f 3857/-1 3856/-2 3858/-3
vt 0.156921 0.733187
vt 0.094401 0.766699
vt 0.094401 0.733187
f 3860/-1 3859/-2 3861/-3
vt 0.094401 0.733187
vt 0.156921 0.699675
vt 0.156921 0.733187
f 3863/-1 3862/-2 3864/-3
vt 0.156921 0.699675
vt 0.094401 0.733187
vt 0.094401 0.699675
f 3866/-1 3865/-2 3867/-3
vt 0.094401 0.699675
vt 0.156921 0.666163
vt 0.156921 0.699675
f 3869/-1 3868/-2 3870/-3
vt 0.156921 0.666163
vt 0.094401 0.699675
vt 0.094401 0.666163
f 3872/-1 3871/-2 3873/-3
vt 0.094401 0.666163
vt 0.156921 0.635801
vt 0.156921 0.666163
f 3875/-1 3874/-2 3876/-3
vt 0.156921 0.635801
vt 0.094401 0.666163
vt 0.094401 0.635801
f 3878/-1 3877/-2 3879/-3
vt 0.156921 0.949200
vt 0.210923 0.934259
vt 0.210923 0.949200
f 3881/-1 3880/-2 3882/-3
vt 0.210923 0.934259
vt 0.156921 0.949200
vt 0.156921 0.934259
f 3884/-1 3883/-2 3885/-3
vt 0.156921 0.934259
vt 0.210923 0.900747
vt 0.210923 0.934259
f 3887/-1 3886/-2 3888/-3
vt 0.210923 0.900747
vt 0.156921 0.934259
vt 0.156921 0.900747
f 3890/-1 3889/-2 3891/-3
vt 0.156921 0.900747
vt 0.210923 0.867235
vt 0.210923 0.900747
f 3893/-1 3892/-2 3894/-3
vt 0.210923 0.867235
vt 0.156921 0.900747
vt 0.156921 0.867235
f 3896/-1 3895/-2 3897/-3
vt 0.156921 0.867235
vt 0.210923 0.833723
vt 0.210923 0.867235
f 3899/-1 3898/-2 3900/-3
vt 0.210923 0.833723
vt 0.156921 0.867235
vt 0.156921 0.833723
f 3902/-1 3901/-2 3903/-3
vt 0.156921 0.833723
vt 0.210923 0.800211
vt 0.210923 0.833723
f 3905/-1 3904/-2 3906/-3
vt 0.210923 0.800211
vt 0.156921 0.833723
vt 0.156921 0.800211
f 3908/-1 3907/-2 3909/-3
vt 0.156921 0.800211
vt 0.210923 0.766699
vt 0.210923 0.800211
f 3911/-1 3910/-2 3912/-3
vt 0.210923 0.766699
vt 0.156921 0.800211
vt 0.156921 0.766699
f 3914/-1 3913/-2 3915/-3
vt 0.156921 0.766699
vt 0.210923 0.733187
vt 0.210923 0.766699
f 3917/-1 3916/-2 3918/-3
vt 0.210923 0.733187
vt 0.156921 0.766699
vt 0.156921 0.733187
f 3920/-1 3919/-2 3921/-3
vt 0.156921 0.733187
vt 0.210923 0.699675
vt 0.210923 0.733187
f 3923/-1 3922/-2 3924/-3
vt 0.210923 0.699675
vt 0.156921 0.733187
vt 0.156921 0.699675
f 3926/-1 3925/-2 3927/-3
vt 0.156921 0.699675
vt 0.210923 0.666163
vt 0.210923 0.699675
f 3929/-1 3928/-2 3930/-3
vt 0.210923 0.666163
vt 0.156921 0.699675
vt 0.156921 0.666163
f 3932/-1 3931/-2 3933/-3
vt 0.156921 0.666163
vt 0.210923 0.635801
vt 0.210923 0.666163
f 3935/-1 3934/-2 3936/-3
vt 0.210923 0.635801
vt 0.156921 0.666163
vt 0.156921 0.635801
f 3938/-1 3937/-2 3939/-3
vt 0.210923 0.949200
vt 0.263173 0.934259
vt 0.263173 0.949200
f 3941/-1 3940/-2 3942/-3
vt 0.263173 0.934259
vt 0.210923 0.949200
vt 0.210923 0.934259
f 3944/-1 3943/-2 3945/-3
vt 0.210923 0.934259
vt 0.263173 0.900747
vt 0.263173 0.934259
f 3947/-1 3946/-2 3948/-3
vt 0.263173 0.900747
vt 0.210923 0.934259
vt 0.210923 0.900747
f 3950/-1 3949/-2 3951/-3
vt 0.210923 0.900747
vt 0.263173 0.867235
vt 0.263173 0.900747
f 3953/-1 3952/-2 3954/-3
vt 0.263173 0.867235
vt 0.210923 0.900747
vt 0.210923 0.867235
f 3956/-1 3955/-2 3957/-3
vt 0.210923 0.867235
vt 0.263173 0.833723
vt 0.263173 0.867235
f 3959/-1 3958/-2 3960/-3
vt 0.263173 0.833723
vt 0.210923 0.867235
vt 0.210923 0.833723
f 3962/-1 3961/-2 3963/-3
vt 0.210923 0.833723
vt 0.263173 0.800211
vt 0.263173 0.833723
f 3965/-1 3964/-2 3966/-3
vt 0.263173 0.800211
vt 0.210923 0.833723
vt 0.210923 0.800211
f 3968/-1 3967/-2 3969/-3
vt 0.210923 0.800211
vt 0.263173 0.766699
vt 0.263173 0.800211
f 3971/-1 3970/-2 3972/-3
vt 0.263173 0.766699
vt 0.210923 0.800211
vt 0.210923 0.766699
f 3974/-1 3973/-2 3975/-3
vt 0.210923 0.766699
vt 0.263173 0.733187
vt 0.263173 0.766699
f 3977/-1 3976/-2 3978/-3
vt 0.263173 0.733187
vt 0.210923 0.766699
vt 0.210923 0.733187
f 3980/-1 3979/-2 3981/-3
vt 0.210923 0.733187
vt 0.263173 0.699675
vt 0.263173 0.733187
f 3983/-1 3982/-2 3984/-3
vt 0.263173 0.699675
vt 0.210923 0.733187
vt 0.210923 0.699675
f 3986/-1 3985/-2 3987/-3
vt 0.210923 0.699675
vt 0.263173 0.666163
vt 0.263173 0.699675
f 3989/-1 3988/-2 3990/-3
vt 0.263173 0.666163
vt 0.210923 0.699675
vt 0.210923 0.666163
f 3992/-1 3991/-2 3993/-3
vt 0.210923 0.666163
vt 0.263173 0.635801
vt 0.263173 0.666163
f 3995/-1 3994/-2 3996/-3
vt 0.263173 0.635801
vt 0.210923 0.666163
vt 0.210923 0.635801
f 3998/-1 3997/-2 3999/-3
vt 0.263173 0.949200
vt 0.312704 0.934259
vt 0.312704 0.949200
f 4001/-1 4000/-2 4002/-3
vt 0.312704 0.934259
vt 0.263173 0.949200
vt 0.263173 0.934259
f 4004/-1 4003/-2 4005/-3
vt 0.263173 0.934259
vt 0.312704 0.900747
vt 0.312704 0.934259
f 4007/-1 4006/-2 4008/-3
vt 0.312704 0.900747
vt 0.263173 0.934259
vt 0.263173 0.900747
f 4010/-1 4009/-2 4011/-3
vt 0.263173 0.900747
vt 0.312704 0.867235
vt 0.312704 0.900747
f 4013/-1 4012/-2 4014/-3
vt 0.312704 0.867235
vt 0.263173 0.900747
vt 0.263173 0.867235
f 4016/-1 4015/-2 4017/-3
vt 0.263173 0.867235
vt 0.312704 0.833723
vt 0.312704 0.867235
f 4019/-1 4018/-2 4020/-3
vt 0.312704 0.833723
vt 0.263173 0.867235
vt 0.263173 0.833723
f 4022/-1 4021/-2 4023/-3
vt 0.263173 0.833723
vt 0.312704 0.800211
vt 0.312704 0.833723
f 4025/-1 4024/-2 4026/-3
vt 0.312704 0.800211
vt 0.263173 0.833723
vt 0.263173 0.800211
f 4028/-1 4027/-2 4029/-3
vt 0.263173 0.800211
vt 0.312704 0.766699
vt 0.312704 0.800211
f 4031/-1 4030/-2 4032/-3
vt 0.312704 0.766699
vt 0.263173 0.800211
vt 0.263173 0.766699
f 4034/-1 4033/-2 4035/-3
vt 0.263173 0.766699
vt 0.312704 0.733187
vt 0.312704 0.766699
f 4037/-1 4036/-2 4038/-3
vt 0.312704 0.733187
vt 0.263173 0.766699
vt 0.263173 0.733187
f 4040/-1 4039/-2 4041/-3
vt 0.263173 0.733187
vt 0.312704 0.699675
vt 0.312704 0.733187
f 4043/-1 4042/-2 4044/-3
vt 0.312704 0.699675
vt 0.263173 0.733187
vt 0.263173 0.699675
f 4046/-1 4045/-2 4047/-3
vt 0.263173 0.699675
vt 0.312704 0.666163
vt 0.312704 0.699675
f 4049/-1 4048/-2 4050/-3
vt 0.312704 0.666163
vt 0.263173 0.699675
vt 0.263173 0.666163
f 4052/-1 4051/-2 4053/-3
vt 0.263173 0.666163
vt 0.312704 0.635801
vt 0.312704 0.666163
f 4055/-1 4054/-2 4056/-3
vt 0.312704 0.635801
vt 0.263173 0.666163
vt 0.263173 0.635801
f 4058/-1 4057/-2 4059/-3
vt 0.312704 0.949200
vt 0.344673 0.934259
vt 0.344673 0.949200
f 4061/-1 4060/-2 4062/-3
vt 0.344673 0.934259
vt 0.312704 0.949200
vt 0.312704 0.934259
f 4064/-1 4063/-2 4065/-3
vt 0.312704 0.934259
vt 0.344673 0.900747
vt 0.344673 0.934259
f 4067/-1 4066/-2 4068/-3
vt 0.344673 0.900747
vt 0.312704 0.934259
vt 0.312704 0.900747
f 4070/-1 4069/-2 4071/-3
vt 0.312704 0.900747
vt 0.344673 0.867235
vt 0.344673 0.900747
f 4073/-1 4072/-2 4074/-3
vt 0.344673 0.867235
vt 0.312704 0.900747
vt 0.312704 0.867235
f 4076/-1 4075/-2 4077/-3
vt 0.312704 0.867235
vt 0.344673 0.833723
vt 0.344673 0.867235
f 4079/-1 4078/-2 4080/-3
vt 0.344673 0.833723
vt 0.312704 0.867235
vt 0.312704 0.833723
f 4082/-1 4081/-2 4083/-3
vt 0.312704 0.833723
vt 0.344673 0.800211
vt 0.344673 0.833723
f 4085/-1 4084/-2 4086/-3
vt 0.344673 0.800211
vt 0.312704 0.833723
vt 0.312704 0.800211
f 4088/-1 4087/-2 4089/-3
vt 0.312704 0.800211
vt 0.344673 0.766699
vt 0.344673 0.800211
f 4091/-1 4090/-2 4092/-3
vt 0.344673 0.766699
vt 0.312704 0.800211
vt 0.312704 0.766699
f 4094/-1 4093/-2 4095/-3
vt 0.312704 0.766699
vt 0.344673 0.733187
vt 0.344673 0.766699
f 4097/-1 4096/-2 4098/-3
vt 0.344673 0.733187
vt 0.312704 0.766699
vt 0.312704 0.733187
f 4100/-1 4099/-2 4101/-3
vt 0.312704 0.733187
vt 0.344673 0.699675
vt 0.344673 0.733187
f 4103/-1 4102/-2 4104/-3
vt 0.344673 0.699675
vt 0.312704 0.733187
vt 0.312704 0.699675
f 4106/-1 4105/-2 4107/-3
vt 0.312704 0.699675
vt 0.344673 0.666163
vt 0.344673 0.699675
f 4109/-1 4108/-2 4110/-3
vt 0.344673 0.666163
vt 0.312704 0.699675
vt 0.312704 0.666163
f 4112/-1 4111/-2 4113/-3
vt 0.312704 0.666163
vt 0.344673 0.635801
vt 0.344673 0.666163
f 4115/-1 4114/-2 4116/-3
vt 0.344673 0.635801
vt 0.312704 0.666163
vt 0.312704 0.635801
f 4118/-1 4117/-2 4119/-3
vt 0.352008 0.633107
vt 0.348978 0.632355
vt 0.356050 0.632355
f 4121/-1 4120/-2 4122/-3
vt 0.348978 0.632355
vt 0.352008 0.633107
vt 0.344731 0.633107
f 4124/-1 4123/-2 4125/-3
vt 0.359286 0.633107
vt 0.356050 0.632355
vt 0.363122 0.632355
f 4127/-1 4126/-2 4128/-3
vt 0.356050 0.632355
vt 0.359286 0.633107
vt 0.352008 0.633107
f 4130/-1 4129/-2 4131/-3
vt 0.366563 0.633107
vt 0.363122 0.632355
vt 0.370194 0.632355
f 4133/-1 4132/-2 4134/-3
vt 0.363122 0.632355
vt 0.366563 0.633107
vt 0.359286 0.633107
f 4136/-1 4135/-2 4137/-3
vt 0.373840 0.633107
vt 0.370194 0.632355
vt 0.377266 0.632355
f 4139/-1 4138/-2 4140/-3
vt 0.370194 0.632355
vt 0.373840 0.633107
vt 0.366563 0.633107
f 4142/-1 4141/-2 4143/-3
vt 0.381117 0.633107
vt 0.377266 0.632355
vt 0.384338 0.632355
f 4145/-1 4144/-2 4146/-3
vt 0.377266 0.632355
vt 0.381117 0.633107
vt 0.373840 0.633107
f 4148/-1 4147/-2 4149/-3
vt 0.388395 0.633107
vt 0.384338 0.632355
vt 0.391410 0.632355
f 4151/-1 4150/-2 4152/-3
vt 0.384338 0.632355
vt 0.388395 0.633107
vt 0.381117 0.633107
f 4154/-1 4153/-2 4155/-3
vt 0.395672 0.633107
vt 0.391410 0.632355
vt 0.398482 0.632355
f 4157/-1 4156/-2 4158/-3
vt 0.391410 0.632355
vt 0.395672 0.633107
vt 0.388395 0.633107
f 4160/-1 4159/-2 4161/-3
vt 0.402949 0.633107
vt 0.398482 0.632355
vt 0.405554 0.632355
f 4163/-1 4162/-2 4164/-3
vt 0.398482 0.632355
vt 0.402949 0.633107
vt 0.395672 0.633107
f 4166/-1 4165/-2 4167/-3
vt 0.410226 0.633107
vt 0.405554 0.632355
vt 0.412626 0.632355
f 4169/-1 4168/-2 4170/-3
vt 0.405554 0.632355
vt 0.410226 0.633107
vt 0.402949 0.633107
f 4172/-1 4171/-2 4173/-3
vt 0.417504 0.633107
vt 0.412626 0.632355
vt 0.419698 0.632355
f 4175/-1 4174/-2 4176/-3
vt 0.412626 0.632355
vt 0.417504 0.633107
vt 0.410226 0.633107
f 4178/-1 4177/-2 4179/-3
vt 0.424781 0.633107
vt 0.419698 0.632355
vt 0.426770 0.632355
f 4181/-1 4180/-2 4182/-3
vt 0.419698 0.632355
vt 0.424781 0.633107
vt 0.417504 0.633107
f 4184/-1 4183/-2 4185/-3
vt 0.432058 0.633107
vt 0.426770 0.632355
vt 0.433842 0.632355
f 4187/-1 4186/-2 4188/-3
vt 0.426770 0.632355
vt 0.432058 0.633107
vt 0.424781 0.633107
f 4190/-1 4189/-2 4191/-3
vt 0.439335 0.633107
vt 0.433842 0.632355
vt 0.440914 0.632355
f 4193/-1 4192/-2 4194/-3
vt 0.433842 0.632355
vt 0.439335 0.633107
vt 0.432058 0.633107
f 4196/-1 4195/-2 4197/-3
vt 0.446612 0.633107
vt 0.440914 0.632355
vt 0.447986 0.632355
f 4199/-1 4198/-2 4200/-3
vt 0.440914 0.632355
vt 0.446612 0.633107
vt 0.439335 0.633107
f 4202/-1 4201/-2 4203/-3
vt 0.453890 0.633107
vt 0.447986 0.632355
vt 0.455058 0.632355
f 4205/-1 4204/-2 4206/-3
vt 0.447986 0.632355
vt 0.453890 0.633107
vt 0.446612 0.633107
f 4208/-1 4207/-2 4209/-3
vt 0.461167 0.633107
vt 0.455058 0.632355
vt 0.462130 0.632355
f 4211/-1 4210/-2 4212/-3
vt 0.455058 0.632355
vt 0.461167 0.633107
vt 0.453890 0.633107
f 4214/-1 4213/-2 4215/-3
vt 0.468444 0.633107
vt 0.462130 0.632355
vt 0.469202 0.632355
f 4217/-1 4216/-2 4218/-3
vt 0.462130 0.632355
vt 0.468444 0.633107
vt 0.461167 0.633107
f 4220/-1 4219/-2 4221/-3
vt 0.475721 0.633107
vt 0.469202 0.632355
vt 0.476274 0.632355
f 4223/-1 4222/-2 4224/-3
vt 0.469202 0.632355
vt 0.475721 0.633107
vt 0.468444 0.633107
f 4226/-1 4225/-2 4227/-3
vt 0.482999 0.633107
vt 0.476274 0.632355
vt 0.483346 0.632355
f 4229/-1 4228/-2 4230/-3
vt 0.476274 0.632355
vt 0.482999 0.633107
vt 0.475721 0.633107
f 4232/-1 4231/-2 4233/-3
vt 0.490276 0.633107
vt 0.483346 0.632355
vt 0.490418 0.632355
f 4235/-1 4234/-2 4236/-3
vt 0.483346 0.632355
vt 0.490276 0.633107
vt 0.482999 0.633107
f 4238/-1 4237/-2 4239/-3
vt 0.497553 0.633107
vt 0.490418 0.632355
vt 0.497490 0.632355
f 4241/-1 4240/-2 4242/-3
vt 0.490418 0.632355
vt 0.497553 0.633107
vt 0.490276 0.633107
f 4244/-1 4243/-2 4245/-3
vt 0.504830 0.633107
vt 0.497490 0.632355
vt 0.504562 0.632355
f 4247/-1 4246/-2 4248/-3
vt 0.497490 0.632355
vt 0.504830 0.633107
vt 0.497553 0.633107
f 4250/-1 4249/-2 4251/-3
vt 0.512108 0.633107
vt 0.504562 0.632355
vt 0.511634 0.632355
f 4253/-1 4252/-2 4254/-3
vt 0.504562 0.632355
vt 0.512108 0.633107
vt 0.504830 0.633107
f 4256/-1 4255/-2 4257/-3
vt 0.519385 0.633107
vt 0.511634 0.632355
vt 0.518706 0.632355
f 4259/-1 4258/-2 4260/-3
vt 0.511634 0.632355
vt 0.519385 0.633107
vt 0.512108 0.633107
f 4262/-1 4261/-2 4263/-3
vt 0.526662 0.633107
vt 0.518706 0.632355
vt 0.525778 0.632355
f 4265/-1 4264/-2 4266/-3
vt 0.518706 0.632355
vt 0.526662 0.633107
vt 0.519385 0.633107
f 4268/-1 4267/-2 4269/-3
vt 0.533939 0.633107
vt 0.525778 0.632355
vt 0.532850 0.632355
f 4271/-1 4270/-2 4272/-3
vt 0.525778 0.632355
vt 0.533939 0.633107
vt 0.526662 0.633107
f 4274/-1 4273/-2 4275/-3
vt 0.541216 0.633107
vt 0.532850 0.632355
vt 0.539922 0.632355
f 4277/-1 4276/-2 4278/-3
vt 0.532850 0.632355
vt 0.541216 0.633107
vt 0.533939 0.633107
f 4280/-1 4279/-2 4281/-3
vt 0.548494 0.633107
vt 0.539922 0.632355
vt 0.546994 0.632355
f 4283/-1 4282/-2 4284/-3
vt 0.539922 0.632355
vt 0.548494 0.633107
vt 0.541216 0.633107
f 4286/-1 4285/-2 4287/-3
vt 0.555771 0.633107
vt 0.546994 0.632355
vt 0.554066 0.632355
f 4289/-1 4288/-2 4290/-3
vt 0.546994 0.632355
vt 0.555771 0.633107
vt 0.548494 0.633107
f 4292/-1 4291/-2 4293/-3
vt 0.563048 0.633107
vt 0.554066 0.632355
vt 0.561138 0.632355
f 4295/-1 4294/-2 4296/-3
vt 0.554066 0.632355
vt 0.563048 0.633107
vt 0.555771 0.633107
f 4298/-1 4297/-2 4299/-3
vt 0.570325 0.633107
vt 0.561138 0.632355
vt 0.568210 0.632355
f 4301/-1 4300/-2 4302/-3
vt 0.561138 0.632355
vt 0.570325 0.633107
vt 0.563048 0.633107
f 4304/-1 4303/-2 4305/-3
vt 0.577603 0.633107
vt 0.568210 0.632355
vt 0.575282 0.632355
f 4307/-1 4306/-2 4308/-3
vt 0.568210 0.632355
vt 0.577603 0.633107
vt 0.570325 0.633107
f 4310/-1 4309/-2 4311/-3
vt 0.584880 0.633107
vt 0.575282 0.632355
vt 0.582354 0.632355
f 4313/-1 4312/-2 4314/-3
vt 0.575282 0.632355
vt 0.584880 0.633107
vt 0.577603 0.633107
f 4316/-1 4315/-2 4317/-3
vt 0.592157 0.633107
vt 0.582354 0.632355
vt 0.589426 0.632355
f 4319/-1 4318/-2 4320/-3
vt 0.582354 0.632355
vt 0.592157 0.633107
vt 0.584880 0.633107
f 4322/-1 4321/-2 4323/-3
vt 0.599434 0.633107
vt 0.589426 0.632355
vt 0.596498 0.632355
f 4325/-1 4324/-2 4326/-3
vt 0.589426 0.632355
vt 0.599434 0.633107
vt 0.592157 0.633107
f 4328/-1 4327/-2 4329/-3
vt 0.606712 0.633107
vt 0.596498 0.632355
vt 0.603570 0.632355
f 4331/-1 4330/-2 4332/-3
vt 0.596498 0.632355
vt 0.606712 0.633107
vt 0.599434 0.633107
f 4334/-1 4333/-2 4335/-3
vt 0.613989 0.633107
vt 0.603570 0.632355
vt 0.610642 0.632355
f 4337/-1 4336/-2 4338/-3
vt 0.603570 0.632355
vt 0.613989 0.633107
vt 0.606712 0.633107
f 4340/-1 4339/-2 4341/-3
vt 0.621266 0.633107
vt 0.610642 0.632355
vt 0.617714 0.632355
f 4343/-1 4342/-2 4344/-3
vt 0.610642 0.632355
vt 0.621266 0.633107
vt 0.613989 0.633107
f 4346/-1 4345/-2 4347/-3
vt 0.628543 0.633107
vt 0.617714 0.632355
vt 0.624786 0.632355
f 4349/-1 4348/-2 4350/-3
vt 0.617714 0.632355
vt 0.628543 0.633107
vt 0.621266 0.633107
f 4352/-1 4351/-2 4353/-3
vt 0.635821 0.633107
vt 0.624786 0.632355
vt 0.631858 0.632355
f 4355/-1 4354/-2 4356/-3
vt 0.624786 0.632355
vt 0.635821 0.633107
vt 0.628543 0.633107
f 4358/-1 4357/-2 4359/-3
vt 0.643098 0.633107
vt 0.631858 0.632355
vt 0.638930 0.632355
f 4361/-1 4360/-2 4362/-3
vt 0.631858 0.632355
vt 0.643098 0.633107
vt 0.635821 0.633107
f 4364/-1 4363/-2 4365/-3
vt 0.650375 0.633107
vt 0.638930 0.632355
vt 0.646002 0.632355
f 4367/-1 4366/-2 4368/-3
vt 0.638930 0.632355
vt 0.650375 0.633107
vt 0.643098 0.633107
f 4370/-1 4369/-2 4371/-3
vt 0.657652 0.633107
vt 0.646002 0.632355
vt 0.653073 0.632355
f 4373/-1 4372/-2 4374/-3
vt 0.646002 0.632355
vt 0.657652 0.633107
vt 0.650375 0.633107
f 4376/-1 4375/-2 4377/-3
vt 0.664930 0.633107
vt 0.653073 0.632355
vt 0.660146 0.632355
f 4379/-1 4378/-2 4380/-3
vt 0.653073 0.632355
vt 0.664930 0.633107
vt 0.657652 0.633107
f 4382/-1 4381/-2 4383/-3
vt 0.672207 0.633107
vt 0.660146 0.632355
vt 0.667217 0.632355
f 4385/-1 4384/-2 4386/-3
vt 0.660146 0.632355
vt 0.672207 0.633107
vt 0.664930 0.633107
f 4388/-1 4387/-2 4389/-3
vt 0.002468 0.632230
vt 0.012817 0.601902
vt 0.006747 0.633063
f 4391/-1 4390/-2 4392/-3
vt 0.012817 0.601902
vt 0.002468 0.632230
vt 0.008618 0.600653
f 4394/-1 4393/-2 4395/-3
vt 0.008618 0.600653
vt 0.014563 0.592938
vt 0.012817 0.601902
f 4397/-1 4396/-2 4398/-3
vt 0.014563 0.592938
vt 0.008618 0.600653
vt 0.010415 0.591428
f 4400/-1 4399/-2 4401/-3
vt 0.010415 0.591428
vt 0.016078 0.585161
vt 0.014563 0.592938
f 4403/-1 4402/-2 4404/-3
vt 0.016078 0.585161
vt 0.010415 0.591428
vt 0.011974 0.583426
f 4406/-1 4405/-2 4407/-3
vt 0.011974 0.583426
vt 0.017628 0.577204
vt 0.016078 0.585161
f 4409/-1 4408/-2 4410/-3
vt 0.017628 0.577204
vt 0.011974 0.583426
vt 0.013569 0.575238
f 4412/-1 4411/-2 4413/-3
vt 0.013569 0.575238
vt 0.020407 0.567884
vt 0.017628 0.577204
f 4415/-1 4414/-2 4416/-3
vt 0.020407 0.567884
vt 0.013569 0.575238
vt 0.016428 0.565647
f 4418/-1 4417/-2 4419/-3
vt 0.016428 0.565647
vt 0.026127 0.560002
vt 0.020407 0.567884
f 4421/-1 4420/-2 4422/-3
vt 0.026127 0.560002
vt 0.016428 0.565647
vt 0.022315 0.557536
f 4424/-1 4423/-2 4425/-3
vt 0.022315 0.557536
vt 0.035048 0.556197
vt 0.026127 0.560002
f 4427/-1 4426/-2 4428/-3
vt 0.035048 0.556197
vt 0.022315 0.557536
vt 0.031495 0.553621
f 4430/-1 4429/-2 4431/-3
vt 0.031495 0.553621
vt 0.047813 0.556486
vt 0.035048 0.556197
f 4433/-1 4432/-2 4434/-3
vt 0.047813 0.556486
vt 0.031495 0.553621
vt 0.044630 0.553918
f 4436/-1 4435/-2 4437/-3
vt 0.044630 0.553918
vt 0.098925 0.566388
vt 0.047813 0.556486
f 4439/-1 4438/-2 4440/-3
vt 0.098925 0.566388
vt 0.044630 0.553918
vt 0.097226 0.564108
f 4442/-1 4441/-2 4443/-3
vt 0.097226 0.564108
vt 0.159964 0.578277
vt 0.098925 0.566388
f 4445/-1 4444/-2 4446/-3
vt 0.159964 0.578277
vt 0.097226 0.564108
vt 0.160036 0.576342
f 4448/-1 4447/-2 4449/-3
vt 0.160036 0.576342
vt 0.212688 0.588547
vt 0.159964 0.578277
f 4451/-1 4450/-2 4452/-3
vt 0.212688 0.588547
vt 0.160036 0.576342
vt 0.214290 0.586910
f 4454/-1 4453/-2 4455/-3
vt 0.214290 0.586910
vt 0.263700 0.598483
vt 0.212688 0.588547
f 4457/-1 4456/-2 4458/-3
vt 0.263700 0.598483
vt 0.214290 0.586910
vt 0.266783 0.597134
f 4460/-1 4459/-2 4461/-3
vt 0.266783 0.597134
vt 0.312058 0.607902
vt 0.263700 0.598483
f 4463/-1 4462/-2 4464/-3
vt 0.312058 0.607902
vt 0.266783 0.597134
vt 0.316545 0.606827
f 4466/-1 4465/-2 4467/-3
vt 0.316545 0.606827
vt 0.348297 0.614961
vt 0.312058 0.607902
f 4469/-1 4468/-2 4470/-3
vt 0.348297 0.614961
vt 0.316545 0.606827
vt 0.348662 0.613083
f 4472/-1 4471/-2 4473/-3
vt 0.819253 0.003122
vt 0.807056 0.008112
vt 0.807808 0.003122
f 4475/-1 4474/-2 4476/-3
vt 0.807056 0.008112
vt 0.819253 0.003122
vt 0.818501 0.008112
f 4478/-1 4477/-2 4479/-3
vt 0.818501 0.319279
vt 0.807056 0.326351
vt 0.807056 0.319279
f 4481/-1 4480/-2 4482/-3
vt 0.807056 0.326351
vt 0.818501 0.319279
vt 0.818501 0.326351
f 4484/-1 4483/-2 4485/-3
vt 0.818501 0.312207
vt 0.807056 0.319279
vt 0.807056 0.312207
f 4487/-1 4486/-2 4488/-3
vt 0.807056 0.319279
vt 0.818501 0.312207
vt 0.818501 0.319279
f 4490/-1 4489/-2 4491/-3
vt 0.818501 0.305135
vt 0.807056 0.312207
vt 0.807056 0.305135
f 4493/-1 4492/-2 4494/-3
vt 0.807056 0.312207
vt 0.818501 0.305135
vt 0.818501 0.312207
f 4496/-1 4495/-2 4497/-3
vt 0.818501 0.298063
vt 0.807056 0.305135
vt 0.807056 0.298063
f 4499/-1 4498/-2 4500/-3
vt 0.807056 0.305135
vt 0.818501 0.298063
vt 0.818501 0.305135
f 4502/-1 4501/-2 4503/-3
vt 0.818501 0.290991
vt 0.807056 0.298063
vt 0.807056 0.290991
f 4505/-1 4504/-2 4506/-3
vt 0.807056 0.298063
vt 0.818501 0.290991
vt 0.818501 0.298063
f 4508/-1 4507/-2 4509/-3
vt 0.818501 0.283919
vt 0.807056 0.290991
vt 0.807056 0.283919
f 4511/-1 4510/-2 4512/-3
vt 0.807056 0.290991
vt 0.818501 0.283919
vt 0.818501 0.290991
f 4514/-1 4513/-2 4515/-3
vt 0.818501 0.276847
vt 0.807056 0.283919
vt 0.807056 0.276847
f 4517/-1 4516/-2 4518/-3
vt 0.807056 0.283919
vt 0.818501 0.276847
vt 0.818501 0.283919
f 4520/-1 4519/-2 4521/-3
vt 0.818501 0.269775
vt 0.807056 0.276847
vt 0.807056 0.269775
f 4523/-1 4522/-2 4524/-3
vt 0.807056 0.276847
vt 0.818501 0.269775
vt 0.818501 0.276847
f 4526/-1 4525/-2 4527/-3
vt 0.818501 0.262703
vt 0.807056 0.269775
vt 0.807056 0.262703
f 4529/-1 4528/-2 4530/-3
vt 0.807056 0.269775
vt 0.818501 0.262703
vt 0.818501 0.269775
f 4532/-1 4531/-2 4533/-3
vt 0.818501 0.255631
vt 0.807056 0.262703
vt 0.807056 0.255631
f 4535/-1 4534/-2 4536/-3
vt 0.807056 0.262703
vt 0.818501 0.255631
vt 0.818501 0.262703
f 4538/-1 4537/-2 4539/-3
vt 0.818501 0.248559
vt 0.807056 0.255631
vt 0.807056 0.248559
f 4541/-1 4540/-2 4542/-3
vt 0.807056 0.255631
vt 0.818501 0.248559
vt 0.818501 0.255631
f 4544/-1 4543/-2 4545/-3
vt 0.818501 0.241487
vt 0.807056 0.248559
vt 0.807056 0.241487
f 4547/-1 4546/-2 4548/-3
vt 0.807056 0.248559
vt 0.818501 0.241487
vt 0.818501 0.248559
f 4550/-1 4549/-2 4551/-3
vt 0.818501 0.234415
vt 0.807056 0.241487
vt 0.807056 0.234415
f 4553/-1 4552/-2 4554/-3
vt 0.807056 0.241487
vt 0.818501 0.234415
vt 0.818501 0.241487
f 4556/-1 4555/-2 4557/-3
vt 0.818501 0.227343
vt 0.807056 0.234415
vt 0.807056 0.227343
f 4559/-1 4558/-2 4560/-3
vt 0.807056 0.234415
vt 0.818501 0.227343
vt 0.818501 0.234415
f 4562/-1 4561/-2 4563/-3
vt 0.818501 0.220271
vt 0.807056 0.227343
vt 0.807056 0.220271
f 4565/-1 4564/-2 4566/-3
vt 0.807056 0.227343
vt 0.818501 0.220271
vt 0.818501 0.227343
f 4568/-1 4567/-2 4569/-3
vt 0.818501 0.213199
vt 0.807056 0.220271
vt 0.807056 0.213199
f 4571/-1 4570/-2 4572/-3
vt 0.807056 0.220271
vt 0.818501 0.213199
vt 0.818501 0.220271
f 4574/-1 4573/-2 4575/-3
vt 0.818501 0.206127
vt 0.807056 0.213199
vt 0.807056 0.206127
f 4577/-1 4576/-2 4578/-3
vt 0.807056 0.213199
vt 0.818501 0.206127
vt 0.818501 0.213199
f 4580/-1 4579/-2 4581/-3
vt 0.818501 0.199055
vt 0.807056 0.206127
vt 0.807056 0.199055
f 4583/-1 4582/-2 4584/-3
vt 0.807056 0.206127
vt 0.818501 0.199055
vt 0.818501 0.206127
f 4586/-1 4585/-2 4587/-3
vt 0.818501 0.191983
vt 0.807056 0.199055
vt 0.807056 0.191983
f 4589/-1 4588/-2 4590/-3
vt 0.807056 0.199055
vt 0.818501 0.191983
vt 0.818501 0.199055
f 4592/-1 4591/-2 4593/-3
vt 0.818501 0.184911
vt 0.807056 0.191983
vt 0.807056 0.184911
f 4595/-1 4594/-2 4596/-3
vt 0.807056 0.191983
vt 0.818501 0.184911
vt 0.818501 0.191983
f 4598/-1 4597/-2 4599/-3
vt 0.818501 0.177839
vt 0.807056 0.184911
vt 0.807056 0.177839
f 4601/-1 4600/-2 4602/-3
vt 0.807056 0.184911
vt 0.818501 0.177839
vt 0.818501 0.184911
f 4604/-1 4603/-2 4605/-3
vt 0.818501 0.170767
vt 0.807056 0.177839
vt 0.807056 0.170767
f 4607/-1 4606/-2 4608/-3
vt 0.807056 0.177839
vt 0.818501 0.170767
vt 0.818501 0.177839
f 4610/-1 4609/-2 4611/-3
vt 0.818501 0.163695
vt 0.807056 0.170767
vt 0.807056 0.163695
f 4613/-1 4612/-2 4614/-3
vt 0.807056 0.170767
vt 0.818501 0.163695
vt 0.818501 0.170767
f 4616/-1 4615/-2 4617/-3
vt 0.818501 0.156623
vt 0.807056 0.163695
vt 0.807056 0.156623
f 4619/-1 4618/-2 4620/-3
vt 0.807056 0.163695
vt 0.818501 0.156623
vt 0.818501 0.163695
f 4622/-1 4621/-2 4623/-3
vt 0.818501 0.149551
vt 0.807056 0.156623
vt 0.807056 0.149551
f 4625/-1 4624/-2 4626/-3
vt 0.807056 0.156623
vt 0.818501 0.149551
vt 0.818501 0.156623
f 4628/-1 4627/-2 4629/-3
vt 0.818501 0.142479
vt 0.807056 0.149551
vt 0.807056 0.142479
f 4631/-1 4630/-2 4632/-3
vt 0.807056 0.149551
vt 0.818501 0.142479
vt 0.818501 0.149551
f 4634/-1 4633/-2 4635/-3
vt 0.818501 0.135407
vt 0.807056 0.142479
vt 0.807056 0.135407
f 4637/-1 4636/-2 4638/-3
vt 0.807056 0.142479
vt 0.818501 0.135407
vt 0.818501 0.142479
f 4640/-1 4639/-2 4641/-3
vt 0.818501 0.128335
vt 0.807056 0.135407
vt 0.807056 0.128335
f 4643/-1 4642/-2 4644/-3
vt 0.807056 0.135407
vt 0.818501 0.128335
vt 0.818501 0.135407
f 4646/-1 4645/-2 4647/-3
vt 0.818501 0.121263
vt 0.807056 0.128335
vt 0.807056 0.121263
f 4649/-1 4648/-2 4650/-3
vt 0.807056 0.128335
vt 0.818501 0.121263
vt 0.818501 0.128335
f 4652/-1 4651/-2 4653/-3
vt 0.818501 0.114191
vt 0.807056 0.121263
vt 0.807056 0.114191
f 4655/-1 4654/-2 4656/-3
vt 0.807056 0.121263
vt 0.818501 0.114191
vt 0.818501 0.121263
f 4658/-1 4657/-2 4659/-3
vt 0.818501 0.107119
vt 0.807056 0.114191
vt 0.807056 0.107119
f 4661/-1 4660/-2 4662/-3
vt 0.807056 0.114191
vt 0.818501 0.107119
vt 0.818501 0.114191
f 4664/-1 4663/-2 4665/-3
vt 0.818501 0.100047
vt 0.807056 0.107119
vt 0.807056 0.100047
f 4667/-1 4666/-2 4668/-3
vt 0.807056 0.107119
vt 0.818501 0.100047
vt 0.818501 0.107119
f 4670/-1 4669/-2 4671/-3
vt 0.818501 0.092975
vt 0.807056 0.100047
vt 0.807056 0.092975
f 4673/-1 4672/-2 4674/-3
vt 0.807056 0.100047
vt 0.818501 0.092975
vt 0.818501 0.100047
f 4676/-1 4675/-2 4677/-3
vt 0.818501 0.085904
vt 0.807056 0.092975
vt 0.807056 0.085904
f 4679/-1 4678/-2 4680/-3
vt 0.807056 0.092975
vt 0.818501 0.085904
vt 0.818501 0.092975
f 4682/-1 4681/-2 4683/-3
vt 0.818501 0.078832
vt 0.807056 0.085904
vt 0.807056 0.078832
f 4685/-1 4684/-2 4686/-3
vt 0.807056 0.085904
vt 0.818501 0.078832
vt 0.818501 0.085904
f 4688/-1 4687/-2 4689/-3
vt 0.818501 0.071759
vt 0.807056 0.078832
vt 0.807056 0.071759
f 4691/-1 4690/-2 4692/-3
vt 0.807056 0.078832
vt 0.818501 0.071759
vt 0.818501 0.078832
f 4694/-1 4693/-2 4695/-3
vt 0.818501 0.064687
vt 0.807056 0.071759
vt 0.807056 0.064687
f 4697/-1 4696/-2 4698/-3
vt 0.807056 0.071759
vt 0.818501 0.064687
vt 0.818501 0.071759
f 4700/-1 4699/-2 4701/-3
vt 0.818501 0.057615
vt 0.807056 0.064687
vt 0.807056 0.057615
f 4703/-1 4702/-2 4704/-3
vt 0.807056 0.064687
vt 0.818501 0.057615
vt 0.818501 0.064687
f 4706/-1 4705/-2 4707/-3
vt 0.818501 0.050544
vt 0.807056 0.057615
vt 0.807056 0.050544
f 4709/-1 4708/-2 4710/-3
vt 0.807056 0.057615
vt 0.818501 0.050544
vt 0.818501 0.057615
f 4712/-1 4711/-2 4713/-3
vt 0.818501 0.043472
vt 0.807056 0.050544
vt 0.807056 0.043472
f 4715/-1 4714/-2 4716/-3
vt 0.807056 0.050544
vt 0.818501 0.043472
vt 0.818501 0.050544
f 4718/-1 4717/-2 4719/-3
vt 0.818501 0.036400
vt 0.807056 0.043472
vt 0.807056 0.036400
f 4721/-1 4720/-2 4722/-3
vt 0.807056 0.043472
vt 0.818501 0.036400
vt 0.818501 0.043472
f 4724/-1 4723/-2 4725/-3
vt 0.818501 0.029328
vt 0.807056 0.036400
vt 0.807056 0.029328
f 4727/-1 4726/-2 4728/-3
vt 0.807056 0.036400
vt 0.818501 0.029328
vt 0.818501 0.036400
f 4730/-1 4729/-2 4731/-3
vt 0.818501 0.022256
vt 0.807056 0.029328
vt 0.807056 0.022256
f 4733/-1 4732/-2 4734/-3
vt 0.807056 0.029328
vt 0.818501 0.022256
vt 0.818501 0.029328
f 4736/-1 4735/-2 4737/-3
vt 0.818501 0.015184
vt 0.807056 0.022256
vt 0.807056 0.015184
f 4739/-1 4738/-2 4740/-3
vt 0.807056 0.022256
vt 0.818501 0.015184
vt 0.818501 0.022256
f 4742/-1 4741/-2 4743/-3
vt 0.818501 0.008112
vt 0.807056 0.015184
vt 0.807056 0.008112
f 4745/-1 4744/-2 4746/-3
vt 0.807056 0.015184
vt 0.818501 0.008112
vt 0.818501 0.015184
f 4748/-1 4747/-2 4749/-3
vt 0.770716 0.252846
vt 0.759199 0.283969
vt 0.759199 0.252846
f 4751/-1 4750/-2 4752/-3
vt 0.759199 0.283969
vt 0.770716 0.252846
vt 0.770716 0.283969
f 4754/-1 4753/-2 4755/-3
vt 0.770716 0.283969
vt 0.759199 0.292923
vt 0.759199 0.283969
f 4757/-1 4756/-2 4758/-3
vt 0.759199 0.292923
vt 0.770716 0.283969
vt 0.770716 0.292923
f 4760/-1 4759/-2 4761/-3
vt 0.770716 0.292923
vt 0.759199 0.300690
vt 0.759199 0.292923
f 4763/-1 4762/-2 4764/-3
vt 0.759199 0.300690
vt 0.770716 0.292923
vt 0.770716 0.300690
f 4766/-1 4765/-2 4767/-3
vt 0.770716 0.300690
vt 0.759199 0.308637
vt 0.759199 0.300690
f 4769/-1 4768/-2 4770/-3
vt 0.759199 0.308637
vt 0.770716 0.300690
vt 0.770716 0.308637
f 4772/-1 4771/-2 4773/-3
vt 0.770716 0.308637
vt 0.759199 0.318126
vt 0.759199 0.308637
f 4775/-1 4774/-2 4776/-3
vt 0.759199 0.318126
vt 0.770716 0.308637
vt 0.770716 0.318126
f 4778/-1 4777/-2 4779/-3
vt 0.770716 0.318126
vt 0.759199 0.326783
vt 0.759199 0.318126
f 4781/-1 4780/-2 4782/-3
vt 0.759199 0.326783
vt 0.770716 0.318126
vt 0.770716 0.326783
f 4784/-1 4783/-2 4785/-3
vt 0.770400 0.332404
vt 0.782280 0.324285
vt 0.782280 0.332404
f 4787/-1 4786/-2 4788/-3
vt 0.782280 0.324285
vt 0.770400 0.332404
vt 0.770400 0.324285
f 4790/-1 4789/-2 4791/-3
vt 0.770400 0.324285
vt 0.782280 0.311559
vt 0.782280 0.324285
f 4793/-1 4792/-2 4794/-3
vt 0.782280 0.311559
vt 0.770400 0.324285
vt 0.770400 0.311559
f 4796/-1 4795/-2 4797/-3
vt 0.770400 0.311559
vt 0.782280 0.258912
vt 0.782280 0.311559
f 4799/-1 4798/-2 4800/-3
vt 0.782280 0.258912
vt 0.770400 0.311559
vt 0.770400 0.258912
f 4802/-1 4801/-2 4803/-3
vt 0.770400 0.258912
vt 0.782280 0.196027
vt 0.782280 0.258912
f 4805/-1 4804/-2 4806/-3
vt 0.782280 0.196027
vt 0.770400 0.258912
vt 0.770400 0.196027
f 4808/-1 4807/-2 4809/-3
vt 0.770400 0.196027
vt 0.782280 0.141709
vt 0.782280 0.196027
f 4811/-1 4810/-2 4812/-3
vt 0.782280 0.141709
vt 0.770400 0.196027
vt 0.770400 0.141709
f 4814/-1 4813/-2 4815/-3
vt 0.770400 0.141709
vt 0.782280 0.089155
vt 0.782280 0.141709
f 4817/-1 4816/-2 4818/-3
vt 0.782280 0.089155
vt 0.770400 0.141709
vt 0.770400 0.089155
f 4820/-1 4819/-2 4821/-3
vt 0.770400 0.089155
vt 0.782280 0.039334
vt 0.782280 0.089155
f 4823/-1 4822/-2 4824/-3
vt 0.782280 0.039334
vt 0.770400 0.089155
vt 0.770400 0.039334
f 4826/-1 4825/-2 4827/-3
vt 0.770400 0.039334
vt 0.782280 0.002000
vt 0.782280 0.039334
f 4829/-1 4828/-2 4830/-3
vt 0.782280 0.002000
vt 0.770400 0.039334
vt 0.770400 0.002000
f 4832/-1 4831/-2 4833/-3
vt 0.802585 0.003122
vt 0.807808 0.003122
vt 0.807056 0.008112
f 4835/-1 4834/-2 4836/-3
vt 0.807056 0.319279
vt 0.802585 0.318313
vt 0.802585 0.311629
f 4838/-1 4837/-2 4839/-3
vt 0.802585 0.318313
vt 0.807056 0.319279
vt 0.807056 0.326351
f 4841/-1 4840/-2 4842/-3
vt 0.807056 0.312207
vt 0.802585 0.311629
vt 0.802585 0.304945
f 4844/-1 4843/-2 4845/-3
vt 0.802585 0.311629
vt 0.807056 0.312207
vt 0.807056 0.319279
f 4847/-1 4846/-2 4848/-3
vt 0.807056 0.305135
vt 0.802585 0.304945
vt 0.802585 0.298261
f 4850/-1 4849/-2 4851/-3
vt 0.802585 0.304945
vt 0.807056 0.305135
vt 0.807056 0.312207
f 4853/-1 4852/-2 4854/-3
vt 0.807056 0.298063
vt 0.802585 0.298261
vt 0.802585 0.291577
f 4856/-1 4855/-2 4857/-3
vt 0.802585 0.298261
vt 0.807056 0.298063
vt 0.807056 0.305135
f 4859/-1 4858/-2 4860/-3
vt 0.807056 0.290991
vt 0.802585 0.291577
vt 0.802585 0.284893
f 4862/-1 4861/-2 4863/-3
vt 0.802585 0.291577
vt 0.807056 0.290991
vt 0.807056 0.298063
f 4865/-1 4864/-2 4866/-3
vt 0.807056 0.283919
vt 0.802585 0.284893
vt 0.802585 0.278209
f 4868/-1 4867/-2 4869/-3
vt 0.802585 0.284893
vt 0.807056 0.283919
vt 0.807056 0.290991
f 4871/-1 4870/-2 4872/-3
vt 0.807056 0.276847
vt 0.802585 0.278209
vt 0.802585 0.271525
f 4874/-1 4873/-2 4875/-3
vt 0.802585 0.278209
vt 0.807056 0.276847
vt 0.807056 0.283919
f 4877/-1 4876/-2 4878/-3
vt 0.807056 0.269775
vt 0.802585 0.271525
vt 0.802585 0.264841
f 4880/-1 4879/-2 4881/-3
vt 0.802585 0.271525
vt 0.807056 0.269775
vt 0.807056 0.276847
f 4883/-1 4882/-2 4884/-3
vt 0.807056 0.262703
vt 0.802585 0.264841
vt 0.802585 0.258157
f 4886/-1 4885/-2 4887/-3
vt 0.802585 0.264841
vt 0.807056 0.262703
vt 0.807056 0.269775
f 4889/-1 4888/-2 4890/-3
vt 0.807056 0.255631
vt 0.802585 0.258157
vt 0.802585 0.251473
f 4892/-1 4891/-2 4893/-3
vt 0.802585 0.258157
vt 0.807056 0.255631
vt 0.807056 0.262703
f 4895/-1 4894/-2 4896/-3
vt 0.807056 0.248559
vt 0.802585 0.251473
vt 0.802585 0.244789
f 4898/-1 4897/-2 4899/-3
vt 0.802585 0.251473
vt 0.807056 0.248559
vt 0.807056 0.255631
f 4901/-1 4900/-2 4902/-3
vt 0.807056 0.241487
vt 0.802585 0.244789
vt 0.802585 0.238105
f 4904/-1 4903/-2 4905/-3
vt 0.802585 0.244789
vt 0.807056 0.241487
vt 0.807056 0.248559
f 4907/-1 4906/-2 4908/-3
vt 0.807056 0.234415
vt 0.802585 0.238105
vt 0.802585 0.231421
f 4910/-1 4909/-2 4911/-3
vt 0.802585 0.238105
vt 0.807056 0.234415
vt 0.807056 0.241487
f 4913/-1 4912/-2 4914/-3
vt 0.807056 0.227343
vt 0.802585 0.231421
vt 0.802585 0.224737
f 4916/-1 4915/-2 4917/-3
vt 0.802585 0.231421
vt 0.807056 0.227343
vt 0.807056 0.234415
f 4919/-1 4918/-2 4920/-3
vt 0.807056 0.220271
vt 0.802585 0.224737
vt 0.802585 0.218053
f 4922/-1 4921/-2 4923/-3
vt 0.802585 0.224737
vt 0.807056 0.220271
vt 0.807056 0.227343
f 4925/-1 4924/-2 4926/-3
vt 0.807056 0.213199
vt 0.802585 0.218053
vt 0.802585 0.211369
f 4928/-1 4927/-2 4929/-3
vt 0.802585 0.218053
vt 0.807056 0.213199
vt 0.807056 0.220271
f 4931/-1 4930/-2 4932/-3
vt 0.807056 0.206127
vt 0.802585 0.211369
vt 0.802585 0.204685
f 4934/-1 4933/-2 4935/-3
vt 0.802585 0.211369
vt 0.807056 0.206127
vt 0.807056 0.213199
f 4937/-1 4936/-2 4938/-3
vt 0.807056 0.199055
vt 0.802585 0.204685
vt 0.802585 0.198001
f 4940/-1 4939/-2 4941/-3
vt 0.802585 0.204685
vt 0.807056 0.199055
vt 0.807056 0.206127
f 4943/-1 4942/-2 4944/-3
vt 0.807056 0.191983
vt 0.802585 0.198001
vt 0.802585 0.191317
f 4946/-1 4945/-2 4947/-3
vt 0.802585 0.198001
vt 0.807056 0.191983
vt 0.807056 0.199055
f 4949/-1 4948/-2 4950/-3
vt 0.807056 0.184911
vt 0.802585 0.191317
vt 0.802585 0.184633
f 4952/-1 4951/-2 4953/-3
vt 0.802585 0.191317
vt 0.807056 0.184911
vt 0.807056 0.191983
f 4955/-1 4954/-2 4956/-3
vt 0.807056 0.177839
vt 0.802585 0.184633
vt 0.802585 0.177949
f 4958/-1 4957/-2 4959/-3
vt 0.802585 0.184633
vt 0.807056 0.177839
vt 0.807056 0.184911
f 4961/-1 4960/-2 4962/-3
vt 0.807056 0.170767
vt 0.802585 0.177949
vt 0.802585 0.171265
f 4964/-1 4963/-2 4965/-3
vt 0.802585 0.177949
vt 0.807056 0.170767
vt 0.807056 0.177839
f 4967/-1 4966/-2 4968/-3
vt 0.807056 0.163695
vt 0.802585 0.171265
vt 0.802585 0.164581
f 4970/-1 4969/-2 4971/-3
vt 0.802585 0.171265
vt 0.807056 0.163695
vt 0.807056 0.170767
f 4973/-1 4972/-2 4974/-3
vt 0.807056 0.156623
vt 0.802585 0.164581
vt 0.802585 0.157897
f 4976/-1 4975/-2 4977/-3
vt 0.802585 0.164581
vt 0.807056 0.156623
vt 0.807056 0.163695
f 4979/-1 4978/-2 4980/-3
vt 0.807056 0.149551
vt 0.802585 0.157897
vt 0.802585 0.151213
f 4982/-1 4981/-2 4983/-3
vt 0.802585 0.157897
vt 0.807056 0.149551
vt 0.807056 0.156623
f 4985/-1 4984/-2 4986/-3
vt 0.807056 0.142479
vt 0.802585 0.151213
vt 0.802585 0.144529
f 4988/-1 4987/-2 4989/-3
vt 0.802585 0.151213
vt 0.807056 0.142479
vt 0.807056 0.149551
f 4991/-1 4990/-2 4992/-3
vt 0.807056 0.135407
vt 0.802585 0.144529
vt 0.802585 0.137846
f 4994/-1 4993/-2 4995/-3
vt 0.802585 0.144529
vt 0.807056 0.135407
vt 0.807056 0.142479
f 4997/-1 4996/-2 4998/-3
vt 0.807056 0.128335
vt 0.802585 0.137846
vt 0.802585 0.131161
f 5000/-1 4999/-2 5001/-3
vt 0.802585 0.137846
vt 0.807056 0.128335
vt 0.807056 0.135407
f 5003/-1 5002/-2 5004/-3
vt 0.807056 0.121263
vt 0.802585 0.131161
vt 0.802585 0.124477
f 5006/-1 5005/-2 5007/-3
vt 0.802585 0.131161
vt 0.807056 0.121263
vt 0.807056 0.128335
f 5009/-1 5008/-2 5010/-3
vt 0.807056 0.114191
vt 0.802585 0.124477
vt 0.802585 0.117794
f 5012/-1 5011/-2 5013/-3
vt 0.802585 0.124477
vt 0.807056 0.114191
vt 0.807056 0.121263
f 5015/-1 5014/-2 5016/-3
vt 0.807056 0.107119
vt 0.802585 0.117794
vt 0.802585 0.111110
f 5018/-1 5017/-2 5019/-3
vt 0.802585 0.117794
vt 0.807056 0.107119
vt 0.807056 0.114191
f 5021/-1 5020/-2 5022/-3
vt 0.807056 0.100047
vt 0.802585 0.111110
vt 0.802585 0.104426
f 5024/-1 5023/-2 5025/-3
vt 0.802585 0.111110
vt 0.807056 0.100047
vt 0.807056 0.107119
f 5027/-1 5026/-2 5028/-3
vt 0.807056 0.092975
vt 0.802585 0.104426
vt 0.802585 0.097742
f 5030/-1 5029/-2 5031/-3
vt 0.802585 0.104426
vt 0.807056 0.092975
vt 0.807056 0.100047
f 5033/-1 5032/-2 5034/-3
vt 0.807056 0.085904
vt 0.802585 0.097742
vt 0.802585 0.091058
f 5036/-1 5035/-2 5037/-3
vt 0.802585 0.097742
vt 0.807056 0.085904
vt 0.807056 0.092975
f 5039/-1 5038/-2 5040/-3
vt 0.807056 0.078832
vt 0.802585 0.091058
vt 0.802585 0.084374
f 5042/-1 5041/-2 5043/-3
vt 0.802585 0.091058
vt 0.807056 0.078832
vt 0.807056 0.085904
f 5045/-1 5044/-2 5046/-3
vt 0.807056 0.071759
vt 0.802585 0.084374
vt 0.802585 0.077690
f 5048/-1 5047/-2 5049/-3
vt 0.802585 0.084374
vt 0.807056 0.071759
vt 0.807056 0.078832
f 5051/-1 5050/-2 5052/-3
vt 0.807056 0.064687
vt 0.802585 0.077690
vt 0.802585 0.071006
f 5054/-1 5053/-2 5055/-3
vt 0.802585 0.077690
vt 0.807056 0.064687
vt 0.807056 0.071759
f 5057/-1 5056/-2 5058/-3
vt 0.807056 0.057615
vt 0.802585 0.071006
vt 0.802585 0.064322
f 5060/-1 5059/-2 5061/-3
vt 0.802585 0.071006
vt 0.807056 0.057615
vt 0.807056 0.064687
f 5063/-1 5062/-2 5064/-3
vt 0.807056 0.050544
vt 0.802585 0.064322
vt 0.802585 0.057638
f 5066/-1 5065/-2 5067/-3
vt 0.802585 0.064322
vt 0.807056 0.050544
vt 0.807056 0.057615
f 5069/-1 5068/-2 5070/-3
vt 0.807056 0.043472
vt 0.802585 0.057638
vt 0.802585 0.050954
f 5072/-1 5071/-2 5073/-3
vt 0.802585 0.057638
vt 0.807056 0.043472
vt 0.807056 0.050544
f 5075/-1 5074/-2 5076/-3
vt 0.807056 0.036400
vt 0.802585 0.050954
vt 0.802585 0.044270
f 5078/-1 5077/-2 5079/-3
vt 0.802585 0.050954
vt 0.807056 0.036400
vt 0.807056 0.043472
f 5081/-1 5080/-2 5082/-3
vt 0.807056 0.029328
vt 0.802585 0.044270
vt 0.802585 0.037586
f 5084/-1 5083/-2 5085/-3
vt 0.802585 0.044270
vt 0.807056 0.029328
vt 0.807056 0.036400
f 5087/-1 5086/-2 5088/-3
vt 0.807056 0.022256
vt 0.802585 0.037586
vt 0.802585 0.030902
f 5090/-1 5089/-2 5091/-3
vt 0.802585 0.037586
vt 0.807056 0.022256
vt 0.807056 0.029328
f 5093/-1 5092/-2 5094/-3
vt 0.807056 0.015184
vt 0.802585 0.030902
vt 0.802585 0.024218
f 5096/-1 5095/-2 5097/-3
vt 0.802585 0.030902
vt 0.807056 0.015184
vt 0.807056 0.022256
f 5099/-1 5098/-2 5100/-3
vt 0.807056 0.008112
vt 0.802585 0.024218
vt 0.802585 0.003122
f 5102/-1 5101/-2 5103/-3
vt 0.802585 0.024218
vt 0.807056 0.008112
vt 0.807056 0.015184
f 5105/-1 5104/-2 5106/-3
vt 0.835930 0.002742
vt 0.866130 0.010799
vt 0.835930 0.010799
f 5108/-1 5107/-2 5109/-3
vt 0.866130 0.010799
vt 0.835930 0.002742
vt 0.866931 0.002742
f 5111/-1 5110/-2 5112/-3
vt 0.866931 0.002742
vt 0.874559 0.010799
vt 0.866130 0.010799
f 5114/-1 5113/-2 5115/-3
vt 0.874559 0.010799
vt 0.866931 0.002742
vt 0.875849 0.002742
f 5117/-1 5116/-2 5118/-3
vt 0.875849 0.002742
vt 0.881871 0.010799
vt 0.874559 0.010799
f 5120/-1 5119/-2 5121/-3
vt 0.881871 0.010799
vt 0.875849 0.002742
vt 0.883585 0.002742
f 5123/-1 5122/-2 5124/-3
vt 0.883585 0.002742
vt 0.889353 0.010799
vt 0.881871 0.010799
f 5126/-1 5125/-2 5127/-3
vt 0.889353 0.010799
vt 0.883585 0.002742
vt 0.891502 0.002742
f 5129/-1 5128/-2 5130/-3
vt 0.891502 0.002742
vt 0.898287 0.011672
vt 0.889353 0.010799
f 5132/-1 5131/-2 5133/-3
vt 0.898287 0.011672
vt 0.891502 0.002742
vt 0.900954 0.003665
f 5135/-1 5134/-2 5136/-3
vt 0.900954 0.003665
vt 0.906436 0.015463
vt 0.898287 0.011672
f 5138/-1 5137/-2 5139/-3
vt 0.906436 0.015463
vt 0.900954 0.003665
vt 0.909576 0.007677
f 5141/-1 5140/-2 5142/-3
vt 0.909576 0.007677
vt 0.911457 0.022873
vt 0.906436 0.015463
f 5144/-1 5143/-2 5145/-3
vt 0.911457 0.022873
vt 0.909576 0.007677
vt 0.914889 0.015517
f 5147/-1 5146/-2 5148/-3
vt 0.914889 0.015517
vt 0.913448 0.034487
vt 0.911457 0.022873
f 5150/-1 5149/-2 5151/-3
vt 0.913448 0.034487
vt 0.914889 0.015517
vt 0.916995 0.027806
f 5153/-1 5152/-2 5154/-3
vt 0.782280 0.311559
vt 0.786920 0.254881
vt 0.786920 0.304640
f 5156/-1 5155/-2 5157/-3
vt 0.786920 0.254881
vt 0.782280 0.311559
vt 0.782280 0.258912
f 5159/-1 5158/-2 5160/-3
vt 0.782280 0.258912
vt 0.786920 0.195446
vt 0.786920 0.254881
f 5162/-1 5161/-2 5163/-3
vt 0.786920 0.195446
vt 0.782280 0.258912
vt 0.782280 0.196027
f 5165/-1 5164/-2 5166/-3
vt 0.782280 0.196027
vt 0.786920 0.144109
vt 0.786920 0.195446
f 5168/-1 5167/-2 5169/-3
vt 0.786920 0.144109
vt 0.782280 0.196027
vt 0.782280 0.141709
f 5171/-1 5170/-2 5172/-3
vt 0.782280 0.141709
vt 0.786920 0.094438
vt 0.786920 0.144109
f 5174/-1 5173/-2 5175/-3
vt 0.786920 0.094438
vt 0.782280 0.141709
vt 0.782280 0.089155
f 5177/-1 5176/-2 5178/-3
vt 0.782280 0.089155
vt 0.786920 0.047350
vt 0.786920 0.094438
f 5180/-1 5179/-2 5181/-3
vt 0.786920 0.047350
vt 0.782280 0.089155
vt 0.782280 0.039334
f 5183/-1 5182/-2 5184/-3
vt 0.782280 0.039334
vt 0.786920 0.002000
vt 0.786920 0.047350
f 5186/-1 5185/-2 5187/-3
vt 0.786920 0.002000
vt 0.782280 0.039334
vt 0.782280 0.002000
f 5189/-1 5188/-2 5190/-3
vt 0.866130 0.010799
vt 0.835930 0.017499
vt 0.835930 0.010799
f 5192/-1 5191/-2 5193/-3
vt 0.898287 0.011672
vt 0.881871 0.010799
vt 0.889353 0.010799
f 5195/-1 5194/-2 5196/-3
vt 0.898287 0.011672
vt 0.874559 0.010799
vt 0.881871 0.010799
f 5198/-1 5197/-2 5199/-3
vt 0.898287 0.011672
vt 0.866130 0.010799
vt 0.874559 0.010799
f 5201/-1 5200/-2 5202/-3
vt 0.911457 0.022873
vt 0.898287 0.011672
vt 0.906436 0.015463
f 5204/-1 5203/-2 5205/-3
vt 0.913496 0.082537
vt 0.911457 0.022873
vt 0.913448 0.034487
f 5207/-1 5206/-2 5208/-3
vt 0.913496 0.082537
vt 0.898287 0.011672
vt 0.911457 0.022873
f 5210/-1 5209/-2 5211/-3
vt 0.913496 0.139930
vt 0.898287 0.011672
vt 0.913496 0.082537
f 5213/-1 5212/-2 5214/-3
vt 0.913496 0.139930
vt 0.866130 0.010799
vt 0.898287 0.011672
f 5216/-1 5215/-2 5217/-3
vt 0.835930 0.326731
vt 0.913496 0.282939
vt 0.913496 0.326731
f 5219/-1 5218/-2 5220/-3
vt 0.835930 0.326731
vt 0.913496 0.237469
vt 0.913496 0.282939
f 5222/-1 5221/-2 5223/-3
vt 0.835930 0.326731
vt 0.913496 0.189504
vt 0.913496 0.237469
f 5225/-1 5224/-2 5226/-3
vt 0.835930 0.326731
vt 0.913496 0.139930
vt 0.913496 0.189504
f 5228/-1 5227/-2 5229/-3
vt 0.835930 0.305586
vt 0.913496 0.139930
vt 0.835930 0.326731
f 5231/-1 5230/-2 5232/-3
vt 0.835930 0.305586
vt 0.866130 0.010799
vt 0.913496 0.139930
f 5234/-1 5233/-2 5235/-3
vt 0.835930 0.298886
vt 0.866130 0.010799
vt 0.835930 0.305586
f 5237/-1 5236/-2 5238/-3
vt 0.835930 0.292187
vt 0.866130 0.010799
vt 0.835930 0.298886
f 5240/-1 5239/-2 5241/-3
vt 0.835930 0.285487
vt 0.866130 0.010799
vt 0.835930 0.292187
f 5243/-1 5242/-2 5244/-3
vt 0.835930 0.278787
vt 0.866130 0.010799
vt 0.835930 0.285487
f 5246/-1 5245/-2 5247/-3
vt 0.835930 0.272088
vt 0.866130 0.010799
vt 0.835930 0.278787
f 5249/-1 5248/-2 5250/-3
vt 0.835930 0.265388
vt 0.866130 0.010799
vt 0.835930 0.272088
f 5252/-1 5251/-2 5253/-3
vt 0.835930 0.258688
vt 0.866130 0.010799
vt 0.835930 0.265388
f 5255/-1 5254/-2 5256/-3
vt 0.835930 0.251988
vt 0.866130 0.010799
vt 0.835930 0.258688
f 5258/-1 5257/-2 5259/-3
vt 0.835930 0.245289
vt 0.866130 0.010799
vt 0.835930 0.251988
f 5261/-1 5260/-2 5262/-3
vt 0.835930 0.238589
vt 0.866130 0.010799
vt 0.835930 0.245289
f 5264/-1 5263/-2 5265/-3
vt 0.835930 0.231889
vt 0.866130 0.010799
vt 0.835930 0.238589
f 5267/-1 5266/-2 5268/-3
vt 0.835930 0.225190
vt 0.866130 0.010799
vt 0.835930 0.231889
f 5270/-1 5269/-2 5271/-3
vt 0.835930 0.218490
vt 0.866130 0.010799
vt 0.835930 0.225190
f 5273/-1 5272/-2 5274/-3
vt 0.835930 0.211790
vt 0.866130 0.010799
vt 0.835930 0.218490
f 5276/-1 5275/-2 5277/-3
vt 0.835930 0.205090
vt 0.866130 0.010799
vt 0.835930 0.211790
f 5279/-1 5278/-2 5280/-3
vt 0.835930 0.198391
vt 0.866130 0.010799
vt 0.835930 0.205090
f 5282/-1 5281/-2 5283/-3
vt 0.835930 0.191691
vt 0.866130 0.010799
vt 0.835930 0.198391
f 5285/-1 5284/-2 5286/-3
vt 0.835930 0.184991
vt 0.866130 0.010799
vt 0.835930 0.191691
f 5288/-1 5287/-2 5289/-3
vt 0.835930 0.178292
vt 0.866130 0.010799
vt 0.835930 0.184991
f 5291/-1 5290/-2 5292/-3
vt 0.835930 0.171592
vt 0.866130 0.010799
vt 0.835930 0.178292
f 5294/-1 5293/-2 5295/-3
vt 0.835930 0.164892
vt 0.866130 0.010799
vt 0.835930 0.171592
f 5297/-1 5296/-2 5298/-3
vt 0.835930 0.158193
vt 0.866130 0.010799
vt 0.835930 0.164892
f 5300/-1 5299/-2 5301/-3
vt 0.835930 0.151493
vt 0.866130 0.010799
vt 0.835930 0.158193
f 5303/-1 5302/-2 5304/-3
vt 0.835930 0.144793
vt 0.866130 0.010799
vt 0.835930 0.151493
f 5306/-1 5305/-2 5307/-3
vt 0.835930 0.138093
vt 0.866130 0.010799
vt 0.835930 0.144793
f 5309/-1 5308/-2 5310/-3
vt 0.835930 0.131394
vt 0.866130 0.010799
vt 0.835930 0.138093
f 5312/-1 5311/-2 5313/-3
vt 0.835930 0.124694
vt 0.866130 0.010799
vt 0.835930 0.131394
f 5315/-1 5314/-2 5316/-3
vt 0.835930 0.117994
vt 0.866130 0.010799
vt 0.835930 0.124694
f 5318/-1 5317/-2 5319/-3
vt 0.835930 0.111295
vt 0.866130 0.010799
vt 0.835930 0.117994
f 5321/-1 5320/-2 5322/-3
vt 0.835930 0.104595
vt 0.866130 0.010799
vt 0.835930 0.111295
f 5324/-1 5323/-2 5325/-3
vt 0.835930 0.097895
vt 0.866130 0.010799
vt 0.835930 0.104595
f 5327/-1 5326/-2 5328/-3
vt 0.835930 0.091195
vt 0.866130 0.010799
vt 0.835930 0.097895
f 5330/-1 5329/-2 5331/-3
vt 0.835930 0.084496
vt 0.866130 0.010799
vt 0.835930 0.091195
f 5333/-1 5332/-2 5334/-3
vt 0.835930 0.077796
vt 0.866130 0.010799
vt 0.835930 0.084496
f 5336/-1 5335/-2 5337/-3
vt 0.835930 0.071096
vt 0.866130 0.010799
vt 0.835930 0.077796
f 5339/-1 5338/-2 5340/-3
vt 0.835930 0.064397
vt 0.866130 0.010799
vt 0.835930 0.071096
f 5342/-1 5341/-2 5343/-3
vt 0.835930 0.057697
vt 0.866130 0.010799
vt 0.835930 0.064397
f 5345/-1 5344/-2 5346/-3
vt 0.835930 0.050997
vt 0.866130 0.010799
vt 0.835930 0.057697
f 5348/-1 5347/-2 5349/-3
vt 0.835930 0.044297
vt 0.866130 0.010799
vt 0.835930 0.050997
f 5351/-1 5350/-2 5352/-3
vt 0.835930 0.037598
vt 0.866130 0.010799
vt 0.835930 0.044297
f 5354/-1 5353/-2 5355/-3
vt 0.835930 0.030898
vt 0.866130 0.010799
vt 0.835930 0.037598
f 5357/-1 5356/-2 5358/-3
vt 0.835930 0.024198
vt 0.866130 0.010799
vt 0.835930 0.030898
f 5360/-1 5359/-2 5361/-3
vt 0.835930 0.024198
vt 0.835930 0.017499
vt 0.866130 0.010799
f 5363/-1 5362/-2 5364/-3
vt 0.753231 0.100289
vt 0.750273 0.210903
vt 0.750273 0.100289
f 5366/-1 5365/-2 5367/-3
vt 0.750273 0.210903
vt 0.753231 0.100289
vt 0.753231 0.210903
f 5369/-1 5368/-2 5370/-3
vt 0.753231 0.326429
vt 0.750273 0.210903
vt 0.753231 0.210903
f 5372/-1 5371/-2 5373/-3
vt 0.750273 0.210903
vt 0.753231 0.326429
vt 0.750273 0.326429
f 5375/-1 5374/-2 5376/-3
vt 0.742879 0.074693
vt 0.739891 0.003444
vt 0.742879 0.003444
f 5378/-1 5377/-2 5379/-3
vt 0.739891 0.003444
vt 0.742879 0.074693
vt 0.739891 0.074693
f 5381/-1 5380/-2 5382/-3
vt 0.739891 0.074693
vt 0.742879 0.087436
vt 0.739891 0.087436
f 5384/-1 5383/-2 5385/-3
vt 0.742879 0.087436
vt 0.739891 0.074693
vt 0.742879 0.074693
f 5387/-1 5386/-2 5388/-3
vt 0.742879 0.087436
vt 0.739891 0.095567
vt 0.739891 0.087436
f 5390/-1 5389/-2 5391/-3
vt 0.739891 0.095567
vt 0.742879 0.087436
vt 0.742879 0.095567
f 5393/-1 5392/-2 5394/-3
vt 0.677765 0.076917
vt 0.674775 0.067968
vt 0.677765 0.067968
f 5396/-1 5395/-2 5397/-3
vt 0.674775 0.067968
vt 0.677765 0.076917
vt 0.674775 0.076917
f 5399/-1 5398/-2 5400/-3
vt 0.677765 0.067968
vt 0.674775 0.058159
vt 0.677765 0.058159
f 5402/-1 5401/-2 5403/-3
vt 0.674775 0.058159
vt 0.677765 0.067968
vt 0.674775 0.067968
f 5405/-1 5404/-2 5406/-3
vt 0.677765 0.058159
vt 0.674775 0.049944
vt 0.677765 0.049944
f 5408/-1 5407/-2 5409/-3
vt 0.674775 0.049944
vt 0.677765 0.058159
vt 0.674775 0.058159
f 5411/-1 5410/-2 5412/-3
vt 0.677765 0.049944
vt 0.674775 0.041915
vt 0.677765 0.041915
f 5414/-1 5413/-2 5415/-3
vt 0.674775 0.041915
vt 0.677765 0.049944
vt 0.674775 0.049944
f 5417/-1 5416/-2 5418/-3
vt 0.677765 0.041915
vt 0.674775 0.032716
vt 0.677765 0.032716
f 5420/-1 5419/-2 5421/-3
vt 0.674775 0.032716
vt 0.677765 0.041915
vt 0.674775 0.041915
f 5423/-1 5422/-2 5424/-3
vt 0.698471 0.008791
vt 0.701427 0.104951
vt 0.698469 0.104951
f 5426/-1 5425/-2 5427/-3
vt 0.701427 0.104951
vt 0.698471 0.008791
vt 0.701426 0.008790
f 5429/-1 5428/-2 5430/-3
vt 0.680716 0.133412
vt 0.683675 0.135629
vt 0.680716 0.135629
f 5432/-1 5431/-2 5433/-3
vt 0.680716 0.127958
vt 0.683675 0.135629
vt 0.680716 0.133412
f 5435/-1 5434/-2 5436/-3
vt 0.683675 0.127958
vt 0.683675 0.135629
vt 0.680716 0.127958
f 5438/-1 5437/-2 5439/-3
vt 0.756227 0.210903
vt 0.753269 0.100290
vt 0.756227 0.100290
f 5441/-1 5440/-2 5442/-3
vt 0.753269 0.100290
vt 0.756227 0.210903
vt 0.753269 0.210903
f 5444/-1 5443/-2 5445/-3
vt 0.756226 0.326429
vt 0.753269 0.210903
vt 0.756227 0.210903
f 5447/-1 5446/-2 5448/-3
vt 0.753269 0.210903
vt 0.756226 0.326429
vt 0.753236 0.326429
f 5450/-1 5449/-2 5451/-3
vt 0.747306 0.100289
vt 0.745089 0.210896
vt 0.745089 0.100289
f 5453/-1 5452/-2 5454/-3
vt 0.745089 0.210896
vt 0.747306 0.100289
vt 0.747306 0.210903
f 5456/-1 5455/-2 5457/-3
vt 0.745032 0.087425
vt 0.742869 0.016891
vt 0.745085 0.016890
f 5459/-1 5458/-2 5460/-3
vt 0.742869 0.016891
vt 0.745032 0.087425
vt 0.742870 0.100041
f 5462/-1 5461/-2 5463/-3
vt 0.672675 0.231099
vt 0.677747 0.228883
vt 0.677746 0.231099
f 5465/-1 5464/-2 5466/-3
vt 0.677747 0.228883
vt 0.672675 0.231099
vt 0.672675 0.228883
f 5468/-1 5467/-2 5469/-3
vt 0.677755 0.139753
vt 0.680660 0.137537
vt 0.680660 0.139753
f 5471/-1 5470/-2 5472/-3
vt 0.680660 0.137537
vt 0.677755 0.139753
vt 0.677756 0.137537
f 5474/-1 5473/-2 5475/-3
vt 0.677748 0.177408
vt 0.674844 0.179623
vt 0.674844 0.177408
f 5477/-1 5476/-2 5478/-3
vt 0.674844 0.179623
vt 0.677748 0.177408
vt 0.677749 0.179623
f 5480/-1 5479/-2 5481/-3
vt 0.747306 0.326429
vt 0.745089 0.210896
vt 0.747306 0.210903
f 5483/-1 5482/-2 5484/-3
vt 0.745089 0.210896
vt 0.747306 0.326429
vt 0.745090 0.326428
f 5486/-1 5485/-2 5487/-3
vt 0.677747 0.188803
vt 0.672675 0.179707
vt 0.677747 0.179706
f 5489/-1 5488/-2 5490/-3
vt 0.672675 0.179707
vt 0.677747 0.188803
vt 0.672675 0.188803
f 5492/-1 5491/-2 5493/-3
vt 0.783673 0.007790
vt 0.786628 0.002717
vt 0.786628 0.007789
f 5495/-1 5494/-2 5496/-3
vt 0.786628 0.002717
vt 0.783673 0.007790
vt 0.783637 0.002717
f 5498/-1 5497/-2 5499/-3
vt 0.674836 0.171953
vt 0.677748 0.177408
vt 0.674844 0.177408
f 5501/-1 5500/-2 5502/-3
vt 0.677748 0.177408
vt 0.674836 0.171953
vt 0.677748 0.171953
f 5504/-1 5503/-2 5505/-3
vt 0.680705 0.097457
vt 0.677756 0.088361
vt 0.680712 0.088361
f 5507/-1 5506/-2 5508/-3
vt 0.677756 0.088361
vt 0.680705 0.097457
vt 0.677756 0.097457
f 5510/-1 5509/-2 5511/-3
vt 0.680697 0.105403
vt 0.677756 0.097457
vt 0.680705 0.097457
f 5513/-1 5512/-2 5514/-3
vt 0.677756 0.097457
vt 0.680697 0.105403
vt 0.677756 0.105403
f 5516/-1 5515/-2 5517/-3
vt 0.680689 0.113530
vt 0.677756 0.105403
vt 0.680697 0.105403
f 5519/-1 5518/-2 5520/-3
vt 0.677756 0.105403
vt 0.680689 0.113530
vt 0.677756 0.113530
f 5522/-1 5521/-2 5523/-3
vt 0.680684 0.123234
vt 0.677756 0.113530
vt 0.680689 0.113530
f 5525/-1 5524/-2 5526/-3
vt 0.677756 0.113530
vt 0.680684 0.123234
vt 0.677756 0.123234
f 5528/-1 5527/-2 5529/-3
vt 0.680673 0.132083
vt 0.677756 0.123234
vt 0.680684 0.123234
f 5531/-1 5530/-2 5532/-3
vt 0.677756 0.123234
vt 0.680673 0.132083
vt 0.677756 0.132083
f 5534/-1 5533/-2 5535/-3
vt 0.680660 0.137537
vt 0.677756 0.132083
vt 0.680673 0.132083
f 5537/-1 5536/-2 5538/-3
vt 0.677756 0.132083
vt 0.680660 0.137537
vt 0.677756 0.137537
f 5540/-1 5539/-2 5541/-3
vt 0.674822 0.163104
vt 0.677748 0.171953
vt 0.674836 0.171953
f 5543/-1 5542/-2 5544/-3
vt 0.677748 0.171953
vt 0.674822 0.163104
vt 0.677748 0.163104
f 5546/-1 5545/-2 5547/-3
vt 0.674809 0.153400
vt 0.677748 0.163104
vt 0.674822 0.163104
f 5549/-1 5548/-2 5550/-3
vt 0.677748 0.163104
vt 0.674809 0.153400
vt 0.677748 0.153400
f 5552/-1 5551/-2 5553/-3
vt 0.674794 0.145274
vt 0.677748 0.153400
vt 0.674809 0.153400
f 5555/-1 5554/-2 5556/-3
vt 0.677748 0.153400
vt 0.674794 0.145274
vt 0.677748 0.145274
f 5558/-1 5557/-2 5559/-3
vt 0.674779 0.137327
vt 0.677748 0.145274
vt 0.674794 0.145274
f 5561/-1 5560/-2 5562/-3
vt 0.677748 0.145274
vt 0.674779 0.137327
vt 0.677748 0.137327
f 5564/-1 5563/-2 5565/-3
vt 0.674757 0.128231
vt 0.677748 0.137327
vt 0.674779 0.137327
f 5567/-1 5566/-2 5568/-3
vt 0.677748 0.137327
vt 0.674757 0.128231
vt 0.677748 0.128231
f 5570/-1 5569/-2 5571/-3
vt 0.677747 0.228883
vt 0.672675 0.223428
vt 0.677747 0.223428
f 5573/-1 5572/-2 5574/-3
vt 0.672675 0.223428
vt 0.677747 0.228883
vt 0.672675 0.228883
f 5576/-1 5575/-2 5577/-3
vt 0.677747 0.223428
vt 0.672675 0.214580
vt 0.677747 0.214580
f 5579/-1 5578/-2 5580/-3
vt 0.672675 0.214580
vt 0.677747 0.223428
vt 0.672675 0.223428
f 5582/-1 5581/-2 5583/-3
vt 0.677747 0.214580
vt 0.672675 0.204876
vt 0.677747 0.204876
f 5585/-1 5584/-2 5586/-3
vt 0.672675 0.204876
vt 0.677747 0.214580
vt 0.672675 0.214580
f 5588/-1 5587/-2 5589/-3
vt 0.677747 0.204876
vt 0.672675 0.196749
vt 0.677747 0.196749
f 5591/-1 5590/-2 5592/-3
vt 0.672675 0.196749
vt 0.677747 0.204876
vt 0.672675 0.204876
f 5594/-1 5593/-2 5595/-3
vt 0.677747 0.196749
vt 0.672675 0.188803
vt 0.677747 0.188803
f 5597/-1 5596/-2 5598/-3
vt 0.672675 0.188803
vt 0.677747 0.196749
vt 0.672675 0.196749
f 5600/-1 5599/-2 5601/-3
vt 0.324002 0.173476
vt 0.326960 0.171259
vt 0.326960 0.173476
f 5603/-1 5602/-2 5604/-3
vt 0.767729 0.055999
vt 0.770687 0.012277
vt 0.767729 0.063670
f 5606/-1 5605/-2 5607/-3
vt 0.767729 0.047151
vt 0.770687 0.012277
vt 0.767729 0.055999
f 5609/-1 5608/-2 5610/-3
vt 0.767729 0.037447
vt 0.770687 0.012277
vt 0.767729 0.047151
f 5612/-1 5611/-2 5613/-3
vt 0.721200 0.087042
vt 0.721200 0.094907
vt 0.721200 0.079352
f 5615/-1 5614/-2 5616/-3
vt 0.767729 0.029320
vt 0.770687 0.012277
vt 0.767729 0.037447
f 5618/-1 5617/-2 5619/-3
vt 0.767729 0.012277
vt 0.770687 0.012277
vt 0.767729 0.029320
f 5621/-1 5620/-2 5622/-3
vt 0.722203 0.095139
vt 0.724873 0.087363
vt 0.725077 0.092813
f 5624/-1 5623/-2 5625/-3
vt 0.724180 0.068823
vt 0.722203 0.095139
vt 0.723239 0.043671
f 5627/-1 5626/-2 5628/-3
vt 0.761778 0.153657
vt 0.761776 0.169696
vt 0.761777 0.161586
f 5630/-1 5629/-2 5631/-3
vt 0.761778 0.179380
vt 0.761776 0.169696
vt 0.761778 0.153657
f 5633/-1 5632/-2 5634/-3
vt 0.724542 0.078520
vt 0.722203 0.095139
vt 0.724180 0.068823
f 5636/-1 5635/-2 5637/-3
vt 0.724542 0.078520
vt 0.724873 0.087363
vt 0.722203 0.095139
f 5639/-1 5638/-2 5640/-3
vt 0.713283 0.104950
vt 0.716233 0.008686
vt 0.716241 0.104950
f 5642/-1 5641/-2 5643/-3
vt 0.692552 0.008694
vt 0.695501 0.008695
vt 0.692551 0.104960
f 5645/-1 5644/-2 5646/-3
vt 0.710315 0.104950
vt 0.707358 0.008685
vt 0.710298 0.008686
f 5648/-1 5647/-2 5649/-3
vt 0.753269 0.100031
vt 0.753270 0.003766
vt 0.756227 0.100031
f 5651/-1 5650/-2 5652/-3
vt 0.750273 0.100030
vt 0.753206 0.003765
vt 0.753231 0.100030
f 5654/-1 5653/-2 5655/-3
vt 0.689606 0.008697
vt 0.692538 0.008698
vt 0.689605 0.104962
f 5657/-1 5656/-2 5658/-3
vt 0.680712 0.326534
vt 0.677755 0.231217
vt 0.680682 0.231217
f 5660/-1 5659/-2 5661/-3
vt 0.680716 0.326534
vt 0.680717 0.231217
vt 0.683675 0.326534
f 5663/-1 5662/-2 5664/-3
vt 0.733964 0.095107
vt 0.731007 0.003908
vt 0.733924 0.003908
f 5666/-1 5665/-2 5667/-3
vt 0.733969 0.095105
vt 0.733970 0.003906
vt 0.736927 0.095105
f 5669/-1 5668/-2 5670/-3
vt 0.710315 0.008604
vt 0.707412 0.003531
vt 0.710315 0.003531
f 5672/-1 5671/-2 5673/-3
vt 0.716269 0.210890
vt 0.716269 0.205817
vt 0.719172 0.210890
f 5675/-1 5674/-2 5676/-3
vt 0.725081 0.210993
vt 0.728038 0.326518
vt 0.725126 0.326518
f 5678/-1 5677/-2 5679/-3
vt 0.764739 0.063803
vt 0.764737 0.179335
vt 0.761781 0.063810
f 5681/-1 5680/-2 5682/-3
vt 0.716246 0.210987
vt 0.719172 0.326518
vt 0.716247 0.326518
f 5684/-1 5683/-2 5685/-3
vt 0.736927 0.210993
vt 0.736896 0.326518
vt 0.733969 0.210987
f 5687/-1 5686/-2 5688/-3
vt 0.719177 0.210988
vt 0.722117 0.326518
vt 0.719178 0.326518
f 5690/-1 5689/-2 5691/-3
vt 0.731001 0.210993
vt 0.730982 0.326518
vt 0.728043 0.210988
f 5693/-1 5692/-2 5694/-3
vt 0.722121 0.210988
vt 0.725077 0.326518
vt 0.722122 0.326518
f 5696/-1 5695/-2 5697/-3
vt 0.733964 0.210992
vt 0.733961 0.326518
vt 0.731006 0.210988
f 5699/-1 5698/-2 5700/-3
vt 0.739894 0.095271
vt 0.742864 0.210801
vt 0.739895 0.210801
f 5702/-1 5701/-2 5703/-3
vt 0.767702 0.063809
vt 0.767713 0.179335
vt 0.764743 0.063804
f 5705/-1 5704/-2 5706/-3
vt 0.680716 0.119110
vt 0.683675 0.127958
vt 0.680716 0.127958
f 5708/-1 5707/-2 5709/-3
vt 0.683675 0.127958
vt 0.680716 0.119110
vt 0.683675 0.119110
f 5711/-1 5710/-2 5712/-3
vt 0.680716 0.109406
vt 0.683675 0.119110
vt 0.680716 0.119110
f 5714/-1 5713/-2 5715/-3
vt 0.683675 0.119110
vt 0.680716 0.109406
vt 0.683675 0.109406
f 5717/-1 5716/-2 5718/-3
vt 0.680716 0.101279
vt 0.683675 0.109406
vt 0.680716 0.109406
f 5720/-1 5719/-2 5721/-3
vt 0.683675 0.109406
vt 0.680716 0.101279
vt 0.683675 0.101279
f 5723/-1 5722/-2 5724/-3
vt 0.680716 0.093333
vt 0.683675 0.101279
vt 0.680716 0.101279
f 5726/-1 5725/-2 5727/-3
vt 0.683675 0.101279
vt 0.680716 0.093333
vt 0.683675 0.093333
f 5729/-1 5728/-2 5730/-3
vt 0.680716 0.084236
vt 0.683675 0.093333
vt 0.680716 0.093333
f 5732/-1 5731/-2 5733/-3
vt 0.683675 0.093333
vt 0.680716 0.084236
vt 0.683675 0.084236
f 5735/-1 5734/-2 5736/-3
vt 0.710320 0.215908
vt 0.713278 0.326516
vt 0.710320 0.326521
f 5738/-1 5737/-2 5739/-3
vt 0.692538 0.105128
vt 0.692538 0.215736
vt 0.689580 0.105128
f 5741/-1 5740/-2 5742/-3
vt 0.713283 0.215908
vt 0.716241 0.326515
vt 0.713283 0.326521
f 5744/-1 5743/-2 5745/-3
vt 0.689576 0.215914
vt 0.689576 0.326521
vt 0.686618 0.215914
f 5747/-1 5746/-2 5748/-3
vt 0.707357 0.105117
vt 0.710315 0.215730
vt 0.707357 0.215726
f 5750/-1 5749/-2 5751/-3
vt 0.710315 0.215908
vt 0.710315 0.326521
vt 0.707357 0.215908
f 5753/-1 5752/-2 5754/-3
vt 0.695506 0.215908
vt 0.698464 0.326517
vt 0.695506 0.326521
f 5756/-1 5755/-2 5757/-3
vt 0.695501 0.105126
vt 0.695501 0.215735
vt 0.692543 0.105126
f 5759/-1 5758/-2 5760/-3
vt 0.701432 0.215908
vt 0.704390 0.326521
vt 0.701432 0.326516
f 5762/-1 5761/-2 5763/-3
vt 0.701427 0.105117
vt 0.701427 0.215730
vt 0.698469 0.105117
f 5765/-1 5764/-2 5766/-3
vt 0.672207 0.316206
vt 0.664930 0.331104
vt 0.664930 0.316206
f 5768/-1 5767/-2 5769/-3
vt 0.664930 0.331104
vt 0.672207 0.316206
vt 0.672207 0.331104
f 5771/-1 5770/-2 5772/-3
vt 0.664930 0.316206
vt 0.657652 0.331104
vt 0.657652 0.316206
f 5774/-1 5773/-2 5775/-3
vt 0.657652 0.331104
vt 0.664930 0.316206
vt 0.664930 0.331104
f 5777/-1 5776/-2 5778/-3
vt 0.657652 0.316206
vt 0.650375 0.331104
vt 0.650375 0.316206
f 5780/-1 5779/-2 5781/-3
vt 0.650375 0.331104
vt 0.657652 0.316206
vt 0.657652 0.331104
f 5783/-1 5782/-2 5784/-3
vt 0.650375 0.316206
vt 0.643098 0.331104
vt 0.643098 0.316206
f 5786/-1 5785/-2 5787/-3
vt 0.643098 0.331104
vt 0.650375 0.316206
vt 0.650375 0.331104
f 5789/-1 5788/-2 5790/-3
vt 0.643098 0.316206
vt 0.635821 0.331104
vt 0.635821 0.316206
f 5792/-1 5791/-2 5793/-3
vt 0.635821 0.331104
vt 0.643098 0.316206
vt 0.643098 0.331104
f 5795/-1 5794/-2 5796/-3
vt 0.635821 0.316206
vt 0.628543 0.331104
vt 0.628543 0.316206
f 5798/-1 5797/-2 5799/-3
vt 0.628543 0.331104
vt 0.635821 0.316206
vt 0.635821 0.331104
f 5801/-1 5800/-2 5802/-3
vt 0.628543 0.316206
vt 0.621266 0.331104
vt 0.621266 0.316206
f 5804/-1 5803/-2 5805/-3
vt 0.621266 0.331104
vt 0.628543 0.316206
vt 0.628543 0.331104
f 5807/-1 5806/-2 5808/-3
vt 0.621266 0.316206
vt 0.613989 0.331104
vt 0.613989 0.316206
f 5810/-1 5809/-2 5811/-3
vt 0.613989 0.331104
vt 0.621266 0.316206
vt 0.621266 0.331104
f 5813/-1 5812/-2 5814/-3
vt 0.613989 0.316206
vt 0.606712 0.331104
vt 0.606712 0.316206
f 5816/-1 5815/-2 5817/-3
vt 0.606712 0.331104
vt 0.613989 0.316206
vt 0.613989 0.331104
f 5819/-1 5818/-2 5820/-3
vt 0.606712 0.316206
vt 0.599434 0.331104
vt 0.599434 0.316206
f 5822/-1 5821/-2 5823/-3
vt 0.599434 0.331104
vt 0.606712 0.316206
vt 0.606712 0.331104
f 5825/-1 5824/-2 5826/-3
vt 0.599434 0.316206
vt 0.592157 0.331104
vt 0.592157 0.316206
f 5828/-1 5827/-2 5829/-3
vt 0.592157 0.331104
vt 0.599434 0.316206
vt 0.599434 0.331104
f 5831/-1 5830/-2 5832/-3
vt 0.592157 0.316206
vt 0.584880 0.331104
vt 0.584880 0.316206
f 5834/-1 5833/-2 5835/-3
vt 0.584880 0.331104
vt 0.592157 0.316206
vt 0.592157 0.331104
f 5837/-1 5836/-2 5838/-3
vt 0.584880 0.316206
vt 0.577603 0.331104
vt 0.577603 0.316206
f 5840/-1 5839/-2 5841/-3
vt 0.577603 0.331104
vt 0.584880 0.316206
vt 0.584880 0.331104
f 5843/-1 5842/-2 5844/-3
vt 0.577603 0.316206
vt 0.570325 0.331104
vt 0.570325 0.316206
f 5846/-1 5845/-2 5847/-3
vt 0.570325 0.331104
vt 0.577603 0.316206
vt 0.577603 0.331104
f 5849/-1 5848/-2 5850/-3
vt 0.570325 0.316206
vt 0.563048 0.331104
vt 0.563048 0.316206
f 5852/-1 5851/-2 5853/-3
vt 0.563048 0.331104
vt 0.570325 0.316206
vt 0.570325 0.331104
f 5855/-1 5854/-2 5856/-3
vt 0.563048 0.316206
vt 0.555771 0.331104
vt 0.555771 0.316206
f 5858/-1 5857/-2 5859/-3
vt 0.555771 0.331104
vt 0.563048 0.316206
vt 0.563048 0.331104
f 5861/-1 5860/-2 5862/-3
vt 0.555771 0.316206
vt 0.548494 0.331104
vt 0.548494 0.316206
f 5864/-1 5863/-2 5865/-3
vt 0.548494 0.331104
vt 0.555771 0.316206
vt 0.555771 0.331104
f 5867/-1 5866/-2 5868/-3
vt 0.548494 0.316206
vt 0.541216 0.331104
vt 0.541216 0.316206
f 5870/-1 5869/-2 5871/-3
vt 0.541216 0.331104
vt 0.548494 0.316206
vt 0.548494 0.331104
f 5873/-1 5872/-2 5874/-3
vt 0.541216 0.316206
vt 0.533939 0.331104
vt 0.533939 0.316206
f 5876/-1 5875/-2 5877/-3
vt 0.533939 0.331104
vt 0.541216 0.316206
vt 0.541216 0.331104
f 5879/-1 5878/-2 5880/-3
vt 0.533939 0.316206
vt 0.526662 0.331104
vt 0.526662 0.316206
f 5882/-1 5881/-2 5883/-3
vt 0.526662 0.331104
vt 0.533939 0.316206
vt 0.533939 0.331104
f 5885/-1 5884/-2 5886/-3
vt 0.526662 0.316206
vt 0.519385 0.331104
vt 0.519385 0.316206
f 5888/-1 5887/-2 5889/-3
vt 0.519385 0.331104
vt 0.526662 0.316206
vt 0.526662 0.331104
f 5891/-1 5890/-2 5892/-3
vt 0.519385 0.316206
vt 0.512107 0.331104
vt 0.512107 0.316206
f 5894/-1 5893/-2 5895/-3
vt 0.512107 0.331104
vt 0.519385 0.316206
vt 0.519385 0.331104
f 5897/-1 5896/-2 5898/-3
vt 0.512107 0.316206
vt 0.504830 0.331104
vt 0.504830 0.316206
f 5900/-1 5899/-2 5901/-3
vt 0.504830 0.331104
vt 0.512107 0.316206
vt 0.512107 0.331104
f 5903/-1 5902/-2 5904/-3
vt 0.504830 0.316206
vt 0.497553 0.331104
vt 0.497553 0.316206
f 5906/-1 5905/-2 5907/-3
vt 0.497553 0.331104
vt 0.504830 0.316206
vt 0.504830 0.331104
f 5909/-1 5908/-2 5910/-3
vt 0.497553 0.316206
vt 0.490276 0.331104
vt 0.490276 0.316206
f 5912/-1 5911/-2 5913/-3
vt 0.490276 0.331104
vt 0.497553 0.316206
vt 0.497553 0.331104
f 5915/-1 5914/-2 5916/-3
vt 0.490276 0.316206
vt 0.482998 0.331104
vt 0.482998 0.316206
f 5918/-1 5917/-2 5919/-3
vt 0.482998 0.331104
vt 0.490276 0.316206
vt 0.490276 0.331104
f 5921/-1 5920/-2 5922/-3
vt 0.482998 0.316206
vt 0.475721 0.331104
vt 0.475721 0.316206
f 5924/-1 5923/-2 5925/-3
vt 0.475721 0.331104
vt 0.482998 0.316206
vt 0.482998 0.331104
f 5927/-1 5926/-2 5928/-3
vt 0.475721 0.316206
vt 0.468444 0.331104
vt 0.468444 0.316206
f 5930/-1 5929/-2 5931/-3
vt 0.468444 0.331104
vt 0.475721 0.316206
vt 0.475721 0.331104
f 5933/-1 5932/-2 5934/-3
vt 0.468444 0.316206
vt 0.461167 0.331104
vt 0.461167 0.316206
f 5936/-1 5935/-2 5937/-3
vt 0.461167 0.331104
vt 0.468444 0.316206
vt 0.468444 0.331104
f 5939/-1 5938/-2 5940/-3
vt 0.461167 0.316206
vt 0.453890 0.331104
vt 0.453890 0.316206
f 5942/-1 5941/-2 5943/-3
vt 0.453890 0.331104
vt 0.461167 0.316206
vt 0.461167 0.331104
f 5945/-1 5944/-2 5946/-3
vt 0.453890 0.316206
vt 0.446612 0.331104
vt 0.446612 0.316206
f 5948/-1 5947/-2 5949/-3
vt 0.446612 0.331104
vt 0.453890 0.316206
vt 0.453890 0.331104
f 5951/-1 5950/-2 5952/-3
vt 0.446612 0.316206
vt 0.439335 0.331104
vt 0.439335 0.316206
f 5954/-1 5953/-2 5955/-3
vt 0.439335 0.331104
vt 0.446612 0.316206
vt 0.446612 0.331104
f 5957/-1 5956/-2 5958/-3
vt 0.439335 0.316206
vt 0.432058 0.331104
vt 0.432058 0.316206
f 5960/-1 5959/-2 5961/-3
vt 0.432058 0.331104
vt 0.439335 0.316206
vt 0.439335 0.331104
f 5963/-1 5962/-2 5964/-3
vt 0.432058 0.316206
vt 0.424781 0.331104
vt 0.424781 0.316206
f 5966/-1 5965/-2 5967/-3
vt 0.424781 0.331104
vt 0.432058 0.316206
vt 0.432058 0.331104
f 5969/-1 5968/-2 5970/-3
vt 0.424781 0.316206
vt 0.417503 0.331104
vt 0.417503 0.316206
f 5972/-1 5971/-2 5973/-3
vt 0.417503 0.331104
vt 0.424781 0.316206
vt 0.424781 0.331104
f 5975/-1 5974/-2 5976/-3
vt 0.417503 0.316206
vt 0.410226 0.331104
vt 0.410226 0.316206
f 5978/-1 5977/-2 5979/-3
vt 0.410226 0.331104
vt 0.417503 0.316206
vt 0.417503 0.331104
f 5981/-1 5980/-2 5982/-3
vt 0.410226 0.316206
vt 0.402949 0.331104
vt 0.402949 0.316206
f 5984/-1 5983/-2 5985/-3
vt 0.402949 0.331104
vt 0.410226 0.316206
vt 0.410226 0.331104
f 5987/-1 5986/-2 5988/-3
vt 0.402949 0.316206
vt 0.395672 0.331104
vt 0.395672 0.316206
f 5990/-1 5989/-2 5991/-3
vt 0.395672 0.331104
vt 0.402949 0.316206
vt 0.402949 0.331104
f 5993/-1 5992/-2 5994/-3
vt 0.395672 0.316206
vt 0.388394 0.331104
vt 0.388394 0.316206
f 5996/-1 5995/-2 5997/-3
vt 0.388394 0.331104
vt 0.395672 0.316206
vt 0.395672 0.331104
f 5999/-1 5998/-2 6000/-3
vt 0.388394 0.316206
vt 0.381117 0.331104
vt 0.381117 0.316206
f 6002/-1 6001/-2 6003/-3
vt 0.381117 0.331104
vt 0.388394 0.316206
vt 0.388394 0.331104
f 6005/-1 6004/-2 6006/-3
vt 0.381117 0.316206
vt 0.373840 0.331104
vt 0.373840 0.316206
f 6008/-1 6007/-2 6009/-3
vt 0.373840 0.331104
vt 0.381117 0.316206
vt 0.381117 0.331104
f 6011/-1 6010/-2 6012/-3
vt 0.373840 0.316206
vt 0.366563 0.331104
vt 0.366563 0.316206
f 6014/-1 6013/-2 6015/-3
vt 0.366563 0.331104
vt 0.373840 0.316206
vt 0.373840 0.331104
f 6017/-1 6016/-2 6018/-3
vt 0.366563 0.316206
vt 0.359285 0.331104
vt 0.359285 0.316206
f 6020/-1 6019/-2 6021/-3
vt 0.359285 0.331104
vt 0.366563 0.316206
vt 0.366563 0.331104
f 6023/-1 6022/-2 6024/-3
vt 0.359285 0.316206
vt 0.352008 0.331104
vt 0.352008 0.316206
f 6026/-1 6025/-2 6027/-3
vt 0.352008 0.331104
vt 0.359285 0.316206
vt 0.359285 0.331104
f 6029/-1 6028/-2 6030/-3
vt 0.352008 0.316206
vt 0.344731 0.331104
vt 0.344731 0.316206
f 6032/-1 6031/-2 6033/-3
vt 0.344731 0.331104
vt 0.352008 0.316206
vt 0.352008 0.331104
f 6035/-1 6034/-2 6036/-3
vt 0.672207 0.331104
vt 0.664930 0.364520
vt 0.664930 0.331104
f 6038/-1 6037/-2 6039/-3
vt 0.664930 0.364520
vt 0.672207 0.331104
vt 0.672207 0.364520
f 6041/-1 6040/-2 6042/-3
vt 0.664930 0.331104
vt 0.657652 0.364520
vt 0.657652 0.331104
f 6044/-1 6043/-2 6045/-3
vt 0.657652 0.364520
vt 0.664930 0.331104
vt 0.664930 0.364520
f 6047/-1 6046/-2 6048/-3
vt 0.657652 0.331104
vt 0.650375 0.364520
vt 0.650375 0.331104
f 6050/-1 6049/-2 6051/-3
vt 0.650375 0.364520
vt 0.657652 0.331104
vt 0.657652 0.364520
f 6053/-1 6052/-2 6054/-3
vt 0.650375 0.331104
vt 0.643098 0.364520
vt 0.643098 0.331104
f 6056/-1 6055/-2 6057/-3
vt 0.643098 0.364520
vt 0.650375 0.331104
vt 0.650375 0.364520
f 6059/-1 6058/-2 6060/-3
vt 0.643098 0.331104
vt 0.635821 0.364520
vt 0.635821 0.331104
f 6062/-1 6061/-2 6063/-3
vt 0.635821 0.364520
vt 0.643098 0.331104
vt 0.643098 0.364520
f 6065/-1 6064/-2 6066/-3
vt 0.635821 0.331104
vt 0.628543 0.364520
vt 0.628543 0.331104
f 6068/-1 6067/-2 6069/-3
vt 0.628543 0.364520
vt 0.635821 0.331104
vt 0.635821 0.364520
f 6071/-1 6070/-2 6072/-3
vt 0.628543 0.331104
vt 0.621266 0.364520
vt 0.621266 0.331104
f 6074/-1 6073/-2 6075/-3
vt 0.621266 0.364520
vt 0.628543 0.331104
vt 0.628543 0.364520
f 6077/-1 6076/-2 6078/-3
vt 0.621266 0.331104
vt 0.613989 0.364520
vt 0.613989 0.331104
f 6080/-1 6079/-2 6081/-3
vt 0.613989 0.364520
vt 0.621266 0.331104
vt 0.621266 0.364520
f 6083/-1 6082/-2 6084/-3
vt 0.613989 0.331104
vt 0.606712 0.364520
vt 0.606712 0.331104
f 6086/-1 6085/-2 6087/-3
vt 0.606712 0.364520
vt 0.613989 0.331104
vt 0.613989 0.364520
f 6089/-1 6088/-2 6090/-3
vt 0.606712 0.331104
vt 0.599434 0.364520
vt 0.599434 0.331104
f 6092/-1 6091/-2 6093/-3
vt 0.599434 0.364520
vt 0.606712 0.331104
vt 0.606712 0.364520
f 6095/-1 6094/-2 6096/-3
vt 0.599434 0.331104
vt 0.592157 0.364520
vt 0.592157 0.331104
f 6098/-1 6097/-2 6099/-3
vt 0.592157 0.364520
vt 0.599434 0.331104
vt 0.599434 0.364520
f 6101/-1 6100/-2 6102/-3
vt 0.592157 0.331104
vt 0.584880 0.364520
vt 0.584880 0.331104
f 6104/-1 6103/-2 6105/-3
vt 0.584880 0.364520
vt 0.592157 0.331104
vt 0.592157 0.364520
f 6107/-1 6106/-2 6108/-3
vt 0.584880 0.331104
vt 0.577603 0.364520
vt 0.577603 0.331104
f 6110/-1 6109/-2 6111/-3
vt 0.577603 0.364520
vt 0.584880 0.331104
vt 0.584880 0.364520
f 6113/-1 6112/-2 6114/-3
vt 0.577603 0.331104
vt 0.570325 0.364520
vt 0.570325 0.331104
f 6116/-1 6115/-2 6117/-3
vt 0.570325 0.364520
vt 0.577603 0.331104
vt 0.577603 0.364520
f 6119/-1 6118/-2 6120/-3
vt 0.570325 0.331104
vt 0.563048 0.364520
vt 0.563048 0.331104
f 6122/-1 6121/-2 6123/-3
vt 0.563048 0.364520
vt 0.570325 0.331104
vt 0.570325 0.364520
f 6125/-1 6124/-2 6126/-3
vt 0.563048 0.331104
vt 0.555771 0.364520
vt 0.555771 0.331104
f 6128/-1 6127/-2 6129/-3
vt 0.555771 0.364520
vt 0.563048 0.331104
vt 0.563048 0.364520
f 6131/-1 6130/-2 6132/-3
vt 0.555771 0.331104
vt 0.548494 0.364520
vt 0.548494 0.331104
f 6134/-1 6133/-2 6135/-3
vt 0.548494 0.364520
vt 0.555771 0.331104
vt 0.555771 0.364520
f 6137/-1 6136/-2 6138/-3
vt 0.548494 0.331104
vt 0.541216 0.364520
vt 0.541216 0.331104
f 6140/-1 6139/-2 6141/-3
vt 0.541216 0.364520
vt 0.548494 0.331104
vt 0.548494 0.364520
f 6143/-1 6142/-2 6144/-3
vt 0.541216 0.331104
vt 0.533939 0.364520
vt 0.533939 0.331104
f 6146/-1 6145/-2 6147/-3
vt 0.533939 0.364520
vt 0.541216 0.331104
vt 0.541216 0.364520
f 6149/-1 6148/-2 6150/-3
vt 0.533939 0.331104
vt 0.526662 0.364520
vt 0.526662 0.331104
f 6152/-1 6151/-2 6153/-3
vt 0.526662 0.364520
vt 0.533939 0.331104
vt 0.533939 0.364520
f 6155/-1 6154/-2 6156/-3
vt 0.526662 0.331104
vt 0.519385 0.364520
vt 0.519385 0.331104
f 6158/-1 6157/-2 6159/-3
vt 0.519385 0.364520
vt 0.526662 0.331104
vt 0.526662 0.364520
f 6161/-1 6160/-2 6162/-3
vt 0.519385 0.331104
vt 0.512107 0.364520
vt 0.512107 0.331104
f 6164/-1 6163/-2 6165/-3
vt 0.512107 0.364520
vt 0.519385 0.331104
vt 0.519385 0.364520
f 6167/-1 6166/-2 6168/-3
vt 0.512107 0.331104
vt 0.504830 0.364520
vt 0.504830 0.331104
f 6170/-1 6169/-2 6171/-3
vt 0.504830 0.364520
vt 0.512107 0.331104
vt 0.512107 0.364520
f 6173/-1 6172/-2 6174/-3
vt 0.504830 0.331104
vt 0.497553 0.364520
vt 0.497553 0.331104
f 6176/-1 6175/-2 6177/-3
vt 0.497553 0.364520
vt 0.504830 0.331104
vt 0.504830 0.364520
f 6179/-1 6178/-2 6180/-3
vt 0.497553 0.331104
vt 0.490276 0.364520
vt 0.490276 0.331104
f 6182/-1 6181/-2 6183/-3
vt 0.490276 0.364520
vt 0.497553 0.331104
vt 0.497553 0.364520
f 6185/-1 6184/-2 6186/-3
vt 0.490276 0.331104
vt 0.482998 0.364520
vt 0.482998 0.331104
f 6188/-1 6187/-2 6189/-3
vt 0.482998 0.364520
vt 0.490276 0.331104
vt 0.490276 0.364520
f 6191/-1 6190/-2 6192/-3
vt 0.482998 0.331104
vt 0.475721 0.364520
vt 0.475721 0.331104
f 6194/-1 6193/-2 6195/-3
vt 0.475721 0.364520
vt 0.482998 0.331104
vt 0.482998 0.364520
f 6197/-1 6196/-2 6198/-3
vt 0.475721 0.331104
vt 0.468444 0.364520
vt 0.468444 0.331104
f 6200/-1 6199/-2 6201/-3
vt 0.468444 0.364520
vt 0.475721 0.331104
vt 0.475721 0.364520
f 6203/-1 6202/-2 6204/-3
vt 0.468444 0.331104
vt 0.461167 0.364520
vt 0.461167 0.331104
f 6206/-1 6205/-2 6207/-3
vt 0.461167 0.364520
vt 0.468444 0.331104
vt 0.468444 0.364520
f 6209/-1 6208/-2 6210/-3
vt 0.461167 0.331104
vt 0.453890 0.364520
vt 0.453890 0.331104
f 6212/-1 6211/-2 6213/-3
vt 0.453890 0.364520
vt 0.461167 0.331104
vt 0.461167 0.364520
f 6215/-1 6214/-2 6216/-3
vt 0.453890 0.331104
vt 0.446612 0.364520
vt 0.446612 0.331104
f 6218/-1 6217/-2 6219/-3
vt 0.446612 0.364520
vt 0.453890 0.331104
vt 0.453890 0.364520
f 6221/-1 6220/-2 6222/-3
vt 0.446612 0.331104
vt 0.439335 0.364520
vt 0.439335 0.331104
f 6224/-1 6223/-2 6225/-3
vt 0.439335 0.364520
vt 0.446612 0.331104
vt 0.446612 0.364520
f 6227/-1 6226/-2 6228/-3
vt 0.439335 0.331104
vt 0.432058 0.364520
vt 0.432058 0.331104
f 6230/-1 6229/-2 6231/-3
vt 0.432058 0.364520
vt 0.439335 0.331104
vt 0.439335 0.364520
f 6233/-1 6232/-2 6234/-3
vt 0.432058 0.331104
vt 0.424781 0.364520
vt 0.424781 0.331104
f 6236/-1 6235/-2 6237/-3
vt 0.424781 0.364520
vt 0.432058 0.331104
vt 0.432058 0.364520
f 6239/-1 6238/-2 6240/-3
vt 0.424781 0.331104
vt 0.417503 0.364520
vt 0.417503 0.331104
f 6242/-1 6241/-2 6243/-3
vt 0.417503 0.364520
vt 0.424781 0.331104
vt 0.424781 0.364520
f 6245/-1 6244/-2 6246/-3
vt 0.417503 0.331104
vt 0.410226 0.364520
vt 0.410226 0.331104
f 6248/-1 6247/-2 6249/-3
vt 0.410226 0.364520
vt 0.417503 0.331104
vt 0.417503 0.364520
f 6251/-1 6250/-2 6252/-3
vt 0.410226 0.331104
vt 0.402949 0.364520
vt 0.402949 0.331104
f 6254/-1 6253/-2 6255/-3
vt 0.402949 0.364520
vt 0.410226 0.331104
vt 0.410226 0.364520
f 6257/-1 6256/-2 6258/-3
vt 0.402949 0.331104
vt 0.395672 0.364520
vt 0.395672 0.331104
f 6260/-1 6259/-2 6261/-3
vt 0.395672 0.364520
vt 0.402949 0.331104
vt 0.402949 0.364520
f 6263/-1 6262/-2 6264/-3
vt 0.395672 0.331104
vt 0.388394 0.364520
vt 0.388394 0.331104
f 6266/-1 6265/-2 6267/-3
vt 0.388394 0.364520
vt 0.395672 0.331104
vt 0.395672 0.364520
f 6269/-1 6268/-2 6270/-3
vt 0.388394 0.331104
vt 0.381117 0.364520
vt 0.381117 0.331104
f 6272/-1 6271/-2 6273/-3
vt 0.381117 0.364520
vt 0.388394 0.331104
vt 0.388394 0.364520
f 6275/-1 6274/-2 6276/-3
vt 0.381117 0.331104
vt 0.373840 0.364520
vt 0.373840 0.331104
f 6278/-1 6277/-2 6279/-3
vt 0.373840 0.364520
vt 0.381117 0.331104
vt 0.381117 0.364520
f 6281/-1 6280/-2 6282/-3
vt 0.373840 0.331104
vt 0.366563 0.364520
vt 0.366563 0.331104
f 6284/-1 6283/-2 6285/-3
vt 0.366563 0.364520
vt 0.373840 0.331104
vt 0.373840 0.364520
f 6287/-1 6286/-2 6288/-3
vt 0.366563 0.331104
vt 0.359285 0.364520
vt 0.359285 0.331104
f 6290/-1 6289/-2 6291/-3
vt 0.359285 0.364520
vt 0.366563 0.331104
vt 0.366563 0.364520
f 6293/-1 6292/-2 6294/-3
vt 0.359285 0.331104
vt 0.352008 0.364520
vt 0.352008 0.331104
f 6296/-1 6295/-2 6297/-3
vt 0.352008 0.364520
vt 0.359285 0.331104
vt 0.359285 0.364520
f 6299/-1 6298/-2 6300/-3
vt 0.352008 0.331104
vt 0.344731 0.364520
vt 0.344731 0.331104
f 6302/-1 6301/-2 6303/-3
vt 0.344731 0.364520
vt 0.352008 0.331104
vt 0.352008 0.364520
f 6305/-1 6304/-2 6306/-3
vt 0.672207 0.364520
vt 0.664930 0.397935
vt 0.664930 0.364520
f 6308/-1 6307/-2 6309/-3
vt 0.664930 0.397935
vt 0.672207 0.364520
vt 0.672207 0.397935
f 6311/-1 6310/-2 6312/-3
vt 0.664930 0.364520
vt 0.657652 0.397935
vt 0.657652 0.364520
f 6314/-1 6313/-2 6315/-3
vt 0.657652 0.397935
vt 0.664930 0.364520
vt 0.664930 0.397935
f 6317/-1 6316/-2 6318/-3
vt 0.657652 0.364520
vt 0.650375 0.397935
vt 0.650375 0.364520
f 6320/-1 6319/-2 6321/-3
vt 0.650375 0.397935
vt 0.657652 0.364520
vt 0.657652 0.397935
f 6323/-1 6322/-2 6324/-3
vt 0.650375 0.364520
vt 0.643098 0.397935
vt 0.643098 0.364520
f 6326/-1 6325/-2 6327/-3
vt 0.643098 0.397935
vt 0.650375 0.364520
vt 0.650375 0.397935
f 6329/-1 6328/-2 6330/-3
vt 0.643098 0.364520
vt 0.635821 0.397935
vt 0.635821 0.364520
f 6332/-1 6331/-2 6333/-3
vt 0.635821 0.397935
vt 0.643098 0.364520
vt 0.643098 0.397935
f 6335/-1 6334/-2 6336/-3
vt 0.635821 0.364520
vt 0.628543 0.397935
vt 0.628543 0.364520
f 6338/-1 6337/-2 6339/-3
vt 0.628543 0.397935
vt 0.635821 0.364520
vt 0.635821 0.397935
f 6341/-1 6340/-2 6342/-3
vt 0.628543 0.364520
vt 0.621266 0.397935
vt 0.621266 0.364520
f 6344/-1 6343/-2 6345/-3
vt 0.621266 0.397935
vt 0.628543 0.364520
vt 0.628543 0.397935
f 6347/-1 6346/-2 6348/-3
vt 0.621266 0.364520
vt 0.613989 0.397935
vt 0.613989 0.364520
f 6350/-1 6349/-2 6351/-3
vt 0.613989 0.397935
vt 0.621266 0.364520
vt 0.621266 0.397935
f 6353/-1 6352/-2 6354/-3
vt 0.613989 0.364520
vt 0.606712 0.397935
vt 0.606712 0.364520
f 6356/-1 6355/-2 6357/-3
vt 0.606712 0.397935
vt 0.613989 0.364520
vt 0.613989 0.397935
f 6359/-1 6358/-2 6360/-3
vt 0.606712 0.364520
vt 0.599434 0.397935
vt 0.599434 0.364520
f 6362/-1 6361/-2 6363/-3
vt 0.599434 0.397935
vt 0.606712 0.364520
vt 0.606712 0.397935
f 6365/-1 6364/-2 6366/-3
vt 0.599434 0.364520
vt 0.592157 0.397935
vt 0.592157 0.364520
f 6368/-1 6367/-2 6369/-3
vt 0.592157 0.397935
vt 0.599434 0.364520
vt 0.599434 0.397935
f 6371/-1 6370/-2 6372/-3
vt 0.592157 0.364520
vt 0.584880 0.397935
vt 0.584880 0.364520
f 6374/-1 6373/-2 6375/-3
vt 0.584880 0.397935
vt 0.592157 0.364520
vt 0.592157 0.397935
f 6377/-1 6376/-2 6378/-3
vt 0.584880 0.364520
vt 0.577603 0.397935
vt 0.577603 0.364520
f 6380/-1 6379/-2 6381/-3
vt 0.577603 0.397935
vt 0.584880 0.364520
vt 0.584880 0.397935
f 6383/-1 6382/-2 6384/-3
vt 0.577603 0.364520
vt 0.570325 0.397935
vt 0.570325 0.364520
f 6386/-1 6385/-2 6387/-3
vt 0.570325 0.397935
vt 0.577603 0.364520
vt 0.577603 0.397935
f 6389/-1 6388/-2 6390/-3
vt 0.570325 0.364520
vt 0.563048 0.397935
vt 0.563048 0.364520
f 6392/-1 6391/-2 6393/-3
vt 0.563048 0.397935
vt 0.570325 0.364520
vt 0.570325 0.397935
f 6395/-1 6394/-2 6396/-3
vt 0.563048 0.364520
vt 0.555771 0.397935
vt 0.555771 0.364520
f 6398/-1 6397/-2 6399/-3
vt 0.555771 0.397935
vt 0.563048 0.364520
vt 0.563048 0.397935
f 6401/-1 6400/-2 6402/-3
vt 0.555771 0.364520
vt 0.548494 0.397935
vt 0.548494 0.364520
f 6404/-1 6403/-2 6405/-3
vt 0.548494 0.397935
vt 0.555771 0.364520
vt 0.555771 0.397935
f 6407/-1 6406/-2 6408/-3
vt 0.548494 0.364520
vt 0.541216 0.397935
vt 0.541216 0.364520
f 6410/-1 6409/-2 6411/-3
vt 0.541216 0.397935
vt 0.548494 0.364520
vt 0.548494 0.397935
f 6413/-1 6412/-2 6414/-3
vt 0.541216 0.364520
vt 0.533939 0.397935
vt 0.533939 0.364520
f 6416/-1 6415/-2 6417/-3
vt 0.533939 0.397935
vt 0.541216 0.364520
vt 0.541216 0.397935
f 6419/-1 6418/-2 6420/-3
vt 0.533939 0.364520
vt 0.526662 0.397935
vt 0.526662 0.364520
f 6422/-1 6421/-2 6423/-3
vt 0.526662 0.397935
vt 0.533939 0.364520
vt 0.533939 0.397935
f 6425/-1 6424/-2 6426/-3
vt 0.526662 0.364520
vt 0.519385 0.397935
vt 0.519385 0.364520
f 6428/-1 6427/-2 6429/-3
vt 0.519385 0.397935
vt 0.526662 0.364520
vt 0.526662 0.397935
f 6431/-1 6430/-2 6432/-3
vt 0.519385 0.364520
vt 0.512107 0.397935
vt 0.512107 0.364520
f 6434/-1 6433/-2 6435/-3
vt 0.512107 0.397935
vt 0.519385 0.364520
vt 0.519385 0.397935
f 6437/-1 6436/-2 6438/-3
vt 0.512107 0.364520
vt 0.504830 0.397935
vt 0.504830 0.364520
f 6440/-1 6439/-2 6441/-3
vt 0.504830 0.397935
vt 0.512107 0.364520
vt 0.512107 0.397935
f 6443/-1 6442/-2 6444/-3
vt 0.504830 0.364520
vt 0.497553 0.397935
vt 0.497553 0.364520
f 6446/-1 6445/-2 6447/-3
vt 0.497553 0.397935
vt 0.504830 0.364520
vt 0.504830 0.397935
f 6449/-1 6448/-2 6450/-3
vt 0.497553 0.364520
vt 0.490276 0.397935
vt 0.490276 0.364520
f 6452/-1 6451/-2 6453/-3
vt 0.490276 0.397935
vt 0.497553 0.364520
vt 0.497553 0.397935
f 6455/-1 6454/-2 6456/-3
vt 0.490276 0.364520
vt 0.482998 0.397935
vt 0.482998 0.364520
f 6458/-1 6457/-2 6459/-3
vt 0.482998 0.397935
vt 0.490276 0.364520
vt 0.490276 0.397935
f 6461/-1 6460/-2 6462/-3
vt 0.482998 0.364520
vt 0.475721 0.397935
vt 0.475721 0.364520
f 6464/-1 6463/-2 6465/-3
vt 0.475721 0.397935
vt 0.482998 0.364520
vt 0.482998 0.397935
f 6467/-1 6466/-2 6468/-3
vt 0.475721 0.364520
vt 0.468444 0.397935
vt 0.468444 0.364520
f 6470/-1 6469/-2 6471/-3
vt 0.468444 0.397935
vt 0.475721 0.364520
vt 0.475721 0.397935
f 6473/-1 6472/-2 6474/-3
vt 0.468444 0.364520
vt 0.461167 0.397935
vt 0.461167 0.364520
f 6476/-1 6475/-2 6477/-3
vt 0.461167 0.397935
vt 0.468444 0.364520
vt 0.468444 0.397935
f 6479/-1 6478/-2 6480/-3
vt 0.461167 0.364520
vt 0.453890 0.397935
vt 0.453890 0.364520
f 6482/-1 6481/-2 6483/-3
vt 0.453890 0.397935
vt 0.461167 0.364520
vt 0.461167 0.397935
f 6485/-1 6484/-2 6486/-3
vt 0.453890 0.364520
vt 0.446612 0.397935
vt 0.446612 0.364520
f 6488/-1 6487/-2 6489/-3
vt 0.446612 0.397935
vt 0.453890 0.364520
vt 0.453890 0.397935
f 6491/-1 6490/-2 6492/-3
vt 0.446612 0.364520
vt 0.439335 0.397935
vt 0.439335 0.364520
f 6494/-1 6493/-2 6495/-3
vt 0.439335 0.397935
vt 0.446612 0.364520
vt 0.446612 0.397935
f 6497/-1 6496/-2 6498/-3
vt 0.439335 0.364520
vt 0.432058 0.397935
vt 0.432058 0.364520
f 6500/-1 6499/-2 6501/-3
vt 0.432058 0.397935
vt 0.439335 0.364520
vt 0.439335 0.397935
f 6503/-1 6502/-2 6504/-3
vt 0.432058 0.364520
vt 0.424781 0.397935
vt 0.424781 0.364520
f 6506/-1 6505/-2 6507/-3
vt 0.424781 0.397935
vt 0.432058 0.364520
vt 0.432058 0.397935
f 6509/-1 6508/-2 6510/-3
vt 0.424781 0.364520
vt 0.417503 0.397935
vt 0.417503 0.364520
f 6512/-1 6511/-2 6513/-3
vt 0.417503 0.397935
vt 0.424781 0.364520
vt 0.424781 0.397935
f 6515/-1 6514/-2 6516/-3
vt 0.417503 0.364520
vt 0.410226 0.397935
vt 0.410226 0.364520
f 6518/-1 6517/-2 6519/-3
vt 0.410226 0.397935
vt 0.417503 0.364520
vt 0.417503 0.397935
f 6521/-1 6520/-2 6522/-3
vt 0.410226 0.364520
vt 0.402949 0.397935
vt 0.402949 0.364520
f 6524/-1 6523/-2 6525/-3
vt 0.402949 0.397935
vt 0.410226 0.364520
vt 0.410226 0.397935
f 6527/-1 6526/-2 6528/-3
vt 0.402949 0.364520
vt 0.395672 0.397935
vt 0.395672 0.364520
f 6530/-1 6529/-2 6531/-3
vt 0.395672 0.397935
vt 0.402949 0.364520
vt 0.402949 0.397935
f 6533/-1 6532/-2 6534/-3
vt 0.395672 0.364520
vt 0.388394 0.397935
vt 0.388394 0.364520
f 6536/-1 6535/-2 6537/-3
vt 0.388394 0.397935
vt 0.395672 0.364520
vt 0.395672 0.397935
f 6539/-1 6538/-2 6540/-3
vt 0.388394 0.364520
vt 0.381117 0.397935
vt 0.381117 0.364520
f 6542/-1 6541/-2 6543/-3
vt 0.381117 0.397935
vt 0.388394 0.364520
vt 0.388394 0.397935
f 6545/-1 6544/-2 6546/-3
vt 0.381117 0.364520
vt 0.373840 0.397935
vt 0.373840 0.364520
f 6548/-1 6547/-2 6549/-3
vt 0.373840 0.397935
vt 0.381117 0.364520
vt 0.381117 0.397935
f 6551/-1 6550/-2 6552/-3
vt 0.373840 0.364520
vt 0.366563 0.397935
vt 0.366563 0.364520
f 6554/-1 6553/-2 6555/-3
vt 0.366563 0.397935
vt 0.373840 0.364520
vt 0.373840 0.397935
f 6557/-1 6556/-2 6558/-3
vt 0.366563 0.364520
vt 0.359285 0.397935
vt 0.359285 0.364520
f 6560/-1 6559/-2 6561/-3
vt 0.359285 0.397935
vt 0.366563 0.364520
vt 0.366563 0.397935
f 6563/-1 6562/-2 6564/-3
vt 0.359285 0.364520
vt 0.352008 0.397935
vt 0.352008 0.364520
f 6566/-1 6565/-2 6567/-3
vt 0.352008 0.397935
vt 0.359285 0.364520
vt 0.359285 0.397935
f 6569/-1 6568/-2 6570/-3
vt 0.352008 0.364520
vt 0.344731 0.397935
vt 0.344731 0.364520
f 6572/-1 6571/-2 6573/-3
vt 0.344731 0.397935
vt 0.352008 0.364520
vt 0.352008 0.397935
f 6575/-1 6574/-2 6576/-3
vt 0.672207 0.397935
vt 0.664930 0.431351
vt 0.664930 0.397935
f 6578/-1 6577/-2 6579/-3
vt 0.664930 0.431351
vt 0.672207 0.397935
vt 0.672207 0.431351
f 6581/-1 6580/-2 6582/-3
vt 0.664930 0.397935
vt 0.657652 0.431351
vt 0.657652 0.397935
f 6584/-1 6583/-2 6585/-3
vt 0.657652 0.431351
vt 0.664930 0.397935
vt 0.664930 0.431351
f 6587/-1 6586/-2 6588/-3
vt 0.657652 0.397935
vt 0.650375 0.431351
vt 0.650375 0.397935
f 6590/-1 6589/-2 6591/-3
vt 0.650375 0.431351
vt 0.657652 0.397935
vt 0.657652 0.431351
f 6593/-1 6592/-2 6594/-3
vt 0.650375 0.397935
vt 0.643098 0.431351
vt 0.643098 0.397935
f 6596/-1 6595/-2 6597/-3
vt 0.643098 0.431351
vt 0.650375 0.397935
vt 0.650375 0.431351
f 6599/-1 6598/-2 6600/-3
vt 0.643098 0.397935
vt 0.635821 0.431351
vt 0.635821 0.397935
f 6602/-1 6601/-2 6603/-3
vt 0.635821 0.431351
vt 0.643098 0.397935
vt 0.643098 0.431351
f 6605/-1 6604/-2 6606/-3
vt 0.635821 0.397935
vt 0.628543 0.431351
vt 0.628543 0.397935
f 6608/-1 6607/-2 6609/-3
vt 0.628543 0.431351
vt 0.635821 0.397935
vt 0.635821 0.431351
f 6611/-1 6610/-2 6612/-3
vt 0.628543 0.397935
vt 0.621266 0.431351
vt 0.621266 0.397935
f 6614/-1 6613/-2 6615/-3
vt 0.621266 0.431351
vt 0.628543 0.397935
vt 0.628543 0.431351
f 6617/-1 6616/-2 6618/-3
vt 0.621266 0.397935
vt 0.613989 0.431351
vt 0.613989 0.397935
f 6620/-1 6619/-2 6621/-3
vt 0.613989 0.431351
vt 0.621266 0.397935
vt 0.621266 0.431351
f 6623/-1 6622/-2 6624/-3
vt 0.613989 0.397935
vt 0.606712 0.431351
vt 0.606712 0.397935
f 6626/-1 6625/-2 6627/-3
vt 0.606712 0.431351
vt 0.613989 0.397935
vt 0.613989 0.431351
f 6629/-1 6628/-2 6630/-3
vt 0.606712 0.397935
vt 0.599434 0.431351
vt 0.599434 0.397935
f 6632/-1 6631/-2 6633/-3
vt 0.599434 0.431351
vt 0.606712 0.397935
vt 0.606712 0.431351
f 6635/-1 6634/-2 6636/-3
vt 0.599434 0.397935
vt 0.592157 0.431351
vt 0.592157 0.397935
f 6638/-1 6637/-2 6639/-3
vt 0.592157 0.431351
vt 0.599434 0.397935
vt 0.599434 0.431351
f 6641/-1 6640/-2 6642/-3
vt 0.592157 0.397935
vt 0.584880 0.431351
vt 0.584880 0.397935
f 6644/-1 6643/-2 6645/-3
vt 0.584880 0.431351
vt 0.592157 0.397935
vt 0.592157 0.431351
f 6647/-1 6646/-2 6648/-3
vt 0.584880 0.397935
vt 0.577603 0.431351
vt 0.577603 0.397935
f 6650/-1 6649/-2 6651/-3
vt 0.577603 0.431351
vt 0.584880 0.397935
vt 0.584880 0.431351
f 6653/-1 6652/-2 6654/-3
vt 0.577603 0.397935
vt 0.570325 0.431351
vt 0.570325 0.397935
f 6656/-1 6655/-2 6657/-3
vt 0.570325 0.431351
vt 0.577603 0.397935
vt 0.577603 0.431351
f 6659/-1 6658/-2 6660/-3
vt 0.570325 0.397935
vt 0.563048 0.431351
vt 0.563048 0.397935
f 6662/-1 6661/-2 6663/-3
vt 0.563048 0.431351
vt 0.570325 0.397935
vt 0.570325 0.431351
f 6665/-1 6664/-2 6666/-3
vt 0.563048 0.397935
vt 0.555771 0.431351
vt 0.555771 0.397935
f 6668/-1 6667/-2 6669/-3
vt 0.555771 0.431351
vt 0.563048 0.397935
vt 0.563048 0.431351
f 6671/-1 6670/-2 6672/-3
vt 0.555771 0.397935
vt 0.548494 0.431351
vt 0.548494 0.397935
f 6674/-1 6673/-2 6675/-3
vt 0.548494 0.431351
vt 0.555771 0.397935
vt 0.555771 0.431351
f 6677/-1 6676/-2 6678/-3
vt 0.548494 0.397935
vt 0.541216 0.431351
vt 0.541216 0.397935
f 6680/-1 6679/-2 6681/-3
vt 0.541216 0.431351
vt 0.548494 0.397935
vt 0.548494 0.431351
f 6683/-1 6682/-2 6684/-3
vt 0.541216 0.397935
vt 0.533939 0.431351
vt 0.533939 0.397935
f 6686/-1 6685/-2 6687/-3
vt 0.533939 0.431351
vt 0.541216 0.397935
vt 0.541216 0.431351
f 6689/-1 6688/-2 6690/-3
vt 0.533939 0.397935
vt 0.526662 0.431351
vt 0.526662 0.397935
f 6692/-1 6691/-2 6693/-3
vt 0.526662 0.431351
vt 0.533939 0.397935
vt 0.533939 0.431351
f 6695/-1 6694/-2 6696/-3
vt 0.526662 0.397935
vt 0.519385 0.431351
vt 0.519385 0.397935
f 6698/-1 6697/-2 6699/-3
vt 0.519385 0.431351
vt 0.526662 0.397935
vt 0.526662 0.431351
f 6701/-1 6700/-2 6702/-3
vt 0.519385 0.397935
vt 0.512107 0.431351
vt 0.512107 0.397935
f 6704/-1 6703/-2 6705/-3
vt 0.512107 0.431351
vt 0.519385 0.397935
vt 0.519385 0.431351
f 6707/-1 6706/-2 6708/-3
vt 0.512107 0.397935
vt 0.504830 0.431351
vt 0.504830 0.397935
f 6710/-1 6709/-2 6711/-3
vt 0.504830 0.431351
vt 0.512107 0.397935
vt 0.512107 0.431351
f 6713/-1 6712/-2 6714/-3
vt 0.504830 0.397935
vt 0.497553 0.431351
vt 0.497553 0.397935
f 6716/-1 6715/-2 6717/-3
vt 0.497553 0.431351
vt 0.504830 0.397935
vt 0.504830 0.431351
f 6719/-1 6718/-2 6720/-3
vt 0.497553 0.397935
vt 0.490276 0.431351
vt 0.490276 0.397935
f 6722/-1 6721/-2 6723/-3
vt 0.490276 0.431351
vt 0.497553 0.397935
vt 0.497553 0.431351
f 6725/-1 6724/-2 6726/-3
vt 0.490276 0.397935
vt 0.482998 0.431351
vt 0.482998 0.397935
f 6728/-1 6727/-2 6729/-3
vt 0.482998 0.431351
vt 0.490276 0.397935
vt 0.490276 0.431351
f 6731/-1 6730/-2 6732/-3
vt 0.482998 0.397935
vt 0.475721 0.431351
vt 0.475721 0.397935
f 6734/-1 6733/-2 6735/-3
vt 0.475721 0.431351
vt 0.482998 0.397935
vt 0.482998 0.431351
f 6737/-1 6736/-2 6738/-3
vt 0.475721 0.397935
vt 0.468444 0.431351
vt 0.468444 0.397935
f 6740/-1 6739/-2 6741/-3
vt 0.468444 0.431351
vt 0.475721 0.397935
vt 0.475721 0.431351
f 6743/-1 6742/-2 6744/-3
vt 0.468444 0.397935
vt 0.461167 0.431351
vt 0.461167 0.397935
f 6746/-1 6745/-2 6747/-3
vt 0.461167 0.431351
vt 0.468444 0.397935
vt 0.468444 0.431351
f 6749/-1 6748/-2 6750/-3
vt 0.461167 0.397935
vt 0.453890 0.431351
vt 0.453890 0.397935
f 6752/-1 6751/-2 6753/-3
vt 0.453890 0.431351
vt 0.461167 0.397935
vt 0.461167 0.431351
f 6755/-1 6754/-2 6756/-3
vt 0.453890 0.397935
vt 0.446612 0.431351
vt 0.446612 0.397935
f 6758/-1 6757/-2 6759/-3
vt 0.446612 0.431351
vt 0.453890 0.397935
vt 0.453890 0.431351
f 6761/-1 6760/-2 6762/-3
vt 0.446612 0.397935
vt 0.439335 0.431351
vt 0.439335 0.397935
f 6764/-1 6763/-2 6765/-3
vt 0.439335 0.431351
vt 0.446612 0.397935
vt 0.446612 0.431351
f 6767/-1 6766/-2 6768/-3
vt 0.439335 0.397935
vt 0.432058 0.431351
vt 0.432058 0.397935
f 6770/-1 6769/-2 6771/-3
vt 0.432058 0.431351
vt 0.439335 0.397935
vt 0.439335 0.431351
f 6773/-1 6772/-2 6774/-3
vt 0.432058 0.397935
vt 0.424781 0.431351
vt 0.424781 0.397935
f 6776/-1 6775/-2 6777/-3
vt 0.424781 0.431351
vt 0.432058 0.397935
vt 0.432058 0.431351
f 6779/-1 6778/-2 6780/-3
vt 0.424781 0.397935
vt 0.417503 0.431351
vt 0.417503 0.397935
f 6782/-1 6781/-2 6783/-3
vt 0.417503 0.431351
vt 0.424781 0.397935
vt 0.424781 0.431351
f 6785/-1 6784/-2 6786/-3
vt 0.417503 0.397935
vt 0.410226 0.431351
vt 0.410226 0.397935
f 6788/-1 6787/-2 6789/-3
vt 0.410226 0.431351
vt 0.417503 0.397935
vt 0.417503 0.431351
f 6791/-1 6790/-2 6792/-3
vt 0.410226 0.397935
vt 0.402949 0.431351
vt 0.402949 0.397935
f 6794/-1 6793/-2 6795/-3
vt 0.402949 0.431351
vt 0.410226 0.397935
vt 0.410226 0.431351
f 6797/-1 6796/-2 6798/-3
vt 0.402949 0.397935
vt 0.395672 0.431351
vt 0.395672 0.397935
f 6800/-1 6799/-2 6801/-3
vt 0.395672 0.431351
vt 0.402949 0.397935
vt 0.402949 0.431351
f 6803/-1 6802/-2 6804/-3
vt 0.395672 0.397935
vt 0.388394 0.431351
vt 0.388394 0.397935
f 6806/-1 6805/-2 6807/-3
vt 0.388394 0.431351
vt 0.395672 0.397935
vt 0.395672 0.431351
f 6809/-1 6808/-2 6810/-3
vt 0.388394 0.397935
vt 0.381117 0.431351
vt 0.381117 0.397935
f 6812/-1 6811/-2 6813/-3
vt 0.381117 0.431351
vt 0.388394 0.397935
vt 0.388394 0.431351
f 6815/-1 6814/-2 6816/-3
vt 0.381117 0.397935
vt 0.373840 0.431351
vt 0.373840 0.397935
f 6818/-1 6817/-2 6819/-3
vt 0.373840 0.431351
vt 0.381117 0.397935
vt 0.381117 0.431351
f 6821/-1 6820/-2 6822/-3
vt 0.373840 0.397935
vt 0.366563 0.431351
vt 0.366563 0.397935
f 6824/-1 6823/-2 6825/-3
vt 0.366563 0.431351
vt 0.373840 0.397935
vt 0.373840 0.431351
f 6827/-1 6826/-2 6828/-3
vt 0.366563 0.397935
vt 0.359285 0.431351
vt 0.359285 0.397935
f 6830/-1 6829/-2 6831/-3
vt 0.359285 0.431351
vt 0.366563 0.397935
vt 0.366563 0.431351
f 6833/-1 6832/-2 6834/-3
vt 0.359285 0.397935
vt 0.352008 0.431351
vt 0.352008 0.397935
f 6836/-1 6835/-2 6837/-3
vt 0.352008 0.431351
vt 0.359285 0.397935
vt 0.359285 0.431351
f 6839/-1 6838/-2 6840/-3
vt 0.352008 0.397935
vt 0.344731 0.431351
vt 0.344731 0.397935
f 6842/-1 6841/-2 6843/-3
vt 0.344731 0.431351
vt 0.352008 0.397935
vt 0.352008 0.431351
f 6845/-1 6844/-2 6846/-3
vt 0.672207 0.431351
vt 0.664930 0.464767
vt 0.664930 0.431351
f 6848/-1 6847/-2 6849/-3
vt 0.664930 0.464767
vt 0.672207 0.431351
vt 0.672207 0.464767
f 6851/-1 6850/-2 6852/-3
vt 0.664930 0.431351
vt 0.657652 0.464767
vt 0.657652 0.431351
f 6854/-1 6853/-2 6855/-3
vt 0.657652 0.464767
vt 0.664930 0.431351
vt 0.664930 0.464767
f 6857/-1 6856/-2 6858/-3
vt 0.657652 0.431351
vt 0.650375 0.464767
vt 0.650375 0.431351
f 6860/-1 6859/-2 6861/-3
vt 0.650375 0.464767
vt 0.657652 0.431351
vt 0.657652 0.464767
f 6863/-1 6862/-2 6864/-3
vt 0.650375 0.431351
vt 0.643098 0.464767
vt 0.643098 0.431351
f 6866/-1 6865/-2 6867/-3
vt 0.643098 0.464767
vt 0.650375 0.431351
vt 0.650375 0.464767
f 6869/-1 6868/-2 6870/-3
vt 0.643098 0.431351
vt 0.635821 0.464767
vt 0.635821 0.431351
f 6872/-1 6871/-2 6873/-3
vt 0.635821 0.464767
vt 0.643098 0.431351
vt 0.643098 0.464767
f 6875/-1 6874/-2 6876/-3
vt 0.635821 0.431351
vt 0.628543 0.464767
vt 0.628543 0.431351
f 6878/-1 6877/-2 6879/-3
vt 0.628543 0.464767
vt 0.635821 0.431351
vt 0.635821 0.464767
f 6881/-1 6880/-2 6882/-3
vt 0.628543 0.431351
vt 0.621266 0.464767
vt 0.621266 0.431351
f 6884/-1 6883/-2 6885/-3
vt 0.621266 0.464767
vt 0.628543 0.431351
vt 0.628543 0.464767
f 6887/-1 6886/-2 6888/-3
vt 0.621266 0.431351
vt 0.613989 0.464767
vt 0.613989 0.431351
f 6890/-1 6889/-2 6891/-3
vt 0.613989 0.464767
vt 0.621266 0.431351
vt 0.621266 0.464767
f 6893/-1 6892/-2 6894/-3
vt 0.613989 0.431351
vt 0.606712 0.464767
vt 0.606712 0.431351
f 6896/-1 6895/-2 6897/-3
vt 0.606712 0.464767
vt 0.613989 0.431351
vt 0.613989 0.464767
f 6899/-1 6898/-2 6900/-3
vt 0.606712 0.431351
vt 0.599434 0.464767
vt 0.599434 0.431351
f 6902/-1 6901/-2 6903/-3
vt 0.599434 0.464767
vt 0.606712 0.431351
vt 0.606712 0.464767
f 6905/-1 6904/-2 6906/-3
vt 0.599434 0.431351
vt 0.592157 0.464767
vt 0.592157 0.431351
f 6908/-1 6907/-2 6909/-3
vt 0.592157 0.464767
vt 0.599434 0.431351
vt 0.599434 0.464767
f 6911/-1 6910/-2 6912/-3
vt 0.592157 0.431351
vt 0.584880 0.464767
vt 0.584880 0.431351
f 6914/-1 6913/-2 6915/-3
vt 0.584880 0.464767
vt 0.592157 0.431351
vt 0.592157 0.464767
f 6917/-1 6916/-2 6918/-3
vt 0.584880 0.431351
vt 0.577603 0.464767
vt 0.577603 0.431351
f 6920/-1 6919/-2 6921/-3
vt 0.577603 0.464767
vt 0.584880 0.431351
vt 0.584880 0.464767
f 6923/-1 6922/-2 6924/-3
vt 0.577603 0.431351
vt 0.570325 0.464767
vt 0.570325 0.431351
f 6926/-1 6925/-2 6927/-3
vt 0.570325 0.464767
vt 0.577603 0.431351
vt 0.577603 0.464767
f 6929/-1 6928/-2 6930/-3
vt 0.570325 0.431351
vt 0.563048 0.464767
vt 0.563048 0.431351
f 6932/-1 6931/-2 6933/-3
vt 0.563048 0.464767
vt 0.570325 0.431351
vt 0.570325 0.464767
f 6935/-1 6934/-2 6936/-3
vt 0.563048 0.431351
vt 0.555771 0.464767
vt 0.555771 0.431351
f 6938/-1 6937/-2 6939/-3
vt 0.555771 0.464767
vt 0.563048 0.431351
vt 0.563048 0.464767
f 6941/-1 6940/-2 6942/-3
vt 0.555771 0.431351
vt 0.548494 0.464767
vt 0.548494 0.431351
f 6944/-1 6943/-2 6945/-3
vt 0.548494 0.464767
vt 0.555771 0.431351
vt 0.555771 0.464767
f 6947/-1 6946/-2 6948/-3
vt 0.548494 0.431351
vt 0.541216 0.464767
vt 0.541216 0.431351
f 6950/-1 6949/-2 6951/-3
vt 0.541216 0.464767
vt 0.548494 0.431351
vt 0.548494 0.464767
f 6953/-1 6952/-2 6954/-3
vt 0.541216 0.431351
vt 0.533939 0.464767
vt 0.533939 0.431351
f 6956/-1 6955/-2 6957/-3
vt 0.533939 0.464767
vt 0.541216 0.431351
vt 0.541216 0.464767
f 6959/-1 6958/-2 6960/-3
vt 0.533939 0.431351
vt 0.526662 0.464767
vt 0.526662 0.431351
f 6962/-1 6961/-2 6963/-3
vt 0.526662 0.464767
vt 0.533939 0.431351
vt 0.533939 0.464767
f 6965/-1 6964/-2 6966/-3
vt 0.526662 0.431351
vt 0.519385 0.464767
vt 0.519385 0.431351
f 6968/-1 6967/-2 6969/-3
vt 0.519385 0.464767
vt 0.526662 0.431351
vt 0.526662 0.464767
f 6971/-1 6970/-2 6972/-3
vt 0.519385 0.431351
vt 0.512107 0.464767
vt 0.512107 0.431351
f 6974/-1 6973/-2 6975/-3
vt 0.512107 0.464767
vt 0.519385 0.431351
vt 0.519385 0.464767
f 6977/-1 6976/-2 6978/-3
vt 0.512107 0.431351
vt 0.504830 0.464767
vt 0.504830 0.431351
f 6980/-1 6979/-2 6981/-3
vt 0.504830 0.464767
vt 0.512107 0.431351
vt 0.512107 0.464767
f 6983/-1 6982/-2 6984/-3
vt 0.504830 0.431351
vt 0.497553 0.464767
vt 0.497553 0.431351
f 6986/-1 6985/-2 6987/-3
vt 0.497553 0.464767
vt 0.504830 0.431351
vt 0.504830 0.464767
f 6989/-1 6988/-2 6990/-3
vt 0.497553 0.431351
vt 0.490276 0.464767
vt 0.490276 0.431351
f 6992/-1 6991/-2 6993/-3
vt 0.490276 0.464767
vt 0.497553 0.431351
vt 0.497553 0.464767
f 6995/-1 6994/-2 6996/-3
vt 0.490276 0.431351
vt 0.482998 0.464767
vt 0.482998 0.431351
f 6998/-1 6997/-2 6999/-3
vt 0.482998 0.464767
vt 0.490276 0.431351
vt 0.490276 0.464767
f 7001/-1 7000/-2 7002/-3
vt 0.482998 0.431351
vt 0.475721 0.464767
vt 0.475721 0.431351
f 7004/-1 7003/-2 7005/-3
vt 0.475721 0.464767
vt 0.482998 0.431351
vt 0.482998 0.464767
f 7007/-1 7006/-2 7008/-3
vt 0.475721 0.431351
vt 0.468444 0.464767
vt 0.468444 0.431351
f 7010/-1 7009/-2 7011/-3
vt 0.468444 0.464767
vt 0.475721 0.431351
vt 0.475721 0.464767
f 7013/-1 7012/-2 7014/-3
vt 0.468444 0.431351
vt 0.461167 0.464767
vt 0.461167 0.431351
f 7016/-1 7015/-2 7017/-3
vt 0.461167 0.464767
vt 0.468444 0.431351
vt 0.468444 0.464767
f 7019/-1 7018/-2 7020/-3
vt 0.461167 0.431351
vt 0.453890 0.464767
vt 0.453890 0.431351
f 7022/-1 7021/-2 7023/-3
vt 0.453890 0.464767
vt 0.461167 0.431351
vt 0.461167 0.464767
f 7025/-1 7024/-2 7026/-3
vt 0.453890 0.431351
vt 0.446612 0.464767
vt 0.446612 0.431351
f 7028/-1 7027/-2 7029/-3
vt 0.446612 0.464767
vt 0.453890 0.431351
vt 0.453890 0.464767
f 7031/-1 7030/-2 7032/-3
vt 0.446612 0.431351
vt 0.439335 0.464767
vt 0.439335 0.431351
f 7034/-1 7033/-2 7035/-3
vt 0.439335 0.464767
vt 0.446612 0.431351
vt 0.446612 0.464767
f 7037/-1 7036/-2 7038/-3
vt 0.439335 0.431351
vt 0.432058 0.464767
vt 0.432058 0.431351
f 7040/-1 7039/-2 7041/-3
vt 0.432058 0.464767
vt 0.439335 0.431351
vt 0.439335 0.464767
f 7043/-1 7042/-2 7044/-3
vt 0.432058 0.431351
vt 0.424781 0.464767
vt 0.424781 0.431351
f 7046/-1 7045/-2 7047/-3
vt 0.424781 0.464767
vt 0.432058 0.431351
vt 0.432058 0.464767
f 7049/-1 7048/-2 7050/-3
vt 0.424781 0.431351
vt 0.417503 0.464767
vt 0.417503 0.431351
f 7052/-1 7051/-2 7053/-3
vt 0.417503 0.464767
vt 0.424781 0.431351
vt 0.424781 0.464767
f 7055/-1 7054/-2 7056/-3
vt 0.417503 0.431351
vt 0.410226 0.464767
vt 0.410226 0.431351
f 7058/-1 7057/-2 7059/-3
vt 0.410226 0.464767
vt 0.417503 0.431351
vt 0.417503 0.464767
f 7061/-1 7060/-2 7062/-3
vt 0.410226 0.431351
vt 0.402949 0.464767
vt 0.402949 0.431351
f 7064/-1 7063/-2 7065/-3
vt 0.402949 0.464767
vt 0.410226 0.431351
vt 0.410226 0.464767
f 7067/-1 7066/-2 7068/-3
vt 0.402949 0.431351
vt 0.395672 0.464767
vt 0.395672 0.431351
f 7070/-1 7069/-2 7071/-3
vt 0.395672 0.464767
vt 0.402949 0.431351
vt 0.402949 0.464767
f 7073/-1 7072/-2 7074/-3
vt 0.395672 0.431351
vt 0.388394 0.464767
vt 0.388394 0.431351
f 7076/-1 7075/-2 7077/-3
vt 0.388394 0.464767
vt 0.395672 0.431351
vt 0.395672 0.464767
f 7079/-1 7078/-2 7080/-3
vt 0.388394 0.431351
vt 0.381117 0.464767
vt 0.381117 0.431351
f 7082/-1 7081/-2 7083/-3
vt 0.381117 0.464767
vt 0.388394 0.431351
vt 0.388394 0.464767
f 7085/-1 7084/-2 7086/-3
vt 0.381117 0.431351
vt 0.373840 0.464767
vt 0.373840 0.431351
f 7088/-1 7087/-2 7089/-3
vt 0.373840 0.464767
vt 0.381117 0.431351
vt 0.381117 0.464767
f 7091/-1 7090/-2 7092/-3
vt 0.373840 0.431351
vt 0.366563 0.464767
vt 0.366563 0.431351
f 7094/-1 7093/-2 7095/-3
vt 0.366563 0.464767
vt 0.373840 0.431351
vt 0.373840 0.464767
f 7097/-1 7096/-2 7098/-3
vt 0.366563 0.431351
vt 0.359285 0.464767
vt 0.359285 0.431351
f 7100/-1 7099/-2 7101/-3
vt 0.359285 0.464767
vt 0.366563 0.431351
vt 0.366563 0.464767
f 7103/-1 7102/-2 7104/-3
vt 0.359285 0.431351
vt 0.352008 0.464767
vt 0.352008 0.431351
f 7106/-1 7105/-2 7107/-3
vt 0.352008 0.464767
vt 0.359285 0.431351
vt 0.359285 0.464767
f 7109/-1 7108/-2 7110/-3
vt 0.352008 0.431351
vt 0.344731 0.464767
vt 0.344731 0.431351
f 7112/-1 7111/-2 7113/-3
vt 0.344731 0.464767
vt 0.352008 0.431351
vt 0.352008 0.464767
f 7115/-1 7114/-2 7116/-3
vt 0.672207 0.464767
vt 0.664930 0.498183
vt 0.664930 0.464767
f 7118/-1 7117/-2 7119/-3
vt 0.664930 0.498183
vt 0.672207 0.464767
vt 0.672207 0.498183
f 7121/-1 7120/-2 7122/-3
vt 0.664930 0.464767
vt 0.657652 0.498183
vt 0.657652 0.464767
f 7124/-1 7123/-2 7125/-3
vt 0.657652 0.498183
vt 0.664930 0.464767
vt 0.664930 0.498183
f 7127/-1 7126/-2 7128/-3
vt 0.657652 0.464767
vt 0.650375 0.498183
vt 0.650375 0.464767
f 7130/-1 7129/-2 7131/-3
vt 0.650375 0.498183
vt 0.657652 0.464767
vt 0.657652 0.498183
f 7133/-1 7132/-2 7134/-3
vt 0.650375 0.464767
vt 0.643098 0.498183
vt 0.643098 0.464767
f 7136/-1 7135/-2 7137/-3
vt 0.643098 0.498183
vt 0.650375 0.464767
vt 0.650375 0.498183
f 7139/-1 7138/-2 7140/-3
vt 0.643098 0.464767
vt 0.635821 0.498183
vt 0.635821 0.464767
f 7142/-1 7141/-2 7143/-3
vt 0.635821 0.498183
vt 0.643098 0.464767
vt 0.643098 0.498183
f 7145/-1 7144/-2 7146/-3
vt 0.635821 0.464767
vt 0.628543 0.498183
vt 0.628543 0.464767
f 7148/-1 7147/-2 7149/-3
vt 0.628543 0.498183
vt 0.635821 0.464767
vt 0.635821 0.498183
f 7151/-1 7150/-2 7152/-3
vt 0.628543 0.464767
vt 0.621266 0.498183
vt 0.621266 0.464767
f 7154/-1 7153/-2 7155/-3
vt 0.621266 0.498183
vt 0.628543 0.464767
vt 0.628543 0.498183
f 7157/-1 7156/-2 7158/-3
vt 0.621266 0.464767
vt 0.613989 0.498183
vt 0.613989 0.464767
f 7160/-1 7159/-2 7161/-3
vt 0.613989 0.498183
vt 0.621266 0.464767
vt 0.621266 0.498183
f 7163/-1 7162/-2 7164/-3
vt 0.613989 0.464767
vt 0.606712 0.498183
vt 0.606712 0.464767
f 7166/-1 7165/-2 7167/-3
vt 0.606712 0.498183
vt 0.613989 0.464767
vt 0.613989 0.498183
f 7169/-1 7168/-2 7170/-3
vt 0.606712 0.464767
vt 0.599434 0.498183
vt 0.599434 0.464767
f 7172/-1 7171/-2 7173/-3
vt 0.599434 0.498183
vt 0.606712 0.464767
vt 0.606712 0.498183
f 7175/-1 7174/-2 7176/-3
vt 0.599434 0.464767
vt 0.592157 0.498183
vt 0.592157 0.464767
f 7178/-1 7177/-2 7179/-3
vt 0.592157 0.498183
vt 0.599434 0.464767
vt 0.599434 0.498183
f 7181/-1 7180/-2 7182/-3
vt 0.592157 0.464767
vt 0.584880 0.498183
vt 0.584880 0.464767
f 7184/-1 7183/-2 7185/-3
vt 0.584880 0.498183
vt 0.592157 0.464767
vt 0.592157 0.498183
f 7187/-1 7186/-2 7188/-3
vt 0.584880 0.464767
vt 0.577603 0.498183
vt 0.577603 0.464767
f 7190/-1 7189/-2 7191/-3
vt 0.577603 0.498183
vt 0.584880 0.464767
vt 0.584880 0.498183
f 7193/-1 7192/-2 7194/-3
vt 0.577603 0.464767
vt 0.570325 0.498183
vt 0.570325 0.464767
f 7196/-1 7195/-2 7197/-3
vt 0.570325 0.498183
vt 0.577603 0.464767
vt 0.577603 0.498183
f 7199/-1 7198/-2 7200/-3
vt 0.570325 0.464767
vt 0.563048 0.498183
vt 0.563048 0.464767
f 7202/-1 7201/-2 7203/-3
vt 0.563048 0.498183
vt 0.570325 0.464767
vt 0.570325 0.498183
f 7205/-1 7204/-2 7206/-3
vt 0.563048 0.464767
vt 0.555771 0.498183
vt 0.555771 0.464767
f 7208/-1 7207/-2 7209/-3
vt 0.555771 0.498183
vt 0.563048 0.464767
vt 0.563048 0.498183
f 7211/-1 7210/-2 7212/-3
vt 0.555771 0.464767
vt 0.548494 0.498183
vt 0.548494 0.464767
f 7214/-1 7213/-2 7215/-3
vt 0.548494 0.498183
vt 0.555771 0.464767
vt 0.555771 0.498183
f 7217/-1 7216/-2 7218/-3
vt 0.548494 0.464767
vt 0.541216 0.498183
vt 0.541216 0.464767
f 7220/-1 7219/-2 7221/-3
vt 0.541216 0.498183
vt 0.548494 0.464767
vt 0.548494 0.498183
f 7223/-1 7222/-2 7224/-3
vt 0.541216 0.464767
vt 0.533939 0.498183
vt 0.533939 0.464767
f 7226/-1 7225/-2 7227/-3
vt 0.533939 0.498183
vt 0.541216 0.464767
vt 0.541216 0.498183
f 7229/-1 7228/-2 7230/-3
vt 0.533939 0.464767
vt 0.526662 0.498183
vt 0.526662 0.464767
f 7232/-1 7231/-2 7233/-3
vt 0.526662 0.498183
vt 0.533939 0.464767
vt 0.533939 0.498183
f 7235/-1 7234/-2 7236/-3
vt 0.526662 0.464767
vt 0.519385 0.498183
vt 0.519385 0.464767
f 7238/-1 7237/-2 7239/-3
vt 0.519385 0.498183
vt 0.526662 0.464767
vt 0.526662 0.498183
f 7241/-1 7240/-2 7242/-3
vt 0.519385 0.464767
vt 0.512107 0.498183
vt 0.512107 0.464767
f 7244/-1 7243/-2 7245/-3
vt 0.512107 0.498183
vt 0.519385 0.464767
vt 0.519385 0.498183
f 7247/-1 7246/-2 7248/-3
vt 0.512107 0.464767
vt 0.504830 0.498183
vt 0.504830 0.464767
f 7250/-1 7249/-2 7251/-3
vt 0.504830 0.498183
vt 0.512107 0.464767
vt 0.512107 0.498183
f 7253/-1 7252/-2 7254/-3
vt 0.504830 0.464767
vt 0.497553 0.498183
vt 0.497553 0.464767
f 7256/-1 7255/-2 7257/-3
vt 0.497553 0.498183
vt 0.504830 0.464767
vt 0.504830 0.498183
f 7259/-1 7258/-2 7260/-3
vt 0.497553 0.464767
vt 0.490276 0.498183
vt 0.490276 0.464767
f 7262/-1 7261/-2 7263/-3
vt 0.490276 0.498183
vt 0.497553 0.464767
vt 0.497553 0.498183
f 7265/-1 7264/-2 7266/-3
vt 0.490276 0.464767
vt 0.482998 0.498183
vt 0.482998 0.464767
f 7268/-1 7267/-2 7269/-3
vt 0.482998 0.498183
vt 0.490276 0.464767
vt 0.490276 0.498183
f 7271/-1 7270/-2 7272/-3
vt 0.482998 0.464767
vt 0.475721 0.498183
vt 0.475721 0.464767
f 7274/-1 7273/-2 7275/-3
vt 0.475721 0.498183
vt 0.482998 0.464767
vt 0.482998 0.498183
f 7277/-1 7276/-2 7278/-3
vt 0.475721 0.464767
vt 0.468444 0.498183
vt 0.468444 0.464767
f 7280/-1 7279/-2 7281/-3
vt 0.468444 0.498183
vt 0.475721 0.464767
vt 0.475721 0.498183
f 7283/-1 7282/-2 7284/-3
vt 0.468444 0.464767
vt 0.461167 0.498183
vt 0.461167 0.464767
f 7286/-1 7285/-2 7287/-3
vt 0.461167 0.498183
vt 0.468444 0.464767
vt 0.468444 0.498183
f 7289/-1 7288/-2 7290/-3
vt 0.461167 0.464767
vt 0.453890 0.498183
vt 0.453890 0.464767
f 7292/-1 7291/-2 7293/-3
vt 0.453890 0.498183
vt 0.461167 0.464767
vt 0.461167 0.498183
f 7295/-1 7294/-2 7296/-3
vt 0.453890 0.464767
vt 0.446612 0.498183
vt 0.446612 0.464767
f 7298/-1 7297/-2 7299/-3
vt 0.446612 0.498183
vt 0.453890 0.464767
vt 0.453890 0.498183
f 7301/-1 7300/-2 7302/-3
vt 0.446612 0.464767
vt 0.439335 0.498183
vt 0.439335 0.464767
f 7304/-1 7303/-2 7305/-3
vt 0.439335 0.498183
vt 0.446612 0.464767
vt 0.446612 0.498183
f 7307/-1 7306/-2 7308/-3
vt 0.439335 0.464767
vt 0.432058 0.498183
vt 0.432058 0.464767
f 7310/-1 7309/-2 7311/-3
vt 0.432058 0.498183
vt 0.439335 0.464767
vt 0.439335 0.498183
f 7313/-1 7312/-2 7314/-3
vt 0.432058 0.464767
vt 0.424781 0.498183
vt 0.424781 0.464767
f 7316/-1 7315/-2 7317/-3
vt 0.424781 0.498183
vt 0.432058 0.464767
vt 0.432058 0.498183
f 7319/-1 7318/-2 7320/-3
vt 0.424781 0.464767
vt 0.417503 0.498183
vt 0.417503 0.464767
f 7322/-1 7321/-2 7323/-3
vt 0.417503 0.498183
vt 0.424781 0.464767
vt 0.424781 0.498183
f 7325/-1 7324/-2 7326/-3
vt 0.417503 0.464767
vt 0.410226 0.498183
vt 0.410226 0.464767
f 7328/-1 7327/-2 7329/-3
vt 0.410226 0.498183
vt 0.417503 0.464767
vt 0.417503 0.498183
f 7331/-1 7330/-2 7332/-3
vt 0.410226 0.464767
vt 0.402949 0.498183
vt 0.402949 0.464767
f 7334/-1 7333/-2 7335/-3
vt 0.402949 0.498183
vt 0.410226 0.464767
vt 0.410226 0.498183
f 7337/-1 7336/-2 7338/-3
vt 0.402949 0.464767
vt 0.395672 0.498183
vt 0.395672 0.464767
f 7340/-1 7339/-2 7341/-3
vt 0.395672 0.498183
vt 0.402949 0.464767
vt 0.402949 0.498183
f 7343/-1 7342/-2 7344/-3
vt 0.395672 0.464767
vt 0.388394 0.498183
vt 0.388394 0.464767
f 7346/-1 7345/-2 7347/-3
vt 0.388394 0.498183
vt 0.395672 0.464767
vt 0.395672 0.498183
f 7349/-1 7348/-2 7350/-3
vt 0.388394 0.464767
vt 0.381117 0.498183
vt 0.381117 0.464767
f 7352/-1 7351/-2 7353/-3
vt 0.381117 0.498183
vt 0.388394 0.464767
vt 0.388394 0.498183
f 7355/-1 7354/-2 7356/-3
vt 0.381117 0.464767
vt 0.373840 0.498183
vt 0.373840 0.464767
f 7358/-1 7357/-2 7359/-3
vt 0.373840 0.498183
vt 0.381117 0.464767
vt 0.381117 0.498183
f 7361/-1 7360/-2 7362/-3
vt 0.373840 0.464767
vt 0.366563 0.498183
vt 0.366563 0.464767
f 7364/-1 7363/-2 7365/-3
vt 0.366563 0.498183
vt 0.373840 0.464767
vt 0.373840 0.498183
f 7367/-1 7366/-2 7368/-3
vt 0.366563 0.464767
vt 0.359285 0.498183
vt 0.359285 0.464767
f 7370/-1 7369/-2 7371/-3
vt 0.359285 0.498183
vt 0.366563 0.464767
vt 0.366563 0.498183
f 7373/-1 7372/-2 7374/-3
vt 0.359285 0.464767
vt 0.352008 0.498183
vt 0.352008 0.464767
f 7376/-1 7375/-2 7377/-3
vt 0.352008 0.498183
vt 0.359285 0.464767
vt 0.359285 0.498183
f 7379/-1 7378/-2 7380/-3
vt 0.352008 0.464767
vt 0.344731 0.498183
vt 0.344731 0.464767
f 7382/-1 7381/-2 7383/-3
vt 0.344731 0.498183
vt 0.352008 0.464767
vt 0.352008 0.498183
f 7385/-1 7384/-2 7386/-3
vt 0.672207 0.498183
vt 0.664930 0.531599
vt 0.664930 0.498183
f 7388/-1 7387/-2 7389/-3
vt 0.664930 0.531599
vt 0.672207 0.498183
vt 0.672207 0.531599
f 7391/-1 7390/-2 7392/-3
vt 0.664930 0.498183
vt 0.657652 0.531599
vt 0.657652 0.498183
f 7394/-1 7393/-2 7395/-3
vt 0.657652 0.531599
vt 0.664930 0.498183
vt 0.664930 0.531599
f 7397/-1 7396/-2 7398/-3
vt 0.657652 0.498183
vt 0.650375 0.531599
vt 0.650375 0.498183
f 7400/-1 7399/-2 7401/-3
vt 0.650375 0.531599
vt 0.657652 0.498183
vt 0.657652 0.531599
f 7403/-1 7402/-2 7404/-3
vt 0.650375 0.498183
vt 0.643098 0.531599
vt 0.643098 0.498183
f 7406/-1 7405/-2 7407/-3
vt 0.643098 0.531599
vt 0.650375 0.498183
vt 0.650375 0.531599
f 7409/-1 7408/-2 7410/-3
vt 0.643098 0.498183
vt 0.635821 0.531599
vt 0.635821 0.498183
f 7412/-1 7411/-2 7413/-3
vt 0.635821 0.531599
vt 0.643098 0.498183
vt 0.643098 0.531599
f 7415/-1 7414/-2 7416/-3
vt 0.635821 0.498183
vt 0.628543 0.531599
vt 0.628543 0.498183
f 7418/-1 7417/-2 7419/-3
vt 0.628543 0.531599
vt 0.635821 0.498183
vt 0.635821 0.531599
f 7421/-1 7420/-2 7422/-3
vt 0.628543 0.498183
vt 0.621266 0.531599
vt 0.621266 0.498183
f 7424/-1 7423/-2 7425/-3
vt 0.621266 0.531599
vt 0.628543 0.498183
vt 0.628543 0.531599
f 7427/-1 7426/-2 7428/-3
vt 0.621266 0.498183
vt 0.613989 0.531599
vt 0.613989 0.498183
f 7430/-1 7429/-2 7431/-3
vt 0.613989 0.531599
vt 0.621266 0.498183
vt 0.621266 0.531599
f 7433/-1 7432/-2 7434/-3
vt 0.613989 0.498183
vt 0.606712 0.531599
vt 0.606712 0.498183
f 7436/-1 7435/-2 7437/-3
vt 0.606712 0.531599
vt 0.613989 0.498183
vt 0.613989 0.531599
f 7439/-1 7438/-2 7440/-3
vt 0.606712 0.498183
vt 0.599434 0.531599
vt 0.599434 0.498183
f 7442/-1 7441/-2 7443/-3
vt 0.599434 0.531599
vt 0.606712 0.498183
vt 0.606712 0.531599
f 7445/-1 7444/-2 7446/-3
vt 0.599434 0.498183
vt 0.592157 0.531599
vt 0.592157 0.498183
f 7448/-1 7447/-2 7449/-3
vt 0.592157 0.531599
vt 0.599434 0.498183
vt 0.599434 0.531599
f 7451/-1 7450/-2 7452/-3
vt 0.592157 0.498183
vt 0.584880 0.531599
vt 0.584880 0.498183
f 7454/-1 7453/-2 7455/-3
vt 0.584880 0.531599
vt 0.592157 0.498183
vt 0.592157 0.531599
f 7457/-1 7456/-2 7458/-3
vt 0.584880 0.498183
vt 0.577603 0.531599
vt 0.577603 0.498183
f 7460/-1 7459/-2 7461/-3
vt 0.577603 0.531599
vt 0.584880 0.498183
vt 0.584880 0.531599
f 7463/-1 7462/-2 7464/-3
vt 0.577603 0.498183
vt 0.570325 0.531599
vt 0.570325 0.498183
f 7466/-1 7465/-2 7467/-3
vt 0.570325 0.531599
vt 0.577603 0.498183
vt 0.577603 0.531599
f 7469/-1 7468/-2 7470/-3
vt 0.570325 0.498183
vt 0.563048 0.531599
vt 0.563048 0.498183
f 7472/-1 7471/-2 7473/-3
vt 0.563048 0.531599
vt 0.570325 0.498183
vt 0.570325 0.531599
f 7475/-1 7474/-2 7476/-3
vt 0.563048 0.498183
vt 0.555771 0.531599
vt 0.555771 0.498183
f 7478/-1 7477/-2 7479/-3
vt 0.555771 0.531599
vt 0.563048 0.498183
vt 0.563048 0.531599
f 7481/-1 7480/-2 7482/-3
vt 0.555771 0.498183
vt 0.548494 0.531599
vt 0.548494 0.498183
f 7484/-1 7483/-2 7485/-3
vt 0.548494 0.531599
vt 0.555771 0.498183
vt 0.555771 0.531599
f 7487/-1 7486/-2 7488/-3
vt 0.548494 0.498183
vt 0.541216 0.531599
vt 0.541216 0.498183
f 7490/-1 7489/-2 7491/-3
vt 0.541216 0.531599
vt 0.548494 0.498183
vt 0.548494 0.531599
f 7493/-1 7492/-2 7494/-3
vt 0.541216 0.498183
vt 0.533939 0.531599
vt 0.533939 0.498183
f 7496/-1 7495/-2 7497/-3
vt 0.533939 0.531599
vt 0.541216 0.498183
vt 0.541216 0.531599
f 7499/-1 7498/-2 7500/-3
vt 0.533939 0.498183
vt 0.526662 0.531599
vt 0.526662 0.498183
f 7502/-1 7501/-2 7503/-3
vt 0.526662 0.531599
vt 0.533939 0.498183
vt 0.533939 0.531599
f 7505/-1 7504/-2 7506/-3
vt 0.526662 0.498183
vt 0.519385 0.531599
vt 0.519385 0.498183
f 7508/-1 7507/-2 7509/-3
vt 0.519385 0.531599
vt 0.526662 0.498183
vt 0.526662 0.531599
f 7511/-1 7510/-2 7512/-3
vt 0.519385 0.498183
vt 0.512107 0.531599
vt 0.512107 0.498183
f 7514/-1 7513/-2 7515/-3
vt 0.512107 0.531599
vt 0.519385 0.498183
vt 0.519385 0.531599
f 7517/-1 7516/-2 7518/-3
vt 0.512107 0.498183
vt 0.504830 0.531599
vt 0.504830 0.498183
f 7520/-1 7519/-2 7521/-3
vt 0.504830 0.531599
vt 0.512107 0.498183
vt 0.512107 0.531599
f 7523/-1 7522/-2 7524/-3
vt 0.504830 0.498183
vt 0.497553 0.531599
vt 0.497553 0.498183
f 7526/-1 7525/-2 7527/-3
vt 0.497553 0.531599
vt 0.504830 0.498183
vt 0.504830 0.531599
f 7529/-1 7528/-2 7530/-3
vt 0.497553 0.498183
vt 0.490276 0.531599
vt 0.490276 0.498183
f 7532/-1 7531/-2 7533/-3
vt 0.490276 0.531599
vt 0.497553 0.498183
vt 0.497553 0.531599
f 7535/-1 7534/-2 7536/-3
vt 0.490276 0.498183
vt 0.482998 0.531599
vt 0.482998 0.498183
f 7538/-1 7537/-2 7539/-3
vt 0.482998 0.531599
vt 0.490276 0.498183
vt 0.490276 0.531599
f 7541/-1 7540/-2 7542/-3
vt 0.482998 0.498183
vt 0.475721 0.531599
vt 0.475721 0.498183
f 7544/-1 7543/-2 7545/-3
vt 0.475721 0.531599
vt 0.482998 0.498183
vt 0.482998 0.531599
f 7547/-1 7546/-2 7548/-3
vt 0.475721 0.498183
vt 0.468444 0.531599
vt 0.468444 0.498183
f 7550/-1 7549/-2 7551/-3
vt 0.468444 0.531599
vt 0.475721 0.498183
vt 0.475721 0.531599
f 7553/-1 7552/-2 7554/-3
vt 0.468444 0.498183
vt 0.461167 0.531599
vt 0.461167 0.498183
f 7556/-1 7555/-2 7557/-3
vt 0.461167 0.531599
vt 0.468444 0.498183
vt 0.468444 0.531599
f 7559/-1 7558/-2 7560/-3
vt 0.461167 0.498183
vt 0.453890 0.531599
vt 0.453890 0.498183
f 7562/-1 7561/-2 7563/-3
vt 0.453890 0.531599
vt 0.461167 0.498183
vt 0.461167 0.531599
f 7565/-1 7564/-2 7566/-3
vt 0.453890 0.498183
vt 0.446612 0.531599
vt 0.446612 0.498183
f 7568/-1 7567/-2 7569/-3
vt 0.446612 0.531599
vt 0.453890 0.498183
vt 0.453890 0.531599
f 7571/-1 7570/-2 7572/-3
vt 0.446612 0.498183
vt 0.439335 0.531599
vt 0.439335 0.498183
f 7574/-1 7573/-2 7575/-3
vt 0.439335 0.531599
vt 0.446612 0.498183
vt 0.446612 0.531599
f 7577/-1 7576/-2 7578/-3
vt 0.439335 0.498183
vt 0.432058 0.531599
vt 0.432058 0.498183
f 7580/-1 7579/-2 7581/-3
vt 0.432058 0.531599
vt 0.439335 0.498183
vt 0.439335 0.531599
f 7583/-1 7582/-2 7584/-3
vt 0.432058 0.498183
vt 0.424781 0.531599
vt 0.424781 0.498183
f 7586/-1 7585/-2 7587/-3
vt 0.424781 0.531599
vt 0.432058 0.498183
vt 0.432058 0.531599
f 7589/-1 7588/-2 7590/-3
vt 0.424781 0.498183
vt 0.417503 0.531599
vt 0.417503 0.498183
f 7592/-1 7591/-2 7593/-3
vt 0.417503 0.531599
vt 0.424781 0.498183
vt 0.424781 0.531599
f 7595/-1 7594/-2 7596/-3
vt 0.417503 0.498183
vt 0.410226 0.531599
vt 0.410226 0.498183
f 7598/-1 7597/-2 7599/-3
vt 0.410226 0.531599
vt 0.417503 0.498183
vt 0.417503 0.531599
f 7601/-1 7600/-2 7602/-3
vt 0.410226 0.498183
vt 0.402949 0.531599
vt 0.402949 0.498183
f 7604/-1 7603/-2 7605/-3
vt 0.402949 0.531599
vt 0.410226 0.498183
vt 0.410226 0.531599
f 7607/-1 7606/-2 7608/-3
vt 0.402949 0.498183
vt 0.395672 0.531599
vt 0.395672 0.498183
f 7610/-1 7609/-2 7611/-3
vt 0.395672 0.531599
vt 0.402949 0.498183
vt 0.402949 0.531599
f 7613/-1 7612/-2 7614/-3
vt 0.395672 0.498183
vt 0.388394 0.531599
vt 0.388394 0.498183
f 7616/-1 7615/-2 7617/-3
vt 0.388394 0.531599
vt 0.395672 0.498183
vt 0.395672 0.531599
f 7619/-1 7618/-2 7620/-3
vt 0.388394 0.498183
vt 0.381117 0.531599
vt 0.381117 0.498183
f 7622/-1 7621/-2 7623/-3
vt 0.381117 0.531599
vt 0.388394 0.498183
vt 0.388394 0.531599
f 7625/-1 7624/-2 7626/-3
vt 0.381117 0.498183
vt 0.373840 0.531599
vt 0.373840 0.498183
f 7628/-1 7627/-2 7629/-3
vt 0.373840 0.531599
vt 0.381117 0.498183
vt 0.381117 0.531599
f 7631/-1 7630/-2 7632/-3
vt 0.373840 0.498183
vt 0.366563 0.531599
vt 0.366563 0.498183
f 7634/-1 7633/-2 7635/-3
vt 0.366563 0.531599
vt 0.373840 0.498183
vt 0.373840 0.531599
f 7637/-1 7636/-2 7638/-3
vt 0.366563 0.498183
vt 0.359285 0.531599
vt 0.359285 0.498183
f 7640/-1 7639/-2 7641/-3
vt 0.359285 0.531599
vt 0.366563 0.498183
vt 0.366563 0.531599
f 7643/-1 7642/-2 7644/-3
vt 0.359285 0.498183
vt 0.352008 0.531599
vt 0.352008 0.498183
f 7646/-1 7645/-2 7647/-3
vt 0.352008 0.531599
vt 0.359285 0.498183
vt 0.359285 0.531599
f 7649/-1 7648/-2 7650/-3
vt 0.352008 0.498183
vt 0.344731 0.531599
vt 0.344731 0.498183
f 7652/-1 7651/-2 7653/-3
vt 0.344731 0.531599
vt 0.352008 0.498183
vt 0.352008 0.531599
f 7655/-1 7654/-2 7656/-3
vt 0.672207 0.531599
vt 0.664930 0.565015
vt 0.664930 0.531599
f 7658/-1 7657/-2 7659/-3
vt 0.664930 0.565015
vt 0.672207 0.531599
vt 0.672207 0.565015
f 7661/-1 7660/-2 7662/-3
vt 0.664930 0.531599
vt 0.657652 0.565015
vt 0.657652 0.531599
f 7664/-1 7663/-2 7665/-3
vt 0.657652 0.565015
vt 0.664930 0.531599
vt 0.664930 0.565015
f 7667/-1 7666/-2 7668/-3
vt 0.657652 0.531599
vt 0.650375 0.565015
vt 0.650375 0.531599
f 7670/-1 7669/-2 7671/-3
vt 0.650375 0.565015
vt 0.657652 0.531599
vt 0.657652 0.565015
f 7673/-1 7672/-2 7674/-3
vt 0.650375 0.531599
vt 0.643098 0.565015
vt 0.643098 0.531599
f 7676/-1 7675/-2 7677/-3
vt 0.643098 0.565015
vt 0.650375 0.531599
vt 0.650375 0.565015
f 7679/-1 7678/-2 7680/-3
vt 0.643098 0.531599
vt 0.635821 0.565015
vt 0.635821 0.531599
f 7682/-1 7681/-2 7683/-3
vt 0.635821 0.565015
vt 0.643098 0.531599
vt 0.643098 0.565015
f 7685/-1 7684/-2 7686/-3
vt 0.635821 0.531599
vt 0.628543 0.565015
vt 0.628543 0.531599
f 7688/-1 7687/-2 7689/-3
vt 0.628543 0.565015
vt 0.635821 0.531599
vt 0.635821 0.565015
f 7691/-1 7690/-2 7692/-3
vt 0.628543 0.531599
vt 0.621266 0.565015
vt 0.621266 0.531599
f 7694/-1 7693/-2 7695/-3
vt 0.621266 0.565015
vt 0.628543 0.531599
vt 0.628543 0.565015
f 7697/-1 7696/-2 7698/-3
vt 0.621266 0.531599
vt 0.613989 0.565015
vt 0.613989 0.531599
f 7700/-1 7699/-2 7701/-3
vt 0.613989 0.565015
vt 0.621266 0.531599
vt 0.621266 0.565015
f 7703/-1 7702/-2 7704/-3
vt 0.613989 0.531599
vt 0.606712 0.565015
vt 0.606712 0.531599
f 7706/-1 7705/-2 7707/-3
vt 0.606712 0.565015
vt 0.613989 0.531599
vt 0.613989 0.565015
f 7709/-1 7708/-2 7710/-3
vt 0.606712 0.531599
vt 0.599434 0.565015
vt 0.599434 0.531599
f 7712/-1 7711/-2 7713/-3
vt 0.599434 0.565015
vt 0.606712 0.531599
vt 0.606712 0.565015
f 7715/-1 7714/-2 7716/-3
vt 0.599434 0.531599
vt 0.592157 0.565015
vt 0.592157 0.531599
f 7718/-1 7717/-2 7719/-3
vt 0.592157 0.565015
vt 0.599434 0.531599
vt 0.599434 0.565015
f 7721/-1 7720/-2 7722/-3
vt 0.592157 0.531599
vt 0.584880 0.565015
vt 0.584880 0.531599
f 7724/-1 7723/-2 7725/-3
vt 0.584880 0.565015
vt 0.592157 0.531599
vt 0.592157 0.565015
f 7727/-1 7726/-2 7728/-3
vt 0.584880 0.531599
vt 0.577603 0.565015
vt 0.577603 0.531599
f 7730/-1 7729/-2 7731/-3
vt 0.577603 0.565015
vt 0.584880 0.531599
vt 0.584880 0.565015
f 7733/-1 7732/-2 7734/-3
vt 0.577603 0.531599
vt 0.570325 0.565015
vt 0.570325 0.531599
f 7736/-1 7735/-2 7737/-3
vt 0.570325 0.565015
vt 0.577603 0.531599
vt 0.577603 0.565015
f 7739/-1 7738/-2 7740/-3
vt 0.570325 0.531599
vt 0.563048 0.565015
vt 0.563048 0.531599
f 7742/-1 7741/-2 7743/-3
vt 0.563048 0.565015
vt 0.570325 0.531599
vt 0.570325 0.565015
f 7745/-1 7744/-2 7746/-3
vt 0.563048 0.531599
vt 0.555771 0.565015
vt 0.555771 0.531599
f 7748/-1 7747/-2 7749/-3
vt 0.555771 0.565015
vt 0.563048 0.531599
vt 0.563048 0.565015
f 7751/-1 7750/-2 7752/-3
vt 0.555771 0.531599
vt 0.548494 0.565015
vt 0.548494 0.531599
f 7754/-1 7753/-2 7755/-3
vt 0.548494 0.565015
vt 0.555771 0.531599
vt 0.555771 0.565015
f 7757/-1 7756/-2 7758/-3
vt 0.548494 0.531599
vt 0.541216 0.565015
vt 0.541216 0.531599
f 7760/-1 7759/-2 7761/-3
vt 0.541216 0.565015
vt 0.548494 0.531599
vt 0.548494 0.565015
f 7763/-1 7762/-2 7764/-3
vt 0.541216 0.531599
vt 0.533939 0.565015
vt 0.533939 0.531599
f 7766/-1 7765/-2 7767/-3
vt 0.533939 0.565015
vt 0.541216 0.531599
vt 0.541216 0.565015
f 7769/-1 7768/-2 7770/-3
vt 0.533939 0.531599
vt 0.526662 0.565015
vt 0.526662 0.531599
f 7772/-1 7771/-2 7773/-3
vt 0.526662 0.565015
vt 0.533939 0.531599
vt 0.533939 0.565015
f 7775/-1 7774/-2 7776/-3
vt 0.526662 0.531599
vt 0.519385 0.565015
vt 0.519385 0.531599
f 7778/-1 7777/-2 7779/-3
vt 0.519385 0.565015
vt 0.526662 0.531599
vt 0.526662 0.565015
f 7781/-1 7780/-2 7782/-3
vt 0.519385 0.531599
vt 0.512107 0.565015
vt 0.512107 0.531599
f 7784/-1 7783/-2 7785/-3
vt 0.512107 0.565015
vt 0.519385 0.531599
vt 0.519385 0.565015
f 7787/-1 7786/-2 7788/-3
vt 0.512107 0.531599
vt 0.504830 0.565015
vt 0.504830 0.531599
f 7790/-1 7789/-2 7791/-3
vt 0.504830 0.565015
vt 0.512107 0.531599
vt 0.512107 0.565015
f 7793/-1 7792/-2 7794/-3
vt 0.504830 0.531599
vt 0.497553 0.565015
vt 0.497553 0.531599
f 7796/-1 7795/-2 7797/-3
vt 0.497553 0.565015
vt 0.504830 0.531599
vt 0.504830 0.565015
f 7799/-1 7798/-2 7800/-3
vt 0.497553 0.531599
vt 0.490276 0.565015
vt 0.490276 0.531599
f 7802/-1 7801/-2 7803/-3
vt 0.490276 0.565015
vt 0.497553 0.531599
vt 0.497553 0.565015
f 7805/-1 7804/-2 7806/-3
vt 0.490276 0.531599
vt 0.482998 0.565015
vt 0.482998 0.531599
f 7808/-1 7807/-2 7809/-3
vt 0.482998 0.565015
vt 0.490276 0.531599
vt 0.490276 0.565015
f 7811/-1 7810/-2 7812/-3
vt 0.482998 0.531599
vt 0.475721 0.565015
vt 0.475721 0.531599
f 7814/-1 7813/-2 7815/-3
vt 0.475721 0.565015
vt 0.482998 0.531599
vt 0.482998 0.565015
f 7817/-1 7816/-2 7818/-3
vt 0.475721 0.531599
vt 0.468444 0.565015
vt 0.468444 0.531599
f 7820/-1 7819/-2 7821/-3
vt 0.468444 0.565015
vt 0.475721 0.531599
vt 0.475721 0.565015
f 7823/-1 7822/-2 7824/-3
vt 0.468444 0.531599
vt 0.461167 0.565015
vt 0.461167 0.531599
f 7826/-1 7825/-2 7827/-3
vt 0.461167 0.565015
vt 0.468444 0.531599
vt 0.468444 0.565015
f 7829/-1 7828/-2 7830/-3
vt 0.461167 0.531599
vt 0.453890 0.565015
vt 0.453890 0.531599
f 7832/-1 7831/-2 7833/-3
vt 0.453890 0.565015
vt 0.461167 0.531599
vt 0.461167 0.565015
f 7835/-1 7834/-2 7836/-3
vt 0.453890 0.531599
vt 0.446612 0.565015
vt 0.446612 0.531599
f 7838/-1 7837/-2 7839/-3
vt 0.446612 0.565015
vt 0.453890 0.531599
vt 0.453890 0.565015
f 7841/-1 7840/-2 7842/-3
vt 0.446612 0.531599
vt 0.439335 0.565015
vt 0.439335 0.531599
f 7844/-1 7843/-2 7845/-3
vt 0.439335 0.565015
vt 0.446612 0.531599
vt 0.446612 0.565015
f 7847/-1 7846/-2 7848/-3
vt 0.439335 0.531599
vt 0.432058 0.565015
vt 0.432058 0.531599
f 7850/-1 7849/-2 7851/-3
vt 0.432058 0.565015
vt 0.439335 0.531599
vt 0.439335 0.565015
f 7853/-1 7852/-2 7854/-3
vt 0.432058 0.531599
vt 0.424781 0.565015
vt 0.424781 0.531599
f 7856/-1 7855/-2 7857/-3
vt 0.424781 0.565015
vt 0.432058 0.531599
vt 0.432058 0.565015
f 7859/-1 7858/-2 7860/-3
vt 0.424781 0.531599
vt 0.417503 0.565015
vt 0.417503 0.531599
f 7862/-1 7861/-2 7863/-3
vt 0.417503 0.565015
vt 0.424781 0.531599
vt 0.424781 0.565015
f 7865/-1 7864/-2 7866/-3
vt 0.417503 0.531599
vt 0.410226 0.565015
vt 0.410226 0.531599
f 7868/-1 7867/-2 7869/-3
vt 0.410226 0.565015
vt 0.417503 0.531599
vt 0.417503 0.565015
f 7871/-1 7870/-2 7872/-3
vt 0.410226 0.531599
vt 0.402949 0.565015
vt 0.402949 0.531599
f 7874/-1 7873/-2 7875/-3
vt 0.402949 0.565015
vt 0.410226 0.531599
vt 0.410226 0.565015
f 7877/-1 7876/-2 7878/-3
vt 0.402949 0.531599
vt 0.395672 0.565015
vt 0.395672 0.531599
f 7880/-1 7879/-2 7881/-3
vt 0.395672 0.565015
vt 0.402949 0.531599
vt 0.402949 0.565015
f 7883/-1 7882/-2 7884/-3
vt 0.395672 0.531599
vt 0.388394 0.565015
vt 0.388394 0.531599
f 7886/-1 7885/-2 7887/-3
vt 0.388394 0.565015
vt 0.395672 0.531599
vt 0.395672 0.565015
f 7889/-1 7888/-2 7890/-3
vt 0.388394 0.531599
vt 0.381117 0.565015
vt 0.381117 0.531599
f 7892/-1 7891/-2 7893/-3
vt 0.381117 0.565015
vt 0.388394 0.531599
vt 0.388394 0.565015
f 7895/-1 7894/-2 7896/-3
vt 0.381117 0.531599
vt 0.373840 0.565015
vt 0.373840 0.531599
f 7898/-1 7897/-2 7899/-3
vt 0.373840 0.565015
vt 0.381117 0.531599
vt 0.381117 0.565015
f 7901/-1 7900/-2 7902/-3
vt 0.373840 0.531599
vt 0.366563 0.565015
vt 0.366563 0.531599
f 7904/-1 7903/-2 7905/-3
vt 0.366563 0.565015
vt 0.373840 0.531599
vt 0.373840 0.565015
f 7907/-1 7906/-2 7908/-3
vt 0.366563 0.531599
vt 0.359285 0.565015
vt 0.359285 0.531599
f 7910/-1 7909/-2 7911/-3
vt 0.359285 0.565015
vt 0.366563 0.531599
vt 0.366563 0.565015
f 7913/-1 7912/-2 7914/-3
vt 0.359285 0.531599
vt 0.352008 0.565015
vt 0.352008 0.531599
f 7916/-1 7915/-2 7917/-3
vt 0.352008 0.565015
vt 0.359285 0.531599
vt 0.359285 0.565015
f 7919/-1 7918/-2 7920/-3
vt 0.352008 0.531599
vt 0.344731 0.565015
vt 0.344731 0.531599
f 7922/-1 7921/-2 7923/-3
vt 0.344731 0.565015
vt 0.352008 0.531599
vt 0.352008 0.565015
f 7925/-1 7924/-2 7926/-3
vt 0.672207 0.565015
vt 0.664930 0.598431
vt 0.664930 0.565015
f 7928/-1 7927/-2 7929/-3
vt 0.664930 0.598431
vt 0.672207 0.565015
vt 0.672207 0.598431
f 7931/-1 7930/-2 7932/-3
vt 0.664930 0.565015
vt 0.657652 0.598431
vt 0.657652 0.565015
f 7934/-1 7933/-2 7935/-3
vt 0.657652 0.598431
vt 0.664930 0.565015
vt 0.664930 0.598431
f 7937/-1 7936/-2 7938/-3
vt 0.657652 0.565015
vt 0.650375 0.598431
vt 0.650375 0.565015
f 7940/-1 7939/-2 7941/-3
vt 0.650375 0.598431
vt 0.657652 0.565015
vt 0.657652 0.598431
f 7943/-1 7942/-2 7944/-3
vt 0.650375 0.565015
vt 0.643098 0.598431
vt 0.643098 0.565015
f 7946/-1 7945/-2 7947/-3
vt 0.643098 0.598431
vt 0.650375 0.565015
vt 0.650375 0.598431
f 7949/-1 7948/-2 7950/-3
vt 0.643098 0.565015
vt 0.635821 0.598431
vt 0.635821 0.565015
f 7952/-1 7951/-2 7953/-3
vt 0.635821 0.598431
vt 0.643098 0.565015
vt 0.643098 0.598431
f 7955/-1 7954/-2 7956/-3
vt 0.635821 0.565015
vt 0.628543 0.598431
vt 0.628543 0.565015
f 7958/-1 7957/-2 7959/-3
vt 0.628543 0.598431
vt 0.635821 0.565015
vt 0.635821 0.598431
f 7961/-1 7960/-2 7962/-3
vt 0.628543 0.565015
vt 0.621266 0.598431
vt 0.621266 0.565015
f 7964/-1 7963/-2 7965/-3
vt 0.621266 0.598431
vt 0.628543 0.565015
vt 0.628543 0.598431
f 7967/-1 7966/-2 7968/-3
vt 0.621266 0.565015
vt 0.613989 0.598431
vt 0.613989 0.565015
f 7970/-1 7969/-2 7971/-3
vt 0.613989 0.598431
vt 0.621266 0.565015
vt 0.621266 0.598431
f 7973/-1 7972/-2 7974/-3
vt 0.613989 0.565015
vt 0.606712 0.598431
vt 0.606712 0.565015
f 7976/-1 7975/-2 7977/-3
vt 0.606712 0.598431
vt 0.613989 0.565015
vt 0.613989 0.598431
f 7979/-1 7978/-2 7980/-3
vt 0.606712 0.565015
vt 0.599434 0.598431
vt 0.599434 0.565015
f 7982/-1 7981/-2 7983/-3
vt 0.599434 0.598431
vt 0.606712 0.565015
vt 0.606712 0.598431
f 7985/-1 7984/-2 7986/-3
vt 0.599434 0.565015
vt 0.592157 0.598431
vt 0.592157 0.565015
f 7988/-1 7987/-2 7989/-3
vt 0.592157 0.598431
vt 0.599434 0.565015
vt 0.599434 0.598431
f 7991/-1 7990/-2 7992/-3
vt 0.592157 0.565015
vt 0.584880 0.598431
vt 0.584880 0.565015
f 7994/-1 7993/-2 7995/-3
vt 0.584880 0.598431
vt 0.592157 0.565015
vt 0.592157 0.598431
f 7997/-1 7996/-2 7998/-3
vt 0.584880 0.565015
vt 0.577603 0.598431
vt 0.577603 0.565015
f 8000/-1 7999/-2 8001/-3
vt 0.577603 0.598431
vt 0.584880 0.565015
vt 0.584880 0.598431
f 8003/-1 8002/-2 8004/-3
vt 0.577603 0.565015
vt 0.570325 0.598431
vt 0.570325 0.565015
f 8006/-1 8005/-2 8007/-3
vt 0.570325 0.598431
vt 0.577603 0.565015
vt 0.577603 0.598431
f 8009/-1 8008/-2 8010/-3
vt 0.570325 0.565015
vt 0.563048 0.598431
vt 0.563048 0.565015
f 8012/-1 8011/-2 8013/-3
vt 0.563048 0.598431
vt 0.570325 0.565015
vt 0.570325 0.598431
f 8015/-1 8014/-2 8016/-3
vt 0.563048 0.565015
vt 0.555771 0.598431
vt 0.555771 0.565015
f 8018/-1 8017/-2 8019/-3
vt 0.555771 0.598431
vt 0.563048 0.565015
vt 0.563048 0.598431
f 8021/-1 8020/-2 8022/-3
vt 0.555771 0.565015
vt 0.548494 0.598431
vt 0.548494 0.565015
f 8024/-1 8023/-2 8025/-3
vt 0.548494 0.598431
vt 0.555771 0.565015
vt 0.555771 0.598431
f 8027/-1 8026/-2 8028/-3
vt 0.548494 0.565015
vt 0.541216 0.598431
vt 0.541216 0.565015
f 8030/-1 8029/-2 8031/-3
vt 0.541216 0.598431
vt 0.548494 0.565015
vt 0.548494 0.598431
f 8033/-1 8032/-2 8034/-3
vt 0.541216 0.565015
vt 0.533939 0.598431
vt 0.533939 0.565015
f 8036/-1 8035/-2 8037/-3
vt 0.533939 0.598431
vt 0.541216 0.565015
vt 0.541216 0.598431
f 8039/-1 8038/-2 8040/-3
vt 0.533939 0.565015
vt 0.526662 0.598431
vt 0.526662 0.565015
f 8042/-1 8041/-2 8043/-3
vt 0.526662 0.598431
vt 0.533939 0.565015
vt 0.533939 0.598431
f 8045/-1 8044/-2 8046/-3
vt 0.526662 0.565015
vt 0.519385 0.598431
vt 0.519385 0.565015
f 8048/-1 8047/-2 8049/-3
vt 0.519385 0.598431
vt 0.526662 0.565015
vt 0.526662 0.598431
f 8051/-1 8050/-2 8052/-3
vt 0.519385 0.565015
vt 0.512107 0.598431
vt 0.512107 0.565015
f 8054/-1 8053/-2 8055/-3
vt 0.512107 0.598431
vt 0.519385 0.565015
vt 0.519385 0.598431
f 8057/-1 8056/-2 8058/-3
vt 0.512107 0.565015
vt 0.504830 0.598431
vt 0.504830 0.565015
f 8060/-1 8059/-2 8061/-3
vt 0.504830 0.598431
vt 0.512107 0.565015
vt 0.512107 0.598431
f 8063/-1 8062/-2 8064/-3
vt 0.504830 0.565015
vt 0.497553 0.598431
vt 0.497553 0.565015
f 8066/-1 8065/-2 8067/-3
vt 0.497553 0.598431
vt 0.504830 0.565015
vt 0.504830 0.598431
f 8069/-1 8068/-2 8070/-3
vt 0.497553 0.565015
vt 0.490276 0.598431
vt 0.490276 0.565015
f 8072/-1 8071/-2 8073/-3
vt 0.490276 0.598431
vt 0.497553 0.565015
vt 0.497553 0.598431
f 8075/-1 8074/-2 8076/-3
vt 0.490276 0.565015
vt 0.482998 0.598431
vt 0.482998 0.565015
f 8078/-1 8077/-2 8079/-3
vt 0.482998 0.598431
vt 0.490276 0.565015
vt 0.490276 0.598431
f 8081/-1 8080/-2 8082/-3
vt 0.482998 0.565015
vt 0.475721 0.598431
vt 0.475721 0.565015
f 8084/-1 8083/-2 8085/-3
vt 0.475721 0.598431
vt 0.482998 0.565015
vt 0.482998 0.598431
f 8087/-1 8086/-2 8088/-3
vt 0.475721 0.565015
vt 0.468444 0.598431
vt 0.468444 0.565015
f 8090/-1 8089/-2 8091/-3
vt 0.468444 0.598431
vt 0.475721 0.565015
vt 0.475721 0.598431
f 8093/-1 8092/-2 8094/-3
vt 0.468444 0.565015
vt 0.461167 0.598431
vt 0.461167 0.565015
f 8096/-1 8095/-2 8097/-3
vt 0.461167 0.598431
vt 0.468444 0.565015
vt 0.468444 0.598431
f 8099/-1 8098/-2 8100/-3
vt 0.461167 0.565015
vt 0.453890 0.598431
vt 0.453890 0.565015
f 8102/-1 8101/-2 8103/-3
vt 0.453890 0.598431
vt 0.461167 0.565015
vt 0.461167 0.598431
f 8105/-1 8104/-2 8106/-3
vt 0.453890 0.565015
vt 0.446612 0.598431
vt 0.446612 0.565015
f 8108/-1 8107/-2 8109/-3
vt 0.446612 0.598431
vt 0.453890 0.565015
vt 0.453890 0.598431
f 8111/-1 8110/-2 8112/-3
vt 0.446612 0.565015
vt 0.439335 0.598431
vt 0.439335 0.565015
f 8114/-1 8113/-2 8115/-3
vt 0.439335 0.598431
vt 0.446612 0.565015
vt 0.446612 0.598431
f 8117/-1 8116/-2 8118/-3
vt 0.439335 0.565015
vt 0.432058 0.598431
vt 0.432058 0.565015
f 8120/-1 8119/-2 8121/-3
vt 0.432058 0.598431
vt 0.439335 0.565015
vt 0.439335 0.598431
f 8123/-1 8122/-2 8124/-3
vt 0.432058 0.565015
vt 0.424781 0.598431
vt 0.424781 0.565015
f 8126/-1 8125/-2 8127/-3
vt 0.424781 0.598431
vt 0.432058 0.565015
vt 0.432058 0.598431
f 8129/-1 8128/-2 8130/-3
vt 0.424781 0.565015
vt 0.417503 0.598431
vt 0.417503 0.565015
f 8132/-1 8131/-2 8133/-3
vt 0.417503 0.598431
vt 0.424781 0.565015
vt 0.424781 0.598431
f 8135/-1 8134/-2 8136/-3
vt 0.417503 0.565015
vt 0.410226 0.598431
vt 0.410226 0.565015
f 8138/-1 8137/-2 8139/-3
vt 0.410226 0.598431
vt 0.417503 0.565015
vt 0.417503 0.598431
f 8141/-1 8140/-2 8142/-3
vt 0.410226 0.565015
vt 0.402949 0.598431
vt 0.402949 0.565015
f 8144/-1 8143/-2 8145/-3
vt 0.402949 0.598431
vt 0.410226 0.565015
vt 0.410226 0.598431
f 8147/-1 8146/-2 8148/-3
vt 0.402949 0.565015
vt 0.395672 0.598431
vt 0.395672 0.565015
f 8150/-1 8149/-2 8151/-3
vt 0.395672 0.598431
vt 0.402949 0.565015
vt 0.402949 0.598431
f 8153/-1 8152/-2 8154/-3
vt 0.395672 0.565015
vt 0.388394 0.598431
vt 0.388394 0.565015
f 8156/-1 8155/-2 8157/-3
vt 0.388394 0.598431
vt 0.395672 0.565015
vt 0.395672 0.598431
f 8159/-1 8158/-2 8160/-3
vt 0.388394 0.565015
vt 0.381117 0.598431
vt 0.381117 0.565015
f 8162/-1 8161/-2 8163/-3
vt 0.381117 0.598431
vt 0.388394 0.565015
vt 0.388394 0.598431
f 8165/-1 8164/-2 8166/-3
vt 0.381117 0.565015
vt 0.373840 0.598431
vt 0.373840 0.565015
f 8168/-1 8167/-2 8169/-3
vt 0.373840 0.598431
vt 0.381117 0.565015
vt 0.381117 0.598431
f 8171/-1 8170/-2 8172/-3
vt 0.373840 0.565015
vt 0.366563 0.598431
vt 0.366563 0.565015
f 8174/-1 8173/-2 8175/-3
vt 0.366563 0.598431
vt 0.373840 0.565015
vt 0.373840 0.598431
f 8177/-1 8176/-2 8178/-3
vt 0.366563 0.565015
vt 0.359285 0.598431
vt 0.359285 0.565015
f 8180/-1 8179/-2 8181/-3
vt 0.359285 0.598431
vt 0.366563 0.565015
vt 0.366563 0.598431
f 8183/-1 8182/-2 8184/-3
vt 0.359285 0.565015
vt 0.352008 0.598431
vt 0.352008 0.565015
f 8186/-1 8185/-2 8187/-3
vt 0.352008 0.598431
vt 0.359285 0.565015
vt 0.359285 0.598431
f 8189/-1 8188/-2 8190/-3
vt 0.352008 0.565015
vt 0.344731 0.598431
vt 0.344731 0.565015
f 8192/-1 8191/-2 8193/-3
vt 0.344731 0.598431
vt 0.352008 0.565015
vt 0.352008 0.598431
f 8195/-1 8194/-2 8196/-3
vt 0.672207 0.598431
vt 0.664930 0.631847
vt 0.664930 0.598431
f 8198/-1 8197/-2 8199/-3
vt 0.664930 0.631847
vt 0.672207 0.598431
vt 0.672207 0.631847
f 8201/-1 8200/-2 8202/-3
vt 0.664930 0.598431
vt 0.657652 0.631847
vt 0.657652 0.598431
f 8204/-1 8203/-2 8205/-3
vt 0.657652 0.631847
vt 0.664930 0.598431
vt 0.664930 0.631847
f 8207/-1 8206/-2 8208/-3
vt 0.657652 0.598431
vt 0.650375 0.631847
vt 0.650375 0.598431
f 8210/-1 8209/-2 8211/-3
vt 0.650375 0.631847
vt 0.657652 0.598431
vt 0.657652 0.631847
f 8213/-1 8212/-2 8214/-3
vt 0.650375 0.598431
vt 0.643098 0.631847
vt 0.643098 0.598431
f 8216/-1 8215/-2 8217/-3
vt 0.643098 0.631847
vt 0.650375 0.598431
vt 0.650375 0.631847
f 8219/-1 8218/-2 8220/-3
vt 0.643098 0.598431
vt 0.635821 0.631847
vt 0.635821 0.598431
f 8222/-1 8221/-2 8223/-3
vt 0.635821 0.631847
vt 0.643098 0.598431
vt 0.643098 0.631847
f 8225/-1 8224/-2 8226/-3
vt 0.635821 0.598431
vt 0.628543 0.631847
vt 0.628543 0.598431
f 8228/-1 8227/-2 8229/-3
vt 0.628543 0.631847
vt 0.635821 0.598431
vt 0.635821 0.631847
f 8231/-1 8230/-2 8232/-3
vt 0.628543 0.598431
vt 0.621266 0.631847
vt 0.621266 0.598431
f 8234/-1 8233/-2 8235/-3
vt 0.621266 0.631847
vt 0.628543 0.598431
vt 0.628543 0.631847
f 8237/-1 8236/-2 8238/-3
vt 0.621266 0.598431
vt 0.613989 0.631847
vt 0.613989 0.598431
f 8240/-1 8239/-2 8241/-3
vt 0.613989 0.631847
vt 0.621266 0.598431
vt 0.621266 0.631847
f 8243/-1 8242/-2 8244/-3
vt 0.613989 0.598431
vt 0.606712 0.631847
vt 0.606712 0.598431
f 8246/-1 8245/-2 8247/-3
vt 0.606712 0.631847
vt 0.613989 0.598431
vt 0.613989 0.631847
f 8249/-1 8248/-2 8250/-3
vt 0.606712 0.598431
vt 0.599434 0.631847
vt 0.599434 0.598431
f 8252/-1 8251/-2 8253/-3
vt 0.599434 0.631847
vt 0.606712 0.598431
vt 0.606712 0.631847
f 8255/-1 8254/-2 8256/-3
vt 0.599434 0.598431
vt 0.592157 0.631847
vt 0.592157 0.598431
f 8258/-1 8257/-2 8259/-3
vt 0.592157 0.631847
vt 0.599434 0.598431
vt 0.599434 0.631847
f 8261/-1 8260/-2 8262/-3
vt 0.592157 0.598431
vt 0.584880 0.631847
vt 0.584880 0.598431
f 8264/-1 8263/-2 8265/-3
vt 0.584880 0.631847
vt 0.592157 0.598431
vt 0.592157 0.631847
f 8267/-1 8266/-2 8268/-3
vt 0.584880 0.598431
vt 0.577603 0.631847
vt 0.577603 0.598431
f 8270/-1 8269/-2 8271/-3
vt 0.577603 0.631847
vt 0.584880 0.598431
vt 0.584880 0.631847
f 8273/-1 8272/-2 8274/-3
vt 0.577603 0.598431
vt 0.570325 0.631847
vt 0.570325 0.598431
f 8276/-1 8275/-2 8277/-3
vt 0.570325 0.631847
vt 0.577603 0.598431
vt 0.577603 0.631847
f 8279/-1 8278/-2 8280/-3
vt 0.570325 0.598431
vt 0.563048 0.631847
vt 0.563048 0.598431
f 8282/-1 8281/-2 8283/-3
vt 0.563048 0.631847
vt 0.570325 0.598431
vt 0.570325 0.631847
f 8285/-1 8284/-2 8286/-3
vt 0.563048 0.598431
vt 0.555771 0.631847
vt 0.555771 0.598431
f 8288/-1 8287/-2 8289/-3
vt 0.555771 0.631847
vt 0.563048 0.598431
vt 0.563048 0.631847
f 8291/-1 8290/-2 8292/-3
vt 0.555771 0.598431
vt 0.548494 0.631847
vt 0.548494 0.598431
f 8294/-1 8293/-2 8295/-3
vt 0.548494 0.631847
vt 0.555771 0.598431
vt 0.555771 0.631847
f 8297/-1 8296/-2 8298/-3
vt 0.548494 0.598431
vt 0.541216 0.631847
vt 0.541216 0.598431
f 8300/-1 8299/-2 8301/-3
vt 0.541216 0.631847
vt 0.548494 0.598431
vt 0.548494 0.631847
f 8303/-1 8302/-2 8304/-3
vt 0.541216 0.598431
vt 0.533939 0.631847
vt 0.533939 0.598431
f 8306/-1 8305/-2 8307/-3
vt 0.533939 0.631847
vt 0.541216 0.598431
vt 0.541216 0.631847
f 8309/-1 8308/-2 8310/-3
vt 0.533939 0.598431
vt 0.526662 0.631847
vt 0.526662 0.598431
f 8312/-1 8311/-2 8313/-3
vt 0.526662 0.631847
vt 0.533939 0.598431
vt 0.533939 0.631847
f 8315/-1 8314/-2 8316/-3
vt 0.526662 0.598431
vt 0.519385 0.631847
vt 0.519385 0.598431
f 8318/-1 8317/-2 8319/-3
vt 0.519385 0.631847
vt 0.526662 0.598431
vt 0.526662 0.631847
f 8321/-1 8320/-2 8322/-3
vt 0.519385 0.598431
vt 0.512107 0.631847
vt 0.512107 0.598431
f 8324/-1 8323/-2 8325/-3
vt 0.512107 0.631847
vt 0.519385 0.598431
vt 0.519385 0.631847
f 8327/-1 8326/-2 8328/-3
vt 0.512107 0.598431
vt 0.504830 0.631847
vt 0.504830 0.598431
f 8330/-1 8329/-2 8331/-3
vt 0.504830 0.631847
vt 0.512107 0.598431
vt 0.512107 0.631847
f 8333/-1 8332/-2 8334/-3
vt 0.504830 0.598431
vt 0.497553 0.631847
vt 0.497553 0.598431
f 8336/-1 8335/-2 8337/-3
vt 0.497553 0.631847
vt 0.504830 0.598431
vt 0.504830 0.631847
f 8339/-1 8338/-2 8340/-3
vt 0.497553 0.598431
vt 0.490276 0.631847
vt 0.490276 0.598431
f 8342/-1 8341/-2 8343/-3
vt 0.490276 0.631847
vt 0.497553 0.598431
vt 0.497553 0.631847
f 8345/-1 8344/-2 8346/-3
vt 0.490276 0.598431
vt 0.482998 0.631847
vt 0.482998 0.598431
f 8348/-1 8347/-2 8349/-3
vt 0.482998 0.631847
vt 0.490276 0.598431
vt 0.490276 0.631847
f 8351/-1 8350/-2 8352/-3
vt 0.482998 0.598431
vt 0.475721 0.631847
vt 0.475721 0.598431
f 8354/-1 8353/-2 8355/-3
vt 0.475721 0.631847
vt 0.482998 0.598431
vt 0.482998 0.631847
f 8357/-1 8356/-2 8358/-3
vt 0.475721 0.598431
vt 0.468444 0.631847
vt 0.468444 0.598431
f 8360/-1 8359/-2 8361/-3
vt 0.468444 0.631847
vt 0.475721 0.598431
vt 0.475721 0.631847
f 8363/-1 8362/-2 8364/-3
vt 0.468444 0.598431
vt 0.461167 0.631847
vt 0.461167 0.598431
f 8366/-1 8365/-2 8367/-3
vt 0.461167 0.631847
vt 0.468444 0.598431
vt 0.468444 0.631847
f 8369/-1 8368/-2 8370/-3
vt 0.461167 0.598431
vt 0.453890 0.631847
vt 0.453890 0.598431
f 8372/-1 8371/-2 8373/-3
vt 0.453890 0.631847
vt 0.461167 0.598431
vt 0.461167 0.631847
f 8375/-1 8374/-2 8376/-3
vt 0.453890 0.598431
vt 0.446612 0.631847
vt 0.446612 0.598431
f 8378/-1 8377/-2 8379/-3
vt 0.446612 0.631847
vt 0.453890 0.598431
vt 0.453890 0.631847
f 8381/-1 8380/-2 8382/-3
vt 0.446612 0.598431
vt 0.439335 0.631847
vt 0.439335 0.598431
f 8384/-1 8383/-2 8385/-3
vt 0.439335 0.631847
vt 0.446612 0.598431
vt 0.446612 0.631847
f 8387/-1 8386/-2 8388/-3
vt 0.439335 0.598431
vt 0.432058 0.631847
vt 0.432058 0.598431
f 8390/-1 8389/-2 8391/-3
vt 0.432058 0.631847
vt 0.439335 0.598431
vt 0.439335 0.631847
f 8393/-1 8392/-2 8394/-3
vt 0.432058 0.598431
vt 0.424781 0.631847
vt 0.424781 0.598431
f 8396/-1 8395/-2 8397/-3
vt 0.424781 0.631847
vt 0.432058 0.598431
vt 0.432058 0.631847
f 8399/-1 8398/-2 8400/-3
vt 0.424781 0.598431
vt 0.417503 0.631847
vt 0.417503 0.598431
f 8402/-1 8401/-2 8403/-3
vt 0.417503 0.631847
vt 0.424781 0.598431
vt 0.424781 0.631847
f 8405/-1 8404/-2 8406/-3
vt 0.417503 0.598431
vt 0.410226 0.631847
vt 0.410226 0.598431
f 8408/-1 8407/-2 8409/-3
vt 0.410226 0.631847
vt 0.417503 0.598431
vt 0.417503 0.631847
f 8411/-1 8410/-2 8412/-3
vt 0.410226 0.598431
vt 0.402949 0.631847
vt 0.402949 0.598431
f 8414/-1 8413/-2 8415/-3
vt 0.402949 0.631847
vt 0.410226 0.598431
vt 0.410226 0.631847
f 8417/-1 8416/-2 8418/-3
vt 0.402949 0.598431
vt 0.395672 0.631847
vt 0.395672 0.598431
f 8420/-1 8419/-2 8421/-3
vt 0.395672 0.631847
vt 0.402949 0.598431
vt 0.402949 0.631847
f 8423/-1 8422/-2 8424/-3
vt 0.395672 0.598431
vt 0.388394 0.631847
vt 0.388394 0.598431
f 8426/-1 8425/-2 8427/-3
vt 0.388394 0.631847
vt 0.395672 0.598431
vt 0.395672 0.631847
f 8429/-1 8428/-2 8430/-3
vt 0.388394 0.598431
vt 0.381117 0.631847
vt 0.381117 0.598431
f 8432/-1 8431/-2 8433/-3
vt 0.381117 0.631847
vt 0.388394 0.598431
vt 0.388394 0.631847
f 8435/-1 8434/-2 8436/-3
vt 0.381117 0.598431
vt 0.373840 0.631847
vt 0.373840 0.598431
f 8438/-1 8437/-2 8439/-3
vt 0.373840 0.631847
vt 0.381117 0.598431
vt 0.381117 0.631847
f 8441/-1 8440/-2 8442/-3
vt 0.373840 0.598431
vt 0.366563 0.631847
vt 0.366563 0.598431
f 8444/-1 8443/-2 8445/-3
vt 0.366563 0.631847
vt 0.373840 0.598431
vt 0.373840 0.631847
f 8447/-1 8446/-2 8448/-3
vt 0.366563 0.598431
vt 0.359285 0.631847
vt 0.359285 0.598431
f 8450/-1 8449/-2 8451/-3
vt 0.359285 0.631847
vt 0.366563 0.598431
vt 0.366563 0.631847
f 8453/-1 8452/-2 8454/-3
vt 0.359285 0.598431
vt 0.352008 0.631847
vt 0.352008 0.598431
f 8456/-1 8455/-2 8457/-3
vt 0.352008 0.631847
vt 0.359285 0.598431
vt 0.359285 0.631847
f 8459/-1 8458/-2 8460/-3
vt 0.352008 0.598431
vt 0.344731 0.631847
vt 0.344731 0.598431
f 8462/-1 8461/-2 8463/-3
vt 0.344731 0.631847
vt 0.352008 0.598431
vt 0.352008 0.631847
f 8465/-1 8464/-2 8466/-3
vt 0.344204 0.227964
vt 0.336927 0.259360
vt 0.336927 0.227964
f 8468/-1 8467/-2 8469/-3
vt 0.336927 0.259360
vt 0.344204 0.227964
vt 0.344205 0.259332
f 8471/-1 8470/-2 8472/-3
vt 0.336927 0.227964
vt 0.329650 0.259360
vt 0.329650 0.227964
f 8474/-1 8473/-2 8475/-3
vt 0.329650 0.259360
vt 0.336927 0.227964
vt 0.336927 0.259360
f 8477/-1 8476/-2 8478/-3
vt 0.329650 0.227964
vt 0.322372 0.259360
vt 0.322372 0.227964
f 8480/-1 8479/-2 8481/-3
vt 0.322372 0.259360
vt 0.329650 0.227964
vt 0.329650 0.259360
f 8483/-1 8482/-2 8484/-3
vt 0.322372 0.227964
vt 0.315095 0.259360
vt 0.315095 0.227964
f 8486/-1 8485/-2 8487/-3
vt 0.315095 0.259360
vt 0.322372 0.227964
vt 0.322372 0.259360
f 8489/-1 8488/-2 8490/-3
vt 0.315095 0.227964
vt 0.307818 0.259360
vt 0.307818 0.227964
f 8492/-1 8491/-2 8493/-3
vt 0.307818 0.259360
vt 0.315095 0.227964
vt 0.315095 0.259360
f 8495/-1 8494/-2 8496/-3
vt 0.307818 0.227964
vt 0.300541 0.259360
vt 0.300541 0.227964
f 8498/-1 8497/-2 8499/-3
vt 0.300541 0.259360
vt 0.307818 0.227964
vt 0.307818 0.259360
f 8501/-1 8500/-2 8502/-3
vt 0.300541 0.227964
vt 0.293263 0.259360
vt 0.293263 0.227964
f 8504/-1 8503/-2 8505/-3
vt 0.293263 0.259360
vt 0.300541 0.227964
vt 0.300541 0.259360
f 8507/-1 8506/-2 8508/-3
vt 0.293263 0.227964
vt 0.285986 0.259360
vt 0.285986 0.227964
f 8510/-1 8509/-2 8511/-3
vt 0.285986 0.259360
vt 0.293263 0.227964
vt 0.293263 0.259360
f 8513/-1 8512/-2 8514/-3
vt 0.285986 0.227964
vt 0.278709 0.259360
vt 0.278709 0.227964
f 8516/-1 8515/-2 8517/-3
vt 0.278709 0.259360
vt 0.285986 0.227964
vt 0.285986 0.259360
f 8519/-1 8518/-2 8520/-3
vt 0.278709 0.227964
vt 0.271432 0.259360
vt 0.271432 0.227964
f 8522/-1 8521/-2 8523/-3
vt 0.271432 0.259360
vt 0.278709 0.227964
vt 0.278709 0.259360
f 8525/-1 8524/-2 8526/-3
vt 0.271432 0.227964
vt 0.264154 0.259360
vt 0.264154 0.227964
f 8528/-1 8527/-2 8529/-3
vt 0.264154 0.259360
vt 0.271432 0.227964
vt 0.271432 0.259360
f 8531/-1 8530/-2 8532/-3
vt 0.264154 0.227964
vt 0.256877 0.259360
vt 0.256877 0.227964
f 8534/-1 8533/-2 8535/-3
vt 0.256877 0.259360
vt 0.264154 0.227964
vt 0.264154 0.259360
f 8537/-1 8536/-2 8538/-3
vt 0.256877 0.227964
vt 0.249600 0.259360
vt 0.249600 0.227964
f 8540/-1 8539/-2 8541/-3
vt 0.249600 0.259360
vt 0.256877 0.227964
vt 0.256877 0.259360
f 8543/-1 8542/-2 8544/-3
vt 0.249600 0.227964
vt 0.242323 0.259360
vt 0.242323 0.227964
f 8546/-1 8545/-2 8547/-3
vt 0.242323 0.259360
vt 0.249600 0.227964
vt 0.249600 0.259360
f 8549/-1 8548/-2 8550/-3
vt 0.242323 0.227964
vt 0.235045 0.259360
vt 0.235045 0.227964
f 8552/-1 8551/-2 8553/-3
vt 0.235045 0.259360
vt 0.242323 0.227964
vt 0.242323 0.259360
f 8555/-1 8554/-2 8556/-3
vt 0.235045 0.227964
vt 0.227768 0.259360
vt 0.227768 0.227964
f 8558/-1 8557/-2 8559/-3
vt 0.227768 0.259360
vt 0.235045 0.227964
vt 0.235045 0.259360
f 8561/-1 8560/-2 8562/-3
vt 0.227768 0.227964
vt 0.220491 0.259360
vt 0.220491 0.227964
f 8564/-1 8563/-2 8565/-3
vt 0.220491 0.259360
vt 0.227768 0.227964
vt 0.227768 0.259360
f 8567/-1 8566/-2 8568/-3
vt 0.220491 0.227964
vt 0.213214 0.259360
vt 0.213214 0.227964
f 8570/-1 8569/-2 8571/-3
vt 0.213214 0.259360
vt 0.220491 0.227964
vt 0.220491 0.259360
f 8573/-1 8572/-2 8574/-3
vt 0.213214 0.227964
vt 0.205937 0.259360
vt 0.205937 0.227964
f 8576/-1 8575/-2 8577/-3
vt 0.205937 0.259360
vt 0.213214 0.227964
vt 0.213214 0.259360
f 8579/-1 8578/-2 8580/-3
vt 0.205937 0.227964
vt 0.198659 0.259360
vt 0.198659 0.227964
f 8582/-1 8581/-2 8583/-3
vt 0.198659 0.259360
vt 0.205937 0.227964
vt 0.205937 0.259360
f 8585/-1 8584/-2 8586/-3
vt 0.198659 0.227964
vt 0.191382 0.259360
vt 0.191382 0.227964
f 8588/-1 8587/-2 8589/-3
vt 0.191382 0.259360
vt 0.198659 0.227964
vt 0.198659 0.259360
f 8591/-1 8590/-2 8592/-3
vt 0.191382 0.227964
vt 0.184105 0.259360
vt 0.184105 0.227964
f 8594/-1 8593/-2 8595/-3
vt 0.184105 0.259360
vt 0.191382 0.227964
vt 0.191382 0.259360
f 8597/-1 8596/-2 8598/-3
vt 0.184105 0.227964
vt 0.176828 0.259360
vt 0.176828 0.227964
f 8600/-1 8599/-2 8601/-3
vt 0.176828 0.259360
vt 0.184105 0.227964
vt 0.184105 0.259360
f 8603/-1 8602/-2 8604/-3
vt 0.176828 0.227964
vt 0.169550 0.259360
vt 0.169550 0.227964
f 8606/-1 8605/-2 8607/-3
vt 0.169550 0.259360
vt 0.176828 0.227964
vt 0.176828 0.259360
f 8609/-1 8608/-2 8610/-3
vt 0.169550 0.227964
vt 0.162273 0.259360
vt 0.162273 0.227964
f 8612/-1 8611/-2 8613/-3
vt 0.162273 0.259360
vt 0.169550 0.227964
vt 0.169550 0.259360
f 8615/-1 8614/-2 8616/-3
vt 0.162273 0.227964
vt 0.154996 0.259360
vt 0.154996 0.227964
f 8618/-1 8617/-2 8619/-3
vt 0.154996 0.259360
vt 0.162273 0.227964
vt 0.162273 0.259360
f 8621/-1 8620/-2 8622/-3
vt 0.154996 0.227964
vt 0.147719 0.259360
vt 0.147719 0.227964
f 8624/-1 8623/-2 8625/-3
vt 0.147719 0.259360
vt 0.154996 0.227964
vt 0.154996 0.259360
f 8627/-1 8626/-2 8628/-3
vt 0.147719 0.227964
vt 0.140441 0.259360
vt 0.140441 0.227964
f 8630/-1 8629/-2 8631/-3
vt 0.140441 0.259360
vt 0.147719 0.227964
vt 0.147719 0.259360
f 8633/-1 8632/-2 8634/-3
vt 0.140441 0.227964
vt 0.133164 0.259360
vt 0.133164 0.227964
f 8636/-1 8635/-2 8637/-3
vt 0.133164 0.259360
vt 0.140441 0.227964
vt 0.140441 0.259360
f 8639/-1 8638/-2 8640/-3
vt 0.133164 0.227964
vt 0.125887 0.259360
vt 0.125887 0.227964
f 8642/-1 8641/-2 8643/-3
vt 0.125887 0.259360
vt 0.133164 0.227964
vt 0.133164 0.259360
f 8645/-1 8644/-2 8646/-3
vt 0.125887 0.227964
vt 0.118610 0.259360
vt 0.118610 0.227964
f 8648/-1 8647/-2 8649/-3
vt 0.118610 0.259360
vt 0.125887 0.227964
vt 0.125887 0.259360
f 8651/-1 8650/-2 8652/-3
vt 0.118610 0.227964
vt 0.111332 0.259360
vt 0.111332 0.227964
f 8654/-1 8653/-2 8655/-3
vt 0.111332 0.259360
vt 0.118610 0.227964
vt 0.118610 0.259360
f 8657/-1 8656/-2 8658/-3
vt 0.111332 0.227964
vt 0.104055 0.259360
vt 0.104055 0.227964
f 8660/-1 8659/-2 8661/-3
vt 0.104055 0.259360
vt 0.111332 0.227964
vt 0.111332 0.259360
f 8663/-1 8662/-2 8664/-3
vt 0.104055 0.227964
vt 0.096778 0.259360
vt 0.096778 0.227964
f 8666/-1 8665/-2 8667/-3
vt 0.096778 0.259360
vt 0.104055 0.227964
vt 0.104055 0.259360
f 8669/-1 8668/-2 8670/-3
vt 0.096778 0.227964
vt 0.089501 0.259360
vt 0.089501 0.227964
f 8672/-1 8671/-2 8673/-3
vt 0.089501 0.259360
vt 0.096778 0.227964
vt 0.096778 0.259360
f 8675/-1 8674/-2 8676/-3
vt 0.089501 0.227964
vt 0.082223 0.259360
vt 0.082223 0.227964
f 8678/-1 8677/-2 8679/-3
vt 0.082223 0.259360
vt 0.089501 0.227964
vt 0.089501 0.259360
f 8681/-1 8680/-2 8682/-3
vt 0.082223 0.227964
vt 0.074946 0.259360
vt 0.074946 0.227964
f 8684/-1 8683/-2 8685/-3
vt 0.074946 0.259360
vt 0.082223 0.227964
vt 0.082223 0.259360
f 8687/-1 8686/-2 8688/-3
vt 0.074946 0.227964
vt 0.067669 0.259360
vt 0.067669 0.227964
f 8690/-1 8689/-2 8691/-3
vt 0.067669 0.259360
vt 0.074946 0.227964
vt 0.074946 0.259360
f 8693/-1 8692/-2 8694/-3
vt 0.067669 0.227964
vt 0.060392 0.259360
vt 0.060392 0.227964
f 8696/-1 8695/-2 8697/-3
vt 0.060392 0.259360
vt 0.067669 0.227964
vt 0.067669 0.259360
f 8699/-1 8698/-2 8700/-3
vt 0.060392 0.227964
vt 0.053114 0.259360
vt 0.053114 0.227964
f 8702/-1 8701/-2 8703/-3
vt 0.053114 0.259360
vt 0.060392 0.227964
vt 0.060392 0.259360
f 8705/-1 8704/-2 8706/-3
vt 0.053114 0.227964
vt 0.045837 0.259360
vt 0.045837 0.227964
f 8708/-1 8707/-2 8709/-3
vt 0.045837 0.259360
vt 0.053114 0.227964
vt 0.053114 0.259360
f 8711/-1 8710/-2 8712/-3
vt 0.045837 0.227964
vt 0.038560 0.259360
vt 0.038560 0.227964
f 8714/-1 8713/-2 8715/-3
vt 0.038560 0.259360
vt 0.045837 0.227964
vt 0.045837 0.259360
f 8717/-1 8716/-2 8718/-3
vt 0.038560 0.227964
vt 0.031283 0.259360
vt 0.031283 0.227964
f 8720/-1 8719/-2 8721/-3
vt 0.031283 0.259360
vt 0.038560 0.227964
vt 0.038560 0.259360
f 8723/-1 8722/-2 8724/-3
vt 0.031283 0.227964
vt 0.024006 0.259360
vt 0.024006 0.227964
f 8726/-1 8725/-2 8727/-3
vt 0.024006 0.259360
vt 0.031283 0.227964
vt 0.031283 0.259360
f 8729/-1 8728/-2 8730/-3
vt 0.024006 0.227964
vt 0.016728 0.259375
vt 0.016728 0.227964
f 8732/-1 8731/-2 8733/-3
vt 0.016728 0.259375
vt 0.024006 0.227964
vt 0.024006 0.259360
f 8735/-1 8734/-2 8736/-3
vt 0.344205 0.293497
vt 0.336927 0.327513
vt 0.336927 0.293497
f 8738/-1 8737/-2 8739/-3
vt 0.336927 0.327513
vt 0.344205 0.293497
vt 0.344204 0.327513
f 8741/-1 8740/-2 8742/-3
vt 0.336927 0.293497
vt 0.329650 0.327513
vt 0.329650 0.293497
f 8744/-1 8743/-2 8745/-3
vt 0.329650 0.327513
vt 0.336927 0.293497
vt 0.336927 0.327513
f 8747/-1 8746/-2 8748/-3
vt 0.329650 0.293497
vt 0.322372 0.327513
vt 0.322372 0.293497
f 8750/-1 8749/-2 8751/-3
vt 0.322372 0.327513
vt 0.329650 0.293497
vt 0.329650 0.327513
f 8753/-1 8752/-2 8754/-3
vt 0.322372 0.293497
vt 0.315095 0.327513
vt 0.315095 0.293497
f 8756/-1 8755/-2 8757/-3
vt 0.315095 0.327513
vt 0.322372 0.293497
vt 0.322372 0.327513
f 8759/-1 8758/-2 8760/-3
vt 0.315095 0.293497
vt 0.307818 0.327513
vt 0.307818 0.293497
f 8762/-1 8761/-2 8763/-3
vt 0.307818 0.327513
vt 0.315095 0.293497
vt 0.315095 0.327513
f 8765/-1 8764/-2 8766/-3
vt 0.307818 0.293497
vt 0.300541 0.327513
vt 0.300541 0.293497
f 8768/-1 8767/-2 8769/-3
vt 0.300541 0.327513
vt 0.307818 0.293497
vt 0.307818 0.327513
f 8771/-1 8770/-2 8772/-3
vt 0.300541 0.293497
vt 0.293263 0.327513
vt 0.293263 0.293497
f 8774/-1 8773/-2 8775/-3
vt 0.293263 0.327513
vt 0.300541 0.293497
vt 0.300541 0.327513
f 8777/-1 8776/-2 8778/-3
vt 0.293263 0.293497
vt 0.285986 0.327513
vt 0.285986 0.293497
f 8780/-1 8779/-2 8781/-3
vt 0.285986 0.327513
vt 0.293263 0.293497
vt 0.293263 0.327513
f 8783/-1 8782/-2 8784/-3
vt 0.285986 0.293497
vt 0.278709 0.327513
vt 0.278709 0.293497
f 8786/-1 8785/-2 8787/-3
vt 0.278709 0.327513
vt 0.285986 0.293497
vt 0.285986 0.327513
f 8789/-1 8788/-2 8790/-3
vt 0.278709 0.293497
vt 0.271432 0.327513
vt 0.271432 0.293497
f 8792/-1 8791/-2 8793/-3
vt 0.271432 0.327513
vt 0.278709 0.293497
vt 0.278709 0.327513
f 8795/-1 8794/-2 8796/-3
vt 0.271432 0.293497
vt 0.264154 0.327513
vt 0.264154 0.293497
f 8798/-1 8797/-2 8799/-3
vt 0.264154 0.327513
vt 0.271432 0.293497
vt 0.271432 0.327513
f 8801/-1 8800/-2 8802/-3
vt 0.264154 0.293497
vt 0.256877 0.327513
vt 0.256877 0.293497
f 8804/-1 8803/-2 8805/-3
vt 0.256877 0.327513
vt 0.264154 0.293497
vt 0.264154 0.327513
f 8807/-1 8806/-2 8808/-3
vt 0.256877 0.293497
vt 0.249600 0.327513
vt 0.249600 0.293497
f 8810/-1 8809/-2 8811/-3
vt 0.249600 0.327513
vt 0.256877 0.293497
vt 0.256877 0.327513
f 8813/-1 8812/-2 8814/-3
vt 0.249600 0.293497
vt 0.242323 0.327513
vt 0.242323 0.293497
f 8816/-1 8815/-2 8817/-3
vt 0.242323 0.327513
vt 0.249600 0.293497
vt 0.249600 0.327513
f 8819/-1 8818/-2 8820/-3
vt 0.242323 0.293497
vt 0.235045 0.327513
vt 0.235045 0.293497
f 8822/-1 8821/-2 8823/-3
vt 0.235045 0.327513
vt 0.242323 0.293497
vt 0.242323 0.327513
f 8825/-1 8824/-2 8826/-3
vt 0.235045 0.293497
vt 0.227768 0.327513
vt 0.227768 0.293497
f 8828/-1 8827/-2 8829/-3
vt 0.227768 0.327513
vt 0.235045 0.293497
vt 0.235045 0.327513
f 8831/-1 8830/-2 8832/-3
vt 0.227768 0.293497
vt 0.220491 0.327513
vt 0.220491 0.293497
f 8834/-1 8833/-2 8835/-3
vt 0.220491 0.327513
vt 0.227768 0.293497
vt 0.227768 0.327513
f 8837/-1 8836/-2 8838/-3
vt 0.220491 0.293497
vt 0.213214 0.327513
vt 0.213214 0.293497
f 8840/-1 8839/-2 8841/-3
vt 0.213214 0.327513
vt 0.220491 0.293497
vt 0.220491 0.327513
f 8843/-1 8842/-2 8844/-3
vt 0.213214 0.293497
vt 0.205937 0.327513
vt 0.205937 0.293497
f 8846/-1 8845/-2 8847/-3
vt 0.205937 0.327513
vt 0.213214 0.293497
vt 0.213214 0.327513
f 8849/-1 8848/-2 8850/-3
vt 0.205937 0.293497
vt 0.198659 0.327513
vt 0.198659 0.293497
f 8852/-1 8851/-2 8853/-3
vt 0.198659 0.327513
vt 0.205937 0.293497
vt 0.205937 0.327513
f 8855/-1 8854/-2 8856/-3
vt 0.198659 0.293497
vt 0.191382 0.327513
vt 0.191382 0.293497
f 8858/-1 8857/-2 8859/-3
vt 0.191382 0.327513
vt 0.198659 0.293497
vt 0.198659 0.327513
f 8861/-1 8860/-2 8862/-3
vt 0.191382 0.293497
vt 0.184105 0.327513
vt 0.184105 0.293497
f 8864/-1 8863/-2 8865/-3
vt 0.184105 0.327513
vt 0.191382 0.293497
vt 0.191382 0.327513
f 8867/-1 8866/-2 8868/-3
vt 0.184105 0.293497
vt 0.176828 0.327513
vt 0.176828 0.293497
f 8870/-1 8869/-2 8871/-3
vt 0.176828 0.327513
vt 0.184105 0.293497
vt 0.184105 0.327513
f 8873/-1 8872/-2 8874/-3
vt 0.176828 0.293497
vt 0.169550 0.327513
vt 0.169550 0.293497
f 8876/-1 8875/-2 8877/-3
vt 0.169550 0.327513
vt 0.176828 0.293497
vt 0.176828 0.327513
f 8879/-1 8878/-2 8880/-3
vt 0.169550 0.293497
vt 0.162273 0.327513
vt 0.162273 0.293497
f 8882/-1 8881/-2 8883/-3
vt 0.162273 0.327513
vt 0.169550 0.293497
vt 0.169550 0.327513
f 8885/-1 8884/-2 8886/-3
vt 0.162273 0.293497
vt 0.154996 0.327513
vt 0.154996 0.293497
f 8888/-1 8887/-2 8889/-3
vt 0.154996 0.327513
vt 0.162273 0.293497
vt 0.162273 0.327513
f 8891/-1 8890/-2 8892/-3
vt 0.154996 0.293497
vt 0.147719 0.327513
vt 0.147719 0.293497
f 8894/-1 8893/-2 8895/-3
vt 0.147719 0.327513
vt 0.154996 0.293497
vt 0.154996 0.327513
f 8897/-1 8896/-2 8898/-3
vt 0.147719 0.293497
vt 0.140441 0.327513
vt 0.140441 0.293497
f 8900/-1 8899/-2 8901/-3
vt 0.140441 0.327513
vt 0.147719 0.293497
vt 0.147719 0.327513
f 8903/-1 8902/-2 8904/-3
vt 0.140441 0.293497
vt 0.133164 0.327513
vt 0.133164 0.293497
f 8906/-1 8905/-2 8907/-3
vt 0.133164 0.327513
vt 0.140441 0.293497
vt 0.140441 0.327513
f 8909/-1 8908/-2 8910/-3
vt 0.133164 0.293497
vt 0.125887 0.327513
vt 0.125887 0.293497
f 8912/-1 8911/-2 8913/-3
vt 0.125887 0.327513
vt 0.133164 0.293497
vt 0.133164 0.327513
f 8915/-1 8914/-2 8916/-3
vt 0.125887 0.293497
vt 0.118610 0.327513
vt 0.118610 0.293497
f 8918/-1 8917/-2 8919/-3
vt 0.118610 0.327513
vt 0.125887 0.293497
vt 0.125887 0.327513
f 8921/-1 8920/-2 8922/-3
vt 0.118610 0.293497
vt 0.111332 0.327513
vt 0.111332 0.293497
f 8924/-1 8923/-2 8925/-3
vt 0.111332 0.327513
vt 0.118610 0.293497
vt 0.118610 0.327513
f 8927/-1 8926/-2 8928/-3
vt 0.111332 0.293497
vt 0.104055 0.327513
vt 0.104055 0.293497
f 8930/-1 8929/-2 8931/-3
vt 0.104055 0.327513
vt 0.111332 0.293497
vt 0.111332 0.327513
f 8933/-1 8932/-2 8934/-3
vt 0.104055 0.293497
vt 0.096778 0.327513
vt 0.096778 0.293497
f 8936/-1 8935/-2 8937/-3
vt 0.096778 0.327513
vt 0.104055 0.293497
vt 0.104055 0.327513
f 8939/-1 8938/-2 8940/-3
vt 0.096778 0.293497
vt 0.089501 0.327513
vt 0.089501 0.293497
f 8942/-1 8941/-2 8943/-3
vt 0.089501 0.327513
vt 0.096778 0.293497
vt 0.096778 0.327513
f 8945/-1 8944/-2 8946/-3
vt 0.089501 0.293497
vt 0.082223 0.327513
vt 0.082223 0.293497
f 8948/-1 8947/-2 8949/-3
vt 0.082223 0.327513
vt 0.089501 0.293497
vt 0.089501 0.327513
f 8951/-1 8950/-2 8952/-3
vt 0.082223 0.293497
vt 0.074946 0.327513
vt 0.074946 0.293497
f 8954/-1 8953/-2 8955/-3
vt 0.074946 0.327513
vt 0.082223 0.293497
vt 0.082223 0.327513
f 8957/-1 8956/-2 8958/-3
vt 0.074946 0.293497
vt 0.067669 0.327513
vt 0.067669 0.293497
f 8960/-1 8959/-2 8961/-3
vt 0.067669 0.327513
vt 0.074946 0.293497
vt 0.074946 0.327513
f 8963/-1 8962/-2 8964/-3
vt 0.067669 0.293497
vt 0.060392 0.327513
vt 0.060392 0.293497
f 8966/-1 8965/-2 8967/-3
vt 0.060392 0.327513
vt 0.067669 0.293497
vt 0.067669 0.327513
f 8969/-1 8968/-2 8970/-3
vt 0.060392 0.293497
vt 0.053114 0.327513
vt 0.053114 0.293497
f 8972/-1 8971/-2 8973/-3
vt 0.053114 0.327513
vt 0.060392 0.293497
vt 0.060392 0.327513
f 8975/-1 8974/-2 8976/-3
vt 0.053114 0.293497
vt 0.045837 0.327513
vt 0.045837 0.293497
f 8978/-1 8977/-2 8979/-3
vt 0.045837 0.327513
vt 0.053114 0.293497
vt 0.053114 0.327513
f 8981/-1 8980/-2 8982/-3
vt 0.045837 0.293497
vt 0.038560 0.327513
vt 0.038560 0.293497
f 8984/-1 8983/-2 8985/-3
vt 0.038560 0.327513
vt 0.045837 0.293497
vt 0.045837 0.327513
f 8987/-1 8986/-2 8988/-3
vt 0.038560 0.293497
vt 0.031283 0.327513
vt 0.031283 0.293497
f 8990/-1 8989/-2 8991/-3
vt 0.031283 0.327513
vt 0.038560 0.293497
vt 0.038560 0.327513
f 8993/-1 8992/-2 8994/-3
vt 0.031283 0.293497
vt 0.024005 0.327513
vt 0.024005 0.293497
f 8996/-1 8995/-2 8997/-3
vt 0.024005 0.327513
vt 0.031283 0.293497
vt 0.031283 0.327513
f 8999/-1 8998/-2 9000/-3
vt 0.024005 0.293497
vt 0.016728 0.327513
vt 0.016728 0.293497
f 9002/-1 9001/-2 9003/-3
vt 0.016728 0.327513
vt 0.024005 0.293497
vt 0.024005 0.327513
f 9005/-1 9004/-2 9006/-3
vt 0.345212 0.327363
vt 0.330220 0.358902
vt 0.330220 0.327363
f 9008/-1 9007/-2 9009/-3
vt 0.330220 0.358902
vt 0.345212 0.327363
vt 0.345212 0.358902
f 9011/-1 9010/-2 9012/-3
vt 0.330220 0.327363
vt 0.296593 0.358902
vt 0.296593 0.327363
f 9014/-1 9013/-2 9015/-3
vt 0.296593 0.358902
vt 0.330220 0.327363
vt 0.330220 0.358902
f 9017/-1 9016/-2 9018/-3
vt 0.296593 0.327363
vt 0.262966 0.358902
vt 0.262966 0.327363
f 9020/-1 9019/-2 9021/-3
vt 0.262966 0.358902
vt 0.296593 0.327363
vt 0.296593 0.358902
f 9023/-1 9022/-2 9024/-3
vt 0.262966 0.327363
vt 0.229339 0.358902
vt 0.229339 0.327363
f 9026/-1 9025/-2 9027/-3
vt 0.229339 0.358902
vt 0.262966 0.327363
vt 0.262966 0.358902
f 9029/-1 9028/-2 9030/-3
vt 0.229339 0.327363
vt 0.195711 0.358902
vt 0.195711 0.327363
f 9032/-1 9031/-2 9033/-3
vt 0.195711 0.358902
vt 0.229339 0.327363
vt 0.229339 0.358902
f 9035/-1 9034/-2 9036/-3
vt 0.195711 0.327363
vt 0.162084 0.358902
vt 0.162084 0.327363
f 9038/-1 9037/-2 9039/-3
vt 0.162084 0.358902
vt 0.195711 0.327363
vt 0.195711 0.358902
f 9041/-1 9040/-2 9042/-3
vt 0.162084 0.327363
vt 0.128457 0.358902
vt 0.128457 0.327363
f 9044/-1 9043/-2 9045/-3
vt 0.128457 0.358902
vt 0.162084 0.327363
vt 0.162084 0.358902
f 9047/-1 9046/-2 9048/-3
vt 0.128457 0.327363
vt 0.094830 0.358902
vt 0.094830 0.327363
f 9050/-1 9049/-2 9051/-3
vt 0.094830 0.358902
vt 0.128457 0.327363
vt 0.128457 0.358902
f 9053/-1 9052/-2 9054/-3
vt 0.094830 0.327363
vt 0.061203 0.358902
vt 0.061203 0.327363
f 9056/-1 9055/-2 9057/-3
vt 0.061203 0.358902
vt 0.094830 0.327363
vt 0.094830 0.358902
f 9059/-1 9058/-2 9060/-3
vt 0.030734 0.358929
vt 0.061203 0.327363
vt 0.061203 0.358902
f 9062/-1 9061/-2 9063/-3
vt 0.027575 0.358930
vt 0.061203 0.327363
vt 0.030734 0.358929
f 9065/-1 9064/-2 9066/-3
vt 0.027575 0.327363
vt 0.061203 0.327363
vt 0.027575 0.358930
f 9068/-1 9067/-2 9069/-3
vt 0.345212 0.358902
vt 0.330220 0.368115
vt 0.330220 0.358902
f 9071/-1 9070/-2 9072/-3
vt 0.330220 0.368115
vt 0.345212 0.358902
vt 0.345212 0.368115
f 9074/-1 9073/-2 9075/-3
vt 0.330220 0.358902
vt 0.296593 0.368115
vt 0.296593 0.358902
f 9077/-1 9076/-2 9078/-3
vt 0.296593 0.368115
vt 0.330220 0.358902
vt 0.330220 0.368115
f 9080/-1 9079/-2 9081/-3
vt 0.296593 0.358902
vt 0.262966 0.368115
vt 0.262966 0.358902
f 9083/-1 9082/-2 9084/-3
vt 0.262966 0.368115
vt 0.296593 0.358902
vt 0.296593 0.368115
f 9086/-1 9085/-2 9087/-3
vt 0.262966 0.358902
vt 0.229339 0.368115
vt 0.229339 0.358902
f 9089/-1 9088/-2 9090/-3
vt 0.229339 0.368115
vt 0.262966 0.358902
vt 0.262966 0.368115
f 9092/-1 9091/-2 9093/-3
vt 0.229339 0.358902
vt 0.195711 0.368115
vt 0.195711 0.358902
f 9095/-1 9094/-2 9096/-3
vt 0.195711 0.368115
vt 0.229339 0.358902
vt 0.229339 0.368115
f 9098/-1 9097/-2 9099/-3
vt 0.195711 0.358902
vt 0.162084 0.368115
vt 0.162084 0.358902
f 9101/-1 9100/-2 9102/-3
vt 0.162084 0.368115
vt 0.195711 0.358902
vt 0.195711 0.368115
f 9104/-1 9103/-2 9105/-3
vt 0.162084 0.358902
vt 0.128457 0.368115
vt 0.128457 0.358902
f 9107/-1 9106/-2 9108/-3
vt 0.128457 0.368115
vt 0.162084 0.358902
vt 0.162084 0.368115
f 9110/-1 9109/-2 9111/-3
vt 0.128457 0.358902
vt 0.094830 0.368115
vt 0.094830 0.358902
f 9113/-1 9112/-2 9114/-3
vt 0.094830 0.368115
vt 0.128457 0.358902
vt 0.128457 0.368115
f 9116/-1 9115/-2 9117/-3
vt 0.094830 0.358902
vt 0.061203 0.368115
vt 0.061203 0.358902
f 9119/-1 9118/-2 9120/-3
vt 0.061203 0.368115
vt 0.094830 0.358902
vt 0.094830 0.368115
f 9122/-1 9121/-2 9123/-3
vt 0.030736 0.368115
vt 0.061203 0.358902
vt 0.061203 0.368115
f 9125/-1 9124/-2 9126/-3
vt 0.061203 0.358902
vt 0.030736 0.368115
vt 0.030734 0.358929
f 9128/-1 9127/-2 9129/-3
vt 0.345212 0.368115
vt 0.330220 0.376108
vt 0.330220 0.368115
f 9131/-1 9130/-2 9132/-3
vt 0.330220 0.376108
vt 0.345212 0.368115
vt 0.345212 0.376108
f 9134/-1 9133/-2 9135/-3
vt 0.330220 0.368115
vt 0.296593 0.376108
vt 0.296593 0.368115
f 9137/-1 9136/-2 9138/-3
vt 0.296593 0.376108
vt 0.330220 0.368115
vt 0.330220 0.376108
f 9140/-1 9139/-2 9141/-3
vt 0.296593 0.368115
vt 0.262966 0.376108
vt 0.262966 0.368115
f 9143/-1 9142/-2 9144/-3
vt 0.262966 0.376108
vt 0.296593 0.368115
vt 0.296593 0.376108
f 9146/-1 9145/-2 9147/-3
vt 0.262966 0.368115
vt 0.229339 0.376108
vt 0.229339 0.368115
f 9149/-1 9148/-2 9150/-3
vt 0.229339 0.376108
vt 0.262966 0.368115
vt 0.262966 0.376108
f 9152/-1 9151/-2 9153/-3
vt 0.229339 0.368115
vt 0.195711 0.376108
vt 0.195711 0.368115
f 9155/-1 9154/-2 9156/-3
vt 0.195711 0.376108
vt 0.229339 0.368115
vt 0.229339 0.376108
f 9158/-1 9157/-2 9159/-3
vt 0.195711 0.368115
vt 0.162084 0.376108
vt 0.162084 0.368115
f 9161/-1 9160/-2 9162/-3
vt 0.162084 0.376108
vt 0.195711 0.368115
vt 0.195711 0.376108
f 9164/-1 9163/-2 9165/-3
vt 0.162084 0.368115
vt 0.128457 0.376108
vt 0.128457 0.368115
f 9167/-1 9166/-2 9168/-3
vt 0.128457 0.376108
vt 0.162084 0.368115
vt 0.162084 0.376108
f 9170/-1 9169/-2 9171/-3
vt 0.128457 0.368115
vt 0.094830 0.376108
vt 0.094830 0.368115
f 9173/-1 9172/-2 9174/-3
vt 0.094830 0.376108
vt 0.128457 0.368115
vt 0.128457 0.376108
f 9176/-1 9175/-2 9177/-3
vt 0.094830 0.368115
vt 0.061203 0.376108
vt 0.061203 0.368115
f 9179/-1 9178/-2 9180/-3
vt 0.061203 0.376108
vt 0.094830 0.368115
vt 0.094830 0.376108
f 9182/-1 9181/-2 9183/-3
vt 0.061203 0.368115
vt 0.030736 0.376108
vt 0.030736 0.368115
f 9185/-1 9184/-2 9186/-3
vt 0.030736 0.376108
vt 0.061203 0.368115
vt 0.061203 0.376108
f 9188/-1 9187/-2 9189/-3
vt 0.345212 0.376108
vt 0.330220 0.384286
vt 0.330220 0.376108
f 9191/-1 9190/-2 9192/-3
vt 0.330220 0.384286
vt 0.345212 0.376108
vt 0.345212 0.384286
f 9194/-1 9193/-2 9195/-3
vt 0.330220 0.376108
vt 0.296593 0.384286
vt 0.296593 0.376108
f 9197/-1 9196/-2 9198/-3
vt 0.296593 0.384286
vt 0.330220 0.376108
vt 0.330220 0.384286
f 9200/-1 9199/-2 9201/-3
vt 0.296593 0.376108
vt 0.262966 0.384286
vt 0.262966 0.376108
f 9203/-1 9202/-2 9204/-3
vt 0.262966 0.384286
vt 0.296593 0.376108
vt 0.296593 0.384286
f 9206/-1 9205/-2 9207/-3
vt 0.262966 0.376108
vt 0.229339 0.384286
vt 0.229339 0.376108
f 9209/-1 9208/-2 9210/-3
vt 0.229339 0.384286
vt 0.262966 0.376108
vt 0.262966 0.384286
f 9212/-1 9211/-2 9213/-3
vt 0.229339 0.376108
vt 0.195711 0.384286
vt 0.195711 0.376108
f 9215/-1 9214/-2 9216/-3
vt 0.195711 0.384286
vt 0.229339 0.376108
vt 0.229339 0.384286
f 9218/-1 9217/-2 9219/-3
vt 0.195711 0.376108
vt 0.162084 0.384286
vt 0.162084 0.376108
f 9221/-1 9220/-2 9222/-3
vt 0.162084 0.384286
vt 0.195711 0.376108
vt 0.195711 0.384286
f 9224/-1 9223/-2 9225/-3
vt 0.162084 0.376108
vt 0.128457 0.384286
vt 0.128457 0.376108
f 9227/-1 9226/-2 9228/-3
vt 0.128457 0.384286
vt 0.162084 0.376108
vt 0.162084 0.384286
f 9230/-1 9229/-2 9231/-3
vt 0.128457 0.376108
vt 0.094830 0.384286
vt 0.094830 0.376108
f 9233/-1 9232/-2 9234/-3
vt 0.094830 0.384286
vt 0.128457 0.376108
vt 0.128457 0.384286
f 9236/-1 9235/-2 9237/-3
vt 0.094830 0.376108
vt 0.061203 0.384286
vt 0.061203 0.376108
f 9239/-1 9238/-2 9240/-3
vt 0.061203 0.384286
vt 0.094830 0.376108
vt 0.094830 0.384286
f 9242/-1 9241/-2 9243/-3
vt 0.061203 0.376108
vt 0.030736 0.384286
vt 0.030736 0.376108
f 9245/-1 9244/-2 9246/-3
vt 0.030736 0.384286
vt 0.061203 0.376108
vt 0.061203 0.384286
f 9248/-1 9247/-2 9249/-3
vt 0.345212 0.384286
vt 0.330220 0.394051
vt 0.330220 0.384286
f 9251/-1 9250/-2 9252/-3
vt 0.330220 0.394051
vt 0.345212 0.384286
vt 0.345212 0.394051
f 9254/-1 9253/-2 9255/-3
vt 0.330220 0.384286
vt 0.296593 0.394051
vt 0.296593 0.384286
f 9257/-1 9256/-2 9258/-3
vt 0.296593 0.394051
vt 0.330220 0.384286
vt 0.330220 0.394051
f 9260/-1 9259/-2 9261/-3
vt 0.296593 0.384286
vt 0.262966 0.394051
vt 0.262966 0.384286
f 9263/-1 9262/-2 9264/-3
vt 0.262966 0.394051
vt 0.296593 0.384286
vt 0.296593 0.394051
f 9266/-1 9265/-2 9267/-3
vt 0.262966 0.384286
vt 0.229339 0.394051
vt 0.229339 0.384286
f 9269/-1 9268/-2 9270/-3
vt 0.229339 0.394051
vt 0.262966 0.384286
vt 0.262966 0.394051
f 9272/-1 9271/-2 9273/-3
vt 0.229339 0.384286
vt 0.195711 0.394051
vt 0.195711 0.384286
f 9275/-1 9274/-2 9276/-3
vt 0.195711 0.394051
vt 0.229339 0.384286
vt 0.229339 0.394051
f 9278/-1 9277/-2 9279/-3
vt 0.195711 0.384286
vt 0.162084 0.394051
vt 0.162084 0.384286
f 9281/-1 9280/-2 9282/-3
vt 0.162084 0.394051
vt 0.195711 0.384286
vt 0.195711 0.394051
f 9284/-1 9283/-2 9285/-3
vt 0.162084 0.384286
vt 0.128457 0.394051
vt 0.128457 0.384286
f 9287/-1 9286/-2 9288/-3
vt 0.128457 0.394051
vt 0.162084 0.384286
vt 0.162084 0.394051
f 9290/-1 9289/-2 9291/-3
vt 0.128457 0.384286
vt 0.094830 0.394051
vt 0.094830 0.384286
f 9293/-1 9292/-2 9294/-3
vt 0.094830 0.394051
vt 0.128457 0.384286
vt 0.128457 0.394051
f 9296/-1 9295/-2 9297/-3
vt 0.094830 0.384286
vt 0.061203 0.394051
vt 0.061203 0.384286
f 9299/-1 9298/-2 9300/-3
vt 0.061203 0.394051
vt 0.094830 0.384286
vt 0.094830 0.394051
f 9302/-1 9301/-2 9303/-3
vt 0.061203 0.384286
vt 0.030736 0.394051
vt 0.030736 0.384286
f 9305/-1 9304/-2 9306/-3
vt 0.030736 0.394051
vt 0.061203 0.384286
vt 0.061203 0.394051
f 9308/-1 9307/-2 9309/-3
vt 0.345212 0.394051
vt 0.330220 0.402959
vt 0.330220 0.394051
f 9311/-1 9310/-2 9312/-3
vt 0.330220 0.402959
vt 0.345212 0.394051
vt 0.345212 0.402959
f 9314/-1 9313/-2 9315/-3
vt 0.330220 0.394051
vt 0.296593 0.402959
vt 0.296593 0.394051
f 9317/-1 9316/-2 9318/-3
vt 0.296593 0.402959
vt 0.330220 0.394051
vt 0.330220 0.402959
f 9320/-1 9319/-2 9321/-3
vt 0.296593 0.394051
vt 0.262966 0.402959
vt 0.262966 0.394051
f 9323/-1 9322/-2 9324/-3
vt 0.262966 0.402959
vt 0.296593 0.394051
vt 0.296593 0.402959
f 9326/-1 9325/-2 9327/-3
vt 0.262966 0.394051
vt 0.229339 0.402959
vt 0.229339 0.394051
f 9329/-1 9328/-2 9330/-3
vt 0.229339 0.402959
vt 0.262966 0.394051
vt 0.262966 0.402959
f 9332/-1 9331/-2 9333/-3
vt 0.229339 0.394051
vt 0.195711 0.402959
vt 0.195711 0.394051
f 9335/-1 9334/-2 9336/-3
vt 0.195711 0.402959
vt 0.229339 0.394051
vt 0.229339 0.402959
f 9338/-1 9337/-2 9339/-3
vt 0.195711 0.394051
vt 0.162084 0.402959
vt 0.162084 0.394051
f 9341/-1 9340/-2 9342/-3
vt 0.162084 0.402959
vt 0.195711 0.394051
vt 0.195711 0.402959
f 9344/-1 9343/-2 9345/-3
vt 0.162084 0.394051
vt 0.128457 0.402959
vt 0.128457 0.394051
f 9347/-1 9346/-2 9348/-3
vt 0.128457 0.402959
vt 0.162084 0.394051
vt 0.162084 0.402959
f 9350/-1 9349/-2 9351/-3
vt 0.128457 0.394051
vt 0.094830 0.402959
vt 0.094830 0.394051
f 9353/-1 9352/-2 9354/-3
vt 0.094830 0.402959
vt 0.128457 0.394051
vt 0.128457 0.402959
f 9356/-1 9355/-2 9357/-3
vt 0.094830 0.394051
vt 0.061203 0.402959
vt 0.061203 0.394051
f 9359/-1 9358/-2 9360/-3
vt 0.061203 0.402959
vt 0.094830 0.394051
vt 0.094830 0.402959
f 9362/-1 9361/-2 9363/-3
vt 0.061203 0.394051
vt 0.030736 0.402959
vt 0.030736 0.394051
f 9365/-1 9364/-2 9366/-3
vt 0.030736 0.402959
vt 0.061203 0.394051
vt 0.061203 0.402959
f 9368/-1 9367/-2 9369/-3
vt 0.672675 0.315399
vt 0.664603 0.300458
vt 0.672675 0.300458
f 9371/-1 9370/-2 9372/-3
vt 0.664603 0.300458
vt 0.672675 0.315399
vt 0.664603 0.315399
f 9374/-1 9373/-2 9375/-3
vt 0.672675 0.300458
vt 0.664603 0.266946
vt 0.672675 0.266946
f 9377/-1 9376/-2 9378/-3
vt 0.664603 0.266946
vt 0.672675 0.300458
vt 0.664603 0.300458
f 9380/-1 9379/-2 9381/-3
vt 0.672675 0.266946
vt 0.664603 0.233434
vt 0.672675 0.233434
f 9383/-1 9382/-2 9384/-3
vt 0.664603 0.233434
vt 0.672675 0.266946
vt 0.664603 0.266946
f 9386/-1 9385/-2 9387/-3
vt 0.672675 0.233434
vt 0.664603 0.199922
vt 0.672675 0.199922
f 9389/-1 9388/-2 9390/-3
vt 0.664603 0.199922
vt 0.672675 0.233434
vt 0.664603 0.233434
f 9392/-1 9391/-2 9393/-3
vt 0.672675 0.199922
vt 0.664603 0.166410
vt 0.672675 0.166410
f 9395/-1 9394/-2 9396/-3
vt 0.664603 0.166410
vt 0.672675 0.199922
vt 0.664603 0.199922
f 9398/-1 9397/-2 9399/-3
vt 0.672675 0.166410
vt 0.664603 0.132898
vt 0.672675 0.132898
f 9401/-1 9400/-2 9402/-3
vt 0.664603 0.132898
vt 0.672675 0.166410
vt 0.664603 0.166410
f 9404/-1 9403/-2 9405/-3
vt 0.672675 0.132898
vt 0.664603 0.099386
vt 0.672675 0.099386
f 9407/-1 9406/-2 9408/-3
vt 0.664603 0.099386
vt 0.672675 0.132898
vt 0.664603 0.132898
f 9410/-1 9409/-2 9411/-3
vt 0.672675 0.099386
vt 0.664603 0.065874
vt 0.672675 0.065874
f 9413/-1 9412/-2 9414/-3
vt 0.664603 0.065874
vt 0.672675 0.099386
vt 0.664603 0.099386
f 9416/-1 9415/-2 9417/-3
vt 0.672675 0.065874
vt 0.664603 0.032362
vt 0.672675 0.032362
f 9419/-1 9418/-2 9420/-3
vt 0.664603 0.032362
vt 0.672675 0.065874
vt 0.664603 0.065874
f 9422/-1 9421/-2 9423/-3
vt 0.672675 0.032362
vt 0.664603 0.002000
vt 0.672675 0.002000
f 9425/-1 9424/-2 9426/-3
vt 0.664603 0.002000
vt 0.672675 0.032362
vt 0.664603 0.032362
f 9428/-1 9427/-2 9429/-3
vt 0.664603 0.315399
vt 0.651950 0.300458
vt 0.664603 0.300458
f 9431/-1 9430/-2 9432/-3
vt 0.651950 0.300458
vt 0.664603 0.315399
vt 0.651950 0.315399
f 9434/-1 9433/-2 9435/-3
vt 0.664603 0.300458
vt 0.651950 0.266946
vt 0.664603 0.266946
f 9437/-1 9436/-2 9438/-3
vt 0.651950 0.266946
vt 0.664603 0.300458
vt 0.651950 0.300458
f 9440/-1 9439/-2 9441/-3
vt 0.664603 0.266946
vt 0.651950 0.233434
vt 0.664603 0.233434
f 9443/-1 9442/-2 9444/-3
vt 0.651950 0.233434
vt 0.664603 0.266946
vt 0.651950 0.266946
f 9446/-1 9445/-2 9447/-3
vt 0.664603 0.233434
vt 0.651950 0.199922
vt 0.664603 0.199922
f 9449/-1 9448/-2 9450/-3
vt 0.651950 0.199922
vt 0.664603 0.233434
vt 0.651950 0.233434
f 9452/-1 9451/-2 9453/-3
vt 0.664603 0.199922
vt 0.651950 0.166410
vt 0.664603 0.166410
f 9455/-1 9454/-2 9456/-3
vt 0.651950 0.166410
vt 0.664603 0.199922
vt 0.651950 0.199922
f 9458/-1 9457/-2 9459/-3
vt 0.664603 0.166410
vt 0.651950 0.132898
vt 0.664603 0.132898
f 9461/-1 9460/-2 9462/-3
vt 0.651950 0.132898
vt 0.664603 0.166410
vt 0.651950 0.166410
f 9464/-1 9463/-2 9465/-3
vt 0.664603 0.132898
vt 0.651950 0.099386
vt 0.664603 0.099386
f 9467/-1 9466/-2 9468/-3
vt 0.651950 0.099386
vt 0.664603 0.132898
vt 0.651950 0.132898
f 9470/-1 9469/-2 9471/-3
vt 0.664603 0.099386
vt 0.651950 0.065874
vt 0.664603 0.065874
f 9473/-1 9472/-2 9474/-3
vt 0.651950 0.065874
vt 0.664603 0.099386
vt 0.651950 0.099386
f 9476/-1 9475/-2 9477/-3
vt 0.664603 0.065874
vt 0.651950 0.032362
vt 0.664603 0.032362
f 9479/-1 9478/-2 9480/-3
vt 0.651950 0.032362
vt 0.664603 0.065874
vt 0.651950 0.065874
f 9482/-1 9481/-2 9483/-3
vt 0.664603 0.032362
vt 0.651950 0.002000
vt 0.664603 0.002000
f 9485/-1 9484/-2 9486/-3
vt 0.651950 0.002000
vt 0.664603 0.032362
vt 0.651950 0.032362
f 9488/-1 9487/-2 9489/-3
vt 0.651950 0.315399
vt 0.599609 0.300458
vt 0.651950 0.300458
f 9491/-1 9490/-2 9492/-3
vt 0.599609 0.300458
vt 0.651950 0.315399
vt 0.599609 0.315399
f 9494/-1 9493/-2 9495/-3
vt 0.651950 0.300458
vt 0.599609 0.266946
vt 0.651950 0.266946
f 9497/-1 9496/-2 9498/-3
vt 0.599609 0.266946
vt 0.651950 0.300458
vt 0.599609 0.300458
f 9500/-1 9499/-2 9501/-3
vt 0.651950 0.266946
vt 0.599609 0.233434
vt 0.651950 0.233434
f 9503/-1 9502/-2 9504/-3
vt 0.599609 0.233434
vt 0.651950 0.266946
vt 0.599609 0.266946
f 9506/-1 9505/-2 9507/-3
vt 0.651950 0.233434
vt 0.599609 0.199922
vt 0.651950 0.199922
f 9509/-1 9508/-2 9510/-3
vt 0.599609 0.199922
vt 0.651950 0.233434
vt 0.599609 0.233434
f 9512/-1 9511/-2 9513/-3
vt 0.651950 0.199922
vt 0.599609 0.166410
vt 0.651950 0.166410
f 9515/-1 9514/-2 9516/-3
vt 0.599609 0.166410
vt 0.651950 0.199922
vt 0.599609 0.199922
f 9518/-1 9517/-2 9519/-3
vt 0.651950 0.166410
vt 0.599609 0.132898
vt 0.651950 0.132898
f 9521/-1 9520/-2 9522/-3
vt 0.599609 0.132898
vt 0.651950 0.166410
vt 0.599609 0.166410
f 9524/-1 9523/-2 9525/-3
vt 0.651950 0.132898
vt 0.599609 0.099386
vt 0.651950 0.099386
f 9527/-1 9526/-2 9528/-3
vt 0.599609 0.099386
vt 0.651950 0.132898
vt 0.599609 0.132898
f 9530/-1 9529/-2 9531/-3
vt 0.651950 0.099386
vt 0.599609 0.065874
vt 0.651950 0.065874
f 9533/-1 9532/-2 9534/-3
vt 0.599609 0.065874
vt 0.651950 0.099386
vt 0.599609 0.099386
f 9536/-1 9535/-2 9537/-3
vt 0.651950 0.065874
vt 0.599609 0.032362
vt 0.651950 0.032362
f 9539/-1 9538/-2 9540/-3
vt 0.599609 0.032362
vt 0.651950 0.065874
vt 0.599609 0.065874
f 9542/-1 9541/-2 9543/-3
vt 0.651950 0.032362
vt 0.599609 0.002000
vt 0.651950 0.002000
f 9545/-1 9544/-2 9546/-3
vt 0.599609 0.002000
vt 0.651950 0.032362
vt 0.599609 0.032362
f 9548/-1 9547/-2 9549/-3
vt 0.599609 0.315399
vt 0.537089 0.300458
vt 0.599609 0.300458
f 9551/-1 9550/-2 9552/-3
vt 0.537089 0.300458
vt 0.599609 0.315399
vt 0.537089 0.315399
f 9554/-1 9553/-2 9555/-3
vt 0.599609 0.300458
vt 0.537089 0.266946
vt 0.599609 0.266946
f 9557/-1 9556/-2 9558/-3
vt 0.537089 0.266946
vt 0.599609 0.300458
vt 0.537089 0.300458
f 9560/-1 9559/-2 9561/-3
vt 0.599609 0.266946
vt 0.537089 0.233434
vt 0.599609 0.233434
f 9563/-1 9562/-2 9564/-3
vt 0.537089 0.233434
vt 0.599609 0.266946
vt 0.537089 0.266946
f 9566/-1 9565/-2 9567/-3
vt 0.599609 0.233434
vt 0.537089 0.199922
vt 0.599609 0.199922
f 9569/-1 9568/-2 9570/-3
vt 0.537089 0.199922
vt 0.599609 0.233434
vt 0.537089 0.233434
f 9572/-1 9571/-2 9573/-3
vt 0.599609 0.199922
vt 0.537089 0.166410
vt 0.599609 0.166410
f 9575/-1 9574/-2 9576/-3
vt 0.537089 0.166410
vt 0.599609 0.199922
vt 0.537089 0.199922
f 9578/-1 9577/-2 9579/-3
vt 0.599609 0.166410
vt 0.537089 0.132898
vt 0.599609 0.132898
f 9581/-1 9580/-2 9582/-3
vt 0.537089 0.132898
vt 0.599609 0.166410
vt 0.537089 0.166410
f 9584/-1 9583/-2 9585/-3
vt 0.599609 0.132898
vt 0.537089 0.099386
vt 0.599609 0.099386
f 9587/-1 9586/-2 9588/-3
vt 0.537089 0.099386
vt 0.599609 0.132898
vt 0.537089 0.132898
f 9590/-1 9589/-2 9591/-3
vt 0.599609 0.099386
vt 0.537089 0.065874
vt 0.599609 0.065874
f 9593/-1 9592/-2 9594/-3
vt 0.537089 0.065874
vt 0.599609 0.099386
vt 0.537089 0.099386
f 9596/-1 9595/-2 9597/-3
vt 0.599609 0.065874
vt 0.537089 0.032362
vt 0.599609 0.032362
f 9599/-1 9598/-2 9600/-3
vt 0.537089 0.032362
vt 0.599609 0.065874
vt 0.537089 0.065874
f 9602/-1 9601/-2 9603/-3
vt 0.599609 0.032362
vt 0.537089 0.002000
vt 0.599609 0.002000
f 9605/-1 9604/-2 9606/-3
vt 0.537089 0.002000
vt 0.599609 0.032362
vt 0.537089 0.032362
f 9608/-1 9607/-2 9609/-3
vt 0.537089 0.315399
vt 0.483087 0.300458
vt 0.537089 0.300458
f 9611/-1 9610/-2 9612/-3
vt 0.483087 0.300458
vt 0.537089 0.315399
vt 0.483087 0.315399
f 9614/-1 9613/-2 9615/-3
vt 0.537089 0.300458
vt 0.483087 0.266946
vt 0.537089 0.266946
f 9617/-1 9616/-2 9618/-3
vt 0.483087 0.266946
vt 0.537089 0.300458
vt 0.483087 0.300458
f 9620/-1 9619/-2 9621/-3
vt 0.537089 0.266946
vt 0.483087 0.233434
vt 0.537089 0.233434
f 9623/-1 9622/-2 9624/-3
vt 0.483087 0.233434
vt 0.537089 0.266946
vt 0.483087 0.266946
f 9626/-1 9625/-2 9627/-3
vt 0.537089 0.233434
vt 0.483087 0.199922
vt 0.537089 0.199922
f 9629/-1 9628/-2 9630/-3
vt 0.483087 0.199922
vt 0.537089 0.233434
vt 0.483087 0.233434
f 9632/-1 9631/-2 9633/-3
vt 0.537089 0.199922
vt 0.483087 0.166410
vt 0.537089 0.166410
f 9635/-1 9634/-2 9636/-3
vt 0.483087 0.166410
vt 0.537089 0.199922
vt 0.483087 0.199922
f 9638/-1 9637/-2 9639/-3
vt 0.537089 0.166410
vt 0.483087 0.132898
vt 0.537089 0.132898
f 9641/-1 9640/-2 9642/-3
vt 0.483087 0.132898
vt 0.537089 0.166410
vt 0.483087 0.166410
f 9644/-1 9643/-2 9645/-3
vt 0.537089 0.132898
vt 0.483087 0.099386
vt 0.537089 0.099386
f 9647/-1 9646/-2 9648/-3
vt 0.483087 0.099386
vt 0.537089 0.132898
vt 0.483087 0.132898
f 9650/-1 9649/-2 9651/-3
vt 0.537089 0.099386
vt 0.483087 0.065874
vt 0.537089 0.065874
f 9653/-1 9652/-2 9654/-3
vt 0.483087 0.065874
vt 0.537089 0.099386
vt 0.483087 0.099386
f 9656/-1 9655/-2 9657/-3
vt 0.537089 0.065874
vt 0.483087 0.032362
vt 0.537089 0.032362
f 9659/-1 9658/-2 9660/-3
vt 0.483087 0.032362
vt 0.537089 0.065874
vt 0.483087 0.065874
f 9662/-1 9661/-2 9663/-3
vt 0.537089 0.032362
vt 0.483087 0.002000
vt 0.537089 0.002000
f 9665/-1 9664/-2 9666/-3
vt 0.483087 0.002000
vt 0.537089 0.032362
vt 0.483087 0.032362
f 9668/-1 9667/-2 9669/-3
vt 0.483087 0.315399
vt 0.430837 0.300458
vt 0.483087 0.300458
f 9671/-1 9670/-2 9672/-3
vt 0.430837 0.300458
vt 0.483087 0.315399
vt 0.430837 0.315399
f 9674/-1 9673/-2 9675/-3
vt 0.483087 0.300458
vt 0.430837 0.266946
vt 0.483087 0.266946
f 9677/-1 9676/-2 9678/-3
vt 0.430837 0.266946
vt 0.483087 0.300458
vt 0.430837 0.300458
f 9680/-1 9679/-2 9681/-3
vt 0.483087 0.266946
vt 0.430837 0.233434
vt 0.483087 0.233434
f 9683/-1 9682/-2 9684/-3
vt 0.430837 0.233434
vt 0.483087 0.266946
vt 0.430837 0.266946
f 9686/-1 9685/-2 9687/-3
vt 0.483087 0.233434
vt 0.430837 0.199922
vt 0.483087 0.199922
f 9689/-1 9688/-2 9690/-3
vt 0.430837 0.199922
vt 0.483087 0.233434
vt 0.430837 0.233434
f 9692/-1 9691/-2 9693/-3
vt 0.483087 0.199922
vt 0.430837 0.166410
vt 0.483087 0.166410
f 9695/-1 9694/-2 9696/-3
vt 0.430837 0.166410
vt 0.483087 0.199922
vt 0.430837 0.199922
f 9698/-1 9697/-2 9699/-3
vt 0.483087 0.166410
vt 0.430837 0.132898
vt 0.483087 0.132898
f 9701/-1 9700/-2 9702/-3
vt 0.430837 0.132898
vt 0.483087 0.166410
vt 0.430837 0.166410
f 9704/-1 9703/-2 9705/-3
vt 0.483087 0.132898
vt 0.430837 0.099386
vt 0.483087 0.099386
f 9707/-1 9706/-2 9708/-3
vt 0.430837 0.099386
vt 0.483087 0.132898
vt 0.430837 0.132898
f 9710/-1 9709/-2 9711/-3
vt 0.483087 0.099386
vt 0.430837 0.065874
vt 0.483087 0.065874
f 9713/-1 9712/-2 9714/-3
vt 0.430837 0.065874
vt 0.483087 0.099386
vt 0.430837 0.099386
f 9716/-1 9715/-2 9717/-3
vt 0.483087 0.065874
vt 0.430837 0.032362
vt 0.483087 0.032362
f 9719/-1 9718/-2 9720/-3
vt 0.430837 0.032362
vt 0.483087 0.065874
vt 0.430837 0.065874
f 9722/-1 9721/-2 9723/-3
vt 0.483087 0.032362
vt 0.430837 0.002000
vt 0.483087 0.002000
f 9725/-1 9724/-2 9726/-3
vt 0.430837 0.002000
vt 0.483087 0.032362
vt 0.430837 0.032362
f 9728/-1 9727/-2 9729/-3
vt 0.430837 0.315399
vt 0.381306 0.300458
vt 0.430837 0.300458
f 9731/-1 9730/-2 9732/-3
vt 0.381306 0.300458
vt 0.430837 0.315399
vt 0.381306 0.315399
f 9734/-1 9733/-2 9735/-3
vt 0.430837 0.300458
vt 0.381306 0.266946
vt 0.430837 0.266946
f 9737/-1 9736/-2 9738/-3
vt 0.381306 0.266946
vt 0.430837 0.300458
vt 0.381306 0.300458
f 9740/-1 9739/-2 9741/-3
vt 0.430837 0.266946
vt 0.381306 0.233434
vt 0.430837 0.233434
f 9743/-1 9742/-2 9744/-3
vt 0.381306 0.233434
vt 0.430837 0.266946
vt 0.381306 0.266946
f 9746/-1 9745/-2 9747/-3
vt 0.430837 0.233434
vt 0.381306 0.199922
vt 0.430837 0.199922
f 9749/-1 9748/-2 9750/-3
vt 0.381306 0.199922
vt 0.430837 0.233434
vt 0.381306 0.233434
f 9752/-1 9751/-2 9753/-3
vt 0.430837 0.199922
vt 0.381306 0.166410
vt 0.430837 0.166410
f 9755/-1 9754/-2 9756/-3
vt 0.381306 0.166410
vt 0.430837 0.199922
vt 0.381306 0.199922
f 9758/-1 9757/-2 9759/-3
vt 0.430837 0.166410
vt 0.381306 0.132898
vt 0.430837 0.132898
f 9761/-1 9760/-2 9762/-3
vt 0.381306 0.132898
vt 0.430837 0.166410
vt 0.381306 0.166410
f 9764/-1 9763/-2 9765/-3
vt 0.430837 0.132898
vt 0.381306 0.099386
vt 0.430837 0.099386
f 9767/-1 9766/-2 9768/-3
vt 0.381306 0.099386
vt 0.430837 0.132898
vt 0.381306 0.132898
f 9770/-1 9769/-2 9771/-3
vt 0.430837 0.099386
vt 0.381306 0.065874
vt 0.430837 0.065874
f 9773/-1 9772/-2 9774/-3
vt 0.381306 0.065874
vt 0.430837 0.099386
vt 0.381306 0.099386
f 9776/-1 9775/-2 9777/-3
vt 0.430837 0.065874
vt 0.381306 0.032362
vt 0.430837 0.032362
f 9779/-1 9778/-2 9780/-3
vt 0.381306 0.032362
vt 0.430837 0.065874
vt 0.381306 0.065874
f 9782/-1 9781/-2 9783/-3
vt 0.430837 0.032362
vt 0.381306 0.002000
vt 0.430837 0.002000
f 9785/-1 9784/-2 9786/-3
vt 0.381306 0.002000
vt 0.430837 0.032362
vt 0.381306 0.032362
f 9788/-1 9787/-2 9789/-3
vt 0.381306 0.315399
vt 0.349337 0.300458
vt 0.381306 0.300458
f 9791/-1 9790/-2 9792/-3
vt 0.349337 0.300458
vt 0.381306 0.315399
vt 0.349337 0.315399
f 9794/-1 9793/-2 9795/-3
vt 0.381306 0.300458
vt 0.349337 0.266946
vt 0.381306 0.266946
f 9797/-1 9796/-2 9798/-3
vt 0.349337 0.266946
vt 0.381306 0.300458
vt 0.349337 0.300458
f 9800/-1 9799/-2 9801/-3
vt 0.381306 0.266946
vt 0.349337 0.233434
vt 0.381306 0.233434
f 9803/-1 9802/-2 9804/-3
vt 0.349337 0.233434
vt 0.381306 0.266946
vt 0.349337 0.266946
f 9806/-1 9805/-2 9807/-3
vt 0.381306 0.233434
vt 0.349337 0.199922
vt 0.381306 0.199922
f 9809/-1 9808/-2 9810/-3
vt 0.349337 0.199922
vt 0.381306 0.233434
vt 0.349337 0.233434
f 9812/-1 9811/-2 9813/-3
vt 0.381306 0.199922
vt 0.349337 0.166410
vt 0.381306 0.166410
f 9815/-1 9814/-2 9816/-3
vt 0.349337 0.166410
vt 0.381306 0.199922
vt 0.349337 0.199922
f 9818/-1 9817/-2 9819/-3
vt 0.381306 0.166410
vt 0.349337 0.132898
vt 0.381306 0.132898
f 9821/-1 9820/-2 9822/-3
vt 0.349337 0.132898
vt 0.381306 0.166410
vt 0.349337 0.166410
f 9824/-1 9823/-2 9825/-3
vt 0.381306 0.132898
vt 0.349337 0.099386
vt 0.381306 0.099386
f 9827/-1 9826/-2 9828/-3
vt 0.349337 0.099386
vt 0.381306 0.132898
vt 0.349337 0.132898
f 9830/-1 9829/-2 9831/-3
vt 0.381306 0.099386
vt 0.349337 0.065874
vt 0.381306 0.065874
f 9833/-1 9832/-2 9834/-3
vt 0.349337 0.065874
vt 0.381306 0.099386
vt 0.349337 0.099386
f 9836/-1 9835/-2 9837/-3
vt 0.381306 0.065874
vt 0.349337 0.032362
vt 0.381306 0.032362
f 9839/-1 9838/-2 9840/-3
vt 0.349337 0.032362
vt 0.381306 0.065874
vt 0.349337 0.065874
f 9842/-1 9841/-2 9843/-3
vt 0.381306 0.032362
vt 0.349337 0.002000
vt 0.381306 0.002000
f 9845/-1 9844/-2 9846/-3
vt 0.349337 0.002000
vt 0.381306 0.032362
vt 0.349337 0.032362
f 9848/-1 9847/-2 9849/-3
vt 0.664930 0.316206
vt 0.667959 0.315455
vt 0.672207 0.316206
f 9851/-1 9850/-2 9852/-3
vt 0.667959 0.315455
vt 0.664930 0.316206
vt 0.660887 0.315455
f 9854/-1 9853/-2 9855/-3
vt 0.657652 0.316206
vt 0.660887 0.315455
vt 0.664930 0.316206
f 9857/-1 9856/-2 9858/-3
vt 0.660887 0.315455
vt 0.657652 0.316206
vt 0.653815 0.315455
f 9860/-1 9859/-2 9861/-3
vt 0.650375 0.316206
vt 0.653815 0.315455
vt 0.657652 0.316206
f 9863/-1 9862/-2 9864/-3
vt 0.653815 0.315455
vt 0.650375 0.316206
vt 0.646743 0.315455
f 9866/-1 9865/-2 9867/-3
vt 0.643098 0.316206
vt 0.646743 0.315455
vt 0.650375 0.316206
f 9869/-1 9868/-2 9870/-3
vt 0.646743 0.315455
vt 0.643098 0.316206
vt 0.639671 0.315455
f 9872/-1 9871/-2 9873/-3
vt 0.635821 0.316206
vt 0.639671 0.315455
vt 0.643098 0.316206
f 9875/-1 9874/-2 9876/-3
vt 0.639671 0.315455
vt 0.635821 0.316206
vt 0.632599 0.315455
f 9878/-1 9877/-2 9879/-3
vt 0.628543 0.316206
vt 0.632599 0.315455
vt 0.635821 0.316206
f 9881/-1 9880/-2 9882/-3
vt 0.632599 0.315455
vt 0.628543 0.316206
vt 0.625527 0.315455
f 9884/-1 9883/-2 9885/-3
vt 0.621266 0.316206
vt 0.625527 0.315455
vt 0.628543 0.316206
f 9887/-1 9886/-2 9888/-3
vt 0.625527 0.315455
vt 0.621266 0.316206
vt 0.618455 0.315455
f 9890/-1 9889/-2 9891/-3
vt 0.613989 0.316206
vt 0.618455 0.315455
vt 0.621266 0.316206
f 9893/-1 9892/-2 9894/-3
vt 0.618455 0.315455
vt 0.613989 0.316206
vt 0.611383 0.315455
f 9896/-1 9895/-2 9897/-3
vt 0.606712 0.316206
vt 0.611383 0.315455
vt 0.613989 0.316206
f 9899/-1 9898/-2 9900/-3
vt 0.611383 0.315455
vt 0.606712 0.316206
vt 0.604312 0.315455
f 9902/-1 9901/-2 9903/-3
vt 0.599434 0.316206
vt 0.604312 0.315455
vt 0.606712 0.316206
f 9905/-1 9904/-2 9906/-3
vt 0.604312 0.315455
vt 0.599434 0.316206
vt 0.597239 0.315455
f 9908/-1 9907/-2 9909/-3
vt 0.592157 0.316206
vt 0.597239 0.315455
vt 0.599434 0.316206
f 9911/-1 9910/-2 9912/-3
vt 0.597239 0.315455
vt 0.592157 0.316206
vt 0.590168 0.315455
f 9914/-1 9913/-2 9915/-3
vt 0.584880 0.316206
vt 0.590168 0.315455
vt 0.592157 0.316206
f 9917/-1 9916/-2 9918/-3
vt 0.590168 0.315455
vt 0.584880 0.316206
vt 0.583096 0.315455
f 9920/-1 9919/-2 9921/-3
vt 0.577603 0.316206
vt 0.583096 0.315455
vt 0.584880 0.316206
f 9923/-1 9922/-2 9924/-3
vt 0.583096 0.315455
vt 0.577603 0.316206
vt 0.576024 0.315455
f 9926/-1 9925/-2 9927/-3
vt 0.570325 0.316206
vt 0.576024 0.315455
vt 0.577603 0.316206
f 9929/-1 9928/-2 9930/-3
vt 0.576024 0.315455
vt 0.570325 0.316206
vt 0.568951 0.315455
f 9932/-1 9931/-2 9933/-3
vt 0.563048 0.316206
vt 0.568951 0.315455
vt 0.570325 0.316206
f 9935/-1 9934/-2 9936/-3
vt 0.568951 0.315455
vt 0.563048 0.316206
vt 0.561880 0.315455
f 9938/-1 9937/-2 9939/-3
vt 0.555771 0.316206
vt 0.561880 0.315455
vt 0.563048 0.316206
f 9941/-1 9940/-2 9942/-3
vt 0.561880 0.315455
vt 0.555771 0.316206
vt 0.554807 0.315455
f 9944/-1 9943/-2 9945/-3
vt 0.548494 0.316206
vt 0.554807 0.315455
vt 0.555771 0.316206
f 9947/-1 9946/-2 9948/-3
vt 0.554807 0.315455
vt 0.548494 0.316206
vt 0.547736 0.315455
f 9950/-1 9949/-2 9951/-3
vt 0.541216 0.316206
vt 0.547736 0.315455
vt 0.548494 0.316206
f 9953/-1 9952/-2 9954/-3
vt 0.547736 0.315455
vt 0.541216 0.316206
vt 0.540664 0.315455
f 9956/-1 9955/-2 9957/-3
vt 0.533939 0.316206
vt 0.540664 0.315455
vt 0.541216 0.316206
f 9959/-1 9958/-2 9960/-3
vt 0.540664 0.315455
vt 0.533939 0.316206
vt 0.533592 0.315455
f 9962/-1 9961/-2 9963/-3
vt 0.526662 0.316206
vt 0.533592 0.315455
vt 0.533939 0.316206
f 9965/-1 9964/-2 9966/-3
vt 0.533592 0.315455
vt 0.526662 0.316206
vt 0.526520 0.315455
f 9968/-1 9967/-2 9969/-3
vt 0.519385 0.316206
vt 0.526520 0.315455
vt 0.526662 0.316206
f 9971/-1 9970/-2 9972/-3
vt 0.526520 0.315455
vt 0.519385 0.316206
vt 0.519448 0.315455
f 9974/-1 9973/-2 9975/-3
vt 0.512107 0.316206
vt 0.519448 0.315455
vt 0.519385 0.316206
f 9977/-1 9976/-2 9978/-3
vt 0.519448 0.315455
vt 0.512107 0.316206
vt 0.512376 0.315455
f 9980/-1 9979/-2 9981/-3
vt 0.504830 0.316206
vt 0.512376 0.315455
vt 0.512107 0.316206
f 9983/-1 9982/-2 9984/-3
vt 0.512376 0.315455
vt 0.504830 0.316206
vt 0.505304 0.315455
f 9986/-1 9985/-2 9987/-3
vt 0.497553 0.316206
vt 0.505304 0.315455
vt 0.504830 0.316206
f 9989/-1 9988/-2 9990/-3
vt 0.505304 0.315455
vt 0.497553 0.316206
vt 0.498232 0.315455
f 9992/-1 9991/-2 9993/-3
vt 0.490276 0.316206
vt 0.498232 0.315455
vt 0.497553 0.316206
f 9995/-1 9994/-2 9996/-3
vt 0.498232 0.315455
vt 0.490276 0.316206
vt 0.491160 0.315455
f 9998/-1 9997/-2 9999/-3
vt 0.482998 0.316206
vt 0.491160 0.315455
vt 0.490276 0.316206
f 10001/-1 10000/-2 10002/-3
vt 0.491160 0.315455
vt 0.482998 0.316206
vt 0.484088 0.315455
f 10004/-1 10003/-2 10005/-3
vt 0.475721 0.316206
vt 0.484088 0.315455
vt 0.482998 0.316206
f 10007/-1 10006/-2 10008/-3
vt 0.484088 0.315455
vt 0.475721 0.316206
vt 0.477016 0.315455
f 10010/-1 10009/-2 10011/-3
vt 0.468444 0.316206
vt 0.477016 0.315455
vt 0.475721 0.316206
f 10013/-1 10012/-2 10014/-3
vt 0.477016 0.315455
vt 0.468444 0.316206
vt 0.469944 0.315455
f 10016/-1 10015/-2 10017/-3
vt 0.461167 0.316206
vt 0.469944 0.315455
vt 0.468444 0.316206
f 10019/-1 10018/-2 10020/-3
vt 0.469944 0.315455
vt 0.461167 0.316206
vt 0.462872 0.315455
f 10022/-1 10021/-2 10023/-3
vt 0.453890 0.316206
vt 0.462872 0.315455
vt 0.461167 0.316206
f 10025/-1 10024/-2 10026/-3
vt 0.462872 0.315455
vt 0.453890 0.316206
vt 0.455800 0.315455
f 10028/-1 10027/-2 10029/-3
vt 0.446612 0.316206
vt 0.455800 0.315455
vt 0.453890 0.316206
f 10031/-1 10030/-2 10032/-3
vt 0.455800 0.315455
vt 0.446612 0.316206
vt 0.448728 0.315455
f 10034/-1 10033/-2 10035/-3
vt 0.439335 0.316206
vt 0.448728 0.315455
vt 0.446612 0.316206
f 10037/-1 10036/-2 10038/-3
vt 0.448728 0.315455
vt 0.439335 0.316206
vt 0.441656 0.315455
f 10040/-1 10039/-2 10041/-3
vt 0.432058 0.316206
vt 0.441656 0.315455
vt 0.439335 0.316206
f 10043/-1 10042/-2 10044/-3
vt 0.441656 0.315455
vt 0.432058 0.316206
vt 0.434584 0.315455
f 10046/-1 10045/-2 10047/-3
vt 0.424781 0.316206
vt 0.434584 0.315455
vt 0.432058 0.316206
f 10049/-1 10048/-2 10050/-3
vt 0.434584 0.315455
vt 0.424781 0.316206
vt 0.427512 0.315455
f 10052/-1 10051/-2 10053/-3
vt 0.417503 0.316206
vt 0.427512 0.315455
vt 0.424781 0.316206
f 10055/-1 10054/-2 10056/-3
vt 0.427512 0.315455
vt 0.417503 0.316206
vt 0.420440 0.315455
f 10058/-1 10057/-2 10059/-3
vt 0.410226 0.316206
vt 0.420440 0.315455
vt 0.417503 0.316206
f 10061/-1 10060/-2 10062/-3
vt 0.420440 0.315455
vt 0.410226 0.316206
vt 0.413368 0.315455
f 10064/-1 10063/-2 10065/-3
vt 0.402949 0.316206
vt 0.413368 0.315455
vt 0.410226 0.316206
f 10067/-1 10066/-2 10068/-3
vt 0.413368 0.315455
vt 0.402949 0.316206
vt 0.406296 0.315455
f 10070/-1 10069/-2 10071/-3
vt 0.395672 0.316206
vt 0.406296 0.315455
vt 0.402949 0.316206
f 10073/-1 10072/-2 10074/-3
vt 0.406296 0.315455
vt 0.395672 0.316206
vt 0.399224 0.315455
f 10076/-1 10075/-2 10077/-3
vt 0.388394 0.316206
vt 0.399224 0.315455
vt 0.395672 0.316206
f 10079/-1 10078/-2 10080/-3
vt 0.399224 0.315455
vt 0.388394 0.316206
vt 0.392152 0.315455
f 10082/-1 10081/-2 10083/-3
vt 0.381117 0.316206
vt 0.392152 0.315455
vt 0.388394 0.316206
f 10085/-1 10084/-2 10086/-3
vt 0.392152 0.315455
vt 0.381117 0.316206
vt 0.385080 0.315455
f 10088/-1 10087/-2 10089/-3
vt 0.373840 0.316206
vt 0.385080 0.315455
vt 0.381117 0.316206
f 10091/-1 10090/-2 10092/-3
vt 0.385080 0.315455
vt 0.373840 0.316206
vt 0.378008 0.315455
f 10094/-1 10093/-2 10095/-3
vt 0.366563 0.316206
vt 0.378008 0.315455
vt 0.373840 0.316206
f 10097/-1 10096/-2 10098/-3
vt 0.378008 0.315455
vt 0.366563 0.316206
vt 0.370936 0.315455
f 10100/-1 10099/-2 10101/-3
vt 0.359285 0.316206
vt 0.370936 0.315455
vt 0.366563 0.316206
f 10103/-1 10102/-2 10104/-3
vt 0.370936 0.315455
vt 0.359285 0.316206
vt 0.363864 0.315455
f 10106/-1 10105/-2 10107/-3
vt 0.352008 0.316206
vt 0.363864 0.315455
vt 0.359285 0.316206
f 10109/-1 10108/-2 10110/-3
vt 0.363864 0.315455
vt 0.352008 0.316206
vt 0.356792 0.315455
f 10112/-1 10111/-2 10113/-3
vt 0.344731 0.316206
vt 0.356792 0.315455
vt 0.352008 0.316206
f 10115/-1 10114/-2 10116/-3
vt 0.356792 0.315455
vt 0.344731 0.316206
vt 0.349720 0.315455
f 10118/-1 10117/-2 10119/-3
vt 0.002000 0.478065
vt 0.013475 0.507985
vt 0.009326 0.509391
f 10121/-1 10120/-2 10122/-3
vt 0.013475 0.507985
vt 0.002000 0.478065
vt 0.006245 0.477073
f 10124/-1 10123/-2 10125/-3
vt 0.009326 0.509391
vt 0.015555 0.516878
vt 0.011466 0.518542
f 10127/-1 10126/-2 10128/-3
vt 0.015555 0.516878
vt 0.009326 0.509391
vt 0.013475 0.507985
f 10130/-1 10129/-2 10131/-3
vt 0.011466 0.518542
vt 0.017359 0.524593
vt 0.013322 0.526480
f 10133/-1 10132/-2 10134/-3
vt 0.017359 0.524593
vt 0.011466 0.518542
vt 0.015555 0.516878
f 10136/-1 10135/-2 10137/-3
vt 0.013322 0.526480
vt 0.019205 0.532487
vt 0.015222 0.534603
f 10139/-1 10138/-2 10140/-3
vt 0.019205 0.532487
vt 0.013322 0.526480
vt 0.017359 0.524593
f 10142/-1 10141/-2 10143/-3
vt 0.015222 0.534603
vt 0.022330 0.541696
vt 0.018438 0.544080
f 10145/-1 10144/-2 10146/-3
vt 0.022330 0.541696
vt 0.015222 0.534603
vt 0.019205 0.532487
f 10148/-1 10147/-2 10149/-3
vt 0.018438 0.544080
vt 0.028341 0.549359
vt 0.024623 0.551965
f 10151/-1 10150/-2 10152/-3
vt 0.028341 0.549359
vt 0.018438 0.544080
vt 0.022330 0.541696
f 10154/-1 10153/-2 10155/-3
vt 0.024623 0.551965
vt 0.037398 0.552828
vt 0.033943 0.555535
f 10157/-1 10156/-2 10158/-3
vt 0.037398 0.552828
vt 0.024623 0.551965
vt 0.028341 0.549359
f 10160/-1 10159/-2 10161/-3
vt 0.033943 0.555535
vt 0.050143 0.552063
vt 0.047058 0.554748
f 10163/-1 10162/-2 10164/-3
vt 0.050143 0.552063
vt 0.033943 0.555535
vt 0.037398 0.552828
f 10166/-1 10165/-2 10167/-3
vt 0.047058 0.554748
vt 0.100849 0.540258
vt 0.099236 0.542600
f 10169/-1 10168/-2 10170/-3
vt 0.100849 0.540258
vt 0.047058 0.554748
vt 0.050143 0.552063
f 10172/-1 10171/-2 10173/-3
vt 0.099236 0.542600
vt 0.161402 0.526097
vt 0.161546 0.528028
f 10175/-1 10174/-2 10176/-3
vt 0.161402 0.526097
vt 0.099236 0.542600
vt 0.100849 0.540258
f 10178/-1 10177/-2 10179/-3
vt 0.161546 0.528028
vt 0.213705 0.513865
vt 0.215367 0.515441
f 10181/-1 10180/-2 10182/-3
vt 0.213705 0.513865
vt 0.161546 0.528028
vt 0.161402 0.526097
f 10184/-1 10183/-2 10185/-3
vt 0.215367 0.515441
vt 0.264310 0.502030
vt 0.267442 0.503263
f 10187/-1 10186/-2 10188/-3
vt 0.264310 0.502030
vt 0.215367 0.515441
vt 0.213705 0.513865
f 10190/-1 10189/-2 10191/-3
vt 0.267442 0.503263
vt 0.312283 0.490811
vt 0.316807 0.491718
f 10193/-1 10192/-2 10194/-3
vt 0.312283 0.490811
vt 0.267442 0.503263
vt 0.264310 0.502030
f 10196/-1 10195/-2 10197/-3
vt 0.316807 0.491718
vt 0.348232 0.482404
vt 0.348668 0.484266
f 10199/-1 10198/-2 10200/-3
vt 0.348232 0.482404
vt 0.316807 0.491718
vt 0.312283 0.490811
f 10202/-1 10201/-2 10203/-3
vt 0.835947 0.326351
vt 0.823750 0.321361
vt 0.835195 0.321361
f 10205/-1 10204/-2 10206/-3
vt 0.823750 0.321361
vt 0.835947 0.326351
vt 0.824502 0.326351
f 10208/-1 10207/-2 10209/-3
vt 0.835195 0.010194
vt 0.823750 0.003122
vt 0.835195 0.003122
f 10211/-1 10210/-2 10212/-3
vt 0.823750 0.003122
vt 0.835195 0.010194
vt 0.823750 0.010194
f 10214/-1 10213/-2 10215/-3
vt 0.835195 0.017266
vt 0.823750 0.010194
vt 0.835195 0.010194
f 10217/-1 10216/-2 10218/-3
vt 0.823750 0.010194
vt 0.835195 0.017266
vt 0.823750 0.017266
f 10220/-1 10219/-2 10221/-3
vt 0.835195 0.024338
vt 0.823750 0.017266
vt 0.835195 0.017266
f 10223/-1 10222/-2 10224/-3
vt 0.823750 0.017266
vt 0.835195 0.024338
vt 0.823750 0.024338
f 10226/-1 10225/-2 10227/-3
vt 0.835195 0.031410
vt 0.823750 0.024338
vt 0.835195 0.024338
f 10229/-1 10228/-2 10230/-3
vt 0.823750 0.024338
vt 0.835195 0.031410
vt 0.823750 0.031410
f 10232/-1 10231/-2 10233/-3
vt 0.835195 0.038482
vt 0.823750 0.031410
vt 0.835195 0.031410
f 10235/-1 10234/-2 10236/-3
vt 0.823750 0.031410
vt 0.835195 0.038482
vt 0.823750 0.038482
f 10238/-1 10237/-2 10239/-3
vt 0.835195 0.045554
vt 0.823750 0.038482
vt 0.835195 0.038482
f 10241/-1 10240/-2 10242/-3
vt 0.823750 0.038482
vt 0.835195 0.045554
vt 0.823750 0.045554
f 10244/-1 10243/-2 10245/-3
vt 0.835195 0.052626
vt 0.823750 0.045554
vt 0.835195 0.045554
f 10247/-1 10246/-2 10248/-3
vt 0.823750 0.045554
vt 0.835195 0.052626
vt 0.823750 0.052626
f 10250/-1 10249/-2 10251/-3
vt 0.835195 0.059698
vt 0.823750 0.052626
vt 0.835195 0.052626
f 10253/-1 10252/-2 10254/-3
vt 0.823750 0.052626
vt 0.835195 0.059698
vt 0.823750 0.059698
f 10256/-1 10255/-2 10257/-3
vt 0.835195 0.066770
vt 0.823750 0.059698
vt 0.835195 0.059698
f 10259/-1 10258/-2 10260/-3
vt 0.823750 0.059698
vt 0.835195 0.066770
vt 0.823750 0.066770
f 10262/-1 10261/-2 10263/-3
vt 0.835195 0.073842
vt 0.823750 0.066770
vt 0.835195 0.066770
f 10265/-1 10264/-2 10266/-3
vt 0.823750 0.066770
vt 0.835195 0.073842
vt 0.823750 0.073842
f 10268/-1 10267/-2 10269/-3
vt 0.835195 0.080914
vt 0.823750 0.073842
vt 0.835195 0.073842
f 10271/-1 10270/-2 10272/-3
vt 0.823750 0.073842
vt 0.835195 0.080914
vt 0.823750 0.080914
f 10274/-1 10273/-2 10275/-3
vt 0.835195 0.087986
vt 0.823750 0.080914
vt 0.835195 0.080914
f 10277/-1 10276/-2 10278/-3
vt 0.823750 0.080914
vt 0.835195 0.087986
vt 0.823750 0.087986
f 10280/-1 10279/-2 10281/-3
vt 0.835195 0.095058
vt 0.823750 0.087986
vt 0.835195 0.087986
f 10283/-1 10282/-2 10284/-3
vt 0.823750 0.087986
vt 0.835195 0.095058
vt 0.823750 0.095058
f 10286/-1 10285/-2 10287/-3
vt 0.835195 0.102130
vt 0.823750 0.095058
vt 0.835195 0.095058
f 10289/-1 10288/-2 10290/-3
vt 0.823750 0.095058
vt 0.835195 0.102130
vt 0.823750 0.102130
f 10292/-1 10291/-2 10293/-3
vt 0.835195 0.109202
vt 0.823750 0.102130
vt 0.835195 0.102130
f 10295/-1 10294/-2 10296/-3
vt 0.823750 0.102130
vt 0.835195 0.109202
vt 0.823750 0.109202
f 10298/-1 10297/-2 10299/-3
vt 0.835195 0.116274
vt 0.823750 0.109202
vt 0.835195 0.109202
f 10301/-1 10300/-2 10302/-3
vt 0.823750 0.109202
vt 0.835195 0.116274
vt 0.823750 0.116274
f 10304/-1 10303/-2 10305/-3
vt 0.835195 0.123346
vt 0.823750 0.116274
vt 0.835195 0.116274
f 10307/-1 10306/-2 10308/-3
vt 0.823750 0.116274
vt 0.835195 0.123346
vt 0.823750 0.123346
f 10310/-1 10309/-2 10311/-3
vt 0.835195 0.130418
vt 0.823750 0.123346
vt 0.835195 0.123346
f 10313/-1 10312/-2 10314/-3
vt 0.823750 0.123346
vt 0.835195 0.130418
vt 0.823750 0.130418
f 10316/-1 10315/-2 10317/-3
vt 0.835195 0.137490
vt 0.823750 0.130418
vt 0.835195 0.130418
f 10319/-1 10318/-2 10320/-3
vt 0.823750 0.130418
vt 0.835195 0.137490
vt 0.823750 0.137490
f 10322/-1 10321/-2 10323/-3
vt 0.835195 0.144562
vt 0.823750 0.137490
vt 0.835195 0.137490
f 10325/-1 10324/-2 10326/-3
vt 0.823750 0.137490
vt 0.835195 0.144562
vt 0.823750 0.144562
f 10328/-1 10327/-2 10329/-3
vt 0.835195 0.151634
vt 0.823750 0.144562
vt 0.835195 0.144562
f 10331/-1 10330/-2 10332/-3
vt 0.823750 0.144562
vt 0.835195 0.151634
vt 0.823750 0.151634
f 10334/-1 10333/-2 10335/-3
vt 0.835195 0.158706
vt 0.823750 0.151634
vt 0.835195 0.151634
f 10337/-1 10336/-2 10338/-3
vt 0.823750 0.151634
vt 0.835195 0.158706
vt 0.823750 0.158706
f 10340/-1 10339/-2 10341/-3
vt 0.835195 0.165778
vt 0.823750 0.158706
vt 0.835195 0.158706
f 10343/-1 10342/-2 10344/-3
vt 0.823750 0.158706
vt 0.835195 0.165778
vt 0.823750 0.165778
f 10346/-1 10345/-2 10347/-3
vt 0.835195 0.172850
vt 0.823750 0.165778
vt 0.835195 0.165778
f 10349/-1 10348/-2 10350/-3
vt 0.823750 0.165778
vt 0.835195 0.172850
vt 0.823750 0.172850
f 10352/-1 10351/-2 10353/-3
vt 0.835195 0.179922
vt 0.823750 0.172850
vt 0.835195 0.172850
f 10355/-1 10354/-2 10356/-3
vt 0.823750 0.172850
vt 0.835195 0.179922
vt 0.823750 0.179922
f 10358/-1 10357/-2 10359/-3
vt 0.835195 0.186994
vt 0.823750 0.179922
vt 0.835195 0.179922
f 10361/-1 10360/-2 10362/-3
vt 0.823750 0.179922
vt 0.835195 0.186994
vt 0.823750 0.186994
f 10364/-1 10363/-2 10365/-3
vt 0.835195 0.194066
vt 0.823750 0.186994
vt 0.835195 0.186994
f 10367/-1 10366/-2 10368/-3
vt 0.823750 0.186994
vt 0.835195 0.194066
vt 0.823750 0.194066
f 10370/-1 10369/-2 10371/-3
vt 0.835195 0.201138
vt 0.823750 0.194066
vt 0.835195 0.194066
f 10373/-1 10372/-2 10374/-3
vt 0.823750 0.194066
vt 0.835195 0.201138
vt 0.823750 0.201138
f 10376/-1 10375/-2 10377/-3
vt 0.835195 0.208210
vt 0.823750 0.201138
vt 0.835195 0.201138
f 10379/-1 10378/-2 10380/-3
vt 0.823750 0.201138
vt 0.835195 0.208210
vt 0.823750 0.208210
f 10382/-1 10381/-2 10383/-3
vt 0.835195 0.215282
vt 0.823750 0.208210
vt 0.835195 0.208210
f 10385/-1 10384/-2 10386/-3
vt 0.823750 0.208210
vt 0.835195 0.215282
vt 0.823750 0.215282
f 10388/-1 10387/-2 10389/-3
vt 0.835195 0.222354
vt 0.823750 0.215282
vt 0.835195 0.215282
f 10391/-1 10390/-2 10392/-3
vt 0.823750 0.215282
vt 0.835195 0.222354
vt 0.823750 0.222354
f 10394/-1 10393/-2 10395/-3
vt 0.835195 0.229426
vt 0.823750 0.222354
vt 0.835195 0.222354
f 10397/-1 10396/-2 10398/-3
vt 0.823750 0.222354
vt 0.835195 0.229426
vt 0.823750 0.229426
f 10400/-1 10399/-2 10401/-3
vt 0.835195 0.236498
vt 0.823750 0.229426
vt 0.835195 0.229426
f 10403/-1 10402/-2 10404/-3
vt 0.823750 0.229426
vt 0.835195 0.236498
vt 0.823750 0.236498
f 10406/-1 10405/-2 10407/-3
vt 0.835195 0.243570
vt 0.823750 0.236498
vt 0.835195 0.236498
f 10409/-1 10408/-2 10410/-3
vt 0.823750 0.236498
vt 0.835195 0.243570
vt 0.823750 0.243570
f 10412/-1 10411/-2 10413/-3
vt 0.835195 0.250642
vt 0.823750 0.243570
vt 0.835195 0.243570
f 10415/-1 10414/-2 10416/-3
vt 0.823750 0.243570
vt 0.835195 0.250642
vt 0.823750 0.250642
f 10418/-1 10417/-2 10419/-3
vt 0.835195 0.257714
vt 0.823750 0.250642
vt 0.835195 0.250642
f 10421/-1 10420/-2 10422/-3
vt 0.823750 0.250642
vt 0.835195 0.257714
vt 0.823750 0.257714
f 10424/-1 10423/-2 10425/-3
vt 0.835195 0.264786
vt 0.823750 0.257714
vt 0.835195 0.257714
f 10427/-1 10426/-2 10428/-3
vt 0.823750 0.257714
vt 0.835195 0.264786
vt 0.823750 0.264786
f 10430/-1 10429/-2 10431/-3
vt 0.835195 0.271858
vt 0.823750 0.264786
vt 0.835195 0.264786
f 10433/-1 10432/-2 10434/-3
vt 0.823750 0.264786
vt 0.835195 0.271858
vt 0.823750 0.271858
f 10436/-1 10435/-2 10437/-3
vt 0.835195 0.278930
vt 0.823750 0.271858
vt 0.835195 0.271858
f 10439/-1 10438/-2 10440/-3
vt 0.823750 0.271858
vt 0.835195 0.278930
vt 0.823750 0.278930
f 10442/-1 10441/-2 10443/-3
vt 0.835195 0.286002
vt 0.823750 0.278930
vt 0.835195 0.278930
f 10445/-1 10444/-2 10446/-3
vt 0.823750 0.278930
vt 0.835195 0.286002
vt 0.823750 0.286002
f 10448/-1 10447/-2 10449/-3
vt 0.835195 0.293074
vt 0.823750 0.286002
vt 0.835195 0.286002
f 10451/-1 10450/-2 10452/-3
vt 0.823750 0.286002
vt 0.835195 0.293074
vt 0.823750 0.293074
f 10454/-1 10453/-2 10455/-3
vt 0.835195 0.300145
vt 0.823750 0.293074
vt 0.835195 0.293074
f 10457/-1 10456/-2 10458/-3
vt 0.823750 0.293074
vt 0.835195 0.300145
vt 0.823750 0.300145
f 10460/-1 10459/-2 10461/-3
vt 0.835195 0.307217
vt 0.823750 0.300145
vt 0.835195 0.300145
f 10463/-1 10462/-2 10464/-3
vt 0.823750 0.300145
vt 0.835195 0.307217
vt 0.823750 0.307217
f 10466/-1 10465/-2 10467/-3
vt 0.835195 0.314289
vt 0.823750 0.307217
vt 0.835195 0.307217
f 10469/-1 10468/-2 10470/-3
vt 0.823750 0.307217
vt 0.835195 0.314289
vt 0.823750 0.314289
f 10472/-1 10471/-2 10473/-3
vt 0.835195 0.321361
vt 0.823750 0.314289
vt 0.835195 0.314289
f 10475/-1 10474/-2 10476/-3
vt 0.823750 0.314289
vt 0.835195 0.321361
vt 0.823750 0.321361
f 10478/-1 10477/-2 10479/-3
vt 0.759199 0.179255
vt 0.770716 0.210378
vt 0.759199 0.210378
f 10481/-1 10480/-2 10482/-3
vt 0.770716 0.210378
vt 0.759199 0.179255
vt 0.770716 0.179255
f 10484/-1 10483/-2 10485/-3
vt 0.759199 0.210378
vt 0.770716 0.219331
vt 0.759199 0.219331
f 10487/-1 10486/-2 10488/-3
vt 0.770716 0.219331
vt 0.759199 0.210378
vt 0.770716 0.210378
f 10490/-1 10489/-2 10491/-3
vt 0.759199 0.219331
vt 0.770716 0.227098
vt 0.759199 0.227098
f 10493/-1 10492/-2 10494/-3
vt 0.770716 0.227098
vt 0.759199 0.219331
vt 0.770716 0.219331
f 10496/-1 10495/-2 10497/-3
vt 0.759199 0.227098
vt 0.770716 0.235046
vt 0.759199 0.235046
f 10499/-1 10498/-2 10500/-3
vt 0.770716 0.235046
vt 0.759199 0.227098
vt 0.770716 0.227098
f 10502/-1 10501/-2 10503/-3
vt 0.759199 0.235046
vt 0.770716 0.244535
vt 0.759199 0.244535
f 10505/-1 10504/-2 10506/-3
vt 0.770716 0.244535
vt 0.759199 0.235046
vt 0.770716 0.235046
f 10508/-1 10507/-2 10509/-3
vt 0.759199 0.244535
vt 0.770716 0.253192
vt 0.759199 0.253192
f 10511/-1 10510/-2 10512/-3
vt 0.770716 0.253192
vt 0.759199 0.244535
vt 0.770716 0.244535
f 10514/-1 10513/-2 10515/-3
vt 0.786341 0.002000
vt 0.798221 0.010119
vt 0.786341 0.010119
f 10517/-1 10516/-2 10518/-3
vt 0.798221 0.010119
vt 0.786341 0.002000
vt 0.798221 0.002000
f 10520/-1 10519/-2 10521/-3
vt 0.786341 0.010119
vt 0.798221 0.022845
vt 0.786341 0.022845
f 10523/-1 10522/-2 10524/-3
vt 0.798221 0.022845
vt 0.786341 0.010119
vt 0.798221 0.010119
f 10526/-1 10525/-2 10527/-3
vt 0.786341 0.022845
vt 0.798221 0.075492
vt 0.786341 0.075492
f 10529/-1 10528/-2 10530/-3
vt 0.798221 0.075492
vt 0.786341 0.022845
vt 0.798221 0.022845
f 10532/-1 10531/-2 10533/-3
vt 0.786341 0.075492
vt 0.798221 0.138377
vt 0.786341 0.138377
f 10535/-1 10534/-2 10536/-3
vt 0.798221 0.138377
vt 0.786341 0.075492
vt 0.798221 0.075492
f 10538/-1 10537/-2 10539/-3
vt 0.786341 0.138377
vt 0.798221 0.192695
vt 0.786341 0.192695
f 10541/-1 10540/-2 10542/-3
vt 0.798221 0.192695
vt 0.786341 0.138377
vt 0.798221 0.138377
f 10544/-1 10543/-2 10545/-3
vt 0.786341 0.192695
vt 0.798221 0.245250
vt 0.786341 0.245250
f 10547/-1 10546/-2 10548/-3
vt 0.798221 0.245250
vt 0.786341 0.192695
vt 0.798221 0.192695
f 10550/-1 10549/-2 10551/-3
vt 0.786341 0.245250
vt 0.798221 0.295070
vt 0.786341 0.295070
f 10553/-1 10552/-2 10554/-3
vt 0.798221 0.295070
vt 0.786341 0.245250
vt 0.798221 0.245250
f 10556/-1 10555/-2 10557/-3
vt 0.786341 0.295070
vt 0.798221 0.332404
vt 0.786341 0.332404
f 10559/-1 10558/-2 10560/-3
vt 0.798221 0.332404
vt 0.786341 0.295070
vt 0.798221 0.295070
f 10562/-1 10561/-2 10563/-3
vt 0.823750 0.321361
vt 0.824502 0.326351
vt 0.819280 0.326351
f 10565/-1 10564/-2 10566/-3
vt 0.823750 0.010194
vt 0.819280 0.011160
vt 0.823750 0.003122
f 10568/-1 10567/-2 10569/-3
vt 0.819280 0.011160
vt 0.823750 0.010194
vt 0.819280 0.017844
f 10571/-1 10570/-2 10572/-3
vt 0.823750 0.017266
vt 0.819280 0.017844
vt 0.823750 0.010194
f 10574/-1 10573/-2 10575/-3
vt 0.819280 0.017844
vt 0.823750 0.017266
vt 0.819280 0.024528
f 10577/-1 10576/-2 10578/-3
vt 0.823750 0.024338
vt 0.819280 0.024528
vt 0.823750 0.017266
f 10580/-1 10579/-2 10581/-3
vt 0.819280 0.024528
vt 0.823750 0.024338
vt 0.819280 0.031212
f 10583/-1 10582/-2 10584/-3
vt 0.823750 0.031410
vt 0.819280 0.031212
vt 0.823750 0.024338
f 10586/-1 10585/-2 10587/-3
vt 0.819280 0.031212
vt 0.823750 0.031410
vt 0.819280 0.037896
f 10589/-1 10588/-2 10590/-3
vt 0.823750 0.038482
vt 0.819280 0.037896
vt 0.823750 0.031410
f 10592/-1 10591/-2 10593/-3
vt 0.819280 0.037896
vt 0.823750 0.038482
vt 0.819280 0.044580
f 10595/-1 10594/-2 10596/-3
vt 0.823750 0.045554
vt 0.819280 0.044580
vt 0.823750 0.038482
f 10598/-1 10597/-2 10599/-3
vt 0.819280 0.044580
vt 0.823750 0.045554
vt 0.819280 0.051264
f 10601/-1 10600/-2 10602/-3
vt 0.823750 0.052626
vt 0.819280 0.051264
vt 0.823750 0.045554
f 10604/-1 10603/-2 10605/-3
vt 0.819280 0.051264
vt 0.823750 0.052626
vt 0.819280 0.057948
f 10607/-1 10606/-2 10608/-3
vt 0.823750 0.059698
vt 0.819280 0.057948
vt 0.823750 0.052626
f 10610/-1 10609/-2 10611/-3
vt 0.819280 0.057948
vt 0.823750 0.059698
vt 0.819280 0.064632
f 10613/-1 10612/-2 10614/-3
vt 0.823750 0.066770
vt 0.819280 0.064632
vt 0.823750 0.059698
f 10616/-1 10615/-2 10617/-3
vt 0.819280 0.064632
vt 0.823750 0.066770
vt 0.819280 0.071316
f 10619/-1 10618/-2 10620/-3
vt 0.823750 0.073842
vt 0.819280 0.071316
vt 0.823750 0.066770
f 10622/-1 10621/-2 10623/-3
vt 0.819280 0.071316
vt 0.823750 0.073842
vt 0.819280 0.078000
f 10625/-1 10624/-2 10626/-3
vt 0.823750 0.080914
vt 0.819280 0.078000
vt 0.823750 0.073842
f 10628/-1 10627/-2 10629/-3
vt 0.819280 0.078000
vt 0.823750 0.080914
vt 0.819280 0.084684
f 10631/-1 10630/-2 10632/-3
vt 0.823750 0.087986
vt 0.819280 0.084684
vt 0.823750 0.080914
f 10634/-1 10633/-2 10635/-3
vt 0.819280 0.084684
vt 0.823750 0.087986
vt 0.819280 0.091368
f 10637/-1 10636/-2 10638/-3
vt 0.823750 0.095058
vt 0.819280 0.091368
vt 0.823750 0.087986
f 10640/-1 10639/-2 10641/-3
vt 0.819280 0.091368
vt 0.823750 0.095058
vt 0.819280 0.098052
f 10643/-1 10642/-2 10644/-3
vt 0.823750 0.102130
vt 0.819280 0.098052
vt 0.823750 0.095058
f 10646/-1 10645/-2 10647/-3
vt 0.819280 0.098052
vt 0.823750 0.102130
vt 0.819280 0.104736
f 10649/-1 10648/-2 10650/-3
vt 0.823750 0.109202
vt 0.819280 0.104736
vt 0.823750 0.102130
f 10652/-1 10651/-2 10653/-3
vt 0.819280 0.104736
vt 0.823750 0.109202
vt 0.819280 0.111420
f 10655/-1 10654/-2 10656/-3
vt 0.823750 0.116274
vt 0.819280 0.111420
vt 0.823750 0.109202
f 10658/-1 10657/-2 10659/-3
vt 0.819280 0.111420
vt 0.823750 0.116274
vt 0.819280 0.118104
f 10661/-1 10660/-2 10662/-3
vt 0.823750 0.123346
vt 0.819280 0.118104
vt 0.823750 0.116274
f 10664/-1 10663/-2 10665/-3
vt 0.819280 0.118104
vt 0.823750 0.123346
vt 0.819280 0.124788
f 10667/-1 10666/-2 10668/-3
vt 0.823750 0.130418
vt 0.819280 0.124788
vt 0.823750 0.123346
f 10670/-1 10669/-2 10671/-3
vt 0.819280 0.124788
vt 0.823750 0.130418
vt 0.819280 0.131472
f 10673/-1 10672/-2 10674/-3
vt 0.823750 0.137490
vt 0.819280 0.131472
vt 0.823750 0.130418
f 10676/-1 10675/-2 10677/-3
vt 0.819280 0.131472
vt 0.823750 0.137490
vt 0.819280 0.138156
f 10679/-1 10678/-2 10680/-3
vt 0.823750 0.144562
vt 0.819280 0.138156
vt 0.823750 0.137490
f 10682/-1 10681/-2 10683/-3
vt 0.819280 0.138156
vt 0.823750 0.144562
vt 0.819280 0.144840
f 10685/-1 10684/-2 10686/-3
vt 0.823750 0.151634
vt 0.819280 0.144840
vt 0.823750 0.144562
f 10688/-1 10687/-2 10689/-3
vt 0.819280 0.144840
vt 0.823750 0.151634
vt 0.819280 0.151524
f 10691/-1 10690/-2 10692/-3
vt 0.823750 0.158706
vt 0.819280 0.151524
vt 0.823750 0.151634
f 10694/-1 10693/-2 10695/-3
vt 0.819280 0.151524
vt 0.823750 0.158706
vt 0.819280 0.158208
f 10697/-1 10696/-2 10698/-3
vt 0.823750 0.165778
vt 0.819280 0.158208
vt 0.823750 0.158706
f 10700/-1 10699/-2 10701/-3
vt 0.819280 0.158208
vt 0.823750 0.165778
vt 0.819280 0.164892
f 10703/-1 10702/-2 10704/-3
vt 0.823750 0.172850
vt 0.819280 0.164892
vt 0.823750 0.165778
f 10706/-1 10705/-2 10707/-3
vt 0.819280 0.164892
vt 0.823750 0.172850
vt 0.819280 0.171576
f 10709/-1 10708/-2 10710/-3
vt 0.823750 0.179922
vt 0.819280 0.171576
vt 0.823750 0.172850
f 10712/-1 10711/-2 10713/-3
vt 0.819280 0.171576
vt 0.823750 0.179922
vt 0.819280 0.178260
f 10715/-1 10714/-2 10716/-3
vt 0.823750 0.186994
vt 0.819280 0.178260
vt 0.823750 0.179922
f 10718/-1 10717/-2 10719/-3
vt 0.819280 0.178260
vt 0.823750 0.186994
vt 0.819280 0.184944
f 10721/-1 10720/-2 10722/-3
vt 0.823750 0.194066
vt 0.819280 0.184944
vt 0.823750 0.186994
f 10724/-1 10723/-2 10725/-3
vt 0.819280 0.184944
vt 0.823750 0.194066
vt 0.819280 0.191628
f 10727/-1 10726/-2 10728/-3
vt 0.823750 0.201138
vt 0.819280 0.191628
vt 0.823750 0.194066
f 10730/-1 10729/-2 10731/-3
vt 0.819280 0.191628
vt 0.823750 0.201138
vt 0.819280 0.198312
f 10733/-1 10732/-2 10734/-3
vt 0.823750 0.208210
vt 0.819280 0.198312
vt 0.823750 0.201138
f 10736/-1 10735/-2 10737/-3
vt 0.819280 0.198312
vt 0.823750 0.208210
vt 0.819280 0.204996
f 10739/-1 10738/-2 10740/-3
vt 0.823750 0.215282
vt 0.819280 0.204996
vt 0.823750 0.208210
f 10742/-1 10741/-2 10743/-3
vt 0.819280 0.204996
vt 0.823750 0.215282
vt 0.819280 0.211680
f 10745/-1 10744/-2 10746/-3
vt 0.823750 0.222354
vt 0.819280 0.211680
vt 0.823750 0.215282
f 10748/-1 10747/-2 10749/-3
vt 0.819280 0.211680
vt 0.823750 0.222354
vt 0.819280 0.218363
f 10751/-1 10750/-2 10752/-3
vt 0.823750 0.229426
vt 0.819280 0.218363
vt 0.823750 0.222354
f 10754/-1 10753/-2 10755/-3
vt 0.819280 0.218363
vt 0.823750 0.229426
vt 0.819280 0.225047
f 10757/-1 10756/-2 10758/-3
vt 0.823750 0.236498
vt 0.819280 0.225047
vt 0.823750 0.229426
f 10760/-1 10759/-2 10761/-3
vt 0.819280 0.225047
vt 0.823750 0.236498
vt 0.819280 0.231731
f 10763/-1 10762/-2 10764/-3
vt 0.823750 0.243570
vt 0.819280 0.231731
vt 0.823750 0.236498
f 10766/-1 10765/-2 10767/-3
vt 0.819280 0.231731
vt 0.823750 0.243570
vt 0.819280 0.238415
f 10769/-1 10768/-2 10770/-3
vt 0.823750 0.250642
vt 0.819280 0.238415
vt 0.823750 0.243570
f 10772/-1 10771/-2 10773/-3
vt 0.819280 0.238415
vt 0.823750 0.250642
vt 0.819280 0.245099
f 10775/-1 10774/-2 10776/-3
vt 0.823750 0.257714
vt 0.819280 0.245099
vt 0.823750 0.250642
f 10778/-1 10777/-2 10779/-3
vt 0.819280 0.245099
vt 0.823750 0.257714
vt 0.819280 0.251783
f 10781/-1 10780/-2 10782/-3
vt 0.823750 0.264786
vt 0.819280 0.251783
vt 0.823750 0.257714
f 10784/-1 10783/-2 10785/-3
vt 0.819280 0.251783
vt 0.823750 0.264786
vt 0.819280 0.258467
f 10787/-1 10786/-2 10788/-3
vt 0.823750 0.271858
vt 0.819280 0.258467
vt 0.823750 0.264786
f 10790/-1 10789/-2 10791/-3
vt 0.819280 0.258467
vt 0.823750 0.271858
vt 0.819280 0.265151
f 10793/-1 10792/-2 10794/-3
vt 0.823750 0.278930
vt 0.819280 0.265151
vt 0.823750 0.271858
f 10796/-1 10795/-2 10797/-3
vt 0.819280 0.265151
vt 0.823750 0.278930
vt 0.819280 0.271835
f 10799/-1 10798/-2 10800/-3
vt 0.823750 0.286002
vt 0.819280 0.271835
vt 0.823750 0.278930
f 10802/-1 10801/-2 10803/-3
vt 0.819280 0.271835
vt 0.823750 0.286002
vt 0.819280 0.278519
f 10805/-1 10804/-2 10806/-3
vt 0.823750 0.293074
vt 0.819280 0.278519
vt 0.823750 0.286002
f 10808/-1 10807/-2 10809/-3
vt 0.819280 0.278519
vt 0.823750 0.293074
vt 0.819280 0.285203
f 10811/-1 10810/-2 10812/-3
vt 0.823750 0.300145
vt 0.819280 0.285203
vt 0.823750 0.293074
f 10814/-1 10813/-2 10815/-3
vt 0.819280 0.285203
vt 0.823750 0.300145
vt 0.819280 0.291887
f 10817/-1 10816/-2 10818/-3
vt 0.823750 0.307217
vt 0.819280 0.291887
vt 0.823750 0.300145
f 10820/-1 10819/-2 10821/-3
vt 0.819280 0.291887
vt 0.823750 0.307217
vt 0.819280 0.298571
f 10823/-1 10822/-2 10824/-3
vt 0.823750 0.314289
vt 0.819280 0.298571
vt 0.823750 0.307217
f 10826/-1 10825/-2 10827/-3
vt 0.819280 0.298571
vt 0.823750 0.314289
vt 0.819280 0.305255
f 10829/-1 10828/-2 10830/-3
vt 0.823750 0.321361
vt 0.819280 0.305255
vt 0.823750 0.314289
f 10832/-1 10831/-2 10833/-3
vt 0.819280 0.305255
vt 0.823750 0.321361
vt 0.819280 0.326351
f 10835/-1 10834/-2 10836/-3
vt 0.916935 0.326731
vt 0.947135 0.318674
vt 0.947936 0.326731
f 10838/-1 10837/-2 10839/-3
vt 0.947135 0.318674
vt 0.916935 0.326731
vt 0.916935 0.318674
f 10841/-1 10840/-2 10842/-3
vt 0.947936 0.326731
vt 0.955564 0.318674
vt 0.956854 0.326731
f 10844/-1 10843/-2 10845/-3
vt 0.955564 0.318674
vt 0.947936 0.326731
vt 0.947135 0.318674
f 10847/-1 10846/-2 10848/-3
vt 0.956854 0.326731
vt 0.962876 0.318674
vt 0.964590 0.326731
f 10850/-1 10849/-2 10851/-3
vt 0.962876 0.318674
vt 0.956854 0.326731
vt 0.955564 0.318674
f 10853/-1 10852/-2 10854/-3
vt 0.964590 0.326731
vt 0.970358 0.318674
vt 0.972507 0.326731
f 10856/-1 10855/-2 10857/-3
vt 0.970358 0.318674
vt 0.964590 0.326731
vt 0.962876 0.318674
f 10859/-1 10858/-2 10860/-3
vt 0.972507 0.326731
vt 0.979291 0.317802
vt 0.981959 0.325808
f 10862/-1 10861/-2 10863/-3
vt 0.979291 0.317802
vt 0.972507 0.326731
vt 0.970358 0.318674
f 10865/-1 10864/-2 10866/-3
vt 0.981959 0.325808
vt 0.987441 0.314010
vt 0.990581 0.321797
f 10868/-1 10867/-2 10869/-3
vt 0.987441 0.314010
vt 0.981959 0.325808
vt 0.979291 0.317802
f 10871/-1 10870/-2 10872/-3
vt 0.990581 0.321797
vt 0.992462 0.306600
vt 0.995893 0.313956
f 10874/-1 10873/-2 10875/-3
vt 0.992462 0.306600
vt 0.990581 0.321797
vt 0.987441 0.314010
f 10877/-1 10876/-2 10878/-3
vt 0.995893 0.313956
vt 0.994453 0.294986
vt 0.998000 0.301668
f 10880/-1 10879/-2 10881/-3
vt 0.994453 0.294986
vt 0.995893 0.313956
vt 0.992462 0.306600
f 10883/-1 10882/-2 10884/-3
vt 0.798221 0.022845
vt 0.802862 0.079523
vt 0.798221 0.075492
f 10886/-1 10885/-2 10887/-3
vt 0.802862 0.079523
vt 0.798221 0.022845
vt 0.802862 0.029764
f 10889/-1 10888/-2 10890/-3
vt 0.798221 0.075492
vt 0.802862 0.138958
vt 0.798221 0.138377
f 10892/-1 10891/-2 10893/-3
vt 0.802862 0.138958
vt 0.798221 0.075492
vt 0.802862 0.079523
f 10895/-1 10894/-2 10896/-3
vt 0.798221 0.138377
vt 0.802862 0.190295
vt 0.798221 0.192695
f 10898/-1 10897/-2 10899/-3
vt 0.802862 0.190295
vt 0.798221 0.138377
vt 0.802862 0.138958
f 10901/-1 10900/-2 10902/-3
vt 0.798221 0.192695
vt 0.802862 0.239967
vt 0.798221 0.245250
f 10904/-1 10903/-2 10905/-3
vt 0.802862 0.239967
vt 0.798221 0.192695
vt 0.802862 0.190295
f 10907/-1 10906/-2 10908/-3
vt 0.798221 0.245250
vt 0.802862 0.287054
vt 0.798221 0.295070
f 10910/-1 10909/-2 10911/-3
vt 0.802862 0.287054
vt 0.798221 0.245250
vt 0.802862 0.239967
f 10913/-1 10912/-2 10914/-3
vt 0.798221 0.295070
vt 0.802862 0.332404
vt 0.798221 0.332404
f 10916/-1 10915/-2 10917/-3
vt 0.802862 0.332404
vt 0.798221 0.295070
vt 0.802862 0.287054
f 10919/-1 10918/-2 10920/-3
vt 0.994501 0.046535
vt 0.916935 0.002742
vt 0.994501 0.002742
f 10922/-1 10921/-2 10923/-3
vt 0.994501 0.092004
vt 0.916935 0.002742
vt 0.994501 0.046535
f 10925/-1 10924/-2 10926/-3
vt 0.994501 0.139969
vt 0.916935 0.002742
vt 0.994501 0.092004
f 10928/-1 10927/-2 10929/-3
vt 0.994501 0.189543
vt 0.916935 0.002742
vt 0.994501 0.139969
f 10931/-1 10930/-2 10932/-3
vt 0.994501 0.189543
vt 0.916935 0.023887
vt 0.916935 0.002742
f 10934/-1 10933/-2 10935/-3
vt 0.992462 0.306600
vt 0.994501 0.246936
vt 0.994453 0.294986
f 10937/-1 10936/-2 10938/-3
vt 0.979291 0.317802
vt 0.992462 0.306600
vt 0.987441 0.314010
f 10940/-1 10939/-2 10941/-3
vt 0.979291 0.317802
vt 0.994501 0.246936
vt 0.992462 0.306600
f 10943/-1 10942/-2 10944/-3
vt 0.979291 0.317802
vt 0.994501 0.189543
vt 0.994501 0.246936
f 10946/-1 10945/-2 10947/-3
vt 0.962876 0.318674
vt 0.979291 0.317802
vt 0.970358 0.318674
f 10949/-1 10948/-2 10950/-3
vt 0.955564 0.318674
vt 0.979291 0.317802
vt 0.962876 0.318674
f 10952/-1 10951/-2 10953/-3
vt 0.947135 0.318674
vt 0.979291 0.317802
vt 0.955564 0.318674
f 10955/-1 10954/-2 10956/-3
vt 0.947135 0.318674
vt 0.994501 0.189543
vt 0.979291 0.317802
f 10958/-1 10957/-2 10959/-3
vt 0.947135 0.318674
vt 0.916935 0.023887
vt 0.994501 0.189543
f 10961/-1 10960/-2 10962/-3
vt 0.947135 0.318674
vt 0.916935 0.030587
vt 0.916935 0.023887
f 10964/-1 10963/-2 10965/-3
vt 0.947135 0.318674
vt 0.916935 0.037286
vt 0.916935 0.030587
f 10967/-1 10966/-2 10968/-3
vt 0.947135 0.318674
vt 0.916935 0.043986
vt 0.916935 0.037286
f 10970/-1 10969/-2 10971/-3
vt 0.947135 0.318674
vt 0.916935 0.050686
vt 0.916935 0.043986
f 10973/-1 10972/-2 10974/-3
vt 0.947135 0.318674
vt 0.916935 0.057386
vt 0.916935 0.050686
f 10976/-1 10975/-2 10977/-3
vt 0.947135 0.318674
vt 0.916935 0.064085
vt 0.916935 0.057386
f 10979/-1 10978/-2 10980/-3
vt 0.947135 0.318674
vt 0.916935 0.070785
vt 0.916935 0.064085
f 10982/-1 10981/-2 10983/-3
vt 0.947135 0.318674
vt 0.916935 0.077485
vt 0.916935 0.070785
f 10985/-1 10984/-2 10986/-3
vt 0.947135 0.318674
vt 0.916935 0.084184
vt 0.916935 0.077485
f 10988/-1 10987/-2 10989/-3
vt 0.947135 0.318674
vt 0.916935 0.090884
vt 0.916935 0.084184
f 10991/-1 10990/-2 10992/-3
vt 0.947135 0.318674
vt 0.916935 0.097584
vt 0.916935 0.090884
f 10994/-1 10993/-2 10995/-3
vt 0.947135 0.318674
vt 0.916935 0.104284
vt 0.916935 0.097584
f 10997/-1 10996/-2 10998/-3
vt 0.947135 0.318674
vt 0.916935 0.110983
vt 0.916935 0.104284
f 11000/-1 10999/-2 11001/-3
vt 0.947135 0.318674
vt 0.916935 0.117683
vt 0.916935 0.110983
f 11003/-1 11002/-2 11004/-3
vt 0.947135 0.318674
vt 0.916935 0.124383
vt 0.916935 0.117683
f 11006/-1 11005/-2 11007/-3
vt 0.947135 0.318674
vt 0.916935 0.131082
vt 0.916935 0.124383
f 11009/-1 11008/-2 11010/-3
vt 0.947135 0.318674
vt 0.916935 0.137782
vt 0.916935 0.131082
f 11012/-1 11011/-2 11013/-3
vt 0.947135 0.318674
vt 0.916935 0.144482
vt 0.916935 0.137782
f 11015/-1 11014/-2 11016/-3
vt 0.947135 0.318674
vt 0.916935 0.151182
vt 0.916935 0.144482
f 11018/-1 11017/-2 11019/-3
vt 0.947135 0.318674
vt 0.916935 0.157881
vt 0.916935 0.151182
f 11021/-1 11020/-2 11022/-3
vt 0.947135 0.318674
vt 0.916935 0.164581
vt 0.916935 0.157881
f 11024/-1 11023/-2 11025/-3
vt 0.947135 0.318674
vt 0.916935 0.171281
vt 0.916935 0.164581
f 11027/-1 11026/-2 11028/-3
vt 0.947135 0.318674
vt 0.916935 0.177980
vt 0.916935 0.171281
f 11030/-1 11029/-2 11031/-3
vt 0.947135 0.318674
vt 0.916935 0.184680
vt 0.916935 0.177980
f 11033/-1 11032/-2 11034/-3
vt 0.947135 0.318674
vt 0.916935 0.191380
vt 0.916935 0.184680
f 11036/-1 11035/-2 11037/-3
vt 0.947135 0.318674
vt 0.916935 0.198079
vt 0.916935 0.191380
f 11039/-1 11038/-2 11040/-3
vt 0.947135 0.318674
vt 0.916935 0.204779
vt 0.916935 0.198079
f 11042/-1 11041/-2 11043/-3
vt 0.947135 0.318674
vt 0.916935 0.211479
vt 0.916935 0.204779
f 11045/-1 11044/-2 11046/-3
vt 0.947135 0.318674
vt 0.916935 0.218179
vt 0.916935 0.211479
f 11048/-1 11047/-2 11049/-3
vt 0.947135 0.318674
vt 0.916935 0.224878
vt 0.916935 0.218179
f 11051/-1 11050/-2 11052/-3
vt 0.947135 0.318674
vt 0.916935 0.231578
vt 0.916935 0.224878
f 11054/-1 11053/-2 11055/-3
vt 0.947135 0.318674
vt 0.916935 0.238278
vt 0.916935 0.231578
f 11057/-1 11056/-2 11058/-3
vt 0.947135 0.318674
vt 0.916935 0.244978
vt 0.916935 0.238278
f 11060/-1 11059/-2 11061/-3
vt 0.947135 0.318674
vt 0.916935 0.251677
vt 0.916935 0.244978
f 11063/-1 11062/-2 11064/-3
vt 0.947135 0.318674
vt 0.916935 0.258377
vt 0.916935 0.251677
f 11066/-1 11065/-2 11067/-3
vt 0.947135 0.318674
vt 0.916935 0.265077
vt 0.916935 0.258377
f 11069/-1 11068/-2 11070/-3
vt 0.947135 0.318674
vt 0.916935 0.271776
vt 0.916935 0.265077
f 11072/-1 11071/-2 11073/-3
vt 0.947135 0.318674
vt 0.916935 0.278476
vt 0.916935 0.271776
f 11075/-1 11074/-2 11076/-3
vt 0.947135 0.318674
vt 0.916935 0.285176
vt 0.916935 0.278476
f 11078/-1 11077/-2 11079/-3
vt 0.947135 0.318674
vt 0.916935 0.291876
vt 0.916935 0.285176
f 11081/-1 11080/-2 11082/-3
vt 0.947135 0.318674
vt 0.916935 0.298575
vt 0.916935 0.291876
f 11084/-1 11083/-2 11085/-3
vt 0.947135 0.318674
vt 0.916935 0.305275
vt 0.916935 0.298575
f 11087/-1 11086/-2 11088/-3
vt 0.947135 0.318674
vt 0.916935 0.311975
vt 0.916935 0.305275
f 11090/-1 11089/-2 11091/-3
vt 0.916935 0.318674
vt 0.916935 0.311975
vt 0.947135 0.318674
f 11093/-1 11092/-2 11094/-3
vt 0.750268 0.326429
vt 0.747310 0.215815
vt 0.750268 0.215815
f 11096/-1 11095/-2 11097/-3
vt 0.747310 0.215815
vt 0.750268 0.326429
vt 0.747310 0.326429
f 11099/-1 11098/-2 11100/-3
vt 0.750268 0.100289
vt 0.747310 0.215815
vt 0.747310 0.100289
f 11102/-1 11101/-2 11103/-3
vt 0.747310 0.215815
vt 0.750268 0.100289
vt 0.750268 0.215815
f 11105/-1 11104/-2 11106/-3
vt 0.680727 0.160280
vt 0.677738 0.231529
vt 0.677738 0.160280
f 11108/-1 11107/-2 11109/-3
vt 0.677738 0.231529
vt 0.680727 0.160280
vt 0.680727 0.231529
f 11111/-1 11110/-2 11112/-3
vt 0.677738 0.160280
vt 0.680727 0.147536
vt 0.680727 0.160280
f 11114/-1 11113/-2 11115/-3
vt 0.680727 0.147536
vt 0.677738 0.160280
vt 0.677738 0.147536
f 11117/-1 11116/-2 11118/-3
vt 0.680727 0.147536
vt 0.677738 0.139406
vt 0.680727 0.139406
f 11120/-1 11119/-2 11121/-3
vt 0.677738 0.139406
vt 0.680727 0.147536
vt 0.677738 0.147536
f 11123/-1 11122/-2 11124/-3
vt 0.674775 0.275338
vt 0.677766 0.266389
vt 0.677766 0.275338
f 11126/-1 11125/-2 11127/-3
vt 0.677766 0.266389
vt 0.674775 0.275338
vt 0.674775 0.266389
f 11129/-1 11128/-2 11130/-3
vt 0.674775 0.266389
vt 0.677766 0.256580
vt 0.677766 0.266389
f 11132/-1 11131/-2 11133/-3
vt 0.677766 0.256580
vt 0.674775 0.266389
vt 0.674775 0.256580
f 11135/-1 11134/-2 11136/-3
vt 0.674775 0.256580
vt 0.677766 0.248365
vt 0.677766 0.256580
f 11138/-1 11137/-2 11139/-3
vt 0.677766 0.248365
vt 0.674775 0.256580
vt 0.674775 0.248365
f 11141/-1 11140/-2 11142/-3
vt 0.674775 0.248365
vt 0.677766 0.240336
vt 0.677766 0.248365
f 11144/-1 11143/-2 11145/-3
vt 0.677766 0.240336
vt 0.674775 0.248365
vt 0.674775 0.240336
f 11147/-1 11146/-2 11148/-3
vt 0.674775 0.240336
vt 0.677766 0.231137
vt 0.677766 0.240336
f 11150/-1 11149/-2 11151/-3
vt 0.677766 0.231137
vt 0.674775 0.240336
vt 0.674775 0.231137
f 11153/-1 11152/-2 11154/-3
vt 0.701433 0.104949
vt 0.704390 0.008790
vt 0.704389 0.104951
f 11156/-1 11155/-2 11157/-3
vt 0.704390 0.008790
vt 0.701433 0.104949
vt 0.701432 0.008790
f 11159/-1 11158/-2 11160/-3
vt 0.764739 0.055998
vt 0.761781 0.063669
vt 0.761781 0.055998
f 11162/-1 11161/-2 11163/-3
vt 0.764739 0.061452
vt 0.761781 0.063669
vt 0.764739 0.055998
f 11165/-1 11164/-2 11166/-3
vt 0.764739 0.063669
vt 0.761781 0.063669
vt 0.764739 0.061452
f 11168/-1 11167/-2 11169/-3
vt 0.759224 0.215815
vt 0.756266 0.326429
vt 0.756266 0.215815
f 11171/-1 11170/-2 11172/-3
vt 0.756266 0.326429
vt 0.759224 0.215815
vt 0.759224 0.326429
f 11174/-1 11173/-2 11175/-3
vt 0.759223 0.100290
vt 0.756266 0.215815
vt 0.756232 0.100290
f 11177/-1 11176/-2 11178/-3
vt 0.756266 0.215815
vt 0.759223 0.100290
vt 0.759224 0.215815
f 11180/-1 11179/-2 11181/-3
vt 0.745085 0.326429
vt 0.742868 0.215822
vt 0.745085 0.215815
f 11183/-1 11182/-2 11184/-3
vt 0.742868 0.215822
vt 0.745085 0.326429
vt 0.742868 0.326429
f 11186/-1 11185/-2 11187/-3
vt 0.747253 0.029506
vt 0.745090 0.100040
vt 0.745090 0.016890
f 11189/-1 11188/-2 11190/-3
vt 0.745090 0.100040
vt 0.747253 0.029506
vt 0.747306 0.100041
f 11192/-1 11191/-2 11193/-3
vt 0.677747 0.326569
vt 0.672675 0.324353
vt 0.677748 0.324353
f 11195/-1 11194/-2 11196/-3
vt 0.672675 0.324353
vt 0.677747 0.326569
vt 0.672676 0.326569
f 11198/-1 11197/-2 11199/-3
vt 0.728038 0.095143
vt 0.725134 0.092927
vt 0.728037 0.092927
f 11201/-1 11200/-2 11202/-3
vt 0.725134 0.092927
vt 0.728038 0.095143
vt 0.725134 0.095143
f 11204/-1 11203/-2 11205/-3
vt 0.674758 0.125932
vt 0.677662 0.128148
vt 0.674757 0.128148
f 11207/-1 11206/-2 11208/-3
vt 0.677662 0.128148
vt 0.674758 0.125932
vt 0.677662 0.125932
f 11210/-1 11209/-2 11211/-3
vt 0.745085 0.100289
vt 0.742868 0.215822
vt 0.742869 0.100290
f 11213/-1 11212/-2 11214/-3
vt 0.742868 0.215822
vt 0.745085 0.100289
vt 0.745085 0.215815
f 11216/-1 11215/-2 11217/-3
vt 0.672675 0.284273
vt 0.677748 0.275177
vt 0.677748 0.284273
f 11219/-1 11218/-2 11220/-3
vt 0.677748 0.275177
vt 0.672675 0.284273
vt 0.672675 0.275176
f 11222/-1 11221/-2 11223/-3
vt 0.799614 0.002717
vt 0.802570 0.007790
vt 0.799579 0.007790
f 11225/-1 11224/-2 11226/-3
vt 0.802570 0.007790
vt 0.799614 0.002717
vt 0.802570 0.002718
f 11228/-1 11227/-2 11229/-3
vt 0.677670 0.120477
vt 0.674758 0.125932
vt 0.674758 0.120477
f 11231/-1 11230/-2 11232/-3
vt 0.674758 0.125932
vt 0.677670 0.120477
vt 0.677662 0.125932
f 11234/-1 11233/-2 11235/-3
vt 0.725088 0.052847
vt 0.728038 0.043750
vt 0.728037 0.052847
f 11237/-1 11236/-2 11238/-3
vt 0.728038 0.043750
vt 0.725088 0.052847
vt 0.725082 0.043751
f 11240/-1 11239/-2 11241/-3
vt 0.725097 0.060793
vt 0.728037 0.052847
vt 0.728037 0.060793
f 11243/-1 11242/-2 11244/-3
vt 0.728037 0.052847
vt 0.725097 0.060793
vt 0.725088 0.052847
f 11246/-1 11245/-2 11247/-3
vt 0.725105 0.068920
vt 0.728037 0.060793
vt 0.728037 0.068920
f 11249/-1 11248/-2 11250/-3
vt 0.728037 0.060793
vt 0.725105 0.068920
vt 0.725097 0.060793
f 11252/-1 11251/-2 11253/-3
vt 0.725110 0.078624
vt 0.728037 0.068920
vt 0.728037 0.078624
f 11255/-1 11254/-2 11256/-3
vt 0.728037 0.068920
vt 0.725110 0.078624
vt 0.725105 0.068920
f 11258/-1 11257/-2 11259/-3
vt 0.725120 0.087472
vt 0.728037 0.078624
vt 0.728037 0.087472
f 11261/-1 11260/-2 11262/-3
vt 0.728037 0.078624
vt 0.725120 0.087472
vt 0.725110 0.078624
f 11264/-1 11263/-2 11265/-3
vt 0.725134 0.092927
vt 0.728037 0.087472
vt 0.728037 0.092927
f 11267/-1 11266/-2 11268/-3
vt 0.728037 0.087472
vt 0.725134 0.092927
vt 0.725120 0.087472
f 11270/-1 11269/-2 11271/-3
vt 0.677684 0.111629
vt 0.674758 0.120477
vt 0.674758 0.111629
f 11273/-1 11272/-2 11274/-3
vt 0.674758 0.120477
vt 0.677684 0.111629
vt 0.677670 0.120477
f 11276/-1 11275/-2 11277/-3
vt 0.677697 0.101925
vt 0.674758 0.111629
vt 0.674758 0.101925
f 11279/-1 11278/-2 11280/-3
vt 0.674758 0.111629
vt 0.677697 0.101925
vt 0.677684 0.111629
f 11282/-1 11281/-2 11283/-3
vt 0.677712 0.093798
vt 0.674758 0.101925
vt 0.674758 0.093798
f 11285/-1 11284/-2 11286/-3
vt 0.674758 0.101925
vt 0.677712 0.093798
vt 0.677697 0.101925
f 11288/-1 11287/-2 11289/-3
vt 0.677727 0.085852
vt 0.674758 0.093798
vt 0.674758 0.085852
f 11291/-1 11290/-2 11292/-3
vt 0.674758 0.093798
vt 0.677727 0.085852
vt 0.677712 0.093798
f 11294/-1 11293/-2 11295/-3
vt 0.677749 0.076755
vt 0.674758 0.085852
vt 0.674758 0.076755
f 11297/-1 11296/-2 11298/-3
vt 0.674758 0.085852
vt 0.677749 0.076755
vt 0.677727 0.085852
f 11300/-1 11299/-2 11301/-3
vt 0.672675 0.324353
vt 0.677748 0.318899
vt 0.677748 0.324353
f 11303/-1 11302/-2 11304/-3
vt 0.677748 0.318899
vt 0.672675 0.324353
vt 0.672675 0.318899
f 11306/-1 11305/-2 11307/-3
vt 0.672675 0.318899
vt 0.677748 0.310050
vt 0.677748 0.318899
f 11309/-1 11308/-2 11310/-3
vt 0.677748 0.310050
vt 0.672675 0.318899
vt 0.672675 0.310050
f 11312/-1 11311/-2 11313/-3
vt 0.672675 0.310050
vt 0.677748 0.300346
vt 0.677748 0.310050
f 11315/-1 11314/-2 11316/-3
vt 0.677748 0.300346
vt 0.672675 0.310050
vt 0.672675 0.300346
f 11318/-1 11317/-2 11319/-3
vt 0.672675 0.300346
vt 0.677748 0.292219
vt 0.677748 0.300346
f 11321/-1 11320/-2 11322/-3
vt 0.677748 0.292219
vt 0.672675 0.300346
vt 0.672675 0.292219
f 11324/-1 11323/-2 11325/-3
vt 0.672675 0.292219
vt 0.677748 0.284273
vt 0.677748 0.292219
f 11327/-1 11326/-2 11328/-3
vt 0.677748 0.284273
vt 0.672675 0.292219
vt 0.672675 0.284273
f 11330/-1 11329/-2 11331/-3
vt 0.297227 0.171183
vt 0.297227 0.168967
vt 0.300185 0.171184
f 11333/-1 11332/-2 11334/-3
vt 0.767713 0.029320
vt 0.764755 0.012277
vt 0.767713 0.012277
f 11336/-1 11335/-2 11337/-3
vt 0.721200 0.095453
vt 0.721200 0.087036
vt 0.721200 0.078806
f 11339/-1 11338/-2 11340/-3
vt 0.767713 0.037447
vt 0.764755 0.012277
vt 0.767713 0.029320
f 11342/-1 11341/-2 11343/-3
vt 0.767713 0.047151
vt 0.764755 0.012277
vt 0.767713 0.037447
f 11345/-1 11344/-2 11346/-3
vt 0.767713 0.055999
vt 0.764755 0.012277
vt 0.767713 0.047151
f 11348/-1 11347/-2 11349/-3
vt 0.767713 0.063670
vt 0.764755 0.012277
vt 0.767713 0.055999
f 11351/-1 11350/-2 11352/-3
vt 0.725081 0.201168
vt 0.725079 0.185129
vt 0.725080 0.193059
f 11354/-1 11353/-2 11355/-3
vt 0.725081 0.201168
vt 0.725079 0.210852
vt 0.725079 0.185129
f 11357/-1 11356/-2 11358/-3
vt 0.719248 0.043668
vt 0.721176 0.069987
vt 0.720189 0.095137
f 11360/-1 11359/-2 11361/-3
vt 0.719248 0.043668
vt 0.721556 0.060291
vt 0.721176 0.069987
f 11363/-1 11362/-2 11364/-3
vt 0.719248 0.043668
vt 0.721903 0.051449
vt 0.721556 0.060291
f 11366/-1 11365/-2 11367/-3
vt 0.722117 0.045999
vt 0.721903 0.051449
vt 0.719248 0.043668
f 11369/-1 11368/-2 11370/-3
vt 0.750268 0.003765
vt 0.750260 0.100030
vt 0.747310 0.003765
f 11372/-1 11371/-2 11373/-3
vt 0.695514 0.008685
vt 0.698464 0.104950
vt 0.695515 0.104951
f 11375/-1 11374/-2 11376/-3
vt 0.707336 0.104950
vt 0.704395 0.104950
vt 0.707353 0.008685
f 11378/-1 11377/-2 11379/-3
vt 0.759224 0.003766
vt 0.756266 0.100031
vt 0.756265 0.003766
f 11381/-1 11380/-2 11382/-3
vt 0.713278 0.008686
vt 0.713254 0.104950
vt 0.710320 0.008686
f 11384/-1 11383/-2 11385/-3
vt 0.683679 0.230268
vt 0.686613 0.326533
vt 0.683680 0.326533
f 11387/-1 11386/-2 11388/-3
vt 0.683645 0.231063
vt 0.680717 0.231064
vt 0.683675 0.135747
f 11390/-1 11389/-2 11391/-3
vt 0.689576 0.009647
vt 0.686618 0.104964
vt 0.686618 0.009647
f 11393/-1 11392/-2 11394/-3
vt 0.730961 0.095111
vt 0.728044 0.095111
vt 0.731001 0.003913
f 11396/-1 11395/-2 11397/-3
vt 0.739890 0.003904
vt 0.736933 0.095103
vt 0.736931 0.003904
f 11399/-1 11398/-2 11400/-3
vt 0.713278 0.008604
vt 0.710375 0.008604
vt 0.713278 0.003532
f 11402/-1 11401/-2 11403/-3
vt 0.716241 0.003532
vt 0.713338 0.008604
vt 0.713338 0.003532
f 11405/-1 11404/-2 11406/-3
vt 0.728089 0.095278
vt 0.731001 0.095278
vt 0.728044 0.210803
f 11408/-1 11407/-2 11409/-3
vt 0.736931 0.326511
vt 0.739888 0.210986
vt 0.739890 0.326518
f 11411/-1 11410/-2 11412/-3
vt 0.719191 0.095272
vt 0.722117 0.095272
vt 0.719190 0.210803
f 11414/-1 11413/-2 11415/-3
vt 0.736931 0.210800
vt 0.739858 0.095269
vt 0.739890 0.210794
f 11417/-1 11416/-2 11418/-3
vt 0.722138 0.095273
vt 0.725077 0.095273
vt 0.722137 0.210802
f 11420/-1 11419/-2 11421/-3
vt 0.731006 0.210802
vt 0.733945 0.095273
vt 0.733964 0.210798
f 11423/-1 11422/-2 11424/-3
vt 0.725084 0.095277
vt 0.728038 0.095277
vt 0.725083 0.210807
f 11426/-1 11425/-2 11427/-3
vt 0.733969 0.210801
vt 0.736924 0.095271
vt 0.736927 0.210796
f 11429/-1 11428/-2 11430/-3
vt 0.767718 0.063804
vt 0.770687 0.063804
vt 0.767717 0.179335
f 11432/-1 11431/-2 11433/-3
vt 0.739894 0.326518
vt 0.742864 0.210987
vt 0.742852 0.326512
f 11435/-1 11434/-2 11436/-3
vt 0.764739 0.047150
vt 0.761781 0.055998
vt 0.761781 0.047150
f 11438/-1 11437/-2 11439/-3
vt 0.761781 0.055998
vt 0.764739 0.047150
vt 0.764739 0.055998
f 11441/-1 11440/-2 11442/-3
vt 0.764739 0.037446
vt 0.761781 0.047150
vt 0.761781 0.037446
f 11444/-1 11443/-2 11445/-3
vt 0.761781 0.047150
vt 0.764739 0.037446
vt 0.764739 0.047150
f 11447/-1 11446/-2 11448/-3
vt 0.764739 0.029319
vt 0.761781 0.037446
vt 0.761781 0.029319
f 11450/-1 11449/-2 11451/-3
vt 0.761781 0.037446
vt 0.764739 0.029319
vt 0.764739 0.037446
f 11453/-1 11452/-2 11454/-3
vt 0.764739 0.021373
vt 0.761781 0.029319
vt 0.761781 0.021373
f 11456/-1 11455/-2 11457/-3
vt 0.761781 0.029319
vt 0.764739 0.021373
vt 0.764739 0.029319
f 11459/-1 11458/-2 11460/-3
vt 0.764739 0.012276
vt 0.761781 0.021373
vt 0.761781 0.012276
f 11462/-1 11461/-2 11463/-3
vt 0.761781 0.021373
vt 0.764739 0.012276
vt 0.764739 0.021373
f 11465/-1 11464/-2 11466/-3
vt 0.710320 0.105117
vt 0.713278 0.105122
vt 0.710320 0.215730
f 11468/-1 11467/-2 11469/-3
vt 0.689580 0.326521
vt 0.692538 0.215914
vt 0.692538 0.326521
f 11471/-1 11470/-2 11472/-3
vt 0.713283 0.105116
vt 0.716241 0.105123
vt 0.713283 0.215730
f 11474/-1 11473/-2 11475/-3
vt 0.686618 0.215737
vt 0.689576 0.105130
vt 0.689576 0.215737
f 11477/-1 11476/-2 11478/-3
vt 0.704395 0.215912
vt 0.707353 0.215908
vt 0.704395 0.326521
f 11480/-1 11479/-2 11481/-3
vt 0.704395 0.215730
vt 0.707353 0.105117
vt 0.707353 0.215730
f 11483/-1 11482/-2 11484/-3
vt 0.695506 0.105117
vt 0.698464 0.105121
vt 0.695506 0.215730
f 11486/-1 11485/-2 11487/-3
vt 0.692543 0.326521
vt 0.695501 0.215913
vt 0.695501 0.326521
f 11489/-1 11488/-2 11490/-3
vt 0.701432 0.105122
vt 0.704390 0.105117
vt 0.701432 0.215730
f 11492/-1 11491/-2 11493/-3
vt 0.698469 0.326521
vt 0.701427 0.215908
vt 0.701427 0.326521
f 11495/-1 11494/-2 11496/-3

#	             End of file
