o data/uid/01015164/s/000004.obj
//1
usemtl mat0
v -0.14 0 0.105
v -0.175 0 0.07
v -0.175 0 0.105
vn -0 1 0
vn -0 1 0
vn -0 1 0
vt 0.11781 -1.81019
vt 0.109832 -1.80658
vt 0.109832 -1.81019
f 1/1/1 2/2/2 3/3/3
v -0.14 0 0.105
v -0.175 0 0.105
v -0.175 0 0.14
vn -0 1 0
vn -0 1 0
vn -0 1 0
vt 0.11781 -1.81019
vt 0.109832 -1.81019
vt 0.109832 -1.8138
f 4/4/4 5/5/5 6/6/6
v -0.175 0 0.035
v -0.175 0 0.07
v -0.14 0 0.105
vn 0 1 0
vn 0 1 0
vn 0 1 0
vt 0.109832 -1.80299
vt 0.109832 -1.80658
vt 0.11781 -1.81019
f 7/7/7 8/8/8 9/9/9
v -0.175 0 0
v -0.175 0 0.035
v -0.105 0 0.105
vn 0 1 0
vn 0 1 0
vn 0 1 0
vt 0.109832 -1.79938
vt 0.109832 -1.80299
vt 0.12577 -1.81019
f 10/10/10 11/11/11 12/12/12
v -0.105 0 -0.105
v -0.175 0 -0.035
v -0.175 0 0
vn 0 1 0
vn 0 1 0
vn 0 1 0
vt 0.149667 -1.81739
vt 0.109832 -1.79577
vt 0.109832 -1.79938
f 13/13/13 14/14/14 15/15/15
v -0.175 0 -0.07
v -0.175 0 -0.035
v -0.105 0 -0.105
vn 0 1 0
vn 0 1 0
vn 0 1 0
vt 0.157644 -1.8138
vt 0.109832 -1.79577
vt 0.149667 -1.81739
f 16/16/16 17/17/17 18/18/18
v -0.14 0 -0.105
v -0.175 0 -0.105
v -0.175 0 -0.07
vn -0 1 0
vn -0 1 0
vn -0 1 0
vt 0.165604 -1.8138
vt 0.165604 -1.8138
vt 0.157644 -1.8138
f 19/19/19 20/20/20 21/21/21
v -0.14 0 -0.14
v -0.175 0 -0.14
v -0.175 0 -0.105
vn -0 1 0
vn -0 1 0
vn -0 1 0
vt 0.181542 -1.8138
vt 0.173564 -1.8138
vt 0.165604 -1.8138
f 22/22/22 23/23/23 24/24/24
v -0.14 0 -0.175
v -0.175 0 -0.175
v -0.175 0 -0.14
vn -0 1 0
vn -0 1 0
vn -0 1 0
vt 0.109832 -1.81019
vt 0.181542 -1.8138
vt 0.173564 -1.8138
f 25/25/25 26/26/26 27/27/27
v -0.105 0 -0.175
v -0.14 0 -0.175
v -0.14 0 -0.14
vn -0 1 0
vn -0 1 0
vn -0 1 0
vt 0.12577 -1.8138
vt 0.109832 -1.81019
vt 0.181542 -1.8138
f 28/28/28 29/29/29 30/30/30
v -0.105 0 -0.14
v -0.07 0 -0.175
v -0.105 0 -0.175
vn 0 1 -0
vn 0 1 -0
vn 0 1 -0
vt 0.133729 -1.81019
vt 0.12577 -1.81019
vt 0.12577 -1.8138
f 31/31/31 32/32/32 33/33/33
v -0.105 0.0245 0.105
v -0.14 0.0245 0.105
v -0.14 0.0245 0.14
vn -0 1 0
vn -0 1 0
vn -0 1 0
vt 0.184376 -1.73906
vt 0.176398 -1.73906
vt 0.176398 -1.74267
f 34/34/34 35/35/35 36/36/36
v -0.035 0 -0.175
v -0.07 0 -0.175
v -0.105 0 -0.14
vn -0 1 0
vn -0 1 0
vn -0 1 0
vt 0.141707 -1.81019
vt 0.12577 -1.81019
vt 0.133729 -1.81019
f 37/37/37 38/38/38 39/39/39
v 0 0 -0.175
v -0.035 0 -0.175
v -0.105 0 -0.105
vn -0 1 0
vn -0 1 0
vn -0 1 0
vt 0.149667 -1.81019
vt 0.141707 -1.81019
vt 0.149667 -1.81739
f 40/40/40 41/41/41 42/42/42
v 0.035 0 -0.175
v 0 0 -0.175
v 0.105 0 -0.105
vn -0 1 0
vn -0 1 0
vn -0 1 0
vt 0.157644 -1.81019
vt 0.149667 -1.81019
vt 0.141707 -1.81019
f 43/43/43 44/44/44 45/45/45
v 0.105 0 -0.14
v 0.07 0 -0.175
v 0.035 0 -0.175
vn 0 1 0
vn 0 1 0
vn 0 1 0
vt 0.165604 -1.81019
vt 0.157644 -1.81019
vt 0.157644 -1.81019
f 46/46/46 47/47/47 48/48/48
v 0.105 0 -0.14
v 0.105 0 -0.175
v 0.07 0 -0.175
vn 0 1 0
vn 0 1 0
vn 0 1 0
vt 0.165604 -1.81019
vt 0.181542 -1.81019
vt 0.157644 -1.81019
f 49/49/49 50/50/50 51/51/51
v 0.14 0 -0.175
v 0.105 0 -0.175
v 0.105 0 -0.14
vn -0 1 0
vn -0 1 0
vn -0 1 0
vt 0.189501 -1.81019
vt 0.181542 -1.81019
vt 0.165604 -1.81019
f 52/52/52 53/53/53 54/54/54
v 0.14 0.0245 0.105
v 0.105 0.0245 0.105
v 0.105 0.0245 0.14
vn -0 1 0
vn -0 1 0
vn -0 1 0
vt 0.184376 -1.7481
vt 0.176398 -1.7481
vt 0.176398 -1.75169
f 55/55/55 56/56/56 57/57/57
v 0.175 0 -0.175
v 0.14 0 -0.175
v 0.14 0 -0.14
vn -0 1 0
vn -0 1 0
vn -0 1 0
vt 0.11781 -1.80658
vt 0.189501 -1.81019
vt 0.109832 -1.81019
f 58/58/58 59/59/59 60/60/60
v 0.14 0 -0.105
v 0.175 0 -0.105
v 0.175 0 -0.14
vn 0 1 -0
vn 0 1 -0
vn 0 1 -0
vt 0.12577 -1.80658
vt 0.11781 -1.80658
vt 0.11781 -1.81019
f 61/61/61 62/62/62 63/63/63
v 0.14 0 -0.105
v 0.175 0 -0.07
v 0.175 0 -0.105
vn 0 1 -0
vn 0 1 -0
vn 0 1 -0
vt 0.12577 -1.80658
vt 0.12577 -1.80658
vt 0.11781 -1.80658
f 64/64/64 65/65/65 66/66/66
v 0.175 0 -0.035
v 0.175 0 -0.07
v 0.14 0 -0.105
vn 0 1 0
vn 0 1 0
vn 0 1 0
vt 0.141707 -1.80658
vt 0.12577 -1.80658
vt 0.12577 -1.80658
f 67/67/67 68/68/68 69/69/69
v 0.175 0 0
v 0.175 0 -0.035
v 0.105 0 -0.105
vn 0 1 0
vn 0 1 0
vn 0 1 0
vt 0.189501 -1.79938
vt 0.141707 -1.80658
vt 0.141707 -1.81019
f 70/70/70 71/71/71 72/72/72
v 0.105 0 0.105
v 0.175 0 0.035
v 0.175 0 0
vn 0 1 -0
vn 0 1 -0
vn 0 1 -0
vt 0.173564 -1.81019
vt 0.189501 -1.80299
vt 0.189501 -1.79938
f 73/73/73 74/74/74 75/75/75
v 0.175 0 0.07
v 0.175 0 0.035
v 0.105 0 0.105
vn -0 1 0
vn -0 1 0
vn -0 1 0
vt 0.189501 -1.80658
vt 0.189501 -1.80299
vt 0.173564 -1.81019
f 76/76/76 77/77/77 78/78/78
v 0.14 0 0.105
v 0.175 0 0.105
v 0.175 0 0.07
vn 0 1 -0
vn 0 1 -0
vn 0 1 -0
vt 0.181542 -1.81019
vt 0.189501 -1.81019
vt 0.189501 -1.80658
f 79/79/79 80/80/80 81/81/81
v 0.14 0 0.14
v 0.175 0 0.14
v 0.175 0 0.105
vn 0 1 -0
vn 0 1 -0
vn 0 1 -0
vt 0.181542 -1.8138
vt 0.189501 -1.8138
vt 0.189501 -1.81019
f 82/82/82 83/83/83 84/84/84
v 0.14 0 0.175
v 0.175 0 0.175
v 0.175 0 0.14
vn 0 1 -0
vn 0 1 -0
vn 0 1 -0
vt 0.181542 -1.81739
vt 0.189501 -1.81739
vt 0.189501 -1.8138
f 85/85/85 86/86/86 87/87/87
v 0.105 0 0.14
v 0.105 0 0.175
v 0.14 0 0.175
vn 0 1 0
vn 0 1 0
vn 0 1 0
vt 0.173564 -1.8138
vt 0.173564 -1.81739
vt 0.181542 -1.81739
f 88/88/88 89/89/89 90/90/90
v 0.105 0 0.14
v 0.07 0 0.175
v 0.105 0 0.175
vn 0 1 0
vn 0 1 0
vn 0 1 0
vt 0.173564 -1.8138
vt 0.165604 -1.81739
vt 0.173564 -1.81739
f 91/91/91 92/92/92 93/93/93
v 0.035 0 0.175
v 0.07 0 0.175
v 0.105 0 0.14
vn 0 1 0
vn 0 1 0
vn 0 1 0
vt 0.157644 -1.81739
vt 0.165604 -1.81739
vt 0.173564 -1.8138
f 94/94/94 95/95/95 96/96/96
v 0 0 0.175
v 0.035 0 0.175
v 0.105 0 0.105
vn 0 1 0
vn 0 1 0
vn 0 1 0
vt 0.149667 -1.81739
vt 0.157644 -1.81739
vt 0.173564 -1.81019
f 97/97/97 98/98/98 99/99/99
v -0.105 0 0.105
v -0.035 0 0.175
v 0 0 0.175
vn 0 1 0
vn 0 1 0
vn 0 1 0
vt 0.12577 -1.81019
vt 0.141707 -1.81739
vt 0.149667 -1.81739
f 100/100/100 101/101/101 102/102/102
v -0.07 0 0.175
v -0.035 0 0.175
v -0.105 0 0.105
vn 0 1 -0
vn 0 1 -0
vn 0 1 -0
vt 0.133729 -1.81739
vt 0.141707 -1.81739
vt 0.12577 -1.81019
f 103/103/103 104/104/104 105/105/105
v -0.105 0 0.14
v -0.105 0 0.175
v -0.07 0 0.175
vn 0 1 0
vn 0 1 0
vn 0 1 0
vt 0.12577 -1.8138
vt 0.12577 -1.81739
vt 0.133729 -1.81739
f 106/106/106 107/107/107 108/108/108
v -0.14 0 0.14
v -0.14 0 0.175
v -0.105 0 0.175
vn 0 1 0
vn 0 1 0
vn 0 1 0
vt 0.11781 -1.8138
vt 0.11781 -1.81739
vt 0.12577 -1.81739
f 109/109/109 110/110/110 111/111/111
v -0.175 0 0.175
v -0.14 0 0.175
v -0.14 0 0.14
vn 0 1 -0
vn 0 1 -0
vn 0 1 -0
vt 0.109832 -1.81739
vt 0.11781 -1.81739
vt 0.11781 -1.8138
f 112/112/112 113/113/113 114/114/114
v 0.105 0 -0.105
v -0.105 0 -0.105
v -0.105 0 0.105
vn -0 1 0
vn -0 1 0
vn -0 1 0
vt 0.141707 -1.81019
vt 0.149667 -1.81739
vt 0.12577 -1.81019
f 115/115/115 116/116/116 117/117/117
v -0.105 0.0245 -0.14
v -0.14 0.0245 -0.14
v -0.14 0.0245 -0.105
vn -0 1 0
vn -0 1 0
vn -0 1 0
vt 0.184376 -1.75713
vt 0.176398 -1.75713
vt 0.176398 -1.76073
f 118/118/118 119/119/119 120/120/120
v 0.14 0.0245 -0.14
v 0.105 0.0245 -0.14
v 0.105 0.0245 -0.105
vn -0 1 0
vn -0 1 0
vn -0 1 0
vt 0.184376 -1.76617
vt 0.176398 -1.76617
vt 0.176398 -1.76978
f 121/121/121 122/122/122 123/123/123
v -0.105 0.0245 0.14
v -0.14 0.0245 0.14
v -0.14 0 0.14
vn 0 0 1
vn 0 0 1
vn 0 0 1
vt 0.171795 -1.7573
vt 0.128477 -1.7573
vt 0.128477 -1.771
f 124/124/124 125/125/125 126/126/126
v -0.105 0.0245 0.105
v -0.105 0.0245 0.14
v -0.105 0 0.14
vn 1 -0 0
vn 1 -0 0
vn 1 -0 0
vt 0.085303 -1.80382
vt 0.062092 -1.80382
vt 0.062092 -1.81115
f 127/127/127 128/128/128 129/129/129
v -0.14 0.0245 0.105
v -0.105 0.0245 0.105
v -0.105 0 0.105
vn 0 0 -1
vn 0 0 -1
vn 0 0 -1
vt 0.280433 -1.7573
vt 0.237115 -1.7573
vt 0.237115 -1.771
f 130/130/130 131/131/131 132/132/132
v -0.14 0.0245 0.14
v -0.14 0.0245 0.105
v -0.14 0 0.105
vn -1 0 0
vn -1 0 0
vn -1 0 0
vt 0.143494 -1.80382
vt 0.120283 -1.80382
vt 0.120283 -1.81115
f 133/133/133 134/134/134 135/135/135
v 0.14 0.0245 0.14
v 0.105 0.0245 0.14
v 0.105 0 0.14
vn 0 0 1
vn 0 0 1
vn 0 0 1
vt 0.201685 -1.80382
vt 0.178473 -1.80382
vt 0.178473 -1.81115
f 136/136/136 137/137/137 138/138/138
v 0.14 0.0245 0.105
v 0.14 0.0245 0.14
v 0.14 0 0.14
vn 1 -0 0
vn 1 -0 0
vn 1 -0 0
vt 0.171795 -1.80055
vt 0.128477 -1.80055
vt 0.128477 -1.81427
f 139/139/139 140/140/140 141/141/141
v 0.105 0.0245 0.105
v 0.14 0.0245 0.105
v 0.14 0 0.105
vn 0 0 -1
vn 0 0 -1
vn 0 0 -1
vt 0.259875 -1.80382
vt 0.236664 -1.80382
vt 0.236664 -1.81115
f 142/142/142 143/143/143 144/144/144
v 0.105 0.0245 0.14
v 0.105 0.0245 0.105
v 0.105 0 0.105
vn -1 0 0
vn -1 0 0
vn -1 0 0
vt 0.280433 -1.80055
vt 0.237115 -1.80055
vt 0.237115 -1.81427
f 145/145/145 146/146/146 147/147/147
v -0.105 0.0245 -0.105
v -0.14 0.0245 -0.105
v -0.14 0 -0.105
vn 0 0 1
vn 0 0 1
vn 0 0 1
vt 0.190079 -1.76045
vt 0.140444 -1.76045
vt 0.140444 -1.77615
f 148/148/148 149/149/149 150/150/150
v -0.105 0.0245 -0.14
v -0.105 0.0245 -0.105
v -0.105 0 -0.105
vn 1 -0 0
vn 1 -0 0
vn 1 -0 0
vt 0.209482 -1.82282
vt 0.201522 -1.82282
vt 0.201522 -1.82535
f 151/151/151 152/152/152 153/153/153
v -0.14 0.0245 -0.14
v -0.105 0.0245 -0.14
v -0.105 0 -0.14
vn 0 0 -1
vn 0 0 -1
vn 0 0 -1
vt 0.190079 -1.81001
vt 0.140444 -1.81001
vt 0.140444 -1.82573
f 154/154/154 155/155/155 156/156/156
v -0.14 0.0245 -0.105
v -0.14 0.0245 -0.14
v -0.14 0 -0.14
vn -1 0 0
vn -1 0 0
vn -1 0 0
vt 0.209482 -1.83078
vt 0.201522 -1.83078
vt 0.201522 -1.83331
f 157/157/157 158/158/158 159/159/159
v 0.14 0.0245 -0.105
v 0.105 0.0245 -0.105
v 0.105 0 -0.105
vn 0 0 1
vn 0 0 1
vn 0 0 1
vt 0.209482 -1.83874
vt 0.201522 -1.83874
vt 0.201522 -1.84127
f 160/160/160 161/161/161 162/162/162
v 0.14 0.0245 -0.14
v 0.14 0.0245 -0.105
v 0.14 0 -0.105
vn 1 -0 0
vn 1 -0 0
vn 1 -0 0
vt 0.209482 -1.85466
vt 0.201522 -1.85466
vt 0.201522 -1.85717
f 163/163/163 164/164/164 165/165/165
v 0.105 0.0245 -0.14
v 0.14 0.0245 -0.14
v 0.14 0 -0.14
vn 0 0 -1
vn 0 0 -1
vn 0 0 -1
vt 0.209482 -1.8467
vt 0.201522 -1.8467
vt 0.201522 -1.84921
f 166/166/166 167/167/167 168/168/168
v 0.105 0.0245 -0.105
v 0.105 0.0245 -0.14
v 0.105 0 -0.14
vn -1 0 0
vn -1 0 0
vn -1 0 0
vt 0.209482 -1.8626
vt 0.201522 -1.8626
vt 0.201522 -1.86513
f 169/169/169 170/170/170 171/171/171
v 0 6.3196 -0.0245
v -0.027 5.9586 -0.025
v -0.027 6.3188 -0.0133
vn -0.383743 0.0299793 -0.922953
vn -0.383743 0.0299793 -0.922953
vn -0.383743 0.0299793 -0.922953
vt 0.164088 -0.549665
vt 0.266301 -1.16782
vt 0.266301 -0.550964
f 172/172/172 173/173/173 174/174/174
v 0 6.5148 0.0726
v 0.027 6.3152 0.0406
v 0.027 6.5164 0.0615
vn 0.383329 -0.0954283 0.918669
vn 0.383329 -0.0954283 0.918669
vn 0.383329 -0.0954283 0.918669
vt 0.210186 -0.195918
vt 0.279387 -0.427273
vt 0.279387 -0.194005
f 175/175/175 176/176/176 177/177/177
v -0.027 6.5164 0.0615
v 0 6.3144 0.0517
v 0 6.5148 0.0726
vn -0.383334 -0.095805 0.918627
vn -0.383334 -0.095805 0.918627
vn -0.383334 -0.095805 0.918627
vt 0.140985 -0.194005
vt 0.210186 -0.428158
vt 0.210186 -0.195918
f 178/178/178 179/179/179 180/180/180
v 0 6.6195 0.0972
v 0.027 6.5718 0.0722
v 0.027 6.623 0.0865
vn 0.384531 -0.248319 0.889086
vn 0.384531 -0.248319 0.889086
vn 0.384531 -0.248319 0.889086
vt 0.210186 -0.074519
vt 0.279387 -0.129786
vt 0.279387 -0.070441
f 181/181/181 182/182/182 183/183/183
v -0.027 6.623 0.0865
v 0 6.5693 0.0831
v 0 6.6195 0.0972
vn -0.384552 -0.249619 0.888713
vn -0.384552 -0.249619 0.888713
vn -0.384552 -0.249619 0.888713
vt 0.140985 -0.070441
vt 0.210186 -0.132763
vt 0.210186 -0.074519
f 184/184/184 185/185/185 186/186/186
v 0.027 6.6979 0.0602
v 0 6.6794 0.0385
v 0 6.7034 0.0504
vn 0.383838 0.410195 -0.82729
vn 0.383838 0.410195 -0.82729
vn 0.383838 0.410195 -0.82729
vt 0.061857 0.098086
vt 0.164088 0.06648
vt 0.164088 0.107417
f 187/187/187 188/188/188 189/189/189
v 0 6.6661 0.1172
v 0.027 6.6531 0.0981
v 0.027 6.6716 0.1074
vn 0.38392 -0.414728 0.824989
vn 0.38392 -0.414728 0.824989
vn 0.38392 -0.414728 0.824989
vt 0.210186 -0.020517
vt 0.279387 -0.03564
vt 0.279387 -0.0142
f 190/190/190 191/191/191 192/192/192
v -0.027 6.6716 0.1074
v 0 6.6485 0.1084
v 0 6.6661 0.1172
vn -0.383886 -0.412947 0.825897
vn -0.383886 -0.412947 0.825897
vn -0.383886 -0.412947 0.825897
vt 0.140985 -0.0142
vt 0.210186 -0.040893
vt 0.210186 -0.020517
f 193/193/193 194/194/194 195/195/195
v 0 6.7034 0.0504
v -0.027 6.6749 0.0487
v -0.027 6.6979 0.0602
vn -0.383893 0.41295 -0.825893
vn -0.383893 0.41295 -0.825893
vn -0.383893 0.41295 -0.825893
vt 0.164088 0.107417
vt 0.266301 0.058739
vt 0.266301 0.098086
f 196/196/196 197/197/197 198/198/198
v 0.027 6.715 0.0708
v 0 6.7034 0.0504
v 0 6.7214 0.0616
vn 0.382932 0.48804 -0.784334
vn 0.382932 0.48804 -0.784334
vn 0.382932 0.48804 -0.784334
vt 0.061857 0.127397
vt 0.164088 0.107417
vt 0.164088 0.1383
f 199/199/199 200/200/200 201/201/201
v 0.0382 6.6997 0.093
v 0.027 6.6979 0.0602
v 0.027 6.715 0.0708
vn 0.92333 0.202318 -0.326387
vn 0.92333 0.202318 -0.326387
vn 0.92333 0.202318 -0.326387
vt 0.12456 -1.13065
vt 0.136509 -1.31098
vt 0.173654 -1.249
f 202/202/202 203/203/203 204/204/204
v 0.027 6.6843 0.1153
v 0.0382 6.6847 0.0838
v 0.0382 6.6997 0.093
vn 0.923988 -0.199942 0.32599
vn 0.923988 -0.199942 0.32599
vn 0.923988 -0.199942 0.32599
vt 0.075484 -1.01229
vt 0.09218 -1.18467
vt 0.12456 -1.13065
f 205/205/205 206/206/206 207/207/207
v 0 6.6779 0.1245
v 0.027 6.6716 0.1074
v 0.027 6.6843 0.1153
vn 0.382937 -0.487931 0.7844
vn 0.382937 -0.487931 0.7844
vn 0.382937 -0.487931 0.7844
vt 0.210186 -0.006817
vt 0.279387 -0.0142
vt 0.279387 0.000565
f 208/208/208 209/209/209 210/210/210
v -0.027 6.6843 0.1153
v 0 6.6661 0.1172
v 0 6.6779 0.1245
vn -0.382895 -0.486018 0.785607
vn -0.382895 -0.486018 0.785607
vn -0.382895 -0.486018 0.785607
vt 0.140985 0.000565
vt 0.210186 -0.020517
vt 0.210186 -0.006817
f 211/211/211 212/212/212 213/213/213
v -0.0382 6.6997 0.093
v -0.027 6.6716 0.1074
v -0.027 6.6843 0.1153
vn -0.924032 -0.201937 0.324634
vn -0.924032 -0.201937 0.324634
vn -0.924032 -0.201937 0.324634
vt 0.20663 4.26781
vt 0.13409 4.20066
vt 0.159612 4.15722
f 214/214/214 215/215/215 216/216/216
v -0.027 6.715 0.0708
v -0.0382 6.6847 0.0838
v -0.0382 6.6997 0.093
vn -0.923298 0.200812 -0.327408
vn -0.923298 0.200812 -0.327408
vn -0.923298 0.200812 -0.327408
vt 0.249714 4.37839
vt 0.17277 4.31874
vt 0.202713 4.26781
f 217/217/217 218/218/218 219/219/219
v 0 6.7214 0.0616
v -0.027 6.6979 0.0602
v -0.027 6.715 0.0708
vn -0.382903 0.486708 -0.785176
vn -0.382903 0.486708 -0.785176
vn -0.382903 0.486708 -0.785176
vt 0.164088 0.1383
vt 0.266301 0.098086
vt 0.266301 0.127397
f 220/220/220 221/221/221 222/222/222
v 0.027 6.7408 0.0925
v 0 6.7373 0.0738
v 0 6.7489 0.0848
vn 0.382014 0.635904 -0.67059
vn 0.382014 0.635904 -0.67059
vn 0.382014 0.635904 -0.67059
vt 0.061857 0.171511
vt 0.164088 0.165518
vt 0.164088 0.185444
f 223/223/223 224/224/224 225/225/225
v 0.0382 6.7212 0.1111
v 0.027 6.73 0.0823
v 0.027 6.7408 0.0925
vn 0.923584 0.263251 -0.278733
vn 0.923584 0.263251 -0.278733
vn 0.923584 0.263251 -0.278733
vt 0.168835 -1.02682
vt 0.205078 -1.18265
vt 0.226683 -1.12423
f 226/226/226 227/227/227 228/228/228
v 0 6.6934 0.1374
v 0.027 6.6949 0.1234
v 0.027 6.7015 0.1297
vn 0.382068 -0.638097 0.668473
vn 0.382068 -0.638097 0.668473
vn 0.382068 -0.638097 0.668473
vt 0.210186 0.011106
vt 0.279387 0.01284
vt 0.279387 0.020528
f 229/229/229 230/230/230 231/231/231
v -0.027 6.7015 0.1297
v 0 6.6876 0.1319
v 0 6.6934 0.1374
vn -0.382015 -0.635918 0.670577
vn -0.382015 -0.635918 0.670577
vn -0.382015 -0.635918 0.670577
vt 0.140985 0.020528
vt 0.210186 0.00441
vt 0.210186 0.011106
f 232/232/232 233/233/233 234/234/234
v -0.027 6.7408 0.0925
v -0.0382 6.7125 0.1028
v -0.0382 6.7212 0.1111
vn -0.923619 0.264593 -0.277341
vn -0.923619 0.264593 -0.277341
vn -0.923619 0.264593 -0.277341
vt 0.223994 4.40195
vt 0.15297 4.35547
vt 0.168943 4.31109
f 235/235/235 236/236/236 237/237/237
v 0 6.7489 0.0848
v -0.027 6.73 0.0823
v -0.027 6.7408 0.0925
vn -0.38198 0.634561 -0.671881
vn -0.38198 0.634561 -0.671881
vn -0.38198 0.634561 -0.671881
vt 0.164088 0.185444
vt 0.266301 0.153064
vt 0.266301 0.171511
f 238/238/238 239/239/239 240/240/240
v 0.027 6.7499 0.1032
v 0 6.7489 0.0848
v 0 6.7587 0.0964
vn 0.380544 0.706414 -0.596796
vn 0.380544 0.706414 -0.596796
vn 0.380544 0.706414 -0.596796
vt 0.209789 0.015962
vt 0.160641 0.031106
vt 0.160641 0.021593
f 241/241/241 242/242/242 243/243/243
v 0.027 6.7071 0.1362
v 0.0382 6.7212 0.1111
v 0.0382 6.7285 0.1197
vn 0.923646 -0.292181 0.24801
vn 0.923646 -0.292181 0.24801
vn 0.923646 -0.292181 0.24801
vt 0.121528 -0.892293
vt 0.168835 -1.02682
vt 0.182715 -0.977957
f 244/244/244 245/245/245 246/246/246
v 0 6.6982 0.1431
v 0.027 6.7015 0.1297
v 0.027 6.7071 0.1362
vn 0.384504 -0.699367 0.60253
vn 0.384504 -0.699367 0.60253
vn 0.384504 -0.699367 0.60253
vt 0.175441 -1.49642
vt 0.255074 -1.51427
vt 0.255074 -1.50554
f 247/247/247 248/248/248 249/249/249
v -0.0382 6.7285 0.1197
v -0.027 6.7015 0.1297
v -0.027 6.7071 0.1362
vn -0.923595 -0.290444 0.250228
vn -0.923595 -0.290444 0.250228
vn -0.923595 -0.290444 0.250228
vt 0.18156 4.26517
vt 0.113893 4.22023
vt 0.123477 4.18534
f 250/250/250 251/251/251 252/252/252
v 0 6.7587 0.0964
v -0.027 6.7408 0.0925
v -0.027 6.7499 0.1032
vn -0.380495 0.704467 -0.599124
vn -0.380495 0.704467 -0.599124
vn -0.380495 0.704467 -0.599124
vt 0.160641 0.021593
vt 0.111493 0.024769
vt 0.111493 0.015962
f 253/253/253 254/254/254 255/255/255
v 0.027 6.7547 0.1101
v 0 6.7587 0.0964
v 0 6.7643 0.1043
vn 0.382743 0.753702 -0.534267
vn 0.382743 0.753702 -0.534267
vn 0.382743 0.753702 -0.534267
vt 0.209789 0.010258
vt 0.160641 0.021593
vt 0.160641 0.015095
f 256/256/256 257/257/257 258/258/258
v 0.027 6.7086 0.1384
v 0.0382 6.7285 0.1197
v 0.0382 6.7317 0.1243
vn 0.923757 -0.314387 0.218707
vn 0.923757 -0.314387 0.218707
vn 0.923757 -0.314387 0.218707
vt 0.124235 -0.87993
vt 0.182715 -0.977957
vt 0.188346 -0.952253
f 259/259/259 260/260/260 261/261/261
v -0.0382 6.7317 0.1243
v -0.027 6.7071 0.1362
v -0.027 6.7086 0.1384
vn -0.923827 -0.316279 0.215663
vn -0.923827 -0.316279 0.215663
vn -0.923827 -0.316279 0.215663
vt 0.170965 5.28679
vt 0.10781 5.23113
vt 0.110247 5.2195
f 262/262/262 263/263/263 264/264/264
v 0 6.7643 0.1043
v -0.027 6.7499 0.1032
v -0.027 6.7547 0.1101
vn -0.382941 0.758313 -0.527558
vn -0.382941 0.758313 -0.527558
vn -0.382941 0.758313 -0.527558
vt 0.160641 0.015095
vt 0.111493 0.015962
vt 0.111493 0.010258
f 265/265/265 266/266/266 267/267/267
v 0.027 6.7598 0.1196
v 0 6.7643 0.1043
v 0 6.77 0.115
vn 0.382137 0.815595 -0.434484
vn 0.382137 0.815595 -0.434484
vn 0.382137 0.815595 -0.434484
vt 0.209789 0.002514
vt 0.160641 0.015095
vt 0.160641 0.006286
f 268/268/268 269/269/269 270/270/270
v 0.0382 6.735 0.1306
v 0.027 6.7547 0.1101
v 0.027 6.7598 0.1196
vn 0.92395 0.337023 -0.18092
vn 0.92395 0.337023 -0.18092
vn 0.92395 0.337023 -0.18092
vt 0.193563 -0.917059
vt 0.252457 -1.02458
vt 0.260254 -0.971928
f 271/271/271 272/272/272 273/273/273
v 0.027 6.7103 0.1416
v 0.0382 6.7317 0.1243
v 0.0382 6.735 0.1306
vn 0.923604 -0.339578 0.177884
vn 0.923604 -0.339578 0.177884
vn 0.923604 -0.339578 0.177884
vt 0.126871 -0.86217
vt 0.188346 -0.952253
vt 0.193563 -0.917059
f 274/274/274 275/275/275 276/276/276
v 0 6.7001 0.1462
v 0.027 6.7086 0.1384
v 0.027 6.7103 0.1416
vn 0.382162 -0.816091 0.43353
vn 0.382162 -0.816091 0.43353
vn 0.382162 -0.816091 0.43353
vt 0.175441 -1.49229
vt 0.255074 -1.50261
vt 0.255074 -1.49839
f 277/277/277 278/278/278 279/279/279
v -0.027 6.7103 0.1416
v 0 6.6991 0.1443
v 0 6.7001 0.1462
vn -0.382242 -0.817733 0.430354
vn -0.382242 -0.817733 0.430354
vn -0.382242 -0.817733 0.430354
vt 0.095808 -1.49839
vt 0.175441 -1.4948
vt 0.175441 -1.49229
f 280/280/280 281/281/281 282/282/282
v -0.0382 6.735 0.1306
v -0.027 6.7086 0.1384
v -0.027 6.7103 0.1416
vn -0.923552 -0.338655 0.179903
vn -0.923552 -0.338655 0.179903
vn -0.923552 -0.338655 0.179903
vt 0.175567 5.25374
vt 0.110247 5.2195
vt 0.112576 5.20283
f 283/283/283 284/284/284 285/285/285
v -0.027 6.7598 0.1196
v -0.0382 6.7317 0.1243
v -0.0382 6.735 0.1306
vn -0.924046 0.338633 -0.177389
vn -0.924046 0.338633 -0.177389
vn -0.924046 0.338633 -0.177389
vt 0.238541 5.30464
vt 0.170965 5.28679
vt 0.175567 5.25374
f 286/286/286 287/287/287 288/288/288
v 0 6.77 0.115
v -0.027 6.7547 0.1101
v -0.027 6.7598 0.1196
vn -0.382067 0.814232 -0.437095
vn -0.382067 0.814232 -0.437095
vn -0.382067 0.814232 -0.437095
vt 0.160641 0.006286
vt 0.111493 0.010258
vt 0.111493 0.002514
f 289/289/289 290/290/290 291/291/291
v 0.027 6.7938 0.23
v 0 6.7857 0.1583
v 0 6.8047 0.2274
vn 0.383136 0.890637 -0.244894
vn 0.383136 0.890637 -0.244894
vn 0.383136 0.890637 -0.244894
vt 0.209789 -0.088399
vt 0.160641 -0.029397
vt 0.160641 -0.086288
f 292/292/292 293/293/293 294/294/294
v 0.0382 6.7676 0.2362
v 0.027 6.7751 0.1617
v 0.027 6.7938 0.23
vn 0.923214 0.370645 -0.101478
vn 0.923214 0.370645 -0.101478
vn 0.923214 0.370645 -0.101478
vt 0.221737 -0.331523
vt 0.277239 -0.737595
vt 0.289891 -0.359391
f 295/295/295 296/296/296 297/297/297
v 0 6.7304 0.2449
v 0.027 6.7236 0.1781
v 0.027 6.7413 0.2423
vn 0.383129 -0.890471 0.245506
vn 0.383129 -0.890471 0.245506
vn 0.383129 -0.890471 0.245506
vt 0.175441 -1.36065
vt 0.255074 -1.44971
vt 0.255074 -1.36407
f 298/298/298 299/299/299 300/300/300
v -0.027 6.7413 0.2423
v 0 6.713 0.1815
v 0 6.7304 0.2449
vn -0.383142 -0.890751 0.244469
vn -0.383142 -0.890751 0.244469
vn -0.383142 -0.890751 0.244469
vt 0.095808 -1.36407
vt 0.175441 -1.44518
vt 0.175441 -1.36065
f 301/301/301 302/302/302 303/303/303
v -0.027 6.7938 0.23
v -0.0382 6.7493 0.1699
v -0.0382 6.7676 0.2362
vn -0.923204 0.370457 -0.102253
vn -0.923204 0.370457 -0.102253
vn -0.923204 0.370457 -0.102253
vt 0.261301 4.73005
vt 0.188671 5.04863
vt 0.197154 4.70447
f 304/304/304 305/305/305 306/306/306
v 0.0923 7.103 2.0578
v -0.0923 7.103 2.0578
v -0.0923 7.0116 2.0647
vn -0 0.0752762 0.997163
vn -0 0.0752762 0.997163
vn -0 0.0752762 0.997163
vt 0.242437 0.123576
vt 0.229154 0.412814
vt 0.16447 0.409843
f 307/307/307 308/308/308 309/309/309
v 0.0635 6.9731 1.4878
v 0.0635 7.0546 1.4817
v 0.1198 7.1065 1.6883
vn 0.965859 -0.0193366 -0.258346
vn 0.965859 -0.0193366 -0.258346
vn 0.965859 -0.0193366 -0.258346
vt 0.230147 0.232435
vt 0.259211 0.228949
vt 0.270166 0.391455
f 310/310/310 311/311/311 312/312/312
v -0.0635 7.0546 1.4817
v 0.0635 7.0546 1.4817
v 0.0635 6.9731 1.4878
vn -0 -0.074639 -0.997211
vn -0 -0.074639 -0.997211
vn -0 -0.074639 -0.997211
vt 0.016319 0.354031
vt 0.025193 0.213331
vt 0.028273 0.213525
f 313/313/313 314/314/314 315/315/315
v -0.1198 6.978 2.0351
v -0.1198 7.1318 2.0235
v -0.1198 7.1065 1.6883
vn -1 0 0
vn -1 0 0
vn -1 0 0
vt 0.169797 0.14435
vt 0.225401 0.15627
vt 0.203784 0.425925
f 316/316/316 317/317/317 318/318/318
v 0.1198 7.1065 1.6883
v -0.1198 7.1065 1.6883
v -0.1198 7.1318 2.0235
vn 0 0.997164 -0.0752633
vn 0 0.997164 -0.0752633
vn 0 0.997164 -0.0752633
vt 0.222755 0.139702
vt 0.21055 0.405447
vt 0.042419 0.397725
f 319/319/319 320/320/320 321/321/321
v 0.1198 6.9527 1.6999
v -0.1198 6.9527 1.6999
v -0.0635 6.9731 1.4878
vn 0 -0.995406 -0.0957394
vn 0 -0.995406 -0.0957394
vn 0 -0.995406 -0.0957394
vt 0.138438 0.157824
vt 0.121694 0.423321
vt 0.019399 0.354225
f 322/322/322 323/323/323 324/324/324
v 0.1198 7.1318 2.0235
v 0.1198 6.978 2.0351
v 0.1198 6.9527 1.6999
vn 1 -0 0
vn 1 -0 0
vn 1 -0 0
vt 0.267068 0.654237
vt 0.212217 0.660817
vt 0.21532 0.398032
f 325/325/325 326/326/326 327/327/327
v -0.0635 7.0546 1.4817
v -0.0635 6.9731 1.4878
v -0.1198 6.9527 1.6999
vn -0.965886 -0.019329 -0.258245
vn -0.965886 -0.019329 -0.258245
vn -0.965886 -0.019329 -0.258245
vt 0.177222 0.591468
vt 0.147757 0.585153
vt 0.148185 0.414006
f 328/328/328 329/329/329 330/330/330
v 0.0635 7.0546 1.4817
v -0.0635 7.0546 1.4817
v -0.1198 7.1065 1.6883
vn 0 0.969865 -0.243642
vn 0 0.969865 -0.243642
vn 0 0.969865 -0.243642
vt 0.32348 0.206919
vt 0.317012 0.34775
vt 0.21055 0.405447
f 331/331/331 332/332/332 333/333/333
v 0.0912 6.9491 1.9999
v -0.0912 6.9491 1.9999
v -0.0912 6.9295 1.739
vn 0 -0.99719 0.0749131
vn 0 -0.99719 0.0749131
vn 0 -0.99719 0.0749131
vt 0.55758 0.450973
vt 0.786455 0.451458
vt 0.789271 0.639566
f 334/334/334 335/335/335 336/336/336
v 0.1155 6.9839 2.0473
v -0.1155 6.9839 2.0473
v -0.1198 6.978 2.0351
vn 0 -0.900257 0.435359
vn 0 -0.900257 0.435359
vn 0 -0.900257 0.435359
vt 0.312193 0.173641
vt 0.29606 0.429458
vt 0.289668 0.433915
f 337/337/337 338/338/338 339/339/339
v 0.1155 7.1278 2.0364
v 0.1155 6.9839 2.0473
v 0.1198 6.978 2.0351
vn 0.946491 0.0243761 0.321808
vn 0.946491 0.0243761 0.321808
vn 0.946491 0.0243761 0.321808
vt 0.265176 0.664263
vt 0.213872 0.670418
vt 0.212217 0.660817
f 340/340/340 341/341/341 342/342/342
v -0.1155 7.1278 2.0364
v 0.1155 7.1278 2.0364
v 0.1198 7.1318 2.0235
vn 0 0.955133 0.296177
vn 0 0.955133 0.296177
vn 0 0.955133 0.296177
vt 0.036176 0.392584
vt 0.047936 0.136528
vt 0.054624 0.131981
f 343/343/343 344/344/344 345/345/345
v -0.1155 6.9839 2.0473
v -0.1155 7.1278 2.0364
v -0.1198 7.1318 2.0235
vn -0.9461 0.0244625 0.322949
vn -0.9461 0.0244625 0.322949
vn -0.9461 0.0244625 0.322949
vt 0.172403 0.134666
vt 0.224411 0.145814
vt 0.225401 0.15627
f 346/346/346 347/347/347 348/348/348
v -0.1061 7.1182 2.0513
v -0.1061 6.9956 2.0606
v -0.0923 7.0116 2.0647
vn -0.358426 0.0706137 0.930884
vn -0.358426 0.0706137 0.930884
vn -0.358426 0.0706137 0.930884
vt 0.238959 0.434852
vt 0.152128 0.430865
vt 0.16447 0.409843
f 349/349/349 350/350/350 351/351/351
v -0.1155 7.1278 2.0364
v -0.1155 6.9839 2.0473
v -0.1061 6.9956 2.0606
vn -0.832877 0.0418032 0.551878
vn -0.832877 0.0418032 0.551878
vn -0.832877 0.0418032 0.551878
vt 0.224411 0.145814
vt 0.172403 0.134666
vt 0.177161 0.124153
f 352/352/352 353/353/353 354/354/354
v -0.1155 6.9839 2.0473
v 0.1155 6.9839 2.0473
v 0.1061 6.9956 2.0606
vn 0 -0.75082 0.660507
vn 0 -0.75082 0.660507
vn 0 -0.75082 0.660507
vt 0.29606 0.429458
vt 0.312193 0.173641
vt 0.318199 0.18444
f 355/355/355 356/356/356 357/357/357
v -0.1061 6.9956 2.0606
v 0.1061 6.9956 2.0606
v 0.0923 7.0116 2.0647
vn 0 -0.248224 0.968703
vn 0 -0.248224 0.968703
vn 0 -0.248224 0.968703
vt 0.152128 0.430865
vt 0.167391 0.098542
vt 0.177753 0.120606
f 358/358/358 359/359/359 360/360/360
v 0.1061 7.1182 2.0513
v -0.1061 7.1182 2.0513
v -0.0923 7.103 2.0578
vn -0 0.393197 0.919454
vn -0 0.393197 0.919454
vn -0 0.393197 0.919454
vt 0.254222 0.102529
vt 0.238959 0.434852
vt 0.229154 0.412814
f 361/361/361 362/362/362 363/363/363
v 0.1155 7.1278 2.0364
v -0.1155 7.1278 2.0364
v -0.1061 7.1182 2.0513
vn -0 0.840623 0.54162
vn -0 0.840623 0.54162
vn -0 0.840623 0.54162
vt 0.047936 0.136528
vt 0.036176 0.392584
vt 0.029181 0.381853
f 364/364/364 365/365/365 366/366/366
v 0.1155 6.9839 2.0473
v 0.1155 7.1278 2.0364
v 0.1061 7.1182 2.0513
vn 0.832635 0.0418306 0.55224
vn 0.832635 0.0418306 0.55224
vn 0.832635 0.0418306 0.55224
vt 0.213872 0.670418
vt 0.265176 0.664263
vt 0.261254 0.675768
f 367/367/367 368/368/368 369/369/369
v 0.1061 6.9956 2.0606
v 0.1061 7.1182 2.0513
v 0.0923 7.103 2.0578
vn 0.360392 0.0705564 0.930129
vn 0.360392 0.0705564 0.930129
vn 0.360392 0.0705564 0.930129
vt 0.167391 0.098542
vt 0.254222 0.102529
vt 0.242437 0.123576
f 370/370/370 371/371/371 372/372/372
v -0.1084 6.9769 2.0203
v -0.1198 6.978 2.0351
v -0.1198 6.9527 1.6999
vn 0.00148768 -0.997163 0.0752633
vn 0.00148768 -0.997163 0.0752633
vn 0.00148768 -0.997163 0.0752633
vt 0.283016 0.420754
vt 0.289668 0.433915
vt 0.121694 0.423321
f 373/373/373 374/374/374 375/375/375
v -0.1198 6.978 2.0351
v -0.1084 6.9769 2.0203
v 0.1084 6.9769 2.0203
vn 0 -0.997249 0.0741238
vn 0 -0.997249 0.0741238
vn 0 -0.997249 0.0741238
vt 0.289668 0.433915
vt 0.283016 0.420754
vt 0.298159 0.180638
f 376/376/376 377/377/377 378/378/378
v -0.1084 6.9538 1.7147
v -0.1198 6.9527 1.6999
v 0.1198 6.9527 1.6999
vn 0 -0.997249 0.0741244
vn 0 -0.997249 0.0741244
vn 0 -0.997249 0.0741244
vt 0.129947 0.4111
vt 0.121694 0.423321
vt 0.138438 0.157824
f 379/379/379 380/380/380 381/381/381
v 0.1084 6.9538 1.7147
v 0.1198 6.9527 1.6999
v 0.1198 6.978 2.0351
vn 0.0014869 -0.997163 0.0752633
vn 0.0014869 -0.997163 0.0752633
vn 0.0014869 -0.997163 0.0752633
vt 0.14509 0.170985
vt 0.138438 0.157824
vt 0.306412 0.168418
f 382/382/382 383/383/383 384/384/384
v 0.1084 6.9473 1.7152
v -0.1084 6.9473 1.7152
v -0.1084 6.9538 1.7147
vn 0 -0.0766881 -0.997055
vn 0 -0.0766881 -0.997055
vn 0 -0.0766881 -0.997055
vt 0.118387 0.591473
vt 0.126405 0.416885
vt 0.128776 0.416994
f 385/385/385 386/386/386 387/387/387
v 0.1084 6.9704 2.0208
v 0.1084 6.9473 1.7152
v 0.1084 6.9538 1.7147
vn 1 0 -0
vn 1 0 -0
vn 1 0 -0
vt 0.181367 0.679347
vt 0.184193 0.439881
vt 0.186517 0.439606
f 388/388/388 389/389/389 390/390/390
v -0.1084 6.9704 2.0208
v 0.1084 6.9704 2.0208
v 0.1084 6.9769 2.0203
vn 0 0.0767245 0.997052
vn 0 0.0767245 0.997052
vn 0 0.0767245 0.997052
vt 0.194262 0.39856
vt 0.202051 0.228953
vt 0.204358 0.229059
f 391/391/391 392/392/392 393/393/393
v -0.1084 6.9473 1.7152
v -0.1084 6.9704 2.0208
v -0.1084 6.9769 2.0203
vn -1 -0 0
vn -1 -0 0
vn -1 -0 0
vt 0.201666 0.52442
vt 0.23997 0.046614
vt 0.244543 0.047597
f 394/394/394 395/395/395 396/396/396
v 0.1033 6.9561 2.0153
v -0.1033 6.9561 2.0153
v -0.0912 6.9491 1.9999
vn 0 -0.910368 0.4138
vn 0 -0.910368 0.4138
vn 0 -0.910368 0.4138
vt 0.542612 0.441155
vt 0.801604 0.4421
vt 0.786455 0.451458
f 397/397/397 398/398/398 399/399/399
v 0.1084 6.9704 2.0208
v -0.1084 6.9704 2.0208
v -0.1033 6.9561 2.0153
vn 0 -0.358986 0.933343
vn 0 -0.358986 0.933343
vn 0 -0.358986 0.933343
vt 0.536446 0.437757
vt 0.807884 0.438967
vt 0.801604 0.4421
f 400/400/400 401/401/401 402/402/402
v -0.1084 6.9704 2.0208
v -0.1084 6.9473 1.7152
v -0.1033 6.934 1.7228
vn -0.938279 -0.344896 0.0260702
vn -0.938279 -0.344896 0.0260702
vn -0.938279 -0.344896 0.0260702
vt 0.807884 0.438967
vt 0.810838 0.654572
vt 0.804536 0.649878
f 403/403/403 404/404/404 405/405/405
v -0.1033 6.9561 2.0153
v -0.1033 6.934 1.7228
v -0.0912 6.9295 1.739
vn -0.426624 -0.901858 0.0681403
vn -0.426624 -0.901858 0.0681403
vn -0.426624 -0.901858 0.0681403
vt 0.801604 0.4421
vt 0.804536 0.649878
vt 0.789271 0.639566
f 406/406/406 407/407/407 408/408/408
v 0.1033 6.934 1.7228
v 0.1033 6.9561 2.0153
v 0.0912 6.9491 1.9999
vn 0.433447 -0.898618 0.0678955
vn 0.433447 -0.898618 0.0678955
vn 0.433447 -0.898618 0.0678955
vt 0.545708 0.646342
vt 0.542612 0.441155
vt 0.55758 0.450973
f 409/409/409 410/410/410 411/411/411
v 0.1084 6.9473 1.7152
v 0.1084 6.9704 2.0208
v 0.1033 6.9561 2.0153
vn 0.938357 -0.344683 0.0260541
vn 0.938357 -0.344683 0.0260541
vn 0.938357 -0.344683 0.0260541
vt 0.53962 0.650929
vt 0.536446 0.437757
vt 0.542612 0.441155
f 412/412/412 413/413/413 414/414/414
v -0.1084 6.9473 1.7152
v 0.1084 6.9473 1.7152
v 0.1033 6.934 1.7228
vn -0 -0.496144 -0.86824
vn -0 -0.496144 -0.86824
vn -0 -0.496144 -0.86824
vt 0.810838 0.654572
vt 0.53962 0.650929
vt 0.545708 0.646342
f 415/415/415 416/416/416 417/417/417
v -0.1033 6.934 1.7228
v 0.1033 6.934 1.7228
v 0.0912 6.9295 1.739
vn -0 -0.963519 -0.26764
vn -0 -0.963519 -0.26764
vn -0 -0.963519 -0.26764
vt 0.804536 0.649878
vt 0.545708 0.646342
vt 0.560478 0.636413
f 418/418/418 419/419/419 420/420/420
v 0 6.8047 0.2274
v -0.027 6.7751 0.1617
v -0.027 6.7938 0.23
vn -0.383148 0.8909 -0.243917
vn -0.383148 0.8909 -0.243917
vn -0.383148 0.8909 -0.243917
vt 0.160641 -0.086288
vt 0.111493 -0.032194
vt 0.111493 -0.088399
f 421/421/421 422/422/422 423/423/423
v 0.027 7.0385 1.4871
v 0 6.8047 0.2274
v 0 7.0494 1.4849
vn 0.380806 0.907631 -0.176618
vn 0.380806 0.907631 -0.176618
vn 0.380806 0.907631 -0.176618
vt 0.209789 -1.1232
vt 0.160641 -0.086288
vt 0.160641 -1.12145
f 424/424/424 425/425/425 426/426/426
v 0 7.0494 1.4849
v -0.027 6.7938 0.23
v -0.027 7.0385 1.4871
vn -0.380806 0.90762 -0.176672
vn -0.380806 0.90762 -0.176672
vn -0.380806 0.90762 -0.176672
vt 0.160641 -1.12145
vt 0.111493 -0.088399
vt 0.111493 -1.1232
f 427/427/427 428/428/428 429/429/429
v 0 5.9589 -0.0361
v 0.027 5.9586 -0.025
v 0.0382 5.9577 0.002
vn 0.00313176 -0.999396 -0.0346222
vn 0.00313176 -0.999396 -0.0346222
vn 0.00313176 -0.999396 -0.0346222
vt 0.175737 0.587428
vt 0.185601 0.589274
vt 0.189687 0.593732
f 430/430/430 431/431/431 432/432/432
v 0 5.9589 -0.0361
v 0.0382 5.9577 0.002
v 0 5.9565 0.0402
vn -4.73871e-005 -0.999506 -0.0314382
vn -4.73871e-005 -0.999506 -0.0314382
vn -4.73871e-005 -0.999506 -0.0314382
vt 0.175737 0.587428
vt 0.189687 0.593732
vt 0.175737 0.600037
f 433/433/433 434/434/434 435/435/435
v 0 5.9589 -0.0361
v -0.0382 5.9577 0.002
v -0.027 5.9586 -0.025
vn -0.00313176 -0.999396 -0.0346222
vn -0.00313176 -0.999396 -0.0346222
vn -0.00313176 -0.999396 -0.0346222
vt 0.175737 0.587428
vt 0.161787 0.593732
vt 0.165873 0.589274
f 436/436/436 437/437/437 438/438/438
v 0.0382 5.9577 0.002
v 0.027 5.9568 0.029
v 0 5.9565 0.0402
vn -0.00327779 -0.999394 -0.0346651
vn -0.00327779 -0.999394 -0.0346651
vn -0.00327779 -0.999394 -0.0346651
vt 0.189687 0.593732
vt 0.185601 0.59819
vt 0.175737 0.600037
f 439/439/439 440/440/440 441/441/441
v 0 5.9565 0.0402
v -0.027 5.9568 0.029
v -0.0382 5.9577 0.002
vn 0.00327779 -0.999394 -0.0346651
vn 0.00327779 -0.999394 -0.0346651
vn 0.00327779 -0.999394 -0.0346651
vt 0.175737 0.600037
vt 0.165873 0.59819
vt 0.161787 0.593732
f 442/442/442 443/443/443 444/444/444
v 0 6.9745 1.4995
v 0.027 7.0385 1.4871
v -0.027 7.0385 1.4871
vn -0 0.190214 0.981743
vn -0 0.190214 0.981743
vn -0 0.190214 0.981743
vt 0.116696 0.540052
vt 0.137953 0.520118
vt 0.13805 0.559881
f 445/445/445 446/446/446 447/447/447
v 0 6.9745 1.4995
v 0.0382 7.012 1.4922
v 0.027 7.0385 1.4871
vn 0.00150726 0.189601 0.98186
vn 0.00150726 0.189601 0.98186
vn 0.00150726 0.189601 0.98186
vt 0.116696 0.540052
vt 0.129108 0.511905
vt 0.137953 0.520118
f 448/448/448 449/449/449 450/450/450
v -0.027 7.0385 1.4871
v 0.027 7.0385 1.4871
v 0 7.0494 1.4849
vn 0 0.197846 0.980233
vn 0 0.197846 0.980233
vn 0 0.197846 0.980233
vt 0.13805 0.559881
vt 0.137953 0.520118
vt 0.141658 0.539991
f 451/451/451 452/452/452 453/453/453
v -0.0382 7.012 1.4922
v -0.027 6.9855 1.4974
v 0 6.9745 1.4995
vn 0.00256473 0.193597 0.981078
vn 0.00256473 0.193597 0.981078
vn 0.00256473 0.193597 0.981078
vt 0.129246 0.568139
vt 0.120401 0.559925
vt 0.116696 0.540052
f 454/454/454 455/455/455 456/456/456
v 0 6.9745 1.4995
v 0.027 6.9855 1.4974
v 0.0382 7.012 1.4922
vn -0.00256473 0.193597 0.981078
vn -0.00256473 0.193597 0.981078
vn -0.00256473 0.193597 0.981078
vt 0.116696 0.540052
vt 0.120304 0.520161
vt 0.129108 0.511905
f 457/457/457 458/458/458 459/459/459
v -0.11 0 0
v 0 0 -0.11
v 0.11 0 0
vn -0 -1 0
vn -0 -1 0
vn -0 -1 0
vt 0.114528 0.626933
vt 0.154716 0.60876
vt 0.194905 0.626933
f 460/460/460 461/461/461 462/462/462
v -0.1061 7.1182 2.0513
v -0.0923 7.0116 2.0647
v -0.0923 7.103 2.0578
vn -0.360727 0.070208 0.930025
vn -0.360727 0.070208 0.930025
vn -0.360727 0.070208 0.930025
vt 0.238959 0.434852
vt 0.16447 0.409843
vt 0.229154 0.412814
f 463/463/463 464/464/464 465/465/465
v 0 0 -0.11
v 0.0778 0 -0.0778
v 0.11 0 0
vn 0 -1 0
vn 0 -1 0
vn 0 -1 0
vt 0.154716 0.60876
vt 0.183134 0.614083
vt 0.194905 0.626933
f 466/466/466 467/467/467 468/468/468
v 0.0778 0 0.0778
v 0 0 0.11
v 0.11 0 0
vn 0 -1 0
vn 0 -1 0
vn 0 -1 0
vt 0.128513 0.600037
vt 0.154716 0.645107
vt 0.194905 0.626933
f 469/469/469 470/470/470 471/471/471
v -0.11 0 0
v -0.0778 0 -0.0778
v 0 0 -0.11
vn 0 -1 0
vn 0 -1 0
vn 0 -1 0
vt 0.114528 0.626933
vt 0.126299 0.614083
vt 0.154716 0.60876
f 472/472/472 473/473/473 474/474/474
v 0 0 0.11
v -0.0778 0 0.0778
v -0.11 0 0
vn 0 -1 0
vn 0 -1 0
vn 0 -1 0
vt 0.154716 0.645107
vt 0.126299 0.639784
vt 0.114528 0.626933
f 475/475/475 476/476/476 477/477/477
v 0.0271 6 -0.0271
v 0.0383 6 0
v 0.11 0 0
vn 0.924127 0.0110433 -0.381927
vn 0.924127 0.0110433 -0.381927
vn 0.924127 0.0110433 -0.381927
vt 0.280452 7.14123
vt 0.233668 7.12632
vt 0.233776 -1.79804
f 478/478/478 479/479/479 480/480/480
v 0.0383 6 0
v 0.0271 6 -0.0271
v 0 6 -0.0383
vn 0 1 0
vn 0 1 0
vn 0 1 0
vt 0.142499 0.593713
vt 0.138402 0.598185
vt 0.128513 0.600037
f 481/481/481 482/482/482 483/483/483
v 0.1061 6.9956 2.0606
v 0.0923 7.103 2.0578
v 0.0923 7.0116 2.0647
vn 0.35809 0.0702844 0.931038
vn 0.35809 0.0702844 0.931038
vn 0.35809 0.0702844 0.931038
vt 0.167391 0.098542
vt 0.242437 0.123576
vt 0.177753 0.120606
f 484/484/484 485/485/485 486/486/486
v -0.1084 6.9769 2.0203
v -0.1198 6.9527 1.6999
v -0.1084 6.9538 1.7147
vn -0.00163094 -0.997154 0.0753736
vn -0.00163094 -0.997154 0.0753736
vn -0.00163094 -0.997154 0.0753736
vt 0.283016 0.420754
vt 0.121694 0.423321
vt 0.129947 0.4111
f 487/487/487 488/488/488 489/489/489
v 0 6 0.0383
v 0.0383 6 0
v 0 6 -0.0383
vn 0 1 -0
vn 0 1 -0
vn 0 1 -0
vt 0.128513 0.587389
vt 0.142499 0.593713
vt 0.128513 0.600037
f 490/490/490 491/491/491 492/492/492
v 0 6 0.0383
v 0.0271 6 0.0271
v 0.0383 6 0
vn 0 1 0
vn 0 1 0
vn 0 1 0
vt 0.128513 0.587389
vt 0.128513 0.593713
vt 0.142499 0.593713
f 493/493/493 494/494/494 495/495/495
v 0.1084 6.9538 1.7147
v 0.1198 6.978 2.0351
v 0.1084 6.9769 2.0203
vn -0.00163173 -0.997154 0.0753736
vn -0.00163173 -0.997154 0.0753736
vn -0.00163173 -0.997154 0.0753736
vt 0.14509 0.170985
vt 0.306412 0.168418
vt 0.298159 0.180638
f 496/496/496 497/497/497 498/498/498
v -0.0383 6 0
v 0 6 -0.0383
v -0.0271 6 -0.0271
vn -0 1 -0
vn -0 1 -0
vn -0 1 -0
vt 0.114528 0.593713
vt 0.128513 0.600037
vt 0.118625 0.598185
f 499/499/499 500/500/500 501/501/501
v -0.0383 6 0
v -0.0271 6 0.0271
v 0 6 0.0383
vn 0 1 0
vn 0 1 0
vn 0 1 0
vt 0.114528 0.593713
vt 0.118625 0.589241
vt 0.128513 0.587389
f 502/502/502 503/503/503 504/504/504
v 0 6 -0.0383
v 0.0271 6 -0.0271
v 0.0778 0 -0.0778
vn 0.381927 0.0110362 -0.924127
vn 0.381927 0.0110362 -0.924127
vn 0.381927 0.0110362 -0.924127
vt 0.293573 7.15052
vt 0.280452 7.14123
vt 0.2515 -1.80696
f 505/505/505 506/506/506 507/507/507
v -0.0271 6 -0.0271
v 0 6 -0.0383
v 0 0 -0.11
vn -0.381927 0.0110433 -0.924127
vn -0.381927 0.0110433 -0.924127
vn -0.381927 0.0110433 -0.924127
vt 0.256031 13.9626
vt 0.245743 13.9709
vt -0.000304 -1.85428
f 508/508/508 509/509/509 510/510/510
v -0.0383 6 0
v -0.0271 6 -0.0271
v -0.0778 0 -0.0778
vn -0.924127 0.0110362 -0.381927
vn -0.924127 0.0110362 -0.381927
vn -0.924127 0.0110362 -0.381927
vt 0.285054 13.9481
vt 0.256031 13.9626
vt 0.02242 -1.85616
f 511/511/511 512/512/512 513/513/513
v -0.0271 6 0.0271
v -0.0383 6 0
v -0.11 0 0
vn -0.924127 0.0110433 0.381927
vn -0.924127 0.0110433 0.381927
vn -0.924127 0.0110433 0.381927
vt 0.316785 13.9424
vt 0.285054 13.9481
vt 0.103713 -1.82347
f 514/514/514 515/515/515 516/516/516
v 0.0271 6 0.0271
v 0 6 0.0383
v 0 0 0.11
vn 0.381927 0.0110433 0.924127
vn 0.381927 0.0110433 0.924127
vn 0.381927 0.0110433 0.924127
vt 0.164323 7.12345
vt 0.129849 7.12619
vt 0.01363 -1.76445
f 517/517/517 518/518/518 519/519/519
v -0.1033 6.9561 2.0153
v -0.0912 6.9295 1.739
v -0.0912 6.9491 1.9999
vn -0.433859 -0.898449 0.0674953
vn -0.433859 -0.898449 0.0674953
vn -0.433859 -0.898449 0.0674953
vt 0.801604 0.4421
vt 0.789271 0.639566
vt 0.786455 0.451458
f 520/520/520 521/521/521 522/522/522
v 0.1033 6.934 1.7228
v 0.0912 6.9491 1.9999
v 0.0912 6.9295 1.739
vn 0.42621 -0.902083 0.0677683
vn 0.42621 -0.902083 0.0677683
vn 0.42621 -0.902083 0.0677683
vt 0.545708 0.646342
vt 0.55758 0.450973
vt 0.560478 0.636413
f 523/523/523 524/524/524 525/525/525
v 0 6 0.0383
v -0.0271 6 0.0271
v -0.0778 0 0.0778
vn -0.381927 0.0110362 0.924127
vn -0.381927 0.0110362 0.924127
vn -0.381927 0.0110362 0.924127
vt 0.329094 13.9427
vt 0.316785 13.9424
vt 0.220113 -1.7411
f 526/526/526 527/527/527 528/528/528
v 0.0383 6 0
v 0.0271 6 0.0271
v 0.0778 0 0.0778
vn 0.924127 0.0110362 0.381927
vn 0.924127 0.0110362 0.381927
vn 0.924127 0.0110362 0.381927
vt 0.233668 7.12632
vt 0.164323 7.12345
vt 0.09884 -1.7831
f 529/529/529 530/530/530 531/531/531
v -0.027 6.7071 0.1362
v 0 6.6934 0.1374
v 0 6.6982 0.1431
vn -0.384673 -0.706033 0.594595
vn -0.384673 -0.706033 0.594595
vn -0.384673 -0.706033 0.594595
vt 0.095808 -1.50554
vt 0.175441 -1.504
vt 0.175441 -1.49642
f 532/532/532 533/533/533 534/534/534
v 0.027 6.3188 -0.0133
v 0.027 5.9586 -0.025
v 0 5.9589 -0.0361
vn 0.380347 0.0300249 -0.924356
vn 0.380347 0.0300249 -0.924356
vn 0.380347 0.0300249 -0.924356
vt 0.061857 -0.550964
vt 0.061857 -1.16782
vt 0.164088 -1.1672
f 535/535/535 536/536/536 537/537/537
v 0.0382 6.317 0.0136
v 0.0382 5.9577 0.002
v 0.027 5.9586 -0.025
vn 0.923758 0.0123579 -0.382776
vn 0.923758 0.0123579 -0.382776
vn 0.923758 0.0123579 -0.382776
vt 0.134289 -1.77339
vt 0.112846 -1.37504
vt 0.04675 -1.37484
f 538/538/538 539/539/539 540/540/540
v 0.027 6.3152 0.0406
v 0.027 5.9568 0.029
v 0.0382 5.9577 0.002
vn 0.923758 -0.012389 0.382776
vn 0.923758 -0.012389 0.382776
vn 0.923758 -0.012389 0.382776
vt 0.200277 -1.77252
vt 0.178943 -1.37522
vt 0.112846 -1.37504
f 541/541/541 542/542/542 543/543/543
v 0 6.3144 0.0517
v 0 5.9565 0.0402
v 0.027 5.9568 0.029
vn 0.38327 -0.0296629 0.92316
vn 0.38327 -0.0296629 0.92316
vn 0.38327 -0.0296629 0.92316
vt 0.210186 -0.428158
vt 0.210186 -0.843021
vt 0.279387 -0.842606
f 544/544/544 545/545/545 546/546/546
v -0.027 6.3152 0.0406
v -0.027 5.9568 0.029
v 0 5.9565 0.0402
vn -0.383269 -0.0298789 0.923153
vn -0.383269 -0.0298789 0.923153
vn -0.383269 -0.0298789 0.923153
vt 0.140985 -0.427273
vt 0.140985 -0.842606
vt 0.210186 -0.843021
f 547/547/547 548/548/548 549/549/549
v -0.0382 6.317 0.0136
v -0.0382 5.9577 0.002
v -0.027 5.9568 0.029
vn -0.923758 -0.0123579 0.382777
vn -0.923758 -0.0123579 0.382777
vn -0.923758 -0.0123579 0.382777
vt 0.237801 4.56488
vt 0.234751 5.19655
vt 0.1303 5.1901
f 550/550/550 551/551/551 552/552/552
v -0.027 6.3188 -0.0133
v -0.027 5.9586 -0.025
v -0.0382 5.9577 0.002
vn -0.923758 0.0124333 -0.382774
vn -0.923758 0.0124333 -0.382774
vn -0.923758 0.0124333 -0.382774
vt 0.247006 3.36523
vt 0.240581 3.97252
vt 0.140462 3.96575
f 553/553/553 554/554/554 555/555/555
v 0 6.3196 -0.0245
v 0 5.9589 -0.0361
v -0.027 5.9586 -0.025
vn -0.380347 0.0297273 -0.924366
vn -0.380347 0.0297273 -0.924366
vn -0.380347 0.0297273 -0.924366
vt 0.164088 -0.549665
vt 0.164088 -1.1672
vt 0.266301 -1.16782
f 556/556/556 557/557/557 558/558/558
v 0.027 6.5244 0.0081
v 0.027 6.3188 -0.0133
v 0 6.3196 -0.0245
vn 0.383818 0.095597 -0.918447
vn 0.383818 0.095597 -0.918447
vn 0.383818 0.095597 -0.918447
vt 0.061857 -0.19906
vt 0.061857 -0.550964
vt 0.164088 -0.549665
f 559/559/559 560/560/560 561/561/561
v 0.0382 6.5204 0.0348
v 0.0382 6.317 0.0136
v 0.027 6.3188 -0.0133
vn 0.923389 0.0397939 -0.381797
vn 0.923389 0.0397939 -0.381797
vn 0.923389 0.0397939 -0.381797
vt 0.147772 -1.70204
vt 0.13909 -1.27035
vt 0.017691 -1.24886
f 562/562/562 563/563/563 564/564/564
v 0.027 6.5164 0.0615
v 0.027 6.3152 0.0406
v 0.0382 6.317 0.0136
vn 0.923891 -0.0395363 0.380608
vn 0.923891 -0.0395363 0.380608
vn 0.923891 -0.0395363 0.380608
vt 0.269044 -1.71898
vt 0.260489 -1.29183
vt 0.13909 -1.27035
f 565/565/565 566/566/566 567/567/567
v 0 6.5148 0.0726
v 0 6.3144 0.0517
v 0.027 6.3152 0.0406
vn 0.380909 -0.0959091 0.919625
vn 0.380909 -0.0959091 0.919625
vn 0.380909 -0.0959091 0.919625
vt 0.210186 -0.195918
vt 0.210186 -0.428158
vt 0.279387 -0.427273
f 568/568/568 569/569/569 570/570/570
v -0.027 6.5164 0.0615
v -0.027 6.3152 0.0406
v 0 6.3144 0.0517
vn -0.380913 -0.0955315 0.919663
vn -0.380913 -0.0955315 0.919663
vn -0.380913 -0.0955315 0.919663
vt 0.140985 -0.194005
vt 0.140985 -0.427273
vt 0.210186 -0.428158
f 571/571/571 572/572/572 573/573/573
v -0.0382 6.5204 0.0348
v -0.0382 6.317 0.0136
v -0.027 6.3152 0.0406
vn -0.923889 -0.039669 0.380598
vn -0.923889 -0.039669 0.380598
vn -0.923889 -0.039669 0.380598
vt 0.278629 3.44471
vt 0.278358 3.9314
vt 0.142032 3.90437
f 574/574/574 575/575/575 576/576/576
v -0.027 6.5244 0.0081
v -0.027 6.3188 -0.0133
v -0.0382 6.317 0.0136
vn -0.92339 0.0397399 -0.3818
vn -0.92339 0.0397399 -0.3818
vn -0.92339 0.0397399 -0.3818
vt 0.256103 4.32535
vt 0.252529 4.81715
vt 0.116402 4.78918
f 577/577/577 578/578/578 579/579/579
v 0 6.526 -0.003
v 0 6.3196 -0.0245
v -0.027 6.3188 -0.0133
vn -0.383817 0.0956708 -0.91844
vn -0.383817 0.0956708 -0.91844
vn -0.383817 0.0956708 -0.91844
vt 0.164088 -0.196226
vt 0.164088 -0.549665
vt 0.266301 -0.550964
f 580/580/580 581/581/581 582/582/582
v 0.027 6.5842 0.0197
v 0.027 6.5244 0.0081
v 0 6.526 -0.003
vn 0.383202 0.175895 -0.906762
vn 0.383202 0.175895 -0.906762
vn 0.383202 0.175895 -0.906762
vt 0.061857 -0.096558
vt 0.061857 -0.19906
vt 0.164088 -0.196226
f 583/583/583 584/584/584 585/585/585
v 0.0382 6.578 0.046
v 0.0382 6.5204 0.0348
v 0.027 6.5244 0.0081
vn 0.923546 0.0731964 -0.376439
vn 0.923546 0.0731964 -0.376439
vn 0.923546 0.0731964 -0.376439
vt 0.237097 -1.59974
vt 0.09162 -1.65592
vt 0.096097 -1.80304
f 586/586/586 587/587/587 588/588/588
v 0.027 6.5718 0.0722
v 0.027 6.5164 0.0615
v 0.0382 6.5204 0.0348
vn 0.923553 -0.0727195 0.376513
vn 0.923553 -0.0727195 0.376513
vn 0.923553 -0.0727195 0.376513
vt 0.22699 -1.45474
vt 0.087126 -1.5088
vt 0.09162 -1.65592
f 589/589/589 590/590/590 591/591/591
v 0 6.5693 0.0831
v 0 6.5148 0.0726
v 0.027 6.5164 0.0615
vn 0.383222 -0.174738 0.906977
vn 0.383222 -0.174738 0.906977
vn 0.383222 -0.174738 0.906977
vt 0.210186 -0.132763
vt 0.210186 -0.195918
vt 0.279387 -0.194005
f 592/592/592 593/593/593 594/594/594
v -0.027 6.5718 0.0722
v -0.027 6.5164 0.0615
v 0 6.5148 0.0726
vn -0.383215 -0.175158 0.906899
vn -0.383215 -0.175158 0.906899
vn -0.383215 -0.175158 0.906899
vt 0.140985 -0.129786
vt 0.140985 -0.194005
vt 0.210186 -0.195918
f 595/595/595 596/596/596 597/597/597
v -0.0382 6.578 0.046
v -0.0382 6.5204 0.0348
v -0.027 6.5164 0.0615
vn -0.923545 -0.0731963 0.376438
vn -0.923545 -0.0731963 0.376438
vn -0.923545 -0.0731963 0.376438
vt 0.230401 0.289498
vt 0.10236 0.36016
vt 0.079527 0.224034
f 598/598/598 599/599/599 600/600/600
v -0.027 6.5842 0.0197
v -0.027 6.5244 0.0081
v -0.0382 6.5204 0.0348
vn -0.923548 0.0730271 -0.376465
vn -0.923548 0.0730271 -0.376465
vn -0.923548 0.0730271 -0.376465
vt 0.258179 0.422919
vt 0.12521 0.496287
vt 0.10236 0.36016
f 601/601/601 602/602/602 603/603/603
v 0 6.5868 0.0088
v 0 6.526 -0.003
v -0.027 6.5244 0.0081
vn -0.3832 0.17598 -0.906746
vn -0.3832 0.17598 -0.906746
vn -0.3832 0.17598 -0.906746
vt 0.164088 -0.09217
vt 0.164088 -0.196226
vt 0.266301 -0.19906
f 604/604/604 605/605/605 606/606/606
v 0.027 6.6401 0.0352
v 0.027 6.5842 0.0197
v 0 6.5868 0.0088
vn 0.383112 0.246812 -0.890117
vn 0.383112 0.246812 -0.890117
vn 0.383112 0.246812 -0.890117
vt 0.061857 -0.00095
vt 0.061857 -0.096558
vt 0.164088 -0.09217
f 607/607/607 608/608/608 609/609/609
v 0.0382 6.6316 0.0609
v 0.0382 6.578 0.046
v 0.027 6.5842 0.0197
vn 0.923681 0.102622 -0.369163
vn 0.923681 0.102622 -0.369163
vn 0.923681 0.102622 -0.369163
vt 0.212731 -1.46895
vt 0.087541 -1.56257
vt 0.115915 -1.70511
f 610/610/610 611/611/611 612/612/612
v 0.027 6.623 0.0865
v 0.027 6.5718 0.0722
v 0.0382 6.578 0.046
vn 0.923189 -0.10339 0.37018
vn 0.923189 -0.10339 0.37018
vn 0.923189 -0.10339 0.37018
vt 0.178907 -1.33035
vt 0.05915 -1.42004
vt 0.087541 -1.56257
f 613/613/613 614/614/614 615/615/615
v 0 6.6195 0.0972
v 0 6.5693 0.0831
v 0.027 6.5718 0.0722
vn 0.38228 -0.249874 0.889621
vn 0.38228 -0.249874 0.889621
vn 0.38228 -0.249874 0.889621
vt 0.210186 -0.074519
vt 0.210186 -0.132763
vt 0.279387 -0.129786
f 616/616/616 617/617/617 618/618/618
v -0.027 6.623 0.0865
v -0.027 6.5718 0.0722
v 0 6.5693 0.0831
vn -0.382303 -0.248568 0.889977
vn -0.382303 -0.248568 0.889977
vn -0.382303 -0.248568 0.889977
vt 0.140985 -0.070441
vt 0.140985 -0.129786
vt 0.210186 -0.132763
f 619/619/619 620/620/620 621/621/621
v -0.0382 6.6316 0.0609
v -0.0382 6.578 0.046
v -0.027 6.5718 0.0722
vn -0.923195 -0.102935 0.37029
vn -0.923195 -0.102935 0.37029
vn -0.923195 -0.102935 0.37029
vt 0.196595 0.613952
vt 0.079997 0.702771
vt 0.052201 0.56935
f 622/622/622 623/623/623 624/624/624
v -0.027 6.6401 0.0352
v -0.027 6.5842 0.0197
v -0.0382 6.578 0.046
vn -0.923685 0.102378 -0.369222
vn -0.923685 0.102378 -0.369222
vn -0.923685 0.102378 -0.369222
vt 0.229444 0.743635
vt 0.107774 0.836193
vt 0.079997 0.702771
f 625/625/625 626/626/626 627/627/627
v 0 6.6436 0.0246
v 0 6.5868 0.0088
v -0.027 6.5842 0.0197
vn -0.383103 0.247548 -0.889917
vn -0.383103 0.247548 -0.889917
vn -0.383103 0.247548 -0.889917
vt 0.164088 0.005096
vt 0.164088 -0.09217
vt 0.266301 -0.096558
f 628/628/628 629/629/629 630/630/630
v 0.027 6.6749 0.0487
v 0.027 6.6401 0.0352
v 0 6.6436 0.0246
vn 0.381646 0.334295 -0.861738
vn 0.381646 0.334295 -0.861738
vn 0.381646 0.334295 -0.861738
vt 0.061857 0.058739
vt 0.061857 -0.00095
vt 0.164088 0.005096
f 631/631/631 632/632/632 633/633/633
v 0.0382 6.664 0.0734
v 0.0382 6.6316 0.0609
v 0.027 6.6401 0.0352
vn 0.923869 0.137754 -0.357059
vn 0.923869 0.137754 -0.357059
vn 0.923869 0.137754 -0.357059
vt 0.198707 -1.43406
vt 0.124596 -1.51008
vt 0.158402 -1.64868
f 634/634/634 635/635/635 636/636/636
v 0.027 6.6531 0.0981
v 0.027 6.623 0.0865
v 0.0382 6.6316 0.0609
vn 0.923582 -0.137872 0.357752
vn 0.923582 -0.137872 0.357752
vn 0.923582 -0.137872 0.357752
vt 0.159377 -1.30113
vt 0.09079 -1.37147
vt 0.124596 -1.51008
f 637/637/637 638/638/638 639/639/639
v 0 6.6485 0.1084
v 0 6.6195 0.0972
v 0.027 6.623 0.0865
vn 0.384394 -0.332594 0.861175
vn 0.384394 -0.332594 0.861175
vn 0.384394 -0.332594 0.861175
vt 0.210186 -0.040893
vt 0.210186 -0.074519
vt 0.279387 -0.070441
f 640/640/640 641/641/641 642/642/642
v -0.027 6.6531 0.0981
v -0.027 6.623 0.0865
v 0 6.6195 0.0972
vn -0.384407 -0.331973 0.861409
vn -0.384407 -0.331973 0.861409
vn -0.384407 -0.331973 0.861409
vt 0.140985 -0.03564
vt 0.140985 -0.070441
vt 0.210186 -0.074519
f 643/643/643 644/644/644 645/645/645
v -0.0382 6.664 0.0734
v -0.0382 6.6316 0.0609
v -0.027 6.623 0.0865
vn -0.92358 -0.138004 0.357707
vn -0.92358 -0.138004 0.357707
vn -0.92358 -0.138004 0.357707
vt 0.269387 0.561646
vt 0.200511 0.633534
vt 0.16768 0.50385
f 646/646/646 647/647/647 648/648/648
v -0.027 6.6749 0.0487
v -0.027 6.6401 0.0352
v -0.0382 6.6316 0.0609
vn -0.923856 0.138426 -0.356831
vn -0.923856 0.138426 -0.356831
vn -0.923856 0.138426 -0.356831
vt 0.307345 0.685987
vt 0.233361 0.763217
vt 0.200511 0.633534
f 649/649/649 650/650/650 651/651/651
v 0 6.6794 0.0385
v 0 6.6436 0.0246
v -0.027 6.6401 0.0352
vn -0.381642 0.334548 -0.861642
vn -0.381642 0.334548 -0.861642
vn -0.381642 0.334548 -0.861642
vt 0.164088 0.06648
vt 0.164088 0.005096
vt 0.266301 -0.00095
f 652/652/652 653/653/653 654/654/654
v 0.027 6.6979 0.0602
v 0.027 6.6749 0.0487
v 0 6.6794 0.0385
vn 0.381275 0.413435 -0.826862
vn 0.381275 0.413435 -0.826862
vn 0.381275 0.413435 -0.826862
vt 0.061857 0.098086
vt 0.061857 0.058739
vt 0.164088 0.06648
f 655/655/655 656/656/656 657/657/657
v 0.0382 6.6847 0.0838
v 0.0382 6.664 0.0734
v 0.027 6.6749 0.0487
vn 0.923504 0.172208 -0.34276
vn 0.923504 0.172208 -0.34276
vn 0.923504 0.172208 -0.34276
vt 0.09218 -1.18467
vt 0.045956 -1.24606
vt 0.085285 -1.37901
f 658/658/658 659/659/659 660/660/660
v 0.027 6.6716 0.1074
v 0.027 6.6531 0.0981
v 0.0382 6.664 0.0734
vn 0.923503 -0.172289 0.342723
vn 0.923503 -0.172289 0.342723
vn 0.923503 -0.172289 0.342723
vt 0.047851 -1.05837
vt 0.006626 -1.11313
vt 0.045956 -1.24606
f 661/661/661 662/662/662 663/663/663
v 0 6.6661 0.1172
v 0 6.6485 0.1084
v 0.027 6.6531 0.0981
vn 0.385192 -0.412704 0.82541
vn 0.385192 -0.412704 0.82541
vn 0.385192 -0.412704 0.82541
vt 0.210186 -0.020517
vt 0.210186 -0.040893
vt 0.279387 -0.03564
f 664/664/664 665/665/665 666/666/666
v -0.027 6.6716 0.1074
v -0.027 6.6531 0.0981
v 0 6.6485 0.1084
vn -0.38516 -0.414495 0.824527
vn -0.38516 -0.414495 0.824527
vn -0.38516 -0.414495 0.824527
vt 0.140985 -0.0142
vt 0.140985 -0.03564
vt 0.210186 -0.040893
f 667/667/667 668/668/668 669/669/669
v -0.0382 6.6847 0.0838
v -0.0382 6.664 0.0734
v -0.027 6.6531 0.0981
vn -0.923504 -0.172208 0.34276
vn -0.923504 -0.172208 0.34276
vn -0.923504 -0.172208 0.34276
vt 0.176686 4.31874
vt 0.133856 4.37668
vt 0.09588 4.25234
f 670/670/670 671/671/671 672/672/672
v -0.027 6.6979 0.0602
v -0.027 6.6749 0.0487
v -0.0382 6.664 0.0734
vn -0.923517 0.171534 -0.343064
vn -0.923517 0.171534 -0.343064
vn -0.923517 0.171534 -0.343064
vt 0.219301 4.4368
vt 0.171831 4.50102
vt 0.133856 4.37668
f 673/673/673 674/674/674 675/675/675
v 0 6.7034 0.0504
v 0 6.6794 0.0385
v -0.027 6.6749 0.0487
vn -0.381325 0.410657 -0.828222
vn -0.381325 0.410657 -0.828222
vn -0.381325 0.410657 -0.828222
vt 0.164088 0.107417
vt 0.164088 0.06648
vt 0.266301 0.058739
f 676/676/676 677/677/677 678/678/678
v 0.027 6.715 0.0708
v 0.027 6.6979 0.0602
v 0 6.7034 0.0504
vn 0.383957 0.486477 -0.784804
vn 0.383957 0.486477 -0.784804
vn 0.383957 0.486477 -0.784804
vt 0.061857 0.127397
vt 0.061857 0.098086
vt 0.164088 0.107417
f 679/679/679 680/680/680 681/681/681
v 0.0382 6.6997 0.093
v 0.0382 6.6847 0.0838
v 0.027 6.6979 0.0602
vn 0.923777 0.200208 -0.326423
vn 0.923777 0.200208 -0.326423
vn 0.923777 0.200208 -0.326423
vt 0.12456 -1.13065
vt 0.09218 -1.18467
vt 0.136509 -1.31098
f 682/682/682 683/683/683 684/684/684
v 0.027 6.6843 0.1153
v 0.027 6.6716 0.1074
v 0.0382 6.6847 0.0838
vn 0.923475 -0.202645 0.325773
vn 0.923475 -0.202645 0.325773
vn 0.923475 -0.202645 0.325773
vt 0.075484 -1.01229
vt 0.047851 -1.05837
vt 0.09218 -1.18467
f 685/685/685 686/686/686 687/687/687
v 0 6.6779 0.1245
v 0 6.6661 0.1172
v 0.027 6.6716 0.1074
vn 0.383963 -0.485785 0.78523
vn 0.383963 -0.485785 0.78523
vn 0.383963 -0.485785 0.78523
vt 0.210186 -0.006817
vt 0.210186 -0.020517
vt 0.279387 -0.0142
f 688/688/688 689/689/689 690/690/690
v -0.027 6.6843 0.1153
v -0.027 6.6716 0.1074
v 0 6.6661 0.1172
vn -0.383927 -0.487713 0.784051
vn -0.383927 -0.487713 0.784051
vn -0.383927 -0.487713 0.784051
vt 0.140985 0.000565
vt 0.140985 -0.0142
vt 0.210186 -0.020517
f 691/691/691 692/692/692 693/693/693
v -0.0382 6.6997 0.093
v -0.0382 6.6847 0.0838
v -0.027 6.6716 0.1074
vn -0.923515 -0.200538 0.326961
vn -0.923515 -0.200538 0.326961
vn -0.923515 -0.200538 0.326961
vt 0.20663 4.26781
vt 0.176686 4.31874
vt 0.13409 4.20066
f 694/694/694 695/695/695 696/696/696
v -0.027 6.715 0.0708
v -0.027 6.6979 0.0602
v -0.0382 6.6847 0.0838
vn -0.92375 0.201786 -0.325528
vn -0.92375 0.201786 -0.325528
vn -0.92375 0.201786 -0.325528
vt 0.249714 4.37839
vt 0.215384 4.4368
vt 0.17277 4.31874
f 697/697/697 698/698/698 699/699/699
v 0 6.7214 0.0616
v 0 6.7034 0.0504
v -0.027 6.6979 0.0602
vn -0.383933 0.48782 -0.783982
vn -0.383933 0.48782 -0.783982
vn -0.383933 0.48782 -0.783982
vt 0.164088 0.1383
vt 0.164088 0.107417
vt 0.266301 0.098086
f 700/700/700 701/701/701 702/702/702
v 0.027 6.73 0.0823
v 0.027 6.715 0.0708
v 0 6.7214 0.0616
vn 0.383009 0.562039 -0.733087
vn 0.383009 0.562039 -0.733087
vn 0.383009 0.562039 -0.733087
vt 0.061857 0.153064
vt 0.061857 0.127397
vt 0.164088 0.1383
f 703/703/703 704/704/704 705/705/705
v 0.0382 6.7125 0.1028
v 0.0382 6.6997 0.093
v 0.027 6.715 0.0708
vn 0.923321 0.233453 -0.304923
vn 0.923321 0.233453 -0.304923
vn 0.923321 0.233453 -0.304923
vt 0.151381 -1.07402
vt 0.12456 -1.13065
vt 0.173654 -1.249
f 706/706/706 707/707/707 708/708/708
v 0.027 6.6949 0.1234
v 0.027 6.6843 0.1153
v 0.0382 6.6997 0.093
vn 0.92403 -0.232132 0.303781
vn 0.92403 -0.232132 0.303781
vn 0.92403 -0.232132 0.303781
vt 0.097703 -0.965356
vt 0.075484 -1.01229
vt 0.12456 -1.13065
f 709/709/709 710/710/710 711/711/711
v 0 6.6876 0.1319
v 0 6.6779 0.1245
v 0.027 6.6843 0.1153
vn 0.383053 -0.560263 0.734422
vn 0.383053 -0.560263 0.734422
vn 0.383053 -0.560263 0.734422
vt 0.210186 0.00441
vt 0.210186 -0.006817
vt 0.279387 0.000565
f 712/712/712 713/713/713 714/714/714
v -0.027 6.6949 0.1234
v -0.027 6.6843 0.1153
v 0 6.6779 0.1245
vn -0.383041 -0.560861 0.733972
vn -0.383041 -0.560861 0.733972
vn -0.383041 -0.560861 0.733972
vt 0.140985 0.01284
vt 0.140985 0.000565
vt 0.210186 -0.006817
f 715/715/715 716/716/716 717/717/717
v -0.0382 6.7125 0.1028
v -0.0382 6.6997 0.093
v -0.027 6.6843 0.1153
vn -0.924024 -0.232422 0.303577
vn -0.924024 -0.232422 0.303577
vn -0.924024 -0.232422 0.303577
vt 0.15297 4.35547
vt 0.128278 4.40881
vt 0.081278 4.29822
f 718/718/718 719/719/719 720/720/720
v -0.027 6.73 0.0823
v -0.027 6.715 0.0708
v -0.0382 6.6997 0.093
vn -0.923316 0.233664 -0.304776
vn -0.923316 0.233664 -0.304776
vn -0.923316 0.233664 -0.304776
vt 0.204212 4.45692
vt 0.175297 4.51939
vt 0.128278 4.40881
f 721/721/721 722/722/722 723/723/723
v 0 6.7373 0.0738
v 0 6.7214 0.0616
v -0.027 6.715 0.0708
vn -0.383003 0.562324 -0.732871
vn -0.383003 0.562324 -0.732871
vn -0.383003 0.562324 -0.732871
vt 0.164088 0.165518
vt 0.164088 0.1383
vt 0.266301 0.127397
f 724/724/724 725/725/725 726/726/726
v 0.027 6.7408 0.0925
v 0.027 6.73 0.0823
v 0 6.7373 0.0738
vn 0.382921 0.634293 -0.671598
vn 0.382921 0.634293 -0.671598
vn 0.382921 0.634293 -0.671598
vt 0.061857 0.171511
vt 0.061857 0.153064
vt 0.164088 0.165518
f 727/727/727 728/728/728 729/729/729
v 0.0382 6.7212 0.1111
v 0.0382 6.7125 0.1028
v 0.027 6.73 0.0823
vn 0.923242 0.26522 -0.277998
vn 0.923242 0.26522 -0.277998
vn 0.923242 0.26522 -0.277998
vt 0.168835 -1.02682
vt 0.151381 -1.07402
vt 0.205078 -1.18265
f 730/730/730 731/731/731 732/732/732
v 0.027 6.7015 0.1297
v 0.027 6.6949 0.1234
v 0.0382 6.7125 0.1028
vn 0.923951 -0.264116 0.276689
vn 0.923951 -0.264116 0.276689
vn 0.923951 -0.264116 0.276689
vt 0.110987 -0.929422
vt 0.097703 -0.965356
vt 0.151381 -1.07402
f 733/733/733 734/734/734 735/735/735
v 0 6.6934 0.1374
v 0 6.6876 0.1319
v 0.027 6.6949 0.1234
vn 0.382888 -0.635669 0.670315
vn 0.382888 -0.635669 0.670315
vn 0.382888 -0.635669 0.670315
vt 0.210186 0.011106
vt 0.210186 0.00441
vt 0.279387 0.01284
f 736/736/736 737/737/737 738/738/738
v -0.027 6.7015 0.1297
v -0.027 6.6949 0.1234
v 0 6.6876 0.1319
vn -0.382834 -0.637878 0.668243
vn -0.382834 -0.637878 0.668243
vn -0.382834 -0.637878 0.668243
vt 0.140985 0.020528
vt 0.140985 0.01284
vt 0.210186 0.00441
f 739/739/739 740/740/740 741/741/741
v -0.0382 6.7212 0.1111
v -0.0382 6.7125 0.1028
v -0.027 6.6949 0.1234
vn -0.923953 -0.264037 0.276758
vn -0.923953 -0.264037 0.276758
vn -0.923953 -0.264037 0.276758
vt 0.168943 4.31109
vt 0.15297 4.35547
vt 0.101728 4.25405
f 742/742/742 743/743/743 744/744/744
v -0.027 6.7408 0.0925
v -0.027 6.73 0.0823
v -0.0382 6.7125 0.1028
vn -0.923278 0.263756 -0.279268
vn -0.923278 0.263756 -0.279268
vn -0.923278 0.263756 -0.279268
vt 0.223994 4.40195
vt 0.204212 4.45692
vt 0.15297 4.35547
f 745/745/745 746/746/746 747/747/747
v 0 6.7489 0.0848
v 0 6.7373 0.0738
v -0.027 6.73 0.0823
vn -0.382889 0.635655 -0.670328
vn -0.382889 0.635655 -0.670328
vn -0.382889 0.635655 -0.670328
vt 0.164088 0.185444
vt 0.164088 0.165518
vt 0.266301 0.153064
f 748/748/748 749/749/749 750/750/750
v 0.027 6.7499 0.1032
v 0.027 6.7408 0.0925
v 0 6.7489 0.0848
vn 0.381954 0.704009 -0.598734
vn 0.381954 0.704009 -0.598734
vn 0.381954 0.704009 -0.598734
vt 0.209789 0.015962
vt 0.209789 0.024769
vt 0.160641 0.031106
f 751/751/751 752/752/752 753/753/753
v 0.0382 6.7285 0.1197
v 0.0382 6.7212 0.1111
v 0.027 6.7408 0.0925
vn 0.923579 0.292304 -0.248115
vn 0.923579 0.292304 -0.248115
vn 0.923579 0.292304 -0.248115
vt 0.182715 -0.977957
vt 0.168835 -1.02682
vt 0.226683 -1.12423
f 754/754/754 755/755/755 756/756/756
v 0.027 6.7071 0.1362
v 0.027 6.7015 0.1297
v 0.0382 6.7212 0.1111
vn 0.92401 -0.289686 0.249575
vn 0.92401 -0.289686 0.249575
vn 0.92401 -0.289686 0.249575
vt 0.121528 -0.892293
vt 0.110987 -0.929422
vt 0.168835 -1.02682
f 757/757/757 758/758/758 759/759/759
v 0 6.6982 0.1431
v 0 6.6934 0.1374
v 0.027 6.7015 0.1297
vn 0.381862 -0.706926 0.595346
vn 0.381862 -0.706926 0.595346
vn 0.381862 -0.706926 0.595346
vt 0.175441 -1.49642
vt 0.175441 -1.504
vt 0.255074 -1.51427
f 760/760/760 761/761/761 762/762/762
v -0.027 6.7071 0.1362
v -0.027 6.7015 0.1297
v 0 6.6934 0.1374
vn -0.382062 -0.700135 0.603191
vn -0.382062 -0.700135 0.603191
vn -0.382062 -0.700135 0.603191
vt 0.095808 -1.50554
vt 0.095808 -1.51427
vt 0.175441 -1.504
f 763/763/763 764/764/764 765/765/765
v -0.0382 6.7285 0.1197
v -0.0382 6.7212 0.1111
v -0.027 6.7015 0.1297
vn -0.923961 -0.2916 0.247518
vn -0.923961 -0.2916 0.247518
vn -0.923961 -0.2916 0.247518
vt 0.18156 4.26517
vt 0.168943 4.31109
vt 0.113893 4.22023
f 766/766/766 767/767/767 768/768/768
v -0.027 6.7499 0.1032
v -0.027 6.7408 0.0925
v -0.0382 6.7212 0.1111
vn -0.923586 0.292055 -0.248382
vn -0.923586 0.292055 -0.248382
vn -0.923586 0.292055 -0.248382
vt 0.239624 4.34498
vt 0.223994 4.40195
vt 0.168943 4.31109
f 769/769/769 770/770/770 771/771/771
v 0 6.7587 0.0964
v 0 6.7489 0.0848
v -0.027 6.7408 0.0925
vn -0.381893 0.70599 -0.596437
vn -0.381893 0.70599 -0.596437
vn -0.381893 0.70599 -0.596437
vt 0.160641 0.021593
vt 0.160641 0.031106
vt 0.111493 0.024769
f 772/772/772 773/773/773 774/774/774
v 0.027 6.7547 0.1101
v 0.027 6.7499 0.1032
v 0 6.7587 0.0964
vn 0.380445 0.759159 -0.528146
vn 0.380445 0.759159 -0.528146
vn 0.380445 0.759159 -0.528146
vt 0.209789 0.010258
vt 0.209789 0.015962
vt 0.160641 0.021593
f 775/775/775 776/776/776 777/777/777
v 0.0382 6.7317 0.1243
v 0.0382 6.7285 0.1197
v 0.027 6.7499 0.1032
vn 0.923632 0.314634 -0.21888
vn 0.923632 0.314634 -0.21888
vn 0.923632 0.314634 -0.21888
vt 0.188346 -0.952253
vt 0.182715 -0.977957
vt 0.243902 -1.06363
f 778/778/778 779/779/779 780/780/780
v 0.027 6.7086 0.1384
v 0.027 6.7071 0.1362
v 0.0382 6.7285 0.1197
vn 0.923564 -0.316803 0.21602
vn 0.923564 -0.316803 0.21602
vn 0.923564 -0.316803 0.21602
vt 0.124235 -0.87993
vt 0.121528 -0.892293
vt 0.182715 -0.977957
f 781/781/781 782/782/782 783/783/783
v 0 6.6991 0.1443
v 0 6.6982 0.1431
v 0.027 6.7071 0.1362
vn 0.384899 -0.73843 0.553692
vn 0.384899 -0.73843 0.553692
vn 0.384899 -0.73843 0.553692
vt 0.175441 -1.4948
vt 0.175441 -1.49642
vt 0.255074 -1.50554
f 784/784/784 785/785/785 786/786/786
v -0.027 6.7086 0.1384
v -0.027 6.7071 0.1362
v 0 6.6982 0.1431
vn -0.38433 -0.762749 0.5201
vn -0.38433 -0.762749 0.5201
vn -0.38433 -0.762749 0.5201
vt 0.095808 -1.50261
vt 0.095808 -1.50554
vt 0.175441 -1.49642
f 787/787/787 788/788/788 789/789/789
v -0.0382 6.7317 0.1243
v -0.0382 6.7285 0.1197
v -0.027 6.7071 0.1362
vn -0.923632 -0.314634 0.21888
vn -0.923632 -0.314634 0.21888
vn -0.923632 -0.314634 0.21888
vt 0.170965 5.28679
vt 0.165893 5.31094
vt 0.10781 5.23113
f 790/790/790 791/791/791 792/792/792
v -0.027 6.7547 0.1101
v -0.027 6.7499 0.1032
v -0.0382 6.7285 0.1197
vn -0.923633 0.314629 -0.218887
vn -0.923633 0.314629 -0.218887
vn -0.923633 0.314629 -0.218887
vt 0.247331 4.30831
vt 0.239624 4.34498
vt 0.18156 4.26517
f 793/793/793 794/794/794 795/795/795
v 0 6.7643 0.1043
v 0 6.7587 0.0964
v -0.027 6.7499 0.1032
vn -0.380576 0.754432 -0.534785
vn -0.380576 0.754432 -0.534785
vn -0.380576 0.754432 -0.534785
vt 0.160641 0.015095
vt 0.160641 0.021593
vt 0.111493 0.015962
f 796/796/796 797/797/797 798/798/798
v 0.027 6.7598 0.1196
v 0.027 6.7547 0.1101
v 0 6.7643 0.1043
vn 0.383196 0.81382 -0.436873
vn 0.383196 0.81382 -0.436873
vn 0.383196 0.81382 -0.436873
vt 0.209789 0.002514
vt 0.209789 0.010258
vt 0.160641 0.015095
f 799/799/799 800/800/800 801/801/801
v 0.0382 6.735 0.1306
v 0.0382 6.7317 0.1243
v 0.027 6.7547 0.1101
vn 0.923498 0.339803 -0.178002
vn 0.923498 0.339803 -0.178002
vn 0.923498 0.339803 -0.178002
vt 0.193563 -0.917059
vt 0.188346 -0.952253
vt 0.252457 -1.02458
f 802/802/802 803/803/803 804/804/804
v 0.027 6.7103 0.1416
v 0.027 6.7086 0.1384
v 0.0382 6.7317 0.1243
vn 0.923758 -0.338216 0.179669
vn 0.923758 -0.338216 0.179669
vn 0.923758 -0.338216 0.179669
vt 0.126871 -0.86217
vt 0.124235 -0.87993
vt 0.188346 -0.952253
f 805/805/805 806/806/806 807/807/807
v 0 6.7001 0.1462
v 0 6.6991 0.1443
v 0.027 6.7086 0.1384
vn 0.381832 -0.817883 0.430433
vn 0.381832 -0.817883 0.430433
vn 0.381832 -0.817883 0.430433
vt 0.175441 -1.49229
vt 0.175441 -1.4948
vt 0.255074 -1.50261
f 808/808/808 809/809/809 810/810/810
v -0.027 6.7103 0.1416
v -0.027 6.7086 0.1384
v 0 6.6991 0.1443
vn -0.381919 -0.816179 0.433577
vn -0.381919 -0.816179 0.433577
vn -0.381919 -0.816179 0.433577
vt 0.095808 -1.49839
vt 0.095808 -1.50261
vt 0.175441 -1.4948
f 811/811/811 812/812/812 813/813/813
v -0.0382 6.735 0.1306
v -0.0382 6.7317 0.1243
v -0.027 6.7086 0.1384
vn -0.923709 -0.339353 0.177767
vn -0.923709 -0.339353 0.177767
vn -0.923709 -0.339353 0.177767
vt 0.175567 5.25374
vt 0.170965 5.28679
vt 0.110247 5.2195
f 814/814/814 815/815/815 816/816/816
v -0.027 6.7598 0.1196
v -0.027 6.7547 0.1101
v -0.0382 6.7317 0.1243
vn -0.923589 0.337791 -0.181332
vn -0.923589 0.337791 -0.181332
vn -0.923589 0.337791 -0.181332
vt 0.238541 5.30464
vt 0.231664 5.35408
vt 0.170965 5.28679
f 817/817/817 818/818/818 819/819/819
v 0 6.77 0.115
v 0 6.7643 0.1043
v -0.027 6.7547 0.1101
vn -0.383141 0.815228 -0.434289
vn -0.383141 0.815228 -0.434289
vn -0.383141 0.815228 -0.434289
vt 0.160641 0.006286
vt 0.160641 0.015095
vt 0.111493 0.010258
f 820/820/820 821/821/821 822/822/822
v 0.027 6.7751 0.1617
v 0.027 6.7598 0.1196
v 0 6.77 0.115
vn 0.381924 0.86861 -0.315676
vn 0.381924 0.86861 -0.315676
vn 0.381924 0.86861 -0.315676
vt 0.209789 -0.032194
vt 0.209789 0.002514
vt 0.160641 0.006286
f 823/823/823 824/824/824 825/825/825
v 0.0382 6.7493 0.1699
v 0.0382 6.735 0.1306
v 0.027 6.7598 0.1196
vn 0.924015 0.35931 -0.13074
vn 0.924015 0.35931 -0.13074
vn 0.924015 0.35931 -0.13074
vt 0.209464 -0.698446
vt 0.193563 -0.917059
vt 0.260254 -0.971928
f 826/826/826 827/827/827 828/828/828
v 0.027 6.7236 0.1781
v 0.027 6.7103 0.1416
v 0.0382 6.735 0.1306
vn 0.92355 -0.360305 0.131288
vn 0.92355 -0.360305 0.131288
vn 0.92355 -0.360305 0.131288
vt 0.141689 -0.659314
vt 0.126871 -0.86217
vt 0.193563 -0.917059
f 829/829/829 830/830/830 831/831/831
v 0 6.713 0.1815
v 0 6.7001 0.1462
v 0.027 6.7103 0.1416
vn 0.381967 -0.868032 0.31721
vn 0.381967 -0.868032 0.31721
vn 0.381967 -0.868032 0.31721
vt 0.175441 -1.44518
vt 0.175441 -1.49229
vt 0.255074 -1.49839
f 832/832/832 833/833/833 834/834/834
v -0.027 6.7236 0.1781
v -0.027 6.7103 0.1416
v 0 6.7001 0.1462
vn -0.381945 -0.868335 0.316406
vn -0.381945 -0.868335 0.316406
vn -0.381945 -0.868335 0.316406
vt 0.095808 -1.44971
vt 0.095808 -1.49839
vt 0.175441 -1.49229
f 835/835/835 836/836/836 837/837/837
v -0.0382 6.7493 0.1699
v -0.0382 6.735 0.1306
v -0.027 6.7103 0.1416
vn -0.923545 -0.360374 0.131127
vn -0.923545 -0.360374 0.131127
vn -0.923545 -0.360374 0.131127
vt 0.188671 5.04863
vt 0.175567 5.25374
vt 0.112576 5.20283
f 838/838/838 839/839/839 840/840/840
v -0.027 6.7751 0.1617
v -0.027 6.7598 0.1196
v -0.0382 6.735 0.1306
vn -0.924011 0.359369 -0.130604
vn -0.924011 0.359369 -0.130604
vn -0.924011 0.359369 -0.130604
vt 0.252547 5.08477
vt 0.238541 5.30464
vt 0.175567 5.25374
f 841/841/841 842/842/842 843/843/843
v 0 6.7857 0.1583
v 0 6.77 0.115
v -0.027 6.7598 0.1196
vn -0.381906 0.868852 -0.315031
vn -0.381906 0.868852 -0.315031
vn -0.381906 0.868852 -0.315031
vt 0.160641 -0.029397
vt 0.160641 0.006286
vt 0.111493 0.002514
f 844/844/844 845/845/845 846/846/846
v 0.027 6.7938 0.23
v 0.027 6.7751 0.1617
v 0 6.7857 0.1583
vn 0.380854 0.891814 -0.244167
vn 0.380854 0.891814 -0.244167
vn 0.380854 0.891814 -0.244167
vt 0.209789 -0.088399
vt 0.209789 -0.032194
vt 0.160641 -0.029397
f 847/847/847 848/848/848 849/849/849
v 0.0382 6.7676 0.2362
v 0.0382 6.7493 0.1699
v 0.027 6.7751 0.1617
vn 0.923944 0.36874 -0.101779
vn 0.923944 0.36874 -0.101779
vn 0.923944 0.36874 -0.101779
vt 0.221737 -0.331523
vt 0.209464 -0.698446
vt 0.277239 -0.737595
f 850/850/850 851/851/851 852/852/852
v 0.027 6.7413 0.2423
v 0.027 6.7236 0.1781
v 0.0382 6.7493 0.1699
vn 0.923457 -0.3699 0.101983
vn 0.923457 -0.3699 0.101983
vn 0.923457 -0.3699 0.101983
vt 0.153583 -0.303655
vt 0.141689 -0.659314
vt 0.209464 -0.698446
f 853/853/853 854/854/854 855/855/855
v 0 6.7304 0.2449
v 0 6.713 0.1815
v 0.027 6.7236 0.1781
vn 0.380876 -0.891654 0.244716
vn 0.380876 -0.891654 0.244716
vn 0.380876 -0.891654 0.244716
vt 0.175441 -1.36065
vt 0.175441 -1.44518
vt 0.255074 -1.44971
f 856/856/856 857/857/857 858/858/858
v -0.027 6.7413 0.2423
v -0.027 6.7236 0.1781
v 0 6.713 0.1815
vn -0.380892 -0.891363 0.245752
vn -0.380892 -0.891363 0.245752
vn -0.380892 -0.891363 0.245752
vt 0.095808 -1.36407
vt 0.095808 -1.44971
vt 0.175441 -1.44518
f 859/859/859 860/860/860 861/861/861
v -0.0382 6.7676 0.2362
v -0.0382 6.7493 0.1699
v -0.027 6.7236 0.1781
vn -0.923459 -0.369866 0.10209
vn -0.923459 -0.369866 0.10209
vn -0.923459 -0.369866 0.10209
vt 0.197154 4.70447
vt 0.188671 5.04863
vt 0.124795 5.0125
f 862/862/862 863/863/863 864/864/864
v -0.027 6.7938 0.23
v -0.027 6.7751 0.1617
v -0.0382 6.7493 0.1699
vn -0.923933 0.368976 -0.101021
vn -0.923933 0.368976 -0.101021
vn -0.923933 0.368976 -0.101021
vt 0.261301 4.73005
vt 0.252547 5.08477
vt 0.188671 5.04863
f 865/865/865 866/866/866 867/867/867
v 0 6.8047 0.2274
v 0 6.7857 0.1583
v -0.027 6.7751 0.1617
vn -0.380869 0.89154 -0.245142
vn -0.380869 0.89154 -0.245142
vn -0.380869 0.89154 -0.245142
vt 0.160641 -0.086288
vt 0.160641 -0.029397
vt 0.111493 -0.032194
f 868/868/868 869/869/869 870/870/870
v 0.027 7.0385 1.4871
v 0.027 6.7938 0.23
v 0 6.8047 0.2274
vn 0.38304 0.906714 -0.176496
vn 0.38304 0.906714 -0.176496
vn 0.38304 0.906714 -0.176496
vt 0.209789 -1.1232
vt 0.209789 -0.088399
vt 0.160641 -0.086288
f 871/871/871 872/872/872 873/873/873
v 0.0382 7.012 1.4922
v 0.0382 6.7676 0.2362
v 0.027 6.7938 0.23
vn 0.923187 0.377275 -0.0734124
vn 0.923187 0.377275 -0.0734124
vn 0.923187 0.377275 -0.0734124
vt 0.203977 6.60293
vt 0.221737 -0.331523
vt 0.289891 -0.359391
f 874/874/874 875/875/875 876/876/876
v 0.027 6.9855 1.4974
v 0.027 6.7413 0.2423
v 0.0382 6.7676 0.2362
vn 0.923587 -0.376332 0.0732214
vn 0.923587 -0.376332 0.0732214
vn 0.923587 -0.376332 0.0732214
vt 0.135769 6.62522
vt 0.153583 -0.303655
vt 0.221737 -0.331523
f 877/877/877 878/878/878 879/879/879
v 0 6.9745 1.4995
v 0 6.7304 0.2449
v 0.027 6.7413 0.2423
vn 0.383039 -0.906729 0.176417
vn 0.383039 -0.906729 0.176417
vn 0.383039 -0.906729 0.176417
vt 0.175441 0.312746
vt 0.175441 -1.36065
vt 0.255074 -1.36407
f 880/880/880 881/881/881 882/882/882
v -0.027 6.9855 1.4974
v -0.027 6.7413 0.2423
v 0 6.7304 0.2449
vn -0.383039 -0.906729 0.176419
vn -0.383039 -0.906729 0.176419
vn -0.383039 -0.906729 0.176419
vt 0.095808 0.309893
vt 0.095808 -1.36407
vt 0.175441 -1.36065
f 883/883/883 884/884/884 885/885/885
v -0.0382 7.012 1.4922
v -0.0382 6.7676 0.2362
v -0.027 6.7413 0.2423
vn -0.923587 -0.376331 0.0732287
vn -0.923587 -0.376331 0.0732287
vn -0.923587 -0.376331 0.0732287
vt 0.123459 -1.79763
vt 0.197154 4.70447
vt 0.133025 4.67891
f 886/886/886 887/887/887 888/888/888
v -0.027 7.0385 1.4871
v -0.027 6.7938 0.23
v -0.0382 6.7676 0.2362
vn -0.923187 0.377269 -0.0734371
vn -0.923187 0.377269 -0.0734371
vn -0.923187 0.377269 -0.0734371
vt 0.187588 -1.77727
vt 0.261301 4.73005
vt 0.197154 4.70447
f 889/889/889 890/890/890 891/891/891
v 0 7.0494 1.4849
v 0 6.8047 0.2274
v -0.027 6.7938 0.23
vn -0.383039 0.906724 -0.176442
vn -0.383039 0.906724 -0.176442
vn -0.383039 0.906724 -0.176442
vt 0.160641 -1.12145
vt 0.160641 -0.086288
vt 0.111493 -0.088399
f 892/892/892 893/893/893 894/894/894
v 0.027 6.3188 -0.0133
v 0 5.9589 -0.0361
v 0 6.3196 -0.0245
vn 0.383739 0.0296822 -0.922964
vn 0.383739 0.0296822 -0.922964
vn 0.383739 0.0296822 -0.922964
vt 0.061857 -0.550964
vt 0.164088 -1.1672
vt 0.164088 -0.549665
f 895/895/895 896/896/896 897/897/897
v 0 6.6991 0.1443
v 0.027 6.7071 0.1362
v 0.027 6.7086 0.1384
vn 0.382364 -0.763424 0.520559
vn 0.382364 -0.763424 0.520559
vn 0.382364 -0.763424 0.520559
vt 0.175441 -1.4948
vt 0.255074 -1.50554
vt 0.255074 -1.50261
f 898/898/898 899/899/899 900/900/900
v -0.027 6.7086 0.1384
v 0 6.6982 0.1431
v 0 6.6991 0.1443
vn -0.381408 -0.739588 0.55456
vn -0.381408 -0.739588 0.55456
vn -0.381408 -0.739588 0.55456
vt 0.095808 -1.50261
vt 0.175441 -1.49642
vt 0.175441 -1.4948
f 901/901/901 902/902/902 903/903/903
v 0 6.3144 0.0517
v 0.027 5.9568 0.029
v 0.027 6.3152 0.0406
vn 0.38082 -0.0299116 0.924165
vn 0.38082 -0.0299116 0.924165
vn 0.38082 -0.0299116 0.924165
vt 0.210186 -0.428158
vt 0.279387 -0.842606
vt 0.279387 -0.427273
f 904/904/904 905/905/905 906/906/906
v -0.027 6.3152 0.0406
v 0 5.9565 0.0402
v 0 6.3144 0.0517
vn -0.380817 -0.0296954 0.924173
vn -0.380817 -0.0296954 0.924173
vn -0.380817 -0.0296954 0.924173
vt 0.140985 -0.427273
vt 0.210186 -0.843021
vt 0.210186 -0.428158
f 907/907/907 908/908/908 909/909/909
v -0.14 0 0.14
v -0.14 0 0.105
v -0.175 0 0.14
vn -0 1 0
vn -0 1 0
vn -0 1 0
vt 0.11781 -1.8138
vt 0.11781 -1.81019
vt 0.109832 -1.8138
f 910/910/910 911/911/911 912/912/912
v -0.105 0 0.105
v -0.175 0 0.035
v -0.14 0 0.105
vn -0 1 0
vn -0 1 0
vn -0 1 0
vt 0.12577 -1.81019
vt 0.109832 -1.80299
vt 0.11781 -1.81019
f 913/913/913 914/914/914 915/915/915
v -0.105 0 -0.105
v -0.175 0 0
v -0.105 0 0.105
vn 0 1 0
vn 0 1 0
vn 0 1 0
vt 0.149667 -1.81739
vt 0.109832 -1.79938
vt 0.12577 -1.81019
f 916/916/916 917/917/917 918/918/918
v -0.14 0 -0.105
v -0.175 0 -0.07
v -0.105 0 -0.105
vn 0 1 0
vn 0 1 0
vn 0 1 0
vt 0.165604 -1.8138
vt 0.157644 -1.8138
vt 0.149667 -1.81739
f 919/919/919 920/920/920 921/921/921
v -0.14 0 -0.105
v -0.14 0 -0.14
v -0.175 0 -0.105
vn -0 1 0
vn -0 1 0
vn -0 1 0
vt 0.165604 -1.8138
vt 0.181542 -1.8138
vt 0.165604 -1.8138
f 922/922/922 923/923/923 924/924/924
v -0.14 0 -0.14
v -0.14 0 -0.175
v -0.175 0 -0.14
vn -0 1 0
vn -0 1 0
vn -0 1 0
vt 0.181542 -1.8138
vt 0.109832 -1.81019
vt 0.173564 -1.8138
f 925/925/925 926/926/926 927/927/927
v -0.105 0 -0.14
v -0.105 0 -0.175
v -0.14 0 -0.14
vn -0 1 0
vn -0 1 0
vn -0 1 0
vt 0.133729 -1.81019
vt 0.12577 -1.8138
vt 0.181542 -1.8138
f 928/928/928 929/929/929 930/930/930
v -0.105 0.0245 0.14
v -0.105 0.0245 0.105
v -0.14 0.0245 0.14
vn -0 1 0
vn -0 1 0
vn -0 1 0
vt -1.64815 -2.41625
vt 0.184376 -1.73906
vt 0.176398 -1.74267
f 931/931/931 932/932/932 933/933/933
v -0.105 0 -0.105
v -0.035 0 -0.175
v -0.105 0 -0.14
vn -0 1 -0
vn -0 1 -0
vn -0 1 -0
vt 0.149667 -1.81739
vt 0.141707 -1.81019
vt 0.133729 -1.81019
f 934/934/934 935/935/935 936/936/936
v 0.105 0 -0.105
v 0 0 -0.175
v -0.105 0 -0.105
vn -0 1 0
vn -0 1 0
vn -0 1 0
vt 0.141707 -1.81019
vt 0.149667 -1.81019
vt 0.149667 -1.81739
f 937/937/937 938/938/938 939/939/939
v 0.105 0 -0.14
v 0.035 0 -0.175
v 0.105 0 -0.105
vn -0 1 0
vn -0 1 0
vn -0 1 0
vt 0.165604 -1.81019
vt 0.157644 -1.81019
vt 0.141707 -1.81019
f 940/940/940 941/941/941 942/942/942
v 0.14 0 -0.14
v 0.14 0 -0.175
v 0.105 0 -0.14
vn -0 1 0
vn -0 1 0
vn -0 1 0
vt 0.109832 -1.81019
vt 0.189501 -1.81019
vt 0.165604 -1.81019
f 943/943/943 944/944/944 945/945/945
v 0.14 0.0245 0.14
v 0.14 0.0245 0.105
v 0.105 0.0245 0.14
vn -0 1 0
vn -0 1 0
vn -0 1 0
vt -1.64815 -2.41625
vt 0.184376 -1.7481
vt 0.176398 -1.75169
f 946/946/946 947/947/947 948/948/948
v 0.175 0 -0.14
v 0.175 0 -0.175
v 0.14 0 -0.14
vn -0 1 0
vn -0 1 0
vn -0 1 0
vt 0.11781 -1.81019
vt 0.11781 -1.80658
vt 0.109832 -1.81019
f 949/949/949 950/950/950 951/951/951
v 0.14 0 -0.14
v 0.14 0 -0.105
v 0.175 0 -0.14
vn 0 1 0
vn 0 1 0
vn 0 1 0
vt 0.109832 -1.81019
vt 0.12577 -1.80658
vt 0.11781 -1.81019
f 952/952/952 953/953/953 954/954/954
v 0.105 0 -0.105
v 0.175 0 -0.035
v 0.14 0 -0.105
vn 0 1 -0
vn 0 1 -0
vn 0 1 -0
vt 0.141707 -1.81019
vt 0.141707 -1.80658
vt 0.12577 -1.80658
f 955/955/955 956/956/956 957/957/957
v 0.105 0 0.105
v 0.175 0 0
v 0.105 0 -0.105
vn 0 1 -0
vn 0 1 -0
vn 0 1 -0
vt 0.173564 -1.81019
vt 0.189501 -1.79938
vt 0.141707 -1.81019
f 958/958/958 959/959/959 960/960/960
v 0.14 0 0.105
v 0.175 0 0.07
v 0.105 0 0.105
vn -0 1 -0
vn -0 1 -0
vn -0 1 -0
vt 0.181542 -1.81019
vt 0.189501 -1.80658
vt 0.173564 -1.81019
f 961/961/961 962/962/962 963/963/963
v 0.14 0 0.105
v 0.14 0 0.14
v 0.175 0 0.105
vn 0 1 0
vn 0 1 0
vn 0 1 0
vt 0.181542 -1.81019
vt 0.181542 -1.8138
vt 0.189501 -1.81019
f 964/964/964 965/965/965 966/966/966
v 0.14 0 0.14
v 0.14 0 0.175
v 0.175 0 0.14
vn 0 1 0
vn 0 1 0
vn 0 1 0
vt 0.181542 -1.8138
vt 0.181542 -1.81739
vt 0.189501 -1.8138
f 967/967/967 968/968/968 969/969/969
v 0.14 0 0.14
v 0.105 0 0.14
v 0.14 0 0.175
vn -0 1 0
vn -0 1 0
vn -0 1 0
vt 0.181542 -1.8138
vt 0.173564 -1.8138
vt 0.181542 -1.81739
f 970/970/970 971/971/971 972/972/972
v 0.105 0 0.105
v 0.035 0 0.175
v 0.105 0 0.14
vn 0 1 0
vn 0 1 0
vn 0 1 0
vt 0.173564 -1.81019
vt 0.157644 -1.81739
vt 0.173564 -1.8138
f 973/973/973 974/974/974 975/975/975
v -0.105 0 0.105
v 0 0 0.175
v 0.105 0 0.105
vn 0 1 0
vn 0 1 0
vn 0 1 0
vt 0.12577 -1.81019
vt 0.149667 -1.81739
vt 0.173564 -1.81019
f 976/976/976 977/977/977 978/978/978
v -0.105 0 0.14
v -0.07 0 0.175
v -0.105 0 0.105
vn 0 1 -0
vn 0 1 -0
vn 0 1 -0
vt 0.12577 -1.8138
vt 0.133729 -1.81739
vt 0.12577 -1.81019
f 979/979/979 980/980/980 981/981/981
v -0.105 0 0.14
v -0.14 0 0.14
v -0.105 0 0.175
vn -0 1 0
vn -0 1 0
vn -0 1 0
vt 0.12577 -1.8138
vt 0.11781 -1.8138
vt 0.12577 -1.81739
f 982/982/982 983/983/983 984/984/984
v -0.175 0 0.14
v -0.175 0 0.175
v -0.14 0 0.14
vn 0 1 0
vn 0 1 0
vn 0 1 0
vt 0.109832 -1.8138
vt 0.109832 -1.81739
vt 0.11781 -1.8138
f 985/985/985 986/986/986 987/987/987
v 0.105 0 0.105
v 0.105 0 -0.105
v -0.105 0 0.105
vn -0 1 0
vn -0 1 0
vn -0 1 0
vt 0.173564 -1.81019
vt 0.141707 -1.81019
vt 0.12577 -1.81019
f 988/988/988 989/989/989 990/990/990
v -0.105 0.0245 -0.105
v -0.105 0.0245 -0.14
v -0.14 0.0245 -0.105
vn -0 1 0
vn -0 1 0
vn -0 1 0
vt -1.64815 -2.41625
vt 0.184376 -1.75713
vt 0.176398 -1.76073
f 991/991/991 992/992/992 993/993/993
v 0.14 0.0245 -0.105
v 0.14 0.0245 -0.14
v 0.105 0.0245 -0.105
vn -0 1 0
vn -0 1 0
vn -0 1 0
vt -1.64815 -2.41625
vt 0.184376 -1.76617
vt 0.176398 -1.76978
f 994/994/994 995/995/995 996/996/996
v -0.105 0 0.14
v -0.105 0.0245 0.14
v -0.14 0 0.14
vn -0 0 1
vn -0 0 1
vn -0 0 1
vt 0.171795 -1.771
vt 0.171795 -1.7573
vt 0.128477 -1.771
f 997/997/997 998/998/998 999/999/999
v -0.105 0 0.105
v -0.105 0.0245 0.105
v -0.105 0 0.14
vn 1 0 0
vn 1 0 0
vn 1 0 0
vt 0.085303 -1.81115
vt 0.085303 -1.80382
vt 0.062092 -1.81115
f 1000/1000/1000 1001/1001/1001 1002/1002/1002
v -0.14 0 0.105
v -0.14 0.0245 0.105
v -0.105 0 0.105
vn -0 -0 -1
vn -0 -0 -1
vn -0 -0 -1
vt 0.280433 -1.771
vt 0.280433 -1.7573
vt 0.237115 -1.771
f 1003/1003/1003 1004/1004/1004 1005/1005/1005
v -0.14 0 0.14
v -0.14 0.0245 0.14
v -0.14 0 0.105
vn -1 0 0
vn -1 0 0
vn -1 0 0
vt 0.143494 -1.81115
vt 0.143494 -1.80382
vt 0.120283 -1.81115
f 1006/1006/1006 1007/1007/1007 1008/1008/1008
v 0.14 0 0.14
v 0.14 0.0245 0.14
v 0.105 0 0.14
vn -0 0 1
vn -0 0 1
vn -0 0 1
vt 0.201685 -1.81115
vt 0.201685 -1.80382
vt 0.178473 -1.81115
f 1009/1009/1009 1010/1010/1010 1011/1011/1011
v 0.14 0 0.105
v 0.14 0.0245 0.105
v 0.14 0 0.14
vn 1 0 0
vn 1 0 0
vn 1 0 0
vt 0.171795 -1.81427
vt 0.171795 -1.80055
vt 0.128477 -1.81427
f 1012/1012/1012 1013/1013/1013 1014/1014/1014
v 0.105 0 0.105
v 0.105 0.0245 0.105
v 0.14 0 0.105
vn -0 -0 -1
vn -0 -0 -1
vn -0 -0 -1
vt 0.259875 -1.81115
vt 0.259875 -1.80382
vt 0.236664 -1.81115
f 1015/1015/1015 1016/1016/1016 1017/1017/1017
v 0.105 0 0.14
v 0.105 0.0245 0.14
v 0.105 0 0.105
vn -1 0 0
vn -1 0 0
vn -1 0 0
vt 0.280433 -1.81427
vt 0.280433 -1.80055
vt 0.237115 -1.81427
f 1018/1018/1018 1019/1019/1019 1020/1020/1020
v -0.105 0 -0.105
v -0.105 0.0245 -0.105
v -0.14 0 -0.105
vn -0 0 1
vn -0 0 1
vn -0 0 1
vt -1.64815 -2.41625
vt 0.190079 -1.76045
vt 0.140444 -1.77615
f 1021/1021/1021 1022/1022/1022 1023/1023/1023
v -0.105 0 -0.14
v -0.105 0.0245 -0.14
v -0.105 0 -0.105
vn 1 0 0
vn 1 0 0
vn 1 0 0
vt -1.64815 -2.41625
vt 0.209482 -1.82282
vt 0.201522 -1.82535
f 1024/1024/1024 1025/1025/1025 1026/1026/1026
v -0.14 0 -0.14
v -0.14 0.0245 -0.14
v -0.105 0 -0.14
vn -0 -0 -1
vn -0 -0 -1
vn -0 -0 -1
vt -1.64815 -2.41625
vt 0.190079 -1.81001
vt 0.140444 -1.82573
f 1027/1027/1027 1028/1028/1028 1029/1029/1029
v -0.14 0 -0.105
v -0.14 0.0245 -0.105
v -0.14 0 -0.14
vn -1 0 0
vn -1 0 0
vn -1 0 0
vt -1.64815 -2.41625
vt 0.209482 -1.83078
vt 0.201522 -1.83331
f 1030/1030/1030 1031/1031/1031 1032/1032/1032
v 0.14 0 -0.105
v 0.14 0.0245 -0.105
v 0.105 0 -0.105
vn -0 0 1
vn -0 0 1
vn -0 0 1
vt -1.64815 -2.41625
vt 0.209482 -1.83874
vt 0.201522 -1.84127
f 1033/1033/1033 1034/1034/1034 1035/1035/1035
v 0.14 0 -0.14
v 0.14 0.0245 -0.14
v 0.14 0 -0.105
vn 1 0 0
vn 1 0 0
vn 1 0 0
vt -1.64815 -2.41625
vt 0.209482 -1.85466
vt 0.201522 -1.85717
f 1036/1036/1036 1037/1037/1037 1038/1038/1038
v 0.105 0 -0.14
v 0.105 0.0245 -0.14
v 0.14 0 -0.14
vn -0 -0 -1
vn -0 -0 -1
vn -0 -0 -1
vt -1.64815 -2.41625
vt 0.209482 -1.8467
vt 0.201522 -1.84921
f 1039/1039/1039 1040/1040/1040 1041/1041/1041
v 0.105 0 -0.105
v 0.105 0.0245 -0.105
v 0.105 0 -0.14
vn -1 0 0
vn -1 0 0
vn -1 0 0
vt -1.64815 -2.41625
vt 0.209482 -1.8626
vt 0.201522 -1.86513
f 1042/1042/1042 1043/1043/1043 1044/1044/1044
v 0.0923 7.0116 2.0647
v 0.0923 7.103 2.0578
v -0.0923 7.0116 2.0647
vn 0 0.0752762 0.997163
vn 0 0.0752762 0.997163
vn 0 0.0752762 0.997163
vt 0.177753 0.120606
vt 0.242437 0.123576
vt 0.16447 0.409843
f 1045/1045/1045 1046/1046/1046 1047/1047/1047
v 0.1198 6.9527 1.6999
v 0.0635 6.9731 1.4878
v 0.1198 7.1065 1.6883
vn 0.96588 -0.0194785 -0.258257
vn 0.96588 -0.0194785 -0.258257
vn 0.96588 -0.0194785 -0.258257
vt 0.21532 0.398032
vt 0.230147 0.232435
vt 0.270166 0.391455
f 1048/1048/1048 1049/1049/1049 1050/1050/1050
v -0.0635 6.9731 1.4878
v -0.0635 7.0546 1.4817
v 0.0635 6.9731 1.4878
vn 0 -0.074639 -0.997211
vn 0 -0.074639 -0.997211
vn 0 -0.074639 -0.997211
vt 0.019399 0.354225
vt 0.016319 0.354031
vt 0.028273 0.213525
f 1051/1051/1051 1052/1052/1052 1053/1053/1053
v -0.1198 6.9527 1.6999
v -0.1198 6.978 2.0351
v -0.1198 7.1065 1.6883
vn -1 -0 0
vn -1 -0 0
vn -1 -0 0
vt 0.148185 0.414006
vt 0.169797 0.14435
vt 0.203784 0.425925
f 1054/1054/1054 1055/1055/1055 1056/1056/1056
v 0.1198 7.1318 2.0235
v 0.1198 7.1065 1.6883
v -0.1198 7.1318 2.0235
vn 0 0.997164 -0.0752633
vn 0 0.997164 -0.0752633
vn 0 0.997164 -0.0752633
vt 0.054624 0.131981
vt 0.222755 0.139702
vt 0.042419 0.397725
f 1057/1057/1057 1058/1058/1058 1059/1059/1059
v 0.0635 6.9731 1.4878
v 0.1198 6.9527 1.6999
v -0.0635 6.9731 1.4878
vn 0 -0.995406 -0.0957394
vn 0 -0.995406 -0.0957394
vn 0 -0.995406 -0.0957394
vt 0.028273 0.213525
vt 0.138438 0.157824
vt 0.019399 0.354225
f 1060/1060/1060 1061/1061/1061 1062/1062/1062
v 0.1198 7.1065 1.6883
v 0.1198 7.1318 2.0235
v 0.1198 6.9527 1.6999
vn 1 -0 0
vn 1 -0 0
vn 1 -0 0
vt 0.270166 0.391455
vt 0.267068 0.654237
vt 0.21532 0.398032
f 1063/1063/1063 1064/1064/1064 1065/1065/1065
v -0.1198 7.1065 1.6883
v -0.0635 7.0546 1.4817
v -0.1198 6.9527 1.6999
vn -0.965865 -0.0194825 -0.258311
vn -0.965865 -0.0194825 -0.258311
vn -0.965865 -0.0194825 -0.258311
vt 0.203784 0.425925
vt 0.177222 0.591468
vt 0.148185 0.414006
f 1066/1066/1066 1067/1067/1067 1068/1068/1068
v 0.1198 7.1065 1.6883
v 0.0635 7.0546 1.4817
v -0.1198 7.1065 1.6883
vn 0 0.969865 -0.243642
vn 0 0.969865 -0.243642
vn 0 0.969865 -0.243642
vt 0.222755 0.139702
vt 0.32348 0.206919
vt 0.21055 0.405447
f 1069/1069/1069 1070/1070/1070 1071/1071/1071
v 0.0912 6.9295 1.739
v 0.0912 6.9491 1.9999
v -0.0912 6.9295 1.739
vn 0 -0.99719 0.0749131
vn 0 -0.99719 0.0749131
vn 0 -0.99719 0.0749131
vt 0.560478 0.636413
vt 0.55758 0.450973
vt 0.789271 0.639566
f 1072/1072/1072 1073/1073/1073 1074/1074/1074
v 0.1198 6.978 2.0351
v 0.1155 6.9839 2.0473
v -0.1198 6.978 2.0351
vn 0 -0.900257 0.435359
vn 0 -0.900257 0.435359
vn 0 -0.900257 0.435359
vt 0.306412 0.168418
vt 0.312193 0.173641
vt 0.289668 0.433915
f 1075/1075/1075 1076/1076/1076 1077/1077/1077
v 0.1198 7.1318 2.0235
v 0.1155 7.1278 2.0364
v 0.1198 6.978 2.0351
vn 0.946113 0.0243555 0.32292
vn 0.946113 0.0243555 0.32292
vn 0.946113 0.0243555 0.32292
vt 0.267068 0.654237
vt 0.265176 0.664263
vt 0.212217 0.660817
f 1078/1078/1078 1079/1079/1079 1080/1080/1080
v -0.1198 7.1318 2.0235
v -0.1155 7.1278 2.0364
v 0.1198 7.1318 2.0235
vn 0 0.955133 0.296177
vn 0 0.955133 0.296177
vn 0 0.955133 0.296177
vt 0.042419 0.397725
vt 0.036176 0.392584
vt 0.054624 0.131981
f 1081/1081/1081 1082/1082/1082 1083/1083/1083
v -0.1198 6.978 2.0351
v -0.1155 6.9839 2.0473
v -0.1198 7.1318 2.0235
vn -0.946479 0.024275 0.321852
vn -0.946479 0.024275 0.321852
vn -0.946479 0.024275 0.321852
vt 0.169797 0.14435
vt 0.172403 0.134666
vt 0.225401 0.15627
f 1084/1084/1084 1085/1085/1085 1086/1086/1086
v -0.1061 7.1182 2.0513
v -0.1155 7.1278 2.0364
v -0.1061 6.9956 2.0606
vn -0.832614 0.0418931 0.552267
vn -0.832614 0.0418931 0.552267
vn -0.832614 0.0418931 0.552267
vt 0.221473 0.133655
vt 0.224411 0.145814
vt 0.177161 0.124153
f 1087/1087/1087 1088/1088/1088 1089/1089/1089
v -0.1061 6.9956 2.0606
v -0.1155 6.9839 2.0473
v 0.1061 6.9956 2.0606
vn 0 -0.75082 0.660507
vn 0 -0.75082 0.660507
vn 0 -0.75082 0.660507
vt 0.303374 0.419501
vt 0.29606 0.429458
vt 0.318199 0.18444
f 1090/1090/1090 1091/1091/1091 1092/1092/1092
v -0.0923 7.0116 2.0647
v -0.1061 6.9956 2.0606
v 0.0923 7.0116 2.0647
vn 0 -0.248224 0.968703
vn 0 -0.248224 0.968703
vn 0 -0.248224 0.968703
vt 0.16447 0.409843
vt 0.152128 0.430865
vt 0.177753 0.120606
f 1093/1093/1093 1094/1094/1094 1095/1095/1095
v 0.0923 7.103 2.0578
v 0.1061 7.1182 2.0513
v -0.0923 7.103 2.0578
vn 0 0.393197 0.919454
vn 0 0.393197 0.919454
vn 0 0.393197 0.919454
vt 0.242437 0.123576
vt 0.254222 0.102529
vt 0.229154 0.412814
f 1096/1096/1096 1097/1097/1097 1098/1098/1098
v 0.1061 7.1182 2.0513
v 0.1155 7.1278 2.0364
v -0.1061 7.1182 2.0513
vn 0 0.840623 0.54162
vn 0 0.840623 0.54162
vn 0 0.840623 0.54162
vt 0.039987 0.146573
vt 0.047936 0.136528
vt 0.029181 0.381853
f 1099/1099/1099 1100/1100/1100 1101/1101/1101
v 0.1061 6.9956 2.0606
v 0.1155 6.9839 2.0473
v 0.1061 7.1182 2.0513
vn 0.832898 0.0418609 0.551842
vn 0.832898 0.0418609 0.551842
vn 0.832898 0.0418609 0.551842
vt 0.217537 0.681008
vt 0.213872 0.670418
vt 0.261254 0.675768
f 1102/1102/1102 1103/1103/1103 1104/1104/1104
v 0.1198 6.978 2.0351
v -0.1198 6.978 2.0351
v 0.1084 6.9769 2.0203
vn 0 -0.997249 0.0741238
vn 0 -0.997249 0.0741238
vn 0 -0.997249 0.0741238
vt 0.306412 0.168418
vt 0.289668 0.433915
vt 0.298159 0.180638
f 1105/1105/1105 1106/1106/1106 1107/1107/1107
v 0.1084 6.9538 1.7147
v -0.1084 6.9538 1.7147
v 0.1198 6.9527 1.6999
vn 0 -0.997249 0.0741244
vn 0 -0.997249 0.0741244
vn 0 -0.997249 0.0741244
vt 0.14509 0.170985
vt 0.129947 0.4111
vt 0.138438 0.157824
f 1108/1108/1108 1109/1109/1109 1110/1110/1110
v 0.1084 6.9538 1.7147
v 0.1084 6.9473 1.7152
v -0.1084 6.9538 1.7147
vn 0 -0.0766881 -0.997055
vn 0 -0.0766881 -0.997055
vn 0 -0.0766881 -0.997055
vt 0.120758 0.591582
vt 0.118387 0.591473
vt 0.128776 0.416994
f 1111/1111/1111 1112/1112/1112 1113/1113/1113
v 0.1084 6.9769 2.0203
v 0.1084 6.9704 2.0208
v 0.1084 6.9538 1.7147
vn 1 -0 0
vn 1 -0 0
vn 1 -0 0
vt 0.183691 0.679071
vt 0.181367 0.679347
vt 0.186517 0.439606
f 1114/1114/1114 1115/1115/1115 1116/1116/1116
v -0.1084 6.9769 2.0203
v -0.1084 6.9704 2.0208
v 0.1084 6.9769 2.0203
vn 0 0.0767245 0.997052
vn 0 0.0767245 0.997052
vn 0 0.0767245 0.997052
vt 0.196569 0.398665
vt 0.194262 0.39856
vt 0.204358 0.229059
f 1117/1117/1117 1118/1118/1118 1119/1119/1119
v -0.1084 6.9538 1.7147
v -0.1084 6.9473 1.7152
v -0.1084 6.9769 2.0203
vn -1 0 -0
vn -1 0 -0
vn -1 0 -0
vt 0.206244 0.525399
vt 0.201666 0.52442
vt 0.244543 0.047597
f 1120/1120/1120 1121/1121/1121 1122/1122/1122
v 0.0912 6.9491 1.9999
v 0.1033 6.9561 2.0153
v -0.0912 6.9491 1.9999
vn 0 -0.910368 0.4138
vn 0 -0.910368 0.4138
vn 0 -0.910368 0.4138
vt 0.55758 0.450973
vt 0.542612 0.441155
vt 0.786455 0.451458
f 1123/1123/1123 1124/1124/1124 1125/1125/1125
v 0.1033 6.9561 2.0153
v 0.1084 6.9704 2.0208
v -0.1033 6.9561 2.0153
vn 0 -0.358986 0.933343
vn 0 -0.358986 0.933343
vn 0 -0.358986 0.933343
vt 0.542612 0.441155
vt 0.536446 0.437757
vt 0.801604 0.4421
f 1126/1126/1126 1127/1127/1127 1128/1128/1128
v -0.1033 6.9561 2.0153
v -0.1084 6.9704 2.0208
v -0.1033 6.934 1.7228
vn -0.938359 -0.344679 0.0260424
vn -0.938359 -0.344679 0.0260424
vn -0.938359 -0.344679 0.0260424
vt 0.801604 0.4421
vt 0.807884 0.438967
vt 0.804536 0.649878
f 1129/1129/1129 1130/1130/1130 1131/1131/1131
v 0.1033 6.934 1.7228
v 0.1084 6.9473 1.7152
v 0.1033 6.9561 2.0153
vn 0.938277 -0.344901 0.0260592
vn 0.938277 -0.344901 0.0260592
vn 0.938277 -0.344901 0.0260592
vt 0.545708 0.646342
vt 0.53962 0.650929
vt 0.542612 0.441155
f 1132/1132/1132 1133/1133/1133 1134/1134/1134
v -0.1033 6.934 1.7228
v -0.1084 6.9473 1.7152
v 0.1033 6.934 1.7228
vn 0 -0.496144 -0.86824
vn 0 -0.496144 -0.86824
vn 0 -0.496144 -0.86824
vt 0.804536 0.649878
vt 0.810838 0.654572
vt 0.545708 0.646342
f 1135/1135/1135 1136/1136/1136 1137/1137/1137
v -0.0912 6.9295 1.739
v -0.1033 6.934 1.7228
v 0.0912 6.9295 1.739
vn 0 -0.963519 -0.26764
vn 0 -0.963519 -0.26764
vn 0 -0.963519 -0.26764
vt 0.789271 0.639566
vt 0.804536 0.649878
vt 0.560478 0.636413
f 1138/1138/1138 1139/1139/1139 1140/1140/1140
v -0.0382 5.9577 0.002
v 0 5.9589 -0.0361
v 0 5.9565 0.0402
vn 4.73871e-005 -0.999506 -0.0314382
vn 4.73871e-005 -0.999506 -0.0314382
vn 4.73871e-005 -0.999506 -0.0314382
vt 0.161787 0.593732
vt 0.175737 0.587428
vt 0.175737 0.600037
f 1141/1141/1141 1142/1142/1142 1143/1143/1143
v -0.0382 7.012 1.4922
v 0 6.9745 1.4995
v -0.027 7.0385 1.4871
vn -0.00150726 0.189601 0.98186
vn -0.00150726 0.189601 0.98186
vn -0.00150726 0.189601 0.98186
vt 0.129246 0.568139
vt 0.116696 0.540052
vt 0.13805 0.559881
f 1144/1144/1144 1145/1145/1145 1146/1146/1146
v 0 0 0.11
v -0.11 0 0
v 0.11 0 0
vn 0 -1 0
vn 0 -1 0
vn 0 -1 0
vt 0.154716 0.645107
vt 0.114528 0.626933
vt 0.194905 0.626933
f 1147/1147/1147 1148/1148/1148 1149/1149/1149
v 0.0778 0 -0.0778
v 0.0271 6 -0.0271
v 0.11 0 0
vn 0.923932 0.0110385 -0.382398
vn 0.923932 0.0110385 -0.382398
vn 0.923932 0.0110385 -0.382398
vt 0.2515 -1.80696
vt 0.280452 7.14123
vt 0.233776 -1.79804
f 1150/1150/1150 1151/1151/1151 1152/1152/1152
v -0.0383 6 0
v 0 6 0.0383
v 0 6 -0.0383
vn 0 1 -0
vn 0 1 -0
vn 0 1 -0
vt 0.114528 0.593713
vt 0.128513 0.587389
vt 0.128513 0.600037
f 1153/1153/1153 1154/1154/1154 1155/1155/1155
v 0 0 -0.11
v 0 6 -0.0383
v 0.0778 0 -0.0778
vn 0.382398 0.011041 -0.923932
vn 0.382398 0.011041 -0.923932
vn 0.382398 0.011041 -0.923932
vt 0.234047 -1.81232
vt 0.293573 7.15052
vt 0.2515 -1.80696
f 1156/1156/1156 1157/1157/1157 1158/1158/1158
v -0.0778 0 -0.0778
v -0.0271 6 -0.0271
v 0 0 -0.11
vn -0.382398 0.0110385 -0.923932
vn -0.382398 0.0110385 -0.923932
vn -0.382398 0.0110385 -0.923932
vt 0.02242 -1.85616
vt 0.256031 13.9626
vt -0.000304 -1.85428
f 1159/1159/1159 1160/1160/1160 1161/1161/1161
v -0.11 0 0
v -0.0383 6 0
v -0.0778 0 -0.0778
vn -0.923932 0.011041 -0.382398
vn -0.923932 0.011041 -0.382398
vn -0.923932 0.011041 -0.382398
vt 0.103713 -1.82347
vt 0.285054 13.9481
vt 0.02242 -1.85616
f 1162/1162/1162 1163/1163/1163 1164/1164/1164
v -0.0778 0 0.0778
v -0.0271 6 0.0271
v -0.11 0 0
vn -0.923932 0.0110385 0.382398
vn -0.923932 0.0110385 0.382398
vn -0.923932 0.0110385 0.382398
vt 0.220113 -1.7411
vt 0.316785 13.9424
vt 0.103713 -1.82347
f 1165/1165/1165 1166/1166/1166 1167/1167/1167
v 0.0778 0 0.0778
v 0.0271 6 0.0271
v 0 0 0.11
vn 0.382398 0.0110385 0.923932
vn 0.382398 0.0110385 0.923932
vn 0.382398 0.0110385 0.923932
vt 0.072651 -1.53494
vt 0.164323 7.12345
vt 0.01363 -1.76445
f 1168/1168/1168 1169/1169/1169 1170/1170/1170
v 0 0 0.11
v 0 6 0.0383
v -0.0778 0 0.0778
vn -0.382398 0.011041 0.923932
vn -0.382398 0.011041 0.923932
vn -0.382398 0.011041 0.923932
vt 0.27038 -1.69547
vt 0.329094 13.9427
vt 0.220113 -1.7411
f 1171/1171/1171 1172/1172/1172 1173/1173/1173
v 0.11 0 0
v 0.0383 6 0
v 0.0778 0 0.0778
vn 0.923932 0.011041 0.382398
vn 0.923932 0.011041 0.382398
vn 0.923932 0.011041 0.382398
vt 0.233776 -1.79804
vt 0.233668 7.12632
vt 0.09884 -1.7831
f 1174/1174/1174 1175/1175/1175 1176/1176/1176
v 0.027 6.3188 -0.0133
v 0.0382 6.317 0.0136
v 0.027 5.9586 -0.025
vn 0.923402 0.0124611 -0.383631
vn 0.923402 0.0124611 -0.383631
vn 0.923402 0.0124611 -0.383631
vt 0.068301 -1.77425
vt 0.134289 -1.77339
vt 0.04675 -1.37484
f 1177/1177/1177 1178/1178/1178 1179/1179/1179
v 0.0382 6.317 0.0136
v 0.027 6.3152 0.0406
v 0.0382 5.9577 0.002
vn 0.923904 -0.0123466 0.382426
vn 0.923904 -0.0123466 0.382426
vn 0.923904 -0.0123466 0.382426
vt 0.134289 -1.77339
vt 0.200277 -1.77252
vt 0.112846 -1.37504
f 1180/1180/1180 1181/1181/1181 1182/1182/1182
v -0.027 6.3152 0.0406
v -0.0382 6.317 0.0136
v -0.027 5.9568 0.029
vn -0.923904 -0.0123776 0.382424
vn -0.923904 -0.0123776 0.382424
vn -0.923904 -0.0123776 0.382424
vt 0.133404 4.56013
vt 0.237801 4.56488
vt 0.1303 5.1901
f 1183/1183/1183 1184/1184/1184 1185/1185/1185
v -0.0382 6.317 0.0136
v -0.027 6.3188 -0.0133
v -0.0382 5.9577 0.002
vn -0.923401 0.0123857 -0.383636
vn -0.923401 0.0123857 -0.383636
vn -0.923401 0.0123857 -0.383636
vt 0.146923 3.36009
vt 0.247006 3.36523
vt 0.140462 3.96575
f 1186/1186/1186 1187/1187/1187 1188/1188/1188
v 0 6.526 -0.003
v 0.027 6.5244 0.0081
v 0 6.3196 -0.0245
vn 0.383333 0.0956917 -0.91864
vn 0.383333 0.0956917 -0.91864
vn 0.383333 0.0956917 -0.91864
vt 0.164088 -0.196226
vt 0.061857 -0.19906
vt 0.164088 -0.549665
f 1189/1189/1189 1190/1190/1190 1191/1191/1191
v 0.027 6.5244 0.0081
v 0.0382 6.5204 0.0348
v 0.027 6.3188 -0.0133
vn 0.923536 0.0397036 -0.381452
vn 0.923536 0.0397036 -0.381452
vn 0.923536 0.0397036 -0.381452
vt 0.026499 -1.68509
vt 0.147772 -1.70204
vt 0.017691 -1.24886
f 1192/1192/1192 1193/1193/1193 1194/1194/1194
v 0.0382 6.5204 0.0348
v 0.027 6.5164 0.0615
v 0.0382 6.317 0.0136
vn 0.923536 -0.0397572 0.381445
vn 0.923536 -0.0397572 0.381445
vn 0.923536 -0.0397572 0.381445
vt 0.147772 -1.70204
vt 0.269044 -1.71898
vt 0.13909 -1.27035
f 1195/1195/1195 1196/1196/1196 1197/1197/1197
v -0.027 6.5164 0.0615
v -0.0382 6.5204 0.0348
v -0.027 6.3152 0.0406
vn -0.923534 -0.0396252 0.381463
vn -0.923534 -0.0396252 0.381463
vn -0.923534 -0.0396252 0.381463
vt 0.142357 3.42279
vt 0.278629 3.44471
vt 0.142032 3.90437
f 1198/1198/1198 1199/1199/1199 1200/1200/1200
v -0.0382 6.5204 0.0348
v -0.027 6.5244 0.0081
v -0.0382 6.317 0.0136
vn -0.923536 0.0397572 -0.381445
vn -0.923536 0.0397572 -0.381445
vn -0.923536 0.0397572 -0.381445
vt 0.119994 4.3025
vt 0.256103 4.32535
vt 0.116402 4.78918
f 1201/1201/1201 1202/1202/1202 1203/1203/1203
v -0.027 6.5244 0.0081
v 0 6.526 -0.003
v -0.027 6.3188 -0.0133
vn -0.383332 0.0956179 -0.918648
vn -0.383332 0.0956179 -0.918648
vn -0.383332 0.0956179 -0.918648
vt 0.266301 -0.19906
vt 0.164088 -0.196226
vt 0.266301 -0.550964
f 1204/1204/1204 1205/1205/1205 1206/1206/1206
v 0 6.5868 0.0088
v 0.027 6.5842 0.0197
v 0 6.526 -0.003
vn 0.383033 0.175993 -0.906814
vn 0.383033 0.175993 -0.906814
vn 0.383033 0.175993 -0.906814
vt 0.164088 -0.09217
vt 0.061857 -0.096558
vt 0.164088 -0.196226
f 1207/1207/1207 1208/1208/1208 1209/1209/1209
v 0.027 6.5842 0.0197
v 0.0382 6.578 0.046
v 0.027 6.5244 0.0081
vn 0.92368 0.0729666 -0.376153
vn 0.92368 0.0729666 -0.376153
vn 0.92368 0.0729666 -0.376153
vt 0.247205 -1.74471
vt 0.237097 -1.59974
vt 0.096097 -1.80304
f 1210/1210/1210 1211/1211/1211 1212/1212/1212
v 0.0382 6.578 0.046
v 0.027 6.5718 0.0722
v 0.0382 6.5204 0.0348
vn 0.923187 -0.0733609 0.377285
vn 0.923187 -0.0733609 0.377285
vn 0.923187 -0.0733609 0.377285
vt 0.237097 -1.59974
vt 0.22699 -1.45474
vt 0.09162 -1.65592
f 1213/1213/1213 1214/1214/1214 1215/1215/1215
v 0.027 6.5718 0.0722
v 0 6.5693 0.0831
v 0.027 6.5164 0.0615
vn 0.382466 -0.175217 0.907204
vn 0.382466 -0.175217 0.907204
vn 0.382466 -0.175217 0.907204
vt 0.279387 -0.129786
vt 0.210186 -0.132763
vt 0.279387 -0.194005
f 1216/1216/1216 1217/1217/1217 1218/1218/1218
v 0 6.5693 0.0831
v -0.027 6.5718 0.0722
v 0 6.5148 0.0726
vn -0.38246 -0.174798 0.907287
vn -0.38246 -0.174798 0.907287
vn -0.38246 -0.174798 0.907287
vt 0.210186 -0.132763
vt 0.140985 -0.129786
vt 0.210186 -0.195918
f 1219/1219/1219 1220/1220/1220 1221/1221/1221
v -0.027 6.5718 0.0722
v -0.0382 6.578 0.046
v -0.027 6.5164 0.0615
vn -0.92318 -0.0728896 0.377394
vn -0.92318 -0.0728896 0.377394
vn -0.92318 -0.0728896 0.377394
vt 0.202623 0.156077
vt 0.230401 0.289498
vt 0.079527 0.224034
f 1222/1222/1222 1223/1223/1223 1224/1224/1224
v -0.0382 6.578 0.046
v -0.027 6.5842 0.0197
v -0.0382 6.5204 0.0348
vn -0.923682 0.0731334 -0.376115
vn -0.923682 0.0731334 -0.376115
vn -0.923682 0.0731334 -0.376115
vt 0.230401 0.289498
vt 0.258179 0.422919
vt 0.10236 0.36016
f 1225/1225/1225 1226/1226/1226 1227/1227/1227
v -0.027 6.5842 0.0197
v 0 6.5868 0.0088
v -0.027 6.5244 0.0081
vn -0.383032 0.175908 -0.906831
vn -0.383032 0.175908 -0.906831
vn -0.383032 0.175908 -0.906831
vt 0.266301 -0.096558
vt 0.164088 -0.09217
vt 0.266301 -0.19906
f 1228/1228/1228 1229/1229/1229 1230/1230/1230
v 0 6.6436 0.0246
v 0.027 6.6401 0.0352
v 0 6.5868 0.0088
vn 0.381703 0.247703 -0.890475
vn 0.381703 0.247703 -0.890475
vn 0.381703 0.247703 -0.890475
vt 0.164088 0.005096
vt 0.061857 -0.00095
vt 0.164088 -0.09217
f 1231/1231/1231 1232/1232/1232 1233/1233/1233
v 0.027 6.6401 0.0352
v 0.0382 6.6316 0.0609
v 0.027 6.5842 0.0197
vn 0.923868 0.10226 -0.368797
vn 0.923868 0.10226 -0.368797
vn 0.923868 0.10226 -0.368797
vt 0.246537 -1.60757
vt 0.212731 -1.46895
vt 0.115915 -1.70511
f 1234/1234/1234 1235/1235/1235 1236/1236/1236
v 0.0382 6.6316 0.0609
v 0.027 6.623 0.0865
v 0.0382 6.578 0.046
vn 0.923522 -0.102725 0.369533
vn 0.923522 -0.102725 0.369533
vn 0.923522 -0.102725 0.369533
vt 0.212731 -1.46895
vt 0.178907 -1.33035
vt 0.087541 -1.56257
f 1237/1237/1237 1238/1238/1238 1239/1239/1239
v -0.027 6.623 0.0865
v -0.0382 6.6316 0.0609
v -0.027 6.5718 0.0722
vn -0.923531 -0.103169 0.369387
vn -0.923531 -0.103169 0.369387
vn -0.923531 -0.103169 0.369387
vt 0.163763 0.484269
vt 0.196595 0.613952
vt 0.052201 0.56935
f 1240/1240/1240 1241/1241/1241 1242/1242/1242
v -0.0382 6.6316 0.0609
v -0.027 6.6401 0.0352
v -0.0382 6.578 0.046
vn -0.923872 0.102499 -0.36872
vn -0.923872 0.102499 -0.36872
vn -0.923872 0.102499 -0.36872
vt 0.196595 0.613952
vt 0.229444 0.743635
vt 0.079997 0.702771
f 1243/1243/1243 1244/1244/1244 1245/1245/1245
v -0.027 6.6401 0.0352
v 0 6.6436 0.0246
v -0.027 6.5842 0.0197
vn -0.38169 0.246969 -0.890684
vn -0.38169 0.246969 -0.890684
vn -0.38169 0.246969 -0.890684
vt 0.266301 -0.00095
vt 0.164088 0.005096
vt 0.266301 -0.096558
f 1246/1246/1246 1247/1247/1247 1248/1248/1248
v 0 6.6794 0.0385
v 0.027 6.6749 0.0487
v 0 6.6436 0.0246
vn 0.381321 0.334596 -0.861765
vn 0.381321 0.334596 -0.861765
vn 0.381321 0.334596 -0.861765
vt 0.164088 0.06648
vt 0.061857 0.058739
vt 0.164088 0.005096
f 1249/1249/1249 1250/1250/1250 1251/1251/1251
v 0.027 6.6749 0.0487
v 0.0382 6.664 0.0734
v 0.027 6.6401 0.0352
vn 0.923533 0.138707 -0.357557
vn 0.923533 0.138707 -0.357557
vn 0.923533 0.138707 -0.357557
vt 0.238036 -1.56701
vt 0.198707 -1.43406
vt 0.158402 -1.64868
f 1252/1252/1252 1253/1253/1253 1254/1254/1254
v 0.0382 6.664 0.0734
v 0.027 6.6531 0.0981
v 0.0382 6.6316 0.0609
vn 0.923521 -0.138055 0.35784
vn 0.923521 -0.138055 0.35784
vn 0.923521 -0.138055 0.35784
vt 0.198707 -1.43406
vt 0.159377 -1.30113
vt 0.124596 -1.51008
f 1255/1255/1255 1256/1256/1256 1257/1257/1257
v 0.027 6.6531 0.0981
v 0 6.6485 0.1084
v 0.027 6.623 0.0865
vn 0.385057 -0.331876 0.861156
vn 0.385057 -0.331876 0.861156
vn 0.385057 -0.331876 0.861156
vt 0.279387 -0.03564
vt 0.210186 -0.040893
vt 0.279387 -0.070441
f 1258/1258/1258 1259/1259/1259 1260/1260/1260
v 0 6.6485 0.1084
v -0.027 6.6531 0.0981
v 0 6.6195 0.0972
vn -0.38507 -0.332493 0.860912
vn -0.38507 -0.332493 0.860912
vn -0.38507 -0.332493 0.860912
vt 0.210186 -0.040893
vt 0.140985 -0.03564
vt 0.210186 -0.074519
f 1261/1261/1261 1262/1262/1262 1263/1263/1263
v -0.027 6.6531 0.0981
v -0.0382 6.664 0.0734
v -0.027 6.623 0.0865
vn -0.923519 -0.137927 0.357895
vn -0.923519 -0.137927 0.357895
vn -0.923519 -0.137927 0.357895
vt 0.231412 0.437322
vt 0.269387 0.561646
vt 0.16768 0.50385
f 1264/1264/1264 1265/1265/1265 1266/1266/1266
v -0.0382 6.664 0.0734
v -0.027 6.6749 0.0487
v -0.0382 6.6316 0.0609
vn -0.923521 0.138055 -0.35784
vn -0.923521 0.138055 -0.35784
vn -0.923521 0.138055 -0.35784
vt 0.269387 0.561646
vt 0.307345 0.685987
vt 0.200511 0.633534
f 1267/1267/1267 1268/1268/1268 1269/1269/1269
v -0.027 6.6749 0.0487
v 0 6.6794 0.0385
v -0.027 6.6401 0.0352
vn -0.381317 0.334344 -0.861865
vn -0.381317 0.334344 -0.861865
vn -0.381317 0.334344 -0.861865
vt 0.266301 0.058739
vt 0.164088 0.06648
vt 0.266301 -0.00095
f 1270/1270/1270 1271/1271/1271 1272/1272/1272
v 0.027 6.6979 0.0602
v 0.0382 6.6847 0.0838
v 0.027 6.6749 0.0487
vn 0.923741 0.171292 -0.34258
vn 0.923741 0.171292 -0.34258
vn 0.923741 0.171292 -0.34258
vt 0.136509 -1.31098
vt 0.09218 -1.18467
vt 0.085285 -1.37901
f 1273/1273/1273 1274/1274/1274 1275/1275/1275
v 0.0382 6.6847 0.0838
v 0.027 6.6716 0.1074
v 0.0382 6.664 0.0734
vn 0.923528 -0.172182 0.342708
vn 0.923528 -0.172182 0.342708
vn 0.923528 -0.172182 0.342708
vt 0.09218 -1.18467
vt 0.047851 -1.05837
vt 0.045956 -1.24606
f 1276/1276/1276 1277/1277/1277 1278/1278/1278
v -0.027 6.6716 0.1074
v -0.0382 6.6847 0.0838
v -0.027 6.6531 0.0981
vn -0.92353 -0.17226 0.342665
vn -0.92353 -0.17226 0.342665
vn -0.92353 -0.17226 0.342665
vt 0.13409 4.20066
vt 0.176686 4.31874
vt 0.09588 4.25234
f 1279/1279/1279 1280/1280/1280 1281/1281/1281
v -0.0382 6.6847 0.0838
v -0.027 6.6979 0.0602
v -0.0382 6.664 0.0734
vn -0.923753 0.171939 -0.342224
vn -0.923753 0.171939 -0.342224
vn -0.923753 0.171939 -0.342224
vt 0.176686 4.31874
vt 0.219301 4.4368
vt 0.133856 4.37668
f 1282/1282/1282 1283/1283/1283 1284/1284/1284
v 0 6.7373 0.0738
v 0.027 6.73 0.0823
v 0 6.7214 0.0616
vn 0.382789 0.562378 -0.732942
vn 0.382789 0.562378 -0.732942
vn 0.382789 0.562378 -0.732942
vt 0.164088 0.165518
vt 0.061857 0.153064
vt 0.164088 0.1383
f 1285/1285/1285 1286/1286/1286 1287/1287/1287
v 0.027 6.73 0.0823
v 0.0382 6.7125 0.1028
v 0.027 6.715 0.0708
vn 0.923262 0.233743 -0.30488
vn 0.923262 0.233743 -0.30488
vn 0.923262 0.233743 -0.30488
vt 0.205078 -1.18265
vt 0.151381 -1.07402
vt 0.173654 -1.249
f 1288/1288/1288 1289/1289/1289 1290/1290/1290
v 0.0382 6.7125 0.1028
v 0.027 6.6949 0.1234
v 0.0382 6.6997 0.093
vn 0.923962 -0.232513 0.303696
vn 0.923962 -0.232513 0.303696
vn 0.923962 -0.232513 0.303696
vt 0.151381 -1.07402
vt 0.097703 -0.965356
vt 0.12456 -1.13065
f 1291/1291/1291 1292/1292/1292 1293/1293/1293
v 0.027 6.6949 0.1234
v 0 6.6876 0.1319
v 0.027 6.6843 0.1153
vn 0.382753 -0.560933 0.734067
vn 0.382753 -0.560933 0.734067
vn 0.382753 -0.560933 0.734067
vt 0.279387 0.01284
vt 0.210186 0.00441
vt 0.279387 0.000565
f 1294/1294/1294 1295/1295/1295 1296/1296/1296
v 0 6.6876 0.1319
v -0.027 6.6949 0.1234
v 0 6.6779 0.1245
vn -0.382737 -0.560343 0.734526
vn -0.382737 -0.560343 0.734526
vn -0.382737 -0.560343 0.734526
vt 0.210186 0.00441
vt 0.140985 0.01284
vt 0.210186 -0.006817
f 1297/1297/1297 1298/1298/1298 1299/1299/1299
v -0.027 6.6949 0.1234
v -0.0382 6.7125 0.1028
v -0.027 6.6843 0.1153
vn -0.923956 -0.232242 0.303924
vn -0.923956 -0.232242 0.303924
vn -0.923956 -0.232242 0.303924
vt 0.101728 4.25405
vt 0.15297 4.35547
vt 0.081278 4.29822
f 1300/1300/1300 1301/1301/1301 1302/1302/1302
v -0.0382 6.7125 0.1028
v -0.027 6.73 0.0823
v -0.0382 6.6997 0.093
vn -0.923257 0.233546 -0.305045
vn -0.923257 0.233546 -0.305045
vn -0.923257 0.233546 -0.305045
vt 0.15297 4.35547
vt 0.204212 4.45692
vt 0.128278 4.40881
f 1303/1303/1303 1304/1304/1304 1305/1305/1305
v -0.027 6.73 0.0823
v 0 6.7373 0.0738
v -0.027 6.715 0.0708
vn -0.382782 0.562096 -0.733162
vn -0.382782 0.562096 -0.733162
vn -0.382782 0.562096 -0.733162
vt 0.266301 0.153064
vt 0.164088 0.165518
vt 0.266301 0.127397
f 1306/1306/1306 1307/1307/1307 1308/1308/1308
v 0.0382 6.7212 0.1111
v 0.027 6.7015 0.1297
v 0.0382 6.7125 0.1028
vn 0.923966 -0.264016 0.276736
vn 0.923966 -0.264016 0.276736
vn 0.923966 -0.264016 0.276736
vt 0.168835 -1.02682
vt 0.110987 -0.929422
vt 0.151381 -1.07402
f 1309/1309/1309 1310/1310/1310 1311/1311/1311
v -0.027 6.7015 0.1297
v -0.0382 6.7212 0.1111
v -0.027 6.6949 0.1234
vn -0.923968 -0.264089 0.27666
vn -0.923968 -0.264089 0.27666
vn -0.923968 -0.264089 0.27666
vt 0.113893 4.22023
vt 0.168943 4.31109
vt 0.101728 4.25405
f 1312/1312/1312 1313/1313/1313 1314/1314/1314
v 0.027 6.7499 0.1032
v 0.0382 6.7285 0.1197
v 0.027 6.7408 0.0925
vn 0.92364 0.291956 -0.248298
vn 0.92364 0.291956 -0.248298
vn 0.92364 0.291956 -0.248298
vt 0.243902 -1.06363
vt 0.182715 -0.977957
vt 0.226683 -1.12423
f 1315/1315/1315 1316/1316/1316 1317/1317/1317
v -0.0382 6.7285 0.1197
v -0.027 6.7499 0.1032
v -0.0382 6.7212 0.1111
vn -0.923646 0.292181 -0.24801
vn -0.923646 0.292181 -0.24801
vn -0.923646 0.292181 -0.24801
vt 0.18156 4.26517
vt 0.239624 4.34498
vt 0.168943 4.31109
f 1318/1318/1318 1319/1319/1319 1320/1320/1320
v 0.027 6.7547 0.1101
v 0.0382 6.7317 0.1243
v 0.027 6.7499 0.1032
vn 0.923633 0.314628 -0.218886
vn 0.923633 0.314628 -0.218886
vn 0.923633 0.314628 -0.218886
vt 0.252457 -1.02458
vt 0.188346 -0.952253
vt 0.243902 -1.06363
f 1321/1321/1321 1322/1322/1322 1323/1323/1323
v -0.0382 6.7317 0.1243
v -0.027 6.7547 0.1101
v -0.0382 6.7285 0.1197
vn -0.923633 0.314632 -0.218878
vn -0.923633 0.314632 -0.218878
vn -0.923633 0.314632 -0.218878
vt 0.186632 4.24102
vt 0.247331 4.30831
vt 0.18156 4.26517
f 1324/1324/1324 1325/1325/1325 1326/1326/1326
v 0 6.7857 0.1583
v 0.027 6.7751 0.1617
v 0 6.77 0.115
vn 0.380929 0.869231 -0.315169
vn 0.380929 0.869231 -0.315169
vn 0.380929 0.869231 -0.315169
vt 0.160641 -0.029397
vt 0.209789 -0.032194
vt 0.160641 0.006286
f 1327/1327/1327 1328/1328/1328 1329/1329/1329
v 0.027 6.7751 0.1617
v 0.0382 6.7493 0.1699
v 0.027 6.7598 0.1196
vn 0.923931 0.359552 -0.130671
vn 0.923931 0.359552 -0.130671
vn 0.923931 0.359552 -0.130671
vt 0.277239 -0.737595
vt 0.209464 -0.698446
vt 0.260254 -0.971928
f 1330/1330/1330 1331/1331/1331 1332/1332/1332
v 0.0382 6.7493 0.1699
v 0.027 6.7236 0.1781
v 0.0382 6.735 0.1306
vn 0.923456 -0.360577 0.131201
vn 0.923456 -0.360577 0.131201
vn 0.923456 -0.360577 0.131201
vt 0.209464 -0.698446
vt 0.141689 -0.659314
vt 0.193563 -0.917059
f 1333/1333/1333 1334/1334/1334 1335/1335/1335
v 0.027 6.7236 0.1781
v 0 6.713 0.1815
v 0.027 6.7103 0.1416
vn 0.380922 -0.868731 0.31655
vn 0.380922 -0.868731 0.31655
vn 0.380922 -0.868731 0.31655
vt 0.255074 -1.44971
vt 0.175441 -1.44518
vt 0.255074 -1.49839
f 1336/1336/1336 1337/1337/1337 1338/1338/1338
v 0 6.713 0.1815
v -0.027 6.7236 0.1781
v 0 6.7001 0.1462
vn -0.38091 -0.868441 0.317359
vn -0.38091 -0.868441 0.317359
vn -0.38091 -0.868441 0.317359
vt 0.175441 -1.44518
vt 0.095808 -1.44971
vt 0.175441 -1.49229
f 1339/1339/1339 1340/1340/1340 1341/1341/1341
v -0.027 6.7236 0.1781
v -0.0382 6.7493 0.1699
v -0.027 6.7103 0.1416
vn -0.923453 -0.360522 0.131368
vn -0.923453 -0.360522 0.131368
vn -0.923453 -0.360522 0.131368
vt 0.124795 5.0125
vt 0.188671 5.04863
vt 0.112576 5.20283
f 1342/1342/1342 1343/1343/1343 1344/1344/1344
v -0.0382 6.7493 0.1699
v -0.027 6.7751 0.1617
v -0.0382 6.735 0.1306
vn -0.923928 0.359506 -0.130811
vn -0.923928 0.359506 -0.130811
vn -0.923928 0.359506 -0.130811
vt 0.188671 5.04863
vt 0.252547 5.08477
vt 0.175567 5.25374
f 1345/1345/1345 1346/1346/1346 1347/1347/1347
v -0.027 6.7751 0.1617
v 0 6.7857 0.1583
v -0.027 6.7598 0.1196
vn -0.38092 0.868999 -0.315818
vn -0.38092 0.868999 -0.315818
vn -0.38092 0.868999 -0.315818
vt 0.111493 -0.032194
vt 0.160641 -0.029397
vt 0.111493 0.002514
f 1348/1348/1348 1349/1349/1349 1350/1350/1350
v 0.0382 6.7676 0.2362
v 0.027 6.7413 0.2423
v 0.0382 6.7493 0.1699
vn 0.923557 -0.369638 0.102027
vn 0.923557 -0.369638 0.102027
vn 0.923557 -0.369638 0.102027
vt 0.221737 -0.331523
vt 0.153583 -0.303655
vt 0.209464 -0.698446
f 1351/1351/1351 1352/1352/1352 1353/1353/1353
v -0.027 6.7413 0.2423
v -0.0382 6.7676 0.2362
v -0.027 6.7236 0.1781
vn -0.923559 -0.369664 0.101918
vn -0.923559 -0.369664 0.101918
vn -0.923559 -0.369664 0.101918
vt 0.133025 4.67891
vt 0.197154 4.70447
vt 0.124795 5.0125
f 1354/1354/1354 1355/1355/1355 1356/1356/1356
v 0.027 7.0385 1.4871
v 0.0382 7.012 1.4922
v 0.027 6.7938 0.23
vn 0.923613 0.376265 -0.0732416
vn 0.923613 0.376265 -0.0732416
vn 0.923613 0.376265 -0.0732416
vt 0.272167 6.58062
vt 0.203977 6.60293
vt 0.289891 -0.359391
f 1357/1357/1357 1358/1358/1358 1359/1359/1359
v 0.0382 7.012 1.4922
v 0.027 6.9855 1.4974
v 0.0382 6.7676 0.2362
vn 0.923711 -0.376037 0.0731715
vn 0.923711 -0.376037 0.0731715
vn 0.923711 -0.376037 0.0731715
vt 0.203977 6.60293
vt 0.135769 6.62522
vt 0.221737 -0.331523
f 1360/1360/1360 1361/1361/1361 1362/1362/1362
v 0.027 6.9855 1.4974
v 0 6.9745 1.4995
v 0.027 6.7413 0.2423
vn 0.383107 -0.906701 0.176413
vn 0.383107 -0.906701 0.176413
vn 0.383107 -0.906701 0.176413
vt 0.255074 0.309893
vt 0.175441 0.312746
vt 0.255074 -1.36407
f 1363/1363/1363 1364/1364/1364 1365/1365/1365
v 0 6.9745 1.4995
v -0.027 6.9855 1.4974
v 0 6.7304 0.2449
vn -0.383107 -0.906702 0.176412
vn -0.383107 -0.906702 0.176412
vn -0.383107 -0.906702 0.176412
vt 0.175441 0.312746
vt 0.095808 0.309893
vt 0.175441 -1.36065
f 1366/1366/1366 1367/1367/1367 1368/1368/1368
v -0.027 6.9855 1.4974
v -0.0382 7.012 1.4922
v -0.027 6.7413 0.2423
vn -0.923711 -0.376039 0.0731643
vn -0.923711 -0.376039 0.0731643
vn -0.923711 -0.376039 0.0731643
vt 0.05933 -1.81797
vt 0.123459 -1.79763
vt 0.133025 4.67891
f 1369/1369/1369 1370/1370/1370 1371/1371/1371
v -0.0382 7.012 1.4922
v -0.027 7.0385 1.4871
v -0.0382 6.7676 0.2362
vn -0.923613 0.37627 -0.0732168
vn -0.923613 0.37627 -0.0732168
vn -0.923613 0.37627 -0.0732168
vt 0.123459 -1.79763
vt 0.187588 -1.77727
vt 0.197154 4.70447
f 1372/1372/1372 1373/1373/1373 1374/1374/1374
