# WaveFront *.obj file (generated by CINEMA 4D)

g data
usemtl mat0
v 0.111551 0.406854 -0.084207
v 0.085775 0.42051 -0.055593
v 0.099326 0.42051 -0.053862
v 0.085775 0.385584 -0.112822
v 0.085775 0.358782 -0.129079
v -0.085258 0.406854 -0.0875
v 0.085775 0.406854 -0.0875
v 0.099326 0.42051 0.061304
v 0.085775 0.42051 0.063269
v -0.085258 0.385584 -0.112822
v -0.098809 0.42051 -0.053862
v -0.085258 0.425215 -0.020224
v -0.085258 0.42051 -0.055593
v 0.206987 0.318098 0.116331
v 0.178656 0.383032 0.095775
v 0.165105 0.345569 0.137481
v 0.153257 0.412763 0.077322
v 0.153257 0.383032 0.121174
v 0.134803 0.412763 0.095775
v 0.121252 0.42051 0.04672
v 0.085775 0.425215 0.026179
v 0.111551 0.42051 0.055602
v -0.120735 0.42051 -0.041013
v -0.111034 0.42051 -0.048838
v -0.194446 0.358782 -0.084207
v -0.126964 0.42051 -0.031153
v -0.194446 0.385584 -0.048838
v -0.200065 0.385584 -0.020224
v -0.085258 0.425215 0.026179
v -0.12911 0.42051 -0.020224
v -0.194446 0.385584 0.055602
v -0.220221 0.358782 0.026179
v 0.225597 0.320489 0.027658
v 0.220739 0.358782 0.026179
v 0.200582 0.385584 0.026179
v 0.169187 0.406854 0.026179
v 0.085775 0.425215 -0.020224
v 0.129627 0.42051 0.026179
v -0.164587 0.406854 0.04672
v -0.126964 0.42051 0.035528
v -0.12911 0.42051 0.026179
v -0.227748 0.321959 0.071966
v -0.213616 0.358782 0.061304
v 0.235504 0.321787 -0.027329
v 0.237591 0.305339 -0.030038
v 0.194963 0.385584 -0.048838
v 0.220739 0.358782 -0.020224
v 0.165105 0.406854 -0.041013
v 0.200582 0.385584 -0.020224
v 0.127481 0.42051 -0.031153
v 0.129627 0.42051 -0.020224
v 0.169187 0.406854 -0.020224
v -0.20647 0.318098 0.116331
v -0.120735 0.42051 0.04672
v -0.174546 0.30554 0.151188
v -0.111034 0.42051 0.055602
v 0.178656 0.385584 -0.074651
v 0.153257 0.406854 -0.059768
v 0.121252 0.42051 -0.041013
v -0.098809 0.42051 0.061304
v 0.121252 0.385584 -0.10829
v 0.153257 0.385584 -0.095137
v 0.134803 0.406854 -0.074651
v 0.111551 0.42051 -0.048838
v 0.086398 0.309585 -0.179254
v -0.085258 0.358782 -0.129079
v 0.131621 0.327254 0.157938
v 0.131094 0.326985 0.158256
v 0.125424 0.40915 0.104783
v 0.116893 0.412763 0.104901
v 0.118984 0.412432 0.104223
v -0.164587 0.358782 -0.10829
v -0.167443 0.320489 -0.133302
v -0.229622 0.306123 -0.076205
v 0.194963 0.345569 0.107623
v 0.237604 0.30524 0.029091
v -0.218237 0.320489 0.068888
v 0.208221 0.307398 -0.118298
v -0.143448 0.341827 0.148946
v 0.144839 0.389704 0.117653
v 0.146365 0.386709 0.120381
v 0.148135 0.383032 0.123784
v 0.194963 0.358782 -0.084207
v -0.132199 0.30554 0.172765
v -0.086035 0.305522 0.180079
v -0.085258 0.304041 0.170203
v 0.085775 0.316518 0.168116
v -0.085881 0.309585 -0.179254
v -0.131021 0.325797 -0.160036
v 0.086552 0.305522 0.180079
v 0.085775 0.304041 0.170203
v 0.086552 0.318 0.177993
v 0.128982 0.316518 0.161272
v 0.175063 0.30554 0.151188
v 0.132717 0.30554 0.172765
v 0.129627 0.304041 0.163257
v 0.132072 0.318018 0.17078
v 0.173837 0.318018 0.1495
v 0.16796 0.316518 0.141412
v -0.207704 0.307398 -0.118298
v -0.198376 0.320489 -0.104104
v 0.200582 0.304041 0.111706
v -0.220221 0.304041 -0.07309
v -0.234987 0.321787 -0.027329
v -0.200065 0.304041 0.111706
v -0.16867 0.304041 0.1431
v -0.173319 0.318018 0.1495
v 0.169187 0.304041 -0.144045
v 0.129627 0.304041 -0.164202
v -0.173847 0.308589 -0.151285
v -0.206015 0.323846 -0.109752
v 0.220739 0.304041 0.072146
v -0.227167 0.304041 0.028293
v 0.227684 0.304041 0.028293
v 0.220739 0.304041 -0.07309
v -0.085258 0.316518 0.168116
v 0.085775 0.320489 -0.158507
v -0.199313 -0.213338 -0.02651
v -0.199313 -0.173644 -0.066204
v -0.193334 -0.213338 -0.064261
v -0.220221 0.307086 -0.07309
v -0.15265 -0.277564 -0.02651
v 0.199831 -0.213338 0.025566
v 0.227684 0.307086 0.028293
v 0.206117 -0.173644 0.025566
v -0.181068 -0.249146 -0.02651
v -0.227167 0.307086 0.028293
v -0.116842 -0.295809 0.025566
v 0.117359 -0.295809 -0.02651
v 0.153168 -0.277564 -0.02651
v 0.181585 -0.249146 -0.02651
v 0.199831 -0.213338 -0.02651
v 0.227684 0.307086 -0.029238
v 0.206117 -0.173644 -0.02651
v -0.15265 -0.277564 0.025566
v -0.175982 -0.249146 0.057679
v -0.220221 0.307086 0.072146
v 0.115417 -0.295809 -0.038776
v 0.149472 -0.277564 -0.049842
v 0.176499 -0.249146 -0.058623
v 0.208675 0.305621 0.117557
v 0.127481 0.42051 0.035528
v 0.193851 -0.213338 -0.064261
v 0.220739 0.307086 -0.07309
v 0.199831 -0.173644 -0.066204
v -0.109261 -0.295809 0.048897
v -0.077148 -0.302096 0.025566
v -0.114899 -0.295809 0.037832
v 0.194963 0.385584 0.055602
v 0.165105 0.406854 0.04672
v 0.109778 -0.295809 -0.049842
v 0.138748 -0.277564 -0.070889
v 0.161738 -0.249146 -0.087593
v 0.176499 -0.213338 -0.098317
v 0.200582 0.307086 -0.11265
v 0.181585 -0.173644 -0.102012
v -0.16867 0.406854 0.026179
v -0.208158 0.305621 0.117557
v -0.229733 0.305511 0.075224
v -0.178139 0.383032 0.095775
v -0.200065 0.307086 0.111706
v -0.121527 -0.277564 0.086648
v -0.138231 -0.277564 0.069945
v -0.161221 -0.249146 0.086648
v -0.15274 0.412763 0.077322
v 0.100997 -0.295809 -0.058623
v 0.122045 -0.277564 -0.087593
v 0.138748 -0.249146 -0.110583
v 0.149472 -0.213338 -0.125344
v 0.169187 0.307086 -0.144045
v 0.153168 -0.173644 -0.13043
v -0.175982 -0.213338 0.097372
v 0.173138 0.325036 -0.140542
v -0.10048 -0.295809 0.057679
v -0.138231 -0.249146 0.109638
v 0.089932 -0.295809 -0.064261
v -0.085258 0.42051 0.063269
v -0.148957 0.374575 0.128145
v 0.100997 -0.277564 -0.098317
v 0.174364 0.308589 -0.151285
v 0.109778 -0.249146 -0.125344
v 0.115417 -0.213338 -0.142696
v 0.129627 0.307086 -0.164202
v 0.117359 -0.173644 -0.148675
v 0.131538 0.325797 -0.160036
v 0.132183 0.309349 -0.17219
v 0.086398 0.326033 -0.166614
v -0.114899 -0.213338 0.141751
v -0.116842 -0.173644 0.147731
v -0.12911 0.307086 0.163257
v -0.16867 0.307086 0.1431
v -0.15265 -0.173644 0.129485
v -0.077148 -0.295809 0.065259
v -0.077148 -0.277564 0.101068
v -0.089414 -0.295809 0.063317
v 0.218754 0.320489 0.068888
v 0.214133 0.358782 0.061304
v 0.198894 0.316518 0.110479
v -0.220221 0.358782 -0.020224
v -0.077148 -0.295809 -0.066204
v 0.077665 -0.302096 -0.02651
v 0.228266 0.321959 0.071966
v 0.23025 0.305511 0.075224
v 0.235517 0.321688 0.028456
v -0.237087 0.30524 0.029091
v -0.077148 -0.277564 -0.102012
v 0.077665 -0.295809 -0.066204
v -0.194446 0.345569 0.107623
v 0.218754 0.320489 -0.067313
v 0.214133 0.358782 -0.053862
v 0.225597 0.320489 -0.02653
v -0.077148 -0.249146 -0.13043
v 0.077665 -0.277564 -0.102012
v 0.228154 0.32257 -0.070427
v 0.230139 0.306123 -0.076205
v 0.206532 0.323846 -0.109752
v -0.077148 -0.213338 -0.148675
v 0.077665 -0.249146 -0.13043
v 0.165105 0.358782 -0.10829
v 0.198894 0.320489 -0.104104
v -0.077148 -0.173644 -0.154962
v 0.077665 -0.213338 -0.148675
v 0.128982 0.320489 -0.152048
v 0.127481 0.358782 -0.123752
v 0.16796 0.320489 -0.133302
v -0.085258 0.307086 -0.171147
v 0.085775 0.307086 -0.171147
v 0.077665 -0.173644 -0.154962
v -0.077148 -0.249146 0.129485
v -0.109261 -0.249146 0.124399
v -0.10048 -0.277564 0.097372
v -0.131666 0.309349 -0.17219
v -0.085258 0.304041 -0.171147
v -0.085258 0.320489 -0.158507
v -0.085881 0.326033 -0.166614
v -0.128465 0.320489 -0.152048
v -0.200065 0.304041 -0.11265
v -0.17262 0.325036 -0.140542
v -0.218237 0.320489 -0.067313
v -0.227637 0.32257 -0.070427
v -0.227167 0.304041 -0.029238
v -0.220221 0.304041 0.072146
v -0.198376 0.316518 0.110479
v -0.085258 0.307086 0.170203
v -0.16867 0.304041 -0.144045
v -0.12911 0.304041 -0.164202
v -0.235 0.321688 0.028456
v 0.227684 0.304041 -0.029238
v 0.200582 0.304041 -0.11265
v -0.131554 0.318018 0.17078
v -0.077148 -0.173644 0.154018
v -0.10048 -0.295809 -0.058623
v -0.077148 -0.302096 -0.02651
v 0.077665 -0.295809 0.065259
v -0.10048 -0.277564 -0.098317
v -0.148955 -0.213338 -0.125344
v -0.109261 -0.249146 -0.125344
v -0.12911 0.307086 -0.164202
v -0.116842 -0.173644 -0.148675
v -0.15265 -0.173644 -0.13043
v -0.109261 -0.295809 -0.049842
v -0.181068 -0.173644 -0.102012
v -0.200065 0.307086 -0.11265
v -0.116842 -0.295809 -0.02651
v -0.148955 -0.277564 -0.049842
v 0.077665 -0.302096 0.025566
v -0.148079 0.380118 0.125287
v -0.131855 0.405242 0.105818
v -0.141132 0.395965 0.11195
v -0.146031 0.38635 0.120709
v -0.144859 0.38865 0.118614
v -0.15274 0.383032 0.121174
v -0.147574 0.383306 0.123485
v -0.141844 0.338679 0.150347
v -0.128465 0.316518 0.161272
v -0.129949 0.326665 0.158635
v -0.127992 0.325669 0.159817
v 0.124602 0.323678 0.160769
v 0.12851 0.325669 0.159817
v 0.130444 0.326654 0.158649
v 0.119647 0.321153 0.161976
v 0.118984 0.320815 0.162137
v 0.119377 0.321016 0.162042
v 0.145872 0.345569 0.147281
v 0.144868 0.343599 0.148157
v 0.143968 0.341832 0.148944
v 0.149707 0.360138 0.136638
v 0.14863 0.353341 0.14124
v 0.148179 0.350493 0.143168
v 0.150307 0.366785 0.132367
v 0.148092 0.383305 0.123486
v 0.148722 0.379323 0.125697
v 0.149093 0.376981 0.126905
v 0.150307 0.36932 0.130855
v 0.149217 0.3762 0.127307
v 0.131687 0.405927 0.105365
v 0.132354 0.40526 0.105806
v 0.134592 0.403022 0.107285
v 0.141649 0.395965 0.11195
v 0.138173 0.399441 0.109652
v 0.131621 0.405993 0.105321
v 0.127926 0.407876 0.105
v 0.111551 0.413609 0.101941
v 0.109771 0.413891 0.100878
v 0.118984 0.320815 0.062105
v 0.131621 0.327254 0.062105
v 0.141649 0.337282 0.062105
v 0.148088 0.349919 0.062105
v 0.150307 0.363927 0.062105
v 0.150307 0.36932 0.062105
v 0.148088 0.383328 0.062105
v 0.141649 0.395965 0.062105
v 0.131621 0.405993 0.062105
v 0.118984 0.412432 0.062105
v -0.108788 0.412432 0.048782
v -0.112693 0.320815 0.050772
v -0.112693 0.412432 0.050772
v -0.117782 0.320815 0.057776
v -0.115792 0.320815 0.053871
v -0.139337 0.337282 0.050772
v -0.147571 0.36932 0.048097
v -0.145461 0.383328 0.048782
v -0.139337 0.395965 0.050772
v -0.117782 0.412432 0.057776
v -0.104459 0.318597 0.062105
v -0.118467 0.320815 0.162137
v -0.129137 0.326252 0.159126
v -0.123471 0.323365 0.160918
v -0.131104 0.327254 0.157938
v -0.122945 0.323097 0.161046
v -0.120519 0.321861 0.161637
v -0.118868 0.32102 0.16204
v -0.118467 0.320815 0.062105
v -0.140037 0.336187 0.15173
v -0.133234 0.329384 0.156457
v -0.14086 0.33701 0.151158
v -0.131104 0.327254 0.062105
v -0.141132 0.337282 0.150969
v -0.141132 0.337282 0.062105
v -0.147571 0.349919 0.143557
v -0.145354 0.345569 0.147281
v -0.147663 0.350501 0.143163
v -0.148693 0.357002 0.138761
v -0.149193 0.360161 0.136622
v -0.148992 0.358892 0.137481
v -0.14979 0.364009 0.134023
v -0.147571 0.349919 0.062105
v -0.148704 0.376172 0.127322
v -0.14979 0.36932 0.062105
v -0.147618 0.383032 0.123784
v -0.135371 0.401726 0.108142
v -0.137687 0.39941 0.109673
v -0.141132 0.395965 0.062105
v -0.131104 0.405993 0.105321
v -0.124917 0.409145 0.104784
v -0.129434 0.406844 0.105176
v -0.131104 0.405993 0.062105
v -0.105082 0.414552 0.097382
v -0.116376 0.412763 0.104901
v -0.118467 0.412432 0.104223
v -0.085258 0.41465 0.099905
v -0.104459 0.41465 0.096864
v -0.043589 0.41465 0.099905
v -0.104459 0.41465 0.062105
v 0.104977 0.41465 0.096908
v 0.104977 0.41465 0.062105
v 0.089076 0.41465 0.099426
v 0.085775 0.41465 0.099905
v 0.104977 0.318597 0.164727
v 0.091134 0.318597 0.166919
v 0.085775 0.318597 0.167768
v 0.088759 0.318597 0.167296
v 0.059225 0.318597 0.167768
v -0.085258 0.318597 0.167768
v -0.073022 0.318597 0.167768
v -0.088035 0.318597 0.167328
v -0.104459 0.318597 0.164727
v -0.090625 0.318597 0.166918
v 0.118299 0.320815 0.057776
v 0.130317 0.327254 0.053871
v 0.139855 0.337282 0.050772
v 0.145978 0.349919 0.048782
v 0.148088 0.363927 0.048097
v 0.148088 0.36932 0.048097
v 0.145978 0.383328 0.048782
v 0.139855 0.395965 0.050772
v 0.130317 0.405993 0.053871
v 0.118299 0.412432 0.057776
v 0.116309 0.320815 0.053871
v 0.126532 0.327254 0.046443
v 0.134646 0.337282 0.040549
v 0.139855 0.349919 0.036764
v 0.141649 0.363927 0.03546
v 0.141649 0.36932 0.03546
v 0.139855 0.383328 0.036764
v 0.134646 0.395965 0.040549
v 0.126532 0.405993 0.046443
v 0.116309 0.412432 0.053871
v 0.11321 0.320815 0.050772
v 0.120638 0.327254 0.040549
v 0.126532 0.337282 0.032436
v 0.130317 0.349919 0.027227
v 0.131621 0.363927 0.025432
v 0.131621 0.36932 0.025432
v 0.130317 0.383328 0.027227
v 0.126532 0.395965 0.032436
v 0.120638 0.405993 0.040549
v 0.11321 0.412432 0.050772
v 0.104977 0.318597 0.062105
v 0.109305 0.320815 0.048782
v 0.11321 0.327254 0.036764
v 0.118299 0.349919 0.021103
v 0.118984 0.363927 0.018993
v 0.118984 0.36932 0.018993
v 0.118299 0.383328 0.021103
v 0.116309 0.395965 0.027227
v 0.11321 0.405993 0.036764
v 0.109305 0.412432 0.048782
v 0.104977 0.320815 0.048097
v 0.104977 0.327254 0.03546
v 0.104977 0.337282 0.025432
v 0.104977 0.349919 0.018993
v 0.104977 0.363927 0.016774
v 0.104977 0.36932 0.016774
v 0.104977 0.383328 0.018993
v 0.104977 0.395965 0.025432
v -0.104459 0.405993 0.03546
v 0.104977 0.405993 0.03546
v 0.104977 0.412432 0.048097
v -0.104459 0.320815 0.048097
v -0.112693 0.327254 0.036764
v -0.104459 0.327254 0.03546
v -0.115792 0.337282 0.027227
v -0.104459 0.337282 0.025432
v -0.117782 0.349919 0.021103
v -0.104459 0.349919 0.018993
v -0.104459 0.363927 0.016774
v -0.118467 0.36932 0.018993
v -0.104459 0.36932 0.016774
v -0.104459 0.383328 0.018993
v -0.117782 0.383328 0.021103
v -0.1298 0.349919 0.027227
v -0.118467 0.363927 0.018993
v -0.120121 0.405993 0.040549
v -0.145461 0.349919 0.048782
v -0.115792 0.412432 0.053871
v -0.126964 0.358782 -0.123752
v -0.120735 0.385584 -0.10829
v -0.15274 0.385584 -0.095137
v -0.134286 0.406854 -0.074651
v -0.111034 0.406854 -0.084207
v -0.178139 0.385584 -0.074651
v -0.164587 0.406854 -0.041013
v -0.15274 0.406854 -0.059768
v -0.213616 0.358782 -0.053862
v -0.16867 0.406854 -0.020224
v -0.237074 0.305339 -0.030038
v -0.200065 0.385584 0.026179
v -0.134286 0.412763 0.095775
v -0.14979 0.36932 0.130855
v -0.22508 0.320489 0.027658
v -0.22508 0.320489 -0.02653
v -0.164587 0.345569 0.137481
v -0.086035 0.318 0.177993
v 0.169187 0.304041 0.1431
v -0.12911 0.304041 0.163257
v 0.085775 0.304041 -0.171147
v -0.227167 0.307086 -0.029238
v -0.199313 -0.213338 0.025566
v -0.2056 -0.173644 -0.02651
v -0.148955 -0.277564 0.048897
v -0.193334 -0.213338 0.063317
v -0.181068 -0.249146 0.025566
v -0.2056 -0.173644 0.025566
v -0.181068 -0.173644 0.101068
v -0.199313 -0.173644 0.065259
v -0.148955 -0.213338 0.124399
v -0.077148 -0.213338 0.147731
v 0.085775 0.307086 0.170203
v 0.077665 -0.277564 0.101068
v 0.077665 -0.249146 0.129485
v 0.077665 -0.213338 0.147731
v 0.129627 0.307086 0.163257
v 0.077665 -0.173644 0.154018
v -0.121527 -0.277564 -0.087593
v -0.089414 -0.295809 -0.064261
v -0.138231 -0.249146 -0.110583
v -0.114899 -0.213338 -0.142696
v -0.16867 0.307086 -0.144045
v 0.089932 -0.295809 0.063317
v 0.100997 -0.277564 0.097372
v 0.109778 -0.249146 0.124399
v 0.115417 -0.213338 0.141751
v 0.169187 0.307086 0.1431
v 0.117359 -0.173644 0.147731
v -0.175982 -0.213338 -0.098317
v 0.100997 -0.295809 0.057679
v 0.122045 -0.277564 0.086648
v 0.138748 -0.249146 0.109638
v 0.149472 -0.213338 0.124399
v 0.200582 0.307086 0.111706
v 0.153168 -0.173644 0.129485
v -0.138231 -0.277564 -0.070889
v -0.175982 -0.249146 -0.058623
v -0.161221 -0.249146 -0.087593
v 0.109778 -0.295809 0.048897
v 0.138748 -0.277564 0.069945
v 0.176499 -0.249146 0.057679
v 0.161738 -0.249146 0.086648
v 0.193851 -0.213338 0.063317
v 0.176499 -0.213338 0.097372
v 0.199831 -0.173644 0.065259
v 0.220739 0.307086 0.072146
v 0.181585 -0.173644 0.101068
v -0.114899 -0.295809 -0.038776
v 0.117359 -0.295809 0.025566
v 0.115417 -0.295809 0.037832
v 0.153168 -0.277564 0.025566
v 0.181585 -0.249146 0.025566
v 0.149472 -0.277564 0.048897
v -0.167443 0.316518 0.141412
v -0.14979 0.363927 0.062105
v -0.147571 0.383328 0.062105
v -0.1298 0.405993 0.053871
v -0.146755 0.348318 0.144928
v -0.144308 0.389732 0.117628
v -0.109253 0.413891 0.100878
v -0.118467 0.412432 0.062105
v 0.116309 0.337282 0.027227
v -0.104459 0.395965 0.025432
v -0.104459 0.412432 0.048097
v -0.108788 0.320815 0.048782
v -0.112693 0.405993 0.036764
v -0.126015 0.337282 0.032436
v -0.120121 0.327254 0.040549
v -0.1298 0.383328 0.027227
v -0.115792 0.395965 0.027227
v -0.126015 0.395965 0.032436
v -0.126015 0.327254 0.046443
v -0.141132 0.363927 0.03546
v -0.139337 0.349919 0.036764
v -0.131104 0.363927 0.025432
v 0.123974 0.323357 0.160922
v -0.131104 0.36932 0.025432
v -0.139337 0.383328 0.036764
v -0.134128 0.395965 0.040549
v -0.126015 0.405993 0.046443
v -0.1298 0.327254 0.053871
v -0.134128 0.337282 0.040549
v 0.13642 0.332053 0.154603
v 0.141649 0.337282 0.150969
v 0.142352 0.338661 0.150355
v 0.148088 0.349919 0.143557
v -0.147571 0.363927 0.048097
v -0.141132 0.36932 0.03546
v 0.150086 0.362531 0.135017
v 0.150307 0.363927 0.134072
v 0.224211 0.307086 0.05022
v -0.184658 -0.231242 -0.061442
v -0.196324 -0.213338 -0.045386
v -0.196324 -0.193491 -0.065232
v -0.202457 -0.173644 -0.046357
v -0.209767 0.066721 -0.069647
v -0.223694 0.307086 -0.051164
v -0.151726 -0.277564 -0.032343
v -0.096995 -0.298952 -0.02651
v 0.115903 -0.295809 0.034765
v 0.227684 0.307086 -0.000473
v -0.166859 -0.263355 -0.02651
v -0.181068 -0.249146 -0.000472
v -0.199313 -0.213338 -0.000472
v -0.202457 -0.193491 -0.02651
v 0.116874 -0.295809 0.028632
v -0.227167 0.307086 -0.000473
v -0.096023 -0.298952 0.031699
v 0.224211 0.307086 -0.051164
v -0.150803 -0.277564 0.037232
v -0.166859 -0.263355 0.025566
v -0.202457 -0.193491 0.025566
v 0.150396 -0.277564 0.043064
v -0.223694 0.307086 0.05022
v 0.152244 -0.277564 0.031399
v 0.096541 -0.298952 -0.032643
v 0.21066 0.307086 -0.09287
v -0.11208 -0.295809 0.043365
v -0.093204 -0.298952 0.037232
v -0.131927 -0.286687 0.043365
v -0.143593 -0.277564 0.059421
v -0.168601 -0.249146 0.072164
v 0.178668 -0.24467 0.058384
v -0.184658 -0.231242 0.060498
v -0.184658 -0.213338 0.080344
v -0.196324 -0.193491 0.064288
v -0.190191 -0.173644 0.083164
v 0.194599 -0.213338 0.058598
v 0.093721 -0.298952 -0.038176
v 0.184885 0.307086 -0.128348
v -0.210143 0.307086 0.091926
v 0.196094 -0.213338 0.04916
v -0.123746 -0.286687 0.059421
v -0.129879 -0.277564 0.078296
v -0.149726 -0.249146 0.098143
v 0.197589 -0.213338 0.039723
v -0.168601 -0.231242 0.09201
v 0.199084 -0.213338 0.030285
v 0.089331 -0.298952 -0.042567
v 0.149407 0.307086 -0.154124
v -0.178525 -0.193491 0.09922
v -0.166859 -0.173644 0.115277
v 0.200617 -0.173644 0.060297
v -0.190566 0.066721 0.106387
v -0.184367 0.307086 0.127403
v 0.202188 -0.173644 0.050374
v -0.088814 -0.298952 0.041623
v -0.083281 -0.298952 0.044441
v -0.129879 -0.263355 0.098143
v 0.083798 -0.298952 -0.045386
v 0.107701 0.307086 -0.167674
v -0.16066 0.066721 0.136292
v -0.14889 0.307086 0.153179
v 0.077665 -0.298952 -0.046357
v 0.077665 -0.231242 -0.139553
v 0.077665 -0.193491 -0.151819
v 0.000259 0.307086 -0.171147
v -0.122976 0.066721 0.155494
v -0.107184 0.307086 0.16673
v 0.20376 -0.173644 0.040451
v -0.083281 -0.298952 -0.045386
v -0.077148 -0.298952 0.045413
v -0.077148 -0.286687 0.083164
v 0.000259 0.307086 0.170203
v -0.107184 0.307086 -0.167674
v 0.083798 -0.298952 0.044441
v 0.107701 0.307086 0.16673
v -0.123746 -0.249146 -0.117964
v -0.131927 -0.213338 -0.13402
v 0.205331 -0.173644 0.030528
v -0.14889 0.307086 -0.154124
v 0.221607 0.307086 0.066664
v 0.149407 0.307086 0.153179
v -0.088814 -0.298952 -0.042567
v -0.093204 -0.298952 -0.038176
v -0.129879 -0.263355 -0.099088
v -0.162468 -0.213338 -0.111831
v -0.150803 -0.193491 -0.127887
v -0.166859 -0.173644 -0.116221
v 0.089331 -0.298952 0.041623
v 0.184885 0.307086 0.127403
v -0.16066 0.066721 -0.137237
v -0.184367 0.307086 -0.128348
v 0.223343 0.307086 0.055701
v -0.168601 -0.249146 -0.073108
v 0.22508 0.307086 0.044738
v 0.093721 -0.298952 0.037232
v 0.150243 -0.263355 0.078296
v 0.21066 0.307086 0.091926
v -0.178525 -0.193491 -0.100164
v -0.190191 -0.173644 -0.084108
v 0.226816 0.307086 0.033775
v -0.210143 0.307086 -0.09287
v -0.178151 -0.24467 -0.059328
v -0.096023 -0.298952 -0.032643
v -0.131927 -0.286687 -0.044309
v -0.182489 -0.235718 -0.060737
v 0.096541 -0.298952 0.031699
v 0.097512 -0.298952 0.025566
v -0.191165 -0.217814 -0.063556
v 0.190708 -0.231242 0.025566
v 0.179042 -0.249146 0.041623
v -0.198566 -0.213338 -0.031229
v 0.202974 -0.193491 0.025566
v 0.196841 -0.213338 0.044441
v -0.197071 -0.188529 -0.065475
v 0.216901 0.066721 0.026929
v 0.202974 -0.173644 0.045413
v -0.198566 -0.178606 -0.065961
v -0.190191 -0.231242 -0.02651
v -0.178525 -0.249146 -0.042567
v -0.200099 -0.173644 -0.061242
v -0.216384 0.066721 -0.027874
v -0.096995 -0.298952 0.025566
v -0.201671 -0.173644 -0.051319
v -0.134746 -0.286687 0.025566
v -0.116842 -0.295809 -0.000472
v -0.203242 -0.173644 -0.041395
v 0.097512 -0.298952 -0.02651
v 0.077665 -0.302096 -0.000472
v -0.204814 -0.173644 -0.031472
v 0.135264 -0.286687 -0.02651
v 0.117359 -0.295809 -0.000472
v -0.201927 -0.113553 -0.067065
v 0.167377 -0.263355 -0.02651
v 0.153168 -0.277564 -0.000472
v -0.217608 0.246995 -0.072229
v 0.190708 -0.231242 -0.02651
v 0.181585 -0.249146 -0.000472
v -0.221089 0.307086 -0.067609
v 0.202974 -0.193491 -0.02651
v 0.199831 -0.213338 -0.000472
v -0.222826 0.307086 -0.056646
v 0.216901 0.066721 -0.027874
v 0.206117 -0.173644 -0.000472
v -0.224562 0.307086 -0.045683
v -0.15265 -0.277564 -0.000472
v -0.226299 0.307086 -0.03472
v -0.190191 -0.231242 0.025566
v -0.08211 -0.30131 -0.02651
v -0.216384 0.066721 0.026929
v -0.2056 -0.173644 -0.000472
v -0.101957 -0.298167 -0.02651
v 0.132445 -0.286687 -0.044309
v 0.116388 -0.295809 -0.032643
v -0.116842 -0.295809 -0.020001
v 0.162985 -0.263355 -0.054232
v 0.15132 -0.277564 -0.038176
v -0.116842 -0.295809 -0.006981
v 0.185175 -0.231242 -0.061442
v 0.179042 -0.249146 -0.042567
v -0.116842 -0.295809 0.006038
v 0.196841 -0.193491 -0.065232
v 0.196841 -0.213338 -0.045386
v -0.116842 -0.295809 0.019057
v 0.210285 0.066721 -0.069647
v 0.202974 -0.173644 -0.046357
v -0.121318 -0.293528 -0.02651
v -0.115871 -0.295809 0.031699
v -0.148174 -0.279845 -0.02651
v -0.162468 -0.263355 0.053288
v -0.15265 -0.277564 -0.020001
v -0.178525 -0.249146 0.041623
v -0.196324 -0.213338 0.044441
v -0.209767 0.066721 0.068703
v -0.202457 -0.173644 0.045413
v -0.15265 -0.277564 0.006038
v 0.124263 -0.286687 -0.060366
v 0.112598 -0.295809 -0.044309
v 0.082627 -0.30131 0.025566
v 0.150243 -0.263355 -0.079241
v 0.14411 -0.277564 -0.060366
v 0.09255 -0.299738 0.025566
v 0.169119 -0.231242 -0.092955
v 0.169119 -0.249146 -0.073108
v 0.102474 -0.298167 0.025566
v 0.179042 -0.193491 -0.100164
v 0.185175 -0.213338 -0.081289
v 0.112397 -0.296595 0.025566
v 0.191084 0.066721 -0.107331
v 0.190708 -0.173644 -0.084108
v 0.117359 -0.295809 0.019057
v -0.149726 -0.263355 0.078296
v 0.117359 -0.295809 0.006038
v 0.117359 -0.295809 -0.020001
v 0.111521 -0.286687 -0.073108
v 0.105388 -0.295809 -0.054232
v 0.130787 -0.288967 0.025566
v 0.130397 -0.263355 -0.099088
v 0.130397 -0.277564 -0.079241
v 0.153168 -0.277564 0.019057
v 0.14411 -0.231242 -0.117964
v 0.150243 -0.249146 -0.099088
v 0.153168 -0.277564 0.006038
v 0.15132 -0.193491 -0.127887
v 0.162985 -0.213338 -0.111831
v 0.153168 -0.277564 -0.006981
v 0.161178 0.066721 -0.137237
v 0.167377 -0.173644 -0.116221
v 0.153168 -0.277564 -0.020001
v -0.111003 -0.286687 0.072164
v -0.104871 -0.295809 0.053288
v -0.143593 -0.231242 0.117019
v 0.181585 -0.249146 0.019057
v 0.095465 -0.286687 -0.081289
v 0.095465 -0.295809 -0.061442
v 0.181585 -0.249146 0.006038
v 0.105388 -0.263355 -0.111831
v 0.111521 -0.277564 -0.092955
v 0.181585 -0.249146 -0.006981
v 0.112598 -0.231242 -0.13402
v 0.124263 -0.249146 -0.117964
v 0.181585 -0.249146 -0.020001
v 0.116388 -0.193491 -0.145686
v 0.132445 -0.213338 -0.13402
v 0.183866 -0.24467 0.025566
v 0.123493 0.066721 -0.156438
v 0.135264 -0.173644 -0.139553
v -0.150803 -0.193491 0.126942
v -0.162468 -0.213338 0.110886
v 0.188427 -0.235718 0.025566
v -0.094947 -0.286687 0.080344
v -0.094947 -0.295809 0.060498
v 0.192989 -0.226766 0.025566
v -0.104871 -0.263355 0.110886
v -0.111003 -0.277564 0.09201
v 0.19755 -0.217814 0.025566
v 0.077665 -0.286687 -0.084108
v 0.083798 -0.295809 -0.065232
v 0.199831 -0.213338 0.019057
v 0.077665 -0.263355 -0.116221
v 0.089331 -0.277564 -0.100164
v 0.199831 -0.213338 0.006038
v 0.093721 -0.249146 -0.127887
v 0.199831 -0.213338 -0.006981
v 0.096541 -0.213338 -0.145686
v 0.199831 -0.213338 -0.020001
v 0.08172 0.066721 -0.163055
v 0.097512 -0.173644 -0.151819
v 0.200617 -0.208376 0.025566
v -0.11208 -0.231242 0.133075
v -0.123746 -0.249146 0.117019
v 0.202188 -0.198453 0.025566
v -0.115871 -0.193491 0.144741
v -0.131927 -0.213338 0.133075
v 0.20376 -0.188529 0.025566
v -0.134746 -0.173644 0.138608
v 0.205331 -0.178606 0.025566
v -0.083281 -0.295809 0.064288
v 0.206117 -0.173644 0.019057
v -0.077148 -0.298952 -0.046357
v 0.206117 -0.173644 0.006038
v -0.077148 -0.286687 -0.084108
v 0.000259 -0.295809 -0.066204
v 0.206117 -0.173644 -0.006981
v -0.077148 -0.263355 -0.116221
v 0.000259 -0.277564 -0.102012
v 0.206117 -0.173644 -0.020001
v -0.077148 -0.231242 -0.139553
v 0.000259 -0.249146 -0.13043
v 0.208813 -0.113553 0.025907
v -0.077148 -0.193491 -0.151819
v 0.000259 -0.213338 -0.148675
v 0.214205 0.00663 0.026589
v -0.081203 0.066721 -0.163055
v 0.000259 -0.173644 -0.154962
v 0.219596 0.126812 0.02727
v -0.077148 -0.263355 0.115277
v -0.088814 -0.277564 0.09922
v 0.224988 0.246995 0.027952
v -0.077148 -0.231242 0.138608
v -0.093204 -0.249146 0.126942
v 0.227684 0.307086 0.021102
v -0.077148 -0.193491 0.150874
v -0.096023 -0.213338 0.144741
v -0.081203 0.066721 0.162111
v -0.096995 -0.173644 0.150874
v 0.227684 0.307086 0.006719
v 0.000259 -0.302096 -0.02651
v -0.077148 -0.302096 -0.000472
v 0.227684 0.307086 -0.007664
v -0.094947 -0.286687 -0.081289
v -0.083281 -0.295809 -0.065232
v 0.227684 0.307086 -0.022047
v 0.077665 -0.298952 0.045413
v 0.000259 -0.302096 0.025566
v -0.177516 -0.252698 -0.02651
v 0.077665 -0.286687 0.083164
v 0.000259 -0.295809 0.065259
v -0.181068 -0.249146 -0.006981
v 0.077665 -0.263355 0.115277
v 0.000259 -0.277564 0.101068
v -0.181068 -0.249146 0.006038
v 0.077665 -0.231242 0.138608
v 0.000259 -0.249146 0.129485
v -0.181068 -0.249146 0.019057
v 0.077665 -0.193491 0.150874
v 0.000259 -0.213338 0.147731
v -0.18791 -0.235718 -0.02651
v 0.08172 0.066721 0.162111
v 0.000259 -0.173644 0.154018
v -0.192471 -0.226766 -0.02651
v -0.104871 -0.263355 -0.111831
v -0.088814 -0.277564 -0.100164
v -0.199313 -0.213338 -0.006981
v -0.11208 -0.231242 -0.13402
v -0.093204 -0.249146 -0.127887
v -0.199313 -0.213338 0.006038
v -0.115871 -0.193491 -0.145686
v -0.096023 -0.213338 -0.145686
v -0.199313 -0.213338 0.019057
v -0.122976 0.066721 -0.156438
v -0.096995 -0.173644 -0.151819
v -0.200099 -0.208376 -0.02651
v 0.095465 -0.286687 0.080344
v 0.083798 -0.295809 0.064288
v -0.204814 -0.178606 -0.02651
v 0.105388 -0.263355 0.110886
v 0.089331 -0.277564 0.09922
v -0.2056 -0.173644 -0.006981
v 0.112598 -0.231242 0.133075
v 0.093721 -0.249146 0.126942
v -0.2056 -0.173644 0.006038
v 0.116388 -0.193491 0.144741
v 0.096541 -0.213338 0.144741
v -0.2056 -0.173644 0.019057
v 0.123493 0.066721 0.155494
v 0.097512 -0.173644 0.150874
v -0.208296 -0.113553 -0.026851
v -0.111003 -0.286687 -0.073108
v -0.094947 -0.295809 -0.061442
v -0.213688 0.00663 -0.027533
v -0.111003 -0.277564 -0.092955
v -0.143593 -0.231242 -0.117964
v -0.224471 0.246995 -0.028897
v -0.134746 -0.173644 -0.139553
v -0.227167 0.307086 -0.022047
v 0.111521 -0.286687 0.072164
v 0.095465 -0.295809 0.060498
v -0.227167 0.307086 -0.007664
v 0.130397 -0.263355 0.098143
v 0.111521 -0.277564 0.09201
v -0.227167 0.307086 0.006719
v 0.14411 -0.231242 0.117019
v 0.124263 -0.249146 0.117019
v -0.227167 0.307086 0.021102
v 0.15132 -0.193491 0.126942
v 0.132445 -0.213338 0.133075
v -0.116113 -0.295809 0.030166
v 0.161178 0.066721 0.136292
v 0.135264 -0.173644 0.138608
v -0.115142 -0.295809 0.036299
v -0.123746 -0.286687 -0.060366
v -0.104871 -0.295809 -0.054232
v -0.11018 -0.296595 0.036299
v -0.149726 -0.263355 -0.079241
v -0.129879 -0.277564 -0.079241
v 0.082627 -0.30131 -0.02651
v -0.168601 -0.231242 -0.092955
v -0.149726 -0.249146 -0.099088
v 0.09255 -0.299738 -0.02651
v 0.091822 -0.299738 -0.03111
v 0.124263 -0.286687 0.059421
v 0.105388 -0.295809 0.053288
v 0.102474 -0.298167 -0.02651
v 0.130397 -0.277564 0.078296
v 0.116631 -0.295809 -0.03111
v 0.169119 -0.231242 0.09201
v 0.150243 -0.249146 0.098143
v 0.130787 -0.288967 -0.02651
v 0.179042 -0.193491 0.09922
v 0.162985 -0.213338 0.110886
v 0.13974 -0.284406 -0.02651
v 0.191084 0.066721 0.106387
v 0.167377 -0.173644 0.115277
v -0.190566 0.066721 -0.107331
v 0.148692 -0.279845 -0.02651
v -0.11208 -0.295809 -0.044309
v 0.152706 -0.277564 -0.029426
v -0.162468 -0.263355 -0.054232
v -0.143593 -0.277564 -0.060366
v 0.151782 -0.277564 -0.035259
v 0.132445 -0.286687 0.043365
v 0.112598 -0.295809 0.043365
v 0.150858 -0.277564 -0.041092
v 0.162985 -0.263355 0.053288
v 0.14411 -0.277564 0.059421
v 0.149934 -0.277564 -0.046926
v 0.185175 -0.231242 0.060498
v 0.169119 -0.249146 0.072164
v 0.15672 -0.274012 -0.02651
v 0.196841 -0.193491 0.064288
v 0.185175 -0.213338 0.080344
v 0.163824 -0.266907 -0.02651
v 0.210285 0.066721 0.068703
v 0.190708 -0.173644 0.083164
v -0.184658 -0.213338 -0.081289
v 0.170929 -0.259803 -0.02651
v -0.134746 -0.286687 -0.02651
v -0.115871 -0.295809 -0.032643
v -0.150803 -0.277564 -0.038176
v 0.178033 -0.252698 -0.02651
v 0.135264 -0.286687 0.025566
v 0.116388 -0.295809 0.031699
v 0.180949 -0.249146 -0.030524
v 0.167377 -0.263355 0.025566
v 0.15132 -0.277564 0.037232
v 0.180837 -0.240194 0.059088
v 0.179678 -0.249146 -0.038552
v 0.178406 -0.249146 -0.046581
v 0.189513 -0.22229 0.061907
v 0.195346 -0.213338 0.053879
v 0.177135 -0.249146 -0.054609
v 0.198336 -0.213338 0.035004
v 0.183866 -0.24467 -0.02651
v 0.188427 -0.235718 -0.02651
v 0.195346 -0.203415 0.063802
v 0.192989 -0.226766 -0.02651
v 0.19755 -0.217814 -0.02651
v 0.198336 -0.183567 0.064773
v 0.201403 -0.173644 0.055336
v 0.199084 -0.213338 -0.031229
v 0.204545 -0.173644 0.035489
v 0.197589 -0.213338 -0.040667
v 0.196094 -0.213338 -0.050104
v 0.205058 -0.053461 0.066981
v 0.194599 -0.213338 -0.059542
v 0.200617 -0.208376 -0.02651
v 0.215512 0.186904 0.070424
v 0.222475 0.307086 0.061183
v 0.202188 -0.198453 -0.02651
v 0.225948 0.307086 0.039256
v 0.20376 -0.188529 -0.02651
v 0.205331 -0.178606 -0.02651
v -0.18032 -0.240194 -0.060032
v 0.205331 -0.173644 -0.031472
v 0.20376 -0.173644 -0.041395
v 0.202188 -0.173644 -0.051319
v -0.197818 -0.213338 -0.035948
v 0.200617 -0.173644 -0.061242
v -0.194829 -0.203415 -0.064747
v 0.208813 -0.113553 -0.026851
v 0.214205 0.00663 -0.027533
v -0.197818 -0.183567 -0.065718
v 0.219596 0.126812 -0.028215
v -0.204028 -0.173644 -0.036434
v 0.224988 0.246995 -0.028897
v 0.226816 0.307086 -0.03472
v -0.221958 0.307086 -0.062127
v 0.22508 0.307086 -0.045683
v -0.225431 0.307086 -0.040201
v 0.223343 0.307086 -0.056646
v -0.087072 -0.300524 -0.02651
v 0.221607 0.307086 -0.067609
v -0.121318 -0.293528 0.025566
v -0.106919 -0.297381 -0.02651
v -0.116842 -0.295809 -0.013491
v -0.13027 -0.288967 0.025566
v -0.116842 -0.295809 0.012547
v -0.148174 -0.279845 0.025566
v -0.152188 -0.277564 0.028482
v -0.125794 -0.291248 -0.02651
v -0.151264 -0.277564 0.034315
v -0.150341 -0.277564 0.040148
v -0.15265 -0.277564 -0.013491
v -0.163307 -0.266907 0.025566
v -0.177889 -0.249146 0.045637
v -0.176618 -0.249146 0.053665
v 0.087589 -0.300524 0.025566
v -0.18791 -0.235718 0.025566
v -0.192471 -0.226766 0.025566
v 0.107436 -0.297381 0.025566
v 0.117359 -0.295809 0.012547
v -0.197032 -0.217814 0.025566
v 0.117359 -0.295809 -0.013491
v -0.203242 -0.188529 0.025566
v -0.204814 -0.178606 0.025566
v 0.126311 -0.291248 0.025566
v -0.204814 -0.173644 0.030528
v -0.203242 -0.173644 0.040451
v 0.144216 -0.282125 0.025566
v 0.153168 -0.277564 0.012547
v -0.213688 0.00663 0.026589
v 0.153168 -0.277564 -0.013491
v -0.226299 0.307086 0.033775
v -0.224562 0.307086 0.044738
v 0.160272 -0.270459 0.025566
v -0.222826 0.307086 0.055701
v -0.221089 0.307086 0.066664
v 0.174481 -0.256251 0.025566
v 0.181585 -0.249146 0.012547
v 0.082384 -0.30131 -0.028043
v 0.181585 -0.249146 -0.013491
v 0.10126 -0.298167 -0.034176
v 0.110698 -0.296595 -0.037243
v 0.114712 -0.295809 -0.040159
v 0.110483 -0.295809 -0.048459
v 0.119674 -0.293528 -0.040159
v 0.128188 -0.288967 -0.042926
v 0.136701 -0.284406 -0.045692
v 0.145215 -0.279845 -0.048459
v 0.148132 -0.277564 -0.052473
v 0.227684 0.307086 0.01391
v 0.145451 -0.277564 -0.057735
v 0.227684 0.307086 -0.014855
v 0.142769 -0.277564 -0.062996
v -0.159754 -0.270459 -0.02651
v 0.140089 -0.277564 -0.068258
v 0.15285 -0.274012 -0.05094
v -0.173963 -0.256251 -0.02651
v 0.159607 -0.266907 -0.053135
v -0.181068 -0.249146 0.012547
v 0.166364 -0.259803 -0.05533
v 0.173121 -0.252698 -0.057525
v -0.185629 -0.240194 -0.02651
v 0.174654 -0.249146 -0.062244
v 0.170964 -0.249146 -0.069487
v -0.194752 -0.22229 -0.02651
v 0.167273 -0.249146 -0.076729
v -0.199313 -0.213338 0.012547
v 0.163583 -0.249146 -0.083972
v 0.178668 -0.24467 -0.059328
v 0.183006 -0.235718 -0.060737
v -0.204028 -0.183567 -0.02651
v -0.2056 -0.173644 -0.013491
v 0.187344 -0.226766 -0.062147
v -0.2056 -0.173644 0.012547
v 0.191682 -0.217814 -0.063556
v 0.191682 -0.213338 -0.068518
v 0.187344 -0.213338 -0.077032
v -0.227167 0.307086 -0.014855
v 0.183006 -0.213338 -0.085546
v -0.227167 0.307086 0.01391
v 0.178668 -0.213338 -0.09406
v 0.194599 -0.208376 -0.064504
v -0.086586 -0.300524 0.028632
v -0.116356 -0.295809 0.028632
v 0.196094 -0.198453 -0.06499
v 0.197589 -0.188529 -0.065475
v 0.199084 -0.178606 -0.065961
v 0.19755 -0.173644 -0.07068
v 0.192989 -0.173644 -0.079632
v 0.188427 -0.173644 -0.088584
v 0.183866 -0.173644 -0.097536
v 0.202445 -0.113553 -0.067065
v 0.207672 0.00663 -0.068786
v 0.212899 0.126812 -0.070508
v 0.218126 0.246995 -0.072229
v 0.218219 0.307086 -0.078035
v 0.21318 0.307086 -0.087925
v 0.208141 0.307086 -0.097815
v 0.203102 0.307086 -0.107705
v -0.081867 -0.30131 0.027099
v -0.091305 -0.299738 0.030166
v -0.100742 -0.298167 0.033232
v 0.225948 0.307086 -0.040201
v -0.112785 -0.295809 0.041981
v 0.222475 0.307086 -0.062127
v -0.109966 -0.295809 0.047514
v -0.119156 -0.293528 0.039215
v -0.12767 -0.288967 0.041981
v -0.136184 -0.284406 0.044748
v -0.15909 -0.266907 0.05219
v -0.172604 -0.252698 0.056581
v -0.166756 -0.249146 0.075785
v -0.177253 -0.249146 0.049651
v -0.182489 -0.235718 0.059793
v -0.186827 -0.226766 0.061203
v -0.191165 -0.217814 0.062612
v -0.194752 -0.22229 0.025566
v -0.197818 -0.213338 0.035004
v -0.182489 -0.213338 0.084601
v -0.194829 -0.213338 0.053879
v -0.198566 -0.178606 0.065016
v -0.18791 -0.173644 0.08764
v -0.183349 -0.173644 0.096592
v 0.081679 -0.30131 -0.029426
v -0.204028 -0.183567 0.025566
v 0.089707 -0.299738 -0.035259
v 0.097736 -0.298167 -0.041092
v 0.105764 -0.296595 -0.046926
v -0.221775 0.186904 0.027611
v -0.225431 0.307086 0.039256
v 0.10868 -0.295809 -0.05094
v -0.221958 0.307086 0.061183
v 0.10429 -0.295809 -0.05533
v 0.087103 -0.300524 -0.029576
v 0.102095 -0.295809 -0.057525
v 0.105979 -0.297381 -0.035709
v 0.113399 -0.293528 -0.052473
v 0.120642 -0.288967 -0.057735
v 0.127884 -0.284406 -0.062996
v 0.135127 -0.279845 -0.068258
v 0.13666 -0.277564 -0.072977
v 0.128309 -0.277564 -0.081329
v 0.124133 -0.277564 -0.085505
v 0.141622 -0.274012 -0.072977
v 0.147369 -0.266907 -0.077153
v 0.153117 -0.259803 -0.081329
v 0.158864 -0.252698 -0.085505
v 0.158864 -0.249146 -0.090467
v 0.153117 -0.249146 -0.096214
v 0.147369 -0.249146 -0.101962
v 0.141622 -0.249146 -0.107709
v 0.2157 0.307086 -0.08298
v 0.163583 -0.24467 -0.088933
v 0.205621 0.307086 -0.10276
v 0.167273 -0.235718 -0.091615
v 0.170964 -0.226766 -0.094296
v -0.105461 -0.297381 0.034765
v 0.174654 -0.217814 -0.096976
v 0.173121 -0.213338 -0.101695
v 0.166364 -0.213338 -0.108452
v -0.140441 -0.282125 0.046131
v 0.159607 -0.213338 -0.115209
v -0.140912 -0.277564 0.064683
v 0.15285 -0.213338 -0.121966
v 0.177135 -0.208376 -0.098779
v -0.155712 -0.270459 0.051093
v 0.178406 -0.198453 -0.099703
v 0.179678 -0.188529 -0.100626
v -0.169225 -0.256251 0.055484
v -0.172292 -0.249146 0.064921
v 0.180949 -0.178606 -0.10155
v 0.178033 -0.173644 -0.105564
v -0.18032 -0.240194 0.059088
v 0.170929 -0.173644 -0.112669
v -0.188996 -0.22229 0.061907
v -0.188996 -0.213338 0.071831
v 0.163824 -0.173644 -0.119773
v 0.15672 -0.173644 -0.126878
v 0.18396 -0.113553 -0.103342
v -0.194829 -0.203415 0.063802
v 0.188709 0.00663 -0.106001
v 0.193458 0.126812 -0.108661
v 0.198207 0.246995 -0.11132
v -0.185629 -0.173644 0.092116
v 0.196658 0.307086 -0.116574
v 0.085693 -0.300524 -0.032343
v 0.188809 0.307086 -0.124423
v 0.10175 -0.297381 -0.044009
v 0.18096 0.307086 -0.132272
v 0.173111 0.307086 -0.140121
v -0.207154 0.00663 0.067842
v -0.217702 0.307086 0.077091
v -0.212663 0.307086 0.086981
v -0.207623 0.307086 0.096871
v -0.202584 0.307086 0.106761
v -0.081162 -0.30131 0.028482
v -0.080064 -0.30131 0.02958
v -0.08919 -0.299738 0.034315
v -0.085897 -0.299738 0.037608
v -0.097219 -0.298167 0.040148
v -0.105247 -0.296595 0.045981
v -0.108163 -0.295809 0.049995
v -0.105968 -0.295809 0.05219
v 0.192733 0.307086 -0.120499
v -0.101578 -0.295809 0.056581
v 0.177036 0.307086 -0.136196
v -0.097564 -0.296595 0.053665
v -0.20454 -0.053461 0.066981
v -0.091731 -0.298167 0.045637
v -0.214994 0.186904 0.070424
v -0.215182 0.307086 0.082036
v -0.112882 -0.293528 0.051528
v -0.205104 0.307086 0.101816
v -0.120125 -0.288967 0.05679
v -0.127367 -0.284406 0.062052
v -0.085176 -0.300524 0.031399
v -0.13461 -0.279845 0.067314
v -0.101233 -0.297381 0.043064
v -0.131967 -0.277564 0.076209
v -0.127791 -0.277564 0.080384
v -0.116504 -0.291248 0.054159
v -0.141105 -0.274012 0.072033
v -0.130989 -0.282125 0.064683
v -0.146852 -0.266907 0.076209
v -0.1526 -0.259803 0.080384
v -0.146852 -0.249146 0.101017
v -0.143979 -0.270459 0.074121
v -0.174137 -0.217814 0.096031
v -0.152333 -0.213338 0.121021
v -0.155474 -0.256251 0.082472
v 0.080582 -0.30131 -0.030524
v -0.143979 -0.249146 0.103891
v 0.079198 -0.30131 -0.031229
v 0.086414 -0.299738 -0.038552
v 0.082265 -0.299738 -0.040667
v -0.172292 -0.22229 0.094691
v 0.092248 -0.298167 -0.046581
v 0.098081 -0.296595 -0.054609
v 0.083498 -0.300524 -0.034538
v 0.099614 -0.295809 -0.059328
v 0.095164 -0.297381 -0.050595
v 0.096848 -0.295809 -0.060737
v 0.094081 -0.295809 -0.062147
v 0.091315 -0.295809 -0.063556
v 0.088399 -0.296595 -0.059542
v 0.085332 -0.298167 -0.050104
v 0.103628 -0.293528 -0.062244
v 0.10889 -0.288967 -0.069487
v 0.114152 -0.284406 -0.076729
v 0.119414 -0.279845 -0.083972
v 0.119414 -0.277564 -0.088933
v 0.114152 -0.277564 -0.091615
v 0.10889 -0.277564 -0.094296
v 0.103628 -0.277564 -0.096976
v 0.124133 -0.274012 -0.090467
v 0.128309 -0.266907 -0.096214
v 0.159297 0.307086 -0.149084
v 0.132484 -0.259803 -0.101962
v 0.139517 0.307086 -0.159163
v 0.13666 -0.252698 -0.107709
v -0.177253 -0.203415 0.098296
v 0.135127 -0.249146 -0.112428
v -0.179797 -0.183567 0.100144
v 0.127884 -0.249146 -0.116118
v 0.120642 -0.249146 -0.119809
v -0.185817 -0.053461 0.103728
v 0.113399 -0.249146 -0.123499
v -0.192216 0.307086 0.119555
v 0.140089 -0.24467 -0.112428
v -0.176519 0.307086 0.135252
v 0.142769 -0.235718 -0.116118
v -0.082981 -0.300524 0.033594
v 0.145451 -0.226766 -0.119809
v -0.080214 -0.300524 0.035004
v -0.094647 -0.297381 0.049651
v 0.148132 -0.217814 -0.123499
v 0.145215 -0.213338 -0.127513
v 0.136701 -0.213338 -0.131851
v -0.116265 -0.277564 0.089329
v 0.128188 -0.213338 -0.136189
v 0.119674 -0.213338 -0.140527
v 0.149934 -0.208376 -0.12598
v -0.125703 -0.270459 0.092395
v 0.150858 -0.198453 -0.127251
v 0.151782 -0.188529 -0.128523
v 0.152706 -0.178606 -0.129794
v 0.148692 -0.173644 -0.132711
v 0.080732 -0.300524 -0.035948
v 0.13974 -0.173644 -0.137272
v 0.086865 -0.297381 -0.054823
v 0.130787 -0.173644 -0.141833
v 0.121835 -0.173644 -0.146394
v 0.15517 -0.113553 -0.132132
v 0.159175 0.00663 -0.135536
v 0.16318 0.126812 -0.138939
v 0.167185 0.246995 -0.142343
v 0.164242 0.307086 -0.146565
v 0.154352 0.307086 -0.151604
v 0.144462 0.307086 -0.156643
v 0.134572 0.307086 -0.161682
v -0.176618 -0.208376 0.097834
v -0.177889 -0.198453 0.098758
v -0.179161 -0.188529 0.099682
v -0.177516 -0.173644 0.10462
v -0.163307 -0.173644 0.118829
v 0.118664 0.307086 -0.165938
v -0.183443 -0.113553 0.102398
v 0.096738 0.307086 -0.169411
v -0.188192 0.00663 0.105057
v -0.192941 0.126812 0.107717
v -0.196141 0.307086 0.11563
v -0.146274 -0.22229 0.120709
v -0.140441 -0.213338 0.128737
v -0.188292 0.307086 0.123479
v -0.123413 -0.213338 0.137413
v -0.180443 0.307086 0.131327
v -0.172594 0.307086 0.139176
v -0.108373 -0.288967 0.068542
v -0.127791 -0.266907 0.095269
v -0.151726 -0.183567 0.128213
v 0.077665 -0.299738 -0.041395
v -0.125794 -0.173644 0.143169
v 0.124145 0.307086 -0.16507
v 0.113182 0.307086 -0.166806
v -0.156655 -0.053461 0.132889
v 0.10222 0.307086 -0.168543
v 0.091257 0.307086 -0.170279
v -0.164665 0.186904 0.139696
v -0.15878 0.307086 0.148139
v -0.139572 -0.24467 0.111483
v -0.139 0.307086 0.158218
v -0.147615 -0.217814 0.122554
v -0.136184 -0.213338 0.130906
v -0.149417 -0.208376 0.125035
v -0.086348 -0.297381 0.053879
v -0.152188 -0.178606 0.128849
v -0.148174 -0.173644 0.131766
v -0.154653 -0.113553 0.131187
v -0.097714 -0.282125 0.088858
v -0.094647 -0.277564 0.098296
v -0.158657 0.00663 0.134591
v -0.163725 0.307086 0.14562
v 0.077665 -0.300524 -0.036434
v -0.153835 0.307086 0.150659
v 0.077665 -0.297381 -0.056281
v -0.143945 0.307086 0.155698
v -0.134055 0.307086 0.160737
v -0.078681 -0.30131 0.030285
v -0.081748 -0.299738 0.039723
v -0.084814 -0.298167 0.04916
v -0.087881 -0.296595 0.058598
v -0.078681 -0.295809 0.065016
v 0.077665 -0.30131 -0.031472
v 0.077665 -0.240194 -0.134991
v 0.077665 -0.298167 -0.051319
v 0.077665 -0.296595 -0.061242
v 0.077665 -0.22229 -0.144114
v 0.077665 -0.226766 -0.141833
v 0.01961 -0.173644 -0.154962
v 0.077665 -0.203415 -0.150247
v 0.064396 0.307086 -0.171147
v 0.021638 0.307086 -0.171147
v 0.038962 -0.173644 -0.154962
v -0.021121 0.307086 -0.171147
v -0.063879 0.307086 -0.171147
v -0.101578 -0.274012 0.10075
v 0.083748 0.186904 -0.167101
v 0.043017 0.307086 -0.171147
v -0.105247 -0.249146 0.125035
v -0.0425 0.307086 -0.171147
v -0.109966 -0.24467 0.126568
v -0.116599 -0.178606 0.146983
v -0.102675 -0.270459 0.104129
v -0.123628 0.307086 0.164125
v -0.112665 0.307086 0.165862
v -0.101703 0.307086 0.167598
v -0.09074 0.307086 0.169335
v -0.078681 -0.30131 -0.031229
v -0.105461 -0.213338 0.143246
v -0.087881 -0.296595 -0.059542
v -0.077148 -0.293528 -0.07068
v -0.115385 -0.203415 0.143246
v -0.077148 -0.30131 0.030528
v -0.077148 -0.299738 0.040451
v -0.106919 -0.173644 0.149303
v -0.077148 -0.298167 0.050374
v -0.087072 -0.173644 0.152446
v -0.077148 -0.296595 0.060297
v -0.077148 -0.259803 0.118829
v -0.119909 -0.053461 0.151612
v -0.077148 -0.235718 0.136327
v -0.077148 -0.217814 0.14545
v -0.126043 0.186904 0.159376
v -0.118147 0.307086 0.164993
v -0.077148 -0.208376 0.148517
v -0.096221 0.307086 0.168467
v -0.080189 0.00663 0.160087
v -0.082217 0.126812 0.164134
v -0.063879 0.307086 0.170203
v -0.021121 0.307086 0.170203
v 0.077665 -0.302096 -0.013491
v 0.021638 0.307086 0.170203
v 0.064396 0.307086 0.170203
v -0.077148 -0.300524 -0.036434
v -0.077148 -0.274012 -0.105564
v -0.080214 -0.300524 -0.035948
v -0.077148 -0.297381 -0.056281
v -0.080214 -0.295809 -0.065718
v -0.077148 -0.259803 -0.119773
v -0.101957 -0.173644 -0.151033
v -0.09074 0.307086 -0.170279
v -0.101703 0.307086 -0.168543
v -0.112665 0.307086 -0.166806
v -0.123628 0.307086 -0.16507
v -0.077148 -0.300524 0.035489
v -0.081748 -0.299738 -0.040667
v -0.085897 -0.299738 -0.038552
v -0.077148 -0.297381 0.055336
v -0.084814 -0.298167 -0.050104
v -0.09633 -0.295809 -0.060737
v -0.097564 -0.296595 -0.054609
v 0.079198 -0.30131 0.030285
v 0.105764 -0.249146 0.125035
v 0.082384 -0.213338 0.146983
v 0.077665 -0.208376 0.148517
v 0.077665 -0.178606 0.153232
v 0.102474 -0.173644 0.150089
v 0.082734 0.126812 0.164134
v 0.091257 0.307086 0.169335
v 0.10222 0.307086 0.167598
v 0.113182 0.307086 0.165862
v 0.124145 0.307086 0.164125
v -0.099097 -0.279845 -0.09406
v -0.0425 0.307086 0.170203
v -0.112882 -0.249146 -0.123499
v 0.043017 0.307086 0.170203
v -0.127367 -0.249146 -0.116118
v -0.13461 -0.249146 -0.112428
v -0.111375 -0.235718 -0.131851
v -0.112785 -0.226766 -0.136189
v -0.114194 -0.217814 -0.140527
v -0.136184 -0.213338 -0.131851
v -0.105461 -0.213338 -0.144191
v -0.115142 -0.208376 -0.143443
v -0.121318 -0.173644 -0.146394
v -0.077148 -0.203415 -0.150247
v -0.13027 -0.173644 -0.141833
v -0.121442 0.00663 -0.154498
v -0.127576 0.246995 -0.162261
v -0.134055 0.307086 -0.161682
v -0.079176 -0.053461 -0.159008
v -0.143945 0.307086 -0.156643
v -0.153835 0.307086 -0.151604
v -0.08323 0.186904 -0.167101
v -0.096221 0.307086 -0.169411
v -0.163725 0.307086 -0.146565
v -0.118147 0.307086 -0.165938
v 0.082265 -0.299738 0.039723
v 0.085332 -0.298167 0.04916
v 0.088399 -0.296595 0.058598
v -0.086348 -0.297381 -0.054823
v 0.130787 -0.173644 0.140889
v -0.094647 -0.297381 -0.050595
v 0.134572 0.307086 0.160737
v 0.077665 -0.300524 0.035489
v 0.144462 0.307086 0.155698
v 0.154352 0.307086 0.150659
v 0.164242 0.307086 0.14562
v -0.080064 -0.30131 -0.030524
v -0.091731 -0.298167 -0.046581
v -0.113634 -0.284406 -0.076729
v -0.123615 -0.277564 -0.085505
v -0.136143 -0.277564 -0.072977
v -0.123615 -0.274012 -0.090467
v -0.141105 -0.249146 -0.107709
v -0.146852 -0.249146 -0.101962
v 0.105979 -0.213338 0.143246
v -0.139572 -0.24467 -0.112428
v -0.142253 -0.235718 -0.116118
v -0.15909 -0.213338 -0.115209
v 0.107436 -0.173644 0.149303
v -0.172604 -0.213338 -0.101695
v -0.151264 -0.188529 -0.128523
v 0.096738 0.307086 0.168467
v -0.152188 -0.178606 -0.129794
v 0.118664 0.307086 0.164993
v -0.156202 -0.173644 -0.126878
v -0.163307 -0.173644 -0.119773
v -0.177516 -0.173644 -0.105564
v 0.080582 -0.30131 0.02958
v 0.081679 -0.30131 0.028482
v -0.102675 -0.270459 -0.105074
v 0.086414 -0.299738 0.037608
v -0.107066 -0.256251 -0.118587
v 0.092248 -0.298167 0.045637
v 0.098081 -0.296595 0.053665
v -0.110671 -0.240194 -0.129682
v 0.097736 -0.298167 0.040148
v 0.15672 -0.173644 0.125933
v 0.173111 0.307086 0.139176
v -0.140441 -0.213338 -0.129682
v 0.18096 0.307086 0.131327
v -0.115385 -0.203415 -0.144191
v 0.188809 0.307086 0.123479
v 0.196658 0.307086 0.11563
v -0.158657 0.00663 -0.135536
v -0.162662 0.126812 -0.138939
v -0.166667 0.246995 -0.142343
v -0.139 0.307086 -0.159163
v -0.172594 0.307086 -0.140121
v -0.15878 0.307086 -0.149084
v -0.180443 0.307086 -0.132272
v 0.080732 -0.300524 0.035004
v -0.188292 0.307086 -0.124423
v 0.086865 -0.297381 0.053879
v -0.196141 0.307086 -0.116574
v -0.081162 -0.30131 -0.029426
v -0.08919 -0.299738 -0.035259
v -0.097219 -0.298167 -0.041092
v -0.105247 -0.296595 -0.046926
v -0.111375 -0.295809 -0.045692
v -0.114194 -0.295809 -0.040159
v -0.13461 -0.279845 -0.068258
v -0.141105 -0.274012 -0.072977
v -0.1526 -0.259803 -0.081329
v -0.166756 -0.249146 -0.076729
v -0.174137 -0.249146 -0.062244
v -0.163066 -0.24467 -0.088933
v -0.166756 -0.235718 -0.091615
v -0.170447 -0.226766 -0.094296
v 0.139517 0.307086 0.158218
v -0.178151 -0.213338 -0.09406
v 0.159297 0.307086 0.148139
v -0.182489 -0.213338 -0.085546
v -0.082981 -0.300524 -0.034538
v -0.186827 -0.213338 -0.077032
v -0.191165 -0.213338 -0.068518
v 0.082384 -0.30131 0.027099
v 0.089707 -0.299738 0.034315
v 0.105764 -0.296595 0.045981
v -0.134055 -0.277564 -0.075065
v 0.10126 -0.298167 0.033232
v 0.142769 -0.277564 0.062052
v 0.203102 0.307086 0.106761
v -0.134055 -0.256251 -0.104836
v 0.208141 0.307086 0.096871
v -0.155474 -0.249146 -0.09334
v 0.21318 0.307086 0.086981
v -0.140912 -0.240194 -0.114273
v 0.218219 0.307086 0.077091
v -0.146274 -0.22229 -0.121654
v -0.155712 -0.213338 -0.118587
v -0.176618 -0.208376 -0.098779
v -0.169225 -0.213338 -0.105074
v -0.177889 -0.198453 -0.099703
v -0.179161 -0.188529 -0.100626
v -0.183349 -0.173644 -0.097536
v -0.151726 -0.183567 -0.129158
v -0.192471 -0.173644 -0.079632
v -0.197032 -0.173644 -0.07068
v -0.183443 -0.113553 -0.103342
v 0.083498 -0.300524 0.033594
v -0.188192 0.00663 -0.106001
v 0.095164 -0.297381 0.049651
v -0.19769 0.246995 -0.11132
v -0.202584 0.307086 -0.107705
v -0.207623 0.307086 -0.097815
v -0.212663 0.307086 -0.087925
v -0.217702 0.307086 -0.078035
v -0.081867 -0.30131 -0.028043
v -0.091305 -0.299738 -0.03111
v -0.092033 -0.299738 -0.02651
v -0.100742 -0.298167 -0.034176
v -0.11018 -0.296595 -0.037243
v -0.11188 -0.296595 -0.02651
v -0.136184 -0.284406 -0.045692
v -0.149417 -0.277564 -0.046926
v -0.150341 -0.277564 -0.041092
v -0.151264 -0.277564 -0.035259
v 0.177036 0.307086 0.135252
v -0.152333 -0.274012 -0.05094
v 0.192733 0.307086 0.119555
v -0.15909 -0.266907 -0.053135
v -0.156655 -0.053461 -0.133834
v -0.176618 -0.249146 -0.054609
v -0.179161 -0.249146 -0.038552
v -0.176519 0.307086 -0.136196
v -0.180432 -0.249146 -0.030524
v -0.192216 0.307086 -0.120499
v 0.091822 -0.299738 0.030166
v -0.085176 -0.300524 -0.032343
v 0.110698 -0.296595 0.036299
v -0.101233 -0.297381 -0.044009
v 0.116631 -0.295809 0.030166
v 0.152706 -0.277564 0.028482
v 0.177135 -0.249146 0.053665
v -0.140912 -0.277564 -0.065627
v 0.178406 -0.249146 0.045637
v 0.180949 -0.249146 0.02958
v 0.179678 -0.249146 0.037608
v -0.177889 -0.249146 -0.046581
v -0.197032 -0.217814 -0.02651
v -0.155474 -0.256251 -0.083417
v -0.164911 -0.249146 -0.080351
v -0.183349 -0.24467 -0.02651
v -0.194081 -0.213338 -0.059542
v -0.195576 -0.213338 -0.050104
v -0.172292 -0.22229 -0.095636
v -0.18032 -0.213338 -0.089803
v -0.203242 -0.188529 -0.02651
v -0.201671 -0.198453 -0.02651
v 0.085693 -0.300524 0.031399
v -0.197071 -0.213338 -0.040667
v 0.10175 -0.297381 0.043064
v -0.219079 0.126812 -0.028215
v -0.11188 -0.296595 0.025566
v -0.101957 -0.298167 0.025566
v -0.092033 -0.299738 0.025566
v -0.08211 -0.30131 0.025566
v -0.139222 -0.284406 0.025566
v 0.077665 -0.302096 0.019057
v 0.077665 -0.302096 0.006038
v 0.112397 -0.296595 -0.02651
v 0.077665 -0.302096 -0.020001
v 0.077665 -0.302096 -0.006981
v 0.121835 -0.293528 -0.02651
v 0.117359 -0.295809 -0.006981
v -0.15265 -0.277564 -0.006981
v -0.177516 -0.252698 0.025566
v 0.205621 0.307086 0.101816
v -0.170411 -0.259803 0.025566
v 0.2157 0.307086 0.082036
v -0.156202 -0.274012 0.025566
v -0.15265 -0.277564 0.019057
v -0.179797 -0.183567 -0.101088
v -0.185629 -0.173644 -0.09306
v -0.181068 -0.249146 -0.020001
v -0.194752 -0.173644 -0.075156
v -0.183349 -0.24467 0.025566
v -0.199313 -0.213338 -0.020001
v -0.201671 -0.198453 0.025566
v -0.205104 0.307086 -0.10276
v -0.200099 -0.208376 0.025566
v -0.215182 0.307086 -0.08298
v -0.2056 -0.173644 -0.020001
v -0.086586 -0.300524 -0.029576
v -0.224471 0.246995 0.027952
v -0.105461 -0.297381 -0.035709
v -0.219079 0.126812 0.02727
v -0.116356 -0.295809 -0.029576
v -0.208296 -0.113553 0.025907
v 0.117116 -0.295809 -0.028043
v -0.140441 -0.282125 -0.047075
v 0.11566 -0.295809 -0.037243
v 0.116145 -0.295809 -0.034176
v -0.155712 -0.270459 -0.052037
v -0.116599 -0.295809 0.027099
v -0.144698 -0.279845 0.047514
v -0.115628 -0.295809 0.033232
v 0.087103 -0.300524 0.028632
v -0.165847 -0.259803 0.054386
v 0.105979 -0.297381 0.034765
v -0.152333 -0.274012 0.049995
v -0.149417 -0.277564 0.045981
v -0.180432 -0.249146 0.02958
v -0.179161 -0.249146 0.037608
v -0.178151 -0.24467 0.058384
v -0.198566 -0.213338 0.030285
v -0.197071 -0.213338 0.039723
v -0.197071 -0.188529 0.064531
v -0.195576 -0.198453 0.064045
v 0.177771 -0.249146 0.049651
v 0.195269 -0.22229 0.025566
v -0.194081 -0.208376 0.06356
v 0.186146 -0.240194 0.025566
v 0.180313 -0.249146 0.033594
v -0.194081 -0.213338 0.058598
v -0.195576 -0.213338 0.04916
v 0.204545 -0.183567 0.025566
v -0.217608 0.246995 0.071285
v 0.201403 -0.203415 0.025566
v -0.212381 0.126812 0.069563
v -0.201927 -0.113553 0.06612
v 0.222292 0.186904 0.027611
v -0.200099 -0.173644 0.060297
v 0.211509 -0.053461 0.026248
v -0.201671 -0.173644 0.050374
v 0.113302 -0.295809 -0.042926
v -0.177253 -0.249146 -0.050595
v 0.111893 -0.295809 -0.045692
v -0.114194 -0.295809 0.039215
v -0.179797 -0.249146 -0.034538
v -0.111375 -0.295809 0.044748
v -0.147615 -0.277564 0.051528
v -0.194829 -0.213338 -0.054823
v -0.144934 -0.277564 0.05679
v -0.158347 -0.252698 0.08456
v -0.200885 -0.203415 -0.02651
v -0.139572 -0.277564 0.067314
v -0.142253 -0.277564 0.062052
v -0.174137 -0.249146 0.0613
v -0.200885 -0.173644 -0.056281
v -0.170447 -0.249146 0.068542
v -0.221775 0.186904 -0.028556
v -0.170447 -0.226766 0.093351
v -0.210992 -0.053461 -0.027192
v -0.166756 -0.235718 0.09067
v -0.163066 -0.24467 0.087988
v -0.106919 -0.297381 0.025566
v -0.163066 -0.249146 0.083027
v -0.087072 -0.300524 0.025566
v -0.191165 -0.213338 0.067574
v -0.186827 -0.213338 0.076088
v -0.143698 -0.282125 0.025566
v -0.180432 -0.178606 0.100606
v -0.125794 -0.291248 0.025566
v -0.178151 -0.213338 0.093115
v 0.106485 -0.295809 -0.053135
v 0.077665 -0.302096 0.012547
v 0.107436 -0.297381 -0.02651
v 0.132484 -0.277564 -0.077153
v 0.087589 -0.300524 -0.02651
v -0.197032 -0.173644 0.069735
v -0.192471 -0.173644 0.078687
v 0.144216 -0.282125 -0.02651
v -0.19769 0.246995 0.110376
v 0.126311 -0.291248 -0.02651
v -0.118896 -0.279845 0.083027
v -0.113634 -0.284406 0.075785
v 0.174481 -0.256251 -0.02651
v -0.103111 -0.293528 0.0613
v 0.160272 -0.270459 -0.02651
v -0.103773 -0.295809 0.054386
v -0.136143 -0.277564 0.072033
v -0.136143 -0.252698 0.106764
v -0.131967 -0.259803 0.101017
v 0.195269 -0.22229 -0.02651
v -0.123615 -0.274012 0.089522
v 0.186146 -0.240194 -0.02651
v -0.123615 -0.277564 0.08456
v -0.158347 -0.249146 0.089522
v -0.1526 -0.249146 0.095269
v 0.199831 -0.213338 0.012547
v -0.144934 -0.226766 0.118864
v 0.204545 -0.183567 -0.02651
v -0.142253 -0.235718 0.115173
v 0.201403 -0.203415 -0.02651
v 0.199831 -0.213338 -0.013491
v -0.141105 -0.249146 0.106764
v 0.099614 -0.279845 -0.09406
v 0.096848 -0.284406 -0.085546
v 0.206117 -0.173644 0.012547
v 0.094081 -0.288967 -0.077032
v 0.222292 0.186904 -0.028556
v 0.091315 -0.293528 -0.068518
v 0.211509 -0.053461 -0.027192
v 0.206117 -0.173644 -0.013491
v 0.10868 -0.252698 -0.121966
v 0.106485 -0.259803 -0.115209
v -0.173963 -0.256251 0.025566
v 0.10429 -0.266907 -0.108452
v -0.159754 -0.270459 0.025566
v -0.15265 -0.277564 0.012547
v 0.102095 -0.274012 -0.101695
v 0.114712 -0.217814 -0.140527
v -0.181068 -0.249146 -0.013491
v 0.113302 -0.226766 -0.136189
v -0.185629 -0.240194 0.025566
v 0.111893 -0.235718 -0.131851
v 0.110483 -0.24467 -0.127513
v 0.117116 -0.178606 -0.147928
v -0.199313 -0.213338 -0.013491
v 0.116631 -0.188529 -0.146433
v -0.200885 -0.203415 0.025566
v 0.116145 -0.198453 -0.144938
v 0.11566 -0.208376 -0.143443
v 0.128094 0.246995 -0.162261
v 0.125026 0.126812 -0.158379
v 0.12196 0.00663 -0.154498
v -0.210992 -0.053461 0.026248
v 0.118893 -0.113553 -0.150616
v -0.172604 -0.213338 0.10075
v -0.165847 -0.213338 0.107507
v 0.116874 -0.295809 -0.029576
v -0.151264 -0.188529 0.127578
v 0.140958 -0.282125 -0.047075
v -0.150341 -0.198453 0.126306
v 0.123931 -0.291248 -0.041542
v 0.115903 -0.295809 -0.035709
v -0.15909 -0.213338 0.114264
v -0.170411 -0.173644 0.111724
v -0.166667 0.246995 0.141398
v 0.152244 -0.277564 -0.032343
v -0.162662 0.126812 0.137994
v 0.169742 -0.256251 -0.056428
v -0.156202 -0.173644 0.125933
v 0.156229 -0.270459 -0.052037
v 0.150396 -0.277564 -0.044009
v -0.099097 -0.295809 0.058384
v -0.09633 -0.295809 0.059793
v -0.099097 -0.279845 0.093115
v 0.180313 -0.249146 -0.034538
v -0.09633 -0.284406 0.084601
v 0.189513 -0.22229 -0.062852
v -0.093564 -0.288967 0.076088
v 0.180837 -0.240194 -0.060032
v 0.177771 -0.249146 -0.050595
v -0.090797 -0.293528 0.067574
v -0.090797 -0.295809 0.062612
v -0.093564 -0.295809 0.061203
v 0.198336 -0.213338 -0.035948
v -0.118896 -0.277564 0.087988
v 0.198336 -0.183567 -0.065718
v -0.113634 -0.277564 0.09067
v 0.195346 -0.203415 -0.064747
v 0.195346 -0.213338 -0.054823
v -0.108163 -0.252698 0.121021
v -0.105968 -0.259803 0.114264
v -0.103773 -0.266907 0.107507
v 0.204545 -0.173644 -0.036434
v -0.103111 -0.277564 0.096031
v 0.215512 0.186904 -0.071369
v -0.108373 -0.277564 0.093351
v 0.205058 -0.053461 -0.067926
v 0.201403 -0.173644 -0.056281
v 0.088399 -0.295809 -0.064504
v 0.085332 -0.295809 -0.06499
v 0.077665 -0.279845 -0.097536
v 0.077665 -0.284406 -0.088584
v 0.077665 -0.288967 -0.079632
v -0.123413 -0.291248 0.040598
v -0.115385 -0.295809 0.034765
v 0.077665 -0.293528 -0.07068
v 0.079198 -0.295809 -0.065961
v -0.151726 -0.277564 0.031399
v 0.082265 -0.295809 -0.065475
v 0.098081 -0.277564 -0.098779
v -0.149879 -0.277564 0.043064
v 0.092248 -0.277564 -0.099703
v 0.077665 -0.252698 -0.126878
v -0.179797 -0.249146 0.033594
v 0.077665 -0.259803 -0.119773
v 0.077665 -0.266907 -0.112669
v 0.077665 -0.274012 -0.105564
v 0.080582 -0.277564 -0.10155
v -0.197818 -0.183567 0.064773
v 0.086414 -0.277564 -0.100626
v 0.105764 -0.249146 -0.12598
v 0.097736 -0.249146 -0.127251
v 0.077665 -0.217814 -0.146394
v -0.204028 -0.173644 0.035489
v 0.077665 -0.235718 -0.137272
v 0.077665 -0.24467 -0.132711
v -0.200885 -0.173644 0.055336
v 0.081679 -0.249146 -0.129794
v 0.089707 -0.249146 -0.128523
v 0.110698 -0.213338 -0.143443
v 0.114007 -0.295809 -0.041542
v 0.10126 -0.213338 -0.144938
v 0.131506 -0.282125 -0.065627
v 0.077665 -0.178606 -0.154176
v 0.117021 -0.291248 -0.055104
v 0.111188 -0.295809 -0.047075
v 0.077665 -0.188529 -0.152604
v 0.077665 -0.198453 -0.151033
v 0.077665 -0.208376 -0.149461
v 0.146791 -0.277564 -0.055104
v 0.082384 -0.213338 -0.147928
v 0.155991 -0.256251 -0.083417
v 0.091822 -0.213338 -0.146433
v 0.144496 -0.270459 -0.075065
v 0.141429 -0.277564 -0.065627
v 0.112397 -0.173644 -0.149461
v 0.102474 -0.173644 -0.151033
v 0.084761 0.246995 -0.169124
v 0.172809 -0.249146 -0.065866
v 0.082734 0.126812 -0.165078
v 0.172809 -0.22229 -0.095636
v 0.080706 0.00663 -0.161031
v 0.165428 -0.240194 -0.090274
v 0.165428 -0.249146 -0.080351
v 0.078679 -0.113553 -0.156985
v 0.082627 -0.173644 -0.154176
v 0.09255 -0.173644 -0.152604
v 0.189513 -0.213338 -0.072775
v -0.13461 -0.249146 0.111483
v 0.180313 -0.183567 -0.101088
v -0.127367 -0.249146 0.115173
v 0.177771 -0.203415 -0.099241
v 0.180837 -0.213338 -0.089803
v -0.114194 -0.217814 0.139582
v -0.112785 -0.226766 0.135244
v -0.111375 -0.235718 0.130906
v 0.195269 -0.173644 -0.075156
v -0.112882 -0.249146 0.122554
v 0.195833 0.186904 -0.109991
v -0.120125 -0.249146 0.118864
v 0.186334 -0.053461 -0.104672
v 0.186146 -0.173644 -0.09306
v -0.144698 -0.213338 0.126568
v -0.116113 -0.188529 0.145488
v -0.115628 -0.198453 0.143994
v -0.11349 -0.295809 0.040598
v -0.115142 -0.208376 0.142499
v -0.110671 -0.295809 0.046131
v -0.119156 -0.213338 0.139582
v -0.12767 -0.213338 0.135244
v -0.146274 -0.277564 0.054159
v -0.139222 -0.173644 0.136327
v -0.127576 0.246995 0.161316
v -0.12451 0.126812 0.157435
v -0.121442 0.00663 0.153553
v -0.118376 -0.113553 0.149672
v -0.121318 -0.173644 0.14545
v -0.164911 -0.240194 0.089329
v -0.164911 -0.249146 0.079406
v -0.13027 -0.173644 0.140889
v -0.087881 -0.295809 0.06356
v -0.084814 -0.295809 0.064045
v -0.077148 -0.279845 0.096592
v -0.18032 -0.213338 0.088858
v -0.077148 -0.284406 0.08764
v -0.077148 -0.288967 0.078687
v -0.077148 -0.293528 0.069735
v 0.107583 -0.295809 -0.052037
v -0.081748 -0.295809 0.064531
v 0.116783 -0.282125 -0.080351
v -0.077148 -0.296595 -0.061242
v 0.106259 -0.291248 -0.065866
v 0.103192 -0.295809 -0.056428
v -0.077148 -0.298167 -0.051319
v -0.077148 -0.299738 -0.041395
v -0.077148 -0.30131 -0.031472
v 0.134572 -0.277564 -0.075065
v 0.058313 -0.295809 -0.066204
v 0.134572 -0.256251 -0.104836
v 0.01961 -0.295809 -0.066204
v 0.126221 -0.270459 -0.09334
v 0.126221 -0.277564 -0.083417
v -0.077148 -0.279845 -0.097536
v -0.077148 -0.284406 -0.088584
v -0.077148 -0.288967 -0.079632
v 0.155991 -0.249146 -0.09334
v -0.057796 -0.295809 -0.066204
v 0.146791 -0.22229 -0.121654
v -0.019093 -0.295809 -0.066204
v 0.141429 -0.240194 -0.114273
v 0.144496 -0.249146 -0.104836
v 0.058313 -0.277564 -0.102012
v 0.01961 -0.277564 -0.102012
v -0.077148 -0.252698 -0.126878
v 0.169742 -0.213338 -0.105074
v -0.077148 -0.266907 -0.112669
v 0.152244 -0.183567 -0.129158
v -0.057796 -0.277564 -0.102012
v 0.150396 -0.203415 -0.126616
v 0.156229 -0.213338 -0.118587
v -0.019093 -0.277564 -0.102012
v 0.058313 -0.249146 -0.13043
v 0.01961 -0.249146 -0.13043
v 0.174481 -0.173644 -0.109117
v -0.077148 -0.217814 -0.146394
v 0.165182 0.186904 -0.140641
v -0.077148 -0.226766 -0.141833
v 0.157173 -0.053461 -0.133834
v 0.160272 -0.173644 -0.123325
v -0.077148 -0.235718 -0.137272
v -0.077148 -0.24467 -0.132711
v -0.057796 -0.249146 -0.13043
v -0.194752 -0.173644 0.074211
v -0.195316 0.186904 0.109047
v -0.019093 -0.249146 -0.13043
v 0.058313 -0.213338 -0.148675
v 0.01961 -0.213338 -0.148675
v -0.077148 -0.178606 -0.154176
v -0.107066 -0.295809 0.051093
v -0.116265 -0.282125 0.079406
v -0.077148 -0.188529 -0.152604
v -0.105742 -0.291248 0.064921
v -0.102675 -0.295809 0.055484
v -0.077148 -0.198453 -0.151033
v -0.077148 -0.208376 -0.149461
v -0.134055 -0.277564 0.074121
v -0.134055 -0.256251 0.103891
v -0.057796 -0.213338 -0.148675
v -0.125703 -0.277564 0.082472
v -0.019093 -0.213338 -0.148675
v 0.058313 -0.173644 -0.154962
v -0.084244 0.246995 -0.169124
v -0.155474 -0.249146 0.092395
v -0.082217 0.126812 -0.165078
v -0.080189 0.00663 -0.161031
v -0.140912 -0.240194 0.113328
v -0.078162 -0.113553 -0.156985
v -0.057796 -0.173644 -0.154962
v -0.019093 -0.173644 -0.154962
v 0.098231 -0.295809 -0.060032
v -0.097564 -0.277564 0.097834
v 0.098231 -0.282125 -0.089803
v -0.091731 -0.277564 0.098758
v 0.092698 -0.291248 -0.072775
v 0.092698 -0.295809 -0.062852
v -0.077148 -0.252698 0.125933
v -0.077148 -0.266907 0.111724
v -0.077148 -0.274012 0.10462
v 0.116783 -0.277564 -0.090274
v -0.080064 -0.277564 0.100606
v 0.107583 -0.256251 -0.118587
v -0.085897 -0.277564 0.099682
v 0.103192 -0.270459 -0.105074
v 0.106259 -0.277564 -0.095636
v -0.097219 -0.249146 0.126306
v -0.077148 -0.226766 0.140889
v -0.077148 -0.24467 0.131766
v 0.131506 -0.249146 -0.114273
v -0.081162 -0.249146 0.128849
v 0.114007 -0.22229 -0.138358
v -0.08919 -0.249146 0.127578
v 0.111188 -0.240194 -0.129682
v 0.117021 -0.249146 -0.121654
v -0.11018 -0.213338 0.142499
v -0.100742 -0.213338 0.143994
v -0.077148 -0.178606 0.153232
v 0.140958 -0.213338 -0.129682
v -0.077148 -0.188529 0.15166
v 0.116874 -0.183567 -0.14718
v -0.077148 -0.198453 0.150089
v 0.115903 -0.203415 -0.144191
v 0.123931 -0.213338 -0.138358
v -0.081867 -0.213338 0.146983
v -0.091305 -0.213338 0.145488
v -0.11188 -0.173644 0.148517
v 0.144216 -0.173644 -0.134991
v -0.101957 -0.173644 0.150089
v 0.12656 0.186904 -0.16032
v -0.084244 0.246995 0.16818
v 0.120426 -0.053461 -0.152557
v 0.126311 -0.173644 -0.144114
v -0.078162 -0.113553 0.156041
v -0.08211 -0.173644 0.153232
v -0.092033 -0.173644 0.15166
v -0.169225 -0.213338 0.104129
v -0.077148 -0.302096 0.019057
v -0.077148 -0.302096 0.006038
v -0.149879 -0.203415 0.12567
v -0.155712 -0.213338 0.117642
v 0.058313 -0.302096 -0.02651
v 0.01961 -0.302096 -0.02651
v -0.019093 -0.302096 -0.02651
v -0.173963 -0.173644 0.108172
v -0.057796 -0.302096 -0.02651
v -0.077148 -0.302096 -0.020001
v -0.159754 -0.173644 0.122381
v -0.077148 -0.302096 -0.006981
v -0.078681 -0.295809 -0.065961
v -0.081748 -0.295809 -0.065475
v -0.097714 -0.295809 0.059088
v -0.09633 -0.284406 -0.085546
v -0.09218 -0.291248 0.071831
v -0.09218 -0.295809 0.061907
v -0.093564 -0.288967 -0.077032
v -0.090797 -0.293528 -0.068518
v -0.087881 -0.295809 -0.064504
v -0.107066 -0.256251 0.117642
v -0.084814 -0.295809 -0.06499
v -0.105742 -0.277564 0.094691
v -0.057796 -0.302096 0.025566
v -0.019093 -0.302096 0.025566
v 0.077665 -0.296595 0.060297
v 0.086865 -0.295809 -0.064747
v 0.077665 -0.298167 0.050374
v 0.077665 -0.282125 -0.09306
v 0.077665 -0.299738 0.040451
v 0.077665 -0.291248 -0.075156
v 0.080732 -0.295809 -0.065718
v 0.077665 -0.30131 0.030528
v 0.058313 -0.302096 0.025566
v 0.01961 -0.302096 0.025566
v 0.095164 -0.277564 -0.099241
v -0.057796 -0.295809 0.065259
v 0.077665 -0.256251 -0.123325
v -0.019093 -0.295809 0.065259
v 0.077665 -0.270459 -0.109117
v 0.083498 -0.277564 -0.101088
v 0.077665 -0.279845 0.096592
v 0.077665 -0.284406 0.08764
v 0.077665 -0.288967 0.078687
v 0.10175 -0.249146 -0.126616
v 0.077665 -0.293528 0.069735
v 0.058313 -0.295809 0.065259
v 0.085693 -0.249146 -0.129158
v 0.01961 -0.295809 0.065259
v -0.057796 -0.277564 0.101068
v -0.019093 -0.277564 0.101068
v 0.105979 -0.213338 -0.144191
v 0.077665 -0.252698 0.125933
v 0.077665 -0.183567 -0.15339
v 0.077665 -0.259803 0.118829
v 0.087103 -0.213338 -0.14718
v 0.077665 -0.266907 0.111724
v 0.077665 -0.274012 0.10462
v 0.058313 -0.277564 0.101068
v 0.107436 -0.173644 -0.150247
v 0.01961 -0.277564 0.101068
v -0.057796 -0.249146 0.129485
v 0.079693 -0.053461 -0.159008
v 0.087589 -0.173644 -0.15339
v -0.019093 -0.249146 0.129485
v 0.077665 -0.217814 0.14545
v -0.130989 -0.249146 0.113328
v -0.11349 -0.22229 0.137413
v 0.077665 -0.226766 0.140889
v -0.110671 -0.240194 0.128737
v -0.116504 -0.249146 0.120709
v 0.077665 -0.235718 0.136327
v 0.077665 -0.24467 0.131766
v -0.116356 -0.183567 0.146236
v 0.058313 -0.249146 0.129485
v 0.01961 -0.249146 0.129485
v -0.057796 -0.213338 0.147731
v -0.143698 -0.173644 0.134047
v -0.019093 -0.213338 0.147731
v 0.077665 -0.188529 0.15166
v 0.077665 -0.198453 0.150089
v 0.058313 -0.213338 0.147731
v -0.086348 -0.295809 0.063802
v 0.01961 -0.213338 0.147731
v -0.077148 -0.282125 0.092116
v -0.057796 -0.173644 0.154018
v -0.077148 -0.291248 0.074211
v -0.080214 -0.295809 0.064773
v -0.019093 -0.173644 0.154018
v 0.084761 0.246995 0.16818
v 0.080706 0.00663 0.160087
v 0.078679 -0.113553 0.156041
v 0.058313 -0.173644 0.154018
v -0.038445 -0.302096 -0.02651
v 0.01961 -0.173644 0.154018
v -0.080064 -0.277564 -0.10155
v -0.085897 -0.277564 -0.100626
v 0.038962 -0.295809 -0.066204
v -0.108163 -0.252698 -0.121966
v -0.077148 -0.282125 -0.09306
v -0.105968 -0.259803 -0.115209
v -0.077148 -0.291248 -0.075156
v -0.038445 -0.295809 -0.066204
v -0.103773 -0.266907 -0.108452
v -0.101578 -0.274012 -0.101695
v -0.097564 -0.277564 -0.098779
v 0.038962 -0.277564 -0.102012
v -0.091731 -0.277564 -0.099703
v -0.077148 -0.256251 -0.123325
v -0.081162 -0.249146 -0.129794
v -0.077148 -0.270459 -0.109117
v -0.038445 -0.277564 -0.102012
v -0.08919 -0.249146 -0.128523
v -0.109966 -0.24467 -0.127513
v 0.038962 -0.249146 -0.13043
v -0.105247 -0.249146 -0.12598
v -0.077148 -0.22229 -0.144114
v -0.097219 -0.249146 -0.127251
v -0.077148 -0.240194 -0.134991
v -0.038445 -0.249146 -0.13043
v -0.081867 -0.213338 -0.147928
v -0.091305 -0.213338 -0.146433
v 0.038962 -0.213338 -0.148675
v -0.116599 -0.178606 -0.147928
v -0.077148 -0.183567 -0.15339
v -0.116113 -0.188529 -0.146433
v -0.038445 -0.213338 -0.148675
v -0.115628 -0.198453 -0.144938
v -0.11018 -0.213338 -0.143443
v -0.100742 -0.213338 -0.144938
v -0.08211 -0.173644 -0.154176
v -0.038445 -0.173644 -0.154962
v -0.092033 -0.173644 -0.152604
v -0.12451 0.126812 -0.158379
v -0.118376 -0.113553 -0.150616
v -0.077148 -0.256251 0.122381
v -0.11188 -0.173644 -0.149461
v -0.077148 -0.270459 0.108172
v -0.082981 -0.277564 0.100144
v 0.079198 -0.295809 0.065016
v 0.082265 -0.295809 0.064531
v 0.099614 -0.279845 0.093115
v -0.101233 -0.249146 0.12567
v 0.096848 -0.284406 0.084601
v -0.077148 -0.22229 0.143169
v 0.094081 -0.288967 0.076088
v -0.077148 -0.240194 0.134047
v -0.085176 -0.249146 0.128213
v 0.091315 -0.293528 0.067574
v 0.088399 -0.295809 0.06356
v -0.077148 -0.183567 0.152446
v 0.085332 -0.295809 0.064045
v -0.077148 -0.203415 0.149303
v -0.086586 -0.213338 0.146236
v 0.080582 -0.277564 0.100606
v 0.086414 -0.277564 0.099682
v 0.10868 -0.252698 0.121021
v -0.08323 0.186904 0.166157
v 0.106485 -0.259803 0.114264
v -0.079176 -0.053461 0.158064
v 0.10429 -0.266907 0.107507
v 0.102095 -0.274012 0.10075
v -0.077148 -0.302096 0.012547
v 0.038962 -0.302096 -0.02651
v 0.098081 -0.277564 0.097834
v -0.077148 -0.302096 -0.013491
v 0.092248 -0.277564 0.098758
v 0.081679 -0.249146 0.128849
v 0.089707 -0.249146 0.127578
v -0.097714 -0.282125 -0.089803
v 0.114712 -0.217814 0.139582
v -0.09218 -0.291248 -0.072775
v -0.086348 -0.295809 -0.064747
v 0.113302 -0.226766 0.135244
v 0.111893 -0.235718 0.130906
v -0.038445 -0.302096 0.025566
v 0.110483 -0.24467 0.126568
v 0.077665 -0.297381 0.055336
v 0.097736 -0.249146 0.126306
v 0.038962 -0.302096 0.025566
v 0.091822 -0.213338 0.145488
v 0.117116 -0.178606 0.146983
v 0.116631 -0.188529 0.145488
v -0.038445 -0.295809 0.065259
v 0.116145 -0.198453 0.143994
v 0.077665 -0.282125 0.092116
v 0.11566 -0.208376 0.142499
v 0.077665 -0.291248 0.074211
v 0.038962 -0.295809 0.065259
v 0.110698 -0.213338 0.142499
v 0.10126 -0.213338 0.143994
v 0.082627 -0.173644 0.153232
v -0.038445 -0.277564 0.101068
v 0.09255 -0.173644 0.15166
v 0.077665 -0.256251 0.122381
v 0.128094 0.246995 0.161316
v 0.077665 -0.270459 0.108172
v 0.038962 -0.277564 0.101068
v 0.125026 0.126812 0.157435
v 0.12196 0.00663 0.153553
v 0.118893 -0.113553 0.149672
v -0.038445 -0.249146 0.129485
v 0.112397 -0.173644 0.148517
v 0.077665 -0.22229 0.143169
v -0.090797 -0.295809 -0.063556
v 0.077665 -0.240194 0.134047
v 0.038962 -0.249146 0.129485
v -0.093564 -0.295809 -0.062147
v -0.118896 -0.279845 -0.083972
v -0.108373 -0.288967 -0.069487
v -0.038445 -0.213338 0.147731
v -0.103111 -0.293528 -0.062244
v 0.077665 -0.183567 0.152446
v -0.099097 -0.295809 -0.059328
v 0.077665 -0.203415 0.149303
v 0.038962 -0.213338 0.147731
v -0.103111 -0.277564 -0.096976
v -0.108373 -0.277564 -0.094296
v -0.136143 -0.252698 -0.107709
v -0.038445 -0.173644 0.154018
v -0.131967 -0.259803 -0.101962
v 0.083748 0.186904 0.166157
v -0.127791 -0.266907 -0.096214
v 0.079693 -0.053461 0.158064
v 0.038962 -0.173644 0.154018
v -0.118896 -0.277564 -0.088933
v -0.113634 -0.277564 -0.091615
v -0.120125 -0.249146 -0.119809
v -0.082981 -0.277564 -0.101088
v -0.147615 -0.217814 -0.123499
v -0.144934 -0.226766 -0.119809
v -0.094647 -0.277564 -0.099241
v -0.119156 -0.213338 -0.140527
v -0.12767 -0.213338 -0.136189
v -0.150341 -0.198453 -0.127251
v -0.085176 -0.249146 -0.129158
v -0.11349 -0.22229 -0.138358
v -0.149417 -0.208376 -0.12598
v -0.101233 -0.249146 -0.126616
v -0.144698 -0.213338 -0.127513
v -0.154653 -0.113553 -0.132132
v -0.086586 -0.213338 -0.14718
v -0.148174 -0.173644 -0.132711
v -0.116356 -0.183567 -0.14718
v -0.139222 -0.173644 -0.137272
v 0.091315 -0.295809 0.062612
v 0.094081 -0.295809 0.061203
v -0.087072 -0.173644 -0.15339
v -0.126043 0.186904 -0.16032
v 0.119414 -0.279845 0.083027
v -0.119909 -0.053461 -0.152557
v -0.106919 -0.173644 -0.150247
v 0.114152 -0.284406 0.075785
v 0.10889 -0.288967 0.068542
v 0.103628 -0.293528 0.0613
v 0.080732 -0.295809 0.064773
v 0.099614 -0.295809 0.058384
v 0.098231 -0.282125 0.088858
v 0.096848 -0.295809 0.059793
v 0.092698 -0.291248 0.071831
v 0.086865 -0.295809 0.063802
v 0.103628 -0.277564 0.096031
v 0.10889 -0.277564 0.093351
v 0.13666 -0.252698 0.106764
v 0.083498 -0.277564 0.100144
v 0.132484 -0.259803 0.101017
v 0.107583 -0.256251 0.117642
v 0.128309 -0.266907 0.095269
v 0.103192 -0.270459 0.104129
v 0.095164 -0.277564 0.098296
v 0.124133 -0.274012 0.089522
v 0.119414 -0.277564 0.087988
v 0.114152 -0.277564 0.09067
v 0.085693 -0.249146 0.128213
v 0.113399 -0.249146 0.122554
v 0.114007 -0.22229 0.137413
v 0.120642 -0.249146 0.118864
v 0.111188 -0.240194 0.128737
v 0.10175 -0.249146 0.12567
v 0.148132 -0.217814 0.122554
v 0.145451 -0.226766 0.118864
v 0.142769 -0.235718 0.115173
v 0.087103 -0.213338 0.146236
v 0.140089 -0.24467 0.111483
v 0.116874 -0.183567 0.146236
v 0.135127 -0.249146 0.111483
v 0.115903 -0.203415 0.143246
v 0.127884 -0.249146 0.115173
v 0.119674 -0.213338 0.139582
v 0.128188 -0.213338 0.135244
v 0.087589 -0.173644 0.152446
v 0.152706 -0.178606 0.128849
v 0.12656 0.186904 0.159376
v 0.151782 -0.188529 0.127578
v 0.120426 -0.053461 0.151612
v 0.150858 -0.198453 0.126306
v 0.149934 -0.208376 0.125035
v 0.145215 -0.213338 0.126568
v -0.09218 -0.295809 -0.062852
v -0.116265 -0.282125 -0.080351
v 0.136701 -0.213338 0.130906
v -0.105742 -0.291248 -0.065866
v -0.097714 -0.295809 -0.060032
v 0.121835 -0.173644 0.14545
v 0.167185 0.246995 0.141398
v 0.16318 0.126812 0.137994
v -0.105742 -0.277564 -0.095636
v 0.159175 0.00663 0.134591
v 0.15517 -0.113553 0.131187
v -0.125703 -0.270459 -0.09334
v -0.116265 -0.277564 -0.090274
v 0.148692 -0.173644 0.131766
v 0.13974 -0.173644 0.136327
v -0.116504 -0.249146 -0.121654
v -0.101578 -0.295809 -0.057525
v -0.103773 -0.295809 -0.05533
v -0.130989 -0.249146 -0.114273
v -0.127367 -0.284406 -0.062996
v -0.120125 -0.288967 -0.057735
v -0.123413 -0.213338 -0.138358
v -0.112882 -0.293528 -0.052473
v -0.108163 -0.295809 -0.05094
v -0.149879 -0.203415 -0.126616
v -0.105968 -0.295809 -0.053135
v -0.127791 -0.277564 -0.081329
v -0.158347 -0.252698 -0.085505
v -0.125794 -0.173644 -0.144114
v -0.146852 -0.266907 -0.077153
v -0.164665 0.186904 -0.140641
v -0.131967 -0.277564 -0.077153
v -0.143698 -0.173644 -0.134991
v -0.174137 -0.217814 -0.096976
v -0.158347 -0.249146 -0.090467
v -0.1526 -0.249146 -0.096214
v 0.092698 -0.295809 0.061907
v -0.152333 -0.213338 -0.121966
v 0.116783 -0.282125 0.079406
v -0.180432 -0.178606 -0.10155
v 0.106259 -0.291248 0.064921
v 0.098231 -0.295809 0.059088
v -0.165847 -0.213338 -0.108452
v 0.102095 -0.295809 0.056581
v 0.10429 -0.295809 0.054386
v 0.106259 -0.277564 0.094691
v 0.135127 -0.279845 0.067314
v 0.134572 -0.256251 0.103891
v 0.127884 -0.284406 0.062052
v 0.126221 -0.270459 0.092395
v 0.116783 -0.277564 0.089329
v 0.120642 -0.288967 0.05679
v 0.113399 -0.293528 0.051528
v 0.10868 -0.295809 0.049995
v 0.117021 -0.249146 0.120709
v 0.106485 -0.295809 0.05219
v 0.146791 -0.22229 0.120709
v 0.124133 -0.277564 0.08456
v 0.141429 -0.240194 0.113328
v 0.131506 -0.249146 0.113328
v 0.128309 -0.277564 0.080384
v 0.158864 -0.252698 0.08456
v 0.153117 -0.259803 0.080384
v 0.123931 -0.213338 0.137413
v 0.147369 -0.266907 0.076209
v 0.152244 -0.183567 0.128213
v 0.141622 -0.274012 0.072033
v 0.150396 -0.203415 0.12567
v 0.140958 -0.213338 0.128737
v 0.13666 -0.277564 0.072033
v 0.132484 -0.277564 0.076209
v 0.141622 -0.249146 0.106764
v 0.126311 -0.173644 0.143169
v 0.147369 -0.249146 0.101017
v 0.165182 0.186904 0.139696
v 0.174654 -0.217814 0.096031
v 0.157173 -0.053461 0.132889
v 0.144216 -0.173644 0.134047
v 0.170964 -0.226766 0.093351
v 0.167273 -0.235718 0.09067
v 0.163583 -0.24467 0.087988
v -0.102675 -0.295809 -0.056428
v 0.158864 -0.249146 0.089522
v -0.130989 -0.282125 -0.065627
v 0.153117 -0.249146 0.095269
v -0.116504 -0.291248 -0.055104
v -0.107066 -0.295809 -0.052037
v 0.15285 -0.213338 0.121021
v 0.159607 -0.213338 0.114264
v -0.125703 -0.277564 -0.083417
v 0.180949 -0.178606 0.100606
v 0.179678 -0.188529 0.099682
v -0.143979 -0.270459 -0.075065
v 0.178406 -0.198453 0.098758
v 0.177135 -0.208376 0.097834
v 0.173121 -0.213338 0.10075
v -0.143979 -0.249146 -0.104836
v 0.166364 -0.213338 0.107507
v -0.164911 -0.240194 -0.090274
v 0.163824 -0.173644 0.118829
v 0.198207 0.246995 0.110376
v 0.193458 0.126812 0.107717
v 0.188709 0.00663 0.105057
v -0.177253 -0.203415 -0.099241
v 0.18396 -0.113553 0.102398
v 0.178033 -0.173644 0.10462
v 0.170929 -0.173644 0.111724
v 0.103192 -0.295809 0.055484
v -0.192941 0.126812 -0.108661
v 0.131506 -0.282125 0.064683
v -0.170411 -0.173644 -0.112669
v 0.117021 -0.291248 0.054159
v 0.107583 -0.295809 0.051093
v -0.109966 -0.295809 -0.048459
v -0.144698 -0.279845 -0.048459
v -0.12767 -0.288967 -0.042926
v 0.126221 -0.277564 0.082472
v -0.119156 -0.293528 -0.040159
v 0.155991 -0.256251 0.082472
v -0.112785 -0.295809 -0.042926
v 0.144496 -0.270459 0.074121
v 0.134572 -0.277564 0.074121
v -0.139572 -0.277564 -0.068258
v -0.142253 -0.277564 -0.062996
v -0.172604 -0.252698 -0.057525
v 0.144496 -0.249146 0.103891
v -0.165847 -0.259803 -0.05533
v 0.172809 -0.22229 0.094691
v -0.147615 -0.277564 -0.052473
v 0.165428 -0.240194 0.089329
v 0.155991 -0.249146 0.092395
v -0.144934 -0.277564 -0.057735
v -0.163066 -0.249146 -0.083972
v -0.186827 -0.226766 -0.062147
v 0.156229 -0.213338 0.117642
v -0.170447 -0.249146 -0.069487
v 0.180313 -0.183567 0.100144
v 0.110483 -0.295809 0.047514
v 0.177771 -0.203415 0.098296
v 0.169742 -0.213338 0.104129
v 0.111893 -0.295809 0.044748
v 0.145215 -0.279845 0.047514
v 0.136701 -0.284406 0.044748
v 0.160272 -0.173644 0.122381
v 0.128188 -0.288967 0.041981
v 0.195833 0.186904 0.109047
v 0.119674 -0.293528 0.039215
v 0.186334 -0.053461 0.103728
v 0.174481 -0.173644 0.108172
v 0.114712 -0.295809 0.039215
v 0.113302 -0.295809 0.041981
v -0.159754 -0.173644 -0.123325
v 0.140089 -0.277564 0.067314
v -0.195316 0.186904 -0.109991
v 0.173121 -0.252698 0.056581
v -0.185817 -0.053461 -0.104672
v -0.173963 -0.173644 -0.109117
v 0.166364 -0.259803 0.054386
v 0.159607 -0.266907 0.05219
v 0.15285 -0.274012 0.049995
v -0.110671 -0.295809 -0.047075
v 0.148132 -0.277564 0.051528
v -0.123413 -0.291248 -0.041542
v -0.11349 -0.295809 -0.041542
v 0.145451 -0.277564 0.05679
v 0.163583 -0.249146 0.083027
v 0.167273 -0.249146 0.075785
v -0.169225 -0.256251 -0.056428
v 0.191682 -0.217814 0.062612
v -0.146274 -0.277564 -0.055104
v 0.187344 -0.226766 0.061203
v 0.183006 -0.235718 0.059793
v 0.174654 -0.249146 0.0613
v 0.170964 -0.249146 0.068542
v -0.188996 -0.22229 -0.062852
v 0.178668 -0.213338 0.093115
v -0.172292 -0.249146 -0.065866
v 0.183006 -0.213338 0.084601
v 0.199084 -0.178606 0.065016
v 0.197589 -0.188529 0.064531
v 0.111188 -0.295809 0.046131
v 0.196094 -0.198453 0.064045
v 0.140958 -0.282125 0.046131
v 0.194599 -0.208376 0.06356
v 0.123931 -0.291248 0.040598
v 0.114007 -0.295809 0.040598
v 0.191682 -0.213338 0.067574
v 0.187344 -0.213338 0.076088
v 0.183866 -0.173644 0.096592
v 0.141429 -0.277564 0.064683
v 0.188427 -0.173644 0.08764
v 0.169742 -0.256251 0.055484
v 0.218126 0.246995 0.071285
v 0.156229 -0.270459 0.051093
v 0.146791 -0.277564 0.054159
v 0.212899 0.126812 0.069563
v 0.207672 0.00663 0.067842
v 0.202445 -0.113553 0.06612
v 0.165428 -0.249146 0.079406
v 0.19755 -0.173644 0.069735
v 0.192989 -0.173644 0.078687
v 0.172809 -0.249146 0.064921
v -0.195576 -0.198453 -0.06499
v -0.194081 -0.208376 -0.064504
v -0.18791 -0.173644 -0.088584
v 0.180837 -0.213338 0.088858
v -0.212381 0.126812 -0.070508
v -0.207154 0.00663 -0.068786
v 0.189513 -0.213338 0.071831
v -0.115142 -0.295809 -0.037243
v -0.115628 -0.295809 -0.034176
v -0.139222 -0.284406 -0.02651
v 0.186146 -0.173644 0.092116
v -0.13027 -0.288967 -0.02651
v -0.116599 -0.295809 -0.028043
v 0.195269 -0.173644 0.074211
v -0.116113 -0.295809 -0.03111
v -0.170411 -0.259803 -0.02651
v -0.163307 -0.266907 -0.02651
v -0.156202 -0.274012 -0.02651
v -0.188996 -0.213338 -0.072775
v -0.152188 -0.277564 -0.029426
v 0.11566 -0.295809 0.036299
v 0.116145 -0.295809 0.033232
v 0.148692 -0.279845 0.025566
v -0.214994 0.186904 -0.071369
v 0.13974 -0.284406 0.025566
v -0.20454 -0.053461 -0.067926
v 0.121835 -0.293528 0.025566
v 0.117116 -0.295809 0.027099
v 0.149934 -0.277564 0.045981
v -0.115385 -0.295809 -0.035709
v 0.150858 -0.277564 0.040148
v -0.143698 -0.282125 -0.02651
v 0.178033 -0.252698 0.025566
v 0.170929 -0.259803 0.025566
v 0.163824 -0.266907 0.025566
v 0.15672 -0.274012 0.025566
v -0.149879 -0.277564 -0.044009
v 0.151782 -0.277564 0.034315

vt 0.644874 0.872373 0
vt 0.616077 0.891975 0
vt 0.631294 0.892174 0
vt 0.61667 0.845399 0
vt 0.616794 0.814558 0
vt 0.427014 0.872893 0
vt 0.616425 0.872027 0
vt 0.630883 0.911772 0
vt 0.614532 0.912218 0
vt 0.429848 0.846163 0
vt 0.407667 0.893278 0
vt 0.418797 0.904073 0
vt 0.423233 0.892925 0
vt 0.764744 0.794541 0
vt 0.72822 0.87189 0
vt 0.713607 0.831758 0
vt 0.69634 0.90502 0
vt 0.698003 0.876192 0
vt 0.674363 0.908494 0
vt 0.657094 0.909 0
vt 0.61505 0.911099 0
vt 0.645571 0.910659 0
vt 0.3809 0.895475 0
vt 0.393099 0.894154 0
vt 0.304296 0.820729 0
vt 0.372254 0.897125 0
vt 0.297715 0.85522 0
vt 0.285428 0.859288 0
vt 0.412641 0.912166 0
vt 0.368058 0.898948 0
vt 0.275703 0.870663 0
vt 0.251043 0.834566 0
vt 0.77978 0.787746 0
vt 0.773868 0.83254 0
vt 0.750148 0.864036 0
vt 0.713237 0.889105 0
vt 0.615651 0.903063 0
vt 0.666706 0.905321 0
vt 0.31402 0.894507 0
vt 0.361448 0.90855 0
vt 0.360462 0.906905 0
vt 0.230168 0.795993 0
vt 0.250658 0.8393 0
vt 0.786453 0.783686 0
vt 0.788624 0.764729 0
vt 0.738923 0.853346 0
vt 0.770131 0.826658 0
vt 0.70565 0.878505 0
vt 0.74706 0.857295 0
vt 0.66327 0.895669 0
vt 0.665896 0.897449 0
vt 0.711157 0.88168 0
vt 0.245419 0.796198 0
vt 0.367053 0.91052 0
vt 0.277605 0.784087 0
vt 0.377318 0.912072 0
vt 0.719357 0.849946 0
vt 0.691664 0.875747 0
vt 0.656072 0.894107 0
vt 0.39125 0.913039 0
vt 0.655312 0.84582 0
vt 0.690567 0.847372 0
vt 0.67073 0.873647 0
vt 0.645056 0.892907 0
vt 0.617892 0.757705 0
vt 0.431536 0.815214 0
vt 0.671733 0.811422 0
vt 0.671064 0.811122 0
vt 0.662978 0.905782 0
vt 0.652434 0.910301 0
vt 0.655012 0.909754 0
vt 0.341769 0.817845 0
vt 0.342419 0.773768 0
vt 0.262565 0.763069 0
vt 0.749116 0.827534 0
vt 0.794078 0.769908 0
vt 0.242638 0.793821 0
vt 0.749399 0.759781 0
vt 0.318767 0.830125 0
vt 0.687377 0.883933 0
vt 0.689369 0.88067 0
vt 0.691696 0.876657 0
vt 0.736902 0.819158 0
vt 0.328019 0.786336 0
vt 0.387302 0.786962 0
vt 0.389952 0.783917 0
vt 0.612678 0.799111 0
vt 0.436134 0.758163 0
vt 0.385823 0.777006 0
vt 0.613466 0.786276 0
vt 0.612609 0.783254 0
vt 0.613533 0.802233 0
vt 0.668405 0.798106 0
vt 0.727008 0.782749 0
vt 0.673474 0.785294 0
vt 0.669263 0.782322 0
vt 0.672603 0.801172 0
vt 0.725339 0.79843 0
vt 0.717429 0.795602 0
vt 0.295561 0.760945 0
vt 0.303294 0.776452 0
vt 0.756439 0.776616 0
vt 0.272489 0.760974 0
vt 0.245688 0.785306 0
vt 0.254496 0.778055 0
vt 0.287072 0.781263 0
vt 0.279754 0.799882 0
vt 0.706128 0.754287 0
vt 0.663523 0.752886 0
vt 0.338325 0.759511 0
vt 0.295953 0.779643 0
vt 0.777895 0.772613 0
vt 0.241514 0.769927 0
vt 0.782326 0.768455 0
vt 0.766203 0.759708 0
vt 0.390416 0.799836 0
vt 0.617036 0.770855 0
vt 0.280783 0.161901 0
vt 0.28952 0.218265 0
vt 0.295559 0.17205 0
vt 0.272524 0.764381 0
vt 0.334979 0.086379 0
vt 0.749965 0.151227 0
vt 0.78232 0.772038 0
vt 0.757411 0.199256 0
vt 0.301846 0.119728 0
vt 0.241553 0.773545 0
vt 0.368497 0.04733 0
vt 0.650756 0.067865 0
vt 0.692398 0.089765 0
vt 0.725363 0.123486 0
vt 0.746462 0.165681 0
vt 0.777421 0.766815 0
vt 0.753682 0.212205 0
vt 0.325216 0.069225 0
vt 0.290284 0.093275 0
vt 0.239205 0.777837 0
vt 0.648413 0.071843 0
vt 0.687404 0.096974 0
vt 0.717919 0.132715 0
vt 0.766969 0.779152 0
vt 0.664334 0.906974 0
vt 0.737288 0.175557 0
vt 0.766198 0.763085 0
vt 0.743894 0.221498 0
vt 0.373884 0.039057 0
vt 0.416562 0.04013 0
vt 0.368813 0.042985 0
vt 0.745476 0.86854 0
vt 0.709337 0.892551 0
vt 0.641867 0.07534 0
vt 0.674651 0.103233 0
vt 0.700054 0.140651 0
vt 0.716072 0.183999 0
vt 0.741459 0.759914 0
vt 0.721525 0.229425 0
vt 0.313194 0.89106 0
vt 0.242797 0.780679 0
vt 0.226653 0.776256 0
vt 0.286767 0.873911 0
vt 0.254537 0.781865 0
vt 0.352198 0.048035 0
vt 0.334389 0.053888 0
vt 0.302441 0.083666 0
vt 0.322447 0.906954 0
vt 0.631812 0.078035 0
vt 0.655557 0.108011 0
vt 0.673825 0.146662 0
vt 0.685292 0.190362 0
vt 0.706128 0.757536 0
vt 0.689206 0.23539 0
vt 0.281794 0.125559 0
vt 0.710489 0.776974 0
vt 0.383286 0.035957 0
vt 0.326845 0.075925 0
vt 0.619227 0.079692 0
vt 0.407425 0.913314 0
vt 0.316436 0.868506 0
vt 0.631966 0.110927 0
vt 0.711364 0.758563 0
vt 0.641737 0.150311 0
vt 0.647873 0.194211 0
vt 0.663526 0.756102 0
vt 0.649993 0.238995 0
vt 0.665632 0.776207 0
vt 0.666108 0.757873 0
vt 0.617795 0.776023 0
vt 0.351062 0.111708 0
vt 0.347803 0.161959 0
vt 0.334021 0.78725 0
vt 0.28711 0.785149 0
vt 0.304972 0.167075 0
vt 0.411052 0.033458 0
vt 0.40595 0.043274 0
vt 0.396113 0.034019 0
vt 0.775179 0.792145 0
vt 0.76891 0.837248 0
vt 0.754234 0.791953 0
vt 0.261681 0.828574 0
vt 0.428478 0.078465 0
vt 0.604513 0.059987 0
vt 0.786942 0.794219 0
vt 0.78969 0.77466 0
vt 0.791522 0.789202 0
vt 0.229418 0.77146 0
vt 0.432898 0.110193 0
vt 0.605285 0.080167 0
vt 0.263121 0.829372 0
vt 0.764395 0.778482 0
vt 0.760145 0.822618 0
vt 0.775241 0.78232 0
vt 0.436372 0.149931 0
vt 0.605984 0.111762 0
vt 0.774606 0.780473 0
vt 0.776381 0.761732 0
vt 0.748082 0.778332 0
vt 0.43866 0.194035 0
vt 0.606553 0.151352 0
vt 0.703066 0.816551 0
vt 0.740106 0.775211 0
vt 0.120874 0.238889 0
vt 0.43962 0.238889 0
vt 0.095375 0.246421 0
vt 0.606951 0.195308 0
vt 0.663029 0.771272 0
vt 0.661856 0.814983 0
vt 0.705219 0.772754 0
vt 0.117147 0.756144 0
vt 0.091647 0.763676 0
vt 0.272898 0.763225 0
vt 0.617144 0.755693 0
vt 0.262909 0.247554 0
vt 0.607154 0.240022 0
vt 0.40186 0.069581 0
vt 0.361235 0.071014 0
vt 0.376924 0.044347 0
vt 0.386669 0.758579 0
vt 0.435872 0.752927 0
vt 0.434589 0.771358 0
vt 0.434858 0.776545 0
vt 0.387426 0.772035 0
vt 0.302869 0.75771 0
vt 0.338029 0.778044 0
vt 0.273706 0.779905 0
vt 0.263752 0.781974 0
vt 0.254979 0.764726 0
vt 0.239165 0.77412 0
vt 0.257096 0.793516 0
vt 0.389982 0.787866 0
vt 0.342692 0.755182 0
vt 0.388266 0.753556 0
vt 0.2323 0.790934 0
vt 0.777427 0.763352 0
vt 0.741462 0.75661 0
vt 0.329417 0.802306 0
vt 0.398686 0.160462 0
vt 0.400683 0.075799 0
vt 0.423458 0.058178 0
vt 0.60264 0.035456 0
vt 0.406229 0.108876 0
vt 0.356598 0.187842 0
vt 0.400261 0.148288 0
vt 0.38829 0.756788 0
vt 0.069543 0.756788 0
vt 0.395658 0.237268 0
vt 0.076912 0.237268 0
vt 0.353679 0.233089 0
vt 0.389283 0.072884 0
vt 0.317162 0.226608 0
vt 0.3029 0.76104 0
vt 0.376903 0.065165 0
vt 0.343443 0.093761 0
vt 0.603466 0.042058 0
vt 0.318208 0.874994 0
vt 0.34278 0.902797 0
vt 0.329858 0.892452 0
vt 0.321814 0.882016 0
vt 0.323747 0.884524 0
vt 0.313188 0.877983 0
vt 0.319257 0.878686 0
vt 0.320508 0.826289 0
vt 0.335366 0.799188 0
vt 0.33408 0.811932 0
vt 0.336374 0.810794 0
vt 0.662773 0.807237 0
vt 0.667779 0.809649 0
vt 0.670238 0.810752 0
vt 0.656414 0.804173 0
vt 0.655562 0.803762 0
vt 0.656067 0.804007 0
vt 0.689643 0.833229 0
vt 0.688394 0.830859 0
vt 0.687274 0.828731 0
vt 0.694128 0.850044 0
vt 0.692933 0.842173 0
vt 0.69243 0.83886 0
vt 0.694728 0.85773 0
vt 0.691632 0.876948 0
vt 0.692498 0.872348 0
vt 0.693006 0.869621 0
vt 0.694672 0.860669 0
vt 0.693175 0.868711 0
vt 0.670731 0.901885 0
vt 0.671565 0.901141 0
vt 0.674366 0.898638 0
vt 0.683236 0.890716 0
vt 0.67886 0.894624 0
vt 0.670648 0.901959 0
vt 0.666074 0.90424 0
vt 0.64581 0.910823 0
vt 0.643608 0.910982 0
vt 0.654414 0.792179 0
vt 0.669671 0.799875 0
vt 0.681773 0.811887 0
vt 0.689539 0.827035 0
vt 0.692217 0.843834 0
vt 0.692219 0.850301 0
vt 0.689554 0.867103 0
vt 0.681811 0.882276 0
vt 0.66975 0.894342 0
vt 0.654544 0.902126 0
vt 0.381045 0.901182 0
vt 0.375167 0.791827 0
vt 0.376015 0.901555 0
vt 0.367836 0.792608 0
vt 0.370903 0.792175 0
vt 0.343054 0.811703 0
vt 0.333913 0.849782 0
vt 0.336481 0.866629 0
vt 0.343651 0.882027 0
vt 0.368707 0.902823 0
vt 0.383335 0.790349 0
vt 0.348254 0.804792 0
vt 0.335031 0.811461 0
vt 0.342009 0.807947 0
vt 0.332727 0.812605 0
vt 0.342665 0.807616 0
vt 0.345692 0.806087 0
vt 0.347753 0.805046 0
vt 0.366274 0.793084 0
vt 0.322527 0.823282 0
vt 0.330287 0.815159 0
vt 0.321591 0.824261 0
vt 0.35092 0.80092 0
vt 0.321282 0.824584 0
vt 0.338786 0.813086 0
vt 0.314685 0.839691 0
vt 0.316702 0.834676 0
vt 0.314657 0.840374 0
vt 0.314342 0.84798 0
vt 0.31419 0.85166 0
vt 0.314251 0.850183 0
vt 0.31402 0.856128 0
vt 0.33106 0.828387 0
vt 0.316947 0.870378 0
vt 0.328559 0.851824 0
vt 0.319136 0.878394 0
vt 0.337896 0.898887 0
vt 0.33467 0.896304 0
vt 0.339394 0.883907 0
vt 0.343821 0.90363 0
vt 0.351692 0.907389 0
vt 0.345947 0.904646 0
vt 0.351709 0.895925 0
vt 0.37776 0.912543 0
vt 0.362385 0.911827 0
vt 0.359888 0.911304 0
vt 0.402019 0.913008 0
vt 0.378621 0.912563 0
vt 0.453811 0.912735 0
vt 0.384208 0.906177 0
vt 0.63769 0.911204 0
vt 0.637677 0.904868 0
vt 0.618075 0.911777 0
vt 0.613993 0.911888 0
vt 0.637524 0.801293 0
vt 0.619633 0.80162 0
vt 0.612689 0.801747 0
vt 0.616557 0.801677 0
vt 0.578313 0.801861 0
vt 0.390493 0.802483 0
vt 0.406448 0.80243 0
vt 0.386944 0.802441 0
vt 0.365988 0.80219 0
vt 0.383635 0.802401 0
vt 0.653542 0.791713 0
vt 0.667941 0.798951 0
vt 0.679313 0.810536 0
vt 0.686588 0.825326 0
vt 0.689094 0.841895 0
vt 0.689096 0.848307 0
vt 0.686605 0.86507 0
vt 0.679355 0.88044 0
vt 0.668022 0.892944 0
vt 0.653674 0.901369 0
vt 0.651112 0.791299 0
vt 0.663277 0.798137 0
vt 0.672851 0.809348 0
vt 0.678961 0.823827 0
vt 0.681064 0.840195 0
vt 0.681067 0.846559 0
vt 0.678985 0.863286 0
vt 0.672903 0.878825 0
vt 0.663368 0.891711 0
vt 0.65125 0.900698 0
vt 0.64737 0.790978 0
vt 0.656163 0.797506 0
vt 0.663065 0.808431 0
vt 0.667464 0.822673 0
vt 0.668982 0.838887 0
vt 0.668988 0.845214 0
vt 0.667499 0.861913 0
vt 0.663133 0.877579 0
vt 0.65627 0.890757 0
vt 0.647517 0.900176 0
vt 0.637495 0.789562 0
vt 0.64268 0.79078 0
vt 0.647292 0.797118 0
vt 0.653218 0.821964 0
vt 0.654022 0.838084 0
vt 0.654029 0.844388 0
vt 0.653265 0.861069 0
vt 0.650997 0.876813 0
vt 0.647417 0.890169 0
vt 0.642839 0.899854 0
vt 0.637495 0.790723 0
vt 0.637504 0.797006 0
vt 0.63752 0.807706 0
vt 0.637541 0.82176 0
vt 0.637566 0.837853 0
vt 0.637576 0.844151 0
vt 0.637603 0.860827 0
vt 0.637628 0.876593 0
vt 0.388253 0.891221 0
vt 0.637651 0.89 0
vt 0.637667 0.899762 0
vt 0.385552 0.791508 0
vt 0.377478 0.797989 0
vt 0.387558 0.797813 0
vt 0.375383 0.808811 0
vt 0.389171 0.808555 0
vt 0.374107 0.82299 0
vt 0.390249 0.822668 0
vt 0.390702 0.838831 0
vt 0.373808 0.845531 0
vt 0.390749 0.845157 0
vt 0.390539 0.861907 0
vt 0.374412 0.86229 0
vt 0.358788 0.823812 0
vt 0.373759 0.839195 0
vt 0.368677 0.892169 0
vt 0.336135 0.826636 0
vt 0.371764 0.90212 0
vt 0.385428 0.815965 0
vt 0.390311 0.846907 0
vt 0.352969 0.848768 0
vt 0.370531 0.875029 0
vt 0.397909 0.873505 0
vt 0.321088 0.851612 0
vt 0.330607 0.880266 0
vt 0.34735 0.877347 0
vt 0.276567 0.824405 0
vt 0.322098 0.883529 0
vt 0.243693 0.766176 0
vt 0.275475 0.866143 0
vt 0.341714 0.910234 0
vt 0.314748 0.862331 0
vt 0.244383 0.789389 0
vt 0.256988 0.78386 0
vt 0.294111 0.833376 0
vt 0.387773 0.802982 0
vt 0.719079 0.779999 0
vt 0.333987 0.783316 0
vt 0.617137 0.752487 0
vt 0.255016 0.768222 0
vt 0.269278 0.1472 0
vt 0.273853 0.208711 0
vt 0.325188 0.06122 0
vt 0.2679 0.135998 0
vt 0.291014 0.103655 0
vt 0.262136 0.195534 0
vt 0.274967 0.175092 0
vt 0.260507 0.184966 0
vt 0.310383 0.117098 0
vt 0.399319 0.110132 0
vt 0.612618 0.787187 0
vt 0.601897 0.045284 0
vt 0.601326 0.071533 0
vt 0.601004 0.111959 0
vt 0.669267 0.786232 0
vt 0.600977 0.162113 0
vt 0.380961 0.105501 0
vt 0.414168 0.077715 0
vt 0.365898 0.14406 0
vt 0.396665 0.192304 0
vt 0.34272 0.758453 0
vt 0.617789 0.036328 0
vt 0.631323 0.04695 0
vt 0.642505 0.073757 0
vt 0.649914 0.114405 0
vt 0.719078 0.783855 0
vt 0.652544 0.164436 0
vt 0.321809 0.18093 0
vt 0.631428 0.038533 0
vt 0.657624 0.051139 0
vt 0.679087 0.079327 0
vt 0.693187 0.120513 0
vt 0.756435 0.780392 0
vt 0.698107 0.170231 0
vt 0.359341 0.100324 0
vt 0.314063 0.129199 0
vt 0.33623 0.137537 0
vt 0.642164 0.041827 0
vt 0.678008 0.057342 0
vt 0.723826 0.097325 0
vt 0.70708 0.087516 0
vt 0.745337 0.140094 0
vt 0.726023 0.129453 0
vt 0.752735 0.188758 0
vt 0.777888 0.776295 0
vt 0.732576 0.178699 0
vt 0.381073 0.069227 0
vt 0.651197 0.050207 0
vt 0.648955 0.045857 0
vt 0.694175 0.072833 0
vt 0.728194 0.107659 0
vt 0.690514 0.064844 0
vt 0.289195 0.796975 0
vt 0.328502 0.845315 0
vt 0.331414 0.868711 0
vt 0.354743 0.894495 0
vt 0.315426 0.837848 0
vt 0.324655 0.885701 0
vt 0.371979 0.912415 0
vt 0.367151 0.903596 0
vt 0.650909 0.807868 0
vt 0.389683 0.877748 0
vt 0.386371 0.901036 0
vt 0.380211 0.791598 0
vt 0.378196 0.891488 0
vt 0.362311 0.809464 0
vt 0.367936 0.798439 0
vt 0.359108 0.863268 0
vt 0.375918 0.878095 0
vt 0.362869 0.878983 0
vt 0.359837 0.799122 0
vt 0.34393 0.841545 0
vt 0.34571 0.825064 0
vt 0.357673 0.840126 0
vt 0.661968 0.806848 0
vt 0.357725 0.846488 0
vt 0.346044 0.864757 0
vt 0.351755 0.880334 0
vt 0.360598 0.893203 0
vt 0.353965 0.799976 0
vt 0.351175 0.810458 0
vt 0.677801 0.817093 0
vt 0.68438 0.82324 0
vt 0.685258 0.824906 0
vt 0.692329 0.838191 0
vt 0.333856 0.843328 0
vt 0.343984 0.847948 0
vt 0.694547 0.852802 0
vt 0.694791 0.854409 0
vt 0.780134 0.774138 0
vt 0.304793 0.150666 0
vt 0.288254 0.167033 0
vt 0.292536 0.195182 0
vt 0.281778 0.213544 0
vt 0.280953 0.493545 0
vt 0.263883 0.766276 0
vt 0.337117 0.088244 0
vt 0.400188 0.061671 0
vt 0.649519 0.046951 0
vt 0.779828 0.769382 0
vt 0.318411 0.103055 0
vt 0.296516 0.11182 0
vt 0.275122 0.154667 0
vt 0.277316 0.185317 0
vt 0.65064 0.049126 0
vt 0.248401 0.770837 0
vt 0.392787 0.041552 0
vt 0.771738 0.764926 0
vt 0.325202 0.065251 0
vt 0.308114 0.086442 0
vt 0.265705 0.171379 0
vt 0.69144 0.066864 0
vt 0.240395 0.775662 0
vt 0.69327 0.070857 0
vt 0.626554 0.06594 0
vt 0.753692 0.761482 0
vt 0.37134 0.041028 0
vt 0.395385 0.039598 0
vt 0.347079 0.052069 0
vt 0.329758 0.057578 0
vt 0.296308 0.088514 0
vt 0.72651 0.102661 0
vt 0.279108 0.114605 0
vt 0.274772 0.130835 0
vt 0.264203 0.160479 0
vt 0.267655 0.180085 0
vt 0.745929 0.141514 0
vt 0.623327 0.067721 0
vt 0.723646 0.758715 0
vt 0.246776 0.779826 0
vt 0.747099 0.14433 0
vt 0.354269 0.046422 0
vt 0.343247 0.050977 0
vt 0.314555 0.079823 0
vt 0.748256 0.147113 0
vt 0.29215 0.104547 0
vt 0.749399 0.149863 0
vt 0.618297 0.069101 0
vt 0.684718 0.756815 0
vt 0.278382 0.150309 0
vt 0.289834 0.17112 0
vt 0.753332 0.190099 0
vt 0.264717 0.479514 0
vt 0.270663 0.783491 0
vt 0.754515 0.192756 0
vt 0.400094 0.038065 0
vt 0.406459 0.037112 0
vt 0.339613 0.061879 0
vt 0.611953 0.069952 0
vt 0.640301 0.755897 0
vt 0.296019 0.476894 0
vt 0.31042 0.786193 0
vt 0.604904 0.070197 0
vt 0.606753 0.173453 0
vt 0.607053 0.217716 0
vt 0.18242 0.76345 0
vt 0.340898 0.475219 0
vt 0.361951 0.787557 0
vt 0.755685 0.19538 0
vt 0.418761 0.068056 0
vt 0.413841 0.036836 0
vt 0.408529 0.03831 0
vt 0.501522 0.787526 0
vt 0.0934 0.756465 0
vt 0.610544 0.039227 0
vt 0.641022 0.786708 0
vt 0.383156 0.146183 0
vt 0.376736 0.190085 0
vt 0.756839 0.197972 0
vt 0.36564 0.757615 0
vt 0.778455 0.77575 0
vt 0.694349 0.785035 0
vt 0.411964 0.067072 0
vt 0.406257 0.065581 0
vt 0.373378 0.124912 0
vt 0.339343 0.184414 0
vt 0.355135 0.210509 0
vt 0.335574 0.229875 0
vt 0.617312 0.040313 0
vt 0.737953 0.782105 0
vt 0.348146 0.498332 0
vt 0.322991 0.759734 0
vt 0.779578 0.774672 0
vt 0.325243 0.133404 0
vt 0.780687 0.773608 0
vt 0.622683 0.041944 0
vt 0.692476 0.072359 0
vt 0.767297 0.778317 0
vt 0.319482 0.203804 0
vt 0.303487 0.22248 0
vt 0.781779 0.772558 0
vt 0.287886 0.762691 0
vt 0.311743 0.134574 0
vt 0.402195 0.063722 0
vt 0.362198 0.081532 0
vt 0.307107 0.145307 0
vt 0.626135 0.043952 0
vt 0.627344 0.046135 0
vt 0.297864 0.166712 0
vt 0.739087 0.129458 0
vt 0.726032 0.102543 0
vt 0.282666 0.163195 0
vt 0.75369 0.175256 0
vt 0.747679 0.145726 0
vt 0.291782 0.200957 0
vt 0.769942 0.487384 0
vt 0.755102 0.194072 0
vt 0.290273 0.212499 0
vt 0.291311 0.140821 0
vt 0.308013 0.124509 0
vt 0.287602 0.217096 0
vt 0.264367 0.490451 0
vt 0.392538 0.04373 0
vt 0.283731 0.214735 0
vt 0.34686 0.058276 0
vt 0.372767 0.056389 0
vt 0.279816 0.212347 0
vt 0.627646 0.063928 0
vt 0.603998 0.051165 0
vt 0.275852 0.20993 0
vt 0.671591 0.078821 0
vt 0.650973 0.059176 0
vt 0.287364 0.287508 0
vt 0.708893 0.106637 0
vt 0.693273 0.081432 0
vt 0.274618 0.697083 0
vt 0.73592 0.144598 0
vt 0.726757 0.115697 0
vt 0.270385 0.76485 0
vt 0.750074 0.188957 0
vt 0.748186 0.158568 0
vt 0.266064 0.765798 0
vt 0.765641 0.491583 0
vt 0.755517 0.205832 0
vt 0.261688 0.766758 0
vt 0.330175 0.077938 0
vt 0.257254 0.767731 0
vt 0.280142 0.125434 0
vt 0.417642 0.059051 0
vt 0.251786 0.486174 0
vt 0.268087 0.202227 0
vt 0.394368 0.062543 0
vt 0.667985 0.084457 0
vt 0.649581 0.069861 0
vt 0.375881 0.062997 0
vt 0.70271 0.114902 0
vt 0.689884 0.093394 0
vt 0.373813 0.058609 0
vt 0.727626 0.154185 0
vt 0.721606 0.128144 0
vt 0.371712 0.054152 0
vt 0.740595 0.198553 0
vt 0.741824 0.170674 0
vt 0.369577 0.049622 0
vt 0.755141 0.49459 0
vt 0.748731 0.216905 0
vt 0.371663 0.067816 0
vt 0.368654 0.045166 0
vt 0.34022 0.083726 0
vt 0.307783 0.077205 0
vt 0.333792 0.084294 0
vt 0.290653 0.098517 0
vt 0.268597 0.141665 0
vt 0.249808 0.482734 0
vt 0.261331 0.190315 0
vt 0.32895 0.075786 0
vt 0.658369 0.08938 0
vt 0.64513 0.073597 0
vt 0.609438 0.043077 0
vt 0.687422 0.122044 0
vt 0.680989 0.100123 0
vt 0.621376 0.045116 0
vt 0.708093 0.162405 0
vt 0.708913 0.136716 0
vt 0.63331 0.047153 0
vt 0.718803 0.206749 0
vt 0.726578 0.179819 0
vt 0.645236 0.049189 0
vt 0.731586 0.49715 0
vt 0.732596 0.225501 0
vt 0.65114 0.052476 0
vt 0.318498 0.0687 0
vt 0.651028 0.05696 0
vt 0.65081 0.065718 0
vt 0.64379 0.093156 0
vt 0.636827 0.076691 0
vt 0.667326 0.058699 0
vt 0.664756 0.127474 0
vt 0.66506 0.105633 0
vt 0.693947 0.075008 0
vt 0.679586 0.168615 0
vt 0.686856 0.143675 0
vt 0.693496 0.079308 0
vt 0.687253 0.21292 0
vt 0.700568 0.187204 0
vt 0.693052 0.08354 0
vt 0.697752 0.499074 0
vt 0.705241 0.232431 0
vt 0.692615 0.087706 0
vt 0.367886 0.04194 0
vt 0.378572 0.037511 0
vt 0.318651 0.09642 0
vt 0.727831 0.109692 0
vt 0.625662 0.095468 0
vt 0.62551 0.078865 0
vt 0.727112 0.113711 0
vt 0.636892 0.130779 0
vt 0.643728 0.109473 0
vt 0.726404 0.117667 0
vt 0.644822 0.172379 0
vt 0.657719 0.148493 0
vt 0.725708 0.121562 0
vt 0.648935 0.216652 0
vt 0.666498 0.192295 0
vt 0.730919 0.113112 0
vt 0.65683 0.500235 0
vt 0.669507 0.237201 0
vt 0.30768 0.142059 0
vt 0.295967 0.121365 0
vt 0.736365 0.124011 0
vt 0.386622 0.039127 0
vt 0.389689 0.034989 0
vt 0.741808 0.134903 0
vt 0.369146 0.057567 0
vt 0.364522 0.046197 0
vt 0.747247 0.145787 0
vt 0.605638 0.096132 0
vt 0.612252 0.07993 0
vt 0.749515 0.153084 0
vt 0.606271 0.131724 0
vt 0.618964 0.111344 0
vt 0.748625 0.156754 0
vt 0.624125 0.150832 0
vt 0.74775 0.160367 0
vt 0.627386 0.194761 0
vt 0.746888 0.163923 0
vt 0.267956 0.508098 0
vt 0.612202 0.500566 0
vt 0.628545 0.239509 0
vt 0.750897 0.157237 0
vt 0.356175 0.091254 0
vt 0.343962 0.07348 0
vt 0.752759 0.169252 0
vt 0.349434 0.136798 0
vt 0.330614 0.114418 0
vt 0.754621 0.181259 0
vt 0.326266 0.164532 0
vt 0.756481 0.193259 0
vt 0.403579 0.033739 0
vt 0.756932 0.20092 0
vt 0.425998 0.068442 0
vt 0.755985 0.204208 0
vt 0.430712 0.094497 0
vt 0.517022 0.079318 0
vt 0.755053 0.207444 0
vt 0.43465 0.13023 0
vt 0.519576 0.110978 0
vt 0.754135 0.21063 0
vt 0.437523 0.172106 0
vt 0.521592 0.150643 0
vt 0.760558 0.271617 0
vt 0.439141 0.216513 0
vt 0.522933 0.194673 0
vt 0.766823 0.41568 0
vt 0.118991 0.500201 0
vt 0.093491 0.507733 0
vt 0.179268 0.246988 0
vt 0.523514 0.239456 0
vt 0.773049 0.55887 0
vt 0.403923 0.056311 0
vt 0.391424 0.043811 0
vt 0.779239 0.701197 0
vt 0.400597 0.089744 0
vt 0.381521 0.070298 0
vt 0.781689 0.771365 0
vt 0.399003 0.135259 0
vt 0.375154 0.110921 0
vt 0.394326 0.474729 0
vt 0.373203 0.161212 0
vt 0.780443 0.770037 0
vt 0.514133 0.059084 0
vt 0.420065 0.049297 0
vt 0.779219 0.768732 0
vt 0.410159 0.093451 0
vt 0.421328 0.07809 0
vt 0.778015 0.767449 0
vt 0.603058 0.038798 0
vt 0.510171 0.041096 0
vt 0.305986 0.11556 0
vt 0.602273 0.040314 0
vt 0.507011 0.034459 0
vt 0.297864 0.11382 0
vt 0.601614 0.058292 0
vt 0.504096 0.044281 0
vt 0.295157 0.109803 0
vt 0.601166 0.091635 0
vt 0.501772 0.070559 0
vt 0.292406 0.105721 0
vt 0.60099 0.136999 0
vt 0.500344 0.111047 0
vt 0.293944 0.135549 0
vt 0.606809 0.475269 0
vt 0.500015 0.161289 0
vt 0.288679 0.146092 0
vt 0.403221 0.12874 0
vt 0.419581 0.109535 0
vt 0.276554 0.156497 0
vt 0.398454 0.170413 0
vt 0.418349 0.149111 0
vt 0.273679 0.152822 0
vt 0.39616 0.214835 0
vt 0.417706 0.193172 0
vt 0.270757 0.149089 0
vt 0.391936 0.499679 0
vt 0.07319 0.499679 0
vt 0.09894 0.23808 0
vt 0.417686 0.23808 0
vt 0.279916 0.167757 0
vt 0.624485 0.041583 0
vt 0.610219 0.035893 0
vt 0.274719 0.202864 0
vt 0.636868 0.060242 0
vt 0.616631 0.046118 0
vt 0.269546 0.203867 0
vt 0.646191 0.093977 0
vt 0.621957 0.072647 0
vt 0.266617 0.200574 0
vt 0.651227 0.139386 0
vt 0.625518 0.113185 0
vt 0.263641 0.197227 0
vt 0.660924 0.47603 0
vt 0.626827 0.163277 0
vt 0.271469 0.279522 0
vt 0.390739 0.090776 0
vt 0.407437 0.076759 0
vt 0.266726 0.420392 0
vt 0.393637 0.107195 0
vt 0.361227 0.166051 0
vt 0.257341 0.699147 0
vt 0.374784 0.23519 0
vt 0.253383 0.768867 0
vt 0.644412 0.04478 0
vt 0.624622 0.037433 0
vt 0.250076 0.770175 0
vt 0.668283 0.065137 0
vt 0.644522 0.049052 0
vt 0.246711 0.771505 0
vt 0.686108 0.099834 0
vt 0.66089 0.076556 0
vt 0.243288 0.772859 0
vt 0.695644 0.145347 0
vt 0.671683 0.117478 0
vt 0.368615 0.045708 0
vt 0.708623 0.477926 0
vt 0.675473 0.167352 0
vt 0.368773 0.043532 0
vt 0.37422 0.086687 0
vt 0.394998 0.074345 0
vt 0.374825 0.042625 0
vt 0.347728 0.119023 0
vt 0.370205 0.102926 0
vt 0.610299 0.060973 0
vt 0.328996 0.159308 0
vt 0.351166 0.140821 0
vt 0.621865 0.062944 0
vt 0.621061 0.064457 0
vt 0.659978 0.049537 0
vt 0.636812 0.040185 0
vt 0.633426 0.064912 0
vt 0.667873 0.054258 0
vt 0.649874 0.069363 0
vt 0.716526 0.108427 0
vt 0.693191 0.083453 0
vt 0.666384 0.076084 0
vt 0.729298 0.154062 0
vt 0.709753 0.125024 0
vt 0.676795 0.081558 0
vt 0.744552 0.480691 0
vt 0.715507 0.174506 0
vt 0.309967 0.496241 0
vt 0.687199 0.08703 0
vt 0.385192 0.071061 0
vt 0.691767 0.090677 0
vt 0.328714 0.111527 0
vt 0.351442 0.097063 0
vt 0.69051 0.092491 0
vt 0.669676 0.055323 0
vt 0.645572 0.043849 0
vt 0.689261 0.094294 0
vt 0.707135 0.081051 0
vt 0.684303 0.061119 0
vt 0.688021 0.096084 0
vt 0.73457 0.118686 0
vt 0.715532 0.092466 0
vt 0.696524 0.093985 0
vt 0.749036 0.164426 0
vt 0.735787 0.134832 0
vt 0.70477 0.102421 0
vt 0.765373 0.483969 0
vt 0.742772 0.183787 0
vt 0.308816 0.176535 0
vt 0.713012 0.110851 0
vt 0.355943 0.07577 0
vt 0.378995 0.067203 0
vt 0.33924 0.090096 0
vt 0.721248 0.119276 0
vt 0.672701 0.061527 0
vt 0.65008 0.048041 0
vt 0.724417 0.124658 0
vt 0.711197 0.090258 0
vt 0.692358 0.068867 0
vt 0.729195 0.108 0
vt 0.722539 0.126987 0
vt 0.720677 0.129295 0
vt 0.739951 0.129384 0
vt 0.746515 0.142926 0
vt 0.718834 0.13158 0
vt 0.748828 0.148492 0
vt 0.728004 0.128767 0
vt 0.733282 0.139322 0
vt 0.747187 0.152259 0
vt 0.738557 0.149871 0
vt 0.743828 0.160413 0
vt 0.750885 0.176593 0
vt 0.753926 0.191431 0
vt 0.745294 0.166939 0
vt 0.756263 0.19668 0
vt 0.742975 0.169436 0
vt 0.740682 0.171904 0
vt 0.75907 0.336727 0
vt 0.738413 0.174346 0
vt 0.747366 0.171503 0
vt 0.771646 0.630491 0
vt 0.779019 0.775209 0
vt 0.749171 0.18314 0
vt 0.781235 0.773081 0
vt 0.750977 0.194772 0
vt 0.75278 0.206395 0
vt 0.309424 0.139943 0
vt 0.752433 0.21339 0
vt 0.749958 0.21574 0
vt 0.747511 0.218063 0
vt 0.28454 0.164481 0
vt 0.745093 0.220359 0
vt 0.294047 0.183621 0
vt 0.756688 0.282443 0
vt 0.762668 0.422132 0
vt 0.291028 0.20673 0
vt 0.768602 0.560776 0
vt 0.27784 0.211142 0
vt 0.774492 0.698391 0
vt 0.775987 0.766338 0
vt 0.26823 0.765322 0
vt 0.773146 0.765394 0
vt 0.259477 0.767243 0
vt 0.77034 0.764462 0
vt 0.411824 0.059924 0
vt 0.76757 0.763541 0
vt 0.363088 0.050067 0
vt 0.388547 0.063417 0
vt 0.374851 0.060812 0
vt 0.352269 0.05554 0
vt 0.370649 0.051896 0
vt 0.330628 0.066487 0
vt 0.325213 0.068237 0
vt 0.366424 0.070467 0
vt 0.325206 0.066251 0
vt 0.325198 0.064249 0
vt 0.332596 0.082192 0
vt 0.312389 0.082138 0
vt 0.290562 0.097216 0
vt 0.290377 0.094595 0
vt 0.615409 0.044097 0
vt 0.28286 0.119991 0
vt 0.277426 0.130877 0
vt 0.639274 0.048171 0
vt 0.651084 0.054727 0
vt 0.271994 0.141759 0
vt 0.650864 0.063554 0
vt 0.264813 0.17742 0
vt 0.263028 0.189497 0
vt 0.661952 0.055869 0
vt 0.261937 0.194242 0
vt 0.261535 0.191632 0
vt 0.683441 0.067182 0
vt 0.693721 0.077167 0
vt 0.254362 0.413823 0
vt 0.692832 0.085631 0
vt 0.241266 0.774069 0
vt 0.240688 0.775128 0
vt 0.702689 0.081549 0
vt 0.2401 0.7762 0
vt 0.239506 0.777288 0
vt 0.719699 0.098961 0
vt 0.72747 0.11171 0
vt 0.610041 0.06148 0
vt 0.726054 0.119622 0
vt 0.632036 0.06742 0
vt 0.642965 0.070372 0
vt 0.64759 0.072283 0
vt 0.642681 0.074905 0
vt 0.65332 0.075006 0
vt 0.663106 0.081313 0
vt 0.672853 0.087595 0
vt 0.682563 0.093854 0
vt 0.685794 0.097765 0
vt 0.781063 0.770698 0
vt 0.682586 0.099339 0
vt 0.778615 0.768088 0
vt 0.679397 0.100904 0
vt 0.326695 0.094718 0
vt 0.676229 0.102459 0
vt 0.69124 0.101467 0
vt 0.310128 0.111391 0
vt 0.698893 0.110431 0
vt 0.293787 0.10777 0
vt 0.706522 0.119366 0
vt 0.714126 0.128272 0
vt 0.296578 0.130276 0
vt 0.715653 0.133721 0
vt 0.711151 0.135722 0
vt 0.286046 0.151362 0
vt 0.706684 0.137706 0
vt 0.272224 0.150963 0
vt 0.702255 0.139673 0
vt 0.72035 0.138091 0
vt 0.725203 0.148827 0
vt 0.275584 0.197017 0
vt 0.270993 0.205494 0
vt 0.730045 0.159537 0
vt 0.265135 0.198907 0
vt 0.734877 0.170223 0
vt 0.734591 0.17663 0
vt 0.729236 0.178761 0
vt 0.251737 0.769518 0
vt 0.723932 0.180871 0
vt 0.245007 0.772179 0
vt 0.71868 0.182962 0
vt 0.738116 0.181311 0
vt 0.404698 0.04084 0
vt 0.368576 0.04625 0
vt 0.739769 0.192809 0
vt 0.741421 0.204295 0
vt 0.74307 0.215766 0
vt 0.741048 0.222506 0
vt 0.7354 0.224508 0
vt 0.729807 0.22649 0
vt 0.724272 0.228452 0
vt 0.746724 0.290208 0
vt 0.752347 0.426753 0
vt 0.757923 0.56214 0
vt 0.763452 0.696386 0
vt 0.763045 0.762681 0
vt 0.756793 0.761879 0
vt 0.750609 0.761087 0
vt 0.744493 0.760303 0
vt 0.410636 0.040485 0
vt 0.398748 0.041196 0
vt 0.386812 0.041909 0
vt 0.774562 0.765865 0
vt 0.370706 0.041518 0
vt 0.768951 0.764 0
vt 0.373246 0.039551 0
vt 0.363394 0.045251 0
vt 0.352527 0.049793 0
vt 0.341621 0.054351 0
vt 0.312143 0.073201 0
vt 0.294667 0.089249 0
vt 0.297831 0.08731 0
vt 0.29047 0.095909 0
vt 0.281905 0.109267 0
vt 0.276309 0.119948 0
vt 0.270705 0.130644 0
vt 0.27471 0.136318 0
vt 0.26894 0.144449 0
vt 0.276513 0.129526 0
vt 0.26825 0.138849 0
vt 0.261431 0.178843 0
vt 0.269467 0.178847 0
vt 0.273123 0.176351 0
vt 0.609243 0.061931 0
vt 0.26392 0.18346 0
vt 0.618649 0.065798 0
vt 0.627988 0.069635 0
vt 0.637257 0.073445 0
vt 0.246656 0.630265 0
vt 0.240977 0.774597 0
vt 0.640604 0.075678 0
vt 0.239804 0.776742 0
vt 0.635571 0.077027 0
vt 0.615556 0.06297 0
vt 0.633064 0.077699 0
vt 0.637506 0.068897 0
vt 0.646013 0.078868 0
vt 0.654264 0.085888 0
vt 0.662459 0.092861 0
vt 0.670601 0.099787 0
vt 0.672245 0.103836 0
vt 0.662676 0.10623 0
vt 0.657925 0.107419 0
vt 0.677857 0.107955 0
vt 0.684242 0.117361 0
vt 0.690593 0.126715 0
vt 0.696909 0.136019 0
vt 0.696739 0.141411 0
vt 0.69014 0.142923 0
vt 0.683583 0.144426 0
vt 0.677067 0.145919 0
vt 0.759911 0.762279 0
vt 0.70207 0.146105 0
vt 0.747542 0.760694 0
vt 0.706088 0.156982 0
vt 0.710094 0.167819 0
vt 0.380825 0.042267 0
vt 0.714083 0.178615 0
vt 0.712175 0.184805 0
vt 0.704423 0.186407 0
vt 0.336153 0.056637 0
vt 0.696728 0.187998 0
vt 0.332066 0.055739 0
vt 0.68909 0.189577 0
vt 0.716756 0.189694 0
vt 0.316497 0.069202 0
vt 0.718121 0.201068 0
vt 0.719485 0.212425 0
vt 0.299045 0.085228 0
vt 0.293282 0.090905 0
vt 0.720845 0.223763 0
vt 0.71743 0.230181 0
vt 0.2847 0.103932 0
vt 0.709288 0.231684 0
vt 0.273508 0.125294 0
vt 0.271317 0.13343 0
vt 0.701208 0.233175 0
vt 0.693191 0.234655 0
vt 0.724058 0.296829 0
vt 0.266052 0.148238 0
vt 0.729088 0.43069 0
vt 0.734071 0.563301 0
vt 0.739007 0.694681 0
vt 0.271291 0.177603 0
vt 0.736978 0.759613 0
vt 0.613955 0.063868 0
vt 0.728071 0.759013 0
vt 0.632631 0.071543 0
vt 0.719238 0.758419 0
vt 0.710479 0.757829 0
vt 0.252473 0.408544 0
vt 0.24108 0.77833 0
vt 0.244865 0.779324 0
vt 0.248699 0.780331 0
vt 0.252579 0.781351 0
vt 0.411297 0.039998 0
vt 0.412477 0.039618 0
vt 0.400709 0.039732 0
vt 0.404243 0.038586 0
vt 0.390039 0.039463 0
vt 0.379289 0.039193 0
vt 0.375054 0.038671 0
vt 0.377398 0.037898 0
vt 0.732514 0.759312 0
vt 0.382105 0.036346 0
vt 0.71485 0.758123 0
vt 0.38752 0.036487 0
vt 0.255146 0.334186 0
vt 0.395924 0.037541 0
vt 0.244495 0.630617 0
vt 0.242967 0.778826 0
vt 0.369005 0.04089 0
vt 0.250632 0.780839 0
vt 0.359197 0.044572 0
vt 0.349325 0.04828 0
vt 0.406013 0.039865 0
vt 0.339384 0.052012 0
vt 0.384675 0.039328 0
vt 0.341024 0.051707 0
vt 0.345476 0.050244 0
vt 0.364109 0.042727 0
vt 0.330431 0.057576 0
vt 0.344362 0.050143 0
vt 0.322487 0.064983 0
vt 0.314499 0.072426 0
vt 0.317611 0.078854 0
vt 0.326464 0.061275 0
vt 0.284389 0.120294 0
vt 0.306756 0.118172 0
vt 0.31049 0.076162 0
vt 0.607985 0.062282 0
vt 0.320677 0.077881 0
vt 0.606389 0.0625 0
vt 0.614876 0.066839 0
vt 0.61011 0.067482 0
vt 0.286979 0.115037 0
vt 0.621701 0.07135 0
vt 0.628458 0.075817 0
vt 0.611439 0.064566 0
vt 0.630235 0.078243 0
vt 0.625088 0.073589 0
vt 0.627084 0.078657 0
vt 0.623937 0.079072 0
vt 0.620796 0.079485 0
vt 0.617424 0.077277 0
vt 0.613788 0.072407 0
vt 0.634826 0.081841 0
vt 0.640815 0.089401 0
vt 0.646751 0.096894 0
vt 0.652635 0.104321 0
vt 0.652593 0.108377 0
vt 0.646679 0.109109 0
vt 0.640781 0.109838 0
vt 0.6349 0.110564 0
vt 0.657869 0.112903 0
vt 0.662469 0.122634 0
vt 0.695395 0.757175 0
vt 0.667035 0.132296 0
vt 0.674095 0.756457 0
vt 0.671569 0.14189 0
vt 0.280089 0.137929 0
vt 0.669787 0.147121 0
vt 0.276675 0.162697 0
vt 0.661733 0.148037 0
vt 0.653712 0.148949 0
vt 0.269833 0.327564 0
vt 0.64572 0.149858 0
vt 0.26256 0.782674 0
vt 0.675271 0.15217 0
vt 0.278845 0.784316 0
vt 0.67815 0.163146 0
vt 0.40837 0.039103 0
vt 0.681018 0.174071 0
vt 0.411541 0.03863 0
vt 0.391733 0.037016 0
vt 0.683871 0.184944 0
vt 0.680578 0.190847 0
vt 0.67118 0.191813 0
vt 0.35835 0.047118 0
vt 0.661826 0.192776 0
vt 0.652513 0.193734 0
vt 0.685783 0.19601 0
vt 0.345928 0.054933 0
vt 0.686764 0.207289 0
vt 0.687742 0.218546 0
vt 0.688718 0.229781 0
vt 0.684263 0.235844 0
vt 0.608255 0.064999 0
vt 0.674414 0.23675 0
vt 0.615611 0.074849 0
vt 0.664611 0.237651 0
vt 0.654854 0.238548 0
vt 0.691358 0.301809 0
vt 0.695631 0.433649 0
vt 0.699861 0.564173 0
vt 0.70405 0.693402 0
vt 0.700755 0.757355 0
vt 0.69005 0.756995 0
vt 0.6794 0.756636 0
vt 0.668804 0.756279 0
vt 0.280941 0.131744 0
vt 0.279236 0.144118 0
vt 0.277529 0.156502 0
vt 0.278659 0.174106 0
vt 0.293593 0.170115 0
vt 0.651905 0.755999 0
vt 0.272397 0.251393 0
vt 0.628714 0.755795 0
vt 0.267273 0.403604 0
vt 0.262165 0.555295 0
vt 0.258538 0.782268 0
vt 0.314526 0.106736 0
vt 0.320471 0.115762 0
vt 0.266601 0.783081 0
vt 0.34081 0.113067 0
vt 0.274744 0.783902 0
vt 0.282968 0.784731 0
vt 0.371762 0.040434 0
vt 0.342776 0.0584 0
vt 0.306327 0.154561 0
vt 0.604807 0.067667 0
vt 0.337004 0.163249 0
vt 0.657713 0.75605 0
vt 0.646101 0.755948 0
vt 0.30049 0.322181 0
vt 0.634506 0.755846 0
vt 0.622927 0.755744 0
vt 0.291559 0.631216 0
vt 0.298729 0.785669 0
vt 0.324803 0.081032 0
vt 0.322183 0.78672 0
vt 0.312456 0.111912 0
vt 0.325536 0.115091 0
vt 0.309708 0.123334 0
vt 0.401316 0.035574 0
vt 0.30565 0.160816 0
vt 0.310273 0.166442 0
vt 0.302729 0.244677 0
vt 0.381799 0.041723 0
vt 0.384171 0.044079 0
vt 0.298253 0.399586 0
vt 0.292911 0.785408 0
vt 0.60471 0.065123 0
vt 0.304565 0.785931 0
vt 0.605096 0.075211 0
vt 0.316293 0.786456 0
vt 0.328093 0.786984 0
vt 0.414059 0.039382 0
vt 0.409007 0.037873 0
vt 0.403896 0.036345 0
vt 0.398723 0.034799 0
vt 0.409183 0.033528 0
vt 0.604612 0.062563 0
vt 0.606653 0.162433 0
vt 0.605 0.072711 0
vt 0.605191 0.077697 0
vt 0.606853 0.184411 0
vt 0.606803 0.178939 0
vt 0.200201 0.24713 0
vt 0.544447 0.239598 0
vt 0.607002 0.206524 0
vt 0.250306 0.763282 0
vt 0.205067 0.763394 0
vt 0.22112 0.247271 0
vt 0.565365 0.239739 0
vt 0.159754 0.763507 0
vt 0.114368 0.763619 0
vt 0.374992 0.047631 0
vt 0.27044 0.636329 0
vt 0.614686 0.628797 0
vt 0.227696 0.763338 0
vt 0.366301 0.070835 0
vt 0.13707 0.763563 0
vt 0.359975 0.076054 0
vt 0.348212 0.155662 0
vt 0.373052 0.05093 0
vt 0.340995 0.787327 0
vt 0.354959 0.78748 0
vt 0.368948 0.787634 0
vt 0.382964 0.787789 0
vt 0.422274 0.060669 0
vt 0.363099 0.111315 0
vt 0.415306 0.07532 0
vt 0.429041 0.082506 0
vt 0.350249 0.124244 0
vt 0.415888 0.039314 0
vt 0.414527 0.037667 0
vt 0.360492 0.161586 0
vt 0.41315 0.035998 0
vt 0.385933 0.160837 0
vt 0.411756 0.03431 0
vt 0.403411 0.059606 0
vt 0.344348 0.318744 0
vt 0.400914 0.084683 0
vt 0.39964 0.105014 0
vt 0.337456 0.631388 0
vt 0.347973 0.787403 0
vt 0.39924 0.116407 0
vt 0.375953 0.787711 0
vt 0.395415 0.396269 0
vt 0.393238 0.553118 0
vt 0.417908 0.787781 0
vt 0.473678 0.78761 0
vt 0.604258 0.055611 0
vt 0.529338 0.787441 0
vt 0.584885 0.787271 0
vt 0.424736 0.063341 0
vt 0.433339 0.115234 0
vt 0.421097 0.063145 0
vt 0.427246 0.073483 0
vt 0.424905 0.078277 0
vt 0.435083 0.135186 0
vt 0.093442 0.237878 0
vt 0.412188 0.237878 0
vt 0.11122 0.756224 0
vt 0.099347 0.756385 0
vt 0.087447 0.756546 0
vt 0.075518 0.756707 0
vt 0.41521 0.038493 0
vt 0.419925 0.065608 0
vt 0.414817 0.064864 0
vt 0.412455 0.035157 0
vt 0.417603 0.07049 0
vt 0.405751 0.076519 0
vt 0.403483 0.073632 0
vt 0.60522 0.041356 0
vt 0.637376 0.07348 0
vt 0.607143 0.112266 0
vt 0.601 0.118212 0
vt 0.600981 0.155827 0
vt 0.633269 0.163567 0
vt 0.608264 0.553364 0
vt 0.619734 0.787067 0
vt 0.633937 0.786827 0
vt 0.648097 0.786589 0
vt 0.66222 0.786351 0
vt 0.407204 0.105049 0
vt 0.445807 0.787695 0
vt 0.395999 0.147763 0
vt 0.557125 0.787356 0
vt 0.378856 0.145654 0
vt 0.370227 0.144593 0
vt 0.398904 0.164903 0
vt 0.398004 0.175907 0
vt 0.397111 0.186853 0
vt 0.371721 0.189526 0
vt 0.407197 0.192738 0
vt 0.396539 0.197946 0
vt 0.390461 0.236751 0
vt 0.438901 0.205286 0
vt 0.380024 0.235712 0
vt 0.39286 0.43458 0
vt 0.074114 0.43458 0
vt 0.389195 0.692999 0
vt 0.070449 0.692999 0
vt 0.382652 0.756994 0
vt 0.119927 0.370227 0
vt 0.094428 0.377759 0
vt 0.371327 0.757408 0
vt 0.359935 0.757824 0
vt 0.118065 0.628834 0
vt 0.092565 0.636366 0
vt 0.105287 0.756304 0
vt 0.348475 0.758242 0
vt 0.081486 0.756627 0
vt 0.608759 0.039941 0
vt 0.61234 0.038508 0
vt 0.615962 0.037059 0
vt 0.416451 0.072912 0
vt 0.669768 0.166626 0
vt 0.406297 0.071455 0
vt 0.675571 0.785931 0
vt 0.603263 0.040438 0
vt 0.688111 0.785333 0
vt 0.700564 0.784738 0
vt 0.712928 0.784148 0
vt 0.420565 0.060417 0
vt 0.409123 0.069268 0
vt 0.388279 0.094481 0
vt 0.378282 0.10486 0
vt 0.362067 0.100977 0
vt 0.379055 0.110379 0
vt 0.362233 0.143254 0
vt 0.354868 0.141635 0
vt 0.637731 0.113796 0
vt 0.364725 0.149577 0
vt 0.36239 0.160572 0
vt 0.343682 0.185276 0
vt 0.639703 0.163857 0
vt 0.326218 0.181806 0
vt 0.354772 0.216162 0
vt 0.62684 0.786947 0
vt 0.354043 0.227452 0
vt 0.655164 0.78647 0
vt 0.349181 0.232291 0
vt 0.340128 0.230684 0
vt 0.321794 0.22743 0
vt 0.606903 0.041625 0
vt 0.608246 0.04203 0
vt 0.40472 0.118849 0
vt 0.613825 0.040753 0
vt 0.401735 0.138552 0
vt 0.620816 0.03987 0
vt 0.627874 0.038981 0
vt 0.399354 0.159379 0
vt 0.627529 0.041914 0
vt 0.702488 0.171308 0
vt 0.723833 0.783414 0
vt 0.366694 0.188967 0
vt 0.733271 0.782539 0
vt 0.396413 0.203581 0
vt 0.742609 0.781673 0
vt 0.751851 0.780817 0
vt 0.34952 0.432508 0
vt 0.34678 0.563836 0
vt 0.344067 0.693895 0
vt 0.376998 0.757201 0
vt 0.337821 0.758771 0
vt 0.354214 0.758033 0
vt 0.327956 0.759412 0
vt 0.606985 0.040651 0
vt 0.318002 0.760059 0
vt 0.614145 0.037786 0
vt 0.307957 0.760711 0
vt 0.419136 0.060038 0
vt 0.410535 0.063739 0
vt 0.401991 0.067415 0
vt 0.393505 0.071067 0
vt 0.386217 0.071518 0
vt 0.382105 0.069686 0
vt 0.363043 0.09693 0
vt 0.356426 0.105016 0
vt 0.344842 0.123669 0
vt 0.328007 0.134444 0
vt 0.316876 0.130257 0
vt 0.334417 0.142993 0
vt 0.3308 0.153879 0
vt 0.327194 0.164727 0
vt 0.681852 0.785631 0
vt 0.318585 0.17984 0
vt 0.706757 0.784443 0
vt 0.312089 0.177642 0
vt 0.417684 0.062646 0
vt 0.305527 0.175422 0
vt 0.298899 0.17318 0
vt 0.609119 0.04253 0
vt 0.617854 0.041973 0
vt 0.637269 0.041856 0
vt 0.364787 0.101628 0
vt 0.631826 0.044426 0
vt 0.682737 0.06018 0
vt 0.759177 0.779868 0
vt 0.369625 0.134518 0
vt 0.764608 0.778831 0
vt 0.343723 0.139184 0
vt 0.769971 0.777807 0
vt 0.363557 0.155081 0
vt 0.775265 0.776796 0
vt 0.358907 0.176971 0
vt 0.348004 0.186135 0
vt 0.321226 0.186656 0
vt 0.330611 0.182679 0
vt 0.320064 0.198092 0
vt 0.318901 0.209511 0
vt 0.31377 0.225584 0
vt 0.354407 0.22181 0
vt 0.300023 0.221435 0
vt 0.29304 0.219328 0
vt 0.315351 0.294476 0
vt 0.610356 0.04119 0
vt 0.311753 0.429291 0
vt 0.624335 0.039427 0
vt 0.304655 0.695287 0
vt 0.299179 0.761449 0
vt 0.291672 0.762275 0
vt 0.284078 0.76311 0
vt 0.276397 0.763954 0
vt 0.418129 0.059567 0
vt 0.407496 0.062339 0
vt 0.406007 0.060798 0
vt 0.396901 0.0651 0
vt 0.38634 0.067854 0
vt 0.382726 0.064291 0
vt 0.357498 0.084597 0
vt 0.342398 0.092849 0
vt 0.340296 0.091016 0
vt 0.338181 0.089171 0
vt 0.728565 0.782975 0
vt 0.339753 0.098211 0
vt 0.747241 0.781244 0
vt 0.332388 0.107095 0
vt 0.350899 0.366361 0
vt 0.312561 0.128034 0
vt 0.306482 0.123322 0
vt 0.332899 0.759091 0
vt 0.303399 0.120932 0
vt 0.312991 0.760384 0
vt 0.620454 0.043477 0
vt 0.414828 0.061892 0
vt 0.643236 0.04538 0
vt 0.397741 0.069244 0
vt 0.65036 0.048584 0
vt 0.693723 0.071847 0
vt 0.724382 0.098639 0
vt 0.355404 0.098698 0
vt 0.725485 0.101249 0
vt 0.727658 0.10639 0
vt 0.726577 0.103832 0
vt 0.309537 0.12569 0
vt 0.283415 0.156632 0
vt 0.341964 0.128303 0
vt 0.33076 0.135479 0
vt 0.299211 0.125003 0
vt 0.293749 0.170806 0
vt 0.290096 0.168297 0
vt 0.325396 0.170137 0
vt 0.315345 0.178744 0
vt 0.276451 0.191168 0
vt 0.278182 0.179465 0
vt 0.613042 0.042001 0
vt 0.286402 0.165761 0
vt 0.632391 0.041885 0
vt 0.262018 0.560263 0
vt 0.374509 0.04643 0
vt 0.386529 0.044629 0
vt 0.398545 0.04283 0
vt 0.410557 0.04103 0
vt 0.341449 0.061013 0
vt 0.603601 0.044362 0
vt 0.603867 0.048915 0
vt 0.644981 0.066881 0
vt 0.604386 0.057808 0
vt 0.604128 0.053396 0
vt 0.655967 0.070606 0
vt 0.650918 0.061373 0
vt 0.33139 0.080073 0
vt 0.295289 0.099352 0
vt 0.761901 0.779348 0
vt 0.303839 0.090745 0
vt 0.772627 0.7773 0
vt 0.320941 0.073529 0
vt 0.326471 0.07143 0
vt 0.318321 0.215215 0
vt 0.310361 0.224555 0
vt 0.300529 0.117774 0
vt 0.29654 0.220384 0
vt 0.288295 0.109101 0
vt 0.279385 0.160114 0
vt 0.266598 0.165336 0
vt 0.295436 0.761861 0
vt 0.268385 0.153247 0
vt 0.280249 0.763531 0
vt 0.272429 0.207109 0
vt 0.412808 0.060954 0
vt 0.244101 0.702006 0
vt 0.391616 0.066478 0
vt 0.249218 0.558321 0
vt 0.377951 0.066186 0
vt 0.259537 0.268503 0
vt 0.650461 0.068365 0
vt 0.352805 0.087657 0
vt 0.648705 0.071349 0
vt 0.649288 0.070358 0
vt 0.336068 0.102657 0
vt 0.368537 0.046791 0
vt 0.330676 0.058926 0
vt 0.368694 0.044622 0
vt 0.614782 0.043003 0
vt 0.303417 0.081214 0
vt 0.637526 0.044903 0
vt 0.320846 0.065208 0
vt 0.325192 0.062233 0
vt 0.290925 0.10238 0
vt 0.290744 0.099811 0
vt 0.287493 0.098601 0
vt 0.269109 0.145828 0
vt 0.268769 0.143061 0
vt 0.26328 0.166601 0
vt 0.265128 0.154359 0
vt 0.724935 0.099948 0
vt 0.744527 0.140346 0
vt 0.266976 0.142119 0
vt 0.733642 0.118562 0
vt 0.727118 0.105114 0
vt 0.268076 0.137428 0
vt 0.268424 0.140261 0
vt 0.755551 0.187261 0
vt 0.241847 0.70431 0
vt 0.751829 0.163245 0
vt 0.247148 0.556758 0
vt 0.257823 0.25966 0
vt 0.776149 0.630142 0
vt 0.260715 0.186316 0
vt 0.763695 0.343759 0
vt 0.261127 0.18899 0
vt 0.645948 0.07316 0
vt 0.311053 0.126865 0
vt 0.644312 0.074033 0
vt 0.369443 0.042497 0
vt 0.304944 0.12213 0
vt 0.371975 0.040536 0
vt 0.326325 0.060314 0
vt 0.291927 0.169555 0
vt 0.32861 0.058493 0
vt 0.306472 0.07991 0
vt 0.279049 0.173611 0
vt 0.333225 0.054815 0
vt 0.33091 0.05666 0
vt 0.29178 0.092093 0
vt 0.285672 0.215919 0
vt 0.294791 0.089712 0
vt 0.259675 0.629828 0
vt 0.289566 0.109788 0
vt 0.269093 0.350083 0
vt 0.294729 0.099314 0
vt 0.299875 0.088874 0
vt 0.380519 0.045529 0
vt 0.300897 0.084886 0
vt 0.404551 0.04193 0
vt 0.269604 0.134718 0
vt 0.27304 0.132136 0
vt 0.336039 0.063751 0
vt 0.275821 0.168893 0
vt 0.357679 0.052803 0
vt 0.280024 0.126889 0
vt 0.638084 0.076353 0
vt 0.603734 0.046648 0
vt 0.639205 0.065897 0
vt 0.667449 0.105036 0
vt 0.616083 0.061959 0
vt 0.26228 0.183756 0
vt 0.265853 0.181316 0
vt 0.681998 0.084295 0
vt 0.257076 0.706471 0
vt 0.661176 0.073345 0
vt 0.356147 0.046501 0
vt 0.363991 0.043453 0
vt 0.717131 0.115064 0
vt 0.379462 0.037443 0
vt 0.700648 0.098204 0
vt 0.379748 0.037123 0
vt 0.336595 0.053163 0
vt 0.330055 0.072394 0
vt 0.336438 0.065371 0
vt 0.741192 0.155143 0
vt 0.349069 0.051477 0
vt 0.730643 0.134045 0
vt 0.349951 0.048774 0
vt 0.305454 0.08271 0
vt 0.31151 0.080789 0
vt 0.749068 0.154926 0
vt 0.31659 0.101573 0
vt 0.751878 0.200585 0
vt 0.320706 0.09128 0
vt 0.748269 0.177322 0
vt 0.747317 0.162152 0
vt 0.323756 0.076905 0
vt 0.630402 0.107091 0
vt 0.62725 0.099363 0
vt 0.756457 0.20257 0
vt 0.624065 0.091555 0
vt 0.771552 0.629713 0
vt 0.620848 0.083667 0
vt 0.759684 0.352419 0
vt 0.754592 0.209044 0
vt 0.640533 0.145458 0
vt 0.63811 0.135692 0
vt 0.299564 0.095049 0
vt 0.635668 0.125847 0
vt 0.316665 0.077834 0
vt 0.327716 0.073617 0
vt 0.633205 0.11592 0
vt 0.647113 0.188775 0
vt 0.299202 0.115805 0
vt 0.645587 0.177859 0
vt 0.285578 0.114546 0
vt 0.644054 0.166884 0
vt 0.642511 0.15585 0
vt 0.649729 0.233418 0
vt 0.277975 0.158312 0
vt 0.649201 0.222247 0
vt 0.267491 0.159292 0
vt 0.64867 0.211051 0
vt 0.648139 0.199831 0
vt 0.661866 0.69263 0
vt 0.658517 0.564699 0
vt 0.655135 0.435436 0
vt 0.256946 0.341267 0
vt 0.651717 0.304818 0
vt 0.285314 0.124517 0
vt 0.2924 0.12242 0
vt 0.650168 0.068865 0
vt 0.307004 0.148308 0
vt 0.677713 0.090728 0
vt 0.308356 0.135813 0
vt 0.658218 0.078162 0
vt 0.648996 0.070854 0
vt 0.299548 0.120305 0
vt 0.286093 0.17212 0
vt 0.289334 0.708231 0
vt 0.691137 0.091586 0
vt 0.293788 0.554103 0
vt 0.710327 0.123822 0
vt 0.301162 0.168093 0
vt 0.69507 0.105953 0
vt 0.68864 0.09519 0
vt 0.384885 0.035715 0
vt 0.388087 0.035232 0
vt 0.379368 0.043031 0
vt 0.723475 0.125826 0
vt 0.384218 0.040422 0
vt 0.732462 0.164883 0
vt 0.389014 0.03784 0
vt 0.722778 0.143462 0
vt 0.719754 0.13044 0
vt 0.39376 0.035286 0
vt 0.394506 0.034262 0
vt 0.391293 0.034747 0
vt 0.74413 0.168191 0
vt 0.355271 0.047577 0
vt 0.742245 0.210033 0
vt 0.361433 0.046658 0
vt 0.738942 0.187061 0
vt 0.739544 0.173128 0
vt 0.363226 0.067631 0
vt 0.367181 0.060907 0
vt 0.371103 0.054241 0
vt 0.751191 0.214569 0
vt 0.373816 0.044811 0
vt 0.760692 0.629405 0
vt 0.367614 0.045736 0
vt 0.749541 0.358627 0
vt 0.746299 0.219215 0
vt 0.617483 0.079751 0
vt 0.613996 0.07987 0
vt 0.605898 0.107884 0
vt 0.605725 0.10007 0
vt 0.605551 0.092173 0
vt 0.357965 0.047519 0
vt 0.368733 0.044078 0
vt 0.605374 0.084191 0
vt 0.607026 0.080108 0
vt 0.32521 0.067246 0
vt 0.61051 0.079989 0
vt 0.628714 0.111032 0
vt 0.325195 0.063243 0
vt 0.622213 0.11124 0
vt 0.606483 0.146477 0
vt 0.290834 0.101099 0
vt 0.606342 0.136662 0
vt 0.606199 0.126765 0
vt 0.606056 0.116783 0
vt 0.609227 0.111657 0
vt 0.262356 0.172723 0
vt 0.615716 0.111449 0
vt 0.637331 0.150441 0
vt 0.628525 0.150702 0
vt 0.606902 0.189867 0
vt 0.261737 0.192941 0
vt 0.606703 0.167951 0
vt 0.606603 0.156901 0
vt 0.260922 0.187657 0
vt 0.610942 0.151222 0
vt 0.619728 0.150962 0
vt 0.642746 0.194349 0
vt 0.646768 0.072721 0
vt 0.632502 0.194623 0
vt 0.666538 0.09633 0
vt 0.607129 0.234454 0
vt 0.650146 0.082383 0
vt 0.643496 0.07447 0
vt 0.607078 0.223302 0
vt 0.607028 0.212123 0
vt 0.606977 0.20092 0
vt 0.684187 0.098553 0
vt 0.612055 0.195172 0
vt 0.693756 0.131372 0
vt 0.622272 0.194898 0
vt 0.681054 0.112665 0
vt 0.67781 0.101683 0
vt 0.644626 0.239123 0
vt 0.633902 0.239381 0
vt 0.271672 0.699942 0
vt 0.615918 0.69241 0
vt 0.713397 0.134724 0
vt 0.269201 0.572381 0
vt 0.613447 0.564848 0
vt 0.71209 0.173222 0
vt 0.266704 0.443477 0
vt 0.61095 0.435944 0
vt 0.704081 0.151548 0
vt 0.704465 0.138692 0
vt 0.264181 0.313207 0
vt 0.608426 0.305675 0
vt 0.612497 0.239894 0
vt 0.623191 0.239637 0
vt 0.731907 0.177698 0
vt 0.33111 0.075316 0
vt 0.720165 0.218097 0
vt 0.339669 0.074094 0
vt 0.717439 0.195383 0
vt 0.7213 0.181919 0
vt 0.352346 0.106574 0
vt 0.354902 0.096347 0
vt 0.357445 0.086174 0
vt 0.738216 0.22351 0
vt 0.356902 0.071632 0
vt 0.736545 0.629144 0
vt 0.348265 0.072866 0
vt 0.726578 0.363917 0
vt 0.727032 0.227473 0
vt 0.31542 0.116431 0
vt 0.349028 0.143082 0
vt 0.349842 0.130519 0
vt 0.370074 0.042008 0
vt 0.350655 0.117974 0
vt 0.372609 0.040044 0
vt 0.345929 0.112388 0
vt 0.335705 0.113743 0
vt 0.327466 0.059405 0
vt 0.32092 0.16517 0
vt 0.335738 0.709357 0
vt 0.339176 0.553341 0
vt 0.342623 0.39702 0
vt 0.346074 0.240389 0
vt 0.342396 0.162605 0
vt 0.297304 0.09409 0
vt 0.299361 0.086101 0
vt 0.331628 0.163891 0
vt 0.397979 0.033949 0
vt 0.401712 0.033809 0
vt 0.4066 0.042022 0
vt 0.278264 0.128211 0
vt 0.40789 0.039541 0
vt 0.409165 0.037088 0
vt 0.410427 0.034662 0
vt 0.639344 0.076016 0
vt 0.405446 0.033668 0
vt 0.649699 0.100617 0
vt 0.427864 0.075981 0
vt 0.637828 0.085629 0
vt 0.634316 0.077364 0
vt 0.426624 0.07097 0
vt 0.425369 0.065899 0
vt 0.424099 0.060767 0
vt 0.669844 0.104436 0
vt 0.583245 0.079955 0
vt 0.669306 0.137101 0
vt 0.539114 0.07953 0
vt 0.660173 0.117778 0
vt 0.660297 0.106825 0
vt 0.432356 0.1063 0
vt 0.431263 0.098452 0
vt 0.430158 0.090522 0
vt 0.693435 0.142168 0
vt 0.450641 0.078678 0
vt 0.682446 0.179514 0
vt 0.494912 0.079105 0
vt 0.676712 0.157665 0
vt 0.680321 0.145173 0
vt 0.584406 0.111566 0
vt 0.541202 0.111174 0
vt 0.435944 0.145037 0
vt 0.708291 0.185608 0
vt 0.434215 0.125253 0
vt 0.68823 0.224167 0
vt 0.454593 0.110389 0
vt 0.686274 0.201652 0
vt 0.692902 0.188789 0
vt 0.497931 0.110782 0
vt 0.585336 0.151175 0
vt 0.542856 0.15082 0
vt 0.713351 0.230934 0
vt 0.438377 0.188576 0
vt 0.70196 0.628948 0
vt 0.437808 0.177611 0
vt 0.6935 0.367895 0
vt 0.697192 0.233916 0
vt 0.437236 0.166585 0
vt 0.436661 0.155498 0
vt 0.457702 0.150109 0
vt 0.264061 0.182539 0
vt 0.259618 0.630948 0
vt 0.500312 0.150465 0
vt 0.58597 0.19515 0
vt 0.543961 0.194832 0
vt 0.439501 0.233304 0
vt 0.376225 0.038285 0
vt 0.360078 0.044974 0
vt 0.439261 0.222116 0
vt 0.375621 0.038935 0
vt 0.380927 0.036735 0
vt 0.439021 0.210902 0
vt 0.438781 0.199664 0
vt 0.338807 0.052436 0
vt 0.333252 0.068876 0
vt 0.459753 0.194195 0
vt 0.347711 0.04951 0
vt 0.501889 0.194514 0
vt 0.242021 0.247413 0
vt 0.586267 0.23988 0
vt 0.117604 0.692653 0
vt 0.092105 0.700185 0
vt 0.308476 0.081751 0
vt 0.118526 0.564683 0
vt 0.093027 0.572215 0
vt 0.119458 0.435383 0
vt 0.093959 0.442915 0
vt 0.322757 0.08615 0
vt 0.1204 0.304729 0
vt 0.0949 0.312261 0
vt 0.116372 0.246563 0
vt 0.460618 0.239031 0
vt 0.158318 0.246846 0
vt 0.502564 0.239314 0
vt 0.628659 0.07845 0
vt 0.380546 0.044214 0
vt 0.62883 0.103238 0
vt 0.387796 0.043945 0
vt 0.62246 0.08762 0
vt 0.622366 0.079279 0
vt 0.402379 0.066242 0
vt 0.404433 0.05303 0
vt 0.405447 0.046512 0
vt 0.649634 0.108743 0
vt 0.402316 0.043409 0
vt 0.639324 0.140584 0
vt 0.395053 0.043677 0
vt 0.634438 0.120894 0
vt 0.637838 0.110201 0
vt 0.376444 0.070478 0
vt 0.400278 0.09482 0
vt 0.401545 0.074601 0
vt 0.665756 0.147579 0
vt 0.39677 0.069761 0
vt 0.646351 0.183324 0
vt 0.386601 0.070119 0
vt 0.643284 0.161375 0
vt 0.649713 0.149404 0
vt 0.357078 0.111512 0
vt 0.369124 0.111118 0
vt 0.398765 0.154154 0
vt 0.675873 0.191331 0
vt 0.398924 0.141553 0
vt 0.649466 0.227836 0
vt 0.399082 0.12897 0
vt 0.648405 0.205444 0
vt 0.657165 0.193256 0
vt 0.39327 0.11033 0
vt 0.381187 0.110724 0
vt 0.354146 0.161772 0
vt 0.679333 0.236297 0
vt 0.366845 0.161399 0
vt 0.660196 0.62883 0
vt 0.391066 0.709687 0
vt 0.65343 0.370298 0
vt 0.659727 0.2381 0
vt 0.397594 0.239135 0
vt 0.392307 0.16065 0
vt 0.379566 0.161025 0
vt 0.28885 0.123471 0
vt 0.417448 0.04245 0
vt 0.419199 0.047033 0
vt 0.309032 0.129571 0
vt 0.303144 0.119241 0
vt 0.581945 0.059762 0
vt 0.536755 0.05931 0
vt 0.491492 0.058858 0
vt 0.282368 0.173115 0
vt 0.446155 0.058405 0
vt 0.42262 0.055984 0
vt 0.29737 0.169107 0
vt 0.420923 0.051544 0
vt 0.426692 0.078371 0
vt 0.423116 0.078184 0
vt 0.386485 0.035474 0
vt 0.409169 0.097337 0
vt 0.391394 0.036559 0
vt 0.392899 0.034505 0
vt 0.411153 0.089547 0
vt 0.413158 0.081679 0
vt 0.415958 0.077808 0
vt 0.365207 0.064261 0
vt 0.419539 0.077996 0
vt 0.370712 0.045274 0
vt 0.439994 0.040372 0
vt 0.486798 0.040855 0
vt 0.602746 0.0363 0
vt 0.615739 0.079811 0
vt 0.602955 0.03797 0
vt 0.605812 0.103988 0
vt 0.603161 0.039621 0
vt 0.605463 0.088192 0
vt 0.608769 0.080049 0
vt 0.603365 0.04125 0
vt 0.580171 0.041818 0
vt 0.533523 0.041337 0
vt 0.625462 0.111136 0
vt 0.435073 0.033708 0
vt 0.606412 0.141579 0
vt 0.483052 0.034209 0
vt 0.606128 0.121786 0
vt 0.612471 0.111553 0
vt 0.601992 0.044031 0
vt 0.602179 0.041547 0
vt 0.602365 0.039091 0
vt 0.632927 0.150572 0
vt 0.602549 0.036662 0
vt 0.578763 0.035207 0
vt 0.615334 0.151093 0
vt 0.530948 0.034708 0
vt 0.430519 0.043527 0
vt 0.479591 0.04403 0
vt 0.637622 0.194486 0
vt 0.601398 0.068201 0
vt 0.607104 0.228882 0
vt 0.601542 0.06158 0
vt 0.617162 0.195035 0
vt 0.601685 0.055019 0
vt 0.601827 0.048514 0
vt 0.577478 0.045034 0
vt 0.639262 0.239252 0
vt 0.528578 0.044532 0
vt 0.426872 0.069826 0
vt 0.265446 0.378514 0
vt 0.609692 0.370982 0
vt 0.617843 0.239766 0
vt 0.476827 0.070315 0
vt 0.601044 0.106857 0
vt 0.335384 0.074705 0
vt 0.353625 0.101454 0
vt 0.601125 0.096695 0
vt 0.358711 0.081107 0
vt 0.352578 0.07225 0
vt 0.601206 0.086589 0
vt 0.601286 0.076537 0
vt 0.34862 0.149371 0
vt 0.57647 0.07129 0
vt 0.526693 0.070803 0
vt 0.42461 0.110361 0
vt 0.315589 0.165807 0
vt 0.475122 0.110819 0
vt 0.600987 0.143271 0
vt 0.600994 0.130731 0
vt 0.575872 0.111731 0
vt 0.399845 0.033879 0
vt 0.525542 0.111275 0
vt 0.407247 0.040779 0
vt 0.424053 0.160669 0
vt 0.409798 0.035871 0
vt 0.407315 0.033598 0
vt 0.474717 0.161083 0
vt 0.611167 0.709323 0
vt 0.605353 0.397097 0
vt 0.602438 0.240518 0
vt 0.57577 0.161907 0
vt 0.468832 0.058632 0
vt 0.52529 0.161495 0
vt 0.429573 0.110029 0
vt 0.422914 0.1097 0
vt 0.561189 0.079743 0
vt 0.400997 0.14343 0
vt 0.431811 0.102387 0
vt 0.402477 0.133656 0
vt 0.429601 0.086524 0
vt 0.472785 0.078892 0
vt 0.403969 0.123804 0
vt 0.405472 0.113872 0
vt 0.40957 0.109041 0
vt 0.562813 0.11137 0
vt 0.416246 0.109371 0
vt 0.435515 0.140121 0
vt 0.431872 0.149726 0
vt 0.433778 0.120255 0
vt 0.47627 0.110586 0
vt 0.422861 0.149316 0
vt 0.399807 0.153841 0
vt 0.564105 0.150998 0
vt 0.404789 0.148494 0
vt 0.438093 0.183101 0
vt 0.413832 0.148905 0
vt 0.436949 0.161049 0
vt 0.479014 0.150287 0
vt 0.43343 0.19382 0
vt 0.422952 0.193388 0
vt 0.564974 0.194991 0
vt 0.395784 0.231669 0
vt 0.439381 0.227713 0
vt 0.396035 0.220453 0
vt 0.480828 0.194354 0
vt 0.396286 0.209211 0
vt 0.401934 0.192521 0
vt 0.412454 0.192955 0
vt 0.115399 0.238687 0
vt 0.434145 0.238687 0
vt 0.137352 0.246705 0
vt 0.481598 0.239172 0
vt 0.104433 0.238283 0
vt 0.423179 0.238283 0
vt 0.391017 0.564447 0
vt 0.072271 0.564447 0
vt 0.39472 0.303377 0
vt 0.075974 0.303377 0
vt 0.402896 0.062916 0
vt 0.082428 0.237472 0
vt 0.401174 0.237472 0
vt 0.404941 0.049765 0
vt 0.398683 0.043543 0
vt 0.604536 0.035566 0
vt 0.608326 0.035784 0
vt 0.6296 0.045597 0
vt 0.371371 0.070657 0
vt 0.626181 0.042914 0
vt 0.39996 0.09991 0
vt 0.622797 0.040259 0
vt 0.40123 0.079635 0
vt 0.391684 0.06994 0
vt 0.619449 0.037632 0
vt 0.615898 0.036219 0
vt 0.398845 0.147852 0
vt 0.612113 0.036002 0
vt 0.399161 0.122685 0
vt 0.387226 0.110527 0
vt 0.605585 0.045493 0
vt 0.612951 0.04591 0
vt 0.641086 0.070357 0
vt 0.392152 0.631439 0
vt 0.638268 0.0636 0
vt 0.396503 0.317738 0
vt 0.635473 0.056899 0
vt 0.632701 0.050252 0
vt 0.418327 0.044751 0
vt 0.55936 0.059536 0
vt 0.627655 0.046742 0
vt 0.421775 0.053773 0
vt 0.620309 0.046326 0
vt 0.606491 0.071812 0
vt 0.616807 0.072369 0
vt 0.408184 0.101203 0
vt 0.648979 0.109278 0
vt 0.412154 0.085623 0
vt 0.417748 0.077903 0
vt 0.647117 0.099064 0
vt 0.645266 0.088902 0
vt 0.463405 0.040613 0
vt 0.643423 0.078792 0
vt 0.60285 0.037137 0
vt 0.627103 0.072925 0
vt 0.556857 0.041577 0
vt 0.619401 0.112879 0
vt 0.652215 0.158167 0
vt 0.651557 0.145643 0
vt 0.459072 0.033959 0
vt 0.650898 0.133134 0
vt 0.602086 0.042786 0
vt 0.650242 0.120644 0
vt 0.602457 0.037872 0
vt 0.554866 0.034958 0
vt 0.643826 0.1141 0
vt 0.631628 0.11349 0
vt 0.607453 0.162405 0
vt 0.455065 0.043778 0
vt 0.620377 0.162987 0
vt 0.60147 0.064882 0
vt 0.667185 0.708812 0
vt 0.601756 0.05176 0
vt 0.553039 0.044783 0
vt 0.663013 0.55371 0
vt 0.658834 0.398263 0
vt 0.654644 0.242465 0
vt 0.45186 0.07007 0
vt 0.646127 0.164146 0
vt 0.601085 0.101769 0
vt 0.412488 0.077476 0
vt 0.601246 0.081556 0
vt 0.551593 0.071046 0
vt 0.409122 0.076998 0
vt 0.38339 0.101843 0
vt 0.393208 0.087056 0
vt 0.449876 0.11059 0
vt 0.39818 0.079568 0
vt 0.600984 0.149547 0
vt 0.402373 0.076039 0
vt 0.600997 0.124469 0
vt 0.550719 0.111504 0
vt 0.403089 0.108457 0
vt 0.396792 0.107616 0
vt 0.367758 0.139298 0
vt 0.449396 0.160876 0
vt 0.371498 0.129723 0
vt 0.609717 0.631383 0
vt 0.375264 0.120085 0
vt 0.603897 0.318847 0
vt 0.550542 0.161702 0
vt 0.384138 0.105926 0
vt 0.390476 0.106773 0
vt 0.387447 0.146711 0
vt 0.426244 0.109864 0
vt 0.357751 0.182413 0
vt 0.360065 0.171517 0
vt 0.41291 0.109206 0
vt 0.391703 0.191752 0
vt 0.381738 0.190642 0
vt 0.3555 0.20485 0
vt 0.427368 0.149521 0
vt 0.397557 0.181387 0
vt 0.356232 0.193517 0
vt 0.409312 0.1487 0
vt 0.361652 0.188405 0
vt 0.352285 0.299888 0
vt 0.428193 0.193604 0
vt 0.358977 0.233617 0
vt 0.395909 0.226064 0
vt 0.369529 0.234667 0
vt 0.619499 0.036605 0
vt 0.622915 0.037157 0
vt 0.109918 0.238485 0
vt 0.428665 0.238485 0
vt 0.390104 0.628887 0
vt 0.071358 0.628887 0
vt 0.654299 0.049538 0
vt 0.393788 0.369147 0
vt 0.075042 0.369147 0
vt 0.087938 0.237675 0
vt 0.406684 0.237675 0
vt 0.647693 0.04636 0
vt 0.641145 0.043209 0
vt 0.634653 0.040085 0
vt 0.606432 0.035675 0
vt 0.629729 0.038258 0
vt 0.627886 0.044253 0
vt 0.626326 0.037708 0
vt 0.621119 0.038942 0
vt 0.614005 0.036111 0
vt 0.634632 0.047477 0
vt 0.641231 0.048528 0
vt 0.676372 0.075761 0
vt 0.609269 0.045701 0
vt 0.670969 0.068666 0
vt 0.639675 0.066971 0
vt 0.665605 0.06162 0
vt 0.634084 0.053569 0
vt 0.623982 0.046534 0
vt 0.660275 0.05462 0
vt 0.654357 0.050619 0
vt 0.647806 0.049575 0
vt 0.611652 0.072091 0
vt 0.647119 0.074459 0
vt 0.648047 0.104165 0
vt 0.656312 0.075859 0
vt 0.644343 0.083841 0
vt 0.632242 0.073203 0
vt 0.691412 0.115328 0
vt 0.687873 0.104988 0
vt 0.684346 0.094692 0
vt 0.613276 0.112573 0
vt 0.680837 0.084438 0
vt 0.651886 0.151903 0
vt 0.674556 0.078637 0
vt 0.650571 0.126886 0
vt 0.665457 0.077251 0
vt 0.655381 0.115177 0
vt 0.666266 0.116713 0
vt 0.613919 0.162696 0
vt 0.697491 0.164005 0
vt 0.6651 0.631305 0
vt 0.696259 0.151563 0
vt 0.656739 0.320408 0
vt 0.695029 0.139134 0
vt 0.693801 0.126717 0
vt 0.687835 0.119758 0
vt 0.410806 0.077237 0
vt 0.385829 0.09817 0
vt 0.677083 0.11824 0
vt 0.395689 0.08332 0
vt 0.404062 0.076279 0
vt 0.658304 0.165168 0
vt 0.71647 0.707537 0
vt 0.711242 0.554573 0
vt 0.399943 0.108037 0
vt 0.705999 0.401169 0
vt 0.700741 0.247321 0
vt 0.377156 0.11524 0
vt 0.38731 0.106349 0
vt 0.692475 0.169515 0
vt 0.681159 0.168075 0
vt 0.391727 0.147238 0
vt 0.399264 0.075436 0
vt 0.396422 0.074709 0
vt 0.374546 0.145124 0
vt 0.370483 0.090112 0
vt 0.377968 0.083253 0
vt 0.386727 0.191198 0
vt 0.3855 0.076351 0
vt 0.390715 0.07325 0
vt 0.355866 0.199186 0
vt 0.393572 0.07398 0
vt 0.372904 0.103572 0
vt 0.339094 0.132926 0
vt 0.385249 0.236232 0
vt 0.35062 0.114366 0
vt 0.34542 0.629024 0
vt 0.367499 0.102278 0
vt 0.36426 0.234142 0
vt 0.323601 0.175538 0
vt 0.339984 0.138362 0
vt 0.347451 0.140004 0
vt 0.621208 0.036881 0
vt 0.35231 0.18699 0
vt 0.650989 0.047946 0
vt 0.317742 0.220913 0
vt 0.637892 0.041643 0
vt 0.628028 0.037984 0
vt 0.334985 0.183548 0
vt 0.632777 0.038947 0
vt 0.635468 0.039773 0
vt 0.637935 0.048003 0
vt 0.67348 0.055382 0
vt 0.673666 0.072207 0
vt 0.664464 0.05148 0
vt 0.662935 0.058115 0
vt 0.651085 0.050097 0
vt 0.655504 0.047601 0
vt 0.646597 0.043746 0
vt 0.640828 0.041417 0
vt 0.651722 0.07516 0
vt 0.638152 0.040596 0
vt 0.68964 0.110152 0
vt 0.660197 0.051922 0
vt 0.68259 0.089559 0
vt 0.670013 0.077945 0
vt 0.665321 0.053481 0
vt 0.703416 0.083714 0
vt 0.696115 0.076135 0
vt 0.660832 0.115946 0
vt 0.688846 0.068592 0
vt 0.696875 0.157784 0
vt 0.681613 0.061083 0
vt 0.694415 0.132923 0
vt 0.682467 0.119 0
vt 0.675484 0.056574 0
vt 0.670416 0.055032 0
vt 0.682634 0.080364 0
vt 0.664045 0.165899 0
vt 0.689685 0.082427 0
vt 0.713857 0.63111 0
vt 0.723643 0.124186 0
vt 0.703372 0.324301 0
vt 0.686826 0.168797 0
vt 0.718895 0.113672 0
vt 0.714158 0.103188 0
vt 0.709436 0.092733 0
vt 0.397845 0.075073 0
vt 0.703627 0.086506 0
vt 0.366757 0.093527 0
vt 0.696683 0.084475 0
vt 0.381728 0.079807 0
vt 0.392144 0.073615 0
vt 0.697356 0.121649 0
vt 0.70564 0.123904 0
vt 0.375596 0.104217 0
vt 0.731756 0.172537 0
vt 0.730117 0.160219 0
vt 0.353519 0.109698 0
vt 0.728478 0.147907 0
vt 0.726841 0.135603 0
vt 0.721983 0.128353 0
vt 0.358556 0.142446 0
vt 0.713849 0.126139 0
vt 0.332607 0.148441 0
vt 0.711187 0.173445 0
vt 0.753472 0.70568 0
vt 0.74753 0.55583 0
vt 0.741566 0.405409 0
vt 0.320645 0.192375 0
vt 0.735579 0.254413 0
vt 0.728339 0.177658 0
vt 0.719805 0.175562 0
vt 0.634123 0.03936 0
vt 0.308188 0.562889 0
vt 0.668966 0.053429 0
vt 0.331 0.229064 0
vt 0.651045 0.045671 0
vt 0.639492 0.041007 0
vt 0.388263 0.072429 0
vt 0.34812 0.09071 0
vt 0.366905 0.078464 0
vt 0.662762 0.052703 0
vt 0.376343 0.072311 0
vt 0.699761 0.079919 0
vt 0.384164 0.070604 0
vt 0.685226 0.064834 0
vt 0.672954 0.055804 0
vt 0.357375 0.099512 0
vt 0.353425 0.097882 0
vt 0.317718 0.12479 0
vt 0.686167 0.081398 0
vt 0.325043 0.115954 0
vt 0.721268 0.118925 0
vt 0.345451 0.09459 0
vt 0.711795 0.097957 0
vt 0.700162 0.085492 0
vt 0.349451 0.096241 0
vt 0.333501 0.13651 0
vt 0.302482 0.15602 0
vt 0.701508 0.122779 0
vt 0.322465 0.132359 0
vt 0.730936 0.166378 0
vt 0.643018 0.042334 0
vt 0.72766 0.141754 0
vt 0.717925 0.127248 0
vt 0.644722 0.043345 0
vt 0.685293 0.062459 0
vt 0.674874 0.057699 0
vt 0.706848 0.172379 0
vt 0.664485 0.052953 0
vt 0.750504 0.630827 0
vt 0.654124 0.04822 0
vt 0.738575 0.329984 0
vt 0.724082 0.176612 0
vt 0.648111 0.045357 0
vt 0.646419 0.044353 0
vt 0.344665 0.231489 0
vt 0.679591 0.058291 0
vt 0.306417 0.629237 0
vt 0.719648 0.093251 0
vt 0.313548 0.362037 0
vt 0.326407 0.228248 0
vt 0.711302 0.085113 0
vt 0.702974 0.076994 0
vt 0.694663 0.068889 0
vt 0.38724 0.071974 0
vt 0.68897 0.063918 0
vt 0.37162 0.075389 0
vt 0.383135 0.070145 0
vt 0.685865 0.062055 0
vt 0.709207 0.088763 0
vt 0.713433 0.091237 0
vt 0.321379 0.120375 0
vt 0.742643 0.134737 0
vt 0.347455 0.095417 0
vt 0.73726 0.124034 0
vt 0.731882 0.113342 0
vt 0.721767 0.096119 0
vt 0.71762 0.09369 0
vt 0.300172 0.161369 0
vt 0.728484 0.130809 0
vt 0.319677 0.13131 0
vt 0.733366 0.133498 0
vt 0.751811 0.182675 0
vt 0.749961 0.170509 0
vt 0.643871 0.04284 0
vt 0.748112 0.158343 0
vt 0.68008 0.060078 0
vt 0.746263 0.146177 0
vt 0.659301 0.050584 0
vt 0.647266 0.044855 0
vt 0.742969 0.138789 0
vt 0.738194 0.136158 0
vt 0.735148 0.179982 0
vt 0.681166 0.059237 0
vt 0.740245 0.182526 0
vt 0.715472 0.089179 0
vt 0.774772 0.703482 0
vt 0.698817 0.07294 0
vt 0.687419 0.062988 0
vt 0.768514 0.55732 0
vt 0.762226 0.410439 0
vt 0.755907 0.262833 0
vt 0.711325 0.090003 0
vt 0.750265 0.187526 0
vt 0.745285 0.18504 0
vt 0.719698 0.094907 0
vt 0.293292 0.189403 0
vt 0.294804 0.177838 0
vt 0.306933 0.22352 0
vt 0.730932 0.132157 0
vt 0.278832 0.561666 0
vt 0.283081 0.425146 0
vt 0.740588 0.137477 0
vt 0.380555 0.068722 0
vt 0.379516 0.06771 0
vt 0.350703 0.078422 0
vt 0.737703 0.181258 0
vt 0.361184 0.073119 0
vt 0.377427 0.065676 0
vt 0.747782 0.186286 0
vt 0.378474 0.066695 0
vt 0.31427 0.107223 0
vt 0.322552 0.098886 0
vt 0.330837 0.090548 0
vt 0.302222 0.174304 0
vt 0.33605 0.087313 0
vt 0.649237 0.046405 0
vt 0.649799 0.047496 0
vt 0.688809 0.070007 0
vt 0.276721 0.629512 0
vt 0.678072 0.064355 0
vt 0.285219 0.356468 0
vt 0.656575 0.053039 0
vt 0.650918 0.049667 0
vt 0.690978 0.065856 0
vt 0.380035 0.068216 0
vt 0.6919 0.067867 0
vt 0.345462 0.081075 0
vt 0.723947 0.103311 0
vt 0.715449 0.09461 0
vt 0.706943 0.085904 0
vt 0.698433 0.077191 0
vt 0.341349 0.091934 0
vt 0.692815 0.069864 0

f 363/370 368/375 9/9 177/177 361/368 
f 293/300 295/302 294/301 290/297 557/564 556/563 287/294 288/295 289/296 553/560 284/291 16/16 18/18 82/82 292/299 
f 80/80 81/81 291/298 82/82 18/18 19/19 296/303 297/304 298/305 300/307 299/306 
f 178/178 348/355 267/274 350/357 272/279 463/470 341/348 525/532 340/347 342/349 343/350 345/352 344/351 346/353 460/467 
f 359/366 459/466 272/279 350/357 273/280 270/277 271/278 526/533 269/276 352/359 351/358 268/275 354/361 356/363 355/362 360/367 
f 277/284 275/282 332/339 331/338 330/337 328/335 
f 19/19 70/70 71/71 69/69 302/309 301/308 
f 358/365 362/369 177/177 60/60 527/534 
f 373/380 375/382 374/381 116/116 87/87 371/378 
f 93/93 282/289 369/376 370/377 372/379 371/378 87/87 
f 280/287 279/286 93/93 99/99 16/16 284/291 285/292 286/293 552/559 551/558 550/557 67/67 68/68 
f 341/348 463/470 521/528 275/282 277/284 327/334 276/283 329/336 335/342 334/341 336/343 338/345 274/281 79/79 
f 1616/1636 1692/1712 1618/1638 669/676 1620/1640 1696/1716 1619/1639 519/526 783/790 1695/1715 788/795 668/675 791/798 1693/1713 794/801 123/123 605/612 981/993 603/610 672/679 599/606 979/991 595/602 510/517 2530/2572 978/990 2532/2574 956/968 2533/2575 975/987 590/597 508/515 
f 595/602 979/991 599/606 672/679 603/610 981/993 605/612 123/123 807/815 1701/1721 810/818 671/678 813/821 1699/1719 815/823 125/125 637/644 990/1002 627/634 675/682 613/620 988/1000 610/617 512/519 2540/2582 987/999 2541/2583 959/971 2543/2585 984/996 2545/2587 510/517 
f 610/617 988/1000 613/620 675/682 627/634 990/1002 637/644 125/125 828/836 1706/1726 831/839 674/681 834/844 1704/1724 837/847 124/124 659/666 999/1011 653/660 558/565 651/658 997/1009 639/646 513/520 2554/2596 996/1008 2557/2599 962/974 2558/2600 993/1005 2559/2601 512/519 
f 1605/1625 1709/1729 1621/1641 678/685 1606/1626 1712/1732 1608/1628 126/126 1625/1645 1082/1094 866/876 677/684 869/879 1085/1097 1622/1642 118/118 670/677 1006/1018 1633/1653 560/567 1627/1647 1715/1735 1626/1646 120/120 667/674 2536/2578 2495/2537 559/566 664/671 1002/1014 661/668 504/511 
f 1626/1646 1715/1735 1627/1647 560/567 1633/1653 1006/1018 670/677 118/118 881/893 1718/1738 1631/1651 572/579 1630/1650 1091/1103 884/896 470/477 688/695 1013/1025 685/692 562/569 682/689 1722/1742 679/686 119/119 676/683 1011/1023 673/680 561/568 2564/2606 1008/1020 2565/2607 120/120 
f 679/686 1722/1742 682/689 562/569 685/692 1013/1025 688/695 470/477 896/908 1726/1746 899/911 680/687 1635/1655 1724/1744 902/914 468/475 705/712 1018/1030 703/710 564/571 700/707 1016/1028 697/704 121/121 694/701 2587/2629 2568/2610 563/570 2569/2611 2589/2631 691/698 119/119 
f 2072/2103 2229/2267 2074/2105 847/857 2064/2095 2226/2264 2063/2094 147/147 1639/1659 1731/1751 1638/1658 681/688 1637/1657 1729/1749 1636/1656 128/128 722/729 1026/1038 719/726 684/691 716/723 1024/1036 713/720 264/271 1595/1615 1023/1035 710/717 566/573 1592/1612 1020/1032 707/714 253/258 
f 713/720 1024/1036 716/723 684/691 719/726 1026/1038 722/729 128/128 1022/1034 1736/1756 1025/1037 683/690 1640/1660 1734/1754 1027/1039 135/135 1654/1674 1783/1803 734/741 704/711 1648/1668 1032/1044 729/736 122/122 727/734 2595/2637 2573/2615 966/978 2575/2617 1029/1041 725/732 264/271 
f 1641/1661 1739/1759 1642/1662 687/694 1645/1665 1421/1436 1644/1664 201/201 925/937 1742/1762 928/940 686/693 932/944 1740/1760 1643/1663 129/129 752/759 1042/1054 1647/1667 690/697 751/758 1040/1052 749/756 516/523 746/753 1039/1051 743/750 666/673 740/747 1036/1048 737/744 266/273 
f 749/756 1040/1052 751/758 690/697 1647/1667 1042/1054 752/759 129/129 1646/1666 1747/1767 937/949 689/696 940/952 1745/1765 944/956 130/130 767/774 1051/1063 764/771 693/700 761/768 1049/1061 758/765 518/525 2586/2628 1048/1060 2588/2630 970/982 755/762 1045/1057 2590/2632 516/523 
f 758/765 1049/1061 761/768 693/700 764/771 1051/1063 767/774 130/130 958/970 1752/1772 961/973 692/699 965/977 1750/1770 969/981 131/131 780/787 1060/1072 777/784 696/703 774/781 1058/1070 771/778 519/526 2596/2638 1057/1069 2597/2639 973/985 2598/2640 1054/1066 2599/2641 518/525 
f 771/778 1058/1070 774/781 696/703 777/784 1060/1072 780/787 131/131 982/994 1759/1779 983/995 695/702 985/997 1757/1777 986/998 132/132 804/811 1768/1788 802/809 699/706 800/807 1763/1783 797/804 123/123 794/801 1693/1713 791/798 668/675 788/795 1695/1715 783/790 519/526 
f 797/804 1763/1783 800/807 699/706 802/809 1768/1788 804/811 132/132 995/1007 1767/1787 998/1010 698/705 1000/1012 1765/1785 1001/1013 134/134 825/833 1777/1797 822/830 702/709 819/827 1772/1792 817/825 125/125 815/823 1699/1719 813/821 671/678 810/818 1701/1721 807/815 123/123 
f 817/825 1772/1792 819/827 702/709 822/830 1777/1797 825/833 134/134 1009/1021 1776/1796 1010/1022 701/708 1012/1024 1774/1794 1014/1026 133/133 851/861 1072/1084 848/858 568/575 845/855 1070/1082 840/850 124/124 837/847 1704/1724 834/844 674/681 831/839 1706/1726 828/836 125/125 
f 729/736 1032/1044 1648/1668 704/711 734/741 1783/1803 1654/1674 135/135 1653/1673 1782/1802 1033/1045 578/585 1651/1671 1780/1800 1649/1669 473/480 863/873 1079/1091 860/870 570/577 857/867 1786/1806 1657/1677 126/126 854/864 1077/1089 2579/2621 569/576 2580/2622 1074/1086 2581/2623 122/122 
f 1657/1677 1786/1806 857/867 570/577 860/870 1079/1091 863/873 473/480 1659/1679 1788/1808 1037/1049 706/713 1038/1050 1137/1149 1041/1053 469/476 878/888 1087/1099 875/885 571/578 872/882 1792/1812 1660/1680 118/118 1622/1642 1085/1097 869/879 677/684 866/876 1082/1094 1625/1645 126/126 
f 1660/1680 1792/1812 872/882 571/578 875/885 1087/1099 878/888 469/476 1663/1683 1794/1814 1661/1681 579/586 1043/1055 1145/1157 1044/1056 474/481 893/905 1094/1106 890/902 709/716 887/899 1092/1104 1665/1685 470/477 884/896 1091/1103 1630/1650 572/579 1631/1651 1718/1738 881/893 118/118 
f 1665/1685 1092/1104 887/899 709/716 890/902 1094/1106 893/905 474/481 1671/1691 1800/1820 1050/1062 708/715 1669/1689 1149/1161 1667/1687 127/127 913/925 1100/1112 910/922 574/581 907/919 1098/1110 904/916 468/475 902/914 1724/1744 1635/1655 680/687 899/911 1726/1746 896/908 470/477 
f 1120/1132 1103/1115 1121/1133 575/582 1122/1134 1177/1189 922/934 148/148 919/931 1852/1872 1679/1699 726/733 916/928 1104/1116 1677/1697 128/128 1636/1656 1729/1749 1637/1657 681/688 1638/1658 1731/1751 1639/1659 147/147 
f 1059/1071 1154/1166 929/941 583/590 1061/1073 1156/1168 1062/1074 138/138 1674/1694 1809/1829 1675/1695 712/719 934/946 1804/1824 1672/1692 129/129 1643/1663 1740/1760 932/944 686/693 928/940 1742/1762 925/937 201/201 
f 1672/1692 1804/1824 934/946 712/719 1675/1695 1809/1829 1674/1694 138/138 1065/1077 1808/1828 1066/1078 711/718 1067/1079 1806/1826 1068/1080 139/139 955/967 1818/1838 952/964 715/722 949/961 1813/1833 946/958 130/130 944/956 1745/1765 940/952 689/696 937/949 1747/1767 1646/1666 129/129 
f 946/958 1813/1833 949/961 715/722 952/964 1818/1838 955/967 139/139 1076/1088 1817/1837 1078/1090 714/721 1080/1092 1815/1835 1081/1093 140/140 980/992 1827/1847 977/989 718/725 976/988 1822/1842 972/984 131/131 969/981 1750/1770 965/977 692/699 961/973 1752/1772 958/970 130/130 
f 972/984 1822/1842 976/988 718/725 977/989 1827/1847 980/992 140/140 1089/1101 1826/1846 1090/1102 717/724 1093/1105 1824/1844 1095/1107 143/143 994/1006 1836/1856 992/1004 721/728 991/1003 1831/1851 989/1001 132/132 986/998 1757/1777 985/997 695/702 983/995 1759/1779 982/994 131/131 
f 989/1001 1831/1851 991/1003 721/728 992/1004 1836/1856 994/1006 143/143 1102/1114 1835/1855 1105/1117 720/727 1106/1118 1833/1853 1107/1119 145/145 1007/1019 1845/1865 1005/1017 724/731 1004/1016 1840/1860 1003/1015 134/134 1001/1013 1765/1785 1000/1012 698/705 998/1010 1767/1787 995/1007 132/132 
f 1003/1015 1840/1860 1004/1016 724/731 1005/1017 1845/1865 1007/1019 145/145 1112/1124 1844/1864 1113/1125 723/730 1114/1126 1842/1862 1115/1127 144/144 1021/1033 1125/1137 1019/1031 576/583 1017/1029 1123/1135 1015/1027 133/133 1014/1026 1774/1794 1012/1024 701/708 1010/1022 1776/1796 1009/1021 134/134 
f 1677/1697 1104/1116 916/928 726/733 1679/1699 1852/1872 919/931 148/148 1127/1139 1851/1871 1128/1140 587/594 1129/1141 1181/1193 1678/1698 471/478 1684/1704 1858/1878 1031/1043 577/584 1030/1042 1855/1875 1028/1040 135/135 1027/1039 1734/1754 1640/1660 683/690 1025/1037 1736/1756 1022/1034 128/128 
f 1028/1040 1855/1875 1030/1042 577/584 1031/1043 1858/1878 1684/1704 471/478 1683/1703 1186/1198 1130/1142 728/735 1681/1701 1189/1201 1131/1143 136/136 1035/1047 1133/1145 1034/1046 730/737 1686/1706 1861/1881 1685/1705 473/480 1649/1669 1780/1800 1651/1671 578/585 1033/1045 1782/1802 1653/1673 135/135 
f 1685/1705 1861/1881 1686/1706 730/737 1034/1046 1133/1145 1035/1047 136/136 1687/1707 1193/1205 1134/1146 591/598 1135/1147 1195/1207 1136/1148 472/479 1697/1717 1140/1152 1698/1718 731/738 1689/1709 1138/1150 1688/1708 469/476 1041/1053 1137/1149 1038/1050 706/713 1037/1049 1788/1808 1659/1679 473/480 
f 1688/1708 1138/1150 1689/1709 731/738 1698/1718 1140/1152 1697/1717 472/479 1694/1714 1200/1212 1691/1711 593/600 1690/1710 1866/1886 1141/1153 476/483 1705/1725 1874/1894 1707/1727 733/740 1047/1059 1871/1891 1046/1058 474/481 1044/1056 1145/1157 1043/1055 579/586 1661/1681 1794/1814 1663/1683 469/476 
f 1046/1058 1871/1891 1047/1059 733/740 1707/1727 1874/1894 1705/1725 476/483 1703/1723 1228/1240 1211/1223 732/739 1702/1722 1230/1242 1700/1720 137/137 1056/1068 1152/1164 1055/1067 581/588 1053/1065 1150/1162 1052/1064 127/127 1667/1687 1149/1161 1669/1689 708/715 1050/1062 1800/1820 1671/1691 474/481 
f 1144/1156 1206/1218 1146/1158 596/603 1147/1159 1208/1220 1148/1160 151/151 1064/1076 1883/1903 1710/1730 736/743 1708/1728 1878/1898 1063/1075 138/138 1062/1074 1156/1168 1061/1073 583/590 929/941 1154/1166 1059/1071 201/201 
f 1063/1075 1878/1898 1708/1728 736/743 1710/1730 1883/1903 1064/1076 151/151 1157/1169 1882/1902 1158/1170 735/742 1159/1171 1880/1900 1160/1172 152/152 1075/1087 1892/1912 1073/1085 739/746 1071/1083 1887/1907 1069/1081 139/139 1068/1080 1806/1826 1067/1079 711/718 1066/1078 1808/1828 1065/1077 138/138 
f 1069/1081 1887/1907 1071/1083 739/746 1073/1085 1892/1912 1075/1087 152/152 1164/1176 1891/1911 1165/1177 738/745 1166/1178 1889/1909 1167/1179 153/153 1088/1100 1901/1924 1086/1098 742/749 1084/1096 1896/1917 1083/1095 140/140 1081/1093 1815/1835 1080/1092 714/721 1078/1090 1817/1837 1076/1088 139/139 
f 1083/1095 1896/1917 1084/1096 742/749 1086/1098 1901/1924 1088/1100 153/153 1173/1185 1900/1923 1175/1187 741/748 1176/1188 1898/1920 1178/1190 154/154 1101/1113 1910/1934 1099/1111 745/752 1097/1109 1905/1929 1096/1108 143/143 1095/1107 1824/1844 1093/1105 717/724 1090/1102 1826/1846 1089/1101 140/140 
f 1096/1108 1905/1929 1097/1109 745/752 1099/1111 1910/1934 1101/1113 154/154 1185/1197 1909/1933 1187/1199 744/751 1188/1200 1907/1931 1191/1203 156/156 1111/1123 1919/1943 1110/1122 748/755 1109/1121 1914/1938 1108/1120 145/145 1107/1119 1833/1853 1106/1118 720/727 1105/1117 1835/1855 1102/1114 143/143 
f 1108/1120 1914/1938 1109/1121 748/755 1110/1122 1919/1943 1111/1123 156/156 1199/1211 1918/1942 1201/1213 747/754 1202/1214 1916/1940 1203/1215 155/155 1119/1131 1174/1186 1118/1130 584/591 1117/1129 1172/1184 1116/1128 144/144 1115/1127 1842/1862 1114/1126 723/730 1113/1125 1844/1864 1112/1124 145/145 
f 1216/1228 1236/1248 1218/1230 586/593 1220/1232 1238/1250 1221/1233 146/146 1126/1138 1925/1949 1713/1733 585/592 1124/1136 1923/1947 1711/1731 148/148 922/934 1177/1189 1122/1134 575/582 1121/1133 1103/1115 1120/1132 147/147 
f 1711/1731 1923/1947 1124/1136 585/592 1713/1733 1925/1949 1126/1138 146/146 1232/1244 1241/1253 1234/1246 600/607 1235/1247 1243/1255 1237/1249 163/163 1719/1739 1183/1195 1720/1740 588/595 1716/1736 1928/1952 1714/1734 471/478 1678/1698 1181/1193 1129/1141 587/594 1128/1140 1851/1871 1127/1139 148/148 
f 1714/1734 1928/1952 1716/1736 588/595 1720/1740 1183/1195 1719/1739 163/163 1242/1254 1247/1259 1244/1256 750/757 1245/1257 1250/1262 1717/1737 164/164 1730/1750 1936/1960 1132/1144 589/596 1723/1743 1190/1202 1721/1741 136/136 1131/1143 1189/1201 1681/1701 728/735 1130/1142 1186/1198 1683/1703 471/478 
f 1721/1741 1190/1202 1723/1743 589/596 1132/1144 1936/1960 1730/1750 164/164 1728/1748 1935/1959 1727/1747 604/611 1725/1745 1256/1268 1248/1260 172/172 1737/1757 1941/1965 1139/1151 592/599 1733/1753 1196/1208 1732/1752 472/479 1136/1148 1195/1207 1135/1147 591/598 1134/1146 1193/1205 1687/1707 136/136 
f 1732/1752 1196/1208 1733/1753 592/599 1139/1151 1941/1965 1737/1757 172/172 1321/1333 1281/1293 1322/1334 608/615 1323/1335 1283/1295 1735/1755 475/482 1143/1155 1204/1216 1142/1154 594/601 1744/1764 1990/2014 1743/1763 476/483 1141/1153 1866/1886 1690/1710 593/600 1691/1711 1200/1212 1694/1714 472/479 
f 1251/1263 1259/1271 1254/1266 606/613 1257/1269 1261/1273 1258/1270 166/166 1155/1167 1950/1974 1153/1165 754/761 1738/1758 1945/1969 1151/1163 151/151 1148/1160 1208/1220 1147/1159 596/603 1146/1158 1206/1218 1144/1156 201/201 
f 1151/1163 1945/1969 1738/1758 754/761 1153/1165 1950/1974 1155/1167 166/166 1267/1279 1949/1973 1268/1280 753/760 1269/1281 1947/1971 1270/1282 167/167 1163/1175 1959/1983 1162/1174 757/764 1741/1761 1954/1978 1161/1173 152/152 1160/1172 1880/1900 1159/1171 735/742 1158/1170 1882/1902 1157/1169 151/151 
f 1161/1173 1954/1978 1741/1761 757/764 1162/1174 1959/1983 1163/1175 167/167 1275/1287 1958/1982 1276/1288 756/763 1278/1290 1956/1980 1280/1292 168/168 1171/1183 1968/1992 1170/1182 760/767 1169/1181 1963/1987 1168/1180 153/153 1167/1179 1889/1909 1166/1178 738/745 1165/1177 1891/1911 1164/1176 152/152 
f 1168/1180 1963/1987 1169/1181 760/767 1170/1182 1968/1992 1171/1183 168/168 1289/1301 1967/1991 1291/1303 759/766 1293/1305 1965/1989 1296/1308 169/169 1184/1196 1977/2001 1182/1194 763/770 1180/1192 1972/1996 1179/1191 154/154 1178/1190 1898/1920 1176/1188 741/748 1175/1187 1900/1923 1173/1185 153/153 
f 1179/1191 1972/1996 1180/1192 763/770 1182/1194 1977/2001 1184/1196 169/169 1302/1314 1976/2000 1304/1316 762/769 1305/1317 1974/1998 1306/1318 171/171 1198/1210 1986/2010 1197/1209 766/773 1194/1206 1981/2005 1192/1204 156/156 1191/1203 1907/1931 1188/1200 744/751 1187/1199 1909/1933 1185/1197 154/154 
f 1192/1204 1981/2005 1194/1206 766/773 1197/1209 1986/2010 1198/1210 171/171 1313/1325 1985/2009 1314/1326 765/772 1315/1327 1983/2007 1316/1328 170/170 1210/1222 1226/1238 1209/1221 597/604 1207/1219 1224/1236 1205/1217 155/155 1203/1215 1916/1940 1202/1214 747/754 1201/1213 1918/1942 1199/1211 156/156 
f 1743/1763 1990/2014 1744/1764 594/601 1142/1154 1204/1216 1143/1155 475/482 1327/1339 1286/1298 1329/1341 611/618 1330/1342 1991/2015 1746/1766 161/161 1215/1227 1233/1245 1214/1226 598/605 1213/1225 1231/1243 1212/1224 137/137 1700/1720 1230/1242 1702/1722 732/739 1211/1223 1228/1240 1703/1723 476/483 
f 1217/1229 1292/1304 1219/1231 614/621 1229/1241 1295/1307 1227/1239 174/174 1225/1237 2000/2024 1753/1773 769/776 1223/1235 1996/2020 1222/1234 146/146 1221/1233 1238/1250 1220/1232 586/593 1218/1230 1236/1248 1216/1228 147/147 
f 1222/1234 1996/2020 1223/1235 769/776 1753/1773 2000/2024 1225/1237 174/174 1751/1771 1999/2023 1338/1350 768/775 1749/1769 1997/2021 1748/1768 162/162 1760/1780 2006/2030 1240/1252 601/608 1239/1251 2003/2027 1754/1774 163/163 1237/1249 1243/1255 1235/1247 600/607 1234/1246 1241/1253 1232/1244 146/146 
f 1754/1774 2003/2027 1239/1251 601/608 1240/1252 2006/2030 1760/1780 162/162 1758/1778 1303/1315 1339/1351 616/623 1756/1776 2004/2028 1755/1775 175/175 1769/1789 1252/1264 1246/1258 602/609 1762/1782 2010/2036 1761/1781 164/164 1717/1737 1250/1262 1245/1257 750/757 1244/1256 1247/1259 1242/1254 163/163 
f 1761/1781 2010/2036 1762/1782 602/609 1246/1258 1252/1264 1769/1789 175/175 1350/1362 2013/2041 1766/1786 770/777 1764/1784 1332/1344 1352/1364 477/484 1249/1261 2066/2097 1810/1830 787/794 1803/1823 2062/2093 1802/1822 172/172 1248/1260 1256/1268 1725/1745 604/611 1727/1747 1935/1959 1728/1748 164/164 
f 1253/1265 1308/1320 1255/1267 617/624 1266/1278 1310/1322 1265/1277 176/176 1264/1276 2022/2053 1263/1275 773/780 1262/1274 2017/2048 1260/1272 166/166 1258/1270 1261/1273 1257/1269 606/613 1254/1266 1259/1271 1251/1263 201/201 
f 1260/1272 2017/2048 1262/1274 773/780 1263/1275 2022/2053 1264/1276 176/176 1775/1795 2021/2052 1773/1793 772/779 1771/1791 2019/2050 1770/1790 179/179 1274/1286 2031/2062 1273/1285 776/783 1272/1284 2026/2057 1271/1283 167/167 1270/1282 1947/1971 1269/1281 753/760 1268/1280 1949/1973 1267/1279 166/166 
f 1271/1283 2026/2057 1272/1284 776/783 1273/1285 2031/2062 1274/1286 179/179 1784/1804 2030/2061 1781/1801 775/782 1779/1799 2028/2059 1778/1798 181/181 1287/1299 2040/2071 1285/1297 779/786 1284/1296 2035/2066 1282/1294 168/168 1280/1292 1956/1980 1278/1290 756/763 1276/1288 1958/1982 1275/1287 167/167 
f 1282/1294 2035/2066 1284/1296 779/786 1285/1297 2040/2071 1287/1299 181/181 1790/1810 2039/2070 1789/1809 778/785 1787/1807 2037/2068 1785/1805 182/182 1301/1313 2049/2080 1300/1312 782/789 1298/1310 2044/2075 1297/1309 169/169 1296/1308 1965/1989 1293/1305 759/766 1291/1303 1967/1991 1289/1301 168/168 
f 1297/1309 2044/2075 1298/1310 782/789 1300/1312 2049/2080 1301/1313 182/182 1796/1816 2048/2079 1795/1815 781/788 1793/1813 2046/2077 1791/1811 184/184 1312/1324 2058/2089 1311/1323 785/792 1309/1321 2053/2084 1307/1319 171/171 1306/1318 1974/1998 1305/1317 762/769 1304/1316 1976/2000 1302/1314 169/169 
f 1307/1319 2053/2084 1309/1321 785/792 1311/1323 2058/2089 1312/1324 184/184 1801/1821 2057/2088 1799/1819 784/791 1798/1818 2055/2086 1797/1817 183/183 1320/1332 1279/1291 1319/1331 607/614 1318/1330 1277/1289 1317/1329 170/170 1316/1328 1983/2007 1315/1327 765/772 1314/1326 1985/2009 1313/1325 171/171 
f 1802/1822 2062/2093 1803/1823 787/794 1810/1830 2066/2097 1249/1261 477/484 1354/1366 2065/2096 1807/1827 786/793 1805/1825 1340/1352 1356/1368 192/192 1816/1836 2073/2104 1325/1337 609/616 1811/1831 2070/2101 1324/1336 475/482 1735/1755 1283/1295 1323/1335 608/615 1322/1334 1281/1293 1321/1333 172/172 
f 1324/1336 2070/2101 1811/1831 609/616 1325/1337 2073/2104 1816/1836 192/192 1358/1370 1345/1357 1361/1373 619/626 1814/1834 1348/1360 1812/1832 191/191 1337/1349 1290/1302 1336/1348 612/619 1334/1346 1288/1300 1331/1343 161/161 1746/1766 1991/2015 1330/1342 611/618 1329/1341 1286/1298 1327/1339 475/482 
f 1368/1380 1294/1306 1369/1381 615/622 1370/1382 1355/1367 1371/1383 195/195 1829/1849 2080/2111 1830/1850 790/797 1820/1840 2077/2108 1819/1839 174/174 1227/1239 1295/1307 1229/1241 614/621 1219/1231 1292/1304 1217/1229 147/147 
f 1819/1839 2077/2108 1820/1840 790/797 1830/1850 2080/2111 1829/1849 195/195 1828/1848 2079/2110 1825/1845 789/796 1823/1843 1359/1371 1821/1841 231/236 1841/1861 2086/2117 1843/1863 793/800 1834/1854 1299/1311 1832/1852 162/162 1748/1768 1997/2021 1749/1769 768/775 1338/1350 1999/2023 1751/1771 174/174 
f 1832/1852 1299/1311 1834/1854 793/800 1843/1863 2086/2117 1841/1861 231/236 1386/1400 1393/1408 1839/1859 792/799 1838/1858 2084/2115 1837/1857 230/235 1915/1939 2134/2166 1917/1941 809/817 1908/1932 2130/2162 1906/1930 175/175 1755/1775 2004/2028 1756/1776 616/623 1339/1351 1303/1315 1758/1778 162/162 
f 1373/1385 1363/1375 1341/1353 621/628 1375/1387 1365/1377 1376/1388 207/207 1854/1874 2095/2126 1856/1876 796/803 1847/1867 2090/2121 1846/1866 176/176 1265/1277 1310/1322 1266/1278 617/624 1255/1267 1308/1320 1253/1265 201/201 
f 1846/1866 2090/2121 1847/1867 796/803 1856/1876 2095/2126 1854/1874 207/207 1853/1873 2094/2125 1850/1870 795/802 1849/1869 2092/2123 1848/1868 213/213 1865/1885 2104/2135 1867/1887 799/806 1859/1879 2099/2130 1857/1877 179/179 1770/1790 2019/2050 1771/1791 772/779 1773/1793 2021/2052 1775/1795 176/176 
f 1857/1877 2099/2130 1859/1879 799/806 1867/1887 2104/2135 1865/1885 213/213 1864/1884 2103/2134 1863/1883 798/805 1862/1882 2101/2132 1860/1880 218/218 1875/1895 2111/2142 1876/1896 801/808 1869/1889 2108/2139 1868/1888 181/181 1778/1798 2028/2059 1779/1799 775/782 1781/1801 2030/2061 1784/1804 179/179 
f 1868/1888 2108/2139 1869/1889 801/808 1876/1896 2111/2142 1875/1895 218/218 1873/1893 1374/1386 1872/1892 622/629 1378/1390 1377/1389 1870/1890 222/224 1888/1908 2119/2150 1890/1910 803/810 1879/1899 2115/2146 1877/1897 182/182 1785/1805 2037/2068 1787/1807 778/785 1789/1809 2039/2070 1790/1810 181/181 
f 1877/1897 2115/2146 1879/1899 803/810 1890/1910 2119/2150 1888/1908 222/224 1886/1906 1380/1393 1885/1905 623/630 1884/1904 2117/2148 1881/1901 228/233 1903/1927 2127/2159 1904/1928 806/814 1894/1914 2123/2154 1893/1913 184/184 1791/1811 2046/2077 1793/1813 781/788 1795/1815 2048/2079 1796/1816 182/182 
f 1893/1913 2123/2154 1894/1914 806/814 1904/1928 2127/2159 1903/1927 228/233 1902/1926 2126/2158 1899/1922 805/813 1897/1919 1387/1402 1895/1916 227/231 1347/1359 1328/1340 1346/1358 618/625 1344/1356 1326/1338 1343/1355 183/183 1797/1817 2055/2086 1798/1818 784/791 1799/1819 2057/2088 1801/1821 184/184 
f 1906/1930 2130/2162 1908/1932 809/817 1917/1941 2134/2166 1915/1939 230/235 1391/1406 2133/2165 1913/1937 808/816 1912/1936 2131/2163 1911/1935 188/188 1926/1950 1335/1347 1927/1951 812/820 1353/1365 1333/1345 1920/1944 477/484 1352/1364 1332/1344 1764/1784 770/777 1766/1786 2013/2041 1350/1362 175/175 
f 1920/1944 1333/1345 1353/1365 812/820 1927/1951 1335/1347 1926/1950 188/188 1924/1948 1402/1417 1922/1946 811/819 1921/1945 2137/2169 1392/1407 189/189 1934/1958 1342/1354 1937/1961 814/822 1929/1953 2141/2173 1357/1369 192/192 1356/1368 1340/1352 1805/1825 786/793 1807/1827 2065/2096 1354/1366 477/484 
f 1357/1369 2141/2173 1929/1953 814/822 1937/1961 1342/1354 1934/1958 189/189 1933/1957 1410/1425 1932/1956 625/632 1931/1955 1413/1428 1930/1954 190/190 1367/1379 1351/1363 1366/1378 620/627 1364/1376 1349/1361 1362/1374 191/191 1812/1832 1348/1360 1814/1834 619/626 1361/1373 1345/1357 1358/1370 192/192 
f 1403/1418 1435/1451 1404/1419 629/636 1406/1421 1438/1454 1408/1423 193/193 1372/1384 2151/2183 1946/1970 816/824 1939/1963 2146/2178 1938/1962 195/195 1371/1383 1355/1367 1370/1382 615/622 1369/1381 1294/1306 1368/1380 147/147 
f 1938/1962 2146/2178 1939/1963 816/824 1946/1970 2151/2183 1372/1384 193/193 1944/1968 2150/2182 1943/1967 630/637 1942/1966 2148/2180 1940/1964 194/194 2027/2058 2202/2240 2029/2060 836/846 2020/2051 1360/1372 2018/2049 231/236 1821/1841 1359/1371 1823/1843 789/796 1825/1845 2079/2110 1828/1848 195/195 
f 2067/2098 2227/2265 2068/2099 846/856 2069/2100 2157/2189 2071/2102 253/258 1953/1977 1424/1439 1952/1976 818/826 1951/1975 1427/1442 1948/1972 200/200 1964/1988 2166/2198 1966/1990 821/829 1957/1981 2161/2193 1955/1979 207/207 1376/1388 1365/1377 1375/1387 621/628 1341/1353 1363/1375 1373/1385 201/201 
f 1955/1979 2161/2193 1957/1981 821/829 1966/1990 2166/2198 1964/1988 200/200 1401/1416 2165/2197 1962/1986 820/828 1961/1985 2163/2195 1960/1984 206/206 1975/1999 2175/2207 1978/2002 824/832 1970/1994 2170/2202 1969/1993 213/213 1848/1868 2092/2123 1849/1869 795/802 1850/1870 2094/2125 1853/1873 207/207 
f 1969/1993 2170/2202 1970/1994 824/832 1978/2002 2175/2207 1975/1999 206/206 1425/1440 2174/2206 1973/1997 823/831 1429/1444 2172/2204 1971/1995 212/212 1989/2013 2183/2215 1992/2016 827/835 1980/2004 2178/2210 1979/2003 218/218 1860/1880 2101/2132 1862/1882 798/805 1863/1883 2103/2134 1864/1884 213/213 
f 1979/2003 2178/2210 1980/2004 827/835 1992/2016 2183/2215 1989/2013 212/212 1988/2012 2182/2214 1987/2011 826/834 1984/2008 2180/2212 1982/2006 217/217 2005/2029 2190/2222 2007/2031 830/838 1994/2018 2186/2218 1993/2017 222/224 1870/1890 1377/1389 1378/1390 622/629 1872/1892 1374/1386 1873/1893 218/218 
f 1993/2017 2186/2218 1994/2018 830/838 2007/2031 2190/2222 2005/2029 217/217 2002/2026 1466/1482 2001/2025 829/837 1998/2022 2188/2220 1995/2019 221/222 2015/2045 2195/2229 2016/2047 833/843 1379/1392 1383/1397 2008/2033 228/233 1881/1901 2117/2148 1884/1904 623/630 1885/1905 1380/1393 1886/1906 222/224 
f 2008/2032 1383/1396 1379/1391 833/842 2016/2046 2195/2228 2015/2044 221/223 2014/2043 1471/1490 2012/2040 832/841 2011/2038 1474/1494 2009/2035 226/229 1385/1399 1390/1405 1384/1398 624/631 1382/1395 1388/1403 1381/1394 227/230 1895/1915 1387/1401 1897/1918 805/812 1899/1921 2126/2157 1902/1925 228/232 
f 2018/2049 1360/1372 2020/2051 836/846 2029/2060 2202/2240 2027/2058 194/194 2025/2056 2201/2239 2024/2055 835/845 1409/1424 2199/2236 2023/2054 229/234 2036/2067 2211/2249 2038/2069 839/849 2032/2063 2206/2244 1389/1404 230/235 1837/1857 2084/2115 1838/1858 792/799 1839/1859 1393/1408 1386/1400 231/236 
f 1389/1404 2206/2244 2032/2063 839/849 2038/2069 2211/2249 2036/2067 229/234 2034/2065 2210/2248 1411/1426 838/848 2033/2064 2208/2246 1412/1427 478/485 2050/2081 2217/2255 2051/2082 842/852 2042/2073 1399/1414 2041/2072 188/188 1911/1935 2131/2163 1912/1936 808/816 1913/1937 2133/2165 1391/1406 230/235 
f 2041/2072 1399/1414 2042/2073 842/852 2051/2082 2217/2255 2050/2081 478/485 1415/1430 2216/2254 2047/2078 841/851 2045/2076 2214/2252 2043/2074 251/256 2060/2091 1407/1422 2061/2092 844/854 2054/2085 1405/1420 2052/2083 189/189 1392/1407 2137/2169 1921/1945 811/819 1922/1946 1402/1417 1924/1948 188/188 
f 2052/2083 1405/1420 2054/2085 844/854 2061/2092 1407/1422 2060/2091 251/256 2059/2090 2223/2261 1417/1432 843/853 1418/1433 2221/2259 2056/2087 244/249 1397/1412 1416/1431 1396/1411 626/633 1395/1410 1414/1429 1394/1409 190/190 1930/1954 1413/1428 1931/1955 625/632 1932/1956 1410/1425 1933/1957 189/189 
f 2063/2094 2226/2264 2064/2095 847/857 2074/2105 2229/2267 2072/2103 253/258 2071/2102 2157/2189 2069/2100 846/856 2068/2099 2227/2265 2067/2098 201/201 1644/1664 1421/1436 1645/1665 687/694 1642/1662 1739/1759 1641/1661 266/273 2097/2128 2243/2281 2098/2129 853/863 2088/2119 2239/2277 2087/2118 147/147 
f 1398/1413 1426/1441 1436/1452 628/635 1439/1455 1481/1501 1400/1415 486/493 2083/2114 2236/2274 2085/2116 850/860 2076/2107 1428/1443 2075/2106 200/200 1948/1972 1427/1442 1951/1975 818/826 1952/1976 1424/1439 1953/1977 253/258 
f 2075/2106 1428/1443 2076/2107 850/860 2085/2116 2236/2274 2083/2114 486/493 2082/2113 2235/2273 2081/2112 849/859 2078/2109 2233/2271 1453/1469 255/260 2169/2201 2295/2333 2171/2203 871/881 2160/2192 2292/2330 2159/2191 206/206 1960/1984 2163/2195 1961/1985 820/828 1962/1986 2165/2197 1401/1416 200/200 
f 2087/2118 2239/2277 2088/2119 853/863 2098/2129 2243/2281 2097/2128 266/273 2096/2127 1485/1505 2093/2124 852/862 2091/2122 2241/2279 2089/2120 254/259 2110/2141 2252/2290 2112/2143 856/866 2102/2133 2247/2285 2100/2131 193/193 1408/1423 1438/1454 1406/1421 629/636 1404/1419 1435/1451 1403/1418 147/147 
f 2100/2131 2247/2285 2102/2133 856/866 2112/2143 2252/2290 2110/2141 254/259 2109/2140 2251/2289 2107/2138 855/865 2106/2137 2249/2287 2105/2136 480/487 2122/2153 2261/2299 2124/2155 859/869 2114/2145 2256/2294 2113/2144 194/194 1940/1964 2148/2180 1942/1966 630/637 1943/1967 2150/2182 1944/1968 193/193 
f 2113/2144 2256/2294 2114/2145 859/869 2124/2155 2261/2299 2122/2153 480/487 2121/2152 2260/2298 2120/2151 858/868 2118/2149 2258/2296 2116/2147 481/488 2138/2170 2270/2308 2139/2171 862/872 2128/2160 2265/2303 2125/2156 229/234 2023/2054 2199/2236 1409/1424 835/845 2024/2055 2201/2239 2025/2056 194/194 
f 2125/2156 2265/2303 2128/2160 862/872 2139/2171 2270/2308 2138/2170 481/488 2136/2168 2269/2307 2135/2167 861/871 2132/2164 2267/2305 2129/2161 482/489 2145/2177 2279/2317 2147/2179 865/875 2142/2174 2274/2312 2140/2172 478/485 1412/1427 2208/2246 2033/2064 838/848 1411/1426 2210/2248 2034/2065 229/234 
f 2140/2172 2274/2312 2142/2174 865/875 2147/2179 2279/2317 2145/2177 482/489 1445/1461 2278/2316 2144/2176 864/874 2143/2175 2276/2314 1446/1462 484/491 2156/2188 2288/2326 2158/2190 868/878 2152/2184 2283/2321 2149/2181 251/256 2043/2074 2214/2252 2045/2076 841/851 2047/2078 2216/2254 1415/1430 478/485 
f 2149/2181 2283/2321 2152/2184 868/878 2158/2190 2288/2326 2156/2188 484/491 2155/2187 2287/2325 2154/2186 867/877 1448/1464 2285/2323 2153/2185 479/486 1423/1438 1456/1472 1422/1437 631/638 1420/1435 1454/1470 1419/1434 244/249 2056/2087 2221/2259 1418/1433 843/853 1417/1432 2223/2261 2059/2090 251/256 
f 2159/2191 2292/2330 2160/2192 871/881 2171/2203 2295/2333 2169/2201 255/260 2168/2200 1512/1532 2167/2199 870/880 2164/2196 1514/1534 2162/2194 257/262 2179/2211 2302/2340 2181/2213 874/884 2176/2208 2299/2337 2173/2205 212/212 1971/1995 2172/2204 1429/1444 823/831 1973/1997 2174/2206 1425/1440 206/206 
f 2173/2205 2299/2337 2176/2208 874/884 2181/2213 2302/2340 2179/2211 257/262 2177/2209 1517/1537 1459/1475 873/883 1460/1476 2300/2338 1461/1477 488/495 2192/2224 1463/1479 2193/2225 877/887 2185/2217 2305/2343 2184/2216 217/217 1982/2006 2180/2212 1984/2008 826/834 1987/2011 2182/2214 1988/2012 212/212 
f 2184/2216 2305/2343 2185/2217 877/887 2193/2225 1463/1479 2192/2224 488/495 1464/1480 1523/1543 2191/2223 876/886 2189/2221 2307/2345 2187/2219 259/265 2200/2238 2315/2357 1430/1446 880/892 2196/2231 2311/2350 2194/2227 221/222 1995/2019 2188/2220 1998/2022 829/837 2001/2025 1466/1482 2002/2026 217/217 
f 2194/2226 2311/2349 2196/2230 880/891 1430/1445 2315/2356 2200/2237 259/266 2198/2235 2314/2355 1468/1485 879/890 2197/2233 2312/2352 1469/1487 258/264 1434/1450 1477/1497 1433/1449 632/639 1432/1448 1475/1495 1431/1447 226/228 2009/2034 1474/1493 2011/2037 832/840 2012/2039 1471/1489 2014/2042 221/221 
f 1489/1509 1555/1575 1437/1453 641/648 1490/1510 1483/1503 1441/1457 252/257 2277/2315 2366/2408 1440/1456 898/910 2271/2309 2362/2404 2268/2306 486/493 1400/1415 1481/1501 1439/1455 628/635 1436/1452 1426/1441 1398/1413 253/258 
f 1442/1458 1533/1553 1478/1498 633/640 1479/1499 1535/1555 1480/1500 490/497 2213/2251 2324/2366 2215/2253 883/895 2204/2242 2319/2361 2203/2241 254/259 2089/2120 2241/2279 2091/2122 852/862 2093/2124 1485/1505 2096/2127 266/273 
f 2203/2241 2319/2361 2204/2242 883/895 2215/2253 2324/2366 2213/2251 490/497 2212/2250 2323/2365 2209/2247 882/894 2207/2245 2321/2363 2205/2243 491/498 2228/2266 2333/2375 2230/2268 886/898 2219/2257 2328/2370 2218/2256 480/487 2105/2136 2249/2287 2106/2137 855/865 2107/2138 2251/2289 2109/2140 254/259 
f 2218/2256 2328/2370 2219/2257 886/898 2230/2268 2333/2375 2228/2266 491/498 2225/2263 2332/2374 2224/2262 885/897 2222/2260 2330/2372 2220/2258 492/499 1443/1459 2342/2384 2242/2280 889/901 2232/2270 2337/2379 2231/2269 481/488 2116/2147 2258/2296 2118/2149 858/868 2120/2151 2260/2298 2121/2152 480/487 
f 2231/2269 2337/2379 2232/2270 889/901 2242/2280 2342/2384 1443/1459 492/499 2240/2278 2341/2383 2238/2276 888/900 2237/2275 2339/2381 2234/2272 493/500 2253/2291 1497/1517 2254/2292 892/904 2244/2282 2346/2388 1444/1460 482/489 2129/2161 2267/2305 2132/2164 861/871 2135/2167 2269/2307 2136/2168 481/488 
f 1444/1460 2346/2388 2244/2282 892/904 2254/2292 1497/1517 2253/2291 493/500 2250/2288 2350/2392 2248/2286 891/903 2246/2284 2348/2390 2245/2283 495/502 2266/2304 1501/1521 1447/1463 895/907 2257/2295 2354/2396 2255/2293 484/491 1446/1462 2276/2314 2143/2175 864/874 2144/2176 2278/2316 1445/1461 482/489 
f 2255/2293 2354/2396 2257/2295 895/907 1447/1463 1501/1521 2266/2304 495/502 2264/2302 2358/2400 2263/2301 894/906 2262/2300 2356/2398 2259/2297 483/490 1452/1468 1506/1526 1451/1467 634/641 1450/1466 1504/1524 1449/1465 479/486 2153/2185 2285/2323 1448/1464 867/877 2154/2186 2287/2325 2155/2187 484/491 
f 2268/2306 2362/2404 2271/2309 898/910 1440/1456 2366/2408 2277/2315 252/257 2275/2313 2365/2407 2273/2311 897/909 1491/1511 2363/2405 2272/2310 485/492 2289/2327 2374/2416 2290/2328 900/912 2281/2319 2370/2412 2280/2318 255/260 1453/1469 2233/2271 2078/2109 849/859 2081/2112 2235/2273 2082/2113 486/493 
f 2280/2318 2370/2412 2281/2319 900/912 2290/2328 2374/2416 2289/2327 485/492 1494/1514 2373/2415 2286/2324 643/650 2284/2322 1565/1585 2282/2320 487/494 1458/1474 2380/2422 1457/1473 635/642 2291/2329 2377/2419 1455/1471 257/262 2162/2194 1514/1534 2164/2196 870/880 2167/2199 1512/1532 2168/2200 255/260 
f 1455/1471 2377/2419 2291/2329 635/642 1457/1473 2380/2422 1458/1474 487/494 1498/1518 1569/1589 1499/1519 901/913 2294/2332 1571/1591 2293/2331 256/261 2303/2341 1521/1541 1462/1478 636/643 2297/2335 2383/2425 2296/2334 488/495 1461/1477 2300/2338 1460/1476 873/883 1459/1475 1517/1537 2177/2209 257/262 
f 2296/2334 2383/2425 2297/2335 636/643 1462/1478 1521/1541 2303/2341 256/261 2301/2339 2386/2428 2298/2336 645/652 1503/1523 1578/1598 1505/1525 260/267 2306/2344 2394/2436 2308/2346 903/915 1467/1483 2390/2432 1465/1481 259/265 2187/2219 2307/2345 2189/2221 876/886 2191/2223 1523/1543 1464/1480 488/495 
f 1465/1481 2390/2432 1467/1483 903/915 2308/2346 2394/2436 2306/2344 260/267 2304/2342 1604/1624 1526/1546 649/656 1527/1547 2392/2434 1528/1548 489/496 1476/1496 1531/1551 1473/1492 638/645 1472/1491 1529/1549 1470/1488 258/263 1469/1486 2312/2351 2197/2232 879/889 1468/1484 2314/2354 2198/2234 259/265 
f 1510/1530 1582/1602 1513/1533 647/654 1515/1535 1584/1604 1516/1536 497/504 2320/2362 2403/2445 2322/2364 906/918 2310/2348 2398/2440 2309/2347 490/497 1480/1500 1535/1555 1479/1499 633/640 1478/1498 1533/1553 1442/1458 266/273 
f 2309/2347 2398/2440 2310/2348 906/918 2322/2364 2403/2445 2320/2362 497/504 2318/2360 2402/2444 2317/2359 905/917 2316/2358 2400/2442 2313/2353 498/505 2335/2377 2412/2454 2336/2378 909/921 2326/2368 2407/2449 2325/2367 491/498 2205/2243 2321/2363 2207/2245 882/894 2209/2247 2323/2365 2212/2250 490/497 
f 2325/2367 2407/2449 2326/2368 909/921 2336/2378 2412/2454 2335/2377 498/505 2334/2376 2411/2453 2331/2373 908/920 2329/2371 2409/2451 2327/2369 499/506 2349/2391 2421/2463 2351/2393 912/924 2340/2382 2416/2458 2338/2380 492/499 2220/2258 2330/2372 2222/2260 885/897 2224/2262 2332/2374 2225/2263 491/498 
f 2338/2380 2416/2458 2340/2382 912/924 2351/2393 2421/2463 2349/2391 499/506 2347/2389 2420/2462 2345/2387 911/923 2344/2386 2418/2460 2343/2385 500/507 2361/2403 2430/2472 2364/2406 915/927 2353/2395 2425/2467 2352/2394 493/500 2234/2272 2339/2381 2237/2275 888/900 2238/2276 2341/2383 2240/2278 492/499 
f 2352/2394 2425/2467 2353/2395 915/927 2364/2406 2430/2472 2361/2403 500/507 2360/2402 2429/2471 2359/2401 914/926 2357/2399 2427/2469 2355/2397 502/509 2375/2417 2439/2481 2376/2418 918/930 1482/1502 2434/2476 2367/2409 495/502 2245/2283 2348/2390 2246/2284 891/903 2248/2286 2350/2392 2250/2288 493/500 
f 2367/2409 2434/2476 1482/1502 918/930 2376/2418 2439/2481 2375/2417 502/509 2372/2414 2438/2480 2371/2413 917/929 2369/2411 2436/2478 2368/2410 494/501 1488/1508 1553/1573 1487/1507 640/647 1486/1506 1551/1571 1484/1504 483/490 2259/2297 2356/2398 2262/2300 894/906 2263/2301 2358/2400 2264/2302 495/502 
f 1537/1557 1611/1631 1538/1558 642/649 1539/1559 1613/1633 1540/1560 261/268 2385/2427 2448/2490 2387/2429 921/933 2379/2421 2443/2485 2378/2420 252/257 1441/1457 1483/1503 1490/1510 641/648 1437/1453 1555/1575 1489/1509 253/258 
f 2378/2420 2443/2485 2379/2421 921/933 2387/2429 2448/2490 2385/2427 261/268 2384/2426 2447/2489 2382/2424 920/932 2381/2423 2445/2487 1543/1563 503/510 1493/1513 1561/1581 2393/2435 924/936 2388/2430 2451/2493 1492/1512 485/492 2272/2310 2363/2405 1491/1511 897/909 2273/2311 2365/2407 2275/2313 252/257 
f 1492/1512 2451/2493 2388/2430 924/936 2393/2435 1561/1581 1493/1513 503/510 1544/1564 2454/2496 2391/2433 923/935 1545/1565 1623/1643 2389/2431 505/512 2396/2438 1567/1587 2397/2439 927/939 1496/1516 2458/2500 1495/1515 487/494 2282/2320 1565/1585 2284/2322 643/650 2286/2324 2373/2415 1494/1514 485/492 
f 1495/1515 2458/2500 1496/1516 927/939 2397/2439 1567/1587 2396/2438 505/512 1548/1568 2460/2502 1549/1569 926/938 1550/1570 1628/1648 2395/2437 496/503 1502/1522 1574/1594 2404/2446 644/651 1500/1520 1572/1592 2399/2441 256/261 2293/2331 1571/1591 2294/2332 901/913 1499/1519 1569/1589 1498/1518 487/494 
f 2399/2441 1572/1592 1500/1520 644/651 2404/2446 1574/1594 1502/1522 496/503 1573/1593 2465/2507 1575/1595 657/664 1576/1596 1655/1675 2401/2443 262/269 1509/1529 2518/2560 2472/2514 646/653 1508/1528 2513/2555 1507/1527 260/267 1505/1525 1578/1598 1503/1523 645/652 2298/2336 2386/2428 2301/2339 256/261 
f 1511/1531 1632/1652 1559/1579 654/661 1518/1538 1634/1654 1560/1580 506/513 2415/2457 2474/2516 2417/2459 931/943 2406/2448 2469/2511 2405/2447 497/504 1516/1536 1584/1604 1515/1535 647/654 1513/1533 1582/1602 1510/1530 266/273 
f 2405/2447 2469/2511 2406/2448 931/943 2417/2459 2474/2516 2415/2457 506/513 2414/2456 2473/2515 2413/2455 930/942 2410/2452 2471/2513 2408/2450 507/514 2431/2473 2483/2525 2432/2474 933/945 2422/2464 2478/2520 2419/2461 498/505 2313/2353 2400/2442 2316/2358 905/917 2317/2359 2402/2444 2318/2360 497/504 
f 2419/2461 2478/2520 2422/2464 933/945 2432/2474 2483/2525 2431/2473 507/514 2428/2470 2482/2524 2426/2468 655/662 2424/2466 2480/2522 2423/2465 509/516 2444/2486 2492/2534 2446/2488 936/948 2435/2477 2487/2529 2433/2475 499/506 2327/2369 2409/2451 2329/2371 908/920 2331/2373 2411/2453 2334/2376 498/505 
f 2433/2475 2487/2529 2435/2477 936/948 2446/2488 2492/2534 2444/2486 509/516 2442/2484 2491/2533 2441/2483 935/947 2440/2482 2489/2531 2437/2479 511/518 2457/2499 2501/2543 2459/2501 939/951 2450/2492 2496/2538 2449/2491 500/507 2343/2385 2418/2460 2344/2386 911/923 2345/2387 2420/2462 2347/2389 499/506 
f 2449/2491 2496/2538 2450/2492 939/951 2459/2501 2501/2543 2457/2499 511/518 2456/2498 2500/2542 2455/2497 938/950 2453/2495 2498/2540 2452/2494 514/521 2467/2509 2510/2552 2468/2510 942/954 2461/2503 2505/2547 1519/1539 502/509 2355/2397 2427/2469 2357/2399 914/926 2359/2401 2429/2471 2360/2402 500/507 
f 1519/1539 2505/2547 2461/2503 942/954 2468/2510 2510/2552 2467/2509 514/521 2466/2508 2509/2551 2464/2506 941/953 2463/2505 2507/2549 2462/2504 501/508 1525/1545 1602/1622 1524/1544 648/655 1522/1542 1600/1620 1520/1540 494/501 2368/2410 2436/2478 2369/2411 917/929 2371/2413 2438/2480 2372/2414 502/509 
f 1507/1527 2513/2555 1508/1528 646/653 2472/2514 2518/2560 1509/1529 262/269 1581/1601 2517/2559 1583/1603 943/955 2470/2512 2515/2557 1585/1605 263/270 1536/1556 1609/1629 1534/1554 650/657 1532/1552 1607/1627 1530/1550 489/496 1528/1548 2392/2434 1527/1547 649/656 1526/1546 1604/1624 2304/2342 260/267 
f 1590/1610 1666/1686 1591/1611 662/669 1593/1613 1668/1688 1594/1614 515/522 1542/1562 2525/2567 2481/2523 945/957 1541/1561 2522/2564 2475/2517 261/268 1540/1560 1613/1633 1539/1559 642/649 1538/1558 1611/1631 1537/1557 253/258 
f 2475/2517 2522/2564 1541/1561 945/957 2481/2523 2525/2567 1542/1562 515/522 2479/2521 2524/2566 2477/2519 663/670 1596/1616 1673/1693 2476/2518 265/272 2490/2532 2531/2573 2493/2535 948/960 2485/2527 1617/1637 2484/2526 503/510 1543/1563 2445/2487 2381/2423 920/932 2382/2424 2447/2489 2384/2426 261/268 
f 2484/2526 1617/1637 2485/2527 948/960 2493/2535 2531/2573 2490/2532 265/272 1601/1621 1676/1696 1603/1623 947/959 2488/2530 2529/2571 2486/2528 504/511 1547/1567 2538/2580 2497/2539 652/659 1546/1566 1624/1644 2494/2536 505/512 2389/2431 1623/1643 1545/1565 923/935 2391/2433 2454/2496 1544/1564 503/510 
f 2494/2536 1624/1644 1546/1566 652/659 2497/2539 2538/2580 1547/1567 504/511 661/668 1002/1014 664/671 559/566 2495/2537 2536/2578 667/674 120/120 1557/1577 2582/2624 1556/1576 964/976 1554/1574 1629/1649 1552/1572 496/503 2395/2437 1628/1648 1550/1570 926/938 1549/1569 2460/2502 1548/1568 505/512 
f 1558/1578 1680/1700 1610/1630 665/672 1562/1582 1682/1702 1612/1632 517/524 2511/2553 2547/2589 2512/2554 951/963 2502/2544 2542/2584 2499/2541 506/513 1560/1580 1634/1654 1518/1538 654/661 1559/1579 1632/1652 1511/1531 266/273 
f 2499/2541 2542/2584 2502/2544 951/963 2512/2554 2547/2589 2511/2553 517/524 2508/2550 2546/2588 2506/2548 950/962 2504/2546 2544/2586 2503/2545 520/527 2523/2565 2556/2598 2526/2568 954/966 1563/1583 2551/2593 2514/2556 507/514 2408/2450 2471/2513 2410/2452 930/942 2413/2455 2473/2515 2414/2456 506/513 
f 2514/2556 2551/2593 1563/1583 954/966 2526/2568 2556/2598 2523/2565 520/527 2521/2563 2555/2597 2520/2562 953/965 2519/2561 2553/2595 2516/2558 508/515 2534/2576 2563/2605 2535/2577 957/969 2528/2570 2560/2602 2527/2569 509/516 2423/2465 2480/2522 2424/2466 655/662 2426/2468 2482/2524 2428/2470 507/514 
f 2527/2569 2560/2602 2528/2570 957/969 2535/2577 2563/2605 2534/2576 508/515 590/597 975/987 2533/2575 956/968 2532/2574 978/990 2530/2572 510/517 2548/2590 2570/2612 2549/2591 960/972 2539/2581 2567/2609 2537/2579 511/518 2437/2479 2489/2531 2440/2482 935/947 2441/2483 2491/2533 2442/2484 509/516 
f 2537/2579 2567/2609 2539/2581 960/972 2549/2591 2570/2612 2548/2590 510/517 2545/2587 984/996 2543/2585 959/971 2541/2583 987/999 2540/2582 512/519 2561/2603 2577/2619 2562/2604 963/975 2552/2594 2574/2616 2550/2592 514/521 2452/2494 2498/2540 2453/2495 938/950 2455/2497 2500/2542 2456/2498 511/518 
f 2550/2592 2574/2616 2552/2594 963/975 2562/2604 2577/2619 2561/2603 512/519 2559/2601 993/1005 2558/2600 962/974 2557/2599 996/1008 2554/2596 513/520 1570/1590 1652/1672 1568/1588 656/663 1566/1586 1650/1670 1564/1584 501/508 2462/2504 2507/2549 2463/2505 941/953 2464/2506 2509/2551 2466/2508 514/521 
f 1552/1572 1629/1649 1554/1574 964/976 1556/1576 2582/2624 1557/1577 120/120 2565/2607 1008/1020 2564/2606 561/568 673/680 1011/1023 676/683 119/119 1580/1600 1658/1678 1579/1599 658/665 2566/2608 1656/1676 1577/1597 262/269 2401/2443 1655/1675 1576/1596 657/664 1575/1595 2465/2507 1573/1593 496/503 
f 1577/1597 1656/1676 2566/2608 658/665 1579/1599 1658/1678 1580/1600 119/119 691/698 2589/2631 2569/2611 563/570 2568/2610 2587/2629 694/701 121/121 1589/1609 1664/1684 1588/1608 660/667 1587/1607 1662/1682 1586/1606 263/270 1585/1605 2515/2557 2470/2512 943/955 1583/1603 2517/2559 1581/1601 262/269 
f 707/714 1020/1032 1592/1612 566/573 710/717 1023/1035 1595/1615 264/271 2576/2618 1670/1690 2578/2620 967/979 2572/2614 2593/2635 2571/2613 515/522 1594/1614 1668/1688 1593/1613 662/669 1591/1611 1666/1686 1590/1610 253/258 
f 2571/2613 2593/2635 2572/2614 967/979 2578/2620 1670/1690 2576/2618 264/271 725/732 1029/1041 2575/2617 966/978 2573/2615 2595/2637 727/734 122/122 2583/2625 565/572 1599/1619 968/980 1598/1618 2600/2642 1597/1617 265/272 2476/2518 1673/1693 1596/1616 663/670 2477/2519 2524/2566 2479/2521 515/522 
f 1597/1617 2600/2642 1598/1618 968/980 1599/1619 565/572 2583/2625 122/122 2581/2623 1074/1086 2580/2622 569/576 2579/2621 1077/1089 854/864 126/126 1608/1628 1712/1732 1606/1626 678/685 1621/1641 1709/1729 1605/1625 504/511 2486/2528 2529/2571 2488/2530 947/959 1603/1623 1676/1696 1601/1621 265/272 
f 737/744 1036/1048 740/747 666/673 743/750 1039/1051 746/753 516/523 2591/2633 573/580 1614/1634 971/983 2585/2627 567/574 2584/2626 517/524 1612/1632 1682/1702 1562/1582 665/672 1610/1630 1680/1700 1558/1578 266/273 
f 2584/2626 567/574 2585/2627 971/983 1614/1634 573/580 2591/2633 516/523 2590/2632 1045/1057 755/762 970/982 2588/2630 1048/1060 2586/2628 518/525 1615/1635 582/589 2601/2643 974/986 2594/2636 580/587 2592/2634 520/527 2503/2545 2544/2586 2504/2546 950/962 2506/2548 2546/2588 2508/2550 517/524 
f 2592/2634 580/587 2594/2636 974/986 2601/2643 582/589 1615/1635 518/525 2599/2641 1054/1066 2598/2640 973/985 2597/2639 1057/1069 2596/2638 519/526 1619/1639 1696/1716 1620/1640 669/676 1618/1638 1692/1712 1616/1636 508/515 2516/2558 2553/2595 2519/2561 953/965 2520/2562 2555/2597 2521/2563 520/527 
f 275/282 116/116 374/381 376/383 378/385 377/384 326/333 
f 93/93 279/286 278/285 543/550 281/288 283/290 
f 67/67 306/313 305/312 283/290 281/288 543/550 
f 551/558 307/314 306/313 67/67 550/557 
f 308/315 307/314 551/558 552/559 286/293 285/292 284/291 553/560 
f 557/564 309/316 308/315 553/560 289/296 288/295 287/294 556/563 
f 557/564 290/297 294/301 310/317 309/316 
f 294/301 295/302 293/300 292/299 82/82 291/298 311/318 310/317 
f 291/298 81/81 80/80 299/306 312/319 311/318 
f 312/319 299/306 300/307 298/305 297/304 296/303 301/308 313/320 
f 313/320 301/308 302/309 69/69 71/71 314/321 
f 314/321 71/71 70/70 303/310 304/311 365/372 366/373 
f 337/344 329/336 328/335 330/337 331/338 332/339 326/333 333/340 
f 339/346 338/345 336/343 334/341 335/342 329/336 337/344 
f 347/354 340/347 525/532 341/348 79/79 274/281 338/345 339/346 
f 344/351 345/352 343/350 342/349 340/347 347/354 
f 523/530 273/280 267/274 348/355 178/178 460/467 349/356 
f 526/533 271/278 270/277 523/530 353/360 269/276 
f 357/364 354/361 268/275 351/358 352/359 269/276 353/360 
f 360/367 355/362 356/363 354/361 357/364 528/535 
f 364/371 362/369 358/365 527/534 359/366 360/367 528/535 
f 366/373 365/372 367/374 368/375 363/370 361/368 362/369 364/371 
f 325/332 377/384 378/385 376/383 374/381 375/382 373/380 371/378 372/379 370/377 369/376 409/416 
f 5/5 224/226 223/225 
f 5/5 4/4 61/61 224/226 
f 4/4 7/7 1/1 61/61 
f 7/7 2/2 3/3 1/1 
f 2/2 37/37 3/3 
f 234/239 66/66 5/5 117/117 
f 90/90 92/92 464/471 85/85 
f 9/9 21/21 29/29 177/177 
f 66/66 10/10 4/4 5/5 
f 10/10 6/6 7/7 4/4 
f 6/6 13/13 2/2 7/7 
f 13/13 12/12 37/37 2/2 
f 89/89 235/240 88/88 
f 447/454 448/455 10/10 66/66 
f 95/95 97/97 92/92 90/90 
f 367/374 8/8 9/9 368/375 
f 8/8 21/21 9/9 
f 448/455 451/458 6/6 10/10 
f 451/458 11/11 13/13 6/6 
f 11/11 12/12 13/13 
f 72/72 447/454 236/241 
f 72/72 449/456 448/455 447/454 
f 449/456 450/457 451/458 448/455 
f 94/94 98/98 97/97 95/95 
f 303/310 22/22 8/8 304/311 
f 22/22 21/21 8/8 
f 450/457 24/24 11/11 451/458 
f 24/24 12/12 11/11 
f 111/111 238/243 110/110 
f 25/25 452/459 449/456 72/72 
f 452/459 454/461 450/457 449/456 
f 454/461 23/23 24/24 450/457 
f 141/141 14/14 98/98 94/94 
f 75/75 15/15 18/18 16/16 
f 15/15 17/17 19/19 18/18 
f 20/20 22/22 19/19 
f 20/20 21/21 22/22 
f 23/23 12/12 24/24 
f 455/462 25/25 101/101 
f 455/462 27/27 452/459 25/25 
f 27/27 453/460 454/461 452/459 
f 453/460 26/26 23/23 454/461 
f 26/26 12/12 23/23 
f 202/202 14/14 141/141 
f 149/149 15/15 75/75 
f 150/150 17/17 15/15 
f 142/142 20/20 17/17 
f 142/142 21/21 20/20 
f 104/104 240/245 74/74 
f 199/199 28/28 27/27 455/462 
f 28/28 456/463 453/460 27/27 
f 456/463 30/30 26/26 453/460 
f 30/30 12/12 26/26 
f 205/205 247/252 104/104 457/464 
f 34/34 197/197 196/196 
f 35/35 149/149 197/197 
f 36/36 150/150 149/149 
f 38/38 142/142 150/150 
f 38/38 21/21 142/142 
f 32/32 458/465 28/28 199/199 
f 458/465 157/157 456/463 28/28 
f 157/157 41/41 30/30 456/463 
f 41/41 29/29 12/12 30/30 
f 43/43 32/32 461/468 
f 31/31 458/465 32/32 
f 211/211 47/47 34/34 33/33 
f 47/47 49/49 35/35 34/34 
f 49/49 52/52 36/36 35/35 
f 52/52 51/51 38/38 36/36 
f 51/51 37/37 21/21 38/38 
f 39/39 157/157 458/465 
f 40/40 41/41 157/157 
f 40/40 29/29 41/41 
f 53/53 42/42 159/159 
f 160/160 31/31 43/43 
f 165/165 39/39 31/31 
f 214/214 44/44 45/45 
f 210/210 46/46 49/49 47/47 
f 46/46 48/48 52/52 49/49 
f 48/48 50/50 51/51 52/52 
f 50/50 37/37 51/51 
f 54/54 40/40 39/39 
f 54/54 29/29 40/40 
f 55/55 107/107 53/53 158/158 
f 463/470 272/279 160/160 208/208 
f 272/279 459/466 165/165 160/160 
f 56/56 54/54 165/165 
f 83/83 210/210 209/209 
f 83/83 57/57 46/46 210/210 
f 57/57 58/58 48/48 46/46 
f 58/58 59/59 50/50 48/48 
f 59/59 37/37 50/50 
f 56/56 29/29 54/54 
f 84/84 250/255 107/107 55/55 
f 60/60 56/56 459/466 
f 60/60 29/29 56/56 
f 173/173 216/216 78/78 
f 219/219 62/62 57/57 83/83 
f 62/62 63/63 58/58 57/57 
f 63/63 64/64 59/59 58/58 
f 64/64 37/37 59/59 
f 19/19 301/308 296/303 
f 177/177 29/29 60/60 
f 21/21 37/37 12/12 29/29 
f 185/185 173/173 180/180 
f 224/226 61/61 62/62 219/219 
f 61/61 1/1 63/63 62/62 
f 1/1 3/3 64/64 63/63 
f 3/3 37/37 64/64 
f 186/186 65/65 187/187 
f 187/187 65/65 88/88 235/240 
f 447/454 66/66 234/239 
f 232/237 110/110 238/243 
f 25/25 72/72 73/73 
f 198/198 75/75 16/16 99/99 
f 100/100 74/74 240/245 
f 197/197 75/75 198/198 
f 199/199 455/462 239/244 
f 461/468 32/32 199/199 462/469 
f 203/203 76/76 204/204 
f 205/205 159/159 42/42 
f 204/204 76/76 45/45 44/44 
f 208/208 43/43 77/77 
f 210/210 47/47 211/211 
f 521/528 463/470 208/208 243/248 
f 215/215 78/78 216/216 
f 219/219 83/83 220/220 
f 250/255 84/84 85/85 464/471 
f 224/226 219/219 225/227 
f 91/91 90/90 85/85 86/86 
f 116/116 464/471 92/92 87/87 
f 232/237 88/88 233/238 
f 235/240 89/89 236/241 
f 95/95 90/90 91/91 
f 92/92 97/97 93/93 
f 465/472 94/94 95/95 96/96 
f 93/93 97/97 98/98 99/99 
f 100/100 110/110 245/250 
f 238/243 111/111 101/101 
f 141/141 94/94 465/472 
f 98/98 14/14 198/198 
f 203/203 141/141 102/102 
f 14/14 202/202 196/196 
f 457/464 74/74 103/103 
f 240/245 104/104 462/469 
f 205/205 457/464 241/246 
f 104/104 247/252 461/468 
f 158/158 159/159 242/247 
f 42/42 53/53 243/248 
f 215/215 45/45 248/253 
f 44/44 214/214 209/209 
f 55/55 158/158 105/105 
f 53/53 107/107 521/528 
f 466/473 84/84 55/55 106/106 
f 521/528 107/107 250/255 275/282 
f 180/180 78/78 249/254 
f 216/216 173/173 225/227 
f 186/186 180/180 108/108 
f 173/173 185/185 223/225 
f 185/185 187/187 117/117 
f 65/65 186/186 109/109 
f 117/117 187/187 235/240 234/239 
f 233/238 88/88 65/65 467/474 
f 89/89 238/243 73/73 
f 110/110 232/237 246/251 
f 111/111 240/245 239/244 
f 74/74 100/100 237/242 
f 202/202 204/204 33/33 
f 76/76 203/203 112/112 
f 247/252 42/42 77/77 
f 159/159 205/205 113/113 
f 204/204 44/44 211/211 
f 45/45 76/76 114/114 
f 214/214 216/216 220/220 
f 78/78 215/215 115/115 
f 250/255 464/471 116/116 
f 85/85 84/84 466/473 
f 117/117 5/5 223/225 
f 232/237 89/89 88/88 
f 459/466 56/56 165/165 
f 220/220 83/83 209/209 
f 304/311 8/8 367/374 365/372 
f 527/534 60/60 459/466 359/366 
f 73/73 72/72 236/241 
f 362/369 361/368 177/177 
f 185/185 186/186 187/187 
f 236/241 447/454 234/239 
f 101/101 25/25 73/73 
f 196/196 197/197 198/198 
f 462/469 199/199 239/244 
f 202/202 203/203 204/204 
f 247/252 205/205 42/42 
f 243/248 208/208 77/77 
f 209/209 210/210 211/211 
f 225/227 219/219 220/220 
f 303/310 70/70 19/19 22/22 
f 223/225 224/226 225/227 
f 246/251 232/237 233/238 
f 234/239 235/240 236/241 
f 96/96 95/95 91/91 
f 87/87 92/92 93/93 
f 100/100 111/111 110/110 
f 102/102 141/141 465/472 
f 99/99 98/98 198/198 
f 198/198 14/14 196/196 
f 241/246 457/464 103/103 
f 239/244 240/245 462/469 
f 113/113 205/205 241/246 
f 462/469 104/104 461/468 
f 105/105 158/158 242/247 
f 77/77 42/42 243/248 
f 211/211 44/44 209/209 
f 106/106 55/55 105/105 
f 243/248 53/53 521/528 
f 223/225 185/185 117/117 
f 467/474 65/65 109/109 
f 196/196 202/202 33/33 
f 114/114 76/76 112/112 
f 461/468 247/252 77/77 
f 33/33 204/204 211/211 
f 275/282 250/255 116/116 
f 86/86 85/85 466/473 
f 17/17 20/20 19/19 
f 239/244 455/462 101/101 
f 203/203 202/202 141/141 
f 197/197 149/149 75/75 
f 149/149 150/150 15/15 
f 150/150 142/142 17/17 
f 457/464 104/104 74/74 
f 33/33 34/34 196/196 
f 34/34 35/35 197/197 
f 35/35 36/36 149/149 
f 36/36 38/38 150/150 
f 77/77 43/43 461/468 
f 43/43 31/31 32/32 
f 275/282 326/333 332/339 
f 93/93 283/290 282/289 
f 278/285 68/68 67/67 
f 278/285 279/286 280/287 68/68 
f 305/312 282/289 283/290 
f 379/386 409/416 305/312 
f 380/387 379/386 305/312 306/313 
f 381/388 380/387 306/313 307/314 
f 382/389 381/388 307/314 308/315 
f 383/390 382/389 308/315 309/316 
f 384/391 383/390 309/316 310/317 
f 385/392 384/391 310/317 311/318 
f 386/393 385/392 311/318 312/319 
f 387/394 386/393 312/319 313/320 
f 388/395 387/394 313/320 314/321 
f 388/395 314/321 366/373 
f 398/405 388/395 366/373 
f 408/415 398/405 366/373 
f 418/425 408/415 366/373 
f 429/436 418/425 366/373 
f 430/437 325/332 409/416 419/426 
f 364/371 531/538 429/436 366/373 
f 532/539 325/332 430/437 
f 315/322 531/538 364/371 
f 316/323 325/332 532/539 
f 317/324 315/322 364/371 
f 319/326 325/332 316/323 
f 446/453 317/324 364/371 
f 318/325 325/332 319/326 
f 324/331 446/453 364/371 
f 333/340 325/332 318/325 
f 337/344 333/340 318/325 548/555 
f 339/346 337/344 548/555 320/327 
f 347/354 339/346 320/327 445/452 
f 522/529 347/354 445/452 554/561 
f 349/356 522/529 554/561 321/328 
f 523/530 349/356 321/328 322/329 
f 353/360 523/530 322/329 323/330 
f 357/364 353/360 323/330 524/531 
f 528/535 357/364 524/531 324/331 
f 528/535 324/331 364/371 
f 333/340 326/333 377/384 325/332 
f 276/283 327/334 328/335 
f 327/334 277/284 328/335 
f 346/353 344/351 347/354 
f 346/353 522/529 349/356 460/467 
f 273/280 350/357 267/274 
f 270/277 273/280 523/530 
f 31/31 39/39 458/465 
f 39/39 40/40 157/157 
f 158/158 53/53 159/159 
f 208/208 160/160 43/43 
f 160/160 165/165 31/31 
f 215/215 214/214 45/45 
f 389/396 409/416 379/386 
f 390/397 389/396 379/386 380/387 
f 391/398 390/397 380/387 381/388 
f 392/399 391/398 381/388 382/389 
f 393/400 392/399 382/389 383/390 
f 394/401 393/400 383/390 384/391 
f 395/402 394/401 384/391 385/392 
f 396/403 395/402 385/392 386/393 
f 397/404 396/403 386/393 387/394 
f 398/405 397/404 387/394 388/395 
f 399/406 409/416 389/396 
f 400/407 399/406 389/396 390/397 
f 401/408 400/407 390/397 391/398 
f 402/409 401/408 391/398 392/399 
f 403/410 402/409 392/399 393/400 
f 404/411 403/410 393/400 394/401 
f 405/412 404/411 394/401 395/402 
f 406/413 405/412 395/402 396/403 
f 407/414 406/413 396/403 397/404 
f 408/415 407/414 397/404 398/405 
f 410/417 409/416 399/406 
f 411/418 410/417 399/406 400/407 
f 529/536 411/418 400/407 401/408 
f 412/419 529/536 401/408 402/409 
f 413/420 412/419 402/409 403/410 
f 414/421 413/420 403/410 404/411 
f 415/422 414/421 404/411 405/412 
f 416/423 415/422 405/412 406/413 
f 417/424 416/423 406/413 407/414 
f 418/425 417/424 407/414 408/415 
f 419/426 409/416 410/417 
f 420/427 419/426 410/417 411/418 
f 421/428 420/427 411/418 529/536 
f 422/429 421/428 529/536 412/419 
f 423/430 422/429 412/419 413/420 
f 424/431 423/430 413/420 414/421 
f 425/432 424/431 414/421 415/422 
f 426/433 425/432 415/422 416/423 
f 428/435 426/433 416/423 417/424 
f 429/436 428/435 417/424 418/425 
f 432/439 430/437 419/426 420/427 
f 434/441 432/439 420/427 421/428 
f 436/443 434/441 421/428 422/429 
f 437/444 436/443 422/429 423/430 
f 439/446 437/444 423/430 424/431 
f 440/447 439/446 424/431 425/432 
f 530/537 440/447 425/432 426/433 
f 427/434 530/537 426/433 428/435 
f 531/538 427/434 428/435 429/436 
f 431/438 532/539 430/437 432/439 
f 433/440 431/438 432/439 434/441 
f 435/442 433/440 434/441 436/443 
f 443/450 435/442 436/443 437/444 
f 438/445 443/450 437/444 439/446 
f 441/448 438/445 439/446 440/447 
f 537/544 441/448 440/447 530/537 
f 533/540 537/544 530/537 427/434 
f 315/322 533/540 427/434 531/538 
f 535/542 316/323 532/539 431/438 
f 534/541 535/542 431/438 433/440 
f 442/449 534/541 433/440 435/442 
f 542/549 442/449 435/442 443/450 
f 544/551 542/549 443/450 438/445 
f 536/543 544/551 438/445 441/448 
f 538/545 536/543 441/448 537/544 
f 444/451 538/545 537/544 533/540 
f 317/324 444/451 533/540 315/322 
f 539/546 319/326 316/323 535/542 
f 549/556 539/546 535/542 534/541 
f 541/548 549/556 534/541 442/449 
f 540/547 541/548 442/449 542/549 
f 409/416 369/376 282/289 305/312 
f 555/562 540/547 542/549 544/551 
f 545/552 555/562 544/551 536/543 
f 546/553 545/552 536/543 538/545 
f 547/554 546/553 538/545 444/451 
f 446/453 547/554 444/451 317/324 
f 548/555 318/325 319/326 539/546 
f 320/327 548/555 539/546 549/556 
f 445/452 320/327 549/556 541/548 
f 554/561 445/452 541/548 540/547 
f 321/328 554/561 540/547 555/562 
f 322/329 321/328 555/562 545/552 
f 323/330 322/329 545/552 546/553 
f 524/531 323/330 546/553 547/554 
f 324/331 524/531 547/554 446/453 
f 543/550 278/285 67/67 
f 276/283 328/335 329/336 
f 522/529 346/353 347/354 
f 165/165 54/54 39/39 
f 180/180 173/173 78/78 
f 186/186 185/185 180/180 
f 89/89 232/237 238/243 
f 111/111 100/100 240/245 
f 214/214 215/215 216/216 
f 237/242 100/100 245/250 
f 73/73 238/243 101/101 
f 112/112 203/203 102/102 
f 115/115 215/215 248/253 
f 108/108 180/180 249/254 
f 220/220 216/216 225/227 
f 109/109 186/186 108/108 
f 225/227 173/173 223/225 
f 236/241 89/89 73/73 
f 245/250 110/110 246/251 
f 101/101 111/111 239/244 
f 103/103 74/74 237/242 
f 242/247 159/159 113/113 
f 248/253 45/45 114/114 
f 209/209 214/214 220/220 
f 249/254 78/78 115/115 

