o data/uid/01015164/s/000007.obj
//1
usemtl mat0
v 0.060899 4.14319 -0.145279
v 0.095366 4.14319 -0.125379
v 0.10114 4.14319 -0.120534
vn 0 -1 0
vn 0 -1 0
vn 0 -1 0
vt 0.81604 0.585481
vt 0.866477 0.612016
vt 0.874926 0.618477
f 1/1/1 2/2/2 3/3/3
v 0.156904 4.19696 -0.027666
v 0.159324 4.19696 0
v 0.159324 4.14319 0
vn 0.996196 0 -0.0871395
vn 0.996196 0 -0.0871395
vn 0.996196 0 -0.0871395
vt 0.719205 0.425541
vt 0.678721 0.425541
vt 0.678721 0.353845
f 4/4/4 5/5/5 6/6/6
v -0.053815 4.19696 -0.147857
v -0.10114 4.19696 -0.120534
v 0.10114 4.19696 -0.120534
vn 0 1 0
vn 0 1 0
vn 0 1 0
vt 0.163559 0.871363
vt 0.094307 0.83493
vt 0.390309 0.83493
f 7/7/7 8/8/8 9/9/9
v 0.053815 4.14319 -0.147857
v 0.10114 4.14319 -0.120534
v -0.10114 4.14319 -0.120534
vn 0 -1 -0
vn 0 -1 -0
vn 0 -1 -0
vt 0.805675 0.582044
vt 0.874926 0.618477
vt 0.578924 0.618477
f 10/10/10 11/11/11 12/12/12
v 0.149716 4.19696 -0.054492
v 0.156904 4.19696 -0.027666
v 0.156904 4.14319 -0.027666
vn 0.965926 0 -0.258819
vn 0.965926 0 -0.258819
vn 0.965926 0 -0.258819
vt 0.75846 0.425541
vt 0.719205 0.425541
vt 0.719205 0.353845
f 13/13/13 14/14/14 15/15/15
v 0 4.14319 0.159324
v -0.10114 4.14319 -0.120534
v 0.10114 4.14319 -0.120534
vn 0 -1 0
vn 0 -1 0
vn 0 -1 0
vt 0.726925 0.991648
vt 0.578924 0.618477
vt 0.874926 0.618477
f 16/16/16 17/17/17 18/18/18
v 0.054492 4.14319 0.149716
v 0.027666 4.14319 0.156904
v 0.10114 4.14319 -0.120534
vn 0 -1 0
vn 0 -1 0
vn 0 -1 0
vt 0.806665 0.978836
vt 0.76741 0.988421
vt 0.874926 0.618477
f 19/19/19 20/20/20 21/21/21
v 0.137979 4.19696 -0.079662
v 0.149716 4.19696 -0.054492
v 0.149716 4.14319 -0.054492
vn 0.906307 0 -0.422619
vn 0.906307 0 -0.422619
vn 0.906307 0 -0.422619
vt 0.795292 0.425541
vt 0.75846 0.425541
vt 0.75846 0.353845
f 22/22/22 23/23/23 24/24/24
v 0.102412 4.14319 0.12205
v 0.079662 4.14319 0.137979
v 0.10114 4.14319 -0.120534
vn 0 -1 0
vn 0 -1 0
vn 0 -1 0
vt 0.876788 0.941946
vt 0.843497 0.963186
vt 0.874926 0.618477
f 25/25/25 26/26/26 27/27/27
v 0.137979 4.14319 0.079662
v 0.12205 4.14319 0.102412
v 0.10114 4.14319 -0.120534
vn 0 -1 0
vn 0 -1 0
vn 0 -1 0
vt 0.928834 0.885424
vt 0.905524 0.91576
vt 0.874926 0.618477
f 28/28/28 29/29/29 30/30/30
v 0.12205 4.19696 -0.102412
v 0.137979 4.19696 -0.079662
v 0.137979 4.14319 -0.079662
vn 0.819164 0 -0.573559
vn 0.819164 0 -0.573559
vn 0.819164 0 -0.573559
vt 0.828583 0.425541
vt 0.795292 0.425541
vt 0.795292 0.353845
f 31/31/31 32/32/32 33/33/33
v 0.156904 4.14319 0.027666
v 0.149716 4.14319 0.054492
v 0.10114 4.14319 -0.120534
vn 0 -1 0
vn 0 -1 0
vn 0 -1 0
vt 0.956527 0.816091
vt 0.946009 0.851862
vt 0.874926 0.618477
f 34/34/34 35/35/35 36/36/36
v 0.159324 4.14319 0
v 0.10114 4.14319 -0.120534
v 0.106915 4.14319 -0.115689
vn -0 -1 0
vn -0 -1 0
vn -0 -1 0
vt 0.960068 0.779201
vt 0.874926 0.618477
vt 0.883376 0.624937
f 37/37/37 38/38/38 39/39/39
v 0.107762 4.16038 -0.1167
v 0.107762 4.17977 -0.1167
v 0.110438 4.18406 -0.114024
vn 0.707108 0 -0.707106
vn 0.707108 0 -0.707106
vn 0.707108 0 -0.707106
vt 0.565761 0.180556
vt 0.565761 0.206409
vt 0.561846 0.212139
f 40/40/40 41/41/41 42/42/42
v 0.067982 4.14319 -0.142701
v 0.089591 4.14319 -0.130225
v 0.095366 4.14319 -0.125379
vn 0 -1 0
vn 0 -1 0
vn 0 -1 0
vt 0.826405 0.588919
vt 0.858027 0.605555
vt 0.866477 0.612016
f 43/43/43 44/44/44 45/45/45
v 0.075065 4.14319 -0.140123
v 0.083817 4.14319 -0.13507
v 0.089591 4.14319 -0.130225
vn 0 -1 0
vn 0 -1 0
vn 0 -1 0
vt 0.83677 0.592357
vt 0.849577 0.599094
vt 0.858027 0.605555
f 46/46/46 47/47/47 48/48/48
v 0.152316 4.22684 -0.212846
v 0.148149 4.22462 -0.215764
v 0.142895 4.22412 -0.219442
vn 0.573455 0.000425632 -0.819237
vn 0.573455 0.000425632 -0.819237
vn 0.573455 0.000425632 -0.819237
vt 0.02259 0.376987
vt 0.028688 0.374027
vt 0.036376 0.37336
f 49/49/49 50/50/50 51/51/51
v 0.075065 4.14319 -0.140123
v 0.079662 4.14319 -0.137979
v 0.083817 4.14319 -0.13507
vn 0 -1 0
vn 0 -1 0
vn 0 -1 0
vt 0.83677 0.592357
vt 0.843497 0.595215
vt 0.849577 0.599094
f 52/52/52 53/53/53 54/54/54
v 0.046732 4.14319 -0.150435
v 0.053815 4.14319 -0.147857
v -0.053815 4.14319 -0.147857
vn 0 -1 -0
vn 0 -1 -0
vn 0 -1 -0
vt 0.79531 0.578606
vt 0.805675 0.582044
vt 0.648176 0.582044
f 55/55/55 56/56/56 57/57/57
v 0.118595 4.22412 -0.233472
v 0.118595 4.27789 -0.233472
v 0.131359 4.27789 -0.22752
vn 0.422621 0 -0.906306
vn 0.422621 0 -0.906306
vn 0.422621 0 -0.906306
vt 0.071935 0.37336
vt 0.071935 0.445055
vt 0.053257 0.445055
f 58/58/58 59/59/59 60/60/60
v 0.039649 4.14319 -0.153013
v 0.046732 4.14319 -0.150435
v 0 4.14319 -0.159324
vn 0 -1 -0
vn 0 -1 -0
vn 0 -1 -0
vt 0.784944 0.575168
vt 0.79531 0.578606
vt 0.726925 0.566753
f 61/61/61 62/62/62 63/63/63
v 0 4.14319 -0.159324
v 0.046732 4.14319 -0.150435
v -0.046732 4.14319 -0.150435
vn 0 -1 -0
vn 0 -1 -0
vn 0 -1 -0
vt 0.726925 0.566753
vt 0.79531 0.578606
vt 0.658541 0.578606
f 64/64/64 65/65/65 66/66/66
v 0.043529 4.15608 -0.152654
v 0.039874 4.15178 -0.153633
v 0.039874 4.18836 -0.153633
vn 0.258729 0 -0.96595
vn 0.258729 0 -0.96595
vn 0.258729 0 -0.96595
vt 0.181781 0.282637
vt 0.187129 0.276906
vt 0.187129 0.325681
f 67/67/67 68/68/68 69/69/69
v 0.027666 4.14319 -0.156904
v 0.032565 4.14319 -0.155591
v 0.039649 4.14319 -0.153013
vn 0 -1 0
vn 0 -1 0
vn 0 -1 0
vt 0.76741 0.56998
vt 0.774579 0.57173
vt 0.784944 0.575168
f 70/70/70 71/71/71 72/72/72
v -0.027666 4.14319 -0.156904
v 0 4.14319 -0.159324
v -0.039649 4.14319 -0.153013
vn -0 -1 -0
vn -0 -1 -0
vn -0 -1 -0
vt 0.686441 0.56998
vt 0.726925 0.566753
vt 0.668906 0.575168
f 73/73/73 74/74/74 75/75/75
v 0 4.19696 -0.159324
v 0.027666 4.19696 -0.156904
v 0.027666 4.14319 -0.156904
vn 0.0871395 0 -0.996196
vn 0.0871395 0 -0.996196
vn 0.0871395 0 -0.996196
vt 0.245478 0.337142
vt 0.204994 0.337142
vt 0.204994 0.265446
f 76/76/76 77/77/77 78/78/78
v -0.060899 4.14319 -0.145279
v -0.053815 4.14319 -0.147857
v -0.10114 4.14319 -0.120534
vn -0 -1 -0
vn -0 -1 -0
vn -0 -1 -0
vt 0.637811 0.585481
vt 0.648176 0.582044
vt 0.578924 0.618477
f 79/79/79 80/80/80 81/81/81
v -0.067982 4.14319 -0.142701
v -0.060899 4.14319 -0.145279
v -0.095366 4.14319 -0.125379
vn -0 -1 -0
vn -0 -1 -0
vn -0 -1 -0
vt 0.627446 0.588919
vt 0.637811 0.585481
vt 0.587374 0.612016
f 82/82/82 83/83/83 84/84/84
v -0.027666 4.19696 -0.156904
v 0 4.19696 -0.159324
v 0 4.14319 -0.159324
vn -0.0871395 0 -0.996196
vn -0.0871395 0 -0.996196
vn -0.0871395 0 -0.996196
vt 0.285962 0.337142
vt 0.245478 0.337142
vt 0.245478 0.265446
f 85/85/85 86/86/86 87/87/87
v -0.075065 4.14319 -0.140123
v -0.067982 4.14319 -0.142701
v -0.089591 4.14319 -0.130225
vn -0 -1 -0
vn -0 -1 -0
vn -0 -1 -0
vt 0.617081 0.592357
vt 0.627446 0.588919
vt 0.595824 0.605555
f 88/88/88 89/89/89 90/90/90
v -0.083817 4.14319 -0.13507
v -0.079662 4.14319 -0.137979
v -0.075065 4.14319 -0.140123
vn 0 -1 0
vn 0 -1 0
vn 0 -1 0
vt 0.604274 0.599094
vt 0.610354 0.595215
vt 0.617081 0.592357
f 91/91/91 92/92/92 93/93/93
v -0.027666 4.19696 -0.156904
v -0.027666 4.14319 -0.156904
v -0.039874 4.15178 -0.153633
vn -0.25881 0 -0.965928
vn -0.25881 0 -0.965928
vn -0.25881 0 -0.965928
vt 0.285962 0.337142
vt 0.285962 0.265446
vt 0.303827 0.276906
f 94/94/94 95/95/95 96/96/96
v -0.106915 4.14319 -0.115689
v -0.10114 4.14319 -0.120534
v -0.159324 4.14319 0
vn -0 -1 -0
vn -0 -1 -0
vn -0 -1 -0
vt 0.570475 0.624937
vt 0.578924 0.618477
vt 0.493783 0.779201
f 97/97/97 98/98/98 99/99/99
v -0.156904 4.14319 0.027666
v -0.159324 4.14319 0
v -0.10114 4.14319 -0.120534
vn 0 -1 0
vn 0 -1 0
vn 0 -1 0
vt 0.497324 0.816091
vt 0.493783 0.779201
vt 0.578924 0.618477
f 100/100/100 101/101/101 102/102/102
v -0.108748 4.22699 -0.238064
v -0.11362 4.22465 -0.235792
v -0.118595 4.22412 -0.233472
vn -0.422633 -2.41831e-005 -0.906301
vn -0.422633 -2.41831e-005 -0.906301
vn -0.422633 -2.41831e-005 -0.906301
vt 0.404612 0.377193
vt 0.411742 0.374065
vt 0.419021 0.37336
f 103/103/103 104/104/104 105/105/105
v -0.137979 4.14319 0.079662
v -0.149716 4.14319 0.054492
v -0.10114 4.14319 -0.120534
vn 0 -1 0
vn 0 -1 0
vn 0 -1 0
vt 0.525017 0.885424
vt 0.507842 0.851862
vt 0.578924 0.618477
f 106/106/106 107/107/107 108/108/108
v -0.102412 4.14319 0.12205
v -0.12205 4.14319 0.102412
v -0.10114 4.14319 -0.120534
vn 0 -1 0
vn 0 -1 0
vn 0 -1 0
vt 0.577063 0.941946
vt 0.548326 0.91576
vt 0.578924 0.618477
f 109/109/109 110/110/110 111/111/111
v -0.131359 4.27789 -0.22752
v -0.131359 4.22412 -0.22752
v -0.142895 4.22412 -0.219442
vn -0.573596 0 -0.819138
vn -0.573596 0 -0.819138
vn -0.573596 0 -0.819138
vt 0.437699 0.445055
vt 0.437699 0.37336
vt 0.45458 0.37336
f 112/112/112 113/113/113 114/114/114
v -0.054492 4.14319 0.149716
v -0.079662 4.14319 0.137979
v -0.10114 4.14319 -0.120534
vn 0 -1 0
vn 0 -1 0
vn 0 -1 0
vt 0.647186 0.978836
vt 0.610354 0.963186
vt 0.578924 0.618477
f 115/115/115 116/116/116 117/117/117
v 0 4.14319 0.159324
v -0.027666 4.14319 0.156904
v -0.10114 4.14319 -0.120534
vn 0 -1 0
vn 0 -1 0
vn 0 -1 0
vt 0.726925 0.991648
vt 0.686441 0.988421
vt 0.578924 0.618477
f 118/118/118 119/119/119 120/120/120
v -0.12205 4.14319 -0.102412
v -0.115788 4.14749 -0.108674
v -0.118463 4.14319 -0.105999
vn -0.707107 1.22598e-006 -0.707107
vn -0.707107 1.22598e-006 -0.707107
vn -0.707107 1.22598e-006 -0.707107
vt 0.526522 0.157634
vt 0.517359 0.163365
vt 0.521274 0.157634
f 121/121/121 122/122/122 123/123/123
v -0.112689 4.14319 -0.110844
v -0.106915 4.14319 -0.115689
v -0.137979 4.14319 -0.079662
vn -0 -1 -0
vn -0 -1 -0
vn -0 -1 -0
vt 0.562025 0.631398
vt 0.570475 0.624937
vt 0.525017 0.672977
f 124/124/124 125/125/125 126/126/126
v -0.149716 4.14319 -0.054492
v -0.137979 4.14319 -0.079662
v -0.106915 4.14319 -0.115689
vn 0 -1 0
vn 0 -1 0
vn 0 -1 0
vt 0.507842 0.706539
vt 0.525017 0.672977
vt 0.570475 0.624937
f 127/127/127 128/128/128 129/129/129
v -0.137979 4.19696 -0.079662
v -0.12205 4.19696 -0.102412
v -0.12205 4.14319 -0.102412
vn -0.819164 0 -0.573559
vn -0.819164 0 -0.573559
vn -0.819164 0 -0.573559
vt 0.533412 0.337142
vt 0.500122 0.337142
vt 0.500122 0.265446
f 130/130/130 131/131/131 132/132/132
v -0.12205 4.14319 -0.102412
v -0.118463 4.14319 -0.105999
v -0.112689 4.14319 -0.110844
vn 0 -1 0
vn 0 -1 0
vn 0 -1 0
vt 0.548326 0.642641
vt 0.553575 0.637859
vt 0.562025 0.631398
f 133/133/133 134/134/134 135/135/135
v 0.149716 4.14319 -0.054492
v 0.156904 4.14319 -0.027666
v 0.106915 4.14319 -0.115689
vn 0 -1 -0
vn 0 -1 -0
vn 0 -1 -0
vt 0.946009 0.706539
vt 0.956527 0.74231
vt 0.883376 0.624937
f 136/136/136 137/137/137 138/138/138
v -0.149716 4.19696 -0.054492
v -0.137979 4.19696 -0.079662
v -0.137979 4.14319 -0.079662
vn -0.906307 0 -0.422619
vn -0.906307 0 -0.422619
vn -0.906307 0 -0.422619
vt 0.570244 0.337142
vt 0.533412 0.337142
vt 0.533412 0.265446
f 139/139/139 140/140/140 141/141/141
v 0.112689 4.14319 -0.110844
v 0.12205 4.14319 -0.102412
v 0.137979 4.14319 -0.079662
vn 0 -1 0
vn 0 -1 0
vn 0 -1 0
vt 0.891826 0.631398
vt 0.905524 0.642641
vt 0.928834 0.672977
f 142/142/142 143/143/143 144/144/144
v 0.112689 4.14319 -0.110844
v 0.118463 4.14319 -0.105999
v 0.12205 4.14319 -0.102412
vn 0 -1 0
vn 0 -1 0
vn 0 -1 0
vt 0.891826 0.631398
vt 0.900276 0.637859
vt 0.905524 0.642641
f 145/145/145 146/146/146 147/147/147
v -0.156904 4.19696 -0.027666
v -0.149716 4.19696 -0.054492
v -0.149716 4.14319 -0.054492
vn -0.965926 0 -0.258819
vn -0.965926 0 -0.258819
vn -0.965926 0 -0.258819
vt 0.609499 0.337142
vt 0.570244 0.337142
vt 0.570244 0.265446
f 148/148/148 149/149/149 150/150/150
v 0.060899 4.19696 -0.145279
v 0.053815 4.19696 -0.147857
v 0.10114 4.19696 -0.120534
vn -0 1 0
vn -0 1 0
vn -0 1 0
vt 0.331423 0.867925
vt 0.321058 0.871363
vt 0.390309 0.83493
f 151/151/151 152/152/152 153/153/153
v 0.027666 4.19696 0.156904
v 0 4.19696 0.159324
v 0 4.14319 0.159324
vn 0.0871395 -0 0.996196
vn 0.0871395 -0 0.996196
vn 0.0871395 -0 0.996196
vt 0.199512 0.248742
vt 0.159028 0.248742
vt 0.159028 0.177046
f 154/154/154 155/155/155 156/156/156
v -0.159324 4.19696 0
v -0.156904 4.19696 -0.027666
v -0.156904 4.14319 -0.027666
vn -0.996196 0 -0.0871395
vn -0.996196 0 -0.0871395
vn -0.996196 0 -0.0871395
vt 0.649984 0.337142
vt 0.609499 0.337142
vt 0.609499 0.265446
f 157/157/157 158/158/158 159/159/159
v 0.054492 4.19696 0.149716
v 0.027666 4.19696 0.156904
v 0.027666 4.14319 0.156904
vn 0.258819 -0 0.965926
vn 0.258819 -0 0.965926
vn 0.258819 -0 0.965926
vt 0.238767 0.248742
vt 0.199512 0.248742
vt 0.199512 0.177046
f 160/160/160 161/161/161 162/162/162
v 0.079662 4.19696 0.137979
v 0.054492 4.19696 0.149716
v 0.054492 4.14319 0.149716
vn 0.422619 -0 0.906307
vn 0.422619 -0 0.906307
vn 0.422619 -0 0.906307
vt 0.275599 0.248742
vt 0.238767 0.248742
vt 0.238767 0.177046
f 163/163/163 164/164/164 165/165/165
v -0.156904 4.19696 0.027666
v -0.159324 4.19696 0
v -0.159324 4.14319 0
vn -0.996196 0 0.0871395
vn -0.996196 0 0.0871395
vn -0.996196 0 0.0871395
vt 0.690468 0.337142
vt 0.649984 0.337142
vt 0.649984 0.265446
f 166/166/166 167/167/167 168/168/168
v 0.102412 4.19696 0.12205
v 0.079662 4.19696 0.137979
v 0.079662 4.14319 0.137979
vn 0.573559 -0 0.819164
vn 0.573559 -0 0.819164
vn 0.573559 -0 0.819164
vt 0.30889 0.248742
vt 0.275599 0.248742
vt 0.275599 0.177046
f 169/169/169 170/170/170 171/171/171
v 0.12205 4.19696 0.102412
v 0.102412 4.19696 0.12205
v 0.102412 4.14319 0.12205
vn 0.707107 -0 0.707107
vn 0.707107 -0 0.707107
vn 0.707107 -0 0.707107
vt 0.528858 0.425541
vt 0.500122 0.425541
vt 0.500122 0.353845
f 172/172/172 173/173/173 174/174/174
v -0.149716 4.19696 0.054492
v -0.156904 4.19696 0.027666
v -0.156904 4.14319 0.027666
vn -0.965926 0 0.258819
vn -0.965926 0 0.258819
vn -0.965926 0 0.258819
vt 0.729723 0.337142
vt 0.690468 0.337142
vt 0.690468 0.265446
f 175/175/175 176/176/176 177/177/177
v 0.137979 4.19696 0.079662
v 0.12205 4.19696 0.102412
v 0.12205 4.14319 0.102412
vn 0.819164 -0 0.573559
vn 0.819164 -0 0.573559
vn 0.819164 -0 0.573559
vt 0.562149 0.425541
vt 0.528858 0.425541
vt 0.528858 0.353845
f 178/178/178 179/179/179 180/180/180
v 0.149716 4.19696 0.054492
v 0.137979 4.19696 0.079662
v 0.137979 4.14319 0.079662
vn 0.906307 -0 0.422619
vn 0.906307 -0 0.422619
vn 0.906307 -0 0.422619
vt 0.598981 0.425541
vt 0.562149 0.425541
vt 0.562149 0.353845
f 181/181/181 182/182/182 183/183/183
v -0.137979 4.19696 0.079662
v -0.149716 4.19696 0.054492
v -0.149716 4.14319 0.054492
vn -0.906307 0 0.422619
vn -0.906307 0 0.422619
vn -0.906307 0 0.422619
vt 0.766555 0.337142
vt 0.729723 0.337142
vt 0.729723 0.265446
f 184/184/184 185/185/185 186/186/186
v 0.156904 4.19696 0.027666
v 0.149716 4.19696 0.054492
v 0.149716 4.14319 0.054492
vn 0.965926 -0 0.258819
vn 0.965926 -0 0.258819
vn 0.965926 -0 0.258819
vt 0.638236 0.425541
vt 0.598981 0.425541
vt 0.598981 0.353845
f 187/187/187 188/188/188 189/189/189
v 0.159324 4.19696 0
v 0.156904 4.19696 0.027666
v 0.156904 4.14319 0.027666
vn 0.996196 -0 0.0871395
vn 0.996196 -0 0.0871395
vn 0.996196 -0 0.0871395
vt 0.678721 0.425541
vt 0.638236 0.425541
vt 0.638236 0.353845
f 190/190/190 191/191/191 192/192/192
v -0.12205 4.19696 0.102412
v -0.137979 4.19696 0.079662
v -0.137979 4.14319 0.079662
vn -0.819164 0 0.573559
vn -0.819164 0 0.573559
vn -0.819164 0 0.573559
vt 0.799846 0.337142
vt 0.766555 0.337142
vt 0.766555 0.265446
f 193/193/193 194/194/194 195/195/195
v 0.131359 4.22412 -0.22752
v 0.142895 4.22412 -0.219442
v 0.083817 4.14319 -0.13507
vn 0.354386 -0.78631 -0.50609
vn 0.354386 -0.78631 -0.50609
vn 0.354386 -0.78631 -0.50609
vt 0.919146 0.475818
vt 0.936028 0.48659
vt 0.849577 0.599094
f 196/196/196 197/197/197 198/198/198
v 0.142895 4.27789 -0.219442
v 0.131359 4.27789 -0.22752
v 0.079662 4.19696 -0.137979
vn -0.354381 0.786317 0.506083
vn -0.354381 0.786317 0.506083
vn -0.354381 0.786317 0.506083
vt 0.451411 0.966817
vt 0.434529 0.977588
vt 0.35888 0.858192
f 199/199/199 200/200/200 201/201/201
v -0.102412 4.19696 0.12205
v -0.12205 4.19696 0.102412
v -0.12205 4.14319 0.102412
vn -0.707107 0 0.707107
vn -0.707107 0 0.707107
vn -0.707107 0 0.707107
vt 0.828583 0.337142
vt 0.799846 0.337142
vt 0.799846 0.265446
f 202/202/202 203/203/203 204/204/204
v 0.16149 4.2499 -0.206422
v 0.16149 4.2521 -0.206422
v 0.102412 4.17117 -0.12205
vn 0.819152 0 0.573577
vn 0.819152 0 0.573577
vn 0.819152 0 0.573577
vt 0.91765 0.489997
vt 0.921592 0.490457
vt 0.858562 0.598399
f 205/205/205 206/206/206 207/207/207
v 0.118595 4.22412 -0.233472
v 0.131359 4.22412 -0.22752
v 0.079662 4.14319 -0.137979
vn 0.261108 -0.786312 -0.559943
vn 0.261108 -0.786312 -0.559943
vn 0.261108 -0.786312 -0.559943
vt 0.900469 0.467882
vt 0.919146 0.475818
vt 0.843497 0.595215
f 208/208/208 209/209/209 210/210/210
v -0.079662 4.19696 0.137979
v -0.102412 4.19696 0.12205
v -0.102412 4.14319 0.12205
vn -0.573559 0 0.819164
vn -0.573559 0 0.819164
vn -0.573559 0 0.819164
vt 0.042456 0.248742
vt 0.009166 0.248742
vt 0.009166 0.177046
f 211/211/211 212/212/212 213/213/213
v 0.098022 4.2521 -0.243066
v 0.098022 4.2499 -0.243066
v 0.054492 4.16897 -0.149716
vn -0.906307 0 -0.42262
vn -0.906307 0 -0.42262
vn -0.906307 0 -0.42262
vt 0.846914 0.394993
vt 0.846914 0.392062
vt 0.983515 0.284147
f 214/214/214 215/215/215 216/216/216
v 0.131359 4.27789 -0.22752
v 0.118595 4.27789 -0.233472
v 0.075065 4.19696 -0.140123
vn -0.261106 0.786316 0.559938
vn -0.261106 0.786316 0.559938
vn -0.261106 0.786316 0.559938
vt 0.434529 0.977588
vt 0.415852 0.985525
vt 0.352153 0.86105
f 217/217/217 218/218/218 219/219/219
v -0.054492 4.19696 0.149716
v -0.079662 4.19696 0.137979
v -0.079662 4.14319 0.137979
vn -0.422619 0 0.906307
vn -0.422619 0 0.906307
vn -0.422619 0 0.906307
vt 0.079288 0.248742
vt 0.042456 0.248742
vt 0.042456 0.177046
f 220/220/220 221/221/221 222/222/222
v -0.131359 4.22412 -0.22752
v -0.118595 4.22412 -0.233472
v -0.075065 4.14319 -0.140123
vn -0.261109 -0.786311 -0.559944
vn -0.261109 -0.786311 -0.559944
vn -0.261109 -0.786311 -0.559944
vt 0.534704 0.475818
vt 0.553382 0.467882
vt 0.617081 0.592357
f 223/223/223 224/224/224 225/225/225
v -0.118595 4.27789 -0.233472
v -0.131359 4.27789 -0.22752
v -0.079662 4.19696 -0.137979
vn 0.261105 0.786317 0.559937
vn 0.261105 0.786317 0.559937
vn 0.261105 0.786317 0.559937
vt 0.068765 0.985525
vt 0.050087 0.977588
vt 0.125737 0.858192
f 226/226/226 227/227/227 228/228/228
v -0.027666 4.19696 0.156904
v -0.054492 4.19696 0.149716
v -0.054492 4.14319 0.149716
vn -0.258819 0 0.965926
vn -0.258819 0 0.965926
vn -0.258819 0 0.965926
vt 0.118543 0.248742
vt 0.079288 0.248742
vt 0.079288 0.177046
f 229/229/229 230/230/230 231/231/231
v -0.098022 4.2499 -0.243066
v -0.098022 4.2521 -0.243066
v -0.054492 4.17117 -0.149716
vn 0.906307 0 -0.42262
vn 0.906307 0 -0.42262
vn 0.906307 0 -0.42262
vt 0.990834 0.219652
vt 0.990834 0.222583
vt 0.854233 0.11467
f 232/232/232 233/233/233 234/234/234
v -0.142895 4.22412 -0.219442
v -0.131359 4.22412 -0.22752
v -0.079662 4.14319 -0.137979
vn -0.354385 -0.786311 -0.506089
vn -0.354385 -0.786311 -0.506089
vn -0.354385 -0.786311 -0.506089
vt 0.517823 0.48659
vt 0.534704 0.475818
vt 0.610354 0.595215
f 235/235/235 236/236/236 237/237/237
v 0 4.19696 0.159324
v -0.027666 4.19696 0.156904
v -0.027666 4.14319 0.156904
vn -0.0871395 0 0.996196
vn -0.0871395 0 0.996196
vn -0.0871395 0 0.996196
vt 0.159028 0.248742
vt 0.118543 0.248742
vt 0.118543 0.177046
f 238/238/238 239/239/239 240/240/240
v -0.16149 4.2521 -0.206422
v -0.16149 4.2499 -0.206422
v -0.102412 4.16897 -0.12205
vn -0.819152 0 0.573577
vn -0.819152 0 0.573577
vn -0.819152 0 0.573577
vt 0.336621 0.241979
vt 0.336621 0.239048
vt 0.460085 0.131134
f 241/241/241 242/242/242 243/243/243
v -0.131359 4.27789 -0.22752
v -0.142895 4.27789 -0.219442
v -0.083817 4.19696 -0.13507
vn 0.354382 0.786315 0.506084
vn 0.354382 0.786315 0.506084
vn 0.354382 0.786315 0.506084
vt 0.050087 0.977588
vt 0.033206 0.966817
vt 0.119657 0.854312
f 244/244/244 245/245/245 246/246/246
v 0.106915 4.19696 -0.115689
v 0.10114 4.19696 -0.120534
v 0.159324 4.19696 0
vn -0 1 0
vn -0 1 0
vn -0 1 0
vt 0.398759 0.828469
vt 0.390309 0.83493
vt 0.475451 0.674206
f 247/247/247 248/248/248 249/249/249
v 0.156904 4.19696 0.027666
v 0.159324 4.19696 0
v 0.10114 4.19696 -0.120534
vn 0 1 -0
vn 0 1 -0
vn 0 1 -0
vt 0.47191 0.637315
vt 0.475451 0.674206
vt 0.390309 0.83493
f 250/250/250 251/251/251 252/252/252
v 0.137979 4.19696 0.079662
v 0.149716 4.19696 0.054492
v 0.10114 4.19696 -0.120534
vn 0 1 -0
vn 0 1 -0
vn 0 1 -0
vt 0.444217 0.567982
vt 0.461392 0.601545
vt 0.390309 0.83493
f 253/253/253 254/254/254 255/255/255
v 0.102412 4.19696 0.12205
v 0.12205 4.19696 0.102412
v 0.10114 4.19696 -0.120534
vn 0 1 -0
vn 0 1 -0
vn 0 1 -0
vt 0.392171 0.511461
vt 0.420907 0.537647
vt 0.390309 0.83493
f 256/256/256 257/257/257 258/258/258
v 0.054492 4.19696 0.149716
v 0.079662 4.19696 0.137979
v 0.10114 4.19696 -0.120534
vn 0 1 0
vn 0 1 0
vn 0 1 0
vt 0.322048 0.47457
vt 0.35888 0.490221
vt 0.390309 0.83493
f 259/259/259 260/260/260 261/261/261
v 0 4.19696 0.159324
v 0.027666 4.19696 0.156904
v 0.10114 4.19696 -0.120534
vn 0 1 0
vn 0 1 0
vn 0 1 0
vt 0.242308 0.461759
vt 0.282793 0.464986
vt 0.390309 0.83493
f 262/262/262 263/263/263 264/264/264
v 0 4.19696 0.159324
v 0.10114 4.19696 -0.120534
v -0.10114 4.19696 -0.120534
vn 0 1 -0
vn 0 1 -0
vn 0 1 -0
vt 0.242308 0.461759
vt 0.390309 0.83493
vt 0.094307 0.83493
f 265/265/265 266/266/266 267/267/267
v 0.112689 4.19696 -0.110844
v 0.106915 4.19696 -0.115689
v 0.137979 4.19696 -0.079662
vn -0 1 0
vn -0 1 0
vn -0 1 0
vt 0.407209 0.822009
vt 0.398759 0.828469
vt 0.444217 0.78043
f 268/268/268 269/269/269 270/270/270
v 0.149716 4.19696 -0.054492
v 0.137979 4.19696 -0.079662
v 0.106915 4.19696 -0.115689
vn 0 1 0
vn 0 1 0
vn 0 1 0
vt 0.461392 0.746867
vt 0.444217 0.78043
vt 0.398759 0.828469
f 271/271/271 272/272/272 273/273/273
v 0.12205 4.19696 -0.102412
v 0.118463 4.19696 -0.105999
v 0.112689 4.19696 -0.110844
vn 0 1 0
vn 0 1 0
vn 0 1 0
vt 0.420907 0.810765
vt 0.415659 0.815548
vt 0.407209 0.822009
f 274/274/274 275/275/275 276/276/276
v -0.054492 4.19696 0.149716
v -0.027666 4.19696 0.156904
v -0.10114 4.19696 -0.120534
vn 0 1 -0
vn 0 1 -0
vn 0 1 -0
vt 0.162569 0.47457
vt 0.201824 0.464986
vt 0.094307 0.83493
f 277/277/277 278/278/278 279/279/279
v -0.102412 4.19696 0.12205
v -0.079662 4.19696 0.137979
v -0.10114 4.19696 -0.120534
vn 0 1 -0
vn 0 1 -0
vn 0 1 -0
vt 0.092446 0.511461
vt 0.125737 0.490221
vt 0.094307 0.83493
f 280/280/280 281/281/281 282/282/282
v -0.137979 4.19696 0.079662
v -0.12205 4.19696 0.102412
v -0.10114 4.19696 -0.120534
vn 0 1 0
vn 0 1 0
vn 0 1 0
vt 0.0404 0.567982
vt 0.06371 0.537647
vt 0.094307 0.83493
f 283/283/283 284/284/284 285/285/285
v -0.156904 4.19696 0.027666
v -0.149716 4.19696 0.054492
v -0.10114 4.19696 -0.120534
vn 0 1 0
vn 0 1 0
vn 0 1 0
vt 0.012707 0.637315
vt 0.023225 0.601545
vt 0.094307 0.83493
f 286/286/286 287/287/287 288/288/288
v -0.106915 4.19696 -0.115689
v -0.156904 4.19696 -0.027666
v -0.159324 4.19696 0
vn 0 1 0
vn 0 1 0
vn 0 1 0
vt 0.085858 0.828469
vt 0.012707 0.711097
vt 0.009166 0.674206
f 289/289/289 290/290/290 291/291/291
v -0.149716 4.19696 -0.054492
v -0.156904 4.19696 -0.027666
v -0.106915 4.19696 -0.115689
vn 0 1 0
vn 0 1 0
vn 0 1 0
vt 0.023225 0.746867
vt 0.012707 0.711097
vt 0.085858 0.828469
f 292/292/292 293/293/293 294/294/294
v -0.112689 4.19696 -0.110844
v -0.12205 4.19696 -0.102412
v -0.137979 4.19696 -0.079662
vn 0 1 0
vn 0 1 0
vn 0 1 0
vt 0.077408 0.822009
vt 0.06371 0.810765
vt 0.0404 0.78043
f 295/295/295 296/296/296 297/297/297
v -0.112689 4.19696 -0.110844
v -0.118463 4.19696 -0.105999
v -0.12205 4.19696 -0.102412
vn 0 1 0
vn 0 1 0
vn 0 1 0
vt 0.077408 0.822009
vt 0.068958 0.815548
vt 0.06371 0.810765
f 298/298/298 299/299/299 300/300/300
v -0.060899 4.19696 -0.145279
v -0.095366 4.19696 -0.125379
v -0.10114 4.19696 -0.120534
vn 0 1 0
vn 0 1 0
vn 0 1 0
vt 0.153194 0.867925
vt 0.102757 0.841391
vt 0.094307 0.83493
f 301/301/301 302/302/302 303/303/303
v -0.067982 4.19696 -0.142701
v -0.089591 4.19696 -0.130225
v -0.095366 4.19696 -0.125379
vn 0 1 0
vn 0 1 0
vn 0 1 0
vt 0.142829 0.864488
vt 0.111207 0.847852
vt 0.102757 0.841391
f 304/304/304 305/305/305 306/306/306
v -0.075065 4.19696 -0.140123
v -0.083817 4.19696 -0.13507
v -0.089591 4.19696 -0.130225
vn 0 1 0
vn 0 1 0
vn 0 1 0
vt 0.132464 0.86105
vt 0.119657 0.854312
vt 0.111207 0.847852
f 307/307/307 308/308/308 309/309/309
v -0.075065 4.19696 -0.140123
v -0.079662 4.19696 -0.137979
v -0.083817 4.19696 -0.13507
vn 0 1 0
vn 0 1 0
vn 0 1 0
vt 0.132464 0.86105
vt 0.125737 0.858192
vt 0.119657 0.854312
f 310/310/310 311/311/311 312/312/312
v -0.046732 4.19696 -0.150435
v -0.053815 4.19696 -0.147857
v 0.053815 4.19696 -0.147857
vn 0 1 0
vn 0 1 0
vn 0 1 0
vt 0.173924 0.874801
vt 0.163559 0.871363
vt 0.321058 0.871363
f 313/313/313 314/314/314 315/315/315
v -0.039649 4.19696 -0.153013
v -0.046732 4.19696 -0.150435
v 0 4.19696 -0.159324
vn 0 1 0
vn 0 1 0
vn 0 1 0
vt 0.184289 0.878238
vt 0.173924 0.874801
vt 0.242308 0.886654
f 316/316/316 317/317/317 318/318/318
v 0 4.19696 -0.159324
v -0.046732 4.19696 -0.150435
v 0.046732 4.19696 -0.150435
vn 0 1 0
vn 0 1 0
vn 0 1 0
vt 0.242308 0.886654
vt 0.173924 0.874801
vt 0.310693 0.874801
f 319/319/319 320/320/320 321/321/321
v -0.027666 4.19696 -0.156904
v -0.032565 4.19696 -0.155591
v -0.039649 4.19696 -0.153013
vn 0 1 0
vn 0 1 0
vn 0 1 0
vt 0.201824 0.883427
vt 0.194655 0.881676
vt 0.184289 0.878238
f 322/322/322 323/323/323 324/324/324
v 0.027666 4.19696 -0.156904
v 0 4.19696 -0.159324
v 0.039649 4.19696 -0.153013
vn -0 1 0
vn -0 1 0
vn -0 1 0
vt 0.282793 0.883427
vt 0.242308 0.886654
vt 0.300328 0.878238
f 325/325/325 326/326/326 327/327/327
v 0.067982 4.19696 -0.142701
v 0.060899 4.19696 -0.145279
v 0.095366 4.19696 -0.125379
vn -0 1 0
vn -0 1 0
vn -0 1 0
vt 0.341788 0.864488
vt 0.331423 0.867925
vt 0.38186 0.841391
f 328/328/328 329/329/329 330/330/330
v 0.075065 4.19696 -0.140123
v 0.067982 4.19696 -0.142701
v 0.089591 4.19696 -0.130225
vn -0 1 0
vn -0 1 0
vn -0 1 0
vt 0.352153 0.86105
vt 0.341788 0.864488
vt 0.37341 0.847852
f 331/331/331 332/332/332 333/333/333
v 0.083817 4.19696 -0.13507
v 0.079662 4.19696 -0.137979
v 0.075065 4.19696 -0.140123
vn 0 1 0
vn 0 1 0
vn 0 1 0
vt 0.36496 0.854312
vt 0.35888 0.858192
vt 0.352153 0.86105
f 334/334/334 335/335/335 336/336/336
v 0.110438 4.15608 -0.114024
v 0.110438 4.18406 -0.114024
v 0.113113 4.18836 -0.111349
vn 0.707106 0 -0.707108
vn 0.707106 0 -0.707108
vn 0.707106 0 -0.707108
vt 0.561846 0.174825
vt 0.561846 0.212139
vt 0.557931 0.21787
f 337/337/337 338/338/338 339/339/339
v 0.105087 4.16468 -0.119375
v 0.105087 4.17547 -0.119375
v 0.107762 4.17977 -0.1167
vn 0.707106 0 -0.707108
vn 0.707106 0 -0.707108
vn 0.707106 0 -0.707108
vt 0.569675 0.186286
vt 0.569675 0.200679
vt 0.565761 0.206409
f 340/340/340 341/341/341 342/342/342
v 0.102412 4.16897 -0.12205
v 0.102412 4.17117 -0.12205
v 0.105087 4.17547 -0.119375
vn 0.707108 0 -0.707106
vn 0.707108 0 -0.707106
vn 0.707108 0 -0.707106
vt 0.57359 0.192016
vt 0.57359 0.194949
vt 0.569675 0.200679
f 343/343/343 344/344/344 345/345/345
v 0.113113 4.15178 -0.111349
v 0.113113 4.18836 -0.111349
v 0.12205 4.19696 -0.102412
vn 0.707107 0 -0.707107
vn 0.707107 0 -0.707107
vn 0.707107 0 -0.707107
vt 0.557931 0.169095
vt 0.557931 0.21787
vt 0.544853 0.22933
f 346/346/346 347/347/347 348/348/348
v 0.12205 4.14319 -0.102412
v 0.115788 4.14749 -0.108674
v 0.113113 4.15178 -0.111349
vn 0.707105 -3.05394e-006 -0.707108
vn 0.707105 -3.05394e-006 -0.707108
vn 0.707105 -3.05394e-006 -0.707108
vt 0.544853 0.157634
vt 0.554017 0.163365
vt 0.557931 0.169095
f 349/349/349 350/350/350 351/351/351
v 0.12205 4.14319 -0.102412
v 0.118463 4.14319 -0.105999
v 0.115788 4.14749 -0.108674
vn 0.707107 1.22598e-006 -0.707107
vn 0.707107 1.22598e-006 -0.707107
vn 0.707107 1.22598e-006 -0.707107
vt 0.544853 0.157634
vt 0.550102 0.157634
vt 0.554017 0.163365
f 352/352/352 353/353/353 354/354/354
v 0.115788 4.19266 -0.108674
v 0.118463 4.19696 -0.105999
v 0.12205 4.19696 -0.102412
vn 0.707107 -1.22598e-006 -0.707107
vn 0.707107 -1.22598e-006 -0.707107
vn 0.707107 -1.22598e-006 -0.707107
vt 0.554017 0.2236
vt 0.550102 0.22933
vt 0.544853 0.22933
f 355/355/355 356/356/356 357/357/357
v 0.113113 4.18836 -0.111349
v 0.115788 4.19266 -0.108674
v 0.12205 4.19696 -0.102412
vn 0.707105 3.05394e-006 -0.707108
vn 0.707105 3.05394e-006 -0.707108
vn 0.707105 3.05394e-006 -0.707108
vt 0.557931 0.21787
vt 0.554017 0.2236
vt 0.544853 0.22933
f 358/358/358 359/359/359 360/360/360
v 0.156629 4.23167 -0.209826
v 0.152316 4.22684 -0.212846
v 0.142895 4.22412 -0.219442
vn 0.573524 7.2306e-005 -0.819189
vn 0.573524 7.2306e-005 -0.819189
vn 0.573524 7.2306e-005 -0.819189
vt 0.016279 0.383423
vt 0.02259 0.376987
vt 0.036376 0.37336
f 361/361/361 362/362/362 363/363/363
v 0.161168 4.24483 -0.206648
v 0.159738 4.23836 -0.207649
v 0.142895 4.22412 -0.219442
vn 0.573577 -3.69563e-005 -0.819151
vn 0.573577 -3.69563e-005 -0.819151
vn 0.573577 -3.69563e-005 -0.819151
vt 0.009637 0.40098
vt 0.011729 0.392352
vt 0.036376 0.37336
f 364/364/364 365/365/365 366/366/366
v 0.16149 4.2499 -0.206422
v 0.142895 4.22412 -0.219442
v 0.142895 4.27789 -0.219442
vn 0.573566 0 -0.81916
vn 0.573566 0 -0.81916
vn 0.573566 0 -0.81916
vt 0.009166 0.407742
vt 0.036376 0.37336
vt 0.036376 0.445055
f 367/367/367 368/368/368 369/369/369
v 0.131359 4.27789 -0.22752
v 0.142895 4.27789 -0.219442
v 0.142895 4.22412 -0.219442
vn 0.573596 0 -0.819138
vn 0.573596 0 -0.819138
vn 0.573596 0 -0.819138
vt 0.053257 0.445055
vt 0.036376 0.445055
vt 0.036376 0.37336
f 370/370/370 371/371/371 372/372/372
v 0.161168 4.25717 -0.206648
v 0.16149 4.2521 -0.206422
v 0.142895 4.27789 -0.219442
vn 0.573476 -9.67045e-005 -0.819223
vn 0.573476 -9.67045e-005 -0.819223
vn 0.573476 -9.67045e-005 -0.819223
vt 0.009637 0.417436
vt 0.009166 0.410673
vt 0.036376 0.445055
f 373/373/373 374/374/374 375/375/375
v 0.156629 4.27034 -0.209826
v 0.159738 4.26364 -0.207649
v 0.142895 4.27789 -0.219442
vn 0.57354 -2.96599e-005 -0.819178
vn 0.57354 -2.96599e-005 -0.819178
vn 0.57354 -2.96599e-005 -0.819178
vt 0.016279 0.434992
vt 0.011729 0.426063
vt 0.036376 0.445055
f 376/376/376 377/377/377 378/378/378
v 0.142895 4.27789 -0.219442
v 0.148149 4.27739 -0.215764
v 0.152316 4.27517 -0.212846
vn 0.573455 -0.000425632 -0.819237
vn 0.573455 -0.000425632 -0.819237
vn 0.573455 -0.000425632 -0.819237
vt 0.036376 0.445055
vt 0.028688 0.444388
vt 0.02259 0.441428
f 379/379/379 380/380/380 381/381/381
v 0.108748 4.27501 -0.238064
v 0.11362 4.27736 -0.235792
v 0.118595 4.27789 -0.233472
vn 0.422633 2.41831e-005 -0.906301
vn 0.422633 2.41831e-005 -0.906301
vn 0.422633 2.41831e-005 -0.906301
vt 0.086344 0.441222
vt 0.079214 0.44435
vt 0.071935 0.445055
f 382/382/382 383/383/383 384/384/384
v 0.103705 4.26991 -0.240416
v 0.108748 4.27501 -0.238064
v 0.118595 4.27789 -0.233472
vn 0.422622 6.78463e-005 -0.906306
vn 0.422622 6.78463e-005 -0.906306
vn 0.422622 6.78463e-005 -0.906306
vt 0.093723 0.434421
vt 0.086344 0.441222
vt 0.071935 0.445055
f 385/385/385 386/386/386 387/387/387
v 0.098399 4.256 -0.24289
v 0.100071 4.26284 -0.242111
v 0.118595 4.27789 -0.233472
vn 0.422747 -0.000126316 -0.906248
vn 0.422747 -0.000126316 -0.906248
vn 0.422747 -0.000126316 -0.906248
vt 0.101489 0.415868
vt 0.099042 0.424985
vt 0.071935 0.445055
f 388/388/388 389/389/389 390/390/390
v 0.098022 4.2499 -0.243066
v 0.098022 4.2521 -0.243066
v 0.118595 4.27789 -0.233472
vn 0.422642 0 -0.906297
vn 0.422642 0 -0.906297
vn 0.422642 0 -0.906297
vt 0.10204 0.407742
vt 0.10204 0.410673
vt 0.071935 0.445055
f 391/391/391 392/392/392 393/393/393
v 0.098399 4.24601 -0.24289
v 0.098022 4.2499 -0.243066
v 0.118595 4.22412 -0.233472
vn 0.42259 -4.97825e-005 -0.906321
vn 0.42259 -4.97825e-005 -0.906321
vn 0.42259 -4.97825e-005 -0.906321
vt 0.101489 0.402547
vt 0.10204 0.407742
vt 0.071935 0.37336
f 394/394/394 395/395/395 396/396/396
v 0.103705 4.23209 -0.240416
v 0.100071 4.23917 -0.242111
v 0.118595 4.22412 -0.233472
vn 0.422632 -4.68298e-005 -0.906302
vn 0.422632 -4.68298e-005 -0.906302
vn 0.422632 -4.68298e-005 -0.906302
vt 0.093723 0.383994
vt 0.099042 0.39343
vt 0.071935 0.37336
f 397/397/397 398/398/398 399/399/399
v 0.118595 4.22412 -0.233472
v 0.11362 4.22465 -0.235792
v 0.108748 4.22699 -0.238064
vn 0.422633 -2.41831e-005 -0.906301
vn 0.422633 -2.41831e-005 -0.906301
vn 0.422633 -2.41831e-005 -0.906301
vt 0.071935 0.37336
vt 0.079214 0.374065
vt 0.086344 0.377193
f 400/400/400 401/401/401 402/402/402
v 0.027666 4.19696 -0.156904
v 0.03622 4.19266 -0.154612
v 0.039874 4.18836 -0.153633
vn 0.258826 2.38571e-005 -0.965924
vn 0.258826 2.38571e-005 -0.965924
vn 0.258826 2.38571e-005 -0.965924
vt 0.204994 0.337142
vt 0.192477 0.331411
vt 0.187129 0.325681
f 403/403/403 404/404/404 405/405/405
v 0.027666 4.19696 -0.156904
v 0.039874 4.18836 -0.153633
v 0.039874 4.15178 -0.153633
vn 0.25881 0 -0.965928
vn 0.25881 0 -0.965928
vn 0.25881 0 -0.965928
vt 0.204994 0.337142
vt 0.187129 0.325681
vt 0.187129 0.276906
f 406/406/406 407/407/407 408/408/408
v 0.027666 4.19696 -0.156904
v 0.032565 4.19696 -0.155591
v 0.03622 4.19266 -0.154612
vn 0.258877 0.000134704 -0.96591
vn 0.258877 0.000134704 -0.96591
vn 0.258877 0.000134704 -0.96591
vt 0.204994 0.337142
vt 0.197824 0.337142
vt 0.192477 0.331411
f 409/409/409 410/410/410 411/411/411
v 0.03622 4.14749 -0.154612
v 0.032565 4.14319 -0.155591
v 0.027666 4.14319 -0.156904
vn 0.258877 -0.000134704 -0.96591
vn 0.258877 -0.000134704 -0.96591
vn 0.258877 -0.000134704 -0.96591
vt 0.192477 0.271176
vt 0.197824 0.265446
vt 0.204994 0.265446
f 412/412/412 413/413/413 414/414/414
v 0.039874 4.15178 -0.153633
v 0.03622 4.14749 -0.154612
v 0.027666 4.14319 -0.156904
vn 0.258826 -2.38571e-005 -0.965924
vn 0.258826 -2.38571e-005 -0.965924
vn 0.258826 -2.38571e-005 -0.965924
vt 0.187129 0.276906
vt 0.192477 0.271176
vt 0.204994 0.265446
f 415/415/415 416/416/416 417/417/417
v 0.047183 4.16038 -0.151674
v 0.043529 4.15608 -0.152654
v 0.043529 4.18406 -0.152654
vn 0.259046 0 -0.965865
vn 0.259046 0 -0.965865
vn 0.259046 0 -0.965865
vt 0.176434 0.288367
vt 0.181781 0.282637
vt 0.181781 0.319951
f 418/418/418 419/419/419 420/420/420
v 0.050838 4.16468 -0.150695
v 0.047183 4.16038 -0.151674
v 0.047183 4.17977 -0.151674
vn 0.258733 0 -0.965949
vn 0.258733 0 -0.965949
vn 0.258733 0 -0.965949
vt 0.171086 0.294097
vt 0.176434 0.288367
vt 0.176434 0.31422
f 421/421/421 422/422/422 423/423/423
v 0.054492 4.16897 -0.149716
v 0.050838 4.16468 -0.150695
v 0.050838 4.17547 -0.150695
vn 0.258796 0 -0.965932
vn 0.258796 0 -0.965932
vn 0.258796 0 -0.965932
vt 0.165738 0.299827
vt 0.171086 0.294097
vt 0.171086 0.30849
f 424/424/424 425/425/425 426/426/426
v -0.03622 4.14749 -0.154612
v -0.039874 4.15178 -0.153633
v -0.027666 4.14319 -0.156904
vn -0.258826 -2.38571e-005 -0.965924
vn -0.258826 -2.38571e-005 -0.965924
vn -0.258826 -2.38571e-005 -0.965924
vt 0.29848 0.271176
vt 0.303827 0.276906
vt 0.285962 0.265446
f 427/427/427 428/428/428 429/429/429
v -0.032565 4.14319 -0.155591
v -0.03622 4.14749 -0.154612
v -0.027666 4.14319 -0.156904
vn -0.258877 -0.000134704 -0.96591
vn -0.258877 -0.000134704 -0.96591
vn -0.258877 -0.000134704 -0.96591
vt 0.293132 0.265446
vt 0.29848 0.271176
vt 0.285962 0.265446
f 430/430/430 431/431/431 432/432/432
v -0.03622 4.19266 -0.154612
v -0.032565 4.19696 -0.155591
v -0.027666 4.19696 -0.156904
vn -0.258877 0.000134704 -0.96591
vn -0.258877 0.000134704 -0.96591
vn -0.258877 0.000134704 -0.96591
vt 0.29848 0.331411
vt 0.293132 0.337142
vt 0.285962 0.337142
f 433/433/433 434/434/434 435/435/435
v -0.039874 4.18836 -0.153633
v -0.03622 4.19266 -0.154612
v -0.027666 4.19696 -0.156904
vn -0.258826 2.38571e-005 -0.965924
vn -0.258826 2.38571e-005 -0.965924
vn -0.258826 2.38571e-005 -0.965924
vt 0.303827 0.325681
vt 0.29848 0.331411
vt 0.285962 0.337142
f 436/436/436 437/437/437 438/438/438
v -0.043529 4.15608 -0.152654
v -0.043529 4.18406 -0.152654
v -0.039874 4.18836 -0.153633
vn -0.258729 -0 -0.96595
vn -0.258729 -0 -0.96595
vn -0.258729 -0 -0.96595
vt 0.309175 0.282637
vt 0.309175 0.319951
vt 0.303827 0.325681
f 439/439/439 440/440/440 441/441/441
v -0.047183 4.16038 -0.151674
v -0.047183 4.17977 -0.151674
v -0.043529 4.18406 -0.152654
vn -0.259046 -0 -0.965865
vn -0.259046 -0 -0.965865
vn -0.259046 -0 -0.965865
vt 0.314522 0.288367
vt 0.314522 0.31422
vt 0.309175 0.319951
f 442/442/442 443/443/443 444/444/444
v -0.050838 4.16468 -0.150695
v -0.050838 4.17547 -0.150695
v -0.047183 4.17977 -0.151674
vn -0.258733 -0 -0.965949
vn -0.258733 -0 -0.965949
vn -0.258733 -0 -0.965949
vt 0.31987 0.294097
vt 0.31987 0.30849
vt 0.314522 0.31422
f 445/445/445 446/446/446 447/447/447
v -0.054492 4.16897 -0.149716
v -0.054492 4.17117 -0.149716
v -0.050838 4.17547 -0.150695
vn -0.258796 -0 -0.965932
vn -0.258796 -0 -0.965932
vn -0.258796 -0 -0.965932
vt 0.325218 0.299827
vt 0.325218 0.30276
vt 0.31987 0.30849
f 448/448/448 449/449/449 450/450/450
v -0.103705 4.23209 -0.240416
v -0.108748 4.22699 -0.238064
v -0.118595 4.22412 -0.233472
vn -0.422622 -6.78553e-005 -0.906306
vn -0.422622 -6.78553e-005 -0.906306
vn -0.422622 -6.78553e-005 -0.906306
vt 0.397233 0.383994
vt 0.404612 0.377193
vt 0.419021 0.37336
f 451/451/451 452/452/452 453/453/453
v -0.098399 4.24601 -0.24289
v -0.100071 4.23917 -0.242111
v -0.118595 4.22412 -0.233472
vn -0.422747 0.000126316 -0.906248
vn -0.422747 0.000126316 -0.906248
vn -0.422747 0.000126316 -0.906248
vt 0.389468 0.402547
vt 0.391914 0.39343
vt 0.419021 0.37336
f 454/454/454 455/455/455 456/456/456
v -0.098022 4.2499 -0.243066
v -0.118595 4.22412 -0.233472
v -0.118595 4.27789 -0.233472
vn -0.422642 -0 -0.906297
vn -0.422642 -0 -0.906297
vn -0.422642 -0 -0.906297
vt 0.388916 0.407742
vt 0.419021 0.37336
vt 0.419021 0.445055
f 457/457/457 458/458/458 459/459/459
v -0.118595 4.27789 -0.233472
v -0.118595 4.22412 -0.233472
v -0.131359 4.22412 -0.22752
vn -0.422621 0 -0.906306
vn -0.422621 0 -0.906306
vn -0.422621 0 -0.906306
vt 0.419021 0.445055
vt 0.419021 0.37336
vt 0.437699 0.37336
f 460/460/460 461/461/461 462/462/462
v -0.098399 4.256 -0.24289
v -0.098022 4.2521 -0.243066
v -0.118595 4.27789 -0.233472
vn -0.42259 4.97825e-005 -0.906321
vn -0.42259 4.97825e-005 -0.906321
vn -0.42259 4.97825e-005 -0.906321
vt 0.389468 0.415868
vt 0.388916 0.410673
vt 0.419021 0.445055
f 463/463/463 464/464/464 465/465/465
v -0.103705 4.26991 -0.240416
v -0.100071 4.26284 -0.242111
v -0.118595 4.27789 -0.233472
vn -0.422632 4.68352e-005 -0.906302
vn -0.422632 4.68352e-005 -0.906302
vn -0.422632 4.68352e-005 -0.906302
vt 0.397233 0.434421
vt 0.391914 0.424985
vt 0.419021 0.445055
f 466/466/466 467/467/467 468/468/468
v -0.118595 4.27789 -0.233472
v -0.11362 4.27736 -0.235792
v -0.108748 4.27501 -0.238064
vn -0.422633 2.41831e-005 -0.906301
vn -0.422633 2.41831e-005 -0.906301
vn -0.422633 2.41831e-005 -0.906301
vt 0.419021 0.445055
vt 0.411742 0.44435
vt 0.404612 0.441222
f 469/469/469 470/470/470 471/471/471
v -0.142895 4.27789 -0.219442
v -0.142895 4.22412 -0.219442
v -0.16149 4.2499 -0.206422
vn -0.573566 0 -0.81916
vn -0.573566 0 -0.81916
vn -0.573566 0 -0.81916
vt 0.45458 0.445055
vt 0.45458 0.37336
vt 0.481791 0.407742
f 472/472/472 473/473/473 474/474/474
v -0.161168 4.24483 -0.206648
v -0.16149 4.2499 -0.206422
v -0.142895 4.22412 -0.219442
vn -0.573476 9.67045e-005 -0.819223
vn -0.573476 9.67045e-005 -0.819223
vn -0.573476 9.67045e-005 -0.819223
vt 0.481319 0.40098
vt 0.481791 0.407742
vt 0.45458 0.37336
f 475/475/475 476/476/476 477/477/477
v -0.156629 4.23167 -0.209826
v -0.159738 4.23836 -0.207649
v -0.142895 4.22412 -0.219442
vn -0.57354 2.96628e-005 -0.819178
vn -0.57354 2.96628e-005 -0.819178
vn -0.57354 2.96628e-005 -0.819178
vt 0.474677 0.383423
vt 0.479227 0.392352
vt 0.45458 0.37336
f 478/478/478 479/479/479 480/480/480
v -0.148149 4.22462 -0.215764
v -0.152316 4.22684 -0.212846
v -0.142895 4.22412 -0.219442
vn -0.573455 0.000425632 -0.819237
vn -0.573455 0.000425632 -0.819237
vn -0.573455 0.000425632 -0.819237
vt 0.462268 0.374027
vt 0.468366 0.376987
vt 0.45458 0.37336
f 481/481/481 482/482/482 483/483/483
v -0.152316 4.27517 -0.212846
v -0.148149 4.27739 -0.215764
v -0.142895 4.27789 -0.219442
vn -0.573455 -0.000425632 -0.819237
vn -0.573455 -0.000425632 -0.819237
vn -0.573455 -0.000425632 -0.819237
vt 0.468366 0.441428
vt 0.462268 0.444388
vt 0.45458 0.445055
f 484/484/484 485/485/485 486/486/486
v -0.156629 4.27034 -0.209826
v -0.152316 4.27517 -0.212846
v -0.142895 4.27789 -0.219442
vn -0.573524 -7.2306e-005 -0.819189
vn -0.573524 -7.2306e-005 -0.819189
vn -0.573524 -7.2306e-005 -0.819189
vt 0.474677 0.434992
vt 0.468366 0.441428
vt 0.45458 0.445055
f 487/487/487 488/488/488 489/489/489
v -0.161168 4.25717 -0.206648
v -0.159738 4.26364 -0.207649
v -0.142895 4.27789 -0.219442
vn -0.573577 3.69599e-005 -0.819151
vn -0.573577 3.69599e-005 -0.819151
vn -0.573577 3.69599e-005 -0.819151
vt 0.481319 0.417436
vt 0.479227 0.426063
vt 0.45458 0.445055
f 490/490/490 491/491/491 492/492/492
v -0.12205 4.14319 -0.102412
v -0.113113 4.15178 -0.111349
v -0.115788 4.14749 -0.108674
vn -0.707105 -3.05394e-006 -0.707108
vn -0.707105 -3.05394e-006 -0.707108
vn -0.707105 -3.05394e-006 -0.707108
vt 0.526522 0.157634
vt 0.513444 0.169095
vt 0.517359 0.163365
f 493/493/493 494/494/494 495/495/495
v -0.110438 4.15608 -0.114024
v -0.113113 4.15178 -0.111349
v -0.113113 4.18836 -0.111349
vn -0.707106 -0 -0.707108
vn -0.707106 -0 -0.707108
vn -0.707106 -0 -0.707108
vt 0.50953 0.174825
vt 0.513444 0.169095
vt 0.513444 0.21787
f 496/496/496 497/497/497 498/498/498
v -0.12205 4.19696 -0.102412
v -0.113113 4.18836 -0.111349
v -0.113113 4.15178 -0.111349
vn -0.707107 0 -0.707107
vn -0.707107 0 -0.707107
vn -0.707107 0 -0.707107
vt 0.526522 0.22933
vt 0.513444 0.21787
vt 0.513444 0.169095
f 499/499/499 500/500/500 501/501/501
v -0.107762 4.16038 -0.1167
v -0.110438 4.15608 -0.114024
v -0.110438 4.18406 -0.114024
vn -0.707108 -0 -0.707106
vn -0.707108 -0 -0.707106
vn -0.707108 -0 -0.707106
vt 0.505615 0.180556
vt 0.50953 0.174825
vt 0.50953 0.212139
f 502/502/502 503/503/503 504/504/504
v -0.105087 4.16468 -0.119375
v -0.107762 4.16038 -0.1167
v -0.107762 4.17977 -0.1167
vn -0.707106 -0 -0.707108
vn -0.707106 -0 -0.707108
vn -0.707106 -0 -0.707108
vt 0.5017 0.186286
vt 0.505615 0.180556
vt 0.505615 0.206409
f 505/505/505 506/506/506 507/507/507
v -0.102412 4.16897 -0.12205
v -0.105087 4.16468 -0.119375
v -0.105087 4.17547 -0.119375
vn -0.707108 -0 -0.707106
vn -0.707108 -0 -0.707106
vn -0.707108 -0 -0.707106
vt 0.497785 0.192016
vt 0.5017 0.186286
vt 0.5017 0.200679
f 508/508/508 509/509/509 510/510/510
v -0.12205 4.19696 -0.102412
v -0.115788 4.19266 -0.108674
v -0.113113 4.18836 -0.111349
vn -0.707105 3.05394e-006 -0.707108
vn -0.707105 3.05394e-006 -0.707108
vn -0.707105 3.05394e-006 -0.707108
vt 0.526522 0.22933
vt 0.517359 0.2236
vt 0.513444 0.21787
f 511/511/511 512/512/512 513/513/513
v -0.12205 4.19696 -0.102412
v -0.118463 4.19696 -0.105999
v -0.115788 4.19266 -0.108674
vn -0.707107 -1.22598e-006 -0.707107
vn -0.707107 -1.22598e-006 -0.707107
vn -0.707107 -1.22598e-006 -0.707107
vt 0.526522 0.22933
vt 0.521274 0.22933
vt 0.517359 0.2236
f 514/514/514 515/515/515 516/516/516
v -0.10209 4.1639 -0.122276
v -0.161168 4.24483 -0.206648
v -0.159738 4.23836 -0.207649
vn -0.889821 -0.255185 0.378285
vn -0.889821 -0.255185 0.378285
vn -0.889821 -0.255185 0.378285
vt 0.459755 0.124371
vt 0.336291 0.232286
vt 0.334826 0.223659
f 517/517/517 518/518/518 519/519/519
v -0.102412 4.16897 -0.12205
v -0.16149 4.2499 -0.206422
v -0.161168 4.24483 -0.206648
vn -0.849985 -0.0771955 0.52112
vn -0.849985 -0.0771955 0.52112
vn -0.849985 -0.0771955 0.52112
vt 0.460085 0.131134
vt 0.336621 0.239048
vt 0.336291 0.232286
f 520/520/520 521/521/521 522/522/522
v -0.10066 4.15743 -0.123277
v -0.159738 4.23836 -0.207649
v -0.156629 4.23167 -0.209826
vn -0.87172 -0.459816 0.16933
vn -0.87172 -0.459816 0.16933
vn -0.87172 -0.459816 0.16933
vt 0.45829 0.115744
vt 0.334826 0.223659
vt 0.33164 0.214729
f 523/523/523 524/524/524 525/525/525
v -0.08907 4.14369 -0.131391
v -0.148149 4.22462 -0.215764
v -0.142895 4.22412 -0.219442
vn -0.403745 -0.784848 -0.470111
vn -0.403745 -0.784848 -0.470111
vn -0.403745 -0.784848 -0.470111
vt 0.596586 0.603999
vt 0.510136 0.491495
vt 0.517823 0.48659
f 526/526/526 527/527/527 528/528/528
v -0.093238 4.14591 -0.128474
v -0.152316 4.22684 -0.212846
v -0.148149 4.22462 -0.215764
vn -0.601086 -0.743731 -0.292506
vn -0.601086 -0.743731 -0.292506
vn -0.601086 -0.743731 -0.292506
vt 0.590488 0.60789
vt 0.504038 0.495385
vt 0.510136 0.491495
f 529/529/529 530/530/530 531/531/531
v -0.097551 4.15074 -0.125454
v -0.156629 4.23167 -0.209826
v -0.152316 4.22684 -0.212846
vn -0.766484 -0.637853 -0.0751348
vn -0.766484 -0.637853 -0.0751348
vn -0.766484 -0.637853 -0.0751348
vt 0.455104 0.106815
vt 0.33164 0.214729
vt 0.327221 0.208294
f 532/532/532 533/533/533 534/534/534
v -0.08907 4.19646 -0.131391
v -0.148149 4.27739 -0.215764
v -0.152316 4.27517 -0.212846
vn 0.0693123 0.743747 0.664858
vn 0.0693123 0.743747 0.664858
vn 0.0693123 0.743747 0.664858
vt 0.111969 0.849407
vt 0.025519 0.961912
vt 0.019421 0.958021
f 535/535/535 536/536/536 537/537/537
v -0.10209 4.17624 -0.122276
v -0.161168 4.25717 -0.206648
v -0.16149 4.2521 -0.206422
vn -0.780399 0.0772059 0.620497
vn -0.780399 0.0772059 0.620497
vn -0.780399 0.0772059 0.620497
vt 0.459755 0.140829
vt 0.336291 0.248742
vt 0.336621 0.241979
f 538/538/538 539/539/539 540/540/540
v -0.097551 4.18941 -0.125454
v -0.156629 4.27034 -0.209826
v -0.159738 4.26364 -0.207649
vn -0.45729 0.459797 0.761231
vn -0.45729 0.459797 0.761231
vn -0.45729 0.459797 0.761231
vt 0.822271 0.114981
vt 0.735821 0.222895
vt 0.731271 0.213965
f 541/541/541 542/542/542 543/543/543
v -0.093238 4.19424 -0.128474
v -0.152316 4.27517 -0.212846
v -0.156629 4.27034 -0.209826
vn -0.191553 0.637857 0.745953
vn -0.191553 0.637857 0.745953
vn -0.191553 0.637857 0.745953
vt 0.828583 0.121417
vt 0.742132 0.22933
vt 0.735821 0.222895
f 544/544/544 545/545/545 546/546/546
v -0.083817 4.19696 -0.13507
v -0.142895 4.27789 -0.219442
v -0.148149 4.27739 -0.215764
vn 0.303553 0.78484 0.54026
vn 0.303553 0.78484 0.54026
vn 0.303553 0.78484 0.54026
vt 0.119657 0.854312
vt 0.033206 0.966817
vt 0.025519 0.961912
f 547/547/547 548/548/548 549/549/549
v -0.10066 4.18271 -0.123277
v -0.159738 4.26364 -0.207649
v -0.161168 4.25717 -0.206648
vn -0.659807 0.255189 0.706777
vn -0.659807 0.255189 0.706777
vn -0.659807 0.255189 0.706777
vt 0.817722 0.106052
vt 0.731271 0.213965
vt 0.729179 0.205338
f 550/550/550 551/551/551 552/552/552
v 0.159738 4.23836 -0.207649
v 0.10066 4.15743 -0.123277
v 0.097551 4.15074 -0.125454
vn 0.871727 -0.459794 0.169355
vn 0.871727 -0.459794 0.169355
vn 0.871727 -0.459794 0.169355
vt 0.898017 0.484177
vt 0.841938 0.594134
vt 0.83319 0.587052
f 553/553/553 554/554/554 555/555/555
v 0.161168 4.24483 -0.206648
v 0.10209 4.1639 -0.122276
v 0.10066 4.15743 -0.123277
vn 0.889823 -0.255203 0.378269
vn 0.889823 -0.255203 0.378269
vn 0.889823 -0.255203 0.378269
vt 0.908799 0.488296
vt 0.849925 0.597408
vt 0.841938 0.594134
f 556/556/556 557/557/557 558/558/558
v 0.16149 4.2499 -0.206422
v 0.102412 4.16897 -0.12205
v 0.10209 4.1639 -0.122276
vn 0.849985 -0.0771947 0.521121
vn 0.849985 -0.0771947 0.521121
vn 0.849985 -0.0771947 0.521121
vt 0.91765 0.489997
vt 0.855973 0.598316
vt 0.849925 0.597408
f 559/559/559 560/560/560 561/561/561
v 0.156629 4.23167 -0.209826
v 0.097551 4.15074 -0.125454
v 0.093238 4.14591 -0.128474
vn 0.766484 -0.637854 -0.0751355
vn 0.766484 -0.637854 -0.0751355
vn 0.766484 -0.637854 -0.0751355
vt 0.887714 0.476609
vt 0.83319 0.587052
vt 0.826221 0.577618
f 562/562/562 563/563/563 564/564/564
v 0.152316 4.22684 -0.212846
v 0.093238 4.14591 -0.128474
v 0.08907 4.14369 -0.131391
vn 0.600933 -0.74379 -0.29267
vn 0.600933 -0.74379 -0.29267
vn 0.600933 -0.74379 -0.29267
vt 0.949813 0.495385
vt 0.863363 0.60789
vt 0.857264 0.603999
f 565/565/565 566/566/566 567/567/567
v 0.148149 4.22462 -0.215764
v 0.08907 4.14369 -0.131391
v 0.083817 4.14319 -0.13507
vn 0.403899 -0.784838 -0.469994
vn 0.403899 -0.784838 -0.469994
vn 0.403899 -0.784838 -0.469994
vt 0.943715 0.491495
vt 0.857264 0.603999
vt 0.849577 0.599094
f 568/568/568 569/569/569 570/570/570
v 0.093238 4.19424 -0.128474
v 0.152316 4.27517 -0.212846
v 0.148149 4.27739 -0.215764
vn -0.0693142 0.743746 0.664859
vn -0.0693142 0.743746 0.664859
vn -0.0693142 0.743746 0.664859
vt 0.378746 0.845517
vt 0.465196 0.958021
vt 0.459098 0.961912
f 571/571/571 572/572/572 573/573/573
v 0.097551 4.18941 -0.125454
v 0.156629 4.27034 -0.209826
v 0.152316 4.27517 -0.212846
vn 0.191553 0.637857 0.745953
vn 0.191553 0.637857 0.745953
vn 0.191553 0.637857 0.745953
vt 0.617756 0.114981
vt 0.704206 0.222895
vt 0.697895 0.22933
f 574/574/574 575/575/575 576/576/576
v 0.102412 4.17117 -0.12205
v 0.16149 4.2521 -0.206422
v 0.161168 4.25717 -0.206648
vn 0.780399 0.0772059 0.620497
vn 0.780399 0.0772059 0.620497
vn 0.780399 0.0772059 0.620497
vt 0.858562 0.598399
vt 0.921592 0.490457
vt 0.930901 0.490937
f 577/577/577 578/578/578 579/579/579
v 0.08907 4.19646 -0.131391
v 0.148149 4.27739 -0.215764
v 0.142895 4.27789 -0.219442
vn -0.303552 0.784842 0.540258
vn -0.303552 0.784842 0.540258
vn -0.303552 0.784842 0.540258
vt 0.372648 0.849407
vt 0.459098 0.961912
vt 0.451411 0.966817
f 580/580/580 581/581/581 582/582/582
v 0.10066 4.18271 -0.123277
v 0.159738 4.26364 -0.207649
v 0.156629 4.27034 -0.209826
vn 0.45729 0.459797 0.761231
vn 0.45729 0.459797 0.761231
vn 0.45729 0.459797 0.761231
vt 0.622305 0.106052
vt 0.708756 0.213965
vt 0.704206 0.222895
f 583/583/583 584/584/584 585/585/585
v 0.10209 4.17624 -0.122276
v 0.161168 4.25717 -0.206648
v 0.159738 4.26364 -0.207649
vn 0.659806 0.255189 0.706778
vn 0.659806 0.255189 0.706778
vn 0.659806 0.255189 0.706778
vt 0.624398 0.097425
vt 0.710848 0.205338
vt 0.708756 0.213965
f 586/586/586 587/587/587 588/588/588
v 0.054869 4.16508 -0.14954
v 0.098399 4.24601 -0.24289
v 0.100071 4.23917 -0.242111
vn -0.772522 -0.255177 -0.58146
vn -0.772522 -0.255177 -0.58146
vn -0.772522 -0.255177 -0.58146
vt 0.983772 0.278952
vt 0.847171 0.386866
vt 0.848312 0.37775
f 589/589/589 590/590/590 591/591/591
v 0.065218 4.14606 -0.144714
v 0.108748 4.22699 -0.238064
v 0.11362 4.22465 -0.235792
vn -0.0471853 -0.743745 -0.666796
vn -0.0471853 -0.743745 -0.666796
vn -0.0471853 -0.743745 -0.666796
vt 0.822361 0.586234
vt 0.886059 0.461759
vt 0.893189 0.464788
f 592/592/592 593/593/593 594/594/594
v 0.060175 4.15116 -0.147066
v 0.103705 4.23209 -0.240416
v 0.108748 4.22699 -0.238064
vn -0.318017 -0.637939 -0.701355
vn -0.318017 -0.637939 -0.701355
vn -0.318017 -0.637939 -0.701355
vt 0.157422 0.27608
vt 0.093723 0.383994
vt 0.086344 0.377193
f 595/595/595 596/596/596 597/597/597
v 0.056541 4.15824 -0.148761
v 0.100071 4.23917 -0.242111
v 0.103705 4.23209 -0.240416
vn -0.582598 -0.459736 -0.670241
vn -0.582598 -0.459736 -0.670241
vn -0.582598 -0.459736 -0.670241
vt 0.162741 0.285516
vt 0.099042 0.39343
vt 0.093723 0.383994
f 598/598/598 599/599/599 600/600/600
v 0.054492 4.16897 -0.149716
v 0.098022 4.2499 -0.243066
v 0.098399 4.24601 -0.24289
vn -0.862925 -0.105817 -0.494129
vn -0.862925 -0.105817 -0.494129
vn -0.862925 -0.105817 -0.494129
vt 0.983515 0.284147
vt 0.846914 0.392062
vt 0.847171 0.386866
f 601/601/601 602/602/602 603/603/603
v 0.070091 4.14372 -0.142442
v 0.11362 4.22465 -0.235792
v 0.118595 4.22412 -0.233472
vn 0.191915 -0.784067 -0.590261
vn 0.191915 -0.784067 -0.590261
vn 0.191915 -0.784067 -0.590261
vt 0.829491 0.589264
vt 0.893189 0.464788
vt 0.900469 0.467882
f 604/604/604 605/605/605 606/606/606
v 0.054869 4.17507 -0.14954
v 0.098399 4.256 -0.24289
v 0.098022 4.2521 -0.243066
vn -0.933199 0.105809 -0.343429
vn -0.933199 0.105809 -0.343429
vn -0.933199 0.105809 -0.343429
vt 0.983772 0.292275
vt 0.847171 0.400188
vt 0.846914 0.394993
f 607/607/607 608/608/608 609/609/609
v 0.056541 4.18191 -0.148761
v 0.100071 4.26284 -0.242111
v 0.098399 4.256 -0.24289
vn -0.941988 0.255208 -0.218008
vn -0.941988 0.255208 -0.218008
vn -0.941988 0.255208 -0.218008
vt 0.984913 0.301391
vt 0.848312 0.409304
vt 0.847171 0.400188
f 610/610/610 611/611/611 612/612/612
v 0.070091 4.19643 -0.142442
v 0.11362 4.27736 -0.235792
v 0.108748 4.27501 -0.238064
vn -0.541148 0.743738 0.392443
vn -0.541148 0.743738 0.392443
vn -0.541148 0.743738 0.392443
vt 0.344874 0.864143
vt 0.408572 0.988618
vt 0.401442 0.991648
f 613/613/613 614/614/614 615/615/615
v 0.075065 4.19696 -0.140123
v 0.118595 4.27789 -0.233472
v 0.11362 4.27736 -0.235792
vn -0.328824 0.784069 0.526413
vn -0.328824 0.784069 0.526413
vn -0.328824 0.784069 0.526413
vt 0.352153 0.86105
vt 0.415852 0.985525
vt 0.408572 0.988618
f 616/616/616 617/617/617 618/618/618
v 0.060175 4.18898 -0.147066
v 0.103705 4.26991 -0.240416
v 0.100071 4.26284 -0.242111
vn -0.887923 0.459731 -0.0154876
vn -0.887923 0.459731 -0.0154876
vn -0.887923 0.459731 -0.0154876
vt 0.987393 0.310827
vt 0.850792 0.41874
vt 0.848312 0.409304
f 619/619/619 620/620/620 621/621/621
v 0.065218 4.19408 -0.144714
v 0.108748 4.27501 -0.238064
v 0.103705 4.26991 -0.240416
vn -0.741744 0.637895 0.207138
vn -0.741744 0.637895 0.207138
vn -0.741744 0.637895 0.207138
vt 0.990834 0.317628
vt 0.854233 0.425541
vt 0.850792 0.41874
f 622/622/622 623/623/623 624/624/624
v -0.103705 4.23209 -0.240416
v -0.060175 4.15116 -0.147066
v -0.065218 4.14606 -0.144714
vn 0.318056 -0.637919 -0.701356
vn 0.318056 -0.637919 -0.701356
vn 0.318056 -0.637919 -0.701356
vt 0.397233 0.383994
vt 0.333534 0.27608
vt 0.340914 0.269279
f 625/625/625 626/626/626 627/627/627
v -0.100071 4.23917 -0.242111
v -0.056541 4.15824 -0.148761
v -0.060175 4.15116 -0.147066
vn 0.582573 -0.459757 -0.670248
vn 0.582573 -0.459757 -0.670248
vn 0.582573 -0.459757 -0.670248
vt 0.391914 0.39343
vt 0.328215 0.285516
vt 0.333534 0.27608
f 628/628/628 629/629/629 630/630/630
v -0.11362 4.22465 -0.235792
v -0.070091 4.14372 -0.142442
v -0.075065 4.14319 -0.140123
vn -0.19185 -0.784063 -0.590288
vn -0.19185 -0.784063 -0.590288
vn -0.19185 -0.784063 -0.590288
vt 0.560662 0.464788
vt 0.62436 0.589264
vt 0.617081 0.592357
f 631/631/631 632/632/632 633/633/633
v -0.108748 4.22699 -0.238064
v -0.065218 4.14606 -0.144714
v -0.070091 4.14372 -0.142442
vn 0.0471792 -0.743747 -0.666795
vn 0.0471792 -0.743747 -0.666795
vn 0.0471792 -0.743747 -0.666795
vt 0.567791 0.461759
vt 0.63149 0.586234
vt 0.62436 0.589264
f 634/634/634 635/635/635 636/636/636
v -0.098399 4.24601 -0.24289
v -0.054869 4.16508 -0.14954
v -0.056541 4.15824 -0.148761
vn 0.772533 -0.255161 -0.581451
vn 0.772533 -0.255161 -0.581451
vn 0.772533 -0.255161 -0.581451
vt 0.990577 0.214456
vt 0.853976 0.106542
vt 0.852835 0.097425
f 637/637/637 638/638/638 639/639/639
v -0.098022 4.2499 -0.243066
v -0.054492 4.16897 -0.149716
v -0.054869 4.16508 -0.14954
vn 0.862919 -0.10583 -0.494137
vn 0.862919 -0.10583 -0.494137
vn 0.862919 -0.10583 -0.494137
vt 0.990834 0.219652
vt 0.854233 0.111737
vt 0.853976 0.106542
f 640/640/640 641/641/641 642/642/642
v -0.054492 4.17117 -0.149716
v -0.098022 4.2521 -0.243066
v -0.098399 4.256 -0.24289
vn 0.933199 0.105809 -0.343429
vn 0.933199 0.105809 -0.343429
vn 0.933199 0.105809 -0.343429
vt 0.854233 0.11467
vt 0.990834 0.222583
vt 0.990577 0.227778
f 643/643/643 644/644/644 645/645/645
v -0.070091 4.19643 -0.142442
v -0.11362 4.27736 -0.235792
v -0.118595 4.27789 -0.233472
vn 0.328824 0.784068 0.526414
vn 0.328824 0.784068 0.526414
vn 0.328824 0.784068 0.526414
vt 0.139743 0.864143
vt 0.076045 0.988618
vt 0.068765 0.985525
f 646/646/646 647/647/647 648/648/648
v -0.060175 4.18898 -0.147066
v -0.103705 4.26991 -0.240416
v -0.108748 4.27501 -0.238064
vn 0.741744 0.637896 0.207135
vn 0.741744 0.637896 0.207135
vn 0.741744 0.637896 0.207135
vt 0.850355 0.138417
vt 0.986956 0.24633
vt 0.983515 0.253131
f 649/649/649 650/650/650 651/651/651
v -0.056541 4.18191 -0.148761
v -0.100071 4.26284 -0.242111
v -0.103705 4.26991 -0.240416
vn 0.887923 0.459731 -0.0154876
vn 0.887923 0.459731 -0.0154876
vn 0.887923 0.459731 -0.0154876
vt 0.852835 0.128981
vt 0.989437 0.236894
vt 0.986956 0.24633
f 652/652/652 653/653/653 654/654/654
v -0.054869 4.17507 -0.14954
v -0.098399 4.256 -0.24289
v -0.100071 4.26284 -0.242111
vn 0.941988 0.255208 -0.218007
vn 0.941988 0.255208 -0.218007
vn 0.941988 0.255208 -0.218007
vt 0.853976 0.119865
vt 0.990577 0.227778
vt 0.989437 0.236894
f 655/655/655 656/656/656 657/657/657
v -0.065218 4.19408 -0.144714
v -0.108748 4.27501 -0.238064
v -0.11362 4.27736 -0.235792
vn 0.541148 0.743741 0.39244
vn 0.541148 0.743741 0.39244
vn 0.541148 0.743741 0.39244
vt 0.146873 0.867173
vt 0.083175 0.991648
vt 0.076045 0.988618
f 658/658/658 659/659/659 660/660/660
v 0.113113 4.15178 -0.111349
v 0.112689 4.14319 -0.110844
v 0.106915 4.14319 -0.115689
vn 0.640907 -0.0764935 -0.763798
vn 0.640907 -0.0764935 -0.763798
vn 0.640907 -0.0764935 -0.763798
vt 0.557931 0.169095
vt 0.558552 0.157634
vt 0.567001 0.157634
f 661/661/661 662/662/662 663/663/663
v 0.115788 4.14749 -0.108674
v 0.118463 4.14319 -0.105999
v 0.112689 4.14319 -0.110844
vn 0.640907 -0.0764965 -0.763797
vn 0.640907 -0.0764965 -0.763797
vn 0.640907 -0.0764965 -0.763797
vt 0.554017 0.163365
vt 0.550102 0.157634
vt 0.558552 0.157634
f 664/664/664 665/665/665 666/666/666
v 0.113113 4.15178 -0.111349
v 0.115788 4.14749 -0.108674
v 0.112689 4.14319 -0.110844
vn 0.640905 -0.0764935 -0.7638
vn 0.640905 -0.0764935 -0.7638
vn 0.640905 -0.0764935 -0.7638
vt 0.557931 0.169095
vt 0.554017 0.163365
vt 0.558552 0.157634
f 667/667/667 668/668/668 669/669/669
v 0.106915 4.14319 -0.115689
v 0.10114 4.14319 -0.120534
v 0.10066 4.15743 -0.123277
vn 0.637693 -0.124892 -0.760098
vn 0.637693 -0.124892 -0.760098
vn 0.637693 -0.124892 -0.760098
vt 0.567001 0.157634
vt 0.575451 0.157634
vt 0.576154 0.176627
f 670/670/670 671/671/671 672/672/672
v 0.107762 4.16038 -0.1167
v 0.110438 4.15608 -0.114024
v 0.10066 4.15743 -0.123277
vn 0.685152 -0.0266265 -0.727913
vn 0.685152 -0.0266265 -0.727913
vn 0.685152 -0.0266265 -0.727913
vt 0.565761 0.180556
vt 0.561846 0.174825
vt 0.576154 0.176627
f 673/673/673 674/674/674 675/675/675
v 0.102412 4.16897 -0.12205
v 0.105087 4.16468 -0.119375
v 0.107762 4.16038 -0.1167
vn 0.72445 0.0220847 -0.688974
vn 0.72445 0.0220847 -0.688974
vn 0.72445 0.0220847 -0.688974
vt 0.57359 0.192016
vt 0.569675 0.186286
vt 0.565761 0.180556
f 676/676/676 677/677/677 678/678/678
v 0.106915 4.19696 -0.115689
v 0.112689 4.19696 -0.110844
v 0.113113 4.18836 -0.111349
vn 0.640907 0.0764935 -0.763798
vn 0.640907 0.0764935 -0.763798
vn 0.640907 0.0764935 -0.763798
vt 0.567001 0.22933
vt 0.558552 0.22933
vt 0.557931 0.21787
f 679/679/679 680/680/680 681/681/681
v 0.093238 4.14591 -0.128474
v 0.097551 4.15074 -0.125454
v 0.095366 4.14319 -0.125379
vn 0.708448 -0.211802 -0.673232
vn 0.708448 -0.211802 -0.673232
vn 0.708448 -0.211802 -0.673232
vt 0.018565 0.011979
vt 0.014146 0.018415
vt 0.014038 0.008352
f 682/682/682 683/683/683 684/684/684
v 0.10114 4.14319 -0.120534
v 0.095366 4.14319 -0.125379
v 0.097551 4.15074 -0.125454
vn 0.631059 -0.19018 -0.752061
vn 0.631059 -0.19018 -0.752061
vn 0.631059 -0.19018 -0.752061
vt 0.575451 0.157634
vt 0.583901 0.157634
vt 0.580703 0.167698
f 685/685/685 686/686/686 687/687/687
v 0.089591 4.14319 -0.130225
v 0.08907 4.14369 -0.131391
v 0.093238 4.14591 -0.128474
vn 0.656181 -0.541539 -0.525512
vn 0.656181 -0.541539 -0.525512
vn 0.656181 -0.541539 -0.525512
vt 0.021128 0.008352
vt 0.022835 0.009019
vt 0.018565 0.011979
f 688/688/688 689/689/689 690/690/690
v 0.089591 4.14319 -0.130225
v 0.083817 4.14319 -0.13507
v 0.08907 4.14369 -0.131391
vn 0.428922 -0.744805 -0.511166
vn 0.428922 -0.744805 -0.511166
vn 0.428922 -0.744805 -0.511166
vt 0.858027 0.605555
vt 0.849577 0.599094
vt 0.857264 0.603999
f 691/691/691 692/692/692 693/693/693
v 0.089591 4.19696 -0.130225
v 0.095366 4.19696 -0.125379
v 0.093238 4.19424 -0.128474
vn 0.603104 0.345986 -0.718721
vn 0.603104 0.345986 -0.718721
vn 0.603104 0.345986 -0.718721
vt 0.592351 0.22933
vt 0.583901 0.22933
vt 0.587015 0.225703
f 694/694/694 695/695/695 696/696/696
v 0.097551 4.18941 -0.125454
v 0.093238 4.19424 -0.128474
v 0.095366 4.19696 -0.125379
vn 0.708448 0.211802 -0.673232
vn 0.708448 0.211802 -0.673232
vn 0.708448 0.211802 -0.673232
vt 0.580703 0.219267
vt 0.587015 0.225703
vt 0.583901 0.22933
f 697/697/697 698/698/698 699/699/699
v 0.10066 4.18271 -0.123277
v 0.10114 4.19696 -0.120534
v 0.106915 4.19696 -0.115689
vn 0.637693 0.124892 -0.760098
vn 0.637693 0.124892 -0.760098
vn 0.637693 0.124892 -0.760098
vt 0.576154 0.210338
vt 0.575451 0.22933
vt 0.567001 0.22933
f 700/700/700 701/701/701 702/702/702
v 0.097551 4.18941 -0.125454
v 0.095366 4.19696 -0.125379
v 0.10114 4.19696 -0.120534
vn 0.631059 0.19018 -0.752061
vn 0.631059 0.19018 -0.752061
vn 0.631059 0.19018 -0.752061
vt 0.580703 0.219267
vt 0.583901 0.22933
vt 0.575451 0.22933
f 703/703/703 704/704/704 705/705/705
v 0.105087 4.17547 -0.119375
v 0.102412 4.17117 -0.12205
v 0.10209 4.17624 -0.122276
vn 0.697093 0.0123161 -0.716874
vn 0.697093 0.0123161 -0.716874
vn 0.697093 0.0123161 -0.716874
vt 0.569675 0.200679
vt 0.57359 0.194949
vt 0.574062 0.201711
f 706/706/706 707/707/707 708/708/708
v 0.112689 4.19696 -0.110844
v 0.118463 4.19696 -0.105999
v 0.115788 4.19266 -0.108674
vn 0.640907 0.0764965 -0.763797
vn 0.640907 0.0764965 -0.763797
vn 0.640907 0.0764965 -0.763797
vt 0.558552 0.22933
vt 0.550102 0.22933
vt 0.554017 0.2236
f 709/709/709 710/710/710 711/711/711
v 0.08907 4.19646 -0.131391
v 0.083817 4.19696 -0.13507
v 0.089591 4.19696 -0.130225
vn 0.428922 0.744805 -0.511166
vn 0.428922 0.744805 -0.511166
vn 0.428922 0.744805 -0.511166
vt 0.372648 0.849407
vt 0.36496 0.854312
vt 0.37341 0.847852
f 712/712/712 713/713/713 714/714/714
v 0.107762 4.17977 -0.1167
v 0.10209 4.17624 -0.122276
v 0.10066 4.18271 -0.123277
vn 0.687784 0.0398726 -0.72482
vn 0.687784 0.0398726 -0.72482
vn 0.687784 0.0398726 -0.72482
vt 0.565761 0.206409
vt 0.574062 0.201711
vt 0.576154 0.210338
f 715/715/715 716/716/716 717/717/717
v 0.112689 4.19696 -0.110844
v 0.115788 4.19266 -0.108674
v 0.113113 4.18836 -0.111349
vn 0.640905 0.0764935 -0.7638
vn 0.640905 0.0764935 -0.7638
vn 0.640905 0.0764935 -0.7638
vt 0.558552 0.22933
vt 0.554017 0.2236
vt 0.557931 0.21787
f 718/718/718 719/719/719 720/720/720
v 0.039649 4.14319 -0.153013
v 0.03622 4.14749 -0.154612
v 0.039874 4.15178 -0.153633
vn 0.341023 -0.0765124 -0.936936
vn 0.341023 -0.0765124 -0.936936
vn 0.341023 -0.0765124 -0.936936
vt 0.187459 0.265446
vt 0.192477 0.271176
vt 0.187129 0.276906
f 721/721/721 722/722/722 723/723/723
v 0.039649 4.14319 -0.153013
v 0.032565 4.14319 -0.155591
v 0.03622 4.14749 -0.154612
vn 0.340973 -0.0765577 -0.936951
vn 0.340973 -0.0765577 -0.936951
vn 0.340973 -0.0765577 -0.936951
vt 0.187459 0.265446
vt 0.197824 0.265446
vt 0.192477 0.271176
f 724/724/724 725/725/725 726/726/726
v 0.065218 4.14606 -0.144714
v 0.070091 4.14372 -0.142442
v 0.067982 4.14319 -0.142701
vn 0.212683 -0.414949 -0.884637
vn 0.212683 -0.414949 -0.884637
vn 0.212683 -0.414949 -0.884637
vt 0.150042 0.269279
vt 0.142913 0.266151
vt 0.145998 0.265446
f 727/727/727 728/728/728 729/729/729
v 0.060899 4.14319 -0.145279
v 0.060175 4.15116 -0.147066
v 0.065218 4.14606 -0.144714
vn 0.25062 -0.189952 -0.949267
vn 0.25062 -0.189952 -0.949267
vn 0.25062 -0.189952 -0.949267
vt 0.156364 0.265446
vt 0.157422 0.27608
vt 0.150042 0.269279
f 730/730/730 731/731/731 732/732/732
v 0.053815 4.14319 -0.147857
v 0.056541 4.15824 -0.148761
v 0.060175 4.15116 -0.147066
vn 0.248823 -0.102912 -0.963066
vn 0.248823 -0.102912 -0.963066
vn 0.248823 -0.102912 -0.963066
vt 0.166729 0.265446
vt 0.162741 0.285516
vt 0.157422 0.27608
f 733/733/733 734/734/734 735/735/735
v 0.050838 4.16468 -0.150695
v 0.054492 4.16897 -0.149716
v 0.054869 4.16508 -0.14954
vn 0.276931 -0.0166042 -0.960746
vn 0.276931 -0.0166042 -0.960746
vn 0.276931 -0.0166042 -0.960746
vt 0.171086 0.294097
vt 0.165738 0.299827
vt 0.165187 0.294632
f 736/736/736 737/737/737 738/738/738
v 0.050838 4.16468 -0.150695
v 0.054869 4.16508 -0.14954
v 0.056541 4.15824 -0.148761
vn 0.278986 -0.0410865 -0.959416
vn 0.278986 -0.0410865 -0.959416
vn 0.278986 -0.0410865 -0.959416
vt 0.171086 0.294097
vt 0.165187 0.294632
vt 0.162741 0.285516
f 739/739/739 740/740/740 741/741/741
v 0.043529 4.15608 -0.152654
v 0.047183 4.16038 -0.151674
v 0.056541 4.15824 -0.148761
vn 0.290971 -0.0293291 -0.956282
vn 0.290971 -0.0293291 -0.956282
vn 0.290971 -0.0293291 -0.956282
vt 0.181781 0.282637
vt 0.176434 0.288367
vt 0.162741 0.285516
f 742/742/742 743/743/743 744/744/744
v 0.043529 4.15608 -0.152654
v 0.056541 4.15824 -0.148761
v 0.053815 4.14319 -0.147857
vn 0.30178 -0.111528 -0.946832
vn 0.30178 -0.111528 -0.946832
vn 0.30178 -0.111528 -0.946832
vt 0.181781 0.282637
vt 0.162741 0.285516
vt 0.166729 0.265446
f 745/745/745 746/746/746 747/747/747
v 0.070091 4.14372 -0.142442
v 0.075065 4.14319 -0.140123
v 0.067982 4.14319 -0.142701
vn 0.253741 -0.670523 -0.697147
vn 0.253741 -0.670523 -0.697147
vn 0.253741 -0.670523 -0.697147
vt 0.142913 0.266151
vt 0.135633 0.265446
vt 0.145998 0.265446
f 748/748/748 749/749/749 750/750/750
v 0.039874 4.15178 -0.153633
v 0.043529 4.15608 -0.152654
v 0.046732 4.14319 -0.150435
vn 0.34097 -0.0765556 -0.936952
vn 0.34097 -0.0765556 -0.936952
vn 0.34097 -0.0765556 -0.936952
vt 0.187129 0.276906
vt 0.181781 0.282637
vt 0.177094 0.265446
f 751/751/751 752/752/752 753/753/753
v 0.03622 4.19266 -0.154612
v 0.032565 4.19696 -0.155591
v 0.039649 4.19696 -0.153013
vn 0.340973 0.0765577 -0.936951
vn 0.340973 0.0765577 -0.936951
vn 0.340973 0.0765577 -0.936951
vt 0.192477 0.331411
vt 0.197824 0.337142
vt 0.187459 0.337142
f 754/754/754 755/755/755 756/756/756
v 0.039874 4.18836 -0.153633
v 0.03622 4.19266 -0.154612
v 0.039649 4.19696 -0.153013
vn 0.341023 0.0765124 -0.936936
vn 0.341023 0.0765124 -0.936936
vn 0.341023 0.0765124 -0.936936
vt 0.187129 0.325681
vt 0.192477 0.331411
vt 0.187459 0.337142
f 757/757/757 758/758/758 759/759/759
v 0.039874 4.18836 -0.153633
v 0.039649 4.19696 -0.153013
v 0.046732 4.19696 -0.150435
vn 0.341018 0.0765124 -0.936938
vn 0.341018 0.0765124 -0.936938
vn 0.341018 0.0765124 -0.936938
vt 0.187129 0.325681
vt 0.187459 0.337142
vt 0.177094 0.337142
f 760/760/760 761/761/761 762/762/762
v 0.067982 4.19696 -0.142701
v 0.075065 4.19696 -0.140123
v 0.070091 4.19643 -0.142442
vn 0.253844 0.67019 -0.69743
vn 0.253844 0.67019 -0.69743
vn 0.253844 0.67019 -0.69743
vt 0.145998 0.337142
vt 0.135633 0.337142
vt 0.142913 0.336437
f 763/763/763 764/764/764 765/765/765
v -0.039874 4.15178 -0.153633
v -0.03622 4.14749 -0.154612
v -0.039649 4.14319 -0.153013
vn -0.341023 -0.0765124 -0.936936
vn -0.341023 -0.0765124 -0.936936
vn -0.341023 -0.0765124 -0.936936
vt 0.303827 0.276906
vt 0.29848 0.271176
vt 0.303497 0.265446
f 766/766/766 767/767/767 768/768/768
v 0.056541 4.18191 -0.148761
v 0.047183 4.17977 -0.151674
v 0.043529 4.18406 -0.152654
vn 0.290971 0.0293291 -0.956282
vn 0.290971 0.0293291 -0.956282
vn 0.290971 0.0293291 -0.956282
vt 0.162741 0.317072
vt 0.176434 0.31422
vt 0.181781 0.319951
f 769/769/769 770/770/770 771/771/771
v 0.053815 4.19696 -0.147857
v 0.056541 4.18191 -0.148761
v 0.043529 4.18406 -0.152654
vn 0.30178 0.111528 -0.946832
vn 0.30178 0.111528 -0.946832
vn 0.30178 0.111528 -0.946832
vt 0.166729 0.337142
vt 0.162741 0.317072
vt 0.181781 0.319951
f 772/772/772 773/773/773 774/774/774
v 0.050838 4.17547 -0.150695
v 0.047183 4.17977 -0.151674
v 0.056541 4.18191 -0.148761
vn 0.290918 0.0295749 -0.956291
vn 0.290918 0.0295749 -0.956291
vn 0.290918 0.0295749 -0.956291
vt 0.171086 0.30849
vt 0.176434 0.31422
vt 0.162741 0.317072
f 775/775/775 776/776/776 777/777/777
v -0.039874 4.15178 -0.153633
v -0.039649 4.14319 -0.153013
v -0.046732 4.14319 -0.150435
vn -0.341018 -0.0765124 -0.936938
vn -0.341018 -0.0765124 -0.936938
vn -0.341018 -0.0765124 -0.936938
vt 0.303827 0.276906
vt 0.303497 0.265446
vt 0.313862 0.265446
f 778/778/778 779/779/779 780/780/780
v 0.060175 4.18898 -0.147066
v 0.056541 4.18191 -0.148761
v 0.053815 4.19696 -0.147857
vn 0.248823 0.102912 -0.963066
vn 0.248823 0.102912 -0.963066
vn 0.248823 0.102912 -0.963066
vt 0.157422 0.326508
vt 0.162741 0.317072
vt 0.166729 0.337142
f 781/781/781 782/782/782 783/783/783
v 0.060899 4.19696 -0.145279
v 0.065218 4.19408 -0.144714
v 0.060175 4.18898 -0.147066
vn 0.250638 0.189949 -0.949263
vn 0.250638 0.189949 -0.949263
vn 0.250638 0.189949 -0.949263
vt 0.156364 0.337142
vt 0.150042 0.333309
vt 0.157422 0.326508
f 784/784/784 785/785/785 786/786/786
v 0.067982 4.19696 -0.142701
v 0.070091 4.19643 -0.142442
v 0.065218 4.19408 -0.144714
vn 0.212753 0.414837 -0.884673
vn 0.212753 0.414837 -0.884673
vn 0.212753 0.414837 -0.884673
vt 0.145998 0.337142
vt 0.142913 0.336437
vt 0.150042 0.333309
f 787/787/787 788/788/788 789/789/789
v 0.054869 4.17507 -0.14954
v 0.054492 4.17117 -0.149716
v 0.050838 4.17547 -0.150695
vn 0.276931 0.0166042 -0.960746
vn 0.276931 0.0166042 -0.960746
vn 0.276931 0.0166042 -0.960746
vt 0.165187 0.307955
vt 0.165738 0.30276
vt 0.171086 0.30849
f 790/790/790 791/791/791 792/792/792
v -0.056541 4.15824 -0.148761
v -0.047183 4.16038 -0.151674
v -0.043529 4.15608 -0.152654
vn -0.290971 -0.0293291 -0.956282
vn -0.290971 -0.0293291 -0.956282
vn -0.290971 -0.0293291 -0.956282
vt 0.328215 0.285516
vt 0.314522 0.288367
vt 0.309175 0.282637
f 793/793/793 794/794/794 795/795/795
v -0.050838 4.16468 -0.150695
v -0.047183 4.16038 -0.151674
v -0.056541 4.15824 -0.148761
vn -0.290918 -0.0295749 -0.956291
vn -0.290918 -0.0295749 -0.956291
vn -0.290918 -0.0295749 -0.956291
vt 0.31987 0.294097
vt 0.314522 0.288367
vt 0.328215 0.285516
f 796/796/796 797/797/797 798/798/798
v -0.054869 4.16508 -0.14954
v -0.054492 4.16897 -0.149716
v -0.050838 4.16468 -0.150695
vn -0.276931 -0.0166042 -0.960746
vn -0.276931 -0.0166042 -0.960746
vn -0.276931 -0.0166042 -0.960746
vt 0.325769 0.294632
vt 0.325218 0.299827
vt 0.31987 0.294097
f 799/799/799 800/800/800 801/801/801
v -0.03622 4.14749 -0.154612
v -0.032565 4.14319 -0.155591
v -0.039649 4.14319 -0.153013
vn -0.340973 -0.0765577 -0.936951
vn -0.340973 -0.0765577 -0.936951
vn -0.340973 -0.0765577 -0.936951
vt 0.29848 0.271176
vt 0.293132 0.265446
vt 0.303497 0.265446
f 802/802/802 803/803/803 804/804/804
v -0.039649 4.19696 -0.153013
v -0.03622 4.19266 -0.154612
v -0.039874 4.18836 -0.153633
vn -0.341023 0.0765124 -0.936936
vn -0.341023 0.0765124 -0.936936
vn -0.341023 0.0765124 -0.936936
vt 0.303497 0.337142
vt 0.29848 0.331411
vt 0.303827 0.325681
f 805/805/805 806/806/806 807/807/807
v -0.065218 4.14606 -0.144714
v -0.060899 4.14319 -0.145279
v -0.067982 4.14319 -0.142701
vn -0.324875 -0.312648 -0.892585
vn -0.324875 -0.312648 -0.892585
vn -0.324875 -0.312648 -0.892585
vt 0.340914 0.269279
vt 0.334593 0.265446
vt 0.344958 0.265446
f 808/808/808 809/809/809 810/810/810
v -0.075065 4.14319 -0.140123
v -0.070091 4.14372 -0.142442
v -0.067982 4.14319 -0.142701
vn -0.253741 -0.670523 -0.697147
vn -0.253741 -0.670523 -0.697147
vn -0.253741 -0.670523 -0.697147
vt 0.355323 0.265446
vt 0.348043 0.266151
vt 0.344958 0.265446
f 811/811/811 812/812/812 813/813/813
v -0.043529 4.15608 -0.152654
v -0.046732 4.14319 -0.150435
v -0.053815 4.14319 -0.147857
vn -0.341017 -0.0765412 -0.936936
vn -0.341017 -0.0765412 -0.936936
vn -0.341017 -0.0765412 -0.936936
vt 0.309175 0.282637
vt 0.313862 0.265446
vt 0.324227 0.265446
f 814/814/814 815/815/815 816/816/816
v -0.039649 4.19696 -0.153013
v -0.032565 4.19696 -0.155591
v -0.03622 4.19266 -0.154612
vn -0.340973 0.0765577 -0.936951
vn -0.340973 0.0765577 -0.936951
vn -0.340973 0.0765577 -0.936951
vt 0.303497 0.337142
vt 0.293132 0.337142
vt 0.29848 0.331411
f 817/817/817 818/818/818 819/819/819
v -0.053815 4.14319 -0.147857
v -0.060899 4.14319 -0.145279
v -0.060175 4.15116 -0.147066
vn -0.336596 -0.176692 -0.924923
vn -0.336596 -0.176692 -0.924923
vn -0.336596 -0.176692 -0.924923
vt 0.324227 0.265446
vt 0.334593 0.265446
vt 0.333534 0.27608
f 820/820/820 821/821/821 822/822/822
v -0.065218 4.14606 -0.144714
v -0.060175 4.15116 -0.147066
v -0.060899 4.14319 -0.145279
vn -0.25062 -0.189952 -0.949267
vn -0.25062 -0.189952 -0.949267
vn -0.25062 -0.189952 -0.949267
vt 0.340914 0.269279
vt 0.333534 0.27608
vt 0.334593 0.265446
f 823/823/823 824/824/824 825/825/825
v -0.050838 4.17547 -0.150695
v -0.054492 4.17117 -0.149716
v -0.054869 4.17507 -0.14954
vn -0.276931 0.0166042 -0.960746
vn -0.276931 0.0166042 -0.960746
vn -0.276931 0.0166042 -0.960746
vt 0.31987 0.30849
vt 0.325218 0.30276
vt 0.325769 0.307955
f 826/826/826 827/827/827 828/828/828
v -0.039874 4.18836 -0.153633
v -0.043529 4.18406 -0.152654
v -0.046732 4.19696 -0.150435
vn -0.34097 0.0765556 -0.936952
vn -0.34097 0.0765556 -0.936952
vn -0.34097 0.0765556 -0.936952
vt 0.303827 0.325681
vt 0.309175 0.319951
vt 0.313862 0.337142
f 829/829/829 830/830/830 831/831/831
v -0.050838 4.17547 -0.150695
v -0.054869 4.17507 -0.14954
v -0.056541 4.18191 -0.148761
vn -0.278986 0.0410865 -0.959416
vn -0.278986 0.0410865 -0.959416
vn -0.278986 0.0410865 -0.959416
vt 0.31987 0.30849
vt 0.325769 0.307955
vt 0.328215 0.317072
f 832/832/832 833/833/833 834/834/834
v -0.043529 4.18406 -0.152654
v -0.047183 4.17977 -0.151674
v -0.056541 4.18191 -0.148761
vn -0.290971 0.0293291 -0.956282
vn -0.290971 0.0293291 -0.956282
vn -0.290971 0.0293291 -0.956282
vt 0.309175 0.319951
vt 0.314522 0.31422
vt 0.328215 0.317072
f 835/835/835 836/836/836 837/837/837
v -0.112689 4.14319 -0.110844
v -0.115788 4.14749 -0.108674
v -0.113113 4.15178 -0.111349
vn -0.640905 -0.0764935 -0.7638
vn -0.640905 -0.0764935 -0.7638
vn -0.640905 -0.0764935 -0.7638
vt 0.512824 0.157634
vt 0.517359 0.163365
vt 0.513444 0.169095
f 838/838/838 839/839/839 840/840/840
v -0.112689 4.14319 -0.110844
v -0.118463 4.14319 -0.105999
v -0.115788 4.14749 -0.108674
vn -0.640907 -0.0764965 -0.763797
vn -0.640907 -0.0764965 -0.763797
vn -0.640907 -0.0764965 -0.763797
vt 0.512824 0.157634
vt 0.521274 0.157634
vt 0.517359 0.163365
f 841/841/841 842/842/842 843/843/843
v -0.070091 4.19643 -0.142442
v -0.075065 4.19696 -0.140123
v -0.067982 4.19696 -0.142701
vn -0.253844 0.67019 -0.69743
vn -0.253844 0.67019 -0.69743
vn -0.253844 0.67019 -0.69743
vt 0.348043 0.336437
vt 0.355323 0.337142
vt 0.344958 0.337142
f 844/844/844 845/845/845 846/846/846
v -0.053815 4.19696 -0.147857
v -0.046732 4.19696 -0.150435
v -0.043529 4.18406 -0.152654
vn -0.341017 0.0765412 -0.936936
vn -0.341017 0.0765412 -0.936936
vn -0.341017 0.0765412 -0.936936
vt 0.324227 0.337142
vt 0.313862 0.337142
vt 0.309175 0.319951
f 847/847/847 848/848/848 849/849/849
v -0.060175 4.18898 -0.147066
v -0.060899 4.19696 -0.145279
v -0.053815 4.19696 -0.147857
vn -0.336596 0.176692 -0.924923
vn -0.336596 0.176692 -0.924923
vn -0.336596 0.176692 -0.924923
vt 0.333534 0.326508
vt 0.334593 0.337142
vt 0.324227 0.337142
f 850/850/850 851/851/851 852/852/852
v -0.067982 4.19696 -0.142701
v -0.060899 4.19696 -0.145279
v -0.065218 4.19408 -0.144714
vn -0.32488 0.312601 -0.892599
vn -0.32488 0.312601 -0.892599
vn -0.32488 0.312601 -0.892599
vt 0.344958 0.337142
vt 0.334593 0.337142
vt 0.340914 0.333309
f 853/853/853 854/854/854 855/855/855
v -0.060175 4.18898 -0.147066
v -0.065218 4.19408 -0.144714
v -0.060899 4.19696 -0.145279
vn -0.250638 0.189949 -0.949263
vn -0.250638 0.189949 -0.949263
vn -0.250638 0.189949 -0.949263
vt 0.333534 0.326508
vt 0.340914 0.333309
vt 0.334593 0.337142
f 856/856/856 857/857/857 858/858/858
v -0.10114 4.14319 -0.120534
v -0.10066 4.15743 -0.123277
v -0.097551 4.15074 -0.125454
vn -0.716425 -0.108578 -0.689163
vn -0.716425 -0.108578 -0.689163
vn -0.716425 -0.108578 -0.689163
vt 0.462303 0.096752
vt 0.45829 0.115744
vt 0.455104 0.106815
f 859/859/859 860/860/860 861/861/861
v -0.107762 4.16038 -0.1167
v -0.10209 4.1639 -0.122276
v -0.10066 4.15743 -0.123277
vn -0.687784 -0.0398758 -0.724819
vn -0.687784 -0.0398758 -0.724819
vn -0.687784 -0.0398758 -0.724819
vt 0.505615 0.180556
vt 0.497314 0.185254
vt 0.495222 0.176627
f 862/862/862 863/863/863 864/864/864
v -0.106915 4.14319 -0.115689
v -0.110438 4.15608 -0.114024
v -0.10066 4.15743 -0.123277
vn -0.677825 -0.0910038 -0.729569
vn -0.677825 -0.0910038 -0.729569
vn -0.677825 -0.0910038 -0.729569
vt 0.504374 0.157634
vt 0.50953 0.174825
vt 0.495222 0.176627
f 865/865/865 866/866/866 867/867/867
v -0.105087 4.16468 -0.119375
v -0.102412 4.16897 -0.12205
v -0.10209 4.1639 -0.122276
vn -0.697094 -0.012315 -0.716874
vn -0.697094 -0.012315 -0.716874
vn -0.697094 -0.012315 -0.716874
vt 0.5017 0.186286
vt 0.497785 0.192016
vt 0.497314 0.185254
f 868/868/868 869/869/869 870/870/870
v -0.113113 4.18836 -0.111349
v -0.115788 4.19266 -0.108674
v -0.112689 4.19696 -0.110844
vn -0.640905 0.0764935 -0.7638
vn -0.640905 0.0764935 -0.7638
vn -0.640905 0.0764935 -0.7638
vt 0.513444 0.21787
vt 0.517359 0.2236
vt 0.512824 0.22933
f 871/871/871 872/872/872 873/873/873
v -0.113113 4.15178 -0.111349
v -0.110438 4.15608 -0.114024
v -0.106915 4.14319 -0.115689
vn -0.640908 -0.0764953 -0.763796
vn -0.640908 -0.0764953 -0.763796
vn -0.640908 -0.0764953 -0.763796
vt 0.513444 0.169095
vt 0.50953 0.174825
vt 0.504374 0.157634
f 874/874/874 875/875/875 876/876/876
v -0.113113 4.18836 -0.111349
v -0.112689 4.19696 -0.110844
v -0.106915 4.19696 -0.115689
vn -0.640907 0.0764935 -0.763798
vn -0.640907 0.0764935 -0.763798
vn -0.640907 0.0764935 -0.763798
vt 0.513444 0.21787
vt 0.512824 0.22933
vt 0.504374 0.22933
f 877/877/877 878/878/878 879/879/879
v -0.102412 4.17117 -0.12205
v -0.105087 4.17547 -0.119375
v -0.107762 4.17977 -0.1167
vn -0.72445 -0.0220847 -0.688974
vn -0.72445 -0.0220847 -0.688974
vn -0.72445 -0.0220847 -0.688974
vt 0.202409 0.148881
vt 0.198494 0.154612
vt 0.194579 0.160342
f 880/880/880 881/881/881 882/882/882
v -0.095366 4.14319 -0.125379
v -0.097551 4.15074 -0.125454
v -0.093238 4.14591 -0.128474
vn -0.708448 -0.211802 -0.673232
vn -0.708448 -0.211802 -0.673232
vn -0.708448 -0.211802 -0.673232
vt 0.455213 0.096752
vt 0.455104 0.106815
vt 0.450685 0.100379
f 883/883/883 884/884/884 885/885/885
v -0.08907 4.14369 -0.131391
v -0.083817 4.14319 -0.13507
v -0.089591 4.14319 -0.130225
vn -0.428922 -0.744805 -0.511166
vn -0.428922 -0.744805 -0.511166
vn -0.428922 -0.744805 -0.511166
vt 0.596586 0.603999
vt 0.604274 0.599094
vt 0.595824 0.605555
f 886/886/886 887/887/887 888/888/888
v -0.093238 4.14591 -0.128474
v -0.08907 4.14369 -0.131391
v -0.089591 4.14319 -0.130225
vn -0.656181 -0.541539 -0.525512
vn -0.656181 -0.541539 -0.525512
vn -0.656181 -0.541539 -0.525512
vt 0.450685 0.100379
vt 0.446415 0.097419
vt 0.448123 0.096752
f 889/889/889 890/890/890 891/891/891
v -0.095366 4.19696 -0.125379
v -0.093238 4.19424 -0.128474
v -0.097551 4.18941 -0.125454
vn -0.708448 0.211802 -0.673232
vn -0.708448 0.211802 -0.673232
vn -0.708448 0.211802 -0.673232
vt 0.169158 0.160342
vt 0.16463 0.156715
vt 0.16905 0.150279
f 892/892/892 893/893/893 894/894/894
v -0.089591 4.19696 -0.130225
v -0.08907 4.19646 -0.131391
v -0.093238 4.19424 -0.128474
vn -0.656181 0.541539 -0.525512
vn -0.656181 0.541539 -0.525512
vn -0.656181 0.541539 -0.525512
vt 0.162068 0.160342
vt 0.160361 0.159675
vt 0.16463 0.156715
f 895/895/895 896/896/896 897/897/897
v -0.106915 4.19696 -0.115689
v -0.10114 4.19696 -0.120534
v -0.10066 4.18271 -0.123277
vn -0.637693 0.124892 -0.760098
vn -0.637693 0.124892 -0.760098
vn -0.637693 0.124892 -0.760098
vt 0.504374 0.22933
vt 0.495924 0.22933
vt 0.495221 0.210338
f 898/898/898 899/899/899 900/900/900
v -0.107762 4.17977 -0.1167
v -0.110438 4.18406 -0.114024
v -0.10066 4.18271 -0.123277
vn -0.685152 0.0266265 -0.727913
vn -0.685152 0.0266265 -0.727913
vn -0.685152 0.0266265 -0.727913
vt 0.505615 0.206409
vt 0.50953 0.212139
vt 0.495221 0.210338
f 901/901/901 902/902/902 903/903/903
v -0.115788 4.19266 -0.108674
v -0.118463 4.19696 -0.105999
v -0.112689 4.19696 -0.110844
vn -0.640907 0.0764965 -0.763797
vn -0.640907 0.0764965 -0.763797
vn -0.640907 0.0764965 -0.763797
vt 0.517359 0.2236
vt 0.521274 0.22933
vt 0.512824 0.22933
f 904/904/904 905/905/905 906/906/906
v -0.097551 4.18941 -0.125454
v -0.10066 4.18271 -0.123277
v -0.10114 4.19696 -0.120534
vn -0.716425 0.108578 -0.689163
vn -0.716425 0.108578 -0.689163
vn -0.716425 0.108578 -0.689163
vt 0.16905 0.150279
vt 0.172235 0.14135
vt 0.176248 0.160342
f 907/907/907 908/908/908 909/909/909
v -0.089591 4.19696 -0.130225
v -0.083817 4.19696 -0.13507
v -0.08907 4.19646 -0.131391
vn -0.428922 0.744805 -0.511166
vn -0.428922 0.744805 -0.511166
vn -0.428922 0.744805 -0.511166
vt 0.111207 0.847852
vt 0.119657 0.854312
vt 0.111969 0.849407
f 910/910/910 911/911/911 912/912/912
v 0.053815 4.14319 -0.147857
v 0.060899 4.14319 -0.145279
v 0.10114 4.14319 -0.120534
vn 0 -1 0
vn 0 -1 0
vn 0 -1 0
vt 0.805675 0.582044
vt 0.81604 0.585481
vt 0.874926 0.618477
f 913/913/913 914/914/914 915/915/915
v 0.156904 4.14319 -0.027666
v 0.156904 4.19696 -0.027666
v 0.159324 4.14319 0
vn 0.996196 0 -0.0871395
vn 0.996196 0 -0.0871395
vn 0.996196 0 -0.0871395
vt 0.719205 0.353845
vt 0.719205 0.425541
vt 0.678721 0.353845
f 916/916/916 917/917/917 918/918/918
v 0.053815 4.19696 -0.147857
v -0.053815 4.19696 -0.147857
v 0.10114 4.19696 -0.120534
vn -0 1 0
vn -0 1 0
vn -0 1 0
vt 0.321058 0.871363
vt 0.163559 0.871363
vt 0.390309 0.83493
f 919/919/919 920/920/920 921/921/921
v -0.053815 4.14319 -0.147857
v 0.053815 4.14319 -0.147857
v -0.10114 4.14319 -0.120534
vn -0 -1 -0
vn -0 -1 -0
vn -0 -1 -0
vt 0.648176 0.582044
vt 0.805675 0.582044
vt 0.578924 0.618477
f 922/922/922 923/923/923 924/924/924
v 0.149716 4.14319 -0.054492
v 0.149716 4.19696 -0.054492
v 0.156904 4.14319 -0.027666
vn 0.965926 0 -0.258819
vn 0.965926 0 -0.258819
vn 0.965926 0 -0.258819
vt 0.75846 0.353845
vt 0.75846 0.425541
vt 0.719205 0.353845
f 925/925/925 926/926/926 927/927/927
v 0.027666 4.14319 0.156904
v 0 4.14319 0.159324
v 0.10114 4.14319 -0.120534
vn 0 -1 0
vn 0 -1 0
vn 0 -1 0
vt 0.76741 0.988421
vt 0.726925 0.991648
vt 0.874926 0.618477
f 928/928/928 929/929/929 930/930/930
v 0.079662 4.14319 0.137979
v 0.054492 4.14319 0.149716
v 0.10114 4.14319 -0.120534
vn 0 -1 0
vn 0 -1 0
vn 0 -1 0
vt 0.843497 0.963186
vt 0.806665 0.978836
vt 0.874926 0.618477
f 931/931/931 932/932/932 933/933/933
v 0.137979 4.14319 -0.079662
v 0.137979 4.19696 -0.079662
v 0.149716 4.14319 -0.054492
vn 0.906307 0 -0.422619
vn 0.906307 0 -0.422619
vn 0.906307 0 -0.422619
vt 0.795292 0.353845
vt 0.795292 0.425541
vt 0.75846 0.353845
f 934/934/934 935/935/935 936/936/936
v 0.12205 4.14319 0.102412
v 0.102412 4.14319 0.12205
v 0.10114 4.14319 -0.120534
vn 0 -1 0
vn 0 -1 0
vn 0 -1 0
vt 0.905524 0.91576
vt 0.876788 0.941946
vt 0.874926 0.618477
f 937/937/937 938/938/938 939/939/939
v 0.149716 4.14319 0.054492
v 0.137979 4.14319 0.079662
v 0.10114 4.14319 -0.120534
vn 0 -1 0
vn 0 -1 0
vn 0 -1 0
vt 0.946009 0.851862
vt 0.928834 0.885424
vt 0.874926 0.618477
f 940/940/940 941/941/941 942/942/942
v 0.12205 4.14319 -0.102412
v 0.12205 4.19696 -0.102412
v 0.137979 4.14319 -0.079662
vn 0.819164 0 -0.573559
vn 0.819164 0 -0.573559
vn 0.819164 0 -0.573559
vt 0.828583 0.353845
vt 0.828583 0.425541
vt 0.795292 0.353845
f 943/943/943 944/944/944 945/945/945
v 0.159324 4.14319 0
v 0.156904 4.14319 0.027666
v 0.10114 4.14319 -0.120534
vn 0 -1 0
vn 0 -1 0
vn 0 -1 0
vt 0.960068 0.779201
vt 0.956527 0.816091
vt 0.874926 0.618477
f 946/946/946 947/947/947 948/948/948
v 0.156904 4.14319 -0.027666
v 0.159324 4.14319 0
v 0.106915 4.14319 -0.115689
vn 0 -1 -0
vn 0 -1 -0
vn 0 -1 -0
vt 0.956527 0.74231
vt 0.960068 0.779201
vt 0.883376 0.624937
f 949/949/949 950/950/950 951/951/951
v 0.110438 4.15608 -0.114024
v 0.107762 4.16038 -0.1167
v 0.110438 4.18406 -0.114024
vn 0.707108 0 -0.707106
vn 0.707108 0 -0.707106
vn 0.707108 0 -0.707106
vt 0.561846 0.174825
vt 0.565761 0.180556
vt 0.561846 0.212139
f 952/952/952 953/953/953 954/954/954
v 0.060899 4.14319 -0.145279
v 0.067982 4.14319 -0.142701
v 0.095366 4.14319 -0.125379
vn 0 -1 0
vn 0 -1 0
vn 0 -1 0
vt 0.81604 0.585481
vt 0.826405 0.588919
vt 0.866477 0.612016
f 955/955/955 956/956/956 957/957/957
v 0.067982 4.14319 -0.142701
v 0.075065 4.14319 -0.140123
v 0.089591 4.14319 -0.130225
vn 0 -1 0
vn 0 -1 0
vn 0 -1 0
vt 0.826405 0.588919
vt 0.83677 0.592357
vt 0.858027 0.605555
f 958/958/958 959/959/959 960/960/960
v -0.046732 4.14319 -0.150435
v 0.046732 4.14319 -0.150435
v -0.053815 4.14319 -0.147857
vn -0 -1 -0
vn -0 -1 -0
vn -0 -1 -0
vt 0.658541 0.578606
vt 0.79531 0.578606
vt 0.648176 0.582044
f 961/961/961 962/962/962 963/963/963
v 0.131359 4.22412 -0.22752
v 0.118595 4.22412 -0.233472
v 0.131359 4.27789 -0.22752
vn 0.422621 0 -0.906306
vn 0.422621 0 -0.906306
vn 0.422621 0 -0.906306
vt 0.053257 0.37336
vt 0.071935 0.37336
vt 0.053257 0.445055
f 964/964/964 965/965/965 966/966/966
v 0.027666 4.14319 -0.156904
v 0.039649 4.14319 -0.153013
v 0 4.14319 -0.159324
vn 0 -1 -0
vn 0 -1 -0
vn 0 -1 -0
vt 0.76741 0.56998
vt 0.784944 0.575168
vt 0.726925 0.566753
f 967/967/967 968/968/968 969/969/969
v -0.039649 4.14319 -0.153013
v 0 4.14319 -0.159324
v -0.046732 4.14319 -0.150435
vn -0 -1 -0
vn -0 -1 -0
vn -0 -1 -0
vt 0.668906 0.575168
vt 0.726925 0.566753
vt 0.658541 0.578606
f 970/970/970 971/971/971 972/972/972
v 0.043529 4.18406 -0.152654
v 0.043529 4.15608 -0.152654
v 0.039874 4.18836 -0.153633
vn 0.258729 0 -0.96595
vn 0.258729 0 -0.96595
vn 0.258729 0 -0.96595
vt 0.181781 0.319951
vt 0.181781 0.282637
vt 0.187129 0.325681
f 973/973/973 974/974/974 975/975/975
v -0.032565 4.14319 -0.155591
v -0.027666 4.14319 -0.156904
v -0.039649 4.14319 -0.153013
vn -0 -1 -0
vn -0 -1 -0
vn -0 -1 -0
vt 0.679272 0.57173
vt 0.686441 0.56998
vt 0.668906 0.575168
f 976/976/976 977/977/977 978/978/978
v 0 4.14319 -0.159324
v 0 4.19696 -0.159324
v 0.027666 4.14319 -0.156904
vn 0.0871395 0 -0.996196
vn 0.0871395 0 -0.996196
vn 0.0871395 0 -0.996196
vt 0.245478 0.265446
vt 0.245478 0.337142
vt 0.204994 0.265446
f 979/979/979 980/980/980 981/981/981
v -0.095366 4.14319 -0.125379
v -0.060899 4.14319 -0.145279
v -0.10114 4.14319 -0.120534
vn -0 -1 -0
vn -0 -1 -0
vn -0 -1 -0
vt 0.587374 0.612016
vt 0.637811 0.585481
vt 0.578924 0.618477
f 982/982/982 983/983/983 984/984/984
v -0.089591 4.14319 -0.130225
v -0.067982 4.14319 -0.142701
v -0.095366 4.14319 -0.125379
vn -0 -1 -0
vn -0 -1 -0
vn -0 -1 -0
vt 0.595824 0.605555
vt 0.627446 0.588919
vt 0.587374 0.612016
f 985/985/985 986/986/986 987/987/987
v -0.027666 4.14319 -0.156904
v -0.027666 4.19696 -0.156904
v 0 4.14319 -0.159324
vn -0.0871395 -0 -0.996196
vn -0.0871395 -0 -0.996196
vn -0.0871395 -0 -0.996196
vt 0.285962 0.265446
vt 0.285962 0.337142
vt 0.245478 0.265446
f 988/988/988 989/989/989 990/990/990
v -0.083817 4.14319 -0.13507
v -0.075065 4.14319 -0.140123
v -0.089591 4.14319 -0.130225
vn -0 -1 -0
vn -0 -1 -0
vn -0 -1 -0
vt 0.604274 0.599094
vt 0.617081 0.592357
vt 0.595824 0.605555
f 991/991/991 992/992/992 993/993/993
v -0.039874 4.18836 -0.153633
v -0.027666 4.19696 -0.156904
v -0.039874 4.15178 -0.153633
vn -0.25881 0 -0.965928
vn -0.25881 0 -0.965928
vn -0.25881 0 -0.965928
vt 0.303827 0.325681
vt 0.285962 0.337142
vt 0.303827 0.276906
f 994/994/994 995/995/995 996/996/996
v -0.156904 4.14319 -0.027666
v -0.106915 4.14319 -0.115689
v -0.159324 4.14319 0
vn -0 -1 -0
vn -0 -1 -0
vn -0 -1 -0
vt 0.497324 0.74231
vt 0.570475 0.624937
vt 0.493783 0.779201
f 997/997/997 998/998/998 999/999/999
v -0.149716 4.14319 0.054492
v -0.156904 4.14319 0.027666
v -0.10114 4.14319 -0.120534
vn 0 -1 0
vn 0 -1 0
vn 0 -1 0
vt 0.507842 0.851862
vt 0.497324 0.816091
vt 0.578924 0.618477
f 1000/1000/1000 1001/1001/1001 1002/1002/1002
v -0.12205 4.14319 0.102412
v -0.137979 4.14319 0.079662
v -0.10114 4.14319 -0.120534
vn 0 -1 0
vn 0 -1 0
vn 0 -1 0
vt 0.548326 0.91576
vt 0.525017 0.885424
vt 0.578924 0.618477
f 1003/1003/1003 1004/1004/1004 1005/1005/1005
v -0.079662 4.14319 0.137979
v -0.102412 4.14319 0.12205
v -0.10114 4.14319 -0.120534
vn 0 -1 0
vn 0 -1 0
vn 0 -1 0
vt 0.610354 0.963186
vt 0.577063 0.941946
vt 0.578924 0.618477
f 1006/1006/1006 1007/1007/1007 1008/1008/1008
v -0.142895 4.27789 -0.219442
v -0.131359 4.27789 -0.22752
v -0.142895 4.22412 -0.219442
vn -0.573596 0 -0.819138
vn -0.573596 0 -0.819138
vn -0.573596 0 -0.819138
vt 0.45458 0.445055
vt 0.437699 0.445055
vt 0.45458 0.37336
f 1009/1009/1009 1010/1010/1010 1011/1011/1011
v -0.027666 4.14319 0.156904
v -0.054492 4.14319 0.149716
v -0.10114 4.14319 -0.120534
vn 0 -1 0
vn 0 -1 0
vn 0 -1 0
vt 0.686441 0.988421
vt 0.647186 0.978836
vt 0.578924 0.618477
f 1012/1012/1012 1013/1013/1013 1014/1014/1014
v -0.12205 4.14319 -0.102412
v -0.112689 4.14319 -0.110844
v -0.137979 4.14319 -0.079662
vn -0 -1 -0
vn -0 -1 -0
vn -0 -1 -0
vt 0.548326 0.642641
vt 0.562025 0.631398
vt 0.525017 0.672977
f 1015/1015/1015 1016/1016/1016 1017/1017/1017
v -0.156904 4.14319 -0.027666
v -0.149716 4.14319 -0.054492
v -0.106915 4.14319 -0.115689
vn 0 -1 0
vn 0 -1 0
vn 0 -1 0
vt 0.497324 0.74231
vt 0.507842 0.706539
vt 0.570475 0.624937
f 1018/1018/1018 1019/1019/1019 1020/1020/1020
v -0.137979 4.14319 -0.079662
v -0.137979 4.19696 -0.079662
v -0.12205 4.14319 -0.102412
vn -0.819164 -0 -0.573559
vn -0.819164 -0 -0.573559
vn -0.819164 -0 -0.573559
vt 0.533412 0.265446
vt 0.533412 0.337142
vt 0.500122 0.265446
f 1021/1021/1021 1022/1022/1022 1023/1023/1023
v 0.137979 4.14319 -0.079662
v 0.149716 4.14319 -0.054492
v 0.106915 4.14319 -0.115689
vn 0 -1 -0
vn 0 -1 -0
vn 0 -1 -0
vt 0.928834 0.672977
vt 0.946009 0.706539
vt 0.883376 0.624937
f 1024/1024/1024 1025/1025/1025 1026/1026/1026
v -0.149716 4.14319 -0.054492
v -0.149716 4.19696 -0.054492
v -0.137979 4.14319 -0.079662
vn -0.906307 -0 -0.422619
vn -0.906307 -0 -0.422619
vn -0.906307 -0 -0.422619
vt 0.570244 0.265446
vt 0.570244 0.337142
vt 0.533412 0.265446
f 1027/1027/1027 1028/1028/1028 1029/1029/1029
v 0.106915 4.14319 -0.115689
v 0.112689 4.14319 -0.110844
v 0.137979 4.14319 -0.079662
vn 0 -1 0
vn 0 -1 0
vn 0 -1 0
vt 0.883376 0.624937
vt 0.891826 0.631398
vt 0.928834 0.672977
f 1030/1030/1030 1031/1031/1031 1032/1032/1032
v -0.156904 4.14319 -0.027666
v -0.156904 4.19696 -0.027666
v -0.149716 4.14319 -0.054492
vn -0.965926 -0 -0.258819
vn -0.965926 -0 -0.258819
vn -0.965926 -0 -0.258819
vt 0.609499 0.265446
vt 0.609499 0.337142
vt 0.570244 0.265446
f 1033/1033/1033 1034/1034/1034 1035/1035/1035
v 0.095366 4.19696 -0.125379
v 0.060899 4.19696 -0.145279
v 0.10114 4.19696 -0.120534
vn -0 1 0
vn -0 1 0
vn -0 1 0
vt 0.38186 0.841391
vt 0.331423 0.867925
vt 0.390309 0.83493
f 1036/1036/1036 1037/1037/1037 1038/1038/1038
v 0.027666 4.14319 0.156904
v 0.027666 4.19696 0.156904
v 0 4.14319 0.159324
vn 0.0871395 0 0.996196
vn 0.0871395 0 0.996196
vn 0.0871395 0 0.996196
vt 0.199512 0.177046
vt 0.199512 0.248742
vt 0.159028 0.177046
f 1039/1039/1039 1040/1040/1040 1041/1041/1041
v -0.159324 4.14319 0
v -0.159324 4.19696 0
v -0.156904 4.14319 -0.027666
vn -0.996196 -0 -0.0871395
vn -0.996196 -0 -0.0871395
vn -0.996196 -0 -0.0871395
vt 0.649984 0.265446
vt 0.649984 0.337142
vt 0.609499 0.265446
f 1042/1042/1042 1043/1043/1043 1044/1044/1044
v 0.054492 4.14319 0.149716
v 0.054492 4.19696 0.149716
v 0.027666 4.14319 0.156904
vn 0.258819 0 0.965926
vn 0.258819 0 0.965926
vn 0.258819 0 0.965926
vt 0.238767 0.177046
vt 0.238767 0.248742
vt 0.199512 0.177046
f 1045/1045/1045 1046/1046/1046 1047/1047/1047
v 0.079662 4.14319 0.137979
v 0.079662 4.19696 0.137979
v 0.054492 4.14319 0.149716
vn 0.422619 0 0.906307
vn 0.422619 0 0.906307
vn 0.422619 0 0.906307
vt 0.275599 0.177046
vt 0.275599 0.248742
vt 0.238767 0.177046
f 1048/1048/1048 1049/1049/1049 1050/1050/1050
v -0.156904 4.14319 0.027666
v -0.156904 4.19696 0.027666
v -0.159324 4.14319 0
vn -0.996196 0 0.0871395
vn -0.996196 0 0.0871395
vn -0.996196 0 0.0871395
vt 0.690468 0.265446
vt 0.690468 0.337142
vt 0.649984 0.265446
f 1051/1051/1051 1052/1052/1052 1053/1053/1053
v 0.102412 4.14319 0.12205
v 0.102412 4.19696 0.12205
v 0.079662 4.14319 0.137979
vn 0.573559 0 0.819164
vn 0.573559 0 0.819164
vn 0.573559 0 0.819164
vt 0.30889 0.177046
vt 0.30889 0.248742
vt 0.275599 0.177046
f 1054/1054/1054 1055/1055/1055 1056/1056/1056
v 0.12205 4.14319 0.102412
v 0.12205 4.19696 0.102412
v 0.102412 4.14319 0.12205
vn 0.707107 0 0.707107
vn 0.707107 0 0.707107
vn 0.707107 0 0.707107
vt 0.528858 0.353845
vt 0.528858 0.425541
vt 0.500122 0.353845
f 1057/1057/1057 1058/1058/1058 1059/1059/1059
v -0.149716 4.14319 0.054492
v -0.149716 4.19696 0.054492
v -0.156904 4.14319 0.027666
vn -0.965926 0 0.258819
vn -0.965926 0 0.258819
vn -0.965926 0 0.258819
vt 0.729723 0.265446
vt 0.729723 0.337142
vt 0.690468 0.265446
f 1060/1060/1060 1061/1061/1061 1062/1062/1062
v 0.137979 4.14319 0.079662
v 0.137979 4.19696 0.079662
v 0.12205 4.14319 0.102412
vn 0.819164 0 0.573559
vn 0.819164 0 0.573559
vn 0.819164 0 0.573559
vt 0.562149 0.353845
vt 0.562149 0.425541
vt 0.528858 0.353845
f 1063/1063/1063 1064/1064/1064 1065/1065/1065
v 0.149716 4.14319 0.054492
v 0.149716 4.19696 0.054492
v 0.137979 4.14319 0.079662
vn 0.906307 0 0.422619
vn 0.906307 0 0.422619
vn 0.906307 0 0.422619
vt 0.598981 0.353845
vt 0.598981 0.425541
vt 0.562149 0.353845
f 1066/1066/1066 1067/1067/1067 1068/1068/1068
v -0.137979 4.14319 0.079662
v -0.137979 4.19696 0.079662
v -0.149716 4.14319 0.054492
vn -0.906307 0 0.422619
vn -0.906307 0 0.422619
vn -0.906307 0 0.422619
vt 0.766555 0.265446
vt 0.766555 0.337142
vt 0.729723 0.265446
f 1069/1069/1069 1070/1070/1070 1071/1071/1071
v 0.156904 4.14319 0.027666
v 0.156904 4.19696 0.027666
v 0.149716 4.14319 0.054492
vn 0.965926 0 0.258819
vn 0.965926 0 0.258819
vn 0.965926 0 0.258819
vt 0.638236 0.353845
vt 0.638236 0.425541
vt 0.598981 0.353845
f 1072/1072/1072 1073/1073/1073 1074/1074/1074
v 0.159324 4.14319 0
v 0.159324 4.19696 0
v 0.156904 4.14319 0.027666
vn 0.996196 0 0.0871395
vn 0.996196 0 0.0871395
vn 0.996196 0 0.0871395
vt 0.678721 0.353845
vt 0.678721 0.425541
vt 0.638236 0.353845
f 1075/1075/1075 1076/1076/1076 1077/1077/1077
v -0.12205 4.14319 0.102412
v -0.12205 4.19696 0.102412
v -0.137979 4.14319 0.079662
vn -0.819164 0 0.573559
vn -0.819164 0 0.573559
vn -0.819164 0 0.573559
vt 0.799846 0.265446
vt 0.799846 0.337142
vt 0.766555 0.265446
f 1078/1078/1078 1079/1079/1079 1080/1080/1080
v 0.079662 4.14319 -0.137979
v 0.131359 4.22412 -0.22752
v 0.083817 4.14319 -0.13507
vn 0.354343 -0.786313 -0.506115
vn 0.354343 -0.786313 -0.506115
vn 0.354343 -0.786313 -0.506115
vt 0.843497 0.595215
vt 0.919146 0.475818
vt 0.849577 0.599094
f 1081/1081/1081 1082/1082/1082 1083/1083/1083
v 0.083817 4.19696 -0.13507
v 0.142895 4.27789 -0.219442
v 0.079662 4.19696 -0.137979
vn -0.354341 0.786315 0.506113
vn -0.354341 0.786315 0.506113
vn -0.354341 0.786315 0.506113
vt 0.36496 0.854312
vt 0.451411 0.966817
vt 0.35888 0.858192
f 1084/1084/1084 1085/1085/1085 1086/1086/1086
v -0.102412 4.14319 0.12205
v -0.102412 4.19696 0.12205
v -0.12205 4.14319 0.102412
vn -0.707107 0 0.707107
vn -0.707107 0 0.707107
vn -0.707107 0 0.707107
vt 0.828583 0.265446
vt 0.828583 0.337142
vt 0.799846 0.265446
f 1087/1087/1087 1088/1088/1088 1089/1089/1089
v 0.102412 4.16897 -0.12205
v 0.16149 4.2499 -0.206422
v 0.102412 4.17117 -0.12205
vn 0.819152 0 0.573577
vn 0.819152 0 0.573577
vn 0.819152 0 0.573577
vt 0.855973 0.598316
vt 0.91765 0.489997
vt 0.858562 0.598399
f 1090/1090/1090 1091/1091/1091 1092/1092/1092
v 0.075065 4.14319 -0.140123
v 0.118595 4.22412 -0.233472
v 0.079662 4.14319 -0.137979
vn 0.261145 -0.786311 -0.559928
vn 0.261145 -0.786311 -0.559928
vn 0.261145 -0.786311 -0.559928
vt 0.83677 0.592357
vt 0.900469 0.467882
vt 0.843497 0.595215
f 1093/1093/1093 1094/1094/1094 1095/1095/1095
v -0.079662 4.14319 0.137979
v -0.079662 4.19696 0.137979
v -0.102412 4.14319 0.12205
vn -0.573559 0 0.819164
vn -0.573559 0 0.819164
vn -0.573559 0 0.819164
vt 0.042456 0.177046
vt 0.042456 0.248742
vt 0.009166 0.177046
f 1096/1096/1096 1097/1097/1097 1098/1098/1098
v 0.054492 4.17117 -0.149716
v 0.098022 4.2521 -0.243066
v 0.054492 4.16897 -0.149716
vn -0.906307 0 -0.42262
vn -0.906307 0 -0.42262
vn -0.906307 0 -0.42262
vt 0.983515 0.28708
vt 0.846914 0.394993
vt 0.983515 0.284147
f 1099/1099/1099 1100/1100/1100 1101/1101/1101
v 0.079662 4.19696 -0.137979
v 0.131359 4.27789 -0.22752
v 0.075065 4.19696 -0.140123
vn -0.26114 0.786319 0.559919
vn -0.26114 0.786319 0.559919
vn -0.26114 0.786319 0.559919
vt 0.35888 0.858192
vt 0.434529 0.977588
vt 0.352153 0.86105
f 1102/1102/1102 1103/1103/1103 1104/1104/1104
v -0.054492 4.14319 0.149716
v -0.054492 4.19696 0.149716
v -0.079662 4.14319 0.137979
vn -0.422619 0 0.906307
vn -0.422619 0 0.906307
vn -0.422619 0 0.906307
vt 0.079288 0.177046
vt 0.079288 0.248742
vt 0.042456 0.177046
f 1105/1105/1105 1106/1106/1106 1107/1107/1107
v -0.079662 4.14319 -0.137979
v -0.131359 4.22412 -0.22752
v -0.075065 4.14319 -0.140123
vn -0.261143 -0.786313 -0.559925
vn -0.261143 -0.786313 -0.559925
vn -0.261143 -0.786313 -0.559925
vt 0.610354 0.595215
vt 0.534704 0.475818
vt 0.617081 0.592357
f 1108/1108/1108 1109/1109/1109 1110/1110/1110
v -0.075065 4.19696 -0.140123
v -0.118595 4.27789 -0.233472
v -0.079662 4.19696 -0.137979
vn 0.261142 0.786316 0.559922
vn 0.261142 0.786316 0.559922
vn 0.261142 0.786316 0.559922
vt 0.132464 0.86105
vt 0.068765 0.985525
vt 0.125737 0.858192
f 1111/1111/1111 1112/1112/1112 1113/1113/1113
v -0.027666 4.14319 0.156904
v -0.027666 4.19696 0.156904
v -0.054492 4.14319 0.149716
vn -0.258819 0 0.965926
vn -0.258819 0 0.965926
vn -0.258819 0 0.965926
vt 0.118543 0.177046
vt 0.118543 0.248742
vt 0.079288 0.177046
f 1114/1114/1114 1115/1115/1115 1116/1116/1116
v -0.054492 4.16897 -0.149716
v -0.098022 4.2499 -0.243066
v -0.054492 4.17117 -0.149716
vn 0.906307 0 -0.42262
vn 0.906307 0 -0.42262
vn 0.906307 0 -0.42262
vt 0.854233 0.111737
vt 0.990834 0.219652
vt 0.854233 0.11467
f 1117/1117/1117 1118/1118/1118 1119/1119/1119
v -0.083817 4.14319 -0.13507
v -0.142895 4.22412 -0.219442
v -0.079662 4.14319 -0.137979
vn -0.354345 -0.78631 -0.506119
vn -0.354345 -0.78631 -0.506119
vn -0.354345 -0.78631 -0.506119
vt 0.604274 0.599094
vt 0.517823 0.48659
vt 0.610354 0.595215
f 1120/1120/1120 1121/1121/1121 1122/1122/1122
v 0 4.14319 0.159324
v 0 4.19696 0.159324
v -0.027666 4.14319 0.156904
vn -0.0871395 0 0.996196
vn -0.0871395 0 0.996196
vn -0.0871395 0 0.996196
vt 0.159028 0.177046
vt 0.159028 0.248742
vt 0.118543 0.177046
f 1123/1123/1123 1124/1124/1124 1125/1125/1125
v -0.102412 4.17117 -0.12205
v -0.16149 4.2521 -0.206422
v -0.102412 4.16897 -0.12205
vn -0.819152 0 0.573577
vn -0.819152 0 0.573577
vn -0.819152 0 0.573577
vt 0.460085 0.134066
vt 0.336621 0.241979
vt 0.460085 0.131134
f 1126/1126/1126 1127/1127/1127 1128/1128/1128
v -0.079662 4.19696 -0.137979
v -0.131359 4.27789 -0.22752
v -0.083817 4.19696 -0.13507
vn 0.354339 0.786319 0.50611
vn 0.354339 0.786319 0.50611
vn 0.354339 0.786319 0.50611
vt 0.125737 0.858192
vt 0.050087 0.977588
vt 0.119657 0.854312
f 1129/1129/1129 1130/1130/1130 1131/1131/1131
v 0.156904 4.19696 -0.027666
v 0.106915 4.19696 -0.115689
v 0.159324 4.19696 0
vn -0 1 0
vn -0 1 0
vn -0 1 0
vt 0.47191 0.711097
vt 0.398759 0.828469
vt 0.475451 0.674206
f 1132/1132/1132 1133/1133/1133 1134/1134/1134
v 0.149716 4.19696 0.054492
v 0.156904 4.19696 0.027666
v 0.10114 4.19696 -0.120534
vn 0 1 -0
vn 0 1 -0
vn 0 1 -0
vt 0.461392 0.601545
vt 0.47191 0.637315
vt 0.390309 0.83493
f 1135/1135/1135 1136/1136/1136 1137/1137/1137
v 0.12205 4.19696 0.102412
v 0.137979 4.19696 0.079662
v 0.10114 4.19696 -0.120534
vn 0 1 -0
vn 0 1 -0
vn 0 1 -0
vt 0.420907 0.537647
vt 0.444217 0.567982
vt 0.390309 0.83493
f 1138/1138/1138 1139/1139/1139 1140/1140/1140
v 0.079662 4.19696 0.137979
v 0.102412 4.19696 0.12205
v 0.10114 4.19696 -0.120534
vn 0 1 -0
vn 0 1 -0
vn 0 1 -0
vt 0.35888 0.490221
vt 0.392171 0.511461
vt 0.390309 0.83493
f 1141/1141/1141 1142/1142/1142 1143/1143/1143
v 0.027666 4.19696 0.156904
v 0.054492 4.19696 0.149716
v 0.10114 4.19696 -0.120534
vn 0 1 0
vn 0 1 0
vn 0 1 0
vt 0.282793 0.464986
vt 0.322048 0.47457
vt 0.390309 0.83493
f 1144/1144/1144 1145/1145/1145 1146/1146/1146
v -0.027666 4.19696 0.156904
v 0 4.19696 0.159324
v -0.10114 4.19696 -0.120534
vn 0 1 -0
vn 0 1 -0
vn 0 1 -0
vt 0.201824 0.464986
vt 0.242308 0.461759
vt 0.094307 0.83493
f 1147/1147/1147 1148/1148/1148 1149/1149/1149
v 0.12205 4.19696 -0.102412
v 0.112689 4.19696 -0.110844
v 0.137979 4.19696 -0.079662
vn -0 1 0
vn -0 1 0
vn -0 1 0
vt 0.420907 0.810765
vt 0.407209 0.822009
vt 0.444217 0.78043
f 1150/1150/1150 1151/1151/1151 1152/1152/1152
v 0.156904 4.19696 -0.027666
v 0.149716 4.19696 -0.054492
v 0.106915 4.19696 -0.115689
vn 0 1 0
vn 0 1 0
vn 0 1 0
vt 0.47191 0.711097
vt 0.461392 0.746867
vt 0.398759 0.828469
f 1153/1153/1153 1154/1154/1154 1155/1155/1155
v -0.079662 4.19696 0.137979
v -0.054492 4.19696 0.149716
v -0.10114 4.19696 -0.120534
vn 0 1 -0
vn 0 1 -0
vn 0 1 -0
vt 0.125737 0.490221
vt 0.162569 0.47457
vt 0.094307 0.83493
f 1156/1156/1156 1157/1157/1157 1158/1158/1158
v -0.12205 4.19696 0.102412
v -0.102412 4.19696 0.12205
v -0.10114 4.19696 -0.120534
vn 0 1 0
vn 0 1 0
vn 0 1 0
vt 0.06371 0.537647
vt 0.092446 0.511461
vt 0.094307 0.83493
f 1159/1159/1159 1160/1160/1160 1161/1161/1161
v -0.149716 4.19696 0.054492
v -0.137979 4.19696 0.079662
v -0.10114 4.19696 -0.120534
vn 0 1 0
vn 0 1 0
vn 0 1 0
vt 0.023225 0.601545
vt 0.0404 0.567982
vt 0.094307 0.83493
f 1162/1162/1162 1163/1163/1163 1164/1164/1164
v -0.159324 4.19696 0
v -0.156904 4.19696 0.027666
v -0.10114 4.19696 -0.120534
vn 0 1 0
vn 0 1 0
vn 0 1 0
vt 0.009166 0.674206
vt 0.012707 0.637315
vt 0.094307 0.83493
f 1165/1165/1165 1166/1166/1166 1167/1167/1167
v -0.10114 4.19696 -0.120534
v -0.106915 4.19696 -0.115689
v -0.159324 4.19696 0
vn 0 1 0
vn 0 1 0
vn 0 1 0
vt 0.094307 0.83493
vt 0.085858 0.828469
vt 0.009166 0.674206
f 1168/1168/1168 1169/1169/1169 1170/1170/1170
v -0.137979 4.19696 -0.079662
v -0.149716 4.19696 -0.054492
v -0.106915 4.19696 -0.115689
vn 0 1 0
vn 0 1 0
vn 0 1 0
vt 0.0404 0.78043
vt 0.023225 0.746867
vt 0.085858 0.828469
f 1171/1171/1171 1172/1172/1172 1173/1173/1173
v -0.106915 4.19696 -0.115689
v -0.112689 4.19696 -0.110844
v -0.137979 4.19696 -0.079662
vn 0 1 0
vn 0 1 0
vn 0 1 0
vt 0.085858 0.828469
vt 0.077408 0.822009
vt 0.0404 0.78043
f 1174/1174/1174 1175/1175/1175 1176/1176/1176
v -0.053815 4.19696 -0.147857
v -0.060899 4.19696 -0.145279
v -0.10114 4.19696 -0.120534
vn 0 1 0
vn 0 1 0
vn 0 1 0
vt 0.163559 0.871363
vt 0.153194 0.867925
vt 0.094307 0.83493
f 1177/1177/1177 1178/1178/1178 1179/1179/1179
v -0.060899 4.19696 -0.145279
v -0.067982 4.19696 -0.142701
v -0.095366 4.19696 -0.125379
vn 0 1 0
vn 0 1 0
vn 0 1 0
vt 0.153194 0.867925
vt 0.142829 0.864488
vt 0.102757 0.841391
f 1180/1180/1180 1181/1181/1181 1182/1182/1182
v -0.067982 4.19696 -0.142701
v -0.075065 4.19696 -0.140123
v -0.089591 4.19696 -0.130225
vn 0 1 0
vn 0 1 0
vn 0 1 0
vt 0.142829 0.864488
vt 0.132464 0.86105
vt 0.111207 0.847852
f 1183/1183/1183 1184/1184/1184 1185/1185/1185
v 0.046732 4.19696 -0.150435
v -0.046732 4.19696 -0.150435
v 0.053815 4.19696 -0.147857
vn -0 1 0
vn -0 1 0
vn -0 1 0
vt 0.310693 0.874801
vt 0.173924 0.874801
vt 0.321058 0.871363
f 1186/1186/1186 1187/1187/1187 1188/1188/1188
v -0.027666 4.19696 -0.156904
v -0.039649 4.19696 -0.153013
v 0 4.19696 -0.159324
vn 0 1 0
vn 0 1 0
vn 0 1 0
vt 0.201824 0.883427
vt 0.184289 0.878238
vt 0.242308 0.886654
f 1189/1189/1189 1190/1190/1190 1191/1191/1191
v 0.039649 4.19696 -0.153013
v 0 4.19696 -0.159324
v 0.046732 4.19696 -0.150435
vn -0 1 0
vn -0 1 0
vn -0 1 0
vt 0.300328 0.878238
vt 0.242308 0.886654
vt 0.310693 0.874801
f 1192/1192/1192 1193/1193/1193 1194/1194/1194
v 0.032565 4.19696 -0.155591
v 0.027666 4.19696 -0.156904
v 0.039649 4.19696 -0.153013
vn -0 1 0
vn -0 1 0
vn -0 1 0
vt 0.289962 0.881676
vt 0.282793 0.883427
vt 0.300328 0.878238
f 1195/1195/1195 1196/1196/1196 1197/1197/1197
v 0.089591 4.19696 -0.130225
v 0.067982 4.19696 -0.142701
v 0.095366 4.19696 -0.125379
vn -0 1 0
vn -0 1 0
vn -0 1 0
vt 0.37341 0.847852
vt 0.341788 0.864488
vt 0.38186 0.841391
f 1198/1198/1198 1199/1199/1199 1200/1200/1200
v 0.083817 4.19696 -0.13507
v 0.075065 4.19696 -0.140123
v 0.089591 4.19696 -0.130225
vn -0 1 0
vn -0 1 0
vn -0 1 0
vt 0.36496 0.854312
vt 0.352153 0.86105
vt 0.37341 0.847852
f 1201/1201/1201 1202/1202/1202 1203/1203/1203
v 0.113113 4.15178 -0.111349
v 0.110438 4.15608 -0.114024
v 0.113113 4.18836 -0.111349
vn 0.707106 0 -0.707108
vn 0.707106 0 -0.707108
vn 0.707106 0 -0.707108
vt 0.557931 0.169095
vt 0.561846 0.174825
vt 0.557931 0.21787
f 1204/1204/1204 1205/1205/1205 1206/1206/1206
v 0.107762 4.16038 -0.1167
v 0.105087 4.16468 -0.119375
v 0.107762 4.17977 -0.1167
vn 0.707106 0 -0.707108
vn 0.707106 0 -0.707108
vn 0.707106 0 -0.707108
vt 0.565761 0.180556
vt 0.569675 0.186286
vt 0.565761 0.206409
f 1207/1207/1207 1208/1208/1208 1209/1209/1209
v 0.105087 4.16468 -0.119375
v 0.102412 4.16897 -0.12205
v 0.105087 4.17547 -0.119375
vn 0.707108 0 -0.707106
vn 0.707108 0 -0.707106
vn 0.707108 0 -0.707106
vt 0.569675 0.186286
vt 0.57359 0.192016
vt 0.569675 0.200679
f 1210/1210/1210 1211/1211/1211 1212/1212/1212
v 0.12205 4.14319 -0.102412
v 0.113113 4.15178 -0.111349
v 0.12205 4.19696 -0.102412
vn 0.707107 0 -0.707107
vn 0.707107 0 -0.707107
vn 0.707107 0 -0.707107
vt 0.544853 0.157634
vt 0.557931 0.169095
vt 0.544853 0.22933
f 1213/1213/1213 1214/1214/1214 1215/1215/1215
v 0.159738 4.23836 -0.207649
v 0.156629 4.23167 -0.209826
v 0.142895 4.22412 -0.219442
vn 0.57354 2.96628e-005 -0.819178
vn 0.57354 2.96628e-005 -0.819178
vn 0.57354 2.96628e-005 -0.819178
vt 0.011729 0.392352
vt 0.016279 0.383423
vt 0.036376 0.37336
f 1216/1216/1216 1217/1217/1217 1218/1218/1218
v 0.16149 4.2499 -0.206422
v 0.161168 4.24483 -0.206648
v 0.142895 4.22412 -0.219442
vn 0.573476 9.67045e-005 -0.819223
vn 0.573476 9.67045e-005 -0.819223
vn 0.573476 9.67045e-005 -0.819223
vt 0.009166 0.407742
vt 0.009637 0.40098
vt 0.036376 0.37336
f 1219/1219/1219 1220/1220/1220 1221/1221/1221
v 0.16149 4.2521 -0.206422
v 0.16149 4.2499 -0.206422
v 0.142895 4.27789 -0.219442
vn 0.573566 0 -0.81916
vn 0.573566 0 -0.81916
vn 0.573566 0 -0.81916
vt 0.009166 0.410673
vt 0.009166 0.407742
vt 0.036376 0.445055
f 1222/1222/1222 1223/1223/1223 1224/1224/1224
v 0.131359 4.22412 -0.22752
v 0.131359 4.27789 -0.22752
v 0.142895 4.22412 -0.219442
vn 0.573596 0 -0.819138
vn 0.573596 0 -0.819138
vn 0.573596 0 -0.819138
vt 0.053257 0.37336
vt 0.053257 0.445055
vt 0.036376 0.37336
f 1225/1225/1225 1226/1226/1226 1227/1227/1227
v 0.159738 4.26364 -0.207649
v 0.161168 4.25717 -0.206648
v 0.142895 4.27789 -0.219442
vn 0.573577 3.69599e-005 -0.819151
vn 0.573577 3.69599e-005 -0.819151
vn 0.573577 3.69599e-005 -0.819151
vt 0.011729 0.426063
vt 0.009637 0.417436
vt 0.036376 0.445055
f 1228/1228/1228 1229/1229/1229 1230/1230/1230
v 0.152316 4.27517 -0.212846
v 0.156629 4.27034 -0.209826
v 0.142895 4.27789 -0.219442
vn 0.573524 -7.2306e-005 -0.819189
vn 0.573524 -7.2306e-005 -0.819189
vn 0.573524 -7.2306e-005 -0.819189
vt 0.02259 0.441428
vt 0.016279 0.434992
vt 0.036376 0.445055
f 1231/1231/1231 1232/1232/1232 1233/1233/1233
v 0.100071 4.26284 -0.242111
v 0.103705 4.26991 -0.240416
v 0.118595 4.27789 -0.233472
vn 0.422632 4.68352e-005 -0.906302
vn 0.422632 4.68352e-005 -0.906302
vn 0.422632 4.68352e-005 -0.906302
vt 0.099042 0.424985
vt 0.093723 0.434421
vt 0.071935 0.445055
f 1234/1234/1234 1235/1235/1235 1236/1236/1236
v 0.098022 4.2521 -0.243066
v 0.098399 4.256 -0.24289
v 0.118595 4.27789 -0.233472
vn 0.42259 4.97825e-005 -0.906321
vn 0.42259 4.97825e-005 -0.906321
vn 0.42259 4.97825e-005 -0.906321
vt 0.10204 0.410673
vt 0.101489 0.415868
vt 0.071935 0.445055
f 1237/1237/1237 1238/1238/1238 1239/1239/1239
v 0.118595 4.22412 -0.233472
v 0.098022 4.2499 -0.243066
v 0.118595 4.27789 -0.233472
vn 0.422642 0 -0.906297
vn 0.422642 0 -0.906297
vn 0.422642 0 -0.906297
vt 0.071935 0.37336
vt 0.10204 0.407742
vt 0.071935 0.445055
f 1240/1240/1240 1241/1241/1241 1242/1242/1242
v 0.100071 4.23917 -0.242111
v 0.098399 4.24601 -0.24289
v 0.118595 4.22412 -0.233472
vn 0.422747 0.000126316 -0.906248
vn 0.422747 0.000126316 -0.906248
vn 0.422747 0.000126316 -0.906248
vt 0.099042 0.39343
vt 0.101489 0.402547
vt 0.071935 0.37336
f 1243/1243/1243 1244/1244/1244 1245/1245/1245
v 0.108748 4.22699 -0.238064
v 0.103705 4.23209 -0.240416
v 0.118595 4.22412 -0.233472
vn 0.422622 -6.78553e-005 -0.906306
vn 0.422622 -6.78553e-005 -0.906306
vn 0.422622 -6.78553e-005 -0.906306
vt 0.086344 0.377193
vt 0.093723 0.383994
vt 0.071935 0.37336
f 1246/1246/1246 1247/1247/1247 1248/1248/1248
v 0.027666 4.14319 -0.156904
v 0.027666 4.19696 -0.156904
v 0.039874 4.15178 -0.153633
vn 0.25881 0 -0.965928
vn 0.25881 0 -0.965928
vn 0.25881 0 -0.965928
vt 0.204994 0.265446
vt 0.204994 0.337142
vt 0.187129 0.276906
f 1249/1249/1249 1250/1250/1250 1251/1251/1251
v 0.047183 4.17977 -0.151674
v 0.047183 4.16038 -0.151674
v 0.043529 4.18406 -0.152654
vn 0.259046 0 -0.965865
vn 0.259046 0 -0.965865
vn 0.259046 0 -0.965865
vt 0.176434 0.31422
vt 0.176434 0.288367
vt 0.181781 0.319951
f 1252/1252/1252 1253/1253/1253 1254/1254/1254
v 0.050838 4.17547 -0.150695
v 0.050838 4.16468 -0.150695
v 0.047183 4.17977 -0.151674
vn 0.258733 0 -0.965949
vn 0.258733 0 -0.965949
vn 0.258733 0 -0.965949
vt 0.171086 0.30849
vt 0.171086 0.294097
vt 0.176434 0.31422
f 1255/1255/1255 1256/1256/1256 1257/1257/1257
v 0.054492 4.17117 -0.149716
v 0.054492 4.16897 -0.149716
v 0.050838 4.17547 -0.150695
vn 0.258796 0 -0.965932
vn 0.258796 0 -0.965932
vn 0.258796 0 -0.965932
vt 0.165738 0.30276
vt 0.165738 0.299827
vt 0.171086 0.30849
f 1258/1258/1258 1259/1259/1259 1260/1260/1260
v -0.039874 4.15178 -0.153633
v -0.043529 4.15608 -0.152654
v -0.039874 4.18836 -0.153633
vn -0.258729 0 -0.96595
vn -0.258729 0 -0.96595
vn -0.258729 0 -0.96595
vt 0.303827 0.276906
vt 0.309175 0.282637
vt 0.303827 0.325681
f 1261/1261/1261 1262/1262/1262 1263/1263/1263
v -0.043529 4.15608 -0.152654
v -0.047183 4.16038 -0.151674
v -0.043529 4.18406 -0.152654
vn -0.259046 0 -0.965865
vn -0.259046 0 -0.965865
vn -0.259046 0 -0.965865
vt 0.309175 0.282637
vt 0.314522 0.288367
vt 0.309175 0.319951
f 1264/1264/1264 1265/1265/1265 1266/1266/1266
v -0.047183 4.16038 -0.151674
v -0.050838 4.16468 -0.150695
v -0.047183 4.17977 -0.151674
vn -0.258733 0 -0.965949
vn -0.258733 0 -0.965949
vn -0.258733 0 -0.965949
vt 0.314522 0.288367
vt 0.31987 0.294097
vt 0.314522 0.31422
f 1267/1267/1267 1268/1268/1268 1269/1269/1269
v -0.050838 4.16468 -0.150695
v -0.054492 4.16897 -0.149716
v -0.050838 4.17547 -0.150695
vn -0.258796 0 -0.965932
vn -0.258796 0 -0.965932
vn -0.258796 0 -0.965932
vt 0.31987 0.294097
vt 0.325218 0.299827
vt 0.31987 0.30849
f 1270/1270/1270 1271/1271/1271 1272/1272/1272
v -0.100071 4.23917 -0.242111
v -0.103705 4.23209 -0.240416
v -0.118595 4.22412 -0.233472
vn -0.422632 -4.68298e-005 -0.906302
vn -0.422632 -4.68298e-005 -0.906302
vn -0.422632 -4.68298e-005 -0.906302
vt 0.391914 0.39343
vt 0.397233 0.383994
vt 0.419021 0.37336
f 1273/1273/1273 1274/1274/1274 1275/1275/1275
v -0.098022 4.2499 -0.243066
v -0.098399 4.24601 -0.24289
v -0.118595 4.22412 -0.233472
vn -0.42259 -4.97825e-005 -0.906321
vn -0.42259 -4.97825e-005 -0.906321
vn -0.42259 -4.97825e-005 -0.906321
vt 0.388916 0.407742
vt 0.389468 0.402547
vt 0.419021 0.37336
f 1276/1276/1276 1277/1277/1277 1278/1278/1278
v -0.098022 4.2521 -0.243066
v -0.098022 4.2499 -0.243066
v -0.118595 4.27789 -0.233472
vn -0.422642 0 -0.906297
vn -0.422642 0 -0.906297
vn -0.422642 0 -0.906297
vt 0.388916 0.410673
vt 0.388916 0.407742
vt 0.419021 0.445055
f 1279/1279/1279 1280/1280/1280 1281/1281/1281
v -0.131359 4.27789 -0.22752
v -0.118595 4.27789 -0.233472
v -0.131359 4.22412 -0.22752
vn -0.422621 0 -0.906306
vn -0.422621 0 -0.906306
vn -0.422621 0 -0.906306
vt 0.437699 0.445055
vt 0.419021 0.445055
vt 0.437699 0.37336
f 1282/1282/1282 1283/1283/1283 1284/1284/1284
v -0.100071 4.26284 -0.242111
v -0.098399 4.256 -0.24289
v -0.118595 4.27789 -0.233472
vn -0.422747 -0.000126316 -0.906248
vn -0.422747 -0.000126316 -0.906248
vn -0.422747 -0.000126316 -0.906248
vt 0.391914 0.424985
vt 0.389468 0.415868
vt 0.419021 0.445055
f 1285/1285/1285 1286/1286/1286 1287/1287/1287
v -0.108748 4.27501 -0.238064
v -0.103705 4.26991 -0.240416
v -0.118595 4.27789 -0.233472
vn -0.422622 6.78463e-005 -0.906306
vn -0.422622 6.78463e-005 -0.906306
vn -0.422622 6.78463e-005 -0.906306
vt 0.404612 0.441222
vt 0.397233 0.434421
vt 0.419021 0.445055
f 1288/1288/1288 1289/1289/1289 1290/1290/1290
v -0.16149 4.2521 -0.206422
v -0.142895 4.27789 -0.219442
v -0.16149 4.2499 -0.206422
vn -0.573566 0 -0.81916
vn -0.573566 0 -0.81916
vn -0.573566 0 -0.81916
vt 0.481791 0.410673
vt 0.45458 0.445055
vt 0.481791 0.407742
f 1291/1291/1291 1292/1292/1292 1293/1293/1293
v -0.159738 4.23836 -0.207649
v -0.161168 4.24483 -0.206648
v -0.142895 4.22412 -0.219442
vn -0.573577 -3.69563e-005 -0.819151
vn -0.573577 -3.69563e-005 -0.819151
vn -0.573577 -3.69563e-005 -0.819151
vt 0.479227 0.392352
vt 0.481319 0.40098
vt 0.45458 0.37336
f 1294/1294/1294 1295/1295/1295 1296/1296/1296
v -0.152316 4.22684 -0.212846
v -0.156629 4.23167 -0.209826
v -0.142895 4.22412 -0.219442
vn -0.573524 7.2306e-005 -0.819189
vn -0.573524 7.2306e-005 -0.819189
vn -0.573524 7.2306e-005 -0.819189
vt 0.468366 0.376987
vt 0.474677 0.383423
vt 0.45458 0.37336
f 1297/1297/1297 1298/1298/1298 1299/1299/1299
v -0.159738 4.26364 -0.207649
v -0.156629 4.27034 -0.209826
v -0.142895 4.27789 -0.219442
vn -0.57354 -2.96599e-005 -0.819178
vn -0.57354 -2.96599e-005 -0.819178
vn -0.57354 -2.96599e-005 -0.819178
vt 0.479227 0.426063
vt 0.474677 0.434992
vt 0.45458 0.445055
f 1300/1300/1300 1301/1301/1301 1302/1302/1302
v -0.16149 4.2521 -0.206422
v -0.161168 4.25717 -0.206648
v -0.142895 4.27789 -0.219442
vn -0.573476 -9.67045e-005 -0.819223
vn -0.573476 -9.67045e-005 -0.819223
vn -0.573476 -9.67045e-005 -0.819223
vt 0.481791 0.410673
vt 0.481319 0.417436
vt 0.45458 0.445055
f 1303/1303/1303 1304/1304/1304 1305/1305/1305
v -0.110438 4.18406 -0.114024
v -0.110438 4.15608 -0.114024
v -0.113113 4.18836 -0.111349
vn -0.707106 0 -0.707108
vn -0.707106 0 -0.707108
vn -0.707106 0 -0.707108
vt 0.50953 0.212139
vt 0.50953 0.174825
vt 0.513444 0.21787
f 1306/1306/1306 1307/1307/1307 1308/1308/1308
v -0.12205 4.14319 -0.102412
v -0.12205 4.19696 -0.102412
v -0.113113 4.15178 -0.111349
vn -0.707107 -0 -0.707107
vn -0.707107 -0 -0.707107
vn -0.707107 -0 -0.707107
vt 0.526522 0.157634
vt 0.526522 0.22933
vt 0.513444 0.169095
f 1309/1309/1309 1310/1310/1310 1311/1311/1311
v -0.107762 4.17977 -0.1167
v -0.107762 4.16038 -0.1167
v -0.110438 4.18406 -0.114024
vn -0.707108 0 -0.707106
vn -0.707108 0 -0.707106
vn -0.707108 0 -0.707106
vt 0.505615 0.206409
vt 0.505615 0.180556
vt 0.50953 0.212139
f 1312/1312/1312 1313/1313/1313 1314/1314/1314
v -0.105087 4.17547 -0.119375
v -0.105087 4.16468 -0.119375
v -0.107762 4.17977 -0.1167
vn -0.707106 0 -0.707108
vn -0.707106 0 -0.707108
vn -0.707106 0 -0.707108
vt 0.5017 0.200679
vt 0.5017 0.186286
vt 0.505615 0.206409
f 1315/1315/1315 1316/1316/1316 1317/1317/1317
v -0.102412 4.17117 -0.12205
v -0.102412 4.16897 -0.12205
v -0.105087 4.17547 -0.119375
vn -0.707108 0 -0.707106
vn -0.707108 0 -0.707106
vn -0.707108 0 -0.707106
vt 0.497785 0.194949
vt 0.497785 0.192016
vt 0.5017 0.200679
f 1318/1318/1318 1319/1319/1319 1320/1320/1320
v -0.10066 4.15743 -0.123277
v -0.10209 4.1639 -0.122276
v -0.159738 4.23836 -0.207649
vn -0.889822 -0.255203 0.37827
vn -0.889822 -0.255203 0.37827
vn -0.889822 -0.255203 0.37827
vt 0.45829 0.115744
vt 0.459755 0.124371
vt 0.334826 0.223659
f 1321/1321/1321 1322/1322/1322 1323/1323/1323
v -0.10209 4.1639 -0.122276
v -0.102412 4.16897 -0.12205
v -0.161168 4.24483 -0.206648
vn -0.849985 -0.0771947 0.521121
vn -0.849985 -0.0771947 0.521121
vn -0.849985 -0.0771947 0.521121
vt 0.459755 0.124371
vt 0.460085 0.131134
vt 0.336291 0.232286
f 1324/1324/1324 1325/1325/1325 1326/1326/1326
v -0.097551 4.15074 -0.125454
v -0.10066 4.15743 -0.123277
v -0.156629 4.23167 -0.209826
vn -0.871728 -0.459794 0.169353
vn -0.871728 -0.459794 0.169353
vn -0.871728 -0.459794 0.169353
vt 0.455104 0.106815
vt 0.45829 0.115744
vt 0.33164 0.214729
f 1327/1327/1327 1328/1328/1328 1329/1329/1329
v -0.083817 4.14319 -0.13507
v -0.08907 4.14369 -0.131391
v -0.142895 4.22412 -0.219442
vn -0.403903 -0.784832 -0.470001
vn -0.403903 -0.784832 -0.470001
vn -0.403903 -0.784832 -0.470001
vt 0.604274 0.599094
vt 0.596586 0.603999
vt 0.517823 0.48659
f 1330/1330/1330 1331/1331/1331 1332/1332/1332
v -0.08907 4.14369 -0.131391
v -0.093238 4.14591 -0.128474
v -0.148149 4.22462 -0.215764
vn -0.600931 -0.743795 -0.292662
vn -0.600931 -0.743795 -0.292662
vn -0.600931 -0.743795 -0.292662
vt 0.596586 0.603999
vt 0.590488 0.60789
vt 0.510136 0.491495
f 1333/1333/1333 1334/1334/1334 1335/1335/1335
v -0.093238 4.14591 -0.128474
v -0.097551 4.15074 -0.125454
v -0.152316 4.22684 -0.212846
vn -0.766484 -0.637854 -0.0751355
vn -0.766484 -0.637854 -0.0751355
vn -0.766484 -0.637854 -0.0751355
vt 0.450685 0.100379
vt 0.455104 0.106815
vt 0.327221 0.208294
f 1336/1336/1336 1337/1337/1337 1338/1338/1338
v -0.093238 4.19424 -0.128474
v -0.08907 4.19646 -0.131391
v -0.152316 4.27517 -0.212846
vn 0.0692516 0.743728 0.664886
vn 0.0692516 0.743728 0.664886
vn 0.0692516 0.743728 0.664886
vt 0.105871 0.845517
vt 0.111969 0.849407
vt 0.019421 0.958021
f 1339/1339/1339 1340/1340/1340 1341/1341/1341
v -0.102412 4.17117 -0.12205
v -0.10209 4.17624 -0.122276
v -0.16149 4.2521 -0.206422
vn -0.780395 0.0772122 0.620501
vn -0.780395 0.0772122 0.620501
vn -0.780395 0.0772122 0.620501
vt 0.460085 0.134066
vt 0.459755 0.140829
vt 0.336621 0.241979
f 1342/1342/1342 1343/1343/1343 1344/1344/1344
v -0.10066 4.18271 -0.123277
v -0.097551 4.18941 -0.125454
v -0.159738 4.26364 -0.207649
vn -0.457289 0.459797 0.761231
vn -0.457289 0.459797 0.761231
vn -0.457289 0.459797 0.761231
vt 0.817722 0.106052
vt 0.822271 0.114981
vt 0.731271 0.213965
f 1345/1345/1345 1346/1346/1346 1347/1347/1347
v -0.097551 4.18941 -0.125454
v -0.093238 4.19424 -0.128474
v -0.156629 4.27034 -0.209826
vn -0.191553 0.637857 0.745953
vn -0.191553 0.637857 0.745953
vn -0.191553 0.637857 0.745953
vt 0.822271 0.114981
vt 0.828583 0.121417
vt 0.735821 0.222895
f 1348/1348/1348 1349/1349/1349 1350/1350/1350
v -0.08907 4.19646 -0.131391
v -0.083817 4.19696 -0.13507
v -0.148149 4.27739 -0.215764
vn 0.303613 0.784846 0.540219
vn 0.303613 0.784846 0.540219
vn 0.303613 0.784846 0.540219
vt 0.111969 0.849407
vt 0.119657 0.854312
vt 0.025519 0.961912
f 1351/1351/1351 1352/1352/1352 1353/1353/1353
v -0.10209 4.17624 -0.122276
v -0.10066 4.18271 -0.123277
v -0.161168 4.25717 -0.206648
vn -0.659819 0.255172 0.706771
vn -0.659819 0.255172 0.706771
vn -0.659819 0.255172 0.706771
vt 0.815629 0.097425
vt 0.817722 0.106052
vt 0.729179 0.205338
f 1354/1354/1354 1355/1355/1355 1356/1356/1356
v 0.156629 4.23167 -0.209826
v 0.159738 4.23836 -0.207649
v 0.097551 4.15074 -0.125454
vn 0.871721 -0.459816 0.169328
vn 0.871721 -0.459816 0.169328
vn 0.871721 -0.459816 0.169328
vt 0.887714 0.476609
vt 0.898017 0.484177
vt 0.83319 0.587052
f 1357/1357/1357 1358/1358/1358 1359/1359/1359
v 0.159738 4.23836 -0.207649
v 0.161168 4.24483 -0.206648
v 0.10066 4.15743 -0.123277
vn 0.88982 -0.255185 0.378286
vn 0.88982 -0.255185 0.378286
vn 0.88982 -0.255185 0.378286
vt 0.898017 0.484177
vt 0.908799 0.488296
vt 0.841938 0.594134
f 1360/1360/1360 1361/1361/1361 1362/1362/1362
v 0.161168 4.24483 -0.206648
v 0.16149 4.2499 -0.206422
v 0.10209 4.1639 -0.122276
vn 0.849985 -0.0771955 0.52112
vn 0.849985 -0.0771955 0.52112
vn 0.849985 -0.0771955 0.52112
vt 0.908799 0.488296
vt 0.91765 0.489997
vt 0.849925 0.597408
f 1363/1363/1363 1364/1364/1364 1365/1365/1365
v 0.152316 4.22684 -0.212846
v 0.156629 4.23167 -0.209826
v 0.093238 4.14591 -0.128474
vn 0.766484 -0.637853 -0.0751348
vn 0.766484 -0.637853 -0.0751348
vn 0.766484 -0.637853 -0.0751348
vt 0.881326 0.467166
vt 0.887714 0.476609
vt 0.826221 0.577618
f 1366/1366/1366 1367/1367/1367 1368/1368/1368
v 0.148149 4.22462 -0.215764
v 0.152316 4.22684 -0.212846
v 0.08907 4.14369 -0.131391
vn 0.601084 -0.743736 -0.292498
vn 0.601084 -0.743736 -0.292498
vn 0.601084 -0.743736 -0.292498
vt 0.943715 0.491495
vt 0.949813 0.495385
vt 0.857264 0.603999
f 1369/1369/1369 1370/1370/1370 1371/1371/1371
v 0.142895 4.22412 -0.219442
v 0.148149 4.22462 -0.215764
v 0.083817 4.14319 -0.13507
vn 0.403749 -0.784842 -0.470118
vn 0.403749 -0.784842 -0.470118
vn 0.403749 -0.784842 -0.470118
vt 0.936028 0.48659
vt 0.943715 0.491495
vt 0.849577 0.599094
f 1372/1372/1372 1373/1373/1373 1374/1374/1374
v 0.08907 4.19646 -0.131391
v 0.093238 4.19424 -0.128474
v 0.148149 4.27739 -0.215764
vn -0.0692497 0.743729 0.664884
vn -0.0692497 0.743729 0.664884
vn -0.0692497 0.743729 0.664884
vt 0.372648 0.849407
vt 0.378746 0.845517
vt 0.459098 0.961912
f 1375/1375/1375 1376/1376/1376 1377/1377/1377
v 0.093238 4.19424 -0.128474
v 0.097551 4.18941 -0.125454
v 0.152316 4.27517 -0.212846
vn 0.191553 0.637857 0.745953
vn 0.191553 0.637857 0.745953
vn 0.191553 0.637857 0.745953
vt 0.611444 0.121417
vt 0.617756 0.114981
vt 0.697895 0.22933
f 1378/1378/1378 1379/1379/1379 1380/1380/1380
v 0.10209 4.17624 -0.122276
v 0.102412 4.17117 -0.12205
v 0.161168 4.25717 -0.206648
vn 0.780395 0.0772122 0.620501
vn 0.780395 0.0772122 0.620501
vn 0.780395 0.0772122 0.620501
vt 0.864464 0.597988
vt 0.858562 0.598399
vt 0.930901 0.490937
f 1381/1381/1381 1382/1382/1382 1383/1383/1383
v 0.083817 4.19696 -0.13507
v 0.08907 4.19646 -0.131391
v 0.142895 4.27789 -0.219442
vn -0.303615 0.784844 0.540221
vn -0.303615 0.784844 0.540221
vn -0.303615 0.784844 0.540221
vt 0.36496 0.854312
vt 0.372648 0.849407
vt 0.451411 0.966817
f 1384/1384/1384 1385/1385/1385 1386/1386/1386
v 0.097551 4.18941 -0.125454
v 0.10066 4.18271 -0.123277
v 0.156629 4.27034 -0.209826
vn 0.457289 0.459798 0.761231
vn 0.457289 0.459798 0.761231
vn 0.457289 0.459798 0.761231
vt 0.617756 0.114981
vt 0.622305 0.106052
vt 0.704206 0.222895
f 1387/1387/1387 1388/1388/1388 1389/1389/1389
v 0.10066 4.18271 -0.123277
v 0.10209 4.17624 -0.122276
v 0.159738 4.26364 -0.207649
vn 0.65982 0.255173 0.706771
vn 0.65982 0.255173 0.706771
vn 0.65982 0.255173 0.706771
vt 0.622305 0.106052
vt 0.624398 0.097425
vt 0.708756 0.213965
f 1390/1390/1390 1391/1391/1391 1392/1392/1392
v 0.056541 4.15824 -0.148761
v 0.054869 4.16508 -0.14954
v 0.100071 4.23917 -0.242111
vn -0.772533 -0.255161 -0.581452
vn -0.772533 -0.255161 -0.581452
vn -0.772533 -0.255161 -0.581452
vt 0.984913 0.269835
vt 0.983772 0.278952
vt 0.848312 0.37775
f 1393/1393/1393 1394/1394/1394 1395/1395/1395
v 0.070091 4.14372 -0.142442
v 0.065218 4.14606 -0.144714
v 0.11362 4.22465 -0.235792
vn -0.0471793 -0.743747 -0.666795
vn -0.0471793 -0.743747 -0.666795
vn -0.0471793 -0.743747 -0.666795
vt 0.829491 0.589264
vt 0.822361 0.586234
vt 0.893189 0.464788
f 1396/1396/1396 1397/1397/1397 1398/1398/1398
v 0.065218 4.14606 -0.144714
v 0.060175 4.15116 -0.147066
v 0.108748 4.22699 -0.238064
vn -0.318054 -0.637918 -0.701358
vn -0.318054 -0.637918 -0.701358
vn -0.318054 -0.637918 -0.701358
vt 0.150042 0.269279
vt 0.157422 0.27608
vt 0.086344 0.377193
f 1399/1399/1399 1400/1400/1400 1401/1401/1401
v 0.060175 4.15116 -0.147066
v 0.056541 4.15824 -0.148761
v 0.103705 4.23209 -0.240416
vn -0.582574 -0.459758 -0.670247
vn -0.582574 -0.459758 -0.670247
vn -0.582574 -0.459758 -0.670247
vt 0.157422 0.27608
vt 0.162741 0.285516
vt 0.093723 0.383994
f 1402/1402/1402 1403/1403/1403 1404/1404/1404
v 0.054869 4.16508 -0.14954
v 0.054492 4.16897 -0.149716
v 0.098399 4.24601 -0.24289
vn -0.862919 -0.10583 -0.494136
vn -0.862919 -0.10583 -0.494136
vn -0.862919 -0.10583 -0.494136
vt 0.983772 0.278952
vt 0.983515 0.284147
vt 0.847171 0.386866
f 1405/1405/1405 1406/1406/1406 1407/1407/1407
v 0.075065 4.14319 -0.140123
v 0.070091 4.14372 -0.142442
v 0.118595 4.22412 -0.233472
vn 0.191851 -0.784061 -0.59029
vn 0.191851 -0.784061 -0.59029
vn 0.191851 -0.784061 -0.59029
vt 0.83677 0.592357
vt 0.829491 0.589264
vt 0.900469 0.467882
f 1408/1408/1408 1409/1409/1409 1410/1410/1410
v 0.054492 4.17117 -0.149716
v 0.054869 4.17507 -0.14954
v 0.098022 4.2521 -0.243066
vn -0.933201 0.105822 -0.343419
vn -0.933201 0.105822 -0.343419
vn -0.933201 0.105822 -0.343419
vt 0.983515 0.28708
vt 0.983772 0.292275
vt 0.846914 0.394993
f 1411/1411/1411 1412/1412/1412 1413/1413/1413
v 0.054869 4.17507 -0.14954
v 0.056541 4.18191 -0.148761
v 0.098399 4.256 -0.24289
vn -0.941989 0.255192 -0.218021
vn -0.941989 0.255192 -0.218021
vn -0.941989 0.255192 -0.218021
vt 0.983772 0.292275
vt 0.984913 0.301391
vt 0.847171 0.400188
f 1414/1414/1414 1415/1415/1415 1416/1416/1416
v 0.065218 4.19408 -0.144714
v 0.070091 4.19643 -0.142442
v 0.108748 4.27501 -0.238064
vn -0.541073 0.743765 0.392496
vn -0.541073 0.743765 0.392496
vn -0.541073 0.743765 0.392496
vt 0.337744 0.867173
vt 0.344874 0.864143
vt 0.401442 0.991648
f 1417/1417/1417 1418/1418/1418 1419/1419/1419
v 0.070091 4.19643 -0.142442
v 0.075065 4.19696 -0.140123
v 0.11362 4.27736 -0.235792
vn -0.328854 0.784066 0.526398
vn -0.328854 0.784066 0.526398
vn -0.328854 0.784066 0.526398
vt 0.344874 0.864143
vt 0.352153 0.86105
vt 0.408572 0.988618
f 1420/1420/1420 1421/1421/1421 1422/1422/1422
v 0.056541 4.18191 -0.148761
v 0.060175 4.18898 -0.147066
v 0.100071 4.26284 -0.242111
vn -0.887923 0.459732 -0.0154872
vn -0.887923 0.459732 -0.0154872
vn -0.887923 0.459732 -0.0154872
vt 0.984913 0.301391
vt 0.987393 0.310827
vt 0.848312 0.409304
f 1423/1423/1423 1424/1424/1424 1425/1425/1425
v 0.060175 4.18898 -0.147066
v 0.065218 4.19408 -0.144714
v 0.103705 4.26991 -0.240416
vn -0.741718 0.637917 0.207165
vn -0.741718 0.637917 0.207165
vn -0.741718 0.637917 0.207165
vt 0.987393 0.310827
vt 0.990834 0.317628
vt 0.850792 0.41874
f 1426/1426/1426 1427/1427/1427 1428/1428/1428
v -0.108748 4.22699 -0.238064
v -0.103705 4.23209 -0.240416
v -0.065218 4.14606 -0.144714
vn 0.318015 -0.637938 -0.701357
vn 0.318015 -0.637938 -0.701357
vn 0.318015 -0.637938 -0.701357
vt 0.404612 0.377193
vt 0.397233 0.383994
vt 0.340914 0.269279
f 1429/1429/1429 1430/1430/1430 1431/1431/1431
v -0.103705 4.23209 -0.240416
v -0.100071 4.23917 -0.242111
v -0.060175 4.15116 -0.147066
vn 0.582599 -0.459736 -0.67024
vn 0.582599 -0.459736 -0.67024
vn 0.582599 -0.459736 -0.67024
vt 0.397233 0.383994
vt 0.391914 0.39343
vt 0.333534 0.27608
f 1432/1432/1432 1433/1433/1433 1434/1434/1434
v -0.118595 4.22412 -0.233472
v -0.11362 4.22465 -0.235792
v -0.075065 4.14319 -0.140123
vn -0.191916 -0.784065 -0.590263
vn -0.191916 -0.784065 -0.590263
vn -0.191916 -0.784065 -0.590263
vt 0.553382 0.467882
vt 0.560662 0.464788
vt 0.617081 0.592357
f 1435/1435/1435 1436/1436/1436 1437/1437/1437
v -0.11362 4.22465 -0.235792
v -0.108748 4.22699 -0.238064
v -0.070091 4.14372 -0.142442
vn 0.0471855 -0.743745 -0.666796
vn 0.0471855 -0.743745 -0.666796
vn 0.0471855 -0.743745 -0.666796
vt 0.560662 0.464788
vt 0.567791 0.461759
vt 0.62436 0.589264
f 1438/1438/1438 1439/1439/1439 1440/1440/1440
v -0.100071 4.23917 -0.242111
v -0.098399 4.24601 -0.24289
v -0.056541 4.15824 -0.148761
vn 0.772521 -0.255177 -0.58146
vn 0.772521 -0.255177 -0.58146
vn 0.772521 -0.255177 -0.58146
vt 0.989437 0.20534
vt 0.990577 0.214456
vt 0.852835 0.097425
f 1441/1441/1441 1442/1442/1442 1443/1443/1443
v -0.098399 4.24601 -0.24289
v -0.098022 4.2499 -0.243066
v -0.054869 4.16508 -0.14954
vn 0.862925 -0.105817 -0.494128
vn 0.862925 -0.105817 -0.494128
vn 0.862925 -0.105817 -0.494128
vt 0.990577 0.214456
vt 0.990834 0.219652
vt 0.853976 0.106542
f 1444/1444/1444 1445/1445/1445 1446/1446/1446
v -0.054869 4.17507 -0.14954
v -0.054492 4.17117 -0.149716
v -0.098399 4.256 -0.24289
vn 0.933202 0.105822 -0.343419
vn 0.933202 0.105822 -0.343419
vn 0.933202 0.105822 -0.343419
vt 0.853976 0.119865
vt 0.854233 0.11467
vt 0.990577 0.227778
f 1447/1447/1447 1448/1448/1448 1449/1449/1449
v -0.075065 4.19696 -0.140123
v -0.070091 4.19643 -0.142442
v -0.118595 4.27789 -0.233472
vn 0.328853 0.784067 0.526397
vn 0.328853 0.784067 0.526397
vn 0.328853 0.784067 0.526397
vt 0.132464 0.86105
vt 0.139743 0.864143
vt 0.068765 0.985525
f 1450/1450/1450 1451/1451/1451 1452/1452/1452
v -0.065218 4.19408 -0.144714
v -0.060175 4.18898 -0.147066
v -0.108748 4.27501 -0.238064
vn 0.741718 0.637916 0.207167
vn 0.741718 0.637916 0.207167
vn 0.741718 0.637916 0.207167
vt 0.846914 0.145218
vt 0.850355 0.138417
vt 0.983515 0.253131
f 1453/1453/1453 1454/1454/1454 1455/1455/1455
v -0.060175 4.18898 -0.147066
v -0.056541 4.18191 -0.148761
v -0.103705 4.26991 -0.240416
vn 0.887923 0.459732 -0.0154872
vn 0.887923 0.459732 -0.0154872
vn 0.887923 0.459732 -0.0154872
vt 0.850355 0.138417
vt 0.852835 0.128981
vt 0.986956 0.24633
f 1456/1456/1456 1457/1457/1457 1458/1458/1458
v -0.056541 4.18191 -0.148761
v -0.054869 4.17507 -0.14954
v -0.100071 4.26284 -0.242111
vn 0.941989 0.255193 -0.218022
vn 0.941989 0.255193 -0.218022
vn 0.941989 0.255193 -0.218022
vt 0.852835 0.128981
vt 0.853976 0.119865
vt 0.989437 0.236894
f 1459/1459/1459 1460/1460/1460 1461/1461/1461
v -0.070091 4.19643 -0.142442
v -0.065218 4.19408 -0.144714
v -0.11362 4.27736 -0.235792
vn 0.541074 0.743763 0.392499
vn 0.541074 0.743763 0.392499
vn 0.541074 0.743763 0.392499
vt 0.139743 0.864143
vt 0.146873 0.867173
vt 0.076045 0.988618
f 1462/1462/1462 1463/1463/1463 1464/1464/1464
v 0.110438 4.15608 -0.114024
v 0.113113 4.15178 -0.111349
v 0.106915 4.14319 -0.115689
vn 0.640908 -0.0764953 -0.763796
vn 0.640908 -0.0764953 -0.763796
vn 0.640908 -0.0764953 -0.763796
vt 0.561846 0.174825
vt 0.557931 0.169095
vt 0.567001 0.157634
f 1465/1465/1465 1466/1466/1466 1467/1467/1467
v 0.110438 4.15608 -0.114024
v 0.106915 4.14319 -0.115689
v 0.10066 4.15743 -0.123277
vn 0.677825 -0.0910038 -0.729569
vn 0.677825 -0.0910038 -0.729569
vn 0.677825 -0.0910038 -0.729569
vt 0.561846 0.174825
vt 0.567001 0.157634
vt 0.576154 0.176627
f 1468/1468/1468 1469/1469/1469 1470/1470/1470
v 0.10209 4.1639 -0.122276
v 0.107762 4.16038 -0.1167
v 0.10066 4.15743 -0.123277
vn 0.687784 -0.0398758 -0.724819
vn 0.687784 -0.0398758 -0.724819
vn 0.687784 -0.0398758 -0.724819
vt 0.574062 0.185254
vt 0.565761 0.180556
vt 0.576154 0.176627
f 1471/1471/1471 1472/1472/1472 1473/1473/1473
v 0.10209 4.1639 -0.122276
v 0.102412 4.16897 -0.12205
v 0.107762 4.16038 -0.1167
vn 0.697093 -0.0123149 -0.716875
vn 0.697093 -0.0123149 -0.716875
vn 0.697093 -0.0123149 -0.716875
vt 0.574062 0.185254
vt 0.57359 0.192016
vt 0.565761 0.180556
f 1474/1474/1474 1475/1475/1475 1476/1476/1476
v 0.110438 4.18406 -0.114024
v 0.106915 4.19696 -0.115689
v 0.113113 4.18836 -0.111349
vn 0.640908 0.0764953 -0.763796
vn 0.640908 0.0764953 -0.763796
vn 0.640908 0.0764953 -0.763796
vt 0.561846 0.212139
vt 0.567001 0.22933
vt 0.557931 0.21787
f 1477/1477/1477 1478/1478/1478 1479/1479/1479
v 0.10066 4.15743 -0.123277
v 0.10114 4.14319 -0.120534
v 0.097551 4.15074 -0.125454
vn 0.716425 -0.108578 -0.689163
vn 0.716425 -0.108578 -0.689163
vn 0.716425 -0.108578 -0.689163
vt 0.576154 0.176627
vt 0.575451 0.157634
vt 0.580703 0.167698
f 1480/1480/1480 1481/1481/1481 1482/1482/1482
v 0.095366 4.14319 -0.125379
v 0.089591 4.14319 -0.130225
v 0.093238 4.14591 -0.128474
vn 0.603104 -0.345986 -0.718721
vn 0.603104 -0.345986 -0.718721
vn 0.603104 -0.345986 -0.718721
vt 0.014038 0.008352
vt 0.021128 0.008352
vt 0.018565 0.011979
f 1483/1483/1483 1484/1484/1484 1485/1485/1485
v 0.08907 4.19646 -0.131391
v 0.089591 4.19696 -0.130225
v 0.093238 4.19424 -0.128474
vn 0.656181 0.541539 -0.525512
vn 0.656181 0.541539 -0.525512
vn 0.656181 0.541539 -0.525512
vt 0.593113 0.228663
vt 0.592351 0.22933
vt 0.587015 0.225703
f 1486/1486/1486 1487/1487/1487 1488/1488/1488
v 0.110438 4.18406 -0.114024
v 0.10066 4.18271 -0.123277
v 0.106915 4.19696 -0.115689
vn 0.677825 0.0910038 -0.729569
vn 0.677825 0.0910038 -0.729569
vn 0.677825 0.0910038 -0.729569
vt 0.561846 0.212139
vt 0.576154 0.210338
vt 0.567001 0.22933
f 1489/1489/1489 1490/1490/1490 1491/1491/1491
v 0.10066 4.18271 -0.123277
v 0.097551 4.18941 -0.125454
v 0.10114 4.19696 -0.120534
vn 0.716425 0.108578 -0.689163
vn 0.716425 0.108578 -0.689163
vn 0.716425 0.108578 -0.689163
vt 0.576154 0.210338
vt 0.580703 0.219267
vt 0.575451 0.22933
f 1492/1492/1492 1493/1493/1493 1494/1494/1494
v 0.107762 4.17977 -0.1167
v 0.105087 4.17547 -0.119375
v 0.10209 4.17624 -0.122276
vn 0.697093 0.0123128 -0.716875
vn 0.697093 0.0123128 -0.716875
vn 0.697093 0.0123128 -0.716875
vt 0.565761 0.206409
vt 0.569675 0.200679
vt 0.574062 0.201711
f 1495/1495/1495 1496/1496/1496 1497/1497/1497
v 0.110438 4.18406 -0.114024
v 0.107762 4.17977 -0.1167
v 0.10066 4.18271 -0.123277
vn 0.685152 0.0266265 -0.727913
vn 0.685152 0.0266265 -0.727913
vn 0.685152 0.0266265 -0.727913
vt 0.561846 0.212139
vt 0.565761 0.206409
vt 0.576154 0.210338
f 1498/1498/1498 1499/1499/1499 1500/1500/1500
v 0.060899 4.14319 -0.145279
v 0.065218 4.14606 -0.144714
v 0.067982 4.14319 -0.142701
vn 0.324875 -0.312648 -0.892585
vn 0.324875 -0.312648 -0.892585
vn 0.324875 -0.312648 -0.892585
vt 0.156364 0.265446
vt 0.150042 0.269279
vt 0.145998 0.265446
f 1501/1501/1501 1502/1502/1502 1503/1503/1503
v 0.060899 4.14319 -0.145279
v 0.053815 4.14319 -0.147857
v 0.060175 4.15116 -0.147066
vn 0.336596 -0.176692 -0.924923
vn 0.336596 -0.176692 -0.924923
vn 0.336596 -0.176692 -0.924923
vt 0.156364 0.265446
vt 0.166729 0.265446
vt 0.157422 0.27608
f 1504/1504/1504 1505/1505/1505 1506/1506/1506
v 0.047183 4.16038 -0.151674
v 0.050838 4.16468 -0.150695
v 0.056541 4.15824 -0.148761
vn 0.290918 -0.0295749 -0.956291
vn 0.290918 -0.0295749 -0.956291
vn 0.290918 -0.0295749 -0.956291
vt 0.176434 0.288367
vt 0.171086 0.294097
vt 0.162741 0.285516
f 1507/1507/1507 1508/1508/1508 1509/1509/1509
v 0.046732 4.14319 -0.150435
v 0.043529 4.15608 -0.152654
v 0.053815 4.14319 -0.147857
vn 0.341017 -0.0765412 -0.936936
vn 0.341017 -0.0765412 -0.936936
vn 0.341017 -0.0765412 -0.936936
vt 0.177094 0.265446
vt 0.181781 0.282637
vt 0.166729 0.265446
f 1510/1510/1510 1511/1511/1511 1512/1512/1512
v 0.039649 4.14319 -0.153013
v 0.039874 4.15178 -0.153633
v 0.046732 4.14319 -0.150435
vn 0.341018 -0.0765124 -0.936938
vn 0.341018 -0.0765124 -0.936938
vn 0.341018 -0.0765124 -0.936938
vt 0.187459 0.265446
vt 0.187129 0.276906
vt 0.177094 0.265446
f 1513/1513/1513 1514/1514/1514 1515/1515/1515
v 0.043529 4.18406 -0.152654
v 0.039874 4.18836 -0.153633
v 0.046732 4.19696 -0.150435
vn 0.34097 0.0765556 -0.936952
vn 0.34097 0.0765556 -0.936952
vn 0.34097 0.0765556 -0.936952
vt 0.181781 0.319951
vt 0.187129 0.325681
vt 0.177094 0.337142
f 1516/1516/1516 1517/1517/1517 1518/1518/1518
v 0.046732 4.19696 -0.150435
v 0.053815 4.19696 -0.147857
v 0.043529 4.18406 -0.152654
vn 0.341017 0.0765412 -0.936936
vn 0.341017 0.0765412 -0.936936
vn 0.341017 0.0765412 -0.936936
vt 0.177094 0.337142
vt 0.166729 0.337142
vt 0.181781 0.319951
f 1519/1519/1519 1520/1520/1520 1521/1521/1521
v 0.054869 4.17507 -0.14954
v 0.050838 4.17547 -0.150695
v 0.056541 4.18191 -0.148761
vn 0.278986 0.0410865 -0.959416
vn 0.278986 0.0410865 -0.959416
vn 0.278986 0.0410865 -0.959416
vt 0.165187 0.307955
vt 0.171086 0.30849
vt 0.162741 0.317072
f 1522/1522/1522 1523/1523/1523 1524/1524/1524
v -0.043529 4.15608 -0.152654
v -0.039874 4.15178 -0.153633
v -0.046732 4.14319 -0.150435
vn -0.34097 -0.0765556 -0.936952
vn -0.34097 -0.0765556 -0.936952
vn -0.34097 -0.0765556 -0.936952
vt 0.309175 0.282637
vt 0.303827 0.276906
vt 0.313862 0.265446
f 1525/1525/1525 1526/1526/1526 1527/1527/1527
v 0.060899 4.19696 -0.145279
v 0.060175 4.18898 -0.147066
v 0.053815 4.19696 -0.147857
vn 0.336596 0.176692 -0.924923
vn 0.336596 0.176692 -0.924923
vn 0.336596 0.176692 -0.924923
vt 0.156364 0.337142
vt 0.157422 0.326508
vt 0.166729 0.337142
f 1528/1528/1528 1529/1529/1529 1530/1530/1530
v 0.060899 4.19696 -0.145279
v 0.067982 4.19696 -0.142701
v 0.065218 4.19408 -0.144714
vn 0.32488 0.312601 -0.892599
vn 0.32488 0.312601 -0.892599
vn 0.32488 0.312601 -0.892599
vt 0.156364 0.337142
vt 0.145998 0.337142
vt 0.150042 0.333309
f 1531/1531/1531 1532/1532/1532 1533/1533/1533
v -0.054869 4.16508 -0.14954
v -0.050838 4.16468 -0.150695
v -0.056541 4.15824 -0.148761
vn -0.278986 -0.0410865 -0.959416
vn -0.278986 -0.0410865 -0.959416
vn -0.278986 -0.0410865 -0.959416
vt 0.325769 0.294632
vt 0.31987 0.294097
vt 0.328215 0.285516
f 1534/1534/1534 1535/1535/1535 1536/1536/1536
v -0.070091 4.14372 -0.142442
v -0.065218 4.14606 -0.144714
v -0.067982 4.14319 -0.142701
vn -0.212683 -0.414949 -0.884637
vn -0.212683 -0.414949 -0.884637
vn -0.212683 -0.414949 -0.884637
vt 0.348043 0.266151
vt 0.340914 0.269279
vt 0.344958 0.265446
f 1537/1537/1537 1538/1538/1538 1539/1539/1539
v -0.056541 4.15824 -0.148761
v -0.043529 4.15608 -0.152654
v -0.053815 4.14319 -0.147857
vn -0.30178 -0.111528 -0.946832
vn -0.30178 -0.111528 -0.946832
vn -0.30178 -0.111528 -0.946832
vt 0.328215 0.285516
vt 0.309175 0.282637
vt 0.324227 0.265446
f 1540/1540/1540 1541/1541/1541 1542/1542/1542
v -0.056541 4.15824 -0.148761
v -0.053815 4.14319 -0.147857
v -0.060175 4.15116 -0.147066
vn -0.248823 -0.102912 -0.963066
vn -0.248823 -0.102912 -0.963066
vn -0.248823 -0.102912 -0.963066
vt 0.328215 0.285516
vt 0.324227 0.265446
vt 0.333534 0.27608
f 1543/1543/1543 1544/1544/1544 1545/1545/1545
v -0.039649 4.19696 -0.153013
v -0.039874 4.18836 -0.153633
v -0.046732 4.19696 -0.150435
vn -0.341018 0.0765124 -0.936938
vn -0.341018 0.0765124 -0.936938
vn -0.341018 0.0765124 -0.936938
vt 0.303497 0.337142
vt 0.303827 0.325681
vt 0.313862 0.337142
f 1546/1546/1546 1547/1547/1547 1548/1548/1548
v -0.047183 4.17977 -0.151674
v -0.050838 4.17547 -0.150695
v -0.056541 4.18191 -0.148761
vn -0.290918 0.0295749 -0.956291
vn -0.290918 0.0295749 -0.956291
vn -0.290918 0.0295749 -0.956291
vt 0.314522 0.31422
vt 0.31987 0.30849
vt 0.328215 0.317072
f 1549/1549/1549 1550/1550/1550 1551/1551/1551
v -0.056541 4.18191 -0.148761
v -0.053815 4.19696 -0.147857
v -0.043529 4.18406 -0.152654
vn -0.30178 0.111528 -0.946832
vn -0.30178 0.111528 -0.946832
vn -0.30178 0.111528 -0.946832
vt 0.328215 0.317072
vt 0.324227 0.337142
vt 0.309175 0.319951
f 1552/1552/1552 1553/1553/1553 1554/1554/1554
v -0.056541 4.18191 -0.148761
v -0.060175 4.18898 -0.147066
v -0.053815 4.19696 -0.147857
vn -0.248823 0.102912 -0.963066
vn -0.248823 0.102912 -0.963066
vn -0.248823 0.102912 -0.963066
vt 0.328215 0.317072
vt 0.333534 0.326508
vt 0.324227 0.337142
f 1555/1555/1555 1556/1556/1556 1557/1557/1557
v -0.070091 4.19643 -0.142442
v -0.067982 4.19696 -0.142701
v -0.065218 4.19408 -0.144714
vn -0.212753 0.414837 -0.884673
vn -0.212753 0.414837 -0.884673
vn -0.212753 0.414837 -0.884673
vt 0.348043 0.336437
vt 0.344958 0.337142
vt 0.340914 0.333309
f 1558/1558/1558 1559/1559/1559 1560/1560/1560
v -0.095366 4.14319 -0.125379
v -0.10114 4.14319 -0.120534
v -0.097551 4.15074 -0.125454
vn -0.631059 -0.19018 -0.752061
vn -0.631059 -0.19018 -0.752061
vn -0.631059 -0.19018 -0.752061
vt 0.455213 0.096752
vt 0.462303 0.096752
vt 0.455104 0.106815
f 1561/1561/1561 1562/1562/1562 1563/1563/1563
v -0.110438 4.15608 -0.114024
v -0.107762 4.16038 -0.1167
v -0.10066 4.15743 -0.123277
vn -0.685152 -0.0266265 -0.727913
vn -0.685152 -0.0266265 -0.727913
vn -0.685152 -0.0266265 -0.727913
vt 0.50953 0.174825
vt 0.505615 0.180556
vt 0.495222 0.176627
f 1564/1564/1564 1565/1565/1565 1566/1566/1566
v -0.10114 4.14319 -0.120534
v -0.106915 4.14319 -0.115689
v -0.10066 4.15743 -0.123277
vn -0.637693 -0.124892 -0.760098
vn -0.637693 -0.124892 -0.760098
vn -0.637693 -0.124892 -0.760098
vt 0.495924 0.157634
vt 0.504374 0.157634
vt 0.495222 0.176627
f 1567/1567/1567 1568/1568/1568 1569/1569/1569
v -0.107762 4.16038 -0.1167
v -0.105087 4.16468 -0.119375
v -0.10209 4.1639 -0.122276
vn -0.697094 -0.0123117 -0.716874
vn -0.697094 -0.0123117 -0.716874
vn -0.697094 -0.0123117 -0.716874
vt 0.505615 0.180556
vt 0.5017 0.186286
vt 0.497314 0.185254
f 1570/1570/1570 1571/1571/1571 1572/1572/1572
v -0.112689 4.14319 -0.110844
v -0.113113 4.15178 -0.111349
v -0.106915 4.14319 -0.115689
vn -0.640907 -0.0764935 -0.763798
vn -0.640907 -0.0764935 -0.763798
vn -0.640907 -0.0764935 -0.763798
vt 0.512824 0.157634
vt 0.513444 0.169095
vt 0.504374 0.157634
f 1573/1573/1573 1574/1574/1574 1575/1575/1575
v -0.110438 4.18406 -0.114024
v -0.113113 4.18836 -0.111349
v -0.106915 4.19696 -0.115689
vn -0.640908 0.0764953 -0.763796
vn -0.640908 0.0764953 -0.763796
vn -0.640908 0.0764953 -0.763796
vt 0.50953 0.212139
vt 0.513444 0.21787
vt 0.504374 0.22933
f 1576/1576/1576 1577/1577/1577 1578/1578/1578
v -0.10209 4.17624 -0.122276
v -0.102412 4.17117 -0.12205
v -0.107762 4.17977 -0.1167
vn -0.697092 0.0123159 -0.716876
vn -0.697092 0.0123159 -0.716876
vn -0.697092 0.0123159 -0.716876
vt 0.20288 0.155644
vt 0.202409 0.148881
vt 0.194579 0.160342
f 1579/1579/1579 1580/1580/1580 1581/1581/1581
v -0.095366 4.14319 -0.125379
v -0.093238 4.14591 -0.128474
v -0.089591 4.14319 -0.130225
vn -0.603104 -0.345986 -0.718721
vn -0.603104 -0.345986 -0.718721
vn -0.603104 -0.345986 -0.718721
vt 0.455213 0.096752
vt 0.450685 0.100379
vt 0.448123 0.096752
f 1582/1582/1582 1583/1583/1583 1584/1584/1584
v -0.095366 4.19696 -0.125379
v -0.089591 4.19696 -0.130225
v -0.093238 4.19424 -0.128474
vn -0.603104 0.345986 -0.718721
vn -0.603104 0.345986 -0.718721
vn -0.603104 0.345986 -0.718721
vt 0.169158 0.160342
vt 0.162068 0.160342
vt 0.16463 0.156715
f 1585/1585/1585 1586/1586/1586 1587/1587/1587
v -0.110438 4.18406 -0.114024
v -0.106915 4.19696 -0.115689
v -0.10066 4.18271 -0.123277
vn -0.677825 0.0910038 -0.729569
vn -0.677825 0.0910038 -0.729569
vn -0.677825 0.0910038 -0.729569
vt 0.50953 0.212139
vt 0.504374 0.22933
vt 0.495221 0.210338
f 1588/1588/1588 1589/1589/1589 1590/1590/1590
v -0.10209 4.17624 -0.122276
v -0.107762 4.17977 -0.1167
v -0.10066 4.18271 -0.123277
vn -0.687784 0.0398726 -0.72482
vn -0.687784 0.0398726 -0.72482
vn -0.687784 0.0398726 -0.72482
vt 0.497314 0.201711
vt 0.505615 0.206409
vt 0.495221 0.210338
f 1591/1591/1591 1592/1592/1592 1593/1593/1593
v -0.095366 4.19696 -0.125379
v -0.097551 4.18941 -0.125454
v -0.10114 4.19696 -0.120534
vn -0.631059 0.19018 -0.752061
vn -0.631059 0.19018 -0.752061
vn -0.631059 0.19018 -0.752061
vt 0.169158 0.160342
vt 0.16905 0.150279
vt 0.176248 0.160342
f 1594/1594/1594 1595/1595/1595 1596/1596/1596
