o data/uid/01014700/s/000003.obj
//1
usemtl mat0
v -8.09238 2.19082 20.4069
v -8.08738 2.19082 20.4069
v -8.08738 2.19082 20.4119
vn -0 -1 -0
vn -0 -1 -0
vn -0 -1 -0
vt 0.622706 0.563944
vt 0.623971 0.563944
vt 0.623971 0.565209
f 1/1/1 2/2/2 3/3/3
v -8.09238 2.19082 20.4119
v -8.09238 2.19082 20.4069
v -8.08738 2.19082 20.4119
vn -0 -1 0
vn -0 -1 0
vn -0 -1 0
vt 0.622706 0.565209
vt 0.622706 0.563944
vt 0.623971 0.565209
f 4/4/4 5/5/5 6/6/6
v -8.08738 2.22082 20.4119
v -8.08738 2.22082 20.4069
v -8.09238 2.22082 20.4069
vn 0 1 0
vn 0 1 0
vn 0 1 0
vt 0.625249 0.556279
vt 0.625249 0.557544
vt 0.623983 0.557544
f 7/7/7 8/8/8 9/9/9
v -8.09238 2.22082 20.4069
v -8.09238 2.22082 20.4119
v -8.08738 2.22082 20.4119
vn 0 1 0
vn 0 1 0
vn 0 1 0
vt 0.623983 0.557544
vt 0.623983 0.556279
vt 0.625249 0.556279
f 10/10/10 11/11/11 12/12/12
v -8.08738 2.22082 20.4119
v -8.09238 2.22082 20.4119
v -8.09238 2.19082 20.4119
vn 0 0 1
vn 0 0 1
vn 0 0 1
vt 0.599711 0.563974
vt 0.600976 0.563974
vt 0.600976 0.571566
f 13/13/13 14/14/14 15/15/15
v -8.09238 2.19082 20.4119
v -8.08738 2.19082 20.4119
v -8.08738 2.22082 20.4119
vn 0 0 1
vn 0 0 1
vn 0 0 1
vt 0.600976 0.571566
vt 0.599711 0.571566
vt 0.599711 0.563974
f 16/16/16 17/17/17 18/18/18
v -8.08738 2.22082 20.4069
v -8.08738 2.22082 20.4119
v -8.08738 2.19082 20.4119
vn 1 -0 0
vn 1 -0 0
vn 1 -0 0
vt 0.599711 0.548644
vt 0.600976 0.548644
vt 0.600976 0.556237
f 19/19/19 20/20/20 21/21/21
v -8.08738 2.19082 20.4119
v -8.08738 2.19082 20.4069
v -8.08738 2.22082 20.4069
vn 1 0 -0
vn 1 0 -0
vn 1 0 -0
vt 0.600976 0.556237
vt 0.599711 0.556237
vt 0.599711 0.548644
f 22/22/22 23/23/23 24/24/24
v -8.08738 2.19082 20.4069
v -8.09238 2.19082 20.4069
v -8.08738 2.22082 20.4069
vn 0 -0 -1
vn 0 -0 -1
vn 0 -0 -1
vt 0.602254 0.556237
vt 0.600988 0.556237
vt 0.602254 0.548644
f 25/25/25 26/26/26 27/27/27
v -8.09238 2.19082 20.4069
v -8.09238 2.22082 20.4069
v -8.08738 2.22082 20.4069
vn -0 -0 -1
vn -0 -0 -1
vn -0 -0 -1
vt 0.600988 0.556237
vt 0.600988 0.548644
vt 0.602254 0.548644
f 28/28/28 29/29/29 30/30/30
v -8.09238 2.22082 20.4069
v -8.09238 2.19082 20.4069
v -8.09238 2.22082 20.4119
vn -1 0 -0
vn -1 0 -0
vn -1 0 -0
vt 0.600976 0.556309
vt 0.600976 0.563901
vt 0.599711 0.556309
f 31/31/31 32/32/32 33/33/33
v -8.09238 2.19082 20.4069
v -8.09238 2.19082 20.4119
v -8.09238 2.22082 20.4119
vn -1 -0 -0
vn -1 -0 -0
vn -1 -0 -0
vt 0.600976 0.563901
vt 0.599711 0.563901
vt 0.599711 0.556309
f 34/34/34 35/35/35 36/36/36
v -8.09955 0.732237 20.4306
v -8.09955 0.732237 20.4326
v -8.10155 0.732237 20.4326
vn 0 -1 0
vn 0 -1 0
vn 0 -1 0
vt 0.612144 0.493446
vt 0.61265 0.493446
vt 0.61265 0.493952
f 37/37/37 38/38/38 39/39/39
v -8.10155 0.732237 20.4326
v -8.10155 0.732237 20.4306
v -8.09955 0.732237 20.4306
vn 0 -1 0
vn 0 -1 0
vn 0 -1 0
vt 0.61265 0.493952
vt 0.612144 0.493952
vt 0.612144 0.493446
f 40/40/40 41/41/41 42/42/42
v -8.09955 2.23224 20.4306
v -8.10155 2.23224 20.4306
v -8.10155 2.23224 20.4326
vn -0 1 0
vn -0 1 0
vn -0 1 0
vt 0.61265 0.492935
vt 0.61265 0.493441
vt 0.612144 0.493441
f 43/43/43 44/44/44 45/45/45
v -8.10155 2.23224 20.4326
v -8.09955 2.23224 20.4326
v -8.09955 2.23224 20.4306
vn 0 1 -0
vn 0 1 -0
vn 0 1 -0
vt 0.612144 0.493441
vt 0.612144 0.492935
vt 0.61265 0.492935
f 46/46/46 47/47/47 48/48/48
v -8.09955 2.23224 20.4326
v -8.10155 2.23224 20.4326
v -8.10155 0.732237 20.4326
vn 0 0 1
vn 0 0 1
vn 0 0 1
vt 0.614183 0.492151
vt 0.613677 0.492151
vt 0.613677 0.112512
f 49/49/49 50/50/50 51/51/51
v -8.10155 0.732237 20.4326
v -8.09955 0.732237 20.4326
v -8.09955 2.23224 20.4326
vn 0 0 1
vn 0 0 1
vn 0 0 1
vt 0.613677 0.112512
vt 0.614183 0.112512
vt 0.614183 0.492151
f 52/52/52 53/53/53 54/54/54
v -8.09955 2.23224 20.4306
v -8.09955 2.23224 20.4326
v -8.09955 0.732237 20.4326
vn 1 -0 0
vn 1 -0 0
vn 1 -0 0
vt 0.613161 0.492151
vt 0.612655 0.492151
vt 0.612655 0.112512
f 55/55/55 56/56/56 57/57/57
v -8.09955 0.732237 20.4326
v -8.09955 0.732237 20.4306
v -8.09955 2.23224 20.4306
vn 1 0 -0
vn 1 0 -0
vn 1 0 -0
vt 0.612655 0.112512
vt 0.613161 0.112512
vt 0.613161 0.492151
f 58/58/58 59/59/59 60/60/60
v -8.10155 2.23224 20.4306
v -8.09955 2.23224 20.4306
v -8.09955 0.732237 20.4306
vn 0 0 -1
vn 0 0 -1
vn 0 0 -1
vt 0.614694 0.492151
vt 0.614188 0.492151
vt 0.614188 0.112512
f 61/61/61 62/62/62 63/63/63
v -8.09955 0.732237 20.4306
v -8.10155 0.732237 20.4306
v -8.10155 2.23224 20.4306
vn 0 0 -1
vn 0 0 -1
vn 0 0 -1
vt 0.614188 0.112512
vt 0.614694 0.112512
vt 0.614694 0.492151
f 64/64/64 65/65/65 66/66/66
v -8.10155 2.23224 20.4326
v -8.10155 2.23224 20.4306
v -8.10155 0.732237 20.4306
vn -1 0 0
vn -1 0 0
vn -1 0 0
vt 0.613672 0.492151
vt 0.613166 0.492151
vt 0.613166 0.112512
f 67/67/67 68/68/68 69/69/69
v -8.10155 0.732237 20.4306
v -8.10155 0.732237 20.4326
v -8.10155 2.23224 20.4326
vn -1 -0 -0
vn -1 -0 -0
vn -1 -0 -0
vt 0.613166 0.112512
vt 0.613672 0.112512
vt 0.613672 0.492151
f 70/70/70 71/71/71 72/72/72
v -8.08851 0.732237 20.4306
v -8.08851 0.732237 20.4326
v -8.09051 0.732237 20.4326
vn 0 -1 0
vn 0 -1 0
vn 0 -1 0
vt 0.6101 0.493446
vt 0.6101 0.493952
vt 0.609594 0.493952
f 73/73/73 74/74/74 75/75/75
v -8.09051 0.732237 20.4326
v -8.09051 0.732237 20.4306
v -8.08851 0.732237 20.4306
vn 0 -1 0
vn 0 -1 0
vn 0 -1 0
vt 0.609594 0.493952
vt 0.609594 0.493446
vt 0.6101 0.493446
f 76/76/76 77/77/77 78/78/78
v -8.08851 2.23224 20.4306
v -8.09051 2.23224 20.4306
v -8.09051 2.23224 20.4326
vn -0 1 0
vn -0 1 0
vn -0 1 0
vt 0.6101 0.493441
vt 0.609594 0.493441
vt 0.609594 0.492935
f 79/79/79 80/80/80 81/81/81
v -8.09051 2.23224 20.4326
v -8.08851 2.23224 20.4326
v -8.08851 2.23224 20.4306
vn 0 1 -0
vn 0 1 -0
vn 0 1 -0
vt 0.609594 0.492935
vt 0.6101 0.492935
vt 0.6101 0.493441
f 82/82/82 83/83/83 84/84/84
v -8.08851 2.23224 20.4326
v -8.09051 2.23224 20.4326
v -8.09051 0.732237 20.4326
vn 0 0 1
vn 0 0 1
vn 0 0 1
vt 0.611122 0.492151
vt 0.610615 0.492151
vt 0.610615 0.112512
f 85/85/85 86/86/86 87/87/87
v -8.09051 0.732237 20.4326
v -8.08851 0.732237 20.4326
v -8.08851 2.23224 20.4326
vn 0 0 1
vn 0 0 1
vn 0 0 1
vt 0.610615 0.112512
vt 0.611122 0.112512
vt 0.611122 0.492151
f 88/88/88 89/89/89 90/90/90
v -8.08851 2.23224 20.4306
v -8.08851 2.23224 20.4326
v -8.08851 0.732237 20.4326
vn 1 -0 0
vn 1 -0 0
vn 1 -0 0
vt 0.611633 0.492151
vt 0.611126 0.492151
vt 0.611126 0.112512
f 91/91/91 92/92/92 93/93/93
v -8.08851 0.732237 20.4326
v -8.08851 0.732237 20.4306
v -8.08851 2.23224 20.4306
vn 1 0 -0
vn 1 0 -0
vn 1 0 -0
vt 0.611126 0.112512
vt 0.611633 0.112512
vt 0.611633 0.492151
f 94/94/94 95/95/95 96/96/96
v -8.09051 2.23224 20.4306
v -8.08851 2.23224 20.4306
v -8.08851 0.732237 20.4306
vn 0 0 -1
vn 0 0 -1
vn 0 0 -1
vt 0.610611 0.492151
vt 0.610105 0.492151
vt 0.610105 0.112512
f 97/97/97 98/98/98 99/99/99
v -8.08851 0.732237 20.4306
v -8.09051 0.732237 20.4306
v -8.09051 2.23224 20.4306
vn 0 0 -1
vn 0 0 -1
vn 0 0 -1
vt 0.610105 0.112512
vt 0.610611 0.112512
vt 0.610611 0.492151
f 100/100/100 101/101/101 102/102/102
v -8.09051 2.23224 20.4326
v -8.09051 2.23224 20.4306
v -8.09051 0.732237 20.4306
vn -1 0 0
vn -1 0 0
vn -1 0 0
vt 0.612144 0.492151
vt 0.611637 0.492151
vt 0.611637 0.112512
f 103/103/103 104/104/104 105/105/105
v -8.09051 0.732237 20.4306
v -8.09051 0.732237 20.4326
v -8.09051 2.23224 20.4326
vn -1 -0 -0
vn -1 -0 -0
vn -1 -0 -0
vt 0.611637 0.112512
vt 0.612144 0.112512
vt 0.612144 0.492151
f 106/106/106 107/107/107 108/108/108
v -8.10707 0.733389 20.4291
v -8.10707 0.733389 20.4341
v -8.08207 0.733389 20.4341
vn 0 1 0
vn 0 1 0
vn 0 1 0
vt 0.686285 0.561454
vt 0.686285 0.562719
vt 0.679958 0.562719
f 109/109/109 110/110/110 111/111/111
v -8.08207 0.733389 20.4341
v -8.08207 0.733389 20.4291
v -8.10707 0.733389 20.4291
vn 0 1 0
vn 0 1 0
vn 0 1 0
vt 0.679958 0.562719
vt 0.679958 0.561454
vt 0.686285 0.561454
f 112/112/112 113/113/113 114/114/114
v -8.08207 0.681572 20.4291
v -8.08207 0.681572 20.4341
v -8.08595 0.676231 20.4341
vn 0.809426 -0.587222 0
vn 0.809426 -0.587222 0
vn 0.809426 -0.587222 0
vt 0.673068 0.558892
vt 0.673068 0.560171
vt 0.671702 0.560171
f 115/115/115 116/116/116 117/117/117
v -8.08595 0.676231 20.4341
v -8.08595 0.676231 20.4291
v -8.08207 0.681572 20.4291
vn 0.809564 -0.587032 0.000308758
vn 0.809564 -0.587032 0.000308758
vn 0.809564 -0.587032 0.000308758
vt 0.671702 0.560171
vt 0.671702 0.558892
vt 0.673068 0.558892
f 118/118/118 119/119/119 120/120/120
v -8.10364 0.676233 20.4341
v -8.08207 0.733389 20.4341
v -8.10707 0.733389 20.4341
vn -0 0 1
vn -0 0 1
vn -0 0 1
vt 0.671778 0.551607
vt 0.686243 0.546148
vt 0.686243 0.552475
f 121/121/121 122/122/122 123/123/123
v -8.10707 0.733389 20.4341
v -8.10707 0.681572 20.4341
v -8.10364 0.676233 20.4341
vn 0 -0 1
vn 0 -0 1
vn 0 -0 1
vt 0.686243 0.552475
vt 0.673129 0.552475
vt 0.671778 0.551607
f 124/124/124 125/125/125 126/126/126
v -8.10364 0.676233 20.4341
v -8.09869 0.673853 20.4341
v -8.09443 0.673389 20.4341
vn 0 0 1
vn 0 0 1
vn 0 0 1
vt 0.671778 0.551607
vt 0.671175 0.550352
vt 0.671058 0.549276
f 127/127/127 128/128/128 129/129/129
v -8.09443 0.673389 20.4341
v -8.08207 0.733389 20.4341
v -8.10364 0.676233 20.4341
vn -0 0 1
vn -0 0 1
vn -0 0 1
vt 0.671058 0.549276
vt 0.686243 0.546148
vt 0.671778 0.551607
f 130/130/130 131/131/131 132/132/132
v -8.08207 0.733389 20.4341
v -8.09443 0.673389 20.4341
v -8.08966 0.673851 20.4341
vn 0 -0 1
vn 0 -0 1
vn 0 -0 1
vt 0.686243 0.546148
vt 0.671058 0.549276
vt 0.671175 0.548069
f 133/133/133 134/134/134 135/135/135
v -8.08966 0.673851 20.4341
v -8.08595 0.676231 20.4341
v -8.08207 0.733389 20.4341
vn 0 0 1
vn 0 0 1
vn 0 0 1
vt 0.671175 0.548069
vt 0.671777 0.547129
vt 0.686243 0.546148
f 136/136/136 137/137/137 138/138/138
v -8.08207 0.733389 20.4341
v -8.08595 0.676231 20.4341
v -8.08207 0.681572 20.4341
vn 0 -0 1
vn 0 -0 1
vn 0 -0 1
vt 0.686243 0.546148
vt 0.671777 0.547129
vt 0.673129 0.546148
f 139/139/139 140/140/140 141/141/141
v -8.10707 0.681572 20.4291
v -8.10707 0.681572 20.4341
v -8.10707 0.733389 20.4341
vn -1 -0 -0
vn -1 -0 -0
vn -1 -0 -0
vt 0.673081 0.561447
vt 0.673081 0.560171
vt 0.68631 0.560171
f 142/142/142 143/143/143 144/144/144
v -8.10707 0.733389 20.4341
v -8.10707 0.733389 20.4291
v -8.10707 0.681572 20.4291
vn -1 0 0
vn -1 0 0
vn -1 0 0
vt 0.68631 0.560171
vt 0.68631 0.561447
vt 0.673081 0.561447
f 145/145/145 146/146/146 147/147/147
v -8.08207 0.681572 20.4291
v -8.08595 0.676231 20.4291
v -8.10707 0.733389 20.4291
vn 0 0 -1
vn 0 0 -1
vn 0 0 -1
vt 0.673129 0.558863
vt 0.671777 0.557882
vt 0.686243 0.552535
f 148/148/148 149/149/149 150/150/150
v -8.10707 0.733389 20.4291
v -8.08207 0.733389 20.4291
v -8.08207 0.681572 20.4291
vn 0 0 -1
vn 0 0 -1
vn 0 0 -1
vt 0.686243 0.552535
vt 0.686243 0.558863
vt 0.673129 0.558863
f 151/151/151 152/152/152 153/153/153
v -8.10707 0.733389 20.4291
v -8.08595 0.676231 20.4291
v -8.08966 0.673851 20.4291
vn 0 0 -1
vn 0 0 -1
vn 0 0 -1
vt 0.686243 0.552535
vt 0.671777 0.557882
vt 0.671175 0.556943
f 154/154/154 155/155/155 156/156/156
v -8.08966 0.673851 20.4291
v -8.09443 0.673389 20.4291
v -8.10707 0.733389 20.4291
vn 0 0 -1
vn 0 0 -1
vn 0 0 -1
vt 0.671175 0.556943
vt 0.671058 0.555735
vt 0.686243 0.552535
f 157/157/157 158/158/158 159/159/159
v -8.09443 0.673389 20.4291
v -8.09868 0.673853 20.4291
v -8.10364 0.676233 20.4291
vn 0 0 -1
vn 0 0 -1
vn 0 0 -1
vt 0.671058 0.555735
vt 0.671175 0.55466
vt 0.671778 0.553404
f 160/160/160 161/161/161 162/162/162
v -8.10364 0.676233 20.4291
v -8.10707 0.733389 20.4291
v -8.09443 0.673389 20.4291
vn -0 -0 -1
vn -0 -0 -1
vn -0 -0 -1
vt 0.671778 0.553404
vt 0.686243 0.552535
vt 0.671058 0.555735
f 163/163/163 164/164/164 165/165/165
v -8.10707 0.733389 20.4291
v -8.10364 0.676233 20.4291
v -8.10707 0.681572 20.4291
vn 0 0 -1
vn 0 0 -1
vn 0 0 -1
vt 0.686243 0.552535
vt 0.671778 0.553404
vt 0.673129 0.552535
f 166/166/166 167/167/167 168/168/168
v -8.08207 0.681572 20.4341
v -8.08207 0.681572 20.4291
v -8.08207 0.733389 20.4291
vn 1 0 -0
vn 1 0 -0
vn 1 0 -0
vt 0.673068 0.560171
vt 0.673068 0.558892
vt 0.686326 0.558892
f 169/169/169 170/170/170 171/171/171
v -8.08207 0.733389 20.4291
v -8.08207 0.733389 20.4341
v -8.08207 0.681572 20.4341
vn 1 -0 0
vn 1 -0 0
vn 1 -0 0
vt 0.686326 0.558892
vt 0.686326 0.560171
vt 0.673068 0.560171
f 172/172/172 173/173/173 174/174/174
v -8.10364 0.676233 20.4341
v -8.10707 0.681572 20.4341
v -8.10707 0.681572 20.4291
vn -0.841244 -0.540656 0
vn -0.841244 -0.540656 0
vn -0.841244 -0.540656 0
vt 0.671718 0.560171
vt 0.673081 0.560171
vt 0.673081 0.561447
f 175/175/175 176/176/176 177/177/177
v -8.10707 0.681572 20.4291
v -8.10364 0.676233 20.4291
v -8.10364 0.676233 20.4341
vn -0.841244 -0.540656 -0
vn -0.841244 -0.540656 -0
vn -0.841244 -0.540656 -0
vt 0.673081 0.561447
vt 0.671718 0.561447
vt 0.671718 0.560171
f 178/178/178 179/179/179 180/180/180
v -8.09868 0.673853 20.4291
v -8.09869 0.673853 20.4341
v -8.10364 0.676233 20.4341
vn -0.432813 -0.901483 -0.00049521
vn -0.432813 -0.901483 -0.00049521
vn -0.432813 -0.901483 -0.00049521
vt 0.678686 0.562742
vt 0.678688 0.561431
vt 0.679987 0.561431
f 181/181/181 182/182/182 183/183/183
v -8.10364 0.676233 20.4341
v -8.10364 0.676233 20.4291
v -8.09868 0.673853 20.4291
vn -0.432408 -0.901678 0
vn -0.432408 -0.901678 0
vn -0.432408 -0.901678 0
vt 0.679987 0.561431
vt 0.679987 0.562742
vt 0.678686 0.562742
f 184/184/184 185/185/185 186/186/186
v -8.09443 0.673389 20.4341
v -8.09869 0.673853 20.4341
v -8.09868 0.673853 20.4291
vn -0.108462 -0.994101 -0.000124098
vn -0.108462 -0.994101 -0.000124098
vn -0.108462 -0.994101 -0.000124098
vt 0.677573 0.561431
vt 0.678688 0.561431
vt 0.678686 0.562742
f 187/187/187 188/188/188 189/189/189
v -8.09868 0.673853 20.4291
v -8.09443 0.673389 20.4291
v -8.09443 0.673389 20.4341
vn -0.108558 -0.99409 -4.14027e-005
vn -0.108558 -0.99409 -4.14027e-005
vn -0.108558 -0.99409 -4.14027e-005
vt 0.678686 0.562742
vt 0.677572 0.562742
vt 0.677573 0.561431
f 190/190/190 191/191/191 192/192/192
v -8.09443 0.673389 20.4291
v -8.08966 0.673851 20.4291
v -8.08966 0.673851 20.4341
vn 0.0963786 -0.995345 5.51365e-005
vn 0.0963786 -0.995345 5.51365e-005
vn 0.0963786 -0.995345 5.51365e-005
vt 0.677572 0.562742
vt 0.676322 0.562742
vt 0.676323 0.561431
f 193/193/193 194/194/194 195/195/195
v -8.08966 0.673851 20.4341
v -8.09443 0.673389 20.4341
v -8.09443 0.673389 20.4291
vn 0.0963977 -0.995343 3.6765e-005
vn 0.0963977 -0.995343 3.6765e-005
vn 0.0963977 -0.995343 3.6765e-005
vt 0.676323 0.561431
vt 0.677573 0.561431
vt 0.677572 0.562742
f 196/196/196 197/197/197 198/198/198
v -8.08595 0.676231 20.4341
v -8.08966 0.673851 20.4341
v -8.08966 0.673851 20.4291
vn 0.539585 -0.841931 0.000308687
vn 0.539585 -0.841931 0.000308687
vn 0.539585 -0.841931 0.000308687
vt 0.675349 0.561431
vt 0.676323 0.561431
vt 0.676322 0.562742
f 199/199/199 200/200/200 201/201/201
v -8.08966 0.673851 20.4291
v -8.08595 0.676231 20.4291
v -8.08595 0.676231 20.4341
vn 0.539683 -0.841868 0.000205829
vn 0.539683 -0.841868 0.000205829
vn 0.539683 -0.841868 0.000205829
vt 0.676322 0.562742
vt 0.675348 0.562742
vt 0.675349 0.561431
f 202/202/202 203/203/203 204/204/204
v -8.03326 0.001487 20.3894
v -8.03319 0.001487 20.3896
v -8.14126 0.001487 20.4289
vn 0 -1 -0
vn 0 -1 -0
vn 0 -1 -0
vt 0.002006 0.637494
vt 0.002006 0.637443
vt 0.031109 0.63734
f 205/205/205 206/206/206 207/207/207
v -8.14126 0.001487 20.4289
v -8.14133 0.001487 20.4287
v -8.03326 0.001487 20.3894
vn 0 -1 0
vn 0 -1 0
vn 0 -1 0
vt 0.031109 0.63734
vt 0.03111 0.637391
vt 0.002006 0.637494
f 208/208/208 209/209/209 210/210/210
v -8.03326 2.20149 20.3894
v -8.14133 2.20149 20.4287
v -8.14126 2.20149 20.4289
vn 0 1 0
vn 0 1 0
vn 0 1 0
vt 0.031111 0.471734
vt 0.002022 0.472718
vt 0.00202 0.472668
f 211/211/211 212/212/212 213/213/213
v -8.14126 2.20149 20.4289
v -8.03319 2.20149 20.3896
v -8.03326 2.20149 20.3894
vn 0 1 -0
vn 0 1 -0
vn 0 1 -0
vt 0.00202 0.472668
vt 0.031109 0.471683
vt 0.031111 0.471734
f 214/214/214 215/215/215 216/216/216
v -8.03319 2.20149 20.3896
v -8.14126 2.20149 20.4289
v -8.14126 0.001487 20.4289
vn 0.342001 -0 0.939699
vn 0.342001 -0 0.939699
vn 0.342001 -0 0.939699
vt 0.599493 0.968359
vt 0.599493 0.996572
vt 0.0251 0.996572
f 217/217/217 218/218/218 219/219/219
v -8.14126 0.001487 20.4289
v -8.03319 0.001487 20.3896
v -8.03319 2.20149 20.3896
vn 0.342001 0 0.939699
vn 0.342001 0 0.939699
vn 0.342001 0 0.939699
vt 0.0251 0.996572
vt 0.0251 0.968359
vt 0.599493 0.968359
f 220/220/220 221/221/221 222/222/222
v -8.03326 2.20149 20.3894
v -8.03319 2.20149 20.3896
v -8.03319 0.001487 20.3896
vn 0.939793 0 -0.341743
vn 0.939793 0 -0.341743
vn 0.939793 0 -0.341743
vt 0.599114 0.997903
vt 0.599114 0.997952
vt 0.025479 0.997952
f 223/223/223 224/224/224 225/225/225
v -8.03319 0.001487 20.3896
v -8.03326 0.001487 20.3894
v -8.03326 2.20149 20.3894
vn 0.939793 0 -0.341743
vn 0.939793 0 -0.341743
vn 0.939793 0 -0.341743
vt 0.025479 0.997952
vt 0.025479 0.997903
vt 0.599114 0.997903
f 226/226/226 227/227/227 228/228/228
v -8.14133 2.20149 20.4287
v -8.03326 2.20149 20.3894
v -8.03326 0.001487 20.3894
vn -0.342013 0 -0.939695
vn -0.342013 0 -0.939695
vn -0.342013 0 -0.939695
vt 0.599492 0.057221
vt 0.599492 0.085435
vt 0.025101 0.085435
f 229/229/229 230/230/230 231/231/231
v -8.03326 0.001487 20.3894
v -8.14133 0.001487 20.4287
v -8.14133 2.20149 20.4287
vn -0.342013 -0 -0.939695
vn -0.342013 -0 -0.939695
vn -0.342013 -0 -0.939695
vt 0.025101 0.085435
vt 0.025101 0.057221
vt 0.599492 0.057221
f 232/232/232 233/233/233 234/234/234
v -8.14126 2.20149 20.4289
v -8.14133 2.20149 20.4287
v -8.14133 0.001487 20.4287
vn -0.937113 0 0.349027
vn -0.937113 0 0.349027
vn -0.937113 0 0.349027
vt 0.599711 0.997807
vt 0.599711 0.997856
vt 0.024882 0.997856
f 235/235/235 236/236/236 237/237/237
v -8.14133 0.001487 20.4287
v -8.14126 0.001487 20.4289
v -8.14126 2.20149 20.4289
vn -0.937113 0 0.349027
vn -0.937113 0 0.349027
vn -0.937113 0 0.349027
vt 0.024882 0.997856
vt 0.024882 0.997807
vt 0.599711 0.997807
f 238/238/238 239/239/239 240/240/240
v -8.07643 2.21398 20.3591
v -8.07643 2.21398 20.4591
v -10.2264 2.21398 20.4591
vn 0 -1 0
vn 0 -1 0
vn 0 -1 0
vt 0.671058 0.002
vt 0.696367 0.002
vt 0.696367 0.546148
f 241/241/241 242/242/242 243/243/243
v -10.2264 2.21398 20.4591
v -10.2264 2.21398 20.3591
v -8.07643 2.21398 20.3591
vn 0 -1 0
vn 0 -1 0
vn 0 -1 0
vt 0.696367 0.546148
vt 0.671058 0.546148
vt 0.671058 0.002
f 244/244/244 245/245/245 246/246/246
v -8.07643 2.27398 20.3591
v -10.2264 2.27398 20.3591
v -10.2264 2.27398 20.4591
vn -0 1 0
vn -0 1 0
vn -0 1 0
vt 0.671058 0.002
vt 0.671058 0.546148
vt 0.645749 0.546148
f 247/247/247 248/248/248 249/249/249
v -10.2264 2.27398 20.4591
v -8.07643 2.27398 20.4591
v -8.07643 2.27398 20.3591
vn 0 1 -0
vn 0 1 -0
vn 0 1 -0
vt 0.645749 0.546148
vt 0.645749 0.002
vt 0.671058 0.002
f 250/250/250 251/251/251 252/252/252
v -8.07643 2.27398 20.4591
v -10.2264 2.27398 20.4591
v -10.2264 2.21398 20.4591
vn 0 0 1
vn 0 0 1
vn 0 0 1
vt 0.630226 0.002
vt 0.630226 0.546148
vt 0.615041 0.546148
f 253/253/253 254/254/254 255/255/255
v -10.2264 2.21398 20.4591
v -8.07643 2.21398 20.4591
v -8.07643 2.27398 20.4591
vn 0 0 1
vn 0 0 1
vn 0 0 1
vt 0.615041 0.546148
vt 0.615041 0.002
vt 0.630226 0.002
f 256/256/256 257/257/257 258/258/258
v -8.07643 2.27398 20.3591
v -8.07643 2.27398 20.4591
v -8.07643 2.21398 20.4591
vn 1 -0 0
vn 1 -0 0
vn 1 -0 0
vt 0.614897 0.497755
vt 0.614897 0.523064
vt 0.599711 0.523064
f 259/259/259 260/260/260 261/261/261
v -8.07643 2.21398 20.4591
v -8.07643 2.21398 20.3591
v -8.07643 2.27398 20.3591
vn 1 0 -0
vn 1 0 -0
vn 1 0 -0
vt 0.599711 0.523064
vt 0.599711 0.497755
vt 0.614897 0.497755
f 262/262/262 263/263/263 264/264/264
v -10.2264 2.27398 20.3591
v -8.07643 2.27398 20.3591
v -8.07643 2.21398 20.3591
vn 0 0 -1
vn 0 0 -1
vn 0 0 -1
vt 0.645556 0.002
vt 0.645556 0.546148
vt 0.630371 0.546148
f 265/265/265 266/266/266 267/267/267
v -8.07643 2.21398 20.3591
v -10.2264 2.21398 20.3591
v -10.2264 2.27398 20.3591
vn 0 0 -1
vn 0 0 -1
vn 0 0 -1
vt 0.630371 0.546148
vt 0.630371 0.002
vt 0.645556 0.002
f 268/268/268 269/269/269 270/270/270
v -10.2264 2.27398 20.4591
v -10.2264 2.27398 20.3591
v -10.2264 2.21398 20.3591
vn -1 0 0
vn -1 0 0
vn -1 0 0
vt 0.614897 0.523305
vt 0.614897 0.548614
vt 0.599711 0.548614
f 271/271/271 272/272/272 273/273/273
v -10.2264 2.21398 20.3591
v -10.2264 2.21398 20.4591
v -10.2264 2.27398 20.4591
vn -1 -0 -0
vn -1 -0 -0
vn -1 -0 -0
vt 0.599711 0.548614
vt 0.599711 0.523305
vt 0.614897 0.523305
f 274/274/274 275/275/275 276/276/276
v -9.25106 0.001487 20.3894
v -9.25099 0.001487 20.3896
v -9.35905 0.001487 20.4289
vn 0 -1 -0
vn 0 -1 -0
vn 0 -1 -0
vt 0.002005 0.775544
vt 0.002004 0.775494
vt 0.031112 0.775391
f 277/277/277 278/278/278 279/279/279
v -9.35905 0.001487 20.4289
v -9.35912 0.001487 20.4287
v -9.25106 0.001487 20.3894
vn 0 -1 0
vn 0 -1 0
vn 0 -1 0
vt 0.031112 0.775391
vt 0.031112 0.775441
vt 0.002005 0.775544
f 280/280/280 281/281/281 282/282/282
v -9.25106 2.20149 20.3894
v -9.35912 2.20149 20.4287
v -9.35905 2.20149 20.4289
vn 0 1 0
vn 0 1 0
vn 0 1 0
vt 0.03111 0.333682
vt 0.002022 0.334667
vt 0.002021 0.334616
f 283/283/283 284/284/284 285/285/285
v -9.35905 2.20149 20.4289
v -9.25099 2.20149 20.3896
v -9.25106 2.20149 20.3894
vn 0 1 -0
vn 0 1 -0
vn 0 1 -0
vt 0.002021 0.334616
vt 0.031109 0.333632
vt 0.03111 0.333682
f 286/286/286 287/287/287 288/288/288
v -9.25099 2.20149 20.3896
v -9.35905 2.20149 20.4289
v -9.35905 0.001487 20.4289
vn 0.341999 -0 0.9397
vn 0.341999 -0 0.9397
vn 0.341999 -0 0.9397
vt 0.599492 0.360935
vt 0.599492 0.389149
vt 0.025101 0.389149
f 289/289/289 290/290/290 291/291/291
v -9.35905 0.001487 20.4289
v -9.25099 0.001487 20.3896
v -9.25099 2.20149 20.3896
vn 0.341999 0 0.9397
vn 0.341999 0 0.9397
vn 0.341999 0 0.9397
vt 0.025101 0.389149
vt 0.025101 0.360935
vt 0.599492 0.360935
f 292/292/292 293/293/293 294/294/294
v -9.25106 2.20149 20.3894
v -9.25099 2.20149 20.3896
v -9.25099 0.001487 20.3896
vn 0.939793 0 -0.341743
vn 0.939793 0 -0.341743
vn 0.939793 0 -0.341743
vt 0.599635 0.997375
vt 0.599635 0.997424
vt 0.024958 0.997424
f 295/295/295 296/296/296 297/297/297
v -9.25099 0.001487 20.3896
v -9.25106 0.001487 20.3894
v -9.25106 2.20149 20.3894
vn 0.939793 0 -0.341743
vn 0.939793 0 -0.341743
vn 0.939793 0 -0.341743
vt 0.024958 0.997424
vt 0.024958 0.997375
vt 0.599635 0.997375
f 298/298/298 299/299/299 300/300/300
v -9.35912 2.20149 20.4287
v -9.25106 2.20149 20.3894
v -9.25106 0.001487 20.3894
vn -0.342016 0 -0.939694
vn -0.342016 0 -0.939694
vn -0.342016 0 -0.939694
vt 0.599492 0.802698
vt 0.599492 0.830912
vt 0.025101 0.830912
f 301/301/301 302/302/302 303/303/303
v -9.25106 0.001487 20.3894
v -9.35912 0.001487 20.4287
v -9.35912 2.20149 20.4287
vn -0.342016 -0 -0.939694
vn -0.342016 -0 -0.939694
vn -0.342016 -0 -0.939694
vt 0.025101 0.830912
vt 0.025101 0.802698
vt 0.599492 0.802698
f 304/304/304 305/305/305 306/306/306
v -9.35905 2.20149 20.4289
v -9.35912 2.20149 20.4287
v -9.35912 0.001487 20.4287
vn -0.940213 0 0.340587
vn -0.940213 0 0.340587
vn -0.940213 0 0.340587
vt 0.599373 0.997855
vt 0.599373 0.997904
vt 0.02522 0.997904
f 307/307/307 308/308/308 309/309/309
v -9.35912 0.001487 20.4287
v -9.35905 0.001487 20.4289
v -9.35905 2.20149 20.4289
vn -0.940213 0 0.340587
vn -0.940213 0 0.340587
vn -0.940213 0 0.340587
vt 0.02522 0.997904
vt 0.02522 0.997855
vt 0.599373 0.997855
f 310/310/310 311/311/311 312/312/312
v -9.126 0.001487 20.3894
v -9.12593 0.001487 20.3896
v -9.23399 0.001487 20.4289
vn 0 -1 -0
vn 0 -1 -0
vn 0 -1 -0
vt 0.002002 0.554663
vt 0.002002 0.554613
vt 0.031113 0.55451
f 313/313/313 314/314/314 315/315/315
v -9.23399 0.001487 20.4289
v -9.23406 0.001487 20.4287
v -9.126 0.001487 20.3894
vn 0 -1 0
vn 0 -1 0
vn 0 -1 0
vt 0.031113 0.55451
vt 0.031114 0.554561
vt 0.002002 0.554663
f 316/316/316 317/317/317 318/318/318
v -9.126 2.20149 20.3894
v -9.23406 2.20149 20.4287
v -9.23399 2.20149 20.4289
vn 0 1 0
vn 0 1 0
vn 0 1 0
vt 0.031111 0.14041
vt 0.002022 0.141394
vt 0.00202 0.141343
f 319/319/319 320/320/320 321/321/321
v -9.23399 2.20149 20.4289
v -9.12593 2.20149 20.3896
v -9.126 2.20149 20.3894
vn 0 1 -0
vn 0 1 -0
vn 0 1 -0
vt 0.00202 0.141343
vt 0.031109 0.140359
vt 0.031111 0.14041
f 322/322/322 323/323/323 324/324/324
v -9.12593 2.20149 20.3896
v -9.23399 2.20149 20.4289
v -9.23399 0.001487 20.4289
vn 0.342001 -0 0.939699
vn 0.342001 -0 0.939699
vn 0.342001 -0 0.939699
vt 0.599492 0.637037
vt 0.599492 0.665252
vt 0.025101 0.665252
f 325/325/325 326/326/326 327/327/327
v -9.23399 0.001487 20.4289
v -9.12593 0.001487 20.3896
v -9.12593 2.20149 20.3896
vn 0.342001 0 0.939699
vn 0.342001 0 0.939699
vn 0.342001 0 0.939699
vt 0.025101 0.665252
vt 0.025101 0.637037
vt 0.599492 0.637037
f 328/328/328 329/329/329 330/330/330
v -9.126 2.20149 20.3894
v -9.12593 2.20149 20.3896
v -9.12593 0.001487 20.3896
vn 0.939793 0 -0.341743
vn 0.939793 0 -0.341743
vn 0.939793 0 -0.341743
vt 0.59941 0.99699
vt 0.59941 0.997039
vt 0.025183 0.997039
f 331/331/331 332/332/332 333/333/333
v -9.12593 0.001487 20.3896
v -9.126 0.001487 20.3894
v -9.126 2.20149 20.3894
vn 0.939793 0 -0.341743
vn 0.939793 0 -0.341743
vn 0.939793 0 -0.341743
vt 0.025183 0.997039
vt 0.025183 0.99699
vt 0.59941 0.99699
f 334/334/334 335/335/335 336/336/336
v -9.23406 2.20149 20.4287
v -9.126 2.20149 20.3894
v -9.126 0.001487 20.3894
vn -0.342016 0 -0.939694
vn -0.342016 0 -0.939694
vn -0.342016 0 -0.939694
vt 0.599492 0.388545
vt 0.599492 0.41676
vt 0.025101 0.41676
f 337/337/337 338/338/338 339/339/339
v -9.126 0.001487 20.3894
v -9.23406 0.001487 20.4287
v -9.23406 2.20149 20.4287
vn -0.342016 -0 -0.939694
vn -0.342016 -0 -0.939694
vn -0.342016 -0 -0.939694
vt 0.025101 0.41676
vt 0.025101 0.388545
vt 0.599492 0.388545
f 340/340/340 341/341/341 342/342/342
v -9.23399 2.20149 20.4289
v -9.23406 2.20149 20.4287
v -9.23406 0.001487 20.4287
vn -0.93867 0 0.344817
vn -0.93867 0 0.344817
vn -0.93867 0 0.344817
vt 0.599673 0.997663
vt 0.599673 0.997712
vt 0.02492 0.997712
f 343/343/343 344/344/344 345/345/345
v -9.23406 0.001487 20.4287
v -9.23399 0.001487 20.4289
v -9.23399 2.20149 20.4289
vn -0.93867 0 0.344817
vn -0.93867 0 0.344817
vn -0.93867 0 0.344817
vt 0.02492 0.997712
vt 0.02492 0.997663
vt 0.599673 0.997663
f 346/346/346 347/347/347 348/348/348
v -9.50512 0.001487 20.3894
v -9.50505 0.001487 20.3896
v -9.61312 0.001487 20.4289
vn 0 -1 -0
vn 0 -1 -0
vn 0 -1 -0
vt 0.002005 0.830764
vt 0.002004 0.830714
vt 0.031112 0.830611
f 349/349/349 350/350/350 351/351/351
v -9.61312 0.001487 20.4289
v -9.61318 0.001487 20.4287
v -9.50512 0.001487 20.3894
vn 0 -1 0
vn 0 -1 0
vn 0 -1 0
vt 0.031112 0.830611
vt 0.031112 0.830661
vt 0.002005 0.830764
f 352/352/352 353/353/353 354/354/354
v -9.50512 2.20149 20.3894
v -9.61318 2.20149 20.4287
v -9.61312 2.20149 20.4289
vn 0 1 0
vn 0 1 0
vn 0 1 0
vt 0.031112 0.223241
vt 0.002021 0.224225
vt 0.002019 0.224175
f 355/355/355 356/356/356 357/357/357
v -9.61312 2.20149 20.4289
v -9.50505 2.20149 20.3896
v -9.50512 2.20149 20.3894
vn 0 1 -0
vn 0 1 -0
vn 0 1 -0
vt 0.002019 0.224175
vt 0.03111 0.22319
vt 0.031112 0.223241
f 358/358/358 359/359/359 360/360/360
v -9.50505 2.20149 20.3896
v -9.61312 2.20149 20.4289
v -9.61312 0.001487 20.4289
vn 0.341999 -0 0.9397
vn 0.341999 -0 0.9397
vn 0.341999 -0 0.9397
vt 0.599492 0.278104
vt 0.599492 0.306318
vt 0.025101 0.306318
f 361/361/361 362/362/362 363/363/363
v -9.61312 0.001487 20.4289
v -9.50505 0.001487 20.3896
v -9.50505 2.20149 20.3896
vn 0.341999 0 0.9397
vn 0.341999 0 0.9397
vn 0.341999 0 0.9397
vt 0.025101 0.306318
vt 0.025101 0.278104
vt 0.599492 0.278104
f 364/364/364 365/365/365 366/366/366
v -9.50512 2.20149 20.3894
v -9.50505 2.20149 20.3896
v -9.50505 0.001487 20.3896
vn 0.939793 0 -0.341743
vn 0.939793 0 -0.341743
vn 0.939793 0 -0.341743
vt 0.599635 0.997038
vt 0.599635 0.997087
vt 0.024958 0.997087
f 367/367/367 368/368/368 369/369/369
v -9.50505 0.001487 20.3896
v -9.50512 0.001487 20.3894
v -9.50512 2.20149 20.3894
vn 0.939793 0 -0.341743
vn 0.939793 0 -0.341743
vn 0.939793 0 -0.341743
vt 0.024958 0.997087
vt 0.024958 0.997038
vt 0.599635 0.997038
f 370/370/370 371/371/371 372/372/372
v -9.61318 2.20149 20.4287
v -9.50512 2.20149 20.3894
v -9.50512 0.001487 20.3894
vn -0.342016 0 -0.939694
vn -0.342016 0 -0.939694
vn -0.342016 0 -0.939694
vt 0.599492 0.857918
vt 0.599492 0.886132
vt 0.025101 0.886132
f 373/373/373 374/374/374 375/375/375
v -9.50512 0.001487 20.3894
v -9.61318 0.001487 20.4287
v -9.61318 2.20149 20.4287
vn -0.342016 -0 -0.939694
vn -0.342016 -0 -0.939694
vn -0.342016 -0 -0.939694
vt 0.025101 0.886132
vt 0.025101 0.857918
vt 0.599492 0.857918
f 376/376/376 377/377/377 378/378/378
v -9.61312 2.20149 20.4289
v -9.61318 2.20149 20.4287
v -9.61318 0.001487 20.4287
vn -0.940213 0 0.340587
vn -0.940213 0 0.340587
vn -0.940213 0 0.340587
vt 0.599373 0.997519
vt 0.599373 0.997568
vt 0.02522 0.997568
f 379/379/379 380/380/380 381/381/381
v -9.61318 0.001487 20.4287
v -9.61312 0.001487 20.4289
v -9.61312 2.20149 20.4289
vn -0.940213 0 0.340587
vn -0.940213 0 0.340587
vn -0.940213 0 0.340587
vt 0.02522 0.997568
vt 0.02522 0.997519
vt 0.599373 0.997519
f 382/382/382 383/383/383 384/384/384
v -9.75879 0.001487 20.3894
v -9.75872 0.001487 20.3896
v -9.86679 0.001487 20.4289
vn 0 -1 -0
vn 0 -1 -0
vn 0 -1 -0
vt 0.002005 0.803154
vt 0.002004 0.803104
vt 0.031112 0.803001
f 385/385/385 386/386/386 387/387/387
v -9.86679 0.001487 20.4289
v -9.86686 0.001487 20.4287
v -9.75879 0.001487 20.3894
vn 0 -1 0
vn 0 -1 0
vn 0 -1 0
vt 0.031112 0.803001
vt 0.031112 0.803051
vt 0.002005 0.803154
f 388/388/388 389/389/389 390/390/390
v -9.75879 2.20149 20.3894
v -9.86686 2.20149 20.4287
v -9.86679 2.20149 20.4289
vn 0 1 0
vn 0 1 0
vn 0 1 0
vt 0.031112 0.278461
vt 0.002021 0.279446
vt 0.002019 0.279395
f 391/391/391 392/392/392 393/393/393
v -9.86679 2.20149 20.4289
v -9.75872 2.20149 20.3896
v -9.75879 2.20149 20.3894
vn 0 1 -0
vn 0 1 -0
vn 0 1 -0
vt 0.002019 0.279395
vt 0.03111 0.278411
vt 0.031112 0.278461
f 394/394/394 395/395/395 396/396/396
v -9.75872 2.20149 20.3896
v -9.86679 2.20149 20.4289
v -9.86679 0.001487 20.4289
vn 0.341999 -0 0.9397
vn 0.341999 -0 0.9397
vn 0.341999 -0 0.9397
vt 0.599492 0.222883
vt 0.599492 0.251098
vt 0.025101 0.251098
f 397/397/397 398/398/398 399/399/399
v -9.86679 0.001487 20.4289
v -9.75872 0.001487 20.3896
v -9.75872 2.20149 20.3896
vn 0.341999 0 0.9397
vn 0.341999 0 0.9397
vn 0.341999 0 0.9397
vt 0.025101 0.251098
vt 0.025101 0.222883
vt 0.599492 0.222883
f 400/400/400 401/401/401 402/402/402
v -9.75879 2.20149 20.3894
v -9.75872 2.20149 20.3896
v -9.75872 0.001487 20.3896
vn 0.939793 0 -0.341743
vn 0.939793 0 -0.341743
vn 0.939793 0 -0.341743
vt 0.599635 0.99627
vt 0.599635 0.996319
vt 0.024958 0.996319
f 403/403/403 404/404/404 405/405/405
v -9.75872 0.001487 20.3896
v -9.75879 0.001487 20.3894
v -9.75879 2.20149 20.3894
vn 0.939793 0 -0.341743
vn 0.939793 0 -0.341743
vn 0.939793 0 -0.341743
vt 0.024958 0.996319
vt 0.024958 0.99627
vt 0.599635 0.99627
f 406/406/406 407/407/407 408/408/408
v -9.86686 2.20149 20.4287
v -9.75879 2.20149 20.3894
v -9.75879 0.001487 20.3894
vn -0.342016 0 -0.939694
vn -0.342016 0 -0.939694
vn -0.342016 0 -0.939694
vt 0.599492 0.664648
vt 0.599492 0.692862
vt 0.025101 0.692862
f 409/409/409 410/410/410 411/411/411
v -9.75879 0.001487 20.3894
v -9.86686 0.001487 20.4287
v -9.86686 2.20149 20.4287
vn -0.342016 -0 -0.939694
vn -0.342016 -0 -0.939694
vn -0.342016 -0 -0.939694
vt 0.025101 0.692862
vt 0.025101 0.664648
vt 0.599492 0.664648
f 412/412/412 413/413/413 414/414/414
v -9.86679 2.20149 20.4289
v -9.86686 2.20149 20.4287
v -9.86686 0.001487 20.4287
vn -0.940213 0 0.340587
vn -0.940213 0 0.340587
vn -0.940213 0 0.340587
vt 0.599373 0.99723
vt 0.599373 0.99728
vt 0.02522 0.99728
f 415/415/415 416/416/416 417/417/417
v -9.86686 0.001487 20.4287
v -9.86679 0.001487 20.4289
v -9.86679 2.20149 20.4289
vn -0.940213 0 0.340587
vn -0.940213 0 0.340587
vn -0.940213 0 0.340587
vt 0.02522 0.99728
vt 0.02522 0.99723
vt 0.599373 0.99723
f 418/418/418 419/419/419 420/420/420
v -10.0167 0.001487 20.3894
v -10.0166 0.001487 20.3896
v -10.1247 0.001487 20.4289
vn 0 -1 -0
vn 0 -1 -0
vn 0 -1 -0
vt 0.002004 0.720324
vt 0.002004 0.720273
vt 0.031112 0.720171
f 421/421/421 422/422/422 423/423/423
v -10.1247 0.001487 20.4289
v -10.1248 0.001487 20.4287
v -10.0167 0.001487 20.3894
vn 0 -1 0
vn 0 -1 0
vn 0 -1 0
vt 0.031112 0.720171
vt 0.031112 0.720221
vt 0.002004 0.720324
f 424/424/424 425/425/425 426/426/426
v -10.0167 2.20149 20.3894
v -10.1248 2.20149 20.4287
v -10.1247 2.20149 20.4289
vn 0 1 0
vn 0 1 0
vn 0 1 0
vt 0.031111 0.19563
vt 0.002022 0.196615
vt 0.00202 0.196564
f 427/427/427 428/428/428 429/429/429
v -10.1247 2.20149 20.4289
v -10.0166 2.20149 20.3896
v -10.0167 2.20149 20.3894
vn 0 1 -0
vn 0 1 -0
vn 0 1 -0
vt 0.00202 0.196564
vt 0.031109 0.19558
vt 0.031111 0.19563
f 430/430/430 431/431/431 432/432/432
v -10.0166 2.20149 20.3896
v -10.1247 2.20149 20.4289
v -10.1247 0.001487 20.4289
vn 0.341996 -0 0.939701
vn 0.341996 -0 0.939701
vn 0.341996 -0 0.939701
vt 0.599492 0.443766
vt 0.599492 0.471981
vt 0.025101 0.471981
f 433/433/433 434/434/434 435/435/435
v -10.1247 0.001487 20.4289
v -10.0166 0.001487 20.3896
v -10.0166 2.20149 20.3896
vn 0.341996 0 0.939701
vn 0.341996 0 0.939701
vn 0.341996 0 0.939701
vt 0.025101 0.471981
vt 0.025101 0.443766
vt 0.599492 0.443766
f 436/436/436 437/437/437 438/438/438
v -10.0167 2.20149 20.3894
v -10.0166 2.20149 20.3896
v -10.0166 0.001487 20.3896
vn 0.938262 0 -0.345925
vn 0.938262 0 -0.345925
vn 0.938262 0 -0.345925
vt 0.599635 0.996558
vt 0.599635 0.996607
vt 0.024958 0.996607
f 439/439/439 440/440/440 441/441/441
v -10.0166 0.001487 20.3896
v -10.0167 0.001487 20.3894
v -10.0167 2.20149 20.3894
vn 0.938262 0 -0.345925
vn 0.938262 0 -0.345925
vn 0.938262 0 -0.345925
vt 0.024958 0.996607
vt 0.024958 0.996558
vt 0.599635 0.996558
f 442/442/442 443/443/443 444/444/444
v -10.1248 2.20149 20.4287
v -10.0167 2.20149 20.3894
v -10.0167 0.001487 20.3894
vn -0.342016 0 -0.939694
vn -0.342016 0 -0.939694
vn -0.342016 0 -0.939694
vt 0.599493 0.554207
vt 0.599493 0.582421
vt 0.025101 0.582421
f 445/445/445 446/446/446 447/447/447
v -10.0167 0.001487 20.3894
v -10.1248 0.001487 20.4287
v -10.1248 2.20149 20.4287
vn -0.342016 -0 -0.939694
vn -0.342016 -0 -0.939694
vn -0.342016 -0 -0.939694
vt 0.025101 0.582421
vt 0.025101 0.554207
vt 0.599493 0.554207
f 448/448/448 449/449/449 450/450/450
v -10.1247 2.20149 20.4289
v -10.1248 2.20149 20.4287
v -10.1248 0.001487 20.4287
vn -0.940213 0 0.340587
vn -0.940213 0 0.340587
vn -0.940213 0 0.340587
vt 0.599392 0.997615
vt 0.599392 0.997664
vt 0.025201 0.997664
f 451/451/451 452/452/452 453/453/453
v -10.1248 0.001487 20.4287
v -10.1247 0.001487 20.4289
v -10.1247 2.20149 20.4289
vn -0.940213 0 0.340587
vn -0.940213 0 0.340587
vn -0.940213 0 0.340587
vt 0.025201 0.997664
vt 0.025201 0.997615
vt 0.599392 0.997615
f 454/454/454 455/455/455 456/456/456
v -9.88766 0.001487 20.3894
v -9.8876 0.001487 20.3896
v -9.99566 0.001487 20.4289
vn 0 -1 -0
vn 0 -1 -0
vn 0 -1 -0
vt 0.002015 0.665104
vt 0.002015 0.665053
vt 0.031101 0.66495
f 457/457/457 458/458/458 459/459/459
v -9.99566 0.001487 20.4289
v -9.99573 0.001487 20.4287
v -9.88766 0.001487 20.3894
vn 0 -1 0
vn 0 -1 0
vn 0 -1 0
vt 0.031101 0.66495
vt 0.031101 0.665001
vt 0.002015 0.665104
f 460/460/460 461/461/461 462/462/462
v -9.88766 2.20149 20.3894
v -9.99573 2.20149 20.4287
v -9.99566 2.20149 20.4289
vn 0 1 0
vn 0 1 0
vn 0 1 0
vt 0.031108 0.444124
vt 0.002025 0.445108
vt 0.002023 0.445057
f 463/463/463 464/464/464 465/465/465
v -9.99566 2.20149 20.4289
v -9.8876 2.20149 20.3896
v -9.88766 2.20149 20.3894
vn 0 1 -0
vn 0 1 -0
vn 0 1 -0
vt 0.002023 0.445057
vt 0.031106 0.444073
vt 0.031108 0.444124
f 466/466/466 467/467/467 468/468/468
v -9.8876 2.20149 20.3896
v -9.99566 2.20149 20.4289
v -9.99566 0.001487 20.4289
vn 0.341999 -0 0.9397
vn 0.341999 -0 0.9397
vn 0.341999 -0 0.9397
vt 0.599492 0.830308
vt 0.599492 0.858522
vt 0.025101 0.858522
f 469/469/469 470/470/470 471/471/471
v -9.99566 0.001487 20.4289
v -9.8876 0.001487 20.3896
v -9.8876 2.20149 20.3896
vn 0.341999 0 0.9397
vn 0.341999 0 0.9397
vn 0.341999 0 0.9397
vt 0.025101 0.858522
vt 0.025101 0.830308
vt 0.599492 0.830308
f 472/472/472 473/473/473 474/474/474
v -9.88766 2.20149 20.3894
v -9.8876 2.20149 20.3896
v -9.8876 0.001487 20.3896
vn 0.939793 0 -0.341743
vn 0.939793 0 -0.341743
vn 0.939793 0 -0.341743
vt 0.59941 0.996654
vt 0.59941 0.996703
vt 0.025183 0.996703
f 475/475/475 476/476/476 477/477/477
v -9.8876 0.001487 20.3896
v -9.88766 0.001487 20.3894
v -9.88766 2.20149 20.3894
vn 0.939793 0 -0.341743
vn 0.939793 0 -0.341743
vn 0.939793 0 -0.341743
vt 0.025183 0.996703
vt 0.025183 0.996654
vt 0.59941 0.996654
f 478/478/478 479/479/479 480/480/480
v -9.99573 2.20149 20.4287
v -9.88766 2.20149 20.3894
v -9.88766 0.001487 20.3894
vn -0.342016 0 -0.939694
vn -0.342016 0 -0.939694
vn -0.342016 0 -0.939694
vt 0.599492 0.581817
vt 0.599492 0.610031
vt 0.025101 0.610031
f 481/481/481 482/482/482 483/483/483
v -9.88766 0.001487 20.3894
v -9.99573 0.001487 20.4287
v -9.99573 2.20149 20.4287
vn -0.342016 -0 -0.939694
vn -0.342016 -0 -0.939694
vn -0.342016 -0 -0.939694
vt 0.025101 0.610031
vt 0.025101 0.581817
vt 0.599492 0.581817
f 484/484/484 485/485/485 486/486/486
v -9.99566 2.20149 20.4289
v -9.99573 2.20149 20.4287
v -9.99573 0.001487 20.4287
vn -0.940213 0 0.340587
vn -0.940213 0 0.340587
vn -0.940213 0 0.340587
vt 0.59941 0.997326
vt 0.59941 0.997376
vt 0.025183 0.997376
f 487/487/487 488/488/488 489/489/489
v -9.99573 0.001487 20.4287
v -9.99566 0.001487 20.4289
v -9.99566 2.20149 20.4289
vn -0.940213 0 0.340587
vn -0.940213 0 0.340587
vn -0.940213 0 0.340587
vt 0.025183 0.997376
vt 0.025183 0.997326
vt 0.59941 0.997326
f 490/490/490 491/491/491 492/492/492
v -9.62814 0.001487 20.3894
v -9.62807 0.001487 20.3896
v -9.73613 0.001487 20.4289
vn 0 -1 -0
vn 0 -1 -0
vn 0 -1 -0
vt 0.002004 0.747934
vt 0.002004 0.747884
vt 0.031111 0.747781
f 493/493/493 494/494/494 495/495/495
v -9.73613 0.001487 20.4289
v -9.7362 0.001487 20.4287
v -9.62814 0.001487 20.3894
vn 0 -1 0
vn 0 -1 0
vn 0 -1 0
vt 0.031111 0.747781
vt 0.031112 0.747831
vt 0.002004 0.747934
f 496/496/496 497/497/497 498/498/498
v -9.62814 2.20149 20.3894
v -9.7362 2.20149 20.4287
v -9.73613 2.20149 20.4289
vn 0 1 0
vn 0 1 0
vn 0 1 0
vt 0.031112 0.250851
vt 0.002021 0.251836
vt 0.002019 0.251785
f 499/499/499 500/500/500 501/501/501
v -9.73613 2.20149 20.4289
v -9.62807 2.20149 20.3896
v -9.62814 2.20149 20.3894
vn 0 1 -0
vn 0 1 -0
vn 0 1 -0
vt 0.002019 0.251785
vt 0.03111 0.2508
vt 0.031112 0.250851
f 502/502/502 503/503/503 504/504/504
v -9.62807 2.20149 20.3896
v -9.73613 2.20149 20.4289
v -9.73613 0.001487 20.4289
vn 0.342001 -0 0.939699
vn 0.342001 -0 0.939699
vn 0.342001 -0 0.939699
vt 0.599492 0.719868
vt 0.599492 0.748082
vt 0.025101 0.748082
f 505/505/505 506/506/506 507/507/507
v -9.73613 0.001487 20.4289
v -9.62807 0.001487 20.3896
v -9.62807 2.20149 20.3896
vn 0.342001 0 0.939699
vn 0.342001 0 0.939699
vn 0.342001 0 0.939699
vt 0.025101 0.748082
vt 0.025101 0.719868
vt 0.599492 0.719868
f 508/508/508 509/509/509 510/510/510
v -9.62814 2.20149 20.3894
v -9.62807 2.20149 20.3896
v -9.62807 0.001487 20.3896
vn 0.941311 0 -0.337541
vn 0.941311 0 -0.337541
vn 0.941311 0 -0.337541
vt 0.599373 0.997278
vt 0.599373 0.997328
vt 0.02522 0.997328
f 511/511/511 512/512/512 513/513/513
v -9.62807 0.001487 20.3896
v -9.62814 0.001487 20.3894
v -9.62814 2.20149 20.3894
vn 0.941311 0 -0.337541
vn 0.941311 0 -0.337541
vn 0.941311 0 -0.337541
vt 0.02522 0.997328
vt 0.02522 0.997278
vt 0.599373 0.997278
f 514/514/514 515/515/515 516/516/516
v -9.7362 2.20149 20.4287
v -9.62814 2.20149 20.3894
v -9.62814 0.001487 20.3894
vn -0.342013 0 -0.939695
vn -0.342013 0 -0.939695
vn -0.342013 0 -0.939695
vt 0.599492 0.416156
vt 0.599492 0.44437
vt 0.025101 0.44437
f 517/517/517 518/518/518 519/519/519
v -9.62814 0.001487 20.3894
v -9.7362 0.001487 20.4287
v -9.7362 2.20149 20.4287
vn -0.342013 -0 -0.939695
vn -0.342013 -0 -0.939695
vn -0.342013 -0 -0.939695
vt 0.025101 0.44437
vt 0.025101 0.416156
vt 0.599492 0.416156
f 520/520/520 521/521/521 522/522/522
v -9.73613 2.20149 20.4289
v -9.7362 2.20149 20.4287
v -9.7362 0.001487 20.4287
vn -0.93867 0 0.344817
vn -0.93867 0 0.344817
vn -0.93867 0 0.344817
vt 0.599635 0.997471
vt 0.599635 0.99752
vt 0.024958 0.99752
f 523/523/523 524/524/524 525/525/525
v -9.7362 0.001487 20.4287
v -9.73613 0.001487 20.4289
v -9.73613 2.20149 20.4289
vn -0.93867 0 0.344817
vn -0.93867 0 0.344817
vn -0.93867 0 0.344817
vt 0.024958 0.99752
vt 0.024958 0.997471
vt 0.599635 0.997471
f 526/526/526 527/527/527 528/528/528
v -9.379 0.001487 20.3894
v -9.37894 0.001487 20.3896
v -9.487 0.001487 20.4289
vn 0 -1 -0
vn 0 -1 -0
vn 0 -1 -0
vt 0.002005 0.858374
vt 0.002004 0.858324
vt 0.031112 0.858221
f 529/529/529 530/530/530 531/531/531
v -9.487 0.001487 20.4289
v -9.48707 0.001487 20.4287
v -9.379 0.001487 20.3894
vn 0 -1 0
vn 0 -1 0
vn 0 -1 0
vt 0.031112 0.858221
vt 0.031112 0.858272
vt 0.002005 0.858374
f 532/532/532 533/533/533 534/534/534
v -9.379 2.20149 20.3894
v -9.48707 2.20149 20.4287
v -9.487 2.20149 20.4289
vn 0 1 0
vn 0 1 0
vn 0 1 0
vt 0.03111 0.361293
vt 0.002022 0.362277
vt 0.002021 0.362227
f 535/535/535 536/536/536 537/537/537
v -9.487 2.20149 20.4289
v -9.37894 2.20149 20.3896
v -9.379 2.20149 20.3894
vn 0 1 -0
vn 0 1 -0
vn 0 1 -0
vt 0.002021 0.362227
vt 0.031109 0.361242
vt 0.03111 0.361293
f 538/538/538 539/539/539 540/540/540
v -9.37894 2.20149 20.3896
v -9.487 2.20149 20.4289
v -9.487 0.001487 20.4289
vn 0.341999 -0 0.9397
vn 0.341999 -0 0.9397
vn 0.341999 -0 0.9397
vt 0.599492 0.250494
vt 0.599492 0.278708
vt 0.025101 0.278708
f 541/541/541 542/542/542 543/543/543
v -9.487 0.001487 20.4289
v -9.37894 0.001487 20.3896
v -9.37894 2.20149 20.3896
vn 0.341999 0 0.9397
vn 0.341999 0 0.9397
vn 0.341999 0 0.9397
vt 0.025101 0.278708
vt 0.025101 0.250494
vt 0.599492 0.250494
f 544/544/544 545/545/545 546/546/546
v -9.379 2.20149 20.3894
v -9.37894 2.20149 20.3896
v -9.37894 0.001487 20.3896
vn 0.941311 0 -0.337541
vn 0.941311 0 -0.337541
vn 0.941311 0 -0.337541
vt 0.599635 0.996846
vt 0.599635 0.996895
vt 0.024958 0.996895
f 547/547/547 548/548/548 549/549/549
v -9.37894 0.001487 20.3896
v -9.379 0.001487 20.3894
v -9.379 2.20149 20.3894
vn 0.941311 0 -0.337541
vn 0.941311 0 -0.337541
vn 0.941311 0 -0.337541
vt 0.024958 0.996895
vt 0.024958 0.996846
vt 0.599635 0.996846
f 550/550/550 551/551/551 552/552/552
v -9.48707 2.20149 20.4287
v -9.379 2.20149 20.3894
v -9.379 0.001487 20.3894
vn -0.342011 0 -0.939696
vn -0.342011 0 -0.939696
vn -0.342011 0 -0.939696
vt 0.599492 0.775088
vt 0.599492 0.803302
vt 0.025101 0.803302
f 553/553/553 554/554/554 555/555/555
v -9.379 0.001487 20.3894
v -9.48707 0.001487 20.4287
v -9.48707 2.20149 20.4287
vn -0.342011 -0 -0.939696
vn -0.342011 -0 -0.939696
vn -0.342011 -0 -0.939696
vt 0.025101 0.803302
vt 0.025101 0.775088
vt 0.599492 0.775088
f 556/556/556 557/557/557 558/558/558
v -9.487 2.20149 20.4289
v -9.48707 2.20149 20.4287
v -9.48707 0.001487 20.4287
vn -0.93867 0 0.344817
vn -0.93867 0 0.344817
vn -0.93867 0 0.344817
vt 0.599373 0.996942
vt 0.599373 0.996991
vt 0.02522 0.996991
f 559/559/559 560/560/560 561/561/561
v -9.48707 0.001487 20.4287
v -9.487 0.001487 20.4289
v -9.487 2.20149 20.4289
vn -0.93867 0 0.344817
vn -0.93867 0 0.344817
vn -0.93867 0 0.344817
vt 0.02522 0.996991
vt 0.02522 0.996942
vt 0.599373 0.996942
f 562/562/562 563/563/563 564/564/564
v -10.1458 0.001487 20.3894
v -10.1457 0.001487 20.3896
v -10.2538 0.001487 20.4289
vn 0 -1 -0
vn 0 -1 -0
vn 0 -1 -0
vt 0.002014 0.692714
vt 0.002014 0.692663
vt 0.031101 0.69256
f 565/565/565 566/566/566 567/567/567
v -10.2538 0.001487 20.4289
v -10.2539 0.001487 20.4287
v -10.1458 0.001487 20.3894
vn 0 -1 0
vn 0 -1 0
vn 0 -1 0
vt 0.031101 0.69256
vt 0.031102 0.692611
vt 0.002014 0.692714
f 568/568/568 569/569/569 570/570/570
v -10.1458 2.20149 20.3894
v -10.2539 2.20149 20.4287
v -10.2538 2.20149 20.4289
vn 0 1 0
vn 0 1 0
vn 0 1 0
vt 0.031111 0.002358
vt 0.002022 0.003342
vt 0.00202 0.003292
f 571/571/571 572/572/572 573/573/573
v -10.2538 2.20149 20.4289
v -10.1457 2.20149 20.3896
v -10.1458 2.20149 20.3894
vn 0 1 -0
vn 0 1 -0
vn 0 1 -0
vt 0.00202 0.003292
vt 0.031109 0.002307
vt 0.031111 0.002358
f 574/574/574 575/575/575 576/576/576
v -10.1457 2.20149 20.3896
v -10.2538 2.20149 20.4289
v -10.2538 0.001487 20.4289
vn 0.341999 -0 0.9397
vn 0.341999 -0 0.9397
vn 0.341999 -0 0.9397
vt 0.599492 0.167662
vt 0.599492 0.195877
vt 0.025101 0.195877
f 577/577/577 578/578/578 579/579/579
v -10.2538 0.001487 20.4289
v -10.1457 0.001487 20.3896
v -10.1457 2.20149 20.3896
vn 0.341999 0 0.9397
vn 0.341999 0 0.9397
vn 0.341999 0 0.9397
vt 0.025101 0.195877
vt 0.025101 0.167662
vt 0.599492 0.167662
f 580/580/580 581/581/581 582/582/582
v -10.1458 2.20149 20.3894
v -10.1457 2.20149 20.3896
v -10.1457 0.001487 20.3896
vn 0.938262 0 -0.345925
vn 0.938262 0 -0.345925
vn 0.938262 0 -0.345925
vt 0.599635 0.997134
vt 0.599635 0.997184
vt 0.024958 0.997184
f 583/583/583 584/584/584 585/585/585
v -10.1457 0.001487 20.3896
v -10.1458 0.001487 20.3894
v -10.1458 2.20149 20.3894
vn 0.938262 0 -0.345925
vn 0.938262 0 -0.345925
vn 0.938262 0 -0.345925
vt 0.024958 0.997184
vt 0.024958 0.997134
vt 0.599635 0.997134
f 586/586/586 587/587/587 588/588/588
v -10.2539 2.20149 20.4287
v -10.1458 2.20149 20.3894
v -10.1458 0.001487 20.3894
vn -0.342013 0 -0.939695
vn -0.342013 0 -0.939695
vn -0.342013 0 -0.939695
vt 0.599492 0.305714
vt 0.599492 0.333929
vt 0.025101 0.333929
f 589/589/589 590/590/590 591/591/591
v -10.1458 0.001487 20.3894
v -10.2539 0.001487 20.4287
v -10.2539 2.20149 20.4287
vn -0.342013 -0 -0.939695
vn -0.342013 -0 -0.939695
vn -0.342013 -0 -0.939695
vt 0.025101 0.333929
vt 0.025101 0.305714
vt 0.599492 0.305714
f 592/592/592 593/593/593 594/594/594
v -10.2538 2.20149 20.4289
v -10.2539 2.20149 20.4287
v -10.2539 0.001487 20.4287
vn -0.937113 0 0.349027
vn -0.937113 0 0.349027
vn -0.937113 0 0.349027
vt 0.599635 0.997759
vt 0.599635 0.997808
vt 0.024958 0.997808
f 595/595/595 596/596/596 597/597/597
v -10.2539 0.001487 20.4287
v -10.2538 0.001487 20.4289
v -10.2538 2.20149 20.4289
vn -0.937113 0 0.349027
vn -0.937113 0 0.349027
vn -0.937113 0 0.349027
vt 0.024958 0.997808
vt 0.024958 0.997759
vt 0.599635 0.997759
f 598/598/598 599/599/599 600/600/600
v -9.00203 0.001487 20.3894
v -9.00196 0.001487 20.3896
v -9.11003 0.001487 20.4289
vn 0 -1 -0
vn 0 -1 -0
vn 0 -1 -0
vt 0.002005 0.885985
vt 0.002004 0.885934
vt 0.031112 0.885831
f 601/601/601 602/602/602 603/603/603
v -9.11003 0.001487 20.4289
v -9.1101 0.001487 20.4287
v -9.00203 0.001487 20.3894
vn 0 -1 0
vn 0 -1 0
vn 0 -1 0
vt 0.031112 0.885831
vt 0.031112 0.885882
vt 0.002005 0.885985
f 604/604/604 605/605/605 606/606/606
v -9.00203 2.20149 20.3894
v -9.1101 2.20149 20.4287
v -9.11003 2.20149 20.4289
vn 0 1 0
vn 0 1 0
vn 0 1 0
vt 0.031112 0.306072
vt 0.002021 0.307056
vt 0.002019 0.307006
f 607/607/607 608/608/608 609/609/609
v -9.11003 2.20149 20.4289
v -9.00196 2.20149 20.3896
v -9.00203 2.20149 20.3894
vn 0 1 -0
vn 0 1 -0
vn 0 1 -0
vt 0.002019 0.307006
vt 0.03111 0.306021
vt 0.031112 0.306072
f 610/610/610 611/611/611 612/612/612
v -9.00196 2.20149 20.3896
v -9.11003 2.20149 20.4289
v -9.11003 0.001487 20.4289
vn 0.341999 -0 0.9397
vn 0.341999 -0 0.9397
vn 0.341999 -0 0.9397
vt 0.599492 0.195273
vt 0.599492 0.223487
vt 0.025101 0.223487
f 613/613/613 614/614/614 615/615/615
v -9.11003 0.001487 20.4289
v -9.00196 0.001487 20.3896
v -9.00196 2.20149 20.3896
vn 0.341999 0 0.9397
vn 0.341999 0 0.9397
vn 0.341999 0 0.9397
vt 0.025101 0.223487
vt 0.025101 0.195273
vt 0.599492 0.195273
f 616/616/616 617/617/617 618/618/618
v -9.00203 2.20149 20.3894
v -9.00196 2.20149 20.3896
v -9.00196 0.001487 20.3896
vn 0.938262 0 -0.345925
vn 0.938262 0 -0.345925
vn 0.938262 0 -0.345925
vt 0.599635 0.997423
vt 0.599635 0.997472
vt 0.024958 0.997472
f 619/619/619 620/620/620 621/621/621
v -9.00196 0.001487 20.3896
v -9.00203 0.001487 20.3894
v -9.00203 2.20149 20.3894
vn 0.938262 0 -0.345925
vn 0.938262 0 -0.345925
vn 0.938262 0 -0.345925
vt 0.024958 0.997472
vt 0.024958 0.997423
vt 0.599635 0.997423
f 622/622/622 623/623/623 624/624/624
v -9.1101 2.20149 20.4287
v -9.00203 2.20149 20.3894
v -9.00203 0.001487 20.3894
vn -0.342016 0 -0.939694
vn -0.342016 0 -0.939694
vn -0.342016 0 -0.939694
vt 0.599492 0.913139
vt 0.599492 0.941353
vt 0.025101 0.941353
f 625/625/625 626/626/626 627/627/627
v -9.00203 0.001487 20.3894
v -9.1101 0.001487 20.4287
v -9.1101 2.20149 20.4287
vn -0.342016 -0 -0.939694
vn -0.342016 -0 -0.939694
vn -0.342016 -0 -0.939694
vt 0.025101 0.941353
vt 0.025101 0.913139
vt 0.599492 0.913139
f 628/628/628 629/629/629 630/630/630
v -9.11003 2.20149 20.4289
v -9.1101 2.20149 20.4287
v -9.1101 0.001487 20.4287
vn -0.93867 0 0.344817
vn -0.93867 0 0.344817
vn -0.93867 0 0.344817
vt 0.599373 0.996462
vt 0.599373 0.996511
vt 0.02522 0.996511
f 631/631/631 632/632/632 633/633/633
v -9.1101 0.001487 20.4287
v -9.11003 0.001487 20.4289
v -9.11003 2.20149 20.4289
vn -0.93867 0 0.344817
vn -0.93867 0 0.344817
vn -0.93867 0 0.344817
vt 0.02522 0.996511
vt 0.02522 0.996462
vt 0.599373 0.996462
f 634/634/634 635/635/635 636/636/636
v -8.8794 0.001487 20.3894
v -8.87934 0.001487 20.3896
v -8.9874 0.001487 20.4289
vn 0 -1 -0
vn 0 -1 -0
vn 0 -1 -0
vt 0.002004 0.968815
vt 0.002003 0.968764
vt 0.031112 0.968661
f 637/637/637 638/638/638 639/639/639
v -8.9874 0.001487 20.4289
v -8.98747 0.001487 20.4287
v -8.8794 0.001487 20.3894
vn 0 -1 0
vn 0 -1 0
vn 0 -1 0
vt 0.031112 0.968661
vt 0.031112 0.968712
vt 0.002004 0.968815
f 640/640/640 641/641/641 642/642/642
v -8.8794 2.20149 20.3894
v -8.98747 2.20149 20.4287
v -8.9874 2.20149 20.4289
vn 0 1 0
vn 0 1 0
vn 0 1 0
vt 0.031111 0.112799
vt 0.002022 0.113784
vt 0.00202 0.113733
f 643/643/643 644/644/644 645/645/645
v -8.9874 2.20149 20.4289
v -8.87934 2.20149 20.3896
v -8.8794 2.20149 20.3894
vn 0 1 -0
vn 0 1 -0
vn 0 1 -0
vt 0.00202 0.113733
vt 0.031109 0.112749
vt 0.031111 0.112799
f 646/646/646 647/647/647 648/648/648
v -8.87934 2.20149 20.3896
v -8.9874 2.20149 20.4289
v -8.9874 0.001487 20.4289
vn 0.341996 -0 0.939701
vn 0.341996 -0 0.939701
vn 0.341996 -0 0.939701
vt 0.599492 0.333325
vt 0.599492 0.361539
vt 0.025101 0.361539
f 649/649/649 650/650/650 651/651/651
v -8.9874 0.001487 20.4289
v -8.87934 0.001487 20.3896
v -8.87934 2.20149 20.3896
vn 0.341996 0 0.939701
vn 0.341996 0 0.939701
vn 0.341996 0 0.939701
vt 0.025101 0.361539
vt 0.025101 0.333325
vt 0.599492 0.333325
f 652/652/652 653/653/653 654/654/654
v -8.8794 2.20149 20.3894
v -8.87934 2.20149 20.3896
v -8.87934 0.001487 20.3896
vn 0.939793 0 -0.341743
vn 0.939793 0 -0.341743
vn 0.939793 0 -0.341743
vt 0.59941 0.996414
vt 0.59941 0.996463
vt 0.025183 0.996463
f 655/655/655 656/656/656 657/657/657
v -8.87934 0.001487 20.3896
v -8.8794 0.001487 20.3894
v -8.8794 2.20149 20.3894
vn 0.939793 0 -0.341743
vn 0.939793 0 -0.341743
vn 0.939793 0 -0.341743
vt 0.025183 0.996463
vt 0.025183 0.996414
vt 0.59941 0.996414
f 658/658/658 659/659/659 660/660/660
v -8.98747 2.20149 20.4287
v -8.8794 2.20149 20.3894
v -8.8794 0.001487 20.3894
vn -0.342013 0 -0.939695
vn -0.342013 0 -0.939695
vn -0.342013 0 -0.939695
vt 0.599492 0.140052
vt 0.599492 0.168266
vt 0.025101 0.168266
f 661/661/661 662/662/662 663/663/663
v -8.8794 0.001487 20.3894
v -8.98747 0.001487 20.4287
v -8.98747 2.20149 20.4287
vn -0.342013 -0 -0.939695
vn -0.342013 -0 -0.939695
vn -0.342013 -0 -0.939695
vt 0.025101 0.168266
vt 0.025101 0.140052
vt 0.599492 0.140052
f 664/664/664 665/665/665 666/666/666
v -8.9874 2.20149 20.4289
v -8.98747 2.20149 20.4287
v -8.98747 0.001487 20.4287
vn -0.940213 0 0.340587
vn -0.940213 0 0.340587
vn -0.940213 0 0.340587
vt 0.59941 0.996798
vt 0.59941 0.996847
vt 0.025183 0.996847
f 667/667/667 668/668/668 669/669/669
v -8.98747 0.001487 20.4287
v -8.9874 0.001487 20.4289
v -8.9874 2.20149 20.4289
vn -0.940213 0 0.340587
vn -0.940213 0 0.340587
vn -0.940213 0 0.340587
vt 0.025183 0.996847
vt 0.025183 0.996798
vt 0.59941 0.996798
f 670/670/670 671/671/671 672/672/672
v -8.75814 0.001487 20.3894
v -8.75807 0.001487 20.3896
v -8.86613 0.001487 20.4289
vn 0 -1 -0
vn 0 -1 -0
vn 0 -1 -0
vt 0.002006 0.582274
vt 0.002005 0.582223
vt 0.031111 0.58212
f 673/673/673 674/674/674 675/675/675
v -8.86613 0.001487 20.4289
v -8.8662 0.001487 20.4287
v -8.75814 0.001487 20.3894
vn 0 -1 0
vn 0 -1 0
vn 0 -1 0
vt 0.031111 0.58212
vt 0.031111 0.582171
vt 0.002006 0.582274
f 676/676/676 677/677/677 678/678/678
v -8.75814 2.20149 20.3894
v -8.8662 2.20149 20.4287
v -8.86613 2.20149 20.4289
vn 0 1 0
vn 0 1 0
vn 0 1 0
vt 0.031111 0.16802
vt 0.002022 0.169004
vt 0.00202 0.168954
f 679/679/679 680/680/680 681/681/681
v -8.86613 2.20149 20.4289
v -8.75807 2.20149 20.3896
v -8.75814 2.20149 20.3894
vn 0 1 -0
vn 0 1 -0
vn 0 1 -0
vt 0.00202 0.168954
vt 0.031109 0.167969
vt 0.031111 0.16802
f 682/682/682 683/683/683 684/684/684
v -8.75807 2.20149 20.3896
v -8.86613 2.20149 20.4289
v -8.86613 0.001487 20.4289
vn 0.341999 -0 0.9397
vn 0.341999 -0 0.9397
vn 0.341999 -0 0.9397
vt 0.599492 0.084831
vt 0.599492 0.113046
vt 0.025101 0.113046
f 685/685/685 686/686/686 687/687/687
v -8.86613 0.001487 20.4289
v -8.75807 0.001487 20.3896
v -8.75807 2.20149 20.3896
vn 0.341999 0 0.9397
vn 0.341999 0 0.9397
vn 0.341999 0 0.9397
vt 0.025101 0.113046
vt 0.025101 0.084831
vt 0.599492 0.084831
f 688/688/688 689/689/689 690/690/690
v -8.75814 2.20149 20.3894
v -8.75807 2.20149 20.3896
v -8.75807 0.001487 20.3896
vn 0.938262 0 -0.345925
vn 0.938262 0 -0.345925
vn 0.938262 0 -0.345925
vt 0.599711 0.99651
vt 0.599711 0.996559
vt 0.024882 0.996559
f 691/691/691 692/692/692 693/693/693
v -8.75807 0.001487 20.3896
v -8.75814 0.001487 20.3894
v -8.75814 2.20149 20.3894
vn 0.938262 0 -0.345925
vn 0.938262 0 -0.345925
vn 0.938262 0 -0.345925
vt 0.024882 0.996559
vt 0.024882 0.99651
vt 0.599711 0.99651
f 694/694/694 695/695/695 696/696/696
v -8.8662 2.20149 20.4287
v -8.75814 2.20149 20.3894
v -8.75814 0.001487 20.3894
vn -0.342019 0 -0.939693
vn -0.342019 0 -0.939693
vn -0.342019 0 -0.939693
vt 0.599492 0.940749
vt 0.599492 0.968963
vt 0.025101 0.968963
f 697/697/697 698/698/698 699/699/699
v -8.75814 0.001487 20.3894
v -8.8662 0.001487 20.4287
v -8.8662 2.20149 20.4287
vn -0.342019 -0 -0.939693
vn -0.342019 -0 -0.939693
vn -0.342019 -0 -0.939693
vt 0.025101 0.968963
vt 0.025101 0.940749
vt 0.599492 0.940749
f 700/700/700 701/701/701 702/702/702
v -8.86613 2.20149 20.4289
v -8.8662 2.20149 20.4287
v -8.8662 0.001487 20.4287
vn -0.940213 0 0.340587
vn -0.940213 0 0.340587
vn -0.940213 0 0.340587
vt 0.599373 0.99675
vt 0.599373 0.996799
vt 0.02522 0.996799
f 703/703/703 704/704/704 705/705/705
v -8.8662 0.001487 20.4287
v -8.86613 0.001487 20.4289
v -8.86613 2.20149 20.4289
vn -0.940213 0 0.340587
vn -0.940213 0 0.340587
vn -0.940213 0 0.340587
vt 0.02522 0.996799
vt 0.02522 0.99675
vt 0.599373 0.99675
f 706/706/706 707/707/707 708/708/708
v -8.63411 0.001487 20.3894
v -8.63404 0.001487 20.3896
v -8.74211 0.001487 20.4289
vn 0 -1 -0
vn 0 -1 -0
vn 0 -1 -0
vt 0.002004 0.499443
vt 0.002004 0.499393
vt 0.031111 0.49929
f 709/709/709 710/710/710 711/711/711
v -8.74211 0.001487 20.4289
v -8.74218 0.001487 20.4287
v -8.63411 0.001487 20.3894
vn 0 -1 0
vn 0 -1 0
vn 0 -1 0
vt 0.031111 0.49929
vt 0.031112 0.49934
vt 0.002004 0.499443
f 712/712/712 713/713/713 714/714/714
v -8.63411 2.20149 20.3894
v -8.74218 2.20149 20.4287
v -8.74211 2.20149 20.4289
vn 0 1 0
vn 0 1 0
vn 0 1 0
vt 0.031111 0.057578
vt 0.002022 0.058563
vt 0.00202 0.058512
f 715/715/715 716/716/716 717/717/717
v -8.74211 2.20149 20.4289
v -8.63404 2.20149 20.3896
v -8.63411 2.20149 20.3894
vn 0 1 -0
vn 0 1 -0
vn 0 1 -0
vt 0.00202 0.058512
vt 0.031109 0.057528
vt 0.031111 0.057578
f 718/718/718 719/719/719 720/720/720
v -8.63404 2.20149 20.3896
v -8.74211 2.20149 20.4289
v -8.74211 0.001487 20.4289
vn 0.341999 -0 0.9397
vn 0.341999 -0 0.9397
vn 0.341999 -0 0.9397
vt 0.599492 0.609427
vt 0.599492 0.637641
vt 0.025101 0.637641
f 721/721/721 722/722/722 723/723/723
v -8.74211 0.001487 20.4289
v -8.63404 0.001487 20.3896
v -8.63404 2.20149 20.3896
vn 0.341999 0 0.9397
vn 0.341999 0 0.9397
vn 0.341999 0 0.9397
vt 0.025101 0.637641
vt 0.025101 0.609427
vt 0.599492 0.609427
f 724/724/724 725/725/725 726/726/726
v -8.63411 2.20149 20.3894
v -8.63404 2.20149 20.3896
v -8.63404 0.001487 20.3896
vn 0.941311 0 -0.337541
vn 0.941311 0 -0.337541
vn 0.941311 0 -0.337541
vt 0.59941 0.997086
vt 0.59941 0.997135
vt 0.025183 0.997135
f 727/727/727 728/728/728 729/729/729
v -8.63404 0.001487 20.3896
v -8.63411 0.001487 20.3894
v -8.63411 2.20149 20.3894
vn 0.941311 0 -0.337541
vn 0.941311 0 -0.337541
vn 0.941311 0 -0.337541
vt 0.025183 0.997135
vt 0.025183 0.997086
vt 0.59941 0.997086
f 730/730/730 731/731/731 732/732/732
v -8.74218 2.20149 20.4287
v -8.63411 2.20149 20.3894
v -8.63411 0.001487 20.3894
vn -0.342011 0 -0.939696
vn -0.342011 0 -0.939696
vn -0.342011 0 -0.939696
vt 0.599492 0.002
vt 0.599492 0.030214
vt 0.025101 0.030214
f 733/733/733 734/734/734 735/735/735
v -8.63411 0.001487 20.3894
v -8.74218 0.001487 20.4287
v -8.74218 2.20149 20.4287
vn -0.342011 -0 -0.939696
vn -0.342011 -0 -0.939696
vn -0.342011 -0 -0.939696
vt 0.025101 0.030214
vt 0.025101 0.002
vt 0.599492 0.002
f 736/736/736 737/737/737 738/738/738
v -8.74211 2.20149 20.4289
v -8.74218 2.20149 20.4287
v -8.74218 0.001487 20.4287
vn -0.93867 0 0.344817
vn -0.93867 0 0.344817
vn -0.93867 0 0.344817
vt 0.599711 0.996702
vt 0.599711 0.996751
vt 0.024882 0.996751
f 739/739/739 740/740/740 741/741/741
v -8.74218 0.001487 20.4287
v -8.74211 0.001487 20.4289
v -8.74211 2.20149 20.4289
vn -0.93867 0 0.344817
vn -0.93867 0 0.344817
vn -0.93867 0 0.344817
vt 0.024882 0.996751
vt 0.024882 0.996702
vt 0.599711 0.996702
f 742/742/742 743/743/743 744/744/744
v -8.38821 0.001487 20.3894
v -8.38814 0.001487 20.3896
v -8.49621 0.001487 20.4289
vn 0 -1 -0
vn 0 -1 -0
vn 0 -1 -0
vt 0.002007 0.527053
vt 0.002007 0.527003
vt 0.031109 0.5269
f 745/745/745 746/746/746 747/747/747
v -8.49621 0.001487 20.4289
v -8.49628 0.001487 20.4287
v -8.38821 0.001487 20.3894
vn 0 -1 0
vn 0 -1 0
vn 0 -1 0
vt 0.031109 0.5269
vt 0.031109 0.52695
vt 0.002007 0.527053
f 748/748/748 749/749/749 750/750/750
v -8.38821 2.20149 20.3894
v -8.49628 2.20149 20.4287
v -8.49621 2.20149 20.4289
vn 0 1 0
vn 0 1 0
vn 0 1 0
vt 0.031111 0.085189
vt 0.002022 0.086173
vt 0.00202 0.086123
f 751/751/751 752/752/752 753/753/753
v -8.49621 2.20149 20.4289
v -8.38814 2.20149 20.3896
v -8.38821 2.20149 20.3894
vn 0 1 -0
vn 0 1 -0
vn 0 1 -0
vt 0.00202 0.086123
vt 0.031109 0.085138
vt 0.031111 0.085189
f 754/754/754 755/755/755 756/756/756
v -8.38814 2.20149 20.3896
v -8.49621 2.20149 20.4289
v -8.49621 0.001487 20.4289
vn 0.341996 -0 0.939701
vn 0.341996 -0 0.939701
vn 0.341996 -0 0.939701
vt 0.599492 0.02961
vt 0.599492 0.057825
vt 0.025101 0.057825
f 757/757/757 758/758/758 759/759/759
v -8.49621 0.001487 20.4289
v -8.38814 0.001487 20.3896
v -8.38814 2.20149 20.3896
vn 0.341996 0 0.939701
vn 0.341996 0 0.939701
vn 0.341996 0 0.939701
vt 0.025101 0.057825
vt 0.025101 0.02961
vt 0.599492 0.02961
f 760/760/760 761/761/761 762/762/762
v -8.38821 2.20149 20.3894
v -8.38814 2.20149 20.3896
v -8.38814 0.001487 20.3896
vn 0.936717 0 -0.350086
vn 0.936717 0 -0.350086
vn 0.936717 0 -0.350086
vt 0.599711 0.996366
vt 0.599711 0.996415
vt 0.024882 0.996415
f 763/763/763 764/764/764 765/765/765
v -8.38814 0.001487 20.3896
v -8.38821 0.001487 20.3894
v -8.38821 2.20149 20.3894
vn 0.936717 0 -0.350086
vn 0.936717 0 -0.350086
vn 0.936717 0 -0.350086
vt 0.024882 0.996415
vt 0.024882 0.996366
vt 0.599711 0.996366
f 766/766/766 767/767/767 768/768/768
v -8.49628 2.20149 20.4287
v -8.38821 2.20149 20.3894
v -8.38821 0.001487 20.3894
vn -0.342016 0 -0.939694
vn -0.342016 0 -0.939694
vn -0.342016 0 -0.939694
vt 0.599492 0.747478
vt 0.599492 0.775692
vt 0.025101 0.775692
f 769/769/769 770/770/770 771/771/771
v -8.38821 0.001487 20.3894
v -8.49628 0.001487 20.4287
v -8.49628 2.20149 20.4287
vn -0.342016 -0 -0.939694
vn -0.342016 -0 -0.939694
vn -0.342016 -0 -0.939694
vt 0.025101 0.775692
vt 0.025101 0.747478
vt 0.599492 0.747478
f 772/772/772 773/773/773 774/774/774
v -8.49621 2.20149 20.4289
v -8.49628 2.20149 20.4287
v -8.49628 0.001487 20.4287
vn -0.93867 0 0.344817
vn -0.93867 0 0.344817
vn -0.93867 0 0.344817
vt 0.59941 0.996318
vt 0.59941 0.996367
vt 0.025183 0.996367
f 775/775/775 776/776/776 777/777/777
v -8.49628 0.001487 20.4287
v -8.49621 0.001487 20.4289
v -8.49621 2.20149 20.4289
vn -0.93867 0 0.344817
vn -0.93867 0 0.344817
vn -0.93867 0 0.344817
vt 0.025183 0.996367
vt 0.025183 0.996318
vt 0.59941 0.996318
f 778/778/778 779/779/779 780/780/780
v -8.2651 0.001487 20.3894
v -8.26503 0.001487 20.3896
v -8.37309 0.001487 20.4289
vn 0 -1 -0
vn 0 -1 -0
vn 0 -1 -0
vt 0.002004 0.913595
vt 0.002003 0.913544
vt 0.031112 0.913441
f 781/781/781 782/782/782 783/783/783
v -8.37309 0.001487 20.4289
v -8.37316 0.001487 20.4287
v -8.2651 0.001487 20.3894
vn 0 -1 0
vn 0 -1 0
vn 0 -1 0
vt 0.031112 0.913441
vt 0.031113 0.913492
vt 0.002004 0.913595
f 784/784/784 785/785/785 786/786/786
v -8.2651 2.20149 20.3894
v -8.37316 2.20149 20.4287
v -8.37309 2.20149 20.4289
vn 0 1 0
vn 0 1 0
vn 0 1 0
vt 0.031111 0.029968
vt 0.002022 0.030952
vt 0.00202 0.030902
f 787/787/787 788/788/788 789/789/789
v -8.37309 2.20149 20.4289
v -8.26503 2.20149 20.3896
v -8.2651 2.20149 20.3894
vn 0 1 -0
vn 0 1 -0
vn 0 1 -0
vt 0.00202 0.030902
vt 0.031109 0.029917
vt 0.031111 0.029968
f 790/790/790 791/791/791 792/792/792
v -8.26503 2.20149 20.3896
v -8.37309 2.20149 20.4289
v -8.37309 0.001487 20.4289
vn 0.341999 -0 0.9397
vn 0.341999 -0 0.9397
vn 0.341999 -0 0.9397
vt 0.599492 0.112442
vt 0.599492 0.140656
vt 0.025101 0.140656
f 793/793/793 794/794/794 795/795/795
v -8.37309 0.001487 20.4289
v -8.26503 0.001487 20.3896
v -8.26503 2.20149 20.3896
vn 0.341999 0 0.9397
vn 0.341999 0 0.9397
vn 0.341999 0 0.9397
vt 0.025101 0.140656
vt 0.025101 0.112442
vt 0.599492 0.112442
f 796/796/796 797/797/797 798/798/798
v -8.2651 2.20149 20.3894
v -8.26503 2.20149 20.3896
v -8.26503 0.001487 20.3896
vn 0.939793 0 -0.341743
vn 0.939793 0 -0.341743
vn 0.939793 0 -0.341743
vt 0.599635 0.997711
vt 0.599635 0.99776
vt 0.024958 0.99776
f 799/799/799 800/800/800 801/801/801
v -8.26503 0.001487 20.3896
v -8.2651 0.001487 20.3894
v -8.2651 2.20149 20.3894
vn 0.939793 0 -0.341743
vn 0.939793 0 -0.341743
vn 0.939793 0 -0.341743
vt 0.024958 0.99776
vt 0.024958 0.997711
vt 0.599635 0.997711
f 802/802/802 803/803/803 804/804/804
v -8.37316 2.20149 20.4287
v -8.2651 2.20149 20.3894
v -8.2651 0.001487 20.3894
vn -0.342013 0 -0.939695
vn -0.342013 0 -0.939695
vn -0.342013 0 -0.939695
vt 0.599492 0.498987
vt 0.599492 0.527201
vt 0.025101 0.527201
f 805/805/805 806/806/806 807/807/807
v -8.2651 0.001487 20.3894
v -8.37316 0.001487 20.4287
v -8.37316 2.20149 20.4287
vn -0.342013 -0 -0.939695
vn -0.342013 -0 -0.939695
vn -0.342013 -0 -0.939695
vt 0.025101 0.527201
vt 0.025101 0.498987
vt 0.599492 0.498987
f 808/808/808 809/809/809 810/810/810
v -8.37309 2.20149 20.4289
v -8.37316 2.20149 20.4287
v -8.37316 0.001487 20.4287
vn -0.93867 0 0.344817
vn -0.93867 0 0.344817
vn -0.93867 0 0.344817
vt 0.59941 0.996606
vt 0.59941 0.996655
vt 0.025183 0.996655
f 811/811/811 812/812/812 813/813/813
v -8.37316 0.001487 20.4287
v -8.37309 0.001487 20.4289
v -8.37309 2.20149 20.4289
vn -0.93867 0 0.344817
vn -0.93867 0 0.344817
vn -0.93867 0 0.344817
vt 0.025183 0.996655
vt 0.025183 0.996606
vt 0.59941 0.996606
f 814/814/814 815/815/815 816/816/816
v -8.51166 0.001487 20.3894
v -8.51159 0.001487 20.3896
v -8.61966 0.001487 20.4289
vn 0 -1 -0
vn 0 -1 -0
vn 0 -1 -0
vt 0.002 0.941205
vt 0.002 0.941154
vt 0.031116 0.941051
f 817/817/817 818/818/818 819/819/819
v -8.61966 0.001487 20.4289
v -8.61972 0.001487 20.4287
v -8.51166 0.001487 20.3894
vn 0 -1 0
vn 0 -1 0
vn 0 -1 0
vt 0.031116 0.941051
vt 0.031116 0.941102
vt 0.002 0.941205
f 820/820/820 821/821/821 822/822/822
v -8.51166 2.20149 20.3894
v -8.61972 2.20149 20.4287
v -8.61966 2.20149 20.4289
vn 0 1 0
vn 0 1 0
vn 0 1 0
vt 0.031109 0.416513
vt 0.002024 0.417498
vt 0.002022 0.417447
f 823/823/823 824/824/824 825/825/825
v -8.61966 2.20149 20.4289
v -8.51159 2.20149 20.3896
v -8.51166 2.20149 20.3894
vn 0 1 -0
vn 0 1 -0
vn 0 1 -0
vt 0.002022 0.417447
vt 0.031107 0.416463
vt 0.031109 0.416513
f 826/826/826 827/827/827 828/828/828
v -8.51159 2.20149 20.3896
v -8.61966 2.20149 20.4289
v -8.61966 0.001487 20.4289
vn 0.342001 -0 0.939699
vn 0.342001 -0 0.939699
vn 0.342001 -0 0.939699
vt 0.599492 0.692258
vt 0.599492 0.720472
vt 0.025101 0.720472
f 829/829/829 830/830/830 831/831/831
v -8.61966 0.001487 20.4289
v -8.51159 0.001487 20.3896
v -8.51159 2.20149 20.3896
vn 0.342001 0 0.939699
vn 0.342001 0 0.939699
vn 0.342001 0 0.939699
vt 0.025101 0.720472
vt 0.025101 0.692258
vt 0.599492 0.692258
f 832/832/832 833/833/833 834/834/834
v -8.51166 2.20149 20.3894
v -8.51159 2.20149 20.3896
v -8.51159 0.001487 20.3896
vn 0.941311 0 -0.337541
vn 0.941311 0 -0.337541
vn 0.941311 0 -0.337541
vt 0.599336 0.997567
vt 0.599336 0.997616
vt 0.025257 0.997616
f 835/835/835 836/836/836 837/837/837
v -8.51159 0.001487 20.3896
v -8.51166 0.001487 20.3894
v -8.51166 2.20149 20.3894
vn 0.941311 0 -0.337541
vn 0.941311 0 -0.337541
vn 0.941311 0 -0.337541
vt 0.025257 0.997616
vt 0.025257 0.997567
vt 0.599336 0.997567
f 838/838/838 839/839/839 840/840/840
v -8.61972 2.20149 20.4287
v -8.51166 2.20149 20.3894
v -8.51166 0.001487 20.3894
vn -0.342013 0 -0.939695
vn -0.342013 0 -0.939695
vn -0.342013 0 -0.939695
vt 0.599492 0.526597
vt 0.599492 0.554811
vt 0.025101 0.554811
f 841/841/841 842/842/842 843/843/843
v -8.51166 0.001487 20.3894
v -8.61972 0.001487 20.4287
v -8.61972 2.20149 20.4287
vn -0.342013 -0 -0.939695
vn -0.342013 -0 -0.939695
vn -0.342013 -0 -0.939695
vt 0.025101 0.554811
vt 0.025101 0.526597
vt 0.599492 0.526597
f 844/844/844 845/845/845 846/846/846
v -8.61966 2.20149 20.4289
v -8.61972 2.20149 20.4287
v -8.61972 0.001487 20.4287
vn -0.93867 0 0.344817
vn -0.93867 0 0.344817
vn -0.93867 0 0.344817
vt 0.59941 0.996894
vt 0.59941 0.996943
vt 0.025183 0.996943
f 847/847/847 848/848/848 849/849/849
v -8.61972 0.001487 20.4287
v -8.61966 0.001487 20.4289
v -8.61966 2.20149 20.4289
vn -0.93867 0 0.344817
vn -0.93867 0 0.344817
vn -0.93867 0 0.344817
vt 0.025183 0.996943
vt 0.025183 0.996894
vt 0.59941 0.996894
f 850/850/850 851/851/851 852/852/852
v -8.14006 0.001487 20.3894
v -8.13999 0.001487 20.3896
v -8.24806 0.001487 20.4289
vn 0 -1 -0
vn 0 -1 -0
vn 0 -1 -0
vt 0.002004 0.609884
vt 0.002003 0.609833
vt 0.031112 0.60973
f 853/853/853 854/854/854 855/855/855
v -8.24806 0.001487 20.4289
v -8.24813 0.001487 20.4287
v -8.14006 0.001487 20.3894
vn 0 -1 0
vn 0 -1 0
vn 0 -1 0
vt 0.031112 0.60973
vt 0.031113 0.609781
vt 0.002004 0.609884
f 856/856/856 857/857/857 858/858/858
v -8.14006 2.20149 20.3894
v -8.24813 2.20149 20.4287
v -8.24806 2.20149 20.4289
vn 0 1 0
vn 0 1 0
vn 0 1 0
vt 0.031109 0.388903
vt 0.002024 0.389887
vt 0.002022 0.389837
f 859/859/859 860/860/860 861/861/861
v -8.24806 2.20149 20.4289
v -8.13999 2.20149 20.3896
v -8.14006 2.20149 20.3894
vn 0 1 -0
vn 0 1 -0
vn 0 1 -0
vt 0.002022 0.389837
vt 0.031107 0.388852
vt 0.031109 0.388903
f 862/862/862 863/863/863 864/864/864
v -8.13999 2.20149 20.3896
v -8.24806 2.20149 20.4289
v -8.24806 0.001487 20.4289
vn 0.341996 -0 0.939701
vn 0.341996 -0 0.939701
vn 0.341996 -0 0.939701
vt 0.599492 0.471377
vt 0.599492 0.499591
vt 0.025101 0.499591
f 865/865/865 866/866/866 867/867/867
v -8.24806 0.001487 20.4289
v -8.13999 0.001487 20.3896
v -8.13999 2.20149 20.3896
vn 0.341996 0 0.939701
vn 0.341996 0 0.939701
vn 0.341996 0 0.939701
vt 0.025101 0.499591
vt 0.025101 0.471377
vt 0.599492 0.471377
f 868/868/868 869/869/869 870/870/870
v -8.14006 2.20149 20.3894
v -8.13999 2.20149 20.3896
v -8.13999 0.001487 20.3896
vn 0.938262 0 -0.345925
vn 0.938262 0 -0.345925
vn 0.938262 0 -0.345925
vt 0.599635 0.997951
vt 0.599635 0.998
vt 0.024958 0.998
f 871/871/871 872/872/872 873/873/873
v -8.13999 0.001487 20.3896
v -8.14006 0.001487 20.3894
v -8.14006 2.20149 20.3894
vn 0.938262 0 -0.345925
vn 0.938262 0 -0.345925
vn 0.938262 0 -0.345925
vt 0.024958 0.998
vt 0.024958 0.997951
vt 0.599635 0.997951
f 874/874/874 875/875/875 876/876/876
v -8.24813 2.20149 20.4287
v -8.14006 2.20149 20.3894
v -8.14006 0.001487 20.3894
vn -0.342016 0 -0.939694
vn -0.342016 0 -0.939694
vn -0.342016 0 -0.939694
vt 0.599492 0.885528
vt 0.599492 0.913742
vt 0.025101 0.913742
f 877/877/877 878/878/878 879/879/879
v -8.14006 0.001487 20.3894
v -8.24813 0.001487 20.4287
v -8.24813 2.20149 20.4287
vn -0.342016 -0 -0.939694
vn -0.342016 -0 -0.939694
vn -0.342016 -0 -0.939694
vt 0.025101 0.913742
vt 0.025101 0.885528
vt 0.599492 0.885528
f 880/880/880 881/881/881 882/882/882
v -8.24806 2.20149 20.4289
v -8.24813 2.20149 20.4287
v -8.24813 0.001487 20.4287
vn -0.940213 0 0.340587
vn -0.940213 0 0.340587
vn -0.940213 0 0.340587
vt 0.59941 0.997182
vt 0.59941 0.997232
vt 0.025183 0.997232
f 883/883/883 884/884/884 885/885/885
v -8.24813 0.001487 20.4287
v -8.24806 0.001487 20.4289
v -8.24806 2.20149 20.4289
vn -0.940213 0 0.340587
vn -0.940213 0 0.340587
vn -0.940213 0 0.340587
vt 0.025183 0.997232
vt 0.025183 0.997182
vt 0.59941 0.997182
f 886/886/886 887/887/887 888/888/888
v -10.2026 2.19082 20.4069
v -10.1976 2.19082 20.4069
v -10.1976 2.19082 20.4119
vn -0 -1 -0
vn -0 -1 -0
vn -0 -1 -0
vt 0.629093 0.549891
vt 0.630359 0.549891
vt 0.630359 0.551157
f 889/889/889 890/890/890 891/891/891
v -10.1976 2.19082 20.4119
v -10.2026 2.19082 20.4119
v -10.2026 2.19082 20.4069
vn 0 -1 0
vn 0 -1 0
vn 0 -1 0
vt 0.630359 0.551157
vt 0.629093 0.551157
vt 0.629093 0.549891
f 892/892/892 893/893/893 894/894/894
v -10.1976 2.22082 20.4119
v -10.1976 2.22082 20.4069
v -10.2026 2.22082 20.4069
vn 0 1 0
vn 0 1 0
vn 0 1 0
vt 0.622694 0.577996
vt 0.622694 0.579261
vt 0.621428 0.579261
f 895/895/895 896/896/896 897/897/897
v -10.2026 2.22082 20.4069
v -10.2026 2.22082 20.4119
v -10.1976 2.22082 20.4119
vn 0 1 0
vn 0 1 0
vn 0 1 0
vt 0.621428 0.579261
vt 0.621428 0.577996
vt 0.622694 0.577996
f 898/898/898 899/899/899 900/900/900
v -10.1976 2.22082 20.4119
v -10.2026 2.22082 20.4119
v -10.2026 2.19082 20.4119
vn 0 0 1
vn 0 0 1
vn 0 0 1
vt 0.603543 0.548644
vt 0.604809 0.548644
vt 0.604809 0.556237
f 901/901/901 902/902/902 903/903/903
v -10.2026 2.19082 20.4119
v -10.1976 2.19082 20.4119
v -10.1976 2.22082 20.4119
vn 0 0 1
vn 0 0 1
vn 0 0 1
vt 0.604809 0.556237
vt 0.603543 0.556237
vt 0.603543 0.548644
f 904/904/904 905/905/905 906/906/906
v -10.1976 2.22082 20.4069
v -10.1976 2.22082 20.4119
v -10.1976 2.19082 20.4119
vn 1 -0 0
vn 1 -0 0
vn 1 -0 0
vt 0.599711 0.571639
vt 0.600976 0.571639
vt 0.600976 0.579231
f 907/907/907 908/908/908 909/909/909
v -10.1976 2.19082 20.4119
v -10.1976 2.19082 20.4069
v -10.1976 2.22082 20.4069
vn 1 0 -0
vn 1 0 -0
vn 1 0 -0
vt 0.600976 0.579231
vt 0.599711 0.579231
vt 0.599711 0.571639
f 910/910/910 911/911/911 912/912/912
v -10.1976 2.22082 20.4069
v -10.1976 2.19082 20.4069
v -10.2026 2.19082 20.4069
vn 0 0 -1
vn 0 0 -1
vn 0 0 -1
vt 0.603531 0.556309
vt 0.603531 0.563901
vt 0.602266 0.563901
f 913/913/913 914/914/914 915/915/915
v -10.2026 2.19082 20.4069
v -10.2026 2.22082 20.4069
v -10.1976 2.22082 20.4069
vn -0 -0 -1
vn -0 -0 -1
vn -0 -0 -1
vt 0.602266 0.563901
vt 0.602266 0.556309
vt 0.603531 0.556309
f 916/916/916 917/917/917 918/918/918
v -10.2026 2.22082 20.4119
v -10.2026 2.22082 20.4069
v -10.2026 2.19082 20.4069
vn -1 0 0
vn -1 0 0
vn -1 0 0
vt 0.600988 0.563974
vt 0.602254 0.563974
vt 0.602254 0.571566
f 919/919/919 920/920/920 921/921/921
v -10.2026 2.19082 20.4069
v -10.2026 2.19082 20.4119
v -10.2026 2.22082 20.4119
vn -1 -0 -0
vn -1 -0 -0
vn -1 -0 -0
vt 0.602254 0.571566
vt 0.600988 0.571566
vt 0.600988 0.563974
f 922/922/922 923/923/923 924/924/924
v -10.0774 2.19082 20.4069
v -10.0724 2.19082 20.4069
v -10.0724 2.19082 20.4119
vn -0 -1 -0
vn -0 -1 -0
vn -0 -1 -0
vt 0.623983 0.555001
vt 0.625249 0.555001
vt 0.625249 0.556267
f 925/925/925 926/926/926 927/927/927
v -10.0724 2.19082 20.4119
v -10.0774 2.19082 20.4119
v -10.0774 2.19082 20.4069
vn 0 -1 0
vn 0 -1 0
vn 0 -1 0
vt 0.625249 0.556267
vt 0.623983 0.556267
vt 0.623983 0.555001
f 928/928/928 929/929/929 930/930/930
v -10.0724 2.22082 20.4119
v -10.0724 2.22082 20.4069
v -10.0774 2.22082 20.4069
vn 0 1 0
vn 0 1 0
vn 0 1 0
vt 0.626526 0.553724
vt 0.626526 0.554989
vt 0.625261 0.554989
f 931/931/931 932/932/932 933/933/933
v -10.0774 2.22082 20.4069
v -10.0774 2.22082 20.4119
v -10.0724 2.22082 20.4119
vn 0 1 0
vn 0 1 0
vn 0 1 0
vt 0.625261 0.554989
vt 0.625261 0.553724
vt 0.626526 0.553724
f 934/934/934 935/935/935 936/936/936
v -10.0724 2.22082 20.4119
v -10.0774 2.22082 20.4119
v -10.0774 2.19082 20.4119
vn 0 0 1
vn 0 0 1
vn 0 0 1
vt 0.603543 0.563974
vt 0.604809 0.563974
vt 0.604809 0.571566
f 937/937/937 938/938/938 939/939/939
v -10.0774 2.19082 20.4119
v -10.0724 2.19082 20.4119
v -10.0724 2.22082 20.4119
vn 0 0 1
vn 0 0 1
vn 0 0 1
vt 0.604809 0.571566
vt 0.603543 0.571566
vt 0.603543 0.563974
f 940/940/940 941/941/941 942/942/942
v -10.0724 2.22082 20.4069
v -10.0724 2.22082 20.4119
v -10.0724 2.19082 20.4119
vn 1 -0 0
vn 1 -0 0
vn 1 -0 0
vt 0.603543 0.556309
vt 0.604809 0.556309
vt 0.604809 0.563901
f 943/943/943 944/944/944 945/945/945
v -10.0724 2.19082 20.4119
v -10.0724 2.19082 20.4069
v -10.0724 2.22082 20.4069
vn 1 0 -0
vn 1 0 -0
vn 1 0 -0
vt 0.604809 0.563901
vt 0.603543 0.563901
vt 0.603543 0.556309
f 946/946/946 947/947/947 948/948/948
v -10.0724 2.22082 20.4069
v -10.0724 2.19082 20.4069
v -10.0774 2.19082 20.4069
vn 0 0 -1
vn 0 0 -1
vn 0 0 -1
vt 0.603531 0.571639
vt 0.603531 0.579231
vt 0.602266 0.579231
f 949/949/949 950/950/950 951/951/951
v -10.0774 2.19082 20.4069
v -10.0774 2.22082 20.4069
v -10.0724 2.22082 20.4069
vn -0 -0 -1
vn -0 -0 -1
vn -0 -0 -1
vt 0.602266 0.579231
vt 0.602266 0.571639
vt 0.603531 0.571639
f 952/952/952 953/953/953 954/954/954
v -10.0774 2.22082 20.4119
v -10.0774 2.22082 20.4069
v -10.0774 2.19082 20.4069
vn -1 0 0
vn -1 0 0
vn -1 0 0
vt 0.604821 0.548644
vt 0.606086 0.548644
vt 0.606086 0.556237
f 955/955/955 956/956/956 957/957/957
v -10.0774 2.19082 20.4069
v -10.0774 2.19082 20.4119
v -10.0774 2.22082 20.4119
vn -1 -0 -0
vn -1 -0 -0
vn -1 -0 -0
vt 0.606086 0.556237
vt 0.604821 0.556237
vt 0.604821 0.548644
f 958/958/958 959/959/959 960/960/960
v -9.94495 2.19082 20.4069
v -9.93995 2.19082 20.4069
v -9.93995 2.19082 20.4119
vn -0 -1 -0
vn -0 -1 -0
vn -0 -1 -0
vt 0.621428 0.576718
vt 0.622694 0.576718
vt 0.622694 0.577984
f 961/961/961 962/962/962 963/963/963
v -9.93995 2.19082 20.4119
v -9.94495 2.19082 20.4119
v -9.94495 2.19082 20.4069
vn 0 -1 0
vn 0 -1 0
vn 0 -1 0
vt 0.622694 0.577984
vt 0.621428 0.577984
vt 0.621428 0.576718
f 964/964/964 965/965/965 966/966/966
v -9.93995 2.22082 20.4119
v -9.93995 2.22082 20.4069
v -9.94495 2.22082 20.4069
vn 0 1 0
vn 0 1 0
vn 0 1 0
vt 0.623971 0.562666
vt 0.623971 0.563932
vt 0.622706 0.563932
f 967/967/967 968/968/968 969/969/969
v -9.94495 2.22082 20.4069
v -9.94495 2.22082 20.4119
v -9.93995 2.22082 20.4119
vn 0 1 0
vn 0 1 0
vn 0 1 0
vt 0.622706 0.563932
vt 0.622706 0.562666
vt 0.623971 0.562666
f 970/970/970 971/971/971 972/972/972
v -9.93995 2.22082 20.4119
v -9.94495 2.22082 20.4119
v -9.94495 2.19082 20.4119
vn 0 0 1
vn 0 0 1
vn 0 0 1
vt 0.607376 0.548644
vt 0.608641 0.548644
vt 0.608641 0.556237
f 973/973/973 974/974/974 975/975/975
v -9.94495 2.19082 20.4119
v -9.93995 2.19082 20.4119
v -9.93995 2.22082 20.4119
vn 0 0 1
vn 0 0 1
vn 0 0 1
vt 0.608641 0.556237
vt 0.607376 0.556237
vt 0.607376 0.548644
f 976/976/976 977/977/977 978/978/978
v -9.93995 2.22082 20.4069
v -9.93995 2.22082 20.4119
v -9.93995 2.19082 20.4119
vn 1 -0 0
vn 1 -0 0
vn 1 -0 0
vt 0.603543 0.571639
vt 0.604809 0.571639
vt 0.604809 0.579231
f 979/979/979 980/980/980 981/981/981
v -9.93995 2.19082 20.4119
v -9.93995 2.19082 20.4069
v -9.93995 2.22082 20.4069
vn 1 0 -0
vn 1 0 -0
vn 1 0 -0
vt 0.604809 0.579231
vt 0.603543 0.579231
vt 0.603543 0.571639
f 982/982/982 983/983/983 984/984/984
v -9.93995 2.22082 20.4069
v -9.93995 2.19082 20.4069
v -9.94495 2.19082 20.4069
vn 0 0 -1
vn 0 0 -1
vn 0 0 -1
vt 0.607364 0.556309
vt 0.607364 0.563901
vt 0.606098 0.563901
f 985/985/985 986/986/986 987/987/987
v -9.94495 2.19082 20.4069
v -9.94495 2.22082 20.4069
v -9.93995 2.22082 20.4069
vn -0 -0 -1
vn -0 -0 -1
vn -0 -0 -1
vt 0.606098 0.563901
vt 0.606098 0.556309
vt 0.607364 0.556309
f 988/988/988 989/989/989 990/990/990
v -9.94495 2.22082 20.4119
v -9.94495 2.22082 20.4069
v -9.94495 2.19082 20.4069
vn -1 0 0
vn -1 0 0
vn -1 0 0
vt 0.604821 0.563974
vt 0.606086 0.563974
vt 0.606086 0.571566
f 991/991/991 992/992/992 993/993/993
v -9.94495 2.19082 20.4069
v -9.94495 2.19082 20.4119
v -9.94495 2.22082 20.4119
vn -1 -0 -0
vn -1 -0 -0
vn -1 -0 -0
vt 0.606086 0.571566
vt 0.604821 0.571566
vt 0.604821 0.563974
f 994/994/994 995/995/995 996/996/996
v -9.81854 2.19082 20.4069
v -9.81354 2.19082 20.4069
v -9.81354 2.19082 20.4119
vn -0 -1 -0
vn -0 -1 -0
vn -0 -1 -0
vt 0.625261 0.552446
vt 0.626526 0.552446
vt 0.626526 0.553712
f 997/997/997 998/998/998 999/999/999
v -9.81354 2.19082 20.4119
v -9.81854 2.19082 20.4119
v -9.81854 2.19082 20.4069
vn 0 -1 0
vn 0 -1 0
vn 0 -1 0
vt 0.626526 0.553712
vt 0.625261 0.553712
vt 0.625261 0.552446
f 1000/1000/1000 1001/1001/1001 1002/1002/1002
v -9.81354 2.22082 20.4119
v -9.81354 2.22082 20.4069
v -9.81854 2.22082 20.4069
vn 0 1 0
vn 0 1 0
vn 0 1 0
vt 0.627804 0.551169
vt 0.627804 0.552434
vt 0.626538 0.552434
f 1003/1003/1003 1004/1004/1004 1005/1005/1005
v -9.81854 2.22082 20.4069
v -9.81854 2.22082 20.4119
v -9.81354 2.22082 20.4119
vn 0 1 0
vn 0 1 0
vn 0 1 0
vt 0.626538 0.552434
vt 0.626538 0.551169
vt 0.627804 0.551169
f 1006/1006/1006 1007/1007/1007 1008/1008/1008
v -9.81354 2.22082 20.4119
v -9.81854 2.22082 20.4119
v -9.81854 2.19082 20.4119
vn 0 0 1
vn 0 0 1
vn 0 0 1
vt 0.607376 0.563974
vt 0.608641 0.563974
vt 0.608641 0.571566
f 1009/1009/1009 1010/1010/1010 1011/1011/1011
v -9.81854 2.19082 20.4119
v -9.81354 2.19082 20.4119
v -9.81354 2.22082 20.4119
vn 0 0 1
vn 0 0 1
vn 0 0 1
vt 0.608641 0.571566
vt 0.607376 0.571566
vt 0.607376 0.563974
f 1012/1012/1012 1013/1013/1013 1014/1014/1014
v -9.81354 2.22082 20.4069
v -9.81354 2.22082 20.4119
v -9.81354 2.19082 20.4119
vn 1 -0 0
vn 1 -0 0
vn 1 -0 0
vt 0.607376 0.556309
vt 0.608641 0.556309
vt 0.608641 0.563901
f 1015/1015/1015 1016/1016/1016 1017/1017/1017
v -9.81354 2.19082 20.4119
v -9.81354 2.19082 20.4069
v -9.81354 2.22082 20.4069
vn 1 0 -0
vn 1 0 -0
vn 1 0 -0
vt 0.608641 0.563901
vt 0.607376 0.563901
vt 0.607376 0.556309
f 1018/1018/1018 1019/1019/1019 1020/1020/1020
v -9.81354 2.22082 20.4069
v -9.81354 2.19082 20.4069
v -9.81854 2.19082 20.4069
vn 0 0 -1
vn 0 0 -1
vn 0 0 -1
vt 0.607364 0.571639
vt 0.607364 0.579231
vt 0.606098 0.579231
f 1021/1021/1021 1022/1022/1022 1023/1023/1023
v -9.81854 2.19082 20.4069
v -9.81854 2.22082 20.4069
v -9.81354 2.22082 20.4069
vn -0 -0 -1
vn -0 -0 -1
vn -0 -0 -1
vt 0.606098 0.579231
vt 0.606098 0.571639
vt 0.607364 0.571639
f 1024/1024/1024 1025/1025/1025 1026/1026/1026
v -9.81854 2.22082 20.4119
v -9.81854 2.22082 20.4069
v -9.81854 2.19082 20.4069
vn -1 0 0
vn -1 0 0
vn -1 0 0
vt 0.608653 0.548644
vt 0.609919 0.548644
vt 0.609919 0.556237
f 1027/1027/1027 1028/1028/1028 1029/1029/1029
v -9.81854 2.19082 20.4069
v -9.81854 2.19082 20.4119
v -9.81854 2.22082 20.4119
vn -1 -0 -0
vn -1 -0 -0
vn -1 -0 -0
vt 0.609919 0.556237
vt 0.608653 0.556237
vt 0.608653 0.548644
f 1030/1030/1030 1031/1031/1031 1032/1032/1032
v -9.68458 2.19082 20.4069
v -9.67958 2.19082 20.4069
v -9.67958 2.19082 20.4119
vn -0 -1 -0
vn -0 -1 -0
vn -0 -1 -0
vt 0.622706 0.561389
vt 0.623971 0.561389
vt 0.623971 0.562654
f 1033/1033/1033 1034/1034/1034 1035/1035/1035
v -9.67958 2.19082 20.4119
v -9.68458 2.19082 20.4119
v -9.68458 2.19082 20.4069
vn 0 -1 0
vn 0 -1 0
vn 0 -1 0
vt 0.623971 0.562654
vt 0.622706 0.562654
vt 0.622706 0.561389
f 1036/1036/1036 1037/1037/1037 1038/1038/1038
v -9.67958 2.22082 20.4119
v -9.67958 2.22082 20.4069
v -9.68458 2.22082 20.4069
vn 0 1 0
vn 0 1 0
vn 0 1 0
vt 0.625249 0.553724
vt 0.625249 0.554989
vt 0.623983 0.554989
f 1039/1039/1039 1040/1040/1040 1041/1041/1041
v -9.68458 2.22082 20.4069
v -9.68458 2.22082 20.4119
v -9.67958 2.22082 20.4119
vn 0 1 0
vn 0 1 0
vn 0 1 0
vt 0.623983 0.554989
vt 0.623983 0.553724
vt 0.625249 0.553724
f 1042/1042/1042 1043/1043/1043 1044/1044/1044
v -9.67958 2.22082 20.4119
v -9.68458 2.22082 20.4119
v -9.68458 2.19082 20.4119
vn 0 0 1
vn 0 0 1
vn 0 0 1
vt 0.611208 0.548644
vt 0.612474 0.548644
vt 0.612474 0.556237
f 1045/1045/1045 1046/1046/1046 1047/1047/1047
v -9.68458 2.19082 20.4119
v -9.67958 2.19082 20.4119
v -9.67958 2.22082 20.4119
vn 0 0 1
vn 0 0 1
vn 0 0 1
vt 0.612474 0.556237
vt 0.611208 0.556237
vt 0.611208 0.548644
f 1048/1048/1048 1049/1049/1049 1050/1050/1050
v -9.67958 2.22082 20.4069
v -9.67958 2.22082 20.4119
v -9.67958 2.19082 20.4119
vn 1 -0 0
vn 1 -0 0
vn 1 -0 0
vt 0.607376 0.571639
vt 0.608641 0.571639
vt 0.608641 0.579231
f 1051/1051/1051 1052/1052/1052 1053/1053/1053
v -9.67958 2.19082 20.4119
v -9.67958 2.19082 20.4069
v -9.67958 2.22082 20.4069
vn 1 0 -0
vn 1 0 -0
vn 1 0 -0
vt 0.608641 0.579231
vt 0.607376 0.579231
vt 0.607376 0.571639
f 1054/1054/1054 1055/1055/1055 1056/1056/1056
v -9.67958 2.22082 20.4069
v -9.67958 2.19082 20.4069
v -9.68458 2.19082 20.4069
vn 0 0 -1
vn 0 0 -1
vn 0 0 -1
vt 0.611196 0.556309
vt 0.611196 0.563901
vt 0.609931 0.563901
f 1057/1057/1057 1058/1058/1058 1059/1059/1059
v -9.68458 2.19082 20.4069
v -9.68458 2.22082 20.4069
v -9.67958 2.22082 20.4069
vn -0 -0 -1
vn -0 -0 -1
vn -0 -0 -1
vt 0.609931 0.563901
vt 0.609931 0.556309
vt 0.611196 0.556309
f 1060/1060/1060 1061/1061/1061 1062/1062/1062
v -9.68458 2.22082 20.4119
v -9.68458 2.22082 20.4069
v -9.68458 2.19082 20.4069
vn -1 0 0
vn -1 0 0
vn -1 0 0
vt 0.608653 0.563974
vt 0.609919 0.563974
vt 0.609919 0.571566
f 1063/1063/1063 1064/1064/1064 1065/1065/1065
v -9.68458 2.19082 20.4069
v -9.68458 2.19082 20.4119
v -9.68458 2.22082 20.4119
vn -1 -0 -0
vn -1 -0 -0
vn -1 -0 -0
vt 0.609919 0.571566
vt 0.608653 0.571566
vt 0.608653 0.563974
f 1066/1066/1066 1067/1067/1067 1068/1068/1068
v -9.56331 2.19082 20.4069
v -9.55831 2.19082 20.4069
v -9.55831 2.19082 20.4119
vn -0 -1 -0
vn -0 -1 -0
vn -0 -1 -0
vt 0.625261 0.551169
vt 0.626526 0.551169
vt 0.626526 0.552434
f 1069/1069/1069 1070/1070/1070 1071/1071/1071
v -9.55831 2.19082 20.4119
v -9.56331 2.19082 20.4119
v -9.56331 2.19082 20.4069
vn 0 -1 0
vn 0 -1 0
vn 0 -1 0
vt 0.626526 0.552434
vt 0.625261 0.552434
vt 0.625261 0.551169
f 1072/1072/1072 1073/1073/1073 1074/1074/1074
v -9.55831 2.22082 20.4119
v -9.55831 2.22082 20.4069
v -9.56331 2.22082 20.4069
vn 0 1 0
vn 0 1 0
vn 0 1 0
vt 0.627804 0.549891
vt 0.627804 0.551157
vt 0.626538 0.551157
f 1075/1075/1075 1076/1076/1076 1077/1077/1077
v -9.56331 2.22082 20.4069
v -9.56331 2.22082 20.4119
v -9.55831 2.22082 20.4119
vn 0 1 0
vn 0 1 0
vn 0 1 0
vt 0.626538 0.551157
vt 0.626538 0.549891
vt 0.627804 0.549891
f 1078/1078/1078 1079/1079/1079 1080/1080/1080
v -9.55831 2.22082 20.4119
v -9.56331 2.22082 20.4119
v -9.56331 2.19082 20.4119
vn 0 0 1
vn 0 0 1
vn 0 0 1
vt 0.611208 0.563974
vt 0.612474 0.563974
vt 0.612474 0.571566
f 1081/1081/1081 1082/1082/1082 1083/1083/1083
v -9.56331 2.19082 20.4119
v -9.55831 2.19082 20.4119
v -9.55831 2.22082 20.4119
vn 0 0 1
vn 0 0 1
vn 0 0 1
vt 0.612474 0.571566
vt 0.611208 0.571566
vt 0.611208 0.563974
f 1084/1084/1084 1085/1085/1085 1086/1086/1086
v -9.55831 2.22082 20.4069
v -9.55831 2.22082 20.4119
v -9.55831 2.19082 20.4119
vn 1 -0 0
vn 1 -0 0
vn 1 -0 0
vt 0.611208 0.556309
vt 0.612474 0.556309
vt 0.612474 0.563901
f 1087/1087/1087 1088/1088/1088 1089/1089/1089
v -9.55831 2.19082 20.4119
v -9.55831 2.19082 20.4069
v -9.55831 2.22082 20.4069
vn 1 0 -0
vn 1 0 -0
vn 1 0 -0
vt 0.612474 0.563901
vt 0.611208 0.563901
vt 0.611208 0.556309
f 1090/1090/1090 1091/1091/1091 1092/1092/1092
v -9.55831 2.22082 20.4069
v -9.55831 2.19082 20.4069
v -9.56331 2.19082 20.4069
vn 0 0 -1
vn 0 0 -1
vn 0 0 -1
vt 0.611196 0.571639
vt 0.611196 0.579231
vt 0.609931 0.579231
f 1093/1093/1093 1094/1094/1094 1095/1095/1095
v -9.56331 2.19082 20.4069
v -9.56331 2.22082 20.4069
v -9.55831 2.22082 20.4069
vn -0 -0 -1
vn -0 -0 -1
vn -0 -0 -1
vt 0.609931 0.579231
vt 0.609931 0.571639
vt 0.611196 0.571639
f 1096/1096/1096 1097/1097/1097 1098/1098/1098
v -9.56331 2.22082 20.4119
v -9.56331 2.22082 20.4069
v -9.56331 2.19082 20.4069
vn -1 0 0
vn -1 0 0
vn -1 0 0
vt 0.612486 0.548644
vt 0.613751 0.548644
vt 0.613751 0.556237
f 1099/1099/1099 1100/1100/1100 1101/1101/1101
v -9.56331 2.19082 20.4069
v -9.56331 2.19082 20.4119
v -9.56331 2.22082 20.4119
vn -1 -0 -0
vn -1 -0 -0
vn -1 -0 -0
vt 0.613751 0.556237
vt 0.612486 0.556237
vt 0.612486 0.548644
f 1102/1102/1102 1103/1103/1103 1104/1104/1104
v -9.43417 2.19082 20.4069
v -9.42917 2.19082 20.4069
v -9.42917 2.19082 20.4119
vn -0 -1 -0
vn -0 -1 -0
vn -0 -1 -0
vt 0.622706 0.560111
vt 0.623971 0.560111
vt 0.623971 0.561377
f 1105/1105/1105 1106/1106/1106 1107/1107/1107
v -9.42917 2.19082 20.4119
v -9.43417 2.19082 20.4119
v -9.43417 2.19082 20.4069
vn 0 -1 0
vn 0 -1 0
vn 0 -1 0
vt 0.623971 0.561377
vt 0.622706 0.561377
vt 0.622706 0.560111
f 1108/1108/1108 1109/1109/1109 1110/1110/1110
v -9.42917 2.22082 20.4119
v -9.42917 2.22082 20.4069
v -9.43417 2.22082 20.4069
vn 0 1 0
vn 0 1 0
vn 0 1 0
vt 0.625249 0.552446
vt 0.625249 0.553712
vt 0.623983 0.553712
f 1111/1111/1111 1112/1112/1112 1113/1113/1113
v -9.43417 2.22082 20.4069
v -9.43417 2.22082 20.4119
v -9.42917 2.22082 20.4119
vn 0 1 0
vn 0 1 0
vn 0 1 0
vt 0.623983 0.553712
vt 0.623983 0.552446
vt 0.625249 0.552446
f 1114/1114/1114 1115/1115/1115 1116/1116/1116
v -9.42917 2.22082 20.4119
v -9.43417 2.22082 20.4119
v -9.43417 2.19082 20.4119
vn 0 0 1
vn 0 0 1
vn 0 0 1
vt 0.615041 0.548644
vt 0.616306 0.548644
vt 0.616306 0.556237
f 1117/1117/1117 1118/1118/1118 1119/1119/1119
v -9.43417 2.19082 20.4119
v -9.42917 2.19082 20.4119
v -9.42917 2.22082 20.4119
vn 0 0 1
vn 0 0 1
vn 0 0 1
vt 0.616306 0.556237
vt 0.615041 0.556237
vt 0.615041 0.548644
f 1120/1120/1120 1121/1121/1121 1122/1122/1122
v -9.42917 2.22082 20.4069
v -9.42917 2.22082 20.4119
v -9.42917 2.19082 20.4119
vn 1 -0 0
vn 1 -0 0
vn 1 -0 0
vt 0.611208 0.571639
vt 0.612474 0.571639
vt 0.612474 0.579231
f 1123/1123/1123 1124/1124/1124 1125/1125/1125
v -9.42917 2.19082 20.4119
v -9.42917 2.19082 20.4069
v -9.42917 2.22082 20.4069
vn 1 0 -0
vn 1 0 -0
vn 1 0 -0
vt 0.612474 0.579231
vt 0.611208 0.579231
vt 0.611208 0.571639
f 1126/1126/1126 1127/1127/1127 1128/1128/1128
v -9.42917 2.22082 20.4069
v -9.42917 2.19082 20.4069
v -9.43417 2.19082 20.4069
vn 0 0 -1
vn 0 0 -1
vn 0 0 -1
vt 0.615029 0.556309
vt 0.615029 0.563901
vt 0.613763 0.563901
f 1129/1129/1129 1130/1130/1130 1131/1131/1131
v -9.43417 2.19082 20.4069
v -9.43417 2.22082 20.4069
v -9.42917 2.22082 20.4069
vn -0 -0 -1
vn -0 -0 -1
vn -0 -0 -1
vt 0.613763 0.563901
vt 0.613763 0.556309
vt 0.615029 0.556309
f 1132/1132/1132 1133/1133/1133 1134/1134/1134
v -9.43417 2.22082 20.4119
v -9.43417 2.22082 20.4069
v -9.43417 2.19082 20.4069
vn -1 0 0
vn -1 0 0
vn -1 0 0
vt 0.612486 0.563974
vt 0.613751 0.563974
vt 0.613751 0.571566
f 1135/1135/1135 1136/1136/1136 1137/1137/1137
v -9.43417 2.19082 20.4069
v -9.43417 2.19082 20.4119
v -9.43417 2.22082 20.4119
vn -1 -0 -0
vn -1 -0 -0
vn -1 -0 -0
vt 0.613751 0.571566
vt 0.612486 0.571566
vt 0.612486 0.563974
f 1138/1138/1138 1139/1139/1139 1140/1140/1140
v -9.31022 2.19082 20.4069
v -9.30522 2.19082 20.4069
v -9.30522 2.19082 20.4119
vn -0 -1 -0
vn -0 -1 -0
vn -0 -1 -0
vt 0.623983 0.551169
vt 0.625249 0.551169
vt 0.625249 0.552434
f 1141/1141/1141 1142/1142/1142 1143/1143/1143
v -9.30522 2.19082 20.4119
v -9.31022 2.19082 20.4119
v -9.31022 2.19082 20.4069
vn 0 -1 0
vn 0 -1 0
vn 0 -1 0
vt 0.625249 0.552434
vt 0.623983 0.552434
vt 0.623983 0.551169
f 1144/1144/1144 1145/1145/1145 1146/1146/1146
v -9.30522 2.22082 20.4119
v -9.30522 2.22082 20.4069
v -9.31022 2.22082 20.4069
vn 0 1 0
vn 0 1 0
vn 0 1 0
vt 0.626526 0.549891
vt 0.626526 0.551157
vt 0.625261 0.551157
f 1147/1147/1147 1148/1148/1148 1149/1149/1149
v -9.31022 2.22082 20.4069
v -9.31022 2.22082 20.4119
v -9.30522 2.22082 20.4119
vn 0 1 0
vn 0 1 0
vn 0 1 0
vt 0.625261 0.551157
vt 0.625261 0.549891
vt 0.626526 0.549891
f 1150/1150/1150 1151/1151/1151 1152/1152/1152
v -9.30522 2.22082 20.4119
v -9.31022 2.22082 20.4119
v -9.31022 2.19082 20.4119
vn 0 0 1
vn 0 0 1
vn 0 0 1
vt 0.615041 0.563974
vt 0.616306 0.563974
vt 0.616306 0.571566
f 1153/1153/1153 1154/1154/1154 1155/1155/1155
v -9.31022 2.19082 20.4119
v -9.30522 2.19082 20.4119
v -9.30522 2.22082 20.4119
vn 0 0 1
vn 0 0 1
vn 0 0 1
vt 0.616306 0.571566
vt 0.615041 0.571566
vt 0.615041 0.563974
f 1156/1156/1156 1157/1157/1157 1158/1158/1158
v -9.30522 2.22082 20.4069
v -9.30522 2.22082 20.4119
v -9.30522 2.19082 20.4119
vn 1 -0 0
vn 1 -0 0
vn 1 -0 0
vt 0.615041 0.556309
vt 0.616306 0.556309
vt 0.616306 0.563901
f 1159/1159/1159 1160/1160/1160 1161/1161/1161
v -9.30522 2.19082 20.4119
v -9.30522 2.19082 20.4069
v -9.30522 2.22082 20.4069
vn 1 0 -0
vn 1 0 -0
vn 1 0 -0
vt 0.616306 0.563901
vt 0.615041 0.563901
vt 0.615041 0.556309
f 1162/1162/1162 1163/1163/1163 1164/1164/1164
v -9.30522 2.22082 20.4069
v -9.30522 2.19082 20.4069
v -9.31022 2.19082 20.4069
vn 0 0 -1
vn 0 0 -1
vn 0 0 -1
vt 0.615029 0.571639
vt 0.615029 0.579231
vt 0.613763 0.579231
f 1165/1165/1165 1166/1166/1166 1167/1167/1167
v -9.31022 2.19082 20.4069
v -9.31022 2.22082 20.4069
v -9.30522 2.22082 20.4069
vn -0 -0 -1
vn -0 -0 -1
vn -0 -0 -1
vt 0.613763 0.579231
vt 0.613763 0.571639
vt 0.615029 0.571639
f 1168/1168/1168 1169/1169/1169 1170/1170/1170
v -9.31022 2.22082 20.4119
v -9.31022 2.22082 20.4069
v -9.31022 2.19082 20.4069
vn -1 0 0
vn -1 0 0
vn -1 0 0
vt 0.616318 0.548644
vt 0.617584 0.548644
vt 0.617584 0.556237
f 1171/1171/1171 1172/1172/1172 1173/1173/1173
v -9.31022 2.19082 20.4069
v -9.31022 2.19082 20.4119
v -9.31022 2.22082 20.4119
vn -1 -0 -0
vn -1 -0 -0
vn -1 -0 -0
vt 0.617584 0.556237
vt 0.616318 0.556237
vt 0.616318 0.548644
f 1174/1174/1174 1175/1175/1175 1176/1176/1176
v -9.18396 2.19082 20.4069
v -9.17896 2.19082 20.4069
v -9.17896 2.19082 20.4119
vn -0 -1 -0
vn -0 -1 -0
vn -0 -1 -0
vt 0.621428 0.572886
vt 0.622694 0.572886
vt 0.622694 0.574151
f 1177/1177/1177 1178/1178/1178 1179/1179/1179
v -9.17896 2.19082 20.4119
v -9.18396 2.19082 20.4119
v -9.18396 2.19082 20.4069
vn 0 -1 0
vn 0 -1 0
vn 0 -1 0
vt 0.622694 0.574151
vt 0.621428 0.574151
vt 0.621428 0.572886
f 1180/1180/1180 1181/1181/1181 1182/1182/1182
v -9.17896 2.22082 20.4119
v -9.17896 2.22082 20.4069
v -9.18396 2.22082 20.4069
vn 0 1 0
vn 0 1 0
vn 0 1 0
vt 0.623971 0.558834
vt 0.623971 0.560099
vt 0.622706 0.560099
f 1183/1183/1183 1184/1184/1184 1185/1185/1185
v -9.18396 2.22082 20.4069
v -9.18396 2.22082 20.4119
v -9.17896 2.22082 20.4119
vn 0 1 0
vn 0 1 0
vn 0 1 0
vt 0.622706 0.560099
vt 0.622706 0.558834
vt 0.623971 0.558834
f 1186/1186/1186 1187/1187/1187 1188/1188/1188
v -9.17896 2.22082 20.4119
v -9.18396 2.22082 20.4119
v -9.18396 2.19082 20.4119
vn 0 0 1
vn 0 0 1
vn 0 0 1
vt 0.618873 0.548644
vt 0.620139 0.548644
vt 0.620139 0.556237
f 1189/1189/1189 1190/1190/1190 1191/1191/1191
v -9.18396 2.19082 20.4119
v -9.17896 2.19082 20.4119
v -9.17896 2.22082 20.4119
vn 0 0 1
vn 0 0 1
vn 0 0 1
vt 0.620139 0.556237
vt 0.618873 0.556237
vt 0.618873 0.548644
f 1192/1192/1192 1193/1193/1193 1194/1194/1194
v -9.17896 2.22082 20.4069
v -9.17896 2.22082 20.4119
v -9.17896 2.19082 20.4119
vn 1 -0 0
vn 1 -0 0
vn 1 -0 0
vt 0.615041 0.571639
vt 0.616306 0.571639
vt 0.616306 0.579231
f 1195/1195/1195 1196/1196/1196 1197/1197/1197
v -9.17896 2.19082 20.4119
v -9.17896 2.19082 20.4069
v -9.17896 2.22082 20.4069
vn 1 0 -0
vn 1 0 -0
vn 1 0 -0
vt 0.616306 0.579231
vt 0.615041 0.579231
vt 0.615041 0.571639
f 1198/1198/1198 1199/1199/1199 1200/1200/1200
v -9.17896 2.22082 20.4069
v -9.17896 2.19082 20.4069
v -9.18396 2.19082 20.4069
vn 0 0 -1
vn 0 0 -1
vn 0 0 -1
vt 0.618861 0.556309
vt 0.618861 0.563901
vt 0.617596 0.563901
f 1201/1201/1201 1202/1202/1202 1203/1203/1203
v -9.18396 2.19082 20.4069
v -9.18396 2.22082 20.4069
v -9.17896 2.22082 20.4069
vn -0 -0 -1
vn -0 -0 -1
vn -0 -0 -1
vt 0.617596 0.563901
vt 0.617596 0.556309
vt 0.618861 0.556309
f 1204/1204/1204 1205/1205/1205 1206/1206/1206
v -9.18396 2.22082 20.4119
v -9.18396 2.22082 20.4069
v -9.18396 2.19082 20.4069
vn -1 0 0
vn -1 0 0
vn -1 0 0
vt 0.616318 0.563974
vt 0.617584 0.563974
vt 0.617584 0.571566
f 1207/1207/1207 1208/1208/1208 1209/1209/1209
v -9.18396 2.19082 20.4069
v -9.18396 2.19082 20.4119
v -9.18396 2.22082 20.4119
vn -1 -0 -0
vn -1 -0 -0
vn -1 -0 -0
vt 0.617584 0.571566
vt 0.616318 0.571566
vt 0.616318 0.563974
f 1210/1210/1210 1211/1211/1211 1212/1212/1212
v -9.05663 2.19082 20.4069
v -9.05163 2.19082 20.4069
v -9.05163 2.19082 20.4119
vn -0 -1 -0
vn -0 -1 -0
vn -0 -1 -0
vt 0.621428 0.571609
vt 0.622694 0.571609
vt 0.622694 0.572874
f 1213/1213/1213 1214/1214/1214 1215/1215/1215
v -9.05163 2.19082 20.4119
v -9.05663 2.19082 20.4119
v -9.05663 2.19082 20.4069
vn 0 -1 0
vn 0 -1 0
vn 0 -1 0
vt 0.622694 0.572874
vt 0.621428 0.572874
vt 0.621428 0.571609
f 1216/1216/1216 1217/1217/1217 1218/1218/1218
v -9.05163 2.22082 20.4119
v -9.05163 2.22082 20.4069
v -9.05663 2.22082 20.4069
vn 0 1 0
vn 0 1 0
vn 0 1 0
vt 0.623971 0.557556
vt 0.623971 0.558822
vt 0.622706 0.558822
f 1219/1219/1219 1220/1220/1220 1221/1221/1221
v -9.05663 2.22082 20.4069
v -9.05663 2.22082 20.4119
v -9.05163 2.22082 20.4119
vn 0 1 0
vn 0 1 0
vn 0 1 0
vt 0.622706 0.558822
vt 0.622706 0.557556
vt 0.623971 0.557556
f 1222/1222/1222 1223/1223/1223 1224/1224/1224
v -9.05163 2.22082 20.4119
v -9.05663 2.22082 20.4119
v -9.05663 2.19082 20.4119
vn 0 0 1
vn 0 0 1
vn 0 0 1
vt 0.618873 0.563974
vt 0.620139 0.563974
vt 0.620139 0.571566
f 1225/1225/1225 1226/1226/1226 1227/1227/1227
v -9.05663 2.19082 20.4119
v -9.05163 2.19082 20.4119
v -9.05163 2.22082 20.4119
vn 0 0 1
vn 0 0 1
vn 0 0 1
vt 0.620139 0.571566
vt 0.618873 0.571566
vt 0.618873 0.563974
f 1228/1228/1228 1229/1229/1229 1230/1230/1230
v -9.05163 2.22082 20.4069
v -9.05163 2.22082 20.4119
v -9.05163 2.19082 20.4119
vn 1 -0 0
vn 1 -0 0
vn 1 -0 0
vt 0.618873 0.556309
vt 0.620139 0.556309
vt 0.620139 0.563901
f 1231/1231/1231 1232/1232/1232 1233/1233/1233
v -9.05163 2.19082 20.4119
v -9.05163 2.19082 20.4069
v -9.05163 2.22082 20.4069
vn 1 0 -0
vn 1 0 -0
vn 1 0 -0
vt 0.620139 0.563901
vt 0.618873 0.563901
vt 0.618873 0.556309
f 1234/1234/1234 1235/1235/1235 1236/1236/1236
v -9.05163 2.22082 20.4069
v -9.05163 2.19082 20.4069
v -9.05663 2.19082 20.4069
vn 0 0 -1
vn 0 0 -1
vn 0 0 -1
vt 0.618861 0.571639
vt 0.618861 0.579231
vt 0.617596 0.579231
f 1237/1237/1237 1238/1238/1238 1239/1239/1239
v -9.05663 2.19082 20.4069
v -9.05663 2.22082 20.4069
v -9.05163 2.22082 20.4069
vn -0 -0 -1
vn -0 -0 -1
vn -0 -0 -1
vt 0.617596 0.579231
vt 0.617596 0.571639
vt 0.618861 0.571639
f 1240/1240/1240 1241/1241/1241 1242/1242/1242
v -9.05663 2.22082 20.4119
v -9.05663 2.22082 20.4069
v -9.05663 2.19082 20.4069
vn -1 0 0
vn -1 0 0
vn -1 0 0
vt 0.620151 0.548644
vt 0.621416 0.548644
vt 0.621416 0.556237
f 1243/1243/1243 1244/1244/1244 1245/1245/1245
v -9.05663 2.19082 20.4069
v -9.05663 2.19082 20.4119
v -9.05663 2.22082 20.4119
vn -1 -0 -0
vn -1 -0 -0
vn -1 -0 -0
vt 0.621416 0.556237
vt 0.620151 0.556237
vt 0.620151 0.548644
f 1246/1246/1246 1247/1247/1247 1248/1248/1248
v -8.93823 2.19082 20.4069
v -8.93323 2.19082 20.4069
v -8.93323 2.19082 20.4119
vn -0 -1 -0
vn -0 -1 -0
vn -0 -1 -0
vt 0.622706 0.556279
vt 0.623971 0.556279
vt 0.623971 0.557544
f 1249/1249/1249 1250/1250/1250 1251/1251/1251
v -8.93323 2.19082 20.4119
v -8.93823 2.19082 20.4119
v -8.93823 2.19082 20.4069
vn 0 -1 0
vn 0 -1 0
vn 0 -1 0
vt 0.623971 0.557544
vt 0.622706 0.557544
vt 0.622706 0.556279
f 1252/1252/1252 1253/1253/1253 1254/1254/1254
v -8.93323 2.22082 20.4119
v -8.93323 2.22082 20.4069
v -8.93823 2.22082 20.4069
vn 0 1 0
vn 0 1 0
vn 0 1 0
vt 0.625249 0.548614
vt 0.625249 0.549879
vt 0.623983 0.549879
f 1255/1255/1255 1256/1256/1256 1257/1257/1257
v -8.93823 2.22082 20.4069
v -8.93823 2.22082 20.4119
v -8.93323 2.22082 20.4119
vn 0 1 0
vn 0 1 0
vn 0 1 0
vt 0.623983 0.549879
vt 0.623983 0.548614
vt 0.625249 0.548614
f 1258/1258/1258 1259/1259/1259 1260/1260/1260
v -8.93323 2.22082 20.4119
v -8.93823 2.22082 20.4119
v -8.93823 2.19082 20.4119
vn 0 0 1
vn 0 0 1
vn 0 0 1
vt 0.622706 0.548644
vt 0.623971 0.548644
vt 0.623971 0.556237
f 1261/1261/1261 1262/1262/1262 1263/1263/1263
v -8.93823 2.19082 20.4119
v -8.93323 2.19082 20.4119
v -8.93323 2.22082 20.4119
vn 0 0 1
vn 0 0 1
vn 0 0 1
vt 0.623971 0.556237
vt 0.622706 0.556237
vt 0.622706 0.548644
f 1264/1264/1264 1265/1265/1265 1266/1266/1266
v -8.93323 2.22082 20.4069
v -8.93323 2.22082 20.4119
v -8.93323 2.19082 20.4119
vn 1 -0 0
vn 1 -0 0
vn 1 -0 0
vt 0.618873 0.571639
vt 0.620139 0.571639
vt 0.620139 0.579231
f 1267/1267/1267 1268/1268/1268 1269/1269/1269
v -8.93323 2.19082 20.4119
v -8.93323 2.19082 20.4069
v -8.93323 2.22082 20.4069
vn 1 0 -0
vn 1 0 -0
vn 1 0 -0
vt 0.620139 0.579231
vt 0.618873 0.579231
vt 0.618873 0.571639
f 1270/1270/1270 1271/1271/1271 1272/1272/1272
v -8.93323 2.22082 20.4069
v -8.93323 2.19082 20.4069
v -8.93823 2.19082 20.4069
vn 0 0 -1
vn 0 0 -1
vn 0 0 -1
vt 0.622694 0.556309
vt 0.622694 0.563901
vt 0.621428 0.563901
f 1273/1273/1273 1274/1274/1274 1275/1275/1275
v -8.93823 2.19082 20.4069
v -8.93823 2.22082 20.4069
v -8.93323 2.22082 20.4069
vn -0 -0 -1
vn -0 -0 -1
vn -0 -0 -1
vt 0.621428 0.563901
vt 0.621428 0.556309
vt 0.622694 0.556309
f 1276/1276/1276 1277/1277/1277 1278/1278/1278
v -8.93823 2.22082 20.4119
v -8.93823 2.22082 20.4069
v -8.93823 2.19082 20.4069
vn -1 0 0
vn -1 0 0
vn -1 0 0
vt 0.620151 0.563974
vt 0.621416 0.563974
vt 0.621416 0.571566
f 1279/1279/1279 1280/1280/1280 1281/1281/1281
v -8.93823 2.19082 20.4069
v -8.93823 2.19082 20.4119
v -8.93823 2.22082 20.4119
vn -1 -0 -0
vn -1 -0 -0
vn -1 -0 -0
vt 0.621416 0.571566
vt 0.620151 0.571566
vt 0.620151 0.563974
f 1282/1282/1282 1283/1283/1283 1284/1284/1284
v -8.6934 2.19082 20.4069
v -8.6884 2.19082 20.4069
v -8.6884 2.19082 20.4119
vn -0 -1 -0
vn -0 -1 -0
vn -0 -1 -0
vt 0.625261 0.548614
vt 0.626526 0.548614
vt 0.626526 0.549879
f 1285/1285/1285 1286/1286/1286 1287/1287/1287
v -8.6884 2.19082 20.4119
v -8.6934 2.19082 20.4119
v -8.6934 2.19082 20.4069
vn 0 -1 0
vn 0 -1 0
vn 0 -1 0
vt 0.626526 0.549879
vt 0.625261 0.549879
vt 0.625261 0.548614
f 1288/1288/1288 1289/1289/1289 1290/1290/1290
v -8.6884 2.22082 20.4119
v -8.6884 2.22082 20.4069
v -8.6934 2.22082 20.4069
vn 0 1 0
vn 0 1 0
vn 0 1 0
vt 0.625249 0.549891
vt 0.625249 0.551157
vt 0.623983 0.551157
f 1291/1291/1291 1292/1292/1292 1293/1293/1293
v -8.6934 2.22082 20.4069
v -8.6934 2.22082 20.4119
v -8.6884 2.22082 20.4119
vn 0 1 0
vn 0 1 0
vn 0 1 0
vt 0.623983 0.551157
vt 0.623983 0.549891
vt 0.625249 0.549891
f 1294/1294/1294 1295/1295/1295 1296/1296/1296
v -8.6884 2.22082 20.4119
v -8.6934 2.22082 20.4119
v -8.6934 2.19082 20.4119
vn 0 0 1
vn 0 0 1
vn 0 0 1
vt 0.620151 0.556309
vt 0.621416 0.556309
vt 0.621416 0.563901
f 1297/1297/1297 1298/1298/1298 1299/1299/1299
v -8.6934 2.19082 20.4119
v -8.6884 2.19082 20.4119
v -8.6884 2.22082 20.4119
vn 0 0 1
vn 0 0 1
vn 0 0 1
vt 0.621416 0.563901
vt 0.620151 0.563901
vt 0.620151 0.556309
f 1300/1300/1300 1301/1301/1301 1302/1302/1302
v -8.6884 2.22082 20.4069
v -8.6884 2.22082 20.4119
v -8.6884 2.19082 20.4119
vn 1 -0 0
vn 1 -0 0
vn 1 -0 0
vt 0.621428 0.563974
vt 0.622694 0.563974
vt 0.622694 0.571566
f 1303/1303/1303 1304/1304/1304 1305/1305/1305
v -8.6884 2.19082 20.4119
v -8.6884 2.19082 20.4069
v -8.6884 2.22082 20.4069
vn 1 0 -0
vn 1 0 -0
vn 1 0 -0
vt 0.622694 0.571566
vt 0.621428 0.571566
vt 0.621428 0.563974
f 1306/1306/1306 1307/1307/1307 1308/1308/1308
v -8.6884 2.22082 20.4069
v -8.6884 2.19082 20.4069
v -8.6934 2.19082 20.4069
vn 0 0 -1
vn 0 0 -1
vn 0 0 -1
vt 0.622694 0.548644
vt 0.622694 0.556237
vt 0.621428 0.556237
f 1309/1309/1309 1310/1310/1310 1311/1311/1311
v -8.6934 2.19082 20.4069
v -8.6934 2.22082 20.4069
v -8.6884 2.22082 20.4069
vn -0 -0 -1
vn -0 -0 -1
vn -0 -0 -1
vt 0.621428 0.556237
vt 0.621428 0.548644
vt 0.622694 0.548644
f 1312/1312/1312 1313/1313/1313 1314/1314/1314
v -8.6934 2.22082 20.4119
v -8.6934 2.22082 20.4069
v -8.6934 2.19082 20.4069
vn -1 0 0
vn -1 0 0
vn -1 0 0
vt 0.620151 0.571639
vt 0.621416 0.571639
vt 0.621416 0.579231
f 1315/1315/1315 1316/1316/1316 1317/1317/1317
v -8.6934 2.19082 20.4069
v -8.6934 2.19082 20.4119
v -8.6934 2.22082 20.4119
vn -1 -0 -0
vn -1 -0 -0
vn -1 -0 -0
vt 0.621416 0.579231
vt 0.620151 0.579231
vt 0.620151 0.571639
f 1318/1318/1318 1319/1319/1319 1320/1320/1320
v -8.81594 2.19082 20.4069
v -8.81094 2.19082 20.4069
v -8.81094 2.19082 20.4119
vn -0 -1 -0
vn -0 -1 -0
vn -0 -1 -0
vt 0.621428 0.574163
vt 0.622694 0.574163
vt 0.622694 0.575429
f 1321/1321/1321 1322/1322/1322 1323/1323/1323
v -8.81094 2.19082 20.4119
v -8.81594 2.19082 20.4119
v -8.81594 2.19082 20.4069
vn 0 -1 0
vn 0 -1 0
vn 0 -1 0
vt 0.622694 0.575429
vt 0.621428 0.575429
vt 0.621428 0.574163
f 1324/1324/1324 1325/1325/1325 1326/1326/1326
v -8.81094 2.22082 20.4119
v -8.81094 2.22082 20.4069
v -8.81594 2.22082 20.4069
vn 0 1 0
vn 0 1 0
vn 0 1 0
vt 0.627804 0.548614
vt 0.627804 0.549879
vt 0.626538 0.549879
f 1327/1327/1327 1328/1328/1328 1329/1329/1329
v -8.81594 2.22082 20.4069
v -8.81594 2.22082 20.4119
v -8.81094 2.22082 20.4119
vn 0 1 0
vn 0 1 0
vn 0 1 0
vt 0.626538 0.549879
vt 0.626538 0.548614
vt 0.627804 0.548614
f 1330/1330/1330 1331/1331/1331 1332/1332/1332
v -8.81094 2.22082 20.4119
v -8.81594 2.22082 20.4119
v -8.81594 2.19082 20.4119
vn 0 0 1
vn 0 0 1
vn 0 0 1
vt 0.616318 0.556309
vt 0.617584 0.556309
vt 0.617584 0.563901
f 1333/1333/1333 1334/1334/1334 1335/1335/1335
v -8.81594 2.19082 20.4119
v -8.81094 2.19082 20.4119
v -8.81094 2.22082 20.4119
vn 0 0 1
vn 0 0 1
vn 0 0 1
vt 0.617584 0.563901
vt 0.616318 0.563901
vt 0.616318 0.556309
f 1336/1336/1336 1337/1337/1337 1338/1338/1338
v -8.81094 2.22082 20.4069
v -8.81094 2.22082 20.4119
v -8.81094 2.19082 20.4119
vn 1 -0 0
vn 1 -0 0
vn 1 -0 0
vt 0.617596 0.563974
vt 0.618861 0.563974
vt 0.618861 0.571566
f 1339/1339/1339 1340/1340/1340 1341/1341/1341
v -8.81094 2.19082 20.4119
v -8.81094 2.19082 20.4069
v -8.81094 2.22082 20.4069
vn 1 0 -0
vn 1 0 -0
vn 1 0 -0
vt 0.618861 0.571566
vt 0.617596 0.571566
vt 0.617596 0.563974
f 1342/1342/1342 1343/1343/1343 1344/1344/1344
v -8.81094 2.22082 20.4069
v -8.81094 2.19082 20.4069
v -8.81594 2.19082 20.4069
vn 0 0 -1
vn 0 0 -1
vn 0 0 -1
vt 0.618861 0.548644
vt 0.618861 0.556237
vt 0.617596 0.556237
f 1345/1345/1345 1346/1346/1346 1347/1347/1347
v -8.81594 2.19082 20.4069
v -8.81594 2.22082 20.4069
v -8.81094 2.22082 20.4069
vn -0 -0 -1
vn -0 -0 -1
vn -0 -0 -1
vt 0.617596 0.556237
vt 0.617596 0.548644
vt 0.618861 0.548644
f 1348/1348/1348 1349/1349/1349 1350/1350/1350
v -8.81594 2.22082 20.4119
v -8.81594 2.22082 20.4069
v -8.81594 2.19082 20.4069
vn -1 0 0
vn -1 0 0
vn -1 0 0
vt 0.616318 0.571639
vt 0.617584 0.571639
vt 0.617584 0.579231
f 1351/1351/1351 1352/1352/1352 1353/1353/1353
v -8.81594 2.19082 20.4069
v -8.81594 2.19082 20.4119
v -8.81594 2.22082 20.4119
vn -1 -0 -0
vn -1 -0 -0
vn -1 -0 -0
vt 0.617584 0.579231
vt 0.616318 0.579231
vt 0.616318 0.571639
f 1354/1354/1354 1355/1355/1355 1356/1356/1356
v -8.56824 2.19082 20.4069
v -8.56324 2.19082 20.4069
v -8.56324 2.19082 20.4119
vn -0 -1 -0
vn -0 -1 -0
vn -0 -1 -0
vt 0.621428 0.575441
vt 0.622694 0.575441
vt 0.622694 0.576706
f 1357/1357/1357 1358/1358/1358 1359/1359/1359
v -8.56324 2.19082 20.4119
v -8.56824 2.19082 20.4119
v -8.56824 2.19082 20.4069
vn 0 -1 0
vn 0 -1 0
vn 0 -1 0
vt 0.622694 0.576706
vt 0.621428 0.576706
vt 0.621428 0.575441
f 1360/1360/1360 1361/1361/1361 1362/1362/1362
v -8.56324 2.22082 20.4119
v -8.56324 2.22082 20.4069
v -8.56824 2.22082 20.4069
vn 0 1 0
vn 0 1 0
vn 0 1 0
vt 0.629081 0.548614
vt 0.629081 0.549879
vt 0.627816 0.549879
f 1363/1363/1363 1364/1364/1364 1365/1365/1365
v -8.56824 2.22082 20.4069
v -8.56824 2.22082 20.4119
v -8.56324 2.22082 20.4119
vn 0 1 0
vn 0 1 0
vn 0 1 0
vt 0.627816 0.549879
vt 0.627816 0.548614
vt 0.629081 0.548614
f 1366/1366/1366 1367/1367/1367 1368/1368/1368
v -8.56324 2.22082 20.4119
v -8.56824 2.22082 20.4119
v -8.56824 2.19082 20.4119
vn 0 0 1
vn 0 0 1
vn 0 0 1
vt 0.612486 0.556309
vt 0.613751 0.556309
vt 0.613751 0.563901
f 1369/1369/1369 1370/1370/1370 1371/1371/1371
v -8.56824 2.19082 20.4119
v -8.56324 2.19082 20.4119
v -8.56324 2.22082 20.4119
vn 0 0 1
vn 0 0 1
vn 0 0 1
vt 0.613751 0.563901
vt 0.612486 0.563901
vt 0.612486 0.556309
f 1372/1372/1372 1373/1373/1373 1374/1374/1374
v -8.56324 2.22082 20.4069
v -8.56324 2.22082 20.4119
v -8.56324 2.19082 20.4119
vn 1 -0 0
vn 1 -0 0
vn 1 -0 0
vt 0.613763 0.563974
vt 0.615029 0.563974
vt 0.615029 0.571566
f 1375/1375/1375 1376/1376/1376 1377/1377/1377
v -8.56324 2.19082 20.4119
v -8.56324 2.19082 20.4069
v -8.56324 2.22082 20.4069
vn 1 0 -0
vn 1 0 -0
vn 1 0 -0
vt 0.615029 0.571566
vt 0.613763 0.571566
vt 0.613763 0.563974
f 1378/1378/1378 1379/1379/1379 1380/1380/1380
v -8.56324 2.22082 20.4069
v -8.56324 2.19082 20.4069
v -8.56824 2.19082 20.4069
vn 0 0 -1
vn 0 0 -1
vn 0 0 -1
vt 0.615029 0.548644
vt 0.615029 0.556237
vt 0.613763 0.556237
f 1381/1381/1381 1382/1382/1382 1383/1383/1383
v -8.56824 2.19082 20.4069
v -8.56824 2.22082 20.4069
v -8.56324 2.22082 20.4069
vn -0 -0 -1
vn -0 -0 -1
vn -0 -0 -1
vt 0.613763 0.556237
vt 0.613763 0.548644
vt 0.615029 0.548644
f 1384/1384/1384 1385/1385/1385 1386/1386/1386
v -8.56824 2.22082 20.4119
v -8.56824 2.22082 20.4069
v -8.56824 2.19082 20.4069
vn -1 0 0
vn -1 0 0
vn -1 0 0
vt 0.612486 0.571639
vt 0.613751 0.571639
vt 0.613751 0.579231
f 1387/1387/1387 1388/1388/1388 1389/1389/1389
v -8.56824 2.19082 20.4069
v -8.56824 2.19082 20.4119
v -8.56824 2.22082 20.4119
vn -1 -0 -0
vn -1 -0 -0
vn -1 -0 -0
vt 0.613751 0.579231
vt 0.612486 0.579231
vt 0.612486 0.571639
f 1390/1390/1390 1391/1391/1391 1392/1392/1392
v -8.44576 2.19082 20.4069
v -8.44076 2.19082 20.4069
v -8.44076 2.19082 20.4119
vn -0 -1 -0
vn -0 -1 -0
vn -0 -1 -0
vt 0.629093 0.548614
vt 0.630359 0.548614
vt 0.630359 0.549879
f 1393/1393/1393 1394/1394/1394 1395/1395/1395
v -8.44076 2.19082 20.4119
v -8.44576 2.19082 20.4119
v -8.44576 2.19082 20.4069
vn 0 -1 0
vn 0 -1 0
vn 0 -1 0
vt 0.630359 0.549879
vt 0.629093 0.549879
vt 0.629093 0.548614
f 1396/1396/1396 1397/1397/1397 1398/1398/1398
v -8.44076 2.22082 20.4119
v -8.44076 2.22082 20.4069
v -8.44576 2.22082 20.4069
vn 0 1 0
vn 0 1 0
vn 0 1 0
vt 0.629081 0.549891
vt 0.629081 0.551157
vt 0.627816 0.551157
f 1399/1399/1399 1400/1400/1400 1401/1401/1401
v -8.44576 2.22082 20.4069
v -8.44576 2.22082 20.4119
v -8.44076 2.22082 20.4119
vn 0 1 0
vn 0 1 0
vn 0 1 0
vt 0.627816 0.551157
vt 0.627816 0.549891
vt 0.629081 0.549891
f 1402/1402/1402 1403/1403/1403 1404/1404/1404
v -8.44076 2.22082 20.4119
v -8.44576 2.22082 20.4119
v -8.44576 2.19082 20.4119
vn 0 0 1
vn 0 0 1
vn 0 0 1
vt 0.608653 0.556309
vt 0.609919 0.556309
vt 0.609919 0.563901
f 1405/1405/1405 1406/1406/1406 1407/1407/1407
v -8.44576 2.19082 20.4119
v -8.44076 2.19082 20.4119
v -8.44076 2.22082 20.4119
vn 0 0 1
vn 0 0 1
vn 0 0 1
vt 0.609919 0.563901
vt 0.608653 0.563901
vt 0.608653 0.556309
f 1408/1408/1408 1409/1409/1409 1410/1410/1410
v -8.44076 2.22082 20.4069
v -8.44076 2.22082 20.4119
v -8.44076 2.19082 20.4119
vn 1 -0 0
vn 1 -0 0
vn 1 -0 0
vt 0.609931 0.563974
vt 0.611196 0.563974
vt 0.611196 0.571566
f 1411/1411/1411 1412/1412/1412 1413/1413/1413
v -8.44076 2.19082 20.4119
v -8.44076 2.19082 20.4069
v -8.44076 2.22082 20.4069
vn 1 0 -0
vn 1 0 -0
vn 1 0 -0
vt 0.611196 0.571566
vt 0.609931 0.571566
vt 0.609931 0.563974
f 1414/1414/1414 1415/1415/1415 1416/1416/1416
v -8.44076 2.22082 20.4069
v -8.44076 2.19082 20.4069
v -8.44576 2.19082 20.4069
vn 0 0 -1
vn 0 0 -1
vn 0 0 -1
vt 0.611196 0.548644
vt 0.611196 0.556237
vt 0.609931 0.556237
f 1417/1417/1417 1418/1418/1418 1419/1419/1419
v -8.44576 2.19082 20.4069
v -8.44576 2.22082 20.4069
v -8.44076 2.22082 20.4069
vn -0 -0 -1
vn -0 -0 -1
vn -0 -0 -1
vt 0.609931 0.556237
vt 0.609931 0.548644
vt 0.611196 0.548644
f 1420/1420/1420 1421/1421/1421 1422/1422/1422
v -8.44576 2.22082 20.4119
v -8.44576 2.22082 20.4069
v -8.44576 2.19082 20.4069
vn -1 0 0
vn -1 0 0
vn -1 0 0
vt 0.608653 0.571639
vt 0.609919 0.571639
vt 0.609919 0.579231
f 1423/1423/1423 1424/1424/1424 1425/1425/1425
v -8.44576 2.19082 20.4069
v -8.44576 2.19082 20.4119
v -8.44576 2.22082 20.4119
vn -1 -0 -0
vn -1 -0 -0
vn -1 -0 -0
vt 0.609919 0.579231
vt 0.608653 0.579231
vt 0.608653 0.571639
f 1426/1426/1426 1427/1427/1427 1428/1428/1428
v -8.32471 2.19082 20.4069
v -8.31971 2.19082 20.4069
v -8.31971 2.19082 20.4119
vn -0 -1 -0
vn -0 -1 -0
vn -0 -1 -0
vt 0.627816 0.551169
vt 0.629081 0.551169
vt 0.629081 0.552434
f 1429/1429/1429 1430/1430/1430 1431/1431/1431
v -8.31971 2.19082 20.4119
v -8.32471 2.19082 20.4119
v -8.32471 2.19082 20.4069
vn 0 -1 0
vn 0 -1 0
vn 0 -1 0
vt 0.629081 0.552434
vt 0.627816 0.552434
vt 0.627816 0.551169
f 1432/1432/1432 1433/1433/1433 1434/1434/1434
v -8.31971 2.22082 20.4119
v -8.31971 2.22082 20.4069
v -8.32471 2.22082 20.4069
vn 0 1 0
vn 0 1 0
vn 0 1 0
vt 0.627804 0.552446
vt 0.627804 0.553712
vt 0.626538 0.553712
f 1435/1435/1435 1436/1436/1436 1437/1437/1437
v -8.32471 2.22082 20.4069
v -8.32471 2.22082 20.4119
v -8.31971 2.22082 20.4119
vn 0 1 0
vn 0 1 0
vn 0 1 0
vt 0.626538 0.553712
vt 0.626538 0.552446
vt 0.627804 0.552446
f 1438/1438/1438 1439/1439/1439 1440/1440/1440
v -8.31971 2.22082 20.4119
v -8.32471 2.22082 20.4119
v -8.32471 2.19082 20.4119
vn 0 0 1
vn 0 0 1
vn 0 0 1
vt 0.604821 0.556309
vt 0.606086 0.556309
vt 0.606086 0.563901
f 1441/1441/1441 1442/1442/1442 1443/1443/1443
v -8.32471 2.19082 20.4119
v -8.31971 2.19082 20.4119
v -8.31971 2.22082 20.4119
vn 0 0 1
vn 0 0 1
vn 0 0 1
vt 0.606086 0.563901
vt 0.604821 0.563901
vt 0.604821 0.556309
f 1444/1444/1444 1445/1445/1445 1446/1446/1446
v -8.31971 2.22082 20.4069
v -8.31971 2.22082 20.4119
v -8.31971 2.19082 20.4119
vn 1 -0 0
vn 1 -0 0
vn 1 -0 0
vt 0.606098 0.563974
vt 0.607364 0.563974
vt 0.607364 0.571566
f 1447/1447/1447 1448/1448/1448 1449/1449/1449
v -8.31971 2.19082 20.4119
v -8.31971 2.19082 20.4069
v -8.31971 2.22082 20.4069
vn 1 0 -0
vn 1 0 -0
vn 1 0 -0
vt 0.607364 0.571566
vt 0.606098 0.571566
vt 0.606098 0.563974
f 1450/1450/1450 1451/1451/1451 1452/1452/1452
v -8.31971 2.22082 20.4069
v -8.31971 2.19082 20.4069
v -8.32471 2.19082 20.4069
vn 0 0 -1
vn 0 0 -1
vn 0 0 -1
vt 0.607364 0.548644
vt 0.607364 0.556237
vt 0.606098 0.556237
f 1453/1453/1453 1454/1454/1454 1455/1455/1455
v -8.32471 2.19082 20.4069
v -8.32471 2.22082 20.4069
v -8.31971 2.22082 20.4069
vn -0 -0 -1
vn -0 -0 -1
vn -0 -0 -1
vt 0.606098 0.556237
vt 0.606098 0.548644
vt 0.607364 0.548644
f 1456/1456/1456 1457/1457/1457 1458/1458/1458
v -8.32471 2.22082 20.4119
v -8.32471 2.22082 20.4069
v -8.32471 2.19082 20.4069
vn -1 0 0
vn -1 0 0
vn -1 0 0
vt 0.604821 0.571639
vt 0.606086 0.571639
vt 0.606086 0.579231
f 1459/1459/1459 1460/1460/1460 1461/1461/1461
v -8.32471 2.19082 20.4069
v -8.32471 2.19082 20.4119
v -8.32471 2.22082 20.4119
vn -1 -0 -0
vn -1 -0 -0
vn -1 -0 -0
vt 0.606086 0.579231
vt 0.604821 0.579231
vt 0.604821 0.571639
f 1462/1462/1462 1463/1463/1463 1464/1464/1464
v -8.1959 2.19082 20.4069
v -8.1909 2.19082 20.4069
v -8.1909 2.19082 20.4119
vn -0 -1 -0
vn -0 -1 -0
vn -0 -1 -0
vt 0.626538 0.553724
vt 0.627804 0.553724
vt 0.627804 0.554989
f 1465/1465/1465 1466/1466/1466 1467/1467/1467
v -8.1909 2.19082 20.4119
v -8.1959 2.19082 20.4119
v -8.1959 2.19082 20.4069
vn 0 -1 0
vn 0 -1 0
vn 0 -1 0
vt 0.627804 0.554989
vt 0.626538 0.554989
vt 0.626538 0.553724
f 1468/1468/1468 1469/1469/1469 1470/1470/1470
v -8.1909 2.22082 20.4119
v -8.1909 2.22082 20.4069
v -8.1959 2.22082 20.4069
vn 0 1 0
vn 0 1 0
vn 0 1 0
vt 0.626526 0.555001
vt 0.626526 0.556267
vt 0.625261 0.556267
f 1471/1471/1471 1472/1472/1472 1473/1473/1473
v -8.1959 2.22082 20.4069
v -8.1959 2.22082 20.4119
v -8.1909 2.22082 20.4119
vn 0 1 0
vn 0 1 0
vn 0 1 0
vt 0.625261 0.556267
vt 0.625261 0.555001
vt 0.626526 0.555001
f 1474/1474/1474 1475/1475/1475 1476/1476/1476
v -8.1909 2.22082 20.4119
v -8.1959 2.22082 20.4119
v -8.1959 2.19082 20.4119
vn 0 0 1
vn 0 0 1
vn 0 0 1
vt 0.600988 0.556309
vt 0.602254 0.556309
vt 0.602254 0.563901
f 1477/1477/1477 1478/1478/1478 1479/1479/1479
v -8.1959 2.19082 20.4119
v -8.1909 2.19082 20.4119
v -8.1909 2.22082 20.4119
vn 0 0 1
vn 0 0 1
vn 0 0 1
vt 0.602254 0.563901
vt 0.600988 0.563901
vt 0.600988 0.556309
f 1480/1480/1480 1481/1481/1481 1482/1482/1482
v -8.1909 2.22082 20.4069
v -8.1909 2.22082 20.4119
v -8.1909 2.19082 20.4119
vn 1 -0 0
vn 1 -0 0
vn 1 -0 0
vt 0.602266 0.563974
vt 0.603531 0.563974
vt 0.603531 0.571566
f 1483/1483/1483 1484/1484/1484 1485/1485/1485
v -8.1909 2.19082 20.4119
v -8.1909 2.19082 20.4069
v -8.1909 2.22082 20.4069
vn 1 0 -0
vn 1 0 -0
vn 1 0 -0
vt 0.603531 0.571566
vt 0.602266 0.571566
vt 0.602266 0.563974
f 1486/1486/1486 1487/1487/1487 1488/1488/1488
v -8.1909 2.22082 20.4069
v -8.1909 2.19082 20.4069
v -8.1959 2.19082 20.4069
vn 0 0 -1
vn 0 0 -1
vn 0 0 -1
vt 0.603531 0.548644
vt 0.603531 0.556237
vt 0.602266 0.556237
f 1489/1489/1489 1490/1490/1490 1491/1491/1491
v -8.1959 2.19082 20.4069
v -8.1959 2.22082 20.4069
v -8.1909 2.22082 20.4069
vn -0 -0 -1
vn -0 -0 -1
vn -0 -0 -1
vt 0.602266 0.556237
vt 0.602266 0.548644
vt 0.603531 0.548644
f 1492/1492/1492 1493/1493/1493 1494/1494/1494
v -8.1959 2.22082 20.4119
v -8.1959 2.22082 20.4069
v -8.1959 2.19082 20.4069
vn -1 0 0
vn -1 0 0
vn -1 0 0
vt 0.600988 0.571639
vt 0.602254 0.571639
vt 0.602254 0.579231
f 1495/1495/1495 1496/1496/1496 1497/1497/1497
v -8.1959 2.19082 20.4069
v -8.1959 2.19082 20.4119
v -8.1959 2.22082 20.4119
vn -1 -0 -0
vn -1 -0 -0
vn -1 -0 -0
vt 0.602254 0.579231
vt 0.600988 0.579231
vt 0.600988 0.571639
f 1498/1498/1498 1499/1499/1499 1500/1500/1500
