o data/uid/01014023/s/000004.obj
//1
usemtl mat0
v -0.191088 0.089874 0.010111
v -0.191088 0.089874 -0.01011
v 0.191088 0.089874 -0.01011
vn 0 -1 -0
vn 0 -1 -0
vn 0 -1 -0
vt 0.641479 0.249271
vt 0.637044 0.249271
vt 0.637044 0.165435
f 1/1/1 2/2/2 3/3/3
v 0.191088 0.089874 -0.01011
v 0.191088 0.089874 0.010111
v -0.191088 0.089874 0.010111
vn 0 -1 -0
vn 0 -1 -0
vn 0 -1 -0
vt 0.637044 0.165435
vt 0.641479 0.165435
vt 0.641479 0.249271
f 4/4/4 5/5/5 6/6/6
v -0.191088 1.99064 0.010111
v 0.191088 1.99064 0.010111
v 0.191088 1.99064 -0.01011
vn 0 1 -0
vn 0 1 -0
vn 0 1 -0
vt 0.637044 0.41985
vt 0.637044 0.336014
vt 0.641479 0.336014
f 7/7/7 8/8/8 9/9/9
v 0.191088 1.99064 -0.01011
v -0.191088 1.99064 -0.01011
v -0.191088 1.99064 0.010111
vn 0 1 -0
vn 0 1 -0
vn 0 1 -0
vt 0.641479 0.336014
vt 0.641479 0.41985
vt 0.637044 0.41985
f 10/10/10 11/11/11 12/12/12
v -0.191088 0.089874 0.010111
v 0.191088 0.089874 0.010111
v 0.191088 1.99064 0.010111
vn 0 0 1
vn 0 0 1
vn 0 0 1
vt 0.745585 0
vt 0.829421 0
vt 0.829421 0.416962
f 13/13/13 14/14/14 15/15/15
v 0.191088 1.99064 0.010111
v -0.191088 1.99064 0.010111
v -0.191088 0.089874 0.010111
vn 0 0 1
vn 0 0 1
vn 0 0 1
vt 0.829421 0.416962
vt 0.745585 0.416962
vt 0.745585 0
f 16/16/16 17/17/17 18/18/18
v 0.191088 0.089874 0.010111
v 0.191088 0.089874 -0.01011
v 0.191088 1.99064 -0.01011
vn 1 0 -0
vn 1 0 -0
vn 1 0 -0
vt 0.650582 0
vt 0.655017 0
vt 0.655017 0.416962
f 19/19/19 20/20/20 21/21/21
v 0.191088 1.99064 -0.01011
v 0.191088 1.99064 0.010111
v 0.191088 0.089874 0.010111
vn 1 0 -0
vn 1 0 -0
vn 1 0 -0
vt 0.655017 0.416962
vt 0.650582 0.416962
vt 0.650582 0
f 22/22/22 23/23/23 24/24/24
v 0.191088 0.089874 -0.01011
v -0.191088 0.089874 -0.01011
v -0.191088 1.99064 -0.01011
vn 0 0 -1
vn 0 0 -1
vn 0 0 -1
vt 0.830874 0
vt 0.914711 0
vt 0.914711 0.416962
f 25/25/25 26/26/26 27/27/27
v -0.191088 1.99064 -0.01011
v 0.191088 1.99064 -0.01011
v 0.191088 0.089874 -0.01011
vn 0 0 -1
vn 0 0 -1
vn 0 0 -1
vt 0.914711 0.416962
vt 0.830874 0.416962
vt 0.830874 0
f 28/28/28 29/29/29 30/30/30
v -0.191088 0.089874 -0.01011
v -0.191088 0.089874 0.010111
v -0.191088 1.99064 0.010111
vn -1 0 -0
vn -1 0 -0
vn -1 0 -0
vt 0.655094 0
vt 0.65953 0
vt 0.65953 0.416962
f 31/31/31 32/32/32 33/33/33
v -0.191088 1.99064 0.010111
v -0.191088 1.99064 -0.01011
v -0.191088 0.089874 -0.01011
vn -1 0 -0
vn -1 0 -0
vn -1 0 -0
vt 0.65953 0.416962
vt 0.655094 0.416962
vt 0.655094 0
f 34/34/34 35/35/35 36/36/36
v -0.576623 -0.010519 -0.010377
v -0.576623 -0.010519 -0.384465
v 0.191773 -0.010519 -0.384465
vn 0 -1 -0
vn 0 -1 -0
vn 0 -1 -0
vt 0.191039 0.436974
vt 0.108977 0.436974
vt 0.108977 0.268415
f 37/37/37 38/38/38 39/39/39
v 0.191773 -0.010519 -0.384465
v 0.191773 -0.010519 -0.010377
v -0.576623 -0.010519 -0.010377
vn 0 -1 -0
vn 0 -1 -0
vn 0 -1 -0
vt 0.108977 0.268415
vt 0.191039 0.268415
vt 0.191039 0.436974
f 40/40/40 41/41/41 42/42/42
v -0.576623 1.99135 -0.010377
v 0.191773 1.99135 -0.010377
v 0.191773 1.99135 -0.384465
vn 0 1 -0
vn 0 1 -0
vn 0 1 -0
vt 0.199231 0.436974
vt 0.199231 0.268415
vt 0.281292 0.268415
f 43/43/43 44/44/44 45/45/45
v 0.191773 1.99135 -0.384465
v -0.576623 1.99135 -0.384465
v -0.576623 1.99135 -0.010377
vn 0 1 -0
vn 0 1 -0
vn 0 1 -0
vt 0.281292 0.268415
vt 0.281292 0.436974
vt 0.199231 0.436974
f 46/46/46 47/47/47 48/48/48
v -0.576623 -0.010519 -0.010377
v 0.191773 -0.010519 -0.010377
v 0.191773 1.99135 -0.010377
vn 0 0 1
vn 0 0 1
vn 0 0 1
vt 0.463972 0
vt 0.632531 0
vt 0.632531 0.439141
f 49/49/49 50/50/50 51/51/51
v 0.191773 1.99135 -0.010377
v -0.576623 1.99135 -0.010377
v -0.576623 -0.010519 -0.010377
vn 0 0 1
vn 0 0 1
vn 0 0 1
vt 0.632531 0.439141
vt 0.463972 0.439141
vt 0.463972 0
f 52/52/52 53/53/53 54/54/54
v 0.191773 -0.010519 -0.010377
v 0.191773 -0.010519 -0.384465
v 0.191773 1.99135 -0.384465
vn 1 0 -0
vn 1 0 -0
vn 1 0 -0
vt 0.018724 0.446755
vt 0.100785 0.446755
vt 0.100785 0.885896
f 55/55/55 56/56/56 57/57/57
v 0.191773 1.99135 -0.384465
v 0.191773 1.99135 -0.010377
v 0.191773 -0.010519 -0.010377
vn 1 0 -0
vn 1 0 -0
vn 1 0 -0
vt 0.100785 0.885896
vt 0.018724 0.885896
vt 0.018724 0.446755
f 58/58/58 59/59/59 60/60/60
v 0.191773 -0.010519 -0.384465
v -0.576623 -0.010519 -0.384465
v -0.576623 1.99135 -0.384465
vn 0 0 -1
vn 0 0 -1
vn 0 0 -1
vt 0.463972 0.446755
vt 0.632531 0.446755
vt 0.632531 0.885896
f 61/61/61 62/62/62 63/63/63
v -0.576623 1.99135 -0.384465
v 0.191773 1.99135 -0.384465
v 0.191773 -0.010519 -0.384465
vn 0 0 -1
vn 0 0 -1
vn 0 0 -1
vt 0.632531 0.885896
vt 0.463972 0.885896
vt 0.463972 0.446755
f 64/64/64 65/65/65 66/66/66
v -0.576623 -0.010519 -0.384465
v -0.576623 -0.010519 -0.010377
v -0.576623 1.99135 -0.010377
vn -1 0 -0
vn -1 0 -0
vn -1 0 -0
vt 0.018724 0
vt 0.100785 0
vt 0.100785 0.439141
f 67/67/67 68/68/68 69/69/69
v -0.576623 1.99135 -0.010377
v -0.576623 1.99135 -0.384465
v -0.576623 -0.010519 -0.384465
vn -1 0 -0
vn -1 0 -0
vn -1 0 -0
vt 0.100785 0.439141
vt 0.018724 0.439141
vt 0.018724 0
f 70/70/70 71/71/71 72/72/72
v -0.135038 1.24691 0.009466
v -0.138613 1.24691 0.014215
v -0.135038 1.26259 0.009466
vn -0.009228 -0.20035 -0.979681
vn -0.849256 -0.111837 -0.516
vn -0.101846 -0.019218 -0.994615
vt 0.415832 0.258852
vt 0.415832 0.259948
vt 0.41221 0.258852
f 73/73/73 74/74/74 75/75/75
v -0.139709 1.25487 0.014717
v -0.135038 1.26259 0.009466
v -0.138613 1.24691 0.014215
vn -0.922408 0.329048 -0.202215
vn -0.101846 -0.019218 -0.994615
vn -0.849256 -0.111837 -0.516
vt 0.413994 0.260064
vt 0.41221 0.258852
vt 0.415832 0.259948
f 76/76/76 77/77/77 78/78/78
v -0.138613 1.24691 0.014215
v -0.140093 1.24691 0.01779
v -0.139709 1.25487 0.014717
vn -0.849256 -0.111837 -0.516
vn -0.999603 0.027826 0.004411
vn -0.922408 0.329048 -0.202215
vt 0.415832 0.259948
vt 0.415832 0.260774
vt 0.413994 0.260064
f 79/79/79 80/80/80 81/81/81
v -0.138613 1.24691 0.021364
v -0.130368 1.25487 0.014717
v -0.139709 1.25487 0.014717
vn -0.576163 0.410996 0.706483
vn 0.95749 0.285683 -0.039981
vn -0.922408 0.329048 -0.202215
vt 0.439682 0.239084
vt 0.442548 0.23831
vt 0.441769 0.240216
f 82/82/82 83/83/83 84/84/84
v -0.139709 1.25487 0.014717
v -0.140093 1.24691 0.01779
v -0.138613 1.24691 0.021364
vn -0.922408 0.329048 -0.202215
vn -0.999603 0.027826 0.004411
vn -0.576163 0.410996 0.706483
vt 0.441769 0.240216
vt 0.439965 0.239725
vt 0.439682 0.239084
f 85/85/85 86/86/86 87/87/87
v -0.130368 1.25487 0.014717
v -0.138613 1.24691 0.021364
v -0.135038 1.24676 0.022304
vn 0.95749 0.285683 -0.039981
vn -0.576163 0.410996 0.706483
vn 0.006316 0.523867 0.851776
vt 0.442548 0.23831
vt 0.439682 0.239084
vt 0.439847 0.23826
f 88/88/88 89/89/89 90/90/90
v -0.135038 1.24676 0.022304
v -0.135038 1.25028 0.018391
v -0.130368 1.25487 0.014717
vn 0.006316 0.523867 0.851776
vn 0.903232 -0.220991 0.36788
vn 0.95749 0.285683 -0.039981
vt 0.439847 0.23826
vt 0.440921 0.238754
vt 0.442548 0.23831
f 91/91/91 92/92/92 93/93/93
v -0.131464 1.24691 0.021364
v -0.130368 1.25487 0.014717
v -0.135038 1.25028 0.018391
vn 0.571097 0.413066 0.709383
vn 0.95749 0.285683 -0.039981
vn 0.903232 -0.220991 0.36788
vt 0.41406 0.22668
vt 0.412219 0.226934
vt 0.41328 0.225853
f 94/94/94 95/95/95 96/96/96
v -0.135038 1.25028 0.018391
v -0.135038 1.24676 0.022304
v -0.131464 1.24691 0.021364
vn 0.903232 -0.220991 0.36788
vn 0.006316 0.523867 0.851776
vn 0.571097 0.413066 0.709383
vt 0.41328 0.225853
vt 0.414094 0.225853
vt 0.41406 0.22668
f 97/97/97 98/98/98 99/99/99
v -0.131464 1.24691 0.021364
v -0.129983 1.24691 0.01779
v -0.130368 1.25487 0.014717
vn 0.571097 0.413066 0.709383
vn 0.999603 0.027827 0.004411
vn 0.95749 0.285683 -0.039981
vt 0.414421 0.239265
vt 0.414421 0.240144
vt 0.41258 0.240756
f 100/100/100 101/101/101 102/102/102
v -0.131464 1.24691 0.014215
v -0.131736 1.25761 0.012186
v -0.130368 1.25487 0.014717
vn 0.846781 -0.153891 -0.509194
vn 0.708968 -0.031816 -0.704523
vn 0.95749 0.285683 -0.039981
vt 0.416539 0.250958
vt 0.414173 0.251384
vt 0.414774 0.250749
f 103/103/103 104/104/104 105/105/105
v -0.130368 1.25487 0.014717
v -0.129983 1.24691 0.01779
v -0.131464 1.24691 0.014215
vn 0.95749 0.285683 -0.039981
vn 0.999603 0.027827 0.004411
vn 0.846781 -0.153891 -0.509194
vt 0.414774 0.250749
vt 0.416545 0.250107
vt 0.416539 0.250958
f 106/106/106 107/107/107 108/108/108
v -0.135038 1.24691 0.009466
v -0.135038 1.26259 0.009466
v -0.131736 1.25761 0.012186
vn -0.009228 -0.20035 -0.979681
vn -0.101846 -0.019218 -0.994615
vn 0.708968 -0.031816 -0.704523
vt 0.416559 0.252251
vt 0.413111 0.252251
vt 0.414173 0.251384
f 109/109/109 110/110/110 111/111/111
v -0.131736 1.25761 0.012186
v -0.131464 1.24691 0.014215
v -0.135038 1.24691 0.009466
vn 0.708968 -0.031816 -0.704523
vn 0.846781 -0.153891 -0.509194
vn -0.009228 -0.20035 -0.979681
vt 0.414173 0.251384
vt 0.416539 0.250958
vt 0.416559 0.252251
f 112/112/112 113/113/113 114/114/114
v -0.138613 1.21995 0.023139
v -0.138613 1.24691 0.014215
v -0.135038 1.24691 0.009466
vn -0.715608 -0.198516 -0.669699
vn -0.849256 -0.111837 -0.516
vn -0.009228 -0.20035 -0.979681
vt 0.418 0.220708
vt 0.41151 0.220708
vt 0.41151 0.219848
f 115/115/115 116/116/116 117/117/117
v -0.135038 1.24691 0.009466
v -0.135038 1.21995 0.021658
v -0.138613 1.21995 0.023139
vn -0.009228 -0.20035 -0.979681
vn 0.01901 -0.288443 -0.957308
vn -0.715608 -0.198516 -0.669699
vt 0.41151 0.219848
vt 0.418 0.219848
vt 0.418 0.220708
f 118/118/118 119/119/119 120/120/120
v -0.140093 1.21995 0.026713
v -0.140093 1.24691 0.01779
v -0.138613 1.24691 0.014215
vn -0.999857 0.008093 0.014874
vn -0.999603 0.027826 0.004411
vn -0.849256 -0.111837 -0.516
vt 0.422057 0.262834
vt 0.415832 0.260774
vt 0.415832 0.259948
f 121/121/121 122/122/122 123/123/123
v -0.138613 1.24691 0.014215
v -0.138613 1.21995 0.023139
v -0.140093 1.21995 0.026713
vn -0.849256 -0.111837 -0.516
vn -0.715608 -0.198516 -0.669699
vn -0.999857 0.008093 0.014874
vt 0.415832 0.259948
vt 0.422057 0.262009
vt 0.422057 0.262834
f 124/124/124 125/125/125 126/126/126
v -0.138613 1.21995 0.030288
v -0.138613 1.24691 0.021364
v -0.140093 1.24691 0.01779
vn -0.691364 0.184238 0.698621
vn -0.576163 0.410996 0.706483
vn -0.999603 0.027826 0.004411
vt 0.422057 0.263659
vt 0.415832 0.261599
vt 0.415832 0.260774
f 127/127/127 128/128/128 129/129/129
v -0.140093 1.24691 0.01779
v -0.140093 1.21995 0.026713
v -0.138613 1.21995 0.030288
vn -0.999603 0.027826 0.004411
vn -0.999857 0.008093 0.014874
vn -0.691364 0.184238 0.698621
vt 0.415832 0.260774
vt 0.422057 0.262834
vt 0.422057 0.263659
f 130/130/130 131/131/131 132/132/132
v -0.135038 1.21995 0.031768
v -0.135038 1.24676 0.022304
v -0.138613 1.24691 0.021364
vn 0.002419 0.255898 0.966701
vn 0.006316 0.523867 0.851776
vn -0.576163 0.410996 0.706483
vt 0.420297 0.225853
vt 0.414094 0.225853
vt 0.41406 0.225026
f 133/133/133 134/134/134 135/135/135
v -0.138613 1.24691 0.021364
v -0.138613 1.21995 0.030288
v -0.135038 1.21995 0.031768
vn -0.576163 0.410996 0.706483
vn -0.691364 0.184238 0.698621
vn 0.002419 0.255898 0.966701
vt 0.41406 0.225026
vt 0.420297 0.225026
vt 0.420297 0.225853
f 136/136/136 137/137/137 138/138/138
v -0.131464 1.21995 0.030288
v -0.131464 1.24691 0.021364
v -0.135038 1.24676 0.022304
vn 0.688957 0.18972 0.699531
vn 0.571097 0.413066 0.709383
vn 0.006316 0.523867 0.851776
vt 0.420297 0.22668
vt 0.41406 0.22668
vt 0.414094 0.225853
f 139/139/139 140/140/140 141/141/141
v -0.135038 1.24676 0.022304
v -0.135038 1.21995 0.031768
v -0.131464 1.21995 0.030288
vn 0.006316 0.523867 0.851776
vn 0.002419 0.255898 0.966701
vn 0.688957 0.18972 0.699531
vt 0.414094 0.225853
vt 0.420297 0.225853
vt 0.420297 0.22668
f 142/142/142 143/143/143 144/144/144
v -0.129983 1.21995 0.026713
v -0.129983 1.24691 0.01779
v -0.131464 1.24691 0.021364
vn 0.999857 0.008094 0.014874
vn 0.999603 0.027827 0.004411
vn 0.571097 0.413066 0.709383
vt 0.420583 0.238271
vt 0.414421 0.240144
vt 0.414421 0.239265
f 145/145/145 146/146/146 147/147/147
v -0.131464 1.24691 0.021364
v -0.131464 1.21995 0.030288
v -0.129983 1.21995 0.026713
vn 0.571097 0.413066 0.709383
vn 0.688957 0.18972 0.699531
vn 0.999857 0.008094 0.014874
vt 0.414421 0.239265
vt 0.420583 0.237392
vt 0.420583 0.238271
f 148/148/148 149/149/149 150/150/150
v -0.131464 1.21995 0.023139
v -0.131464 1.24691 0.014215
v -0.129983 1.24691 0.01779
vn 0.706073 -0.180714 -0.684692
vn 0.846781 -0.153891 -0.509194
vn 0.999603 0.027827 0.004411
vt 0.422549 0.249206
vt 0.416539 0.250958
vt 0.416545 0.250107
f 151/151/151 152/152/152 153/153/153
v -0.129983 1.24691 0.01779
v -0.129983 1.21995 0.026713
v -0.131464 1.21995 0.023139
vn 0.999603 0.027827 0.004411
vn 0.999857 0.008094 0.014874
vn 0.706073 -0.180714 -0.684692
vt 0.416545 0.250107
vt 0.422556 0.248354
vt 0.422549 0.249206
f 154/154/154 155/155/155 156/156/156
v -0.135038 1.21995 0.021658
v -0.135038 1.24691 0.009466
v -0.131464 1.24691 0.014215
vn 0.01901 -0.288443 -0.957308
vn -0.009228 -0.20035 -0.979681
vn 0.846781 -0.153891 -0.509194
vt 0.418 0.219848
vt 0.41151 0.219848
vt 0.41151 0.218987
f 157/157/157 158/158/158 159/159/159
v -0.131464 1.24691 0.014215
v -0.131464 1.21995 0.023139
v -0.135038 1.21995 0.021658
vn 0.846781 -0.153891 -0.509194
vn 0.706073 -0.180714 -0.684692
vn 0.01901 -0.288443 -0.957308
vt 0.41151 0.218987
vt 0.418 0.218987
vt 0.418 0.219848
f 160/160/160 161/161/161 162/162/162
v -0.138613 1.19299 0.028479
v -0.138613 1.21995 0.023139
v -0.135038 1.21995 0.021658
vn -0.706937 -0.118093 -0.697348
vn -0.715608 -0.198516 -0.669699
vn 0.01901 -0.288443 -0.957308
vt 0.424489 0.220708
vt 0.418 0.220708
vt 0.418 0.219848
f 163/163/163 164/164/164 165/165/165
v -0.135038 1.21995 0.021658
v -0.135038 1.19299 0.026999
v -0.138613 1.19299 0.028479
vn 0.01901 -0.288443 -0.957308
vn 1e-006 -0.168041 -0.98578
vn -0.706937 -0.118093 -0.697348
vt 0.418 0.219848
vt 0.424489 0.219848
vt 0.424489 0.220708
f 166/166/166 167/167/167 168/168/168
v -0.140093 1.19299 0.032054
v -0.140093 1.21995 0.026713
v -0.138613 1.21995 0.023139
vn -0.999975 0.002312 0.006744
vn -0.999857 0.008093 0.014874
vn -0.715608 -0.198516 -0.669699
vt 0.428282 0.264067
vt 0.422057 0.262834
vt 0.422057 0.262009
f 169/169/169 170/170/170 171/171/171
v -0.138613 1.21995 0.023139
v -0.138613 1.19299 0.028479
v -0.140093 1.19299 0.032054
vn -0.715608 -0.198516 -0.669699
vn -0.706937 -0.118093 -0.697348
vn -0.999975 0.002312 0.006744
vt 0.422057 0.262009
vt 0.428282 0.263242
vt 0.428282 0.264067
f 172/172/172 173/173/173 174/174/174
v -0.138613 1.19299 0.035629
v -0.138613 1.21995 0.030288
v -0.140093 1.21995 0.026713
vn -0.700221 0.119187 0.703907
vn -0.691364 0.184238 0.698621
vn -0.999857 0.008093 0.014874
vt 0.428282 0.264893
vt 0.422057 0.263659
vt 0.422057 0.262834
f 175/175/175 176/176/176 177/177/177
v -0.140093 1.21995 0.026713
v -0.140093 1.19299 0.032054
v -0.138613 1.19299 0.035629
vn -0.999857 0.008093 0.014874
vn -0.999975 0.002312 0.006744
vn -0.700221 0.119187 0.703907
vt 0.422057 0.262834
vt 0.428282 0.264067
vt 0.428282 0.264893
f 178/178/178 179/179/179 180/180/180
v -0.135038 1.19299 0.037109
v -0.135038 1.21995 0.031768
v -0.138613 1.21995 0.030288
vn 1e-006 0.165805 0.986158
vn 0.002419 0.255898 0.966701
vn -0.691364 0.184238 0.698621
vt 0.426534 0.225853
vt 0.420297 0.225853
vt 0.420297 0.225026
f 181/181/181 182/182/182 183/183/183
v -0.138613 1.21995 0.030288
v -0.138613 1.19299 0.035629
v -0.135038 1.19299 0.037109
vn -0.691364 0.184238 0.698621
vn -0.700221 0.119187 0.703907
vn 1e-006 0.165805 0.986158
vt 0.420297 0.225026
vt 0.426534 0.225026
vt 0.426534 0.225853
f 184/184/184 185/185/185 186/186/186
v -0.131464 1.19299 0.035629
v -0.131464 1.21995 0.030288
v -0.135038 1.21995 0.031768
vn 0.700222 0.119187 0.703906
vn 0.688957 0.18972 0.699531
vn 0.002419 0.255898 0.966701
vt 0.426534 0.22668
vt 0.420297 0.22668
vt 0.420297 0.225853
f 187/187/187 188/188/188 189/189/189
v -0.135038 1.21995 0.031768
v -0.135038 1.19299 0.037109
v -0.131464 1.19299 0.035629
vn 0.002419 0.255898 0.966701
vn 1e-006 0.165805 0.986158
vn 0.700222 0.119187 0.703906
vt 0.420297 0.225853
vt 0.426534 0.225853
vt 0.426534 0.22668
f 190/190/190 191/191/191 192/192/192
v -0.129983 1.19299 0.032054
v -0.129983 1.21995 0.026713
v -0.131464 1.21995 0.030288
vn 0.999975 0.002313 0.006743
vn 0.999857 0.008094 0.014874
vn 0.688957 0.18972 0.699531
vt 0.426687 0.23715
vt 0.420583 0.238271
vt 0.420583 0.237392
f 193/193/193 194/194/194 195/195/195
v -0.131464 1.21995 0.030288
v -0.131464 1.19299 0.035629
v -0.129983 1.19299 0.032054
vn 0.688957 0.18972 0.699531
vn 0.700222 0.119187 0.703906
vn 0.999975 0.002313 0.006743
vt 0.420583 0.237392
vt 0.426687 0.236271
vt 0.426687 0.23715
f 196/196/196 197/197/197 198/198/198
v -0.131464 1.19299 0.028479
v -0.131464 1.21995 0.023139
v -0.129983 1.21995 0.026713
vn 0.706937 -0.118093 -0.697348
vn 0.706073 -0.180714 -0.684692
vn 0.999857 0.008094 0.014874
vt 0.428527 0.248157
vt 0.422549 0.249206
vt 0.422556 0.248354
f 199/199/199 200/200/200 201/201/201
v -0.129983 1.21995 0.026713
v -0.129983 1.19299 0.032054
v -0.131464 1.19299 0.028479
vn 0.999857 0.008094 0.014874
vn 0.999975 0.002313 0.006743
vn 0.706937 -0.118093 -0.697348
vt 0.422556 0.248354
vt 0.428533 0.247305
vt 0.428527 0.248157
f 202/202/202 203/203/203 204/204/204
v -0.135038 1.19299 0.026999
v -0.135038 1.21995 0.021658
v -0.131464 1.21995 0.023139
vn 1e-006 -0.168041 -0.98578
vn 0.01901 -0.288443 -0.957308
vn 0.706073 -0.180714 -0.684692
vt 0.424489 0.219848
vt 0.418 0.219848
vt 0.418 0.218987
f 205/205/205 206/206/206 207/207/207
v -0.131464 1.21995 0.023139
v -0.131464 1.19299 0.028479
v -0.135038 1.19299 0.026999
vn 0.706073 -0.180714 -0.684692
vn 0.706937 -0.118093 -0.697348
vn 1e-006 -0.168041 -0.98578
vt 0.418 0.218987
vt 0.424489 0.218987
vt 0.424489 0.219848
f 208/208/208 209/209/209 210/210/210
v -0.138613 1.16603 0.032274
v -0.138613 1.19299 0.028479
v -0.135038 1.19299 0.026999
vn -0.724508 -0 -0.689266
vn -0.706937 -0.118093 -0.697348
vn 1e-006 -0.168041 -0.98578
vt 0.430979 0.220708
vt 0.424489 0.220708
vt 0.424489 0.219848
f 211/211/211 212/212/212 213/213/213
v -0.135038 1.19299 0.026999
v -0.135038 1.16603 0.030794
v -0.138613 1.16603 0.032274
vn 1e-006 -0.168041 -0.98578
vn 1e-006 -0 -1
vn -0.724508 -0 -0.689266
vt 0.424489 0.219848
vt 0.430979 0.219848
vt 0.430979 0.220708
f 214/214/214 215/215/215 216/216/216
v -0.140093 1.16603 0.035849
v -0.140093 1.19299 0.032054
v -0.138613 1.19299 0.028479
vn -0.999421 -0 0.034032
vn -0.999975 0.002312 0.006744
vn -0.706937 -0.118093 -0.697348
vt 0.434507 0.264943
vt 0.428282 0.264067
vt 0.428282 0.263242
f 217/217/217 218/218/218 219/219/219
v -0.138613 1.19299 0.028479
v -0.138613 1.16603 0.032274
v -0.140093 1.16603 0.035849
vn -0.706937 -0.118093 -0.697348
vn -0.724508 -0 -0.689266
vn -0.999421 -0 0.034032
vt 0.428282 0.263242
vt 0.434507 0.264118
vt 0.434507 0.264943
f 220/220/220 221/221/221 222/222/222
v -0.138613 1.16603 0.039424
v -0.138613 1.19299 0.035629
v -0.140093 1.19299 0.032054
vn -0.690499 -0 0.723334
vn -0.700221 0.119187 0.703907
vn -0.999975 0.002312 0.006744
vt 0.434507 0.265769
vt 0.428282 0.264893
vt 0.428282 0.264067
f 223/223/223 224/224/224 225/225/225
v -0.140093 1.19299 0.032054
v -0.140093 1.16603 0.035849
v -0.138613 1.16603 0.039424
vn -0.999975 0.002312 0.006744
vn -0.999421 -0 0.034032
vn -0.690499 -0 0.723334
vt 0.428282 0.264067
vt 0.434507 0.264943
vt 0.434507 0.265769
f 226/226/226 227/227/227 228/228/228
v -0.135038 1.16603 0.040904
v -0.135038 1.19299 0.037109
v -0.138613 1.19299 0.035629
vn 1e-006 0 1
vn 1e-006 0.165805 0.986158
vn -0.700221 0.119187 0.703907
vt 0.432771 0.225853
vt 0.426534 0.225853
vt 0.426534 0.225026
f 229/229/229 230/230/230 231/231/231
v -0.138613 1.19299 0.035629
v -0.138613 1.16603 0.039424
v -0.135038 1.16603 0.040904
vn -0.700221 0.119187 0.703907
vn -0.690499 -0 0.723334
vn 1e-006 0 1
vt 0.426534 0.225026
vt 0.432771 0.225026
vt 0.432771 0.225853
f 232/232/232 233/233/233 234/234/234
v -0.131464 1.16603 0.039424
v -0.131464 1.19299 0.035629
v -0.135038 1.19299 0.037109
vn 0.690498 0 0.723334
vn 0.700222 0.119187 0.703906
vn 1e-006 0.165805 0.986158
vt 0.432771 0.22668
vt 0.426534 0.22668
vt 0.426534 0.225853
f 235/235/235 236/236/236 237/237/237
v -0.135038 1.19299 0.037109
v -0.135038 1.16603 0.040904
v -0.131464 1.16603 0.039424
vn 1e-006 0.165805 0.986158
vn 1e-006 0 1
vn 0.690498 0 0.723334
vt 0.426534 0.225853
vt 0.432771 0.225853
vt 0.432771 0.22668
f 238/238/238 239/239/239 240/240/240
v -0.129983 1.16603 0.035849
v -0.129983 1.19299 0.032054
v -0.131464 1.19299 0.035629
vn 0.999421 0 0.034032
vn 0.999975 0.002313 0.006743
vn 0.700222 0.119187 0.703906
vt 0.432765 0.236353
vt 0.426687 0.23715
vt 0.426687 0.236271
f 241/241/241 242/242/242 243/243/243
v -0.131464 1.19299 0.035629
v -0.131464 1.16603 0.039424
v -0.129983 1.16603 0.035849
vn 0.700222 0.119187 0.703906
vn 0.690498 0 0.723334
vn 0.999421 0 0.034032
vt 0.426687 0.236271
vt 0.432765 0.235474
vt 0.432765 0.236353
f 244/244/244 245/245/245 246/246/246
v -0.131464 1.16603 0.032274
v -0.131464 1.19299 0.028479
v -0.129983 1.19299 0.032054
vn 0.724508 -0 -0.689267
vn 0.706937 -0.118093 -0.697348
vn 0.999975 0.002313 0.006743
vt 0.434489 0.247411
vt 0.428527 0.248157
vt 0.428533 0.247305
f 247/247/247 248/248/248 249/249/249
v -0.129983 1.19299 0.032054
v -0.129983 1.16603 0.035849
v -0.131464 1.16603 0.032274
vn 0.999975 0.002313 0.006743
vn 0.999421 0 0.034032
vn 0.724508 -0 -0.689267
vt 0.428533 0.247305
vt 0.434496 0.24656
vt 0.434489 0.247411
f 250/250/250 251/251/251 252/252/252
v -0.135038 1.16603 0.030794
v -0.135038 1.19299 0.026999
v -0.131464 1.19299 0.028479
vn 1e-006 -0 -1
vn 1e-006 -0.168041 -0.98578
vn 0.706937 -0.118093 -0.697348
vt 0.430979 0.219848
vt 0.424489 0.219848
vt 0.424489 0.218987
f 253/253/253 254/254/254 255/255/255
v -0.131464 1.19299 0.028479
v -0.131464 1.16603 0.032274
v -0.135038 1.16603 0.030794
vn 0.706937 -0.118093 -0.697348
vn 0.724508 -0 -0.689267
vn 1e-006 -0 -1
vt 0.424489 0.218987
vt 0.430979 0.218987
vt 0.430979 0.219848
f 256/256/256 257/257/257 258/258/258
v -0.138613 1.13906 0.028479
v -0.138613 1.16603 0.032274
v -0.135038 1.16603 0.030794
vn -0.706937 0.118093 -0.697348
vn -0.724508 -0 -0.689266
vn 1e-006 -0 -1
vt 0.437469 0.220708
vt 0.430979 0.220708
vt 0.430979 0.219848
f 259/259/259 260/260/260 261/261/261
v -0.135038 1.16603 0.030794
v -0.135038 1.13906 0.026999
v -0.138613 1.13906 0.028479
vn 1e-006 -0 -1
vn -0 0.168041 -0.98578
vn -0.706937 0.118093 -0.697348
vt 0.430979 0.219848
vt 0.437469 0.219848
vt 0.437469 0.220708
f 262/262/262 263/263/263 264/264/264
v -0.140093 1.13906 0.032054
v -0.140093 1.16603 0.035849
v -0.138613 1.16603 0.032274
vn -0.999975 -0.002313 0.006743
vn -0.999421 -0 0.034032
vn -0.724508 -0 -0.689266
vt 0.440732 0.264067
vt 0.434507 0.264943
vt 0.434507 0.264118
f 265/265/265 266/266/266 267/267/267
v -0.138613 1.16603 0.032274
v -0.138613 1.13906 0.028479
v -0.140093 1.13906 0.032054
vn -0.724508 -0 -0.689266
vn -0.706937 0.118093 -0.697348
vn -0.999975 -0.002313 0.006743
vt 0.434507 0.264118
vt 0.440732 0.263242
vt 0.440732 0.264067
f 268/268/268 269/269/269 270/270/270
v -0.138613 1.13906 0.035629
v -0.138613 1.16603 0.039424
v -0.140093 1.16603 0.035849
vn -0.700221 -0.119187 0.703906
vn -0.690499 -0 0.723334
vn -0.999421 -0 0.034032
vt 0.440732 0.264893
vt 0.434507 0.265769
vt 0.434507 0.264943
f 271/271/271 272/272/272 273/273/273
v -0.140093 1.16603 0.035849
v -0.140093 1.13906 0.032054
v -0.138613 1.13906 0.035629
vn -0.999421 -0 0.034032
vn -0.999975 -0.002313 0.006743
vn -0.700221 -0.119187 0.703906
vt 0.434507 0.264943
vt 0.440732 0.264067
vt 0.440732 0.264893
f 274/274/274 275/275/275 276/276/276
v -0.135038 1.13906 0.037109
v -0.135038 1.16603 0.040904
v -0.138613 1.16603 0.039424
vn 0 -0.165805 0.986159
vn 1e-006 0 1
vn -0.690499 -0 0.723334
vt 0.439008 0.225853
vt 0.432771 0.225853
vt 0.432771 0.225026
f 277/277/277 278/278/278 279/279/279
v -0.138613 1.16603 0.039424
v -0.138613 1.13906 0.035629
v -0.135038 1.13906 0.037109
vn -0.690499 -0 0.723334
vn -0.700221 -0.119187 0.703906
vn 0 -0.165805 0.986159
vt 0.432771 0.225026
vt 0.439008 0.225026
vt 0.439008 0.225853
f 280/280/280 281/281/281 282/282/282
v -0.131464 1.13906 0.035629
v -0.131464 1.16603 0.039424
v -0.135038 1.16603 0.040904
vn 0.700222 -0.119187 0.703906
vn 0.690498 0 0.723334
vn 1e-006 0 1
vt 0.439008 0.22668
vt 0.432771 0.22668
vt 0.432771 0.225853
f 283/283/283 284/284/284 285/285/285
v -0.135038 1.16603 0.040904
v -0.135038 1.13906 0.037109
v -0.131464 1.13906 0.035629
vn 1e-006 0 1
vn 0 -0.165805 0.986159
vn 0.700222 -0.119187 0.703906
vt 0.432771 0.225853
vt 0.439008 0.225853
vt 0.439008 0.22668
f 286/286/286 287/287/287 288/288/288
v -0.129983 1.13906 0.032054
v -0.129983 1.16603 0.035849
v -0.131464 1.16603 0.039424
vn 0.999975 -0.002312 0.006744
vn 0.999421 0 0.034032
vn 0.690498 0 0.723334
vt 0.438718 0.23715
vt 0.432765 0.236353
vt 0.432765 0.235474
f 289/289/289 290/290/290 291/291/291
v -0.131464 1.16603 0.039424
v -0.131464 1.13906 0.035629
v -0.129983 1.13906 0.032054
vn 0.690498 0 0.723334
vn 0.700222 -0.119187 0.703906
vn 0.999975 -0.002312 0.006744
vt 0.432765 0.235474
vt 0.438718 0.236271
vt 0.438718 0.23715
f 292/292/292 293/293/293 294/294/294
v -0.131464 1.13906 0.028479
v -0.131464 1.16603 0.032274
v -0.129983 1.16603 0.035849
vn 0.706938 0.118093 -0.697347
vn 0.724508 -0 -0.689267
vn 0.999421 0 0.034032
vt 0.440381 0.248157
vt 0.434489 0.247411
vt 0.434496 0.24656
f 295/295/295 296/296/296 297/297/297
v -0.129983 1.16603 0.035849
v -0.129983 1.13906 0.032054
v -0.131464 1.13906 0.028479
vn 0.999421 0 0.034032
vn 0.999975 -0.002312 0.006744
vn 0.706938 0.118093 -0.697347
vt 0.434496 0.24656
vt 0.440387 0.247305
vt 0.440381 0.248157
f 298/298/298 299/299/299 300/300/300
v -0.135038 1.13906 0.026999
v -0.135038 1.16603 0.030794
v -0.131464 1.16603 0.032274
vn -0 0.168041 -0.98578
vn 1e-006 -0 -1
vn 0.724508 -0 -0.689267
vt 0.437469 0.219848
vt 0.430979 0.219848
vt 0.430979 0.218987
f 301/301/301 302/302/302 303/303/303
v -0.131464 1.16603 0.032274
v -0.131464 1.13906 0.028479
v -0.135038 1.13906 0.026999
vn 0.724508 -0 -0.689267
vn 0.706938 0.118093 -0.697347
vn -0 0.168041 -0.98578
vt 0.430979 0.218987
vt 0.437469 0.218987
vt 0.437469 0.219848
f 304/304/304 305/305/305 306/306/306
v -0.138613 1.1121 0.023139
v -0.138613 1.13906 0.028479
v -0.135038 1.13906 0.026999
vn -0.706072 0.180715 -0.684693
vn -0.706937 0.118093 -0.697348
vn -0 0.168041 -0.98578
vt 0.443959 0.220708
vt 0.437469 0.220708
vt 0.437469 0.219848
f 307/307/307 308/308/308 309/309/309
v -0.135038 1.13906 0.026999
v -0.135038 1.1121 0.021658
v -0.138613 1.1121 0.023139
vn -0 0.168041 -0.98578
vn -0.017664 0.286369 -0.957956
vn -0.706072 0.180715 -0.684693
vt 0.437469 0.219848
vt 0.443959 0.219848
vt 0.443959 0.220708
f 310/310/310 311/311/311 312/312/312
v -0.140093 1.1121 0.026713
v -0.140093 1.13906 0.032054
v -0.138613 1.13906 0.028479
vn -0.999857 -0.008094 0.014874
vn -0.999975 -0.002313 0.006743
vn -0.706937 0.118093 -0.697348
vt 0.446958 0.262834
vt 0.440732 0.264067
vt 0.440732 0.263242
f 313/313/313 314/314/314 315/315/315
v -0.138613 1.13906 0.028479
v -0.138613 1.1121 0.023139
v -0.140093 1.1121 0.026713
vn -0.706937 0.118093 -0.697348
vn -0.706072 0.180715 -0.684693
vn -0.999857 -0.008094 0.014874
vt 0.440732 0.263242
vt 0.446958 0.262009
vt 0.446958 0.262834
f 316/316/316 317/317/317 318/318/318
v -0.138613 1.1121 0.030288
v -0.138613 1.13906 0.035629
v -0.140093 1.13906 0.032054
vn -0.691364 -0.184238 0.698621
vn -0.700221 -0.119187 0.703906
vn -0.999975 -0.002313 0.006743
vt 0.446958 0.263659
vt 0.440732 0.264893
vt 0.440732 0.264067
f 319/319/319 320/320/320 321/321/321
v -0.140093 1.13906 0.032054
v -0.140093 1.1121 0.026713
v -0.138613 1.1121 0.030288
vn -0.999975 -0.002313 0.006743
vn -0.999857 -0.008094 0.014874
vn -0.691364 -0.184238 0.698621
vt 0.440732 0.264067
vt 0.446958 0.262834
vt 0.446958 0.263659
f 322/322/322 323/323/323 324/324/324
v -0.135038 1.1121 0.031768
v -0.135038 1.13906 0.037109
v -0.138613 1.13906 0.035629
vn 1e-006 -0.251105 0.96796
vn 0 -0.165805 0.986159
vn -0.700221 -0.119187 0.703906
vt 0.445245 0.225853
vt 0.439008 0.225853
vt 0.439008 0.225026
f 325/325/325 326/326/326 327/327/327
v -0.138613 1.13906 0.035629
v -0.138613 1.1121 0.030288
v -0.135038 1.1121 0.031768
vn -0.700221 -0.119187 0.703906
vn -0.691364 -0.184238 0.698621
vn 1e-006 -0.251105 0.96796
vt 0.439008 0.225026
vt 0.445245 0.225026
vt 0.445245 0.225853
f 328/328/328 329/329/329 330/330/330
v -0.131464 1.1121 0.030288
v -0.131464 1.13906 0.035629
v -0.135038 1.13906 0.037109
vn 0.691364 -0.184238 0.698621
vn 0.700222 -0.119187 0.703906
vn 0 -0.165805 0.986159
vt 0.445245 0.22668
vt 0.439008 0.22668
vt 0.439008 0.225853
f 331/331/331 332/332/332 333/333/333
v -0.135038 1.13906 0.037109
v -0.135038 1.1121 0.031768
v -0.131464 1.1121 0.030288
vn 0 -0.165805 0.986159
vn 1e-006 -0.251105 0.96796
vn 0.691364 -0.184238 0.698621
vt 0.439008 0.225853
vt 0.445245 0.225853
vt 0.445245 0.22668
f 334/334/334 335/335/335 336/336/336
v -0.129983 1.1121 0.026713
v -0.129983 1.13906 0.032054
v -0.131464 1.13906 0.035629
vn 0.999857 -0.008093 0.014875
vn 0.999975 -0.002312 0.006744
vn 0.700222 -0.119187 0.703906
vt 0.444646 0.238271
vt 0.438718 0.23715
vt 0.438718 0.236271
f 337/337/337 338/338/338 339/339/339
v -0.131464 1.13906 0.035629
v -0.131464 1.1121 0.030288
v -0.129983 1.1121 0.026713
vn 0.700222 -0.119187 0.703906
vn 0.691364 -0.184238 0.698621
vn 0.999857 -0.008093 0.014875
vt 0.438718 0.236271
vt 0.444646 0.237392
vt 0.444646 0.238271
f 340/340/340 341/341/341 342/342/342
v -0.131464 1.1121 0.023139
v -0.131464 1.13906 0.028479
v -0.129983 1.13906 0.032054
vn 0.714955 0.197368 -0.670735
vn 0.706938 0.118093 -0.697347
vn 0.999975 -0.002312 0.006744
vt 0.446257 0.249206
vt 0.440381 0.248157
vt 0.440387 0.247305
f 343/343/343 344/344/344 345/345/345
v -0.129983 1.13906 0.032054
v -0.129983 1.1121 0.026713
v -0.131464 1.1121 0.023139
vn 0.999975 -0.002312 0.006744
vn 0.999857 -0.008093 0.014875
vn 0.714955 0.197368 -0.670735
vt 0.440387 0.247305
vt 0.446264 0.248354
vt 0.446257 0.249206
f 346/346/346 347/347/347 348/348/348
v -0.135038 1.1121 0.021658
v -0.135038 1.13906 0.026999
v -0.131464 1.13906 0.028479
vn -0.017664 0.286369 -0.957956
vn -0 0.168041 -0.98578
vn 0.706938 0.118093 -0.697347
vt 0.443959 0.219848
vt 0.437469 0.219848
vt 0.437469 0.218987
f 349/349/349 350/350/350 351/351/351
v -0.131464 1.13906 0.028479
v -0.131464 1.1121 0.023139
v -0.135038 1.1121 0.021658
vn 0.706938 0.118093 -0.697347
vn 0.714955 0.197368 -0.670735
vn -0.017664 0.286369 -0.957956
vt 0.437469 0.218987
vt 0.443959 0.218987
vt 0.443959 0.219848
f 352/352/352 353/353/353 354/354/354
v -0.138613 1.08514 0.014215
v -0.138613 1.1121 0.023139
v -0.135038 1.1121 0.021658
vn -0.856756 0.137656 -0.497012
vn -0.706072 0.180715 -0.684693
vn -0.017664 0.286369 -0.957956
vt 0.450448 0.220708
vt 0.443959 0.220708
vt 0.443959 0.219848
f 355/355/355 356/356/356 357/357/357
v -0.135038 1.1121 0.021658
v -0.135038 1.08461 0.009466
v -0.138613 1.08514 0.014215
vn -0.017664 0.286369 -0.957956
vn 0.019693 0.199143 -0.979773
vn -0.856756 0.137656 -0.497012
vt 0.443959 0.219848
vt 0.450575 0.219848
vt 0.450448 0.220708
f 358/358/358 359/359/359 360/360/360
v -0.140093 1.08514 0.01779
v -0.140093 1.1121 0.026713
v -0.138613 1.1121 0.023139
vn -0.998439 -0.055505 -0.006227
vn -0.999857 -0.008094 0.014874
vn -0.706072 0.180715 -0.684693
vt 0.453183 0.260774
vt 0.446958 0.262834
vt 0.446958 0.262009
f 361/361/361 362/362/362 363/363/363
v -0.138613 1.1121 0.023139
v -0.138613 1.08514 0.014215
v -0.140093 1.08514 0.01779
vn -0.706072 0.180715 -0.684693
vn -0.856756 0.137656 -0.497012
vn -0.998439 -0.055505 -0.006227
vt 0.446958 0.262009
vt 0.453183 0.259948
vt 0.453183 0.260774
f 364/364/364 365/365/365 366/366/366
v -0.138613 1.08514 0.021364
v -0.138613 1.1121 0.030288
v -0.140093 1.1121 0.026713
vn -0.670829 -0.310138 0.673649
vn -0.691364 -0.184238 0.698621
vn -0.999857 -0.008094 0.014874
vt 0.453183 0.261599
vt 0.446958 0.263659
vt 0.446958 0.262834
f 367/367/367 368/368/368 369/369/369
v -0.140093 1.1121 0.026713
v -0.140093 1.08514 0.01779
v -0.138613 1.08514 0.021364
vn -0.999857 -0.008094 0.014874
vn -0.998439 -0.055505 -0.006227
vn -0.670829 -0.310138 0.673649
vt 0.446958 0.262834
vt 0.453183 0.260774
vt 0.453183 0.261599
f 370/370/370 371/371/371 372/372/372
v -0.135038 1.08514 0.022845
v -0.135038 1.1121 0.031768
v -0.138613 1.1121 0.030288
vn -0.00524 -0.40484 0.914373
vn 1e-006 -0.251105 0.96796
vn -0.691364 -0.184238 0.698621
vt 0.451482 0.225853
vt 0.445245 0.225853
vt 0.445245 0.225026
f 373/373/373 374/374/374 375/375/375
v -0.138613 1.1121 0.030288
v -0.138613 1.08514 0.021364
v -0.135038 1.08514 0.022845
vn -0.691364 -0.184238 0.698621
vn -0.670829 -0.310138 0.673649
vn -0.00524 -0.40484 0.914373
vt 0.445245 0.225026
vt 0.451482 0.225026
vt 0.451482 0.225853
f 376/376/376 377/377/377 378/378/378
v -0.131464 1.08514 0.021364
v -0.131464 1.1121 0.030288
v -0.135038 1.1121 0.031768
vn 0.669098 -0.282773 0.687275
vn 0.691364 -0.184238 0.698621
vn 1e-006 -0.251105 0.96796
vt 0.451482 0.22668
vt 0.445245 0.22668
vt 0.445245 0.225853
f 379/379/379 380/380/380 381/381/381
v -0.135038 1.1121 0.031768
v -0.135038 1.08514 0.022845
v -0.131464 1.08514 0.021364
vn 1e-006 -0.251105 0.96796
vn -0.00524 -0.40484 0.914373
vn 0.669098 -0.282773 0.687275
vt 0.445245 0.225853
vt 0.451482 0.225853
vt 0.451482 0.22668
f 382/382/382 383/383/383 384/384/384
v -0.129983 1.08514 0.01779
v -0.129983 1.1121 0.026713
v -0.131464 1.1121 0.030288
vn 0.999866 -0.007166 -0.014696
vn 0.999857 -0.008093 0.014875
vn 0.691364 -0.184238 0.698621
vt 0.450515 0.240144
vt 0.444646 0.238271
vt 0.444646 0.237392
f 385/385/385 386/386/386 387/387/387
v -0.131464 1.1121 0.030288
v -0.131464 1.08514 0.021364
v -0.129983 1.08514 0.01779
vn 0.691364 -0.184238 0.698621
vn 0.669098 -0.282773 0.687275
vn 0.999866 -0.007166 -0.014696
vt 0.444646 0.237392
vt 0.450515 0.239265
vt 0.450515 0.240144
f 388/388/388 389/389/389 390/390/390
v -0.131464 1.08514 0.014215
v -0.131464 1.1121 0.023139
v -0.129983 1.1121 0.026713
vn 0.850088 0.118412 -0.513155
vn 0.714955 0.197368 -0.670735
vn 0.999857 -0.008093 0.014875
vt 0.450398 0.240766
vt 0.444529 0.238893
vt 0.444646 0.238271
f 391/391/391 392/392/392 393/393/393
v -0.129983 1.1121 0.026713
v -0.129983 1.08514 0.01779
v -0.131464 1.08514 0.014215
vn 0.999857 -0.008093 0.014875
vn 0.999866 -0.007166 -0.014696
vn 0.850088 0.118412 -0.513155
vt 0.444646 0.238271
vt 0.450515 0.240144
vt 0.450398 0.240766
f 394/394/394 395/395/395 396/396/396
v -0.135038 1.08461 0.009466
v -0.135038 1.1121 0.021658
v -0.131464 1.1121 0.023139
vn 0.019693 0.199143 -0.979773
vn -0.017664 0.286369 -0.957956
vn 0.714955 0.197368 -0.670735
vt 0.450575 0.219848
vt 0.443959 0.219848
vt 0.443959 0.218987
f 397/397/397 398/398/398 399/399/399
v -0.131464 1.1121 0.023139
v -0.131464 1.08514 0.014215
v -0.135038 1.08461 0.009466
vn 0.714955 0.197368 -0.670735
vn 0.850088 0.118412 -0.513155
vn 0.019693 0.199143 -0.979773
vt 0.443959 0.218987
vt 0.450448 0.218987
vt 0.450575 0.219848
f 400/400/400 401/401/401 402/402/402
v -0.138341 1.07669 0.012045
v -0.138613 1.08514 0.014215
v -0.135038 1.08461 0.009466
vn -0.787566 0.043939 -0.614662
vn -0.856756 0.137656 -0.497012
vn 0.019693 0.199143 -0.979773
vt 0.455133 0.259447
vt 0.453183 0.259948
vt 0.453305 0.258852
f 403/403/403 404/404/404 405/405/405
v -0.135038 1.08461 0.009466
v -0.135038 1.07544 0.009466
v -0.138341 1.07669 0.012045
vn 0.019693 0.199143 -0.979773
vn 0.037587 0.073141 -0.996613
vn -0.787566 0.043939 -0.614662
vt 0.453305 0.258852
vt 0.455422 0.258852
vt 0.455133 0.259447
f 406/406/406 407/407/407 408/408/408
v -0.139709 1.07919 0.01718
v -0.140093 1.08514 0.01779
v -0.138613 1.08514 0.014215
vn -0.997586 -0.031396 0.061936
vn -0.998439 -0.055505 -0.006227
vn -0.856756 0.137656 -0.497012
vt 0.454557 0.260633
vt 0.453183 0.260774
vt 0.453183 0.259948
f 409/409/409 410/410/410 411/411/411
v -0.138613 1.08514 0.014215
v -0.138341 1.07669 0.012045
v -0.139709 1.07919 0.01718
vn -0.856756 0.137656 -0.497012
vn -0.787566 0.043939 -0.614662
vn -0.997586 -0.031396 0.061936
vt 0.453183 0.259948
vt 0.455133 0.259447
vt 0.454557 0.260633
f 412/412/412 413/413/413 414/414/414
v -0.138341 1.07998 0.018657
v -0.138613 1.08514 0.021364
v -0.140093 1.08514 0.01779
vn -0.624043 -0.276056 0.731001
vn -0.670829 -0.310138 0.673649
vn -0.998439 -0.055505 -0.006227
vt 0.454375 0.260974
vt 0.453183 0.261599
vt 0.453183 0.260774
f 415/415/415 416/416/416 417/417/417
v -0.140093 1.08514 0.01779
v -0.139709 1.07919 0.01718
v -0.138341 1.07998 0.018657
vn -0.998439 -0.055505 -0.006227
vn -0.997586 -0.031396 0.061936
vn -0.624043 -0.276056 0.731001
vt 0.453183 0.260774
vt 0.454557 0.260633
vt 0.454375 0.260974
f 418/418/418 419/419/419 420/420/420
v -0.135038 1.08078 0.020161
v -0.135038 1.08514 0.022845
v -0.138613 1.08514 0.021364
vn -0.022694 -0.50884 0.860562
vn -0.00524 -0.40484 0.914373
vn -0.670829 -0.310138 0.673649
vt 0.452491 0.225853
vt 0.451482 0.225853
vt 0.451482 0.225026
f 421/421/421 422/422/422 423/423/423
v -0.138613 1.08514 0.021364
v -0.138341 1.07998 0.018657
v -0.135038 1.08078 0.020161
vn -0.670829 -0.310138 0.673649
vn -0.624043 -0.276056 0.731001
vn -0.022694 -0.50884 0.860562
vt 0.451482 0.225026
vt 0.452677 0.225089
vt 0.452491 0.225853
f 424/424/424 425/425/425 426/426/426
v -0.131736 1.07998 0.018657
v -0.131464 1.08514 0.021364
v -0.135038 1.08514 0.022845
vn 0.462372 -0.440226 0.769684
vn 0.669098 -0.282773 0.687275
vn -0.00524 -0.40484 0.914373
vt 0.452677 0.226617
vt 0.451482 0.22668
vt 0.451482 0.225853
f 427/427/427 428/428/428 429/429/429
v -0.135038 1.08514 0.022845
v -0.135038 1.08078 0.020161
v -0.131736 1.07998 0.018657
vn -0.00524 -0.40484 0.914373
vn -0.022694 -0.50884 0.860562
vn 0.462372 -0.440226 0.769684
vt 0.451482 0.225853
vt 0.452491 0.225853
vt 0.452677 0.226617
f 430/430/430 431/431/431 432/432/432
v -0.130368 1.07919 0.01718
v -0.129983 1.08514 0.01779
v -0.131464 1.08514 0.021364
vn 0.988092 -0.13917 0.065617
vn 0.999866 -0.007166 -0.014696
vn 0.669098 -0.282773 0.687275
vt 0.451818 0.240239
vt 0.450515 0.240144
vt 0.450515 0.239265
f 433/433/433 434/434/434 435/435/435
v -0.131464 1.08514 0.021364
v -0.131736 1.07998 0.018657
v -0.130368 1.07919 0.01718
vn 0.669098 -0.282773 0.687275
vn 0.462372 -0.440226 0.769684
vn 0.988092 -0.13917 0.065617
vt 0.450515 0.239265
vt 0.451612 0.23981
vt 0.451818 0.240239
f 436/436/436 437/437/437 438/438/438
v -0.131736 1.07669 0.012045
v -0.131464 1.08514 0.014215
v -0.129983 1.08514 0.01779
vn 0.712476 0.14091 -0.687403
vn 0.850088 0.118412 -0.513155
vn 0.999866 -0.007166 -0.014696
vt 0.452236 0.241198
vt 0.450398 0.240766
vt 0.450515 0.240144
f 439/439/439 440/440/440 441/441/441
v -0.129983 1.08514 0.01779
v -0.130368 1.07919 0.01718
v -0.131736 1.07669 0.012045
vn 0.999866 -0.007166 -0.014696
vn 0.988092 -0.13917 0.065617
vn 0.712476 0.14091 -0.687403
vt 0.450515 0.240144
vt 0.451818 0.240239
vt 0.452236 0.241198
f 442/442/442 443/443/443 444/444/444
v -0.135038 1.07544 0.009466
v -0.135038 1.08461 0.009466
v -0.131464 1.08514 0.014215
vn 0.037587 0.073141 -0.996613
vn 0.019693 0.199143 -0.979773
vn 0.850088 0.118412 -0.513155
vt 0.454539 0.252295
vt 0.45246 0.252295
vt 0.452319 0.250962
f 445/445/445 446/446/446 447/447/447
v -0.131464 1.08514 0.014215
v -0.131736 1.07669 0.012045
v -0.135038 1.07544 0.009466
vn 0.850088 0.118412 -0.513155
vn 0.712476 0.14091 -0.687403
vn 0.037587 0.073141 -0.996613
vt 0.452319 0.250962
vt 0.454218 0.251429
vt 0.454539 0.252295
f 448/448/448 449/449/449 450/450/450
v -0.139709 1.25487 0.014717
v -0.130368 1.25487 0.014717
v -0.131736 1.25761 0.012186
vn -0 0.678624 0.734486
vn -0 0.678624 0.734486
vn -0 0.678624 0.734486
vt 0.441769 0.240216
vt 0.442548 0.23831
vt 0.443212 0.238924
f 451/451/451 452/452/452 453/453/453
v -0.131736 1.25761 0.012186
v -0.135038 1.26259 0.009466
v -0.139709 1.25487 0.014717
vn 0.089909 0.522002 0.848192
vn 0.089909 0.522002 0.848192
vn 0.089909 0.522002 0.848192
vt 0.443212 0.238924
vt 0.444137 0.24003
vt 0.441769 0.240216
f 454/454/454 455/455/455 456/456/456
v -0.250169 1.24691 0.009466
v -0.253744 1.24691 0.014215
v -0.250169 1.26259 0.009466
vn -0.009229 -0.20035 -0.979681
vn -0.849256 -0.111837 -0.516001
vn -0.101846 -0.019217 -0.994614
vt 0.416016 0.241082
vt 0.416016 0.242441
vt 0.412432 0.241082
f 457/457/457 458/458/458 459/459/459
v -0.25484 1.25487 0.014717
v -0.250169 1.26259 0.009466
v -0.253744 1.24691 0.014215
vn -0.922408 0.329049 -0.202213
vn -0.101846 -0.019217 -0.994614
vn -0.849256 -0.111837 -0.516001
vt 0.414198 0.242683
vt 0.412432 0.241082
vt 0.416016 0.242441
f 460/460/460 461/461/461 462/462/462
v -0.253744 1.24691 0.014215
v -0.255225 1.24691 0.01779
v -0.25484 1.25487 0.014717
vn -0.849256 -0.111837 -0.516001
vn -0.999603 0.027828 0.004411
vn -0.922408 0.329049 -0.202213
vt 0.416016 0.242441
vt 0.416016 0.243297
vt 0.414198 0.242683
f 463/463/463 464/464/464 465/465/465
v -0.253744 1.24691 0.021364
v -0.245499 1.25487 0.014717
v -0.25484 1.25487 0.014717
vn -0.576161 0.410997 0.706484
vn 0.95749 0.285684 -0.039976
vn -0.922408 0.329049 -0.202213
vt 0.416913 0.221231
vt 0.414264 0.222793
vt 0.414518 0.220675
f 466/466/466 467/467/467 468/468/468
v -0.25484 1.25487 0.014717
v -0.255225 1.24691 0.01779
v -0.253744 1.24691 0.021364
vn -0.922408 0.329049 -0.202213
vn -0.999603 0.027828 0.004411
vn -0.576161 0.410997 0.706484
vt 0.414518 0.220675
vt 0.416454 0.220668
vt 0.416913 0.221231
f 469/469/469 470/470/470 471/471/471
v -0.245499 1.25487 0.014717
v -0.253744 1.24691 0.021364
v -0.250169 1.24676 0.022304
vn 0.95749 0.285684 -0.039976
vn -0.576161 0.410997 0.706484
vn 0.006315 0.523867 0.851776
vt 0.414264 0.222793
vt 0.416913 0.221231
vt 0.416975 0.222099
f 472/472/472 473/473/473 474/474/474
v -0.250169 1.24676 0.022304
v -0.250169 1.25028 0.018391
v -0.245499 1.25487 0.014717
vn 0.006315 0.523867 0.851776
vn 0.903232 -0.22099 0.367879
vn 0.95749 0.285684 -0.039976
vt 0.416975 0.222099
vt 0.415767 0.221901
vt 0.414264 0.222793
f 475/475/475 476/476/476 477/477/477
v -0.246595 1.24691 0.021364
v -0.245499 1.25487 0.014717
v -0.250169 1.25028 0.018391
vn 0.571097 0.413066 0.709383
vn 0.95749 0.285684 -0.039976
vn 0.903232 -0.22099 0.367879
vt 0.416719 0.222851
vt 0.414264 0.222793
vt 0.415767 0.221901
f 478/478/478 479/479/479 480/480/480
v -0.250169 1.25028 0.018391
v -0.250169 1.24676 0.022304
v -0.246595 1.24691 0.021364
vn 0.903232 -0.22099 0.367879
vn 0.006315 0.523867 0.851776
vn 0.571097 0.413066 0.709383
vt 0.415767 0.221901
vt 0.416975 0.222099
vt 0.416719 0.222851
f 481/481/481 482/482/482 483/483/483
v -0.246595 1.24691 0.021364
v -0.245114 1.24691 0.01779
v -0.245499 1.25487 0.014717
vn 0.571097 0.413066 0.709383
vn 0.999603 0.027828 0.004411
vn 0.95749 0.285684 -0.039976
vt 0.415833 0.256336
vt 0.415833 0.257161
vt 0.413995 0.257871
f 484/484/484 485/485/485 486/486/486
v -0.246595 1.24691 0.014215
v -0.246867 1.25761 0.012186
v -0.245499 1.25487 0.014717
vn 0.846781 -0.153891 -0.509195
vn 0.708968 -0.031816 -0.704523
vn 0.95749 0.285684 -0.039976
vt 0.415833 0.257987
vt 0.413363 0.258455
vt 0.413995 0.257871
f 487/487/487 488/488/488 489/489/489
v -0.245499 1.25487 0.014717
v -0.245114 1.24691 0.01779
v -0.246595 1.24691 0.014215
vn 0.95749 0.285684 -0.039976
vn 0.999603 0.027828 0.004411
vn 0.846781 -0.153891 -0.509195
vt 0.413995 0.257871
vt 0.415833 0.257161
vt 0.415833 0.257987
f 490/490/490 491/491/491 492/492/492
v -0.250169 1.24691 0.009466
v -0.250169 1.26259 0.009466
v -0.246867 1.25761 0.012186
vn -0.009229 -0.20035 -0.979681
vn -0.101846 -0.019217 -0.994614
vn 0.708968 -0.031816 -0.704523
vt 0.415833 0.259083
vt 0.412211 0.259083
vt 0.413363 0.258455
f 493/493/493 494/494/494 495/495/495
v -0.246867 1.25761 0.012186
v -0.246595 1.24691 0.014215
v -0.250169 1.24691 0.009466
vn 0.708968 -0.031816 -0.704523
vn 0.846781 -0.153891 -0.509195
vn -0.009229 -0.20035 -0.979681
vt 0.413363 0.258455
vt 0.415833 0.257987
vt 0.415833 0.259083
f 496/496/496 497/497/497 498/498/498
v -0.253744 1.21995 0.023139
v -0.253744 1.24691 0.014215
v -0.250169 1.24691 0.009466
vn -0.71561 -0.198516 -0.669697
vn -0.849256 -0.111837 -0.516001
vn -0.009229 -0.20035 -0.979681
vt 0.422178 0.24407
vt 0.416016 0.242441
vt 0.416016 0.241082
f 499/499/499 500/500/500 501/501/501
v -0.250169 1.24691 0.009466
v -0.250169 1.21995 0.021658
v -0.253744 1.21995 0.023139
vn -0.009229 -0.20035 -0.979681
vn 0.019011 -0.288443 -0.957308
vn -0.71561 -0.198516 -0.669697
vt 0.416016 0.241082
vt 0.422178 0.243308
vt 0.422178 0.24407
f 502/502/502 503/503/503 504/504/504
v -0.255224 1.21995 0.026713
v -0.255225 1.24691 0.01779
v -0.253744 1.24691 0.014215
vn -0.999857 0.008093 0.014874
vn -0.999603 0.027828 0.004411
vn -0.849256 -0.111837 -0.516001
vt 0.422178 0.244926
vt 0.416016 0.243297
vt 0.416016 0.242441
f 505/505/505 506/506/506 507/507/507
v -0.253744 1.24691 0.014215
v -0.253744 1.21995 0.023139
v -0.255224 1.21995 0.026713
vn -0.849256 -0.111837 -0.516001
vn -0.71561 -0.198516 -0.669697
vn -0.999857 0.008093 0.014874
vt 0.416016 0.242441
vt 0.422178 0.24407
vt 0.422178 0.244926
f 508/508/508 509/509/509 510/510/510
v -0.253744 1.21995 0.030288
v -0.253744 1.24691 0.021364
v -0.255225 1.24691 0.01779
vn -0.691366 0.184237 0.69862
vn -0.576161 0.410997 0.706484
vn -0.999603 0.027828 0.004411
vt 0.419126 0.233637
vt 0.413123 0.231816
vt 0.413123 0.230961
f 511/511/511 512/512/512 513/513/513
v -0.255225 1.24691 0.01779
v -0.255224 1.21995 0.026713
v -0.253744 1.21995 0.030288
vn -0.999603 0.027828 0.004411
vn -0.999857 0.008093 0.014874
vn -0.691366 0.184237 0.69862
vt 0.413123 0.230961
vt 0.419126 0.232782
vt 0.419126 0.233637
f 514/514/514 515/515/515 516/516/516
v -0.250169 1.21995 0.031768
v -0.250169 1.24676 0.022304
v -0.253744 1.24691 0.021364
vn 0.00242 0.255898 0.966701
vn 0.006315 0.523867 0.851776
vn -0.576161 0.410997 0.706484
vt 0.423342 0.222312
vt 0.416975 0.222099
vt 0.416913 0.221231
f 517/517/517 518/518/518 519/519/519
v -0.253744 1.24691 0.021364
v -0.253744 1.21995 0.030288
v -0.250169 1.21995 0.031768
vn -0.576161 0.410997 0.706484
vn -0.691366 0.184237 0.69862
vn 0.00242 0.255898 0.966701
vt 0.416913 0.221231
vt 0.423232 0.221408
vt 0.423342 0.222312
f 520/520/520 521/521/521 522/522/522
v -0.246595 1.21995 0.030288
v -0.246595 1.24691 0.021364
v -0.250169 1.24676 0.022304
vn 0.688956 0.18972 0.699532
vn 0.571097 0.413066 0.709383
vn 0.006315 0.523867 0.851776
vt 0.423038 0.223029
vt 0.416719 0.222851
vt 0.416975 0.222099
f 523/523/523 524/524/524 525/525/525
v -0.250169 1.24676 0.022304
v -0.250169 1.21995 0.031768
v -0.246595 1.21995 0.030288
vn 0.006315 0.523867 0.851776
vn 0.00242 0.255898 0.966701
vn 0.688956 0.18972 0.699532
vt 0.416975 0.222099
vt 0.423342 0.222312
vt 0.423038 0.223029
f 526/526/526 527/527/527 528/528/528
v -0.245114 1.21995 0.026713
v -0.245114 1.24691 0.01779
v -0.246595 1.24691 0.021364
vn 0.999857 0.008093 0.014875
vn 0.999603 0.027828 0.004411
vn 0.571097 0.413066 0.709383
vt 0.422058 0.255101
vt 0.415833 0.257161
vt 0.415833 0.256336
f 529/529/529 530/530/530 531/531/531
v -0.246595 1.24691 0.021364
v -0.246595 1.21995 0.030288
v -0.245114 1.21995 0.026713
vn 0.571097 0.413066 0.709383
vn 0.688956 0.18972 0.699532
vn 0.999857 0.008093 0.014875
vt 0.415833 0.256336
vt 0.422058 0.254276
vt 0.422058 0.255101
f 532/532/532 533/533/533 534/534/534
v -0.246595 1.21995 0.023139
v -0.246595 1.24691 0.014215
v -0.245114 1.24691 0.01779
vn 0.706072 -0.180715 -0.684693
vn 0.846781 -0.153891 -0.509195
vn 0.999603 0.027828 0.004411
vt 0.422058 0.255926
vt 0.415833 0.257987
vt 0.415833 0.257161
f 535/535/535 536/536/536 537/537/537
v -0.245114 1.24691 0.01779
v -0.245114 1.21995 0.026713
v -0.246595 1.21995 0.023139
vn 0.999603 0.027828 0.004411
vn 0.999857 0.008093 0.014875
vn 0.706072 -0.180715 -0.684693
vt 0.415833 0.257161
vt 0.422058 0.255101
vt 0.422058 0.255926
f 538/538/538 539/539/539 540/540/540
v -0.250169 1.21995 0.021658
v -0.250169 1.24691 0.009466
v -0.246595 1.24691 0.014215
vn 0.019011 -0.288443 -0.957308
vn -0.009229 -0.20035 -0.979681
vn 0.846781 -0.153891 -0.509195
vt 0.418853 0.229065
vt 0.412253 0.230923
vt 0.412334 0.229574
f 541/541/541 542/542/542 543/543/543
v -0.246595 1.24691 0.014215
v -0.246595 1.21995 0.023139
v -0.250169 1.21995 0.021658
vn 0.846781 -0.153891 -0.509195
vn 0.706072 -0.180715 -0.684693
vn 0.019011 -0.288443 -0.957308
vt 0.412334 0.229574
vt 0.418772 0.228215
vt 0.418853 0.229065
f 544/544/544 545/545/545 546/546/546
v -0.253744 1.19299 0.028479
v -0.253744 1.21995 0.023139
v -0.250169 1.21995 0.021658
vn -0.706939 -0.118093 -0.697346
vn -0.71561 -0.198516 -0.669697
vn 0.019011 -0.288443 -0.957308
vt 0.428339 0.245045
vt 0.422178 0.24407
vt 0.422178 0.243308
f 547/547/547 548/548/548 549/549/549
v -0.250169 1.21995 0.021658
v -0.250169 1.19299 0.026999
v -0.253744 1.19299 0.028479
vn 0.019011 -0.288443 -0.957308
vn 0 -0.168041 -0.98578
vn -0.706939 -0.118093 -0.697346
vt 0.422178 0.243308
vt 0.428339 0.244283
vt 0.428339 0.245045
f 550/550/550 551/551/551 552/552/552
v -0.255224 1.19299 0.032054
v -0.255224 1.21995 0.026713
v -0.253744 1.21995 0.023139
vn -0.999975 0.002312 0.006744
vn -0.999857 0.008093 0.014874
vn -0.71561 -0.198516 -0.669697
vt 0.428339 0.245901
vt 0.422178 0.244926
vt 0.422178 0.24407
f 553/553/553 554/554/554 555/555/555
v -0.253744 1.21995 0.023139
v -0.253744 1.19299 0.028479
v -0.255224 1.19299 0.032054
vn -0.71561 -0.198516 -0.669697
vn -0.706939 -0.118093 -0.697346
vn -0.999975 0.002312 0.006744
vt 0.422178 0.24407
vt 0.428339 0.245045
vt 0.428339 0.245901
f 556/556/556 557/557/557 558/558/558
v -0.253744 1.19299 0.035629
v -0.253744 1.21995 0.030288
v -0.255224 1.21995 0.026713
vn -0.700223 0.119187 0.703905
vn -0.691366 0.184237 0.69862
vn -0.999857 0.008093 0.014874
vt 0.425091 0.234727
vt 0.419126 0.233637
vt 0.419126 0.232782
f 559/559/559 560/560/560 561/561/561
v -0.255224 1.21995 0.026713
v -0.255224 1.19299 0.032054
v -0.253744 1.19299 0.035629
vn -0.999857 0.008093 0.014874
vn -0.999975 0.002312 0.006744
vn -0.700223 0.119187 0.703905
vt 0.419126 0.232782
vt 0.425091 0.233872
vt 0.425091 0.234727
f 562/562/562 563/563/563 564/564/564
v -0.250169 1.19299 0.037109
v -0.250169 1.21995 0.031768
v -0.253744 1.21995 0.030288
vn 0 0.165805 0.986158
vn 0.00242 0.255898 0.966701
vn -0.691366 0.184237 0.69862
vt 0.42916 0.222262
vt 0.423342 0.222312
vt 0.423232 0.221408
f 565/565/565 566/566/566 567/567/567
v -0.253744 1.21995 0.030288
v -0.253744 1.19299 0.035629
v -0.250169 1.19299 0.037109
vn -0.691366 0.184237 0.69862
vn -0.700223 0.119187 0.703905
vn 0 0.165805 0.986158
vt 0.423232 0.221408
vt 0.42905 0.221358
vt 0.42916 0.222262
f 568/568/568 569/569/569 570/570/570
v -0.246595 1.19299 0.035629
v -0.246595 1.21995 0.030288
v -0.250169 1.21995 0.031768
vn 0.700221 0.119187 0.703907
vn 0.688956 0.18972 0.699532
vn 0.00242 0.255898 0.966701
vt 0.418974 0.224379
vt 0.412821 0.22507
vt 0.412788 0.224199
f 571/571/571 572/572/572 573/573/573
v -0.250169 1.21995 0.031768
v -0.250169 1.19299 0.037109
v -0.246595 1.19299 0.035629
vn 0.00242 0.255898 0.966701
vn 0 0.165805 0.986158
vn 0.700221 0.119187 0.703907
vt 0.412788 0.224199
vt 0.418942 0.223508
vt 0.418974 0.224379
f 574/574/574 575/575/575 576/576/576
v -0.245114 1.19299 0.032054
v -0.245114 1.21995 0.026713
v -0.246595 1.21995 0.030288
vn 0.999975 0.002313 0.006743
vn 0.999857 0.008093 0.014875
vn 0.688956 0.18972 0.699532
vt 0.428282 0.253868
vt 0.422058 0.255101
vt 0.422058 0.254276
f 577/577/577 578/578/578 579/579/579
v -0.246595 1.21995 0.030288
v -0.246595 1.19299 0.035629
v -0.245114 1.19299 0.032054
vn 0.688956 0.18972 0.699532
vn 0.700221 0.119187 0.703907
vn 0.999975 0.002313 0.006743
vt 0.422058 0.254276
vt 0.428282 0.253043
vt 0.428282 0.253868
f 580/580/580 581/581/581 582/582/582
v -0.246595 1.19299 0.028479
v -0.246595 1.21995 0.023139
v -0.245114 1.21995 0.026713
vn 0.706937 -0.118093 -0.697348
vn 0.706072 -0.180715 -0.684693
vn 0.999857 0.008093 0.014875
vt 0.428282 0.254693
vt 0.422058 0.255926
vt 0.422058 0.255101
f 583/583/583 584/584/584 585/585/585
v -0.245114 1.21995 0.026713
v -0.245114 1.19299 0.032054
v -0.246595 1.19299 0.028479
vn 0.999857 0.008093 0.014875
vn 0.999975 0.002313 0.006743
vn 0.706937 -0.118093 -0.697348
vt 0.422058 0.255101
vt 0.428282 0.253868
vt 0.428282 0.254693
f 586/586/586 587/587/587 588/588/588
v -0.250169 1.19299 0.026999
v -0.250169 1.21995 0.021658
v -0.246595 1.21995 0.023139
vn 0 -0.168041 -0.98578
vn 0.019011 -0.288443 -0.957308
vn 0.706072 -0.180715 -0.684693
vt 0.425114 0.228252
vt 0.418853 0.229065
vt 0.418772 0.228215
f 589/589/589 590/590/590 591/591/591
v -0.246595 1.21995 0.023139
v -0.246595 1.19299 0.028479
v -0.250169 1.19299 0.026999
vn 0.706072 -0.180715 -0.684693
vn 0.706937 -0.118093 -0.697348
vn 0 -0.168041 -0.98578
vt 0.418772 0.228215
vt 0.425033 0.227401
vt 0.425114 0.228252
f 592/592/592 593/593/593 594/594/594
v -0.253744 1.16603 0.032274
v -0.253744 1.19299 0.028479
v -0.250169 1.19299 0.026999
vn -0.724508 -0 -0.689267
vn -0.706939 -0.118093 -0.697346
vn 0 -0.168041 -0.98578
vt 0.4345 0.245738
vt 0.428339 0.245045
vt 0.428339 0.244283
f 595/595/595 596/596/596 597/597/597
v -0.250169 1.19299 0.026999
v -0.250169 1.16603 0.030794
v -0.253744 1.16603 0.032274
vn 0 -0.168041 -0.98578
vn -1e-006 -0 -1
vn -0.724508 -0 -0.689267
vt 0.428339 0.244283
vt 0.4345 0.244976
vt 0.4345 0.245738
f 598/598/598 599/599/599 600/600/600
v -0.255224 1.16603 0.035849
v -0.255224 1.19299 0.032054
v -0.253744 1.19299 0.028479
vn -0.999421 -0 0.034032
vn -0.999975 0.002312 0.006744
vn -0.706939 -0.118093 -0.697346
vt 0.4345 0.246594
vt 0.428339 0.245901
vt 0.428339 0.245045
f 601/601/601 602/602/602 603/603/603
v -0.253744 1.19299 0.028479
v -0.253744 1.16603 0.032274
v -0.255224 1.16603 0.035849
vn -0.706939 -0.118093 -0.697346
vn -0.724508 -0 -0.689267
vn -0.999421 -0 0.034032
vt 0.428339 0.245045
vt 0.4345 0.245738
vt 0.4345 0.246594
f 604/604/604 605/605/605 606/606/606
v -0.253744 1.16603 0.039424
v -0.253744 1.19299 0.035629
v -0.255224 1.19299 0.032054
vn -0.690499 -0 0.723334
vn -0.700223 0.119187 0.703905
vn -0.999975 0.002312 0.006744
vt 0.431039 0.235501
vt 0.425091 0.234727
vt 0.425091 0.233872
f 607/607/607 608/608/608 609/609/609
v -0.255224 1.19299 0.032054
v -0.255224 1.16603 0.035849
v -0.253744 1.16603 0.039424
vn -0.999975 0.002312 0.006744
vn -0.999421 -0 0.034032
vn -0.690499 -0 0.723334
vt 0.425091 0.233872
vt 0.431039 0.234647
vt 0.431039 0.235501
f 610/610/610 611/611/611 612/612/612
v -0.250169 1.16603 0.040904
v -0.250169 1.19299 0.037109
v -0.253744 1.19299 0.035629
vn -1e-006 0 1
vn 0 0.165805 0.986158
vn -0.700223 0.119187 0.703905
vt 0.434762 0.222114
vt 0.42916 0.222262
vt 0.42905 0.221358
f 613/613/613 614/614/614 615/615/615
v -0.253744 1.19299 0.035629
v -0.253744 1.16603 0.039424
v -0.250169 1.16603 0.040904
vn -0.700223 0.119187 0.703905
vn -0.690499 -0 0.723334
vn -1e-006 0 1
vt 0.42905 0.221358
vt 0.434652 0.221209
vt 0.434762 0.222114
f 616/616/616 617/617/617 618/618/618
v -0.246595 1.16603 0.039424
v -0.246595 1.19299 0.035629
v -0.250169 1.19299 0.037109
vn 0.690498 0 0.723335
vn 0.700221 0.119187 0.703907
vn 0 0.165805 0.986158
vt 0.425075 0.223824
vt 0.418974 0.224379
vt 0.418942 0.223508
f 619/619/619 620/620/620 621/621/621
v -0.250169 1.19299 0.037109
v -0.250169 1.16603 0.040904
v -0.246595 1.16603 0.039424
vn 0 0.165805 0.986158
vn -1e-006 0 1
vn 0.690498 0 0.723335
vt 0.418942 0.223508
vt 0.425043 0.222953
vt 0.425075 0.223824
f 622/622/622 623/623/623 624/624/624
v -0.245114 1.16603 0.035849
v -0.245114 1.19299 0.032054
v -0.246595 1.19299 0.035629
vn 0.999421 -0 0.034032
vn 0.999975 0.002313 0.006743
vn 0.700221 0.119187 0.703907
vt 0.434507 0.252992
vt 0.428282 0.253868
vt 0.428282 0.253043
f 625/625/625 626/626/626 627/627/627
v -0.246595 1.19299 0.035629
v -0.246595 1.16603 0.039424
v -0.245114 1.16603 0.035849
vn 0.700221 0.119187 0.703907
vn 0.690498 0 0.723335
vn 0.999421 -0 0.034032
vt 0.428282 0.253043
vt 0.434507 0.252166
vt 0.434507 0.252992
f 628/628/628 629/629/629 630/630/630
v -0.246595 1.16603 0.032274
v -0.246595 1.19299 0.028479
v -0.245114 1.19299 0.032054
vn 0.724507 -0 -0.689267
vn 0.706937 -0.118093 -0.697348
vn 0.999975 0.002313 0.006743
vt 0.434507 0.253817
vt 0.428282 0.254693
vt 0.428282 0.253868
f 631/631/631 632/632/632 633/633/633
v -0.245114 1.19299 0.032054
v -0.245114 1.16603 0.035849
v -0.246595 1.16603 0.032274
vn 0.999975 0.002313 0.006743
vn 0.999421 -0 0.034032
vn 0.724507 -0 -0.689267
vt 0.428282 0.253868
vt 0.434507 0.252992
vt 0.434507 0.253817
f 634/634/634 635/635/635 636/636/636
v -0.250169 1.16603 0.030794
v -0.250169 1.19299 0.026999
v -0.246595 1.19299 0.028479
vn -1e-006 -0 -1
vn 0 -0.168041 -0.98578
vn 0.706937 -0.118093 -0.697348
vt 0.431299 0.227673
vt 0.425114 0.228252
vt 0.425033 0.227401
f 637/637/637 638/638/638 639/639/639
v -0.246595 1.19299 0.028479
v -0.246595 1.16603 0.032274
v -0.250169 1.16603 0.030794
vn 0.706937 -0.118093 -0.697348
vn 0.724507 -0 -0.689267
vn -1e-006 -0 -1
vt 0.425033 0.227401
vt 0.431218 0.226823
vt 0.431299 0.227673
f 640/640/640 641/641/641 642/642/642
v -0.253744 1.13906 0.028479
v -0.253744 1.16603 0.032274
v -0.250169 1.16603 0.030794
vn -0.706937 0.118093 -0.697348
vn -0.724508 -0 -0.689267
vn -1e-006 -0 -1
vt 0.440662 0.245045
vt 0.4345 0.245738
vt 0.4345 0.244976
f 643/643/643 644/644/644 645/645/645
v -0.250169 1.16603 0.030794
v -0.250169 1.13906 0.026999
v -0.253744 1.13906 0.028479
vn -1e-006 -0 -1
vn 2e-006 0.16804 -0.98578
vn -0.706937 0.118093 -0.697348
vt 0.4345 0.244976
vt 0.440662 0.244283
vt 0.440662 0.245045
f 646/646/646 647/647/647 648/648/648
v -0.255224 1.13906 0.032054
v -0.255224 1.16603 0.035849
v -0.253744 1.16603 0.032274
vn -0.999975 -0.002313 0.006743
vn -0.999421 -0 0.034032
vn -0.724508 -0 -0.689267
vt 0.440662 0.245901
vt 0.4345 0.246594
vt 0.4345 0.245738
f 649/649/649 650/650/650 651/651/651
v -0.253744 1.16603 0.032274
v -0.253744 1.13906 0.028479
v -0.255224 1.13906 0.032054
vn -0.724508 -0 -0.689267
vn -0.706937 0.118093 -0.697348
vn -0.999975 -0.002313 0.006743
vt 0.4345 0.245738
vt 0.440662 0.245045
vt 0.440662 0.245901
f 652/652/652 653/653/653 654/654/654
v -0.253744 1.13906 0.035629
v -0.253744 1.16603 0.039424
v -0.255224 1.16603 0.035849
vn -0.700221 -0.119187 0.703907
vn -0.690499 -0 0.723334
vn -0.999421 -0 0.034032
vt 0.436907 0.234727
vt 0.431039 0.235501
vt 0.431039 0.234647
f 655/655/655 656/656/656 657/657/657
v -0.255224 1.16603 0.035849
v -0.255224 1.13906 0.032054
v -0.253744 1.13906 0.035629
vn -0.999421 -0 0.034032
vn -0.999975 -0.002313 0.006743
vn -0.700221 -0.119187 0.703907
vt 0.431039 0.234647
vt 0.436907 0.233872
vt 0.436907 0.234727
f 658/658/658 659/659/659 660/660/660
v -0.250169 1.13906 0.037109
v -0.250169 1.16603 0.040904
v -0.253744 1.16603 0.039424
vn 2e-006 -0.165805 0.986159
vn -1e-006 0 1
vn -0.690499 -0 0.723334
vt 0.439304 0.221484
vt 0.434762 0.222114
vt 0.434652 0.221209
f 661/661/661 662/662/662 663/663/663
v -0.253744 1.16603 0.039424
v -0.253744 1.13906 0.035629
v -0.250169 1.13906 0.037109
vn -0.690499 -0 0.723334
vn -0.700221 -0.119187 0.703907
vn 2e-006 -0.165805 0.986159
vt 0.434652 0.221209
vt 0.439194 0.220579
vt 0.439304 0.221484
f 664/664/664 665/665/665 666/666/666
v -0.246595 1.13906 0.035629
v -0.246595 1.16603 0.039424
v -0.250169 1.16603 0.040904
vn 0.700222 -0.119187 0.703906
vn 0.690498 0 0.723335
vn -1e-006 0 1
vt 0.430916 0.223933
vt 0.425075 0.223824
vt 0.425043 0.222953
f 667/667/667 668/668/668 669/669/669
v -0.250169 1.16603 0.040904
v -0.250169 1.13906 0.037109
v -0.246595 1.13906 0.035629
vn -1e-006 0 1
vn 2e-006 -0.165805 0.986159
vn 0.700222 -0.119187 0.703906
vt 0.425043 0.222953
vt 0.430884 0.223062
vt 0.430916 0.223933
f 670/670/670 671/671/671 672/672/672
v -0.245114 1.13906 0.032054
v -0.245114 1.16603 0.035849
v -0.246595 1.16603 0.039424
vn 0.999975 -0.002313 0.006744
vn 0.999421 -0 0.034032
vn 0.690498 0 0.723335
vt 0.440732 0.253868
vt 0.434507 0.252992
vt 0.434507 0.252166
f 673/673/673 674/674/674 675/675/675
v -0.246595 1.16603 0.039424
v -0.246595 1.13906 0.035629
v -0.245114 1.13906 0.032054
vn 0.690498 0 0.723335
vn 0.700222 -0.119187 0.703906
vn 0.999975 -0.002313 0.006744
vt 0.434507 0.252166
vt 0.440732 0.253043
vt 0.440732 0.253868
f 676/676/676 677/677/677 678/678/678
v -0.246595 1.13906 0.028479
v -0.246595 1.16603 0.032274
v -0.245114 1.16603 0.035849
vn 0.706938 0.118093 -0.697347
vn 0.724507 -0 -0.689267
vn 0.999421 -0 0.034032
vt 0.440732 0.254693
vt 0.434507 0.253817
vt 0.434507 0.252992
f 679/679/679 680/680/680 681/681/681
v -0.245114 1.16603 0.035849
v -0.245114 1.13906 0.032054
v -0.246595 1.13906 0.028479
vn 0.999421 -0 0.034032
vn 0.999975 -0.002313 0.006744
vn 0.706938 0.118093 -0.697347
vt 0.434507 0.252992
vt 0.440732 0.253868
vt 0.440732 0.254693
f 682/682/682 683/683/683 684/684/684
v -0.250169 1.13906 0.026999
v -0.250169 1.16603 0.030794
v -0.246595 1.16603 0.032274
vn 2e-006 0.16804 -0.98578
vn -1e-006 -0 -1
vn 0.724507 -0 -0.689267
vt 0.437108 0.228252
vt 0.431299 0.227673
vt 0.431218 0.226823
f 685/685/685 686/686/686 687/687/687
v -0.246595 1.16603 0.032274
v -0.246595 1.13906 0.028479
v -0.250169 1.13906 0.026999
vn 0.724507 -0 -0.689267
vn 0.706938 0.118093 -0.697347
vn 2e-006 0.16804 -0.98578
vt 0.431218 0.226823
vt 0.437027 0.227401
vt 0.437108 0.228252
f 688/688/688 689/689/689 690/690/690
v -0.253744 1.1121 0.023139
v -0.253744 1.13906 0.028479
v -0.250169 1.13906 0.026999
vn -0.706071 0.180715 -0.684694
vn -0.706937 0.118093 -0.697348
vn 2e-006 0.16804 -0.98578
vt 0.446823 0.24407
vt 0.440662 0.245045
vt 0.440662 0.244283
f 691/691/691 692/692/692 693/693/693
v -0.250169 1.13906 0.026999
v -0.250169 1.1121 0.021658
v -0.253744 1.1121 0.023139
vn 2e-006 0.16804 -0.98578
vn -0.017664 0.286369 -0.957956
vn -0.706071 0.180715 -0.684694
vt 0.440662 0.244283
vt 0.446823 0.243308
vt 0.446823 0.24407
f 694/694/694 695/695/695 696/696/696
v -0.255224 1.1121 0.026713
v -0.255224 1.13906 0.032054
v -0.253744 1.13906 0.028479
vn -0.999857 -0.008093 0.014874
vn -0.999975 -0.002313 0.006743
vn -0.706937 0.118093 -0.697348
vt 0.446823 0.244926
vt 0.440662 0.245901
vt 0.440662 0.245045
f 697/697/697 698/698/698 699/699/699
v -0.253744 1.13906 0.028479
v -0.253744 1.1121 0.023139
v -0.255224 1.1121 0.026713
vn -0.706937 0.118093 -0.697348
vn -0.706071 0.180715 -0.684694
vn -0.999857 -0.008093 0.014874
vt 0.440662 0.245045
vt 0.446823 0.24407
vt 0.446823 0.244926
f 700/700/700 701/701/701 702/702/702
v -0.253744 1.1121 0.030288
v -0.253744 1.13906 0.035629
v -0.255224 1.13906 0.032054
vn -0.691364 -0.184238 0.698621
vn -0.700221 -0.119187 0.703907
vn -0.999975 -0.002313 0.006743
vt 0.442759 0.233637
vt 0.436907 0.234727
vt 0.436907 0.233872
f 703/703/703 704/704/704 705/705/705
v -0.255224 1.13906 0.032054
v -0.255224 1.1121 0.026713
v -0.253744 1.1121 0.030288
vn -0.999975 -0.002313 0.006743
vn -0.999857 -0.008093 0.014874
vn -0.691364 -0.184238 0.698621
vt 0.436907 0.233872
vt 0.442759 0.232782
vt 0.442759 0.233637
f 706/706/706 707/707/707 708/708/708
v -0.250169 1.1121 0.031768
v -0.250169 1.13906 0.037109
v -0.253744 1.13906 0.035629
vn 1e-006 -0.251105 0.96796
vn 2e-006 -0.165805 0.986159
vn -0.700221 -0.119187 0.703907
vt 0.428679 0.229433
vt 0.434725 0.229683
vt 0.434627 0.230529
f 709/709/709 710/710/710 711/711/711
v -0.253744 1.13906 0.035629
v -0.253744 1.1121 0.030288
v -0.250169 1.1121 0.031768
vn -0.700221 -0.119187 0.703907
vn -0.691364 -0.184238 0.698621
vn 1e-006 -0.251105 0.96796
vt 0.434627 0.230529
vt 0.42858 0.230279
vt 0.428679 0.229433
f 712/712/712 713/713/713 714/714/714
v -0.246595 1.1121 0.030288
v -0.246595 1.13906 0.035629
v -0.250169 1.13906 0.037109
vn 0.691365 -0.184238 0.698621
vn 0.700222 -0.119187 0.703906
vn 2e-006 -0.165805 0.986159
vt 0.436705 0.224177
vt 0.430916 0.223933
vt 0.430884 0.223062
f 715/715/715 716/716/716 717/717/717
v -0.250169 1.13906 0.037109
v -0.250169 1.1121 0.031768
v -0.246595 1.1121 0.030288
vn 2e-006 -0.165805 0.986159
vn 1e-006 -0.251105 0.96796
vn 0.691365 -0.184238 0.698621
vt 0.430884 0.223062
vt 0.436672 0.223306
vt 0.436705 0.224177
f 718/718/718 719/719/719 720/720/720
v -0.245114 1.1121 0.026713
v -0.245114 1.13906 0.032054
v -0.246595 1.13906 0.035629
vn 0.999857 -0.008094 0.014877
vn 0.999975 -0.002313 0.006744
vn 0.700222 -0.119187 0.703906
vt 0.446957 0.255101
vt 0.440732 0.253868
vt 0.440732 0.253043
f 721/721/721 722/722/722 723/723/723
v -0.246595 1.13906 0.035629
v -0.246595 1.1121 0.030288
v -0.245114 1.1121 0.026713
vn 0.700222 -0.119187 0.703906
vn 0.691365 -0.184238 0.698621
vn 0.999857 -0.008094 0.014877
vt 0.440732 0.253043
vt 0.446957 0.254276
vt 0.446957 0.255101
f 724/724/724 725/725/725 726/726/726
v -0.246595 1.1121 0.023139
v -0.246595 1.13906 0.028479
v -0.245114 1.13906 0.032054
vn 0.714957 0.197367 -0.670733
vn 0.706938 0.118093 -0.697347
vn 0.999975 -0.002313 0.006744
vt 0.446957 0.255926
vt 0.440732 0.254693
vt 0.440732 0.253868
f 727/727/727 728/728/728 729/729/729
v -0.245114 1.13906 0.032054
v -0.245114 1.1121 0.026713
v -0.246595 1.1121 0.023139
vn 0.999975 -0.002313 0.006744
vn 0.999857 -0.008094 0.014877
vn 0.714957 0.197367 -0.670733
vt 0.440732 0.253868
vt 0.446957 0.255101
vt 0.446957 0.255926
f 730/730/730 731/731/731 732/732/732
v -0.250169 1.1121 0.021658
v -0.250169 1.13906 0.026999
v -0.246595 1.13906 0.028479
vn -0.017664 0.286369 -0.957956
vn 2e-006 0.16804 -0.98578
vn 0.706938 0.118093 -0.697347
vt 0.44284 0.229065
vt 0.437108 0.228252
vt 0.437027 0.227401
f 733/733/733 734/734/734 735/735/735
v -0.246595 1.13906 0.028479
v -0.246595 1.1121 0.023139
v -0.250169 1.1121 0.021658
vn 0.706938 0.118093 -0.697347
vn 0.714957 0.197367 -0.670733
vn -0.017664 0.286369 -0.957956
vt 0.437027 0.227401
vt 0.442759 0.228215
vt 0.44284 0.229065
f 736/736/736 737/737/737 738/738/738
v -0.253744 1.08514 0.014215
v -0.253744 1.1121 0.023139
v -0.250169 1.1121 0.021658
vn -0.856755 0.137655 -0.497013
vn -0.706071 0.180715 -0.684694
vn -0.017664 0.286369 -0.957956
vt 0.452984 0.242441
vt 0.446823 0.24407
vt 0.446823 0.243308
f 739/739/739 740/740/740 741/741/741
v -0.250169 1.1121 0.021658
v -0.250169 1.08461 0.009466
v -0.253744 1.08514 0.014215
vn -0.017664 0.286369 -0.957956
vn 0.019692 0.199143 -0.979773
vn -0.856755 0.137655 -0.497013
vt 0.446823 0.243308
vt 0.453105 0.241082
vt 0.452984 0.242441
f 742/742/742 743/743/743 744/744/744
v -0.255224 1.08514 0.01779
v -0.255224 1.1121 0.026713
v -0.253744 1.1121 0.023139
vn -0.998439 -0.055506 -0.006228
vn -0.999857 -0.008093 0.014874
vn -0.706071 0.180715 -0.684694
vt 0.452984 0.243297
vt 0.446823 0.244926
vt 0.446823 0.24407
f 745/745/745 746/746/746 747/747/747
v -0.253744 1.1121 0.023139
v -0.253744 1.08514 0.014215
v -0.255224 1.08514 0.01779
vn -0.706071 0.180715 -0.684694
vn -0.856755 0.137655 -0.497013
vn -0.998439 -0.055506 -0.006228
vt 0.446823 0.24407
vt 0.452984 0.242441
vt 0.452984 0.243297
f 748/748/748 749/749/749 750/750/750
v -0.253744 1.08514 0.021364
v -0.253744 1.1121 0.030288
v -0.255224 1.1121 0.026713
vn -0.670828 -0.310137 0.67365
vn -0.691364 -0.184238 0.698621
vn -0.999857 -0.008093 0.014874
vt 0.448572 0.231816
vt 0.442759 0.233637
vt 0.442759 0.232782
f 751/751/751 752/752/752 753/753/753
v -0.255224 1.1121 0.026713
v -0.255224 1.08514 0.01779
v -0.253744 1.08514 0.021364
vn -0.999857 -0.008093 0.014874
vn -0.998439 -0.055506 -0.006228
vn -0.670828 -0.310137 0.67365
vt 0.442759 0.232782
vt 0.448572 0.230961
vt 0.448572 0.231816
f 754/754/754 755/755/755 756/756/756
v -0.250169 1.08514 0.022845
v -0.250169 1.1121 0.031768
v -0.253744 1.1121 0.030288
vn -0.005241 -0.40484 0.914373
vn 1e-006 -0.251105 0.96796
vn -0.691364 -0.184238 0.698621
vt 0.422467 0.229467
vt 0.428679 0.229433
vt 0.42858 0.230279
f 757/757/757 758/758/758 759/759/759
v -0.253744 1.1121 0.030288
v -0.253744 1.08514 0.021364
v -0.250169 1.08514 0.022845
vn -0.691364 -0.184238 0.698621
vn -0.670828 -0.310137 0.67365
vn -0.005241 -0.40484 0.914373
vt 0.42858 0.230279
vt 0.422368 0.230313
vt 0.422467 0.229467
f 760/760/760 761/761/761 762/762/762
v -0.246595 1.08514 0.021364
v -0.246595 1.1121 0.030288
v -0.250169 1.1121 0.031768
vn 0.669098 -0.282774 0.687275
vn 0.691365 -0.184238 0.698621
vn 1e-006 -0.251105 0.96796
vt 0.44237 0.224735
vt 0.436705 0.224177
vt 0.436672 0.223306
f 763/763/763 764/764/764 765/765/765
v -0.250169 1.1121 0.031768
v -0.250169 1.08514 0.022845
v -0.246595 1.08514 0.021364
vn 1e-006 -0.251105 0.96796
vn -0.005241 -0.40484 0.914373
vn 0.669098 -0.282774 0.687275
vt 0.436672 0.223306
vt 0.442338 0.223864
vt 0.44237 0.224735
f 766/766/766 767/767/767 768/768/768
v -0.245114 1.08514 0.01779
v -0.245114 1.1121 0.026713
v -0.246595 1.1121 0.030288
vn 0.999866 -0.007167 -0.014695
vn 0.999857 -0.008094 0.014877
vn 0.691365 -0.184238 0.698621
vt 0.453182 0.257161
vt 0.446957 0.255101
vt 0.446957 0.254276
f 769/769/769 770/770/770 771/771/771
v -0.246595 1.1121 0.030288
v -0.246595 1.08514 0.021364
v -0.245114 1.08514 0.01779
vn 0.691365 -0.184238 0.698621
vn 0.669098 -0.282774 0.687275
vn 0.999866 -0.007167 -0.014695
vt 0.446957 0.254276
vt 0.453182 0.256336
vt 0.453182 0.257161
f 772/772/772 773/773/773 774/774/774
v -0.246595 1.08514 0.014215
v -0.246595 1.1121 0.023139
v -0.245114 1.1121 0.026713
vn 0.850088 0.118412 -0.513156
vn 0.714957 0.197367 -0.670733
vn 0.999857 -0.008094 0.014877
vt 0.453182 0.257987
vt 0.446957 0.255926
vt 0.446957 0.255101
f 775/775/775 776/776/776 777/777/777
v -0.245114 1.1121 0.026713
v -0.245114 1.08514 0.01779
v -0.246595 1.08514 0.014215
vn 0.999857 -0.008094 0.014877
vn 0.999866 -0.007167 -0.014695
vn 0.850088 0.118412 -0.513156
vt 0.446957 0.255101
vt 0.453182 0.257161
vt 0.453182 0.257987
f 778/778/778 779/779/779 780/780/780
v -0.250169 1.08461 0.009466
v -0.250169 1.1121 0.021658
v -0.246595 1.1121 0.023139
vn 0.019692 0.199143 -0.979773
vn -0.017664 0.286369 -0.957956
vn 0.714957 0.197367 -0.670733
vt 0.44835 0.230923
vt 0.44284 0.229065
vt 0.442759 0.228215
f 781/781/781 782/782/782 783/783/783
v -0.246595 1.1121 0.023139
v -0.246595 1.08514 0.014215
v -0.250169 1.08461 0.009466
vn 0.714957 0.197367 -0.670733
vn 0.850088 0.118412 -0.513156
vn 0.019692 0.199143 -0.979773
vt 0.442759 0.228215
vt 0.448314 0.229574
vt 0.44835 0.230923
f 784/784/784 785/785/785 786/786/786
v -0.253472 1.07669 0.012045
v -0.253744 1.08514 0.014215
v -0.250169 1.08461 0.009466
vn -0.787566 0.043938 -0.614661
vn -0.856755 0.137655 -0.497013
vn 0.019692 0.199143 -0.979773
vt 0.454915 0.242007
vt 0.452984 0.242441
vt 0.453105 0.241082
f 787/787/787 788/788/788 789/789/789
v -0.250169 1.08461 0.009466
v -0.250169 1.07544 0.009466
v -0.253472 1.07669 0.012045
vn 0.019692 0.199143 -0.979773
vn 0.037586 0.073141 -0.996613
vn -0.787566 0.043938 -0.614661
vt 0.453105 0.241082
vt 0.455201 0.241082
vt 0.454915 0.242007
f 790/790/790 791/791/791 792/792/792
v -0.25484 1.07919 0.01718
v -0.255224 1.08514 0.01779
v -0.253744 1.08514 0.014215
vn -0.997586 -0.031399 0.061933
vn -0.998439 -0.055506 -0.006228
vn -0.856755 0.137655 -0.497013
vt 0.454344 0.243133
vt 0.452984 0.243297
vt 0.452984 0.242441
f 793/793/793 794/794/794 795/795/795
v -0.253744 1.08514 0.014215
v -0.253472 1.07669 0.012045
v -0.25484 1.07919 0.01718
vn -0.856755 0.137655 -0.497013
vn -0.787566 0.043938 -0.614661
vn -0.997586 -0.031399 0.061933
vt 0.452984 0.242441
vt 0.454915 0.242007
vt 0.454344 0.243133
f 796/796/796 797/797/797 798/798/798
v -0.253472 1.07998 0.018657
v -0.253744 1.08514 0.021364
v -0.255224 1.08514 0.01779
vn -0.624046 -0.276057 0.730999
vn -0.670828 -0.310137 0.67365
vn -0.998439 -0.055506 -0.006228
vt 0.449668 0.231287
vt 0.448572 0.231816
vt 0.448572 0.230961
f 799/799/799 800/800/800 801/801/801
v -0.255224 1.08514 0.01779
v -0.25484 1.07919 0.01718
v -0.253472 1.07998 0.018657
vn -0.998439 -0.055506 -0.006228
vn -0.997586 -0.031399 0.061933
vn -0.624046 -0.276057 0.730999
vt 0.448572 0.230961
vt 0.44986 0.230869
vt 0.449668 0.231287
f 802/802/802 803/803/803 804/804/804
v -0.250169 1.08078 0.020161
v -0.250169 1.08514 0.022845
v -0.253744 1.08514 0.021364
vn -0.022693 -0.508839 0.860562
vn -0.005241 -0.40484 0.914373
vn -0.670828 -0.310137 0.67365
vt 0.421405 0.229571
vt 0.422467 0.229467
vt 0.422368 0.230313
f 805/805/805 806/806/806 807/807/807
v -0.253744 1.08514 0.021364
v -0.253472 1.07998 0.018657
v -0.250169 1.08078 0.020161
vn -0.670828 -0.310137 0.67365
vn -0.624046 -0.276057 0.730999
vn -0.022693 -0.508839 0.860562
vt 0.422368 0.230313
vt 0.421135 0.230344
vt 0.421405 0.229571
f 808/808/808 809/809/809 810/810/810
v -0.246867 1.07998 0.018657
v -0.246595 1.08514 0.021364
v -0.250169 1.08514 0.022845
vn 0.462371 -0.440228 0.769683
vn 0.669098 -0.282774 0.687275
vn -0.005241 -0.40484 0.914373
vt 0.443415 0.224873
vt 0.44237 0.224735
vt 0.442338 0.223864
f 811/811/811 812/812/812 813/813/813
v -0.250169 1.08514 0.022845
v -0.250169 1.08078 0.020161
v -0.246867 1.07998 0.018657
vn -0.005241 -0.40484 0.914373
vn -0.022693 -0.508839 0.860562
vn 0.462371 -0.440228 0.769683
vt 0.442338 0.223864
vt 0.443211 0.224063
vt 0.443415 0.224873
f 814/814/814 815/815/815 816/816/816
v -0.245499 1.07919 0.01718
v -0.245114 1.08514 0.01779
v -0.246595 1.08514 0.021364
vn 0.988091 -0.139175 0.065622
vn 0.999866 -0.007167 -0.014695
vn 0.669098 -0.282774 0.687275
vt 0.454556 0.257302
vt 0.453182 0.257161
vt 0.453182 0.256336
f 817/817/817 818/818/818 819/819/819
v -0.246595 1.08514 0.021364
v -0.246867 1.07998 0.018657
v -0.245499 1.07919 0.01718
vn 0.669098 -0.282774 0.687275
vn 0.462371 -0.440228 0.769683
vn 0.988091 -0.139175 0.065622
vt 0.453182 0.256336
vt 0.454374 0.256961
vt 0.454556 0.257302
f 820/820/820 821/821/821 822/822/822
v -0.246867 1.07669 0.012045
v -0.246595 1.08514 0.014215
v -0.245114 1.08514 0.01779
vn 0.712476 0.140909 -0.687403
vn 0.850088 0.118412 -0.513156
vn 0.999866 -0.007167 -0.014695
vt 0.455132 0.258488
vt 0.453182 0.257987
vt 0.453182 0.257161
f 823/823/823 824/824/824 825/825/825
v -0.245114 1.08514 0.01779
v -0.245499 1.07919 0.01718
v -0.246867 1.07669 0.012045
vn 0.999866 -0.007167 -0.014695
vn 0.988091 -0.139175 0.065622
vn 0.712476 0.140909 -0.687403
vt 0.453182 0.257161
vt 0.454556 0.257302
vt 0.455132 0.258488
f 826/826/826 827/827/827 828/828/828
v -0.250169 1.07544 0.009466
v -0.250169 1.08461 0.009466
v -0.246595 1.08514 0.014215
vn 0.037586 0.073141 -0.996613
vn 0.019692 0.199143 -0.979773
vn 0.850088 0.118412 -0.513156
vt 0.455421 0.259083
vt 0.453304 0.259083
vt 0.453182 0.257987
f 829/829/829 830/830/830 831/831/831
v -0.246595 1.08514 0.014215
v -0.246867 1.07669 0.012045
v -0.250169 1.07544 0.009466
vn 0.850088 0.118412 -0.513156
vn 0.712476 0.140909 -0.687403
vn 0.037586 0.073141 -0.996613
vt 0.453182 0.257987
vt 0.455132 0.258488
vt 0.455421 0.259083
f 832/832/832 833/833/833 834/834/834
v -0.25484 1.25487 0.014717
v -0.245499 1.25487 0.014717
v -0.246867 1.25761 0.012186
vn -0 0.678624 0.734486
vn -0 0.678624 0.734486
vn -0 0.678624 0.734486
vt 0.414518 0.220675
vt 0.414264 0.222793
vt 0.413433 0.222361
f 835/835/835 836/836/836 837/837/837
v -0.246867 1.25761 0.012186
v -0.250169 1.26259 0.009466
v -0.25484 1.25487 0.014717
vn 0.089909 0.522002 0.848192
vn 0.089909 0.522002 0.848192
vn 0.089909 0.522002 0.848192
vt 0.413433 0.222361
vt 0.412204 0.221512
vt 0.414518 0.220675
f 838/838/838 839/839/839 840/840/840
v -0.136468 0.975486 0.014407
v -0.131781 0.975486 0.014104
v -0.132676 0.97824 0.014104
vn 0 0 1
vn 0.087303 0 0.996182
vn 0.070629 0.051316 0.996182
vt 0.363628 0.262688
vt 0.364681 0.262688
vt 0.36448 0.263306
f 841/841/841 842/842/842 843/843/843
v -0.136468 0.975486 0.014407
v -0.132676 0.97824 0.014104
v -0.135019 0.979943 0.014104
vn 0 0 1
vn 0.070629 0.051316 0.996182
vn 0.026977 0.08303 0.996182
vt 0.363628 0.262688
vt 0.36448 0.263306
vt 0.363954 0.263689
f 844/844/844 845/845/845 846/846/846
v -0.136468 0.975486 0.014407
v -0.135019 0.979943 0.014104
v -0.137916 0.979943 0.014104
vn 0 0 1
vn 0.026977 0.08303 0.996182
vn -0.026978 0.08303 0.996182
vt 0.363628 0.262688
vt 0.363954 0.263689
vt 0.363303 0.263689
f 847/847/847 848/848/848 849/849/849
v -0.136468 0.975486 0.014407
v -0.137916 0.979943 0.014104
v -0.140259 0.97824 0.014104
vn 0 0 1
vn -0.026978 0.08303 0.996182
vn -0.070629 0.051316 0.996182
vt 0.363628 0.262688
vt 0.363303 0.263689
vt 0.362777 0.263306
f 850/850/850 851/851/851 852/852/852
v -0.136468 0.975486 0.014407
v -0.140259 0.97824 0.014104
v -0.141154 0.975486 0.014104
vn 0 0 1
vn -0.070629 0.051316 0.996182
vn -0.087303 -0 0.996182
vt 0.363628 0.262688
vt 0.362777 0.263306
vt 0.362576 0.262688
f 853/853/853 854/854/854 855/855/855
v -0.136468 0.975486 0.014407
v -0.141154 0.975486 0.014104
v -0.140259 0.972731 0.014104
vn 0 0 1
vn -0.087303 -0 0.996182
vn -0.070629 -0.051316 0.996182
vt 0.363628 0.262688
vt 0.362576 0.262688
vt 0.362777 0.262069
f 856/856/856 857/857/857 858/858/858
v -0.136468 0.975486 0.014407
v -0.140259 0.972731 0.014104
v -0.137916 0.971029 0.014104
vn 0 0 1
vn -0.070629 -0.051316 0.996182
vn -0.026977 -0.08303 0.996182
vt 0.363628 0.262688
vt 0.362777 0.262069
vt 0.363303 0.261686
f 859/859/859 860/860/860 861/861/861
v -0.136468 0.975486 0.014407
v -0.137916 0.971029 0.014104
v -0.135019 0.971029 0.014104
vn 0 0 1
vn -0.026977 -0.08303 0.996182
vn 0.026978 -0.08303 0.996182
vt 0.363628 0.262688
vt 0.363303 0.261686
vt 0.363954 0.261686
f 862/862/862 863/863/863 864/864/864
v -0.136468 0.975486 0.014407
v -0.135019 0.971029 0.014104
v -0.132676 0.972731 0.014104
vn 0 0 1
vn 0.026978 -0.08303 0.996182
vn 0.070629 -0.051316 0.996182
vt 0.363628 0.262688
vt 0.363954 0.261686
vt 0.36448 0.262069
f 865/865/865 866/866/866 867/867/867
v -0.136468 0.975486 0.014407
v -0.132676 0.972731 0.014104
v -0.131781 0.975486 0.014104
vn 0 0 1
vn 0.070629 -0.051316 0.996182
vn 0.087303 0 0.996182
vt 0.363628 0.262688
vt 0.36448 0.262069
vt 0.364681 0.262688
f 868/868/868 869/869/869 870/870/870
v -0.129256 0.980725 0.013668
v -0.132676 0.97824 0.014104
v -0.131781 0.975486 0.014104
vn 0.143796 0.104473 0.984077
vn 0.070629 0.051316 0.996182
vn 0.087303 0 0.996182
vt 0.365248 0.263865
vt 0.36448 0.263306
vt 0.364681 0.262688
f 871/871/871 872/872/872 873/873/873
v -0.131781 0.975486 0.014104
v -0.127553 0.975486 0.013668
v -0.129256 0.980725 0.013668
vn 0.087303 0 0.996182
vn 0.177742 -0 0.984077
vn 0.143796 0.104473 0.984077
vt 0.364681 0.262688
vt 0.365631 0.262688
vt 0.365248 0.263865
f 874/874/874 875/875/875 876/876/876
v -0.133713 0.983964 0.013668
v -0.135019 0.979943 0.014104
v -0.132676 0.97824 0.014104
vn 0.054925 0.16904 0.984078
vn 0.026977 0.08303 0.996182
vn 0.070629 0.051316 0.996182
vt 0.364247 0.264592
vt 0.363954 0.263689
vt 0.36448 0.263306
f 877/877/877 878/878/878 879/879/879
v -0.132676 0.97824 0.014104
v -0.129256 0.980725 0.013668
v -0.133713 0.983964 0.013668
vn 0.070629 0.051316 0.996182
vn 0.143796 0.104473 0.984077
vn 0.054925 0.16904 0.984078
vt 0.36448 0.263306
vt 0.365248 0.263865
vt 0.364247 0.264592
f 880/880/880 881/881/881 882/882/882
v -0.139222 0.983964 0.013668
v -0.137916 0.979943 0.014104
v -0.135019 0.979943 0.014104
vn -0.054925 0.16904 0.984078
vn -0.026978 0.08303 0.996182
vn 0.026977 0.08303 0.996182
vt 0.363009 0.264592
vt 0.363303 0.263689
vt 0.363954 0.263689
f 883/883/883 884/884/884 885/885/885
v -0.135019 0.979943 0.014104
v -0.133713 0.983964 0.013668
v -0.139222 0.983964 0.013668
vn 0.026977 0.08303 0.996182
vn 0.054925 0.16904 0.984078
vn -0.054925 0.16904 0.984078
vt 0.363954 0.263689
vt 0.364247 0.264592
vt 0.363009 0.264592
f 886/886/886 887/887/887 888/888/888
v -0.143679 0.980725 0.013668
v -0.140259 0.97824 0.014104
v -0.137916 0.979943 0.014104
vn -0.143796 0.104474 0.984077
vn -0.070629 0.051316 0.996182
vn -0.026978 0.08303 0.996182
vt 0.362008 0.263865
vt 0.362777 0.263306
vt 0.363303 0.263689
f 889/889/889 890/890/890 891/891/891
v -0.137916 0.979943 0.014104
v -0.139222 0.983964 0.013668
v -0.143679 0.980725 0.013668
vn -0.026978 0.08303 0.996182
vn -0.054925 0.16904 0.984078
vn -0.143796 0.104474 0.984077
vt 0.363303 0.263689
vt 0.363009 0.264592
vt 0.362008 0.263865
f 892/892/892 893/893/893 894/894/894
v -0.145382 0.975486 0.013668
v -0.141154 0.975486 0.014104
v -0.140259 0.97824 0.014104
vn -0.177742 0 0.984077
vn -0.087303 -0 0.996182
vn -0.070629 0.051316 0.996182
vt 0.361626 0.262688
vt 0.362576 0.262688
vt 0.362777 0.263306
f 895/895/895 896/896/896 897/897/897
v -0.140259 0.97824 0.014104
v -0.143679 0.980725 0.013668
v -0.145382 0.975486 0.013668
vn -0.070629 0.051316 0.996182
vn -0.143796 0.104474 0.984077
vn -0.177742 0 0.984077
vt 0.362777 0.263306
vt 0.362008 0.263865
vt 0.361626 0.262688
f 898/898/898 899/899/899 900/900/900
v -0.143679 0.970246 0.013668
v -0.140259 0.972731 0.014104
v -0.141154 0.975486 0.014104
vn -0.143796 -0.104473 0.984077
vn -0.070629 -0.051316 0.996182
vn -0.087303 -0 0.996182
vt 0.362008 0.261511
vt 0.362777 0.262069
vt 0.362576 0.262688
f 901/901/901 902/902/902 903/903/903
v -0.141154 0.975486 0.014104
v -0.145382 0.975486 0.013668
v -0.143679 0.970246 0.013668
vn -0.087303 -0 0.996182
vn -0.177742 0 0.984077
vn -0.143796 -0.104473 0.984077
vt 0.362576 0.262688
vt 0.361626 0.262688
vt 0.362008 0.261511
f 904/904/904 905/905/905 906/906/906
v -0.139222 0.967008 0.013668
v -0.137916 0.971029 0.014104
v -0.140259 0.972731 0.014104
vn -0.054925 -0.16904 0.984078
vn -0.026977 -0.08303 0.996182
vn -0.070629 -0.051316 0.996182
vt 0.363009 0.260783
vt 0.363303 0.261686
vt 0.362777 0.262069
f 907/907/907 908/908/908 909/909/909
v -0.140259 0.972731 0.014104
v -0.143679 0.970246 0.013668
v -0.139222 0.967008 0.013668
vn -0.070629 -0.051316 0.996182
vn -0.143796 -0.104473 0.984077
vn -0.054925 -0.16904 0.984078
vt 0.362777 0.262069
vt 0.362008 0.261511
vt 0.363009 0.260783
f 910/910/910 911/911/911 912/912/912
v -0.133713 0.967008 0.013668
v -0.135019 0.971029 0.014104
v -0.137916 0.971029 0.014104
vn 0.054925 -0.16904 0.984078
vn 0.026978 -0.08303 0.996182
vn -0.026977 -0.08303 0.996182
vt 0.364247 0.260783
vt 0.363954 0.261686
vt 0.363303 0.261686
f 913/913/913 914/914/914 915/915/915
v -0.137916 0.971029 0.014104
v -0.139222 0.967008 0.013668
v -0.133713 0.967008 0.013668
vn -0.026977 -0.08303 0.996182
vn -0.054925 -0.16904 0.984078
vn 0.054925 -0.16904 0.984078
vt 0.363303 0.261686
vt 0.363009 0.260783
vt 0.364247 0.260783
f 916/916/916 917/917/917 918/918/918
v -0.129256 0.970246 0.013668
v -0.132676 0.972731 0.014104
v -0.135019 0.971029 0.014104
vn 0.143796 -0.104474 0.984077
vn 0.070629 -0.051316 0.996182
vn 0.026978 -0.08303 0.996182
vt 0.365248 0.261511
vt 0.36448 0.262069
vt 0.363954 0.261686
f 919/919/919 920/920/920 921/921/921
v -0.135019 0.971029 0.014104
v -0.133713 0.967008 0.013668
v -0.129256 0.970246 0.013668
vn 0.026978 -0.08303 0.996182
vn 0.054925 -0.16904 0.984078
vn 0.143796 -0.104474 0.984077
vt 0.363954 0.261686
vt 0.364247 0.260783
vt 0.365248 0.261511
f 922/922/922 923/923/923 924/924/924
v -0.127553 0.975486 0.013668
v -0.131781 0.975486 0.014104
v -0.132676 0.972731 0.014104
vn 0.177742 -0 0.984077
vn 0.087303 0 0.996182
vn 0.070629 -0.051316 0.996182
vt 0.365631 0.262688
vt 0.364681 0.262688
vt 0.36448 0.262069
f 925/925/925 926/926/926 927/927/927
v -0.132676 0.972731 0.014104
v -0.129256 0.970246 0.013668
v -0.127553 0.975486 0.013668
vn 0.070629 -0.051316 0.996182
vn 0.143796 -0.104474 0.984077
vn 0.177742 -0 0.984077
vt 0.36448 0.262069
vt 0.365248 0.261511
vt 0.365631 0.262688
f 928/928/928 929/929/929 930/930/930
v -0.126542 0.982698 0.012884
v -0.129256 0.980725 0.013668
v -0.127553 0.975486 0.013668
vn 0.292841 0.212761 0.932189
vn 0.143796 0.104473 0.984077
vn 0.177742 -0 0.984077
vt 0.365858 0.264307
vt 0.365248 0.263865
vt 0.365631 0.262688
f 931/931/931 932/932/932 933/933/933
v -0.127553 0.975486 0.013668
v -0.124198 0.975486 0.012884
v -0.126542 0.982698 0.012884
vn 0.177742 -0 0.984077
vn 0.361972 -0 0.932189
vn 0.292841 0.212761 0.932189
vt 0.365631 0.262688
vt 0.366384 0.262688
vt 0.365858 0.264307
f 934/934/934 935/935/935 936/936/936
v -0.132676 0.987155 0.012884
v -0.133713 0.983964 0.013668
v -0.129256 0.980725 0.013668
vn 0.111858 0.344262 0.932186
vn 0.054925 0.16904 0.984078
vn 0.143796 0.104473 0.984077
vt 0.36448 0.265309
vt 0.364247 0.264592
vt 0.365248 0.263865
f 937/937/937 938/938/938 939/939/939
v -0.129256 0.980725 0.013668
v -0.126542 0.982698 0.012884
v -0.132676 0.987155 0.012884
vn 0.143796 0.104473 0.984077
vn 0.292841 0.212761 0.932189
vn 0.111858 0.344262 0.932186
vt 0.365248 0.263865
vt 0.365858 0.264307
vt 0.36448 0.265309
f 940/940/940 941/941/941 942/942/942
v -0.140259 0.987155 0.012884
v -0.139222 0.983964 0.013668
v -0.133713 0.983964 0.013668
vn -0.111857 0.344262 0.932187
vn -0.054925 0.16904 0.984078
vn 0.054925 0.16904 0.984078
vt 0.362777 0.265309
vt 0.363009 0.264592
vt 0.364247 0.264592
f 943/943/943 944/944/944 945/945/945
v -0.133713 0.983964 0.013668
v -0.132676 0.987155 0.012884
v -0.140259 0.987155 0.012884
vn 0.054925 0.16904 0.984078
vn 0.111858 0.344262 0.932186
vn -0.111857 0.344262 0.932187
vt 0.364247 0.264592
vt 0.36448 0.265309
vt 0.362777 0.265309
f 946/946/946 947/947/947 948/948/948
v -0.146394 0.982698 0.012884
v -0.143679 0.980725 0.013668
v -0.139222 0.983964 0.013668
vn -0.292841 0.21276 0.93219
vn -0.143796 0.104474 0.984077
vn -0.054925 0.16904 0.984078
vt 0.361399 0.264307
vt 0.362008 0.263865
vt 0.363009 0.264592
f 949/949/949 950/950/950 951/951/951
v -0.139222 0.983964 0.013668
v -0.140259 0.987155 0.012884
v -0.146394 0.982698 0.012884
vn -0.054925 0.16904 0.984078
vn -0.111857 0.344262 0.932187
vn -0.292841 0.21276 0.93219
vt 0.363009 0.264592
vt 0.362777 0.265309
vt 0.361399 0.264307
f 952/952/952 953/953/953 954/954/954
v -0.148737 0.975486 0.012884
v -0.145382 0.975486 0.013668
v -0.143679 0.980725 0.013668
vn -0.361972 0 0.932189
vn -0.177742 0 0.984077
vn -0.143796 0.104474 0.984077
vt 0.360872 0.262688
vt 0.361626 0.262688
vt 0.362008 0.263865
f 955/955/955 956/956/956 957/957/957
v -0.143679 0.980725 0.013668
v -0.146394 0.982698 0.012884
v -0.148737 0.975486 0.012884
vn -0.143796 0.104474 0.984077
vn -0.292841 0.21276 0.93219
vn -0.361972 0 0.932189
vt 0.362008 0.263865
vt 0.361399 0.264307
vt 0.360872 0.262688
f 958/958/958 959/959/959 960/960/960
v -0.146394 0.968274 0.012884
v -0.143679 0.970246 0.013668
v -0.145382 0.975486 0.013668
vn -0.292841 -0.212761 0.932189
vn -0.143796 -0.104473 0.984077
vn -0.177742 0 0.984077
vt 0.361399 0.261068
vt 0.362008 0.261511
vt 0.361626 0.262688
f 961/961/961 962/962/962 963/963/963
v -0.145382 0.975486 0.013668
v -0.148737 0.975486 0.012884
v -0.146394 0.968274 0.012884
vn -0.177742 0 0.984077
vn -0.361972 0 0.932189
vn -0.292841 -0.212761 0.932189
vt 0.361626 0.262688
vt 0.360872 0.262688
vt 0.361399 0.261068
f 964/964/964 965/965/965 966/966/966
v -0.140259 0.963817 0.012884
v -0.139222 0.967008 0.013668
v -0.143679 0.970246 0.013668
vn -0.111858 -0.344262 0.932186
vn -0.054925 -0.16904 0.984078
vn -0.143796 -0.104473 0.984077
vt 0.362777 0.260067
vt 0.363009 0.260783
vt 0.362008 0.261511
f 967/967/967 968/968/968 969/969/969
v -0.143679 0.970246 0.013668
v -0.146394 0.968274 0.012884
v -0.140259 0.963817 0.012884
vn -0.143796 -0.104473 0.984077
vn -0.292841 -0.212761 0.932189
vn -0.111858 -0.344262 0.932186
vt 0.362008 0.261511
vt 0.361399 0.261068
vt 0.362777 0.260067
f 970/970/970 971/971/971 972/972/972
v -0.132676 0.963817 0.012884
v -0.133713 0.967008 0.013668
v -0.139222 0.967008 0.013668
vn 0.111857 -0.344262 0.932187
vn 0.054925 -0.16904 0.984078
vn -0.054925 -0.16904 0.984078
vt 0.36448 0.260067
vt 0.364247 0.260783
vt 0.363009 0.260783
f 973/973/973 974/974/974 975/975/975
v -0.139222 0.967008 0.013668
v -0.140259 0.963817 0.012884
v -0.132676 0.963817 0.012884
vn -0.054925 -0.16904 0.984078
vn -0.111858 -0.344262 0.932186
vn 0.111857 -0.344262 0.932187
vt 0.363009 0.260783
vt 0.362777 0.260067
vt 0.36448 0.260067
f 976/976/976 977/977/977 978/978/978
v -0.126542 0.968274 0.012884
v -0.129256 0.970246 0.013668
v -0.133713 0.967008 0.013668
vn 0.292841 -0.21276 0.93219
vn 0.143796 -0.104474 0.984077
vn 0.054925 -0.16904 0.984078
vt 0.365858 0.261068
vt 0.365248 0.261511
vt 0.364247 0.260783
f 979/979/979 980/980/980 981/981/981
v -0.133713 0.967008 0.013668
v -0.132676 0.963817 0.012884
v -0.126542 0.968274 0.012884
vn 0.054925 -0.16904 0.984078
vn 0.111857 -0.344262 0.932187
vn 0.292841 -0.21276 0.93219
vt 0.364247 0.260783
vt 0.36448 0.260067
vt 0.365858 0.261068
f 982/982/982 983/983/983 984/984/984
v -0.124198 0.975486 0.012884
v -0.127553 0.975486 0.013668
v -0.129256 0.970246 0.013668
vn 0.361972 -0 0.932189
vn 0.177742 -0 0.984077
vn 0.143796 -0.104474 0.984077
vt 0.366384 0.262688
vt 0.365631 0.262688
vt 0.365248 0.261511
f 985/985/985 986/986/986 987/987/987
v -0.129256 0.970246 0.013668
v -0.126542 0.968274 0.012884
v -0.124198 0.975486 0.012884
vn 0.143796 -0.104474 0.984077
vn 0.292841 -0.21276 0.93219
vn 0.361972 -0 0.932189
vt 0.365248 0.261511
vt 0.365858 0.261068
vt 0.366384 0.262688
f 988/988/988 989/989/989 990/990/990
v -0.124799 0.983964 0.011797
v -0.126542 0.982698 0.012884
v -0.124198 0.975486 0.012884
vn 0.600554 0.436326 0.670041
vn 0.292841 0.212761 0.932189
vn 0.361972 -0 0.932189
vt 0.366249 0.264592
vt 0.365858 0.264307
vt 0.366384 0.262688
f 991/991/991 992/992/992 993/993/993
v -0.124198 0.975486 0.012884
v -0.122044 0.975486 0.011797
v -0.124799 0.983964 0.011797
vn 0.361972 -0 0.932189
vn 0.742328 -0 0.670037
vn 0.600554 0.436326 0.670041
vt 0.366384 0.262688
vt 0.366868 0.262688
vt 0.366249 0.264592
f 994/994/994 995/995/995 996/996/996
v -0.132011 0.989203 0.011797
v -0.132676 0.987155 0.012884
v -0.126542 0.982698 0.012884
vn 0.22939 0.705985 0.670049
vn 0.111858 0.344262 0.932186
vn 0.292841 0.212761 0.932189
vt 0.364629 0.265769
vt 0.36448 0.265309
vt 0.365858 0.264307
f 997/997/997 998/998/998 999/999/999
v -0.126542 0.982698 0.012884
v -0.124799 0.983964 0.011797
v -0.132011 0.989203 0.011797
vn 0.292841 0.212761 0.932189
vn 0.600554 0.436326 0.670041
vn 0.22939 0.705985 0.670049
vt 0.365858 0.264307
vt 0.366249 0.264592
vt 0.364629 0.265769
f 1000/1000/1000 1001/1001/1001 1002/1002/1002
v -0.140925 0.989203 0.011797
v -0.140259 0.987155 0.012884
v -0.132676 0.987155 0.012884
vn -0.229391 0.705985 0.670048
vn -0.111857 0.344262 0.932187
vn 0.111858 0.344262 0.932186
vt 0.362627 0.265769
vt 0.362777 0.265309
vt 0.36448 0.265309
f 1003/1003/1003 1004/1004/1004 1005/1005/1005
v -0.132676 0.987155 0.012884
v -0.132011 0.989203 0.011797
v -0.140925 0.989203 0.011797
vn 0.111858 0.344262 0.932186
vn 0.22939 0.705985 0.670049
vn -0.229391 0.705985 0.670048
vt 0.36448 0.265309
vt 0.364629 0.265769
vt 0.362627 0.265769
f 1006/1006/1006 1007/1007/1007 1008/1008/1008
v -0.148136 0.983964 0.011797
v -0.146394 0.982698 0.012884
v -0.140259 0.987155 0.012884
vn -0.600554 0.436326 0.67004
vn -0.292841 0.21276 0.93219
vn -0.111857 0.344262 0.932187
vt 0.361007 0.264592
vt 0.361399 0.264307
vt 0.362777 0.265309
f 1009/1009/1009 1010/1010/1010 1011/1011/1011
v -0.140259 0.987155 0.012884
v -0.140925 0.989203 0.011797
v -0.148136 0.983964 0.011797
vn -0.111857 0.344262 0.932187
vn -0.229391 0.705985 0.670048
vn -0.600554 0.436326 0.67004
vt 0.362777 0.265309
vt 0.362627 0.265769
vt 0.361007 0.264592
f 1012/1012/1012 1013/1013/1013 1014/1014/1014
v -0.150891 0.975486 0.011797
v -0.148737 0.975486 0.012884
v -0.146394 0.982698 0.012884
vn -0.742328 0 0.670037
vn -0.361972 0 0.932189
vn -0.292841 0.21276 0.93219
vt 0.360388 0.262688
vt 0.360872 0.262688
vt 0.361399 0.264307
f 1015/1015/1015 1016/1016/1016 1017/1017/1017
v -0.146394 0.982698 0.012884
v -0.148136 0.983964 0.011797
v -0.150891 0.975486 0.011797
vn -0.292841 0.21276 0.93219
vn -0.600554 0.436326 0.67004
vn -0.742328 0 0.670037
vt 0.361399 0.264307
vt 0.361007 0.264592
vt 0.360388 0.262688
f 1018/1018/1018 1019/1019/1019 1020/1020/1020
v -0.148136 0.967008 0.011797
v -0.146394 0.968274 0.012884
v -0.148737 0.975486 0.012884
vn -0.600554 -0.436326 0.670041
vn -0.292841 -0.212761 0.932189
vn -0.361972 0 0.932189
vt 0.361007 0.260783
vt 0.361399 0.261068
vt 0.360872 0.262688
f 1021/1021/1021 1022/1022/1022 1023/1023/1023
v -0.148737 0.975486 0.012884
v -0.150891 0.975486 0.011797
v -0.148136 0.967008 0.011797
vn -0.361972 0 0.932189
vn -0.742328 0 0.670037
vn -0.600554 -0.436326 0.670041
vt 0.360872 0.262688
vt 0.360388 0.262688
vt 0.361007 0.260783
f 1024/1024/1024 1025/1025/1025 1026/1026/1026
v -0.140925 0.961768 0.011797
v -0.140259 0.963817 0.012884
v -0.146394 0.968274 0.012884
vn -0.22939 -0.705985 0.670049
vn -0.111858 -0.344262 0.932186
vn -0.292841 -0.212761 0.932189
vt 0.362627 0.259606
vt 0.362777 0.260067
vt 0.361399 0.261068
f 1027/1027/1027 1028/1028/1028 1029/1029/1029
v -0.146394 0.968274 0.012884
v -0.148136 0.967008 0.011797
v -0.140925 0.961768 0.011797
vn -0.292841 -0.212761 0.932189
vn -0.600554 -0.436326 0.670041
vn -0.22939 -0.705985 0.670049
vt 0.361399 0.261068
vt 0.361007 0.260783
vt 0.362627 0.259606
f 1030/1030/1030 1031/1031/1031 1032/1032/1032
v -0.132011 0.961768 0.011797
v -0.132676 0.963817 0.012884
v -0.140259 0.963817 0.012884
vn 0.229391 -0.705985 0.670048
vn 0.111857 -0.344262 0.932187
vn -0.111858 -0.344262 0.932186
vt 0.364629 0.259606
vt 0.36448 0.260067
vt 0.362777 0.260067
f 1033/1033/1033 1034/1034/1034 1035/1035/1035
v -0.140259 0.963817 0.012884
v -0.140925 0.961768 0.011797
v -0.132011 0.961768 0.011797
vn -0.111858 -0.344262 0.932186
vn -0.22939 -0.705985 0.670049
vn 0.229391 -0.705985 0.670048
vt 0.362777 0.260067
vt 0.362627 0.259606
vt 0.364629 0.259606
f 1036/1036/1036 1037/1037/1037 1038/1038/1038
v -0.124799 0.967008 0.011797
v -0.126542 0.968274 0.012884
v -0.132676 0.963817 0.012884
vn 0.600554 -0.436326 0.67004
vn 0.292841 -0.21276 0.93219
vn 0.111857 -0.344262 0.932187
vt 0.366249 0.260783
vt 0.365858 0.261068
vt 0.36448 0.260067
f 1039/1039/1039 1040/1040/1040 1041/1041/1041
v -0.132676 0.963817 0.012884
v -0.132011 0.961768 0.011797
v -0.124799 0.967008 0.011797
vn 0.111857 -0.344262 0.932187
vn 0.229391 -0.705985 0.670048
vn 0.600554 -0.436326 0.67004
vt 0.36448 0.260067
vt 0.364629 0.259606
vt 0.366249 0.260783
f 1042/1042/1042 1043/1043/1043 1044/1044/1044
v -0.122044 0.975486 0.011797
v -0.124198 0.975486 0.012884
v -0.126542 0.968274 0.012884
vn 0.742328 -0 0.670037
vn 0.361972 -0 0.932189
vn 0.292841 -0.21276 0.93219
vt 0.366868 0.262688
vt 0.366384 0.262688
vt 0.365858 0.261068
f 1045/1045/1045 1046/1046/1046 1047/1047/1047
v -0.126542 0.968274 0.012884
v -0.124799 0.967008 0.011797
v -0.122044 0.975486 0.011797
vn 0.292841 -0.21276 0.93219
vn 0.600554 -0.436326 0.67004
vn 0.742328 -0 0.670037
vt 0.365858 0.261068
vt 0.366249 0.260783
vt 0.366868 0.262688
f 1048/1048/1048 1049/1049/1049 1050/1050/1050
v -0.124198 0.9844 0.010255
v -0.124799 0.983964 0.011797
v -0.122044 0.975486 0.011797
vn 0.729013 0.529662 0.433587
vn 0.600554 0.436326 0.670041
vn 0.742328 -0 0.670037
vt 0.360296 0.258603
vt 0.360399 0.258239
vt 0.362399 0.258239
f 1051/1051/1051 1052/1052/1052 1053/1053/1053
v -0.122044 0.975486 0.011797
v -0.121302 0.975486 0.010255
v -0.124198 0.9844 0.010255
vn 0.742328 -0 0.670037
vn 0.901115 -0 0.43358
vn 0.729013 0.529662 0.433587
vt 0.362399 0.258239
vt 0.362399 0.258603
vt 0.360296 0.258603
f 1054/1054/1054 1055/1055/1055 1056/1056/1056
v -0.131781 0.989909 0.010255
v -0.132011 0.989203 0.011797
v -0.124799 0.983964 0.011797
vn 0.278451 0.856997 0.433615
vn 0.22939 0.705985 0.670049
vn 0.600554 0.436326 0.670041
vt 0.364302 0.259644
vt 0.364245 0.259264
vt 0.366021 0.259264
f 1057/1057/1057 1058/1058/1058 1059/1059/1059
v -0.124799 0.983964 0.011797
v -0.124198 0.9844 0.010255
v -0.131781 0.989909 0.010255
vn 0.600554 0.436326 0.670041
vn 0.729013 0.529662 0.433587
vn 0.278451 0.856997 0.433615
vt 0.366021 0.259264
vt 0.366169 0.259644
vt 0.364302 0.259644
f 1060/1060/1060 1061/1061/1061 1062/1062/1062
v -0.141154 0.989909 0.010255
v -0.140925 0.989203 0.011797
v -0.132011 0.989203 0.011797
vn -0.278452 0.856996 0.433616
vn -0.229391 0.705985 0.670048
vn 0.22939 0.705985 0.670049
vt 0.361993 0.259644
vt 0.36205 0.259264
vt 0.364245 0.259264
f 1063/1063/1063 1064/1064/1064 1065/1065/1065
v -0.132011 0.989203 0.011797
v -0.131781 0.989909 0.010255
v -0.141154 0.989909 0.010255
vn 0.22939 0.705985 0.670049
vn 0.278451 0.856997 0.433615
vn -0.278452 0.856996 0.433616
vt 0.364245 0.259264
vt 0.364302 0.259644
vt 0.361993 0.259644
f 1066/1066/1066 1067/1067/1067 1068/1068/1068
v -0.148737 0.9844 0.010255
v -0.148136 0.983964 0.011797
v -0.140925 0.989203 0.011797
vn -0.729012 0.529663 0.433588
vn -0.600554 0.436326 0.67004
vn -0.229391 0.705985 0.670048
vt 0.360126 0.259644
vt 0.360274 0.259264
vt 0.36205 0.259264
f 1069/1069/1069 1070/1070/1070 1071/1071/1071
v -0.140925 0.989203 0.011797
v -0.141154 0.989909 0.010255
v -0.148737 0.9844 0.010255
vn -0.229391 0.705985 0.670048
vn -0.278452 0.856996 0.433616
vn -0.729012 0.529663 0.433588
vt 0.36205 0.259264
vt 0.361993 0.259644
vt 0.360126 0.259644
f 1072/1072/1072 1073/1073/1073 1074/1074/1074
v -0.151633 0.975486 0.010255
v -0.150891 0.975486 0.011797
v -0.148136 0.983964 0.011797
vn -0.901115 0 0.43358
vn -0.742328 0 0.670037
vn -0.600554 0.436326 0.67004
vt 0.362399 0.258584
vt 0.362399 0.258948
vt 0.360399 0.258948
f 1075/1075/1075 1076/1076/1076 1077/1077/1077
v -0.148136 0.983964 0.011797
v -0.148737 0.9844 0.010255
v -0.151633 0.975486 0.010255
vn -0.600554 0.436326 0.67004
vn -0.729012 0.529663 0.433588
vn -0.901115 0 0.43358
vt 0.360399 0.258948
vt 0.360296 0.258584
vt 0.362399 0.258584
f 1078/1078/1078 1079/1079/1079 1080/1080/1080
v -0.148737 0.966572 0.010255
v -0.148136 0.967008 0.011797
v -0.150891 0.975486 0.011797
vn -0.729013 -0.529662 0.433587
vn -0.600554 -0.436326 0.670041
vn -0.742328 0 0.670037
vt 0.364501 0.258584
vt 0.364399 0.258948
vt 0.362399 0.258948
f 1081/1081/1081 1082/1082/1082 1083/1083/1083
v -0.150891 0.975486 0.011797
v -0.151633 0.975486 0.010255
v -0.148737 0.966572 0.010255
vn -0.742328 0 0.670037
vn -0.901115 0 0.43358
vn -0.729013 -0.529662 0.433587
vt 0.362399 0.258948
vt 0.362399 0.258584
vt 0.364501 0.258584
f 1084/1084/1084 1085/1085/1085 1086/1086/1086
v -0.141154 0.961062 0.010255
v -0.140925 0.961768 0.011797
v -0.148136 0.967008 0.011797
vn -0.278451 -0.856997 0.433615
vn -0.22939 -0.705985 0.670049
vn -0.600554 -0.436326 0.670041
vt 0.361993 0.25892
vt 0.36205 0.2593
vt 0.360274 0.2593
f 1087/1087/1087 1088/1088/1088 1089/1089/1089
v -0.148136 0.967008 0.011797
v -0.148737 0.966572 0.010255
v -0.141154 0.961062 0.010255
vn -0.600554 -0.436326 0.670041
vn -0.729013 -0.529662 0.433587
vn -0.278451 -0.856997 0.433615
vt 0.360274 0.2593
vt 0.360126 0.25892
vt 0.361993 0.25892
f 1090/1090/1090 1091/1091/1091 1092/1092/1092
v -0.131781 0.961062 0.010255
v -0.132011 0.961768 0.011797
v -0.140925 0.961768 0.011797
vn 0.278452 -0.856996 0.433616
vn 0.229391 -0.705985 0.670048
vn -0.22939 -0.705985 0.670049
vt 0.364302 0.25892
vt 0.364245 0.2593
vt 0.36205 0.2593
f 1093/1093/1093 1094/1094/1094 1095/1095/1095
v -0.140925 0.961768 0.011797
v -0.141154 0.961062 0.010255
v -0.131781 0.961062 0.010255
vn -0.22939 -0.705985 0.670049
vn -0.278451 -0.856997 0.433615
vn 0.278452 -0.856996 0.433616
vt 0.36205 0.2593
vt 0.361993 0.25892
vt 0.364302 0.25892
f 1096/1096/1096 1097/1097/1097 1098/1098/1098
v -0.124198 0.966572 0.010255
v -0.124799 0.967008 0.011797
v -0.132011 0.961768 0.011797
vn 0.729012 -0.529663 0.433588
vn 0.600554 -0.436326 0.67004
vn 0.229391 -0.705985 0.670048
vt 0.366169 0.25892
vt 0.366021 0.2593
vt 0.364245 0.2593
f 1099/1099/1099 1100/1100/1100 1101/1101/1101
v -0.132011 0.961768 0.011797
v -0.131781 0.961062 0.010255
v -0.124198 0.966572 0.010255
vn 0.229391 -0.705985 0.670048
vn 0.278452 -0.856996 0.433616
vn 0.729012 -0.529663 0.433588
vt 0.364245 0.2593
vt 0.364302 0.25892
vt 0.366169 0.25892
f 1102/1102/1102 1103/1103/1103 1104/1104/1104
v -0.121302 0.975486 0.010255
v -0.122044 0.975486 0.011797
v -0.124799 0.967008 0.011797
vn 0.901115 -0 0.43358
vn 0.742328 -0 0.670037
vn 0.600554 -0.436326 0.67004
vt 0.362399 0.258603
vt 0.362399 0.258239
vt 0.364399 0.258239
f 1105/1105/1105 1106/1106/1106 1107/1107/1107
v -0.124799 0.967008 0.011797
v -0.124198 0.966572 0.010255
v -0.121302 0.975486 0.010255
vn 0.600554 -0.436326 0.67004
vn 0.729012 -0.529663 0.433588
vn 0.901115 -0 0.43358
vt 0.364399 0.258239
vt 0.364501 0.258603
vt 0.362399 0.258603
f 1108/1108/1108 1109/1109/1109 1110/1110/1110
v 0.191817 -0.010519 0.01995
v 0.191817 -0.010519 -0.384469
v 0.212037 -0.010519 -0.384469
vn 0 -1 -0
vn 0 -1 -0
vn 0 -1 -0
vt 0.187276 0.266185
vt 0.187276 0.177469
vt 0.191712 0.177469
f 1111/1111/1111 1112/1112/1112 1113/1113/1113
v 0.212037 -0.010519 -0.384469
v 0.212037 -0.010519 0.01995
v 0.191817 -0.010519 0.01995
vn 0 -1 -0
vn 0 -1 -0
vn 0 -1 -0
vt 0.191712 0.177469
vt 0.191712 0.266185
vt 0.187276 0.266185
f 1114/1114/1114 1115/1115/1115 1116/1116/1116
v 0.191817 2.01158 0.01995
v 0.212037 2.01158 0.01995
v 0.212037 2.01158 -0.384469
vn 0 1 -0
vn 0 1 -0
vn 0 1 -0
vt 0.103791 0.348951
vt 0.108227 0.348951
vt 0.108227 0.437666
f 1117/1117/1117 1118/1118/1118 1119/1119/1119
v 0.212037 2.01158 -0.384469
v 0.191817 2.01158 -0.384469
v 0.191817 2.01158 0.01995
vn 0 1 -0
vn 0 1 -0
vn 0 1 -0
vt 0.108227 0.437666
vt 0.103791 0.437666
vt 0.103791 0.348951
f 1120/1120/1120 1121/1121/1121 1122/1122/1122
v 0.191817 -0.010519 0.01995
v 0.212037 -0.010519 0.01995
v 0.212037 2.01158 0.01995
vn 0 0 1
vn 0 0 1
vn 0 0 1
vt 0 0.442281
vt 0.004436 0.442281
vt 0.004436 0.885857
f 1123/1123/1123 1124/1124/1124 1125/1125/1125
v 0.212037 2.01158 0.01995
v 0.191817 2.01158 0.01995
v 0.191817 -0.010519 0.01995
vn 0 0 1
vn 0 0 1
vn 0 0 1
vt 0.004436 0.885857
vt 0 0.885857
vt 0 0.442281
f 1126/1126/1126 1127/1127/1127 1128/1128/1128
v 0.212037 -0.010519 0.01995
v 0.212037 -0.010519 -0.384469
v 0.212037 2.01158 -0.384469
vn 1 0 -0
vn 1 0 -0
vn 1 0 -0
vt 0.192519 0.442281
vt 0.281235 0.442281
vt 0.281235 0.885857
f 1129/1129/1129 1130/1130/1130 1131/1131/1131
v 0.212037 2.01158 -0.384469
v 0.212037 2.01158 0.01995
v 0.212037 -0.010519 0.01995
vn 1 0 -0
vn 1 0 -0
vn 1 0 -0
vt 0.281235 0.885857
vt 0.192519 0.885857
vt 0.192519 0.442281
f 1132/1132/1132 1133/1133/1133 1134/1134/1134
v 0.212037 -0.010519 -0.384469
v 0.191817 -0.010519 -0.384469
v 0.191817 2.01158 -0.384469
vn 0 0 -1
vn 0 0 -1
vn 0 0 -1
vt 0.004513 0.442281
vt 0.008948 0.442281
vt 0.008948 0.885857
f 1135/1135/1135 1136/1136/1136 1137/1137/1137
v 0.191817 2.01158 -0.384469
v 0.212037 2.01158 -0.384469
v 0.212037 -0.010519 -0.384469
vn 0 0 -1
vn 0 0 -1
vn 0 0 -1
vt 0.008948 0.885857
vt 0.004513 0.885857
vt 0.004513 0.442281
f 1138/1138/1138 1139/1139/1139 1140/1140/1140
v 0.191817 -0.010519 -0.384469
v 0.191817 -0.010519 0.01995
v 0.191817 2.01158 0.01995
vn -1 0 -0
vn -1 0 -0
vn -1 0 -0
vt 0.373026 0.442281
vt 0.461742 0.442281
vt 0.461742 0.885857
f 1141/1141/1141 1142/1142/1142 1143/1143/1143
v 0.191817 2.01158 0.01995
v 0.191817 2.01158 -0.384469
v 0.191817 -0.010519 -0.384469
vn -1 0 -0
vn -1 0 -0
vn -1 0 -0
vt 0.461742 0.885857
vt 0.373026 0.885857
vt 0.373026 0.442281
f 1144/1144/1144 1145/1145/1145 1146/1146/1146
v -0.576622 1.99131 0.019953
v -0.576622 1.99131 -0.384466
v 0.191774 1.99131 -0.384466
vn 0 -1 -0
vn 0 -1 -0
vn 0 -1 -0
vt 0.461742 0.436974
vt 0.373026 0.436974
vt 0.373026 0.268415
f 1147/1147/1147 1148/1148/1148 1149/1149/1149
v 0.191774 1.99131 -0.384466
v 0.191774 1.99131 0.019953
v -0.576622 1.99131 0.019953
vn 0 -1 -0
vn 0 -1 -0
vn 0 -1 -0
vt 0.373026 0.268415
vt 0.461742 0.268415
vt 0.461742 0.436974
f 1150/1150/1150 1151/1151/1151 1152/1152/1152
v -0.576622 2.01153 0.019953
v 0.191774 2.01153 0.019953
v 0.191774 2.01153 -0.384466
vn 0 1 -0
vn 0 1 -0
vn 0 1 -0
vt 0.282773 0.436974
vt 0.282773 0.268415
vt 0.371488 0.268415
f 1153/1153/1153 1154/1154/1154 1155/1155/1155
v 0.191774 2.01153 -0.384466
v -0.576622 2.01153 -0.384466
v -0.576622 2.01153 0.019953
vn 0 1 -0
vn 0 1 -0
vn 0 1 -0
vt 0.371488 0.268415
vt 0.371488 0.436974
vt 0.282773 0.436974
f 1156/1156/1156 1157/1157/1157 1158/1158/1158
v -0.576622 1.99131 0.019953
v 0.191774 1.99131 0.019953
v 0.191774 2.01153 0.019953
vn 0 0 1
vn 0 0 1
vn 0 0 1
vt 0.458036 0.265493
vt 0.458036 0.096933
vt 0.462472 0.096933
f 1159/1159/1159 1160/1160/1160 1161/1161/1161
v 0.191774 2.01153 0.019953
v -0.576622 2.01153 0.019953
v -0.576622 1.99131 0.019953
vn 0 0 1
vn 0 0 1
vn 0 0 1
vt 0.462472 0.096933
vt 0.462472 0.265493
vt 0.458036 0.265493
f 1162/1162/1162 1163/1163/1163 1164/1164/1164
v 0.191774 1.99131 0.019953
v 0.191774 1.99131 -0.384466
v 0.191774 2.01153 -0.384466
vn 1 0 -0
vn 1 0 -0
vn 1 0 -0
vt 0.013538 0.437666
vt 0.013538 0.348951
vt 0.017974 0.348951
f 1165/1165/1165 1166/1166/1166 1167/1167/1167
v 0.191774 2.01153 -0.384466
v 0.191774 2.01153 0.019953
v 0.191774 1.99131 0.019953
vn 1 0 -0
vn 1 0 -0
vn 1 0 -0
vt 0.017974 0.348951
vt 0.017974 0.437666
vt 0.013538 0.437666
f 1168/1168/1168 1169/1169/1169 1170/1170/1170
v 0.191774 1.99131 -0.384466
v -0.576622 1.99131 -0.384466
v -0.576622 2.01153 -0.384466
vn 0 0 -1
vn 0 0 -1
vn 0 0 -1
vt 0.367783 0.265493
vt 0.367783 0.096933
vt 0.372219 0.096933
f 1171/1171/1171 1172/1172/1172 1173/1173/1173
v -0.576622 2.01153 -0.384466
v 0.191774 2.01153 -0.384466
v 0.191774 1.99131 -0.384466
vn 0 0 -1
vn 0 0 -1
vn 0 0 -1
vt 0.372219 0.096933
vt 0.372219 0.265493
vt 0.367783 0.265493
f 1174/1174/1174 1175/1175/1175 1176/1176/1176
v -0.576622 1.99131 -0.384466
v -0.576622 1.99131 0.019953
v -0.576622 2.01153 0.019953
vn -1 0 -0
vn -1 0 -0
vn -1 0 -0
vt 0.009025 0.437666
vt 0.009025 0.348951
vt 0.013461 0.348951
f 1177/1177/1177 1178/1178/1178 1179/1179/1179
v -0.576622 2.01153 0.019953
v -0.576622 2.01153 -0.384466
v -0.576622 1.99131 -0.384466
vn -1 0 -0
vn -1 0 -0
vn -1 0 -0
vt 0.013461 0.348951
vt 0.013461 0.437666
vt 0.009025 0.437666
f 1180/1180/1180 1181/1181/1181 1182/1182/1182
v -0.575717 0.089874 0.010111
v -0.575717 0.089874 -0.01011
v -0.193541 0.089874 -0.01011
vn 0 -1 -0
vn 0 -1 -0
vn 0 -1 -0
vt 0.636967 0.41985
vt 0.632531 0.41985
vt 0.632531 0.336014
f 1183/1183/1183 1184/1184/1184 1185/1185/1185
v -0.193541 0.089874 -0.01011
v -0.193541 0.089874 0.010111
v -0.575717 0.089874 0.010111
vn 0 -1 -0
vn 0 -1 -0
vn 0 -1 -0
vt 0.632531 0.336014
vt 0.636967 0.336014
vt 0.636967 0.41985
f 1186/1186/1186 1187/1187/1187 1188/1188/1188
v -0.575717 1.99064 0.010111
v -0.193541 1.99064 0.010111
v -0.193541 1.99064 -0.01011
vn 0 1 -0
vn 0 1 -0
vn 0 1 -0
vt 0.637044 0.334561
vt 0.637044 0.250724
vt 0.641479 0.250724
f 1189/1189/1189 1190/1190/1190 1191/1191/1191
v -0.193541 1.99064 -0.01011
v -0.575717 1.99064 -0.01011
v -0.575717 1.99064 0.010111
vn 0 1 -0
vn 0 1 -0
vn 0 1 -0
vt 0.641479 0.250724
vt 0.641479 0.334561
vt 0.637044 0.334561
f 1192/1192/1192 1193/1193/1193 1194/1194/1194
v -0.575717 0.089874 0.010111
v -0.193541 0.089874 0.010111
v -0.193541 1.99064 0.010111
vn 0 0 1
vn 0 0 1
vn 0 0 1
vt 0.916164 0
vt 1 0
vt 1 0.416962
f 1195/1195/1195 1196/1196/1196 1197/1197/1197
v -0.193541 1.99064 0.010111
v -0.575717 1.99064 0.010111
v -0.575717 0.089874 0.010111
vn 0 0 1
vn 0 0 1
vn 0 0 1
vt 1 0.416962
vt 0.916164 0.416962
vt 0.916164 0
f 1198/1198/1198 1199/1199/1199 1200/1200/1200
v -0.193541 0.089874 0.010111
v -0.193541 0.089874 -0.01011
v -0.193541 1.99064 -0.01011
vn 1 0 -0
vn 1 0 -0
vn 1 0 -0
vt 0.646069 0
vt 0.650505 0
vt 0.650505 0.416962
f 1201/1201/1201 1202/1202/1202 1203/1203/1203
v -0.193541 1.99064 -0.01011
v -0.193541 1.99064 0.010111
v -0.193541 0.089874 0.010111
vn 1 0 -0
vn 1 0 -0
vn 1 0 -0
vt 0.650505 0.416962
vt 0.646069 0.416962
vt 0.646069 0
f 1204/1204/1204 1205/1205/1205 1206/1206/1206
v -0.193541 0.089874 -0.01011
v -0.575717 0.089874 -0.01011
v -0.575717 1.99064 -0.01011
vn 0 0 -1
vn 0 0 -1
vn 0 0 -1
vt 0.660295 0
vt 0.744131 0
vt 0.744131 0.416962
f 1207/1207/1207 1208/1208/1208 1209/1209/1209
v -0.575717 1.99064 -0.01011
v -0.193541 1.99064 -0.01011
v -0.193541 0.089874 -0.01011
vn 0 0 -1
vn 0 0 -1
vn 0 0 -1
vt 0.744131 0.416962
vt 0.660295 0.416962
vt 0.660295 0
f 1210/1210/1210 1211/1211/1211 1212/1212/1212
v -0.575717 0.089874 -0.01011
v -0.575717 0.089874 0.010111
v -0.575717 1.99064 0.010111
vn -1 0 -0
vn -1 0 -0
vn -1 0 -0
vt 0.641556 0
vt 0.645992 0
vt 0.645992 0.416962
f 1213/1213/1213 1214/1214/1214 1215/1215/1215
v -0.575717 1.99064 0.010111
v -0.575717 1.99064 -0.01011
v -0.575717 0.089874 -0.01011
vn -1 0 -0
vn -1 0 -0
vn -1 0 -0
vt 0.645992 0.416962
vt 0.641556 0.416962
vt 0.641556 0
f 1216/1216/1216 1217/1217/1217 1218/1218/1218
v -0.596844 -0.010519 0.01995
v -0.596844 -0.010519 -0.384469
v -0.576623 -0.010519 -0.384469
vn 0 -1 -0
vn 0 -1 -0
vn 0 -1 -0
vt 0.194045 0.437666
vt 0.194045 0.348951
vt 0.198481 0.348951
f 1219/1219/1219 1220/1220/1220 1221/1221/1221
v -0.576623 -0.010519 -0.384469
v -0.576623 -0.010519 0.01995
v -0.596844 -0.010519 0.01995
vn 0 -1 -0
vn 0 -1 -0
vn 0 -1 -0
vt 0.198481 0.348951
vt 0.198481 0.437666
vt 0.194045 0.437666
f 1222/1222/1222 1223/1223/1223 1224/1224/1224
v -0.596844 2.01158 0.01995
v -0.576623 2.01158 0.01995
v -0.576623 2.01158 -0.384469
vn 0 1 -0
vn 0 1 -0
vn 0 1 -0
vt 0.277529 0.177469
vt 0.281965 0.177469
vt 0.281965 0.266185
f 1225/1225/1225 1226/1226/1226 1227/1227/1227
v -0.576623 2.01158 -0.384469
v -0.596844 2.01158 -0.384469
v -0.596844 2.01158 0.01995
vn 0 1 -0
vn 0 1 -0
vn 0 1 -0
vt 0.281965 0.266185
vt 0.277529 0.266185
vt 0.277529 0.177469
f 1228/1228/1228 1229/1229/1229 1230/1230/1230
v -0.596844 -0.010519 0.01995
v -0.576623 -0.010519 0.01995
v -0.576623 2.01158 0.01995
vn 0 0 1
vn 0 0 1
vn 0 0 1
vt 0.013538 0.442281
vt 0.017974 0.442281
vt 0.017974 0.885857
f 1231/1231/1231 1232/1232/1232 1233/1233/1233
v -0.576623 2.01158 0.01995
v -0.596844 2.01158 0.01995
v -0.596844 -0.010519 0.01995
vn 0 0 1
vn 0 0 1
vn 0 0 1
vt 0.017974 0.885857
vt 0.013538 0.885857
vt 0.013538 0.442281
f 1234/1234/1234 1235/1235/1235 1236/1236/1236
v -0.576623 -0.010519 0.01995
v -0.576623 -0.010519 -0.384469
v -0.576623 2.01158 -0.384469
vn 1 0 -0
vn 1 0 -0
vn 1 0 -0
vt 0.282773 0.442281
vt 0.371488 0.442281
vt 0.371488 0.885857
f 1237/1237/1237 1238/1238/1238 1239/1239/1239
v -0.576623 2.01158 -0.384469
v -0.576623 2.01158 0.01995
v -0.576623 -0.010519 0.01995
vn 1 0 -0
vn 1 0 -0
vn 1 0 -0
vt 0.371488 0.885857
vt 0.282773 0.885857
vt 0.282773 0.442281
f 1240/1240/1240 1241/1241/1241 1242/1242/1242
v -0.576623 -0.010519 -0.384469
v -0.596844 -0.010519 -0.384469
v -0.596844 2.01158 -0.384469
vn 0 0 -1
vn 0 0 -1
vn 0 0 -1
vt 0.009025 0.442281
vt 0.013461 0.442281
vt 0.013461 0.885857
f 1243/1243/1243 1244/1244/1244 1245/1245/1245
v -0.596844 2.01158 -0.384469
v -0.576623 2.01158 -0.384469
v -0.576623 -0.010519 -0.384469
vn 0 0 -1
vn 0 0 -1
vn 0 0 -1
vt 0.013461 0.885857
vt 0.009025 0.885857
vt 0.009025 0.442281
f 1246/1246/1246 1247/1247/1247 1248/1248/1248
v -0.596844 -0.010519 -0.384469
v -0.596844 -0.010519 0.01995
v -0.596844 2.01158 0.01995
vn -1 0 -0
vn -1 0 -0
vn -1 0 -0
vt 0.102266 0.442281
vt 0.190981 0.442281
vt 0.190981 0.885857
f 1249/1249/1249 1250/1250/1250 1251/1251/1251
v -0.596844 2.01158 0.01995
v -0.596844 2.01158 -0.384469
v -0.596844 -0.010519 -0.384469
vn -1 0 -0
vn -1 0 -0
vn -1 0 -0
vt 0.190981 0.885857
vt 0.102266 0.885857
vt 0.102266 0.442281
f 1252/1252/1252 1253/1253/1253 1254/1254/1254
