####
#
#	OBJ File Generated by LightWave3D
#	LightWave3D OBJ Export v2.2
#
####
#	Object: drzwi1.lwo
#
#	                Vertices: 2344
#	                  Points: 0
#	                   Lines: 8
#	                   Faces: 3325
#	               Materials: 3
#
####

o drzwi1.lwo

#	             Vertex list

v -0.464713 -0.0048935 0.0143148
v -0.464712 2.0862 0.0143148
v -0.486253 -0.0048935 0.0143148
v -0.486253 2.0862 0.0143148
v -0.464713 -0.0048935 -0.0185188
v -0.464712 2.0862 -0.0185188
v -0.486253 -0.0048935 -0.0185188
v -0.486253 2.0862 -0.0185188
v -0.521382 -0.0048935 0.0382145
v -0.521382 2.0862 0.0382145
v -0.521382 -0.0048935 -0.0419031
v -0.521382 2.0862 -0.0419031
v -0.482158 -0.0048935 0.0382145
v -0.482158 2.0862 0.0382145
v -0.482158 -0.0048935 -0.0419031
v -0.482158 2.0862 -0.0419031
v 0.464712 -0.0048935 -0.0184072
v 0.464713 2.0862 -0.0184072
v 0.486253 -0.0048935 -0.0184072
v 0.486253 2.0862 -0.0184072
v 0.464712 -0.0048935 0.0144264
v 0.464713 2.0862 0.0144264
v 0.486253 -0.0048935 0.0144264
v 0.486253 2.0862 0.0144264
v 0.521382 -0.0048935 -0.042307
v 0.521382 2.0862 -0.042307
v 0.521382 -0.0048935 0.0378109
v 0.521382 2.0862 0.0378109
v 0.482158 -0.0048935 -0.0423069
v 0.482158 2.0862 -0.0423069
v 0.482158 -0.0048935 0.0378109
v 0.482158 2.0862 0.0378109
v -0.503295 2.03437 0.0141285
v 0.499899 2.03432 0.0141283
v -0.503295 2.05412 0.0141285
v 0.499899 2.05406 0.0141283
v -0.503295 2.03437 -0.0187051
v 0.499899 2.03432 -0.0187052
v -0.503295 2.05412 -0.0187051
v 0.499899 2.05406 -0.0187052
v -0.503295 2.08632 0.0380282
v 0.499899 2.08627 0.0380279
v -0.503294 2.08632 -0.0420894
v 0.499899 2.08627 -0.0420897
v -0.503294 2.05037 0.0380282
v 0.499899 2.05031 0.0380279
v -0.503295 2.05037 -0.0420894
v 0.499899 2.05031 -0.0420897
v -0.503295 0.0127052 0.0380282
v 0.499898 0.0126479 0.0380279
v -0.503295 0.0127052 -0.0420894
v 0.499898 0.0126479 -0.0420897
v -0.503295 -0.00626751 0.0380282
v 0.499898 -0.00632485 0.0380279
v -0.503295 -0.00479098 -0.0420894
v 0.499898 -0.0048482 -0.0420897
v 0.49694 1.739 0.0503557
v 0.497144 1.739 0.0483042
v 0.497749 1.739 0.0463315
v 0.498731 1.739 0.0445136
v 0.500052 1.739 0.0429201
v 0.501662 1.739 0.0416124
v 0.503499 1.739 0.0406405
v 0.505492 1.739 0.0400422
v 0.507565 1.739 0.0398401
v 0.509637 1.739 0.0400422
v 0.511631 1.739 0.0406405
v 0.513467 1.739 0.0416124
v 0.515077 1.739 0.0429201
v 0.516399 1.739 0.0445136
v 0.517381 1.739 0.0463315
v 0.517985 1.739 0.0483042
v 0.518189 1.739 0.0503557
v 0.517985 1.739 0.0524073
v 0.517381 1.739 0.0543798
v 0.516399 1.739 0.0561978
v 0.515077 1.739 0.0577914
v 0.513467 1.739 0.0590991
v 0.511631 1.739 0.0600706
v 0.509637 1.739 0.0606693
v 0.507565 1.739 0.0608713
v 0.505492 1.739 0.0606693
v 0.503499 1.739 0.0600706
v 0.501662 1.739 0.0590991
v 0.500052 1.739 0.0577914
v 0.49873 1.739 0.0561978
v 0.497749 1.739 0.0543798
v 0.497144 1.739 0.0524073
v 0.49694 1.70441 0.0503557
v 0.49694 1.73834 0.0503557
v 0.497144 1.70441 0.0483042
v 0.497144 1.73834 0.0483042
v 0.497749 1.70441 0.0463315
v 0.497749 1.73834 0.0463315
v 0.498731 1.70441 0.0445136
v 0.498731 1.73834 0.0445136
v 0.500052 1.70441 0.0429201
v 0.500052 1.73834 0.0429201
v 0.501662 1.70441 0.0416124
v 0.501662 1.73834 0.0416124
v 0.503499 1.70441 0.0406405
v 0.503499 1.73834 0.0406405
v 0.505492 1.70441 0.0400422
v 0.505492 1.73834 0.0400422
v 0.507565 1.70441 0.0398401
v 0.507565 1.73834 0.0398401
v 0.509637 1.70441 0.0400422
v 0.509637 1.73834 0.0400422
v 0.511631 1.70441 0.0406405
v 0.511631 1.73834 0.0406405
v 0.513467 1.70441 0.0416124
v 0.513467 1.73834 0.0416124
v 0.515077 1.70441 0.0429201
v 0.515077 1.73834 0.0429201
v 0.516399 1.70441 0.0445136
v 0.516399 1.73834 0.0445136
v 0.517381 1.70441 0.0463315
v 0.517381 1.73834 0.0463315
v 0.517985 1.70441 0.0483042
v 0.517985 1.73834 0.0483042
v 0.518189 1.70441 0.0503557
v 0.518189 1.73834 0.0503557
v 0.517985 1.70441 0.0524073
v 0.517985 1.73834 0.0524073
v 0.517381 1.70441 0.0543798
v 0.517381 1.73834 0.0543798
v 0.516399 1.70441 0.0561978
v 0.516399 1.73834 0.0561978
v 0.515077 1.70441 0.0577914
v 0.515077 1.73834 0.0577914
v 0.513467 1.70441 0.0590991
v 0.513467 1.73834 0.0590991
v 0.511631 1.70441 0.0600706
v 0.511631 1.73834 0.0600706
v 0.509637 1.70441 0.0606693
v 0.509637 1.73834 0.0606693
v 0.507565 1.70441 0.0608713
v 0.507565 1.73834 0.0608713
v 0.505492 1.70441 0.0606693
v 0.505492 1.73834 0.0606693
v 0.503499 1.70441 0.0600706
v 0.503499 1.73834 0.0600706
v 0.501662 1.70441 0.0590991
v 0.501662 1.73834 0.0590991
v 0.500052 1.70441 0.0577914
v 0.500052 1.73834 0.0577914
v 0.49873 1.70441 0.0561978
v 0.49873 1.73834 0.0561978
v 0.497749 1.70441 0.0543798
v 0.497749 1.73834 0.0543798
v 0.497144 1.70441 0.0524073
v 0.497144 1.73834 0.0524073
v 0.499702 1.72195 0.0503557
v 0.499702 1.75588 0.0503557
v 0.499853 1.72195 0.0488904
v 0.499853 1.75588 0.0488904
v 0.500301 1.72195 0.0474813
v 0.500301 1.75588 0.0474813
v 0.501027 1.72195 0.0461826
v 0.501027 1.75588 0.0461826
v 0.502005 1.72195 0.0450444
v 0.502005 1.75588 0.0450444
v 0.503196 1.72195 0.0441103
v 0.503196 1.75588 0.0441103
v 0.504556 1.72195 0.0434163
v 0.504556 1.75588 0.0434163
v 0.506031 1.72195 0.0429887
v 0.506031 1.75588 0.0429887
v 0.507565 1.72195 0.0428446
v 0.507565 1.75588 0.0428446
v 0.509098 1.72195 0.0429887
v 0.509098 1.75588 0.0429887
v 0.510574 1.72195 0.0434163
v 0.510574 1.75588 0.0434163
v 0.511933 1.72195 0.0441103
v 0.511933 1.75588 0.0441103
v 0.513124 1.72195 0.0450444
v 0.513124 1.75588 0.0450444
v 0.514102 1.72195 0.0461826
v 0.514102 1.75588 0.0461826
v 0.514829 1.72195 0.0474813
v 0.514829 1.75588 0.0474813
v 0.515276 1.72195 0.0488904
v 0.515276 1.75588 0.0488904
v 0.515427 1.72195 0.0503557
v 0.515427 1.75588 0.0503557
v 0.515276 1.72195 0.051821
v 0.515276 1.75588 0.051821
v 0.514829 1.72195 0.0532301
v 0.514829 1.75588 0.0532301
v 0.514102 1.72195 0.0545286
v 0.514102 1.75588 0.0545286
v 0.513124 1.72195 0.0556671
v 0.513124 1.75588 0.0556671
v 0.511933 1.72195 0.0566011
v 0.511933 1.75588 0.0566011
v 0.510574 1.72195 0.0572951
v 0.510574 1.75588 0.0572951
v 0.509098 1.72195 0.0577225
v 0.509098 1.75588 0.0577225
v 0.507565 1.72195 0.0578668
v 0.507565 1.75588 0.0578668
v 0.506031 1.72195 0.0577225
v 0.506031 1.75588 0.0577225
v 0.504556 1.72195 0.0572951
v 0.504556 1.75588 0.0572951
v 0.503196 1.72195 0.0566011
v 0.503196 1.75588 0.0566011
v 0.502005 1.72195 0.0556671
v 0.502005 1.75588 0.0556671
v 0.501027 1.72195 0.0545286
v 0.501027 1.75588 0.0545286
v 0.500301 1.72195 0.0532301
v 0.500301 1.75588 0.0532301
v 0.499853 1.72195 0.051821
v 0.499853 1.75588 0.051821
v 0.499853 0.376102 0.051821
v 0.499853 0.342176 0.051821
v 0.500301 0.376102 0.0532301
v 0.500301 0.342176 0.0532301
v 0.501027 0.376102 0.0545286
v 0.501027 0.342176 0.0545286
v 0.502005 0.376102 0.0556671
v 0.502005 0.342176 0.0556671
v 0.503196 0.376102 0.0566011
v 0.503196 0.342176 0.0566011
v 0.504556 0.376102 0.0572951
v 0.504556 0.342176 0.0572951
v 0.506031 0.376102 0.0577225
v 0.506031 0.342176 0.0577225
v 0.507564 0.376102 0.0578668
v 0.507564 0.342176 0.0578668
v 0.509098 0.376102 0.0577225
v 0.509098 0.342176 0.0577225
v 0.510573 0.376102 0.0572951
v 0.510573 0.342176 0.0572951
v 0.511933 0.376102 0.0566011
v 0.511933 0.342176 0.0566011
v 0.513124 0.376102 0.0556671
v 0.513124 0.342176 0.0556671
v 0.514102 0.376102 0.0545286
v 0.514102 0.342176 0.0545286
v 0.514829 0.376102 0.0532301
v 0.514829 0.342176 0.0532301
v 0.515276 0.376102 0.051821
v 0.515276 0.342176 0.051821
v 0.515427 0.376102 0.0503557
v 0.515427 0.342176 0.0503557
v 0.515276 0.376102 0.0488904
v 0.515276 0.342176 0.0488904
v 0.514829 0.376102 0.0474813
v 0.514829 0.342176 0.0474813
v 0.514102 0.376102 0.0461826
v 0.514102 0.342176 0.0461826
v 0.513124 0.376102 0.0450444
v 0.513124 0.342176 0.0450444
v 0.511933 0.376102 0.0441103
v 0.511933 0.342176 0.0441103
v 0.510573 0.376102 0.0434163
v 0.510573 0.342176 0.0434163
v 0.509098 0.376102 0.0429887
v 0.509098 0.342176 0.0429887
v 0.507564 0.376102 0.0428446
v 0.507564 0.342176 0.0428446
v 0.506031 0.376102 0.0429887
v 0.506031 0.342176 0.0429887
v 0.504556 0.376102 0.0434163
v 0.504556 0.342176 0.0434163
v 0.503196 0.376102 0.0441103
v 0.503196 0.342176 0.0441103
v 0.502005 0.376102 0.0450444
v 0.502005 0.342176 0.0450444
v 0.501027 0.376102 0.0461826
v 0.501027 0.342176 0.0461826
v 0.500301 0.376102 0.0474813
v 0.500301 0.342176 0.0474813
v 0.499853 0.376102 0.0488904
v 0.499853 0.342176 0.0488904
v 0.499702 0.376102 0.0503557
v 0.499702 0.342176 0.0503557
v 0.497144 0.358561 0.0524073
v 0.497144 0.324635 0.0524073
v 0.497749 0.358561 0.0543798
v 0.497749 0.324635 0.0543798
v 0.49873 0.358561 0.0561978
v 0.49873 0.324635 0.0561978
v 0.500052 0.358561 0.0577914
v 0.500052 0.324635 0.0577914
v 0.501662 0.358561 0.0590991
v 0.501662 0.324635 0.0590991
v 0.503499 0.358561 0.0600706
v 0.503499 0.324635 0.0600706
v 0.505492 0.358561 0.0606693
v 0.505492 0.324635 0.0606693
v 0.507564 0.358561 0.0608713
v 0.507564 0.324635 0.0608713
v 0.509637 0.358561 0.0606693
v 0.509637 0.324635 0.0606693
v 0.51163 0.358561 0.0600706
v 0.51163 0.324635 0.0600706
v 0.513467 0.358561 0.0590991
v 0.513467 0.324635 0.0590991
v 0.515077 0.358561 0.0577914
v 0.515077 0.324635 0.0577914
v 0.516399 0.358561 0.0561978
v 0.516399 0.324635 0.0561978
v 0.517381 0.358561 0.0543798
v 0.517381 0.324635 0.0543798
v 0.517985 0.358561 0.0524073
v 0.517985 0.324635 0.0524073
v 0.518189 0.358561 0.0503557
v 0.518189 0.324635 0.0503557
v 0.517985 0.358561 0.0483042
v 0.517985 0.324635 0.0483042
v 0.517381 0.358561 0.0463315
v 0.517381 0.324635 0.0463315
v 0.516399 0.358561 0.0445136
v 0.516399 0.324635 0.0445136
v 0.515077 0.358561 0.0429201
v 0.515077 0.324635 0.0429201
v 0.513467 0.358561 0.0416124
v 0.513467 0.324635 0.0416124
v 0.51163 0.358561 0.0406405
v 0.51163 0.324635 0.0406405
v 0.509637 0.358561 0.0400422
v 0.509637 0.324635 0.0400422
v 0.507564 0.358561 0.0398401
v 0.507564 0.324635 0.0398401
v 0.505492 0.358561 0.0400422
v 0.505492 0.324635 0.0400422
v 0.503499 0.358561 0.0406405
v 0.503499 0.324635 0.0406405
v 0.501662 0.358561 0.0416124
v 0.501662 0.324635 0.0416124
v 0.500052 0.358561 0.0429201
v 0.500052 0.324635 0.0429201
v 0.498731 0.358561 0.0445136
v 0.498731 0.324635 0.0445136
v 0.497749 0.358561 0.0463315
v 0.497749 0.324635 0.0463315
v 0.497144 0.358561 0.0483042
v 0.497144 0.324635 0.0483042
v 0.49694 0.358561 0.0503557
v 0.49694 0.324635 0.0503557
v 0.497144 0.359226 0.0524073
v 0.497749 0.359226 0.0543798
v 0.49873 0.359226 0.0561978
v 0.500052 0.359226 0.0577914
v 0.501662 0.359226 0.0590991
v 0.503499 0.359226 0.0600706
v 0.505492 0.359226 0.0606693
v 0.507564 0.359226 0.0608713
v 0.509637 0.359226 0.0606693
v 0.51163 0.359226 0.0600706
v 0.513467 0.359226 0.0590991
v 0.515077 0.359226 0.0577914
v 0.516399 0.359226 0.0561978
v 0.517381 0.359226 0.0543798
v 0.517985 0.359226 0.0524073
v 0.518189 0.359226 0.0503557
v 0.517985 0.359226 0.0483042
v 0.517381 0.359226 0.0463315
v 0.516399 0.359226 0.0445136
v 0.515077 0.359226 0.0429201
v 0.513467 0.359226 0.0416124
v 0.51163 0.359226 0.0406405
v 0.509637 0.359226 0.0400422
v 0.507564 0.359226 0.0398401
v 0.505492 0.359226 0.0400422
v 0.503499 0.359226 0.0406405
v 0.501662 0.359226 0.0416124
v 0.500052 0.359226 0.0429201
v 0.498731 0.359226 0.0445136
v 0.497749 0.359226 0.0463315
v 0.497144 0.359226 0.0483042
v 0.49694 0.359226 0.0503557
v 0.503142 1.71962 0.0490234
v 0.503142 1.72163 0.0206813
v 0.503227 1.71863 0.0489162
v 0.503227 1.72064 0.0205741
v 0.503479 1.71768 0.0488132
v 0.503479 1.71969 0.0204712
v 0.503888 1.7168 0.0487183
v 0.503888 1.71881 0.0203762
v 0.504438 1.71603 0.0486351
v 0.504438 1.71804 0.0202931
v 0.505108 1.7154 0.048567
v 0.505108 1.71741 0.0202247
v 0.505872 1.71493 0.0485162
v 0.505872 1.71694 0.0201742
v 0.506702 1.71464 0.0484848
v 0.506702 1.71665 0.0201429
v 0.507565 1.71454 0.0484743
v 0.507565 1.71655 0.0201322
v 0.508428 1.71464 0.0484848
v 0.508428 1.71665 0.0201429
v 0.509257 1.71493 0.0485162
v 0.509257 1.71694 0.0201742
v 0.510021 1.7154 0.048567
v 0.510021 1.71741 0.0202247
v 0.510692 1.71603 0.0486351
v 0.510692 1.71804 0.0202931
v 0.511242 1.7168 0.0487183
v 0.511242 1.71881 0.0203762
v 0.51165 1.71768 0.0488132
v 0.51165 1.71969 0.0204712
v 0.511902 1.71863 0.0489162
v 0.511902 1.72064 0.0205741
v 0.511987 1.71962 0.0490234
v 0.511987 1.72163 0.0206813
v 0.511902 1.72061 0.0491305
v 0.511902 1.72262 0.0207883
v 0.51165 1.72157 0.0492335
v 0.51165 1.72357 0.0208913
v 0.511242 1.72244 0.0493283
v 0.511242 1.72445 0.0209863
v 0.510692 1.72321 0.0494116
v 0.510692 1.72522 0.0210694
v 0.510021 1.72385 0.0494797
v 0.510021 1.72585 0.0211379
v 0.509257 1.72432 0.0495305
v 0.509257 1.72632 0.0211884
v 0.508428 1.7246 0.0495618
v 0.508428 1.72661 0.0212196
v 0.507565 1.7247 0.0495722
v 0.507565 1.72671 0.0212304
v 0.506702 1.7246 0.0495618
v 0.506702 1.72661 0.0212196
v 0.505872 1.72432 0.0495305
v 0.505872 1.72632 0.0211884
v 0.505108 1.72385 0.0494797
v 0.505108 1.72585 0.0211379
v 0.504438 1.72321 0.0494116
v 0.504438 1.72522 0.0210694
v 0.503888 1.72244 0.0493283
v 0.503888 1.72445 0.0209863
v 0.503479 1.72157 0.0492335
v 0.503479 1.72357 0.0208913
v 0.503227 1.72061 0.0491305
v 0.503227 1.72262 0.0207883
v 0.503142 0.341269 0.0490234
v 0.503142 0.343277 0.0206813
v 0.503227 0.340278 0.0489162
v 0.503227 0.342285 0.0205741
v 0.503479 0.339325 0.0488132
v 0.503479 0.341332 0.0204712
v 0.503888 0.338447 0.0487183
v 0.503888 0.340454 0.0203762
v 0.504438 0.337677 0.0486351
v 0.504438 0.339684 0.0202931
v 0.505108 0.337045 0.048567
v 0.505108 0.339053 0.0202247
v 0.505872 0.336576 0.0485162
v 0.505872 0.338583 0.0201742
v 0.506702 0.336287 0.0484848
v 0.506702 0.338294 0.0201429
v 0.507564 0.336189 0.0484743
v 0.507564 0.338196 0.0201322
v 0.508427 0.336287 0.0484848
v 0.508427 0.338294 0.0201429
v 0.509257 0.336576 0.0485162
v 0.509257 0.338583 0.0201742
v 0.510021 0.337045 0.048567
v 0.510021 0.339053 0.0202247
v 0.510692 0.337677 0.0486351
v 0.510692 0.339684 0.0202931
v 0.511242 0.338447 0.0487183
v 0.511242 0.340454 0.0203762
v 0.51165 0.339325 0.0488132
v 0.51165 0.341332 0.0204712
v 0.511902 0.340278 0.0489162
v 0.511902 0.342285 0.0205741
v 0.511987 0.341269 0.0490234
v 0.511987 0.343277 0.0206813
v 0.511902 0.34226 0.0491305
v 0.511902 0.344268 0.0207883
v 0.51165 0.343213 0.0492335
v 0.51165 0.345221 0.0208913
v 0.511242 0.344091 0.0493283
v 0.511242 0.346099 0.0209863
v 0.510692 0.344861 0.0494116
v 0.510692 0.346869 0.0210694
v 0.510021 0.345493 0.0494797
v 0.510021 0.347501 0.0211379
v 0.509257 0.345962 0.0495305
v 0.509257 0.34797 0.0211884
v 0.508427 0.346252 0.0495618
v 0.508427 0.348259 0.0212196
v 0.507564 0.346349 0.0495722
v 0.507564 0.348357 0.0212304
v 0.506702 0.346252 0.0495618
v 0.506702 0.348259 0.0212196
v 0.505872 0.345962 0.0495305
v 0.505872 0.34797 0.0211884
v 0.505108 0.345493 0.0494797
v 0.505108 0.347501 0.0211379
v 0.504438 0.344861 0.0494116
v 0.504438 0.346869 0.0210694
v 0.503888 0.344091 0.0493283
v 0.503888 0.346099 0.0209863
v 0.503479 0.343213 0.0492335
v 0.503479 0.345221 0.0208913
v 0.503227 0.34226 0.0491305
v 0.503227 0.344268 0.0207883
v -0.783177 0.870515 0.0150621
v -0.784025 1.33829 0.0150621
v -1.00947 0.867117 0.0150624
v -1.00947 1.33942 0.0150624
v -0.783177 0.870515 0.0114796
v -0.784025 1.33829 0.0114796
v -1.00947 0.867117 0.0114796
v -1.00947 1.33942 0.0114796
v -0.789701 1.33942 0.0150621
v -0.789736 1.33942 0.0114796
v -0.780511 1.33421 0.0114796
v -0.780511 1.33418 0.0150621
v -0.788483 0.867117 0.0150621
v -0.787602 0.867117 0.0114796
v -0.780511 0.877906 0.0114796
v -0.780511 0.877533 0.0150621
v -0.98816 0.013588 -0.0453127
v -0.028256 0.0135879 -0.045313
v -0.028256 0.0135879 -0.015012
v -0.98816 0.013588 -0.0150118
v -0.98816 2.04824 -0.0453127
v -0.0282555 2.04824 -0.045313
v -0.028256 2.04824 -0.015012
v -0.98816 2.04824 -0.0150118
v -0.0103361 0.000662007 0.0117833
v -0.0103357 2.06251 0.0117833
v -1.00949 0.000662484 0.0117835
v -1.00949 2.06251 0.0117835
v -0.0103361 0.000662007 -0.0152398
v -0.0103357 2.06251 -0.0152398
v -1.00949 0.000662484 -0.0152397
v -1.00949 2.06251 -0.0152397
v -0.0106598 1.739 -4.43081e-005
v -0.0106598 1.77293 -4.43081e-005
v -0.0104557 1.739 -0.00209578
v -0.0104557 1.77293 -0.00209578
v -0.00985124 1.739 -0.00406846
v -0.00985124 1.77293 -0.00406846
v -0.00886943 1.739 -0.0058864
v -0.00886943 1.77293 -0.0058864
v -0.00754808 1.739 -0.00747987
v -0.00754808 1.77293 -0.00747987
v -0.00593804 1.739 -0.00878759
v -0.00593804 1.77293 -0.00878759
v -0.00410115 1.739 -0.00975951
v -0.00410115 1.77293 -0.00975951
v -0.00210833 1.739 -0.0103578
v -0.00210833 1.77293 -0.0103578
v -3.52765e-005 1.739 -0.0105599
v -3.52765e-005 1.77293 -0.0105599
v 0.00203718 1.739 -0.0103578
v 0.00203718 1.77293 -0.0103578
v 0.00403059 1.739 -0.00975951
v 0.00403059 1.77293 -0.00975951
v 0.00586725 1.739 -0.00878759
v 0.00586725 1.77293 -0.00878759
v 0.00747741 1.739 -0.00747987
v 0.00747741 1.77293 -0.00747987
v 0.00879897 1.739 -0.0058864
v 0.00879897 1.77293 -0.0058864
v 0.00978054 1.739 -0.00406846
v 0.00978054 1.77293 -0.00406846
v 0.0103854 1.739 -0.00209578
v 0.0103854 1.77293 -0.00209578
v 0.0105895 1.739 -4.43081e-005
v 0.0105895 1.77293 -4.43081e-005
v 0.0103854 1.739 0.00200728
v 0.0103854 1.77293 0.00200728
v 0.00978054 1.739 0.00397984
v 0.00978054 1.77293 0.00397984
v 0.00879897 1.739 0.00579778
v 0.00879897 1.77293 0.00579778
v 0.00747741 1.739 0.00739137
v 0.00747741 1.77293 0.00739137
v 0.00586725 1.739 0.00869909
v 0.00586725 1.77293 0.00869909
v 0.00403059 1.739 0.00967065
v 0.00403059 1.77293 0.00967065
v 0.00203718 1.739 0.0102693
v 0.00203718 1.77293 0.0102693
v -3.52765e-005 1.739 0.0104713
v -3.52765e-005 1.77293 0.0104713
v -0.00210833 1.739 0.0102693
v -0.00210833 1.77293 0.0102693
v -0.00410115 1.739 0.00967065
v -0.00410115 1.77293 0.00967065
v -0.00593804 1.739 0.00869909
v -0.00593804 1.77293 0.00869909
v -0.00754808 1.739 0.00739137
v -0.00754808 1.77293 0.00739137
v -0.00886967 1.739 0.00579778
v -0.00886967 1.77293 0.00579778
v -0.00985124 1.739 0.00397984
v -0.00985124 1.77293 0.00397984
v -0.0104557 1.739 0.00200728
v -0.0104557 1.77293 0.00200728
v -0.0104561 0.393152 0.00200728
v -0.0104561 0.359226 0.00200728
v -0.00985124 0.393152 0.00397984
v -0.00985124 0.359226 0.00397984
v -0.00886967 0.393152 0.00579778
v -0.00886967 0.359226 0.00579778
v -0.0075482 0.393152 0.00739137
v -0.0075482 0.359226 0.00739137
v -0.00593828 0.393152 0.00869909
v -0.00593828 0.359226 0.00869909
v -0.00410139 0.393152 0.00967065
v -0.00410139 0.359226 0.00967065
v -0.00210833 0.393152 0.0102693
v -0.00210833 0.359226 0.0102693
v -3.55149e-005 0.393152 0.0104713
v -3.55149e-005 0.359226 0.0104713
v 0.00203718 0.393152 0.0102693
v 0.00203718 0.359226 0.0102693
v 0.00403036 0.393152 0.00967065
v 0.00403036 0.359226 0.00967065
v 0.00586725 0.393152 0.00869909
v 0.00586725 0.359226 0.00869909
v 0.00747729 0.393152 0.00739137
v 0.00747729 0.359226 0.00739137
v 0.00879873 0.393152 0.00579778
v 0.00879873 0.359226 0.00579778
v 0.00978054 0.393152 0.00397984
v 0.00978054 0.359226 0.00397984
v 0.0103852 0.393152 0.00200728
v 0.0103852 0.359226 0.00200728
v 0.0105893 0.393152 -4.43081e-005
v 0.0105893 0.359226 -4.43081e-005
v 0.0103852 0.393152 -0.00209578
v 0.0103852 0.359226 -0.00209578
v 0.00978054 0.393152 -0.00406846
v 0.00978054 0.359226 -0.00406846
v 0.00879873 0.393152 -0.0058864
v 0.00879873 0.359226 -0.0058864
v 0.00747729 0.393152 -0.00747987
v 0.00747729 0.359226 -0.00747987
v 0.00586725 0.393152 -0.00878759
v 0.00586725 0.359226 -0.00878759
v 0.00403036 0.393152 -0.00975951
v 0.00403036 0.359226 -0.00975951
v 0.00203718 0.393152 -0.0103578
v 0.00203718 0.359226 -0.0103578
v -3.55149e-005 0.393152 -0.0105599
v -3.55149e-005 0.359226 -0.0105599
v -0.00210833 0.393152 -0.0103578
v -0.00210833 0.359226 -0.0103578
v -0.00410139 0.393152 -0.00975951
v -0.00410139 0.359226 -0.00975951
v -0.00593828 0.393152 -0.00878759
v -0.00593828 0.359226 -0.00878759
v -0.0075482 0.393152 -0.00747987
v -0.0075482 0.359226 -0.00747987
v -0.00886943 0.393152 -0.0058864
v -0.00886943 0.359226 -0.0058864
v -0.00985124 0.393152 -0.00406846
v -0.00985124 0.359226 -0.00406846
v -0.0104561 0.393152 -0.00209578
v -0.0104561 0.359226 -0.00209578
v -0.0106603 0.393152 -4.43081e-005
v -0.0106603 0.359226 -4.43081e-005
v -0.33621 1.44265 0.0159582
v -0.33621 1.64865 0.0159582
v -0.678166 1.44265 0.0159582
v -0.678165 1.64865 0.0159582
v -0.33621 1.44265 0.00831929
v -0.33621 1.64865 0.00831929
v -0.678166 1.44265 0.00831929
v -0.678165 1.64865 0.00831929
v -0.441503 1.82513 0.012146
v -0.441503 1.94029 0.012146
v -0.582636 1.82513 0.0121463
v -0.582636 1.94029 0.0121463
v -0.937577 1.0694 -0.0434932
v -0.934334 1.07401 -0.0607251
v -0.934334 1.04921 -0.0607251
v -0.937577 1.04337 -0.0434932
v -0.937577 1.26309 -0.0434932
v -0.934334 1.2585 -0.0607251
v -0.914782 1.09547 -0.0607251
v -0.897289 1.07401 -0.0607251
v -0.897289 1.04921 -0.0607251
v -0.898144 1.04472 -0.0607251
v -0.900627 1.04068 -0.0607251
v -0.904492 1.03746 -0.0607251
v -0.909362 1.0354 -0.0607251
v -0.914763 1.03469 -0.0607251
v -0.916861 1.03469 -0.0607251
v -0.92226 1.0354 -0.0607251
v -0.92713 1.03746 -0.0607251
v -0.930996 1.04068 -0.0607251
v -0.933478 1.04472 -0.0607251
v -0.934334 1.2832 -0.0607251
v -0.933417 1.2879 -0.0607251
v -0.930761 1.29213 -0.0607251
v -0.926625 1.29549 -0.0607251
v -0.921411 1.29765 -0.0607251
v -0.915633 1.29839 -0.0607251
v -0.918455 1.12557 -0.0607251
v -0.919906 1.12479 -0.0607251
v -0.92118 1.12375 -0.0607251
v -0.922224 1.12247 -0.0607251
v -0.923 1.12102 -0.0607251
v -0.923479 1.11945 -0.0607251
v -0.92364 1.11781 -0.0607251
v -0.923479 1.11617 -0.0607251
v -0.923 1.11459 -0.0607251
v -0.922224 1.11314 -0.0607251
v -0.92118 1.11187 -0.0607251
v -0.919906 1.11082 -0.0607251
v -0.919459 1.11058 -0.0607251
v -0.919459 1.09923 -0.0607251
v -0.919331 1.09826 -0.0607251
v -0.918956 1.09735 -0.0607251
v -0.918359 1.09657 -0.0607251
v -0.917579 1.09598 -0.0607251
v -0.916672 1.0956 -0.0607251
v -0.9157 1.09547 -0.0607251
v -0.911023 1.09923 -0.0607251
v -0.911023 1.11058 -0.0607251
v -0.910574 1.11082 -0.0607251
v -0.909301 1.11187 -0.0607251
v -0.908257 1.11314 -0.0607251
v -0.90748 1.11459 -0.0607251
v -0.907002 1.11617 -0.0607251
v -0.906841 1.11781 -0.0607251
v -0.907002 1.11945 -0.0607251
v -0.90748 1.12102 -0.0607251
v -0.908257 1.12247 -0.0607251
v -0.909301 1.12375 -0.0607251
v -0.910574 1.12479 -0.0607251
v -0.912025 1.12557 -0.0607251
v -0.913601 1.12605 -0.0607251
v -0.91524 1.12621 -0.0607251
v -0.916878 1.12605 -0.0607251
v -0.915991 1.29839 -0.0607251
v -0.910212 1.29765 -0.0607251
v -0.904998 1.29549 -0.0607251
v -0.900861 1.29213 -0.0607251
v -0.898205 1.2879 -0.0607251
v -0.897289 1.2832 -0.0607251
v -0.897289 1.2585 -0.0607251
v -0.91381 1.0956 -0.0607251
v -0.912903 1.09598 -0.0607251
v -0.912123 1.09657 -0.0607251
v -0.911527 1.09735 -0.0607251
v -0.911151 1.09826 -0.0607251
v -0.937577 1.28903 -0.0434932
v -0.894046 1.26309 -0.0434932
v -0.894046 1.0694 -0.0434932
v -0.894046 1.04337 -0.0434932
v -0.895053 1.03866 -0.0434932
v -0.897969 1.03441 -0.0434932
v -0.90251 1.03103 -0.0434932
v -0.908234 1.02887 -0.0434932
v -0.914579 1.02812 -0.0434932
v -0.917043 1.02812 -0.0434932
v -0.923388 1.02887 -0.0434932
v -0.929112 1.03103 -0.0434932
v -0.933654 1.03441 -0.0434932
v -0.93657 1.03866 -0.0434932
v -0.936499 1.29396 -0.0434932
v -0.933378 1.2984 -0.0434932
v -0.928518 1.30193 -0.0434932
v -0.922393 1.3042 -0.0434932
v -0.9156 1.30498 -0.0434932
v -0.916021 1.30498 -0.0434932
v -0.909232 1.3042 -0.0434932
v -0.903104 1.30193 -0.0434932
v -0.898244 1.2984 -0.0434932
v -0.895122 1.29396 -0.0434932
v -0.894046 1.28903 -0.0434932
v -0.919077 1.28242 -0.0607261
v -0.918855 1.28316 -0.0607261
v -0.918647 1.28316 -0.0613202
v -0.918855 1.28242 -0.061407
v -0.918311 1.28384 -0.06118
v -0.919152 1.28164 -0.0607261
v -0.918311 1.28316 -0.0619511
v -0.918498 1.28384 -0.0607261
v -0.918008 1.28384 -0.061748
v -0.918926 1.28164 -0.0614361
v -0.918498 1.28242 -0.062076
v -0.917857 1.28444 -0.0609922
v -0.917598 1.28444 -0.0614752
v -0.918017 1.28444 -0.0607261
v -0.919077 1.28087 -0.0606989
v -0.917857 1.28316 -0.0625042
v -0.917598 1.28384 -0.0622463
v -0.917304 1.28494 -0.0607261
v -0.917101 1.28493 -0.0611419
v -0.917251 1.28444 -0.0618991
v -0.918855 1.28087 -0.061407
v -0.918561 1.28164 -0.062118
v -0.918017 1.28242 -0.062663
v -0.91743 1.28493 -0.0607261
v -0.916829 1.28493 -0.0614752
v -0.918855 1.28013 -0.0607261
v -0.917304 1.28316 -0.0629582
v -0.917101 1.28384 -0.0626549
v -0.916829 1.28444 -0.0622463
v -0.916526 1.2853 -0.0607261
v -0.916345 1.28529 -0.0609922
v -0.916672 1.28529 -0.0607261
v -0.916496 1.28493 -0.061748
v -0.918647 1.28013 -0.0613202
v -0.918498 1.28087 -0.062076
v -0.91807 1.28164 -0.0627159
v -0.91743 1.28242 -0.0631451
v -0.915821 1.28552 -0.0607261
v -0.916116 1.28529 -0.06118
v -0.918498 1.27945 -0.0607261
v -0.916672 1.28316 -0.0632948
v -0.916534 1.28384 -0.0629582
v -0.916345 1.28444 -0.0625042
v -0.916116 1.28493 -0.0619511
v -0.915917 1.28552 -0.0607261
v -0.915704 1.28552 -0.0607261
v -0.915855 1.28529 -0.0613202
v -0.918311 1.27945 -0.06118
v -0.918311 1.28013 -0.0619511
v -0.918017 1.28087 -0.062663
v -0.917471 1.28164 -0.063208
v -0.916759 1.28242 -0.0635032
v -0.915126 1.28552 -0.0607261
v -0.914982 1.28529 -0.061407
v -0.915276 1.28529 -0.0614361
v -0.915571 1.28529 -0.061407
v -0.918008 1.27945 -0.061748
v -0.917598 1.27885 -0.0614752
v -0.917857 1.27885 -0.0609922
v -0.918017 1.27885 -0.0607261
v -0.915989 1.28316 -0.0635032
v -0.915917 1.28384 -0.0631451
v -0.915821 1.28444 -0.062663
v -0.915704 1.28493 -0.062076
v -0.914848 1.28552 -0.0607261
v -0.914436 1.28529 -0.06118
v -0.914698 1.28529 -0.0613202
v -0.915276 1.28493 -0.062118
v -0.917598 1.27945 -0.0622463
v -0.9173 1.27832 -0.0607261
v -0.91743 1.27836 -0.0607261
v -0.917857 1.28013 -0.0625042
v -0.91743 1.28087 -0.0631451
v -0.916789 1.28164 -0.0635728
v -0.916033 1.28242 -0.063723
v -0.914733 1.28552 -0.0607261
v -0.914436 1.28493 -0.0619511
v -0.914848 1.28493 -0.062076
v -0.917251 1.27885 -0.0618991
v -0.917101 1.27836 -0.0611419
v -0.915276 1.28316 -0.0635728
v -0.915276 1.28384 -0.063208
v -0.915276 1.28444 -0.0627159
v -0.914207 1.28529 -0.0609922
v -0.914057 1.28493 -0.061748
v -0.917101 1.27945 -0.0626549
v -0.917304 1.28013 -0.0629582
v -0.916829 1.27836 -0.0614752
v -0.916496 1.27836 -0.061748
v -0.916116 1.278 -0.06118
v -0.916531 1.27797 -0.0607261
v -0.916672 1.278 -0.0607261
v -0.916759 1.28087 -0.0635032
v -0.916047 1.28164 -0.0637969
v -0.915276 1.28242 -0.0637969
v -0.914635 1.28552 -0.0607261
v -0.914207 1.28444 -0.0625042
v -0.914733 1.28444 -0.062663
v -0.916829 1.27885 -0.0622463
v -0.916116 1.27836 -0.0619511
v -0.915704 1.27777 -0.0607261
v -0.914565 1.28316 -0.0635032
v -0.914635 1.28384 -0.0631451
v -0.913726 1.28493 -0.0614752
v -0.913988 1.28529 -0.0607261
v -0.913726 1.28444 -0.0622463
v -0.916534 1.27945 -0.0629582
v -0.916672 1.28013 -0.0632948
v -0.916345 1.27885 -0.0625042
v -0.915855 1.278 -0.0613202
v -0.915917 1.27777 -0.0607261
v -0.915571 1.278 -0.061407
v -0.915427 1.27777 -0.0607261
v -0.916033 1.28087 -0.063723
v -0.915276 1.28164 -0.0638742
v -0.91452 1.28242 -0.063723
v -0.91388 1.28529 -0.0607261
v -0.913283 1.28494 -0.0607261
v -0.913452 1.28493 -0.0611419
v -0.914019 1.28384 -0.0629582
v -0.915704 1.27836 -0.062076
v -0.915821 1.27885 -0.062663
v -0.914698 1.278 -0.0613202
v -0.914436 1.278 -0.06118
v -0.914848 1.27777 -0.0607261
v -0.915276 1.278 -0.0614361
v -0.914982 1.278 -0.061407
v -0.91388 1.28316 -0.0632948
v -0.913301 1.28444 -0.0618991
v -0.912954 1.28444 -0.0614752
v -0.913452 1.28384 -0.0626549
v -0.915917 1.27945 -0.0631451
v -0.915989 1.28013 -0.0635032
v -0.915276 1.27836 -0.062118
v -0.914436 1.27836 -0.0619511
v -0.914057 1.27836 -0.061748
v -0.914635 1.27777 -0.0607261
v -0.914848 1.27836 -0.062076
v -0.915276 1.28087 -0.0637969
v -0.914506 1.28164 -0.0637969
v -0.913793 1.28242 -0.0635032
v -0.912697 1.28444 -0.0609922
v -0.915276 1.27885 -0.0627159
v -0.915276 1.27945 -0.063208
v -0.913726 1.27836 -0.0614752
v -0.913216 1.27831 -0.0607261
v -0.91388 1.278 -0.0607261
v -0.914105 1.27793 -0.0607261
v -0.91325 1.28316 -0.0629582
v -0.912954 1.28384 -0.0622463
v -0.912536 1.28444 -0.0607261
v -0.912055 1.28384 -0.0607261
v -0.912242 1.28384 -0.06118
v -0.912545 1.28384 -0.061748
v -0.913124 1.28493 -0.0607261
v -0.915276 1.28013 -0.0635728
v -0.914733 1.27885 -0.062663
v -0.914207 1.27885 -0.0625042
v -0.913726 1.27885 -0.0622463
v -0.913301 1.27885 -0.0618991
v -0.912954 1.27885 -0.0614752
v -0.912536 1.27885 -0.0607261
v -0.913124 1.27836 -0.0607261
v -0.91452 1.28087 -0.063723
v -0.913765 1.28164 -0.0635728
v -0.913124 1.28242 -0.0631451
v -0.911905 1.28316 -0.0613202
v -0.912242 1.28316 -0.0619511
v -0.914635 1.27945 -0.0631451
v -0.914565 1.28013 -0.0635032
v -0.912545 1.27945 -0.061748
v -0.912242 1.27945 -0.06118
v -0.912055 1.27945 -0.0607261
v -0.912697 1.28316 -0.0625042
v -0.911697 1.28316 -0.0607261
v -0.914019 1.27945 -0.0629582
v -0.913452 1.27945 -0.0626549
v -0.912954 1.27945 -0.0622463
v -0.911905 1.28013 -0.0613202
v -0.911697 1.28013 -0.0607261
v -0.913793 1.28087 -0.0635032
v -0.913083 1.28164 -0.063208
v -0.912536 1.28242 -0.062663
v -0.911697 1.28242 -0.061407
v -0.912055 1.28242 -0.062076
v -0.91388 1.28013 -0.0632948
v -0.912242 1.28013 -0.0619511
v -0.911476 1.28242 -0.0607261
v -0.91325 1.28013 -0.0629582
v -0.912697 1.28013 -0.0625042
v -0.911697 1.28087 -0.061407
v -0.911476 1.28087 -0.0607023
v -0.913124 1.28087 -0.0631451
v -0.912483 1.28164 -0.0627159
v -0.911627 1.28164 -0.0614361
v -0.911992 1.28164 -0.062118
v -0.912055 1.28087 -0.062076
v -0.911401 1.28164 -0.0607261
v -0.912536 1.28087 -0.062663
v -0.929828 1.19826 -0.0607251
v -0.929828 1.19826 -0.0912718
v -0.929535 1.19528 -0.0912718
v -0.929535 1.19528 -0.0607251
v -0.929535 1.20124 -0.0607251
v -0.929535 1.20124 -0.0912718
v -0.928666 1.20411 -0.0912718
v -0.927256 1.20675 -0.0912718
v -0.925356 1.20906 -0.0912718
v -0.924767 1.20954 -0.0912718
v -0.9253 1.2089 -0.0912718
v -0.926732 1.20715 -0.0912718
v -0.927013 1.20662 -0.0912718
v -0.927679 1.20538 -0.0912718
v -0.927844 1.20507 -0.0912718
v -0.928219 1.20437 -0.0912718
v -0.928912 1.20208 -0.0912718
v -0.928912 1.19438 -0.0912718
v -0.928907 1.19437 -0.0912718
v -0.928434 1.19281 -0.0912718
v -0.928219 1.19209 -0.0912718
v -0.927684 1.19109 -0.0912718
v -0.927451 1.19065 -0.0912718
v -0.926943 1.18971 -0.0912718
v -0.926732 1.18931 -0.0912718
v -0.9253 1.18756 -0.0912718
v -0.924926 1.18711 -0.0912718
v -0.925356 1.18746 -0.0912718
v -0.927256 1.18978 -0.0912718
v -0.928666 1.19242 -0.0912718
v -0.928666 1.19242 -0.0607251
v -0.928666 1.20411 -0.0607251
v -0.927256 1.20675 -0.0607251
v -0.925356 1.20906 -0.0607251
v -0.923041 1.21096 -0.0607251
v -0.923041 1.21096 -0.0893678
v -0.924767 1.20954 -0.0893678
v -0.924767 1.20954 -0.0894761
v -0.924736 1.20958 -0.0893678
v -0.924736 1.20958 -0.0968408
v -0.925164 1.20906 -0.0966849
v -0.926732 1.20715 -0.0961112
v -0.927679 1.20538 -0.0957641
v -0.928219 1.20437 -0.0955691
v -0.928912 1.20208 -0.095313
v -0.928912 1.2017 -0.095313
v -0.928912 1.19802 -0.095313
v -0.928912 1.19438 -0.095313
v -0.928899 1.19434 -0.0953192
v -0.928219 1.19209 -0.0955691
v -0.927451 1.19065 -0.095848
v -0.926732 1.18931 -0.0961112
v -0.924815 1.18697 -0.0968122
v -0.924736 1.18688 -0.0968408
v -0.924736 1.18688 -0.0893678
v -0.924926 1.18711 -0.0900073
v -0.925356 1.18746 -0.0607251
v -0.924926 1.18711 -0.0893678
v -0.923041 1.18556 -0.0893678
v -0.923041 1.18556 -0.0607251
v -0.927256 1.18978 -0.0607251
v -0.9204 1.21237 -0.0607251
v -0.9204 1.21237 -0.0893678
v -0.919182 1.21274 -0.0893678
v -0.920129 1.21274 -0.0893678
v -0.922303 1.21158 -0.0893678
v -0.922303 1.21158 -0.0974779
v -0.923385 1.21069 -0.0973362
v -0.915364 1.21069 -0.100268
v -0.915364 1.20906 -0.100268
v -0.915364 1.20538 -0.100268
v -0.915364 1.2017 -0.100268
v -0.915364 1.19802 -0.100268
v -0.915364 1.19434 -0.100268
v -0.915364 1.19065 -0.100268
v -0.915364 1.18697 -0.100268
v -0.915364 1.18534 -0.100268
v -0.922865 1.18534 -0.0975241
v -0.922303 1.18488 -0.097598
v -0.922303 1.18488 -0.0893678
v -0.919527 1.1834 -0.0893678
v -0.919182 1.18329 -0.0893678
v -0.917574 1.18329 -0.0893678
v -0.9204 1.18415 -0.0893678
v -0.9204 1.18415 -0.0607251
v -0.917536 1.21324 -0.0607251
v -0.917536 1.21324 -0.0912718
v -0.919182 1.21274 -0.0912718
v -0.909927 1.21274 -0.0912718
v -0.909927 1.21274 -0.0893678
v -0.901815 1.21274 -0.0893678
v -0.865168 1.21274 -0.100841
v -0.826259 1.21274 -0.100425
v -0.771257 1.21274 -0.0908932
v -0.769069 1.21274 -0.0909829
v -0.767468 1.21274 -0.0918822
v -0.766885 1.21274 -0.0933523
v -0.766885 1.21274 -0.093738
v -0.800247 1.21274 -0.100078
v -0.826647 1.21274 -0.105204
v -0.845882 1.21274 -0.106987
v -0.864979 1.21274 -0.106749
v -0.884133 1.21274 -0.105269
v -0.903339 1.21274 -0.102237
v -0.914723 1.21274 -0.098319
v -0.920129 1.21274 -0.096343
v -0.920643 1.21247 -0.0972461
v -0.922046 1.21172 -0.0975322
v -0.91528 1.21172 -0.100006
v -0.904078 1.21069 -0.104223
v -0.904078 1.20906 -0.104223
v -0.904078 1.20538 -0.104223
v -0.904078 1.2017 -0.104223
v -0.904078 1.19802 -0.104223
v -0.904078 1.19434 -0.104223
v -0.904078 1.19065 -0.104223
v -0.904078 1.18697 -0.104223
v -0.904078 1.18534 -0.104223
v -0.91528 1.18432 -0.100006
v -0.92125 1.18432 -0.0978231
v -0.919846 1.18357 -0.097537
v -0.919527 1.1834 -0.0969762
v -0.919182 1.18329 -0.0966892
v -0.914723 1.18329 -0.098319
v -0.903339 1.18329 -0.102237
v -0.884133 1.18329 -0.105269
v -0.864979 1.18329 -0.106749
v -0.845882 1.18329 -0.106987
v -0.826644 1.18329 -0.105203
v -0.800247 1.18329 -0.100078
v -0.766885 1.18329 -0.093738
v -0.766885 1.18329 -0.0933523
v -0.767468 1.18329 -0.0918822
v -0.769069 1.18329 -0.0909829
v -0.771257 1.18329 -0.0908932
v -0.826259 1.18329 -0.100425
v -0.865168 1.18329 -0.100841
v -0.901815 1.18329 -0.0893678
v -0.911537 1.18329 -0.0893678
v -0.911537 1.18329 -0.0912718
v -0.917574 1.18329 -0.0912718
v -0.917536 1.18328 -0.0912718
v -0.917536 1.18328 -0.0607251
v -0.914555 1.21353 -0.0607251
v -0.914555 1.21353 -0.0912718
v -0.911576 1.21324 -0.0912718
v -0.908711 1.21237 -0.0607251
v -0.908711 1.21237 -0.0893678
v -0.911576 1.21324 -0.0607251
v -0.90607 1.21096 -0.0893678
v -0.903758 1.20906 -0.0893678
v -0.901856 1.20675 -0.0893678
v -0.901815 1.20667 -0.0893678
v -0.901128 1.20538 -0.0896611
v -0.865168 1.20538 -0.100841
v -0.826259 1.20538 -0.100425
v -0.771257 1.20538 -0.0908932
v -0.769069 1.20538 -0.0909829
v -0.767468 1.20538 -0.0918822
v -0.766885 1.20538 -0.0933523
v -0.766885 1.21069 -0.0958929
v -0.766885 1.21172 -0.0956029
v -0.766885 1.21247 -0.0948162
v -0.766885 1.19802 -0.0933523
v -0.766885 1.19065 -0.0933523
v -0.766885 1.18357 -0.0948162
v -0.766885 1.18432 -0.0956029
v -0.766885 1.18534 -0.0958929
v -0.766885 1.18697 -0.0958929
v -0.766885 1.19065 -0.0958929
v -0.766885 1.19434 -0.0958929
v -0.766885 1.19802 -0.0958929
v -0.766885 1.2017 -0.0958929
v -0.766885 1.20538 -0.0958929
v -0.766885 1.20906 -0.0958929
v -0.799925 1.21247 -0.101082
v -0.826453 1.21247 -0.10622
v -0.845799 1.21247 -0.108014
v -0.865074 1.21247 -0.107774
v -0.884378 1.21247 -0.106281
v -0.903707 1.21247 -0.103229
v -0.915044 1.21247 -0.0992941
v -0.884621 1.21069 -0.107294
v -0.884621 1.20906 -0.107294
v -0.884621 1.20538 -0.107294
v -0.884621 1.2017 -0.107294
v -0.884621 1.19802 -0.107294
v -0.884621 1.19434 -0.107294
v -0.884621 1.19065 -0.107294
v -0.884621 1.18697 -0.107294
v -0.884621 1.18534 -0.107294
v -0.90398 1.18432 -0.103957
v -0.915044 1.18357 -0.0992941
v -0.903707 1.18357 -0.103229
v -0.884378 1.18357 -0.106281
v -0.865074 1.18357 -0.107774
v -0.845799 1.18357 -0.108014
v -0.826453 1.18357 -0.10622
v -0.799925 1.18357 -0.101082
v -0.767468 1.19065 -0.0918822
v -0.769069 1.19065 -0.0909829
v -0.771257 1.19065 -0.0908932
v -0.826259 1.19065 -0.100425
v -0.865168 1.19065 -0.100841
v -0.901387 1.19065 -0.089549
v -0.901815 1.18985 -0.0893678
v -0.901856 1.18978 -0.0893678
v -0.903758 1.18746 -0.0893678
v -0.90607 1.18556 -0.0893678
v -0.908711 1.18415 -0.0893678
v -0.911576 1.18328 -0.0607251
v -0.911576 1.18328 -0.0912718
v -0.908711 1.18415 -0.0607251
v -0.914555 1.18299 -0.0912718
v -0.914555 1.18299 -0.0607251
v -0.90607 1.21096 -0.0607251
v -0.903758 1.20906 -0.0607251
v -0.901856 1.20675 -0.0607251
v -0.900448 1.20411 -0.0607251
v -0.900448 1.20411 -0.0899481
v -0.865168 1.19802 -0.100841
v -0.826259 1.19802 -0.100425
v -0.771257 1.19802 -0.0908932
v -0.769069 1.19802 -0.0909829
v -0.767468 1.19802 -0.0918822
v -0.799597 1.21069 -0.102085
v -0.799597 1.20906 -0.102085
v -0.799684 1.21172 -0.101817
v -0.799684 1.18432 -0.101817
v -0.799597 1.18534 -0.102085
v -0.799597 1.18697 -0.102085
v -0.799597 1.19065 -0.102085
v -0.799597 1.19434 -0.102085
v -0.799597 1.19802 -0.102085
v -0.799597 1.2017 -0.102085
v -0.799597 1.20538 -0.102085
v -0.90398 1.21172 -0.103957
v -0.865168 1.21069 -0.108798
v -0.865168 1.20906 -0.108798
v -0.865168 1.20538 -0.108798
v -0.865168 1.2017 -0.108798
v -0.865168 1.19802 -0.108798
v -0.865168 1.19434 -0.108798
v -0.865168 1.19065 -0.108798
v -0.865168 1.18697 -0.108798
v -0.865168 1.18534 -0.108798
v -0.884556 1.18432 -0.107023
v -0.901856 1.18978 -0.0607251
v -0.900448 1.19242 -0.0899481
v -0.900448 1.19242 -0.0607251
v -0.903758 1.18746 -0.0607251
v -0.90607 1.18556 -0.0607251
v -0.899576 1.20124 -0.0607251
v -0.899576 1.20124 -0.0903172
v -0.826259 1.21069 -0.107236
v -0.826259 1.20906 -0.107236
v -0.826259 1.18697 -0.107236
v -0.826259 1.18534 -0.107236
v -0.826259 1.19065 -0.107236
v -0.826259 1.19434 -0.107236
v -0.826259 1.19802 -0.107236
v -0.826259 1.2017 -0.107236
v -0.826259 1.20538 -0.107236
v -0.826312 1.21172 -0.106964
v -0.845738 1.21172 -0.108765
v -0.865143 1.21172 -0.108523
v -0.884556 1.21172 -0.107023
v -0.845713 1.21069 -0.109041
v -0.845713 1.20906 -0.109041
v -0.845713 1.20538 -0.109041
v -0.845713 1.2017 -0.109041
v -0.845713 1.19802 -0.109041
v -0.845713 1.19434 -0.109041
v -0.845713 1.19065 -0.109041
v -0.845713 1.18697 -0.109041
v -0.845713 1.18534 -0.109041
v -0.865143 1.18432 -0.108523
v -0.845738 1.18432 -0.108765
v -0.826312 1.18432 -0.106963
v -0.899576 1.19528 -0.0903172
v -0.899576 1.19528 -0.0607251
v -0.899282 1.19826 -0.0607251
v -0.899282 1.19826 -0.0904402
v -0.899306 1.19802 -0.0904302
v -0.919077 1.05109 -0.0607261
v -0.918855 1.05183 -0.0607261
v -0.918647 1.05183 -0.0613202
v -0.918855 1.05109 -0.061407
v -0.918311 1.05251 -0.06118
v -0.919152 1.05032 -0.0607261
v -0.918311 1.05183 -0.0619511
v -0.918498 1.05251 -0.0607261
v -0.918008 1.05251 -0.061748
v -0.918926 1.05032 -0.0614361
v -0.918498 1.05109 -0.062076
v -0.917857 1.05311 -0.0609922
v -0.917598 1.05311 -0.0614752
v -0.918017 1.05311 -0.0607261
v -0.919077 1.04954 -0.0606989
v -0.917857 1.05183 -0.0625042
v -0.917598 1.05251 -0.0622463
v -0.917304 1.05361 -0.0607261
v -0.917101 1.0536 -0.0611419
v -0.917251 1.05311 -0.0618991
v -0.918855 1.04954 -0.061407
v -0.918561 1.05032 -0.062118
v -0.918017 1.05109 -0.062663
v -0.91743 1.0536 -0.0607261
v -0.916829 1.0536 -0.0614752
v -0.918855 1.0488 -0.0607261
v -0.917304 1.05183 -0.0629582
v -0.917101 1.05251 -0.0626549
v -0.916829 1.05311 -0.0622463
v -0.916526 1.05397 -0.0607261
v -0.916345 1.05396 -0.0609922
v -0.916672 1.05396 -0.0607261
v -0.916496 1.0536 -0.061748
v -0.918647 1.0488 -0.0613202
v -0.918498 1.04954 -0.062076
v -0.91807 1.05032 -0.0627159
v -0.91743 1.05109 -0.0631451
v -0.915821 1.05419 -0.0607261
v -0.916116 1.05396 -0.06118
v -0.918498 1.04812 -0.0607261
v -0.916672 1.05183 -0.0632948
v -0.916534 1.05251 -0.0629582
v -0.916345 1.05311 -0.0625042
v -0.916116 1.0536 -0.0619511
v -0.915917 1.05419 -0.0607261
v -0.915704 1.05419 -0.0607261
v -0.915855 1.05396 -0.0613202
v -0.918311 1.04812 -0.06118
v -0.918311 1.0488 -0.0619511
v -0.918017 1.04954 -0.062663
v -0.917471 1.05032 -0.063208
v -0.916759 1.05109 -0.0635032
v -0.915126 1.05419 -0.0607261
v -0.914982 1.05396 -0.061407
v -0.915276 1.05396 -0.0614361
v -0.915571 1.05396 -0.061407
v -0.918008 1.04812 -0.061748
v -0.917598 1.04752 -0.0614752
v -0.917857 1.04752 -0.0609922
v -0.918017 1.04752 -0.0607261
v -0.915989 1.05183 -0.0635032
v -0.915917 1.05251 -0.0631451
v -0.915821 1.05311 -0.062663
v -0.915704 1.0536 -0.062076
v -0.914848 1.05419 -0.0607261
v -0.914436 1.05396 -0.06118
v -0.914698 1.05396 -0.0613202
v -0.915276 1.0536 -0.062118
v -0.917598 1.04812 -0.0622463
v -0.9173 1.04699 -0.0607261
v -0.91743 1.04703 -0.0607261
v -0.917857 1.0488 -0.0625042
v -0.91743 1.04954 -0.0631451
v -0.916789 1.05032 -0.0635728
v -0.916033 1.05109 -0.063723
v -0.914733 1.05419 -0.0607261
v -0.914436 1.0536 -0.0619511
v -0.914848 1.0536 -0.062076
v -0.917251 1.04752 -0.0618991
v -0.917101 1.04703 -0.0611419
v -0.915276 1.05183 -0.0635728
v -0.915276 1.05251 -0.063208
v -0.915276 1.05311 -0.0627159
v -0.914207 1.05396 -0.0609922
v -0.914057 1.0536 -0.061748
v -0.917101 1.04812 -0.0626549
v -0.917304 1.0488 -0.0629582
v -0.916829 1.04703 -0.0614752
v -0.916496 1.04703 -0.061748
v -0.916116 1.04667 -0.06118
v -0.916531 1.04664 -0.0607261
v -0.916672 1.04667 -0.0607261
v -0.916759 1.04954 -0.0635032
v -0.916047 1.05032 -0.0637969
v -0.915276 1.05109 -0.0637969
v -0.914635 1.05419 -0.0607261
v -0.914207 1.05311 -0.0625042
v -0.914733 1.05311 -0.062663
v -0.916829 1.04752 -0.0622463
v -0.916116 1.04703 -0.0619511
v -0.915704 1.04644 -0.0607261
v -0.914565 1.05183 -0.0635032
v -0.914635 1.05251 -0.0631451
v -0.913726 1.0536 -0.0614752
v -0.913988 1.05396 -0.0607261
v -0.913726 1.05311 -0.0622463
v -0.916534 1.04812 -0.0629582
v -0.916672 1.0488 -0.0632948
v -0.916345 1.04752 -0.0625042
v -0.915855 1.04667 -0.0613202
v -0.915917 1.04644 -0.0607261
v -0.915571 1.04667 -0.061407
v -0.915427 1.04644 -0.0607261
v -0.916033 1.04954 -0.063723
v -0.915276 1.05032 -0.0638742
v -0.91452 1.05109 -0.063723
v -0.91388 1.05396 -0.0607261
v -0.913283 1.05361 -0.0607261
v -0.913452 1.0536 -0.0611419
v -0.914019 1.05251 -0.0629582
v -0.915704 1.04703 -0.062076
v -0.915821 1.04752 -0.062663
v -0.914698 1.04667 -0.0613202
v -0.914436 1.04667 -0.06118
v -0.914848 1.04644 -0.0607261
v -0.915276 1.04667 -0.0614361
v -0.914982 1.04667 -0.061407
v -0.91388 1.05183 -0.0632948
v -0.913301 1.05311 -0.0618991
v -0.912954 1.05311 -0.0614752
v -0.913452 1.05251 -0.0626549
v -0.915917 1.04812 -0.0631451
v -0.915989 1.0488 -0.0635032
v -0.915276 1.04703 -0.062118
v -0.914436 1.04703 -0.0619511
v -0.914057 1.04703 -0.061748
v -0.914635 1.04644 -0.0607261
v -0.914848 1.04703 -0.062076
v -0.915276 1.04954 -0.0637969
v -0.914506 1.05032 -0.0637969
v -0.913793 1.05109 -0.0635032
v -0.912697 1.05311 -0.0609922
v -0.915276 1.04752 -0.0627159
v -0.915276 1.04812 -0.063208
v -0.913726 1.04703 -0.0614752
v -0.913216 1.04698 -0.0607261
v -0.91388 1.04667 -0.0607261
v -0.914105 1.0466 -0.0607261
v -0.91325 1.05183 -0.0629582
v -0.912954 1.05251 -0.0622463
v -0.912536 1.05311 -0.0607261
v -0.912055 1.05251 -0.0607261
v -0.912242 1.05251 -0.06118
v -0.912545 1.05251 -0.061748
v -0.913124 1.0536 -0.0607261
v -0.915276 1.0488 -0.0635728
v -0.914733 1.04752 -0.062663
v -0.914207 1.04752 -0.0625042
v -0.913726 1.04752 -0.0622463
v -0.913301 1.04752 -0.0618991
v -0.912954 1.04752 -0.0614752
v -0.912536 1.04752 -0.0607261
v -0.913124 1.04703 -0.0607261
v -0.91452 1.04954 -0.063723
v -0.913765 1.05032 -0.0635728
v -0.913124 1.05109 -0.0631451
v -0.911905 1.05183 -0.0613202
v -0.912242 1.05183 -0.0619511
v -0.914635 1.04812 -0.0631451
v -0.914565 1.0488 -0.0635032
v -0.912545 1.04812 -0.061748
v -0.912242 1.04812 -0.06118
v -0.912055 1.04812 -0.0607261
v -0.912697 1.05183 -0.0625042
v -0.911697 1.05183 -0.0607261
v -0.914019 1.04812 -0.0629582
v -0.913452 1.04812 -0.0626549
v -0.912954 1.04812 -0.0622463
v -0.911905 1.0488 -0.0613202
v -0.911697 1.0488 -0.0607261
v -0.913793 1.04954 -0.0635032
v -0.913083 1.05032 -0.063208
v -0.912536 1.05109 -0.062663
v -0.911697 1.05109 -0.061407
v -0.912055 1.05109 -0.062076
v -0.91388 1.0488 -0.0632948
v -0.912242 1.0488 -0.0619511
v -0.911476 1.05109 -0.0607261
v -0.91325 1.0488 -0.0629582
v -0.912697 1.0488 -0.0625042
v -0.911697 1.04954 -0.061407
v -0.911476 1.04954 -0.0607023
v -0.913124 1.04954 -0.0631451
v -0.912483 1.05032 -0.0627159
v -0.911627 1.05032 -0.0614361
v -0.911992 1.05032 -0.062118
v -0.912055 1.04954 -0.062076
v -0.911401 1.05032 -0.0607261
v -0.912536 1.04954 -0.062663
v -0.9157 1.09547 -0.056991
v -0.914782 1.09547 -0.056991
v -0.91381 1.0956 -0.056991
v -0.919459 1.11058 -0.056991
v -0.918455 1.11005 -0.056991
v -0.916878 1.10957 -0.056991
v -0.91524 1.10941 -0.056991
v -0.913601 1.10957 -0.056991
v -0.912025 1.11005 -0.056991
v -0.911023 1.11058 -0.056991
v -0.911023 1.09923 -0.056991
v -0.911151 1.09826 -0.056991
v -0.911527 1.09735 -0.056991
v -0.912123 1.09657 -0.056991
v -0.912903 1.09598 -0.056991
v -0.916672 1.0956 -0.056991
v -0.917579 1.09598 -0.056991
v -0.918359 1.09657 -0.056991
v -0.918956 1.09735 -0.056991
v -0.919331 1.09826 -0.056991
v -0.919459 1.09923 -0.056991
v -0.919906 1.11082 -0.0569901
v -0.918455 1.11005 -0.0569901
v -0.912025 1.11005 -0.0569901
v -0.910574 1.11082 -0.0569901
v -0.913601 1.10957 -0.0569901
v -0.91524 1.10941 -0.0569901
v -0.916878 1.10957 -0.0569901
v -0.923479 1.11945 -0.0569901
v -0.923 1.12102 -0.0569901
v -0.922224 1.12247 -0.0569901
v -0.92118 1.12375 -0.0569901
v -0.919906 1.12479 -0.0569901
v -0.918455 1.12557 -0.0569901
v -0.916878 1.12605 -0.0569901
v -0.91524 1.12621 -0.0569901
v -0.913601 1.12605 -0.0569901
v -0.912025 1.12557 -0.0569901
v -0.910574 1.12479 -0.0569901
v -0.909301 1.12375 -0.0569901
v -0.908257 1.12247 -0.0569901
v -0.90748 1.12102 -0.0569901
v -0.907002 1.11945 -0.0569901
v -0.906841 1.11781 -0.0569901
v -0.907002 1.11617 -0.0569901
v -0.90748 1.11459 -0.0569901
v -0.908257 1.11314 -0.0569901
v -0.909301 1.11187 -0.0569901
v -0.92118 1.11187 -0.0569901
v -0.922224 1.11314 -0.0569901
v -0.923 1.11459 -0.0569901
v -0.923479 1.11617 -0.0569901
v -0.92364 1.11781 -0.0569901
v -0.894046 1.0694 0.0150201
v -0.897288 1.07401 0.032253
v -0.897288 1.04921 0.032253
v -0.894046 1.04337 0.0150201
v -0.894046 1.26309 0.0150201
v -0.897288 1.2585 0.032253
v -0.916839 1.09547 0.032253
v -0.934333 1.07401 0.032253
v -0.934333 1.04921 0.032253
v -0.933477 1.04472 0.032253
v -0.930995 1.04068 0.032253
v -0.927129 1.03746 0.032253
v -0.922259 1.0354 0.032253
v -0.916858 1.03469 0.032253
v -0.914761 1.03469 0.032253
v -0.909362 1.0354 0.032253
v -0.904491 1.03746 0.032253
v -0.900626 1.04068 0.032253
v -0.898143 1.04472 0.032253
v -0.897288 1.2832 0.032253
v -0.898205 1.2879 0.032253
v -0.90086 1.29213 0.032253
v -0.904996 1.29549 0.032253
v -0.91021 1.29765 0.032253
v -0.915989 1.29839 0.032253
v -0.913167 1.12557 0.032253
v -0.911715 1.12479 0.032253
v -0.910442 1.12375 0.032253
v -0.909398 1.12247 0.032253
v -0.908621 1.12102 0.032253
v -0.908143 1.11945 0.032253
v -0.907981 1.11781 0.032253
v -0.908143 1.11617 0.032253
v -0.908621 1.11459 0.032253
v -0.909398 1.11314 0.032253
v -0.910442 1.11187 0.032253
v -0.911715 1.11082 0.032253
v -0.912162 1.11058 0.032253
v -0.912162 1.09923 0.032253
v -0.91229 1.09826 0.032253
v -0.912666 1.09735 0.032253
v -0.913263 1.09657 0.032253
v -0.914042 1.09598 0.032253
v -0.914949 1.0956 0.032253
v -0.915922 1.09547 0.032253
v -0.920599 1.09923 0.032253
v -0.920599 1.11058 0.032253
v -0.921048 1.11082 0.032253
v -0.922321 1.11187 0.032253
v -0.923365 1.11314 0.032253
v -0.924143 1.11459 0.032253
v -0.92462 1.11617 0.032253
v -0.924782 1.11781 0.032253
v -0.92462 1.11945 0.032253
v -0.924143 1.12102 0.032253
v -0.923365 1.12247 0.032253
v -0.922321 1.12375 0.032253
v -0.921048 1.12479 0.032253
v -0.919596 1.12557 0.032253
v -0.91802 1.12605 0.032253
v -0.916382 1.12621 0.032253
v -0.914743 1.12605 0.032253
v -0.915631 1.29839 0.032253
v -0.92141 1.29765 0.032253
v -0.926624 1.29549 0.032253
v -0.93076 1.29213 0.032253
v -0.933417 1.2879 0.032253
v -0.934333 1.2832 0.032253
v -0.934333 1.2585 0.032253
v -0.917812 1.0956 0.032253
v -0.918719 1.09598 0.032253
v -0.919498 1.09657 0.032253
v -0.920095 1.09735 0.032253
v -0.920471 1.09826 0.032253
v -0.894046 1.28903 0.0150201
v -0.937575 1.26309 0.0150201
v -0.937575 1.0694 0.0150201
v -0.937575 1.04337 0.0150201
v -0.93657 1.03866 0.0150201
v -0.933652 1.03441 0.0150201
v -0.929111 1.03103 0.0150201
v -0.923387 1.02887 0.0150201
v -0.917042 1.02812 0.0150201
v -0.914578 1.02812 0.0150201
v -0.908233 1.02887 0.0150201
v -0.90251 1.03103 0.0150201
v -0.897968 1.03441 0.0150201
v -0.895052 1.03866 0.0150201
v -0.895122 1.29396 0.0150201
v -0.898244 1.2984 0.0150201
v -0.903104 1.30193 0.0150201
v -0.90923 1.3042 0.0150201
v -0.916021 1.30498 0.0150201
v -0.9156 1.30498 0.0150201
v -0.922391 1.3042 0.0150201
v -0.928517 1.30193 0.0150201
v -0.933378 1.2984 0.0150201
v -0.936499 1.29396 0.0150201
v -0.937575 1.28903 0.0150201
v -0.912545 1.28242 0.032253
v -0.912766 1.28316 0.032253
v -0.912974 1.28316 0.0328481
v -0.912766 1.28242 0.0329329
v -0.913311 1.28384 0.0327069
v -0.912471 1.28164 0.032253
v -0.913311 1.28316 0.033477
v -0.913124 1.28384 0.032253
v -0.913614 1.28384 0.0332748
v -0.912697 1.28164 0.032963
v -0.913124 1.28242 0.0336029
v -0.913765 1.28444 0.03252
v -0.914023 1.28444 0.0330021
v -0.913605 1.28444 0.032253
v -0.912545 1.28087 0.0322258
v -0.913765 1.28316 0.0340311
v -0.914023 1.28384 0.0337731
v -0.914318 1.28494 0.032253
v -0.914521 1.28493 0.0326702
v -0.91437 1.28444 0.033426
v -0.912766 1.28087 0.0329329
v -0.913061 1.28164 0.0336449
v -0.913605 1.28242 0.0341899
v -0.914193 1.28493 0.032253
v -0.914794 1.28493 0.0330021
v -0.912766 1.28013 0.032253
v -0.914318 1.28316 0.034485
v -0.914521 1.28384 0.0341818
v -0.914794 1.28444 0.0337731
v -0.915097 1.2853 0.032253
v -0.915276 1.28529 0.03252
v -0.914949 1.28529 0.032253
v -0.915126 1.28493 0.0332748
v -0.912974 1.28013 0.0328481
v -0.913124 1.28087 0.0336029
v -0.913552 1.28164 0.0342438
v -0.914193 1.28242 0.034671
v -0.915801 1.28552 0.032253
v -0.915505 1.28529 0.0327069
v -0.913124 1.27945 0.032253
v -0.914949 1.28316 0.0348222
v -0.915088 1.28384 0.034485
v -0.915276 1.28444 0.0340311
v -0.915505 1.28493 0.033478
v -0.915704 1.28552 0.032253
v -0.915917 1.28552 0.032253
v -0.915766 1.28529 0.0328481
v -0.913311 1.27945 0.0327069
v -0.913311 1.28013 0.033477
v -0.913605 1.28087 0.0341899
v -0.914151 1.28164 0.0347349
v -0.914862 1.28242 0.0350301
v -0.916496 1.28552 0.032253
v -0.91664 1.28529 0.0329329
v -0.916345 1.28529 0.032963
v -0.916051 1.28529 0.0329329
v -0.913614 1.27945 0.0332748
v -0.914023 1.27885 0.0330021
v -0.913765 1.27885 0.03252
v -0.913605 1.27885 0.032253
v -0.915633 1.28316 0.0350301
v -0.915704 1.28384 0.034671
v -0.915801 1.28444 0.0341899
v -0.915917 1.28493 0.0336029
v -0.916773 1.28552 0.032253
v -0.917185 1.28529 0.0327069
v -0.916924 1.28529 0.0328481
v -0.916345 1.28493 0.0336449
v -0.914023 1.27945 0.0337731
v -0.914323 1.27832 0.032253
v -0.914193 1.27836 0.032253
v -0.913765 1.28013 0.0340311
v -0.914193 1.28087 0.034671
v -0.914834 1.28164 0.0351002
v -0.915589 1.28242 0.0352508
v -0.91689 1.28552 0.032253
v -0.917185 1.28493 0.033477
v -0.916773 1.28493 0.0336029
v -0.91437 1.27885 0.033426
v -0.914521 1.27836 0.0326702
v -0.916345 1.28316 0.0351002
v -0.916345 1.28384 0.0347349
v -0.916345 1.28444 0.0342438
v -0.917414 1.28529 0.03252
v -0.917565 1.28493 0.0332748
v -0.914521 1.27945 0.0341818
v -0.914318 1.28013 0.034485
v -0.914794 1.27836 0.0330021
v -0.915126 1.27836 0.0332748
v -0.915505 1.278 0.0327069
v -0.91509 1.27797 0.032253
v -0.914949 1.278 0.032253
v -0.914862 1.28087 0.0350301
v -0.915575 1.28164 0.0353247
v -0.916345 1.28242 0.0353247
v -0.916986 1.28552 0.032253
v -0.917414 1.28444 0.0340311
v -0.91689 1.28444 0.0341899
v -0.914794 1.27885 0.0337731
v -0.915505 1.27836 0.033477
v -0.915917 1.27777 0.032253
v -0.917058 1.28316 0.0350301
v -0.916986 1.28384 0.034671
v -0.917897 1.28493 0.0330021
v -0.917634 1.28529 0.032253
v -0.917897 1.28444 0.0337731
v -0.915088 1.27945 0.034485
v -0.914949 1.28013 0.0348222
v -0.915276 1.27885 0.0340311
v -0.915766 1.278 0.0328481
v -0.915704 1.27777 0.032253
v -0.916051 1.278 0.0329329
v -0.916195 1.27777 0.032253
v -0.915589 1.28087 0.0352508
v -0.916345 1.28164 0.035401
v -0.917101 1.28242 0.0352508
v -0.917741 1.28529 0.032253
v -0.918339 1.28494 0.032253
v -0.91817 1.28493 0.0326702
v -0.917602 1.28384 0.034485
v -0.915917 1.27836 0.0336029
v -0.915801 1.27885 0.0341899
v -0.916924 1.278 0.0328481
v -0.917185 1.278 0.0327069
v -0.916773 1.27777 0.032253
v -0.916345 1.278 0.032963
v -0.91664 1.278 0.0329329
v -0.917741 1.28316 0.0348222
v -0.91832 1.28444 0.033426
v -0.918667 1.28444 0.0330021
v -0.91817 1.28384 0.0341818
v -0.915704 1.27945 0.034671
v -0.915633 1.28013 0.0350301
v -0.916345 1.27836 0.0336449
v -0.917185 1.27836 0.033477
v -0.917565 1.27836 0.0332748
v -0.916986 1.27777 0.032253
v -0.916773 1.27836 0.0336029
v -0.916345 1.28087 0.0353247
v -0.917116 1.28164 0.0353247
v -0.917828 1.28242 0.0350301
v -0.918926 1.28444 0.03252
v -0.916345 1.27885 0.0342438
v -0.916345 1.27945 0.0347349
v -0.917897 1.27836 0.0330021
v -0.918406 1.27831 0.032253
v -0.917741 1.278 0.032253
v -0.917517 1.27793 0.032253
v -0.918373 1.28316 0.034485
v -0.918667 1.28384 0.0337731
v -0.919085 1.28444 0.032253
v -0.919567 1.28384 0.032253
v -0.91938 1.28384 0.0327069
v -0.919077 1.28384 0.0332748
v -0.918498 1.28493 0.032253
v -0.916345 1.28013 0.0351002
v -0.91689 1.27885 0.0341899
v -0.917414 1.27885 0.0340311
v -0.917897 1.27885 0.0337731
v -0.91832 1.27885 0.033426
v -0.918667 1.27885 0.0330021
v -0.919085 1.27885 0.032253
v -0.918498 1.27836 0.032253
v -0.917101 1.28087 0.0352508
v -0.917857 1.28164 0.0351002
v -0.918498 1.28242 0.034671
v -0.919717 1.28316 0.0328481
v -0.91938 1.28316 0.033477
v -0.916986 1.27945 0.034671
v -0.917058 1.28013 0.0350301
v -0.919077 1.27945 0.0332748
v -0.91938 1.27945 0.0327069
v -0.919567 1.27945 0.032253
v -0.918926 1.28316 0.0340311
v -0.919924 1.28316 0.032253
v -0.917602 1.27945 0.034485
v -0.91817 1.27945 0.0341818
v -0.918667 1.27945 0.0337731
v -0.919717 1.28013 0.0328481
v -0.919924 1.28013 0.032253
v -0.917828 1.28087 0.0350301
v -0.91854 1.28164 0.0347349
v -0.919085 1.28242 0.0341899
v -0.919924 1.28242 0.0329329
v -0.919567 1.28242 0.0336029
v -0.917741 1.28013 0.0348222
v -0.91938 1.28013 0.033477
v -0.920146 1.28242 0.032253
v -0.918373 1.28013 0.034485
v -0.918926 1.28013 0.0340311
v -0.919924 1.28087 0.0329329
v -0.920146 1.28087 0.0322301
v -0.918498 1.28087 0.034671
v -0.919139 1.28164 0.0342438
v -0.919995 1.28164 0.032963
v -0.91963 1.28164 0.0336449
v -0.919567 1.28087 0.0336029
v -0.92022 1.28164 0.032253
v -0.919085 1.28087 0.0341899
v -0.929752 1.19767 0.032253
v -0.929752 1.19767 0.0627991
v -0.929458 1.20065 0.0627991
v -0.929458 1.20065 0.032253
v -0.929458 1.19469 0.032253
v -0.929458 1.19469 0.0627991
v -0.92859 1.19182 0.0627991
v -0.927179 1.18918 0.0627991
v -0.925279 1.18687 0.0627991
v -0.924691 1.18638 0.0627991
v -0.925224 1.18703 0.0627991
v -0.926655 1.18878 0.0627991
v -0.926937 1.18931 0.0627991
v -0.927602 1.19055 0.0627991
v -0.927767 1.19086 0.0627991
v -0.92814 1.19155 0.0627991
v -0.928835 1.19385 0.0627991
v -0.928835 1.20155 0.0627991
v -0.928831 1.20156 0.0627991
v -0.928358 1.20312 0.0627991
v -0.92814 1.20384 0.0627991
v -0.927608 1.20483 0.0627991
v -0.927375 1.20527 0.0627991
v -0.926867 1.20622 0.0627991
v -0.926655 1.20662 0.0627991
v -0.925224 1.20836 0.0627991
v -0.924849 1.20882 0.0627991
v -0.925279 1.20847 0.0627991
v -0.927179 1.20615 0.0627991
v -0.92859 1.20351 0.0627991
v -0.92859 1.20351 0.032253
v -0.92859 1.19182 0.032253
v -0.927179 1.18918 0.032253
v -0.925279 1.18687 0.032253
v -0.922965 1.18497 0.032253
v -0.922965 1.18497 0.0608951
v -0.924691 1.18638 0.0608951
v -0.924691 1.18638 0.0610038
v -0.924659 1.18635 0.0608951
v -0.924659 1.18635 0.0683681
v -0.925088 1.18687 0.0682122
v -0.926655 1.18878 0.0676381
v -0.927602 1.19055 0.0672909
v -0.92814 1.19155 0.0670959
v -0.928835 1.19385 0.0668399
v -0.928835 1.19423 0.0668399
v -0.928835 1.19791 0.0668399
v -0.928835 1.20155 0.0668399
v -0.928822 1.20159 0.0668461
v -0.92814 1.20384 0.0670959
v -0.927375 1.20527 0.0673749
v -0.926655 1.20662 0.0676381
v -0.92474 1.20895 0.06834
v -0.924659 1.20905 0.0683681
v -0.924659 1.20905 0.0608951
v -0.924849 1.20882 0.0615341
v -0.925279 1.20847 0.032253
v -0.924849 1.20882 0.0608951
v -0.922965 1.21037 0.0608951
v -0.922965 1.21037 0.032253
v -0.927179 1.20615 0.032253
v -0.920324 1.18356 0.032253
v -0.920324 1.18356 0.0608951
v -0.919106 1.18319 0.0608951
v -0.920052 1.18319 0.0608951
v -0.922227 1.18435 0.0608951
v -0.922227 1.18435 0.0690052
v -0.923309 1.18524 0.0688631
v -0.915288 1.18524 0.0717961
v -0.915288 1.18687 0.0717961
v -0.915288 1.19055 0.0717961
v -0.915288 1.19423 0.0717961
v -0.915288 1.19791 0.0717961
v -0.915288 1.20159 0.0717961
v -0.915288 1.20527 0.0717961
v -0.915288 1.20895 0.0717961
v -0.915288 1.21058 0.0717961
v -0.922789 1.21058 0.069051
v -0.922227 1.21105 0.0691249
v -0.922227 1.21105 0.0608951
v -0.91945 1.21253 0.0608951
v -0.919106 1.21263 0.0608951
v -0.917497 1.21263 0.0608951
v -0.920324 1.21178 0.0608951
v -0.920324 1.21178 0.032253
v -0.917459 1.18269 0.032253
v -0.917459 1.18269 0.0627991
v -0.919106 1.18319 0.0627991
v -0.909851 1.18319 0.0627991
v -0.909851 1.18319 0.0608951
v -0.901739 1.18319 0.0608951
v -0.865092 1.18319 0.0723678
v -0.826183 1.18319 0.071952
v -0.77118 1.18319 0.062421
v -0.768993 1.18319 0.0625111
v -0.767392 1.18319 0.063409
v -0.766808 1.18319 0.0648801
v -0.766808 1.18319 0.0652649
v -0.800172 1.18319 0.0716049
v -0.826571 1.18319 0.0767318
v -0.845806 1.18319 0.0785138
v -0.864903 1.18319 0.0782768
v -0.884057 1.18319 0.0767972
v -0.903263 1.18319 0.073764
v -0.914647 1.18319 0.0698458
v -0.920052 1.18319 0.0678698
v -0.920566 1.18346 0.068773
v -0.92197 1.18421 0.0690591
v -0.915203 1.18421 0.0715329
v -0.904001 1.18524 0.07575
v -0.904001 1.18687 0.07575
v -0.904001 1.19055 0.07575
v -0.904001 1.19423 0.07575
v -0.904001 1.19791 0.07575
v -0.904001 1.20159 0.07575
v -0.904001 1.20527 0.07575
v -0.904001 1.20895 0.07575
v -0.904001 1.21058 0.07575
v -0.915203 1.21161 0.0715329
v -0.921174 1.21161 0.0693499
v -0.91977 1.21236 0.0690638
v -0.91945 1.21253 0.068504
v -0.919106 1.21263 0.068216
v -0.914647 1.21263 0.0698458
v -0.903263 1.21263 0.073764
v -0.884057 1.21263 0.0767972
v -0.864903 1.21263 0.0782768
v -0.845806 1.21263 0.0785138
v -0.826567 1.21263 0.0767299
v -0.800172 1.21263 0.0716049
v -0.766808 1.21263 0.0652649
v -0.766808 1.21263 0.0648801
v -0.767392 1.21263 0.063409
v -0.768993 1.21263 0.0625111
v -0.77118 1.21263 0.062421
v -0.826183 1.21263 0.071952
v -0.865092 1.21263 0.0723678
v -0.901739 1.21263 0.0608951
v -0.91146 1.21263 0.0608951
v -0.91146 1.21263 0.0627991
v -0.917497 1.21263 0.0627991
v -0.917459 1.21265 0.0627991
v -0.917459 1.21265 0.032253
v -0.914479 1.18239 0.032253
v -0.914479 1.18239 0.0627991
v -0.9115 1.18269 0.0627991
v -0.908634 1.18356 0.032253
v -0.908634 1.18356 0.0608951
v -0.9115 1.18269 0.032253
v -0.905994 1.18497 0.0608951
v -0.903681 1.18687 0.0608951
v -0.90178 1.18918 0.0608951
v -0.901739 1.18926 0.0608951
v -0.90105 1.19055 0.061187
v -0.865092 1.19055 0.0723678
v -0.826183 1.19055 0.071952
v -0.77118 1.19055 0.062421
v -0.768993 1.19055 0.0625111
v -0.767392 1.19055 0.063409
v -0.766808 1.19055 0.0648801
v -0.766808 1.18524 0.0674202
v -0.766808 1.18421 0.0671298
v -0.766808 1.18346 0.066343
v -0.766808 1.19791 0.0648801
v -0.766808 1.20527 0.0648801
v -0.766808 1.21236 0.066343
v -0.766808 1.21161 0.0671298
v -0.766808 1.21058 0.0674202
v -0.766808 1.20895 0.0674202
v -0.766808 1.20527 0.0674202
v -0.766808 1.20159 0.0674202
v -0.766808 1.19791 0.0674202
v -0.766808 1.19423 0.0674202
v -0.766808 1.19055 0.0674202
v -0.766808 1.18687 0.0674202
v -0.799846 1.18346 0.0726091
v -0.826377 1.18346 0.077747
v -0.845722 1.18346 0.0795409
v -0.864997 1.18346 0.079301
v -0.884302 1.18346 0.0778081
v -0.903631 1.18346 0.0747558
v -0.914967 1.18346 0.070821
v -0.884545 1.18524 0.0788199
v -0.884545 1.18687 0.0788199
v -0.884545 1.19055 0.0788199
v -0.884545 1.19423 0.0788199
v -0.884545 1.19791 0.0788199
v -0.884545 1.20159 0.0788199
v -0.884545 1.20527 0.0788199
v -0.884545 1.20895 0.0788199
v -0.884545 1.21058 0.0788199
v -0.903904 1.21161 0.075484
v -0.914967 1.21236 0.070821
v -0.903631 1.21236 0.0747558
v -0.884302 1.21236 0.0778081
v -0.864997 1.21236 0.079301
v -0.845722 1.21236 0.0795409
v -0.826376 1.21236 0.077747
v -0.799846 1.21236 0.0726091
v -0.767392 1.20527 0.063409
v -0.768993 1.20527 0.0625111
v -0.77118 1.20527 0.062421
v -0.826183 1.20527 0.071952
v -0.865092 1.20527 0.0723678
v -0.901311 1.20527 0.0610758
v -0.901739 1.20608 0.0608951
v -0.90178 1.20615 0.0608951
v -0.903681 1.20847 0.0608951
v -0.905994 1.21037 0.0608951
v -0.908634 1.21178 0.0608951
v -0.9115 1.21265 0.032253
v -0.9115 1.21265 0.0627991
v -0.908634 1.21178 0.032253
v -0.914479 1.21294 0.0627991
v -0.914479 1.21294 0.032253
v -0.905994 1.18497 0.032253
v -0.903681 1.18687 0.032253
v -0.90178 1.18918 0.032253
v -0.900369 1.19182 0.032253
v -0.900369 1.19182 0.061475
v -0.865092 1.19791 0.0723678
v -0.826183 1.19791 0.071952
v -0.77118 1.19791 0.062421
v -0.768993 1.19791 0.0625111
v -0.767392 1.19791 0.063409
v -0.799521 1.18524 0.0736119
v -0.799521 1.18687 0.0736119
v -0.799608 1.18421 0.0733439
v -0.799608 1.21161 0.0733439
v -0.799521 1.21058 0.0736119
v -0.799521 1.20895 0.0736119
v -0.799521 1.20527 0.0736119
v -0.799521 1.20159 0.0736119
v -0.799521 1.19791 0.0736119
v -0.799521 1.19423 0.0736119
v -0.799521 1.19055 0.0736119
v -0.903904 1.18421 0.075484
v -0.865092 1.18524 0.0803248
v -0.865092 1.18687 0.0803248
v -0.865092 1.19055 0.0803248
v -0.865092 1.19423 0.0803248
v -0.865092 1.19791 0.0803248
v -0.865092 1.20159 0.0803248
v -0.865092 1.20527 0.0803248
v -0.865092 1.20895 0.0803248
v -0.865092 1.21058 0.0803248
v -0.884479 1.21161 0.07855
v -0.90178 1.20615 0.032253
v -0.900369 1.20351 0.061475
v -0.900369 1.20351 0.032253
v -0.903681 1.20847 0.032253
v -0.905994 1.21037 0.032253
v -0.899501 1.19469 0.032253
v -0.899501 1.19469 0.061844
v -0.826183 1.18524 0.0787632
v -0.826183 1.18687 0.0787632
v -0.826183 1.20895 0.0787632
v -0.826183 1.21058 0.0787632
v -0.826183 1.20527 0.0787632
v -0.826183 1.20159 0.0787632
v -0.826183 1.19791 0.0787632
v -0.826183 1.19423 0.0787632
v -0.826183 1.19055 0.0787632
v -0.826235 1.18421 0.0784909
v -0.845662 1.18421 0.0802919
v -0.865066 1.18421 0.0800511
v -0.884479 1.18421 0.07855
v -0.845637 1.18524 0.080568
v -0.845637 1.18687 0.080568
v -0.845637 1.19055 0.080568
v -0.845637 1.19423 0.080568
v -0.845637 1.19791 0.080568
v -0.845637 1.20159 0.080568
v -0.845637 1.20527 0.080568
v -0.845637 1.20895 0.080568
v -0.845637 1.21058 0.080568
v -0.865066 1.21161 0.0800511
v -0.845662 1.21161 0.0802919
v -0.826235 1.21161 0.0784899
v -0.899501 1.20065 0.061844
v -0.899501 1.20065 0.032253
v -0.899206 1.19767 0.032253
v -0.899206 1.19767 0.0619671
v -0.89923 1.19791 0.061958
v -0.912545 1.05109 0.032253
v -0.912766 1.05183 0.032253
v -0.912974 1.05183 0.0328481
v -0.912766 1.05109 0.0329329
v -0.913311 1.05251 0.0327069
v -0.912471 1.05032 0.032253
v -0.913311 1.05183 0.033477
v -0.913124 1.05251 0.032253
v -0.913614 1.05251 0.0332748
v -0.912697 1.05032 0.032963
v -0.913124 1.05109 0.0336029
v -0.913765 1.05311 0.03252
v -0.914023 1.05311 0.0330021
v -0.913605 1.05311 0.032253
v -0.912545 1.04954 0.0322258
v -0.913765 1.05183 0.0340311
v -0.914023 1.05251 0.0337731
v -0.914318 1.05361 0.032253
v -0.914521 1.0536 0.0326702
v -0.91437 1.05311 0.033426
v -0.912766 1.04954 0.0329329
v -0.913061 1.05032 0.0336449
v -0.913605 1.05109 0.0341899
v -0.914193 1.0536 0.032253
v -0.914794 1.0536 0.0330021
v -0.912766 1.0488 0.032253
v -0.914318 1.05183 0.034485
v -0.914521 1.05251 0.0341818
v -0.914794 1.05311 0.0337731
v -0.915097 1.05397 0.032253
v -0.915276 1.05396 0.03252
v -0.914949 1.05396 0.032253
v -0.915126 1.0536 0.0332748
v -0.912974 1.0488 0.0328481
v -0.913124 1.04954 0.0336029
v -0.913552 1.05032 0.0342438
v -0.914193 1.05109 0.034671
v -0.915801 1.05419 0.032253
v -0.915505 1.05396 0.0327069
v -0.913124 1.04812 0.032253
v -0.914949 1.05183 0.0348222
v -0.915088 1.05251 0.034485
v -0.915276 1.05311 0.0340311
v -0.915505 1.0536 0.033478
v -0.915704 1.05419 0.032253
v -0.915917 1.05419 0.032253
v -0.915766 1.05396 0.0328481
v -0.913311 1.04812 0.0327069
v -0.913311 1.0488 0.033477
v -0.913605 1.04954 0.0341899
v -0.914151 1.05032 0.0347349
v -0.914862 1.05109 0.0350301
v -0.916496 1.05419 0.032253
v -0.91664 1.05396 0.0329329
v -0.916345 1.05396 0.032963
v -0.916051 1.05396 0.0329329
v -0.913614 1.04812 0.0332748
v -0.914023 1.04752 0.0330021
v -0.913765 1.04752 0.03252
v -0.913605 1.04752 0.032253
v -0.915633 1.05183 0.0350301
v -0.915704 1.05251 0.034671
v -0.915801 1.05311 0.0341899
v -0.915917 1.0536 0.0336029
v -0.916773 1.05419 0.032253
v -0.917185 1.05396 0.0327069
v -0.916924 1.05396 0.0328481
v -0.916345 1.0536 0.0336449
v -0.914023 1.04812 0.0337731
v -0.914323 1.04699 0.032253
v -0.914193 1.04703 0.032253
v -0.913765 1.0488 0.0340311
v -0.914193 1.04954 0.034671
v -0.914834 1.05032 0.0351002
v -0.915589 1.05109 0.0352508
v -0.91689 1.05419 0.032253
v -0.917185 1.0536 0.033477
v -0.916773 1.0536 0.0336029
v -0.91437 1.04752 0.033426
v -0.914521 1.04703 0.0326702
v -0.916345 1.05183 0.0351002
v -0.916345 1.05251 0.0347349
v -0.916345 1.05311 0.0342438
v -0.917414 1.05396 0.03252
v -0.917565 1.0536 0.0332748
v -0.914521 1.04812 0.0341818
v -0.914318 1.0488 0.034485
v -0.914794 1.04703 0.0330021
v -0.915126 1.04703 0.0332748
v -0.915505 1.04667 0.0327069
v -0.91509 1.04664 0.032253
v -0.914949 1.04667 0.032253
v -0.914862 1.04954 0.0350301
v -0.915575 1.05032 0.0353247
v -0.916345 1.05109 0.0353247
v -0.916986 1.05419 0.032253
v -0.917414 1.05311 0.0340311
v -0.91689 1.05311 0.0341899
v -0.914794 1.04752 0.0337731
v -0.915505 1.04703 0.033477
v -0.915917 1.04644 0.032253
v -0.917058 1.05183 0.0350301
v -0.916986 1.05251 0.034671
v -0.917897 1.0536 0.0330021
v -0.917634 1.05396 0.032253
v -0.917897 1.05311 0.0337731
v -0.915088 1.04812 0.034485
v -0.914949 1.0488 0.0348222
v -0.915276 1.04752 0.0340311
v -0.915766 1.04667 0.0328481
v -0.915704 1.04644 0.032253
v -0.916051 1.04667 0.0329329
v -0.916195 1.04644 0.032253
v -0.915589 1.04954 0.0352508
v -0.916345 1.05032 0.035401
v -0.917101 1.05109 0.0352508
v -0.917741 1.05396 0.032253
v -0.918339 1.05361 0.032253
v -0.91817 1.0536 0.0326702
v -0.917602 1.05251 0.034485
v -0.915917 1.04703 0.0336029
v -0.915801 1.04752 0.0341899
v -0.916924 1.04667 0.0328481
v -0.917185 1.04667 0.0327069
v -0.916773 1.04644 0.032253
v -0.916345 1.04667 0.032963
v -0.91664 1.04667 0.0329329
v -0.917741 1.05183 0.0348222
v -0.91832 1.05311 0.033426
v -0.918667 1.05311 0.0330021
v -0.91817 1.05251 0.0341818
v -0.915704 1.04812 0.034671
v -0.915633 1.0488 0.0350301
v -0.916345 1.04703 0.0336449
v -0.917185 1.04703 0.033477
v -0.917565 1.04703 0.0332748
v -0.916986 1.04644 0.032253
v -0.916773 1.04703 0.0336029
v -0.916345 1.04954 0.0353247
v -0.917116 1.05032 0.0353247
v -0.917828 1.05109 0.0350301
v -0.918926 1.05311 0.03252
v -0.916345 1.04752 0.0342438
v -0.916345 1.04812 0.0347349
v -0.917897 1.04703 0.0330021
v -0.918406 1.04698 0.032253
v -0.917741 1.04667 0.032253
v -0.917517 1.0466 0.032253
v -0.918373 1.05183 0.034485
v -0.918667 1.05251 0.0337731
v -0.919085 1.05311 0.032253
v -0.919567 1.05251 0.032253
v -0.91938 1.05251 0.0327069
v -0.919077 1.05251 0.0332748
v -0.918498 1.0536 0.032253
v -0.916345 1.0488 0.0351002
v -0.91689 1.04752 0.0341899
v -0.917414 1.04752 0.0340311
v -0.917897 1.04752 0.0337731
v -0.91832 1.04752 0.033426
v -0.918667 1.04752 0.0330021
v -0.919085 1.04752 0.032253
v -0.918498 1.04703 0.032253
v -0.917101 1.04954 0.0352508
v -0.917857 1.05032 0.0351002
v -0.918498 1.05109 0.034671
v -0.919717 1.05183 0.0328481
v -0.91938 1.05183 0.033477
v -0.916986 1.04812 0.034671
v -0.917058 1.0488 0.0350301
v -0.919077 1.04812 0.0332748
v -0.91938 1.04812 0.0327069
v -0.919567 1.04812 0.032253
v -0.918926 1.05183 0.0340311
v -0.919924 1.05183 0.032253
v -0.917602 1.04812 0.034485
v -0.91817 1.04812 0.0341818
v -0.918667 1.04812 0.0337731
v -0.919717 1.0488 0.0328481
v -0.919924 1.0488 0.032253
v -0.917828 1.04954 0.0350301
v -0.91854 1.05032 0.0347349
v -0.919085 1.05109 0.0341899
v -0.919924 1.05109 0.0329329
v -0.919567 1.05109 0.0336029
v -0.917741 1.0488 0.0348222
v -0.91938 1.0488 0.033477
v -0.920146 1.05109 0.032253
v -0.918373 1.0488 0.034485
v -0.918926 1.0488 0.0340311
v -0.919924 1.04954 0.0329329
v -0.920146 1.04954 0.0322301
v -0.918498 1.04954 0.034671
v -0.919139 1.05032 0.0342438
v -0.919995 1.05032 0.032963
v -0.91963 1.05032 0.0336449
v -0.919567 1.04954 0.0336029
v -0.92022 1.05032 0.032253
v -0.919085 1.04954 0.0341899
v -0.915922 1.09547 0.0285179
v -0.916839 1.09547 0.0285179
v -0.917812 1.0956 0.0285179
v -0.912162 1.11058 0.0285179
v -0.913167 1.11005 0.0285179
v -0.914743 1.10957 0.0285179
v -0.916382 1.10941 0.0285179
v -0.91802 1.10957 0.0285179
v -0.919596 1.11005 0.0285179
v -0.920599 1.11058 0.0285179
v -0.920599 1.09923 0.0285179
v -0.920471 1.09826 0.0285179
v -0.920095 1.09735 0.0285179
v -0.919498 1.09657 0.0285179
v -0.918719 1.09598 0.0285179
v -0.914949 1.0956 0.0285179
v -0.914042 1.09598 0.0285179
v -0.913263 1.09657 0.0285179
v -0.912666 1.09735 0.0285179
v -0.91229 1.09826 0.0285179
v -0.912162 1.09923 0.0285179
v -0.911715 1.11082 0.0285169
v -0.913167 1.11005 0.0285169
v -0.919596 1.11005 0.0285169
v -0.921048 1.11082 0.0285169
v -0.91802 1.10957 0.0285169
v -0.916382 1.10941 0.0285169
v -0.914743 1.10957 0.0285169
v -0.908143 1.11945 0.0285169
v -0.908621 1.12102 0.0285169
v -0.909398 1.12247 0.0285169
v -0.910442 1.12375 0.0285169
v -0.911715 1.12479 0.0285169
v -0.913167 1.12557 0.0285169
v -0.914743 1.12605 0.0285169
v -0.916382 1.12621 0.0285169
v -0.91802 1.12605 0.0285169
v -0.919596 1.12557 0.0285169
v -0.921048 1.12479 0.0285169
v -0.922321 1.12375 0.0285169
v -0.923365 1.12247 0.0285169
v -0.924143 1.12102 0.0285169
v -0.92462 1.11945 0.0285169
v -0.924782 1.11781 0.0285169
v -0.92462 1.11617 0.0285169
v -0.924143 1.11459 0.0285169
v -0.923365 1.11314 0.0285169
v -0.922321 1.11187 0.0285169
v -0.910442 1.11187 0.0285169
v -0.909398 1.11314 0.0285169
v -0.908621 1.11459 0.0285169
v -0.908143 1.11617 0.0285169
v -0.907981 1.11781 0.0285169

#	    Point/Line/Face list

g rama
usemtl rama
vt 0.000000 0.000000
vt 0.000000 0.000000
vt 0.000000 0.000000
vt 0.000000 0.000000
f 2/-1 4/-2 3/-3 1/-4
vt 0.000000 0.000000
vt 0.000000 0.000000
vt 0.000000 0.000000
vt 0.000000 0.000000
f 18/-1 20/-2 19/-3 17/-4
vt 0.000000 0.000000
vt 0.000000 0.000000
vt 0.000000 0.000000
vt 0.000000 0.000000
f 8/-1 6/-2 5/-3 7/-4
vt 0.000000 0.000000
vt 0.000000 0.000000
vt 0.000000 0.000000
vt 0.000000 0.000000
f 6/-1 2/-2 1/-3 5/-4
vt 0.000000 0.000000
vt 0.000000 0.000000
vt 0.000000 0.000000
vt 0.000000 0.000000
f 1/-1 3/-2 7/-3 5/-4
vt 0.000000 0.000000
vt 0.000000 0.000000
vt 0.000000 0.000000
vt 0.000000 0.000000
f 10/-1 12/-2 11/-3 9/-4
vt 0.000000 0.000000
vt 0.000000 0.000000
vt 0.000000 0.000000
vt 0.000000 0.000000
f 12/-1 16/-2 15/-3 11/-4
vt 0.000000 0.000000
vt 0.000000 0.000000
vt 0.000000 0.000000
vt 0.000000 0.000000
f 16/-1 14/-2 13/-3 15/-4
vt 0.000000 0.000000
vt 0.000000 0.000000
vt 0.000000 0.000000
vt 0.000000 0.000000
f 14/-1 10/-2 9/-3 13/-4
vt 0.000000 0.000000
vt 0.000000 0.000000
vt 0.000000 0.000000
vt 0.000000 0.000000
f 9/-1 11/-2 15/-3 13/-4
vt 0.000000 0.000000
vt 0.000000 0.000000
vt 0.000000 0.000000
vt 0.000000 0.000000
f 14/-1 16/-2 12/-3 10/-4
vt 0.000000 0.000000
vt 0.000000 0.000000
vt 0.000000 0.000000
vt 0.000000 0.000000
f 24/-1 22/-2 21/-3 23/-4
vt 0.000000 0.000000
vt 0.000000 0.000000
vt 0.000000 0.000000
vt 0.000000 0.000000
f 22/-1 18/-2 17/-3 21/-4
vt 0.000000 0.000000
vt 0.000000 0.000000
vt 0.000000 0.000000
vt 0.000000 0.000000
f 17/-1 19/-2 23/-3 21/-4
vt 0.000000 0.000000
vt 0.000000 0.000000
vt 0.000000 0.000000
vt 0.000000 0.000000
f 26/-1 28/-2 27/-3 25/-4
vt 0.000000 0.000000
vt 0.000000 0.000000
vt 0.000000 0.000000
vt 0.000000 0.000000
f 28/-1 32/-2 31/-3 27/-4
vt 0.000000 0.000000
vt 0.000000 0.000000
vt 0.000000 0.000000
vt 0.000000 0.000000
f 32/-1 30/-2 29/-3 31/-4
vt 0.000000 0.000000
vt 0.000000 0.000000
vt 0.000000 0.000000
vt 0.000000 0.000000
f 30/-1 26/-2 25/-3 29/-4
vt 0.000000 0.000000
vt 0.000000 0.000000
vt 0.000000 0.000000
vt 0.000000 0.000000
f 25/-1 27/-2 31/-3 29/-4
vt 0.000000 0.000000
vt 0.000000 0.000000
vt 0.000000 0.000000
vt 0.000000 0.000000
f 30/-1 32/-2 28/-3 26/-4
vt 0.000000 0.000000
vt 0.000000 0.000000
vt 0.000000 0.000000
vt 0.000000 0.000000
f 34/-1 36/-2 35/-3 33/-4
vt 0.000000 0.000000
vt 0.000000 0.000000
vt 0.000000 0.000000
vt 0.000000 0.000000
f 40/-1 38/-2 37/-3 39/-4
vt 0.000000 0.000000
vt 0.000000 0.000000
vt 0.000000 0.000000
vt 0.000000 0.000000
f 38/-1 34/-2 33/-3 37/-4
vt 0.000000 0.000000
vt 0.000000 0.000000
vt 0.000000 0.000000
vt 0.000000 0.000000
f 42/-1 44/-2 43/-3 41/-4
vt 0.000000 0.000000
vt 0.000000 0.000000
vt 0.000000 0.000000
vt 0.000000 0.000000
f 44/-1 48/-2 47/-3 43/-4
vt 0.000000 0.000000
vt 0.000000 0.000000
vt 0.000000 0.000000
vt 0.000000 0.000000
f 48/-1 46/-2 45/-3 47/-4
vt 0.000000 0.000000
vt 0.000000 0.000000
vt 0.000000 0.000000
vt 0.000000 0.000000
f 46/-1 42/-2 41/-3 45/-4
vt 0.000000 0.000000
vt 0.000000 0.000000
vt 0.000000 0.000000
vt 0.000000 0.000000
f 50/-1 52/-2 51/-3 49/-4
vt 0.000000 0.000000
vt 0.000000 0.000000
vt 0.000000 0.000000
vt 0.000000 0.000000
f 52/-1 56/-2 55/-3 51/-4
vt 0.000000 0.000000
vt 0.000000 0.000000
vt 0.000000 0.000000
vt 0.000000 0.000000
f 54/-1 50/-2 49/-3 53/-4
vt 0.000000 0.000000
vt 0.000000 0.000000
vt 0.000000 0.000000
vt 0.000000 0.000000
vt 0.000000 0.000000
vt 0.000000 0.000000
vt 0.000000 0.000000
vt 0.000000 0.000000
vt 0.000000 0.000000
vt 0.000000 0.000000
vt 0.000000 0.000000
vt 0.000000 0.000000
vt 0.000000 0.000000
vt 0.000000 0.000000
vt 0.000000 0.000000
vt 0.000000 0.000000
vt 0.000000 0.000000
vt 0.000000 0.000000
vt 0.000000 0.000000
vt 0.000000 0.000000
vt 0.000000 0.000000
vt 0.000000 0.000000
vt 0.000000 0.000000
vt 0.000000 0.000000
vt 0.000000 0.000000
vt 0.000000 0.000000
vt 0.000000 0.000000
vt 0.000000 0.000000
vt 0.000000 0.000000
vt 0.000000 0.000000
vt 0.000000 0.000000
vt 0.000000 0.000000
f 57/-1 58/-2 59/-3 60/-4 61/-5 62/-6 63/-7 64/-8 65/-9 66/-10 67/-11 68/-12 69/-13 70/-14 71/-15 72/-16 73/-17 74/-18 75/-19 76/-20 77/-21 78/-22 79/-23 80/-24 81/-25 82/-26 83/-27 84/-28 85/-29 86/-30 87/-31 88/-32
vt 0.000000 0.000000
vt 0.000000 0.000000
vt 0.000000 0.000000
vt 0.000000 0.000000
f 89/-1 90/-2 92/-3 91/-4
vt 0.000000 0.000000
vt 0.000000 0.000000
vt 0.000000 0.000000
vt 0.000000 0.000000
f 91/-1 92/-2 94/-3 93/-4
vt 0.000000 0.000000
vt 0.000000 0.000000
vt 0.000000 0.000000
vt 0.000000 0.000000
f 93/-1 94/-2 96/-3 95/-4
vt 0.000000 0.000000
vt 0.000000 0.000000
vt 0.000000 0.000000
vt 0.000000 0.000000
f 95/-1 96/-2 98/-3 97/-4
vt 0.000000 0.000000
vt 0.000000 0.000000
vt 0.000000 0.000000
vt 0.000000 0.000000
f 97/-1 98/-2 100/-3 99/-4
vt 0.000000 0.000000
vt 0.000000 0.000000
vt 0.000000 0.000000
vt 0.000000 0.000000
f 99/-1 100/-2 102/-3 101/-4
vt 0.000000 0.000000
vt 0.000000 0.000000
vt 0.000000 0.000000
vt 0.000000 0.000000
f 101/-1 102/-2 104/-3 103/-4
vt 0.000000 0.000000
vt 0.000000 0.000000
vt 0.000000 0.000000
vt 0.000000 0.000000
f 103/-1 104/-2 106/-3 105/-4
vt 0.000000 0.000000
vt 0.000000 0.000000
vt 0.000000 0.000000
vt 0.000000 0.000000
f 105/-1 106/-2 108/-3 107/-4
vt 0.000000 0.000000
vt 0.000000 0.000000
vt 0.000000 0.000000
vt 0.000000 0.000000
f 107/-1 108/-2 110/-3 109/-4
vt 0.000000 0.000000
vt 0.000000 0.000000
vt 0.000000 0.000000
vt 0.000000 0.000000
f 109/-1 110/-2 112/-3 111/-4
vt 0.000000 0.000000
vt 0.000000 0.000000
vt 0.000000 0.000000
vt 0.000000 0.000000
f 111/-1 112/-2 114/-3 113/-4
vt 0.000000 0.000000
vt 0.000000 0.000000
vt 0.000000 0.000000
vt 0.000000 0.000000
f 113/-1 114/-2 116/-3 115/-4
vt 0.000000 0.000000
vt 0.000000 0.000000
vt 0.000000 0.000000
vt 0.000000 0.000000
f 115/-1 116/-2 118/-3 117/-4
vt 0.000000 0.000000
vt 0.000000 0.000000
vt 0.000000 0.000000
vt 0.000000 0.000000
f 117/-1 118/-2 120/-3 119/-4
vt 0.000000 0.000000
vt 0.000000 0.000000
vt 0.000000 0.000000
vt 0.000000 0.000000
f 119/-1 120/-2 122/-3 121/-4
vt 0.000000 0.000000
vt 0.000000 0.000000
vt 0.000000 0.000000
vt 0.000000 0.000000
f 121/-1 122/-2 124/-3 123/-4
vt 0.000000 0.000000
vt 0.000000 0.000000
vt 0.000000 0.000000
vt 0.000000 0.000000
f 123/-1 124/-2 126/-3 125/-4
vt 0.000000 0.000000
vt 0.000000 0.000000
vt 0.000000 0.000000
vt 0.000000 0.000000
f 125/-1 126/-2 128/-3 127/-4
vt 0.000000 0.000000
vt 0.000000 0.000000
vt 0.000000 0.000000
vt 0.000000 0.000000
f 127/-1 128/-2 130/-3 129/-4
vt 0.000000 0.000000
vt 0.000000 0.000000
vt 0.000000 0.000000
vt 0.000000 0.000000
f 129/-1 130/-2 132/-3 131/-4
vt 0.000000 0.000000
vt 0.000000 0.000000
vt 0.000000 0.000000
vt 0.000000 0.000000
f 131/-1 132/-2 134/-3 133/-4
vt 0.000000 0.000000
vt 0.000000 0.000000
vt 0.000000 0.000000
vt 0.000000 0.000000
f 133/-1 134/-2 136/-3 135/-4
vt 0.000000 0.000000
vt 0.000000 0.000000
vt 0.000000 0.000000
vt 0.000000 0.000000
f 135/-1 136/-2 138/-3 137/-4
vt 0.000000 0.000000
vt 0.000000 0.000000
vt 0.000000 0.000000
vt 0.000000 0.000000
f 137/-1 138/-2 140/-3 139/-4
vt 0.000000 0.000000
vt 0.000000 0.000000
vt 0.000000 0.000000
vt 0.000000 0.000000
f 139/-1 140/-2 142/-3 141/-4
vt 0.000000 0.000000
vt 0.000000 0.000000
vt 0.000000 0.000000
vt 0.000000 0.000000
f 141/-1 142/-2 144/-3 143/-4
vt 0.000000 0.000000
vt 0.000000 0.000000
vt 0.000000 0.000000
vt 0.000000 0.000000
f 143/-1 144/-2 146/-3 145/-4
vt 0.000000 0.000000
vt 0.000000 0.000000
vt 0.000000 0.000000
vt 0.000000 0.000000
f 145/-1 146/-2 148/-3 147/-4
vt 0.000000 0.000000
vt 0.000000 0.000000
vt 0.000000 0.000000
vt 0.000000 0.000000
f 147/-1 148/-2 150/-3 149/-4
vt 0.000000 0.000000
vt 0.000000 0.000000
vt 0.000000 0.000000
vt 0.000000 0.000000
vt 0.000000 0.000000
vt 0.000000 0.000000
vt 0.000000 0.000000
vt 0.000000 0.000000
vt 0.000000 0.000000
vt 0.000000 0.000000
vt 0.000000 0.000000
vt 0.000000 0.000000
vt 0.000000 0.000000
vt 0.000000 0.000000
vt 0.000000 0.000000
vt 0.000000 0.000000
vt 0.000000 0.000000
vt 0.000000 0.000000
vt 0.000000 0.000000
vt 0.000000 0.000000
vt 0.000000 0.000000
vt 0.000000 0.000000
vt 0.000000 0.000000
vt 0.000000 0.000000
vt 0.000000 0.000000
vt 0.000000 0.000000
vt 0.000000 0.000000
vt 0.000000 0.000000
vt 0.000000 0.000000
vt 0.000000 0.000000
vt 0.000000 0.000000
vt 0.000000 0.000000
f 92/-1 90/-2 152/-3 150/-4 148/-5 146/-6 144/-7 142/-8 140/-9 138/-10 136/-11 134/-12 132/-13 130/-14 128/-15 126/-16 124/-17 122/-18 120/-19 118/-20 116/-21 114/-22 112/-23 110/-24 108/-25 106/-26 104/-27 102/-28 100/-29 98/-30 96/-31 94/-32
vt 0.000000 0.000000
vt 0.000000 0.000000
vt 0.000000 0.000000
vt 0.000000 0.000000
f 151/-1 152/-2 90/-3 89/-4
vt 0.000000 0.000000
vt 0.000000 0.000000
vt 0.000000 0.000000
vt 0.000000 0.000000
f 149/-1 150/-2 152/-3 151/-4
vt 0.000000 0.000000
vt 0.000000 0.000000
vt 0.000000 0.000000
vt 0.000000 0.000000
vt 0.000000 0.000000
vt 0.000000 0.000000
vt 0.000000 0.000000
vt 0.000000 0.000000
vt 0.000000 0.000000
vt 0.000000 0.000000
vt 0.000000 0.000000
vt 0.000000 0.000000
vt 0.000000 0.000000
vt 0.000000 0.000000
vt 0.000000 0.000000
vt 0.000000 0.000000
vt 0.000000 0.000000
vt 0.000000 0.000000
vt 0.000000 0.000000
vt 0.000000 0.000000
vt 0.000000 0.000000
vt 0.000000 0.000000
vt 0.000000 0.000000
vt 0.000000 0.000000
vt 0.000000 0.000000
vt 0.000000 0.000000
vt 0.000000 0.000000
vt 0.000000 0.000000
vt 0.000000 0.000000
vt 0.000000 0.000000
vt 0.000000 0.000000
vt 0.000000 0.000000
f 89/-1 91/-2 93/-3 95/-4 97/-5 99/-6 101/-7 103/-8 105/-9 107/-10 109/-11 111/-12 113/-13 115/-14 117/-15 119/-16 121/-17 123/-18 125/-19 127/-20 129/-21 131/-22 133/-23 135/-24 137/-25 139/-26 141/-27 143/-28 145/-29 147/-30 149/-31 151/-32
vt 0.000000 0.000000
vt 0.000000 0.000000
vt 0.000000 0.000000
vt 0.000000 0.000000
f 153/-1 154/-2 156/-3 155/-4
vt 0.000000 0.000000
vt 0.000000 0.000000
vt 0.000000 0.000000
vt 0.000000 0.000000
f 155/-1 156/-2 158/-3 157/-4
vt 0.000000 0.000000
vt 0.000000 0.000000
vt 0.000000 0.000000
vt 0.000000 0.000000
f 157/-1 158/-2 160/-3 159/-4
vt 0.000000 0.000000
vt 0.000000 0.000000
vt 0.000000 0.000000
vt 0.000000 0.000000
f 159/-1 160/-2 162/-3 161/-4
vt 0.000000 0.000000
vt 0.000000 0.000000
vt 0.000000 0.000000
vt 0.000000 0.000000
f 161/-1 162/-2 164/-3 163/-4
vt 0.000000 0.000000
vt 0.000000 0.000000
vt 0.000000 0.000000
vt 0.000000 0.000000
f 163/-1 164/-2 166/-3 165/-4
vt 0.000000 0.000000
vt 0.000000 0.000000
vt 0.000000 0.000000
vt 0.000000 0.000000
f 165/-1 166/-2 168/-3 167/-4
vt 0.000000 0.000000
vt 0.000000 0.000000
vt 0.000000 0.000000
vt 0.000000 0.000000
f 167/-1 168/-2 170/-3 169/-4
vt 0.000000 0.000000
vt 0.000000 0.000000
vt 0.000000 0.000000
vt 0.000000 0.000000
f 169/-1 170/-2 172/-3 171/-4
vt 0.000000 0.000000
vt 0.000000 0.000000
vt 0.000000 0.000000
vt 0.000000 0.000000
f 171/-1 172/-2 174/-3 173/-4
vt 0.000000 0.000000
vt 0.000000 0.000000
vt 0.000000 0.000000
vt 0.000000 0.000000
f 173/-1 174/-2 176/-3 175/-4
vt 0.000000 0.000000
vt 0.000000 0.000000
vt 0.000000 0.000000
vt 0.000000 0.000000
f 175/-1 176/-2 178/-3 177/-4
vt 0.000000 0.000000
vt 0.000000 0.000000
vt 0.000000 0.000000
vt 0.000000 0.000000
f 177/-1 178/-2 180/-3 179/-4
vt 0.000000 0.000000
vt 0.000000 0.000000
vt 0.000000 0.000000
vt 0.000000 0.000000
f 179/-1 180/-2 182/-3 181/-4
vt 0.000000 0.000000
vt 0.000000 0.000000
vt 0.000000 0.000000
vt 0.000000 0.000000
f 181/-1 182/-2 184/-3 183/-4
vt 0.000000 0.000000
vt 0.000000 0.000000
vt 0.000000 0.000000
vt 0.000000 0.000000
f 183/-1 184/-2 186/-3 185/-4
vt 0.000000 0.000000
vt 0.000000 0.000000
vt 0.000000 0.000000
vt 0.000000 0.000000
f 185/-1 186/-2 188/-3 187/-4
vt 0.000000 0.000000
vt 0.000000 0.000000
vt 0.000000 0.000000
vt 0.000000 0.000000
f 187/-1 188/-2 190/-3 189/-4
vt 0.000000 0.000000
vt 0.000000 0.000000
vt 0.000000 0.000000
vt 0.000000 0.000000
f 189/-1 190/-2 192/-3 191/-4
vt 0.000000 0.000000
vt 0.000000 0.000000
vt 0.000000 0.000000
vt 0.000000 0.000000
f 191/-1 192/-2 194/-3 193/-4
vt 0.000000 0.000000
vt 0.000000 0.000000
vt 0.000000 0.000000
vt 0.000000 0.000000
f 193/-1 194/-2 196/-3 195/-4
vt 0.000000 0.000000
vt 0.000000 0.000000
vt 0.000000 0.000000
vt 0.000000 0.000000
f 195/-1 196/-2 198/-3 197/-4
vt 0.000000 0.000000
vt 0.000000 0.000000
vt 0.000000 0.000000
vt 0.000000 0.000000
f 197/-1 198/-2 200/-3 199/-4
vt 0.000000 0.000000
vt 0.000000 0.000000
vt 0.000000 0.000000
vt 0.000000 0.000000
f 199/-1 200/-2 202/-3 201/-4
vt 0.000000 0.000000
vt 0.000000 0.000000
vt 0.000000 0.000000
vt 0.000000 0.000000
f 201/-1 202/-2 204/-3 203/-4
vt 0.000000 0.000000
vt 0.000000 0.000000
vt 0.000000 0.000000
vt 0.000000 0.000000
f 203/-1 204/-2 206/-3 205/-4
vt 0.000000 0.000000
vt 0.000000 0.000000
vt 0.000000 0.000000
vt 0.000000 0.000000
f 205/-1 206/-2 208/-3 207/-4
vt 0.000000 0.000000
vt 0.000000 0.000000
vt 0.000000 0.000000
vt 0.000000 0.000000
f 207/-1 208/-2 210/-3 209/-4
vt 0.000000 0.000000
vt 0.000000 0.000000
vt 0.000000 0.000000
vt 0.000000 0.000000
f 209/-1 210/-2 212/-3 211/-4
vt 0.000000 0.000000
vt 0.000000 0.000000
vt 0.000000 0.000000
vt 0.000000 0.000000
f 211/-1 212/-2 214/-3 213/-4
vt 0.000000 0.000000
vt 0.000000 0.000000
vt 0.000000 0.000000
vt 0.000000 0.000000
vt 0.000000 0.000000
vt 0.000000 0.000000
vt 0.000000 0.000000
vt 0.000000 0.000000
vt 0.000000 0.000000
vt 0.000000 0.000000
vt 0.000000 0.000000
vt 0.000000 0.000000
vt 0.000000 0.000000
vt 0.000000 0.000000
vt 0.000000 0.000000
vt 0.000000 0.000000
vt 0.000000 0.000000
vt 0.000000 0.000000
vt 0.000000 0.000000
vt 0.000000 0.000000
vt 0.000000 0.000000
vt 0.000000 0.000000
vt 0.000000 0.000000
vt 0.000000 0.000000
vt 0.000000 0.000000
vt 0.000000 0.000000
vt 0.000000 0.000000
vt 0.000000 0.000000
vt 0.000000 0.000000
vt 0.000000 0.000000
vt 0.000000 0.000000
vt 0.000000 0.000000
f 156/-1 154/-2 216/-3 214/-4 212/-5 210/-6 208/-7 206/-8 204/-9 202/-10 200/-11 198/-12 196/-13 194/-14 192/-15 190/-16 188/-17 186/-18 184/-19 182/-20 180/-21 178/-22 176/-23 174/-24 172/-25 170/-26 168/-27 166/-28 164/-29 162/-30 160/-31 158/-32
vt 0.000000 0.000000
vt 0.000000 0.000000
vt 0.000000 0.000000
vt 0.000000 0.000000
f 215/-1 216/-2 154/-3 153/-4
vt 0.000000 0.000000
vt 0.000000 0.000000
vt 0.000000 0.000000
vt 0.000000 0.000000
f 213/-1 214/-2 216/-3 215/-4
vt 0.000000 0.000000
vt 0.000000 0.000000
vt 0.000000 0.000000
vt 0.000000 0.000000
vt 0.000000 0.000000
vt 0.000000 0.000000
vt 0.000000 0.000000
vt 0.000000 0.000000
vt 0.000000 0.000000
vt 0.000000 0.000000
vt 0.000000 0.000000
vt 0.000000 0.000000
vt 0.000000 0.000000
vt 0.000000 0.000000
vt 0.000000 0.000000
vt 0.000000 0.000000
vt 0.000000 0.000000
vt 0.000000 0.000000
vt 0.000000 0.000000
vt 0.000000 0.000000
vt 0.000000 0.000000
vt 0.000000 0.000000
vt 0.000000 0.000000
vt 0.000000 0.000000
vt 0.000000 0.000000
vt 0.000000 0.000000
vt 0.000000 0.000000
vt 0.000000 0.000000
vt 0.000000 0.000000
vt 0.000000 0.000000
vt 0.000000 0.000000
vt 0.000000 0.000000
f 153/-1 155/-2 157/-3 159/-4 161/-5 163/-6 165/-7 167/-8 169/-9 171/-10 173/-11 175/-12 177/-13 179/-14 181/-15 183/-16 185/-17 187/-18 189/-19 191/-20 193/-21 195/-22 197/-23 199/-24 201/-25 203/-26 205/-27 207/-28 209/-29 211/-30 213/-31 215/-32
vt 0.000000 0.000000
vt 0.000000 0.000000
vt 0.000000 0.000000
vt 0.000000 0.000000
f 220/-1 219/-2 217/-3 218/-4
vt 0.000000 0.000000
vt 0.000000 0.000000
vt 0.000000 0.000000
vt 0.000000 0.000000
f 222/-1 221/-2 219/-3 220/-4
vt 0.000000 0.000000
vt 0.000000 0.000000
vt 0.000000 0.000000
vt 0.000000 0.000000
f 224/-1 223/-2 221/-3 222/-4
vt 0.000000 0.000000
vt 0.000000 0.000000
vt 0.000000 0.000000
vt 0.000000 0.000000
f 226/-1 225/-2 223/-3 224/-4
vt 0.000000 0.000000
vt 0.000000 0.000000
vt 0.000000 0.000000
vt 0.000000 0.000000
f 228/-1 227/-2 225/-3 226/-4
vt 0.000000 0.000000
vt 0.000000 0.000000
vt 0.000000 0.000000
vt 0.000000 0.000000
f 230/-1 229/-2 227/-3 228/-4
vt 0.000000 0.000000
vt 0.000000 0.000000
vt 0.000000 0.000000
vt 0.000000 0.000000
f 232/-1 231/-2 229/-3 230/-4
vt 0.000000 0.000000
vt 0.000000 0.000000
vt 0.000000 0.000000
vt 0.000000 0.000000
f 234/-1 233/-2 231/-3 232/-4
vt 0.000000 0.000000
vt 0.000000 0.000000
vt 0.000000 0.000000
vt 0.000000 0.000000
f 236/-1 235/-2 233/-3 234/-4
vt 0.000000 0.000000
vt 0.000000 0.000000
vt 0.000000 0.000000
vt 0.000000 0.000000
f 238/-1 237/-2 235/-3 236/-4
vt 0.000000 0.000000
vt 0.000000 0.000000
vt 0.000000 0.000000
vt 0.000000 0.000000
f 240/-1 239/-2 237/-3 238/-4
vt 0.000000 0.000000
vt 0.000000 0.000000
vt 0.000000 0.000000
vt 0.000000 0.000000
f 242/-1 241/-2 239/-3 240/-4
vt 0.000000 0.000000
vt 0.000000 0.000000
vt 0.000000 0.000000
vt 0.000000 0.000000
f 244/-1 243/-2 241/-3 242/-4
vt 0.000000 0.000000
vt 0.000000 0.000000
vt 0.000000 0.000000
vt 0.000000 0.000000
f 246/-1 245/-2 243/-3 244/-4
vt 0.000000 0.000000
vt 0.000000 0.000000
vt 0.000000 0.000000
vt 0.000000 0.000000
f 248/-1 247/-2 245/-3 246/-4
vt 0.000000 0.000000
vt 0.000000 0.000000
vt 0.000000 0.000000
vt 0.000000 0.000000
f 250/-1 249/-2 247/-3 248/-4
vt 0.000000 0.000000
vt 0.000000 0.000000
vt 0.000000 0.000000
vt 0.000000 0.000000
f 252/-1 251/-2 249/-3 250/-4
vt 0.000000 0.000000
vt 0.000000 0.000000
vt 0.000000 0.000000
vt 0.000000 0.000000
f 254/-1 253/-2 251/-3 252/-4
vt 0.000000 0.000000
vt 0.000000 0.000000
vt 0.000000 0.000000
vt 0.000000 0.000000
f 256/-1 255/-2 253/-3 254/-4
vt 0.000000 0.000000
vt 0.000000 0.000000
vt 0.000000 0.000000
vt 0.000000 0.000000
f 258/-1 257/-2 255/-3 256/-4
vt 0.000000 0.000000
vt 0.000000 0.000000
vt 0.000000 0.000000
vt 0.000000 0.000000
f 260/-1 259/-2 257/-3 258/-4
vt 0.000000 0.000000
vt 0.000000 0.000000
vt 0.000000 0.000000
vt 0.000000 0.000000
f 262/-1 261/-2 259/-3 260/-4
vt 0.000000 0.000000
vt 0.000000 0.000000
vt 0.000000 0.000000
vt 0.000000 0.000000
f 264/-1 263/-2 261/-3 262/-4
vt 0.000000 0.000000
vt 0.000000 0.000000
vt 0.000000 0.000000
vt 0.000000 0.000000
f 266/-1 265/-2 263/-3 264/-4
vt 0.000000 0.000000
vt 0.000000 0.000000
vt 0.000000 0.000000
vt 0.000000 0.000000
f 268/-1 267/-2 265/-3 266/-4
vt 0.000000 0.000000
vt 0.000000 0.000000
vt 0.000000 0.000000
vt 0.000000 0.000000
f 270/-1 269/-2 267/-3 268/-4
vt 0.000000 0.000000
vt 0.000000 0.000000
vt 0.000000 0.000000
vt 0.000000 0.000000
f 272/-1 271/-2 269/-3 270/-4
vt 0.000000 0.000000
vt 0.000000 0.000000
vt 0.000000 0.000000
vt 0.000000 0.000000
f 274/-1 273/-2 271/-3 272/-4
vt 0.000000 0.000000
vt 0.000000 0.000000
vt 0.000000 0.000000
vt 0.000000 0.000000
f 276/-1 275/-2 273/-3 274/-4
vt 0.000000 0.000000
vt 0.000000 0.000000
vt 0.000000 0.000000
vt 0.000000 0.000000
f 278/-1 277/-2 275/-3 276/-4
vt 0.000000 0.000000
vt 0.000000 0.000000
vt 0.000000 0.000000
vt 0.000000 0.000000
vt 0.000000 0.000000
vt 0.000000 0.000000
vt 0.000000 0.000000
vt 0.000000 0.000000
vt 0.000000 0.000000
vt 0.000000 0.000000
vt 0.000000 0.000000
vt 0.000000 0.000000
vt 0.000000 0.000000
vt 0.000000 0.000000
vt 0.000000 0.000000
vt 0.000000 0.000000
vt 0.000000 0.000000
vt 0.000000 0.000000
vt 0.000000 0.000000
vt 0.000000 0.000000
vt 0.000000 0.000000
vt 0.000000 0.000000
vt 0.000000 0.000000
vt 0.000000 0.000000
vt 0.000000 0.000000
vt 0.000000 0.000000
vt 0.000000 0.000000
vt 0.000000 0.000000
vt 0.000000 0.000000
vt 0.000000 0.000000
vt 0.000000 0.000000
vt 0.000000 0.000000
f 277/-1 279/-2 217/-3 219/-4 221/-5 223/-6 225/-7 227/-8 229/-9 231/-10 233/-11 235/-12 237/-13 239/-14 241/-15 243/-16 245/-17 247/-18 249/-19 251/-20 253/-21 255/-22 257/-23 259/-24 261/-25 263/-26 265/-27 267/-28 269/-29 271/-30 273/-31 275/-32
vt 0.000000 0.000000
vt 0.000000 0.000000
vt 0.000000 0.000000
vt 0.000000 0.000000
f 218/-1 217/-2 279/-3 280/-4
vt 0.000000 0.000000
vt 0.000000 0.000000
vt 0.000000 0.000000
vt 0.000000 0.000000
f 280/-1 279/-2 277/-3 278/-4
vt 0.000000 0.000000
vt 0.000000 0.000000
vt 0.000000 0.000000
vt 0.000000 0.000000
vt 0.000000 0.000000
vt 0.000000 0.000000
vt 0.000000 0.000000
vt 0.000000 0.000000
vt 0.000000 0.000000
vt 0.000000 0.000000
vt 0.000000 0.000000
vt 0.000000 0.000000
vt 0.000000 0.000000
vt 0.000000 0.000000
vt 0.000000 0.000000
vt 0.000000 0.000000
vt 0.000000 0.000000
vt 0.000000 0.000000
vt 0.000000 0.000000
vt 0.000000 0.000000
vt 0.000000 0.000000
vt 0.000000 0.000000
vt 0.000000 0.000000
vt 0.000000 0.000000
vt 0.000000 0.000000
vt 0.000000 0.000000
vt 0.000000 0.000000
vt 0.000000 0.000000
vt 0.000000 0.000000
vt 0.000000 0.000000
vt 0.000000 0.000000
vt 0.000000 0.000000
f 280/-1 278/-2 276/-3 274/-4 272/-5 270/-6 268/-7 266/-8 264/-9 262/-10 260/-11 258/-12 256/-13 254/-14 252/-15 250/-16 248/-17 246/-18 244/-19 242/-20 240/-21 238/-22 236/-23 234/-24 232/-25 230/-26 228/-27 226/-28 224/-29 222/-30 220/-31 218/-32
vt 0.000000 0.000000
vt 0.000000 0.000000
vt 0.000000 0.000000
vt 0.000000 0.000000
f 284/-1 283/-2 281/-3 282/-4
vt 0.000000 0.000000
vt 0.000000 0.000000
vt 0.000000 0.000000
vt 0.000000 0.000000
f 286/-1 285/-2 283/-3 284/-4
vt 0.000000 0.000000
vt 0.000000 0.000000
vt 0.000000 0.000000
vt 0.000000 0.000000
f 288/-1 287/-2 285/-3 286/-4
vt 0.000000 0.000000
vt 0.000000 0.000000
vt 0.000000 0.000000
vt 0.000000 0.000000
f 290/-1 289/-2 287/-3 288/-4
vt 0.000000 0.000000
vt 0.000000 0.000000
vt 0.000000 0.000000
vt 0.000000 0.000000
f 292/-1 291/-2 289/-3 290/-4
vt 0.000000 0.000000
vt 0.000000 0.000000
vt 0.000000 0.000000
vt 0.000000 0.000000
f 294/-1 293/-2 291/-3 292/-4
vt 0.000000 0.000000
vt 0.000000 0.000000
vt 0.000000 0.000000
vt 0.000000 0.000000
f 296/-1 295/-2 293/-3 294/-4
vt 0.000000 0.000000
vt 0.000000 0.000000
vt 0.000000 0.000000
vt 0.000000 0.000000
f 298/-1 297/-2 295/-3 296/-4
vt 0.000000 0.000000
vt 0.000000 0.000000
vt 0.000000 0.000000
vt 0.000000 0.000000
f 300/-1 299/-2 297/-3 298/-4
vt 0.000000 0.000000
vt 0.000000 0.000000
vt 0.000000 0.000000
vt 0.000000 0.000000
f 302/-1 301/-2 299/-3 300/-4
vt 0.000000 0.000000
vt 0.000000 0.000000
vt 0.000000 0.000000
vt 0.000000 0.000000
f 304/-1 303/-2 301/-3 302/-4
vt 0.000000 0.000000
vt 0.000000 0.000000
vt 0.000000 0.000000
vt 0.000000 0.000000
f 306/-1 305/-2 303/-3 304/-4
vt 0.000000 0.000000
vt 0.000000 0.000000
vt 0.000000 0.000000
vt 0.000000 0.000000
f 308/-1 307/-2 305/-3 306/-4
vt 0.000000 0.000000
vt 0.000000 0.000000
vt 0.000000 0.000000
vt 0.000000 0.000000
f 310/-1 309/-2 307/-3 308/-4
vt 0.000000 0.000000
vt 0.000000 0.000000
vt 0.000000 0.000000
vt 0.000000 0.000000
f 312/-1 311/-2 309/-3 310/-4
vt 0.000000 0.000000
vt 0.000000 0.000000
vt 0.000000 0.000000
vt 0.000000 0.000000
f 314/-1 313/-2 311/-3 312/-4
vt 0.000000 0.000000
vt 0.000000 0.000000
vt 0.000000 0.000000
vt 0.000000 0.000000
f 316/-1 315/-2 313/-3 314/-4
vt 0.000000 0.000000
vt 0.000000 0.000000
vt 0.000000 0.000000
vt 0.000000 0.000000
f 318/-1 317/-2 315/-3 316/-4
vt 0.000000 0.000000
vt 0.000000 0.000000
vt 0.000000 0.000000
vt 0.000000 0.000000
f 320/-1 319/-2 317/-3 318/-4
vt 0.000000 0.000000
vt 0.000000 0.000000
vt 0.000000 0.000000
vt 0.000000 0.000000
f 322/-1 321/-2 319/-3 320/-4
vt 0.000000 0.000000
vt 0.000000 0.000000
vt 0.000000 0.000000
vt 0.000000 0.000000
f 324/-1 323/-2 321/-3 322/-4
vt 0.000000 0.000000
vt 0.000000 0.000000
vt 0.000000 0.000000
vt 0.000000 0.000000
f 326/-1 325/-2 323/-3 324/-4
vt 0.000000 0.000000
vt 0.000000 0.000000
vt 0.000000 0.000000
vt 0.000000 0.000000
f 328/-1 327/-2 325/-3 326/-4
vt 0.000000 0.000000
vt 0.000000 0.000000
vt 0.000000 0.000000
vt 0.000000 0.000000
f 330/-1 329/-2 327/-3 328/-4
vt 0.000000 0.000000
vt 0.000000 0.000000
vt 0.000000 0.000000
vt 0.000000 0.000000
f 332/-1 331/-2 329/-3 330/-4
vt 0.000000 0.000000
vt 0.000000 0.000000
vt 0.000000 0.000000
vt 0.000000 0.000000
f 334/-1 333/-2 331/-3 332/-4
vt 0.000000 0.000000
vt 0.000000 0.000000
vt 0.000000 0.000000
vt 0.000000 0.000000
f 336/-1 335/-2 333/-3 334/-4
vt 0.000000 0.000000
vt 0.000000 0.000000
vt 0.000000 0.000000
vt 0.000000 0.000000
f 338/-1 337/-2 335/-3 336/-4
vt 0.000000 0.000000
vt 0.000000 0.000000
vt 0.000000 0.000000
vt 0.000000 0.000000
f 340/-1 339/-2 337/-3 338/-4
vt 0.000000 0.000000
vt 0.000000 0.000000
vt 0.000000 0.000000
vt 0.000000 0.000000
f 342/-1 341/-2 339/-3 340/-4
vt 0.000000 0.000000
vt 0.000000 0.000000
vt 0.000000 0.000000
vt 0.000000 0.000000
vt 0.000000 0.000000
vt 0.000000 0.000000
vt 0.000000 0.000000
vt 0.000000 0.000000
vt 0.000000 0.000000
vt 0.000000 0.000000
vt 0.000000 0.000000
vt 0.000000 0.000000
vt 0.000000 0.000000
vt 0.000000 0.000000
vt 0.000000 0.000000
vt 0.000000 0.000000
vt 0.000000 0.000000
vt 0.000000 0.000000
vt 0.000000 0.000000
vt 0.000000 0.000000
vt 0.000000 0.000000
vt 0.000000 0.000000
vt 0.000000 0.000000
vt 0.000000 0.000000
vt 0.000000 0.000000
vt 0.000000 0.000000
vt 0.000000 0.000000
vt 0.000000 0.000000
vt 0.000000 0.000000
vt 0.000000 0.000000
vt 0.000000 0.000000
vt 0.000000 0.000000
f 341/-1 343/-2 281/-3 283/-4 285/-5 287/-6 289/-7 291/-8 293/-9 295/-10 297/-11 299/-12 301/-13 303/-14 305/-15 307/-16 309/-17 311/-18 313/-19 315/-20 317/-21 319/-22 321/-23 323/-24 325/-25 327/-26 329/-27 331/-28 333/-29 335/-30 337/-31 339/-32
vt 0.000000 0.000000
vt 0.000000 0.000000
vt 0.000000 0.000000
vt 0.000000 0.000000
f 282/-1 281/-2 343/-3 344/-4
vt 0.000000 0.000000
vt 0.000000 0.000000
vt 0.000000 0.000000
vt 0.000000 0.000000
f 344/-1 343/-2 341/-3 342/-4
vt 0.000000 0.000000
vt 0.000000 0.000000
vt 0.000000 0.000000
vt 0.000000 0.000000
vt 0.000000 0.000000
vt 0.000000 0.000000
vt 0.000000 0.000000
vt 0.000000 0.000000
vt 0.000000 0.000000
vt 0.000000 0.000000
vt 0.000000 0.000000
vt 0.000000 0.000000
vt 0.000000 0.000000
vt 0.000000 0.000000
vt 0.000000 0.000000
vt 0.000000 0.000000
vt 0.000000 0.000000
vt 0.000000 0.000000
vt 0.000000 0.000000
vt 0.000000 0.000000
vt 0.000000 0.000000
vt 0.000000 0.000000
vt 0.000000 0.000000
vt 0.000000 0.000000
vt 0.000000 0.000000
vt 0.000000 0.000000
vt 0.000000 0.000000
vt 0.000000 0.000000
vt 0.000000 0.000000
vt 0.000000 0.000000
vt 0.000000 0.000000
vt 0.000000 0.000000
f 344/-1 342/-2 340/-3 338/-4 336/-5 334/-6 332/-7 330/-8 328/-9 326/-10 324/-11 322/-12 320/-13 318/-14 316/-15 314/-16 312/-17 310/-18 308/-19 306/-20 304/-21 302/-22 300/-23 298/-24 296/-25 294/-26 292/-27 290/-28 288/-29 286/-30 284/-31 282/-32
vt 0.000000 0.000000
vt 0.000000 0.000000
vt 0.000000 0.000000
vt 0.000000 0.000000
vt 0.000000 0.000000
vt 0.000000 0.000000
vt 0.000000 0.000000
vt 0.000000 0.000000
vt 0.000000 0.000000
vt 0.000000 0.000000
vt 0.000000 0.000000
vt 0.000000 0.000000
vt 0.000000 0.000000
vt 0.000000 0.000000
vt 0.000000 0.000000
vt 0.000000 0.000000
vt 0.000000 0.000000
vt 0.000000 0.000000
vt 0.000000 0.000000
vt 0.000000 0.000000
vt 0.000000 0.000000
vt 0.000000 0.000000
vt 0.000000 0.000000
vt 0.000000 0.000000
vt 0.000000 0.000000
vt 0.000000 0.000000
vt 0.000000 0.000000
vt 0.000000 0.000000
vt 0.000000 0.000000
vt 0.000000 0.000000
vt 0.000000 0.000000
vt 0.000000 0.000000
f 376/-1 375/-2 374/-3 373/-4 372/-5 371/-6 370/-7 369/-8 368/-9 367/-10 366/-11 365/-12 364/-13 363/-14 362/-15 361/-16 360/-17 359/-18 358/-19 357/-20 356/-21 355/-22 354/-23 353/-24 352/-25 351/-26 350/-27 349/-28 348/-29 347/-30 346/-31 345/-32
vt 0.000000 0.000000
vt 0.000000 0.000000
vt 0.000000 0.000000
vt 0.000000 0.000000
f 377/-1 378/-2 380/-3 379/-4
vt 0.000000 0.000000
vt 0.000000 0.000000
vt 0.000000 0.000000
vt 0.000000 0.000000
f 379/-1 380/-2 382/-3 381/-4
vt 0.000000 0.000000
vt 0.000000 0.000000
vt 0.000000 0.000000
vt 0.000000 0.000000
f 381/-1 382/-2 384/-3 383/-4
vt 0.000000 0.000000
vt 0.000000 0.000000
vt 0.000000 0.000000
vt 0.000000 0.000000
f 383/-1 384/-2 386/-3 385/-4
vt 0.000000 0.000000
vt 0.000000 0.000000
vt 0.000000 0.000000
vt 0.000000 0.000000
f 385/-1 386/-2 388/-3 387/-4
vt 0.000000 0.000000
vt 0.000000 0.000000
vt 0.000000 0.000000
vt 0.000000 0.000000
f 387/-1 388/-2 390/-3 389/-4
vt 0.000000 0.000000
vt 0.000000 0.000000
vt 0.000000 0.000000
vt 0.000000 0.000000
f 389/-1 390/-2 392/-3 391/-4
vt 0.000000 0.000000
vt 0.000000 0.000000
vt 0.000000 0.000000
vt 0.000000 0.000000
f 391/-1 392/-2 394/-3 393/-4
vt 0.000000 0.000000
vt 0.000000 0.000000
vt 0.000000 0.000000
vt 0.000000 0.000000
f 393/-1 394/-2 396/-3 395/-4
vt 0.000000 0.000000
vt 0.000000 0.000000
vt 0.000000 0.000000
vt 0.000000 0.000000
f 395/-1 396/-2 398/-3 397/-4
vt 0.000000 0.000000
vt 0.000000 0.000000
vt 0.000000 0.000000
vt 0.000000 0.000000
f 397/-1 398/-2 400/-3 399/-4
vt 0.000000 0.000000
vt 0.000000 0.000000
vt 0.000000 0.000000
vt 0.000000 0.000000
f 399/-1 400/-2 402/-3 401/-4
vt 0.000000 0.000000
vt 0.000000 0.000000
vt 0.000000 0.000000
vt 0.000000 0.000000
f 401/-1 402/-2 404/-3 403/-4
vt 0.000000 0.000000
vt 0.000000 0.000000
vt 0.000000 0.000000
vt 0.000000 0.000000
f 403/-1 404/-2 406/-3 405/-4
vt 0.000000 0.000000
vt 0.000000 0.000000
vt 0.000000 0.000000
vt 0.000000 0.000000
f 405/-1 406/-2 408/-3 407/-4
vt 0.000000 0.000000
vt 0.000000 0.000000
vt 0.000000 0.000000
vt 0.000000 0.000000
f 407/-1 408/-2 410/-3 409/-4
vt 0.000000 0.000000
vt 0.000000 0.000000
vt 0.000000 0.000000
vt 0.000000 0.000000
f 409/-1 410/-2 412/-3 411/-4
vt 0.000000 0.000000
vt 0.000000 0.000000
vt 0.000000 0.000000
vt 0.000000 0.000000
f 411/-1 412/-2 414/-3 413/-4
vt 0.000000 0.000000
vt 0.000000 0.000000
vt 0.000000 0.000000
vt 0.000000 0.000000
f 413/-1 414/-2 416/-3 415/-4
vt 0.000000 0.000000
vt 0.000000 0.000000
vt 0.000000 0.000000
vt 0.000000 0.000000
f 415/-1 416/-2 418/-3 417/-4
vt 0.000000 0.000000
vt 0.000000 0.000000
vt 0.000000 0.000000
vt 0.000000 0.000000
f 417/-1 418/-2 420/-3 419/-4
vt 0.000000 0.000000
vt 0.000000 0.000000
vt 0.000000 0.000000
vt 0.000000 0.000000
f 419/-1 420/-2 422/-3 421/-4
vt 0.000000 0.000000
vt 0.000000 0.000000
vt 0.000000 0.000000
vt 0.000000 0.000000
f 421/-1 422/-2 424/-3 423/-4
vt 0.000000 0.000000
vt 0.000000 0.000000
vt 0.000000 0.000000
vt 0.000000 0.000000
f 423/-1 424/-2 426/-3 425/-4
vt 0.000000 0.000000
vt 0.000000 0.000000
vt 0.000000 0.000000
vt 0.000000 0.000000
f 425/-1 426/-2 428/-3 427/-4
vt 0.000000 0.000000
vt 0.000000 0.000000
vt 0.000000 0.000000
vt 0.000000 0.000000
f 427/-1 428/-2 430/-3 429/-4
vt 0.000000 0.000000
vt 0.000000 0.000000
vt 0.000000 0.000000
vt 0.000000 0.000000
f 429/-1 430/-2 432/-3 431/-4
vt 0.000000 0.000000
vt 0.000000 0.000000
vt 0.000000 0.000000
vt 0.000000 0.000000
f 431/-1 432/-2 434/-3 433/-4
vt 0.000000 0.000000
vt 0.000000 0.000000
vt 0.000000 0.000000
vt 0.000000 0.000000
f 433/-1 434/-2 436/-3 435/-4
vt 0.000000 0.000000
vt 0.000000 0.000000
vt 0.000000 0.000000
vt 0.000000 0.000000
f 435/-1 436/-2 438/-3 437/-4
vt 0.000000 0.000000
vt 0.000000 0.000000
vt 0.000000 0.000000
vt 0.000000 0.000000
f 439/-1 440/-2 378/-3 377/-4
vt 0.000000 0.000000
vt 0.000000 0.000000
vt 0.000000 0.000000
vt 0.000000 0.000000
f 437/-1 438/-2 440/-3 439/-4
vt 0.000000 0.000000
vt 0.000000 0.000000
vt 0.000000 0.000000
vt 0.000000 0.000000
f 441/-1 442/-2 444/-3 443/-4
vt 0.000000 0.000000
vt 0.000000 0.000000
vt 0.000000 0.000000
vt 0.000000 0.000000
f 443/-1 444/-2 446/-3 445/-4
vt 0.000000 0.000000
vt 0.000000 0.000000
vt 0.000000 0.000000
vt 0.000000 0.000000
f 445/-1 446/-2 448/-3 447/-4
vt 0.000000 0.000000
vt 0.000000 0.000000
vt 0.000000 0.000000
vt 0.000000 0.000000
f 447/-1 448/-2 450/-3 449/-4
vt 0.000000 0.000000
vt 0.000000 0.000000
vt 0.000000 0.000000
vt 0.000000 0.000000
f 449/-1 450/-2 452/-3 451/-4
vt 0.000000 0.000000
vt 0.000000 0.000000
vt 0.000000 0.000000
vt 0.000000 0.000000
f 451/-1 452/-2 454/-3 453/-4
vt 0.000000 0.000000
vt 0.000000 0.000000
vt 0.000000 0.000000
vt 0.000000 0.000000
f 453/-1 454/-2 456/-3 455/-4
vt 0.000000 0.000000
vt 0.000000 0.000000
vt 0.000000 0.000000
vt 0.000000 0.000000
f 455/-1 456/-2 458/-3 457/-4
vt 0.000000 0.000000
vt 0.000000 0.000000
vt 0.000000 0.000000
vt 0.000000 0.000000
f 457/-1 458/-2 460/-3 459/-4
vt 0.000000 0.000000
vt 0.000000 0.000000
vt 0.000000 0.000000
vt 0.000000 0.000000
f 459/-1 460/-2 462/-3 461/-4
vt 0.000000 0.000000
vt 0.000000 0.000000
vt 0.000000 0.000000
vt 0.000000 0.000000
f 461/-1 462/-2 464/-3 463/-4
vt 0.000000 0.000000
vt 0.000000 0.000000
vt 0.000000 0.000000
vt 0.000000 0.000000
f 463/-1 464/-2 466/-3 465/-4
vt 0.000000 0.000000
vt 0.000000 0.000000
vt 0.000000 0.000000
vt 0.000000 0.000000
f 465/-1 466/-2 468/-3 467/-4
vt 0.000000 0.000000
vt 0.000000 0.000000
vt 0.000000 0.000000
vt 0.000000 0.000000
f 467/-1 468/-2 470/-3 469/-4
vt 0.000000 0.000000
vt 0.000000 0.000000
vt 0.000000 0.000000
vt 0.000000 0.000000
f 469/-1 470/-2 472/-3 471/-4
vt 0.000000 0.000000
vt 0.000000 0.000000
vt 0.000000 0.000000
vt 0.000000 0.000000
f 471/-1 472/-2 474/-3 473/-4
vt 0.000000 0.000000
vt 0.000000 0.000000
vt 0.000000 0.000000
vt 0.000000 0.000000
f 473/-1 474/-2 476/-3 475/-4
vt 0.000000 0.000000
vt 0.000000 0.000000
vt 0.000000 0.000000
vt 0.000000 0.000000
f 475/-1 476/-2 478/-3 477/-4
vt 0.000000 0.000000
vt 0.000000 0.000000
vt 0.000000 0.000000
vt 0.000000 0.000000
f 477/-1 478/-2 480/-3 479/-4
vt 0.000000 0.000000
vt 0.000000 0.000000
vt 0.000000 0.000000
vt 0.000000 0.000000
f 479/-1 480/-2 482/-3 481/-4
vt 0.000000 0.000000
vt 0.000000 0.000000
vt 0.000000 0.000000
vt 0.000000 0.000000
f 481/-1 482/-2 484/-3 483/-4
vt 0.000000 0.000000
vt 0.000000 0.000000
vt 0.000000 0.000000
vt 0.000000 0.000000
f 483/-1 484/-2 486/-3 485/-4
vt 0.000000 0.000000
vt 0.000000 0.000000
vt 0.000000 0.000000
vt 0.000000 0.000000
f 485/-1 486/-2 488/-3 487/-4
vt 0.000000 0.000000
vt 0.000000 0.000000
vt 0.000000 0.000000
vt 0.000000 0.000000
f 487/-1 488/-2 490/-3 489/-4
vt 0.000000 0.000000
vt 0.000000 0.000000
vt 0.000000 0.000000
vt 0.000000 0.000000
f 489/-1 490/-2 492/-3 491/-4
vt 0.000000 0.000000
vt 0.000000 0.000000
vt 0.000000 0.000000
vt 0.000000 0.000000
f 491/-1 492/-2 494/-3 493/-4
vt 0.000000 0.000000
vt 0.000000 0.000000
vt 0.000000 0.000000
vt 0.000000 0.000000
f 493/-1 494/-2 496/-3 495/-4
vt 0.000000 0.000000
vt 0.000000 0.000000
vt 0.000000 0.000000
vt 0.000000 0.000000
f 495/-1 496/-2 498/-3 497/-4
vt 0.000000 0.000000
vt 0.000000 0.000000
vt 0.000000 0.000000
vt 0.000000 0.000000
f 497/-1 498/-2 500/-3 499/-4
vt 0.000000 0.000000
vt 0.000000 0.000000
vt 0.000000 0.000000
vt 0.000000 0.000000
f 499/-1 500/-2 502/-3 501/-4
vt 0.000000 0.000000
vt 0.000000 0.000000
vt 0.000000 0.000000
vt 0.000000 0.000000
f 503/-1 504/-2 442/-3 441/-4
vt 0.000000 0.000000
vt 0.000000 0.000000
vt 0.000000 0.000000
vt 0.000000 0.000000
f 501/-1 502/-2 504/-3 503/-4
g drzwi
usemtl Material
vt 0.973463 0.974760
vt 0.973512 0.988984
vt 0.973703 0.989603
vt 0.973934 0.989807
vt 0.979028 0.988088
vt 0.979418 0.976714
vt 0.973725 0.974503
vt 0.973561 0.974558
f 506/-1 513/-2 508/-3 507/-4 517/-5 505/-6 520/-7 516/-8
vt 0.979028 0.988088
vt 0.979174 0.988187
vt 0.979620 0.976630
vt 0.979418 0.976714
f 508/-1 512/-2 511/-3 507/-4
vt 0.973831 0.989983
vt 0.979174 0.988187
vt 0.979028 0.988088
vt 0.973934 0.989807
f 517/-1 507/-2 511/-3 518/-4
vt 0.973561 0.974558
vt 0.973725 0.974503
vt 0.973721 0.974325
vt 0.973472 0.974401
f 510/-1 514/-2 513/-3 506/-4
vt 0.973725 0.974503
vt 0.979418 0.976714
vt 0.979620 0.976630
vt 0.973721 0.974325
f 514/-1 512/-2 508/-3 513/-4
vt 0.973267 0.989009
vt 0.973512 0.988984
vt 0.973463 0.974760
vt 0.973267 0.974688
f 515/-1 516/-2 520/-3 519/-4
vt 0.770019 0.950832
vt 0.795251 0.949168
vt 0.794055 0.948168
vt 0.771027 0.949477
f 521/-1 522/-2 523/-3 524/-4
vt 0.794320 0.887350
vt 0.795251 0.886325
vt 0.770199 0.886922
vt 0.771461 0.888223
f 525/-1 528/-2 527/-3 526/-4
vt 0.794055 0.948168
vt 0.794320 0.887350
vt 0.771461 0.888223
vt 0.771027 0.949477
f 521/-1 525/-2 526/-3 522/-4
vt 0.795251 0.949168
vt 0.795251 0.886325
vt 0.794320 0.887350
vt 0.794055 0.948168
f 522/-1 526/-2 527/-3 523/-4
vt 0.819685 0.945069
vt 0.819828 0.945069
vt 0.819828 0.944926
vt 0.819685 0.944926
f 530/-1 532/-2 531/-3 529/-4
vt 0.770199 0.886922
vt 0.770019 0.950832
vt 0.771027 0.949477
vt 0.771461 0.888223
f 525/-1 521/-2 524/-3 528/-4
vt 0.818215 0.945922
vt 0.818215 0.945922
vt 0.818215 0.945922
vt 0.818215 0.945922
f 532/-1 536/-2 535/-3 531/-4
vt 0.818215 0.945922
vt 0.818215 0.945922
vt 0.818215 0.945922
vt 0.818215 0.945922
f 536/-1 534/-2 533/-3 535/-4
vt 0.818215 0.945922
vt 0.818215 0.945922
vt 0.818215 0.945922
vt 0.818215 0.945922
f 534/-1 530/-2 529/-3 533/-4
vt 0.818215 0.945922
vt 0.818215 0.945922
vt 0.818215 0.945922
vt 0.818215 0.945922
f 529/-1 531/-2 535/-3 533/-4
vt 0.818215 0.945922
vt 0.818215 0.945922
vt 0.818215 0.945922
vt 0.818215 0.945922
f 534/-1 536/-2 532/-3 530/-4
vt 0.091400 0.856954
vt 0.091400 0.856954
vt 0.091400 0.856954
vt 0.091400 0.856954
f 537/-1 538/-2 540/-3 539/-4
vt 0.091400 0.856954
vt 0.091400 0.856954
vt 0.091400 0.856954
vt 0.091400 0.856954
f 539/-1 540/-2 542/-3 541/-4
vt 0.091400 0.856954
vt 0.091400 0.856954
vt 0.091400 0.856954
vt 0.091400 0.856954
f 541/-1 542/-2 544/-3 543/-4
vt 0.091400 0.856954
vt 0.091400 0.856954
vt 0.091400 0.856954
vt 0.091400 0.856954
f 543/-1 544/-2 546/-3 545/-4
vt 0.091400 0.856954
vt 0.091400 0.856954
vt 0.091400 0.856954
vt 0.091400 0.856954
f 545/-1 546/-2 548/-3 547/-4
vt 0.091400 0.856954
vt 0.091400 0.856954
vt 0.091400 0.856954
vt 0.091400 0.856954
f 547/-1 548/-2 550/-3 549/-4
vt 0.091400 0.856954
vt 0.091400 0.856954
vt 0.091400 0.856954
vt 0.091400 0.856954
f 549/-1 550/-2 552/-3 551/-4
vt 0.091400 0.856954
vt 0.091400 0.856954
vt 0.091400 0.856954
vt 0.091400 0.856954
f 551/-1 552/-2 554/-3 553/-4
vt 0.091400 0.856954
vt 0.091400 0.856954
vt 0.091400 0.856954
vt 0.091400 0.856954
f 553/-1 554/-2 556/-3 555/-4
vt 0.091400 0.856954
vt 0.091400 0.856954
vt 0.091400 0.856954
vt 0.091400 0.856954
f 555/-1 556/-2 558/-3 557/-4
vt 0.091400 0.856954
vt 0.091400 0.856954
vt 0.091400 0.856954
vt 0.091400 0.856954
f 557/-1 558/-2 560/-3 559/-4
vt 0.091400 0.856954
vt 0.091400 0.856954
vt 0.091400 0.856954
vt 0.091400 0.856954
f 559/-1 560/-2 562/-3 561/-4
vt 0.091400 0.856954
vt 0.091400 0.856954
vt 0.091400 0.856954
vt 0.091400 0.856954
f 561/-1 562/-2 564/-3 563/-4
vt 0.091400 0.856954
vt 0.091400 0.856954
vt 0.091400 0.856954
vt 0.091400 0.856954
f 563/-1 564/-2 566/-3 565/-4
vt 0.091400 0.856954
vt 0.091400 0.856954
vt 0.091400 0.856954
vt 0.091400 0.856954
f 565/-1 566/-2 568/-3 567/-4
vt 0.091400 0.856954
vt 0.091400 0.856954
vt 0.091400 0.856954
vt 0.091400 0.856954
f 567/-1 568/-2 570/-3 569/-4
vt 0.091400 0.856954
vt 0.091400 0.856954
vt 0.091400 0.856954
vt 0.091400 0.856954
f 569/-1 570/-2 572/-3 571/-4
vt 0.091400 0.856954
vt 0.091400 0.856954
vt 0.091400 0.856954
vt 0.091400 0.856954
f 571/-1 572/-2 574/-3 573/-4
vt 0.091400 0.856954
vt 0.091400 0.856954
vt 0.091400 0.856954
vt 0.091400 0.856954
f 573/-1 574/-2 576/-3 575/-4
vt 0.091400 0.856954
vt 0.091400 0.856954
vt 0.091400 0.856954
vt 0.091400 0.856954
f 575/-1 576/-2 578/-3 577/-4
vt 0.091400 0.856954
vt 0.091400 0.856954
vt 0.091400 0.856954
vt 0.091400 0.856954
f 577/-1 578/-2 580/-3 579/-4
vt 0.091400 0.856954
vt 0.091400 0.856954
vt 0.091400 0.856954
vt 0.091400 0.856954
f 579/-1 580/-2 582/-3 581/-4
vt 0.091400 0.856954
vt 0.091400 0.856954
vt 0.091400 0.856954
vt 0.091400 0.856954
f 581/-1 582/-2 584/-3 583/-4
vt 0.091400 0.856954
vt 0.091400 0.856954
vt 0.091400 0.856954
vt 0.091400 0.856954
f 583/-1 584/-2 586/-3 585/-4
vt 0.091400 0.856954
vt 0.091400 0.856954
vt 0.091400 0.856954
vt 0.091400 0.856954
f 585/-1 586/-2 588/-3 587/-4
vt 0.091400 0.856954
vt 0.091400 0.856954
vt 0.091400 0.856954
vt 0.091400 0.856954
f 587/-1 588/-2 590/-3 589/-4
vt 0.091400 0.856954
vt 0.091400 0.856954
vt 0.091400 0.856954
vt 0.091400 0.856954
f 589/-1 590/-2 592/-3 591/-4
vt 0.091400 0.856954
vt 0.091400 0.856954
vt 0.091400 0.856954
vt 0.091400 0.856954
f 591/-1 592/-2 594/-3 593/-4
vt 0.091400 0.856954
vt 0.091400 0.856954
vt 0.091400 0.856954
vt 0.091400 0.856954
f 593/-1 594/-2 596/-3 595/-4
vt 0.091400 0.856954
vt 0.091400 0.856954
vt 0.091400 0.856954
vt 0.091400 0.856954
f 595/-1 596/-2 598/-3 597/-4
vt 0.091400 0.856954
vt 0.091400 0.856954
vt 0.091400 0.856954
vt 0.091400 0.856954
vt 0.091400 0.856954
vt 0.091400 0.856954
vt 0.091400 0.856954
vt 0.091400 0.856954
vt 0.091400 0.856954
vt 0.091400 0.856954
vt 0.091400 0.856954
vt 0.091400 0.856954
vt 0.091400 0.856954
vt 0.091400 0.856954
vt 0.091400 0.856954
vt 0.091400 0.856954
vt 0.091400 0.856954
vt 0.091400 0.856954
vt 0.091400 0.856954
vt 0.091400 0.856954
vt 0.091400 0.856954
vt 0.091400 0.856954
vt 0.091400 0.856954
vt 0.091400 0.856954
vt 0.091400 0.856954
vt 0.091400 0.856954
vt 0.091400 0.856954
vt 0.091400 0.856954
vt 0.091400 0.856954
vt 0.091400 0.856954
vt 0.091400 0.856954
vt 0.091400 0.856954
f 540/-1 538/-2 600/-3 598/-4 596/-5 594/-6 592/-7 590/-8 588/-9 586/-10 584/-11 582/-12 580/-13 578/-14 576/-15 574/-16 572/-17 570/-18 568/-19 566/-20 564/-21 562/-22 560/-23 558/-24 556/-25 554/-26 552/-27 550/-28 548/-29 546/-30 544/-31 542/-32
vt 0.091400 0.856954
vt 0.091400 0.856954
vt 0.091400 0.856954
vt 0.091400 0.856954
f 599/-1 600/-2 538/-3 537/-4
vt 0.091400 0.856954
vt 0.091400 0.856954
vt 0.091400 0.856954
vt 0.091400 0.856954
f 597/-1 598/-2 600/-3 599/-4
vt 0.091400 0.856954
vt 0.091400 0.856954
vt 0.091400 0.856954
vt 0.091400 0.856954
f 604/-1 603/-2 601/-3 602/-4
vt 0.091400 0.856954
vt 0.091400 0.856954
vt 0.091400 0.856954
vt 0.091400 0.856954
f 606/-1 605/-2 603/-3 604/-4
vt 0.091400 0.856954
vt 0.091400 0.856954
vt 0.091400 0.856954
vt 0.091400 0.856954
f 608/-1 607/-2 605/-3 606/-4
vt 0.091400 0.856954
vt 0.091400 0.856954
vt 0.091400 0.856954
vt 0.091400 0.856954
f 610/-1 609/-2 607/-3 608/-4
vt 0.091400 0.856954
vt 0.091400 0.856954
vt 0.091400 0.856954
vt 0.091400 0.856954
f 612/-1 611/-2 609/-3 610/-4
vt 0.091400 0.856954
vt 0.091400 0.856954
vt 0.091400 0.856954
vt 0.091400 0.856954
f 614/-1 613/-2 611/-3 612/-4
vt 0.091400 0.856954
vt 0.091400 0.856954
vt 0.091400 0.856954
vt 0.091400 0.856954
f 616/-1 615/-2 613/-3 614/-4
vt 0.091400 0.856954
vt 0.091400 0.856954
vt 0.091400 0.856954
vt 0.091400 0.856954
f 618/-1 617/-2 615/-3 616/-4
vt 0.091400 0.856954
vt 0.091400 0.856954
vt 0.091400 0.856954
vt 0.091400 0.856954
f 620/-1 619/-2 617/-3 618/-4
vt 0.091400 0.856954
vt 0.091400 0.856954
vt 0.091400 0.856954
vt 0.091400 0.856954
f 622/-1 621/-2 619/-3 620/-4
vt 0.091400 0.856954
vt 0.091400 0.856954
vt 0.091400 0.856954
vt 0.091400 0.856954
f 624/-1 623/-2 621/-3 622/-4
vt 0.091400 0.856954
vt 0.091400 0.856954
vt 0.091400 0.856954
vt 0.091400 0.856954
f 626/-1 625/-2 623/-3 624/-4
vt 0.091400 0.856954
vt 0.091400 0.856954
vt 0.091400 0.856954
vt 0.091400 0.856954
f 628/-1 627/-2 625/-3 626/-4
vt 0.091400 0.856954
vt 0.091400 0.856954
vt 0.091400 0.856954
vt 0.091400 0.856954
f 630/-1 629/-2 627/-3 628/-4
vt 0.091400 0.856954
vt 0.091400 0.856954
vt 0.091400 0.856954
vt 0.091400 0.856954
f 632/-1 631/-2 629/-3 630/-4
vt 0.091400 0.856954
vt 0.091400 0.856954
vt 0.091400 0.856954
vt 0.091400 0.856954
f 634/-1 633/-2 631/-3 632/-4
vt 0.091400 0.856954
vt 0.091400 0.856954
vt 0.091400 0.856954
vt 0.091400 0.856954
f 636/-1 635/-2 633/-3 634/-4
vt 0.091400 0.856954
vt 0.091400 0.856954
vt 0.091400 0.856954
vt 0.091400 0.856954
f 638/-1 637/-2 635/-3 636/-4
vt 0.091400 0.856954
vt 0.091400 0.856954
vt 0.091400 0.856954
vt 0.091400 0.856954
f 640/-1 639/-2 637/-3 638/-4
vt 0.091400 0.856954
vt 0.091400 0.856954
vt 0.091400 0.856954
vt 0.091400 0.856954
f 642/-1 641/-2 639/-3 640/-4
vt 0.091400 0.856954
vt 0.091400 0.856954
vt 0.091400 0.856954
vt 0.091400 0.856954
f 644/-1 643/-2 641/-3 642/-4
vt 0.091400 0.856954
vt 0.091400 0.856954
vt 0.091400 0.856954
vt 0.091400 0.856954
f 646/-1 645/-2 643/-3 644/-4
vt 0.091400 0.856954
vt 0.091400 0.856954
vt 0.091400 0.856954
vt 0.091400 0.856954
f 648/-1 647/-2 645/-3 646/-4
vt 0.091400 0.856954
vt 0.091400 0.856954
vt 0.091400 0.856954
vt 0.091400 0.856954
f 650/-1 649/-2 647/-3 648/-4
vt 0.091400 0.856954
vt 0.091400 0.856954
vt 0.091400 0.856954
vt 0.091400 0.856954
f 652/-1 651/-2 649/-3 650/-4
vt 0.091400 0.856954
vt 0.091400 0.856954
vt 0.091400 0.856954
vt 0.091400 0.856954
f 654/-1 653/-2 651/-3 652/-4
vt 0.091400 0.856954
vt 0.091400 0.856954
vt 0.091400 0.856954
vt 0.091400 0.856954
f 656/-1 655/-2 653/-3 654/-4
vt 0.091400 0.856954
vt 0.091400 0.856954
vt 0.091400 0.856954
vt 0.091400 0.856954
f 658/-1 657/-2 655/-3 656/-4
vt 0.091400 0.856954
vt 0.091400 0.856954
vt 0.091400 0.856954
vt 0.091400 0.856954
f 660/-1 659/-2 657/-3 658/-4
vt 0.091400 0.856954
vt 0.091400 0.856954
vt 0.091400 0.856954
vt 0.091400 0.856954
f 662/-1 661/-2 659/-3 660/-4
vt 0.091400 0.856954
vt 0.091400 0.856954
vt 0.091400 0.856954
vt 0.091400 0.856954
vt 0.091400 0.856954
vt 0.091400 0.856954
vt 0.091400 0.856954
vt 0.091400 0.856954
vt 0.091400 0.856954
vt 0.091400 0.856954
vt 0.091400 0.856954
vt 0.091400 0.856954
vt 0.091400 0.856954
vt 0.091400 0.856954
vt 0.091400 0.856954
vt 0.091400 0.856954
vt 0.091400 0.856954
vt 0.091400 0.856954
vt 0.091400 0.856954
vt 0.091400 0.856954
vt 0.091400 0.856954
vt 0.091400 0.856954
vt 0.091400 0.856954
vt 0.091400 0.856954
vt 0.091400 0.856954
vt 0.091400 0.856954
vt 0.091400 0.856954
vt 0.091400 0.856954
vt 0.091400 0.856954
vt 0.091400 0.856954
vt 0.091400 0.856954
vt 0.091400 0.856954
f 661/-1 663/-2 601/-3 603/-4 605/-5 607/-6 609/-7 611/-8 613/-9 615/-10 617/-11 619/-12 621/-13 623/-14 625/-15 627/-16 629/-17 631/-18 633/-19 635/-20 637/-21 639/-22 641/-23 643/-24 645/-25 647/-26 649/-27 651/-28 653/-29 655/-30 657/-31 659/-32
vt 0.091400 0.856954
vt 0.091400 0.856954
vt 0.091400 0.856954
vt 0.091400 0.856954
f 602/-1 601/-2 663/-3 664/-4
vt 0.091400 0.856954
vt 0.091400 0.856954
vt 0.091400 0.856954
vt 0.091400 0.856954
f 664/-1 663/-2 661/-3 662/-4
vt 0.996995 0.005377
vt 0.623375 0.007855
vt 0.623349 0.274249
vt 0.996970 0.271772
f 666/-1 668/-2 667/-3 665/-4
vt 0.795458 0.911035
vt 0.795267 0.911274
vt 0.802054 0.910575
vt 0.801799 0.910307
f 668/-1 672/-2 671/-3 667/-4
vt 0.504766 0.885722
vt 0.461996 0.885677
vt 0.461949 0.942226
vt 0.504719 0.942271
f 674/-1 676/-2 675/-3 673/-4
vt 0.795267 0.902698
vt 0.795522 0.902966
vt 0.801864 0.902238
vt 0.802054 0.901999
f 670/-1 666/-2 665/-3 669/-4
vt 0.795267 0.902698
vt 0.795267 0.911274
vt 0.795458 0.911035
vt 0.795522 0.902966
f 665/-1 667/-2 671/-3 669/-4
vt 0.801864 0.902238
vt 0.801799 0.910307
vt 0.802054 0.910575
vt 0.802054 0.901999
f 670/-1 672/-2 668/-3 666/-4
g klamka
usemtl klamka
vt 0.917996 0.082293
vt 0.894994 0.063962
vt 0.884709 0.063020
f 1525/-1 1526/-2 1513/-3
vt 0.883051 0.413020
vt 0.882372 0.413019
vt 0.865930 0.125119
f 1564/-1 1535/-2 1573/-3
vt 0.847425 0.082294
vt 0.880752 0.084782
vt 0.882501 0.084781
f 1555/-1 1517/-2 1519/-3
vt 0.880752 0.084782
vt 0.847425 0.082294
vt 0.847425 0.082294
f 1518/-1 1519/-2 1517/-3
vt 0.847425 0.082294
vt 0.853782 0.070965
vt 0.849054 0.076338
f 1520/-1 1521/-2 1519/-3
vt 0.847425 0.082294
vt 0.870426 0.063963
vt 0.861147 0.066701
f 1522/-1 1523/-2 1519/-3
vt 0.917996 0.082293
vt 0.884709 0.063020
vt 0.880713 0.063020
f 1524/-1 1525/-2 1513/-3
vt 0.917996 0.082293
vt 0.904274 0.066700
vt 0.894994 0.063962
f 1526/-1 1527/-2 1513/-3
vt 0.917996 0.082293
vt 0.916367 0.076337
vt 0.911639 0.070964
f 1528/-1 1529/-2 1513/-3
vt 0.886081 0.085624
vt 0.917996 0.082293
vt 0.917996 0.082293
f 1513/-1 1512/-2 1553/-3
vt 0.882372 0.413019
vt 0.917996 0.392862
vt 0.917996 0.392862
f 1516/-1 1530/-2 1535/-3
vt 0.917996 0.392862
vt 0.911192 0.404711
vt 0.916252 0.399091
f 1531/-1 1532/-2 1530/-3
vt 0.917996 0.392862
vt 0.893380 0.412032
vt 0.903311 0.409169
f 1533/-1 1534/-2 1530/-3
vt 0.917996 0.392862
vt 0.887748 0.135424
vt 0.882372 0.413019
f 1535/-1 1536/-2 1516/-3
vt 0.889662 0.091097
vt 0.889662 0.110203
vt 0.890514 0.110603
f 1547/-1 1548/-2 1549/-3
vt 0.917996 0.392862
vt 0.890514 0.134119
vt 0.887748 0.135424
f 1536/-1 1537/-2 1516/-3
vt 0.889662 0.091097
vt 0.890514 0.110603
vt 0.892940 0.112364
f 1546/-1 1547/-2 1549/-3
vt 0.917996 0.392862
vt 0.892940 0.132359
vt 0.890514 0.134119
f 1537/-1 1538/-2 1516/-3
vt 0.917996 0.082293
vt 0.892940 0.112364
vt 0.894929 0.114505
f 1545/-1 1546/-2 1512/-3
vt 0.917996 0.392862
vt 0.894929 0.130216
vt 0.892940 0.132359
f 1538/-1 1539/-2 1516/-3
vt 0.917996 0.082293
vt 0.894929 0.114505
vt 0.896407 0.116949
f 1544/-1 1545/-2 1512/-3
vt 0.917996 0.392862
vt 0.896407 0.127772
vt 0.894929 0.130216
f 1539/-1 1540/-2 1516/-3
vt 0.917996 0.082293
vt 0.896407 0.116949
vt 0.897320 0.119602
f 1543/-1 1544/-2 1512/-3
vt 0.917996 0.392862
vt 0.917996 0.082293
vt 0.896407 0.127772
f 1540/-1 1512/-2 1516/-3
vt 0.917996 0.082293
vt 0.889662 0.091097
vt 0.892940 0.112364
f 1546/-1 1549/-2 1512/-3
vt 0.917996 0.392862
vt 0.882372 0.413019
vt 0.893380 0.412032
f 1534/-1 1535/-2 1530/-3
vt 0.917996 0.082293
vt 0.847425 0.082294
vt 0.882501 0.084781
f 1555/-1 1519/-2 1513/-3
vt 0.917996 0.392862
vt 0.903311 0.409169
vt 0.911192 0.404711
f 1532/-1 1533/-2 1530/-3
vt 0.917996 0.082293
vt 0.882501 0.084781
vt 0.884353 0.084996
f 1554/-1 1555/-2 1513/-3
vt 0.917996 0.082293
vt 0.897320 0.125119
vt 0.896407 0.127772
f 1540/-1 1541/-2 1512/-3
vt 0.917996 0.082293
vt 0.884353 0.084996
vt 0.886081 0.085624
f 1553/-1 1554/-2 1513/-3
vt 0.897626 0.122361
vt 0.897320 0.125119
vt 0.917996 0.082293
f 1512/-1 1541/-2 1542/-3
vt 0.917996 0.082293
vt 0.886081 0.085624
vt 0.887566 0.086627
f 1552/-1 1553/-2 1512/-3
vt 0.897320 0.119602
vt 0.897626 0.122361
vt 0.917996 0.082293
f 1512/-1 1542/-2 1543/-3
vt 0.917996 0.082293
vt 0.887566 0.086627
vt 0.888702 0.087935
f 1551/-1 1552/-2 1512/-3
vt 0.889419 0.089458
vt 0.889662 0.091097
vt 0.917996 0.082293
f 1512/-1 1549/-2 1550/-3
vt 0.917996 0.082293
vt 0.880713 0.063020
vt 0.847425 0.082294
f 1519/-1 1524/-2 1513/-3
vt 0.888702 0.087935
vt 0.889419 0.089458
vt 0.917996 0.082293
f 1512/-1 1550/-2 1551/-3
vt 0.917996 0.082293
vt 0.911639 0.070964
vt 0.904274 0.066700
f 1527/-1 1528/-2 1513/-3
vt 0.853782 0.070965
vt 0.847425 0.082294
vt 0.861147 0.066701
f 1522/-1 1519/-2 1521/-3
vt 0.880713 0.063020
vt 0.870426 0.063963
vt 0.847425 0.082294
f 1519/-1 1523/-2 1524/-3
vt 0.872735 0.110604
vt 0.873591 0.110199
vt 0.873591 0.091096
f 1556/-1 1557/-2 1558/-3
vt 0.878900 0.084996
vt 0.880752 0.084782
vt 0.847425 0.082294
f 1518/-1 1517/-2 1580/-3
vt 0.870310 0.112362
vt 0.872735 0.110604
vt 0.873591 0.091096
f 1556/-1 1558/-2 1559/-3
vt 0.877172 0.085623
vt 0.878900 0.084996
vt 0.847425 0.082294
f 1518/-1 1580/-2 1581/-3
vt 0.847425 0.082294
vt 0.873591 0.091096
vt 0.873834 0.089458
f 1584/-1 1556/-2 1518/-3
vt 0.875687 0.086625
vt 0.877172 0.085623
vt 0.847425 0.082294
f 1518/-1 1581/-2 1582/-3
vt 0.847425 0.082294
vt 0.870310 0.112362
vt 0.873591 0.091096
f 1556/-1 1559/-2 1518/-3
vt 0.874551 0.087936
vt 0.875687 0.086625
vt 0.847425 0.082294
f 1518/-1 1582/-2 1583/-3
vt 0.847425 0.082294
vt 0.868321 0.114506
vt 0.870310 0.112362
f 1559/-1 1560/-2 1518/-3
vt 0.873834 0.089458
vt 0.874551 0.087936
vt 0.847425 0.082294
f 1518/-1 1583/-2 1584/-3
vt 0.883051 0.413020
vt 0.847425 0.392863
vt 0.847425 0.392863
f 1578/-1 1579/-2 1573/-3
vt 0.847425 0.392863
vt 0.849169 0.399092
vt 0.854229 0.404711
f 1576/-1 1577/-2 1578/-3
vt 0.847425 0.392863
vt 0.862111 0.409170
vt 0.872042 0.412033
f 1574/-1 1575/-2 1578/-3
vt 0.882372 0.413019
vt 0.887748 0.135424
vt 0.884745 0.136229
f 1572/-1 1536/-2 1535/-3
vt 0.847425 0.392863
vt 0.872042 0.412033
vt 0.883051 0.413020
f 1573/-1 1574/-2 1578/-3
vt 0.882372 0.413019
vt 0.884745 0.136229
vt 0.881625 0.136501
f 1571/-1 1572/-2 1535/-3
vt 0.847425 0.392863
vt 0.854229 0.404711
vt 0.862111 0.409170
f 1575/-1 1576/-2 1578/-3
vt 0.882372 0.413019
vt 0.881625 0.136501
vt 0.878503 0.136229
f 1570/-1 1571/-2 1535/-3
vt 0.865930 0.125119
vt 0.847425 0.392863
vt 0.883051 0.413020
f 1573/-1 1579/-2 1564/-3
vt 0.882372 0.413019
vt 0.878503 0.136229
vt 0.875500 0.135424
f 1569/-1 1570/-2 1535/-3
vt 0.866841 0.116950
vt 0.868321 0.114506
vt 0.847425 0.082294
f 1518/-1 1560/-2 1561/-3
vt 0.882372 0.413019
vt 0.875500 0.135424
vt 0.872735 0.134118
f 1568/-1 1569/-2 1535/-3
vt 0.865930 0.119603
vt 0.866841 0.116950
vt 0.847425 0.082294
f 1518/-1 1561/-2 1562/-3
vt 0.882372 0.413019
vt 0.872735 0.134118
vt 0.870309 0.132359
f 1567/-1 1568/-2 1535/-3
vt 0.865623 0.122361
vt 0.865930 0.119603
vt 0.847425 0.082294
f 1518/-1 1562/-2 1563/-3
vt 0.882372 0.413019
vt 0.870309 0.132359
vt 0.868321 0.130217
f 1566/-1 1567/-2 1535/-3
vt 0.865930 0.125119
vt 0.847425 0.082294
vt 0.847425 0.392863
f 1579/-1 1518/-2 1564/-3
vt 0.882372 0.413019
vt 0.868321 0.130217
vt 0.866841 0.127772
f 1565/-1 1566/-2 1535/-3
vt 0.865930 0.125119
vt 0.865623 0.122361
vt 0.847425 0.082294
f 1518/-1 1563/-2 1564/-3
vt 0.882372 0.413019
vt 0.866841 0.127772
vt 0.865930 0.125119
f 1564/-1 1565/-2 1535/-3
vt 0.575000 0.075000
vt 0.575000 0.075000
vt 0.575000 0.075000
f 1511/-1 1512/-2 1513/-3
vt 0.816055 0.103527
vt 0.816055 0.413973
vt 0.866303 0.413972
f 1515/-1 1516/-2 1512/-3
vt 0.796745 0.410694
vt 0.802815 0.410694
vt 0.802815 0.361032
f 1529/-1 1598/-2 1514/-3
vt 0.575000 0.075000
vt 0.575000 0.075000
vt 0.575000 0.075000
f 1530/-1 1516/-2 1515/-3
vt 0.866303 0.414096
vt 0.916393 0.414097
vt 0.889364 0.165336
f 1586/-1 1587/-2 1518/-3
vt 0.575000 0.075000
vt 0.575000 0.075000
vt 0.575000 0.075000
f 1587/-1 1588/-2 1519/-3
vt 0.746675 0.321172
vt 0.796745 0.321172
vt 0.796361 0.314042
f 1522/-1 1521/-2 1590/-3
vt 0.746291 0.314042
vt 0.796361 0.314042
vt 0.796101 0.304967
f 1523/-1 1522/-2 1591/-3
vt 0.746031 0.304967
vt 0.796101 0.304967
vt 0.795990 0.294833
f 1524/-1 1523/-2 1592/-3
vt 0.795990 0.294833
vt 0.795978 0.290883
vt 0.745909 0.290884
f 1594/-1 1525/-2 1524/-3
vt 0.873509 0.312966
vt 0.872828 0.312968
vt 0.872830 0.362455
f 1535/-1 1603/-2 1604/-3
vt 0.575000 0.075000
vt 0.575000 0.075000
vt 0.575000 0.075000
f 1578/-1 1609/-2 1586/-3
vt 0.780771 0.370834
vt 0.780771 0.321172
vt 0.774520 0.321172
f 1585/-1 1599/-2 1531/-3
vt 0.814407 0.410909
vt 0.814407 0.361403
vt 0.808382 0.361531
f 1588/-1 1589/-2 1520/-3
vt 0.819842 0.410538
vt 0.819842 0.361032
vt 0.814407 0.361403
f 1589/-1 1590/-2 1521/-3
vt 0.795978 0.290883
vt 0.796028 0.280684
vt 0.745958 0.280685
f 1595/-1 1526/-2 1525/-3
vt 0.796028 0.280684
vt 0.796234 0.271416
vt 0.746164 0.271416
f 1596/-1 1527/-2 1526/-3
vt 0.796234 0.271416
vt 0.796574 0.263988
vt 0.746505 0.263988
f 1597/-1 1528/-2 1527/-3
vt 0.808382 0.361032
vt 0.802815 0.361032
vt 0.802815 0.410694
f 1598/-1 1529/-2 1528/-3
vt 0.786312 0.370834
vt 0.786312 0.321172
vt 0.780771 0.321172
f 1599/-1 1600/-2 1532/-3
vt 0.839789 0.362717
vt 0.839789 0.313284
vt 0.831787 0.313691
f 1600/-1 1601/-2 1533/-3
vt 0.849799 0.362467
vt 0.849799 0.313034
vt 0.839789 0.313284
f 1601/-1 1602/-2 1534/-3
vt 0.860837 0.362400
vt 0.860836 0.312966
vt 0.849799 0.313034
f 1602/-1 1603/-2 1535/-3
vt 0.745911 0.370605
vt 0.756895 0.370727
vt 0.756895 0.321294
f 1605/-1 1574/-2 1573/-3
vt 0.756895 0.370727
vt 0.766754 0.371026
vt 0.766754 0.321593
f 1606/-1 1575/-2 1574/-3
vt 0.766754 0.371026
vt 0.774520 0.371473
vt 0.774520 0.322039
f 1607/-1 1576/-2 1575/-3
vt 0.872828 0.313500
vt 0.867140 0.313103
vt 0.867140 0.362609
f 1608/-1 1577/-2 1576/-3
vt 0.867140 0.313103
vt 0.860836 0.312966
vt 0.860837 0.362472
f 1609/-1 1578/-2 1577/-3
vt 0.818901 0.312966
vt 0.818901 0.263988
vt 0.814055 0.263988
f 1810/-1 1811/-2 1812/-3
vt 0.814055 0.312966
vt 0.814055 0.263988
vt 0.809237 0.263988
f 1814/-1 1810/-2 1809/-3
vt 0.850943 0.286908
vt 0.851963 0.288343
vt 0.850433 0.282134
f 1810/-1 1826/-2 1811/-3
vt 0.823586 0.312966
vt 0.823586 0.263988
vt 0.818901 0.263988
f 1811/-1 1838/-2 1839/-3
vt 0.809237 0.312966
vt 0.809237 0.263988
vt 0.804630 0.263988
f 1815/-1 1814/-2 1813/-3
vt 0.804630 0.312966
vt 0.804630 0.263988
vt 0.800412 0.263988
f 1816/-1 1815/-2 1840/-3
vt 0.800412 0.312966
vt 0.800412 0.263988
vt 0.796745 0.263988
f 1817/-1 1816/-2 1841/-3
vt 0.821938 0.263935
vt 0.869022 0.249400
vt 0.865729 0.249409
f 1845/-1 1817/-2 1842/-3
vt 0.840809 0.300318
vt 0.840809 0.299304
vt 0.832028 0.299562
f 1849/-1 1819/-2 1818/-3
vt 0.840809 0.299304
vt 0.840809 0.296569
vt 0.832957 0.296569
f 1850/-1 1820/-2 1819/-3
vt 0.832957 0.296569
vt 0.840809 0.296569
vt 0.840809 0.295738
f 1821/-1 1820/-2 1850/-3
vt 0.840809 0.293774
vt 0.833519 0.293774
vt 0.840809 0.295738
f 1821/-1 1851/-2 1822/-3
vt 0.833519 0.293774
vt 0.840809 0.293774
vt 0.840809 0.293287
f 1823/-1 1822/-2 1851/-3
vt 0.840809 0.292187
vt 0.833837 0.292187
vt 0.840809 0.293287
f 1823/-1 1852/-2 1824/-3
vt 0.834250 0.288538
vt 0.833837 0.292187
vt 0.840809 0.292187
f 1824/-1 1852/-2 1853/-3
vt 0.840809 0.288538
vt 0.834250 0.282030
vt 0.834250 0.287930
f 1854/-1 1855/-2 1825/-3
vt 0.834250 0.276204
vt 0.840809 0.276181
vt 0.840809 0.276181
f 1827/-1 1826/-2 1856/-3
vt 0.840809 0.273656
vt 0.834242 0.276130
vt 0.840809 0.276181
f 1827/-1 1857/-2 1828/-3
vt 0.833837 0.272493
vt 0.834242 0.276130
vt 0.840809 0.273656
f 1828/-1 1857/-2 1858/-3
vt 0.840809 0.270879
vt 0.833837 0.272493
vt 0.840809 0.272493
f 1829/-1 1858/-2 1830/-3
vt 0.833384 0.270165
vt 0.833837 0.272493
vt 0.840809 0.270879
f 1830/-1 1858/-2 1859/-3
vt 0.840809 0.268620
vt 0.833384 0.270165
vt 0.840809 0.270165
f 1831/-1 1859/-2 1832/-3
vt 0.832957 0.267977
vt 0.833384 0.270165
vt 0.840809 0.268620
f 1832/-1 1859/-2 1860/-3
vt 0.840809 0.265114
vt 0.832957 0.267977
vt 0.840809 0.267977
f 1833/-1 1860/-2 1834/-3
vt 0.831820 0.264146
vt 0.840809 0.264365
vt 0.831773 0.263988
f 1862/-1 1835/-2 1861/-3
vt 0.756209 0.075000
vt 0.800167 0.089254
vt 0.803362 0.089493
f 1836/-1 1866/-2 1865/-3
vt 0.831773 0.312966
vt 0.831773 0.263988
vt 0.827933 0.263988
f 1837/-1 1836/-2 1865/-3
vt 0.827933 0.312966
vt 0.827933 0.263988
vt 0.823586 0.263988
f 1838/-1 1837/-2 1869/-3
vt 0.863179 0.242738
vt 0.819028 0.256367
vt 0.820522 0.260402
f 1843/-1 1870/-2 1871/-3
vt 0.832190 0.308707
vt 0.832036 0.303889
vt 0.831773 0.305429
f 1874/-1 1844/-2 1871/-3
vt 0.843721 0.300318
vt 0.843896 0.300379
vt 0.843896 0.300318
f 1845/-1 1847/-2 1846/-3
vt 0.877226 0.245804
vt 0.877161 0.243508
vt 0.864219 0.245646
f 1874/-1 1876/-2 1848/-3
vt 0.917365 0.081088
vt 0.917368 0.096991
vt 0.920011 0.083973
f 1876/-1 1878/-2 1849/-3
vt 0.914266 0.078539
vt 0.911395 0.096991
vt 0.917365 0.081088
f 1849/-1 1879/-2 1850/-3
vt 0.905424 0.096991
vt 0.909763 0.076131
vt 0.905422 0.075000
f 1854/-1 1852/-2 1880/-3
vt 0.899450 0.075000
vt 0.899453 0.096991
vt 0.905424 0.096991
f 1880/-1 1881/-2 1855/-3
vt 0.899448 0.096992
vt 0.899450 0.075000
vt 0.893478 0.075023
f 1857/-1 1855/-2 1881/-3
vt 0.881535 0.081652
vt 0.881537 0.096991
vt 0.887505 0.096992
f 1883/-1 1884/-2 1861/-3
vt 0.878889 0.084815
vt 0.878891 0.096991
vt 0.881537 0.096991
f 1884/-1 1885/-2 1886/-3
vt 0.798589 0.093300
vt 0.811294 0.097205
vt 0.811516 0.096301
f 1886/-1 1887/-2 1888/-3
vt 0.842861 0.264365
vt 0.843896 0.264365
vt 0.843896 0.263988
f 1863/-1 1866/-2 1864/-3
vt 0.788031 0.325825
vt 0.787706 0.323462
vt 0.787599 0.324026
f 1889/-1 1890/-2 1892/-3
vt 0.799041 0.092160
vt 0.754826 0.078571
vt 0.753359 0.082634
f 1893/-1 1868/-2 1867/-3
vt 0.817514 0.251986
vt 0.862536 0.240877
vt 0.864599 0.237451
f 1895/-1 1872/-2 1894/-3
vt 0.858895 0.167334
vt 0.861928 0.143844
vt 0.845256 0.126042
f 1901/-1 1909/-2 1900/-3
vt 0.864219 0.245646
vt 0.876717 0.241784
vt 0.873741 0.239006
f 1914/-1 1875/-2 1874/-3
vt 0.921674 0.086129
vt 0.921452 0.085719
vt 0.920013 0.096991
f 1877/-1 1875/-2 1916/-3
vt 0.917368 0.096991
vt 0.917365 0.118933
vt 0.920011 0.118933
f 1918/-1 1919/-2 1878/-3
vt 0.911395 0.096991
vt 0.911393 0.118932
vt 0.917365 0.118933
f 1919/-1 1920/-2 1879/-3
vt 0.905424 0.096991
vt 0.905422 0.118933
vt 0.911393 0.118932
f 1920/-1 1921/-2 1880/-3
vt 0.899453 0.096991
vt 0.899450 0.118933
vt 0.905422 0.118933
f 1921/-1 1922/-2 1881/-3
vt 0.893478 0.096999
vt 0.893478 0.118933
vt 0.899450 0.118933
f 1922/-1 1923/-2 1882/-3
vt 0.893478 0.096999
vt 0.893478 0.075023
vt 0.889828 0.076131
f 1858/-1 1857/-2 1882/-3
vt 0.881537 0.096991
vt 0.881535 0.118933
vt 0.887507 0.118933
f 1924/-1 1925/-2 1884/-3
vt 0.878891 0.096991
vt 0.878889 0.118933
vt 0.881535 0.118933
f 1925/-1 1926/-2 1885/-3
vt 0.877226 0.087425
vt 0.877226 0.097117
vt 0.878891 0.096991
f 1885/-1 1927/-2 1928/-3
vt 0.811054 0.098932
vt 0.811294 0.097205
vt 0.808791 0.101181
f 1930/-1 1887/-2 1928/-3
vt 0.808167 0.101571
vt 0.808791 0.101181
vt 0.797047 0.097572
f 1889/-1 1930/-2 1931/-3
vt 0.808204 0.131593
vt 0.796176 0.110654
vt 0.788585 0.124700
f 1946/-1 1948/-2 1933/-3
vt 0.751865 0.087034
vt 0.799038 0.101467
vt 0.796100 0.100564
f 1891/-1 1950/-2 1951/-3
vt 0.817514 0.251986
vt 0.864599 0.237451
vt 0.863122 0.232890
f 1953/-1 1895/-2 1894/-3
vt 0.787599 0.321172
vt 0.786788 0.323813
vt 0.786312 0.328590
f 1953/-1 1954/-2 1897/-3
vt 0.814656 0.242860
vt 0.861741 0.228326
vt 0.858097 0.226705
f 1898/-1 1954/-2 1957/-3
vt 0.919030 0.406357
vt 0.922111 0.410066
vt 0.925000 0.403247
f 1899/-1 1958/-2 1959/-3
vt 0.925000 0.403247
vt 0.925000 0.359269
vt 0.913056 0.402127
f 1962/-1 1900/-2 1899/-3
vt 0.913056 0.315860
vt 0.913056 0.359269
vt 0.925000 0.359269
f 1900/-1 1963/-2 1964/-3
vt 0.913057 0.265378
vt 0.913056 0.315860
vt 0.925000 0.315860
f 1901/-1 1964/-2 1965/-3
vt 0.913057 0.265378
vt 0.925000 0.265378
vt 0.924998 0.262950
f 1903/-1 1902/-2 1965/-3
vt 0.913057 0.262931
vt 0.925000 0.262931
vt 0.925000 0.261103
f 1904/-1 1903/-2 1966/-3
vt 0.843896 0.299401
vt 0.843896 0.311205
vt 0.846326 0.311205
f 1905/-1 1904/-2 1967/-3
vt 0.846326 0.287596
vt 0.850433 0.281694
vt 0.846326 0.275792
f 1973/-1 1979/-2 1972/-3
vt 0.843627 0.104554
vt 0.845110 0.103728
vt 0.819949 0.075380
f 1971/-1 1984/-2 1907/-3
vt 0.854299 0.123489
vt 0.845110 0.103728
vt 0.843627 0.104554
f 1907/-1 1984/-2 1985/-3
vt 0.863526 0.143264
vt 0.854299 0.123489
vt 0.852753 0.124181
f 1908/-1 1985/-2 1986/-3
vt 0.869567 0.163851
vt 0.863526 0.143264
vt 0.861928 0.143844
f 1909/-1 1986/-2 1987/-3
vt 0.872054 0.185450
vt 0.873741 0.185228
vt 0.869567 0.163851
f 1987/-1 1988/-2 1911/-3
vt 0.873795 0.207373
vt 0.875493 0.207292
vt 0.873741 0.185228
f 1988/-1 1989/-2 1912/-3
vt 0.874195 0.229790
vt 0.875893 0.229810
vt 0.875493 0.207292
f 1989/-1 1990/-2 1913/-3
vt 0.873741 0.239006
vt 0.875423 0.239362
vt 0.875893 0.229810
f 1990/-1 1915/-2 1914/-3
vt 0.877226 0.229829
vt 0.875893 0.229810
vt 0.875423 0.239362
f 1915/-1 1990/-2 1917/-3
vt 0.921672 0.119024
vt 0.921674 0.097117
vt 0.920013 0.096991
f 1877/-1 1917/-2 2045/-3
vt 0.917365 0.118933
vt 0.917365 0.140819
vt 0.920011 0.140819
f 1991/-1 1992/-2 1919/-3
vt 0.911393 0.118932
vt 0.911393 0.140819
vt 0.917365 0.140819
f 1992/-1 1993/-2 1920/-3
vt 0.905422 0.118933
vt 0.905422 0.140819
vt 0.911393 0.140819
f 1993/-1 1994/-2 1921/-3
vt 0.899450 0.118933
vt 0.899450 0.140819
vt 0.905422 0.140819
f 1994/-1 1995/-2 1922/-3
vt 0.893478 0.118933
vt 0.893478 0.140819
vt 0.899450 0.140819
f 1995/-1 1996/-2 1923/-3
vt 0.887505 0.096992
vt 0.887507 0.118933
vt 0.893478 0.118933
f 1923/-1 1924/-2 1883/-3
vt 0.881535 0.118933
vt 0.881535 0.140819
vt 0.887507 0.140819
f 1997/-1 1998/-2 1925/-3
vt 0.878889 0.118933
vt 0.878889 0.140819
vt 0.881535 0.140819
f 1998/-1 1999/-2 1926/-3
vt 0.878891 0.096991
vt 0.877226 0.097117
vt 0.877228 0.119023
f 2000/-1 1927/-2 1885/-3
vt 0.809835 0.100956
vt 0.810257 0.109141
vt 0.811578 0.109114
f 1927/-1 2001/-2 1929/-3
vt 0.808167 0.101571
vt 0.808561 0.109171
vt 0.810257 0.109141
f 2001/-1 1932/-2 1931/-3
vt 0.809900 0.131666
vt 0.810257 0.109141
vt 0.808561 0.109171
f 1932/-1 2001/-2 2002/-3
vt 0.808191 0.153732
vt 0.809900 0.131666
vt 0.808204 0.131593
f 1933/-1 2002/-2 2003/-3
vt 0.804083 0.175020
vt 0.808191 0.153732
vt 0.806507 0.153516
f 1934/-1 2003/-2 2004/-3
vt 0.796456 0.195130
vt 0.798053 0.195703
vt 0.804059 0.175108
f 2004/-1 2005/-2 1936/-3
vt 0.787313 0.214804
vt 0.788858 0.215488
vt 0.798053 0.195703
f 2005/-1 2006/-2 1937/-3
vt 0.778221 0.234435
vt 0.779703 0.235255
vt 0.788858 0.215488
f 2006/-1 2007/-2 1938/-3
vt 0.754579 0.263624
vt 0.779703 0.235255
vt 0.778221 0.234435
f 1938/-1 2007/-2 1974/-3
vt 0.843896 0.263988
vt 0.843896 0.275792
vt 0.846326 0.275792
f 1973/-1 2008/-2 1941/-3
vt 0.877226 0.262931
vt 0.889170 0.262931
vt 0.889170 0.261103
f 2008/-1 2009/-2 1942/-3
vt 0.877226 0.265378
vt 0.889170 0.265378
vt 0.889170 0.262931
f 2009/-1 2010/-2 1943/-3
vt 0.877226 0.265378
vt 0.877226 0.315860
vt 0.889170 0.315860
f 2011/-1 1944/-2 1943/-3
vt 0.877226 0.315860
vt 0.877226 0.359269
vt 0.889170 0.359269
f 2012/-1 1945/-2 1944/-3
vt 0.877226 0.403247
vt 0.889170 0.402551
vt 0.877226 0.359269
f 1945/-1 2013/-2 1946/-3
vt 0.880907 0.410066
vt 0.883988 0.406357
vt 0.877226 0.403247
f 1946/-1 2016/-2 2017/-3
vt 0.747785 0.100537
vt 0.793221 0.109810
vt 0.749023 0.096161
f 2019/-1 1947/-2 2021/-3
vt 0.833128 0.300442
vt 0.833128 0.300442
vt 0.833128 0.309990
f 2020/-1 1950/-2 1949/-3
vt 0.750401 0.091602
vt 0.797554 0.106094
vt 0.799038 0.101467
f 1950/-1 2022/-2 2023/-3
vt 0.816038 0.247425
vt 0.863122 0.232890
vt 0.861741 0.228326
f 1954/-1 1953/-2 1952/-3
vt 0.856533 0.220788
vt 0.812382 0.234417
vt 0.813422 0.238468
f 1955/-1 2024/-2 1958/-3
vt 0.855729 0.217233
vt 0.811578 0.230862
vt 0.812382 0.234417
f 2024/-1 2025/-2 1959/-3
vt 0.800501 0.358991
vt 0.800501 0.313209
vt 0.796745 0.312968
f 2025/-1 2026/-2 1960/-3
vt 0.804786 0.313388
vt 0.800626 0.358996
vt 0.802720 0.359551
f 1962/-1 1961/-2 2027/-3
vt 0.901113 0.315860
vt 0.901113 0.359269
vt 0.913056 0.359269
f 1963/-1 2029/-2 2030/-3
vt 0.901113 0.265378
vt 0.901113 0.315860
vt 0.913056 0.315860
f 1964/-1 2030/-2 2031/-3
vt 0.901113 0.265378
vt 0.913057 0.265378
vt 0.913055 0.262950
f 1966/-1 1965/-2 2031/-3
vt 0.901113 0.262931
vt 0.913057 0.262931
vt 0.913056 0.261103
f 1967/-1 1966/-2 2032/-3
vt 0.843896 0.287596
vt 0.843896 0.299401
vt 0.846326 0.299400
f 1968/-1 1967/-2 2033/-3
vt 0.917365 0.227553
vt 0.917365 0.261103
vt 0.920011 0.261103
f 1969/-1 1983/-2 2035/-3
vt 0.921672 0.227444
vt 0.920011 0.227553
vt 0.920011 0.261103
f 1969/-1 2034/-2 2036/-3
vt 0.845110 0.103728
vt 0.846280 0.103117
vt 0.821285 0.075000
f 1970/-1 2036/-2 1984/-3
vt 0.843896 0.275792
vt 0.843896 0.287596
vt 0.846326 0.287596
f 1972/-1 2033/-2 2008/-3
vt 0.779703 0.235255
vt 0.754579 0.263624
vt 0.755907 0.263988
f 1975/-1 1974/-2 2007/-3
vt 0.877228 0.227445
vt 0.877226 0.261103
vt 0.878889 0.261103
f 1976/-1 1975/-2 2037/-3
vt 0.878889 0.227553
vt 0.878889 0.261103
vt 0.881535 0.261103
f 1977/-1 1976/-2 2038/-3
vt 0.881535 0.227553
vt 0.881535 0.261103
vt 0.887507 0.261103
f 1978/-1 1977/-2 2039/-3
vt 0.887507 0.227553
vt 0.887507 0.261103
vt 0.893478 0.261103
f 1979/-1 1978/-2 2040/-3
vt 0.893478 0.227553
vt 0.893478 0.261103
vt 0.899450 0.261103
f 1980/-1 1979/-2 2041/-3
vt 0.899450 0.227553
vt 0.899450 0.261103
vt 0.905422 0.261103
f 1981/-1 1980/-2 2042/-3
vt 0.905422 0.227553
vt 0.905422 0.261103
vt 0.911393 0.261103
f 1982/-1 1981/-2 2043/-3
vt 0.911393 0.227553
vt 0.911393 0.261103
vt 0.917365 0.261103
f 1983/-1 1982/-2 2044/-3
vt 0.920011 0.140819
vt 0.921674 0.140877
vt 0.921672 0.119024
f 2045/-1 2075/-2 1991/-3
vt 0.917365 0.140819
vt 0.917367 0.162603
vt 0.920009 0.162605
f 2046/-1 2047/-2 1992/-3
vt 0.911393 0.140819
vt 0.911395 0.162603
vt 0.917367 0.162603
f 2047/-1 2048/-2 1993/-3
vt 0.905422 0.140819
vt 0.905424 0.162603
vt 0.911395 0.162603
f 2048/-1 2049/-2 1994/-3
vt 0.899450 0.140819
vt 0.899452 0.162603
vt 0.905424 0.162603
f 2049/-1 2050/-2 1995/-3
vt 0.893478 0.140819
vt 0.893480 0.162603
vt 0.899448 0.162605
f 2050/-1 2051/-2 1996/-3
vt 0.887507 0.118933
vt 0.887507 0.140819
vt 0.893478 0.140819
f 1996/-1 1997/-2 1924/-3
vt 0.881535 0.140819
vt 0.881537 0.162603
vt 0.887505 0.162605
f 2052/-1 2053/-2 1998/-3
vt 0.878889 0.140819
vt 0.878891 0.162603
vt 0.881537 0.162603
f 2053/-1 2054/-2 1999/-3
vt 0.877228 0.119023
vt 0.877226 0.140877
vt 0.878889 0.140819
f 1999/-1 2055/-2 2000/-3
vt 0.810257 0.109141
vt 0.809900 0.131666
vt 0.811220 0.131708
f 2000/-1 2002/-2 2001/-3
vt 0.889170 0.262931
vt 0.901113 0.262931
vt 0.901113 0.261103
f 2033/-1 2032/-2 2009/-3
vt 0.889170 0.265378
vt 0.901113 0.265378
vt 0.901111 0.262950
f 2032/-1 2031/-2 2010/-3
vt 0.889170 0.265378
vt 0.889170 0.315860
vt 0.901113 0.315860
f 2030/-1 2011/-2 2010/-3
vt 0.889170 0.315860
vt 0.889170 0.359269
vt 0.901113 0.359269
f 2029/-1 2012/-2 2011/-3
vt 0.823750 0.313388
vt 0.823750 0.360097
vt 0.826607 0.359340
f 2013/-1 2057/-2 2058/-3
vt 0.831787 0.358749
vt 0.831773 0.312966
vt 0.828033 0.313208
f 2056/-1 2059/-2 2016/-3
vt 0.790948 0.118152
vt 0.746733 0.104562
vt 0.745909 0.108081
f 2059/-1 2060/-2 2017/-3
vt 0.792000 0.114127
vt 0.747785 0.100537
vt 0.746733 0.104562
f 2060/-1 2021/-2 2018/-3
vt 0.749023 0.096161
vt 0.796176 0.110654
vt 0.797554 0.106094
f 2022/-1 2020/-2 2019/-3
vt 0.809435 0.313499
vt 0.804786 0.313388
vt 0.804786 0.360098
f 2028/-1 2027/-2 2061/-3
vt 0.913056 0.359269
vt 0.901113 0.359269
vt 0.906343 0.399612
f 2062/-1 2029/-2 1963/-3
vt 0.917365 0.205946
vt 0.917365 0.227553
vt 0.920011 0.227553
f 2034/-1 2035/-2 2064/-3
vt 0.878889 0.205946
vt 0.878889 0.227553
vt 0.881535 0.227553
f 2039/-1 2038/-2 2066/-3
vt 0.881535 0.205946
vt 0.881535 0.227553
vt 0.887507 0.227553
f 2040/-1 2039/-2 2065/-3
vt 0.887507 0.205946
vt 0.887507 0.227553
vt 0.893478 0.227553
f 2041/-1 2040/-2 2067/-3
vt 0.893478 0.205946
vt 0.893478 0.227553
vt 0.899450 0.227553
f 2042/-1 2041/-2 2068/-3
vt 0.899450 0.205946
vt 0.899450 0.227553
vt 0.905422 0.227553
f 2043/-1 2042/-2 2069/-3
vt 0.905422 0.205946
vt 0.905422 0.227553
vt 0.911393 0.227553
f 2044/-1 2043/-2 2070/-3
vt 0.911393 0.205946
vt 0.911393 0.227553
vt 0.917365 0.227553
f 2035/-1 2044/-2 2071/-3
vt 0.855519 0.122979
vt 0.846280 0.103117
vt 0.845110 0.103728
f 1984/-1 2036/-2 2072/-3
vt 0.864784 0.142836
vt 0.855519 0.122979
vt 0.854299 0.123489
f 1985/-1 2072/-2 2073/-3
vt 0.870892 0.163646
vt 0.864784 0.142836
vt 0.863526 0.143264
f 1986/-1 2073/-2 2074/-3
vt 0.873741 0.185228
vt 0.875064 0.185062
vt 0.870892 0.163646
f 2074/-1 2075/-2 1988/-3
vt 0.875493 0.207292
vt 0.876824 0.207226
vt 0.875064 0.185062
f 2075/-1 2045/-2 1989/-3
vt 0.875893 0.229810
vt 0.877226 0.229829
vt 0.876824 0.207226
f 2045/-1 1917/-2 1990/-3
vt 0.920009 0.162605
vt 0.921674 0.162628
vt 0.921674 0.140877
f 2075/-1 2074/-2 2046/-3
vt 0.917366 0.162661
vt 0.917365 0.184340
vt 0.920011 0.184339
f 2076/-1 2077/-2 2047/-3
vt 0.911394 0.162661
vt 0.911393 0.184340
vt 0.917365 0.184340
f 2077/-1 2078/-2 2048/-3
vt 0.905423 0.162661
vt 0.905422 0.184340
vt 0.911393 0.184340
f 2078/-1 2079/-2 2049/-3
vt 0.899451 0.162661
vt 0.899450 0.184340
vt 0.905422 0.184340
f 2079/-1 2080/-2 2050/-3
vt 0.893479 0.162661
vt 0.893478 0.184340
vt 0.899450 0.184340
f 2080/-1 2081/-2 2051/-3
vt 0.887507 0.140819
vt 0.887505 0.162605
vt 0.893480 0.162603
f 2051/-1 2052/-2 1997/-3
vt 0.881536 0.162661
vt 0.881535 0.184340
vt 0.887507 0.184339
f 2082/-1 2083/-2 2053/-3
vt 0.878890 0.162661
vt 0.878889 0.184340
vt 0.881535 0.184340
f 2083/-1 2084/-2 2054/-3
vt 0.877226 0.140877
vt 0.877226 0.162628
vt 0.878891 0.162603
f 2054/-1 2085/-2 2055/-3
vt 0.809900 0.131666
vt 0.808191 0.153732
vt 0.809505 0.153882
f 2055/-1 2003/-2 2002/-3
vt 0.805374 0.175301
vt 0.809505 0.153882
vt 0.808191 0.153732
f 2003/-1 2055/-2 2085/-3
vt 0.798053 0.195703
vt 0.799303 0.196115
vt 0.805374 0.175301
f 2085/-1 2086/-2 2005/-3
vt 0.788858 0.215488
vt 0.790071 0.215980
vt 0.799303 0.196115
f 2086/-1 2087/-2 2006/-3
vt 0.779703 0.235255
vt 0.780870 0.235844
vt 0.790071 0.215980
f 2087/-1 2037/-2 2007/-3
vt 0.889170 0.359269
vt 0.896675 0.399612
vt 0.901113 0.359269
f 2029/-1 2088/-2 2012/-3
vt 0.823750 0.360097
vt 0.823750 0.313388
vt 0.819103 0.313498
f 2089/-1 2058/-2 2057/-3
vt 0.814269 0.313536
vt 0.809435 0.313499
vt 0.809435 0.360796
f 2062/-1 2061/-2 2090/-3
vt 0.917365 0.184340
vt 0.917365 0.205946
vt 0.920011 0.205946
f 2063/-1 2064/-2 2077/-3
vt 0.921672 0.227444
vt 0.921674 0.205872
vt 0.920011 0.205946
f 2063/-1 2072/-2 2036/-3
vt 0.878889 0.205946
vt 0.877226 0.205873
vt 0.877228 0.227445
f 2037/-1 2087/-2 2066/-3
vt 0.878889 0.184340
vt 0.878889 0.205946
vt 0.881535 0.205946
f 2065/-1 2066/-2 2084/-3
vt 0.881535 0.184340
vt 0.881535 0.205946
vt 0.887507 0.205946
f 2067/-1 2065/-2 2083/-3
vt 0.887507 0.184339
vt 0.887507 0.205946
vt 0.893478 0.205946
f 2068/-1 2067/-2 2082/-3
vt 0.893478 0.184340
vt 0.893478 0.205946
vt 0.899450 0.205946
f 2069/-1 2068/-2 2081/-3
vt 0.899450 0.184340
vt 0.899450 0.205946
vt 0.905422 0.205946
f 2070/-1 2069/-2 2080/-3
vt 0.905422 0.184340
vt 0.905422 0.205946
vt 0.911393 0.205946
f 2071/-1 2070/-2 2079/-3
vt 0.911393 0.184340
vt 0.911393 0.205946
vt 0.917365 0.205946
f 2064/-1 2071/-2 2078/-3
vt 0.921674 0.184297
vt 0.921674 0.162628
vt 0.920012 0.162668
f 2046/-1 2074/-2 2073/-3
vt 0.887508 0.162661
vt 0.887507 0.184339
vt 0.893478 0.184340
f 2081/-1 2082/-2 2052/-3
vt 0.878890 0.162661
vt 0.877226 0.162628
vt 0.877226 0.184298
f 2086/-1 2085/-2 2054/-3
vt 0.814269 0.313536
vt 0.814269 0.361032
vt 0.814665 0.361013
f 2092/-1 2091/-2 2090/-3
vt 0.921674 0.205872
vt 0.921674 0.184297
vt 0.920011 0.184339
f 2076/-1 2073/-2 2072/-3
vt 0.878889 0.184340
vt 0.877226 0.184298
vt 0.877226 0.205873
f 2087/-1 2086/-2 2084/-3
vt 0.575000 0.075000
vt 0.575000 0.075000
vt 0.575000 0.075000
f 1514/-1 1511/-2 1513/-3
vt 0.816055 0.103527
vt 0.866303 0.413972
vt 0.866303 0.103527
f 1511/-1 1515/-2 1512/-3
vt 0.796745 0.410694
vt 0.802815 0.361032
vt 0.796745 0.361032
f 1513/-1 1529/-2 1514/-3
vt 0.575000 0.075000
vt 0.575000 0.075000
vt 0.575000 0.075000
f 1585/-1 1530/-2 1515/-3
vt 0.866303 0.414096
vt 0.889364 0.165336
vt 0.812247 0.177220
f 1579/-1 1586/-2 1518/-3
vt 0.575000 0.075000
vt 0.575000 0.075000
vt 0.575000 0.075000
f 1518/-1 1587/-2 1519/-3
vt 0.746675 0.321172
vt 0.796361 0.314042
vt 0.746291 0.314042
f 1591/-1 1522/-2 1590/-3
vt 0.746291 0.314042
vt 0.796101 0.304967
vt 0.746031 0.304967
f 1592/-1 1523/-2 1591/-3
vt 0.746031 0.304967
vt 0.795990 0.294833
vt 0.745920 0.294833
f 1593/-1 1524/-2 1592/-3
vt 0.795990 0.294833
vt 0.745909 0.290884
vt 0.745920 0.294833
f 1593/-1 1594/-2 1524/-3
vt 0.873509 0.312966
vt 0.872830 0.362455
vt 0.873509 0.362453
f 1573/-1 1535/-2 1604/-3
vt 0.575000 0.075000
vt 0.575000 0.075000
vt 0.575000 0.075000
f 1579/-1 1578/-2 1586/-3
vt 0.780771 0.370834
vt 0.774520 0.321172
vt 0.774520 0.370834
f 1530/-1 1585/-2 1531/-3
vt 0.814407 0.410909
vt 0.808382 0.361531
vt 0.808382 0.411037
f 1519/-1 1588/-2 1520/-3
vt 0.819842 0.410538
vt 0.814407 0.361403
vt 0.814407 0.410909
f 1520/-1 1589/-2 1521/-3
vt 0.795978 0.290883
vt 0.745958 0.280685
vt 0.745909 0.290884
f 1594/-1 1595/-2 1525/-3
vt 0.796028 0.280684
vt 0.746164 0.271416
vt 0.745958 0.280685
f 1595/-1 1596/-2 1526/-3
vt 0.796234 0.271416
vt 0.746505 0.263988
vt 0.746164 0.271416
f 1596/-1 1597/-2 1527/-3
vt 0.808382 0.361032
vt 0.802815 0.410694
vt 0.808382 0.410694
f 1597/-1 1598/-2 1528/-3
vt 0.786312 0.370834
vt 0.780771 0.321172
vt 0.780771 0.370834
f 1531/-1 1599/-2 1532/-3
vt 0.839789 0.362717
vt 0.831787 0.313691
vt 0.831787 0.363125
f 1532/-1 1600/-2 1533/-3
vt 0.849799 0.362467
vt 0.839789 0.313284
vt 0.839789 0.362717
f 1533/-1 1601/-2 1534/-3
vt 0.860837 0.362400
vt 0.849799 0.313034
vt 0.849799 0.362467
f 1534/-1 1602/-2 1535/-3
vt 0.745911 0.370605
vt 0.756895 0.321294
vt 0.745909 0.321172
f 1604/-1 1605/-2 1573/-3
vt 0.756895 0.370727
vt 0.766754 0.321593
vt 0.756895 0.321294
f 1605/-1 1606/-2 1574/-3
vt 0.766754 0.371026
vt 0.774520 0.322039
vt 0.766754 0.321593
f 1606/-1 1607/-2 1575/-3
vt 0.872828 0.313500
vt 0.867140 0.362609
vt 0.872828 0.363005
f 1607/-1 1608/-2 1576/-3
vt 0.867140 0.313103
vt 0.860837 0.362472
vt 0.867140 0.362609
f 1608/-1 1609/-2 1577/-3
vt 0.818901 0.312966
vt 0.814055 0.263988
vt 0.814055 0.312966
f 1809/-1 1810/-2 1812/-3
vt 0.814055 0.312966
vt 0.809237 0.263988
vt 0.809237 0.312966
f 1813/-1 1814/-2 1809/-3
vt 0.851963 0.288343
vt 0.850943 0.286908
vt 0.852384 0.291492
f 1838/-1 1811/-2 1826/-3
vt 0.851875 0.276005
vt 0.850875 0.277353
vt 0.850433 0.282134
f 1810/-1 1814/-2 1825/-3
vt 0.855353 0.267848
vt 0.857563 0.264768
vt 0.854510 0.268500
f 1816/-1 1817/-2 1820/-3
vt 0.854702 0.295710
vt 0.857808 0.299400
vt 0.858510 0.299962
f 1835/-1 1836/-2 1837/-3
vt 0.857656 0.265032
vt 0.858510 0.263988
vt 0.857563 0.264768
f 1817/-1 1818/-2 1819/-3
vt 0.854702 0.295710
vt 0.858510 0.299962
vt 0.857898 0.299235
f 1834/-1 1835/-2 1837/-3
vt 0.855353 0.267848
vt 0.857656 0.265032
vt 0.857563 0.264768
f 1817/-1 1819/-2 1820/-3
vt 0.854702 0.295710
vt 0.857898 0.299235
vt 0.855555 0.296451
f 1833/-1 1834/-2 1837/-3
vt 0.853838 0.270697
vt 0.854510 0.268500
vt 0.852251 0.272750
f 1815/-1 1816/-2 1822/-3
vt 0.852384 0.291492
vt 0.854702 0.295710
vt 0.855555 0.296451
f 1833/-1 1837/-2 1838/-3
vt 0.854902 0.268696
vt 0.855353 0.267848
vt 0.854510 0.268500
f 1816/-1 1820/-2 1821/-3
vt 0.852384 0.291492
vt 0.855555 0.296451
vt 0.855208 0.295820
f 1832/-1 1833/-2 1838/-3
vt 0.853838 0.270697
vt 0.854902 0.268696
vt 0.854510 0.268500
f 1816/-1 1821/-2 1822/-3
vt 0.852384 0.291492
vt 0.855208 0.295820
vt 0.854374 0.294303
f 1831/-1 1832/-2 1838/-3
vt 0.853575 0.271194
vt 0.853838 0.270697
vt 0.852251 0.272750
f 1815/-1 1822/-2 1823/-3
vt 0.852384 0.291492
vt 0.854374 0.294303
vt 0.853989 0.293601
f 1830/-1 1831/-2 1838/-3
vt 0.852979 0.272315
vt 0.853575 0.271194
vt 0.852251 0.272750
f 1815/-1 1823/-2 1824/-3
vt 0.852384 0.291492
vt 0.853989 0.293601
vt 0.853118 0.292017
f 1829/-1 1830/-2 1838/-3
vt 0.851875 0.276005
vt 0.852979 0.272315
vt 0.852251 0.272750
f 1815/-1 1824/-2 1825/-3
vt 0.852384 0.291492
vt 0.853118 0.292017
vt 0.852756 0.290866
f 1828/-1 1829/-2 1838/-3
vt 0.851875 0.276005
vt 0.852251 0.272750
vt 0.850875 0.277353
f 1814/-1 1815/-2 1825/-3
vt 0.852384 0.291492
vt 0.852756 0.290866
vt 0.851970 0.288367
f 1827/-1 1828/-2 1838/-3
vt 0.851963 0.288343
vt 0.851875 0.276005
vt 0.850433 0.282134
f 1810/-1 1825/-2 1826/-3
vt 0.852384 0.291492
vt 0.851970 0.288367
vt 0.851963 0.288343
f 1826/-1 1827/-2 1838/-3
vt 0.823586 0.312966
vt 0.818901 0.263988
vt 0.818901 0.312966
f 1812/-1 1811/-2 1839/-3
vt 0.809237 0.312966
vt 0.804630 0.263988
vt 0.804630 0.312966
f 1840/-1 1815/-2 1813/-3
vt 0.804630 0.312966
vt 0.800412 0.263988
vt 0.800412 0.312966
f 1841/-1 1816/-2 1840/-3
vt 0.800412 0.312966
vt 0.796745 0.263988
vt 0.796745 0.312968
f 1842/-1 1817/-2 1841/-3
vt 0.865729 0.249409
vt 0.820522 0.260402
vt 0.821938 0.263935
f 1842/-1 1843/-2 1845/-3
vt 0.865729 0.249409
vt 0.864673 0.246773
vt 0.820522 0.260402
f 1843/-1 1844/-2 1845/-3
vt 0.865729 0.249409
vt 0.869022 0.249400
vt 0.868663 0.248503
f 1818/-1 1817/-2 1845/-3
vt 0.831773 0.300379
vt 0.843896 0.300379
vt 0.843721 0.300318
f 1846/-1 1847/-2 1848/-3
vt 0.840809 0.299304
vt 0.832957 0.296569
vt 0.832028 0.299562
f 1849/-1 1850/-2 1819/-3
vt 0.831773 0.300379
vt 0.843721 0.300318
vt 0.840809 0.300318
f 1818/-1 1846/-2 1848/-3
vt 0.840809 0.300318
vt 0.832028 0.299562
vt 0.831773 0.300379
f 1848/-1 1849/-2 1818/-3
vt 0.832957 0.296569
vt 0.840809 0.295738
vt 0.833519 0.293774
f 1851/-1 1821/-2 1850/-3
vt 0.833519 0.293774
vt 0.840809 0.293287
vt 0.833837 0.292187
f 1852/-1 1823/-2 1851/-3
vt 0.834250 0.288538
vt 0.840809 0.292187
vt 0.840809 0.288538
f 1825/-1 1824/-2 1853/-3
vt 0.834250 0.282030
vt 0.840809 0.288538
vt 0.840809 0.276181
f 1826/-1 1825/-2 1855/-3
vt 0.840809 0.288538
vt 0.834250 0.287930
vt 0.834250 0.288538
f 1853/-1 1854/-2 1825/-3
vt 0.840809 0.276181
vt 0.834250 0.276204
vt 0.834250 0.282030
f 1855/-1 1856/-2 1826/-3
vt 0.834250 0.276204
vt 0.840809 0.276181
vt 0.834242 0.276130
f 1857/-1 1827/-2 1856/-3
vt 0.833837 0.272493
vt 0.840809 0.273656
vt 0.840809 0.272493
f 1829/-1 1828/-2 1858/-3
vt 0.833384 0.270165
vt 0.840809 0.270879
vt 0.840809 0.270165
f 1831/-1 1830/-2 1859/-3
vt 0.832957 0.267977
vt 0.840809 0.268620
vt 0.840809 0.267977
f 1833/-1 1832/-2 1860/-3
vt 0.840809 0.265114
vt 0.831820 0.264146
vt 0.832957 0.267977
f 1860/-1 1861/-2 1834/-3
vt 0.840809 0.264365
vt 0.843896 0.263988
vt 0.831773 0.263988
f 1862/-1 1863/-2 1835/-3
vt 0.831820 0.264146
vt 0.840809 0.265114
vt 0.840809 0.264365
f 1835/-1 1834/-2 1861/-3
vt 0.840809 0.264365
vt 0.842861 0.264365
vt 0.843896 0.263988
f 1863/-1 1864/-2 1835/-3
vt 0.800167 0.089254
vt 0.756209 0.075000
vt 0.754826 0.078571
f 1868/-1 1865/-2 1866/-3
vt 0.801152 0.089557
vt 0.803105 0.090158
vt 0.803362 0.089493
f 1836/-1 1835/-2 1864/-3
vt 0.754826 0.078571
vt 0.799041 0.092160
vt 0.800167 0.089254
f 1866/-1 1867/-2 1868/-3
vt 0.800167 0.089254
vt 0.801152 0.089557
vt 0.803362 0.089493
f 1836/-1 1864/-2 1866/-3
vt 0.831773 0.312966
vt 0.827933 0.263988
vt 0.827933 0.312966
f 1869/-1 1837/-2 1865/-3
vt 0.827933 0.312966
vt 0.823586 0.263988
vt 0.823586 0.312966
f 1839/-1 1838/-2 1869/-3
vt 0.863179 0.242738
vt 0.820522 0.260402
vt 0.864673 0.246773
f 1844/-1 1843/-2 1871/-3
vt 0.831890 0.309378
vt 0.832652 0.310692
vt 0.832190 0.308707
f 1871/-1 1872/-2 1873/-3
vt 0.832652 0.300379
vt 0.832622 0.300455
vt 0.831773 0.305429
f 1874/-1 1847/-2 1845/-3
vt 0.831773 0.305429
vt 0.831890 0.309378
vt 0.832190 0.308707
f 1871/-1 1873/-2 1874/-3
vt 0.832036 0.303889
vt 0.832652 0.300379
vt 0.831773 0.305429
f 1874/-1 1845/-2 1844/-3
vt 0.864219 0.245646
vt 0.865729 0.249409
vt 0.877226 0.245804
f 1848/-1 1847/-2 1874/-3
vt 0.877161 0.243508
vt 0.876717 0.241784
vt 0.864219 0.245646
f 1874/-1 1875/-2 1876/-3
vt 0.920011 0.083973
vt 0.918213 0.081781
vt 0.917365 0.081088
f 1849/-1 1848/-2 1876/-3
vt 0.917368 0.096991
vt 0.920013 0.096991
vt 0.920011 0.083973
f 1876/-1 1877/-2 1878/-3
vt 0.911395 0.096991
vt 0.914266 0.078539
vt 0.911393 0.077003
f 1851/-1 1850/-2 1879/-3
vt 0.911395 0.096991
vt 0.917368 0.096991
vt 0.917365 0.081088
f 1849/-1 1878/-2 1879/-3
vt 0.911393 0.077003
vt 0.905424 0.096991
vt 0.911395 0.096991
f 1879/-1 1880/-2 1851/-3
vt 0.909763 0.076131
vt 0.906038 0.075000
vt 0.905422 0.075000
f 1854/-1 1853/-2 1852/-3
vt 0.905424 0.096991
vt 0.911393 0.077003
vt 0.909763 0.076131
f 1852/-1 1851/-2 1880/-3
vt 0.899450 0.075000
vt 0.905424 0.096991
vt 0.905422 0.075000
f 1854/-1 1880/-2 1855/-3
vt 0.893478 0.075023
vt 0.893478 0.096999
vt 0.899448 0.096992
f 1881/-1 1882/-2 1857/-3
vt 0.899450 0.075000
vt 0.893553 0.075000
vt 0.893478 0.075023
f 1857/-1 1856/-2 1855/-3
vt 0.887505 0.096992
vt 0.885325 0.078539
vt 0.881535 0.081652
f 1861/-1 1860/-2 1883/-3
vt 0.885325 0.078539
vt 0.887505 0.096992
vt 0.887507 0.077373
f 1859/-1 1883/-2 1860/-3
vt 0.881537 0.096991
vt 0.881378 0.081781
vt 0.878889 0.084815
f 1886/-1 1862/-2 1884/-3
vt 0.881378 0.081781
vt 0.881537 0.096991
vt 0.881535 0.081652
f 1861/-1 1884/-2 1862/-3
vt 0.811578 0.093093
vt 0.800043 0.089547
vt 0.798589 0.093300
f 1888/-1 1863/-2 1862/-3
vt 0.798589 0.093300
vt 0.811516 0.096301
vt 0.811578 0.093093
f 1862/-1 1886/-2 1888/-3
vt 0.788718 0.334007
vt 0.788909 0.334445
vt 0.788090 0.330624
f 1867/-1 1866/-2 1863/-3
vt 0.788031 0.325825
vt 0.787599 0.324026
vt 0.787661 0.329071
f 1888/-1 1889/-2 1892/-3
vt 0.787661 0.329071
vt 0.788718 0.334007
vt 0.788090 0.330624
f 1867/-1 1863/-2 1888/-3
vt 0.788031 0.325825
vt 0.788908 0.321173
vt 0.787706 0.323462
f 1890/-1 1891/-2 1892/-3
vt 0.787661 0.329071
vt 0.788090 0.330624
vt 0.788031 0.325825
f 1892/-1 1867/-2 1888/-3
vt 0.799041 0.092160
vt 0.753359 0.082634
vt 0.797574 0.096224
f 1892/-1 1893/-2 1867/-3
vt 0.862536 0.240877
vt 0.817514 0.251986
vt 0.819028 0.256367
f 1870/-1 1894/-2 1872/-3
vt 0.862536 0.240877
vt 0.865470 0.239972
vt 0.864599 0.237451
f 1895/-1 1896/-2 1872/-3
vt 0.819028 0.256367
vt 0.863179 0.242738
vt 0.862536 0.240877
f 1872/-1 1871/-2 1870/-3
vt 0.865470 0.239972
vt 0.862989 0.242325
vt 0.873741 0.239006
f 1914/-1 1873/-2 1896/-3
vt 0.854206 0.214284
vt 0.858097 0.226705
vt 0.861030 0.225800
f 1897/-1 1898/-2 1899/-3
vt 0.865470 0.239972
vt 0.862536 0.240877
vt 0.862989 0.242325
f 1873/-1 1872/-2 1896/-3
vt 0.873795 0.207373
vt 0.854206 0.214284
vt 0.861030 0.225800
f 1897/-1 1899/-2 1912/-3
vt 0.874195 0.229790
vt 0.865470 0.239972
vt 0.873741 0.239006
f 1914/-1 1896/-2 1913/-3
vt 0.861030 0.225800
vt 0.874195 0.229790
vt 0.873795 0.207373
f 1912/-1 1913/-2 1897/-3
vt 0.858895 0.167334
vt 0.872054 0.185450
vt 0.867938 0.164321
f 1910/-1 1911/-2 1900/-3
vt 0.845256 0.126042
vt 0.861928 0.143844
vt 0.852753 0.124181
f 1908/-1 1909/-2 1901/-3
vt 0.814729 0.079535
vt 0.818244 0.075894
vt 0.817651 0.076077
f 1905/-1 1906/-2 1903/-3
vt 0.845256 0.126042
vt 0.852753 0.124181
vt 0.843627 0.104554
f 1907/-1 1908/-2 1901/-3
vt 0.858895 0.167334
vt 0.854206 0.214284
vt 0.872054 0.185450
f 1911/-1 1899/-2 1900/-3
vt 0.874195 0.229790
vt 0.861030 0.225800
vt 0.865470 0.239972
f 1896/-1 1897/-2 1913/-3
vt 0.843627 0.104554
vt 0.815321 0.081911
vt 0.845256 0.126042
f 1901/-1 1902/-2 1907/-3
vt 0.872054 0.185450
vt 0.854206 0.214284
vt 0.873795 0.207373
f 1912/-1 1899/-2 1911/-3
vt 0.843627 0.104554
vt 0.818244 0.075894
vt 0.815321 0.081911
f 1902/-1 1906/-2 1907/-3
vt 0.861928 0.143844
vt 0.858895 0.167334
vt 0.867938 0.164321
f 1910/-1 1900/-2 1909/-3
vt 0.815581 0.077401
vt 0.814729 0.079535
vt 0.817651 0.076077
f 1905/-1 1903/-2 1904/-3
vt 0.815321 0.081911
vt 0.818244 0.075894
vt 0.814729 0.079535
f 1903/-1 1906/-2 1902/-3
vt 0.873741 0.239006
vt 0.862989 0.242325
vt 0.864219 0.245646
f 1874/-1 1873/-2 1914/-3
vt 0.876658 0.241371
vt 0.875423 0.239362
vt 0.873741 0.239006
f 1914/-1 1915/-2 1916/-3
vt 0.873741 0.239006
vt 0.876717 0.241784
vt 0.876658 0.241371
f 1916/-1 1875/-2 1914/-3
vt 0.920013 0.096991
vt 0.921674 0.097117
vt 0.921674 0.086129
f 1916/-1 1917/-2 1877/-3
vt 0.921452 0.085719
vt 0.920011 0.083973
vt 0.920013 0.096991
f 1877/-1 1876/-2 1875/-3
vt 0.917368 0.096991
vt 0.920011 0.118933
vt 0.920013 0.096991
f 1877/-1 1918/-2 1878/-3
vt 0.911395 0.096991
vt 0.917365 0.118933
vt 0.917368 0.096991
f 1878/-1 1919/-2 1879/-3
vt 0.905424 0.096991
vt 0.911393 0.118932
vt 0.911395 0.096991
f 1879/-1 1920/-2 1880/-3
vt 0.899453 0.096991
vt 0.905422 0.118933
vt 0.905424 0.096991
f 1880/-1 1921/-2 1881/-3
vt 0.893478 0.096999
vt 0.899450 0.118933
vt 0.899453 0.096991
f 1881/-1 1922/-2 1882/-3
vt 0.887507 0.077373
vt 0.887505 0.096992
vt 0.893478 0.096999
f 1882/-1 1883/-2 1859/-3
vt 0.893478 0.096999
vt 0.889828 0.076131
vt 0.887507 0.077373
f 1859/-1 1858/-2 1882/-3
vt 0.881537 0.096991
vt 0.887507 0.118933
vt 0.887505 0.096992
f 1883/-1 1924/-2 1884/-3
vt 0.878891 0.096991
vt 0.881535 0.118933
vt 0.881537 0.096991
f 1884/-1 1925/-2 1885/-3
vt 0.878889 0.084815
vt 0.878139 0.085723
vt 0.877226 0.087425
f 1928/-1 1887/-2 1886/-3
vt 0.877226 0.087425
vt 0.878891 0.096991
vt 0.878889 0.084815
f 1886/-1 1885/-2 1928/-3
vt 0.808791 0.101181
vt 0.809835 0.100956
vt 0.811054 0.098932
f 1928/-1 1929/-2 1930/-3
vt 0.798589 0.093300
vt 0.797047 0.097572
vt 0.808791 0.101181
f 1930/-1 1889/-2 1888/-3
vt 0.808791 0.101181
vt 0.811294 0.097205
vt 0.798589 0.093300
f 1888/-1 1887/-2 1930/-3
vt 0.808167 0.101571
vt 0.797047 0.097572
vt 0.796868 0.098098
f 1890/-1 1889/-2 1931/-3
vt 0.799038 0.101467
vt 0.808167 0.101571
vt 0.796868 0.098098
f 1890/-1 1931/-2 1949/-3
vt 0.799038 0.101467
vt 0.796176 0.110654
vt 0.808561 0.109171
f 1932/-1 1948/-2 1949/-3
vt 0.793373 0.171644
vt 0.802430 0.174648
vt 0.806507 0.153516
f 1934/-1 1935/-2 1945/-3
vt 0.779808 0.212947
vt 0.787313 0.214804
vt 0.796456 0.195130
f 1936/-1 1937/-2 1944/-3
vt 0.749938 0.257102
vt 0.752876 0.263116
vt 0.778221 0.234435
f 1938/-1 1939/-2 1943/-3
vt 0.749350 0.259479
vt 0.750207 0.261611
vt 0.752281 0.262934
f 1940/-1 1941/-2 1942/-3
vt 0.752281 0.262934
vt 0.752876 0.263116
vt 0.749350 0.259479
f 1942/-1 1939/-2 1940/-3
vt 0.806507 0.153516
vt 0.788585 0.124700
vt 0.793373 0.171644
f 1945/-1 1946/-2 1934/-3
vt 0.752876 0.263116
vt 0.749938 0.257102
vt 0.749350 0.259479
f 1942/-1 1943/-2 1939/-3
vt 0.796176 0.110654
vt 0.793221 0.109810
vt 0.788585 0.124700
f 1946/-1 1947/-2 1948/-3
vt 0.779808 0.212947
vt 0.749938 0.257102
vt 0.778221 0.234435
f 1938/-1 1943/-2 1944/-3
vt 0.806507 0.153516
vt 0.808204 0.131593
vt 0.788585 0.124700
f 1946/-1 1933/-2 1934/-3
vt 0.779808 0.212947
vt 0.778221 0.234435
vt 0.787313 0.214804
f 1937/-1 1938/-2 1944/-3
vt 0.796868 0.098098
vt 0.796100 0.100564
vt 0.799038 0.101467
f 1949/-1 1891/-2 1890/-3
vt 0.793373 0.171644
vt 0.779808 0.212947
vt 0.796456 0.195130
f 1936/-1 1944/-2 1945/-3
vt 0.808561 0.109171
vt 0.808167 0.101571
vt 0.799038 0.101467
f 1949/-1 1931/-2 1932/-3
vt 0.802430 0.174648
vt 0.793373 0.171644
vt 0.796456 0.195130
f 1936/-1 1945/-2 1935/-3
vt 0.808561 0.109171
vt 0.796176 0.110654
vt 0.808204 0.131593
f 1933/-1 1948/-2 1932/-3
vt 0.796100 0.100564
vt 0.753359 0.082634
vt 0.751865 0.087034
f 1951/-1 1893/-2 1891/-3
vt 0.799038 0.101467
vt 0.799038 0.101467
vt 0.796100 0.100564
f 1891/-1 1949/-2 1950/-3
vt 0.796100 0.100564
vt 0.797574 0.096224
vt 0.753359 0.082634
f 1893/-1 1892/-2 1891/-3
vt 0.817514 0.251986
vt 0.863122 0.232890
vt 0.816038 0.247425
f 1952/-1 1953/-2 1894/-3
vt 0.786312 0.328590
vt 0.787599 0.336004
vt 0.787599 0.321172
f 1897/-1 1896/-2 1953/-3
vt 0.787599 0.336004
vt 0.786312 0.328590
vt 0.786788 0.333363
f 1895/-1 1953/-2 1896/-3
vt 0.858097 0.226705
vt 0.813422 0.238468
vt 0.814656 0.242860
f 1957/-1 1955/-2 1898/-3
vt 0.861741 0.228326
vt 0.861030 0.225800
vt 0.858097 0.226705
f 1898/-1 1897/-2 1954/-3
vt 0.858097 0.226705
vt 0.857573 0.224840
vt 0.813422 0.238468
f 1955/-1 1956/-2 1898/-3
vt 0.924401 0.414298
vt 0.925000 0.416248
vt 0.925000 0.403247
f 1899/-1 1898/-2 1956/-3
vt 0.925000 0.403247
vt 0.915150 0.403247
vt 0.915275 0.403313
f 1960/-1 1961/-2 1899/-3
vt 0.922111 0.410066
vt 0.924401 0.414298
vt 0.925000 0.403247
f 1899/-1 1956/-2 1958/-3
vt 0.925000 0.403247
vt 0.915275 0.403313
vt 0.919030 0.406357
f 1959/-1 1960/-2 1899/-3
vt 0.913056 0.402127
vt 0.915150 0.403247
vt 0.925000 0.403247
f 1899/-1 1961/-2 1962/-3
vt 0.925000 0.359269
vt 0.913056 0.359269
vt 0.913056 0.402127
f 1962/-1 1963/-2 1900/-3
vt 0.913056 0.315860
vt 0.925000 0.359269
vt 0.925000 0.315860
f 1901/-1 1900/-2 1964/-3
vt 0.913057 0.265378
vt 0.925000 0.315860
vt 0.925000 0.265378
f 1902/-1 1901/-2 1965/-3
vt 0.913057 0.265378
vt 0.924998 0.262950
vt 0.913055 0.262950
f 1966/-1 1903/-2 1965/-3
vt 0.913057 0.262931
vt 0.925000 0.261103
vt 0.913056 0.261103
f 1967/-1 1904/-2 1966/-3
vt 0.843896 0.299401
vt 0.846326 0.311205
vt 0.846326 0.299400
f 1968/-1 1905/-2 1967/-3
vt 0.846326 0.311205
vt 0.850433 0.307917
vt 0.850433 0.305303
f 1983/-1 1969/-2 1905/-3
vt 0.850433 0.307917
vt 0.848691 0.310764
vt 0.849966 0.309561
f 1970/-1 1971/-2 1969/-3
vt 0.850433 0.307917
vt 0.846326 0.311205
vt 0.846949 0.311205
f 1906/-1 1905/-2 1969/-3
vt 0.850433 0.299401
vt 0.850433 0.293498
vt 0.846326 0.299400
f 1968/-1 1981/-2 1982/-3
vt 0.850433 0.269890
vt 0.846326 0.263988
vt 0.846326 0.275792
f 1973/-1 1940/-2 1977/-3
vt 0.850433 0.267275
vt 0.848691 0.264428
vt 0.846949 0.263988
f 1939/-1 1974/-2 1976/-3
vt 0.848691 0.264428
vt 0.850433 0.267275
vt 0.849966 0.265631
f 1975/-1 1976/-2 1974/-3
vt 0.846326 0.275792
vt 0.850433 0.275792
vt 0.850433 0.269890
f 1977/-1 1978/-2 1973/-3
vt 0.846326 0.287596
vt 0.850433 0.287596
vt 0.850433 0.281694
f 1979/-1 1980/-2 1972/-3
vt 0.846326 0.299400
vt 0.850433 0.305303
vt 0.850433 0.299401
f 1982/-1 1983/-2 1968/-3
vt 0.846326 0.287596
vt 0.850433 0.293498
vt 0.850433 0.287596
f 1980/-1 1981/-2 1972/-3
vt 0.846949 0.263988
vt 0.846326 0.263988
vt 0.850433 0.267275
f 1976/-1 1940/-2 1939/-3
vt 0.850433 0.269890
vt 0.850433 0.267275
vt 0.846326 0.263988
f 1940/-1 1976/-2 1977/-3
vt 0.850433 0.305303
vt 0.846326 0.299400
vt 0.846326 0.311205
f 1905/-1 1968/-2 1983/-3
vt 0.846949 0.311205
vt 0.848691 0.310764
vt 0.850433 0.307917
f 1969/-1 1971/-2 1906/-3
vt 0.846326 0.275792
vt 0.850433 0.281694
vt 0.850433 0.275792
f 1978/-1 1979/-2 1973/-3
vt 0.846326 0.299400
vt 0.850433 0.293498
vt 0.846326 0.287596
f 1972/-1 1981/-2 1968/-3
vt 0.843627 0.104554
vt 0.819949 0.075380
vt 0.818244 0.075894
f 1906/-1 1971/-2 1907/-3
vt 0.854299 0.123489
vt 0.843627 0.104554
vt 0.852753 0.124181
f 1908/-1 1907/-2 1985/-3
vt 0.863526 0.143264
vt 0.852753 0.124181
vt 0.861928 0.143844
f 1909/-1 1908/-2 1986/-3
vt 0.869567 0.163851
vt 0.861928 0.143844
vt 0.867938 0.164321
f 1910/-1 1909/-2 1987/-3
vt 0.872054 0.185450
vt 0.869567 0.163851
vt 0.867938 0.164321
f 1910/-1 1987/-2 1911/-3
vt 0.873795 0.207373
vt 0.873741 0.185228
vt 0.872054 0.185450
f 1911/-1 1988/-2 1912/-3
vt 0.874195 0.229790
vt 0.875493 0.207292
vt 0.873795 0.207373
f 1912/-1 1989/-2 1913/-3
vt 0.873741 0.239006
vt 0.875893 0.229810
vt 0.874195 0.229790
f 1913/-1 1990/-2 1914/-3
vt 0.877226 0.229829
vt 0.875423 0.239362
vt 0.876658 0.241371
f 1916/-1 1915/-2 1917/-3
vt 0.921672 0.119024
vt 0.920013 0.096991
vt 0.920011 0.118933
f 1918/-1 1877/-2 2045/-3
vt 0.917365 0.118933
vt 0.920011 0.140819
vt 0.920011 0.118933
f 1918/-1 1991/-2 1919/-3
vt 0.911393 0.118932
vt 0.917365 0.140819
vt 0.917365 0.118933
f 1919/-1 1992/-2 1920/-3
vt 0.905422 0.118933
vt 0.911393 0.140819
vt 0.911393 0.118932
f 1920/-1 1993/-2 1921/-3
vt 0.899450 0.118933
vt 0.905422 0.140819
vt 0.905422 0.118933
f 1921/-1 1994/-2 1922/-3
vt 0.893478 0.118933
vt 0.899450 0.140819
vt 0.899450 0.118933
f 1922/-1 1995/-2 1923/-3
vt 0.887505 0.096992
vt 0.893478 0.118933
vt 0.893478 0.096999
f 1882/-1 1923/-2 1883/-3
vt 0.881535 0.118933
vt 0.887507 0.140819
vt 0.887507 0.118933
f 1924/-1 1997/-2 1925/-3
vt 0.878889 0.118933
vt 0.881535 0.140819
vt 0.881535 0.118933
f 1925/-1 1998/-2 1926/-3
vt 0.878891 0.096991
vt 0.877228 0.119023
vt 0.878889 0.118933
f 1926/-1 2000/-2 1885/-3
vt 0.809835 0.100956
vt 0.811578 0.109114
vt 0.811054 0.098932
f 1928/-1 1927/-2 1929/-3
vt 0.809835 0.100956
vt 0.808791 0.101181
vt 0.808167 0.101571
f 1931/-1 1930/-2 1929/-3
vt 0.808167 0.101571
vt 0.810257 0.109141
vt 0.809835 0.100956
f 1929/-1 2001/-2 1931/-3
vt 0.809900 0.131666
vt 0.808561 0.109171
vt 0.808204 0.131593
f 1933/-1 1932/-2 2002/-3
vt 0.808191 0.153732
vt 0.808204 0.131593
vt 0.806507 0.153516
f 1934/-1 1933/-2 2003/-3
vt 0.804083 0.175020
vt 0.806507 0.153516
vt 0.802430 0.174648
f 1935/-1 1934/-2 2004/-3
vt 0.796456 0.195130
vt 0.804059 0.175108
vt 0.802430 0.174648
f 1935/-1 2004/-2 1936/-3
vt 0.787313 0.214804
vt 0.798053 0.195703
vt 0.796456 0.195130
f 1936/-1 2005/-2 1937/-3
vt 0.778221 0.234435
vt 0.788858 0.215488
vt 0.787313 0.214804
f 1937/-1 2006/-2 1938/-3
vt 0.754579 0.263624
vt 0.778221 0.234435
vt 0.752876 0.263116
f 1939/-1 1938/-2 1974/-3
vt 0.843896 0.263988
vt 0.846326 0.275792
vt 0.846326 0.263988
f 1940/-1 1973/-2 1941/-3
vt 0.877226 0.262931
vt 0.889170 0.261103
vt 0.877226 0.261103
f 1941/-1 2008/-2 1942/-3
vt 0.877226 0.265378
vt 0.889170 0.262931
vt 0.877229 0.262955
f 1942/-1 2009/-2 1943/-3
vt 0.877226 0.265378
vt 0.889170 0.315860
vt 0.889170 0.265378
f 2010/-1 2011/-2 1943/-3
vt 0.877226 0.315860
vt 0.889170 0.359269
vt 0.889170 0.315860
f 2011/-1 2012/-2 1944/-3
vt 0.889170 0.402551
vt 0.877226 0.403247
vt 0.887868 0.403247
f 2014/-1 1946/-2 2013/-3
vt 0.889170 0.402551
vt 0.889170 0.359269
vt 0.877226 0.359269
f 1945/-1 2012/-2 2013/-3
vt 0.877226 0.403247
vt 0.877226 0.418828
vt 0.878617 0.414298
f 2018/-1 1947/-2 1946/-3
vt 0.887743 0.403313
vt 0.887868 0.403247
vt 0.877226 0.403247
f 1946/-1 2014/-2 2015/-3
vt 0.877226 0.403247
vt 0.878617 0.414298
vt 0.880907 0.410066
f 2017/-1 2018/-2 1946/-3
vt 0.883988 0.406357
vt 0.887743 0.403313
vt 0.877226 0.403247
f 1946/-1 2015/-2 2016/-3
vt 0.796176 0.110654
vt 0.796176 0.110654
vt 0.749023 0.096161
f 2019/-1 2020/-2 1948/-3
vt 0.793221 0.109810
vt 0.747785 0.100537
vt 0.792000 0.114127
f 2018/-1 2021/-2 1947/-3
vt 0.793221 0.109810
vt 0.796176 0.110654
vt 0.749023 0.096161
f 2019/-1 1948/-2 1947/-3
vt 0.833128 0.309990
vt 0.833147 0.310051
vt 0.833128 0.300442
f 1949/-1 1948/-2 2020/-3
vt 0.833128 0.300442
vt 0.832652 0.305216
vt 0.833128 0.309990
f 2020/-1 2022/-2 1950/-3
vt 0.750401 0.091602
vt 0.799038 0.101467
vt 0.751865 0.087034
f 1951/-1 1950/-2 2023/-3
vt 0.816038 0.247425
vt 0.861741 0.228326
vt 0.814656 0.242860
f 1957/-1 1954/-2 1952/-3
vt 0.856533 0.220788
vt 0.813422 0.238468
vt 0.857573 0.224840
f 1956/-1 1955/-2 1958/-3
vt 0.855729 0.217233
vt 0.812382 0.234417
vt 0.856533 0.220788
f 1958/-1 2024/-2 1959/-3
vt 0.800501 0.358991
vt 0.796745 0.312968
vt 0.796745 0.358750
f 1959/-1 2025/-2 1960/-3
vt 0.800626 0.358996
vt 0.804786 0.313388
vt 0.800501 0.313209
f 2026/-1 2027/-2 1961/-3
vt 0.804786 0.313388
vt 0.802720 0.359551
vt 0.804786 0.360098
f 2028/-1 1962/-2 2027/-3
vt 0.800501 0.313209
vt 0.800501 0.358991
vt 0.800626 0.358996
f 1961/-1 1960/-2 2026/-3
vt 0.901113 0.315860
vt 0.913056 0.359269
vt 0.913056 0.315860
f 1964/-1 1963/-2 2030/-3
vt 0.901113 0.265378
vt 0.913056 0.315860
vt 0.913057 0.265378
f 1965/-1 1964/-2 2031/-3
vt 0.901113 0.265378
vt 0.913055 0.262950
vt 0.901111 0.262950
f 2032/-1 1966/-2 2031/-3
vt 0.901113 0.262931
vt 0.913056 0.261103
vt 0.901113 0.261103
f 2033/-1 1967/-2 2032/-3
vt 0.843896 0.287596
vt 0.846326 0.299400
vt 0.846326 0.287596
f 1972/-1 1968/-2 2033/-3
vt 0.917365 0.227553
vt 0.920011 0.261103
vt 0.920011 0.227553
f 2034/-1 1969/-2 2035/-3
vt 0.921672 0.227444
vt 0.920011 0.261103
vt 0.921674 0.261086
f 1970/-1 1969/-2 2036/-3
vt 0.845110 0.103728
vt 0.821285 0.075000
vt 0.819949 0.075380
f 1971/-1 1970/-2 1984/-3
vt 0.843896 0.275792
vt 0.846326 0.287596
vt 0.846326 0.275792
f 1973/-1 1972/-2 2008/-3
vt 0.779703 0.235255
vt 0.755907 0.263988
vt 0.780870 0.235844
f 2037/-1 1975/-2 2007/-3
vt 0.877228 0.227445
vt 0.878889 0.261103
vt 0.878889 0.227553
f 2038/-1 1976/-2 2037/-3
vt 0.878889 0.227553
vt 0.881535 0.261103
vt 0.881535 0.227553
f 2039/-1 1977/-2 2038/-3
vt 0.881535 0.227553
vt 0.887507 0.261103
vt 0.887507 0.227553
f 2040/-1 1978/-2 2039/-3
vt 0.887507 0.227553
vt 0.893478 0.261103
vt 0.893478 0.227553
f 2041/-1 1979/-2 2040/-3
vt 0.893478 0.227553
vt 0.899450 0.261103
vt 0.899450 0.227553
f 2042/-1 1980/-2 2041/-3
vt 0.899450 0.227553
vt 0.905422 0.261103
vt 0.905422 0.227553
f 2043/-1 1981/-2 2042/-3
vt 0.905422 0.227553
vt 0.911393 0.261103
vt 0.911393 0.227553
f 2044/-1 1982/-2 2043/-3
vt 0.911393 0.227553
vt 0.917365 0.261103
vt 0.917365 0.227553
f 2035/-1 1983/-2 2044/-3
vt 0.920011 0.140819
vt 0.921672 0.119024
vt 0.920011 0.118933
f 1918/-1 2045/-2 1991/-3
vt 0.917365 0.140819
vt 0.920009 0.162605
vt 0.920011 0.140819
f 1991/-1 2046/-2 1992/-3
vt 0.911393 0.140819
vt 0.917367 0.162603
vt 0.917365 0.140819
f 1992/-1 2047/-2 1993/-3
vt 0.905422 0.140819
vt 0.911395 0.162603
vt 0.911393 0.140819
f 1993/-1 2048/-2 1994/-3
vt 0.899450 0.140819
vt 0.905424 0.162603
vt 0.905422 0.140819
f 1994/-1 2049/-2 1995/-3
vt 0.893478 0.140819
vt 0.899448 0.162605
vt 0.899450 0.140819
f 1995/-1 2050/-2 1996/-3
vt 0.887507 0.118933
vt 0.893478 0.140819
vt 0.893478 0.118933
f 1923/-1 1996/-2 1924/-3
vt 0.881535 0.140819
vt 0.887505 0.162605
vt 0.887507 0.140819
f 1997/-1 2052/-2 1998/-3
vt 0.878889 0.140819
vt 0.881537 0.162603
vt 0.881535 0.140819
f 1998/-1 2053/-2 1999/-3
vt 0.877228 0.119023
vt 0.878889 0.140819
vt 0.878889 0.118933
f 1926/-1 1999/-2 2000/-3
vt 0.810257 0.109141
vt 0.811220 0.131708
vt 0.811578 0.109114
f 1927/-1 2000/-2 2001/-3
vt 0.889170 0.262931
vt 0.901113 0.261103
vt 0.889170 0.261103
f 2008/-1 2033/-2 2009/-3
vt 0.889170 0.265378
vt 0.901111 0.262950
vt 0.889173 0.262955
f 2009/-1 2032/-2 2010/-3
vt 0.889170 0.265378
vt 0.901113 0.315860
vt 0.901113 0.265378
f 2031/-1 2030/-2 2010/-3
vt 0.889170 0.315860
vt 0.901113 0.359269
vt 0.901113 0.315860
f 2030/-1 2029/-2 2011/-3
vt 0.827908 0.358995
vt 0.828033 0.313208
vt 0.823750 0.313388
f 2058/-1 2056/-2 2014/-3
vt 0.823750 0.313388
vt 0.826607 0.359340
vt 0.827908 0.358995
f 2014/-1 2013/-2 2058/-3
vt 0.827908 0.358995
vt 0.828033 0.358990
vt 0.828033 0.313208
f 2056/-1 2015/-2 2014/-3
vt 0.831787 0.358749
vt 0.828033 0.313208
vt 0.828033 0.358990
f 2015/-1 2056/-2 2016/-3
vt 0.790948 0.118152
vt 0.745909 0.108081
vt 0.790124 0.121671
f 2016/-1 2059/-2 2017/-3
vt 0.792000 0.114127
vt 0.746733 0.104562
vt 0.790948 0.118152
f 2017/-1 2060/-2 2018/-3
vt 0.749023 0.096161
vt 0.797554 0.106094
vt 0.750401 0.091602
f 2023/-1 2022/-2 2019/-3
vt 0.809435 0.313499
vt 0.804786 0.360098
vt 0.809435 0.360796
f 2062/-1 2028/-2 2061/-3
vt 0.901113 0.359269
vt 0.901113 0.399175
vt 0.901509 0.399136
f 2091/-1 2092/-2 2029/-3
vt 0.910991 0.401023
vt 0.913056 0.402127
vt 0.913056 0.359269
f 1963/-1 1962/-2 2028/-3
vt 0.901113 0.359269
vt 0.901509 0.399136
vt 0.906343 0.399612
f 2062/-1 2091/-2 2029/-3
vt 0.906343 0.399612
vt 0.910991 0.401023
vt 0.913056 0.359269
f 1963/-1 2028/-2 2062/-3
vt 0.917365 0.205946
vt 0.920011 0.227553
vt 0.920011 0.205946
f 2063/-1 2034/-2 2064/-3
vt 0.878889 0.205946
vt 0.881535 0.227553
vt 0.881535 0.205946
f 2065/-1 2039/-2 2066/-3
vt 0.881535 0.205946
vt 0.887507 0.227553
vt 0.887507 0.205946
f 2067/-1 2040/-2 2065/-3
vt 0.887507 0.205946
vt 0.893478 0.227553
vt 0.893478 0.205946
f 2068/-1 2041/-2 2067/-3
vt 0.893478 0.205946
vt 0.899450 0.227553
vt 0.899450 0.205946
f 2069/-1 2042/-2 2068/-3
vt 0.899450 0.205946
vt 0.905422 0.227553
vt 0.905422 0.205946
f 2070/-1 2043/-2 2069/-3
vt 0.905422 0.205946
vt 0.911393 0.227553
vt 0.911393 0.205946
f 2071/-1 2044/-2 2070/-3
vt 0.911393 0.205946
vt 0.917365 0.227553
vt 0.917365 0.205946
f 2064/-1 2035/-2 2071/-3
vt 0.855519 0.122979
vt 0.845110 0.103728
vt 0.854299 0.123489
f 1985/-1 1984/-2 2072/-3
vt 0.864784 0.142836
vt 0.854299 0.123489
vt 0.863526 0.143264
f 1986/-1 1985/-2 2073/-3
vt 0.870892 0.163646
vt 0.863526 0.143264
vt 0.869567 0.163851
f 1987/-1 1986/-2 2074/-3
vt 0.873741 0.185228
vt 0.870892 0.163646
vt 0.869567 0.163851
f 1987/-1 2074/-2 1988/-3
vt 0.875493 0.207292
vt 0.875064 0.185062
vt 0.873741 0.185228
f 1988/-1 2075/-2 1989/-3
vt 0.875893 0.229810
vt 0.876824 0.207226
vt 0.875493 0.207292
f 1989/-1 2045/-2 1990/-3
vt 0.920009 0.162605
vt 0.921674 0.140877
vt 0.920011 0.140819
f 1991/-1 2075/-2 2046/-3
vt 0.917366 0.162661
vt 0.920011 0.184339
vt 0.920012 0.162668
f 2046/-1 2076/-2 2047/-3
vt 0.911394 0.162661
vt 0.917365 0.184340
vt 0.917366 0.162661
f 2047/-1 2077/-2 2048/-3
vt 0.905423 0.162661
vt 0.911393 0.184340
vt 0.911394 0.162661
f 2048/-1 2078/-2 2049/-3
vt 0.899451 0.162661
vt 0.905422 0.184340
vt 0.905423 0.162661
f 2049/-1 2079/-2 2050/-3
vt 0.893479 0.162661
vt 0.899450 0.184340
vt 0.899449 0.162658
f 2050/-1 2080/-2 2051/-3
vt 0.887507 0.140819
vt 0.893480 0.162603
vt 0.893478 0.140819
f 1996/-1 2051/-2 1997/-3
vt 0.881536 0.162661
vt 0.887507 0.184339
vt 0.887508 0.162661
f 2052/-1 2082/-2 2053/-3
vt 0.878890 0.162661
vt 0.881535 0.184340
vt 0.881536 0.162661
f 2053/-1 2083/-2 2054/-3
vt 0.877226 0.140877
vt 0.878891 0.162603
vt 0.878889 0.140819
f 1999/-1 2054/-2 2055/-3
vt 0.809900 0.131666
vt 0.809505 0.153882
vt 0.811220 0.131708
f 2000/-1 2055/-2 2002/-3
vt 0.805374 0.175301
vt 0.808191 0.153732
vt 0.804083 0.175020
f 2004/-1 2003/-2 2085/-3
vt 0.798053 0.195703
vt 0.805374 0.175301
vt 0.804059 0.175108
f 2004/-1 2085/-2 2005/-3
vt 0.788858 0.215488
vt 0.799303 0.196115
vt 0.798053 0.195703
f 2005/-1 2086/-2 2006/-3
vt 0.779703 0.235255
vt 0.790071 0.215980
vt 0.788858 0.215488
f 2006/-1 2087/-2 2007/-3
vt 0.892027 0.401023
vt 0.889170 0.359269
vt 0.889170 0.402551
f 2013/-1 2012/-2 2057/-3
vt 0.896675 0.399612
vt 0.901113 0.399175
vt 0.901113 0.359269
f 2029/-1 2092/-2 2088/-3
vt 0.896675 0.399612
vt 0.889170 0.359269
vt 0.892027 0.401023
f 2057/-1 2012/-2 2088/-3
vt 0.823750 0.360097
vt 0.819103 0.313498
vt 0.819103 0.360796
f 2088/-1 2089/-2 2057/-3
vt 0.814269 0.313536
vt 0.809435 0.360796
vt 0.814269 0.361032
f 2091/-1 2062/-2 2090/-3
vt 0.917365 0.184340
vt 0.920011 0.205946
vt 0.920011 0.184339
f 2076/-1 2063/-2 2077/-3
vt 0.921672 0.227444
vt 0.920011 0.205946
vt 0.920011 0.227553
f 2034/-1 2063/-2 2036/-3
vt 0.878889 0.205946
vt 0.877228 0.227445
vt 0.878889 0.227553
f 2038/-1 2037/-2 2066/-3
vt 0.878889 0.184340
vt 0.881535 0.205946
vt 0.881535 0.184340
f 2083/-1 2065/-2 2084/-3
vt 0.881535 0.184340
vt 0.887507 0.205946
vt 0.887507 0.184339
f 2082/-1 2067/-2 2083/-3
vt 0.887507 0.184339
vt 0.893478 0.205946
vt 0.893478 0.184340
f 2081/-1 2068/-2 2082/-3
vt 0.893478 0.184340
vt 0.899450 0.205946
vt 0.899450 0.184340
f 2080/-1 2069/-2 2081/-3
vt 0.899450 0.184340
vt 0.905422 0.205946
vt 0.905422 0.184340
f 2079/-1 2070/-2 2080/-3
vt 0.905422 0.184340
vt 0.911393 0.205946
vt 0.911393 0.184340
f 2078/-1 2071/-2 2079/-3
vt 0.911393 0.184340
vt 0.917365 0.205946
vt 0.917365 0.184340
f 2077/-1 2064/-2 2078/-3
vt 0.921674 0.184297
vt 0.920012 0.162668
vt 0.920011 0.184339
f 2076/-1 2046/-2 2073/-3
vt 0.887508 0.162661
vt 0.893478 0.184340
vt 0.893479 0.162661
f 2051/-1 2081/-2 2052/-3
vt 0.878890 0.162661
vt 0.877226 0.184298
vt 0.878889 0.184340
f 2084/-1 2086/-2 2054/-3
vt 0.819103 0.360796
vt 0.819103 0.313498
vt 0.814269 0.313536
f 2090/-1 2089/-2 2088/-3
vt 0.814269 0.313536
vt 0.814665 0.361013
vt 0.819103 0.360796
f 2088/-1 2092/-2 2090/-3
vt 0.921674 0.205872
vt 0.920011 0.184339
vt 0.920011 0.205946
f 2063/-1 2076/-2 2072/-3
vt 0.878889 0.184340
vt 0.877226 0.205873
vt 0.878889 0.205946
f 2066/-1 2087/-2 2084/-3
vt 0.626422 0.251342
vt 0.599244 0.227167
vt 0.577395 0.251342
f 2302/-1 2293/-2 2312/-3
vt 0.577395 0.341310
vt 0.574784 0.432674
vt 0.592379 0.440738
f 2328/-1 2330/-2 2301/-3
vt 0.620585 0.337862
vt 0.626422 0.341316
vt 0.626422 0.251342
f 2312/-1 2295/-2 2296/-3
vt 0.577395 0.251342
vt 0.577395 0.341310
vt 0.583219 0.337862
f 2300/-1 2301/-2 2302/-3
vt 0.611425 0.334789
vt 0.620585 0.337862
vt 0.626422 0.251342
f 2312/-1 2296/-2 2297/-3
vt 0.577395 0.251342
vt 0.583219 0.337862
vt 0.592379 0.334789
f 2299/-1 2300/-2 2302/-3
vt 0.601902 0.333752
vt 0.611425 0.334789
vt 0.626422 0.251342
f 2312/-1 2297/-2 2298/-3
vt 0.577395 0.251342
vt 0.592379 0.334789
vt 0.601902 0.333752
f 2298/-1 2299/-2 2302/-3
vt 0.580326 0.239255
vt 0.578138 0.245085
vt 0.577395 0.251342
f 2302/-1 2303/-2 2304/-3
vt 0.588326 0.230406
vt 0.583791 0.234248
vt 0.580326 0.239255
f 2304/-1 2305/-2 2306/-3
vt 0.580326 0.239255
vt 0.593595 0.227991
vt 0.588326 0.230406
f 2306/-1 2294/-2 2304/-3
vt 0.626422 0.251342
vt 0.604573 0.227167
vt 0.599244 0.227167
f 2293/-1 2292/-2 2312/-3
vt 0.620026 0.234248
vt 0.615495 0.230406
vt 0.610226 0.227991
f 2307/-1 2308/-2 2309/-3
vt 0.625680 0.245085
vt 0.623495 0.239255
vt 0.620026 0.234248
f 2309/-1 2310/-2 2311/-3
vt 0.604573 0.227167
vt 0.626422 0.251342
vt 0.625680 0.245085
f 2311/-1 2312/-2 2292/-3
vt 0.626422 0.251342
vt 0.577395 0.251342
vt 0.601902 0.333752
f 2298/-1 2302/-2 2312/-3
vt 0.599244 0.227167
vt 0.593595 0.227991
vt 0.580326 0.239255
f 2304/-1 2294/-2 2293/-3
vt 0.620026 0.234248
vt 0.610226 0.227991
vt 0.604573 0.227167
f 2292/-1 2307/-2 2309/-3
vt 0.604573 0.227167
vt 0.625680 0.245085
vt 0.620026 0.234248
f 2309/-1 2311/-2 2292/-3
vt 0.599244 0.227167
vt 0.580326 0.239255
vt 0.577395 0.251342
f 2302/-1 2304/-2 2293/-3
vt 0.577395 0.341310
vt 0.611425 0.334789
vt 0.601902 0.333752
f 2298/-1 2297/-2 2301/-3
vt 0.629020 0.342854
vt 0.620585 0.337862
vt 0.620585 0.337862
f 2296/-1 2314/-2 2313/-3
vt 0.577395 0.341310
vt 0.636423 0.349572
vt 0.629020 0.342854
f 2313/-1 2340/-2 2301/-3
vt 0.577395 0.341310
vt 0.646999 0.367094
vt 0.642485 0.357756
f 2341/-1 2342/-2 2301/-3
vt 0.577395 0.341310
vt 0.650715 0.387764
vt 0.649781 0.377227
f 2343/-1 2344/-2 2301/-3
vt 0.577395 0.341310
vt 0.646999 0.408433
vt 0.649781 0.398301
f 2320/-1 2321/-2 2301/-3
vt 0.629020 0.432674
vt 0.636423 0.425956
vt 0.642485 0.417772
f 2322/-1 2323/-2 2324/-3
vt 0.611425 0.440738
vt 0.620585 0.437665
vt 0.629020 0.432674
f 2324/-1 2325/-2 2326/-3
vt 0.577395 0.341310
vt 0.601902 0.441777
vt 0.611425 0.440738
f 2326/-1 2327/-2 2301/-3
vt 0.574784 0.432674
vt 0.583219 0.437665
vt 0.592379 0.440738
f 2328/-1 2329/-2 2330/-3
vt 0.577395 0.341310
vt 0.567386 0.425956
vt 0.574784 0.432674
f 2330/-1 2331/-2 2301/-3
vt 0.577395 0.341310
vt 0.556805 0.408433
vt 0.561324 0.417772
f 2332/-1 2333/-2 2301/-3
vt 0.577395 0.341310
vt 0.553093 0.387764
vt 0.554032 0.398301
f 2334/-1 2335/-2 2301/-3
vt 0.577395 0.341310
vt 0.556805 0.367094
vt 0.554032 0.377227
f 2336/-1 2337/-2 2301/-3
vt 0.577395 0.341310
vt 0.567386 0.349571
vt 0.561324 0.357756
f 2338/-1 2339/-2 2301/-3
vt 0.567386 0.349571
vt 0.577395 0.341310
vt 0.574784 0.342854
f 2316/-1 2301/-2 2339/-3
vt 0.577395 0.341310
vt 0.592379 0.334789
vt 0.583219 0.337862
f 2300/-1 2299/-2 2301/-3
vt 0.577395 0.341310
vt 0.620585 0.337862
vt 0.611425 0.334789
f 2297/-1 2296/-2 2301/-3
vt 0.577395 0.341310
vt 0.642485 0.357756
vt 0.636423 0.349572
f 2340/-1 2341/-2 2301/-3
vt 0.577395 0.341310
vt 0.649781 0.398301
vt 0.650715 0.387764
f 2344/-1 2320/-2 2301/-3
vt 0.577395 0.341310
vt 0.629020 0.432674
vt 0.642485 0.417772
f 2322/-1 2324/-2 2301/-3
vt 0.577395 0.341310
vt 0.592379 0.440738
vt 0.601902 0.441777
f 2327/-1 2328/-2 2301/-3
vt 0.577395 0.341310
vt 0.561324 0.417772
vt 0.567386 0.425956
f 2331/-1 2332/-2 2301/-3
vt 0.577395 0.341310
vt 0.554032 0.377227
vt 0.553093 0.387764
f 2335/-1 2336/-2 2301/-3
vt 0.556805 0.367094
vt 0.577395 0.341310
vt 0.561324 0.357756
f 2338/-1 2301/-2 2337/-3
vt 0.577395 0.341310
vt 0.601902 0.333752
vt 0.592379 0.334789
f 2299/-1 2298/-2 2301/-3
vt 0.577395 0.341310
vt 0.649781 0.377227
vt 0.646999 0.367094
f 2342/-1 2343/-2 2301/-3
vt 0.577395 0.341310
vt 0.611425 0.440738
vt 0.629020 0.432674
f 2324/-1 2326/-2 2301/-3
vt 0.577395 0.341310
vt 0.554032 0.398301
vt 0.556805 0.408433
f 2333/-1 2334/-2 2301/-3
vt 0.629020 0.342854
vt 0.620585 0.337862
vt 0.577395 0.341310
f 2301/-1 2296/-2 2313/-3
vt 0.577395 0.341310
vt 0.642485 0.417772
vt 0.646999 0.408433
f 2321/-1 2322/-2 2301/-3
vt 0.738539 0.417484
vt 0.736940 0.423735
vt 0.738539 0.423735
f 1611/-1 1612/-2 1613/-3
vt 0.739079 0.410982
vt 0.738539 0.417484
vt 0.740248 0.417484
f 1610/-1 1613/-2 1619/-3
vt 0.738539 0.417484
vt 0.735795 0.417484
vt 0.734353 0.423735
f 1616/-1 1620/-2 1613/-3
vt 0.736940 0.423735
vt 0.734353 0.429496
vt 0.735795 0.429496
f 1617/-1 1614/-2 1612/-3
vt 0.734353 0.429496
vt 0.736940 0.423735
vt 0.734353 0.423735
f 1616/-1 1612/-2 1614/-3
vt 0.730864 0.434546
vt 0.734353 0.429496
vt 0.728881 0.434546
f 1622/-1 1614/-2 1621/-3
vt 0.740820 0.410982
vt 0.740248 0.404481
vt 0.738539 0.404481
f 1630/-1 1624/-2 1615/-3
vt 0.735795 0.417484
vt 0.738539 0.417484
vt 0.739079 0.410982
f 1619/-1 1613/-2 1620/-3
vt 0.734353 0.423735
vt 0.735795 0.417484
vt 0.732095 0.417484
f 1632/-1 1620/-2 1616/-3
vt 0.732024 0.429496
vt 0.734353 0.423735
vt 0.730864 0.423735
f 1625/-1 1616/-2 1618/-3
vt 0.728881 0.434546
vt 0.732024 0.429496
vt 0.728881 0.429496
f 1626/-1 1618/-2 1622/-3
vt 0.730864 0.434546
vt 0.726615 0.438790
vt 0.727579 0.438689
f 1633/-1 1627/-2 1621/-3
vt 0.730864 0.434546
vt 0.728881 0.434546
vt 0.725055 0.438689
f 1628/-1 1622/-2 1621/-3
vt 0.725055 0.438689
vt 0.728881 0.434546
vt 0.726207 0.434546
f 1629/-1 1622/-2 1628/-3
vt 0.738539 0.398229
vt 0.736940 0.398229
vt 0.738539 0.404481
f 1630/-1 1643/-2 1635/-3
vt 0.735795 0.404481
vt 0.736273 0.410982
vt 0.739079 0.410982
f 1619/-1 1631/-2 1644/-3
vt 0.732095 0.417484
vt 0.727579 0.417484
vt 0.726615 0.423735
f 1636/-1 1646/-2 1632/-3
vt 0.726615 0.423735
vt 0.725055 0.429496
vt 0.728881 0.429496
f 1626/-1 1637/-2 1636/-3
vt 0.721755 0.441770
vt 0.725055 0.438689
vt 0.722962 0.438689
f 1634/-1 1628/-2 1641/-3
vt 0.735795 0.417484
vt 0.736273 0.410982
vt 0.732510 0.410982
f 1645/-1 1631/-2 1620/-3
vt 0.726207 0.434546
vt 0.728881 0.429496
vt 0.725055 0.429496
f 1637/-1 1626/-2 1629/-3
vt 0.720398 0.438689
vt 0.722962 0.438689
vt 0.726207 0.434546
f 1629/-1 1634/-2 1642/-3
vt 0.715953 0.443665
vt 0.720618 0.441803
vt 0.719246 0.441770
f 1640/-1 1639/-2 1654/-3
vt 0.722962 0.438689
vt 0.720398 0.438689
vt 0.717482 0.441770
f 1648/-1 1642/-2 1634/-3
vt 0.735795 0.392468
vt 0.734353 0.392468
vt 0.736940 0.398229
f 1643/-1 1657/-2 1649/-3
vt 0.734353 0.398229
vt 0.735795 0.404481
vt 0.738539 0.404481
f 1630/-1 1644/-2 1658/-3
vt 0.735795 0.404481
vt 0.732095 0.404481
vt 0.732510 0.410982
f 1645/-1 1659/-2 1644/-3
vt 0.732510 0.410982
vt 0.727893 0.410982
vt 0.727579 0.417484
f 1646/-1 1660/-2 1645/-3
vt 0.727579 0.417484
vt 0.722429 0.417484
vt 0.721755 0.423735
f 1650/-1 1661/-2 1646/-3
vt 0.726615 0.423735
vt 0.721755 0.423735
vt 0.720696 0.429496
f 1651/-1 1650/-2 1636/-3
vt 0.725055 0.429496
vt 0.720696 0.429496
vt 0.719246 0.434546
f 1652/-1 1651/-2 1637/-3
vt 0.722962 0.434546
vt 0.719246 0.434546
vt 0.717482 0.438689
f 1653/-1 1652/-2 1638/-3
vt 0.717482 0.441770
vt 0.714315 0.443665
vt 0.715209 0.443665
f 1647/-1 1655/-2 1648/-3
vt 0.720398 0.438689
vt 0.717482 0.438689
vt 0.715475 0.441770
f 1656/-1 1653/-2 1642/-3
vt 0.714315 0.443665
vt 0.713288 0.441770
vt 0.709862 0.443665
f 1662/-1 1665/-2 1655/-3
vt 0.734353 0.392468
vt 0.730864 0.387417
vt 0.732024 0.392468
f 1666/-1 1668/-2 1657/-3
vt 0.732024 0.392468
vt 0.734353 0.398229
vt 0.736940 0.398229
f 1643/-1 1658/-2 1666/-3
vt 0.730864 0.398229
vt 0.732095 0.404481
vt 0.735795 0.404481
f 1644/-1 1659/-2 1681/-3
vt 0.732095 0.404481
vt 0.727579 0.404481
vt 0.727893 0.410982
f 1660/-1 1682/-2 1659/-3
vt 0.727893 0.410982
vt 0.722656 0.410982
vt 0.722429 0.417484
f 1661/-1 1683/-2 1660/-3
vt 0.716847 0.417484
vt 0.716502 0.423735
vt 0.721755 0.423735
f 1650/-1 1670/-2 1684/-3
vt 0.721755 0.423735
vt 0.716502 0.423735
vt 0.715953 0.429496
f 1671/-1 1670/-2 1650/-3
vt 0.720696 0.429496
vt 0.715953 0.429496
vt 0.715209 0.434546
f 1672/-1 1671/-2 1651/-3
vt 0.719246 0.434546
vt 0.715209 0.434546
vt 0.714315 0.438689
f 1673/-1 1672/-2 1652/-3
vt 0.714315 0.438689
vt 0.713288 0.441770
vt 0.715475 0.441770
f 1656/-1 1665/-2 1673/-3
vt 0.708757 0.441770
vt 0.706577 0.441770
vt 0.707730 0.443665
f 1674/-1 1676/-2 1663/-3
vt 0.711022 0.438689
vt 0.707730 0.438689
vt 0.708757 0.441770
f 1663/-1 1687/-2 1677/-3
vt 0.711022 0.438689
vt 0.711022 0.441770
vt 0.713288 0.441770
f 1665/-1 1664/-2 1677/-3
vt 0.728881 0.387417
vt 0.726207 0.387417
vt 0.728881 0.392468
f 1678/-1 1688/-2 1667/-3
vt 0.725055 0.383274
vt 0.728881 0.387417
vt 0.730864 0.387417
f 1668/-1 1667/-2 1689/-3
vt 0.726584 0.382897
vt 0.730864 0.387417
vt 0.732095 0.387417
f 1669/-1 1668/-2 1679/-3
vt 0.702807 0.441770
vt 0.706844 0.443665
vt 0.707730 0.443665
f 1674/-1 1685/-2 1693/-3
vt 0.704563 0.438689
vt 0.701654 0.438689
vt 0.704563 0.441770
f 1675/-1 1694/-2 1686/-3
vt 0.707730 0.438689
vt 0.704563 0.438689
vt 0.706577 0.441770
f 1676/-1 1686/-2 1687/-3
vt 0.732024 0.392468
vt 0.728881 0.392468
vt 0.730864 0.398229
f 1681/-1 1678/-2 1666/-3
vt 0.726615 0.398229
vt 0.727579 0.404481
vt 0.732095 0.404481
f 1659/-1 1682/-2 1696/-3
vt 0.722429 0.404481
vt 0.722656 0.410982
vt 0.727893 0.410982
f 1660/-1 1683/-2 1702/-3
vt 0.722656 0.410982
vt 0.716949 0.410982
vt 0.716847 0.417484
f 1684/-1 1703/-2 1683/-3
vt 0.711022 0.417484
vt 0.711022 0.423735
vt 0.716502 0.423735
f 1670/-1 1690/-2 1704/-3
vt 0.716502 0.423735
vt 0.711022 0.423735
vt 0.711022 0.429496
f 1691/-1 1690/-2 1670/-3
vt 0.711022 0.429496
vt 0.711022 0.434546
vt 0.715209 0.434546
f 1672/-1 1692/-2 1691/-3
vt 0.715209 0.434546
vt 0.711022 0.434546
vt 0.711022 0.438689
f 1677/-1 1692/-2 1672/-3
vt 0.706844 0.434546
vt 0.707730 0.438689
vt 0.711022 0.438689
f 1677/-1 1687/-2 1707/-3
vt 0.725055 0.383274
vt 0.722962 0.383274
vt 0.726207 0.387417
f 1688/-1 1697/-2 1689/-3
vt 0.726207 0.387417
vt 0.722962 0.387417
vt 0.725055 0.392468
f 1695/-1 1708/-2 1688/-3
vt 0.728881 0.392468
vt 0.725055 0.392468
vt 0.726615 0.398229
f 1696/-1 1695/-2 1678/-3
vt 0.721755 0.380194
vt 0.717482 0.380194
vt 0.722962 0.383274
f 1697/-1 1699/-2 1701/-3
vt 0.699098 0.438689
vt 0.702807 0.441770
vt 0.704563 0.441770
f 1675/-1 1693/-2 1713/-3
vt 0.701121 0.441745
vt 0.706099 0.443665
vt 0.706844 0.443665
f 1685/-1 1705/-2 1714/-3
vt 0.699098 0.434546
vt 0.701654 0.438689
vt 0.704563 0.438689
f 1686/-1 1694/-2 1715/-3
vt 0.702807 0.434546
vt 0.704563 0.438689
vt 0.707730 0.438689
f 1687/-1 1686/-2 1706/-3
vt 0.726207 0.387417
vt 0.722962 0.383274
vt 0.720398 0.383274
f 1698/-1 1697/-2 1688/-3
vt 0.715475 0.380194
vt 0.717482 0.383274
vt 0.720398 0.383274
f 1698/-1 1709/-2 1719/-3
vt 0.715953 0.378298
vt 0.714315 0.378298
vt 0.717482 0.380194
f 1699/-1 1710/-2 1720/-3
vt 0.726615 0.398229
vt 0.721755 0.398229
vt 0.722429 0.404481
f 1702/-1 1717/-2 1696/-3
vt 0.716847 0.404481
vt 0.716949 0.410982
vt 0.722656 0.410982
f 1683/-1 1703/-2 1723/-3
vt 0.716949 0.410982
vt 0.711022 0.410982
vt 0.711022 0.417484
f 1704/-1 1724/-2 1703/-3
vt 0.711022 0.417484
vt 0.705213 0.417484
vt 0.705558 0.423735
f 1711/-1 1725/-2 1704/-3
vt 0.705558 0.423735
vt 0.706099 0.429496
vt 0.711022 0.429496
f 1691/-1 1712/-2 1711/-3
vt 0.711022 0.429496
vt 0.706099 0.429496
vt 0.706844 0.434546
f 1707/-1 1712/-2 1691/-3
vt 0.722962 0.387417
vt 0.719246 0.387417
vt 0.720696 0.392468
f 1716/-1 1718/-2 1708/-3
vt 0.725055 0.392468
vt 0.720696 0.392468
vt 0.721755 0.398229
f 1717/-1 1716/-2 1695/-3
vt 0.717482 0.383274
vt 0.719246 0.387417
vt 0.722962 0.387417
f 1708/-1 1718/-2 1709/-3
vt 0.715475 0.380194
vt 0.714315 0.378298
vt 0.713288 0.380194
f 1721/-1 1710/-2 1719/-3
vt 0.695837 0.434546
vt 0.699098 0.438689
vt 0.701654 0.438689
f 1694/-1 1713/-2 1738/-3
vt 0.702807 0.441770
vt 0.699098 0.438689
vt 0.700290 0.441770
f 1726/-1 1713/-2 1693/-3
vt 0.696997 0.429496
vt 0.699098 0.434546
vt 0.702807 0.434546
f 1706/-1 1715/-2 1740/-3
vt 0.701364 0.429496
vt 0.702807 0.434546
vt 0.706844 0.434546
f 1707/-1 1706/-2 1729/-3
vt 0.715475 0.380194
vt 0.713288 0.380194
vt 0.714315 0.383274
f 1730/-1 1721/-2 1719/-3
vt 0.714315 0.383274
vt 0.715209 0.387417
vt 0.719246 0.387417
f 1718/-1 1731/-2 1730/-3
vt 0.708757 0.380194
vt 0.712183 0.378298
vt 0.707730 0.378298
f 1734/-1 1722/-2 1736/-3
vt 0.721755 0.398229
vt 0.716502 0.398229
vt 0.716847 0.404481
f 1723/-1 1742/-2 1717/-3
vt 0.711022 0.404481
vt 0.711022 0.410982
vt 0.716949 0.410982
f 1703/-1 1724/-2 1748/-3
vt 0.705103 0.410982
vt 0.705213 0.417484
vt 0.711022 0.417484
f 1704/-1 1725/-2 1749/-3
vt 0.699624 0.417484
vt 0.700290 0.423735
vt 0.705558 0.423735
f 1711/-1 1737/-2 1750/-3
vt 0.700290 0.423735
vt 0.701364 0.429496
vt 0.706099 0.429496
f 1712/-1 1729/-2 1737/-3
vt 0.691181 0.434546
vt 0.695704 0.438745
vt 0.696997 0.438689
f 1728/-1 1727/-2 1751/-3
vt 0.695837 0.434546
vt 0.693172 0.434546
vt 0.696997 0.438689
f 1728/-1 1739/-2 1738/-3
vt 0.715209 0.387417
vt 0.715953 0.392468
vt 0.720696 0.392468
f 1716/-1 1741/-2 1731/-3
vt 0.720696 0.392468
vt 0.715953 0.392468
vt 0.716502 0.398229
f 1742/-1 1741/-2 1716/-3
vt 0.711022 0.380194
vt 0.711022 0.383274
vt 0.714315 0.383274
f 1730/-1 1743/-2 1735/-3
vt 0.707730 0.383274
vt 0.708757 0.380194
vt 0.706577 0.380194
f 1732/-1 1736/-2 1747/-3
vt 0.701654 0.383274
vt 0.704563 0.383274
vt 0.706577 0.380194
f 1732/-1 1744/-2 1745/-3
vt 0.702023 0.379657
vt 0.704563 0.380194
vt 0.707730 0.378298
f 1734/-1 1733/-2 1757/-3
vt 0.707730 0.383274
vt 0.711022 0.383274
vt 0.711022 0.380194
f 1735/-1 1743/-2 1747/-3
vt 0.696997 0.429496
vt 0.693172 0.429496
vt 0.695837 0.434546
f 1738/-1 1759/-2 1740/-3
vt 0.700290 0.423735
vt 0.695445 0.423735
vt 0.696997 0.429496
f 1740/-1 1758/-2 1737/-3
vt 0.711022 0.383274
vt 0.711022 0.387417
vt 0.715209 0.387417
f 1731/-1 1752/-2 1743/-3
vt 0.715209 0.387417
vt 0.711022 0.387417
vt 0.711022 0.392468
f 1753/-1 1752/-2 1731/-3
vt 0.699098 0.383274
vt 0.702023 0.379657
vt 0.700290 0.380194
f 1756/-1 1757/-2 1754/-3
vt 0.716502 0.398229
vt 0.711022 0.398229
vt 0.711022 0.404481
f 1748/-1 1765/-2 1742/-3
vt 0.711022 0.404481
vt 0.705213 0.404481
vt 0.705103 0.410982
f 1749/-1 1773/-2 1748/-3
vt 0.699404 0.410982
vt 0.699624 0.417484
vt 0.705213 0.417484
f 1725/-1 1750/-2 1774/-3
vt 0.699624 0.417484
vt 0.694473 0.417484
vt 0.695445 0.423735
f 1758/-1 1775/-2 1750/-3
vt 0.691181 0.434546
vt 0.687692 0.429496
vt 0.689957 0.434546
f 1760/-1 1762/-2 1751/-3
vt 0.689957 0.434546
vt 0.694473 0.438689
vt 0.695704 0.438745
f 1727/-1 1764/-2 1760/-3
vt 0.690028 0.429496
vt 0.693172 0.434546
vt 0.695837 0.434546
f 1738/-1 1739/-2 1763/-3
vt 0.715953 0.392468
vt 0.711022 0.392468
vt 0.711022 0.398229
f 1765/-1 1753/-2 1741/-3
vt 0.711022 0.383274
vt 0.707730 0.383274
vt 0.706844 0.387417
f 1766/-1 1747/-2 1743/-3
vt 0.702807 0.387417
vt 0.706844 0.387417
vt 0.707730 0.383274
f 1747/-1 1766/-2 1767/-3
vt 0.702807 0.387417
vt 0.704563 0.383274
vt 0.701654 0.383274
f 1745/-1 1744/-2 1767/-3
vt 0.695837 0.387417
vt 0.699098 0.387417
vt 0.701654 0.383274
f 1745/-1 1768/-2 1769/-3
vt 0.693172 0.387417
vt 0.695187 0.382834
vt 0.689957 0.387417
f 1771/-1 1755/-2 1770/-3
vt 0.695445 0.423735
vt 0.691181 0.423735
vt 0.693172 0.429496
f 1759/-1 1783/-2 1758/-3
vt 0.685105 0.423735
vt 0.683506 0.423735
vt 0.686257 0.429496
f 1761/-1 1784/-2 1776/-3
vt 0.685105 0.423735
vt 0.687692 0.429496
vt 0.690028 0.429496
f 1763/-1 1762/-2 1776/-3
vt 0.706844 0.387417
vt 0.706099 0.392468
vt 0.711022 0.392468
f 1753/-1 1778/-2 1766/-3
vt 0.711022 0.392468
vt 0.706099 0.392468
vt 0.705558 0.398229
f 1779/-1 1778/-2 1753/-3
vt 0.690028 0.392468
vt 0.693172 0.392468
vt 0.695837 0.387417
f 1769/-1 1787/-2 1780/-3
vt 0.687692 0.392468
vt 0.693172 0.387417
vt 0.689957 0.387417
f 1771/-1 1770/-2 1781/-3
vt 0.705558 0.398229
vt 0.705213 0.404481
vt 0.711022 0.404481
f 1748/-1 1773/-2 1779/-3
vt 0.705213 0.404481
vt 0.699624 0.404481
vt 0.699404 0.410982
f 1774/-1 1790/-2 1773/-3
vt 0.699404 0.410982
vt 0.694160 0.410982
vt 0.694473 0.417484
f 1775/-1 1791/-2 1774/-3
vt 0.694473 0.417484
vt 0.689957 0.417484
vt 0.691181 0.423735
f 1783/-1 1792/-2 1775/-3
vt 0.693172 0.429496
vt 0.691181 0.423735
vt 0.687692 0.423735
f 1777/-1 1783/-2 1759/-3
vt 0.706844 0.387417
vt 0.702807 0.387417
vt 0.701364 0.392468
f 1785/-1 1767/-2 1766/-3
vt 0.701364 0.392468
vt 0.702807 0.387417
vt 0.699098 0.387417
f 1768/-1 1767/-2 1785/-3
vt 0.696997 0.392468
vt 0.699098 0.387417
vt 0.695837 0.387417
f 1769/-1 1768/-2 1786/-3
vt 0.685105 0.398229
vt 0.687692 0.398229
vt 0.690028 0.392468
f 1780/-1 1796/-2 1788/-3
vt 0.685105 0.398229
vt 0.687692 0.392468
vt 0.686257 0.392468
f 1782/-1 1781/-2 1788/-3
vt 0.683506 0.417484
vt 0.681805 0.417484
vt 0.683506 0.423735
f 1784/-1 1797/-2 1793/-3
vt 0.686257 0.417484
vt 0.683506 0.417484
vt 0.685105 0.423735
f 1776/-1 1793/-2 1794/-3
vt 0.689957 0.417484
vt 0.686257 0.417484
vt 0.687692 0.423735
f 1777/-1 1794/-2 1792/-3
vt 0.706099 0.392468
vt 0.701364 0.392468
vt 0.700290 0.398229
f 1795/-1 1785/-2 1778/-3
vt 0.700290 0.398229
vt 0.699624 0.404481
vt 0.705213 0.404481
f 1773/-1 1790/-2 1795/-3
vt 0.691181 0.398229
vt 0.693172 0.392468
vt 0.690028 0.392468
f 1780/-1 1787/-2 1799/-3
vt 0.694473 0.404481
vt 0.694160 0.410982
vt 0.699404 0.410982
f 1774/-1 1791/-2 1802/-3
vt 0.689550 0.410982
vt 0.689957 0.417484
vt 0.694473 0.417484
f 1775/-1 1792/-2 1803/-3
vt 0.696997 0.392468
vt 0.695445 0.398229
vt 0.700290 0.398229
f 1795/-1 1798/-2 1786/-3
vt 0.695445 0.398229
vt 0.696997 0.392468
vt 0.693172 0.392468
f 1787/-1 1786/-2 1798/-3
vt 0.683506 0.404481
vt 0.686257 0.404481
vt 0.687692 0.398229
f 1796/-1 1806/-2 1800/-3
vt 0.683506 0.404481
vt 0.685105 0.398229
vt 0.683506 0.398229
f 1789/-1 1788/-2 1800/-3
vt 0.682973 0.410982
vt 0.681232 0.410982
vt 0.681805 0.417484
f 1797/-1 1807/-2 1804/-3
vt 0.682973 0.410982
vt 0.683506 0.417484
vt 0.686257 0.417484
f 1794/-1 1793/-2 1804/-3
vt 0.685771 0.410982
vt 0.686257 0.417484
vt 0.689957 0.417484
f 1792/-1 1794/-2 1805/-3
vt 0.695445 0.398229
vt 0.694473 0.404481
vt 0.699624 0.404481
f 1790/-1 1802/-2 1798/-3
vt 0.686257 0.404481
vt 0.689957 0.404481
vt 0.691181 0.398229
f 1799/-1 1808/-2 1806/-3
vt 0.694473 0.404481
vt 0.689957 0.404481
vt 0.689550 0.410982
f 1803/-1 1808/-2 1802/-3
vt 0.691181 0.398229
vt 0.689957 0.404481
vt 0.694473 0.404481
f 1802/-1 1808/-2 1799/-3
vt 0.682973 0.410982
vt 0.685771 0.410982
vt 0.686257 0.404481
f 1806/-1 1805/-2 1804/-3
vt 0.681232 0.410982
vt 0.682973 0.410982
vt 0.683506 0.404481
f 1800/-1 1804/-2 1807/-3
vt 0.689957 0.404481
vt 0.686257 0.404481
vt 0.685771 0.410982
f 1805/-1 1806/-2 1808/-3
vt 0.737845 0.416505
vt 0.736245 0.422756
vt 0.737845 0.422756
f 2094/-1 2095/-2 2096/-3
vt 0.735101 0.428517
vt 0.737845 0.422756
vt 0.736245 0.422756
f 2095/-1 2094/-2 2100/-3
vt 0.738385 0.410003
vt 0.737845 0.416505
vt 0.739554 0.416505
f 2093/-1 2096/-2 2102/-3
vt 0.737845 0.416505
vt 0.735101 0.416505
vt 0.733658 0.422756
f 2099/-1 2103/-2 2096/-3
vt 0.736245 0.422756
vt 0.733658 0.422756
vt 0.731330 0.428517
f 2101/-1 2099/-2 2095/-3
vt 0.730170 0.433568
vt 0.733658 0.428517
vt 0.731330 0.428517
f 2101/-1 2097/-2 2104/-3
vt 0.737845 0.403503
vt 0.738385 0.410003
vt 0.740126 0.410003
f 2098/-1 2102/-2 2113/-3
vt 0.738385 0.410003
vt 0.735579 0.410003
vt 0.735101 0.416505
f 2103/-1 2114/-2 2102/-3
vt 0.735101 0.416505
vt 0.731401 0.416505
vt 0.730170 0.422756
f 2108/-1 2115/-2 2103/-3
vt 0.730170 0.422756
vt 0.728187 0.428517
vt 0.731330 0.428517
f 2101/-1 2109/-2 2108/-3
vt 0.726885 0.437712
vt 0.731401 0.433568
vt 0.730170 0.433568
f 2104/-1 2106/-2 2116/-3
vt 0.724361 0.437712
vt 0.725921 0.437812
vt 0.730170 0.433568
f 2104/-1 2110/-2 2111/-3
vt 0.728187 0.428517
vt 0.725513 0.433568
vt 0.728187 0.433568
f 2105/-1 2112/-2 2109/-3
vt 0.725513 0.433568
vt 0.722267 0.437712
vt 0.724361 0.437712
f 2111/-1 2117/-2 2112/-3
vt 0.737845 0.397252
vt 0.736245 0.397252
vt 0.737845 0.403503
f 2113/-1 2126/-2 2118/-3
vt 0.737845 0.403503
vt 0.735101 0.403503
vt 0.735579 0.410003
f 2114/-1 2127/-2 2113/-3
vt 0.735579 0.410003
vt 0.731816 0.410003
vt 0.731401 0.416505
f 2115/-1 2128/-2 2114/-3
vt 0.726885 0.416505
vt 0.725921 0.422756
vt 0.730170 0.422756
f 2108/-1 2119/-2 2129/-3
vt 0.725921 0.422756
vt 0.724361 0.428517
vt 0.728187 0.428517
f 2109/-1 2120/-2 2119/-3
vt 0.724361 0.428517
vt 0.722267 0.433568
vt 0.725513 0.433568
f 2112/-1 2121/-2 2120/-3
vt 0.721060 0.440791
vt 0.724361 0.437712
vt 0.722267 0.437712
f 2117/-1 2111/-2 2124/-3
vt 0.722267 0.433568
vt 0.719704 0.437712
vt 0.722267 0.437712
f 2117/-1 2125/-2 2121/-3
vt 0.715259 0.442688
vt 0.719924 0.440826
vt 0.718552 0.440791
f 2123/-1 2122/-2 2137/-3
vt 0.722267 0.437712
vt 0.719704 0.437712
vt 0.716788 0.440791
f 2131/-1 2125/-2 2117/-3
vt 0.735101 0.391490
vt 0.733658 0.391490
vt 0.736245 0.397252
f 2126/-1 2140/-2 2132/-3
vt 0.736245 0.397252
vt 0.733658 0.397252
vt 0.735101 0.403503
f 2127/-1 2141/-2 2126/-3
vt 0.731401 0.403503
vt 0.731816 0.410003
vt 0.735579 0.410003
f 2114/-1 2128/-2 2142/-3
vt 0.731816 0.410003
vt 0.727199 0.410003
vt 0.726885 0.416505
f 2129/-1 2143/-2 2128/-3
vt 0.721735 0.416505
vt 0.721060 0.422756
vt 0.725921 0.422756
f 2119/-1 2133/-2 2144/-3
vt 0.721060 0.422756
vt 0.720002 0.428517
vt 0.724361 0.428517
f 2120/-1 2134/-2 2133/-3
vt 0.720002 0.428517
vt 0.718552 0.433568
vt 0.722267 0.433568
f 2121/-1 2135/-2 2134/-3
vt 0.722267 0.433568
vt 0.718552 0.433568
vt 0.716788 0.437712
f 2136/-1 2135/-2 2121/-3
vt 0.716788 0.440791
vt 0.713621 0.442688
vt 0.714514 0.442688
f 2130/-1 2138/-2 2131/-3
vt 0.719704 0.437712
vt 0.716788 0.437712
vt 0.714781 0.440791
f 2139/-1 2136/-2 2125/-3
vt 0.713621 0.442688
vt 0.712594 0.440791
vt 0.709168 0.442688
f 2145/-1 2148/-2 2138/-3
vt 0.733658 0.391490
vt 0.730170 0.386441
vt 0.731330 0.391490
f 2149/-1 2151/-2 2140/-3
vt 0.731330 0.391490
vt 0.733658 0.397252
vt 0.736245 0.397252
f 2126/-1 2141/-2 2149/-3
vt 0.730170 0.397252
vt 0.731401 0.403503
vt 0.735101 0.403503
f 2127/-1 2142/-2 2164/-3
vt 0.726885 0.403503
vt 0.727199 0.410003
vt 0.731816 0.410003
f 2128/-1 2143/-2 2165/-3
vt 0.721962 0.410003
vt 0.721735 0.416505
vt 0.726885 0.416505
f 2129/-1 2144/-2 2166/-3
vt 0.716153 0.416505
vt 0.715808 0.422756
vt 0.721060 0.422756
f 2133/-1 2153/-2 2167/-3
vt 0.721060 0.422756
vt 0.715808 0.422756
vt 0.715259 0.428517
f 2154/-1 2153/-2 2133/-3
vt 0.720002 0.428517
vt 0.715259 0.428517
vt 0.714514 0.433568
f 2155/-1 2154/-2 2134/-3
vt 0.714514 0.433568
vt 0.713621 0.437712
vt 0.716788 0.437712
f 2136/-1 2156/-2 2155/-3
vt 0.713621 0.437712
vt 0.712594 0.440791
vt 0.714781 0.440791
f 2139/-1 2148/-2 2156/-3
vt 0.708063 0.440791
vt 0.705883 0.440791
vt 0.707036 0.442688
f 2157/-1 2159/-2 2146/-3
vt 0.710328 0.437712
vt 0.707036 0.437712
vt 0.708063 0.440791
f 2146/-1 2170/-2 2160/-3
vt 0.710328 0.437712
vt 0.710328 0.440791
vt 0.712594 0.440791
f 2148/-1 2147/-2 2160/-3
vt 0.728187 0.386441
vt 0.725513 0.386441
vt 0.728187 0.391490
f 2161/-1 2171/-2 2150/-3
vt 0.724361 0.382296
vt 0.728187 0.386441
vt 0.730170 0.386441
f 2151/-1 2150/-2 2172/-3
vt 0.725889 0.381918
vt 0.730170 0.386441
vt 0.731401 0.386441
f 2152/-1 2151/-2 2162/-3
vt 0.702112 0.440791
vt 0.706150 0.442688
vt 0.707036 0.442688
f 2157/-1 2168/-2 2176/-3
vt 0.703868 0.437712
vt 0.700960 0.437712
vt 0.703868 0.440791
f 2158/-1 2177/-2 2169/-3
vt 0.707036 0.437712
vt 0.703868 0.437712
vt 0.705883 0.440791
f 2159/-1 2169/-2 2170/-3
vt 0.731330 0.391490
vt 0.728187 0.391490
vt 0.730170 0.397252
f 2164/-1 2161/-2 2149/-3
vt 0.730170 0.397252
vt 0.725921 0.397252
vt 0.726885 0.403503
f 2165/-1 2179/-2 2164/-3
vt 0.726885 0.403503
vt 0.721735 0.403503
vt 0.721962 0.410003
f 2166/-1 2185/-2 2165/-3
vt 0.716255 0.410003
vt 0.716153 0.416505
vt 0.721735 0.416505
f 2144/-1 2167/-2 2186/-3
vt 0.710328 0.416505
vt 0.710328 0.422756
vt 0.715808 0.422756
f 2153/-1 2173/-2 2187/-3
vt 0.710328 0.422756
vt 0.710328 0.428517
vt 0.715259 0.428517
f 2154/-1 2174/-2 2173/-3
vt 0.710328 0.428517
vt 0.710328 0.433568
vt 0.714514 0.433568
f 2155/-1 2175/-2 2174/-3
vt 0.714514 0.433568
vt 0.710328 0.433568
vt 0.710328 0.437712
f 2160/-1 2175/-2 2155/-3
vt 0.706150 0.433568
vt 0.707036 0.437712
vt 0.710328 0.437712
f 2160/-1 2170/-2 2190/-3
vt 0.724361 0.382296
vt 0.722267 0.382296
vt 0.725513 0.386441
f 2171/-1 2180/-2 2172/-3
vt 0.722267 0.386441
vt 0.724361 0.391490
vt 0.728187 0.391490
f 2161/-1 2178/-2 2191/-3
vt 0.728187 0.391490
vt 0.724361 0.391490
vt 0.725921 0.397252
f 2179/-1 2178/-2 2161/-3
vt 0.721060 0.379217
vt 0.716788 0.379217
vt 0.722267 0.382296
f 2180/-1 2182/-2 2184/-3
vt 0.700960 0.437712
vt 0.698404 0.437712
vt 0.702112 0.440791
f 2176/-1 2196/-2 2177/-3
vt 0.700427 0.440768
vt 0.705405 0.442688
vt 0.706150 0.442688
f 2168/-1 2188/-2 2197/-3
vt 0.698404 0.433568
vt 0.700960 0.437712
vt 0.703868 0.437712
f 2169/-1 2177/-2 2198/-3
vt 0.702112 0.433568
vt 0.703868 0.437712
vt 0.707036 0.437712
f 2170/-1 2169/-2 2189/-3
vt 0.722267 0.386441
vt 0.725513 0.386441
vt 0.722267 0.382296
f 2180/-1 2171/-2 2191/-3
vt 0.714781 0.379217
vt 0.716788 0.382296
vt 0.719704 0.382296
f 2181/-1 2192/-2 2202/-3
vt 0.715259 0.377320
vt 0.713621 0.377320
vt 0.716788 0.379217
f 2182/-1 2193/-2 2203/-3
vt 0.725921 0.397252
vt 0.721060 0.397252
vt 0.721735 0.403503
f 2185/-1 2200/-2 2179/-3
vt 0.716153 0.403503
vt 0.716255 0.410003
vt 0.721962 0.410003
f 2166/-1 2186/-2 2206/-3
vt 0.716255 0.410003
vt 0.710328 0.410003
vt 0.710328 0.416505
f 2187/-1 2207/-2 2186/-3
vt 0.710328 0.416505
vt 0.704519 0.416505
vt 0.704864 0.422756
f 2194/-1 2208/-2 2187/-3
vt 0.704864 0.422756
vt 0.705405 0.428517
vt 0.710328 0.428517
f 2174/-1 2195/-2 2194/-3
vt 0.710328 0.428517
vt 0.705405 0.428517
vt 0.706150 0.433568
f 2190/-1 2195/-2 2174/-3
vt 0.722267 0.386441
vt 0.718552 0.386441
vt 0.720002 0.391490
f 2199/-1 2201/-2 2191/-3
vt 0.724361 0.391490
vt 0.720002 0.391490
vt 0.721060 0.397252
f 2200/-1 2199/-2 2178/-3
vt 0.719704 0.382296
vt 0.716788 0.382296
vt 0.718552 0.386441
f 2201/-1 2192/-2 2181/-3
vt 0.714781 0.379217
vt 0.713621 0.377320
vt 0.712594 0.379217
f 2204/-1 2193/-2 2202/-3
vt 0.695143 0.433568
vt 0.698404 0.437712
vt 0.700960 0.437712
f 2177/-1 2196/-2 2221/-3
vt 0.702112 0.440791
vt 0.698404 0.437712
vt 0.699596 0.440791
f 2209/-1 2196/-2 2176/-3
vt 0.700670 0.428517
vt 0.696303 0.428517
vt 0.698404 0.433568
f 2198/-1 2223/-2 2212/-3
vt 0.700670 0.428517
vt 0.702112 0.433568
vt 0.706150 0.433568
f 2190/-1 2189/-2 2212/-3
vt 0.714781 0.379217
vt 0.712594 0.379217
vt 0.713621 0.382296
f 2213/-1 2204/-2 2202/-3
vt 0.713621 0.382296
vt 0.714514 0.386441
vt 0.718552 0.386441
f 2201/-1 2214/-2 2213/-3
vt 0.708063 0.379217
vt 0.711488 0.377320
vt 0.707036 0.377320
f 2217/-1 2205/-2 2219/-3
vt 0.721060 0.397252
vt 0.715808 0.397252
vt 0.716153 0.403503
f 2206/-1 2225/-2 2200/-3
vt 0.710328 0.403503
vt 0.710328 0.410003
vt 0.716255 0.410003
f 2186/-1 2207/-2 2231/-3
vt 0.704409 0.410003
vt 0.704519 0.416505
vt 0.710328 0.416505
f 2187/-1 2208/-2 2232/-3
vt 0.698929 0.416505
vt 0.699596 0.422756
vt 0.704864 0.422756
f 2194/-1 2220/-2 2233/-3
vt 0.699596 0.422756
vt 0.700670 0.428517
vt 0.705405 0.428517
f 2195/-1 2212/-2 2220/-3
vt 0.690487 0.433568
vt 0.695010 0.437767
vt 0.696303 0.437712
f 2211/-1 2210/-2 2234/-3
vt 0.695143 0.433568
vt 0.692478 0.433568
vt 0.696303 0.437712
f 2211/-1 2222/-2 2221/-3
vt 0.718552 0.386441
vt 0.714514 0.386441
vt 0.715259 0.391490
f 2224/-1 2214/-2 2201/-3
vt 0.715259 0.391490
vt 0.715808 0.397252
vt 0.721060 0.397252
f 2200/-1 2225/-2 2224/-3
vt 0.712594 0.379217
vt 0.710328 0.379217
vt 0.710328 0.382296
f 2226/-1 2218/-2 2204/-3
vt 0.707036 0.382296
vt 0.708063 0.379217
vt 0.705883 0.379217
f 2215/-1 2219/-2 2230/-3
vt 0.700960 0.382296
vt 0.703868 0.382296
vt 0.705883 0.379217
f 2215/-1 2227/-2 2228/-3
vt 0.701329 0.378680
vt 0.703868 0.379217
vt 0.707036 0.377320
f 2217/-1 2216/-2 2240/-3
vt 0.707036 0.382296
vt 0.710328 0.382296
vt 0.710328 0.379217
f 2218/-1 2226/-2 2230/-3
vt 0.696303 0.428517
vt 0.692478 0.428517
vt 0.695143 0.433568
f 2221/-1 2242/-2 2223/-3
vt 0.699596 0.422756
vt 0.694751 0.422756
vt 0.696303 0.428517
f 2223/-1 2241/-2 2220/-3
vt 0.710328 0.382296
vt 0.710328 0.386441
vt 0.714514 0.386441
f 2214/-1 2235/-2 2226/-3
vt 0.714514 0.386441
vt 0.710328 0.386441
vt 0.710328 0.391490
f 2236/-1 2235/-2 2214/-3
vt 0.698404 0.382296
vt 0.701329 0.378680
vt 0.699596 0.379217
f 2239/-1 2240/-2 2237/-3
vt 0.715808 0.397252
vt 0.710328 0.397252
vt 0.710328 0.403503
f 2231/-1 2248/-2 2225/-3
vt 0.710328 0.403503
vt 0.704519 0.403503
vt 0.704409 0.410003
f 2232/-1 2256/-2 2231/-3
vt 0.698710 0.410003
vt 0.698929 0.416505
vt 0.704519 0.416505
f 2208/-1 2233/-2 2257/-3
vt 0.698929 0.416505
vt 0.693779 0.416505
vt 0.694751 0.422756
f 2241/-1 2258/-2 2233/-3
vt 0.690487 0.433568
vt 0.686998 0.428517
vt 0.689263 0.433568
f 2243/-1 2245/-2 2234/-3
vt 0.689263 0.433568
vt 0.693779 0.437712
vt 0.695010 0.437767
f 2210/-1 2247/-2 2243/-3
vt 0.692478 0.428517
vt 0.689334 0.428517
vt 0.692478 0.433568
f 2222/-1 2246/-2 2242/-3
vt 0.715259 0.391490
vt 0.710328 0.391490
vt 0.710328 0.397252
f 2248/-1 2236/-2 2224/-3
vt 0.710328 0.382296
vt 0.707036 0.382296
vt 0.706150 0.386441
f 2249/-1 2230/-2 2226/-3
vt 0.702112 0.386441
vt 0.706150 0.386441
vt 0.707036 0.382296
f 2230/-1 2249/-2 2250/-3
vt 0.698404 0.386441
vt 0.702112 0.386441
vt 0.703868 0.382296
f 2227/-1 2250/-2 2251/-3
vt 0.698404 0.386441
vt 0.700960 0.382296
vt 0.698404 0.382296
f 2237/-1 2228/-2 2251/-3
vt 0.692478 0.386441
vt 0.694493 0.381857
vt 0.689263 0.386441
f 2254/-1 2238/-2 2253/-3
vt 0.694751 0.422756
vt 0.690487 0.422756
vt 0.692478 0.428517
f 2242/-1 2266/-2 2241/-3
vt 0.684411 0.422756
vt 0.682811 0.422756
vt 0.685563 0.428517
f 2244/-1 2267/-2 2259/-3
vt 0.684411 0.422756
vt 0.686998 0.428517
vt 0.689334 0.428517
f 2246/-1 2245/-2 2259/-3
vt 0.706150 0.386441
vt 0.705405 0.391490
vt 0.710328 0.391490
f 2236/-1 2261/-2 2249/-3
vt 0.705405 0.391490
vt 0.704864 0.397252
vt 0.710328 0.397252
f 2248/-1 2262/-2 2261/-3
vt 0.692478 0.391490
vt 0.695143 0.386441
vt 0.692478 0.386441
f 2253/-1 2252/-2 2270/-3
vt 0.686998 0.391490
vt 0.692478 0.386441
vt 0.689263 0.386441
f 2254/-1 2253/-2 2264/-3
vt 0.704864 0.397252
vt 0.704519 0.403503
vt 0.710328 0.403503
f 2231/-1 2256/-2 2262/-3
vt 0.704519 0.403503
vt 0.698929 0.403503
vt 0.698710 0.410003
f 2257/-1 2273/-2 2256/-3
vt 0.698710 0.410003
vt 0.693465 0.410003
vt 0.693779 0.416505
f 2258/-1 2274/-2 2257/-3
vt 0.693779 0.416505
vt 0.689263 0.416505
vt 0.690487 0.422756
f 2266/-1 2275/-2 2258/-3
vt 0.689334 0.428517
vt 0.692478 0.428517
vt 0.690487 0.422756
f 2266/-1 2242/-2 2246/-3
vt 0.702112 0.386441
vt 0.700670 0.391490
vt 0.705405 0.391490
f 2261/-1 2268/-2 2250/-3
vt 0.696303 0.391490
vt 0.700670 0.391490
vt 0.702112 0.386441
f 2250/-1 2268/-2 2269/-3
vt 0.692478 0.391490
vt 0.696303 0.391490
vt 0.698404 0.386441
f 2251/-1 2269/-2 2270/-3
vt 0.684411 0.397252
vt 0.686998 0.397252
vt 0.689334 0.391490
f 2263/-1 2279/-2 2271/-3
vt 0.684411 0.397252
vt 0.686998 0.391490
vt 0.685563 0.391490
f 2265/-1 2264/-2 2271/-3
vt 0.682811 0.416505
vt 0.681110 0.416505
vt 0.682811 0.422756
f 2267/-1 2280/-2 2276/-3
vt 0.682811 0.416505
vt 0.684411 0.422756
vt 0.686998 0.422756
f 2260/-1 2259/-2 2276/-3
vt 0.685563 0.416505
vt 0.686998 0.422756
vt 0.690487 0.422756
f 2266/-1 2260/-2 2277/-3
vt 0.705405 0.391490
vt 0.700670 0.391490
vt 0.699596 0.397252
f 2278/-1 2268/-2 2261/-3
vt 0.704864 0.397252
vt 0.699596 0.397252
vt 0.698929 0.403503
f 2273/-1 2278/-2 2262/-3
vt 0.690487 0.397252
vt 0.692478 0.391490
vt 0.689334 0.391490
f 2263/-1 2270/-2 2282/-3
vt 0.693779 0.403503
vt 0.693465 0.410003
vt 0.698710 0.410003
f 2257/-1 2274/-2 2285/-3
vt 0.693465 0.410003
vt 0.688856 0.410003
vt 0.689263 0.416505
f 2275/-1 2286/-2 2274/-3
vt 0.696303 0.391490
vt 0.694751 0.397252
vt 0.699596 0.397252
f 2278/-1 2281/-2 2269/-3
vt 0.694751 0.397252
vt 0.696303 0.391490
vt 0.692478 0.391490
f 2270/-1 2269/-2 2281/-3
vt 0.685563 0.403503
vt 0.686998 0.397252
vt 0.684411 0.397252
f 2271/-1 2279/-2 2289/-3
vt 0.682811 0.403503
vt 0.684411 0.397252
vt 0.682811 0.397252
f 2272/-1 2271/-2 2283/-3
vt 0.682279 0.410003
vt 0.680538 0.410003
vt 0.681110 0.416505
f 2280/-1 2290/-2 2287/-3
vt 0.682279 0.410003
vt 0.682811 0.416505
vt 0.685563 0.416505
f 2277/-1 2276/-2 2287/-3
vt 0.685077 0.410003
vt 0.685563 0.416505
vt 0.689263 0.416505
f 2275/-1 2277/-2 2288/-3
vt 0.699596 0.397252
vt 0.694751 0.397252
vt 0.693779 0.403503
f 2285/-1 2281/-2 2278/-3
vt 0.685563 0.403503
vt 0.689263 0.403503
vt 0.690487 0.397252
f 2282/-1 2291/-2 2289/-3
vt 0.693779 0.403503
vt 0.689263 0.403503
vt 0.688856 0.410003
f 2286/-1 2291/-2 2285/-3
vt 0.690487 0.397252
vt 0.689263 0.403503
vt 0.693779 0.403503
f 2285/-1 2291/-2 2282/-3
vt 0.682279 0.410003
vt 0.685077 0.410003
vt 0.685563 0.403503
f 2289/-1 2288/-2 2287/-3
vt 0.680538 0.410003
vt 0.682279 0.410003
vt 0.682811 0.403503
f 2283/-1 2287/-2 2290/-3
vt 0.685563 0.403503
vt 0.685077 0.410003
vt 0.688856 0.410003
f 2286/-1 2288/-2 2289/-3
vt 0.738539 0.417484
vt 0.738539 0.423735
vt 0.740248 0.417484
f 1610/-1 1611/-2 1613/-3
vt 0.739079 0.410982
vt 0.740248 0.417484
vt 0.740820 0.410982
f 1615/-1 1610/-2 1619/-3
vt 0.738539 0.417484
vt 0.734353 0.423735
vt 0.736940 0.423735
f 1612/-1 1616/-2 1613/-3
vt 0.736940 0.423735
vt 0.735795 0.429496
vt 0.738539 0.423735
f 1611/-1 1617/-2 1612/-3
vt 0.734353 0.429496
vt 0.734353 0.423735
vt 0.732024 0.429496
f 1618/-1 1616/-2 1614/-3
vt 0.734353 0.429496
vt 0.730864 0.434546
vt 0.732095 0.434546
f 1623/-1 1621/-2 1614/-3
vt 0.734353 0.429496
vt 0.732024 0.429496
vt 0.728881 0.434546
f 1622/-1 1618/-2 1614/-3
vt 0.732095 0.434546
vt 0.735795 0.429496
vt 0.734353 0.429496
f 1614/-1 1617/-2 1623/-3
vt 0.740820 0.410982
vt 0.738539 0.404481
vt 0.739079 0.410982
f 1619/-1 1630/-2 1615/-3
vt 0.735795 0.417484
vt 0.739079 0.410982
vt 0.736273 0.410982
f 1631/-1 1619/-2 1620/-3
vt 0.734353 0.423735
vt 0.732095 0.417484
vt 0.730864 0.423735
f 1625/-1 1632/-2 1616/-3
vt 0.732024 0.429496
vt 0.730864 0.423735
vt 0.728881 0.429496
f 1626/-1 1625/-2 1618/-3
vt 0.728881 0.434546
vt 0.728881 0.429496
vt 0.726207 0.434546
f 1629/-1 1626/-2 1622/-3
vt 0.730864 0.434546
vt 0.727579 0.438689
vt 0.732095 0.434546
f 1623/-1 1633/-2 1621/-3
vt 0.730864 0.434546
vt 0.725055 0.438689
vt 0.726615 0.438790
f 1627/-1 1628/-2 1621/-3
vt 0.725055 0.438689
vt 0.726207 0.434546
vt 0.722962 0.438689
f 1634/-1 1629/-2 1628/-3
vt 0.738539 0.398229
vt 0.738539 0.404481
vt 0.740248 0.404481
f 1624/-1 1630/-2 1635/-3
vt 0.735795 0.404481
vt 0.739079 0.410982
vt 0.738539 0.404481
f 1630/-1 1619/-2 1644/-3
vt 0.732095 0.417484
vt 0.726615 0.423735
vt 0.730864 0.423735
f 1625/-1 1636/-2 1632/-3
vt 0.726615 0.423735
vt 0.728881 0.429496
vt 0.730864 0.423735
f 1625/-1 1626/-2 1636/-3
vt 0.719246 0.441770
vt 0.720618 0.441803
vt 0.721755 0.441770
f 1641/-1 1639/-2 1640/-3
vt 0.721755 0.441770
vt 0.722962 0.438689
vt 0.719246 0.441770
f 1640/-1 1634/-2 1641/-3
vt 0.721755 0.441770
vt 0.726615 0.438790
vt 0.725055 0.438689
f 1628/-1 1627/-2 1641/-3
vt 0.735795 0.417484
vt 0.732510 0.410982
vt 0.732095 0.417484
f 1632/-1 1645/-2 1620/-3
vt 0.726207 0.434546
vt 0.725055 0.429496
vt 0.722962 0.434546
f 1638/-1 1637/-2 1629/-3
vt 0.720398 0.438689
vt 0.726207 0.434546
vt 0.722962 0.434546
f 1638/-1 1629/-2 1642/-3
vt 0.715953 0.443665
vt 0.719246 0.441770
vt 0.715209 0.443665
f 1647/-1 1640/-2 1654/-3
vt 0.722962 0.438689
vt 0.717482 0.441770
vt 0.719246 0.441770
f 1640/-1 1648/-2 1634/-3
vt 0.735795 0.392468
vt 0.736940 0.398229
vt 0.738539 0.398229
f 1635/-1 1643/-2 1649/-3
vt 0.734353 0.398229
vt 0.738539 0.404481
vt 0.736940 0.398229
f 1643/-1 1630/-2 1658/-3
vt 0.735795 0.404481
vt 0.732510 0.410982
vt 0.736273 0.410982
f 1631/-1 1645/-2 1644/-3
vt 0.732510 0.410982
vt 0.727579 0.417484
vt 0.732095 0.417484
f 1632/-1 1646/-2 1645/-3
vt 0.727579 0.417484
vt 0.721755 0.423735
vt 0.726615 0.423735
f 1636/-1 1650/-2 1646/-3
vt 0.726615 0.423735
vt 0.720696 0.429496
vt 0.725055 0.429496
f 1637/-1 1651/-2 1636/-3
vt 0.725055 0.429496
vt 0.719246 0.434546
vt 0.722962 0.434546
f 1638/-1 1652/-2 1637/-3
vt 0.722962 0.434546
vt 0.717482 0.438689
vt 0.720398 0.438689
f 1642/-1 1653/-2 1638/-3
vt 0.717482 0.441770
vt 0.715209 0.443665
vt 0.719246 0.441770
f 1640/-1 1647/-2 1648/-3
vt 0.720398 0.438689
vt 0.715475 0.441770
vt 0.717482 0.441770
f 1648/-1 1656/-2 1642/-3
vt 0.715475 0.441770
vt 0.714315 0.443665
vt 0.717482 0.441770
f 1648/-1 1655/-2 1656/-3
vt 0.711022 0.441770
vt 0.708757 0.441770
vt 0.709862 0.443665
f 1662/-1 1663/-2 1664/-3
vt 0.709862 0.443665
vt 0.713288 0.441770
vt 0.711022 0.441770
f 1664/-1 1665/-2 1662/-3
vt 0.713288 0.441770
vt 0.714315 0.443665
vt 0.715475 0.441770
f 1656/-1 1655/-2 1665/-3
vt 0.732095 0.387417
vt 0.734353 0.392468
vt 0.735795 0.392468
f 1649/-1 1657/-2 1669/-3
vt 0.730864 0.387417
vt 0.728881 0.387417
vt 0.732024 0.392468
f 1666/-1 1667/-2 1668/-3
vt 0.734353 0.392468
vt 0.732095 0.387417
vt 0.730864 0.387417
f 1668/-1 1669/-2 1657/-3
vt 0.732024 0.392468
vt 0.736940 0.398229
vt 0.734353 0.392468
f 1657/-1 1643/-2 1666/-3
vt 0.730864 0.398229
vt 0.735795 0.404481
vt 0.734353 0.398229
f 1658/-1 1644/-2 1681/-3
vt 0.732095 0.404481
vt 0.727893 0.410982
vt 0.732510 0.410982
f 1645/-1 1660/-2 1659/-3
vt 0.727893 0.410982
vt 0.722429 0.417484
vt 0.727579 0.417484
f 1646/-1 1661/-2 1660/-3
vt 0.716847 0.417484
vt 0.721755 0.423735
vt 0.722429 0.417484
f 1661/-1 1650/-2 1684/-3
vt 0.721755 0.423735
vt 0.715953 0.429496
vt 0.720696 0.429496
f 1651/-1 1671/-2 1650/-3
vt 0.720696 0.429496
vt 0.715209 0.434546
vt 0.719246 0.434546
f 1652/-1 1672/-2 1651/-3
vt 0.719246 0.434546
vt 0.714315 0.438689
vt 0.717482 0.438689
f 1653/-1 1673/-2 1652/-3
vt 0.714315 0.438689
vt 0.715475 0.441770
vt 0.717482 0.438689
f 1653/-1 1656/-2 1673/-3
vt 0.707730 0.443665
vt 0.709862 0.443665
vt 0.708757 0.441770
f 1663/-1 1662/-2 1674/-3
vt 0.706577 0.441770
vt 0.704563 0.441770
vt 0.707730 0.443665
f 1674/-1 1675/-2 1676/-3
vt 0.711022 0.438689
vt 0.708757 0.441770
vt 0.711022 0.441770
f 1664/-1 1663/-2 1677/-3
vt 0.711022 0.438689
vt 0.713288 0.441770
vt 0.714315 0.438689
f 1673/-1 1665/-2 1677/-3
vt 0.728881 0.387417
vt 0.728881 0.392468
vt 0.732024 0.392468
f 1666/-1 1678/-2 1667/-3
vt 0.725055 0.383274
vt 0.730864 0.387417
vt 0.726584 0.382897
f 1679/-1 1668/-2 1689/-3
vt 0.726584 0.382897
vt 0.732095 0.387417
vt 0.727579 0.383274
f 1680/-1 1669/-2 1679/-3
vt 0.702807 0.441770
vt 0.707730 0.443665
vt 0.704563 0.441770
f 1675/-1 1674/-2 1693/-3
vt 0.704563 0.438689
vt 0.704563 0.441770
vt 0.706577 0.441770
f 1676/-1 1675/-2 1686/-3
vt 0.707730 0.438689
vt 0.706577 0.441770
vt 0.708757 0.441770
f 1663/-1 1676/-2 1687/-3
vt 0.732024 0.392468
vt 0.730864 0.398229
vt 0.734353 0.398229
f 1658/-1 1681/-2 1666/-3
vt 0.726615 0.398229
vt 0.732095 0.404481
vt 0.730864 0.398229
f 1681/-1 1659/-2 1696/-3
vt 0.722429 0.404481
vt 0.727893 0.410982
vt 0.727579 0.404481
f 1682/-1 1660/-2 1702/-3
vt 0.722656 0.410982
vt 0.716847 0.417484
vt 0.722429 0.417484
f 1661/-1 1684/-2 1683/-3
vt 0.711022 0.417484
vt 0.716502 0.423735
vt 0.716847 0.417484
f 1684/-1 1670/-2 1704/-3
vt 0.716502 0.423735
vt 0.711022 0.429496
vt 0.715953 0.429496
f 1671/-1 1691/-2 1670/-3
vt 0.711022 0.429496
vt 0.715209 0.434546
vt 0.715953 0.429496
f 1671/-1 1672/-2 1691/-3
vt 0.715209 0.434546
vt 0.711022 0.438689
vt 0.714315 0.438689
f 1673/-1 1677/-2 1672/-3
vt 0.706844 0.434546
vt 0.711022 0.438689
vt 0.711022 0.434546
f 1692/-1 1677/-2 1707/-3
vt 0.725055 0.383274
vt 0.726207 0.387417
vt 0.728881 0.387417
f 1667/-1 1688/-2 1689/-3
vt 0.726207 0.387417
vt 0.725055 0.392468
vt 0.728881 0.392468
f 1678/-1 1695/-2 1688/-3
vt 0.728881 0.392468
vt 0.726615 0.398229
vt 0.730864 0.398229
f 1681/-1 1696/-2 1678/-3
vt 0.721755 0.380194
vt 0.725055 0.383274
vt 0.726584 0.382897
f 1679/-1 1689/-2 1701/-3
vt 0.717482 0.380194
vt 0.720398 0.383274
vt 0.722962 0.383274
f 1697/-1 1698/-2 1699/-3
vt 0.721755 0.380194
vt 0.720673 0.380010
vt 0.717482 0.380194
f 1699/-1 1700/-2 1701/-3
vt 0.722962 0.383274
vt 0.725055 0.383274
vt 0.721755 0.380194
f 1701/-1 1689/-2 1697/-3
vt 0.699098 0.438689
vt 0.704563 0.441770
vt 0.701654 0.438689
f 1694/-1 1675/-2 1713/-3
vt 0.701121 0.441745
vt 0.706844 0.443665
vt 0.702807 0.441770
f 1693/-1 1685/-2 1714/-3
vt 0.699098 0.434546
vt 0.704563 0.438689
vt 0.702807 0.434546
f 1706/-1 1686/-2 1715/-3
vt 0.702807 0.434546
vt 0.707730 0.438689
vt 0.706844 0.434546
f 1707/-1 1687/-2 1706/-3
vt 0.726207 0.387417
vt 0.720398 0.383274
vt 0.722962 0.387417
f 1708/-1 1698/-2 1688/-3
vt 0.715475 0.380194
vt 0.720398 0.383274
vt 0.717482 0.380194
f 1699/-1 1698/-2 1719/-3
vt 0.715953 0.378298
vt 0.717482 0.380194
vt 0.720673 0.380010
f 1700/-1 1699/-2 1720/-3
vt 0.726615 0.398229
vt 0.722429 0.404481
vt 0.727579 0.404481
f 1682/-1 1702/-2 1696/-3
vt 0.716847 0.404481
vt 0.722656 0.410982
vt 0.722429 0.404481
f 1702/-1 1683/-2 1723/-3
vt 0.716949 0.410982
vt 0.711022 0.417484
vt 0.716847 0.417484
f 1684/-1 1704/-2 1703/-3
vt 0.711022 0.417484
vt 0.705558 0.423735
vt 0.711022 0.423735
f 1690/-1 1711/-2 1704/-3
vt 0.705558 0.423735
vt 0.711022 0.429496
vt 0.711022 0.423735
f 1690/-1 1691/-2 1711/-3
vt 0.711022 0.429496
vt 0.706844 0.434546
vt 0.711022 0.434546
f 1692/-1 1707/-2 1691/-3
vt 0.722962 0.387417
vt 0.720696 0.392468
vt 0.725055 0.392468
f 1695/-1 1716/-2 1708/-3
vt 0.725055 0.392468
vt 0.721755 0.398229
vt 0.726615 0.398229
f 1696/-1 1717/-2 1695/-3
vt 0.717482 0.383274
vt 0.722962 0.387417
vt 0.720398 0.383274
f 1698/-1 1708/-2 1709/-3
vt 0.714315 0.378298
vt 0.715475 0.380194
vt 0.717482 0.380194
f 1699/-1 1719/-2 1710/-3
vt 0.714315 0.378298
vt 0.712183 0.378298
vt 0.713288 0.380194
f 1721/-1 1722/-2 1710/-3
vt 0.695837 0.434546
vt 0.701654 0.438689
vt 0.699098 0.434546
f 1715/-1 1694/-2 1738/-3
vt 0.700290 0.441770
vt 0.701121 0.441745
vt 0.702807 0.441770
f 1693/-1 1714/-2 1726/-3
vt 0.696997 0.438689
vt 0.695704 0.438745
vt 0.700290 0.441770
f 1726/-1 1727/-2 1728/-3
vt 0.700290 0.441770
vt 0.699098 0.438689
vt 0.696997 0.438689
f 1728/-1 1713/-2 1726/-3
vt 0.696997 0.429496
vt 0.702807 0.434546
vt 0.701364 0.429496
f 1729/-1 1706/-2 1740/-3
vt 0.701364 0.429496
vt 0.706844 0.434546
vt 0.706099 0.429496
f 1712/-1 1707/-2 1729/-3
vt 0.715475 0.380194
vt 0.714315 0.383274
vt 0.717482 0.383274
f 1709/-1 1730/-2 1719/-3
vt 0.714315 0.383274
vt 0.719246 0.387417
vt 0.717482 0.383274
f 1709/-1 1718/-2 1730/-3
vt 0.707730 0.378298
vt 0.706577 0.380194
vt 0.708757 0.380194
f 1736/-1 1732/-2 1734/-3
vt 0.706577 0.380194
vt 0.707730 0.378298
vt 0.704563 0.380194
f 1733/-1 1734/-2 1732/-3
vt 0.711022 0.380194
vt 0.713288 0.380194
vt 0.712183 0.378298
f 1722/-1 1721/-2 1735/-3
vt 0.712183 0.378298
vt 0.708757 0.380194
vt 0.711022 0.380194
f 1735/-1 1736/-2 1722/-3
vt 0.721755 0.398229
vt 0.716847 0.404481
vt 0.722429 0.404481
f 1702/-1 1723/-2 1717/-3
vt 0.711022 0.404481
vt 0.716949 0.410982
vt 0.716847 0.404481
f 1723/-1 1703/-2 1748/-3
vt 0.705103 0.410982
vt 0.711022 0.417484
vt 0.711022 0.410982
f 1724/-1 1704/-2 1749/-3
vt 0.699624 0.417484
vt 0.705558 0.423735
vt 0.705213 0.417484
f 1725/-1 1711/-2 1750/-3
vt 0.700290 0.423735
vt 0.706099 0.429496
vt 0.705558 0.423735
f 1711/-1 1712/-2 1737/-3
vt 0.691181 0.434546
vt 0.696997 0.438689
vt 0.693172 0.434546
f 1739/-1 1728/-2 1751/-3
vt 0.695837 0.434546
vt 0.696997 0.438689
vt 0.699098 0.438689
f 1713/-1 1728/-2 1738/-3
vt 0.715209 0.387417
vt 0.720696 0.392468
vt 0.719246 0.387417
f 1718/-1 1716/-2 1731/-3
vt 0.720696 0.392468
vt 0.716502 0.398229
vt 0.721755 0.398229
f 1717/-1 1742/-2 1716/-3
vt 0.711022 0.380194
vt 0.714315 0.383274
vt 0.713288 0.380194
f 1721/-1 1730/-2 1735/-3
vt 0.707730 0.383274
vt 0.706577 0.380194
vt 0.704563 0.383274
f 1744/-1 1732/-2 1747/-3
vt 0.701654 0.383274
vt 0.706577 0.380194
vt 0.704563 0.380194
f 1733/-1 1732/-2 1745/-3
vt 0.702023 0.379657
vt 0.707730 0.378298
vt 0.706099 0.378298
f 1746/-1 1734/-2 1757/-3
vt 0.707730 0.383274
vt 0.711022 0.380194
vt 0.708757 0.380194
f 1736/-1 1735/-2 1747/-3
vt 0.696997 0.429496
vt 0.695837 0.434546
vt 0.699098 0.434546
f 1715/-1 1738/-2 1740/-3
vt 0.700290 0.423735
vt 0.696997 0.429496
vt 0.701364 0.429496
f 1729/-1 1740/-2 1737/-3
vt 0.711022 0.383274
vt 0.715209 0.387417
vt 0.714315 0.383274
f 1730/-1 1731/-2 1743/-3
vt 0.715209 0.387417
vt 0.711022 0.392468
vt 0.715953 0.392468
f 1741/-1 1753/-2 1731/-3
vt 0.704563 0.380194
vt 0.699098 0.383274
vt 0.701654 0.383274
f 1745/-1 1754/-2 1733/-3
vt 0.699098 0.383274
vt 0.700290 0.380194
vt 0.695187 0.382834
f 1755/-1 1756/-2 1754/-3
vt 0.699098 0.383274
vt 0.704563 0.380194
vt 0.702023 0.379657
f 1757/-1 1733/-2 1754/-3
vt 0.716502 0.398229
vt 0.711022 0.404481
vt 0.716847 0.404481
f 1723/-1 1748/-2 1742/-3
vt 0.711022 0.404481
vt 0.705103 0.410982
vt 0.711022 0.410982
f 1724/-1 1749/-2 1748/-3
vt 0.699404 0.410982
vt 0.705213 0.417484
vt 0.705103 0.410982
f 1749/-1 1725/-2 1774/-3
vt 0.699624 0.417484
vt 0.695445 0.423735
vt 0.700290 0.423735
f 1737/-1 1758/-2 1750/-3
vt 0.687692 0.429496
vt 0.691181 0.434546
vt 0.693172 0.434546
f 1739/-1 1751/-2 1762/-3
vt 0.687692 0.429496
vt 0.686257 0.429496
vt 0.689957 0.434546
f 1760/-1 1761/-2 1762/-3
vt 0.693172 0.434546
vt 0.690028 0.429496
vt 0.687692 0.429496
f 1762/-1 1763/-2 1739/-3
vt 0.689957 0.434546
vt 0.695704 0.438745
vt 0.691181 0.434546
f 1751/-1 1727/-2 1760/-3
vt 0.690028 0.429496
vt 0.695837 0.434546
vt 0.693172 0.429496
f 1759/-1 1738/-2 1763/-3
vt 0.715953 0.392468
vt 0.711022 0.398229
vt 0.716502 0.398229
f 1742/-1 1765/-2 1741/-3
vt 0.711022 0.383274
vt 0.706844 0.387417
vt 0.711022 0.387417
f 1752/-1 1766/-2 1743/-3
vt 0.702807 0.387417
vt 0.707730 0.383274
vt 0.704563 0.383274
f 1744/-1 1747/-2 1767/-3
vt 0.702807 0.387417
vt 0.701654 0.383274
vt 0.699098 0.387417
f 1768/-1 1745/-2 1767/-3
vt 0.695837 0.387417
vt 0.701654 0.383274
vt 0.699098 0.383274
f 1754/-1 1745/-2 1769/-3
vt 0.699098 0.383274
vt 0.693172 0.387417
vt 0.695837 0.387417
f 1769/-1 1770/-2 1754/-3
vt 0.695187 0.382834
vt 0.694473 0.383274
vt 0.689957 0.387417
f 1771/-1 1772/-2 1755/-3
vt 0.693172 0.387417
vt 0.699098 0.383274
vt 0.695187 0.382834
f 1755/-1 1754/-2 1770/-3
vt 0.695445 0.423735
vt 0.693172 0.429496
vt 0.696997 0.429496
f 1740/-1 1759/-2 1758/-3
vt 0.685105 0.423735
vt 0.686257 0.429496
vt 0.687692 0.429496
f 1762/-1 1761/-2 1776/-3
vt 0.685105 0.423735
vt 0.690028 0.429496
vt 0.687692 0.423735
f 1777/-1 1763/-2 1776/-3
vt 0.706844 0.387417
vt 0.711022 0.392468
vt 0.711022 0.387417
f 1752/-1 1753/-2 1766/-3
vt 0.711022 0.392468
vt 0.705558 0.398229
vt 0.711022 0.398229
f 1765/-1 1779/-2 1753/-3
vt 0.690028 0.392468
vt 0.695837 0.387417
vt 0.693172 0.387417
f 1770/-1 1769/-2 1780/-3
vt 0.693172 0.387417
vt 0.687692 0.392468
vt 0.690028 0.392468
f 1780/-1 1781/-2 1770/-3
vt 0.687692 0.392468
vt 0.689957 0.387417
vt 0.686257 0.392468
f 1782/-1 1771/-2 1781/-3
vt 0.705558 0.398229
vt 0.711022 0.404481
vt 0.711022 0.398229
f 1765/-1 1748/-2 1779/-3
vt 0.705213 0.404481
vt 0.699404 0.410982
vt 0.705103 0.410982
f 1749/-1 1774/-2 1773/-3
vt 0.699404 0.410982
vt 0.694473 0.417484
vt 0.699624 0.417484
f 1750/-1 1775/-2 1774/-3
vt 0.694473 0.417484
vt 0.691181 0.423735
vt 0.695445 0.423735
f 1758/-1 1783/-2 1775/-3
vt 0.693172 0.429496
vt 0.687692 0.423735
vt 0.690028 0.429496
f 1763/-1 1777/-2 1759/-3
vt 0.706844 0.387417
vt 0.701364 0.392468
vt 0.706099 0.392468
f 1778/-1 1785/-2 1766/-3
vt 0.701364 0.392468
vt 0.699098 0.387417
vt 0.696997 0.392468
f 1786/-1 1768/-2 1785/-3
vt 0.696997 0.392468
vt 0.695837 0.387417
vt 0.693172 0.392468
f 1787/-1 1769/-2 1786/-3
vt 0.685105 0.398229
vt 0.690028 0.392468
vt 0.687692 0.392468
f 1781/-1 1780/-2 1788/-3
vt 0.685105 0.398229
vt 0.686257 0.392468
vt 0.683506 0.398229
f 1789/-1 1782/-2 1788/-3
vt 0.683506 0.417484
vt 0.683506 0.423735
vt 0.685105 0.423735
f 1776/-1 1784/-2 1793/-3
vt 0.686257 0.417484
vt 0.685105 0.423735
vt 0.687692 0.423735
f 1777/-1 1776/-2 1794/-3
vt 0.689957 0.417484
vt 0.687692 0.423735
vt 0.691181 0.423735
f 1783/-1 1777/-2 1792/-3
vt 0.706099 0.392468
vt 0.700290 0.398229
vt 0.705558 0.398229
f 1779/-1 1795/-2 1778/-3
vt 0.700290 0.398229
vt 0.705213 0.404481
vt 0.705558 0.398229
f 1779/-1 1773/-2 1795/-3
vt 0.691181 0.398229
vt 0.690028 0.392468
vt 0.687692 0.398229
f 1796/-1 1780/-2 1799/-3
vt 0.694473 0.404481
vt 0.699404 0.410982
vt 0.699624 0.404481
f 1790/-1 1774/-2 1802/-3
vt 0.689550 0.410982
vt 0.694473 0.417484
vt 0.694160 0.410982
f 1791/-1 1775/-2 1803/-3
vt 0.696997 0.392468
vt 0.700290 0.398229
vt 0.701364 0.392468
f 1785/-1 1795/-2 1786/-3
vt 0.695445 0.398229
vt 0.693172 0.392468
vt 0.691181 0.398229
f 1799/-1 1787/-2 1798/-3
vt 0.683506 0.404481
vt 0.687692 0.398229
vt 0.685105 0.398229
f 1788/-1 1796/-2 1800/-3
vt 0.683506 0.404481
vt 0.683506 0.398229
vt 0.681805 0.404481
f 1801/-1 1789/-2 1800/-3
vt 0.682973 0.410982
vt 0.681805 0.417484
vt 0.683506 0.417484
f 1793/-1 1797/-2 1804/-3
vt 0.682973 0.410982
vt 0.686257 0.417484
vt 0.685771 0.410982
f 1805/-1 1794/-2 1804/-3
vt 0.685771 0.410982
vt 0.689957 0.417484
vt 0.689550 0.410982
f 1803/-1 1792/-2 1805/-3
vt 0.695445 0.398229
vt 0.699624 0.404481
vt 0.700290 0.398229
f 1795/-1 1790/-2 1798/-3
vt 0.686257 0.404481
vt 0.691181 0.398229
vt 0.687692 0.398229
f 1796/-1 1799/-2 1806/-3
vt 0.694473 0.404481
vt 0.689550 0.410982
vt 0.694160 0.410982
f 1791/-1 1803/-2 1802/-3
vt 0.691181 0.398229
vt 0.694473 0.404481
vt 0.695445 0.398229
f 1798/-1 1802/-2 1799/-3
vt 0.682973 0.410982
vt 0.686257 0.404481
vt 0.683506 0.404481
f 1800/-1 1806/-2 1804/-3
vt 0.681232 0.410982
vt 0.683506 0.404481
vt 0.681805 0.404481
f 1801/-1 1800/-2 1807/-3
vt 0.689957 0.404481
vt 0.685771 0.410982
vt 0.689550 0.410982
f 1803/-1 1805/-2 1808/-3
vt 0.737845 0.416505
vt 0.737845 0.422756
vt 0.739554 0.416505
f 2093/-1 2094/-2 2096/-3
vt 0.735101 0.428517
vt 0.736245 0.422756
vt 0.733658 0.428517
f 2097/-1 2095/-2 2100/-3
vt 0.738385 0.410003
vt 0.739554 0.416505
vt 0.740126 0.410003
f 2098/-1 2093/-2 2102/-3
vt 0.737845 0.416505
vt 0.733658 0.422756
vt 0.736245 0.422756
f 2095/-1 2099/-2 2096/-3
vt 0.736245 0.422756
vt 0.731330 0.428517
vt 0.733658 0.428517
f 2097/-1 2101/-2 2095/-3
vt 0.733658 0.428517
vt 0.730170 0.433568
vt 0.731401 0.433568
f 2106/-1 2104/-2 2097/-3
vt 0.730170 0.433568
vt 0.731330 0.428517
vt 0.728187 0.433568
f 2105/-1 2101/-2 2104/-3
vt 0.731401 0.433568
vt 0.735101 0.428517
vt 0.733658 0.428517
f 2097/-1 2100/-2 2106/-3
vt 0.737845 0.403503
vt 0.740126 0.410003
vt 0.739554 0.403503
f 2107/-1 2098/-2 2113/-3
vt 0.738385 0.410003
vt 0.735101 0.416505
vt 0.737845 0.416505
f 2096/-1 2103/-2 2102/-3
vt 0.735101 0.416505
vt 0.730170 0.422756
vt 0.733658 0.422756
f 2099/-1 2108/-2 2103/-3
vt 0.730170 0.422756
vt 0.731330 0.428517
vt 0.733658 0.422756
f 2099/-1 2101/-2 2108/-3
vt 0.726885 0.437712
vt 0.730170 0.433568
vt 0.725921 0.437812
f 2110/-1 2104/-2 2116/-3
vt 0.724361 0.437712
vt 0.730170 0.433568
vt 0.728187 0.433568
f 2105/-1 2104/-2 2111/-3
vt 0.728187 0.428517
vt 0.728187 0.433568
vt 0.731330 0.428517
f 2101/-1 2105/-2 2109/-3
vt 0.725513 0.433568
vt 0.724361 0.437712
vt 0.728187 0.433568
f 2105/-1 2111/-2 2112/-3
vt 0.737845 0.397252
vt 0.737845 0.403503
vt 0.739554 0.403503
f 2107/-1 2113/-2 2118/-3
vt 0.737845 0.403503
vt 0.735579 0.410003
vt 0.738385 0.410003
f 2102/-1 2114/-2 2113/-3
vt 0.735579 0.410003
vt 0.731401 0.416505
vt 0.735101 0.416505
f 2103/-1 2115/-2 2114/-3
vt 0.726885 0.416505
vt 0.730170 0.422756
vt 0.731401 0.416505
f 2115/-1 2108/-2 2129/-3
vt 0.725921 0.422756
vt 0.728187 0.428517
vt 0.730170 0.422756
f 2108/-1 2109/-2 2119/-3
vt 0.724361 0.428517
vt 0.725513 0.433568
vt 0.728187 0.428517
f 2109/-1 2112/-2 2120/-3
vt 0.718552 0.440791
vt 0.719924 0.440826
vt 0.721060 0.440791
f 2124/-1 2122/-2 2123/-3
vt 0.721060 0.440791
vt 0.722267 0.437712
vt 0.718552 0.440791
f 2123/-1 2117/-2 2124/-3
vt 0.721060 0.440791
vt 0.725921 0.437812
vt 0.724361 0.437712
f 2111/-1 2110/-2 2124/-3
vt 0.722267 0.433568
vt 0.722267 0.437712
vt 0.725513 0.433568
f 2112/-1 2117/-2 2121/-3
vt 0.715259 0.442688
vt 0.718552 0.440791
vt 0.714514 0.442688
f 2130/-1 2123/-2 2137/-3
vt 0.722267 0.437712
vt 0.716788 0.440791
vt 0.718552 0.440791
f 2123/-1 2131/-2 2117/-3
vt 0.735101 0.391490
vt 0.736245 0.397252
vt 0.737845 0.397252
f 2118/-1 2126/-2 2132/-3
vt 0.736245 0.397252
vt 0.735101 0.403503
vt 0.737845 0.403503
f 2113/-1 2127/-2 2126/-3
vt 0.731401 0.403503
vt 0.735579 0.410003
vt 0.735101 0.403503
f 2127/-1 2114/-2 2142/-3
vt 0.731816 0.410003
vt 0.726885 0.416505
vt 0.731401 0.416505
f 2115/-1 2129/-2 2128/-3
vt 0.721735 0.416505
vt 0.725921 0.422756
vt 0.726885 0.416505
f 2129/-1 2119/-2 2144/-3
vt 0.721060 0.422756
vt 0.724361 0.428517
vt 0.725921 0.422756
f 2119/-1 2120/-2 2133/-3
vt 0.720002 0.428517
vt 0.722267 0.433568
vt 0.724361 0.428517
f 2120/-1 2121/-2 2134/-3
vt 0.722267 0.433568
vt 0.716788 0.437712
vt 0.719704 0.437712
f 2125/-1 2136/-2 2121/-3
vt 0.716788 0.440791
vt 0.714514 0.442688
vt 0.718552 0.440791
f 2123/-1 2130/-2 2131/-3
vt 0.719704 0.437712
vt 0.714781 0.440791
vt 0.716788 0.440791
f 2131/-1 2139/-2 2125/-3
vt 0.714781 0.440791
vt 0.713621 0.442688
vt 0.716788 0.440791
f 2131/-1 2138/-2 2139/-3
vt 0.710328 0.440791
vt 0.708063 0.440791
vt 0.709168 0.442688
f 2145/-1 2146/-2 2147/-3
vt 0.709168 0.442688
vt 0.712594 0.440791
vt 0.710328 0.440791
f 2147/-1 2148/-2 2145/-3
vt 0.712594 0.440791
vt 0.713621 0.442688
vt 0.714781 0.440791
f 2139/-1 2138/-2 2148/-3
vt 0.731401 0.386441
vt 0.733658 0.391490
vt 0.735101 0.391490
f 2132/-1 2140/-2 2152/-3
vt 0.730170 0.386441
vt 0.728187 0.386441
vt 0.731330 0.391490
f 2149/-1 2150/-2 2151/-3
vt 0.733658 0.391490
vt 0.731401 0.386441
vt 0.730170 0.386441
f 2151/-1 2152/-2 2140/-3
vt 0.731330 0.391490
vt 0.736245 0.397252
vt 0.733658 0.391490
f 2140/-1 2126/-2 2149/-3
vt 0.730170 0.397252
vt 0.735101 0.403503
vt 0.733658 0.397252
f 2141/-1 2127/-2 2164/-3
vt 0.726885 0.403503
vt 0.731816 0.410003
vt 0.731401 0.403503
f 2142/-1 2128/-2 2165/-3
vt 0.721962 0.410003
vt 0.726885 0.416505
vt 0.727199 0.410003
f 2143/-1 2129/-2 2166/-3
vt 0.716153 0.416505
vt 0.721060 0.422756
vt 0.721735 0.416505
f 2144/-1 2133/-2 2167/-3
vt 0.721060 0.422756
vt 0.715259 0.428517
vt 0.720002 0.428517
f 2134/-1 2154/-2 2133/-3
vt 0.720002 0.428517
vt 0.714514 0.433568
vt 0.718552 0.433568
f 2135/-1 2155/-2 2134/-3
vt 0.714514 0.433568
vt 0.716788 0.437712
vt 0.718552 0.433568
f 2135/-1 2136/-2 2155/-3
vt 0.713621 0.437712
vt 0.714781 0.440791
vt 0.716788 0.437712
f 2136/-1 2139/-2 2156/-3
vt 0.707036 0.442688
vt 0.709168 0.442688
vt 0.708063 0.440791
f 2146/-1 2145/-2 2157/-3
vt 0.705883 0.440791
vt 0.703868 0.440791
vt 0.707036 0.442688
f 2157/-1 2158/-2 2159/-3
vt 0.710328 0.437712
vt 0.708063 0.440791
vt 0.710328 0.440791
f 2147/-1 2146/-2 2160/-3
vt 0.710328 0.437712
vt 0.712594 0.440791
vt 0.713621 0.437712
f 2156/-1 2148/-2 2160/-3
vt 0.728187 0.386441
vt 0.728187 0.391490
vt 0.731330 0.391490
f 2149/-1 2161/-2 2150/-3
vt 0.724361 0.382296
vt 0.730170 0.386441
vt 0.725889 0.381918
f 2162/-1 2151/-2 2172/-3
vt 0.725889 0.381918
vt 0.731401 0.386441
vt 0.726885 0.382296
f 2163/-1 2152/-2 2162/-3
vt 0.702112 0.440791
vt 0.707036 0.442688
vt 0.703868 0.440791
f 2158/-1 2157/-2 2176/-3
vt 0.703868 0.437712
vt 0.703868 0.440791
vt 0.705883 0.440791
f 2159/-1 2158/-2 2169/-3
vt 0.707036 0.437712
vt 0.705883 0.440791
vt 0.708063 0.440791
f 2146/-1 2159/-2 2170/-3
vt 0.731330 0.391490
vt 0.730170 0.397252
vt 0.733658 0.397252
f 2141/-1 2164/-2 2149/-3
vt 0.730170 0.397252
vt 0.726885 0.403503
vt 0.731401 0.403503
f 2142/-1 2165/-2 2164/-3
vt 0.726885 0.403503
vt 0.721962 0.410003
vt 0.727199 0.410003
f 2143/-1 2166/-2 2165/-3
vt 0.716255 0.410003
vt 0.721735 0.416505
vt 0.721962 0.410003
f 2166/-1 2144/-2 2186/-3
vt 0.710328 0.416505
vt 0.715808 0.422756
vt 0.716153 0.416505
f 2167/-1 2153/-2 2187/-3
vt 0.710328 0.422756
vt 0.715259 0.428517
vt 0.715808 0.422756
f 2153/-1 2154/-2 2173/-3
vt 0.710328 0.428517
vt 0.714514 0.433568
vt 0.715259 0.428517
f 2154/-1 2155/-2 2174/-3
vt 0.714514 0.433568
vt 0.710328 0.437712
vt 0.713621 0.437712
f 2156/-1 2160/-2 2155/-3
vt 0.706150 0.433568
vt 0.710328 0.437712
vt 0.710328 0.433568
f 2175/-1 2160/-2 2190/-3
vt 0.724361 0.382296
vt 0.725513 0.386441
vt 0.728187 0.386441
f 2150/-1 2171/-2 2172/-3
vt 0.722267 0.386441
vt 0.728187 0.391490
vt 0.725513 0.386441
f 2171/-1 2161/-2 2191/-3
vt 0.728187 0.391490
vt 0.725921 0.397252
vt 0.730170 0.397252
f 2164/-1 2179/-2 2161/-3
vt 0.721060 0.379217
vt 0.724361 0.382296
vt 0.725889 0.381918
f 2162/-1 2172/-2 2184/-3
vt 0.716788 0.379217
vt 0.719704 0.382296
vt 0.722267 0.382296
f 2180/-1 2181/-2 2182/-3
vt 0.721060 0.379217
vt 0.719979 0.379032
vt 0.716788 0.379217
f 2182/-1 2183/-2 2184/-3
vt 0.722267 0.382296
vt 0.724361 0.382296
vt 0.721060 0.379217
f 2184/-1 2172/-2 2180/-3
vt 0.700960 0.437712
vt 0.702112 0.440791
vt 0.703868 0.440791
f 2158/-1 2176/-2 2177/-3
vt 0.700427 0.440768
vt 0.706150 0.442688
vt 0.702112 0.440791
f 2176/-1 2168/-2 2197/-3
vt 0.698404 0.433568
vt 0.703868 0.437712
vt 0.702112 0.433568
f 2189/-1 2169/-2 2198/-3
vt 0.702112 0.433568
vt 0.707036 0.437712
vt 0.706150 0.433568
f 2190/-1 2170/-2 2189/-3
vt 0.722267 0.386441
vt 0.722267 0.382296
vt 0.719704 0.382296
f 2181/-1 2180/-2 2191/-3
vt 0.714781 0.379217
vt 0.719704 0.382296
vt 0.716788 0.379217
f 2182/-1 2181/-2 2202/-3
vt 0.715259 0.377320
vt 0.716788 0.379217
vt 0.719979 0.379032
f 2183/-1 2182/-2 2203/-3
vt 0.725921 0.397252
vt 0.721735 0.403503
vt 0.726885 0.403503
f 2165/-1 2185/-2 2179/-3
vt 0.716153 0.403503
vt 0.721962 0.410003
vt 0.721735 0.403503
f 2185/-1 2166/-2 2206/-3
vt 0.716255 0.410003
vt 0.710328 0.416505
vt 0.716153 0.416505
f 2167/-1 2187/-2 2186/-3
vt 0.710328 0.416505
vt 0.704864 0.422756
vt 0.710328 0.422756
f 2173/-1 2194/-2 2187/-3
vt 0.704864 0.422756
vt 0.710328 0.428517
vt 0.710328 0.422756
f 2173/-1 2174/-2 2194/-3
vt 0.710328 0.428517
vt 0.706150 0.433568
vt 0.710328 0.433568
f 2175/-1 2190/-2 2174/-3
vt 0.722267 0.386441
vt 0.720002 0.391490
vt 0.724361 0.391490
f 2178/-1 2199/-2 2191/-3
vt 0.724361 0.391490
vt 0.721060 0.397252
vt 0.725921 0.397252
f 2179/-1 2200/-2 2178/-3
vt 0.719704 0.382296
vt 0.718552 0.386441
vt 0.722267 0.386441
f 2191/-1 2201/-2 2181/-3
vt 0.713621 0.377320
vt 0.714781 0.379217
vt 0.716788 0.379217
f 2182/-1 2202/-2 2193/-3
vt 0.713621 0.377320
vt 0.711488 0.377320
vt 0.712594 0.379217
f 2204/-1 2205/-2 2193/-3
vt 0.695143 0.433568
vt 0.700960 0.437712
vt 0.698404 0.433568
f 2198/-1 2177/-2 2221/-3
vt 0.699596 0.440791
vt 0.700427 0.440768
vt 0.702112 0.440791
f 2176/-1 2197/-2 2209/-3
vt 0.696303 0.437712
vt 0.695010 0.437767
vt 0.699596 0.440791
f 2209/-1 2210/-2 2211/-3
vt 0.699596 0.440791
vt 0.698404 0.437712
vt 0.696303 0.437712
f 2211/-1 2196/-2 2209/-3
vt 0.700670 0.428517
vt 0.698404 0.433568
vt 0.702112 0.433568
f 2189/-1 2198/-2 2212/-3
vt 0.700670 0.428517
vt 0.706150 0.433568
vt 0.705405 0.428517
f 2195/-1 2190/-2 2212/-3
vt 0.714781 0.379217
vt 0.713621 0.382296
vt 0.716788 0.382296
f 2192/-1 2213/-2 2202/-3
vt 0.713621 0.382296
vt 0.718552 0.386441
vt 0.716788 0.382296
f 2192/-1 2201/-2 2213/-3
vt 0.707036 0.377320
vt 0.705883 0.379217
vt 0.708063 0.379217
f 2219/-1 2215/-2 2217/-3
vt 0.705883 0.379217
vt 0.707036 0.377320
vt 0.703868 0.379217
f 2216/-1 2217/-2 2215/-3
vt 0.710328 0.379217
vt 0.712594 0.379217
vt 0.711488 0.377320
f 2205/-1 2204/-2 2218/-3
vt 0.711488 0.377320
vt 0.708063 0.379217
vt 0.710328 0.379217
f 2218/-1 2219/-2 2205/-3
vt 0.721060 0.397252
vt 0.716153 0.403503
vt 0.721735 0.403503
f 2185/-1 2206/-2 2200/-3
vt 0.710328 0.403503
vt 0.716255 0.410003
vt 0.716153 0.403503
f 2206/-1 2186/-2 2231/-3
vt 0.704409 0.410003
vt 0.710328 0.416505
vt 0.710328 0.410003
f 2207/-1 2187/-2 2232/-3
vt 0.698929 0.416505
vt 0.704864 0.422756
vt 0.704519 0.416505
f 2208/-1 2194/-2 2233/-3
vt 0.699596 0.422756
vt 0.705405 0.428517
vt 0.704864 0.422756
f 2194/-1 2195/-2 2220/-3
vt 0.690487 0.433568
vt 0.696303 0.437712
vt 0.692478 0.433568
f 2222/-1 2211/-2 2234/-3
vt 0.695143 0.433568
vt 0.696303 0.437712
vt 0.698404 0.437712
f 2196/-1 2211/-2 2221/-3
vt 0.718552 0.386441
vt 0.715259 0.391490
vt 0.720002 0.391490
f 2199/-1 2224/-2 2201/-3
vt 0.715259 0.391490
vt 0.721060 0.397252
vt 0.720002 0.391490
f 2199/-1 2200/-2 2224/-3
vt 0.712594 0.379217
vt 0.710328 0.382296
vt 0.713621 0.382296
f 2213/-1 2226/-2 2204/-3
vt 0.707036 0.382296
vt 0.705883 0.379217
vt 0.703868 0.382296
f 2227/-1 2215/-2 2230/-3
vt 0.700960 0.382296
vt 0.705883 0.379217
vt 0.703868 0.379217
f 2216/-1 2215/-2 2228/-3
vt 0.701329 0.378680
vt 0.707036 0.377320
vt 0.705405 0.377320
f 2229/-1 2217/-2 2240/-3
vt 0.707036 0.382296
vt 0.710328 0.379217
vt 0.708063 0.379217
f 2219/-1 2218/-2 2230/-3
vt 0.696303 0.428517
vt 0.695143 0.433568
vt 0.698404 0.433568
f 2198/-1 2221/-2 2223/-3
vt 0.699596 0.422756
vt 0.696303 0.428517
vt 0.700670 0.428517
f 2212/-1 2223/-2 2220/-3
vt 0.710328 0.382296
vt 0.714514 0.386441
vt 0.713621 0.382296
f 2213/-1 2214/-2 2226/-3
vt 0.714514 0.386441
vt 0.710328 0.391490
vt 0.715259 0.391490
f 2224/-1 2236/-2 2214/-3
vt 0.703868 0.379217
vt 0.698404 0.382296
vt 0.700960 0.382296
f 2228/-1 2237/-2 2216/-3
vt 0.698404 0.382296
vt 0.699596 0.379217
vt 0.694493 0.381857
f 2238/-1 2239/-2 2237/-3
vt 0.698404 0.382296
vt 0.703868 0.379217
vt 0.701329 0.378680
f 2240/-1 2216/-2 2237/-3
vt 0.715808 0.397252
vt 0.710328 0.403503
vt 0.716153 0.403503
f 2206/-1 2231/-2 2225/-3
vt 0.710328 0.403503
vt 0.704409 0.410003
vt 0.710328 0.410003
f 2207/-1 2232/-2 2231/-3
vt 0.698710 0.410003
vt 0.704519 0.416505
vt 0.704409 0.410003
f 2232/-1 2208/-2 2257/-3
vt 0.698929 0.416505
vt 0.694751 0.422756
vt 0.699596 0.422756
f 2220/-1 2241/-2 2233/-3
vt 0.689334 0.428517
vt 0.690487 0.433568
vt 0.692478 0.433568
f 2222/-1 2234/-2 2246/-3
vt 0.686998 0.428517
vt 0.685563 0.428517
vt 0.689263 0.433568
f 2243/-1 2244/-2 2245/-3
vt 0.690487 0.433568
vt 0.689334 0.428517
vt 0.686998 0.428517
f 2245/-1 2246/-2 2234/-3
vt 0.689263 0.433568
vt 0.695010 0.437767
vt 0.690487 0.433568
f 2234/-1 2210/-2 2243/-3
vt 0.692478 0.428517
vt 0.692478 0.433568
vt 0.695143 0.433568
f 2221/-1 2222/-2 2242/-3
vt 0.715259 0.391490
vt 0.710328 0.397252
vt 0.715808 0.397252
f 2225/-1 2248/-2 2224/-3
vt 0.710328 0.382296
vt 0.706150 0.386441
vt 0.710328 0.386441
f 2235/-1 2249/-2 2226/-3
vt 0.702112 0.386441
vt 0.707036 0.382296
vt 0.703868 0.382296
f 2227/-1 2230/-2 2250/-3
vt 0.698404 0.386441
vt 0.703868 0.382296
vt 0.700960 0.382296
f 2228/-1 2227/-2 2251/-3
vt 0.698404 0.386441
vt 0.698404 0.382296
vt 0.695143 0.386441
f 2252/-1 2237/-2 2251/-3
vt 0.698404 0.382296
vt 0.692478 0.386441
vt 0.695143 0.386441
f 2252/-1 2253/-2 2237/-3
vt 0.694493 0.381857
vt 0.693779 0.382296
vt 0.689263 0.386441
f 2254/-1 2255/-2 2238/-3
vt 0.692478 0.386441
vt 0.698404 0.382296
vt 0.694493 0.381857
f 2238/-1 2237/-2 2253/-3
vt 0.694751 0.422756
vt 0.692478 0.428517
vt 0.696303 0.428517
f 2223/-1 2242/-2 2241/-3
vt 0.684411 0.422756
vt 0.685563 0.428517
vt 0.686998 0.428517
f 2245/-1 2244/-2 2259/-3
vt 0.684411 0.422756
vt 0.689334 0.428517
vt 0.686998 0.422756
f 2260/-1 2246/-2 2259/-3
vt 0.706150 0.386441
vt 0.710328 0.391490
vt 0.710328 0.386441
f 2235/-1 2236/-2 2249/-3
vt 0.705405 0.391490
vt 0.710328 0.397252
vt 0.710328 0.391490
f 2236/-1 2248/-2 2261/-3
vt 0.692478 0.391490
vt 0.692478 0.386441
vt 0.689334 0.391490
f 2263/-1 2253/-2 2270/-3
vt 0.692478 0.386441
vt 0.686998 0.391490
vt 0.689334 0.391490
f 2263/-1 2264/-2 2253/-3
vt 0.686998 0.391490
vt 0.689263 0.386441
vt 0.685563 0.391490
f 2265/-1 2254/-2 2264/-3
vt 0.704864 0.397252
vt 0.710328 0.403503
vt 0.710328 0.397252
f 2248/-1 2231/-2 2262/-3
vt 0.704519 0.403503
vt 0.698710 0.410003
vt 0.704409 0.410003
f 2232/-1 2257/-2 2256/-3
vt 0.698710 0.410003
vt 0.693779 0.416505
vt 0.698929 0.416505
f 2233/-1 2258/-2 2257/-3
vt 0.693779 0.416505
vt 0.690487 0.422756
vt 0.694751 0.422756
f 2241/-1 2266/-2 2258/-3
vt 0.689334 0.428517
vt 0.690487 0.422756
vt 0.686998 0.422756
f 2260/-1 2266/-2 2246/-3
vt 0.702112 0.386441
vt 0.705405 0.391490
vt 0.706150 0.386441
f 2249/-1 2261/-2 2250/-3
vt 0.696303 0.391490
vt 0.702112 0.386441
vt 0.698404 0.386441
f 2251/-1 2250/-2 2269/-3
vt 0.692478 0.391490
vt 0.698404 0.386441
vt 0.695143 0.386441
f 2252/-1 2251/-2 2270/-3
vt 0.684411 0.397252
vt 0.689334 0.391490
vt 0.686998 0.391490
f 2264/-1 2263/-2 2271/-3
vt 0.684411 0.397252
vt 0.685563 0.391490
vt 0.682811 0.397252
f 2272/-1 2265/-2 2271/-3
vt 0.682811 0.416505
vt 0.682811 0.422756
vt 0.684411 0.422756
f 2259/-1 2267/-2 2276/-3
vt 0.682811 0.416505
vt 0.686998 0.422756
vt 0.685563 0.416505
f 2277/-1 2260/-2 2276/-3
vt 0.685563 0.416505
vt 0.690487 0.422756
vt 0.689263 0.416505
f 2275/-1 2266/-2 2277/-3
vt 0.705405 0.391490
vt 0.699596 0.397252
vt 0.704864 0.397252
f 2262/-1 2278/-2 2261/-3
vt 0.704864 0.397252
vt 0.698929 0.403503
vt 0.704519 0.403503
f 2256/-1 2273/-2 2262/-3
vt 0.690487 0.397252
vt 0.689334 0.391490
vt 0.686998 0.397252
f 2279/-1 2263/-2 2282/-3
vt 0.693779 0.403503
vt 0.698710 0.410003
vt 0.698929 0.403503
f 2273/-1 2257/-2 2285/-3
vt 0.693465 0.410003
vt 0.689263 0.416505
vt 0.693779 0.416505
f 2258/-1 2275/-2 2274/-3
vt 0.696303 0.391490
vt 0.699596 0.397252
vt 0.700670 0.391490
f 2268/-1 2278/-2 2269/-3
vt 0.694751 0.397252
vt 0.692478 0.391490
vt 0.690487 0.397252
f 2282/-1 2270/-2 2281/-3
vt 0.685563 0.403503
vt 0.684411 0.397252
vt 0.682811 0.403503
f 2283/-1 2271/-2 2289/-3
vt 0.682811 0.403503
vt 0.682811 0.397252
vt 0.681110 0.403503
f 2284/-1 2272/-2 2283/-3
vt 0.682279 0.410003
vt 0.681110 0.416505
vt 0.682811 0.416505
f 2276/-1 2280/-2 2287/-3
vt 0.682279 0.410003
vt 0.685563 0.416505
vt 0.685077 0.410003
f 2288/-1 2277/-2 2287/-3
vt 0.685077 0.410003
vt 0.689263 0.416505
vt 0.688856 0.410003
f 2286/-1 2275/-2 2288/-3
vt 0.699596 0.397252
vt 0.693779 0.403503
vt 0.698929 0.403503
f 2273/-1 2285/-2 2278/-3
vt 0.685563 0.403503
vt 0.690487 0.397252
vt 0.686998 0.397252
f 2279/-1 2282/-2 2289/-3
vt 0.693779 0.403503
vt 0.688856 0.410003
vt 0.693465 0.410003
f 2274/-1 2286/-2 2285/-3
vt 0.690487 0.397252
vt 0.693779 0.403503
vt 0.694751 0.397252
f 2281/-1 2285/-2 2282/-3
vt 0.682279 0.410003
vt 0.685563 0.403503
vt 0.682811 0.403503
f 2283/-1 2289/-2 2287/-3
vt 0.680538 0.410003
vt 0.682811 0.403503
vt 0.681110 0.403503
f 2284/-1 2283/-2 2290/-3
vt 0.685563 0.403503
vt 0.688856 0.410003
vt 0.689263 0.403503
f 2291/-1 2286/-2 2289/-3
vt 0.671542 0.097466
vt 0.671542 0.097466
vt 0.671542 0.097466
f 1555/-1 2292/-2 2293/-3
vt 0.671542 0.097466
vt 0.671542 0.097466
vt 0.561351 0.083202
f 1517/-1 2293/-2 2294/-3
vt 0.671542 0.097466
vt 0.671542 0.097466
vt 0.671542 0.097466
f 1554/-1 2307/-2 2292/-3
vt 0.671542 0.097466
vt 0.671542 0.097466
vt 0.671542 0.097466
f 1580/-1 2294/-2 2306/-3
vt 0.671542 0.097466
vt 0.671542 0.097466
vt 0.671542 0.097466
f 2313/-1 2296/-2 2295/-3
vt 0.671542 0.097466
vt 0.671542 0.097466
vt 0.671542 0.097466
f 1548/-1 2295/-2 2312/-3
vt 0.671542 0.097466
vt 0.671542 0.097466
vt 0.671542 0.097466
f 1549/-1 2312/-2 2311/-3
vt 0.671542 0.097466
vt 0.671542 0.097466
vt 0.671542 0.097466
f 1550/-1 2311/-2 2310/-3
vt 0.671542 0.097466
vt 0.671542 0.097466
vt 0.671542 0.097466
f 1551/-1 2310/-2 2309/-3
vt 0.671542 0.097466
vt 0.671542 0.097466
vt 0.671542 0.097466
f 1552/-1 2309/-2 2308/-3
vt 0.671542 0.097466
vt 0.671542 0.097466
vt 0.671542 0.097466
f 1553/-1 2308/-2 2307/-3
vt 0.671542 0.097466
vt 0.671542 0.097466
vt 0.671542 0.097466
f 1581/-1 2306/-2 2305/-3
vt 0.671542 0.097466
vt 0.671542 0.097466
vt 0.671542 0.097466
f 1582/-1 2305/-2 2304/-3
vt 0.671542 0.097466
vt 0.671542 0.097466
vt 0.671542 0.097466
f 1583/-1 2304/-2 2303/-3
vt 0.671542 0.097466
vt 0.671542 0.097466
vt 0.671542 0.097466
f 1584/-1 2303/-2 2302/-3
vt 0.839947 0.102220
vt 0.671542 0.097466
vt 0.671542 0.097466
f 1556/-1 2302/-2 2301/-3
vt 0.671542 0.097466
vt 0.671542 0.097466
vt 0.671542 0.097466
f 1546/-1 2340/-2 2313/-3
vt 0.671542 0.097466
vt 0.671542 0.097466
vt 0.896082 0.152141
f 1558/-1 2316/-2 2339/-3
vt 0.671542 0.097466
vt 0.671542 0.097466
vt 0.671542 0.097466
f 1540/-1 2321/-2 2320/-3
vt 0.671542 0.097466
vt 0.671542 0.097466
vt 0.671542 0.097466
f 1541/-1 2320/-2 2344/-3
vt 0.671542 0.097466
vt 0.671542 0.097466
vt 0.671542 0.097466
f 1542/-1 2344/-2 2343/-3
vt 0.671542 0.097466
vt 0.671542 0.097466
vt 0.671542 0.097466
f 1543/-1 2343/-2 2342/-3
vt 0.671542 0.097466
vt 0.671542 0.097466
vt 0.671542 0.097466
f 1544/-1 2342/-2 2341/-3
vt 0.671542 0.097466
vt 0.671542 0.097466
vt 0.671542 0.097466
f 1545/-1 2341/-2 2340/-3
vt 0.671542 0.097466
vt 0.671542 0.097466
vt 0.671542 0.097466
f 1559/-1 2339/-2 2338/-3
vt 0.671542 0.097466
vt 0.671542 0.097466
vt 0.671542 0.097466
f 1560/-1 2338/-2 2337/-3
vt 0.671542 0.097466
vt 0.671542 0.097466
vt 0.671542 0.097466
f 1561/-1 2337/-2 2336/-3
vt 0.671542 0.097466
vt 0.671542 0.097466
vt 0.671542 0.097466
f 1562/-1 2336/-2 2335/-3
vt 0.671542 0.097466
vt 0.671542 0.097466
vt 0.671542 0.097466
f 1563/-1 2335/-2 2334/-3
vt 0.671542 0.097466
vt 0.671542 0.097466
vt 0.671542 0.097466
f 1564/-1 2334/-2 2333/-3
vt 0.671542 0.097466
vt 0.671542 0.097466
vt 0.671542 0.097466
f 1565/-1 2333/-2 2332/-3
vt 0.671542 0.097466
vt 0.671542 0.097466
vt 0.671542 0.097466
f 1566/-1 2332/-2 2331/-3
vt 0.671542 0.097466
vt 0.671542 0.097466
vt 0.671542 0.097466
f 1567/-1 2331/-2 2330/-3
vt 0.671542 0.097466
vt 0.671542 0.097466
vt 0.671542 0.097466
f 1568/-1 2330/-2 2329/-3
vt 0.671542 0.097466
vt 0.671542 0.097466
vt 0.671542 0.097466
f 1569/-1 2329/-2 2328/-3
vt 0.671542 0.097466
vt 0.671542 0.097466
vt 0.671542 0.097466
f 1570/-1 2328/-2 2327/-3
vt 0.671542 0.097466
vt 0.671542 0.097466
vt 0.671542 0.097466
f 1571/-1 2327/-2 2326/-3
vt 0.671542 0.097466
vt 0.671542 0.097466
vt 0.671542 0.097466
f 1572/-1 2326/-2 2325/-3
vt 0.671542 0.097466
vt 0.671542 0.097466
vt 0.671542 0.097466
f 1536/-1 2325/-2 2324/-3
vt 0.671542 0.097466
vt 0.671542 0.097466
vt 0.671542 0.097466
f 1537/-1 2324/-2 2323/-3
vt 0.671542 0.097466
vt 0.671542 0.097466
vt 0.671542 0.097466
f 1538/-1 2323/-2 2322/-3
vt 0.671542 0.097466
vt 0.671542 0.097466
vt 0.671542 0.097466
f 1539/-1 2322/-2 2321/-3
vt 0.896082 0.152141
vt 0.671542 0.097466
vt 0.839947 0.102220
f 2301/-1 2316/-2 1558/-3
vt 0.671542 0.097466
vt 0.671542 0.097466
vt 0.561351 0.083202
f 1517/-1 1555/-2 2293/-3
vt 0.671542 0.097466
vt 0.561351 0.083202
vt 0.671542 0.097466
f 1580/-1 1517/-2 2294/-3
vt 0.671542 0.097466
vt 0.671542 0.097466
vt 0.671542 0.097466
f 1555/-1 1554/-2 2292/-3
vt 0.671542 0.097466
vt 0.671542 0.097466
vt 0.671542 0.097466
f 1581/-1 1580/-2 2306/-3
vt 0.671542 0.097466
vt 0.671542 0.097466
vt 0.671542 0.097466
f 2295/-1 1548/-2 1547/-3
vt 0.671542 0.097466
vt 0.671542 0.097466
vt 0.671542 0.097466
f 2313/-1 2314/-2 2296/-3
vt 0.671542 0.097466
vt 0.671542 0.097466
vt 0.671542 0.097466
f 2295/-1 1547/-2 2313/-3
vt 0.671542 0.097466
vt 0.671542 0.097466
vt 0.671542 0.097466
f 1549/-1 1548/-2 2312/-3
vt 0.671542 0.097466
vt 0.671542 0.097466
vt 0.671542 0.097466
f 1550/-1 1549/-2 2311/-3
vt 0.671542 0.097466
vt 0.671542 0.097466
vt 0.671542 0.097466
f 1551/-1 1550/-2 2310/-3
vt 0.671542 0.097466
vt 0.671542 0.097466
vt 0.671542 0.097466
f 1552/-1 1551/-2 2309/-3
vt 0.671542 0.097466
vt 0.671542 0.097466
vt 0.671542 0.097466
f 1553/-1 1552/-2 2308/-3
vt 0.671542 0.097466
vt 0.671542 0.097466
vt 0.671542 0.097466
f 1554/-1 1553/-2 2307/-3
vt 0.671542 0.097466
vt 0.671542 0.097466
vt 0.671542 0.097466
f 1582/-1 1581/-2 2305/-3
vt 0.671542 0.097466
vt 0.671542 0.097466
vt 0.671542 0.097466
f 1583/-1 1582/-2 2304/-3
vt 0.671542 0.097466
vt 0.671542 0.097466
vt 0.671542 0.097466
f 1584/-1 1583/-2 2303/-3
vt 0.671542 0.097466
vt 0.671542 0.097466
vt 0.671542 0.097466
f 1556/-1 1584/-2 2302/-3
vt 0.839947 0.102220
vt 0.671542 0.097466
vt 0.671542 0.097466
f 1557/-1 1556/-2 2301/-3
vt 0.671542 0.097466
vt 0.671542 0.097466
vt 0.671542 0.097466
f 1547/-1 1546/-2 2313/-3
vt 0.671542 0.097466
vt 0.896082 0.152141
vt 0.671542 0.097466
f 1559/-1 1558/-2 2339/-3
vt 0.671542 0.097466
vt 0.671542 0.097466
vt 0.671542 0.097466
f 1541/-1 1540/-2 2320/-3
vt 0.671542 0.097466
vt 0.671542 0.097466
vt 0.671542 0.097466
f 1542/-1 1541/-2 2344/-3
vt 0.671542 0.097466
vt 0.671542 0.097466
vt 0.671542 0.097466
f 1543/-1 1542/-2 2343/-3
vt 0.671542 0.097466
vt 0.671542 0.097466
vt 0.671542 0.097466
f 1544/-1 1543/-2 2342/-3
vt 0.671542 0.097466
vt 0.671542 0.097466
vt 0.671542 0.097466
f 1545/-1 1544/-2 2341/-3
vt 0.671542 0.097466
vt 0.671542 0.097466
vt 0.671542 0.097466
f 1546/-1 1545/-2 2340/-3
vt 0.671542 0.097466
vt 0.671542 0.097466
vt 0.671542 0.097466
f 1560/-1 1559/-2 2338/-3
vt 0.671542 0.097466
vt 0.671542 0.097466
vt 0.671542 0.097466
f 1561/-1 1560/-2 2337/-3
vt 0.671542 0.097466
vt 0.671542 0.097466
vt 0.671542 0.097466
f 1562/-1 1561/-2 2336/-3
vt 0.671542 0.097466
vt 0.671542 0.097466
vt 0.671542 0.097466
f 1563/-1 1562/-2 2335/-3
vt 0.671542 0.097466
vt 0.671542 0.097466
vt 0.671542 0.097466
f 1564/-1 1563/-2 2334/-3
vt 0.671542 0.097466
vt 0.671542 0.097466
vt 0.671542 0.097466
f 1565/-1 1564/-2 2333/-3
vt 0.671542 0.097466
vt 0.671542 0.097466
vt 0.671542 0.097466
f 1566/-1 1565/-2 2332/-3
vt 0.671542 0.097466
vt 0.671542 0.097466
vt 0.671542 0.097466
f 1567/-1 1566/-2 2331/-3
vt 0.671542 0.097466
vt 0.671542 0.097466
vt 0.671542 0.097466
f 1568/-1 1567/-2 2330/-3
vt 0.671542 0.097466
vt 0.671542 0.097466
vt 0.671542 0.097466
f 1569/-1 1568/-2 2329/-3
vt 0.671542 0.097466
vt 0.671542 0.097466
vt 0.671542 0.097466
f 1570/-1 1569/-2 2328/-3
vt 0.671542 0.097466
vt 0.671542 0.097466
vt 0.671542 0.097466
f 1571/-1 1570/-2 2327/-3
vt 0.671542 0.097466
vt 0.671542 0.097466
vt 0.671542 0.097466
f 1572/-1 1571/-2 2326/-3
vt 0.671542 0.097466
vt 0.671542 0.097466
vt 0.671542 0.097466
f 1536/-1 1572/-2 2325/-3
vt 0.671542 0.097466
vt 0.671542 0.097466
vt 0.671542 0.097466
f 1537/-1 1536/-2 2324/-3
vt 0.671542 0.097466
vt 0.671542 0.097466
vt 0.671542 0.097466
f 1538/-1 1537/-2 2323/-3
vt 0.671542 0.097466
vt 0.671542 0.097466
vt 0.671542 0.097466
f 1539/-1 1538/-2 2322/-3
vt 0.671542 0.097466
vt 0.671542 0.097466
vt 0.671542 0.097466
f 1540/-1 1539/-2 2321/-3
vt 0.896082 0.152141
vt 0.839947 0.102220
vt 0.923422 0.129311
f 1557/-1 2301/-2 1558/-3
vt 0.626422 0.251342
vt 0.599244 0.227167
vt 0.577395 0.251342
f 1468/-1 1459/-2 1478/-3
vt 0.646999 0.367094
vt 0.577395 0.341310
vt 0.650715 0.387764
f 1510/-1 1467/-2 1508/-3
vt 0.620585 0.337862
vt 0.626422 0.341316
vt 0.626422 0.251342
f 1478/-1 1461/-2 1462/-3
vt 0.577395 0.251342
vt 0.577395 0.341310
vt 0.583219 0.337862
f 1466/-1 1467/-2 1468/-3
vt 0.611425 0.334789
vt 0.620585 0.337862
vt 0.626422 0.251342
f 1478/-1 1462/-2 1463/-3
vt 0.577395 0.251342
vt 0.583219 0.337862
vt 0.592379 0.334789
f 1465/-1 1466/-2 1468/-3
vt 0.601902 0.333752
vt 0.611425 0.334789
vt 0.626422 0.251342
f 1478/-1 1463/-2 1464/-3
vt 0.577395 0.251342
vt 0.592379 0.334789
vt 0.601902 0.333752
f 1464/-1 1465/-2 1468/-3
vt 0.580326 0.239255
vt 0.578138 0.245085
vt 0.577395 0.251342
f 1468/-1 1469/-2 1470/-3
vt 0.588326 0.230406
vt 0.583791 0.234248
vt 0.580326 0.239255
f 1470/-1 1471/-2 1472/-3
vt 0.580326 0.239255
vt 0.593595 0.227991
vt 0.588326 0.230406
f 1472/-1 1460/-2 1470/-3
vt 0.626422 0.251342
vt 0.604573 0.227167
vt 0.599244 0.227167
f 1459/-1 1458/-2 1478/-3
vt 0.620026 0.234248
vt 0.615495 0.230406
vt 0.610226 0.227991
f 1473/-1 1474/-2 1475/-3
vt 0.625680 0.245085
vt 0.623495 0.239255
vt 0.620026 0.234248
f 1475/-1 1476/-2 1477/-3
vt 0.604573 0.227167
vt 0.626422 0.251342
vt 0.625680 0.245085
f 1477/-1 1478/-2 1458/-3
vt 0.626422 0.251342
vt 0.577395 0.251342
vt 0.601902 0.333752
f 1464/-1 1468/-2 1478/-3
vt 0.599244 0.227167
vt 0.593595 0.227991
vt 0.580326 0.239255
f 1470/-1 1460/-2 1459/-3
vt 0.620026 0.234248
vt 0.610226 0.227991
vt 0.604573 0.227167
f 1458/-1 1473/-2 1475/-3
vt 0.604573 0.227167
vt 0.625680 0.245085
vt 0.620026 0.234248
f 1475/-1 1477/-2 1458/-3
vt 0.599244 0.227167
vt 0.580326 0.239255
vt 0.577395 0.251342
f 1468/-1 1470/-2 1459/-3
vt 0.620585 0.337862
vt 0.620585 0.337862
vt 0.611425 0.334789
f 1463/-1 1462/-2 1480/-3
vt 0.577395 0.341310
vt 0.601902 0.333752
vt 0.592379 0.334789
f 1465/-1 1464/-2 1467/-3
vt 0.592379 0.334789
vt 0.583219 0.337862
vt 0.577395 0.341310
f 1467/-1 1466/-2 1465/-3
vt 0.577395 0.341310
vt 0.574784 0.342854
vt 0.567386 0.349571
f 1505/-1 1482/-2 1467/-3
vt 0.577395 0.341310
vt 0.561324 0.357756
vt 0.556805 0.367094
f 1503/-1 1504/-2 1467/-3
vt 0.577395 0.341310
vt 0.554032 0.377227
vt 0.553093 0.387764
f 1501/-1 1502/-2 1467/-3
vt 0.577395 0.341310
vt 0.554032 0.398301
vt 0.556805 0.408433
f 1499/-1 1500/-2 1467/-3
vt 0.577395 0.341310
vt 0.561324 0.417772
vt 0.567386 0.425956
f 1497/-1 1498/-2 1467/-3
vt 0.577395 0.341310
vt 0.574784 0.432674
vt 0.583219 0.437665
f 1495/-1 1496/-2 1467/-3
vt 0.577395 0.341310
vt 0.592379 0.440738
vt 0.601902 0.441777
f 1493/-1 1494/-2 1467/-3
vt 0.577395 0.341310
vt 0.611425 0.440738
vt 0.620585 0.437665
f 1491/-1 1492/-2 1467/-3
vt 0.642485 0.417772
vt 0.629020 0.432674
vt 0.636423 0.425956
f 1489/-1 1490/-2 1488/-3
vt 0.577395 0.341310
vt 0.642485 0.417772
vt 0.646999 0.408433
f 1487/-1 1488/-2 1467/-3
vt 0.646999 0.408433
vt 0.649781 0.398301
vt 0.650715 0.387764
f 1510/-1 1486/-2 1487/-3
vt 0.650715 0.387764
vt 0.649781 0.377227
vt 0.646999 0.367094
f 1508/-1 1509/-2 1510/-3
vt 0.577395 0.341310
vt 0.642485 0.357756
vt 0.636423 0.349572
f 1506/-1 1507/-2 1467/-3
vt 0.577395 0.341310
vt 0.629020 0.342854
vt 0.620585 0.337862
f 1480/-1 1479/-2 1467/-3
vt 0.577395 0.341310
vt 0.611425 0.334789
vt 0.601902 0.333752
f 1464/-1 1463/-2 1467/-3
vt 0.561324 0.357756
vt 0.577395 0.341310
vt 0.567386 0.349571
f 1505/-1 1467/-2 1504/-3
vt 0.577395 0.341310
vt 0.556805 0.367094
vt 0.554032 0.377227
f 1502/-1 1503/-2 1467/-3
vt 0.577395 0.341310
vt 0.556805 0.408433
vt 0.561324 0.417772
f 1498/-1 1499/-2 1467/-3
vt 0.577395 0.341310
vt 0.583219 0.437665
vt 0.592379 0.440738
f 1494/-1 1495/-2 1467/-3
vt 0.577395 0.341310
vt 0.620585 0.437665
vt 0.629020 0.432674
f 1490/-1 1491/-2 1467/-3
vt 0.577395 0.341310
vt 0.646999 0.408433
vt 0.650715 0.387764
f 1510/-1 1487/-2 1467/-3
vt 0.577395 0.341310
vt 0.646999 0.367094
vt 0.642485 0.357756
f 1507/-1 1508/-2 1467/-3
vt 0.577395 0.341310
vt 0.620585 0.337862
vt 0.611425 0.334789
f 1463/-1 1480/-2 1467/-3
vt 0.554032 0.398301
vt 0.577395 0.341310
vt 0.553093 0.387764
f 1501/-1 1467/-2 1500/-3
vt 0.577395 0.341310
vt 0.567386 0.425956
vt 0.574784 0.432674
f 1496/-1 1497/-2 1467/-3
vt 0.577395 0.341310
vt 0.629020 0.432674
vt 0.642485 0.417772
f 1488/-1 1490/-2 1467/-3
vt 0.577395 0.341310
vt 0.636423 0.349572
vt 0.629020 0.342854
f 1479/-1 1506/-2 1467/-3
vt 0.611425 0.440738
vt 0.577395 0.341310
vt 0.601902 0.441777
f 1493/-1 1467/-2 1492/-3
vt 0.738539 0.417484
vt 0.736940 0.423735
vt 0.738539 0.423735
f 777/-1 778/-2 779/-3
vt 0.739079 0.410982
vt 0.738539 0.417484
vt 0.740248 0.417484
f 776/-1 779/-2 785/-3
vt 0.738539 0.417484
vt 0.735795 0.417484
vt 0.734353 0.423735
f 782/-1 786/-2 779/-3
vt 0.736940 0.423735
vt 0.734353 0.429496
vt 0.735795 0.429496
f 783/-1 780/-2 778/-3
vt 0.734353 0.429496
vt 0.736940 0.423735
vt 0.734353 0.423735
f 782/-1 778/-2 780/-3
vt 0.730864 0.434546
vt 0.734353 0.429496
vt 0.728881 0.434546
f 788/-1 780/-2 787/-3
vt 0.740820 0.410982
vt 0.740248 0.404481
vt 0.738539 0.404481
f 796/-1 790/-2 781/-3
vt 0.735795 0.417484
vt 0.738539 0.417484
vt 0.739079 0.410982
f 785/-1 779/-2 786/-3
vt 0.734353 0.423735
vt 0.735795 0.417484
vt 0.732095 0.417484
f 798/-1 786/-2 782/-3
vt 0.732024 0.429496
vt 0.734353 0.423735
vt 0.730864 0.423735
f 791/-1 782/-2 784/-3
vt 0.728881 0.434546
vt 0.732024 0.429496
vt 0.728881 0.429496
f 792/-1 784/-2 788/-3
vt 0.730864 0.434546
vt 0.726615 0.438790
vt 0.727579 0.438689
f 799/-1 793/-2 787/-3
vt 0.730864 0.434546
vt 0.728881 0.434546
vt 0.725055 0.438689
f 794/-1 788/-2 787/-3
vt 0.722962 0.438689
vt 0.725055 0.438689
vt 0.728881 0.434546
f 788/-1 794/-2 800/-3
vt 0.738539 0.398229
vt 0.736940 0.398229
vt 0.738539 0.404481
f 796/-1 809/-2 801/-3
vt 0.735795 0.404481
vt 0.736273 0.410982
vt 0.739079 0.410982
f 785/-1 797/-2 810/-3
vt 0.727579 0.417484
vt 0.726615 0.423735
vt 0.730864 0.423735
f 791/-1 802/-2 812/-3
vt 0.730864 0.423735
vt 0.726615 0.423735
vt 0.725055 0.429496
f 803/-1 802/-2 791/-3
vt 0.721755 0.441770
vt 0.725055 0.438689
vt 0.722962 0.438689
f 800/-1 794/-2 807/-3
vt 0.732095 0.417484
vt 0.735795 0.417484
vt 0.736273 0.410982
f 797/-1 786/-2 798/-3
vt 0.722962 0.434546
vt 0.726207 0.434546
vt 0.728881 0.429496
f 792/-1 795/-2 804/-3
vt 0.720398 0.438689
vt 0.722962 0.438689
vt 0.726207 0.434546
f 795/-1 800/-2 808/-3
vt 0.715953 0.443665
vt 0.720618 0.441803
vt 0.719246 0.441770
f 806/-1 805/-2 820/-3
vt 0.722962 0.438689
vt 0.720398 0.438689
vt 0.717482 0.441770
f 814/-1 808/-2 800/-3
vt 0.735795 0.392468
vt 0.734353 0.392468
vt 0.736940 0.398229
f 809/-1 823/-2 815/-3
vt 0.734353 0.398229
vt 0.735795 0.404481
vt 0.738539 0.404481
f 796/-1 810/-2 824/-3
vt 0.732095 0.404481
vt 0.732510 0.410982
vt 0.736273 0.410982
f 797/-1 811/-2 825/-3
vt 0.732510 0.410982
vt 0.727893 0.410982
vt 0.727579 0.417484
f 812/-1 826/-2 811/-3
vt 0.722429 0.417484
vt 0.721755 0.423735
vt 0.726615 0.423735
f 802/-1 816/-2 827/-3
vt 0.726615 0.423735
vt 0.721755 0.423735
vt 0.720696 0.429496
f 817/-1 816/-2 802/-3
vt 0.720696 0.429496
vt 0.719246 0.434546
vt 0.722962 0.434546
f 804/-1 818/-2 817/-3
vt 0.719246 0.434546
vt 0.717482 0.438689
vt 0.720398 0.438689
f 808/-1 819/-2 818/-3
vt 0.717482 0.441770
vt 0.714315 0.443665
vt 0.715209 0.443665
f 813/-1 821/-2 814/-3
vt 0.717482 0.438689
vt 0.715475 0.441770
vt 0.717482 0.441770
f 814/-1 822/-2 819/-3
vt 0.714315 0.443665
vt 0.713288 0.441770
vt 0.709862 0.443665
f 828/-1 831/-2 821/-3
vt 0.734353 0.392468
vt 0.730864 0.387417
vt 0.732024 0.392468
f 832/-1 834/-2 823/-3
vt 0.732024 0.392468
vt 0.734353 0.398229
vt 0.736940 0.398229
f 809/-1 824/-2 832/-3
vt 0.734353 0.398229
vt 0.730864 0.398229
vt 0.732095 0.404481
f 825/-1 847/-2 824/-3
vt 0.727579 0.404481
vt 0.727893 0.410982
vt 0.732510 0.410982
f 811/-1 826/-2 848/-3
vt 0.727893 0.410982
vt 0.722656 0.410982
vt 0.722429 0.417484
f 827/-1 849/-2 826/-3
vt 0.716847 0.417484
vt 0.716502 0.423735
vt 0.721755 0.423735
f 816/-1 836/-2 850/-3
vt 0.721755 0.423735
vt 0.716502 0.423735
vt 0.715953 0.429496
f 837/-1 836/-2 816/-3
vt 0.715953 0.429496
vt 0.715209 0.434546
vt 0.719246 0.434546
f 818/-1 838/-2 837/-3
vt 0.715209 0.434546
vt 0.714315 0.438689
vt 0.717482 0.438689
f 819/-1 839/-2 838/-3
vt 0.714315 0.438689
vt 0.713288 0.441770
vt 0.715475 0.441770
f 822/-1 831/-2 839/-3
vt 0.708757 0.441770
vt 0.706577 0.441770
vt 0.707730 0.443665
f 840/-1 842/-2 829/-3
vt 0.707730 0.438689
vt 0.708757 0.441770
vt 0.711022 0.441770
f 830/-1 829/-2 853/-3
vt 0.714315 0.438689
vt 0.711022 0.438689
vt 0.711022 0.441770
f 830/-1 843/-2 839/-3
vt 0.728881 0.387417
vt 0.726207 0.387417
vt 0.728881 0.392468
f 844/-1 854/-2 833/-3
vt 0.725055 0.383274
vt 0.728881 0.387417
vt 0.730864 0.387417
f 834/-1 833/-2 855/-3
vt 0.726584 0.382897
vt 0.730864 0.387417
vt 0.732095 0.387417
f 835/-1 834/-2 845/-3
vt 0.702807 0.441770
vt 0.706844 0.443665
vt 0.707730 0.443665
f 840/-1 851/-2 859/-3
vt 0.701654 0.438689
vt 0.704563 0.441770
vt 0.706577 0.441770
f 842/-1 841/-2 860/-3
vt 0.707730 0.438689
vt 0.704563 0.438689
vt 0.706577 0.441770
f 842/-1 852/-2 853/-3
vt 0.732024 0.392468
vt 0.728881 0.392468
vt 0.730864 0.398229
f 847/-1 844/-2 832/-3
vt 0.730864 0.398229
vt 0.726615 0.398229
vt 0.727579 0.404481
f 848/-1 862/-2 847/-3
vt 0.722429 0.404481
vt 0.722656 0.410982
vt 0.727893 0.410982
f 826/-1 849/-2 868/-3
vt 0.722656 0.410982
vt 0.716949 0.410982
vt 0.716847 0.417484
f 850/-1 869/-2 849/-3
vt 0.711022 0.417484
vt 0.711022 0.423735
vt 0.716502 0.423735
f 836/-1 856/-2 870/-3
vt 0.711022 0.423735
vt 0.711022 0.429496
vt 0.715953 0.429496
f 837/-1 857/-2 856/-3
vt 0.711022 0.429496
vt 0.711022 0.434546
vt 0.715209 0.434546
f 838/-1 858/-2 857/-3
vt 0.715209 0.434546
vt 0.711022 0.434546
vt 0.711022 0.438689
f 843/-1 858/-2 838/-3
vt 0.706844 0.434546
vt 0.707730 0.438689
vt 0.711022 0.438689
f 843/-1 853/-2 873/-3
vt 0.722962 0.383274
vt 0.726207 0.387417
vt 0.728881 0.387417
f 833/-1 854/-2 863/-3
vt 0.722962 0.387417
vt 0.725055 0.392468
vt 0.728881 0.392468
f 844/-1 861/-2 874/-3
vt 0.725055 0.392468
vt 0.726615 0.398229
vt 0.730864 0.398229
f 847/-1 862/-2 861/-3
vt 0.721755 0.380194
vt 0.717482 0.380194
vt 0.722962 0.383274
f 863/-1 865/-2 867/-3
vt 0.699098 0.438689
vt 0.702807 0.441770
vt 0.704563 0.441770
f 841/-1 859/-2 879/-3
vt 0.701121 0.441745
vt 0.706099 0.443665
vt 0.706844 0.443665
f 851/-1 871/-2 880/-3
vt 0.702807 0.434546
vt 0.699098 0.434546
vt 0.701654 0.438689
f 860/-1 881/-2 872/-3
vt 0.702807 0.434546
vt 0.704563 0.438689
vt 0.707730 0.438689
f 853/-1 852/-2 872/-3
vt 0.726207 0.387417
vt 0.722962 0.383274
vt 0.720398 0.383274
f 864/-1 863/-2 854/-3
vt 0.715475 0.380194
vt 0.717482 0.383274
vt 0.720398 0.383274
f 864/-1 875/-2 885/-3
vt 0.715953 0.378298
vt 0.714315 0.378298
vt 0.717482 0.380194
f 865/-1 876/-2 886/-3
vt 0.726615 0.398229
vt 0.721755 0.398229
vt 0.722429 0.404481
f 868/-1 883/-2 862/-3
vt 0.716847 0.404481
vt 0.716949 0.410982
vt 0.722656 0.410982
f 849/-1 869/-2 889/-3
vt 0.716949 0.410982
vt 0.711022 0.410982
vt 0.711022 0.417484
f 870/-1 890/-2 869/-3
vt 0.711022 0.417484
vt 0.705213 0.417484
vt 0.705558 0.423735
f 877/-1 891/-2 870/-3
vt 0.705558 0.423735
vt 0.706099 0.429496
vt 0.711022 0.429496
f 857/-1 878/-2 877/-3
vt 0.711022 0.429496
vt 0.706099 0.429496
vt 0.706844 0.434546
f 873/-1 878/-2 857/-3
vt 0.719246 0.387417
vt 0.720696 0.392468
vt 0.725055 0.392468
f 861/-1 882/-2 884/-3
vt 0.720696 0.392468
vt 0.721755 0.398229
vt 0.726615 0.398229
f 862/-1 883/-2 882/-3
vt 0.720398 0.383274
vt 0.717482 0.383274
vt 0.719246 0.387417
f 884/-1 875/-2 864/-3
vt 0.715475 0.380194
vt 0.714315 0.378298
vt 0.713288 0.380194
f 887/-1 876/-2 885/-3
vt 0.699098 0.434546
vt 0.695837 0.434546
vt 0.699098 0.438689
f 879/-1 904/-2 881/-3
vt 0.702807 0.441770
vt 0.699098 0.438689
vt 0.700290 0.441770
f 892/-1 879/-2 859/-3
vt 0.696997 0.429496
vt 0.699098 0.434546
vt 0.702807 0.434546
f 872/-1 881/-2 906/-3
vt 0.706099 0.429496
vt 0.701364 0.429496
vt 0.702807 0.434546
f 872/-1 895/-2 878/-3
vt 0.715475 0.380194
vt 0.713288 0.380194
vt 0.714315 0.383274
f 896/-1 887/-2 885/-3
vt 0.717482 0.383274
vt 0.714315 0.383274
vt 0.715209 0.387417
f 897/-1 896/-2 875/-3
vt 0.708757 0.380194
vt 0.712183 0.378298
vt 0.707730 0.378298
f 900/-1 888/-2 902/-3
vt 0.721755 0.398229
vt 0.716502 0.398229
vt 0.716847 0.404481
f 889/-1 908/-2 883/-3
vt 0.711022 0.404481
vt 0.711022 0.410982
vt 0.716949 0.410982
f 869/-1 890/-2 914/-3
vt 0.705103 0.410982
vt 0.705213 0.417484
vt 0.711022 0.417484
f 870/-1 891/-2 915/-3
vt 0.705213 0.417484
vt 0.699624 0.417484
vt 0.700290 0.423735
f 903/-1 916/-2 891/-3
vt 0.700290 0.423735
vt 0.701364 0.429496
vt 0.706099 0.429496
f 878/-1 895/-2 903/-3
vt 0.691181 0.434546
vt 0.695704 0.438745
vt 0.696997 0.438689
f 894/-1 893/-2 917/-3
vt 0.693172 0.434546
vt 0.696997 0.438689
vt 0.699098 0.438689
f 879/-1 894/-2 905/-3
vt 0.719246 0.387417
vt 0.715209 0.387417
vt 0.715953 0.392468
f 907/-1 897/-2 884/-3
vt 0.715953 0.392468
vt 0.716502 0.398229
vt 0.721755 0.398229
f 883/-1 908/-2 907/-3
vt 0.713288 0.380194
vt 0.711022 0.380194
vt 0.711022 0.383274
f 909/-1 901/-2 887/-3
vt 0.704563 0.383274
vt 0.707730 0.383274
vt 0.708757 0.380194
f 902/-1 913/-2 910/-3
vt 0.701654 0.383274
vt 0.704563 0.383274
vt 0.706577 0.380194
f 898/-1 910/-2 911/-3
vt 0.702023 0.379657
vt 0.704563 0.380194
vt 0.707730 0.378298
f 900/-1 899/-2 923/-3
vt 0.711022 0.383274
vt 0.711022 0.380194
vt 0.708757 0.380194
f 902/-1 901/-2 909/-3
vt 0.693172 0.429496
vt 0.695837 0.434546
vt 0.699098 0.434546
f 881/-1 904/-2 925/-3
vt 0.695445 0.423735
vt 0.696997 0.429496
vt 0.701364 0.429496
f 895/-1 906/-2 924/-3
vt 0.711022 0.383274
vt 0.711022 0.387417
vt 0.715209 0.387417
f 897/-1 918/-2 909/-3
vt 0.715209 0.387417
vt 0.711022 0.387417
vt 0.711022 0.392468
f 919/-1 918/-2 897/-3
vt 0.699098 0.383274
vt 0.702023 0.379657
vt 0.700290 0.380194
f 922/-1 923/-2 920/-3
vt 0.716502 0.398229
vt 0.711022 0.398229
vt 0.711022 0.404481
f 914/-1 931/-2 908/-3
vt 0.711022 0.404481
vt 0.705213 0.404481
vt 0.705103 0.410982
f 915/-1 939/-2 914/-3
vt 0.699404 0.410982
vt 0.699624 0.417484
vt 0.705213 0.417484
f 891/-1 916/-2 940/-3
vt 0.694473 0.417484
vt 0.695445 0.423735
vt 0.700290 0.423735
f 903/-1 924/-2 941/-3
vt 0.691181 0.434546
vt 0.687692 0.429496
vt 0.689957 0.434546
f 926/-1 928/-2 917/-3
vt 0.689957 0.434546
vt 0.694473 0.438689
vt 0.695704 0.438745
f 893/-1 930/-2 926/-3
vt 0.693172 0.429496
vt 0.690028 0.429496
vt 0.693172 0.434546
f 905/-1 929/-2 925/-3
vt 0.715953 0.392468
vt 0.711022 0.392468
vt 0.711022 0.398229
f 931/-1 919/-2 907/-3
vt 0.711022 0.383274
vt 0.707730 0.383274
vt 0.706844 0.387417
f 932/-1 913/-2 909/-3
vt 0.702807 0.387417
vt 0.706844 0.387417
vt 0.707730 0.383274
f 913/-1 932/-2 933/-3
vt 0.702807 0.387417
vt 0.704563 0.383274
vt 0.701654 0.383274
f 911/-1 910/-2 933/-3
vt 0.699098 0.387417
vt 0.701654 0.383274
vt 0.699098 0.383274
f 920/-1 911/-2 934/-3
vt 0.693172 0.387417
vt 0.695187 0.382834
vt 0.689957 0.387417
f 937/-1 921/-2 936/-3
vt 0.691181 0.423735
vt 0.693172 0.429496
vt 0.696997 0.429496
f 906/-1 925/-2 949/-3
vt 0.685105 0.423735
vt 0.683506 0.423735
vt 0.686257 0.429496
f 927/-1 950/-2 942/-3
vt 0.685105 0.423735
vt 0.687692 0.429496
vt 0.690028 0.429496
f 929/-1 928/-2 942/-3
vt 0.706844 0.387417
vt 0.706099 0.392468
vt 0.711022 0.392468
f 919/-1 944/-2 932/-3
vt 0.711022 0.392468
vt 0.706099 0.392468
vt 0.705558 0.398229
f 945/-1 944/-2 919/-3
vt 0.693172 0.392468
vt 0.695837 0.387417
vt 0.693172 0.387417
f 936/-1 935/-2 953/-3
vt 0.687692 0.392468
vt 0.693172 0.387417
vt 0.689957 0.387417
f 937/-1 936/-2 947/-3
vt 0.705558 0.398229
vt 0.705213 0.404481
vt 0.711022 0.404481
f 914/-1 939/-2 945/-3
vt 0.699624 0.404481
vt 0.699404 0.410982
vt 0.705103 0.410982
f 915/-1 940/-2 956/-3
vt 0.694160 0.410982
vt 0.694473 0.417484
vt 0.699624 0.417484
f 916/-1 941/-2 957/-3
vt 0.694473 0.417484
vt 0.689957 0.417484
vt 0.691181 0.423735
f 949/-1 958/-2 941/-3
vt 0.690028 0.429496
vt 0.693172 0.429496
vt 0.691181 0.423735
f 949/-1 925/-2 929/-3
vt 0.702807 0.387417
vt 0.701364 0.392468
vt 0.706099 0.392468
f 944/-1 951/-2 933/-3
vt 0.696997 0.392468
vt 0.701364 0.392468
vt 0.702807 0.387417
f 933/-1 951/-2 952/-3
vt 0.693172 0.392468
vt 0.696997 0.392468
vt 0.699098 0.387417
f 934/-1 952/-2 953/-3
vt 0.685105 0.398229
vt 0.687692 0.398229
vt 0.690028 0.392468
f 946/-1 962/-2 954/-3
vt 0.685105 0.398229
vt 0.687692 0.392468
vt 0.686257 0.392468
f 948/-1 947/-2 954/-3
vt 0.683506 0.417484
vt 0.681805 0.417484
vt 0.683506 0.423735
f 950/-1 963/-2 959/-3
vt 0.686257 0.417484
vt 0.683506 0.417484
vt 0.685105 0.423735
f 942/-1 959/-2 960/-3
vt 0.686257 0.417484
vt 0.687692 0.423735
vt 0.691181 0.423735
f 949/-1 943/-2 960/-3
vt 0.706099 0.392468
vt 0.701364 0.392468
vt 0.700290 0.398229
f 961/-1 951/-2 944/-3
vt 0.700290 0.398229
vt 0.699624 0.404481
vt 0.705213 0.404481
f 939/-1 956/-2 961/-3
vt 0.691181 0.398229
vt 0.693172 0.392468
vt 0.690028 0.392468
f 946/-1 953/-2 965/-3
vt 0.699624 0.404481
vt 0.694473 0.404481
vt 0.694160 0.410982
f 957/-1 968/-2 956/-3
vt 0.689550 0.410982
vt 0.689957 0.417484
vt 0.694473 0.417484
f 941/-1 958/-2 969/-3
vt 0.696997 0.392468
vt 0.695445 0.398229
vt 0.700290 0.398229
f 961/-1 964/-2 952/-3
vt 0.691181 0.398229
vt 0.695445 0.398229
vt 0.696997 0.392468
f 952/-1 964/-2 965/-3
vt 0.686257 0.404481
vt 0.687692 0.398229
vt 0.685105 0.398229
f 954/-1 962/-2 972/-3
vt 0.683506 0.404481
vt 0.685105 0.398229
vt 0.683506 0.398229
f 955/-1 954/-2 966/-3
vt 0.682973 0.410982
vt 0.681232 0.410982
vt 0.681805 0.417484
f 963/-1 973/-2 970/-3
vt 0.682973 0.410982
vt 0.683506 0.417484
vt 0.686257 0.417484
f 960/-1 959/-2 970/-3
vt 0.685771 0.410982
vt 0.686257 0.417484
vt 0.689957 0.417484
f 958/-1 960/-2 971/-3
vt 0.700290 0.398229
vt 0.695445 0.398229
vt 0.694473 0.404481
f 968/-1 964/-2 961/-3
vt 0.686257 0.404481
vt 0.689957 0.404481
vt 0.691181 0.398229
f 965/-1 974/-2 972/-3
vt 0.694473 0.404481
vt 0.689957 0.404481
vt 0.689550 0.410982
f 969/-1 974/-2 968/-3
vt 0.691181 0.398229
vt 0.689957 0.404481
vt 0.694473 0.404481
f 968/-1 974/-2 965/-3
vt 0.682973 0.410982
vt 0.685771 0.410982
vt 0.686257 0.404481
f 972/-1 971/-2 970/-3
vt 0.681232 0.410982
vt 0.682973 0.410982
vt 0.683506 0.404481
f 966/-1 970/-2 973/-3
vt 0.689957 0.404481
vt 0.686257 0.404481
vt 0.685771 0.410982
f 971/-1 972/-2 974/-3
vt 0.737845 0.416505
vt 0.736245 0.422756
vt 0.737845 0.422756
f 1260/-1 1261/-2 1262/-3
vt 0.735101 0.428517
vt 0.737845 0.422756
vt 0.736245 0.422756
f 1261/-1 1260/-2 1266/-3
vt 0.738385 0.410003
vt 0.737845 0.416505
vt 0.739554 0.416505
f 1259/-1 1262/-2 1268/-3
vt 0.737845 0.416505
vt 0.735101 0.416505
vt 0.733658 0.422756
f 1265/-1 1269/-2 1262/-3
vt 0.736245 0.422756
vt 0.733658 0.422756
vt 0.731330 0.428517
f 1267/-1 1265/-2 1261/-3
vt 0.730170 0.433568
vt 0.733658 0.428517
vt 0.728187 0.433568
f 1271/-1 1263/-2 1270/-3
vt 0.737845 0.403503
vt 0.738385 0.410003
vt 0.740126 0.410003
f 1264/-1 1268/-2 1279/-3
vt 0.738385 0.410003
vt 0.735579 0.410003
vt 0.735101 0.416505
f 1269/-1 1280/-2 1268/-3
vt 0.731401 0.416505
vt 0.730170 0.422756
vt 0.733658 0.422756
f 1265/-1 1274/-2 1281/-3
vt 0.730170 0.422756
vt 0.728187 0.428517
vt 0.731330 0.428517
f 1267/-1 1275/-2 1274/-3
vt 0.726885 0.437712
vt 0.731401 0.433568
vt 0.730170 0.433568
f 1270/-1 1272/-2 1282/-3
vt 0.724361 0.437712
vt 0.725921 0.437812
vt 0.730170 0.433568
f 1270/-1 1276/-2 1277/-3
vt 0.731330 0.428517
vt 0.728187 0.428517
vt 0.725513 0.433568
f 1278/-1 1275/-2 1267/-3
vt 0.728187 0.433568
vt 0.725513 0.433568
vt 0.722267 0.437712
f 1283/-1 1278/-2 1271/-3
vt 0.737845 0.397252
vt 0.736245 0.397252
vt 0.737845 0.403503
f 1279/-1 1292/-2 1284/-3
vt 0.735101 0.403503
vt 0.735579 0.410003
vt 0.738385 0.410003
f 1268/-1 1280/-2 1293/-3
vt 0.735579 0.410003
vt 0.731816 0.410003
vt 0.731401 0.416505
f 1281/-1 1294/-2 1280/-3
vt 0.726885 0.416505
vt 0.725921 0.422756
vt 0.730170 0.422756
f 1274/-1 1285/-2 1295/-3
vt 0.730170 0.422756
vt 0.725921 0.422756
vt 0.724361 0.428517
f 1286/-1 1285/-2 1274/-3
vt 0.728187 0.428517
vt 0.724361 0.428517
vt 0.722267 0.433568
f 1287/-1 1286/-2 1275/-3
vt 0.721060 0.440791
vt 0.724361 0.437712
vt 0.722267 0.437712
f 1283/-1 1277/-2 1290/-3
vt 0.722267 0.433568
vt 0.719704 0.437712
vt 0.722267 0.437712
f 1283/-1 1291/-2 1287/-3
vt 0.715259 0.442688
vt 0.719924 0.440826
vt 0.718552 0.440791
f 1289/-1 1288/-2 1303/-3
vt 0.719704 0.437712
vt 0.716788 0.440791
vt 0.718552 0.440791
f 1289/-1 1297/-2 1291/-3
vt 0.735101 0.391490
vt 0.733658 0.391490
vt 0.736245 0.397252
f 1292/-1 1306/-2 1298/-3
vt 0.736245 0.397252
vt 0.733658 0.397252
vt 0.735101 0.403503
f 1293/-1 1307/-2 1292/-3
vt 0.731401 0.403503
vt 0.731816 0.410003
vt 0.735579 0.410003
f 1280/-1 1294/-2 1308/-3
vt 0.731816 0.410003
vt 0.727199 0.410003
vt 0.726885 0.416505
f 1295/-1 1309/-2 1294/-3
vt 0.721735 0.416505
vt 0.721060 0.422756
vt 0.725921 0.422756
f 1285/-1 1299/-2 1310/-3
vt 0.725921 0.422756
vt 0.721060 0.422756
vt 0.720002 0.428517
f 1300/-1 1299/-2 1285/-3
vt 0.724361 0.428517
vt 0.720002 0.428517
vt 0.718552 0.433568
f 1301/-1 1300/-2 1286/-3
vt 0.718552 0.433568
vt 0.716788 0.437712
vt 0.719704 0.437712
f 1291/-1 1302/-2 1301/-3
vt 0.716788 0.440791
vt 0.713621 0.442688
vt 0.714514 0.442688
f 1296/-1 1304/-2 1297/-3
vt 0.719704 0.437712
vt 0.716788 0.437712
vt 0.714781 0.440791
f 1305/-1 1302/-2 1291/-3
vt 0.713621 0.442688
vt 0.712594 0.440791
vt 0.709168 0.442688
f 1311/-1 1314/-2 1304/-3
vt 0.733658 0.391490
vt 0.730170 0.386441
vt 0.731330 0.391490
f 1315/-1 1317/-2 1306/-3
vt 0.731330 0.391490
vt 0.733658 0.397252
vt 0.736245 0.397252
f 1292/-1 1307/-2 1315/-3
vt 0.733658 0.397252
vt 0.730170 0.397252
vt 0.731401 0.403503
f 1308/-1 1330/-2 1307/-3
vt 0.731401 0.403503
vt 0.726885 0.403503
vt 0.727199 0.410003
f 1309/-1 1331/-2 1308/-3
vt 0.727199 0.410003
vt 0.721962 0.410003
vt 0.721735 0.416505
f 1310/-1 1332/-2 1309/-3
vt 0.716153 0.416505
vt 0.715808 0.422756
vt 0.721060 0.422756
f 1299/-1 1319/-2 1333/-3
vt 0.721060 0.422756
vt 0.715808 0.422756
vt 0.715259 0.428517
f 1320/-1 1319/-2 1299/-3
vt 0.715259 0.428517
vt 0.714514 0.433568
vt 0.718552 0.433568
f 1301/-1 1321/-2 1320/-3
vt 0.714514 0.433568
vt 0.713621 0.437712
vt 0.716788 0.437712
f 1302/-1 1322/-2 1321/-3
vt 0.713621 0.437712
vt 0.712594 0.440791
vt 0.714781 0.440791
f 1305/-1 1314/-2 1322/-3
vt 0.708063 0.440791
vt 0.705883 0.440791
vt 0.707036 0.442688
f 1323/-1 1325/-2 1312/-3
vt 0.707036 0.437712
vt 0.708063 0.440791
vt 0.710328 0.440791
f 1313/-1 1312/-2 1336/-3
vt 0.713621 0.437712
vt 0.710328 0.437712
vt 0.710328 0.440791
f 1313/-1 1326/-2 1322/-3
vt 0.728187 0.386441
vt 0.725513 0.386441
vt 0.728187 0.391490
f 1327/-1 1337/-2 1316/-3
vt 0.724361 0.382296
vt 0.728187 0.386441
vt 0.730170 0.386441
f 1317/-1 1316/-2 1338/-3
vt 0.725889 0.381918
vt 0.730170 0.386441
vt 0.731401 0.386441
f 1318/-1 1317/-2 1328/-3
vt 0.702112 0.440791
vt 0.706150 0.442688
vt 0.707036 0.442688
f 1323/-1 1334/-2 1342/-3
vt 0.700960 0.437712
vt 0.703868 0.440791
vt 0.705883 0.440791
f 1325/-1 1324/-2 1343/-3
vt 0.703868 0.437712
vt 0.705883 0.440791
vt 0.708063 0.440791
f 1312/-1 1325/-2 1335/-3
vt 0.731330 0.391490
vt 0.728187 0.391490
vt 0.730170 0.397252
f 1330/-1 1327/-2 1315/-3
vt 0.730170 0.397252
vt 0.725921 0.397252
vt 0.726885 0.403503
f 1331/-1 1345/-2 1330/-3
vt 0.721735 0.403503
vt 0.721962 0.410003
vt 0.727199 0.410003
f 1309/-1 1332/-2 1351/-3
vt 0.721962 0.410003
vt 0.716255 0.410003
vt 0.716153 0.416505
f 1333/-1 1352/-2 1332/-3
vt 0.710328 0.416505
vt 0.710328 0.422756
vt 0.715808 0.422756
f 1319/-1 1339/-2 1353/-3
vt 0.715808 0.422756
vt 0.710328 0.422756
vt 0.710328 0.428517
f 1340/-1 1339/-2 1319/-3
vt 0.710328 0.428517
vt 0.710328 0.433568
vt 0.714514 0.433568
f 1321/-1 1341/-2 1340/-3
vt 0.714514 0.433568
vt 0.710328 0.433568
vt 0.710328 0.437712
f 1326/-1 1341/-2 1321/-3
vt 0.706150 0.433568
vt 0.707036 0.437712
vt 0.710328 0.437712
f 1326/-1 1336/-2 1356/-3
vt 0.722267 0.382296
vt 0.725513 0.386441
vt 0.728187 0.386441
f 1316/-1 1337/-2 1346/-3
vt 0.722267 0.386441
vt 0.724361 0.391490
vt 0.728187 0.391490
f 1327/-1 1344/-2 1357/-3
vt 0.724361 0.391490
vt 0.725921 0.397252
vt 0.730170 0.397252
f 1330/-1 1345/-2 1344/-3
vt 0.721060 0.379217
vt 0.716788 0.379217
vt 0.722267 0.382296
f 1346/-1 1348/-2 1350/-3
vt 0.698404 0.437712
vt 0.702112 0.440791
vt 0.703868 0.440791
f 1324/-1 1342/-2 1362/-3
vt 0.700427 0.440768
vt 0.705405 0.442688
vt 0.706150 0.442688
f 1334/-1 1354/-2 1363/-3
vt 0.698404 0.433568
vt 0.700960 0.437712
vt 0.703868 0.437712
f 1335/-1 1343/-2 1364/-3
vt 0.702112 0.433568
vt 0.703868 0.437712
vt 0.707036 0.437712
f 1336/-1 1335/-2 1355/-3
vt 0.722267 0.386441
vt 0.725513 0.386441
vt 0.722267 0.382296
f 1346/-1 1337/-2 1357/-3
vt 0.714781 0.379217
vt 0.716788 0.382296
vt 0.719704 0.382296
f 1347/-1 1358/-2 1368/-3
vt 0.715259 0.377320
vt 0.713621 0.377320
vt 0.716788 0.379217
f 1348/-1 1359/-2 1369/-3
vt 0.725921 0.397252
vt 0.721060 0.397252
vt 0.721735 0.403503
f 1351/-1 1366/-2 1345/-3
vt 0.716153 0.403503
vt 0.716255 0.410003
vt 0.721962 0.410003
f 1332/-1 1352/-2 1372/-3
vt 0.716255 0.410003
vt 0.710328 0.410003
vt 0.710328 0.416505
f 1353/-1 1373/-2 1352/-3
vt 0.710328 0.416505
vt 0.704519 0.416505
vt 0.704864 0.422756
f 1360/-1 1374/-2 1353/-3
vt 0.704864 0.422756
vt 0.705405 0.428517
vt 0.710328 0.428517
f 1340/-1 1361/-2 1360/-3
vt 0.710328 0.428517
vt 0.705405 0.428517
vt 0.706150 0.433568
f 1356/-1 1361/-2 1340/-3
vt 0.718552 0.386441
vt 0.720002 0.391490
vt 0.724361 0.391490
f 1344/-1 1365/-2 1367/-3
vt 0.720002 0.391490
vt 0.721060 0.397252
vt 0.725921 0.397252
f 1345/-1 1366/-2 1365/-3
vt 0.719704 0.382296
vt 0.716788 0.382296
vt 0.718552 0.386441
f 1367/-1 1358/-2 1347/-3
vt 0.714781 0.379217
vt 0.713621 0.377320
vt 0.712594 0.379217
f 1370/-1 1359/-2 1368/-3
vt 0.698404 0.433568
vt 0.695143 0.433568
vt 0.698404 0.437712
f 1362/-1 1387/-2 1364/-3
vt 0.702112 0.440791
vt 0.698404 0.437712
vt 0.699596 0.440791
f 1375/-1 1362/-2 1342/-3
vt 0.700670 0.428517
vt 0.696303 0.428517
vt 0.698404 0.433568
f 1364/-1 1389/-2 1378/-3
vt 0.705405 0.428517
vt 0.700670 0.428517
vt 0.702112 0.433568
f 1355/-1 1378/-2 1361/-3
vt 0.712594 0.379217
vt 0.713621 0.382296
vt 0.716788 0.382296
f 1358/-1 1379/-2 1370/-3
vt 0.713621 0.382296
vt 0.714514 0.386441
vt 0.718552 0.386441
f 1367/-1 1380/-2 1379/-3
vt 0.708063 0.379217
vt 0.711488 0.377320
vt 0.707036 0.377320
f 1383/-1 1371/-2 1385/-3
vt 0.721060 0.397252
vt 0.715808 0.397252
vt 0.716153 0.403503
f 1372/-1 1391/-2 1366/-3
vt 0.710328 0.403503
vt 0.710328 0.410003
vt 0.716255 0.410003
f 1352/-1 1373/-2 1397/-3
vt 0.704409 0.410003
vt 0.704519 0.416505
vt 0.710328 0.416505
f 1353/-1 1374/-2 1398/-3
vt 0.704519 0.416505
vt 0.698929 0.416505
vt 0.699596 0.422756
f 1386/-1 1399/-2 1374/-3
vt 0.699596 0.422756
vt 0.700670 0.428517
vt 0.705405 0.428517
f 1361/-1 1378/-2 1386/-3
vt 0.690487 0.433568
vt 0.695010 0.437767
vt 0.696303 0.437712
f 1377/-1 1376/-2 1400/-3
vt 0.692478 0.433568
vt 0.696303 0.437712
vt 0.698404 0.437712
f 1362/-1 1377/-2 1388/-3
vt 0.718552 0.386441
vt 0.714514 0.386441
vt 0.715259 0.391490
f 1390/-1 1380/-2 1367/-3
vt 0.715259 0.391490
vt 0.715808 0.397252
vt 0.721060 0.397252
f 1366/-1 1391/-2 1390/-3
vt 0.712594 0.379217
vt 0.710328 0.379217
vt 0.710328 0.382296
f 1392/-1 1384/-2 1370/-3
vt 0.707036 0.382296
vt 0.708063 0.379217
vt 0.705883 0.379217
f 1381/-1 1385/-2 1396/-3
vt 0.700960 0.382296
vt 0.703868 0.382296
vt 0.705883 0.379217
f 1381/-1 1393/-2 1394/-3
vt 0.701329 0.378680
vt 0.703868 0.379217
vt 0.707036 0.377320
f 1383/-1 1382/-2 1406/-3
vt 0.710328 0.382296
vt 0.710328 0.379217
vt 0.708063 0.379217
f 1385/-1 1384/-2 1392/-3
vt 0.692478 0.428517
vt 0.695143 0.433568
vt 0.698404 0.433568
f 1364/-1 1387/-2 1408/-3
vt 0.699596 0.422756
vt 0.694751 0.422756
vt 0.696303 0.428517
f 1389/-1 1407/-2 1386/-3
vt 0.710328 0.382296
vt 0.710328 0.386441
vt 0.714514 0.386441
f 1380/-1 1401/-2 1392/-3
vt 0.714514 0.386441
vt 0.710328 0.386441
vt 0.710328 0.391490
f 1402/-1 1401/-2 1380/-3
vt 0.698404 0.382296
vt 0.701329 0.378680
vt 0.699596 0.379217
f 1405/-1 1406/-2 1403/-3
vt 0.715808 0.397252
vt 0.710328 0.397252
vt 0.710328 0.403503
f 1397/-1 1414/-2 1391/-3
vt 0.710328 0.403503
vt 0.704519 0.403503
vt 0.704409 0.410003
f 1398/-1 1422/-2 1397/-3
vt 0.704409 0.410003
vt 0.698710 0.410003
vt 0.698929 0.416505
f 1399/-1 1423/-2 1398/-3
vt 0.698929 0.416505
vt 0.693779 0.416505
vt 0.694751 0.422756
f 1407/-1 1424/-2 1399/-3
vt 0.690487 0.433568
vt 0.686998 0.428517
vt 0.689263 0.433568
f 1409/-1 1411/-2 1400/-3
vt 0.689263 0.433568
vt 0.693779 0.437712
vt 0.695010 0.437767
f 1376/-1 1413/-2 1409/-3
vt 0.692478 0.428517
vt 0.689334 0.428517
vt 0.692478 0.433568
f 1388/-1 1412/-2 1408/-3
vt 0.710328 0.391490
vt 0.710328 0.397252
vt 0.715808 0.397252
f 1391/-1 1414/-2 1402/-3
vt 0.710328 0.382296
vt 0.707036 0.382296
vt 0.706150 0.386441
f 1415/-1 1396/-2 1392/-3
vt 0.702112 0.386441
vt 0.706150 0.386441
vt 0.707036 0.382296
f 1396/-1 1415/-2 1416/-3
vt 0.702112 0.386441
vt 0.703868 0.382296
vt 0.700960 0.382296
f 1394/-1 1393/-2 1416/-3
vt 0.698404 0.386441
vt 0.700960 0.382296
vt 0.698404 0.382296
f 1403/-1 1394/-2 1417/-3
vt 0.692478 0.386441
vt 0.694493 0.381857
vt 0.689263 0.386441
f 1420/-1 1404/-2 1419/-3
vt 0.694751 0.422756
vt 0.690487 0.422756
vt 0.692478 0.428517
f 1408/-1 1432/-2 1407/-3
vt 0.684411 0.422756
vt 0.682811 0.422756
vt 0.685563 0.428517
f 1410/-1 1433/-2 1425/-3
vt 0.684411 0.422756
vt 0.686998 0.428517
vt 0.689334 0.428517
f 1412/-1 1411/-2 1425/-3
vt 0.706150 0.386441
vt 0.705405 0.391490
vt 0.710328 0.391490
f 1402/-1 1427/-2 1415/-3
vt 0.710328 0.391490
vt 0.705405 0.391490
vt 0.704864 0.397252
f 1428/-1 1427/-2 1402/-3
vt 0.692478 0.391490
vt 0.695143 0.386441
vt 0.692478 0.386441
f 1419/-1 1418/-2 1436/-3
vt 0.686998 0.391490
vt 0.692478 0.386441
vt 0.689263 0.386441
f 1420/-1 1419/-2 1430/-3
vt 0.704864 0.397252
vt 0.704519 0.403503
vt 0.710328 0.403503
f 1397/-1 1422/-2 1428/-3
vt 0.698929 0.403503
vt 0.698710 0.410003
vt 0.704409 0.410003
f 1398/-1 1423/-2 1439/-3
vt 0.693465 0.410003
vt 0.693779 0.416505
vt 0.698929 0.416505
f 1399/-1 1424/-2 1440/-3
vt 0.693779 0.416505
vt 0.689263 0.416505
vt 0.690487 0.422756
f 1432/-1 1441/-2 1424/-3
vt 0.689334 0.428517
vt 0.692478 0.428517
vt 0.690487 0.422756
f 1432/-1 1408/-2 1412/-3
vt 0.702112 0.386441
vt 0.700670 0.391490
vt 0.705405 0.391490
f 1427/-1 1434/-2 1416/-3
vt 0.696303 0.391490
vt 0.700670 0.391490
vt 0.702112 0.386441
f 1416/-1 1434/-2 1435/-3
vt 0.692478 0.391490
vt 0.696303 0.391490
vt 0.698404 0.386441
f 1417/-1 1435/-2 1436/-3
vt 0.684411 0.397252
vt 0.686998 0.397252
vt 0.689334 0.391490
f 1429/-1 1445/-2 1437/-3
vt 0.684411 0.397252
vt 0.686998 0.391490
vt 0.685563 0.391490
f 1431/-1 1430/-2 1437/-3
vt 0.682811 0.416505
vt 0.681110 0.416505
vt 0.682811 0.422756
f 1433/-1 1446/-2 1442/-3
vt 0.682811 0.416505
vt 0.684411 0.422756
vt 0.686998 0.422756
f 1426/-1 1425/-2 1442/-3
vt 0.689263 0.416505
vt 0.685563 0.416505
vt 0.686998 0.422756
f 1426/-1 1443/-2 1441/-3
vt 0.705405 0.391490
vt 0.700670 0.391490
vt 0.699596 0.397252
f 1444/-1 1434/-2 1427/-3
vt 0.699596 0.397252
vt 0.698929 0.403503
vt 0.704519 0.403503
f 1422/-1 1439/-2 1444/-3
vt 0.690487 0.397252
vt 0.692478 0.391490
vt 0.689334 0.391490
f 1429/-1 1436/-2 1448/-3
vt 0.698929 0.403503
vt 0.693779 0.403503
vt 0.693465 0.410003
f 1440/-1 1451/-2 1439/-3
vt 0.693465 0.410003
vt 0.688856 0.410003
vt 0.689263 0.416505
f 1441/-1 1452/-2 1440/-3
vt 0.700670 0.391490
vt 0.696303 0.391490
vt 0.694751 0.397252
f 1447/-1 1435/-2 1434/-3
vt 0.694751 0.397252
vt 0.696303 0.391490
vt 0.692478 0.391490
f 1436/-1 1435/-2 1447/-3
vt 0.685563 0.403503
vt 0.686998 0.397252
vt 0.684411 0.397252
f 1437/-1 1445/-2 1455/-3
vt 0.682811 0.403503
vt 0.684411 0.397252
vt 0.682811 0.397252
f 1438/-1 1437/-2 1449/-3
vt 0.682279 0.410003
vt 0.680538 0.410003
vt 0.681110 0.416505
f 1446/-1 1456/-2 1453/-3
vt 0.682279 0.410003
vt 0.682811 0.416505
vt 0.685563 0.416505
f 1443/-1 1442/-2 1453/-3
vt 0.685077 0.410003
vt 0.685563 0.416505
vt 0.689263 0.416505
f 1441/-1 1443/-2 1454/-3
vt 0.694751 0.397252
vt 0.693779 0.403503
vt 0.698929 0.403503
f 1439/-1 1451/-2 1447/-3
vt 0.689263 0.403503
vt 0.690487 0.397252
vt 0.686998 0.397252
f 1445/-1 1448/-2 1457/-3
vt 0.693779 0.403503
vt 0.689263 0.403503
vt 0.688856 0.410003
f 1452/-1 1457/-2 1451/-3
vt 0.690487 0.397252
vt 0.689263 0.403503
vt 0.693779 0.403503
f 1451/-1 1457/-2 1448/-3
vt 0.682279 0.410003
vt 0.685077 0.410003
vt 0.685563 0.403503
f 1455/-1 1454/-2 1453/-3
vt 0.680538 0.410003
vt 0.682279 0.410003
vt 0.682811 0.403503
f 1449/-1 1453/-2 1456/-3
vt 0.689263 0.403503
vt 0.685563 0.403503
vt 0.685077 0.410003
f 1454/-1 1455/-2 1457/-3
vt 0.738539 0.417484
vt 0.738539 0.423735
vt 0.740248 0.417484
f 776/-1 777/-2 779/-3
vt 0.739079 0.410982
vt 0.740248 0.417484
vt 0.740820 0.410982
f 781/-1 776/-2 785/-3
vt 0.738539 0.417484
vt 0.734353 0.423735
vt 0.736940 0.423735
f 778/-1 782/-2 779/-3
vt 0.736940 0.423735
vt 0.735795 0.429496
vt 0.738539 0.423735
f 777/-1 783/-2 778/-3
vt 0.734353 0.429496
vt 0.734353 0.423735
vt 0.732024 0.429496
f 784/-1 782/-2 780/-3
vt 0.734353 0.429496
vt 0.730864 0.434546
vt 0.732095 0.434546
f 789/-1 787/-2 780/-3
vt 0.734353 0.429496
vt 0.732024 0.429496
vt 0.728881 0.434546
f 788/-1 784/-2 780/-3
vt 0.732095 0.434546
vt 0.735795 0.429496
vt 0.734353 0.429496
f 780/-1 783/-2 789/-3
vt 0.740820 0.410982
vt 0.738539 0.404481
vt 0.739079 0.410982
f 785/-1 796/-2 781/-3
vt 0.735795 0.417484
vt 0.739079 0.410982
vt 0.736273 0.410982
f 797/-1 785/-2 786/-3
vt 0.734353 0.423735
vt 0.732095 0.417484
vt 0.730864 0.423735
f 791/-1 798/-2 782/-3
vt 0.732024 0.429496
vt 0.730864 0.423735
vt 0.728881 0.429496
f 792/-1 791/-2 784/-3
vt 0.728881 0.434546
vt 0.728881 0.429496
vt 0.726207 0.434546
f 795/-1 792/-2 788/-3
vt 0.730864 0.434546
vt 0.727579 0.438689
vt 0.732095 0.434546
f 789/-1 799/-2 787/-3
vt 0.730864 0.434546
vt 0.725055 0.438689
vt 0.726615 0.438790
f 793/-1 794/-2 787/-3
vt 0.722962 0.438689
vt 0.728881 0.434546
vt 0.726207 0.434546
f 795/-1 788/-2 800/-3
vt 0.738539 0.398229
vt 0.738539 0.404481
vt 0.740248 0.404481
f 790/-1 796/-2 801/-3
vt 0.735795 0.404481
vt 0.739079 0.410982
vt 0.738539 0.404481
f 796/-1 785/-2 810/-3
vt 0.727579 0.417484
vt 0.730864 0.423735
vt 0.732095 0.417484
f 798/-1 791/-2 812/-3
vt 0.730864 0.423735
vt 0.725055 0.429496
vt 0.728881 0.429496
f 792/-1 803/-2 791/-3
vt 0.719246 0.441770
vt 0.720618 0.441803
vt 0.721755 0.441770
f 807/-1 805/-2 806/-3
vt 0.721755 0.441770
vt 0.722962 0.438689
vt 0.719246 0.441770
f 806/-1 800/-2 807/-3
vt 0.721755 0.441770
vt 0.726615 0.438790
vt 0.725055 0.438689
f 794/-1 793/-2 807/-3
vt 0.732095 0.417484
vt 0.736273 0.410982
vt 0.732510 0.410982
f 811/-1 797/-2 798/-3
vt 0.722962 0.434546
vt 0.728881 0.429496
vt 0.725055 0.429496
f 803/-1 792/-2 804/-3
vt 0.720398 0.438689
vt 0.726207 0.434546
vt 0.722962 0.434546
f 804/-1 795/-2 808/-3
vt 0.715953 0.443665
vt 0.719246 0.441770
vt 0.715209 0.443665
f 813/-1 806/-2 820/-3
vt 0.722962 0.438689
vt 0.717482 0.441770
vt 0.719246 0.441770
f 806/-1 814/-2 800/-3
vt 0.735795 0.392468
vt 0.736940 0.398229
vt 0.738539 0.398229
f 801/-1 809/-2 815/-3
vt 0.734353 0.398229
vt 0.738539 0.404481
vt 0.736940 0.398229
f 809/-1 796/-2 824/-3
vt 0.732095 0.404481
vt 0.736273 0.410982
vt 0.735795 0.404481
f 810/-1 797/-2 825/-3
vt 0.732510 0.410982
vt 0.727579 0.417484
vt 0.732095 0.417484
f 798/-1 812/-2 811/-3
vt 0.722429 0.417484
vt 0.726615 0.423735
vt 0.727579 0.417484
f 812/-1 802/-2 827/-3
vt 0.726615 0.423735
vt 0.720696 0.429496
vt 0.725055 0.429496
f 803/-1 817/-2 802/-3
vt 0.720696 0.429496
vt 0.722962 0.434546
vt 0.725055 0.429496
f 803/-1 804/-2 817/-3
vt 0.719246 0.434546
vt 0.720398 0.438689
vt 0.722962 0.434546
f 804/-1 808/-2 818/-3
vt 0.717482 0.441770
vt 0.715209 0.443665
vt 0.719246 0.441770
f 806/-1 813/-2 814/-3
vt 0.717482 0.438689
vt 0.717482 0.441770
vt 0.720398 0.438689
f 808/-1 814/-2 819/-3
vt 0.715475 0.441770
vt 0.714315 0.443665
vt 0.717482 0.441770
f 814/-1 821/-2 822/-3
vt 0.711022 0.441770
vt 0.708757 0.441770
vt 0.709862 0.443665
f 828/-1 829/-2 830/-3
vt 0.709862 0.443665
vt 0.713288 0.441770
vt 0.711022 0.441770
f 830/-1 831/-2 828/-3
vt 0.713288 0.441770
vt 0.714315 0.443665
vt 0.715475 0.441770
f 822/-1 821/-2 831/-3
vt 0.732095 0.387417
vt 0.734353 0.392468
vt 0.735795 0.392468
f 815/-1 823/-2 835/-3
vt 0.730864 0.387417
vt 0.728881 0.387417
vt 0.732024 0.392468
f 832/-1 833/-2 834/-3
vt 0.734353 0.392468
vt 0.732095 0.387417
vt 0.730864 0.387417
f 834/-1 835/-2 823/-3
vt 0.732024 0.392468
vt 0.736940 0.398229
vt 0.734353 0.392468
f 823/-1 809/-2 832/-3
vt 0.734353 0.398229
vt 0.732095 0.404481
vt 0.735795 0.404481
f 810/-1 825/-2 824/-3
vt 0.727579 0.404481
vt 0.732510 0.410982
vt 0.732095 0.404481
f 825/-1 811/-2 848/-3
vt 0.727893 0.410982
vt 0.722429 0.417484
vt 0.727579 0.417484
f 812/-1 827/-2 826/-3
vt 0.716847 0.417484
vt 0.721755 0.423735
vt 0.722429 0.417484
f 827/-1 816/-2 850/-3
vt 0.721755 0.423735
vt 0.715953 0.429496
vt 0.720696 0.429496
f 817/-1 837/-2 816/-3
vt 0.715953 0.429496
vt 0.719246 0.434546
vt 0.720696 0.429496
f 817/-1 818/-2 837/-3
vt 0.715209 0.434546
vt 0.717482 0.438689
vt 0.719246 0.434546
f 818/-1 819/-2 838/-3
vt 0.714315 0.438689
vt 0.715475 0.441770
vt 0.717482 0.438689
f 819/-1 822/-2 839/-3
vt 0.707730 0.443665
vt 0.709862 0.443665
vt 0.708757 0.441770
f 829/-1 828/-2 840/-3
vt 0.706577 0.441770
vt 0.704563 0.441770
vt 0.707730 0.443665
f 840/-1 841/-2 842/-3
vt 0.707730 0.438689
vt 0.711022 0.441770
vt 0.711022 0.438689
f 843/-1 830/-2 853/-3
vt 0.714315 0.438689
vt 0.711022 0.441770
vt 0.713288 0.441770
f 831/-1 830/-2 839/-3
vt 0.728881 0.387417
vt 0.728881 0.392468
vt 0.732024 0.392468
f 832/-1 844/-2 833/-3
vt 0.725055 0.383274
vt 0.730864 0.387417
vt 0.726584 0.382897
f 845/-1 834/-2 855/-3
vt 0.726584 0.382897
vt 0.732095 0.387417
vt 0.727579 0.383274
f 846/-1 835/-2 845/-3
vt 0.702807 0.441770
vt 0.707730 0.443665
vt 0.704563 0.441770
f 841/-1 840/-2 859/-3
vt 0.701654 0.438689
vt 0.706577 0.441770
vt 0.704563 0.438689
f 852/-1 842/-2 860/-3
vt 0.707730 0.438689
vt 0.706577 0.441770
vt 0.708757 0.441770
f 829/-1 842/-2 853/-3
vt 0.732024 0.392468
vt 0.730864 0.398229
vt 0.734353 0.398229
f 824/-1 847/-2 832/-3
vt 0.730864 0.398229
vt 0.727579 0.404481
vt 0.732095 0.404481
f 825/-1 848/-2 847/-3
vt 0.722429 0.404481
vt 0.727893 0.410982
vt 0.727579 0.404481
f 848/-1 826/-2 868/-3
vt 0.722656 0.410982
vt 0.716847 0.417484
vt 0.722429 0.417484
f 827/-1 850/-2 849/-3
vt 0.711022 0.417484
vt 0.716502 0.423735
vt 0.716847 0.417484
f 850/-1 836/-2 870/-3
vt 0.711022 0.423735
vt 0.715953 0.429496
vt 0.716502 0.423735
f 836/-1 837/-2 856/-3
vt 0.711022 0.429496
vt 0.715209 0.434546
vt 0.715953 0.429496
f 837/-1 838/-2 857/-3
vt 0.715209 0.434546
vt 0.711022 0.438689
vt 0.714315 0.438689
f 839/-1 843/-2 838/-3
vt 0.706844 0.434546
vt 0.711022 0.438689
vt 0.711022 0.434546
f 858/-1 843/-2 873/-3
vt 0.722962 0.383274
vt 0.728881 0.387417
vt 0.725055 0.383274
f 855/-1 833/-2 863/-3
vt 0.722962 0.387417
vt 0.728881 0.392468
vt 0.726207 0.387417
f 854/-1 844/-2 874/-3
vt 0.725055 0.392468
vt 0.730864 0.398229
vt 0.728881 0.392468
f 844/-1 847/-2 861/-3
vt 0.721755 0.380194
vt 0.725055 0.383274
vt 0.726584 0.382897
f 845/-1 855/-2 867/-3
vt 0.717482 0.380194
vt 0.720398 0.383274
vt 0.722962 0.383274
f 863/-1 864/-2 865/-3
vt 0.721755 0.380194
vt 0.720673 0.380010
vt 0.717482 0.380194
f 865/-1 866/-2 867/-3
vt 0.722962 0.383274
vt 0.725055 0.383274
vt 0.721755 0.380194
f 867/-1 855/-2 863/-3
vt 0.699098 0.438689
vt 0.704563 0.441770
vt 0.701654 0.438689
f 860/-1 841/-2 879/-3
vt 0.701121 0.441745
vt 0.706844 0.443665
vt 0.702807 0.441770
f 859/-1 851/-2 880/-3
vt 0.702807 0.434546
vt 0.701654 0.438689
vt 0.704563 0.438689
f 852/-1 860/-2 872/-3
vt 0.702807 0.434546
vt 0.707730 0.438689
vt 0.706844 0.434546
f 873/-1 853/-2 872/-3
vt 0.726207 0.387417
vt 0.720398 0.383274
vt 0.722962 0.387417
f 874/-1 864/-2 854/-3
vt 0.715475 0.380194
vt 0.720398 0.383274
vt 0.717482 0.380194
f 865/-1 864/-2 885/-3
vt 0.715953 0.378298
vt 0.717482 0.380194
vt 0.720673 0.380010
f 866/-1 865/-2 886/-3
vt 0.726615 0.398229
vt 0.722429 0.404481
vt 0.727579 0.404481
f 848/-1 868/-2 862/-3
vt 0.716847 0.404481
vt 0.722656 0.410982
vt 0.722429 0.404481
f 868/-1 849/-2 889/-3
vt 0.716949 0.410982
vt 0.711022 0.417484
vt 0.716847 0.417484
f 850/-1 870/-2 869/-3
vt 0.711022 0.417484
vt 0.705558 0.423735
vt 0.711022 0.423735
f 856/-1 877/-2 870/-3
vt 0.705558 0.423735
vt 0.711022 0.429496
vt 0.711022 0.423735
f 856/-1 857/-2 877/-3
vt 0.711022 0.429496
vt 0.706844 0.434546
vt 0.711022 0.434546
f 858/-1 873/-2 857/-3
vt 0.719246 0.387417
vt 0.725055 0.392468
vt 0.722962 0.387417
f 874/-1 861/-2 884/-3
vt 0.720696 0.392468
vt 0.726615 0.398229
vt 0.725055 0.392468
f 861/-1 862/-2 882/-3
vt 0.720398 0.383274
vt 0.719246 0.387417
vt 0.722962 0.387417
f 874/-1 884/-2 864/-3
vt 0.714315 0.378298
vt 0.715475 0.380194
vt 0.717482 0.380194
f 865/-1 885/-2 876/-3
vt 0.714315 0.378298
vt 0.712183 0.378298
vt 0.713288 0.380194
f 887/-1 888/-2 876/-3
vt 0.699098 0.434546
vt 0.699098 0.438689
vt 0.701654 0.438689
f 860/-1 879/-2 881/-3
vt 0.700290 0.441770
vt 0.701121 0.441745
vt 0.702807 0.441770
f 859/-1 880/-2 892/-3
vt 0.696997 0.438689
vt 0.695704 0.438745
vt 0.700290 0.441770
f 892/-1 893/-2 894/-3
vt 0.700290 0.441770
vt 0.699098 0.438689
vt 0.696997 0.438689
f 894/-1 879/-2 892/-3
vt 0.696997 0.429496
vt 0.702807 0.434546
vt 0.701364 0.429496
f 895/-1 872/-2 906/-3
vt 0.706099 0.429496
vt 0.702807 0.434546
vt 0.706844 0.434546
f 873/-1 872/-2 878/-3
vt 0.715475 0.380194
vt 0.714315 0.383274
vt 0.717482 0.383274
f 875/-1 896/-2 885/-3
vt 0.717482 0.383274
vt 0.715209 0.387417
vt 0.719246 0.387417
f 884/-1 897/-2 875/-3
vt 0.707730 0.378298
vt 0.706577 0.380194
vt 0.708757 0.380194
f 902/-1 898/-2 900/-3
vt 0.706577 0.380194
vt 0.707730 0.378298
vt 0.704563 0.380194
f 899/-1 900/-2 898/-3
vt 0.711022 0.380194
vt 0.713288 0.380194
vt 0.712183 0.378298
f 888/-1 887/-2 901/-3
vt 0.712183 0.378298
vt 0.708757 0.380194
vt 0.711022 0.380194
f 901/-1 902/-2 888/-3
vt 0.721755 0.398229
vt 0.716847 0.404481
vt 0.722429 0.404481
f 868/-1 889/-2 883/-3
vt 0.711022 0.404481
vt 0.716949 0.410982
vt 0.716847 0.404481
f 889/-1 869/-2 914/-3
vt 0.705103 0.410982
vt 0.711022 0.417484
vt 0.711022 0.410982
f 890/-1 870/-2 915/-3
vt 0.705213 0.417484
vt 0.700290 0.423735
vt 0.705558 0.423735
f 877/-1 903/-2 891/-3
vt 0.700290 0.423735
vt 0.706099 0.429496
vt 0.705558 0.423735
f 877/-1 878/-2 903/-3
vt 0.691181 0.434546
vt 0.696997 0.438689
vt 0.693172 0.434546
f 905/-1 894/-2 917/-3
vt 0.693172 0.434546
vt 0.699098 0.438689
vt 0.695837 0.434546
f 904/-1 879/-2 905/-3
vt 0.719246 0.387417
vt 0.715953 0.392468
vt 0.720696 0.392468
f 882/-1 907/-2 884/-3
vt 0.715953 0.392468
vt 0.721755 0.398229
vt 0.720696 0.392468
f 882/-1 883/-2 907/-3
vt 0.713288 0.380194
vt 0.711022 0.383274
vt 0.714315 0.383274
f 896/-1 909/-2 887/-3
vt 0.704563 0.383274
vt 0.708757 0.380194
vt 0.706577 0.380194
f 898/-1 902/-2 910/-3
vt 0.701654 0.383274
vt 0.706577 0.380194
vt 0.704563 0.380194
f 899/-1 898/-2 911/-3
vt 0.702023 0.379657
vt 0.707730 0.378298
vt 0.706099 0.378298
f 912/-1 900/-2 923/-3
vt 0.711022 0.383274
vt 0.708757 0.380194
vt 0.707730 0.383274
f 913/-1 902/-2 909/-3
vt 0.693172 0.429496
vt 0.699098 0.434546
vt 0.696997 0.429496
f 906/-1 881/-2 925/-3
vt 0.695445 0.423735
vt 0.701364 0.429496
vt 0.700290 0.423735
f 903/-1 895/-2 924/-3
vt 0.711022 0.383274
vt 0.715209 0.387417
vt 0.714315 0.383274
f 896/-1 897/-2 909/-3
vt 0.715209 0.387417
vt 0.711022 0.392468
vt 0.715953 0.392468
f 907/-1 919/-2 897/-3
vt 0.704563 0.380194
vt 0.699098 0.383274
vt 0.701654 0.383274
f 911/-1 920/-2 899/-3
vt 0.699098 0.383274
vt 0.700290 0.380194
vt 0.695187 0.382834
f 921/-1 922/-2 920/-3
vt 0.699098 0.383274
vt 0.704563 0.380194
vt 0.702023 0.379657
f 923/-1 899/-2 920/-3
vt 0.716502 0.398229
vt 0.711022 0.404481
vt 0.716847 0.404481
f 889/-1 914/-2 908/-3
vt 0.711022 0.404481
vt 0.705103 0.410982
vt 0.711022 0.410982
f 890/-1 915/-2 914/-3
vt 0.699404 0.410982
vt 0.705213 0.417484
vt 0.705103 0.410982
f 915/-1 891/-2 940/-3
vt 0.694473 0.417484
vt 0.700290 0.423735
vt 0.699624 0.417484
f 916/-1 903/-2 941/-3
vt 0.687692 0.429496
vt 0.691181 0.434546
vt 0.693172 0.434546
f 905/-1 917/-2 928/-3
vt 0.687692 0.429496
vt 0.686257 0.429496
vt 0.689957 0.434546
f 926/-1 927/-2 928/-3
vt 0.693172 0.434546
vt 0.690028 0.429496
vt 0.687692 0.429496
f 928/-1 929/-2 905/-3
vt 0.689957 0.434546
vt 0.695704 0.438745
vt 0.691181 0.434546
f 917/-1 893/-2 926/-3
vt 0.693172 0.429496
vt 0.693172 0.434546
vt 0.695837 0.434546
f 904/-1 905/-2 925/-3
vt 0.715953 0.392468
vt 0.711022 0.398229
vt 0.716502 0.398229
f 908/-1 931/-2 907/-3
vt 0.711022 0.383274
vt 0.706844 0.387417
vt 0.711022 0.387417
f 918/-1 932/-2 909/-3
vt 0.702807 0.387417
vt 0.707730 0.383274
vt 0.704563 0.383274
f 910/-1 913/-2 933/-3
vt 0.702807 0.387417
vt 0.701654 0.383274
vt 0.699098 0.387417
f 934/-1 911/-2 933/-3
vt 0.699098 0.387417
vt 0.699098 0.383274
vt 0.695837 0.387417
f 935/-1 920/-2 934/-3
vt 0.699098 0.383274
vt 0.693172 0.387417
vt 0.695837 0.387417
f 935/-1 936/-2 920/-3
vt 0.695187 0.382834
vt 0.694473 0.383274
vt 0.689957 0.387417
f 937/-1 938/-2 921/-3
vt 0.693172 0.387417
vt 0.699098 0.383274
vt 0.695187 0.382834
f 921/-1 920/-2 936/-3
vt 0.691181 0.423735
vt 0.696997 0.429496
vt 0.695445 0.423735
f 924/-1 906/-2 949/-3
vt 0.685105 0.423735
vt 0.686257 0.429496
vt 0.687692 0.429496
f 928/-1 927/-2 942/-3
vt 0.685105 0.423735
vt 0.690028 0.429496
vt 0.687692 0.423735
f 943/-1 929/-2 942/-3
vt 0.706844 0.387417
vt 0.711022 0.392468
vt 0.711022 0.387417
f 918/-1 919/-2 932/-3
vt 0.711022 0.392468
vt 0.705558 0.398229
vt 0.711022 0.398229
f 931/-1 945/-2 919/-3
vt 0.693172 0.392468
vt 0.693172 0.387417
vt 0.690028 0.392468
f 946/-1 936/-2 953/-3
vt 0.693172 0.387417
vt 0.687692 0.392468
vt 0.690028 0.392468
f 946/-1 947/-2 936/-3
vt 0.687692 0.392468
vt 0.689957 0.387417
vt 0.686257 0.392468
f 948/-1 937/-2 947/-3
vt 0.705558 0.398229
vt 0.711022 0.404481
vt 0.711022 0.398229
f 931/-1 914/-2 945/-3
vt 0.699624 0.404481
vt 0.705103 0.410982
vt 0.705213 0.404481
f 939/-1 915/-2 956/-3
vt 0.694160 0.410982
vt 0.699624 0.417484
vt 0.699404 0.410982
f 940/-1 916/-2 957/-3
vt 0.694473 0.417484
vt 0.691181 0.423735
vt 0.695445 0.423735
f 924/-1 949/-2 941/-3
vt 0.690028 0.429496
vt 0.691181 0.423735
vt 0.687692 0.423735
f 943/-1 949/-2 929/-3
vt 0.702807 0.387417
vt 0.706099 0.392468
vt 0.706844 0.387417
f 932/-1 944/-2 933/-3
vt 0.696997 0.392468
vt 0.702807 0.387417
vt 0.699098 0.387417
f 934/-1 933/-2 952/-3
vt 0.693172 0.392468
vt 0.699098 0.387417
vt 0.695837 0.387417
f 935/-1 934/-2 953/-3
vt 0.685105 0.398229
vt 0.690028 0.392468
vt 0.687692 0.392468
f 947/-1 946/-2 954/-3
vt 0.685105 0.398229
vt 0.686257 0.392468
vt 0.683506 0.398229
f 955/-1 948/-2 954/-3
vt 0.683506 0.417484
vt 0.683506 0.423735
vt 0.685105 0.423735
f 942/-1 950/-2 959/-3
vt 0.686257 0.417484
vt 0.685105 0.423735
vt 0.687692 0.423735
f 943/-1 942/-2 960/-3
vt 0.686257 0.417484
vt 0.691181 0.423735
vt 0.689957 0.417484
f 958/-1 949/-2 960/-3
vt 0.706099 0.392468
vt 0.700290 0.398229
vt 0.705558 0.398229
f 945/-1 961/-2 944/-3
vt 0.700290 0.398229
vt 0.705213 0.404481
vt 0.705558 0.398229
f 945/-1 939/-2 961/-3
vt 0.691181 0.398229
vt 0.690028 0.392468
vt 0.687692 0.398229
f 962/-1 946/-2 965/-3
vt 0.699624 0.404481
vt 0.694160 0.410982
vt 0.699404 0.410982
f 940/-1 957/-2 956/-3
vt 0.689550 0.410982
vt 0.694473 0.417484
vt 0.694160 0.410982
f 957/-1 941/-2 969/-3
vt 0.696997 0.392468
vt 0.700290 0.398229
vt 0.701364 0.392468
f 951/-1 961/-2 952/-3
vt 0.691181 0.398229
vt 0.696997 0.392468
vt 0.693172 0.392468
f 953/-1 952/-2 965/-3
vt 0.686257 0.404481
vt 0.685105 0.398229
vt 0.683506 0.404481
f 966/-1 954/-2 972/-3
vt 0.683506 0.404481
vt 0.683506 0.398229
vt 0.681805 0.404481
f 967/-1 955/-2 966/-3
vt 0.682973 0.410982
vt 0.681805 0.417484
vt 0.683506 0.417484
f 959/-1 963/-2 970/-3
vt 0.682973 0.410982
vt 0.686257 0.417484
vt 0.685771 0.410982
f 971/-1 960/-2 970/-3
vt 0.685771 0.410982
vt 0.689957 0.417484
vt 0.689550 0.410982
f 969/-1 958/-2 971/-3
vt 0.700290 0.398229
vt 0.694473 0.404481
vt 0.699624 0.404481
f 956/-1 968/-2 961/-3
vt 0.686257 0.404481
vt 0.691181 0.398229
vt 0.687692 0.398229
f 962/-1 965/-2 972/-3
vt 0.694473 0.404481
vt 0.689550 0.410982
vt 0.694160 0.410982
f 957/-1 969/-2 968/-3
vt 0.691181 0.398229
vt 0.694473 0.404481
vt 0.695445 0.398229
f 964/-1 968/-2 965/-3
vt 0.682973 0.410982
vt 0.686257 0.404481
vt 0.683506 0.404481
f 966/-1 972/-2 970/-3
vt 0.681232 0.410982
vt 0.683506 0.404481
vt 0.681805 0.404481
f 967/-1 966/-2 973/-3
vt 0.689957 0.404481
vt 0.685771 0.410982
vt 0.689550 0.410982
f 969/-1 971/-2 974/-3
vt 0.737845 0.416505
vt 0.737845 0.422756
vt 0.739554 0.416505
f 1259/-1 1260/-2 1262/-3
vt 0.735101 0.428517
vt 0.736245 0.422756
vt 0.733658 0.428517
f 1263/-1 1261/-2 1266/-3
vt 0.738385 0.410003
vt 0.739554 0.416505
vt 0.740126 0.410003
f 1264/-1 1259/-2 1268/-3
vt 0.737845 0.416505
vt 0.733658 0.422756
vt 0.736245 0.422756
f 1261/-1 1265/-2 1262/-3
vt 0.736245 0.422756
vt 0.731330 0.428517
vt 0.733658 0.428517
f 1263/-1 1267/-2 1261/-3
vt 0.733658 0.428517
vt 0.730170 0.433568
vt 0.731401 0.433568
f 1272/-1 1270/-2 1263/-3
vt 0.733658 0.428517
vt 0.731330 0.428517
vt 0.728187 0.433568
f 1271/-1 1267/-2 1263/-3
vt 0.731401 0.433568
vt 0.735101 0.428517
vt 0.733658 0.428517
f 1263/-1 1266/-2 1272/-3
vt 0.737845 0.403503
vt 0.740126 0.410003
vt 0.739554 0.403503
f 1273/-1 1264/-2 1279/-3
vt 0.738385 0.410003
vt 0.735101 0.416505
vt 0.737845 0.416505
f 1262/-1 1269/-2 1268/-3
vt 0.731401 0.416505
vt 0.733658 0.422756
vt 0.735101 0.416505
f 1269/-1 1265/-2 1281/-3
vt 0.730170 0.422756
vt 0.731330 0.428517
vt 0.733658 0.422756
f 1265/-1 1267/-2 1274/-3
vt 0.726885 0.437712
vt 0.730170 0.433568
vt 0.725921 0.437812
f 1276/-1 1270/-2 1282/-3
vt 0.724361 0.437712
vt 0.730170 0.433568
vt 0.728187 0.433568
f 1271/-1 1270/-2 1277/-3
vt 0.731330 0.428517
vt 0.725513 0.433568
vt 0.728187 0.433568
f 1271/-1 1278/-2 1267/-3
vt 0.728187 0.433568
vt 0.722267 0.437712
vt 0.724361 0.437712
f 1277/-1 1283/-2 1271/-3
vt 0.737845 0.397252
vt 0.737845 0.403503
vt 0.739554 0.403503
f 1273/-1 1279/-2 1284/-3
vt 0.735101 0.403503
vt 0.738385 0.410003
vt 0.737845 0.403503
f 1279/-1 1268/-2 1293/-3
vt 0.735579 0.410003
vt 0.731401 0.416505
vt 0.735101 0.416505
f 1269/-1 1281/-2 1280/-3
vt 0.726885 0.416505
vt 0.730170 0.422756
vt 0.731401 0.416505
f 1281/-1 1274/-2 1295/-3
vt 0.730170 0.422756
vt 0.724361 0.428517
vt 0.728187 0.428517
f 1275/-1 1286/-2 1274/-3
vt 0.728187 0.428517
vt 0.722267 0.433568
vt 0.725513 0.433568
f 1278/-1 1287/-2 1275/-3
vt 0.718552 0.440791
vt 0.719924 0.440826
vt 0.721060 0.440791
f 1290/-1 1288/-2 1289/-3
vt 0.721060 0.440791
vt 0.722267 0.437712
vt 0.718552 0.440791
f 1289/-1 1283/-2 1290/-3
vt 0.721060 0.440791
vt 0.725921 0.437812
vt 0.724361 0.437712
f 1277/-1 1276/-2 1290/-3
vt 0.722267 0.433568
vt 0.722267 0.437712
vt 0.725513 0.433568
f 1278/-1 1283/-2 1287/-3
vt 0.715259 0.442688
vt 0.718552 0.440791
vt 0.714514 0.442688
f 1296/-1 1289/-2 1303/-3
vt 0.719704 0.437712
vt 0.718552 0.440791
vt 0.722267 0.437712
f 1283/-1 1289/-2 1291/-3
vt 0.735101 0.391490
vt 0.736245 0.397252
vt 0.737845 0.397252
f 1284/-1 1292/-2 1298/-3
vt 0.736245 0.397252
vt 0.735101 0.403503
vt 0.737845 0.403503
f 1279/-1 1293/-2 1292/-3
vt 0.731401 0.403503
vt 0.735579 0.410003
vt 0.735101 0.403503
f 1293/-1 1280/-2 1308/-3
vt 0.731816 0.410003
vt 0.726885 0.416505
vt 0.731401 0.416505
f 1281/-1 1295/-2 1294/-3
vt 0.721735 0.416505
vt 0.725921 0.422756
vt 0.726885 0.416505
f 1295/-1 1285/-2 1310/-3
vt 0.725921 0.422756
vt 0.720002 0.428517
vt 0.724361 0.428517
f 1286/-1 1300/-2 1285/-3
vt 0.724361 0.428517
vt 0.718552 0.433568
vt 0.722267 0.433568
f 1287/-1 1301/-2 1286/-3
vt 0.718552 0.433568
vt 0.719704 0.437712
vt 0.722267 0.433568
f 1287/-1 1291/-2 1301/-3
vt 0.716788 0.440791
vt 0.714514 0.442688
vt 0.718552 0.440791
f 1289/-1 1296/-2 1297/-3
vt 0.719704 0.437712
vt 0.714781 0.440791
vt 0.716788 0.440791
f 1297/-1 1305/-2 1291/-3
vt 0.714781 0.440791
vt 0.713621 0.442688
vt 0.716788 0.440791
f 1297/-1 1304/-2 1305/-3
vt 0.710328 0.440791
vt 0.708063 0.440791
vt 0.709168 0.442688
f 1311/-1 1312/-2 1313/-3
vt 0.709168 0.442688
vt 0.712594 0.440791
vt 0.710328 0.440791
f 1313/-1 1314/-2 1311/-3
vt 0.712594 0.440791
vt 0.713621 0.442688
vt 0.714781 0.440791
f 1305/-1 1304/-2 1314/-3
vt 0.731401 0.386441
vt 0.733658 0.391490
vt 0.735101 0.391490
f 1298/-1 1306/-2 1318/-3
vt 0.730170 0.386441
vt 0.728187 0.386441
vt 0.731330 0.391490
f 1315/-1 1316/-2 1317/-3
vt 0.733658 0.391490
vt 0.731401 0.386441
vt 0.730170 0.386441
f 1317/-1 1318/-2 1306/-3
vt 0.731330 0.391490
vt 0.736245 0.397252
vt 0.733658 0.391490
f 1306/-1 1292/-2 1315/-3
vt 0.733658 0.397252
vt 0.731401 0.403503
vt 0.735101 0.403503
f 1293/-1 1308/-2 1307/-3
vt 0.731401 0.403503
vt 0.727199 0.410003
vt 0.731816 0.410003
f 1294/-1 1309/-2 1308/-3
vt 0.727199 0.410003
vt 0.721735 0.416505
vt 0.726885 0.416505
f 1295/-1 1310/-2 1309/-3
vt 0.716153 0.416505
vt 0.721060 0.422756
vt 0.721735 0.416505
f 1310/-1 1299/-2 1333/-3
vt 0.721060 0.422756
vt 0.715259 0.428517
vt 0.720002 0.428517
f 1300/-1 1320/-2 1299/-3
vt 0.715259 0.428517
vt 0.718552 0.433568
vt 0.720002 0.428517
f 1300/-1 1301/-2 1320/-3
vt 0.714514 0.433568
vt 0.716788 0.437712
vt 0.718552 0.433568
f 1301/-1 1302/-2 1321/-3
vt 0.713621 0.437712
vt 0.714781 0.440791
vt 0.716788 0.437712
f 1302/-1 1305/-2 1322/-3
vt 0.707036 0.442688
vt 0.709168 0.442688
vt 0.708063 0.440791
f 1312/-1 1311/-2 1323/-3
vt 0.705883 0.440791
vt 0.703868 0.440791
vt 0.707036 0.442688
f 1323/-1 1324/-2 1325/-3
vt 0.707036 0.437712
vt 0.710328 0.440791
vt 0.710328 0.437712
f 1326/-1 1313/-2 1336/-3
vt 0.713621 0.437712
vt 0.710328 0.440791
vt 0.712594 0.440791
f 1314/-1 1313/-2 1322/-3
vt 0.728187 0.386441
vt 0.728187 0.391490
vt 0.731330 0.391490
f 1315/-1 1327/-2 1316/-3
vt 0.724361 0.382296
vt 0.730170 0.386441
vt 0.725889 0.381918
f 1328/-1 1317/-2 1338/-3
vt 0.725889 0.381918
vt 0.731401 0.386441
vt 0.726885 0.382296
f 1329/-1 1318/-2 1328/-3
vt 0.702112 0.440791
vt 0.707036 0.442688
vt 0.703868 0.440791
f 1324/-1 1323/-2 1342/-3
vt 0.700960 0.437712
vt 0.705883 0.440791
vt 0.703868 0.437712
f 1335/-1 1325/-2 1343/-3
vt 0.703868 0.437712
vt 0.708063 0.440791
vt 0.707036 0.437712
f 1336/-1 1312/-2 1335/-3
vt 0.731330 0.391490
vt 0.730170 0.397252
vt 0.733658 0.397252
f 1307/-1 1330/-2 1315/-3
vt 0.730170 0.397252
vt 0.726885 0.403503
vt 0.731401 0.403503
f 1308/-1 1331/-2 1330/-3
vt 0.721735 0.403503
vt 0.727199 0.410003
vt 0.726885 0.403503
f 1331/-1 1309/-2 1351/-3
vt 0.721962 0.410003
vt 0.716153 0.416505
vt 0.721735 0.416505
f 1310/-1 1333/-2 1332/-3
vt 0.710328 0.416505
vt 0.715808 0.422756
vt 0.716153 0.416505
f 1333/-1 1319/-2 1353/-3
vt 0.715808 0.422756
vt 0.710328 0.428517
vt 0.715259 0.428517
f 1320/-1 1340/-2 1319/-3
vt 0.710328 0.428517
vt 0.714514 0.433568
vt 0.715259 0.428517
f 1320/-1 1321/-2 1340/-3
vt 0.714514 0.433568
vt 0.710328 0.437712
vt 0.713621 0.437712
f 1322/-1 1326/-2 1321/-3
vt 0.706150 0.433568
vt 0.710328 0.437712
vt 0.710328 0.433568
f 1341/-1 1326/-2 1356/-3
vt 0.722267 0.382296
vt 0.728187 0.386441
vt 0.724361 0.382296
f 1338/-1 1316/-2 1346/-3
vt 0.722267 0.386441
vt 0.728187 0.391490
vt 0.725513 0.386441
f 1337/-1 1327/-2 1357/-3
vt 0.724361 0.391490
vt 0.730170 0.397252
vt 0.728187 0.391490
f 1327/-1 1330/-2 1344/-3
vt 0.721060 0.379217
vt 0.724361 0.382296
vt 0.725889 0.381918
f 1328/-1 1338/-2 1350/-3
vt 0.716788 0.379217
vt 0.719704 0.382296
vt 0.722267 0.382296
f 1346/-1 1347/-2 1348/-3
vt 0.721060 0.379217
vt 0.719979 0.379032
vt 0.716788 0.379217
f 1348/-1 1349/-2 1350/-3
vt 0.722267 0.382296
vt 0.724361 0.382296
vt 0.721060 0.379217
f 1350/-1 1338/-2 1346/-3
vt 0.698404 0.437712
vt 0.703868 0.440791
vt 0.700960 0.437712
f 1343/-1 1324/-2 1362/-3
vt 0.700427 0.440768
vt 0.706150 0.442688
vt 0.702112 0.440791
f 1342/-1 1334/-2 1363/-3
vt 0.698404 0.433568
vt 0.703868 0.437712
vt 0.702112 0.433568
f 1355/-1 1335/-2 1364/-3
vt 0.702112 0.433568
vt 0.707036 0.437712
vt 0.706150 0.433568
f 1356/-1 1336/-2 1355/-3
vt 0.722267 0.386441
vt 0.722267 0.382296
vt 0.719704 0.382296
f 1347/-1 1346/-2 1357/-3
vt 0.714781 0.379217
vt 0.719704 0.382296
vt 0.716788 0.379217
f 1348/-1 1347/-2 1368/-3
vt 0.715259 0.377320
vt 0.716788 0.379217
vt 0.719979 0.379032
f 1349/-1 1348/-2 1369/-3
vt 0.725921 0.397252
vt 0.721735 0.403503
vt 0.726885 0.403503
f 1331/-1 1351/-2 1345/-3
vt 0.716153 0.403503
vt 0.721962 0.410003
vt 0.721735 0.403503
f 1351/-1 1332/-2 1372/-3
vt 0.716255 0.410003
vt 0.710328 0.416505
vt 0.716153 0.416505
f 1333/-1 1353/-2 1352/-3
vt 0.710328 0.416505
vt 0.704864 0.422756
vt 0.710328 0.422756
f 1339/-1 1360/-2 1353/-3
vt 0.704864 0.422756
vt 0.710328 0.428517
vt 0.710328 0.422756
f 1339/-1 1340/-2 1360/-3
vt 0.710328 0.428517
vt 0.706150 0.433568
vt 0.710328 0.433568
f 1341/-1 1356/-2 1340/-3
vt 0.718552 0.386441
vt 0.724361 0.391490
vt 0.722267 0.386441
f 1357/-1 1344/-2 1367/-3
vt 0.720002 0.391490
vt 0.725921 0.397252
vt 0.724361 0.391490
f 1344/-1 1345/-2 1365/-3
vt 0.719704 0.382296
vt 0.718552 0.386441
vt 0.722267 0.386441
f 1357/-1 1367/-2 1347/-3
vt 0.713621 0.377320
vt 0.714781 0.379217
vt 0.716788 0.379217
f 1348/-1 1368/-2 1359/-3
vt 0.713621 0.377320
vt 0.711488 0.377320
vt 0.712594 0.379217
f 1370/-1 1371/-2 1359/-3
vt 0.698404 0.433568
vt 0.698404 0.437712
vt 0.700960 0.437712
f 1343/-1 1362/-2 1364/-3
vt 0.699596 0.440791
vt 0.700427 0.440768
vt 0.702112 0.440791
f 1342/-1 1363/-2 1375/-3
vt 0.696303 0.437712
vt 0.695010 0.437767
vt 0.699596 0.440791
f 1375/-1 1376/-2 1377/-3
vt 0.699596 0.440791
vt 0.698404 0.437712
vt 0.696303 0.437712
f 1377/-1 1362/-2 1375/-3
vt 0.700670 0.428517
vt 0.698404 0.433568
vt 0.702112 0.433568
f 1355/-1 1364/-2 1378/-3
vt 0.705405 0.428517
vt 0.702112 0.433568
vt 0.706150 0.433568
f 1356/-1 1355/-2 1361/-3
vt 0.712594 0.379217
vt 0.716788 0.382296
vt 0.714781 0.379217
f 1368/-1 1358/-2 1370/-3
vt 0.713621 0.382296
vt 0.718552 0.386441
vt 0.716788 0.382296
f 1358/-1 1367/-2 1379/-3
vt 0.707036 0.377320
vt 0.705883 0.379217
vt 0.708063 0.379217
f 1385/-1 1381/-2 1383/-3
vt 0.705883 0.379217
vt 0.707036 0.377320
vt 0.703868 0.379217
f 1382/-1 1383/-2 1381/-3
vt 0.710328 0.379217
vt 0.712594 0.379217
vt 0.711488 0.377320
f 1371/-1 1370/-2 1384/-3
vt 0.711488 0.377320
vt 0.708063 0.379217
vt 0.710328 0.379217
f 1384/-1 1385/-2 1371/-3
vt 0.721060 0.397252
vt 0.716153 0.403503
vt 0.721735 0.403503
f 1351/-1 1372/-2 1366/-3
vt 0.710328 0.403503
vt 0.716255 0.410003
vt 0.716153 0.403503
f 1372/-1 1352/-2 1397/-3
vt 0.704409 0.410003
vt 0.710328 0.416505
vt 0.710328 0.410003
f 1373/-1 1353/-2 1398/-3
vt 0.704519 0.416505
vt 0.699596 0.422756
vt 0.704864 0.422756
f 1360/-1 1386/-2 1374/-3
vt 0.699596 0.422756
vt 0.705405 0.428517
vt 0.704864 0.422756
f 1360/-1 1361/-2 1386/-3
vt 0.690487 0.433568
vt 0.696303 0.437712
vt 0.692478 0.433568
f 1388/-1 1377/-2 1400/-3
vt 0.692478 0.433568
vt 0.698404 0.437712
vt 0.695143 0.433568
f 1387/-1 1362/-2 1388/-3
vt 0.718552 0.386441
vt 0.715259 0.391490
vt 0.720002 0.391490
f 1365/-1 1390/-2 1367/-3
vt 0.715259 0.391490
vt 0.721060 0.397252
vt 0.720002 0.391490
f 1365/-1 1366/-2 1390/-3
vt 0.712594 0.379217
vt 0.710328 0.382296
vt 0.713621 0.382296
f 1379/-1 1392/-2 1370/-3
vt 0.707036 0.382296
vt 0.705883 0.379217
vt 0.703868 0.382296
f 1393/-1 1381/-2 1396/-3
vt 0.700960 0.382296
vt 0.705883 0.379217
vt 0.703868 0.379217
f 1382/-1 1381/-2 1394/-3
vt 0.701329 0.378680
vt 0.707036 0.377320
vt 0.705405 0.377320
f 1395/-1 1383/-2 1406/-3
vt 0.710328 0.382296
vt 0.708063 0.379217
vt 0.707036 0.382296
f 1396/-1 1385/-2 1392/-3
vt 0.692478 0.428517
vt 0.698404 0.433568
vt 0.696303 0.428517
f 1389/-1 1364/-2 1408/-3
vt 0.699596 0.422756
vt 0.696303 0.428517
vt 0.700670 0.428517
f 1378/-1 1389/-2 1386/-3
vt 0.710328 0.382296
vt 0.714514 0.386441
vt 0.713621 0.382296
f 1379/-1 1380/-2 1392/-3
vt 0.714514 0.386441
vt 0.710328 0.391490
vt 0.715259 0.391490
f 1390/-1 1402/-2 1380/-3
vt 0.703868 0.379217
vt 0.698404 0.382296
vt 0.700960 0.382296
f 1394/-1 1403/-2 1382/-3
vt 0.698404 0.382296
vt 0.699596 0.379217
vt 0.694493 0.381857
f 1404/-1 1405/-2 1403/-3
vt 0.698404 0.382296
vt 0.703868 0.379217
vt 0.701329 0.378680
f 1406/-1 1382/-2 1403/-3
vt 0.715808 0.397252
vt 0.710328 0.403503
vt 0.716153 0.403503
f 1372/-1 1397/-2 1391/-3
vt 0.710328 0.403503
vt 0.704409 0.410003
vt 0.710328 0.410003
f 1373/-1 1398/-2 1397/-3
vt 0.704409 0.410003
vt 0.698929 0.416505
vt 0.704519 0.416505
f 1374/-1 1399/-2 1398/-3
vt 0.698929 0.416505
vt 0.694751 0.422756
vt 0.699596 0.422756
f 1386/-1 1407/-2 1399/-3
vt 0.686998 0.428517
vt 0.690487 0.433568
vt 0.692478 0.433568
f 1388/-1 1400/-2 1411/-3
vt 0.686998 0.428517
vt 0.685563 0.428517
vt 0.689263 0.433568
f 1409/-1 1410/-2 1411/-3
vt 0.692478 0.433568
vt 0.689334 0.428517
vt 0.686998 0.428517
f 1411/-1 1412/-2 1388/-3
vt 0.689263 0.433568
vt 0.695010 0.437767
vt 0.690487 0.433568
f 1400/-1 1376/-2 1409/-3
vt 0.692478 0.428517
vt 0.692478 0.433568
vt 0.695143 0.433568
f 1387/-1 1388/-2 1408/-3
vt 0.710328 0.391490
vt 0.715808 0.397252
vt 0.715259 0.391490
f 1390/-1 1391/-2 1402/-3
vt 0.710328 0.382296
vt 0.706150 0.386441
vt 0.710328 0.386441
f 1401/-1 1415/-2 1392/-3
vt 0.702112 0.386441
vt 0.707036 0.382296
vt 0.703868 0.382296
f 1393/-1 1396/-2 1416/-3
vt 0.702112 0.386441
vt 0.700960 0.382296
vt 0.698404 0.386441
f 1417/-1 1394/-2 1416/-3
vt 0.698404 0.386441
vt 0.698404 0.382296
vt 0.695143 0.386441
f 1418/-1 1403/-2 1417/-3
vt 0.698404 0.382296
vt 0.692478 0.386441
vt 0.695143 0.386441
f 1418/-1 1419/-2 1403/-3
vt 0.694493 0.381857
vt 0.693779 0.382296
vt 0.689263 0.386441
f 1420/-1 1421/-2 1404/-3
vt 0.692478 0.386441
vt 0.698404 0.382296
vt 0.694493 0.381857
f 1404/-1 1403/-2 1419/-3
vt 0.694751 0.422756
vt 0.692478 0.428517
vt 0.696303 0.428517
f 1389/-1 1408/-2 1407/-3
vt 0.684411 0.422756
vt 0.685563 0.428517
vt 0.686998 0.428517
f 1411/-1 1410/-2 1425/-3
vt 0.684411 0.422756
vt 0.689334 0.428517
vt 0.686998 0.422756
f 1426/-1 1412/-2 1425/-3
vt 0.706150 0.386441
vt 0.710328 0.391490
vt 0.710328 0.386441
f 1401/-1 1402/-2 1415/-3
vt 0.710328 0.391490
vt 0.704864 0.397252
vt 0.710328 0.397252
f 1414/-1 1428/-2 1402/-3
vt 0.692478 0.391490
vt 0.692478 0.386441
vt 0.689334 0.391490
f 1429/-1 1419/-2 1436/-3
vt 0.692478 0.386441
vt 0.686998 0.391490
vt 0.689334 0.391490
f 1429/-1 1430/-2 1419/-3
vt 0.686998 0.391490
vt 0.689263 0.386441
vt 0.685563 0.391490
f 1431/-1 1420/-2 1430/-3
vt 0.704864 0.397252
vt 0.710328 0.403503
vt 0.710328 0.397252
f 1414/-1 1397/-2 1428/-3
vt 0.698929 0.403503
vt 0.704409 0.410003
vt 0.704519 0.403503
f 1422/-1 1398/-2 1439/-3
vt 0.693465 0.410003
vt 0.698929 0.416505
vt 0.698710 0.410003
f 1423/-1 1399/-2 1440/-3
vt 0.693779 0.416505
vt 0.690487 0.422756
vt 0.694751 0.422756
f 1407/-1 1432/-2 1424/-3
vt 0.689334 0.428517
vt 0.690487 0.422756
vt 0.686998 0.422756
f 1426/-1 1432/-2 1412/-3
vt 0.702112 0.386441
vt 0.705405 0.391490
vt 0.706150 0.386441
f 1415/-1 1427/-2 1416/-3
vt 0.696303 0.391490
vt 0.702112 0.386441
vt 0.698404 0.386441
f 1417/-1 1416/-2 1435/-3
vt 0.692478 0.391490
vt 0.698404 0.386441
vt 0.695143 0.386441
f 1418/-1 1417/-2 1436/-3
vt 0.684411 0.397252
vt 0.689334 0.391490
vt 0.686998 0.391490
f 1430/-1 1429/-2 1437/-3
vt 0.684411 0.397252
vt 0.685563 0.391490
vt 0.682811 0.397252
f 1438/-1 1431/-2 1437/-3
vt 0.682811 0.416505
vt 0.682811 0.422756
vt 0.684411 0.422756
f 1425/-1 1433/-2 1442/-3
vt 0.682811 0.416505
vt 0.686998 0.422756
vt 0.685563 0.416505
f 1443/-1 1426/-2 1442/-3
vt 0.689263 0.416505
vt 0.686998 0.422756
vt 0.690487 0.422756
f 1432/-1 1426/-2 1441/-3
vt 0.705405 0.391490
vt 0.699596 0.397252
vt 0.704864 0.397252
f 1428/-1 1444/-2 1427/-3
vt 0.699596 0.397252
vt 0.704519 0.403503
vt 0.704864 0.397252
f 1428/-1 1422/-2 1444/-3
vt 0.690487 0.397252
vt 0.689334 0.391490
vt 0.686998 0.397252
f 1445/-1 1429/-2 1448/-3
vt 0.698929 0.403503
vt 0.693465 0.410003
vt 0.698710 0.410003
f 1423/-1 1440/-2 1439/-3
vt 0.693465 0.410003
vt 0.689263 0.416505
vt 0.693779 0.416505
f 1424/-1 1441/-2 1440/-3
vt 0.700670 0.391490
vt 0.694751 0.397252
vt 0.699596 0.397252
f 1444/-1 1447/-2 1434/-3
vt 0.694751 0.397252
vt 0.692478 0.391490
vt 0.690487 0.397252
f 1448/-1 1436/-2 1447/-3
vt 0.685563 0.403503
vt 0.684411 0.397252
vt 0.682811 0.403503
f 1449/-1 1437/-2 1455/-3
vt 0.682811 0.403503
vt 0.682811 0.397252
vt 0.681110 0.403503
f 1450/-1 1438/-2 1449/-3
vt 0.682279 0.410003
vt 0.681110 0.416505
vt 0.682811 0.416505
f 1442/-1 1446/-2 1453/-3
vt 0.682279 0.410003
vt 0.685563 0.416505
vt 0.685077 0.410003
f 1454/-1 1443/-2 1453/-3
vt 0.685077 0.410003
vt 0.689263 0.416505
vt 0.688856 0.410003
f 1452/-1 1441/-2 1454/-3
vt 0.694751 0.397252
vt 0.698929 0.403503
vt 0.699596 0.397252
f 1444/-1 1439/-2 1447/-3
vt 0.689263 0.403503
vt 0.686998 0.397252
vt 0.685563 0.403503
f 1455/-1 1445/-2 1457/-3
vt 0.693779 0.403503
vt 0.688856 0.410003
vt 0.693465 0.410003
f 1440/-1 1452/-2 1451/-3
vt 0.690487 0.397252
vt 0.693779 0.403503
vt 0.694751 0.397252
f 1447/-1 1451/-2 1448/-3
vt 0.682279 0.410003
vt 0.685563 0.403503
vt 0.682811 0.403503
f 1449/-1 1455/-2 1453/-3
vt 0.680538 0.410003
vt 0.682811 0.403503
vt 0.681110 0.403503
f 1450/-1 1449/-2 1456/-3
vt 0.689263 0.403503
vt 0.685077 0.410003
vt 0.688856 0.410003
f 1452/-1 1454/-2 1457/-3
vt 0.917996 0.082293
vt 0.894994 0.063962
vt 0.884709 0.063020
f 691/-1 692/-2 679/-3
vt 0.883051 0.413020
vt 0.882372 0.413019
vt 0.865930 0.125119
f 730/-1 701/-2 739/-3
vt 0.847425 0.082294
vt 0.880752 0.084782
vt 0.882501 0.084781
f 721/-1 683/-2 685/-3
vt 0.880752 0.084782
vt 0.847425 0.082294
vt 0.847425 0.082294
f 684/-1 685/-2 683/-3
vt 0.847425 0.082294
vt 0.853782 0.070965
vt 0.849054 0.076338
f 686/-1 687/-2 685/-3
vt 0.847425 0.082294
vt 0.870426 0.063963
vt 0.861147 0.066701
f 688/-1 689/-2 685/-3
vt 0.917996 0.082293
vt 0.884709 0.063020
vt 0.880713 0.063020
f 690/-1 691/-2 679/-3
vt 0.917996 0.082293
vt 0.904274 0.066700
vt 0.894994 0.063962
f 692/-1 693/-2 679/-3
vt 0.917996 0.082293
vt 0.916367 0.076337
vt 0.911639 0.070964
f 694/-1 695/-2 679/-3
vt 0.886081 0.085624
vt 0.917996 0.082293
vt 0.917996 0.082293
f 679/-1 678/-2 719/-3
vt 0.882372 0.413019
vt 0.917996 0.392862
vt 0.917996 0.392862
f 682/-1 696/-2 701/-3
vt 0.917996 0.392862
vt 0.911192 0.404711
vt 0.916252 0.399091
f 697/-1 698/-2 696/-3
vt 0.917996 0.392862
vt 0.893380 0.412032
vt 0.903311 0.409169
f 699/-1 700/-2 696/-3
vt 0.917996 0.392862
vt 0.887748 0.135424
vt 0.882372 0.413019
f 701/-1 702/-2 682/-3
vt 0.889662 0.091097
vt 0.889662 0.110203
vt 0.890514 0.110603
f 713/-1 714/-2 715/-3
vt 0.917996 0.392862
vt 0.890514 0.134119
vt 0.887748 0.135424
f 702/-1 703/-2 682/-3
vt 0.889662 0.091097
vt 0.890514 0.110603
vt 0.892940 0.112364
f 712/-1 713/-2 715/-3
vt 0.917996 0.392862
vt 0.892940 0.132359
vt 0.890514 0.134119
f 703/-1 704/-2 682/-3
vt 0.917996 0.082293
vt 0.892940 0.112364
vt 0.894929 0.114505
f 711/-1 712/-2 678/-3
vt 0.917996 0.392862
vt 0.894929 0.130216
vt 0.892940 0.132359
f 704/-1 705/-2 682/-3
vt 0.917996 0.082293
vt 0.894929 0.114505
vt 0.896407 0.116949
f 710/-1 711/-2 678/-3
vt 0.917996 0.392862
vt 0.896407 0.127772
vt 0.894929 0.130216
f 705/-1 706/-2 682/-3
vt 0.917996 0.082293
vt 0.896407 0.116949
vt 0.897320 0.119602
f 709/-1 710/-2 678/-3
vt 0.917996 0.392862
vt 0.917996 0.082293
vt 0.896407 0.127772
f 706/-1 678/-2 682/-3
vt 0.917996 0.082293
vt 0.889662 0.091097
vt 0.892940 0.112364
f 712/-1 715/-2 678/-3
vt 0.917996 0.392862
vt 0.882372 0.413019
vt 0.893380 0.412032
f 700/-1 701/-2 696/-3
vt 0.917996 0.082293
vt 0.847425 0.082294
vt 0.882501 0.084781
f 721/-1 685/-2 679/-3
vt 0.917996 0.392862
vt 0.903311 0.409169
vt 0.911192 0.404711
f 698/-1 699/-2 696/-3
vt 0.917996 0.082293
vt 0.882501 0.084781
vt 0.884353 0.084996
f 720/-1 721/-2 679/-3
vt 0.917996 0.082293
vt 0.897320 0.125119
vt 0.896407 0.127772
f 706/-1 707/-2 678/-3
vt 0.917996 0.082293
vt 0.884353 0.084996
vt 0.886081 0.085624
f 719/-1 720/-2 679/-3
vt 0.897626 0.122361
vt 0.897320 0.125119
vt 0.917996 0.082293
f 678/-1 707/-2 708/-3
vt 0.917996 0.082293
vt 0.886081 0.085624
vt 0.887566 0.086627
f 718/-1 719/-2 678/-3
vt 0.897320 0.119602
vt 0.897626 0.122361
vt 0.917996 0.082293
f 678/-1 708/-2 709/-3
vt 0.917996 0.082293
vt 0.887566 0.086627
vt 0.888702 0.087935
f 717/-1 718/-2 678/-3
vt 0.889419 0.089458
vt 0.889662 0.091097
vt 0.917996 0.082293
f 678/-1 715/-2 716/-3
vt 0.917996 0.082293
vt 0.880713 0.063020
vt 0.847425 0.082294
f 685/-1 690/-2 679/-3
vt 0.888702 0.087935
vt 0.889419 0.089458
vt 0.917996 0.082293
f 678/-1 716/-2 717/-3
vt 0.917996 0.082293
vt 0.911639 0.070964
vt 0.904274 0.066700
f 693/-1 694/-2 679/-3
vt 0.853782 0.070965
vt 0.847425 0.082294
vt 0.861147 0.066701
f 688/-1 685/-2 687/-3
vt 0.880713 0.063020
vt 0.870426 0.063963
vt 0.847425 0.082294
f 685/-1 689/-2 690/-3
vt 0.872735 0.110604
vt 0.873591 0.110199
vt 0.873591 0.091096
f 722/-1 723/-2 724/-3
vt 0.878900 0.084996
vt 0.880752 0.084782
vt 0.847425 0.082294
f 684/-1 683/-2 746/-3
vt 0.870310 0.112362
vt 0.872735 0.110604
vt 0.873591 0.091096
f 722/-1 724/-2 725/-3
vt 0.877172 0.085623
vt 0.878900 0.084996
vt 0.847425 0.082294
f 684/-1 746/-2 747/-3
vt 0.847425 0.082294
vt 0.873591 0.091096
vt 0.873834 0.089458
f 750/-1 722/-2 684/-3
vt 0.875687 0.086625
vt 0.877172 0.085623
vt 0.847425 0.082294
f 684/-1 747/-2 748/-3
vt 0.847425 0.082294
vt 0.870310 0.112362
vt 0.873591 0.091096
f 722/-1 725/-2 684/-3
vt 0.874551 0.087936
vt 0.875687 0.086625
vt 0.847425 0.082294
f 684/-1 748/-2 749/-3
vt 0.847425 0.082294
vt 0.868321 0.114506
vt 0.870310 0.112362
f 725/-1 726/-2 684/-3
vt 0.873834 0.089458
vt 0.874551 0.087936
vt 0.847425 0.082294
f 684/-1 749/-2 750/-3
vt 0.883051 0.413020
vt 0.847425 0.392863
vt 0.847425 0.392863
f 744/-1 745/-2 739/-3
vt 0.847425 0.392863
vt 0.849169 0.399092
vt 0.854229 0.404711
f 742/-1 743/-2 744/-3
vt 0.847425 0.392863
vt 0.862111 0.409170
vt 0.872042 0.412033
f 740/-1 741/-2 744/-3
vt 0.882372 0.413019
vt 0.887748 0.135424
vt 0.884745 0.136229
f 738/-1 702/-2 701/-3
vt 0.847425 0.392863
vt 0.872042 0.412033
vt 0.883051 0.413020
f 739/-1 740/-2 744/-3
vt 0.882372 0.413019
vt 0.884745 0.136229
vt 0.881625 0.136501
f 737/-1 738/-2 701/-3
vt 0.847425 0.392863
vt 0.854229 0.404711
vt 0.862111 0.409170
f 741/-1 742/-2 744/-3
vt 0.882372 0.413019
vt 0.881625 0.136501
vt 0.878503 0.136229
f 736/-1 737/-2 701/-3
vt 0.865930 0.125119
vt 0.847425 0.392863
vt 0.883051 0.413020
f 739/-1 745/-2 730/-3
vt 0.882372 0.413019
vt 0.878503 0.136229
vt 0.875500 0.135424
f 735/-1 736/-2 701/-3
vt 0.866841 0.116950
vt 0.868321 0.114506
vt 0.847425 0.082294
f 684/-1 726/-2 727/-3
vt 0.882372 0.413019
vt 0.875500 0.135424
vt 0.872735 0.134118
f 734/-1 735/-2 701/-3
vt 0.865930 0.119603
vt 0.866841 0.116950
vt 0.847425 0.082294
f 684/-1 727/-2 728/-3
vt 0.882372 0.413019
vt 0.872735 0.134118
vt 0.870309 0.132359
f 733/-1 734/-2 701/-3
vt 0.865623 0.122361
vt 0.865930 0.119603
vt 0.847425 0.082294
f 684/-1 728/-2 729/-3
vt 0.882372 0.413019
vt 0.870309 0.132359
vt 0.868321 0.130217
f 732/-1 733/-2 701/-3
vt 0.865930 0.125119
vt 0.847425 0.082294
vt 0.847425 0.392863
f 745/-1 684/-2 730/-3
vt 0.882372 0.413019
vt 0.868321 0.130217
vt 0.866841 0.127772
f 731/-1 732/-2 701/-3
vt 0.865930 0.125119
vt 0.865623 0.122361
vt 0.847425 0.082294
f 684/-1 729/-2 730/-3
vt 0.882372 0.413019
vt 0.866841 0.127772
vt 0.865930 0.125119
f 730/-1 731/-2 701/-3
vt 0.575000 0.075000
vt 0.575000 0.075000
vt 0.575000 0.075000
f 677/-1 678/-2 679/-3
vt 0.816055 0.103527
vt 0.816055 0.413973
vt 0.866303 0.413972
f 681/-1 682/-2 678/-3
vt 0.796745 0.410694
vt 0.802815 0.410694
vt 0.802815 0.361032
f 695/-1 764/-2 680/-3
vt 0.575000 0.075000
vt 0.575000 0.075000
vt 0.575000 0.075000
f 696/-1 682/-2 681/-3
vt 0.866303 0.414096
vt 0.916393 0.414097
vt 0.889364 0.165336
f 752/-1 753/-2 684/-3
vt 0.575000 0.075000
vt 0.575000 0.075000
vt 0.575000 0.075000
f 753/-1 754/-2 685/-3
vt 0.746675 0.321172
vt 0.796745 0.321172
vt 0.796361 0.314042
f 688/-1 687/-2 756/-3
vt 0.746291 0.314042
vt 0.796361 0.314042
vt 0.796101 0.304967
f 689/-1 688/-2 757/-3
vt 0.746031 0.304967
vt 0.796101 0.304967
vt 0.795990 0.294833
f 690/-1 689/-2 758/-3
vt 0.795990 0.294833
vt 0.795978 0.290883
vt 0.745909 0.290884
f 760/-1 691/-2 690/-3
vt 0.873509 0.312966
vt 0.872828 0.312968
vt 0.872830 0.362455
f 701/-1 769/-2 770/-3
vt 0.575000 0.075000
vt 0.575000 0.075000
vt 0.575000 0.075000
f 744/-1 775/-2 752/-3
vt 0.780771 0.370834
vt 0.780771 0.321172
vt 0.774520 0.321172
f 751/-1 765/-2 697/-3
vt 0.814407 0.410909
vt 0.814407 0.361403
vt 0.808382 0.361531
f 754/-1 755/-2 686/-3
vt 0.819842 0.410538
vt 0.819842 0.361032
vt 0.814407 0.361403
f 755/-1 756/-2 687/-3
vt 0.795978 0.290883
vt 0.796028 0.280684
vt 0.745958 0.280685
f 761/-1 692/-2 691/-3
vt 0.796028 0.280684
vt 0.796234 0.271416
vt 0.746164 0.271416
f 762/-1 693/-2 692/-3
vt 0.796234 0.271416
vt 0.796574 0.263988
vt 0.746505 0.263988
f 763/-1 694/-2 693/-3
vt 0.808382 0.361032
vt 0.802815 0.361032
vt 0.802815 0.410694
f 764/-1 695/-2 694/-3
vt 0.786312 0.370834
vt 0.786312 0.321172
vt 0.780771 0.321172
f 765/-1 766/-2 698/-3
vt 0.839789 0.362717
vt 0.839789 0.313284
vt 0.831787 0.313691
f 766/-1 767/-2 699/-3
vt 0.849799 0.362467
vt 0.849799 0.313034
vt 0.839789 0.313284
f 767/-1 768/-2 700/-3
vt 0.860837 0.362400
vt 0.860836 0.312966
vt 0.849799 0.313034
f 768/-1 769/-2 701/-3
vt 0.745911 0.370605
vt 0.756895 0.370727
vt 0.756895 0.321294
f 771/-1 740/-2 739/-3
vt 0.756895 0.370727
vt 0.766754 0.371026
vt 0.766754 0.321593
f 772/-1 741/-2 740/-3
vt 0.766754 0.371026
vt 0.774520 0.371473
vt 0.774520 0.322039
f 773/-1 742/-2 741/-3
vt 0.872828 0.313500
vt 0.867140 0.313103
vt 0.867140 0.362609
f 774/-1 743/-2 742/-3
vt 0.867140 0.313103
vt 0.860836 0.312966
vt 0.860837 0.362472
f 775/-1 744/-2 743/-3
vt 0.818901 0.312966
vt 0.818901 0.263988
vt 0.814055 0.263988
f 976/-1 977/-2 978/-3
vt 0.814055 0.312966
vt 0.814055 0.263988
vt 0.809237 0.263988
f 980/-1 976/-2 975/-3
vt 0.850943 0.286908
vt 0.851963 0.288343
vt 0.850433 0.282134
f 976/-1 992/-2 977/-3
vt 0.823586 0.312966
vt 0.823586 0.263988
vt 0.818901 0.263988
f 977/-1 1004/-2 1005/-3
vt 0.809237 0.312966
vt 0.809237 0.263988
vt 0.804630 0.263988
f 981/-1 980/-2 979/-3
vt 0.804630 0.312966
vt 0.804630 0.263988
vt 0.800412 0.263988
f 982/-1 981/-2 1006/-3
vt 0.800412 0.312966
vt 0.800412 0.263988
vt 0.796745 0.263988
f 983/-1 982/-2 1007/-3
vt 0.821938 0.263935
vt 0.869022 0.249400
vt 0.865729 0.249409
f 1011/-1 983/-2 1008/-3
vt 0.840809 0.300318
vt 0.840809 0.299304
vt 0.832028 0.299562
f 1015/-1 985/-2 984/-3
vt 0.840809 0.299304
vt 0.840809 0.296569
vt 0.832957 0.296569
f 1016/-1 986/-2 985/-3
vt 0.832957 0.296569
vt 0.840809 0.296569
vt 0.840809 0.295738
f 987/-1 986/-2 1016/-3
vt 0.840809 0.293774
vt 0.833519 0.293774
vt 0.840809 0.295738
f 987/-1 1017/-2 988/-3
vt 0.833519 0.293774
vt 0.840809 0.293774
vt 0.840809 0.293287
f 989/-1 988/-2 1017/-3
vt 0.840809 0.292187
vt 0.833837 0.292187
vt 0.840809 0.293287
f 989/-1 1018/-2 990/-3
vt 0.834250 0.288538
vt 0.833837 0.292187
vt 0.840809 0.292187
f 990/-1 1018/-2 1019/-3
vt 0.840809 0.288538
vt 0.834250 0.282030
vt 0.834250 0.287930
f 1020/-1 1021/-2 991/-3
vt 0.834250 0.276204
vt 0.840809 0.276181
vt 0.840809 0.276181
f 993/-1 992/-2 1022/-3
vt 0.840809 0.273656
vt 0.834242 0.276130
vt 0.840809 0.276181
f 993/-1 1023/-2 994/-3
vt 0.833837 0.272493
vt 0.834242 0.276130
vt 0.840809 0.273656
f 994/-1 1023/-2 1024/-3
vt 0.840809 0.270879
vt 0.833837 0.272493
vt 0.840809 0.272493
f 995/-1 1024/-2 996/-3
vt 0.833384 0.270165
vt 0.833837 0.272493
vt 0.840809 0.270879
f 996/-1 1024/-2 1025/-3
vt 0.840809 0.268620
vt 0.833384 0.270165
vt 0.840809 0.270165
f 997/-1 1025/-2 998/-3
vt 0.832957 0.267977
vt 0.833384 0.270165
vt 0.840809 0.268620
f 998/-1 1025/-2 1026/-3
vt 0.840809 0.265114
vt 0.832957 0.267977
vt 0.840809 0.267977
f 999/-1 1026/-2 1000/-3
vt 0.840809 0.264365
vt 0.843896 0.263988
vt 0.831773 0.263988
f 1028/-1 1029/-2 1001/-3
vt 0.756209 0.075000
vt 0.800167 0.089254
vt 0.803362 0.089493
f 1002/-1 1032/-2 1031/-3
vt 0.831773 0.312966
vt 0.831773 0.263988
vt 0.827933 0.263988
f 1003/-1 1002/-2 1031/-3
vt 0.827933 0.312966
vt 0.827933 0.263988
vt 0.823586 0.263988
f 1004/-1 1003/-2 1035/-3
vt 0.863179 0.242738
vt 0.819028 0.256367
vt 0.820522 0.260402
f 1009/-1 1036/-2 1037/-3
vt 0.832190 0.308707
vt 0.832036 0.303889
vt 0.831773 0.305429
f 1040/-1 1010/-2 1037/-3
vt 0.843721 0.300318
vt 0.843896 0.300379
vt 0.843896 0.300318
f 1011/-1 1013/-2 1012/-3
vt 0.877226 0.245804
vt 0.877161 0.243508
vt 0.864219 0.245646
f 1040/-1 1042/-2 1014/-3
vt 0.917365 0.081088
vt 0.917368 0.096991
vt 0.920011 0.083973
f 1042/-1 1044/-2 1015/-3
vt 0.914266 0.078539
vt 0.911395 0.096991
vt 0.917365 0.081088
f 1015/-1 1045/-2 1016/-3
vt 0.905424 0.096991
vt 0.909763 0.076131
vt 0.905422 0.075000
f 1020/-1 1018/-2 1046/-3
vt 0.899450 0.075000
vt 0.899453 0.096991
vt 0.905424 0.096991
f 1046/-1 1047/-2 1021/-3
vt 0.899448 0.096992
vt 0.899450 0.075000
vt 0.893478 0.075023
f 1023/-1 1021/-2 1047/-3
vt 0.881535 0.081652
vt 0.881537 0.096991
vt 0.887505 0.096992
f 1049/-1 1050/-2 1027/-3
vt 0.878889 0.084815
vt 0.878891 0.096991
vt 0.881537 0.096991
f 1050/-1 1051/-2 1052/-3
vt 0.798589 0.093300
vt 0.811294 0.097205
vt 0.811516 0.096301
f 1052/-1 1053/-2 1054/-3
vt 0.842861 0.264365
vt 0.843896 0.264365
vt 0.843896 0.263988
f 1029/-1 1032/-2 1030/-3
vt 0.788031 0.325825
vt 0.787706 0.323462
vt 0.787599 0.324026
f 1055/-1 1056/-2 1058/-3
vt 0.799041 0.092160
vt 0.754826 0.078571
vt 0.753359 0.082634
f 1059/-1 1034/-2 1033/-3
vt 0.817514 0.251986
vt 0.862536 0.240877
vt 0.864599 0.237451
f 1061/-1 1038/-2 1060/-3
vt 0.858895 0.167334
vt 0.861928 0.143844
vt 0.845256 0.126042
f 1067/-1 1075/-2 1066/-3
vt 0.864219 0.245646
vt 0.876717 0.241784
vt 0.873741 0.239006
f 1080/-1 1041/-2 1040/-3
vt 0.921674 0.086129
vt 0.921452 0.085719
vt 0.920013 0.096991
f 1043/-1 1041/-2 1082/-3
vt 0.917368 0.096991
vt 0.917365 0.118933
vt 0.920011 0.118933
f 1084/-1 1085/-2 1044/-3
vt 0.911395 0.096991
vt 0.911393 0.118932
vt 0.917365 0.118933
f 1085/-1 1086/-2 1045/-3
vt 0.905424 0.096991
vt 0.905422 0.118933
vt 0.911393 0.118932
f 1086/-1 1087/-2 1046/-3
vt 0.899453 0.096991
vt 0.899450 0.118933
vt 0.905422 0.118933
f 1087/-1 1088/-2 1047/-3
vt 0.893478 0.096999
vt 0.893478 0.118933
vt 0.899450 0.118933
f 1088/-1 1089/-2 1048/-3
vt 0.893478 0.096999
vt 0.893478 0.075023
vt 0.889828 0.076131
f 1024/-1 1023/-2 1048/-3
vt 0.881537 0.096991
vt 0.881535 0.118933
vt 0.887507 0.118933
f 1090/-1 1091/-2 1050/-3
vt 0.878891 0.096991
vt 0.878889 0.118933
vt 0.881535 0.118933
f 1091/-1 1092/-2 1051/-3
vt 0.877226 0.087425
vt 0.877226 0.097117
vt 0.878891 0.096991
f 1051/-1 1093/-2 1094/-3
vt 0.811054 0.098932
vt 0.811294 0.097205
vt 0.808791 0.101181
f 1096/-1 1053/-2 1094/-3
vt 0.808167 0.101571
vt 0.808791 0.101181
vt 0.797047 0.097572
f 1055/-1 1096/-2 1097/-3
vt 0.808204 0.131593
vt 0.796176 0.110654
vt 0.788585 0.124700
f 1112/-1 1114/-2 1099/-3
vt 0.751865 0.087034
vt 0.799038 0.101467
vt 0.796100 0.100564
f 1057/-1 1116/-2 1117/-3
vt 0.817514 0.251986
vt 0.864599 0.237451
vt 0.863122 0.232890
f 1119/-1 1061/-2 1060/-3
vt 0.787599 0.321172
vt 0.786788 0.323813
vt 0.786312 0.328590
f 1119/-1 1120/-2 1063/-3
vt 0.814656 0.242860
vt 0.861741 0.228326
vt 0.858097 0.226705
f 1064/-1 1120/-2 1123/-3
vt 0.919030 0.406357
vt 0.922111 0.410066
vt 0.925000 0.403247
f 1065/-1 1124/-2 1125/-3
vt 0.925000 0.403247
vt 0.925000 0.359269
vt 0.913056 0.402127
f 1128/-1 1066/-2 1065/-3
vt 0.913056 0.315860
vt 0.913056 0.359269
vt 0.925000 0.359269
f 1066/-1 1129/-2 1130/-3
vt 0.913057 0.265378
vt 0.913056 0.315860
vt 0.925000 0.315860
f 1067/-1 1130/-2 1131/-3
vt 0.913057 0.265378
vt 0.925000 0.265378
vt 0.924998 0.262950
f 1069/-1 1068/-2 1131/-3
vt 0.913057 0.262931
vt 0.925000 0.262931
vt 0.925000 0.261103
f 1070/-1 1069/-2 1132/-3
vt 0.843896 0.299401
vt 0.843896 0.311205
vt 0.846326 0.311205
f 1071/-1 1070/-2 1133/-3
vt 0.846326 0.287596
vt 0.850433 0.281694
vt 0.846326 0.275792
f 1139/-1 1145/-2 1138/-3
vt 0.843627 0.104554
vt 0.845110 0.103728
vt 0.819949 0.075380
f 1137/-1 1150/-2 1073/-3
vt 0.854299 0.123489
vt 0.845110 0.103728
vt 0.843627 0.104554
f 1073/-1 1150/-2 1151/-3
vt 0.863526 0.143264
vt 0.854299 0.123489
vt 0.852753 0.124181
f 1074/-1 1151/-2 1152/-3
vt 0.869567 0.163851
vt 0.863526 0.143264
vt 0.861928 0.143844
f 1075/-1 1152/-2 1153/-3
vt 0.872054 0.185450
vt 0.873741 0.185228
vt 0.869567 0.163851
f 1153/-1 1154/-2 1077/-3
vt 0.873795 0.207373
vt 0.875493 0.207292
vt 0.873741 0.185228
f 1154/-1 1155/-2 1078/-3
vt 0.874195 0.229790
vt 0.875893 0.229810
vt 0.875493 0.207292
f 1155/-1 1156/-2 1079/-3
vt 0.873741 0.239006
vt 0.875423 0.239362
vt 0.875893 0.229810
f 1156/-1 1081/-2 1080/-3
vt 0.877226 0.229829
vt 0.875893 0.229810
vt 0.875423 0.239362
f 1081/-1 1156/-2 1083/-3
vt 0.921672 0.119024
vt 0.921674 0.097117
vt 0.920013 0.096991
f 1043/-1 1083/-2 1211/-3
vt 0.917365 0.118933
vt 0.917365 0.140819
vt 0.920011 0.140819
f 1157/-1 1158/-2 1085/-3
vt 0.911393 0.118932
vt 0.911393 0.140819
vt 0.917365 0.140819
f 1158/-1 1159/-2 1086/-3
vt 0.905422 0.118933
vt 0.905422 0.140819
vt 0.911393 0.140819
f 1159/-1 1160/-2 1087/-3
vt 0.899450 0.118933
vt 0.899450 0.140819
vt 0.905422 0.140819
f 1160/-1 1161/-2 1088/-3
vt 0.893478 0.118933
vt 0.893478 0.140819
vt 0.899450 0.140819
f 1161/-1 1162/-2 1089/-3
vt 0.887505 0.096992
vt 0.887507 0.118933
vt 0.893478 0.118933
f 1089/-1 1090/-2 1049/-3
vt 0.881535 0.118933
vt 0.881535 0.140819
vt 0.887507 0.140819
f 1163/-1 1164/-2 1091/-3
vt 0.878889 0.118933
vt 0.878889 0.140819
vt 0.881535 0.140819
f 1164/-1 1165/-2 1092/-3
vt 0.878891 0.096991
vt 0.877226 0.097117
vt 0.877228 0.119023
f 1166/-1 1093/-2 1051/-3
vt 0.809835 0.100956
vt 0.810257 0.109141
vt 0.811578 0.109114
f 1093/-1 1167/-2 1095/-3
vt 0.808167 0.101571
vt 0.808561 0.109171
vt 0.810257 0.109141
f 1167/-1 1098/-2 1097/-3
vt 0.809900 0.131666
vt 0.810257 0.109141
vt 0.808561 0.109171
f 1098/-1 1167/-2 1168/-3
vt 0.808191 0.153732
vt 0.809900 0.131666
vt 0.808204 0.131593
f 1099/-1 1168/-2 1169/-3
vt 0.804083 0.175020
vt 0.808191 0.153732
vt 0.806507 0.153516
f 1100/-1 1169/-2 1170/-3
vt 0.796456 0.195130
vt 0.798053 0.195703
vt 0.804059 0.175108
f 1170/-1 1171/-2 1102/-3
vt 0.787313 0.214804
vt 0.788858 0.215488
vt 0.798053 0.195703
f 1171/-1 1172/-2 1103/-3
vt 0.778221 0.234435
vt 0.779703 0.235255
vt 0.788858 0.215488
f 1172/-1 1173/-2 1104/-3
vt 0.754579 0.263624
vt 0.779703 0.235255
vt 0.778221 0.234435
f 1104/-1 1173/-2 1140/-3
vt 0.843896 0.263988
vt 0.843896 0.275792
vt 0.846326 0.275792
f 1139/-1 1174/-2 1107/-3
vt 0.877226 0.262931
vt 0.889170 0.262931
vt 0.889170 0.261103
f 1174/-1 1175/-2 1108/-3
vt 0.877226 0.265378
vt 0.889170 0.265378
vt 0.889170 0.262931
f 1175/-1 1176/-2 1109/-3
vt 0.877226 0.265378
vt 0.877226 0.315860
vt 0.889170 0.315860
f 1177/-1 1110/-2 1109/-3
vt 0.877226 0.315860
vt 0.877226 0.359269
vt 0.889170 0.359269
f 1178/-1 1111/-2 1110/-3
vt 0.877226 0.403247
vt 0.889170 0.402551
vt 0.877226 0.359269
f 1111/-1 1179/-2 1112/-3
vt 0.880907 0.410066
vt 0.883988 0.406357
vt 0.877226 0.403247
f 1112/-1 1182/-2 1183/-3
vt 0.747785 0.100537
vt 0.793221 0.109810
vt 0.749023 0.096161
f 1185/-1 1113/-2 1187/-3
vt 0.833128 0.300442
vt 0.833128 0.300442
vt 0.833128 0.309990
f 1186/-1 1116/-2 1115/-3
vt 0.750401 0.091602
vt 0.797554 0.106094
vt 0.799038 0.101467
f 1116/-1 1188/-2 1189/-3
vt 0.816038 0.247425
vt 0.863122 0.232890
vt 0.861741 0.228326
f 1120/-1 1119/-2 1118/-3
vt 0.856533 0.220788
vt 0.812382 0.234417
vt 0.813422 0.238468
f 1121/-1 1190/-2 1124/-3
vt 0.855729 0.217233
vt 0.811578 0.230862
vt 0.812382 0.234417
f 1190/-1 1191/-2 1125/-3
vt 0.800501 0.358991
vt 0.800501 0.313209
vt 0.796745 0.312968
f 1191/-1 1192/-2 1126/-3
vt 0.804786 0.313388
vt 0.800626 0.358996
vt 0.802720 0.359551
f 1128/-1 1127/-2 1193/-3
vt 0.901113 0.315860
vt 0.901113 0.359269
vt 0.913056 0.359269
f 1129/-1 1195/-2 1196/-3
vt 0.901113 0.265378
vt 0.901113 0.315860
vt 0.913056 0.315860
f 1130/-1 1196/-2 1197/-3
vt 0.901113 0.265378
vt 0.913057 0.265378
vt 0.913055 0.262950
f 1132/-1 1131/-2 1197/-3
vt 0.901113 0.262931
vt 0.913057 0.262931
vt 0.913056 0.261103
f 1133/-1 1132/-2 1198/-3
vt 0.843896 0.287596
vt 0.843896 0.299401
vt 0.846326 0.299400
f 1134/-1 1133/-2 1199/-3
vt 0.917365 0.227553
vt 0.917365 0.261103
vt 0.920011 0.261103
f 1135/-1 1149/-2 1201/-3
vt 0.921672 0.227444
vt 0.920011 0.227553
vt 0.920011 0.261103
f 1135/-1 1200/-2 1202/-3
vt 0.845110 0.103728
vt 0.846280 0.103117
vt 0.821285 0.075000
f 1136/-1 1202/-2 1150/-3
vt 0.843896 0.275792
vt 0.843896 0.287596
vt 0.846326 0.287596
f 1138/-1 1199/-2 1174/-3
vt 0.779703 0.235255
vt 0.754579 0.263624
vt 0.755907 0.263988
f 1141/-1 1140/-2 1173/-3
vt 0.877228 0.227445
vt 0.877226 0.261103
vt 0.878889 0.261103
f 1142/-1 1141/-2 1203/-3
vt 0.878889 0.227553
vt 0.878889 0.261103
vt 0.881535 0.261103
f 1143/-1 1142/-2 1204/-3
vt 0.881535 0.227553
vt 0.881535 0.261103
vt 0.887507 0.261103
f 1144/-1 1143/-2 1205/-3
vt 0.887507 0.227553
vt 0.887507 0.261103
vt 0.893478 0.261103
f 1145/-1 1144/-2 1206/-3
vt 0.893478 0.227553
vt 0.893478 0.261103
vt 0.899450 0.261103
f 1146/-1 1145/-2 1207/-3
vt 0.899450 0.227553
vt 0.899450 0.261103
vt 0.905422 0.261103
f 1147/-1 1146/-2 1208/-3
vt 0.905422 0.227553
vt 0.905422 0.261103
vt 0.911393 0.261103
f 1148/-1 1147/-2 1209/-3
vt 0.911393 0.227553
vt 0.911393 0.261103
vt 0.917365 0.261103
f 1149/-1 1148/-2 1210/-3
vt 0.920011 0.140819
vt 0.921674 0.140877
vt 0.921672 0.119024
f 1211/-1 1241/-2 1157/-3
vt 0.917365 0.140819
vt 0.917367 0.162603
vt 0.920009 0.162605
f 1212/-1 1213/-2 1158/-3
vt 0.911393 0.140819
vt 0.911395 0.162603
vt 0.917367 0.162603
f 1213/-1 1214/-2 1159/-3
vt 0.905422 0.140819
vt 0.905424 0.162603
vt 0.911395 0.162603
f 1214/-1 1215/-2 1160/-3
vt 0.899450 0.140819
vt 0.899452 0.162603
vt 0.905424 0.162603
f 1215/-1 1216/-2 1161/-3
vt 0.893478 0.140819
vt 0.893480 0.162603
vt 0.899448 0.162605
f 1216/-1 1217/-2 1162/-3
vt 0.887507 0.118933
vt 0.887507 0.140819
vt 0.893478 0.140819
f 1162/-1 1163/-2 1090/-3
vt 0.881535 0.140819
vt 0.881537 0.162603
vt 0.887505 0.162605
f 1218/-1 1219/-2 1164/-3
vt 0.878889 0.140819
vt 0.878891 0.162603
vt 0.881537 0.162603
f 1219/-1 1220/-2 1165/-3
vt 0.877228 0.119023
vt 0.877226 0.140877
vt 0.878889 0.140819
f 1165/-1 1221/-2 1166/-3
vt 0.810257 0.109141
vt 0.809900 0.131666
vt 0.811220 0.131708
f 1166/-1 1168/-2 1167/-3
vt 0.889170 0.262931
vt 0.901113 0.262931
vt 0.901113 0.261103
f 1199/-1 1198/-2 1175/-3
vt 0.889170 0.265378
vt 0.901113 0.265378
vt 0.901111 0.262950
f 1198/-1 1197/-2 1176/-3
vt 0.889170 0.265378
vt 0.889170 0.315860
vt 0.901113 0.315860
f 1196/-1 1177/-2 1176/-3
vt 0.889170 0.315860
vt 0.889170 0.359269
vt 0.901113 0.359269
f 1195/-1 1178/-2 1177/-3
vt 0.823750 0.313388
vt 0.826607 0.359340
vt 0.827908 0.358995
f 1180/-1 1179/-2 1224/-3
vt 0.831787 0.358749
vt 0.831773 0.312966
vt 0.828033 0.313208
f 1222/-1 1225/-2 1182/-3
vt 0.790948 0.118152
vt 0.746733 0.104562
vt 0.745909 0.108081
f 1225/-1 1226/-2 1183/-3
vt 0.792000 0.114127
vt 0.747785 0.100537
vt 0.746733 0.104562
f 1226/-1 1187/-2 1184/-3
vt 0.749023 0.096161
vt 0.796176 0.110654
vt 0.797554 0.106094
f 1188/-1 1186/-2 1185/-3
vt 0.809435 0.313499
vt 0.804786 0.313388
vt 0.804786 0.360098
f 1194/-1 1193/-2 1227/-3
vt 0.913056 0.359269
vt 0.901113 0.359269
vt 0.906343 0.399612
f 1228/-1 1195/-2 1129/-3
vt 0.917365 0.205946
vt 0.917365 0.227553
vt 0.920011 0.227553
f 1200/-1 1201/-2 1230/-3
vt 0.878889 0.205946
vt 0.878889 0.227553
vt 0.881535 0.227553
f 1205/-1 1204/-2 1232/-3
vt 0.881535 0.205946
vt 0.881535 0.227553
vt 0.887507 0.227553
f 1206/-1 1205/-2 1231/-3
vt 0.887507 0.205946
vt 0.887507 0.227553
vt 0.893478 0.227553
f 1207/-1 1206/-2 1233/-3
vt 0.893478 0.205946
vt 0.893478 0.227553
vt 0.899450 0.227553
f 1208/-1 1207/-2 1234/-3
vt 0.899450 0.205946
vt 0.899450 0.227553
vt 0.905422 0.227553
f 1209/-1 1208/-2 1235/-3
vt 0.905422 0.205946
vt 0.905422 0.227553
vt 0.911393 0.227553
f 1210/-1 1209/-2 1236/-3
vt 0.911393 0.205946
vt 0.911393 0.227553
vt 0.917365 0.227553
f 1201/-1 1210/-2 1237/-3
vt 0.855519 0.122979
vt 0.846280 0.103117
vt 0.845110 0.103728
f 1150/-1 1202/-2 1238/-3
vt 0.864784 0.142836
vt 0.855519 0.122979
vt 0.854299 0.123489
f 1151/-1 1238/-2 1239/-3
vt 0.870892 0.163646
vt 0.864784 0.142836
vt 0.863526 0.143264
f 1152/-1 1239/-2 1240/-3
vt 0.873741 0.185228
vt 0.875064 0.185062
vt 0.870892 0.163646
f 1240/-1 1241/-2 1154/-3
vt 0.875493 0.207292
vt 0.876824 0.207226
vt 0.875064 0.185062
f 1241/-1 1211/-2 1155/-3
vt 0.875893 0.229810
vt 0.877226 0.229829
vt 0.876824 0.207226
f 1211/-1 1083/-2 1156/-3
vt 0.920009 0.162605
vt 0.921674 0.162628
vt 0.921674 0.140877
f 1241/-1 1240/-2 1212/-3
vt 0.917366 0.162661
vt 0.917365 0.184340
vt 0.920011 0.184339
f 1242/-1 1243/-2 1213/-3
vt 0.911394 0.162661
vt 0.911393 0.184340
vt 0.917365 0.184340
f 1243/-1 1244/-2 1214/-3
vt 0.905423 0.162661
vt 0.905422 0.184340
vt 0.911393 0.184340
f 1244/-1 1245/-2 1215/-3
vt 0.899451 0.162661
vt 0.899450 0.184340
vt 0.905422 0.184340
f 1245/-1 1246/-2 1216/-3
vt 0.893479 0.162661
vt 0.893478 0.184340
vt 0.899450 0.184340
f 1246/-1 1247/-2 1217/-3
vt 0.887507 0.140819
vt 0.887505 0.162605
vt 0.893480 0.162603
f 1217/-1 1218/-2 1163/-3
vt 0.881536 0.162661
vt 0.881535 0.184340
vt 0.887507 0.184339
f 1248/-1 1249/-2 1219/-3
vt 0.878890 0.162661
vt 0.878889 0.184340
vt 0.881535 0.184340
f 1249/-1 1250/-2 1220/-3
vt 0.877226 0.140877
vt 0.877226 0.162628
vt 0.878891 0.162603
f 1220/-1 1251/-2 1221/-3
vt 0.809900 0.131666
vt 0.808191 0.153732
vt 0.809505 0.153882
f 1221/-1 1169/-2 1168/-3
vt 0.805374 0.175301
vt 0.809505 0.153882
vt 0.808191 0.153732
f 1169/-1 1221/-2 1251/-3
vt 0.798053 0.195703
vt 0.799303 0.196115
vt 0.805374 0.175301
f 1251/-1 1252/-2 1171/-3
vt 0.788858 0.215488
vt 0.790071 0.215980
vt 0.799303 0.196115
f 1252/-1 1253/-2 1172/-3
vt 0.779703 0.235255
vt 0.780870 0.235844
vt 0.790071 0.215980
f 1253/-1 1203/-2 1173/-3
vt 0.889170 0.359269
vt 0.896675 0.399612
vt 0.901113 0.359269
f 1195/-1 1254/-2 1178/-3
vt 0.823750 0.360097
vt 0.823750 0.313388
vt 0.819103 0.313498
f 1255/-1 1224/-2 1223/-3
vt 0.814269 0.313536
vt 0.809435 0.313499
vt 0.809435 0.360796
f 1228/-1 1227/-2 1256/-3
vt 0.917365 0.184340
vt 0.917365 0.205946
vt 0.920011 0.205946
f 1229/-1 1230/-2 1243/-3
vt 0.921672 0.227444
vt 0.921674 0.205872
vt 0.920011 0.205946
f 1229/-1 1238/-2 1202/-3
vt 0.878889 0.205946
vt 0.877226 0.205873
vt 0.877228 0.227445
f 1203/-1 1253/-2 1232/-3
vt 0.878889 0.184340
vt 0.878889 0.205946
vt 0.881535 0.205946
f 1231/-1 1232/-2 1250/-3
vt 0.881535 0.184340
vt 0.881535 0.205946
vt 0.887507 0.205946
f 1233/-1 1231/-2 1249/-3
vt 0.887507 0.184339
vt 0.887507 0.205946
vt 0.893478 0.205946
f 1234/-1 1233/-2 1248/-3
vt 0.893478 0.184340
vt 0.893478 0.205946
vt 0.899450 0.205946
f 1235/-1 1234/-2 1247/-3
vt 0.899450 0.184340
vt 0.899450 0.205946
vt 0.905422 0.205946
f 1236/-1 1235/-2 1246/-3
vt 0.905422 0.184340
vt 0.905422 0.205946
vt 0.911393 0.205946
f 1237/-1 1236/-2 1245/-3
vt 0.911393 0.184340
vt 0.911393 0.205946
vt 0.917365 0.205946
f 1230/-1 1237/-2 1244/-3
vt 0.921674 0.184297
vt 0.921674 0.162628
vt 0.920012 0.162668
f 1212/-1 1240/-2 1239/-3
vt 0.887508 0.162661
vt 0.887507 0.184339
vt 0.893478 0.184340
f 1247/-1 1248/-2 1218/-3
vt 0.878890 0.162661
vt 0.877226 0.162628
vt 0.877226 0.184298
f 1252/-1 1251/-2 1220/-3
vt 0.814269 0.313536
vt 0.814665 0.361013
vt 0.819103 0.360796
f 1254/-1 1258/-2 1256/-3
vt 0.921674 0.205872
vt 0.921674 0.184297
vt 0.920011 0.184339
f 1242/-1 1239/-2 1238/-3
vt 0.878889 0.184340
vt 0.877226 0.184298
vt 0.877226 0.205873
f 1253/-1 1252/-2 1250/-3
vt 0.575000 0.075000
vt 0.575000 0.075000
vt 0.575000 0.075000
f 680/-1 677/-2 679/-3
vt 0.816055 0.103527
vt 0.866303 0.413972
vt 0.866303 0.103527
f 677/-1 681/-2 678/-3
vt 0.796745 0.410694
vt 0.802815 0.361032
vt 0.796745 0.361032
f 679/-1 695/-2 680/-3
vt 0.575000 0.075000
vt 0.575000 0.075000
vt 0.575000 0.075000
f 751/-1 696/-2 681/-3
vt 0.866303 0.414096
vt 0.889364 0.165336
vt 0.812247 0.177220
f 745/-1 752/-2 684/-3
vt 0.575000 0.075000
vt 0.575000 0.075000
vt 0.575000 0.075000
f 684/-1 753/-2 685/-3
vt 0.746675 0.321172
vt 0.796361 0.314042
vt 0.746291 0.314042
f 757/-1 688/-2 756/-3
vt 0.746291 0.314042
vt 0.796101 0.304967
vt 0.746031 0.304967
f 758/-1 689/-2 757/-3
vt 0.746031 0.304967
vt 0.795990 0.294833
vt 0.745920 0.294833
f 759/-1 690/-2 758/-3
vt 0.795990 0.294833
vt 0.745909 0.290884
vt 0.745920 0.294833
f 759/-1 760/-2 690/-3
vt 0.873509 0.312966
vt 0.872830 0.362455
vt 0.873509 0.362453
f 739/-1 701/-2 770/-3
vt 0.575000 0.075000
vt 0.575000 0.075000
vt 0.575000 0.075000
f 745/-1 744/-2 752/-3
vt 0.780771 0.370834
vt 0.774520 0.321172
vt 0.774520 0.370834
f 696/-1 751/-2 697/-3
vt 0.814407 0.410909
vt 0.808382 0.361531
vt 0.808382 0.411037
f 685/-1 754/-2 686/-3
vt 0.819842 0.410538
vt 0.814407 0.361403
vt 0.814407 0.410909
f 686/-1 755/-2 687/-3
vt 0.795978 0.290883
vt 0.745958 0.280685
vt 0.745909 0.290884
f 760/-1 761/-2 691/-3
vt 0.796028 0.280684
vt 0.746164 0.271416
vt 0.745958 0.280685
f 761/-1 762/-2 692/-3
vt 0.796234 0.271416
vt 0.746505 0.263988
vt 0.746164 0.271416
f 762/-1 763/-2 693/-3
vt 0.808382 0.361032
vt 0.802815 0.410694
vt 0.808382 0.410694
f 763/-1 764/-2 694/-3
vt 0.786312 0.370834
vt 0.780771 0.321172
vt 0.780771 0.370834
f 697/-1 765/-2 698/-3
vt 0.839789 0.362717
vt 0.831787 0.313691
vt 0.831787 0.363125
f 698/-1 766/-2 699/-3
vt 0.849799 0.362467
vt 0.839789 0.313284
vt 0.839789 0.362717
f 699/-1 767/-2 700/-3
vt 0.860837 0.362400
vt 0.849799 0.313034
vt 0.849799 0.362467
f 700/-1 768/-2 701/-3
vt 0.745911 0.370605
vt 0.756895 0.321294
vt 0.745909 0.321172
f 770/-1 771/-2 739/-3
vt 0.756895 0.370727
vt 0.766754 0.321593
vt 0.756895 0.321294
f 771/-1 772/-2 740/-3
vt 0.766754 0.371026
vt 0.774520 0.322039
vt 0.766754 0.321593
f 772/-1 773/-2 741/-3
vt 0.872828 0.313500
vt 0.867140 0.362609
vt 0.872828 0.363005
f 773/-1 774/-2 742/-3
vt 0.867140 0.313103
vt 0.860837 0.362472
vt 0.867140 0.362609
f 774/-1 775/-2 743/-3
vt 0.818901 0.312966
vt 0.814055 0.263988
vt 0.814055 0.312966
f 975/-1 976/-2 978/-3
vt 0.814055 0.312966
vt 0.809237 0.263988
vt 0.809237 0.312966
f 979/-1 980/-2 975/-3
vt 0.851963 0.288343
vt 0.850943 0.286908
vt 0.852384 0.291492
f 1004/-1 977/-2 992/-3
vt 0.851875 0.276005
vt 0.850875 0.277353
vt 0.850433 0.282134
f 976/-1 980/-2 991/-3
vt 0.855353 0.267848
vt 0.857563 0.264768
vt 0.854510 0.268500
f 982/-1 983/-2 986/-3
vt 0.854702 0.295710
vt 0.857808 0.299400
vt 0.858510 0.299962
f 1001/-1 1002/-2 1003/-3
vt 0.857656 0.265032
vt 0.858510 0.263988
vt 0.857563 0.264768
f 983/-1 984/-2 985/-3
vt 0.854702 0.295710
vt 0.858510 0.299962
vt 0.857898 0.299235
f 1000/-1 1001/-2 1003/-3
vt 0.855353 0.267848
vt 0.857656 0.265032
vt 0.857563 0.264768
f 983/-1 985/-2 986/-3
vt 0.854702 0.295710
vt 0.857898 0.299235
vt 0.855555 0.296451
f 999/-1 1000/-2 1003/-3
vt 0.853838 0.270697
vt 0.854510 0.268500
vt 0.852251 0.272750
f 981/-1 982/-2 988/-3
vt 0.852384 0.291492
vt 0.854702 0.295710
vt 0.855555 0.296451
f 999/-1 1003/-2 1004/-3
vt 0.854902 0.268696
vt 0.855353 0.267848
vt 0.854510 0.268500
f 982/-1 986/-2 987/-3
vt 0.852384 0.291492
vt 0.855555 0.296451
vt 0.855208 0.295820
f 998/-1 999/-2 1004/-3
vt 0.853838 0.270697
vt 0.854902 0.268696
vt 0.854510 0.268500
f 982/-1 987/-2 988/-3
vt 0.852384 0.291492
vt 0.855208 0.295820
vt 0.854374 0.294303
f 997/-1 998/-2 1004/-3
vt 0.853575 0.271194
vt 0.853838 0.270697
vt 0.852251 0.272750
f 981/-1 988/-2 989/-3
vt 0.852384 0.291492
vt 0.854374 0.294303
vt 0.853989 0.293601
f 996/-1 997/-2 1004/-3
vt 0.852979 0.272315
vt 0.853575 0.271194
vt 0.852251 0.272750
f 981/-1 989/-2 990/-3
vt 0.852384 0.291492
vt 0.853989 0.293601
vt 0.853118 0.292017
f 995/-1 996/-2 1004/-3
vt 0.851875 0.276005
vt 0.852979 0.272315
vt 0.852251 0.272750
f 981/-1 990/-2 991/-3
vt 0.852384 0.291492
vt 0.853118 0.292017
vt 0.852756 0.290866
f 994/-1 995/-2 1004/-3
vt 0.851875 0.276005
vt 0.852251 0.272750
vt 0.850875 0.277353
f 980/-1 981/-2 991/-3
vt 0.852384 0.291492
vt 0.852756 0.290866
vt 0.851970 0.288367
f 993/-1 994/-2 1004/-3
vt 0.851963 0.288343
vt 0.851875 0.276005
vt 0.850433 0.282134
f 976/-1 991/-2 992/-3
vt 0.852384 0.291492
vt 0.851970 0.288367
vt 0.851963 0.288343
f 992/-1 993/-2 1004/-3
vt 0.823586 0.312966
vt 0.818901 0.263988
vt 0.818901 0.312966
f 978/-1 977/-2 1005/-3
vt 0.809237 0.312966
vt 0.804630 0.263988
vt 0.804630 0.312966
f 1006/-1 981/-2 979/-3
vt 0.804630 0.312966
vt 0.800412 0.263988
vt 0.800412 0.312966
f 1007/-1 982/-2 1006/-3
vt 0.800412 0.312966
vt 0.796745 0.263988
vt 0.796745 0.312968
f 1008/-1 983/-2 1007/-3
vt 0.865729 0.249409
vt 0.820522 0.260402
vt 0.821938 0.263935
f 1008/-1 1009/-2 1011/-3
vt 0.865729 0.249409
vt 0.864673 0.246773
vt 0.820522 0.260402
f 1009/-1 1010/-2 1011/-3
vt 0.865729 0.249409
vt 0.869022 0.249400
vt 0.868663 0.248503
f 984/-1 983/-2 1011/-3
vt 0.831773 0.300379
vt 0.843896 0.300379
vt 0.843721 0.300318
f 1012/-1 1013/-2 1014/-3
vt 0.840809 0.300318
vt 0.832028 0.299562
vt 0.831773 0.300379
f 1014/-1 1015/-2 984/-3
vt 0.832028 0.299562
vt 0.840809 0.299304
vt 0.832957 0.296569
f 1016/-1 985/-2 1015/-3
vt 0.831773 0.300379
vt 0.843721 0.300318
vt 0.840809 0.300318
f 984/-1 1012/-2 1014/-3
vt 0.832957 0.296569
vt 0.840809 0.295738
vt 0.833519 0.293774
f 1017/-1 987/-2 1016/-3
vt 0.833519 0.293774
vt 0.840809 0.293287
vt 0.833837 0.292187
f 1018/-1 989/-2 1017/-3
vt 0.834250 0.288538
vt 0.840809 0.292187
vt 0.840809 0.288538
f 991/-1 990/-2 1019/-3
vt 0.834250 0.282030
vt 0.840809 0.288538
vt 0.840809 0.276181
f 992/-1 991/-2 1021/-3
vt 0.840809 0.288538
vt 0.834250 0.287930
vt 0.834250 0.288538
f 1019/-1 1020/-2 991/-3
vt 0.840809 0.276181
vt 0.834250 0.276204
vt 0.834250 0.282030
f 1021/-1 1022/-2 992/-3
vt 0.834250 0.276204
vt 0.840809 0.276181
vt 0.834242 0.276130
f 1023/-1 993/-2 1022/-3
vt 0.833837 0.272493
vt 0.840809 0.273656
vt 0.840809 0.272493
f 995/-1 994/-2 1024/-3
vt 0.833384 0.270165
vt 0.840809 0.270879
vt 0.840809 0.270165
f 997/-1 996/-2 1025/-3
vt 0.832957 0.267977
vt 0.840809 0.268620
vt 0.840809 0.267977
f 999/-1 998/-2 1026/-3
vt 0.840809 0.264365
vt 0.831773 0.263988
vt 0.831820 0.264146
f 1027/-1 1028/-2 1001/-3
vt 0.831820 0.264146
vt 0.832957 0.267977
vt 0.840809 0.265114
f 1000/-1 1026/-2 1027/-3
vt 0.840809 0.264365
vt 0.842861 0.264365
vt 0.843896 0.263988
f 1029/-1 1030/-2 1001/-3
vt 0.831820 0.264146
vt 0.840809 0.265114
vt 0.840809 0.264365
f 1001/-1 1000/-2 1027/-3
vt 0.800167 0.089254
vt 0.756209 0.075000
vt 0.754826 0.078571
f 1034/-1 1031/-2 1032/-3
vt 0.801152 0.089557
vt 0.803105 0.090158
vt 0.803362 0.089493
f 1002/-1 1001/-2 1030/-3
vt 0.754826 0.078571
vt 0.799041 0.092160
vt 0.800167 0.089254
f 1032/-1 1033/-2 1034/-3
vt 0.800167 0.089254
vt 0.801152 0.089557
vt 0.803362 0.089493
f 1002/-1 1030/-2 1032/-3
vt 0.831773 0.312966
vt 0.827933 0.263988
vt 0.827933 0.312966
f 1035/-1 1003/-2 1031/-3
vt 0.827933 0.312966
vt 0.823586 0.263988
vt 0.823586 0.312966
f 1005/-1 1004/-2 1035/-3
vt 0.863179 0.242738
vt 0.820522 0.260402
vt 0.864673 0.246773
f 1010/-1 1009/-2 1037/-3
vt 0.831890 0.309378
vt 0.832652 0.310692
vt 0.832190 0.308707
f 1037/-1 1038/-2 1039/-3
vt 0.832652 0.300379
vt 0.832622 0.300455
vt 0.831773 0.305429
f 1040/-1 1013/-2 1011/-3
vt 0.831773 0.305429
vt 0.831890 0.309378
vt 0.832190 0.308707
f 1037/-1 1039/-2 1040/-3
vt 0.832036 0.303889
vt 0.832652 0.300379
vt 0.831773 0.305429
f 1040/-1 1011/-2 1010/-3
vt 0.864219 0.245646
vt 0.865729 0.249409
vt 0.877226 0.245804
f 1014/-1 1013/-2 1040/-3
vt 0.877161 0.243508
vt 0.876717 0.241784
vt 0.864219 0.245646
f 1040/-1 1041/-2 1042/-3
vt 0.920011 0.083973
vt 0.918213 0.081781
vt 0.917365 0.081088
f 1015/-1 1014/-2 1042/-3
vt 0.917368 0.096991
vt 0.920013 0.096991
vt 0.920011 0.083973
f 1042/-1 1043/-2 1044/-3
vt 0.911395 0.096991
vt 0.914266 0.078539
vt 0.911393 0.077003
f 1017/-1 1016/-2 1045/-3
vt 0.911395 0.096991
vt 0.917368 0.096991
vt 0.917365 0.081088
f 1015/-1 1044/-2 1045/-3
vt 0.911393 0.077003
vt 0.905424 0.096991
vt 0.911395 0.096991
f 1045/-1 1046/-2 1017/-3
vt 0.909763 0.076131
vt 0.906038 0.075000
vt 0.905422 0.075000
f 1020/-1 1019/-2 1018/-3
vt 0.905424 0.096991
vt 0.911393 0.077003
vt 0.909763 0.076131
f 1018/-1 1017/-2 1046/-3
vt 0.899450 0.075000
vt 0.905424 0.096991
vt 0.905422 0.075000
f 1020/-1 1046/-2 1021/-3
vt 0.893478 0.075023
vt 0.893478 0.096999
vt 0.899448 0.096992
f 1047/-1 1048/-2 1023/-3
vt 0.899450 0.075000
vt 0.893553 0.075000
vt 0.893478 0.075023
f 1023/-1 1022/-2 1021/-3
vt 0.887505 0.096992
vt 0.885325 0.078539
vt 0.881535 0.081652
f 1027/-1 1026/-2 1049/-3
vt 0.885325 0.078539
vt 0.887505 0.096992
vt 0.887507 0.077373
f 1025/-1 1049/-2 1026/-3
vt 0.881537 0.096991
vt 0.881378 0.081781
vt 0.878889 0.084815
f 1052/-1 1028/-2 1050/-3
vt 0.881378 0.081781
vt 0.881537 0.096991
vt 0.881535 0.081652
f 1027/-1 1050/-2 1028/-3
vt 0.811578 0.093093
vt 0.800043 0.089547
vt 0.798589 0.093300
f 1054/-1 1029/-2 1028/-3
vt 0.798589 0.093300
vt 0.811516 0.096301
vt 0.811578 0.093093
f 1028/-1 1052/-2 1054/-3
vt 0.788718 0.334007
vt 0.788909 0.334445
vt 0.788090 0.330624
f 1033/-1 1032/-2 1029/-3
vt 0.788031 0.325825
vt 0.787599 0.324026
vt 0.787661 0.329071
f 1054/-1 1055/-2 1058/-3
vt 0.787661 0.329071
vt 0.788718 0.334007
vt 0.788090 0.330624
f 1033/-1 1029/-2 1054/-3
vt 0.788031 0.325825
vt 0.788908 0.321173
vt 0.787706 0.323462
f 1056/-1 1057/-2 1058/-3
vt 0.787661 0.329071
vt 0.788090 0.330624
vt 0.788031 0.325825
f 1058/-1 1033/-2 1054/-3
vt 0.799041 0.092160
vt 0.753359 0.082634
vt 0.797574 0.096224
f 1058/-1 1059/-2 1033/-3
vt 0.862536 0.240877
vt 0.817514 0.251986
vt 0.819028 0.256367
f 1036/-1 1060/-2 1038/-3
vt 0.862536 0.240877
vt 0.865470 0.239972
vt 0.864599 0.237451
f 1061/-1 1062/-2 1038/-3
vt 0.819028 0.256367
vt 0.863179 0.242738
vt 0.862536 0.240877
f 1038/-1 1037/-2 1036/-3
vt 0.865470 0.239972
vt 0.862989 0.242325
vt 0.873741 0.239006
f 1080/-1 1039/-2 1062/-3
vt 0.854206 0.214284
vt 0.858097 0.226705
vt 0.861030 0.225800
f 1063/-1 1064/-2 1065/-3
vt 0.865470 0.239972
vt 0.862536 0.240877
vt 0.862989 0.242325
f 1039/-1 1038/-2 1062/-3
vt 0.873795 0.207373
vt 0.854206 0.214284
vt 0.861030 0.225800
f 1063/-1 1065/-2 1078/-3
vt 0.874195 0.229790
vt 0.865470 0.239972
vt 0.873741 0.239006
f 1080/-1 1062/-2 1079/-3
vt 0.861030 0.225800
vt 0.874195 0.229790
vt 0.873795 0.207373
f 1078/-1 1079/-2 1063/-3
vt 0.858895 0.167334
vt 0.872054 0.185450
vt 0.867938 0.164321
f 1076/-1 1077/-2 1066/-3
vt 0.845256 0.126042
vt 0.861928 0.143844
vt 0.852753 0.124181
f 1074/-1 1075/-2 1067/-3
vt 0.814729 0.079535
vt 0.818244 0.075894
vt 0.817651 0.076077
f 1071/-1 1072/-2 1069/-3
vt 0.845256 0.126042
vt 0.852753 0.124181
vt 0.843627 0.104554
f 1073/-1 1074/-2 1067/-3
vt 0.858895 0.167334
vt 0.854206 0.214284
vt 0.872054 0.185450
f 1077/-1 1065/-2 1066/-3
vt 0.874195 0.229790
vt 0.861030 0.225800
vt 0.865470 0.239972
f 1062/-1 1063/-2 1079/-3
vt 0.843627 0.104554
vt 0.815321 0.081911
vt 0.845256 0.126042
f 1067/-1 1068/-2 1073/-3
vt 0.872054 0.185450
vt 0.854206 0.214284
vt 0.873795 0.207373
f 1078/-1 1065/-2 1077/-3
vt 0.843627 0.104554
vt 0.818244 0.075894
vt 0.815321 0.081911
f 1068/-1 1072/-2 1073/-3
vt 0.861928 0.143844
vt 0.858895 0.167334
vt 0.867938 0.164321
f 1076/-1 1066/-2 1075/-3
vt 0.815581 0.077401
vt 0.814729 0.079535
vt 0.817651 0.076077
f 1071/-1 1069/-2 1070/-3
vt 0.815321 0.081911
vt 0.818244 0.075894
vt 0.814729 0.079535
f 1069/-1 1072/-2 1068/-3
vt 0.873741 0.239006
vt 0.862989 0.242325
vt 0.864219 0.245646
f 1040/-1 1039/-2 1080/-3
vt 0.876658 0.241371
vt 0.875423 0.239362
vt 0.873741 0.239006
f 1080/-1 1081/-2 1082/-3
vt 0.873741 0.239006
vt 0.876717 0.241784
vt 0.876658 0.241371
f 1082/-1 1041/-2 1080/-3
vt 0.920013 0.096991
vt 0.921674 0.097117
vt 0.921674 0.086129
f 1082/-1 1083/-2 1043/-3
vt 0.921452 0.085719
vt 0.920011 0.083973
vt 0.920013 0.096991
f 1043/-1 1042/-2 1041/-3
vt 0.917368 0.096991
vt 0.920011 0.118933
vt 0.920013 0.096991
f 1043/-1 1084/-2 1044/-3
vt 0.911395 0.096991
vt 0.917365 0.118933
vt 0.917368 0.096991
f 1044/-1 1085/-2 1045/-3
vt 0.905424 0.096991
vt 0.911393 0.118932
vt 0.911395 0.096991
f 1045/-1 1086/-2 1046/-3
vt 0.899453 0.096991
vt 0.905422 0.118933
vt 0.905424 0.096991
f 1046/-1 1087/-2 1047/-3
vt 0.893478 0.096999
vt 0.899450 0.118933
vt 0.899453 0.096991
f 1047/-1 1088/-2 1048/-3
vt 0.887507 0.077373
vt 0.887505 0.096992
vt 0.893478 0.096999
f 1048/-1 1049/-2 1025/-3
vt 0.893478 0.096999
vt 0.889828 0.076131
vt 0.887507 0.077373
f 1025/-1 1024/-2 1048/-3
vt 0.881537 0.096991
vt 0.887507 0.118933
vt 0.887505 0.096992
f 1049/-1 1090/-2 1050/-3
vt 0.878891 0.096991
vt 0.881535 0.118933
vt 0.881537 0.096991
f 1050/-1 1091/-2 1051/-3
vt 0.878889 0.084815
vt 0.878139 0.085723
vt 0.877226 0.087425
f 1094/-1 1053/-2 1052/-3
vt 0.877226 0.087425
vt 0.878891 0.096991
vt 0.878889 0.084815
f 1052/-1 1051/-2 1094/-3
vt 0.808791 0.101181
vt 0.809835 0.100956
vt 0.811054 0.098932
f 1094/-1 1095/-2 1096/-3
vt 0.798589 0.093300
vt 0.797047 0.097572
vt 0.808791 0.101181
f 1096/-1 1055/-2 1054/-3
vt 0.808791 0.101181
vt 0.811294 0.097205
vt 0.798589 0.093300
f 1054/-1 1053/-2 1096/-3
vt 0.808167 0.101571
vt 0.797047 0.097572
vt 0.796868 0.098098
f 1056/-1 1055/-2 1097/-3
vt 0.799038 0.101467
vt 0.808167 0.101571
vt 0.796868 0.098098
f 1056/-1 1097/-2 1115/-3
vt 0.799038 0.101467
vt 0.796176 0.110654
vt 0.808561 0.109171
f 1098/-1 1114/-2 1115/-3
vt 0.793373 0.171644
vt 0.802430 0.174648
vt 0.806507 0.153516
f 1100/-1 1101/-2 1111/-3
vt 0.779808 0.212947
vt 0.787313 0.214804
vt 0.796456 0.195130
f 1102/-1 1103/-2 1110/-3
vt 0.749938 0.257102
vt 0.752876 0.263116
vt 0.778221 0.234435
f 1104/-1 1105/-2 1109/-3
vt 0.749350 0.259479
vt 0.750207 0.261611
vt 0.752281 0.262934
f 1106/-1 1107/-2 1108/-3
vt 0.752281 0.262934
vt 0.752876 0.263116
vt 0.749350 0.259479
f 1108/-1 1105/-2 1106/-3
vt 0.806507 0.153516
vt 0.788585 0.124700
vt 0.793373 0.171644
f 1111/-1 1112/-2 1100/-3
vt 0.752876 0.263116
vt 0.749938 0.257102
vt 0.749350 0.259479
f 1108/-1 1109/-2 1105/-3
vt 0.796176 0.110654
vt 0.793221 0.109810
vt 0.788585 0.124700
f 1112/-1 1113/-2 1114/-3
vt 0.779808 0.212947
vt 0.749938 0.257102
vt 0.778221 0.234435
f 1104/-1 1109/-2 1110/-3
vt 0.806507 0.153516
vt 0.808204 0.131593
vt 0.788585 0.124700
f 1112/-1 1099/-2 1100/-3
vt 0.779808 0.212947
vt 0.778221 0.234435
vt 0.787313 0.214804
f 1103/-1 1104/-2 1110/-3
vt 0.796868 0.098098
vt 0.796100 0.100564
vt 0.799038 0.101467
f 1115/-1 1057/-2 1056/-3
vt 0.793373 0.171644
vt 0.779808 0.212947
vt 0.796456 0.195130
f 1102/-1 1110/-2 1111/-3
vt 0.808561 0.109171
vt 0.808167 0.101571
vt 0.799038 0.101467
f 1115/-1 1097/-2 1098/-3
vt 0.802430 0.174648
vt 0.793373 0.171644
vt 0.796456 0.195130
f 1102/-1 1111/-2 1101/-3
vt 0.808561 0.109171
vt 0.796176 0.110654
vt 0.808204 0.131593
f 1099/-1 1114/-2 1098/-3
vt 0.796100 0.100564
vt 0.753359 0.082634
vt 0.751865 0.087034
f 1117/-1 1059/-2 1057/-3
vt 0.799038 0.101467
vt 0.799038 0.101467
vt 0.796100 0.100564
f 1057/-1 1115/-2 1116/-3
vt 0.796100 0.100564
vt 0.797574 0.096224
vt 0.753359 0.082634
f 1059/-1 1058/-2 1057/-3
vt 0.817514 0.251986
vt 0.863122 0.232890
vt 0.816038 0.247425
f 1118/-1 1119/-2 1060/-3
vt 0.786312 0.328590
vt 0.787599 0.336004
vt 0.787599 0.321172
f 1063/-1 1062/-2 1119/-3
vt 0.787599 0.336004
vt 0.786312 0.328590
vt 0.786788 0.333363
f 1061/-1 1119/-2 1062/-3
vt 0.858097 0.226705
vt 0.813422 0.238468
vt 0.814656 0.242860
f 1123/-1 1121/-2 1064/-3
vt 0.861741 0.228326
vt 0.861030 0.225800
vt 0.858097 0.226705
f 1064/-1 1063/-2 1120/-3
vt 0.858097 0.226705
vt 0.857573 0.224840
vt 0.813422 0.238468
f 1121/-1 1122/-2 1064/-3
vt 0.924401 0.414298
vt 0.925000 0.416248
vt 0.925000 0.403247
f 1065/-1 1064/-2 1122/-3
vt 0.925000 0.403247
vt 0.915150 0.403247
vt 0.915275 0.403313
f 1126/-1 1127/-2 1065/-3
vt 0.922111 0.410066
vt 0.924401 0.414298
vt 0.925000 0.403247
f 1065/-1 1122/-2 1124/-3
vt 0.925000 0.403247
vt 0.915275 0.403313
vt 0.919030 0.406357
f 1125/-1 1126/-2 1065/-3
vt 0.913056 0.402127
vt 0.915150 0.403247
vt 0.925000 0.403247
f 1065/-1 1127/-2 1128/-3
vt 0.925000 0.359269
vt 0.913056 0.359269
vt 0.913056 0.402127
f 1128/-1 1129/-2 1066/-3
vt 0.913056 0.315860
vt 0.925000 0.359269
vt 0.925000 0.315860
f 1067/-1 1066/-2 1130/-3
vt 0.913057 0.265378
vt 0.925000 0.315860
vt 0.925000 0.265378
f 1068/-1 1067/-2 1131/-3
vt 0.913057 0.265378
vt 0.924998 0.262950
vt 0.913055 0.262950
f 1132/-1 1069/-2 1131/-3
vt 0.913057 0.262931
vt 0.925000 0.261103
vt 0.913056 0.261103
f 1133/-1 1070/-2 1132/-3
vt 0.843896 0.299401
vt 0.846326 0.311205
vt 0.846326 0.299400
f 1134/-1 1071/-2 1133/-3
vt 0.846326 0.311205
vt 0.850433 0.307917
vt 0.850433 0.305303
f 1149/-1 1135/-2 1071/-3
vt 0.850433 0.307917
vt 0.848691 0.310764
vt 0.849966 0.309561
f 1136/-1 1137/-2 1135/-3
vt 0.850433 0.307917
vt 0.846326 0.311205
vt 0.846949 0.311205
f 1072/-1 1071/-2 1135/-3
vt 0.850433 0.293498
vt 0.846326 0.287596
vt 0.846326 0.299400
f 1134/-1 1138/-2 1147/-3
vt 0.850433 0.269890
vt 0.846326 0.263988
vt 0.846326 0.275792
f 1139/-1 1106/-2 1143/-3
vt 0.850433 0.267275
vt 0.848691 0.264428
vt 0.846949 0.263988
f 1105/-1 1140/-2 1142/-3
vt 0.848691 0.264428
vt 0.850433 0.267275
vt 0.849966 0.265631
f 1141/-1 1142/-2 1140/-3
vt 0.846326 0.275792
vt 0.850433 0.275792
vt 0.850433 0.269890
f 1143/-1 1144/-2 1139/-3
vt 0.846326 0.287596
vt 0.850433 0.287596
vt 0.850433 0.281694
f 1145/-1 1146/-2 1138/-3
vt 0.846326 0.299400
vt 0.850433 0.299401
vt 0.850433 0.293498
f 1147/-1 1148/-2 1134/-3
vt 0.846949 0.311205
vt 0.848691 0.310764
vt 0.850433 0.307917
f 1135/-1 1137/-2 1072/-3
vt 0.850433 0.305303
vt 0.846326 0.299400
vt 0.846326 0.311205
f 1071/-1 1134/-2 1149/-3
vt 0.850433 0.269890
vt 0.850433 0.267275
vt 0.846326 0.263988
f 1106/-1 1142/-2 1143/-3
vt 0.846949 0.263988
vt 0.846326 0.263988
vt 0.850433 0.267275
f 1142/-1 1106/-2 1105/-3
vt 0.846326 0.287596
vt 0.850433 0.293498
vt 0.850433 0.287596
f 1146/-1 1147/-2 1138/-3
vt 0.850433 0.299401
vt 0.846326 0.299400
vt 0.850433 0.305303
f 1149/-1 1134/-2 1148/-3
vt 0.850433 0.281694
vt 0.850433 0.275792
vt 0.846326 0.275792
f 1139/-1 1144/-2 1145/-3
vt 0.843627 0.104554
vt 0.819949 0.075380
vt 0.818244 0.075894
f 1072/-1 1137/-2 1073/-3
vt 0.854299 0.123489
vt 0.843627 0.104554
vt 0.852753 0.124181
f 1074/-1 1073/-2 1151/-3
vt 0.863526 0.143264
vt 0.852753 0.124181
vt 0.861928 0.143844
f 1075/-1 1074/-2 1152/-3
vt 0.869567 0.163851
vt 0.861928 0.143844
vt 0.867938 0.164321
f 1076/-1 1075/-2 1153/-3
vt 0.872054 0.185450
vt 0.869567 0.163851
vt 0.867938 0.164321
f 1076/-1 1153/-2 1077/-3
vt 0.873795 0.207373
vt 0.873741 0.185228
vt 0.872054 0.185450
f 1077/-1 1154/-2 1078/-3
vt 0.874195 0.229790
vt 0.875493 0.207292
vt 0.873795 0.207373
f 1078/-1 1155/-2 1079/-3
vt 0.873741 0.239006
vt 0.875893 0.229810
vt 0.874195 0.229790
f 1079/-1 1156/-2 1080/-3
vt 0.877226 0.229829
vt 0.875423 0.239362
vt 0.876658 0.241371
f 1082/-1 1081/-2 1083/-3
vt 0.921672 0.119024
vt 0.920013 0.096991
vt 0.920011 0.118933
f 1084/-1 1043/-2 1211/-3
vt 0.917365 0.118933
vt 0.920011 0.140819
vt 0.920011 0.118933
f 1084/-1 1157/-2 1085/-3
vt 0.911393 0.118932
vt 0.917365 0.140819
vt 0.917365 0.118933
f 1085/-1 1158/-2 1086/-3
vt 0.905422 0.118933
vt 0.911393 0.140819
vt 0.911393 0.118932
f 1086/-1 1159/-2 1087/-3
vt 0.899450 0.118933
vt 0.905422 0.140819
vt 0.905422 0.118933
f 1087/-1 1160/-2 1088/-3
vt 0.893478 0.118933
vt 0.899450 0.140819
vt 0.899450 0.118933
f 1088/-1 1161/-2 1089/-3
vt 0.887505 0.096992
vt 0.893478 0.118933
vt 0.893478 0.096999
f 1048/-1 1089/-2 1049/-3
vt 0.881535 0.118933
vt 0.887507 0.140819
vt 0.887507 0.118933
f 1090/-1 1163/-2 1091/-3
vt 0.878889 0.118933
vt 0.881535 0.140819
vt 0.881535 0.118933
f 1091/-1 1164/-2 1092/-3
vt 0.878891 0.096991
vt 0.877228 0.119023
vt 0.878889 0.118933
f 1092/-1 1166/-2 1051/-3
vt 0.809835 0.100956
vt 0.811578 0.109114
vt 0.811054 0.098932
f 1094/-1 1093/-2 1095/-3
vt 0.809835 0.100956
vt 0.808791 0.101181
vt 0.808167 0.101571
f 1097/-1 1096/-2 1095/-3
vt 0.808167 0.101571
vt 0.810257 0.109141
vt 0.809835 0.100956
f 1095/-1 1167/-2 1097/-3
vt 0.809900 0.131666
vt 0.808561 0.109171
vt 0.808204 0.131593
f 1099/-1 1098/-2 1168/-3
vt 0.808191 0.153732
vt 0.808204 0.131593
vt 0.806507 0.153516
f 1100/-1 1099/-2 1169/-3
vt 0.804083 0.175020
vt 0.806507 0.153516
vt 0.802430 0.174648
f 1101/-1 1100/-2 1170/-3
vt 0.796456 0.195130
vt 0.804059 0.175108
vt 0.802430 0.174648
f 1101/-1 1170/-2 1102/-3
vt 0.787313 0.214804
vt 0.798053 0.195703
vt 0.796456 0.195130
f 1102/-1 1171/-2 1103/-3
vt 0.778221 0.234435
vt 0.788858 0.215488
vt 0.787313 0.214804
f 1103/-1 1172/-2 1104/-3
vt 0.754579 0.263624
vt 0.778221 0.234435
vt 0.752876 0.263116
f 1105/-1 1104/-2 1140/-3
vt 0.843896 0.263988
vt 0.846326 0.275792
vt 0.846326 0.263988
f 1106/-1 1139/-2 1107/-3
vt 0.877226 0.262931
vt 0.889170 0.261103
vt 0.877226 0.261103
f 1107/-1 1174/-2 1108/-3
vt 0.877226 0.265378
vt 0.889170 0.262931
vt 0.877229 0.262955
f 1108/-1 1175/-2 1109/-3
vt 0.877226 0.265378
vt 0.889170 0.315860
vt 0.889170 0.265378
f 1176/-1 1177/-2 1109/-3
vt 0.877226 0.315860
vt 0.889170 0.359269
vt 0.889170 0.315860
f 1177/-1 1178/-2 1110/-3
vt 0.889170 0.402551
vt 0.877226 0.403247
vt 0.887868 0.403247
f 1180/-1 1112/-2 1179/-3
vt 0.889170 0.402551
vt 0.889170 0.359269
vt 0.877226 0.359269
f 1111/-1 1178/-2 1179/-3
vt 0.877226 0.403247
vt 0.877226 0.418828
vt 0.878617 0.414298
f 1184/-1 1113/-2 1112/-3
vt 0.887743 0.403313
vt 0.887868 0.403247
vt 0.877226 0.403247
f 1112/-1 1180/-2 1181/-3
vt 0.877226 0.403247
vt 0.878617 0.414298
vt 0.880907 0.410066
f 1183/-1 1184/-2 1112/-3
vt 0.883988 0.406357
vt 0.887743 0.403313
vt 0.877226 0.403247
f 1112/-1 1181/-2 1182/-3
vt 0.796176 0.110654
vt 0.796176 0.110654
vt 0.749023 0.096161
f 1185/-1 1186/-2 1114/-3
vt 0.793221 0.109810
vt 0.747785 0.100537
vt 0.792000 0.114127
f 1184/-1 1187/-2 1113/-3
vt 0.793221 0.109810
vt 0.796176 0.110654
vt 0.749023 0.096161
f 1185/-1 1114/-2 1113/-3
vt 0.833128 0.309990
vt 0.833147 0.310051
vt 0.833128 0.300442
f 1115/-1 1114/-2 1186/-3
vt 0.833128 0.300442
vt 0.832652 0.305216
vt 0.833128 0.309990
f 1186/-1 1188/-2 1116/-3
vt 0.750401 0.091602
vt 0.799038 0.101467
vt 0.751865 0.087034
f 1117/-1 1116/-2 1189/-3
vt 0.816038 0.247425
vt 0.861741 0.228326
vt 0.814656 0.242860
f 1123/-1 1120/-2 1118/-3
vt 0.856533 0.220788
vt 0.813422 0.238468
vt 0.857573 0.224840
f 1122/-1 1121/-2 1124/-3
vt 0.855729 0.217233
vt 0.812382 0.234417
vt 0.856533 0.220788
f 1124/-1 1190/-2 1125/-3
vt 0.800501 0.358991
vt 0.796745 0.312968
vt 0.796745 0.358750
f 1125/-1 1191/-2 1126/-3
vt 0.800626 0.358996
vt 0.804786 0.313388
vt 0.800501 0.313209
f 1192/-1 1193/-2 1127/-3
vt 0.804786 0.313388
vt 0.802720 0.359551
vt 0.804786 0.360098
f 1194/-1 1128/-2 1193/-3
vt 0.800501 0.313209
vt 0.800501 0.358991
vt 0.800626 0.358996
f 1127/-1 1126/-2 1192/-3
vt 0.901113 0.315860
vt 0.913056 0.359269
vt 0.913056 0.315860
f 1130/-1 1129/-2 1196/-3
vt 0.901113 0.265378
vt 0.913056 0.315860
vt 0.913057 0.265378
f 1131/-1 1130/-2 1197/-3
vt 0.901113 0.265378
vt 0.913055 0.262950
vt 0.901111 0.262950
f 1198/-1 1132/-2 1197/-3
vt 0.901113 0.262931
vt 0.913056 0.261103
vt 0.901113 0.261103
f 1199/-1 1133/-2 1198/-3
vt 0.843896 0.287596
vt 0.846326 0.299400
vt 0.846326 0.287596
f 1138/-1 1134/-2 1199/-3
vt 0.917365 0.227553
vt 0.920011 0.261103
vt 0.920011 0.227553
f 1200/-1 1135/-2 1201/-3
vt 0.921672 0.227444
vt 0.920011 0.261103
vt 0.921674 0.261086
f 1136/-1 1135/-2 1202/-3
vt 0.845110 0.103728
vt 0.821285 0.075000
vt 0.819949 0.075380
f 1137/-1 1136/-2 1150/-3
vt 0.843896 0.275792
vt 0.846326 0.287596
vt 0.846326 0.275792
f 1139/-1 1138/-2 1174/-3
vt 0.779703 0.235255
vt 0.755907 0.263988
vt 0.780870 0.235844
f 1203/-1 1141/-2 1173/-3
vt 0.877228 0.227445
vt 0.878889 0.261103
vt 0.878889 0.227553
f 1204/-1 1142/-2 1203/-3
vt 0.878889 0.227553
vt 0.881535 0.261103
vt 0.881535 0.227553
f 1205/-1 1143/-2 1204/-3
vt 0.881535 0.227553
vt 0.887507 0.261103
vt 0.887507 0.227553
f 1206/-1 1144/-2 1205/-3
vt 0.887507 0.227553
vt 0.893478 0.261103
vt 0.893478 0.227553
f 1207/-1 1145/-2 1206/-3
vt 0.893478 0.227553
vt 0.899450 0.261103
vt 0.899450 0.227553
f 1208/-1 1146/-2 1207/-3
vt 0.899450 0.227553
vt 0.905422 0.261103
vt 0.905422 0.227553
f 1209/-1 1147/-2 1208/-3
vt 0.905422 0.227553
vt 0.911393 0.261103
vt 0.911393 0.227553
f 1210/-1 1148/-2 1209/-3
vt 0.911393 0.227553
vt 0.917365 0.261103
vt 0.917365 0.227553
f 1201/-1 1149/-2 1210/-3
vt 0.920011 0.140819
vt 0.921672 0.119024
vt 0.920011 0.118933
f 1084/-1 1211/-2 1157/-3
vt 0.917365 0.140819
vt 0.920009 0.162605
vt 0.920011 0.140819
f 1157/-1 1212/-2 1158/-3
vt 0.911393 0.140819
vt 0.917367 0.162603
vt 0.917365 0.140819
f 1158/-1 1213/-2 1159/-3
vt 0.905422 0.140819
vt 0.911395 0.162603
vt 0.911393 0.140819
f 1159/-1 1214/-2 1160/-3
vt 0.899450 0.140819
vt 0.905424 0.162603
vt 0.905422 0.140819
f 1160/-1 1215/-2 1161/-3
vt 0.893478 0.140819
vt 0.899448 0.162605
vt 0.899450 0.140819
f 1161/-1 1216/-2 1162/-3
vt 0.887507 0.118933
vt 0.893478 0.140819
vt 0.893478 0.118933
f 1089/-1 1162/-2 1090/-3
vt 0.881535 0.140819
vt 0.887505 0.162605
vt 0.887507 0.140819
f 1163/-1 1218/-2 1164/-3
vt 0.878889 0.140819
vt 0.881537 0.162603
vt 0.881535 0.140819
f 1164/-1 1219/-2 1165/-3
vt 0.877228 0.119023
vt 0.878889 0.140819
vt 0.878889 0.118933
f 1092/-1 1165/-2 1166/-3
vt 0.810257 0.109141
vt 0.811220 0.131708
vt 0.811578 0.109114
f 1093/-1 1166/-2 1167/-3
vt 0.889170 0.262931
vt 0.901113 0.261103
vt 0.889170 0.261103
f 1174/-1 1199/-2 1175/-3
vt 0.889170 0.265378
vt 0.901111 0.262950
vt 0.889173 0.262955
f 1175/-1 1198/-2 1176/-3
vt 0.889170 0.265378
vt 0.901113 0.315860
vt 0.901113 0.265378
f 1197/-1 1196/-2 1176/-3
vt 0.889170 0.315860
vt 0.901113 0.359269
vt 0.901113 0.315860
f 1196/-1 1195/-2 1177/-3
vt 0.827908 0.358995
vt 0.828033 0.313208
vt 0.823750 0.313388
f 1224/-1 1222/-2 1180/-3
vt 0.823750 0.313388
vt 0.823750 0.360097
vt 0.826607 0.359340
f 1179/-1 1223/-2 1224/-3
vt 0.827908 0.358995
vt 0.828033 0.358990
vt 0.828033 0.313208
f 1222/-1 1181/-2 1180/-3
vt 0.831787 0.358749
vt 0.828033 0.313208
vt 0.828033 0.358990
f 1181/-1 1222/-2 1182/-3
vt 0.790948 0.118152
vt 0.745909 0.108081
vt 0.790124 0.121671
f 1182/-1 1225/-2 1183/-3
vt 0.792000 0.114127
vt 0.746733 0.104562
vt 0.790948 0.118152
f 1183/-1 1226/-2 1184/-3
vt 0.749023 0.096161
vt 0.797554 0.106094
vt 0.750401 0.091602
f 1189/-1 1188/-2 1185/-3
vt 0.809435 0.313499
vt 0.804786 0.360098
vt 0.809435 0.360796
f 1228/-1 1194/-2 1227/-3
vt 0.901113 0.359269
vt 0.901113 0.399175
vt 0.901509 0.399136
f 1257/-1 1258/-2 1195/-3
vt 0.910991 0.401023
vt 0.913056 0.402127
vt 0.913056 0.359269
f 1129/-1 1128/-2 1194/-3
vt 0.901113 0.359269
vt 0.901509 0.399136
vt 0.906343 0.399612
f 1228/-1 1257/-2 1195/-3
vt 0.906343 0.399612
vt 0.910991 0.401023
vt 0.913056 0.359269
f 1129/-1 1194/-2 1228/-3
vt 0.917365 0.205946
vt 0.920011 0.227553
vt 0.920011 0.205946
f 1229/-1 1200/-2 1230/-3
vt 0.878889 0.205946
vt 0.881535 0.227553
vt 0.881535 0.205946
f 1231/-1 1205/-2 1232/-3
vt 0.881535 0.205946
vt 0.887507 0.227553
vt 0.887507 0.205946
f 1233/-1 1206/-2 1231/-3
vt 0.887507 0.205946
vt 0.893478 0.227553
vt 0.893478 0.205946
f 1234/-1 1207/-2 1233/-3
vt 0.893478 0.205946
vt 0.899450 0.227553
vt 0.899450 0.205946
f 1235/-1 1208/-2 1234/-3
vt 0.899450 0.205946
vt 0.905422 0.227553
vt 0.905422 0.205946
f 1236/-1 1209/-2 1235/-3
vt 0.905422 0.205946
vt 0.911393 0.227553
vt 0.911393 0.205946
f 1237/-1 1210/-2 1236/-3
vt 0.911393 0.205946
vt 0.917365 0.227553
vt 0.917365 0.205946
f 1230/-1 1201/-2 1237/-3
vt 0.855519 0.122979
vt 0.845110 0.103728
vt 0.854299 0.123489
f 1151/-1 1150/-2 1238/-3
vt 0.864784 0.142836
vt 0.854299 0.123489
vt 0.863526 0.143264
f 1152/-1 1151/-2 1239/-3
vt 0.870892 0.163646
vt 0.863526 0.143264
vt 0.869567 0.163851
f 1153/-1 1152/-2 1240/-3
vt 0.873741 0.185228
vt 0.870892 0.163646
vt 0.869567 0.163851
f 1153/-1 1240/-2 1154/-3
vt 0.875493 0.207292
vt 0.875064 0.185062
vt 0.873741 0.185228
f 1154/-1 1241/-2 1155/-3
vt 0.875893 0.229810
vt 0.876824 0.207226
vt 0.875493 0.207292
f 1155/-1 1211/-2 1156/-3
vt 0.920009 0.162605
vt 0.921674 0.140877
vt 0.920011 0.140819
f 1157/-1 1241/-2 1212/-3
vt 0.917366 0.162661
vt 0.920011 0.184339
vt 0.920012 0.162668
f 1212/-1 1242/-2 1213/-3
vt 0.911394 0.162661
vt 0.917365 0.184340
vt 0.917366 0.162661
f 1213/-1 1243/-2 1214/-3
vt 0.905423 0.162661
vt 0.911393 0.184340
vt 0.911394 0.162661
f 1214/-1 1244/-2 1215/-3
vt 0.899451 0.162661
vt 0.905422 0.184340
vt 0.905423 0.162661
f 1215/-1 1245/-2 1216/-3
vt 0.893479 0.162661
vt 0.899450 0.184340
vt 0.899449 0.162658
f 1216/-1 1246/-2 1217/-3
vt 0.887507 0.140819
vt 0.893480 0.162603
vt 0.893478 0.140819
f 1162/-1 1217/-2 1163/-3
vt 0.881536 0.162661
vt 0.887507 0.184339
vt 0.887508 0.162661
f 1218/-1 1248/-2 1219/-3
vt 0.878890 0.162661
vt 0.881535 0.184340
vt 0.881536 0.162661
f 1219/-1 1249/-2 1220/-3
vt 0.877226 0.140877
vt 0.878891 0.162603
vt 0.878889 0.140819
f 1165/-1 1220/-2 1221/-3
vt 0.809900 0.131666
vt 0.809505 0.153882
vt 0.811220 0.131708
f 1166/-1 1221/-2 1168/-3
vt 0.805374 0.175301
vt 0.808191 0.153732
vt 0.804083 0.175020
f 1170/-1 1169/-2 1251/-3
vt 0.798053 0.195703
vt 0.805374 0.175301
vt 0.804059 0.175108
f 1170/-1 1251/-2 1171/-3
vt 0.788858 0.215488
vt 0.799303 0.196115
vt 0.798053 0.195703
f 1171/-1 1252/-2 1172/-3
vt 0.779703 0.235255
vt 0.790071 0.215980
vt 0.788858 0.215488
f 1172/-1 1253/-2 1173/-3
vt 0.892027 0.401023
vt 0.889170 0.359269
vt 0.889170 0.402551
f 1179/-1 1178/-2 1223/-3
vt 0.896675 0.399612
vt 0.901113 0.399175
vt 0.901113 0.359269
f 1195/-1 1258/-2 1254/-3
vt 0.896675 0.399612
vt 0.889170 0.359269
vt 0.892027 0.401023
f 1223/-1 1178/-2 1254/-3
vt 0.823750 0.360097
vt 0.819103 0.313498
vt 0.819103 0.360796
f 1254/-1 1255/-2 1223/-3
vt 0.814269 0.313536
vt 0.809435 0.360796
vt 0.814269 0.361032
f 1257/-1 1228/-2 1256/-3
vt 0.917365 0.184340
vt 0.920011 0.205946
vt 0.920011 0.184339
f 1242/-1 1229/-2 1243/-3
vt 0.921672 0.227444
vt 0.920011 0.205946
vt 0.920011 0.227553
f 1200/-1 1229/-2 1202/-3
vt 0.878889 0.205946
vt 0.877228 0.227445
vt 0.878889 0.227553
f 1204/-1 1203/-2 1232/-3
vt 0.878889 0.184340
vt 0.881535 0.205946
vt 0.881535 0.184340
f 1249/-1 1231/-2 1250/-3
vt 0.881535 0.184340
vt 0.887507 0.205946
vt 0.887507 0.184339
f 1248/-1 1233/-2 1249/-3
vt 0.887507 0.184339
vt 0.893478 0.205946
vt 0.893478 0.184340
f 1247/-1 1234/-2 1248/-3
vt 0.893478 0.184340
vt 0.899450 0.205946
vt 0.899450 0.184340
f 1246/-1 1235/-2 1247/-3
vt 0.899450 0.184340
vt 0.905422 0.205946
vt 0.905422 0.184340
f 1245/-1 1236/-2 1246/-3
vt 0.905422 0.184340
vt 0.911393 0.205946
vt 0.911393 0.184340
f 1244/-1 1237/-2 1245/-3
vt 0.911393 0.184340
vt 0.917365 0.205946
vt 0.917365 0.184340
f 1243/-1 1230/-2 1244/-3
vt 0.921674 0.184297
vt 0.920012 0.162668
vt 0.920011 0.184339
f 1242/-1 1212/-2 1239/-3
vt 0.887508 0.162661
vt 0.893478 0.184340
vt 0.893479 0.162661
f 1217/-1 1247/-2 1218/-3
vt 0.878890 0.162661
vt 0.877226 0.184298
vt 0.878889 0.184340
f 1250/-1 1252/-2 1220/-3
vt 0.819103 0.360796
vt 0.819103 0.313498
vt 0.814269 0.313536
f 1256/-1 1255/-2 1254/-3
vt 0.814269 0.313536
vt 0.814269 0.361032
vt 0.814665 0.361013
f 1258/-1 1257/-2 1256/-3
vt 0.921674 0.205872
vt 0.920011 0.184339
vt 0.920011 0.205946
f 1229/-1 1242/-2 1238/-3
vt 0.878889 0.184340
vt 0.877226 0.205873
vt 0.878889 0.205946
f 1232/-1 1253/-2 1250/-3
vt 0.671542 0.097466
vt 0.671542 0.097466
vt 0.671542 0.097466
f 721/-1 1458/-2 1459/-3
vt 0.671542 0.097466
vt 0.671542 0.097466
vt 0.561351 0.083202
f 683/-1 1459/-2 1460/-3
vt 0.671542 0.097466
vt 0.671542 0.097466
vt 0.671542 0.097466
f 720/-1 1473/-2 1458/-3
vt 0.671542 0.097466
vt 0.671542 0.097466
vt 0.671542 0.097466
f 746/-1 1460/-2 1472/-3
vt 0.671542 0.097466
vt 0.671542 0.097466
vt 0.671542 0.097466
f 1479/-1 1480/-2 1461/-3
vt 0.671542 0.097466
vt 0.671542 0.097466
vt 0.671542 0.097466
f 714/-1 1461/-2 1478/-3
vt 0.671542 0.097466
vt 0.671542 0.097466
vt 0.671542 0.097466
f 715/-1 1478/-2 1477/-3
vt 0.671542 0.097466
vt 0.671542 0.097466
vt 0.671542 0.097466
f 716/-1 1477/-2 1476/-3
vt 0.671542 0.097466
vt 0.671542 0.097466
vt 0.671542 0.097466
f 717/-1 1476/-2 1475/-3
vt 0.671542 0.097466
vt 0.671542 0.097466
vt 0.671542 0.097466
f 718/-1 1475/-2 1474/-3
vt 0.671542 0.097466
vt 0.671542 0.097466
vt 0.671542 0.097466
f 719/-1 1474/-2 1473/-3
vt 0.671542 0.097466
vt 0.671542 0.097466
vt 0.671542 0.097466
f 747/-1 1472/-2 1471/-3
vt 0.671542 0.097466
vt 0.671542 0.097466
vt 0.671542 0.097466
f 748/-1 1471/-2 1470/-3
vt 0.671542 0.097466
vt 0.671542 0.097466
vt 0.671542 0.097466
f 749/-1 1470/-2 1469/-3
vt 0.671542 0.097466
vt 0.671542 0.097466
vt 0.671542 0.097466
f 750/-1 1469/-2 1468/-3
vt 0.839947 0.102220
vt 0.671542 0.097466
vt 0.671542 0.097466
f 722/-1 1468/-2 1467/-3
vt 0.671542 0.097466
vt 0.671542 0.097466
vt 0.671542 0.097466
f 712/-1 1506/-2 1479/-3
vt 0.671542 0.097466
vt 0.671542 0.097466
vt 0.896082 0.152141
f 724/-1 1482/-2 1505/-3
vt 0.671542 0.097466
vt 0.671542 0.097466
vt 0.671542 0.097466
f 706/-1 1487/-2 1486/-3
vt 0.671542 0.097466
vt 0.671542 0.097466
vt 0.671542 0.097466
f 707/-1 1486/-2 1510/-3
vt 0.671542 0.097466
vt 0.671542 0.097466
vt 0.671542 0.097466
f 708/-1 1510/-2 1509/-3
vt 0.671542 0.097466
vt 0.671542 0.097466
vt 0.671542 0.097466
f 709/-1 1509/-2 1508/-3
vt 0.671542 0.097466
vt 0.671542 0.097466
vt 0.671542 0.097466
f 710/-1 1508/-2 1507/-3
vt 0.671542 0.097466
vt 0.671542 0.097466
vt 0.671542 0.097466
f 711/-1 1507/-2 1506/-3
vt 0.671542 0.097466
vt 0.671542 0.097466
vt 0.671542 0.097466
f 725/-1 1505/-2 1504/-3
vt 0.671542 0.097466
vt 0.671542 0.097466
vt 0.671542 0.097466
f 726/-1 1504/-2 1503/-3
vt 0.671542 0.097466
vt 0.671542 0.097466
vt 0.671542 0.097466
f 727/-1 1503/-2 1502/-3
vt 0.671542 0.097466
vt 0.671542 0.097466
vt 0.671542 0.097466
f 728/-1 1502/-2 1501/-3
vt 0.671542 0.097466
vt 0.671542 0.097466
vt 0.671542 0.097466
f 729/-1 1501/-2 1500/-3
vt 0.671542 0.097466
vt 0.671542 0.097466
vt 0.671542 0.097466
f 730/-1 1500/-2 1499/-3
vt 0.671542 0.097466
vt 0.671542 0.097466
vt 0.671542 0.097466
f 731/-1 1499/-2 1498/-3
vt 0.671542 0.097466
vt 0.671542 0.097466
vt 0.671542 0.097466
f 732/-1 1498/-2 1497/-3
vt 0.671542 0.097466
vt 0.671542 0.097466
vt 0.671542 0.097466
f 733/-1 1497/-2 1496/-3
vt 0.671542 0.097466
vt 0.671542 0.097466
vt 0.671542 0.097466
f 734/-1 1496/-2 1495/-3
vt 0.671542 0.097466
vt 0.671542 0.097466
vt 0.671542 0.097466
f 735/-1 1495/-2 1494/-3
vt 0.671542 0.097466
vt 0.671542 0.097466
vt 0.671542 0.097466
f 736/-1 1494/-2 1493/-3
vt 0.671542 0.097466
vt 0.671542 0.097466
vt 0.671542 0.097466
f 737/-1 1493/-2 1492/-3
vt 0.671542 0.097466
vt 0.671542 0.097466
vt 0.671542 0.097466
f 738/-1 1492/-2 1491/-3
vt 0.671542 0.097466
vt 0.671542 0.097466
vt 0.671542 0.097466
f 702/-1 1491/-2 1490/-3
vt 0.671542 0.097466
vt 0.671542 0.097466
vt 0.671542 0.097466
f 703/-1 1490/-2 1489/-3
vt 0.671542 0.097466
vt 0.671542 0.097466
vt 0.671542 0.097466
f 704/-1 1489/-2 1488/-3
vt 0.671542 0.097466
vt 0.671542 0.097466
vt 0.671542 0.097466
f 705/-1 1488/-2 1487/-3
vt 0.896082 0.152141
vt 0.671542 0.097466
vt 0.839947 0.102220
f 1467/-1 1482/-2 724/-3
vt 0.671542 0.097466
vt 0.671542 0.097466
vt 0.561351 0.083202
f 683/-1 721/-2 1459/-3
vt 0.671542 0.097466
vt 0.561351 0.083202
vt 0.671542 0.097466
f 746/-1 683/-2 1460/-3
vt 0.671542 0.097466
vt 0.671542 0.097466
vt 0.671542 0.097466
f 721/-1 720/-2 1458/-3
vt 0.671542 0.097466
vt 0.671542 0.097466
vt 0.671542 0.097466
f 747/-1 746/-2 1472/-3
vt 0.671542 0.097466
vt 0.671542 0.097466
vt 0.671542 0.097466
f 1461/-1 714/-2 713/-3
vt 0.671542 0.097466
vt 0.671542 0.097466
vt 0.671542 0.097466
f 1480/-1 1462/-2 1461/-3
vt 0.671542 0.097466
vt 0.671542 0.097466
vt 0.671542 0.097466
f 1461/-1 713/-2 1479/-3
vt 0.671542 0.097466
vt 0.671542 0.097466
vt 0.671542 0.097466
f 715/-1 714/-2 1478/-3
vt 0.671542 0.097466
vt 0.671542 0.097466
vt 0.671542 0.097466
f 716/-1 715/-2 1477/-3
vt 0.671542 0.097466
vt 0.671542 0.097466
vt 0.671542 0.097466
f 717/-1 716/-2 1476/-3
vt 0.671542 0.097466
vt 0.671542 0.097466
vt 0.671542 0.097466
f 718/-1 717/-2 1475/-3
vt 0.671542 0.097466
vt 0.671542 0.097466
vt 0.671542 0.097466
f 719/-1 718/-2 1474/-3
vt 0.671542 0.097466
vt 0.671542 0.097466
vt 0.671542 0.097466
f 720/-1 719/-2 1473/-3
vt 0.671542 0.097466
vt 0.671542 0.097466
vt 0.671542 0.097466
f 748/-1 747/-2 1471/-3
vt 0.671542 0.097466
vt 0.671542 0.097466
vt 0.671542 0.097466
f 749/-1 748/-2 1470/-3
vt 0.671542 0.097466
vt 0.671542 0.097466
vt 0.671542 0.097466
f 750/-1 749/-2 1469/-3
vt 0.671542 0.097466
vt 0.671542 0.097466
vt 0.671542 0.097466
f 722/-1 750/-2 1468/-3
vt 0.839947 0.102220
vt 0.671542 0.097466
vt 0.671542 0.097466
f 723/-1 722/-2 1467/-3
vt 0.671542 0.097466
vt 0.671542 0.097466
vt 0.671542 0.097466
f 713/-1 712/-2 1479/-3
vt 0.671542 0.097466
vt 0.896082 0.152141
vt 0.671542 0.097466
f 725/-1 724/-2 1505/-3
vt 0.671542 0.097466
vt 0.671542 0.097466
vt 0.671542 0.097466
f 707/-1 706/-2 1486/-3
vt 0.671542 0.097466
vt 0.671542 0.097466
vt 0.671542 0.097466
f 708/-1 707/-2 1510/-3
vt 0.671542 0.097466
vt 0.671542 0.097466
vt 0.671542 0.097466
f 709/-1 708/-2 1509/-3
vt 0.671542 0.097466
vt 0.671542 0.097466
vt 0.671542 0.097466
f 710/-1 709/-2 1508/-3
vt 0.671542 0.097466
vt 0.671542 0.097466
vt 0.671542 0.097466
f 711/-1 710/-2 1507/-3
vt 0.671542 0.097466
vt 0.671542 0.097466
vt 0.671542 0.097466
f 712/-1 711/-2 1506/-3
vt 0.671542 0.097466
vt 0.671542 0.097466
vt 0.671542 0.097466
f 726/-1 725/-2 1504/-3
vt 0.671542 0.097466
vt 0.671542 0.097466
vt 0.671542 0.097466
f 727/-1 726/-2 1503/-3
vt 0.671542 0.097466
vt 0.671542 0.097466
vt 0.671542 0.097466
f 728/-1 727/-2 1502/-3
vt 0.671542 0.097466
vt 0.671542 0.097466
vt 0.671542 0.097466
f 729/-1 728/-2 1501/-3
vt 0.671542 0.097466
vt 0.671542 0.097466
vt 0.671542 0.097466
f 730/-1 729/-2 1500/-3
vt 0.671542 0.097466
vt 0.671542 0.097466
vt 0.671542 0.097466
f 731/-1 730/-2 1499/-3
vt 0.671542 0.097466
vt 0.671542 0.097466
vt 0.671542 0.097466
f 732/-1 731/-2 1498/-3
vt 0.671542 0.097466
vt 0.671542 0.097466
vt 0.671542 0.097466
f 733/-1 732/-2 1497/-3
vt 0.671542 0.097466
vt 0.671542 0.097466
vt 0.671542 0.097466
f 734/-1 733/-2 1496/-3
vt 0.671542 0.097466
vt 0.671542 0.097466
vt 0.671542 0.097466
f 735/-1 734/-2 1495/-3
vt 0.671542 0.097466
vt 0.671542 0.097466
vt 0.671542 0.097466
f 736/-1 735/-2 1494/-3
vt 0.671542 0.097466
vt 0.671542 0.097466
vt 0.671542 0.097466
f 737/-1 736/-2 1493/-3
vt 0.671542 0.097466
vt 0.671542 0.097466
vt 0.671542 0.097466
f 738/-1 737/-2 1492/-3
vt 0.671542 0.097466
vt 0.671542 0.097466
vt 0.671542 0.097466
f 702/-1 738/-2 1491/-3
vt 0.671542 0.097466
vt 0.671542 0.097466
vt 0.671542 0.097466
f 703/-1 702/-2 1490/-3
vt 0.671542 0.097466
vt 0.671542 0.097466
vt 0.671542 0.097466
f 704/-1 703/-2 1489/-3
vt 0.671542 0.097466
vt 0.671542 0.097466
vt 0.671542 0.097466
f 705/-1 704/-2 1488/-3
vt 0.671542 0.097466
vt 0.671542 0.097466
vt 0.671542 0.097466
f 706/-1 705/-2 1487/-3
vt 0.896082 0.152141
vt 0.839947 0.102220
vt 0.923422 0.129311
f 723/-1 1467/-2 724/-3
vt 0.000000 0.000000
vt 0.583219 0.337862
l 1466/-1 1481/-2
vt 0.000000 0.000000
vt 0.592379 0.334789
l 1465/-1 1483/-2
vt 0.601902 0.333752
vt 0.601902 0.333752
l 1484/-1 1464/-2
vt 0.611425 0.334789
vt 0.611425 0.334789
l 1485/-1 1463/-2
vt 0.000000 0.000000
vt 0.583219 0.337862
l 2300/-1 2315/-2
vt 0.000000 0.000000
vt 0.592379 0.334789
l 2299/-1 2317/-2
vt 0.601902 0.333752
vt 0.601902 0.333752
l 2318/-1 2298/-2
vt 0.611425 0.334789
vt 0.611425 0.334789
l 2319/-1 2297/-2
g drzwi
usemtl Material
vt 0.973703 0.989603
vt 0.973512 0.988984
vt 0.973525 0.989743
f 509/-1 520/-2 505/-3
vt 0.973525 0.989743
vt 0.973512 0.988984
vt 0.973267 0.989009
f 519/-1 520/-2 509/-3
vt 0.973463 0.974760
vt 0.973561 0.974558
vt 0.973267 0.974688
f 515/-1 506/-2 516/-3
vt 0.973267 0.974688
vt 0.973561 0.974558
vt 0.973472 0.974401
f 510/-1 506/-2 515/-3
vt 0.973831 0.989983
vt 0.973703 0.989603
vt 0.973525 0.989743
f 509/-1 505/-2 518/-3
vt 0.973934 0.989807
vt 0.973703 0.989603
vt 0.973831 0.989983
f 518/-1 505/-2 517/-3

#	             End of file
